admission_id,patient_id,facility_id,department_id,bed_id,admission_date,discharge_date,admission_type,length_of_stay_days,discharge_status
ADM000005,PAT01476,FAC002,DEP002,BED0228,2025-08-18,2025-08-21,Transfer,3.9,Against Medical Advice
ADM000009,PAT05655,FAC004,DEP002,BED0526,2025-11-06,2025-11-07,Elective,1.7,Transferred
ADM000018,PAT08133,FAC002,DEP006,BED0197,2025-06-17,2025-06-17,Day Care,0.5,Discharged
ADM000023,PAT03707,FAC003,DEP003,BED0384,2025-04-20,2025-04-28,Elective,8.6,Referred
ADM000031,PAT08216,FAC004,DEP005,BED0575,2025-02-07,2025-02-07,Transfer,0.9,Discharged
ADM000035,PAT03108,FAC001,DEP001,BED0071,2025-06-29,2025-07-02,Elective,3.0,Discharged
ADM000039,PAT02056,FAC004,DEP004,BED0579,2025-11-21,2025-11-21,Day Care,0.9,Discharged
ADM000043,PAT08747,FAC005,DEP008,BED0691,2025-05-04,2025-05-06,Elective,2.4,Referred
ADM000048,PAT09069,FAC004,DEP004,BED0552,2025-01-03,2025-01-04,Transfer,1.8,Discharged
ADM000058,PAT06804,FAC002,DEP005,BED0208,2025-08-06,2025-08-13,Elective,7.0,Discharged
ADM000062,PAT04609,FAC005,DEP001,BED0662,2025-10-22,2025-10-22,Elective,0.5,Discharged
ADM000064,PAT06726,FAC001,DEP004,BED0073,2025-03-18,2025-03-25,Emergency,7.1,Discharged
ADM000066,PAT00677,FAC001,DEP002,BED0170,2025-02-14,2025-02-19,Emergency,5.5,Discharged
ADM000071,PAT02202,FAC002,DEP007,BED0196,2025-07-08,2025-07-08,Day Care,0.7,Discharged
ADM000073,PAT03547,FAC005,DEP008,BED0603,2025-12-16,2025-12-19,Transfer,3.1,Discharged
ADM000080,PAT02151,FAC003,DEP007,BED0362,2025-12-25,2025-12-28,Elective,3.6,Discharged
ADM000081,PAT02088,FAC003,DEP001,BED0328,2025-05-31,2025-05-31,Day Care,0.4,Discharged
ADM000082,PAT01804,FAC005,DEP003,BED0624,2025-08-25,2025-09-01,Elective,7.0,Discharged
ADM000088,PAT03609,FAC001,DEP002,BED0028,2025-12-23,2025-12-29,Emergency,6.7,Discharged
ADM000112,PAT08642,FAC003,DEP003,BED0312,2025-12-26,2025-12-26,Day Care,0.9,Discharged
ADM000120,PAT01584,FAC005,DEP003,BED0735,2025-09-03,2025-09-06,Transfer,3.1,Discharged
ADM000123,PAT03315,FAC004,DEP007,BED0470,2025-11-05,2025-11-19,Elective,14.0,Discharged
ADM000124,PAT07151,FAC002,DEP006,BED0235,2025-07-16,2025-07-18,Transfer,2.2,Referred
ADM000126,PAT06649,FAC002,DEP006,BED0228,2025-07-19,2025-07-24,Elective,5.0,Discharged
ADM000128,PAT06249,FAC001,DEP005,BED0150,2025-12-05,2025-12-05,Day Care,0.4,Discharged
ADM000129,PAT00104,FAC005,DEP006,BED0651,2025-11-09,2025-11-10,Elective,1.6,Discharged
ADM000131,PAT06923,FAC003,DEP003,BED0367,2025-09-28,2025-09-28,Elective,0.8,Discharged
ADM000134,PAT07111,FAC002,DEP001,BED0217,2025-11-19,2025-11-19,Day Care,0.9,Discharged
ADM000137,PAT07912,FAC005,DEP003,BED0624,2025-02-26,2025-02-28,Transfer,2.1,Referred
ADM000152,PAT04418,FAC004,DEP002,BED0553,2025-07-08,2025-07-08,Day Care,0.4,Discharged
ADM000154,PAT02702,FAC002,DEP001,BED0197,2025-09-17,2025-09-17,Elective,0.9,Discharged
ADM000158,PAT04171,FAC001,DEP004,BED0059,2025-05-03,2025-05-03,Day Care,0.6,Discharged
ADM000160,PAT04751,FAC002,DEP006,BED0191,2025-10-01,2025-10-04,Elective,3.7,Discharged
ADM000169,PAT08262,FAC003,DEP007,BED0328,2025-01-28,2025-01-28,Elective,0.5,Discharged
ADM000170,PAT07536,FAC003,DEP007,BED0357,2025-10-01,2025-10-06,Emergency,5.5,Discharged
ADM000176,PAT03071,FAC001,DEP002,BED0076,2025-07-17,2025-07-19,Emergency,2.5,Discharged
ADM000177,PAT08181,FAC005,DEP001,BED0746,2025-08-28,2025-08-29,Emergency,1.9,Discharged
ADM000180,PAT09239,FAC004,DEP005,BED0513,2025-10-02,2025-10-13,Transfer,11.5,Discharged
ADM000192,PAT00709,FAC002,DEP002,BED0206,2025-02-25,2025-02-26,Elective,1.5,Discharged
ADM000194,PAT05307,FAC002,DEP007,BED0242,2025-11-11,2025-11-16,Transfer,5.4,Discharged
ADM000208,PAT07370,FAC002,DEP005,BED0240,2025-06-07,2025-06-15,Elective,8.9,Discharged
ADM000211,PAT09591,FAC004,DEP007,BED0471,2025-09-26,2025-09-27,Emergency,1.7,Against Medical Advice
ADM000213,PAT08586,FAC003,DEP003,BED0363,2025-06-06,2025-06-09,Emergency,3.1,Transferred
ADM000215,PAT07088,FAC005,DEP006,BED0730,2025-03-19,2025-03-25,Elective,6.5,Discharged
ADM000217,PAT04790,FAC001,DEP005,BED0166,2025-06-26,2025-06-28,Emergency,2.2,Discharged
ADM000229,PAT06097,FAC005,DEP006,BED0641,2025-01-13,2025-01-15,Emergency,2.0,Discharged
ADM000230,PAT01521,FAC004,DEP007,BED0453,2025-01-14,2025-01-14,Day Care,0.6,Discharged
ADM000232,PAT09071,FAC005,DEP005,BED0641,2025-07-27,2025-08-01,Transfer,5.1,Discharged
ADM000235,PAT06696,FAC003,DEP003,BED0343,2025-10-28,2025-10-29,Elective,1.7,Discharged
ADM000236,PAT09187,FAC002,DEP006,BED0221,2025-12-11,2025-12-12,Emergency,1.7,Discharged
ADM000241,PAT03496,FAC002,DEP006,BED0295,2025-02-12,2025-02-16,Transfer,4.6,Discharged
ADM000242,PAT07111,FAC004,DEP007,BED0533,2025-05-13,2025-05-15,Transfer,2.6,Discharged
ADM000250,PAT05744,FAC001,DEP004,BED0104,2025-06-29,2025-07-01,Elective,2.0,Discharged
ADM000252,PAT02880,FAC001,DEP008,BED0172,2025-09-29,2025-09-30,Elective,1.9,Discharged
ADM000262,PAT09843,FAC005,DEP003,BED0606,2025-02-07,2025-02-21,Emergency,14.1,Discharged
ADM000270,PAT02082,FAC004,DEP007,BED0584,2025-12-01,2025-12-02,Elective,1.8,Discharged
ADM000271,PAT06071,FAC005,DEP008,BED0738,2025-01-18,2025-01-21,Transfer,3.7,Discharged
ADM000272,PAT01329,FAC005,DEP001,BED0691,2025-09-29,2025-10-05,Transfer,6.3,Discharged
ADM000275,PAT00352,FAC003,DEP001,BED0380,2025-07-01,2025-07-03,Elective,2.6,Discharged
ADM000281,PAT09218,FAC001,DEP004,BED0055,2025-08-28,2025-08-30,Elective,2.4,Discharged
ADM000283,PAT04541,FAC003,DEP005,BED0339,2025-05-18,2025-05-20,Elective,2.9,Discharged
ADM000287,PAT03422,FAC002,DEP007,BED0289,2025-10-03,2025-10-06,Emergency,3.5,Referred
ADM000292,PAT08680,FAC002,DEP005,BED0286,2025-02-19,2025-02-19,Day Care,0.5,Transferred
ADM000294,PAT07064,FAC001,DEP008,BED0036,2025-08-16,2025-08-19,Transfer,3.1,Discharged
ADM000304,PAT09202,FAC004,DEP007,BED0509,2025-06-18,2025-06-20,Elective,2.5,Discharged
ADM000310,PAT06344,FAC004,DEP007,BED0510,2025-03-14,2025-03-16,Elective,2.4,Discharged
ADM000312,PAT08938,FAC001,DEP004,BED0138,2025-07-03,2025-07-07,Elective,4.0,Transferred
ADM000315,PAT07309,FAC004,DEP002,BED0488,2025-03-05,2025-03-07,Elective,2.0,Transferred
ADM000318,PAT00750,FAC003,DEP003,BED0395,2025-02-11,2025-02-11,Elective,0.9,Discharged
ADM000320,PAT02055,FAC005,DEP001,BED0719,2025-04-13,2025-04-13,Day Care,0.2,Discharged
ADM000322,PAT02630,FAC005,DEP003,BED0628,2025-08-24,2025-08-24,Day Care,0.5,Discharged
ADM000323,PAT00837,FAC002,DEP001,BED0208,2025-03-20,2025-03-20,Elective,0.6,Discharged
ADM000324,PAT06077,FAC001,DEP004,BED0051,2025-12-02,2025-12-02,Day Care,0.7,Discharged
ADM000325,PAT09567,FAC005,DEP006,BED0671,2025-01-25,2025-01-28,Elective,3.7,Discharged
ADM000336,PAT04833,FAC002,DEP002,BED0304,2025-05-13,2025-05-14,Emergency,1.3,Referred
ADM000342,PAT02460,FAC001,DEP001,BED0039,2025-12-19,2025-12-21,Emergency,2.9,Discharged
ADM000345,PAT01513,FAC001,DEP001,BED0084,2025-12-21,2025-12-24,Transfer,3.2,Discharged
ADM000347,PAT06907,FAC002,DEP001,BED0303,2025-06-24,2025-06-29,Emergency,5.4,Discharged
ADM000351,PAT01191,FAC004,DEP005,BED0580,2025-09-04,2025-09-05,Emergency,1.5,Referred
ADM000361,PAT04890,FAC003,DEP007,BED0349,2025-03-19,2025-03-25,Elective,6.6,Discharged
ADM000374,PAT10000,FAC002,DEP005,BED0249,2025-02-21,2025-02-21,Transfer,0.5,Discharged
ADM000378,PAT03046,FAC003,DEP005,BED0330,2025-06-01,2025-06-03,Emergency,2.3,Discharged
ADM000385,PAT08780,FAC002,DEP006,BED0290,2025-12-14,2025-12-19,Emergency,5.1,Discharged
ADM000390,PAT01721,FAC003,DEP001,BED0350,2025-07-07,2025-07-07,Emergency,0.5,Discharged
ADM000391,PAT07922,FAC005,DEP001,BED0603,2025-02-24,2025-02-24,Elective,0.5,Discharged
ADM000406,PAT01371,FAC005,DEP003,BED0626,2025-06-18,2025-06-18,Day Care,0.9,Discharged
ADM000420,PAT02520,FAC002,DEP007,BED0225,2025-04-02,2025-04-04,Elective,2.9,Discharged
ADM000421,PAT04088,FAC004,DEP004,BED0510,2025-01-12,2025-01-12,Day Care,0.7,Discharged
ADM000424,PAT04986,FAC005,DEP003,BED0656,2025-03-02,2025-03-02,Elective,0.6,Discharged
ADM000426,PAT04979,FAC001,DEP005,BED0122,2025-01-01,2025-01-06,Elective,5.9,Discharged
ADM000432,PAT07742,FAC005,DEP001,BED0648,2025-05-03,2025-05-05,Emergency,2.5,Discharged
ADM000437,PAT06187,FAC003,DEP001,BED0335,2025-04-25,2025-04-29,Elective,4.3,Discharged
ADM000438,PAT07008,FAC005,DEP003,BED0638,2025-03-29,2025-04-02,Elective,4.7,Discharged
ADM000447,PAT06138,FAC004,DEP002,BED0447,2025-03-21,2025-03-27,Transfer,6.9,Discharged
ADM000448,PAT06844,FAC005,DEP006,BED0625,2025-09-05,2025-09-06,Elective,1.4,Discharged
ADM000456,PAT05933,FAC001,DEP005,BED0185,2025-01-26,2025-01-27,Emergency,1.7,Discharged
ADM000457,PAT00933,FAC003,DEP001,BED0334,2025-02-16,2025-03-01,Emergency,13.3,Discharged
ADM000461,PAT02761,FAC004,DEP002,BED0469,2025-02-27,2025-02-27,Elective,0.5,Transferred
ADM000476,PAT05235,FAC001,DEP001,BED0037,2025-12-26,2025-12-28,Emergency,2.3,Discharged
ADM000489,PAT01098,FAC001,DEP002,BED0135,2025-08-15,2025-08-18,Transfer,3.3,Discharged
ADM000493,PAT06073,FAC003,DEP001,BED0360,2025-08-21,2025-08-25,Elective,4.4,Discharged
ADM000500,PAT05872,FAC004,DEP005,BED0506,2025-04-13,2025-04-16,Elective,3.9,Transferred
ADM000505,PAT04915,FAC001,DEP008,BED0044,2025-07-26,2025-08-01,Emergency,6.7,Discharged
ADM000507,PAT04296,FAC004,DEP005,BED0454,2025-06-09,2025-06-09,Transfer,0.5,Discharged
ADM000511,PAT06424,FAC001,DEP008,BED0129,2025-09-12,2025-09-14,Elective,2.0,Discharged
ADM000514,PAT01167,FAC003,DEP007,BED0374,2025-03-03,2025-03-03,Day Care,0.3,Transferred
ADM000519,PAT03903,FAC001,DEP005,BED0122,2025-07-02,2025-07-03,Elective,1.2,Discharged
ADM000521,PAT01509,FAC001,DEP008,BED0033,2025-08-15,2025-08-16,Emergency,1.0,Discharged
ADM000528,PAT02334,FAC002,DEP005,BED0214,2025-08-06,2025-08-08,Elective,2.9,Discharged
ADM000531,PAT03703,FAC001,DEP005,BED0016,2025-04-27,2025-04-27,Day Care,0.7,Discharged
ADM000539,PAT09286,FAC003,DEP005,BED0370,2025-05-30,2025-05-31,Elective,1.8,Discharged
ADM000556,PAT08986,FAC002,DEP005,BED0226,2025-03-01,2025-03-07,Elective,6.4,Discharged
ADM000558,PAT05614,FAC004,DEP006,BED0458,2025-04-24,2025-04-27,Emergency,3.2,Transferred
ADM000563,PAT08607,FAC002,DEP007,BED0211,2025-03-08,2025-03-10,Emergency,2.3,Discharged
ADM000565,PAT08291,FAC003,DEP003,BED0342,2025-10-19,2025-10-19,Day Care,0.6,Referred
ADM000568,PAT09510,FAC003,DEP003,BED0421,2025-09-02,2025-09-02,Elective,0.7,Discharged
ADM000569,PAT08300,FAC004,DEP005,BED0557,2025-10-23,2025-10-23,Day Care,0.4,Discharged
ADM000582,PAT08241,FAC001,DEP001,BED0128,2025-12-19,2025-12-22,Elective,3.9,Discharged
ADM000596,PAT02035,FAC004,DEP002,BED0500,2025-02-28,2025-03-02,Emergency,2.9,Discharged
ADM000598,PAT00764,FAC001,DEP002,BED0114,2025-11-10,2025-11-10,Day Care,0.3,Transferred
ADM000599,PAT01011,FAC005,DEP006,BED0603,2025-05-24,2025-05-27,Emergency,3.5,Discharged
ADM000604,PAT03066,FAC005,DEP006,BED0641,2025-02-08,2025-02-12,Elective,4.4,Discharged
ADM000605,PAT00591,FAC002,DEP005,BED0208,2025-04-07,2025-04-07,Day Care,0.5,Discharged
ADM000609,PAT09482,FAC004,DEP004,BED0484,2025-09-12,2025-09-15,Emergency,3.3,Discharged
ADM000613,PAT03647,FAC004,DEP002,BED0577,2025-04-16,2025-04-19,Transfer,3.5,Against Medical Advice
ADM000616,PAT08370,FAC003,DEP008,BED0376,2025-12-07,2025-12-09,Elective,2.1,Discharged
ADM000620,PAT02880,FAC003,DEP007,BED0427,2025-09-23,2025-09-26,Emergency,3.6,Discharged
ADM000626,PAT01745,FAC002,DEP007,BED0207,2025-07-03,2025-07-04,Emergency,1.1,Discharged
ADM000631,PAT01494,FAC005,DEP007,BED0621,2025-06-26,2025-07-07,Elective,11.2,Discharged
ADM000633,PAT02486,FAC003,DEP007,BED0340,2025-07-12,2025-07-12,Day Care,0.6,Discharged
ADM000637,PAT01499,FAC001,DEP001,BED0062,2025-02-16,2025-02-20,Emergency,4.1,Discharged
ADM000641,PAT09319,FAC005,DEP006,BED0705,2025-09-11,2025-09-15,Elective,4.8,Discharged
ADM000649,PAT01316,FAC001,DEP002,BED0022,2025-10-26,2025-10-26,Elective,0.5,Discharged
ADM000660,PAT02406,FAC003,DEP001,BED0353,2025-04-06,2025-04-07,Transfer,1.8,Discharged
ADM000670,PAT00477,FAC003,DEP001,BED0326,2025-04-07,2025-04-08,Elective,1.9,Discharged
ADM000672,PAT03548,FAC001,DEP005,BED0126,2025-03-20,2025-03-24,Elective,4.4,Discharged
ADM000673,PAT09390,FAC004,DEP007,BED0460,2025-06-01,2025-06-01,Day Care,0.3,Discharged
ADM000677,PAT00069,FAC004,DEP002,BED0494,2025-06-22,2025-06-23,Elective,1.2,Discharged
ADM000679,PAT03121,FAC002,DEP007,BED0244,2025-02-25,2025-03-02,Elective,5.1,Discharged
ADM000681,PAT05793,FAC005,DEP008,BED0711,2025-01-10,2025-01-12,Elective,2.7,Discharged
ADM000683,PAT06282,FAC001,DEP002,BED0013,2025-02-01,2025-02-08,Emergency,7.9,Discharged
ADM000684,PAT02320,FAC001,DEP004,BED0018,2025-10-15,2025-10-17,Emergency,2.0,Discharged
ADM000693,PAT04046,FAC003,DEP001,BED0417,2025-11-06,2025-11-07,Elective,1.5,Referred
ADM000701,PAT04194,FAC003,DEP005,BED0328,2025-01-23,2025-01-25,Emergency,2.0,Discharged
ADM000703,PAT07248,FAC001,DEP004,BED0118,2025-02-02,2025-02-02,Day Care,0.3,Discharged
ADM000704,PAT00994,FAC003,DEP003,BED0355,2025-05-07,2025-05-09,Elective,2.9,Discharged
ADM000715,PAT05153,FAC002,DEP005,BED0223,2025-12-02,2025-12-08,Elective,6.0,Discharged
ADM000717,PAT02817,FAC003,DEP007,BED0338,2025-11-20,2025-11-20,Day Care,0.7,Transferred
ADM000719,PAT00020,FAC002,DEP005,BED0259,2025-10-07,2025-10-08,Elective,1.9,Discharged
ADM000726,PAT06135,FAC001,DEP001,BED0046,2025-08-15,2025-08-18,Emergency,3.2,Discharged
ADM000727,PAT07306,FAC002,DEP007,BED0217,2025-08-13,2025-08-17,Emergency,4.0,Discharged
ADM000728,PAT09616,FAC003,DEP005,BED0405,2025-07-04,2025-07-09,Elective,5.9,Transferred
ADM000735,PAT02678,FAC002,DEP002,BED0208,2025-01-03,2025-01-03,Emergency,0.9,Discharged
ADM000739,PAT08123,FAC001,DEP003,BED0043,2025-02-17,2025-02-18,Emergency,1.5,Discharged
ADM000745,PAT00305,FAC001,DEP002,BED0015,2025-06-11,2025-06-16,Emergency,5.6,Discharged
ADM000747,PAT07170,FAC003,DEP005,BED0305,2025-04-25,2025-04-27,Elective,2.5,Discharged
ADM000752,PAT03659,FAC004,DEP006,BED0581,2025-03-15,2025-03-17,Elective,2.6,Discharged
ADM000768,PAT09187,FAC001,DEP005,BED0158,2025-07-27,2025-07-30,Elective,3.4,Discharged
ADM000772,PAT07291,FAC004,DEP004,BED0524,2025-12-07,2025-12-12,Elective,5.5,Discharged
ADM000780,PAT02184,FAC001,DEP005,BED0106,2025-09-13,2025-09-15,Elective,2.2,Discharged
ADM000783,PAT00477,FAC002,DEP007,BED0271,2025-01-02,2025-01-04,Elective,2.3,Discharged
ADM000787,PAT07641,FAC004,DEP007,BED0567,2025-01-14,2025-01-15,Day Care,1.0,Discharged
ADM000790,PAT05744,FAC001,DEP002,BED0179,2025-01-10,2025-01-12,Emergency,2.9,Discharged
ADM000794,PAT09114,FAC004,DEP007,BED0584,2025-05-04,2025-05-04,Day Care,0.5,Discharged
ADM000796,PAT09797,FAC005,DEP005,BED0649,2025-12-10,2025-12-13,Emergency,3.2,Discharged
ADM000804,PAT08162,FAC001,DEP002,BED0081,2025-02-08,2025-02-13,Emergency,5.2,Discharged
ADM000806,PAT03796,FAC004,DEP005,BED0463,2025-04-13,2025-04-15,Emergency,2.8,Discharged
ADM000808,PAT07075,FAC002,DEP001,BED0256,2025-01-15,2025-01-15,Day Care,0.8,Discharged
ADM000809,PAT07146,FAC002,DEP005,BED0228,2025-05-04,2025-05-05,Elective,1.8,Discharged
ADM000814,PAT09750,FAC004,DEP002,BED0587,2025-01-22,2025-01-23,Emergency,1.4,Discharged
ADM000818,PAT05310,FAC005,DEP005,BED0602,2025-03-17,2025-03-18,Elective,1.1,Discharged
ADM000830,PAT05577,FAC001,DEP008,BED0037,2025-10-16,2025-10-16,Day Care,0.5,Transferred
ADM000831,PAT00089,FAC004,DEP006,BED0481,2025-08-17,2025-08-20,Emergency,3.2,Discharged
ADM000834,PAT04129,FAC001,DEP004,BED0028,2025-12-26,2025-12-26,Transfer,0.5,Transferred
ADM000841,PAT02413,FAC002,DEP005,BED0259,2025-11-01,2025-11-02,Elective,1.2,Discharged
ADM000844,PAT02549,FAC004,DEP001,BED0586,2025-07-26,2025-08-09,Emergency,14.8,Referred
ADM000847,PAT02920,FAC005,DEP003,BED0629,2025-03-19,2025-03-19,Elective,0.8,Discharged
ADM000850,PAT00215,FAC002,DEP001,BED0272,2025-10-21,2025-10-23,Transfer,2.3,Referred
ADM000854,PAT05684,FAC005,DEP006,BED0715,2025-12-03,2025-12-03,Transfer,0.5,Discharged
ADM000869,PAT09530,FAC001,DEP003,BED0071,2025-10-24,2025-10-25,Emergency,1.7,Discharged
ADM000876,PAT03502,FAC001,DEP005,BED0037,2025-09-06,2025-09-09,Emergency,3.9,Discharged
ADM000877,PAT04338,FAC001,DEP008,BED0190,2025-04-06,2025-04-12,Emergency,6.9,Discharged
ADM000884,PAT03211,FAC002,DEP007,BED0225,2025-08-29,2025-09-01,Elective,3.4,Discharged
ADM000885,PAT06502,FAC005,DEP003,BED0699,2025-09-23,2025-09-26,Transfer,3.6,Discharged
ADM000891,PAT04076,FAC003,DEP008,BED0392,2025-12-07,2025-12-07,Day Care,0.6,Discharged
ADM000897,PAT03670,FAC003,DEP008,BED0323,2025-04-13,2025-04-15,Transfer,2.4,Discharged
ADM000898,PAT09122,FAC003,DEP003,BED0325,2025-03-08,2025-03-11,Emergency,3.1,Discharged
ADM000899,PAT02127,FAC004,DEP005,BED0438,2025-05-24,2025-05-26,Elective,2.4,Referred
ADM000905,PAT03323,FAC002,DEP002,BED0192,2025-11-16,2025-11-17,Elective,1.2,Discharged
ADM000919,PAT04748,FAC003,DEP005,BED0384,2025-05-03,2025-05-03,Transfer,0.5,Discharged
ADM000924,PAT01040,FAC004,DEP002,BED0577,2025-06-14,2025-06-14,Day Care,0.3,Transferred
ADM000928,PAT06537,FAC003,DEP003,BED0309,2025-04-20,2025-04-20,Day Care,0.6,Discharged
ADM000929,PAT01769,FAC004,DEP007,BED0583,2025-01-02,2025-01-17,Emergency,15.8,Discharged
ADM000931,PAT07291,FAC004,DEP005,BED0443,2025-06-27,2025-06-30,Transfer,3.3,Discharged
ADM000932,PAT01489,FAC004,DEP007,BED0470,2025-09-20,2025-09-21,Elective,1.2,Discharged
ADM000936,PAT02792,FAC003,DEP005,BED0393,2025-01-08,2025-01-08,Day Care,0.9,Discharged
ADM000937,PAT09862,FAC004,DEP001,BED0516,2025-01-04,2025-01-04,Day Care,0.3,Discharged
ADM000942,PAT09973,FAC005,DEP005,BED0645,2025-10-17,2025-10-17,Emergency,0.8,Discharged
ADM000946,PAT07938,FAC001,DEP001,BED0158,2025-07-21,2025-07-23,Elective,2.8,Discharged
ADM000960,PAT04985,FAC005,DEP008,BED0698,2025-12-12,2025-12-13,Elective,1.9,Discharged
ADM000961,PAT04721,FAC001,DEP004,BED0157,2025-01-13,2025-01-14,Transfer,1.2,Discharged
ADM000964,PAT00448,FAC002,DEP002,BED0273,2025-06-23,2025-06-24,Elective,1.9,Discharged
ADM000965,PAT06078,FAC002,DEP001,BED0248,2025-07-13,2025-07-13,Day Care,0.7,Discharged
ADM000968,PAT00745,FAC002,DEP007,BED0198,2025-08-13,2025-08-17,Emergency,4.8,Discharged
ADM000971,PAT07338,FAC001,DEP004,BED0118,2025-05-19,2025-05-20,Elective,1.4,Discharged
ADM000976,PAT04790,FAC004,DEP001,BED0480,2025-09-02,2025-09-03,Elective,1.8,Discharged
ADM000980,PAT09442,FAC003,DEP001,BED0360,2025-08-28,2025-08-28,Day Care,0.9,Discharged
ADM001001,PAT08243,FAC001,DEP003,BED0073,2025-09-23,2025-09-25,Emergency,2.6,Discharged
ADM001005,PAT04982,FAC004,DEP006,BED0592,2025-04-12,2025-04-17,Emergency,5.9,Transferred
ADM001006,PAT09361,FAC001,DEP005,BED0116,2025-04-09,2025-04-10,Elective,1.6,Discharged
ADM001007,PAT05795,FAC001,DEP003,BED0056,2025-02-07,2025-02-09,Emergency,2.2,Against Medical Advice
ADM001016,PAT04979,FAC005,DEP008,BED0734,2025-12-09,2025-12-10,Elective,1.5,Discharged
ADM001025,PAT05909,FAC001,DEP004,BED0172,2025-03-21,2025-03-23,Elective,2.7,Discharged
ADM001031,PAT04046,FAC002,DEP001,BED0280,2025-08-18,2025-08-29,Elective,11.0,Discharged
ADM001037,PAT06825,FAC003,DEP003,BED0316,2025-05-08,2025-05-10,Emergency,2.8,Discharged
ADM001038,PAT07325,FAC003,DEP003,BED0316,2025-06-19,2025-06-25,Emergency,6.7,Discharged
ADM001042,PAT09433,FAC005,DEP001,BED0624,2025-05-19,2025-05-21,Emergency,2.4,Referred
ADM001072,PAT03685,FAC001,DEP005,BED0122,2025-03-29,2025-04-02,Elective,4.4,Discharged
ADM001073,PAT05386,FAC004,DEP005,BED0507,2025-03-28,2025-03-30,Elective,2.1,Discharged
ADM001074,PAT07272,FAC004,DEP006,BED0455,2025-01-15,2025-01-18,Elective,3.1,Discharged
ADM001077,PAT00304,FAC005,DEP006,BED0695,2025-06-28,2025-07-01,Elective,3.6,Discharged
ADM001087,PAT06922,FAC005,DEP006,BED0635,2025-04-02,2025-04-03,Elective,1.0,Discharged
ADM001093,PAT00300,FAC002,DEP002,BED0289,2025-07-19,2025-07-21,Elective,2.8,Discharged
ADM001094,PAT01415,FAC001,DEP008,BED0039,2025-01-15,2025-01-19,Transfer,4.9,Discharged
ADM001098,PAT04128,FAC001,DEP005,BED0028,2025-07-12,2025-07-16,Emergency,4.2,Discharged
ADM001100,PAT02272,FAC001,DEP008,BED0046,2025-12-13,2025-12-19,Elective,6.7,Discharged
ADM001105,PAT04418,FAC002,DEP007,BED0295,2025-09-22,2025-09-24,Emergency,2.6,Discharged
ADM001107,PAT03456,FAC001,DEP003,BED0190,2025-07-16,2025-07-18,Emergency,2.5,Discharged
ADM001121,PAT02309,FAC005,DEP001,BED0697,2025-04-02,2025-04-02,Day Care,0.8,Discharged
ADM001122,PAT01143,FAC004,DEP001,BED0458,2025-05-16,2025-05-19,Elective,3.0,Discharged
ADM001127,PAT05362,FAC004,DEP001,BED0487,2025-05-16,2025-05-16,Day Care,0.2,Discharged
ADM001131,PAT06006,FAC002,DEP007,BED0206,2025-08-06,2025-08-07,Emergency,1.8,Discharged
ADM001134,PAT03039,FAC002,DEP002,BED0290,2025-07-05,2025-07-18,Elective,13.9,Discharged
ADM001137,PAT03257,FAC001,DEP002,BED0149,2025-06-17,2025-06-17,Day Care,0.3,Discharged
ADM001148,PAT04329,FAC005,DEP001,BED0706,2025-03-07,2025-03-11,Transfer,4.3,Discharged
ADM001157,PAT05422,FAC004,DEP007,BED0455,2025-01-06,2025-01-06,Day Care,0.8,Against Medical Advice
ADM001159,PAT02217,FAC001,DEP003,BED0010,2025-07-11,2025-07-11,Day Care,0.6,Discharged
ADM001161,PAT07052,FAC005,DEP007,BED0670,2025-02-27,2025-03-05,Transfer,6.6,Discharged
ADM001163,PAT00358,FAC003,DEP007,BED0322,2025-08-01,2025-08-02,Emergency,1.7,Discharged
ADM001165,PAT01714,FAC002,DEP007,BED0238,2025-10-09,2025-10-09,Day Care,0.6,Discharged
ADM001169,PAT02440,FAC004,DEP004,BED0487,2025-09-19,2025-09-19,Elective,0.9,Discharged
ADM001176,PAT06073,FAC005,DEP007,BED0721,2025-02-18,2025-02-18,Day Care,0.8,Against Medical Advice
ADM001177,PAT00124,FAC003,DEP001,BED0424,2025-10-10,2025-10-11,Emergency,1.6,Transferred
ADM001178,PAT07342,FAC003,DEP008,BED0422,2025-02-02,2025-02-20,Emergency,18.0,Discharged
ADM001192,PAT00829,FAC001,DEP004,BED0048,2025-10-15,2025-10-20,Elective,5.8,Discharged
ADM001201,PAT02020,FAC001,DEP003,BED0146,2025-11-09,2025-11-10,Day Care,1.0,Discharged
ADM001204,PAT01521,FAC001,DEP004,BED0036,2025-06-24,2025-06-24,Day Care,0.4,Discharged
ADM001214,PAT05943,FAC003,DEP007,BED0379,2025-05-24,2025-05-24,Day Care,0.8,Discharged
ADM001215,PAT08604,FAC001,DEP001,BED0044,2025-05-16,2025-05-16,Day Care,0.5,Discharged
ADM001222,PAT03609,FAC004,DEP005,BED0558,2025-06-16,2025-06-17,Day Care,1.0,Discharged
ADM001226,PAT05923,FAC001,DEP002,BED0136,2025-08-13,2025-08-15,Elective,2.1,Discharged
ADM001228,PAT00151,FAC004,DEP002,BED0492,2025-10-05,2025-10-08,Elective,3.0,Discharged
ADM001238,PAT09433,FAC002,DEP006,BED0195,2025-10-04,2025-10-07,Transfer,3.5,Discharged
ADM001245,PAT01191,FAC003,DEP001,BED0360,2025-10-21,2025-10-21,Elective,0.5,Discharged
ADM001254,PAT01721,FAC004,DEP006,BED0586,2025-05-01,2025-05-01,Day Care,0.2,Discharged
ADM001258,PAT06988,FAC005,DEP006,BED0646,2025-03-27,2025-04-01,Elective,5.4,Discharged
ADM001259,PAT06649,FAC005,DEP003,BED0641,2025-12-22,2025-12-22,Day Care,0.8,Discharged
ADM001261,PAT05943,FAC002,DEP005,BED0270,2025-12-04,2025-12-05,Transfer,1.4,Discharged
ADM001262,PAT08601,FAC002,DEP006,BED0282,2025-02-05,2025-02-08,Elective,3.7,Discharged
ADM001265,PAT02096,FAC004,DEP004,BED0567,2025-07-01,2025-07-01,Day Care,0.3,Discharged
ADM001269,PAT07959,FAC005,DEP005,BED0738,2025-04-24,2025-04-24,Day Care,0.7,Discharged
ADM001274,PAT05362,FAC004,DEP005,BED0516,2025-12-22,2025-12-23,Elective,1.2,Discharged
ADM001276,PAT08803,FAC005,DEP006,BED0632,2025-04-23,2025-04-29,Emergency,6.7,Discharged
ADM001280,PAT04123,FAC005,DEP007,BED0647,2025-01-15,2025-01-15,Elective,0.5,Discharged
ADM001299,PAT08407,FAC004,DEP007,BED0473,2025-10-30,2025-11-06,Emergency,7.4,Discharged
ADM001305,PAT09954,FAC004,DEP006,BED0583,2025-12-19,2025-12-19,Emergency,0.7,Discharged
ADM001306,PAT05872,FAC001,DEP001,BED0177,2025-08-22,2025-08-23,Emergency,1.6,Transferred
ADM001318,PAT04270,FAC002,DEP007,BED0274,2025-04-30,2025-04-30,Day Care,0.3,Discharged
ADM001323,PAT08100,FAC001,DEP003,BED0044,2025-09-25,2025-10-02,Elective,7.0,Discharged
ADM001330,PAT08381,FAC004,DEP004,BED0455,2025-11-20,2025-11-23,Elective,3.5,Discharged
ADM001332,PAT06182,FAC003,DEP008,BED0409,2025-03-11,2025-03-12,Day Care,1.0,Discharged
ADM001334,PAT00331,FAC002,DEP007,BED0224,2025-07-05,2025-07-09,Elective,4.4,Discharged
ADM001343,PAT08030,FAC004,DEP004,BED0541,2025-10-02,2025-10-06,Elective,4.5,Discharged
ADM001344,PAT06714,FAC001,DEP002,BED0005,2025-11-23,2025-11-28,Emergency,5.1,Transferred
ADM001356,PAT03756,FAC005,DEP006,BED0644,2025-02-10,2025-02-10,Transfer,0.6,Discharged
ADM001390,PAT03992,FAC005,DEP008,BED0665,2025-11-13,2025-11-13,Day Care,0.8,Discharged
ADM001392,PAT02681,FAC002,DEP001,BED0253,2025-08-13,2025-08-17,Elective,4.0,Discharged
ADM001395,PAT05693,FAC005,DEP008,BED0678,2025-08-18,2025-08-21,Elective,3.6,Discharged
ADM001406,PAT06352,FAC001,DEP002,BED0114,2025-06-02,2025-06-07,Elective,5.1,Discharged
ADM001415,PAT04352,FAC003,DEP001,BED0369,2025-03-24,2025-03-24,Elective,0.9,Discharged
ADM001420,PAT04833,FAC003,DEP007,BED0422,2025-06-05,2025-06-09,Emergency,4.5,Discharged
ADM001428,PAT02418,FAC004,DEP006,BED0515,2025-01-28,2025-01-31,Elective,3.3,Discharged
ADM001430,PAT02445,FAC004,DEP005,BED0519,2025-08-22,2025-08-22,Day Care,0.4,Discharged
ADM001432,PAT05684,FAC005,DEP005,BED0681,2025-10-24,2025-10-25,Transfer,1.6,Referred
ADM001433,PAT05550,FAC001,DEP004,BED0050,2025-07-28,2025-07-29,Elective,1.2,Discharged
ADM001434,PAT01176,FAC001,DEP002,BED0078,2025-01-29,2025-01-30,Day Care,1.0,Discharged
ADM001446,PAT06152,FAC005,DEP005,BED0739,2025-11-21,2025-11-24,Elective,3.2,Discharged
ADM001454,PAT06476,FAC004,DEP006,BED0536,2025-08-18,2025-08-20,Elective,2.5,Transferred
ADM001455,PAT05441,FAC004,DEP004,BED0502,2025-03-22,2025-03-24,Elective,2.3,Discharged
ADM001461,PAT00812,FAC001,DEP003,BED0031,2025-02-17,2025-02-23,Emergency,6.6,Discharged
ADM001464,PAT07413,FAC004,DEP004,BED0555,2025-12-01,2025-12-01,Day Care,0.4,Discharged
ADM001470,PAT09675,FAC002,DEP007,BED0287,2025-10-27,2025-10-27,Day Care,0.4,Referred
ADM001486,PAT09591,FAC005,DEP006,BED0601,2025-02-18,2025-02-19,Elective,1.0,Discharged
ADM001496,PAT01374,FAC004,DEP002,BED0587,2025-09-15,2025-09-16,Emergency,1.2,Discharged
ADM001497,PAT00462,FAC005,DEP005,BED0601,2025-10-18,2025-10-18,Day Care,0.8,Discharged
ADM001504,PAT02583,FAC004,DEP006,BED0506,2025-11-18,2025-11-19,Elective,1.8,Discharged
ADM001510,PAT09346,FAC003,DEP001,BED0357,2025-04-28,2025-04-28,Day Care,0.2,Discharged
ADM001519,PAT02817,FAC005,DEP003,BED0731,2025-10-28,2025-10-31,Emergency,3.0,Transferred
ADM001521,PAT00096,FAC004,DEP005,BED0590,2025-05-02,2025-05-09,Emergency,7.4,Discharged
ADM001529,PAT04748,FAC004,DEP002,BED0538,2025-02-16,2025-02-18,Elective,2.7,Discharged
ADM001530,PAT09839,FAC005,DEP006,BED0640,2025-12-09,2025-12-10,Emergency,1.6,Discharged
ADM001541,PAT00048,FAC002,DEP005,BED0229,2025-09-04,2025-09-06,Elective,2.6,Discharged
ADM001545,PAT05218,FAC004,DEP007,BED0569,2025-08-15,2025-08-19,Elective,4.7,Discharged
ADM001546,PAT07827,FAC001,DEP004,BED0162,2025-01-02,2025-01-03,Day Care,1.0,Discharged
ADM001549,PAT07624,FAC005,DEP008,BED0603,2025-01-18,2025-01-18,Day Care,0.2,Discharged
ADM001551,PAT03121,FAC004,DEP002,BED0438,2025-08-12,2025-08-19,Emergency,7.5,Discharged
ADM001561,PAT09293,FAC001,DEP008,BED0067,2025-03-20,2025-03-23,Emergency,3.6,Discharged
ADM001563,PAT04709,FAC003,DEP008,BED0392,2025-09-16,2025-09-16,Day Care,0.4,Discharged
ADM001568,PAT02792,FAC005,DEP005,BED0703,2025-06-30,2025-07-03,Elective,3.1,Discharged
ADM001575,PAT08723,FAC005,DEP008,BED0632,2025-01-03,2025-01-04,Elective,1.6,Discharged
ADM001582,PAT03284,FAC001,DEP001,BED0138,2025-02-08,2025-02-09,Transfer,1.2,Discharged
ADM001584,PAT06730,FAC001,DEP001,BED0002,2025-07-22,2025-07-24,Elective,2.7,Discharged
ADM001587,PAT05050,FAC004,DEP006,BED0446,2025-03-18,2025-03-18,Day Care,0.9,Discharged
ADM001588,PAT09361,FAC003,DEP001,BED0312,2025-12-21,2025-12-26,Elective,5.6,Discharged
ADM001590,PAT08014,FAC003,DEP008,BED0353,2025-08-23,2025-08-24,Transfer,1.9,Referred
ADM001591,PAT05707,FAC004,DEP004,BED0485,2025-11-07,2025-11-07,Day Care,0.2,Discharged
ADM001596,PAT05013,FAC005,DEP005,BED0607,2025-06-06,2025-06-07,Emergency,1.0,Discharged
ADM001600,PAT00374,FAC005,DEP005,BED0718,2025-08-09,2025-08-10,Elective,1.4,Discharged
ADM001604,PAT05387,FAC001,DEP005,BED0053,2025-12-09,2025-12-16,Emergency,7.8,Against Medical Advice
ADM001607,PAT02183,FAC001,DEP004,BED0050,2025-04-18,2025-04-19,Emergency,1.7,Transferred
ADM001618,PAT07151,FAC004,DEP004,BED0493,2025-11-13,2025-11-17,Emergency,4.6,Discharged
ADM001622,PAT03777,FAC001,DEP008,BED0149,2025-04-29,2025-04-30,Elective,1.0,Discharged
ADM001624,PAT03679,FAC002,DEP001,BED0202,2025-01-28,2025-01-31,Transfer,3.0,Discharged
ADM001629,PAT03602,FAC004,DEP001,BED0455,2025-01-15,2025-01-18,Emergency,3.1,Discharged
ADM001634,PAT06696,FAC001,DEP005,BED0099,2025-04-16,2025-04-16,Day Care,0.7,Discharged
ADM001637,PAT00430,FAC002,DEP001,BED0256,2025-05-23,2025-05-28,Elective,5.0,Transferred
ADM001638,PAT09750,FAC005,DEP006,BED0635,2025-12-15,2025-12-15,Day Care,0.8,Discharged
ADM001639,PAT01451,FAC002,DEP001,BED0201,2025-01-01,2025-01-04,Elective,3.0,Discharged
ADM001642,PAT00474,FAC005,DEP005,BED0661,2025-12-04,2025-12-07,Elective,3.6,Discharged
ADM001649,PAT04085,FAC004,DEP002,BED0491,2025-04-26,2025-04-30,Elective,4.6,Discharged
ADM001656,PAT00009,FAC003,DEP003,BED0309,2025-08-31,2025-09-02,Emergency,2.1,Transferred
ADM001671,PAT08831,FAC004,DEP006,BED0535,2025-08-21,2025-08-22,Elective,1.4,Discharged
ADM001690,PAT04949,FAC005,DEP001,BED0703,2025-07-22,2025-07-29,Elective,7.0,Discharged
ADM001697,PAT08385,FAC001,DEP008,BED0033,2025-03-01,2025-03-04,Emergency,3.4,Discharged
ADM001701,PAT01108,FAC005,DEP006,BED0693,2025-02-28,2025-02-28,Elective,0.8,Discharged
ADM001706,PAT07086,FAC001,DEP008,BED0066,2025-11-14,2025-11-21,Transfer,7.5,Transferred
ADM001714,PAT04515,FAC005,DEP006,BED0626,2025-07-31,2025-08-02,Elective,2.3,Transferred
ADM001718,PAT08731,FAC001,DEP008,BED0030,2025-06-29,2025-06-30,Transfer,1.7,Discharged
ADM001720,PAT07349,FAC001,DEP002,BED0021,2025-09-21,2025-09-23,Emergency,2.0,Discharged
ADM001722,PAT04345,FAC005,DEP006,BED0666,2025-01-06,2025-01-06,Day Care,0.5,Discharged
ADM001724,PAT09973,FAC001,DEP008,BED0017,2025-07-25,2025-07-29,Emergency,4.7,Discharged
ADM001725,PAT05156,FAC005,DEP001,BED0748,2025-08-22,2025-08-26,Emergency,4.5,Discharged
ADM001727,PAT01311,FAC005,DEP001,BED0608,2025-08-30,2025-08-31,Elective,1.6,Discharged
ADM001729,PAT06148,FAC005,DEP007,BED0617,2025-01-21,2025-01-21,Day Care,0.4,Discharged
ADM001731,PAT00638,FAC002,DEP005,BED0285,2025-05-03,2025-05-03,Day Care,0.4,Discharged
ADM001746,PAT04035,FAC003,DEP005,BED0410,2025-11-01,2025-11-03,Elective,2.4,Transferred
ADM001752,PAT08830,FAC002,DEP002,BED0295,2025-10-23,2025-10-23,Elective,0.9,Discharged
ADM001757,PAT02003,FAC005,DEP008,BED0663,2025-03-19,2025-03-20,Transfer,1.5,Referred
ADM001765,PAT00765,FAC002,DEP006,BED0223,2025-05-21,2025-05-24,Emergency,3.8,Discharged
ADM001766,PAT09965,FAC003,DEP008,BED0309,2025-08-31,2025-09-04,Emergency,4.1,Transferred
ADM001782,PAT02056,FAC003,DEP001,BED0400,2025-08-06,2025-08-06,Day Care,0.7,Discharged
ADM001783,PAT04345,FAC001,DEP005,BED0094,2025-03-23,2025-03-23,Day Care,0.7,Discharged
ADM001796,PAT02406,FAC003,DEP005,BED0348,2025-11-09,2025-11-10,Elective,1.0,Discharged
ADM001807,PAT04862,FAC003,DEP003,BED0334,2025-11-25,2025-11-29,Elective,4.1,Against Medical Advice
ADM001818,PAT08684,FAC004,DEP004,BED0475,2025-10-01,2025-10-12,Emergency,11.1,Discharged
ADM001826,PAT06313,FAC001,DEP005,BED0023,2025-08-30,2025-09-04,Transfer,5.5,Discharged
ADM001827,PAT04124,FAC002,DEP002,BED0225,2025-03-01,2025-03-02,Elective,1.1,Transferred
ADM001828,PAT02056,FAC003,DEP001,BED0392,2025-10-17,2025-10-17,Day Care,0.6,Discharged
ADM001830,PAT08789,FAC004,DEP007,BED0532,2025-03-10,2025-03-12,Elective,2.1,Against Medical Advice
ADM001831,PAT00796,FAC004,DEP007,BED0498,2025-03-09,2025-03-11,Elective,2.2,Against Medical Advice
ADM001843,PAT09114,FAC004,DEP004,BED0477,2025-10-10,2025-10-11,Elective,1.9,Discharged
ADM001845,PAT05423,FAC005,DEP008,BED0735,2025-10-03,2025-10-09,Emergency,6.1,Discharged
ADM001846,PAT03275,FAC001,DEP003,BED0073,2025-05-15,2025-05-16,Emergency,1.5,Discharged
ADM001862,PAT05024,FAC003,DEP008,BED0330,2025-11-10,2025-11-12,Elective,2.0,Discharged
ADM001869,PAT09903,FAC004,DEP005,BED0569,2025-12-30,2025-12-31,Elective,1.8,Discharged
ADM001873,PAT01374,FAC002,DEP007,BED0228,2025-10-24,2025-10-24,Day Care,0.9,Discharged
ADM001874,PAT07999,FAC005,DEP003,BED0639,2025-07-07,2025-07-08,Elective,1.9,Discharged
ADM001876,PAT00705,FAC002,DEP002,BED0262,2025-04-28,2025-04-28,Day Care,0.6,Discharged
ADM001883,PAT08671,FAC005,DEP007,BED0605,2025-06-04,2025-06-14,Transfer,10.5,Discharged
ADM001889,PAT02797,FAC003,DEP001,BED0358,2025-08-07,2025-08-08,Emergency,1.4,Discharged
ADM001895,PAT04897,FAC005,DEP003,BED0708,2025-12-24,2025-12-24,Elective,0.9,Discharged
ADM001898,PAT04266,FAC002,DEP005,BED0199,2025-01-11,2025-01-11,Day Care,0.7,Referred
ADM001901,PAT08758,FAC001,DEP002,BED0016,2025-02-21,2025-02-23,Elective,2.6,Discharged
ADM001903,PAT00829,FAC005,DEP001,BED0613,2025-02-01,2025-02-04,Elective,3.1,Discharged
ADM001918,PAT00425,FAC003,DEP005,BED0413,2025-06-02,2025-06-06,Elective,4.0,Discharged
ADM001919,PAT03782,FAC003,DEP003,BED0384,2025-02-19,2025-02-19,Elective,0.5,Discharged
ADM001922,PAT08628,FAC003,DEP008,BED0334,2025-02-02,2025-02-05,Emergency,3.6,Discharged
ADM001923,PAT02127,FAC005,DEP003,BED0693,2025-07-26,2025-07-27,Elective,1.6,Discharged
ADM001928,PAT05788,FAC001,DEP008,BED0092,2025-10-21,2025-10-23,Elective,2.0,Discharged
ADM001934,PAT05569,FAC005,DEP003,BED0642,2025-07-14,2025-07-14,Day Care,0.9,Discharged
ADM001935,PAT05283,FAC001,DEP005,BED0176,2025-09-11,2025-09-14,Emergency,3.0,Discharged
ADM001940,PAT06959,FAC005,DEP005,BED0607,2025-01-23,2025-01-23,Day Care,0.9,Transferred
ADM001943,PAT02443,FAC004,DEP006,BED0557,2025-11-26,2025-11-26,Day Care,0.5,Discharged
ADM001947,PAT07976,FAC001,DEP001,BED0158,2025-12-26,2025-12-26,Day Care,0.7,Discharged
ADM001948,PAT06435,FAC001,DEP001,BED0117,2025-09-26,2025-09-26,Day Care,0.7,Discharged
ADM001952,PAT04863,FAC003,DEP005,BED0341,2025-02-07,2025-02-15,Elective,8.9,Discharged
ADM001957,PAT00458,FAC005,DEP005,BED0647,2025-01-16,2025-01-17,Emergency,1.6,Transferred
ADM001958,PAT04829,FAC001,DEP004,BED0019,2025-03-17,2025-03-18,Emergency,1.2,Discharged
ADM001965,PAT07360,FAC005,DEP001,BED0658,2025-03-02,2025-03-02,Elective,0.7,Discharged
ADM001973,PAT00773,FAC005,DEP001,BED0635,2025-01-13,2025-01-18,Emergency,5.3,Discharged
ADM001980,PAT07915,FAC001,DEP001,BED0018,2025-08-06,2025-08-08,Elective,2.9,Discharged
ADM001982,PAT01905,FAC003,DEP007,BED0311,2025-10-07,2025-10-13,Elective,6.5,Discharged
ADM002000,PAT04097,FAC001,DEP001,BED0081,2025-03-30,2025-04-02,Elective,3.6,Discharged
ADM002006,PAT06505,FAC004,DEP001,BED0498,2025-03-15,2025-03-24,Emergency,9.3,Discharged
ADM002013,PAT07783,FAC005,DEP001,BED0738,2025-09-13,2025-09-20,Elective,7.0,Discharged
ADM002026,PAT09689,FAC002,DEP002,BED0295,2025-11-09,2025-11-10,Elective,1.3,Discharged
ADM002039,PAT05624,FAC004,DEP006,BED0519,2025-07-16,2025-07-19,Elective,3.1,Discharged
ADM002042,PAT04275,FAC002,DEP006,BED0204,2025-11-19,2025-11-21,Elective,2.8,Discharged
ADM002044,PAT08618,FAC004,DEP007,BED0493,2025-11-05,2025-11-13,Emergency,8.3,Transferred
ADM002045,PAT06432,FAC001,DEP004,BED0071,2025-12-21,2025-12-23,Elective,2.8,Discharged
ADM002047,PAT06374,FAC001,DEP001,BED0028,2025-09-18,2025-09-22,Emergency,4.0,Discharged
ADM002048,PAT04915,FAC002,DEP002,BED0259,2025-07-08,2025-07-09,Elective,1.3,Discharged
ADM002054,PAT00389,FAC001,DEP008,BED0036,2025-10-21,2025-10-26,Emergency,5.0,Referred
ADM002057,PAT04867,FAC001,DEP001,BED0136,2025-09-07,2025-09-07,Day Care,0.6,Discharged
ADM002060,PAT03485,FAC003,DEP001,BED0431,2025-06-11,2025-06-16,Emergency,5.8,Discharged
ADM002063,PAT02770,FAC004,DEP006,BED0476,2025-11-04,2025-11-08,Emergency,4.7,Transferred
ADM002064,PAT02956,FAC001,DEP002,BED0127,2025-11-09,2025-11-10,Day Care,1.0,Discharged
ADM002066,PAT01108,FAC001,DEP003,BED0076,2025-09-30,2025-10-03,Emergency,3.6,Discharged
ADM002071,PAT09692,FAC001,DEP004,BED0073,2025-04-20,2025-04-21,Elective,1.7,Discharged
ADM002080,PAT04833,FAC004,DEP002,BED0576,2025-03-28,2025-04-07,Elective,10.5,Referred
ADM002085,PAT02035,FAC001,DEP004,BED0079,2025-07-04,2025-07-06,Elective,2.9,Discharged
ADM002091,PAT07051,FAC003,DEP007,BED0369,2025-12-23,2025-12-23,Elective,0.5,Discharged
ADM002093,PAT07269,FAC001,DEP002,BED0094,2025-01-03,2025-01-05,Elective,2.2,Discharged
ADM002094,PAT08304,FAC001,DEP003,BED0061,2025-06-22,2025-06-28,Emergency,6.9,Discharged
ADM002095,PAT08608,FAC003,DEP003,BED0351,2025-06-04,2025-06-04,Day Care,0.7,Transferred
ADM002109,PAT01685,FAC005,DEP001,BED0724,2025-08-01,2025-08-04,Elective,3.2,Discharged
ADM002110,PAT07725,FAC004,DEP005,BED0465,2025-04-05,2025-04-05,Elective,0.5,Discharged
ADM002114,PAT08066,FAC001,DEP005,BED0082,2025-08-17,2025-08-20,Emergency,3.8,Discharged
ADM002119,PAT03609,FAC004,DEP001,BED0550,2025-09-11,2025-09-13,Elective,2.1,Discharged
ADM002121,PAT01770,FAC003,DEP008,BED0401,2025-09-02,2025-09-03,Elective,1.9,Referred
ADM002123,PAT04922,FAC001,DEP008,BED0167,2025-03-10,2025-03-13,Elective,3.0,Referred
ADM002128,PAT09751,FAC001,DEP003,BED0098,2025-03-10,2025-03-10,Transfer,0.5,Discharged
ADM002129,PAT05768,FAC002,DEP001,BED0207,2025-06-29,2025-06-30,Emergency,1.7,Discharged
ADM002130,PAT09485,FAC005,DEP007,BED0632,2025-10-01,2025-10-02,Emergency,1.0,Transferred
ADM002131,PAT05454,FAC004,DEP004,BED0535,2025-01-23,2025-01-24,Elective,1.2,Against Medical Advice
ADM002135,PAT09682,FAC001,DEP004,BED0071,2025-08-29,2025-09-03,Emergency,5.5,Discharged
ADM002139,PAT02309,FAC004,DEP007,BED0596,2025-10-24,2025-10-28,Emergency,4.3,Discharged
ADM002140,PAT06730,FAC003,DEP005,BED0422,2025-04-13,2025-04-17,Emergency,4.1,Discharged
ADM002143,PAT09071,FAC003,DEP001,BED0362,2025-08-06,2025-08-06,Elective,0.6,Discharged
ADM002145,PAT01744,FAC001,DEP005,BED0077,2025-08-04,2025-08-05,Emergency,1.2,Discharged
ADM002150,PAT06851,FAC002,DEP007,BED0202,2025-10-30,2025-11-03,Emergency,4.8,Discharged
ADM002153,PAT08410,FAC004,DEP007,BED0452,2025-12-17,2025-12-17,Elective,0.5,Discharged
ADM002154,PAT04862,FAC005,DEP001,BED0605,2025-07-04,2025-07-05,Elective,1.8,Discharged
ADM002156,PAT06652,FAC004,DEP001,BED0483,2025-09-13,2025-09-15,Elective,2.7,Discharged
ADM002157,PAT07559,FAC004,DEP001,BED0500,2025-11-27,2025-11-30,Elective,3.8,Discharged
ADM002161,PAT00096,FAC003,DEP007,BED0359,2025-07-01,2025-07-04,Emergency,3.7,Discharged
ADM002169,PAT03014,FAC003,DEP008,BED0390,2025-10-28,2025-10-29,Transfer,1.2,Discharged
ADM002170,PAT05136,FAC004,DEP001,BED0508,2025-11-30,2025-12-04,Emergency,4.4,Discharged
ADM002173,PAT01624,FAC004,DEP006,BED0460,2025-07-04,2025-07-09,Emergency,5.3,Discharged
ADM002174,PAT07771,FAC001,DEP005,BED0004,2025-08-17,2025-08-18,Elective,1.6,Discharged
ADM002181,PAT03405,FAC002,DEP002,BED0294,2025-01-10,2025-01-16,Emergency,6.1,Discharged
ADM002195,PAT01954,FAC003,DEP008,BED0358,2025-07-05,2025-07-09,Elective,4.5,Discharged
ADM002197,PAT06299,FAC001,DEP005,BED0180,2025-11-14,2025-11-18,Emergency,4.2,Discharged
ADM002204,PAT03821,FAC004,DEP001,BED0472,2025-01-20,2025-01-24,Elective,4.4,Discharged
ADM002213,PAT03430,FAC001,DEP001,BED0064,2025-10-22,2025-10-23,Elective,1.4,Discharged
ADM002216,PAT01494,FAC004,DEP006,BED0563,2025-04-26,2025-04-28,Elective,2.0,Discharged
ADM002217,PAT08901,FAC002,DEP001,BED0247,2025-03-28,2025-03-29,Transfer,1.7,Transferred
ADM002218,PAT04216,FAC004,DEP001,BED0544,2025-02-01,2025-02-03,Elective,2.4,Transferred
ADM002220,PAT06316,FAC001,DEP002,BED0141,2025-06-10,2025-06-17,Transfer,7.3,Discharged
ADM002221,PAT00352,FAC005,DEP005,BED0732,2025-11-29,2025-11-30,Elective,1.6,Discharged
ADM002225,PAT03300,FAC001,DEP004,BED0140,2025-08-07,2025-08-07,Day Care,0.5,Discharged
ADM002226,PAT06502,FAC002,DEP006,BED0221,2025-11-22,2025-11-26,Elective,4.3,Discharged
ADM002235,PAT03679,FAC003,DEP001,BED0380,2025-11-14,2025-11-16,Transfer,2.2,Discharged
ADM002239,PAT06706,FAC003,DEP005,BED0326,2025-02-02,2025-02-02,Elective,0.6,Discharged
ADM002242,PAT09255,FAC002,DEP006,BED0283,2025-07-21,2025-07-26,Elective,5.7,Discharged
ADM002243,PAT08030,FAC001,DEP004,BED0150,2025-02-25,2025-02-26,Day Care,1.0,Discharged
ADM002248,PAT03979,FAC001,DEP002,BED0028,2025-11-21,2025-11-21,Day Care,0.5,Discharged
ADM002251,PAT00500,FAC004,DEP006,BED0581,2025-06-08,2025-06-10,Emergency,2.6,Discharged
ADM002258,PAT07404,FAC003,DEP003,BED0351,2025-09-20,2025-09-25,Elective,5.0,Discharged
ADM002265,PAT09027,FAC002,DEP001,BED0247,2025-12-26,2025-12-27,Elective,1.7,Discharged
ADM002266,PAT03502,FAC002,DEP007,BED0191,2025-03-23,2025-03-23,Day Care,0.2,Discharged
ADM002268,PAT02502,FAC001,DEP002,BED0008,2025-08-27,2025-08-30,Emergency,3.0,Discharged
ADM002277,PAT03509,FAC001,DEP003,BED0133,2025-08-27,2025-08-30,Elective,3.1,Discharged
ADM002279,PAT04661,FAC002,DEP007,BED0204,2025-04-04,2025-04-06,Elective,2.8,Discharged
ADM002281,PAT09606,FAC004,DEP001,BED0489,2025-08-28,2025-08-30,Emergency,2.3,Transferred
ADM002284,PAT06157,FAC003,DEP005,BED0430,2025-10-24,2025-10-24,Emergency,0.8,Discharged
ADM002286,PAT03571,FAC004,DEP002,BED0502,2025-05-02,2025-05-03,Emergency,1.7,Discharged
ADM002287,PAT03207,FAC005,DEP001,BED0604,2025-01-05,2025-01-08,Elective,3.6,Discharged
ADM002288,PAT04289,FAC001,DEP001,BED0132,2025-07-04,2025-07-04,Day Care,0.5,Discharged
ADM002298,PAT00677,FAC003,DEP005,BED0336,2025-11-27,2025-12-07,Emergency,10.3,Discharged
ADM002300,PAT02910,FAC004,DEP004,BED0563,2025-12-28,2025-12-28,Day Care,0.2,Discharged
ADM002303,PAT02168,FAC001,DEP008,BED0178,2025-06-08,2025-06-10,Emergency,2.4,Discharged
ADM002327,PAT02596,FAC004,DEP001,BED0539,2025-11-05,2025-11-06,Elective,1.7,Discharged
ADM002335,PAT09050,FAC004,DEP007,BED0466,2025-12-05,2025-12-06,Elective,1.6,Discharged
ADM002338,PAT08956,FAC003,DEP008,BED0342,2025-03-29,2025-03-31,Emergency,2.4,Discharged
ADM002357,PAT08243,FAC004,DEP004,BED0466,2025-11-08,2025-11-18,Emergency,10.9,Discharged
ADM002361,PAT06152,FAC002,DEP006,BED0229,2025-09-06,2025-09-08,Emergency,2.9,Discharged
ADM002362,PAT05024,FAC002,DEP001,BED0223,2025-03-04,2025-03-04,Day Care,0.6,Discharged
ADM002364,PAT07717,FAC001,DEP008,BED0008,2025-03-06,2025-03-06,Day Care,0.9,Discharged
ADM002368,PAT02020,FAC005,DEP006,BED0661,2025-12-10,2025-12-10,Day Care,0.4,Discharged
ADM002371,PAT02967,FAC002,DEP007,BED0237,2025-09-20,2025-09-23,Emergency,3.2,Discharged
ADM002372,PAT01567,FAC004,DEP001,BED0485,2025-07-28,2025-08-04,Transfer,7.9,Discharged
ADM002380,PAT09469,FAC003,DEP003,BED0369,2025-12-15,2025-12-16,Transfer,1.1,Discharged
ADM002387,PAT05839,FAC005,DEP006,BED0661,2025-01-23,2025-01-23,Emergency,0.7,Transferred
ADM002400,PAT07320,FAC001,DEP001,BED0181,2025-05-08,2025-05-08,Emergency,0.9,Discharged
ADM002417,PAT08009,FAC005,DEP001,BED0741,2025-04-27,2025-04-29,Emergency,2.8,Discharged
ADM002420,PAT07349,FAC005,DEP001,BED0623,2025-09-17,2025-09-18,Emergency,1.8,Discharged
ADM002425,PAT06689,FAC004,DEP006,BED0520,2025-11-28,2025-12-04,Elective,6.8,Discharged
ADM002427,PAT02715,FAC004,DEP001,BED0494,2025-08-07,2025-08-08,Elective,1.8,Discharged
ADM002429,PAT09645,FAC003,DEP005,BED0319,2025-08-14,2025-08-17,Elective,3.3,Discharged
ADM002434,PAT08626,FAC001,DEP001,BED0070,2025-12-05,2025-12-06,Emergency,1.7,Discharged
ADM002449,PAT09823,FAC004,DEP007,BED0529,2025-07-02,2025-07-02,Elective,0.8,Against Medical Advice
ADM002451,PAT06178,FAC004,DEP001,BED0477,2025-01-06,2025-01-06,Day Care,0.9,Discharged
ADM002453,PAT06144,FAC005,DEP001,BED0669,2025-01-12,2025-01-15,Emergency,3.1,Discharged
ADM002460,PAT00004,FAC005,DEP007,BED0621,2025-09-10,2025-09-13,Elective,3.1,Discharged
ADM002461,PAT05340,FAC003,DEP001,BED0326,2025-05-20,2025-05-21,Emergency,1.4,Discharged
ADM002464,PAT05909,FAC003,DEP008,BED0353,2025-07-01,2025-07-01,Transfer,0.6,Discharged
ADM002467,PAT04607,FAC005,DEP001,BED0610,2025-09-27,2025-10-04,Emergency,7.3,Discharged
ADM002474,PAT06886,FAC005,DEP006,BED0663,2025-01-25,2025-02-03,Transfer,9.9,Discharged
ADM002475,PAT00733,FAC001,DEP005,BED0087,2025-08-28,2025-08-29,Elective,1.0,Discharged
ADM002483,PAT03782,FAC001,DEP003,BED0147,2025-02-11,2025-02-12,Elective,1.1,Discharged
ADM002489,PAT05334,FAC003,DEP005,BED0392,2025-06-05,2025-06-05,Day Care,0.2,Discharged
ADM002491,PAT07064,FAC002,DEP007,BED0238,2025-03-16,2025-03-17,Emergency,1.8,Discharged
ADM002493,PAT00340,FAC004,DEP005,BED0532,2025-07-06,2025-07-06,Day Care,0.7,Discharged
ADM002508,PAT09535,FAC002,DEP001,BED0227,2025-08-21,2025-08-22,Emergency,1.1,Transferred
ADM002520,PAT04065,FAC004,DEP002,BED0502,2025-03-18,2025-03-23,Elective,5.4,Discharged
ADM002523,PAT01706,FAC003,DEP003,BED0414,2025-05-09,2025-05-09,Day Care,0.8,Discharged
ADM002526,PAT07226,FAC001,DEP001,BED0142,2025-10-02,2025-10-02,Day Care,0.8,Against Medical Advice
ADM002541,PAT01476,FAC004,DEP006,BED0532,2025-01-05,2025-01-07,Elective,2.6,Transferred
ADM002543,PAT00169,FAC005,DEP006,BED0664,2025-03-20,2025-03-23,Emergency,3.9,Discharged
ADM002546,PAT09510,FAC004,DEP006,BED0508,2025-08-15,2025-08-20,Elective,5.6,Discharged
ADM002550,PAT00219,FAC004,DEP006,BED0502,2025-05-16,2025-05-16,Elective,0.8,Referred
ADM002554,PAT09566,FAC001,DEP008,BED0174,2025-03-27,2025-03-30,Elective,3.7,Discharged
ADM002573,PAT05380,FAC002,DEP002,BED0209,2025-09-06,2025-09-07,Emergency,1.8,Discharged
ADM002580,PAT08073,FAC001,DEP008,BED0155,2025-08-22,2025-08-26,Elective,4.4,Discharged
ADM002590,PAT01890,FAC001,DEP008,BED0041,2025-12-04,2025-12-04,Day Care,0.7,Discharged
ADM002591,PAT01214,FAC003,DEP005,BED0362,2025-11-03,2025-11-07,Emergency,4.9,Discharged
ADM002598,PAT03071,FAC002,DEP001,BED0285,2025-04-28,2025-04-30,Elective,2.3,Discharged
ADM002600,PAT04415,FAC005,DEP007,BED0635,2025-03-14,2025-03-14,Day Care,0.4,Discharged
ADM002607,PAT03600,FAC003,DEP005,BED0428,2025-05-23,2025-05-29,Emergency,6.4,Discharged
ADM002613,PAT05407,FAC002,DEP006,BED0244,2025-01-21,2025-01-22,Elective,1.2,Discharged
ADM002615,PAT05059,FAC003,DEP001,BED0369,2025-01-12,2025-01-12,Day Care,0.9,Referred
ADM002641,PAT02345,FAC001,DEP005,BED0056,2025-10-31,2025-11-02,Elective,2.9,Discharged
ADM002643,PAT03099,FAC005,DEP005,BED0606,2025-02-08,2025-02-15,Emergency,7.0,Discharged
ADM002649,PAT04897,FAC002,DEP002,BED0229,2025-03-01,2025-03-01,Day Care,0.2,Discharged
ADM002652,PAT07146,FAC001,DEP003,BED0059,2025-03-16,2025-03-20,Transfer,4.0,Discharged
ADM002658,PAT03861,FAC002,DEP007,BED0285,2025-03-15,2025-03-15,Day Care,0.8,Discharged
ADM002659,PAT07013,FAC003,DEP003,BED0396,2025-08-21,2025-08-23,Elective,2.2,Discharged
ADM002668,PAT03372,FAC005,DEP006,BED0711,2025-01-05,2025-01-14,Transfer,9.4,Discharged
ADM002671,PAT07794,FAC003,DEP001,BED0316,2025-10-02,2025-10-03,Elective,1.7,Discharged
ADM002674,PAT00466,FAC002,DEP005,BED0293,2025-10-12,2025-10-13,Elective,1.2,Discharged
ADM002679,PAT00304,FAC001,DEP004,BED0097,2025-07-16,2025-07-16,Elective,0.5,Discharged
ADM002686,PAT02118,FAC001,DEP001,BED0088,2025-10-28,2025-11-06,Emergency,9.0,Against Medical Advice
ADM002687,PAT05702,FAC003,DEP005,BED0407,2025-06-19,2025-06-19,Day Care,0.3,Discharged
ADM002689,PAT06265,FAC003,DEP005,BED0403,2025-05-11,2025-05-13,Transfer,2.0,Discharged
ADM002690,PAT02021,FAC001,DEP001,BED0054,2025-02-12,2025-02-13,Emergency,1.7,Transferred
ADM002694,PAT05505,FAC003,DEP008,BED0323,2025-06-14,2025-06-16,Transfer,2.8,Discharged
ADM002698,PAT05041,FAC005,DEP001,BED0724,2025-09-23,2025-09-24,Elective,1.5,Discharged
ADM002700,PAT07498,FAC002,DEP002,BED0262,2025-10-24,2025-10-25,Day Care,1.0,Discharged
ADM002707,PAT07540,FAC003,DEP008,BED0427,2025-06-17,2025-06-20,Emergency,3.2,Referred
ADM002710,PAT08673,FAC001,DEP005,BED0068,2025-03-15,2025-03-20,Emergency,5.2,Discharged
ADM002711,PAT07880,FAC001,DEP002,BED0062,2025-02-16,2025-02-18,Emergency,2.6,Against Medical Advice
ADM002716,PAT00612,FAC001,DEP001,BED0145,2025-03-29,2025-03-30,Elective,1.9,Discharged
ADM002719,PAT07540,FAC004,DEP006,BED0494,2025-10-29,2025-10-31,Emergency,2.7,Transferred
ADM002729,PAT00115,FAC002,DEP007,BED0201,2025-12-18,2025-12-23,Emergency,5.9,Discharged
ADM002730,PAT04405,FAC001,DEP003,BED0009,2025-04-19,2025-04-20,Elective,1.4,Discharged
ADM002733,PAT06804,FAC004,DEP001,BED0472,2025-06-25,2025-06-27,Emergency,2.8,Discharged
ADM002737,PAT05136,FAC004,DEP001,BED0459,2025-05-29,2025-06-06,Emergency,8.5,Referred
ADM002741,PAT01787,FAC005,DEP007,BED0699,2025-08-28,2025-09-03,Elective,6.9,Discharged
ADM002753,PAT09069,FAC004,DEP002,BED0586,2025-10-01,2025-10-02,Emergency,1.8,Discharged
ADM002775,PAT09405,FAC005,DEP008,BED0602,2025-01-20,2025-01-21,Elective,1.6,Discharged
ADM002777,PAT00009,FAC005,DEP008,BED0619,2025-10-03,2025-10-07,Emergency,4.6,Discharged
ADM002782,PAT00275,FAC001,DEP008,BED0168,2025-04-23,2025-04-24,Elective,1.7,Discharged
ADM002790,PAT03546,FAC005,DEP006,BED0673,2025-10-25,2025-10-25,Day Care,0.6,Discharged
ADM002795,PAT04827,FAC005,DEP007,BED0659,2025-01-10,2025-01-11,Elective,1.7,Discharged
ADM002802,PAT00103,FAC003,DEP005,BED0351,2025-06-15,2025-06-16,Elective,1.2,Discharged
ADM002805,PAT00764,FAC001,DEP003,BED0174,2025-12-17,2025-12-17,Day Care,0.6,Discharged
ADM002812,PAT08635,FAC002,DEP005,BED0221,2025-10-28,2025-10-28,Day Care,0.4,Discharged
ADM002816,PAT05490,FAC005,DEP007,BED0636,2025-05-12,2025-05-15,Emergency,3.4,Discharged
ADM002819,PAT07913,FAC003,DEP003,BED0318,2025-08-31,2025-09-02,Elective,2.7,Discharged
ADM002827,PAT04339,FAC002,DEP001,BED0229,2025-10-14,2025-10-17,Emergency,3.9,Discharged
ADM002828,PAT03345,FAC001,DEP008,BED0057,2025-11-19,2025-11-21,Elective,2.0,Discharged
ADM002831,PAT06978,FAC005,DEP008,BED0613,2025-01-10,2025-01-12,Elective,2.6,Discharged
ADM002833,PAT03996,FAC002,DEP001,BED0260,2025-12-05,2025-12-05,Elective,0.7,Discharged
ADM002840,PAT08226,FAC005,DEP005,BED0683,2025-12-26,2025-12-26,Elective,0.5,Transferred
ADM002845,PAT07665,FAC002,DEP001,BED0303,2025-09-19,2025-09-26,Emergency,7.6,Discharged
ADM002847,PAT09970,FAC002,DEP002,BED0288,2025-05-24,2025-05-24,Day Care,0.5,Discharged
ADM002853,PAT00994,FAC001,DEP004,BED0035,2025-09-06,2025-09-06,Elective,0.9,Discharged
ADM002854,PAT07088,FAC003,DEP001,BED0424,2025-06-01,2025-06-09,Emergency,8.1,Discharged
ADM002857,PAT00928,FAC005,DEP007,BED0696,2025-06-09,2025-06-11,Elective,2.0,Discharged
ADM002866,PAT03669,FAC005,DEP005,BED0696,2025-06-28,2025-06-28,Elective,0.6,Discharged
ADM002867,PAT08991,FAC001,DEP002,BED0044,2025-02-24,2025-02-24,Day Care,0.9,Transferred
ADM002873,PAT05222,FAC004,DEP002,BED0563,2025-05-06,2025-05-08,Elective,2.3,Discharged
ADM002880,PAT01489,FAC003,DEP005,BED0371,2025-08-29,2025-09-02,Elective,4.9,Discharged
ADM002884,PAT09286,FAC003,DEP001,BED0313,2025-10-26,2025-10-30,Emergency,4.2,Discharged
ADM002885,PAT02299,FAC002,DEP007,BED0198,2025-11-10,2025-11-13,Elective,3.1,Discharged
ADM002896,PAT04059,FAC003,DEP008,BED0313,2025-05-20,2025-05-21,Elective,1.9,Discharged
ADM002898,PAT08268,FAC002,DEP006,BED0256,2025-12-04,2025-12-04,Day Care,0.7,Discharged
ADM002900,PAT00466,FAC005,DEP005,BED0645,2025-06-01,2025-06-05,Emergency,4.4,Discharged
ADM002905,PAT05528,FAC003,DEP008,BED0333,2025-09-18,2025-09-20,Elective,2.8,Discharged
ADM002915,PAT04717,FAC004,DEP006,BED0472,2025-11-13,2025-11-14,Elective,1.1,Discharged
ADM002928,PAT06689,FAC004,DEP001,BED0435,2025-06-16,2025-06-20,Emergency,4.4,Discharged
ADM002931,PAT03895,FAC005,DEP007,BED0660,2025-04-24,2025-04-30,Emergency,6.4,Discharged
ADM002935,PAT00638,FAC005,DEP005,BED0683,2025-12-23,2025-12-25,Elective,2.3,Discharged
ADM002944,PAT00334,FAC002,DEP006,BED0299,2025-05-24,2025-05-27,Emergency,3.9,Discharged
ADM002954,PAT07041,FAC005,DEP003,BED0617,2025-11-24,2025-11-25,Elective,1.8,Discharged
ADM002961,PAT01666,FAC002,DEP007,BED0269,2025-10-22,2025-10-28,Elective,6.3,Discharged
ADM002965,PAT00971,FAC001,DEP001,BED0092,2025-01-26,2025-01-29,Elective,3.1,Discharged
ADM002973,PAT06088,FAC005,DEP008,BED0661,2025-12-21,2025-12-27,Transfer,6.0,Discharged
ADM002977,PAT03711,FAC004,DEP007,BED0473,2025-08-01,2025-08-01,Elective,0.5,Discharged
ADM002978,PAT06804,FAC002,DEP001,BED0231,2025-10-22,2025-10-24,Elective,2.9,Transferred
ADM002981,PAT07638,FAC004,DEP005,BED0594,2025-03-14,2025-03-16,Emergency,2.2,Discharged
ADM002984,PAT03112,FAC003,DEP008,BED0310,2025-02-23,2025-02-24,Elective,1.5,Discharged
ADM002986,PAT01651,FAC001,DEP008,BED0186,2025-04-10,2025-04-13,Emergency,3.2,Discharged
ADM002995,PAT06891,FAC002,DEP007,BED0224,2025-11-27,2025-11-29,Emergency,2.4,Discharged
ADM003015,PAT04016,FAC002,DEP006,BED0224,2025-02-17,2025-03-02,Emergency,13.7,Against Medical Advice
ADM003017,PAT04904,FAC002,DEP005,BED0259,2025-12-08,2025-12-09,Transfer,1.5,Discharged
ADM003018,PAT08628,FAC001,DEP002,BED0014,2025-03-13,2025-03-13,Day Care,0.6,Discharged
ADM003022,PAT03403,FAC005,DEP006,BED0615,2025-02-20,2025-02-20,Transfer,0.8,Discharged
ADM003055,PAT05901,FAC005,DEP006,BED0602,2025-03-15,2025-03-19,Emergency,4.2,Discharged
ADM003062,PAT07504,FAC004,DEP004,BED0483,2025-02-24,2025-02-24,Emergency,0.5,Discharged
ADM003068,PAT09736,FAC001,DEP003,BED0097,2025-11-24,2025-11-24,Day Care,0.9,Discharged
ADM003072,PAT08766,FAC005,DEP007,BED0738,2025-12-19,2025-12-19,Day Care,0.5,Discharged
ADM003074,PAT05959,FAC005,DEP001,BED0704,2025-08-01,2025-08-01,Day Care,0.2,Discharged
ADM003088,PAT03448,FAC002,DEP001,BED0285,2025-02-10,2025-02-11,Elective,1.0,Discharged
ADM003096,PAT02418,FAC005,DEP005,BED0711,2025-05-01,2025-05-01,Day Care,0.9,Discharged
ADM003109,PAT05505,FAC005,DEP006,BED0652,2025-05-01,2025-05-01,Day Care,0.5,Discharged
ADM003124,PAT07748,FAC001,DEP003,BED0040,2025-01-23,2025-01-29,Elective,6.8,Discharged
ADM003127,PAT06694,FAC002,DEP006,BED0290,2025-11-25,2025-11-29,Emergency,4.0,Discharged
ADM003143,PAT08787,FAC003,DEP005,BED0333,2025-03-20,2025-03-25,Emergency,5.1,Discharged
ADM003144,PAT08723,FAC005,DEP008,BED0610,2025-02-02,2025-02-03,Emergency,1.8,Discharged
ADM003147,PAT02914,FAC003,DEP001,BED0367,2025-09-25,2025-09-29,Elective,4.9,Discharged
ADM003151,PAT08939,FAC001,DEP005,BED0138,2025-08-29,2025-09-04,Elective,6.8,Referred
ADM003155,PAT09190,FAC005,DEP003,BED0614,2025-11-21,2025-11-21,Elective,0.5,Discharged
ADM003162,PAT06335,FAC005,DEP008,BED0734,2025-05-08,2025-05-10,Emergency,2.5,Discharged
ADM003163,PAT02678,FAC005,DEP001,BED0604,2025-04-18,2025-04-22,Elective,4.8,Discharged
ADM003169,PAT04342,FAC001,DEP001,BED0159,2025-05-12,2025-05-14,Elective,2.0,Discharged
ADM003175,PAT04554,FAC004,DEP007,BED0488,2025-09-28,2025-09-29,Elective,1.0,Transferred
ADM003179,PAT09605,FAC003,DEP003,BED0345,2025-09-21,2025-09-23,Emergency,2.8,Discharged
ADM003181,PAT00773,FAC005,DEP008,BED0634,2025-11-03,2025-11-05,Elective,2.9,Discharged
ADM003183,PAT03685,FAC001,DEP003,BED0029,2025-03-28,2025-03-30,Emergency,2.5,Discharged
ADM003184,PAT07656,FAC001,DEP004,BED0074,2025-12-14,2025-12-15,Transfer,1.8,Discharged
ADM003189,PAT02583,FAC005,DEP006,BED0610,2025-10-14,2025-10-14,Day Care,0.2,Discharged
ADM003190,PAT06193,FAC005,DEP005,BED0733,2025-12-26,2025-12-26,Day Care,0.7,Discharged
ADM003207,PAT09418,FAC005,DEP001,BED0641,2025-11-07,2025-11-10,Emergency,3.1,Discharged
ADM003236,PAT02620,FAC003,DEP005,BED0310,2025-02-23,2025-02-26,Elective,3.4,Discharged
ADM003251,PAT02129,FAC004,DEP001,BED0461,2025-09-10,2025-09-17,Elective,7.6,Discharged
ADM003256,PAT00625,FAC001,DEP003,BED0077,2025-02-23,2025-02-24,Elective,1.3,Discharged
ADM003259,PAT00477,FAC001,DEP001,BED0047,2025-10-24,2025-10-26,Elective,2.5,Discharged
ADM003272,PAT03290,FAC002,DEP001,BED0203,2025-04-13,2025-04-13,Emergency,0.8,Transferred
ADM003273,PAT05569,FAC003,DEP005,BED0323,2025-05-13,2025-05-19,Elective,6.6,Discharged
ADM003277,PAT03064,FAC004,DEP005,BED0500,2025-10-09,2025-10-11,Emergency,2.4,Discharged
ADM003282,PAT09732,FAC004,DEP005,BED0531,2025-02-28,2025-03-02,Transfer,2.3,Discharged
ADM003283,PAT00926,FAC001,DEP002,BED0174,2025-01-23,2025-01-24,Transfer,1.9,Discharged
ADM003299,PAT09080,FAC001,DEP003,BED0151,2025-09-14,2025-09-21,Elective,7.4,Against Medical Advice
ADM003300,PAT02716,FAC005,DEP003,BED0648,2025-08-24,2025-08-25,Transfer,1.4,Discharged
ADM003302,PAT07650,FAC005,DEP007,BED0645,2025-11-14,2025-11-17,Elective,3.4,Referred
ADM003303,PAT03858,FAC004,DEP007,BED0508,2025-07-12,2025-07-16,Emergency,4.1,Discharged
ADM003308,PAT06956,FAC002,DEP001,BED0254,2025-07-31,2025-07-31,Day Care,0.7,Discharged
ADM003310,PAT05427,FAC002,DEP001,BED0248,2025-06-28,2025-06-28,Day Care,0.4,Discharged
ADM003312,PAT03300,FAC001,DEP002,BED0045,2025-11-14,2025-11-16,Transfer,2.6,Discharged
ADM003315,PAT08803,FAC004,DEP002,BED0494,2025-10-02,2025-10-05,Emergency,3.8,Discharged
ADM003316,PAT01922,FAC004,DEP001,BED0509,2025-10-16,2025-10-20,Elective,4.0,Discharged
ADM003322,PAT08137,FAC005,DEP001,BED0605,2025-09-01,2025-09-03,Elective,2.1,Discharged
ADM003332,PAT07052,FAC003,DEP001,BED0329,2025-11-28,2025-12-05,Elective,7.9,Discharged
ADM003333,PAT02118,FAC005,DEP001,BED0692,2025-08-12,2025-08-17,Elective,5.5,Against Medical Advice
ADM003334,PAT03839,FAC005,DEP008,BED0653,2025-09-14,2025-09-15,Elective,1.3,Discharged
ADM003336,PAT00634,FAC001,DEP002,BED0034,2025-06-04,2025-06-04,Day Care,0.5,Discharged
ADM003345,PAT05014,FAC003,DEP003,BED0315,2025-07-02,2025-07-02,Day Care,0.3,Discharged
ADM003347,PAT08399,FAC005,DEP005,BED0621,2025-08-22,2025-08-22,Day Care,0.5,Discharged
ADM003353,PAT03308,FAC003,DEP005,BED0347,2025-11-01,2025-11-07,Emergency,6.7,Discharged
ADM003355,PAT01012,FAC002,DEP001,BED0261,2025-09-11,2025-09-11,Day Care,0.5,Discharged
ADM003358,PAT05422,FAC001,DEP002,BED0057,2025-06-26,2025-06-27,Emergency,1.0,Discharged
ADM003359,PAT08050,FAC004,DEP007,BED0589,2025-01-29,2025-01-29,Emergency,0.9,Transferred
ADM003364,PAT03070,FAC003,DEP005,BED0403,2025-10-27,2025-10-27,Day Care,0.8,Discharged
ADM003368,PAT00614,FAC005,DEP006,BED0603,2025-06-29,2025-06-30,Elective,1.5,Discharged
ADM003376,PAT05220,FAC005,DEP003,BED0699,2025-07-21,2025-07-21,Day Care,0.8,Discharged
ADM003382,PAT00042,FAC005,DEP003,BED0642,2025-09-25,2025-09-25,Day Care,0.7,Discharged
ADM003384,PAT07634,FAC005,DEP006,BED0614,2025-07-12,2025-07-12,Day Care,0.6,Discharged
ADM003390,PAT04514,FAC001,DEP008,BED0151,2025-01-25,2025-01-25,Day Care,0.6,Discharged
ADM003394,PAT06336,FAC001,DEP003,BED0013,2025-09-05,2025-09-15,Emergency,10.4,Discharged
ADM003407,PAT00252,FAC001,DEP001,BED0102,2025-12-28,2025-12-29,Day Care,1.0,Discharged
ADM003413,PAT04230,FAC004,DEP004,BED0469,2025-02-12,2025-02-21,Transfer,9.8,Discharged
ADM003416,PAT09297,FAC003,DEP003,BED0347,2025-10-11,2025-10-11,Day Care,0.8,Discharged
ADM003425,PAT00399,FAC003,DEP007,BED0383,2025-01-22,2025-01-25,Elective,3.0,Discharged
ADM003429,PAT08402,FAC001,DEP002,BED0065,2025-02-12,2025-02-12,Day Care,0.4,Discharged
ADM003432,PAT01584,FAC005,DEP005,BED0629,2025-10-26,2025-10-27,Day Care,1.0,Discharged
ADM003435,PAT02120,FAC001,DEP002,BED0002,2025-09-21,2025-09-21,Day Care,0.7,Discharged
ADM003441,PAT00115,FAC003,DEP001,BED0427,2025-01-01,2025-01-03,Emergency,2.8,Discharged
ADM003453,PAT06487,FAC001,DEP005,BED0110,2025-07-27,2025-07-30,Transfer,3.2,Discharged
ADM003463,PAT02440,FAC004,DEP002,BED0451,2025-08-25,2025-08-27,Elective,2.0,Discharged
ADM003468,PAT03777,FAC002,DEP006,BED0226,2025-08-19,2025-08-25,Emergency,6.6,Discharged
ADM003470,PAT01122,FAC005,DEP003,BED0603,2025-07-01,2025-07-01,Day Care,0.8,Discharged
ADM003488,PAT06408,FAC005,DEP001,BED0737,2025-01-04,2025-01-11,Emergency,7.8,Discharged
ADM003495,PAT04769,FAC001,DEP008,BED0163,2025-08-10,2025-08-11,Transfer,1.5,Discharged
ADM003496,PAT09726,FAC004,DEP006,BED0573,2025-01-07,2025-01-12,Transfer,5.7,Discharged
ADM003508,PAT04013,FAC005,DEP008,BED0723,2025-05-22,2025-05-25,Elective,3.1,Discharged
ADM003515,PAT03997,FAC004,DEP002,BED0600,2025-09-30,2025-10-08,Emergency,8.8,Discharged
ADM003524,PAT09080,FAC002,DEP006,BED0244,2025-05-27,2025-05-27,Day Care,0.7,Discharged
ADM003528,PAT01663,FAC005,DEP005,BED0685,2025-05-04,2025-05-04,Day Care,0.8,Discharged
ADM003532,PAT09682,FAC003,DEP005,BED0369,2025-10-11,2025-10-13,Elective,2.2,Discharged
ADM003537,PAT03372,FAC003,DEP001,BED0353,2025-12-03,2025-12-03,Day Care,0.7,Discharged
ADM003558,PAT02345,FAC003,DEP001,BED0423,2025-08-12,2025-08-14,Elective,2.1,Discharged
ADM003566,PAT06126,FAC001,DEP001,BED0104,2025-03-06,2025-03-09,Elective,3.9,Transferred
ADM003577,PAT05513,FAC005,DEP007,BED0729,2025-05-19,2025-05-19,Transfer,0.8,Discharged
ADM003581,PAT06561,FAC005,DEP001,BED0740,2025-08-15,2025-08-16,Elective,1.2,Discharged
ADM003585,PAT06555,FAC004,DEP007,BED0526,2025-01-31,2025-02-01,Elective,1.0,Discharged
ADM003586,PAT01084,FAC001,DEP008,BED0141,2025-08-26,2025-08-26,Day Care,0.9,Discharged
ADM003599,PAT01990,FAC005,DEP003,BED0606,2025-10-08,2025-10-10,Emergency,2.0,Discharged
ADM003608,PAT08607,FAC002,DEP001,BED0207,2025-09-16,2025-09-17,Elective,1.7,Discharged
ADM003609,PAT04334,FAC001,DEP003,BED0010,2025-04-20,2025-04-20,Day Care,0.7,Discharged
ADM003611,PAT05036,FAC001,DEP005,BED0110,2025-10-07,2025-10-08,Elective,1.6,Discharged
ADM003612,PAT09515,FAC004,DEP002,BED0547,2025-01-08,2025-01-08,Elective,0.9,Discharged
ADM003621,PAT05059,FAC002,DEP007,BED0234,2025-03-27,2025-04-04,Elective,8.3,Discharged
ADM003622,PAT01509,FAC001,DEP005,BED0149,2025-10-25,2025-10-28,Transfer,3.3,Referred
ADM003630,PAT07827,FAC001,DEP008,BED0084,2025-12-28,2026-01-02,Emergency,5.0,Discharged
ADM003632,PAT00132,FAC001,DEP001,BED0024,2025-04-13,2025-04-13,Day Care,0.3,Discharged
ADM003636,PAT07504,FAC005,DEP008,BED0611,2025-03-31,2025-04-07,Emergency,7.9,Discharged
ADM003642,PAT08279,FAC001,DEP003,BED0031,2025-09-08,2025-09-10,Emergency,2.0,Discharged
ADM003644,PAT08619,FAC001,DEP002,BED0066,2025-11-01,2025-11-02,Emergency,1.7,Discharged
ADM003646,PAT00104,FAC003,DEP001,BED0309,2025-10-22,2025-10-23,Elective,1.0,Discharged
ADM003649,PAT03496,FAC001,DEP008,BED0166,2025-11-01,2025-11-01,Day Care,0.9,Discharged
ADM003652,PAT07013,FAC004,DEP001,BED0511,2025-07-29,2025-08-09,Transfer,11.2,Discharged
ADM003656,PAT00122,FAC001,DEP003,BED0048,2025-10-07,2025-10-07,Day Care,0.3,Referred
ADM003659,PAT07226,FAC001,DEP008,BED0064,2025-07-10,2025-07-12,Emergency,2.9,Discharged
ADM003673,PAT04011,FAC003,DEP008,BED0396,2025-08-03,2025-08-07,Elective,4.3,Referred
ADM003689,PAT00432,FAC001,DEP002,BED0103,2025-07-14,2025-07-16,Elective,2.5,Discharged
ADM003699,PAT07276,FAC001,DEP005,BED0008,2025-05-17,2025-05-19,Elective,2.9,Discharged
ADM003703,PAT07334,FAC005,DEP008,BED0605,2025-12-01,2025-12-04,Emergency,3.0,Discharged
ADM003704,PAT07573,FAC003,DEP007,BED0309,2025-03-04,2025-03-04,Day Care,0.9,Discharged
ADM003711,PAT04041,FAC004,DEP007,BED0536,2025-08-04,2025-08-06,Elective,2.5,Discharged
ADM003715,PAT06804,FAC004,DEP005,BED0449,2025-12-19,2025-12-20,Elective,1.4,Discharged
ADM003718,PAT05445,FAC003,DEP005,BED0417,2025-10-13,2025-10-16,Emergency,3.1,Discharged
ADM003719,PAT08271,FAC005,DEP003,BED0662,2025-07-18,2025-07-22,Elective,4.5,Discharged
ADM003739,PAT05307,FAC001,DEP008,BED0026,2025-01-24,2025-02-01,Emergency,8.3,Discharged
ADM003760,PAT03708,FAC003,DEP003,BED0406,2025-01-20,2025-01-23,Elective,3.0,Discharged
ADM003761,PAT08969,FAC002,DEP007,BED0257,2025-08-02,2025-08-02,Day Care,0.2,Discharged
ADM003766,PAT05380,FAC001,DEP004,BED0019,2025-08-17,2025-08-23,Elective,6.0,Discharged
ADM003769,PAT02860,FAC004,DEP002,BED0475,2025-12-03,2025-12-03,Day Care,0.5,Discharged
ADM003773,PAT07597,FAC003,DEP007,BED0306,2025-02-24,2025-02-26,Transfer,2.6,Discharged
ADM003775,PAT00677,FAC004,DEP002,BED0446,2025-01-14,2025-01-20,Elective,6.3,Discharged
ADM003776,PAT08635,FAC005,DEP007,BED0679,2025-02-13,2025-02-20,Elective,7.0,Discharged
ADM003785,PAT09442,FAC001,DEP005,BED0053,2025-07-01,2025-07-05,Elective,4.5,Discharged
ADM003787,PAT07863,FAC001,DEP003,BED0098,2025-02-02,2025-02-02,Day Care,0.3,Discharged
ADM003789,PAT06144,FAC001,DEP001,BED0187,2025-08-21,2025-08-28,Emergency,7.4,Discharged
ADM003794,PAT00300,FAC001,DEP001,BED0083,2025-07-12,2025-07-13,Emergency,1.2,Discharged
ADM003805,PAT08299,FAC001,DEP004,BED0103,2025-01-06,2025-01-08,Elective,2.3,Discharged
ADM003819,PAT01924,FAC001,DEP004,BED0069,2025-06-22,2025-06-22,Day Care,0.2,Discharged
ADM003825,PAT03356,FAC001,DEP002,BED0173,2025-12-03,2025-12-04,Emergency,1.9,Discharged
ADM003827,PAT08100,FAC005,DEP001,BED0617,2025-04-01,2025-04-01,Elective,0.5,Discharged
ADM003830,PAT04013,FAC005,DEP008,BED0681,2025-06-19,2025-06-20,Transfer,1.6,Discharged
ADM003836,PAT06336,FAC001,DEP004,BED0064,2025-08-26,2025-08-30,Emergency,4.1,Discharged
ADM003844,PAT05861,FAC004,DEP005,BED0517,2025-01-16,2025-01-19,Elective,3.6,Discharged
ADM003845,PAT06919,FAC001,DEP003,BED0046,2025-03-27,2025-03-28,Transfer,1.6,Discharged
ADM003854,PAT09069,FAC003,DEP001,BED0333,2025-10-12,2025-10-12,Day Care,0.2,Discharged
ADM003855,PAT04337,FAC001,DEP003,BED0057,2025-05-08,2025-05-11,Emergency,3.3,Referred
ADM003858,PAT05175,FAC001,DEP002,BED0066,2025-09-08,2025-09-13,Emergency,5.3,Discharged
ADM003864,PAT06787,FAC004,DEP007,BED0578,2025-07-30,2025-08-02,Emergency,3.1,Discharged
ADM003865,PAT01804,FAC005,DEP006,BED0635,2025-07-09,2025-07-09,Emergency,0.7,Discharged
ADM003870,PAT05894,FAC001,DEP003,BED0176,2025-10-27,2025-10-28,Emergency,1.7,Discharged
ADM003885,PAT06726,FAC004,DEP004,BED0505,2025-04-17,2025-04-19,Emergency,2.4,Discharged
ADM003889,PAT01689,FAC001,DEP001,BED0035,2025-10-26,2025-10-30,Emergency,4.7,Referred
ADM003891,PAT03026,FAC001,DEP005,BED0084,2025-10-28,2025-11-03,Emergency,6.6,Transferred
ADM003895,PAT08210,FAC004,DEP004,BED0505,2025-07-30,2025-08-03,Elective,4.7,Discharged
ADM003899,PAT07146,FAC001,DEP005,BED0064,2025-04-09,2025-04-11,Elective,2.5,Discharged
ADM003900,PAT04829,FAC001,DEP001,BED0043,2025-11-29,2025-11-29,Day Care,0.2,Discharged
ADM003905,PAT01218,FAC004,DEP004,BED0490,2025-01-30,2025-02-01,Emergency,2.3,Discharged
ADM003907,PAT09884,FAC005,DEP007,BED0643,2025-02-18,2025-02-23,Elective,5.3,Discharged
ADM003920,PAT04076,FAC005,DEP003,BED0708,2025-03-04,2025-03-04,Elective,0.6,Discharged
ADM003923,PAT08725,FAC005,DEP008,BED0610,2025-06-02,2025-06-04,Transfer,2.2,Discharged
ADM003924,PAT05175,FAC004,DEP001,BED0505,2025-04-09,2025-04-12,Elective,3.6,Discharged
ADM003925,PAT04343,FAC005,DEP008,BED0633,2025-10-08,2025-10-09,Emergency,1.3,Discharged
ADM003926,PAT08789,FAC002,DEP005,BED0292,2025-01-12,2025-01-14,Elective,2.8,Referred
ADM003931,PAT09469,FAC005,DEP006,BED0633,2025-05-12,2025-05-14,Emergency,2.3,Discharged
ADM003935,PAT09146,FAC004,DEP005,BED0514,2025-04-20,2025-04-21,Elective,1.6,Discharged
ADM003942,PAT03617,FAC003,DEP003,BED0369,2025-07-13,2025-07-13,Day Care,0.7,Referred
ADM003950,PAT07559,FAC003,DEP003,BED0381,2025-12-23,2025-12-23,Day Care,0.9,Discharged
ADM003956,PAT02123,FAC002,DEP007,BED0219,2025-12-23,2025-12-26,Elective,3.1,Discharged
ADM003961,PAT07088,FAC005,DEP001,BED0630,2025-11-05,2025-11-11,Emergency,6.2,Discharged
ADM003964,PAT07717,FAC003,DEP005,BED0356,2025-04-27,2025-04-27,Elective,0.8,Transferred
ADM003974,PAT09616,FAC001,DEP004,BED0025,2025-10-06,2025-10-07,Elective,1.2,Discharged
ADM003975,PAT08142,FAC003,DEP007,BED0336,2025-12-09,2025-12-11,Emergency,2.7,Discharged
ADM003978,PAT04150,FAC004,DEP005,BED0589,2025-04-08,2025-04-09,Emergency,1.0,Discharged
ADM003983,PAT09318,FAC005,DEP005,BED0750,2025-11-05,2025-11-12,Emergency,7.1,Discharged
ADM003984,PAT06187,FAC003,DEP001,BED0397,2025-06-21,2025-06-22,Elective,1.3,Transferred
ADM003990,PAT02679,FAC001,DEP003,BED0113,2025-06-20,2025-06-24,Transfer,4.0,Discharged
ADM003997,PAT07303,FAC003,DEP001,BED0306,2025-09-08,2025-09-11,Elective,3.8,Discharged
ADM004011,PAT02338,FAC005,DEP007,BED0675,2025-04-08,2025-04-09,Transfer,1.0,Discharged
ADM004019,PAT09919,FAC005,DEP001,BED0743,2025-06-01,2025-06-04,Emergency,3.3,Discharged
ADM004021,PAT09813,FAC002,DEP007,BED0280,2025-02-22,2025-02-25,Transfer,3.3,Discharged
ADM004022,PAT02217,FAC004,DEP007,BED0497,2025-05-24,2025-05-24,Emergency,0.8,Discharged
ADM004027,PAT02620,FAC004,DEP002,BED0533,2025-06-12,2025-06-14,Elective,2.4,Discharged
ADM004030,PAT01384,FAC005,DEP006,BED0644,2025-02-22,2025-02-23,Emergency,1.1,Discharged
ADM004037,PAT02010,FAC001,DEP005,BED0024,2025-12-06,2025-12-06,Day Care,0.4,Discharged
ADM004040,PAT03324,FAC001,DEP005,BED0167,2025-02-11,2025-02-13,Emergency,2.2,Transferred
ADM004041,PAT05528,FAC001,DEP001,BED0151,2025-10-14,2025-10-15,Day Care,1.0,Discharged
ADM004055,PAT06558,FAC001,DEP005,BED0079,2025-01-04,2025-01-07,Emergency,3.5,Discharged
ADM004059,PAT05901,FAC001,DEP004,BED0051,2025-06-03,2025-06-05,Emergency,2.4,Discharged
ADM004063,PAT04465,FAC002,DEP002,BED0272,2025-01-31,2025-01-31,Day Care,0.3,Discharged
ADM004064,PAT04149,FAC003,DEP001,BED0421,2025-09-04,2025-09-04,Day Care,0.4,Discharged
ADM004073,PAT06378,FAC002,DEP001,BED0198,2025-03-28,2025-03-29,Transfer,1.7,Referred
ADM004077,PAT01386,FAC004,DEP007,BED0540,2025-11-22,2025-11-24,Elective,2.9,Discharged
ADM004081,PAT08243,FAC005,DEP008,BED0743,2025-10-27,2025-11-01,Emergency,5.8,Discharged
ADM004082,PAT08120,FAC001,DEP003,BED0094,2025-10-16,2025-10-16,Elective,0.5,Discharged
ADM004087,PAT09842,FAC005,DEP005,BED0679,2025-05-02,2025-05-06,Elective,4.3,Discharged
ADM004096,PAT04844,FAC001,DEP005,BED0005,2025-12-01,2025-12-02,Elective,1.3,Discharged
ADM004097,PAT02907,FAC003,DEP001,BED0336,2025-05-06,2025-05-10,Transfer,4.3,Discharged
ADM004098,PAT03853,FAC002,DEP006,BED0276,2025-07-25,2025-07-25,Day Care,0.7,Discharged
ADM004100,PAT02348,FAC003,DEP007,BED0365,2025-09-24,2025-09-26,Transfer,2.3,Referred
ADM004105,PAT03060,FAC004,DEP001,BED0539,2025-11-06,2025-11-09,Elective,3.4,Discharged
ADM004116,PAT03121,FAC001,DEP004,BED0159,2025-10-30,2025-10-30,Elective,0.5,Discharged
ADM004117,PAT08150,FAC005,DEP001,BED0730,2025-07-09,2025-07-12,Elective,3.0,Discharged
ADM004119,PAT02955,FAC003,DEP007,BED0321,2025-09-16,2025-09-19,Emergency,3.8,Discharged
ADM004121,PAT06561,FAC004,DEP002,BED0509,2025-08-25,2025-08-26,Transfer,1.4,Against Medical Advice
ADM004123,PAT03834,FAC005,DEP003,BED0734,2025-01-12,2025-01-12,Elective,0.7,Discharged
ADM004127,PAT08747,FAC001,DEP001,BED0001,2025-10-21,2025-10-23,Transfer,2.8,Discharged
ADM004128,PAT03729,FAC005,DEP005,BED0653,2025-12-28,2025-12-29,Elective,1.0,Discharged
ADM004131,PAT08145,FAC001,DEP003,BED0140,2025-04-23,2025-04-25,Transfer,2.8,Discharged
ADM004143,PAT03685,FAC001,DEP004,BED0048,2025-08-04,2025-08-05,Elective,1.7,Discharged
ADM004145,PAT04740,FAC003,DEP007,BED0427,2025-01-09,2025-01-11,Emergency,2.8,Transferred
ADM004151,PAT08726,FAC002,DEP007,BED0214,2025-02-15,2025-02-23,Transfer,8.0,Discharged
ADM004153,PAT06694,FAC002,DEP006,BED0286,2025-01-18,2025-01-24,Transfer,6.4,Discharged
ADM004162,PAT00032,FAC002,DEP006,BED0217,2025-03-09,2025-03-13,Elective,4.2,Discharged
ADM004163,PAT06139,FAC005,DEP005,BED0688,2025-11-02,2025-11-05,Elective,3.9,Discharged
ADM004166,PAT09051,FAC003,DEP003,BED0309,2025-06-08,2025-06-09,Emergency,1.9,Discharged
ADM004167,PAT00818,FAC001,DEP002,BED0080,2025-05-27,2025-05-29,Elective,2.2,Transferred
ADM004171,PAT05156,FAC001,DEP001,BED0038,2025-05-04,2025-05-07,Emergency,3.6,Discharged
ADM004172,PAT00928,FAC004,DEP001,BED0559,2025-02-20,2025-02-20,Day Care,0.5,Transferred
ADM004175,PAT09913,FAC002,DEP007,BED0285,2025-11-24,2025-11-24,Day Care,0.9,Discharged
ADM004179,PAT01386,FAC002,DEP002,BED0194,2025-12-11,2025-12-11,Elective,0.7,Discharged
ADM004181,PAT00285,FAC004,DEP007,BED0529,2025-04-12,2025-04-17,Elective,5.0,Discharged
ADM004186,PAT07999,FAC004,DEP006,BED0503,2025-06-10,2025-06-11,Elective,1.6,Discharged
ADM004192,PAT09664,FAC001,DEP005,BED0054,2025-01-23,2025-01-24,Elective,1.1,Discharged
ADM004193,PAT09202,FAC001,DEP003,BED0174,2025-07-29,2025-08-11,Emergency,13.4,Referred
ADM004196,PAT06182,FAC002,DEP007,BED0192,2025-06-17,2025-06-22,Elective,5.5,Discharged
ADM004200,PAT03520,FAC005,DEP007,BED0635,2025-01-17,2025-01-17,Elective,0.5,Discharged
ADM004204,PAT03323,FAC005,DEP007,BED0632,2025-12-24,2025-12-28,Emergency,4.9,Discharged
ADM004207,PAT02535,FAC001,DEP003,BED0005,2025-04-11,2025-04-12,Elective,1.7,Transferred
ADM004208,PAT09895,FAC005,DEP008,BED0607,2025-11-19,2025-11-21,Emergency,2.7,Discharged
ADM004210,PAT09626,FAC001,DEP005,BED0035,2025-01-20,2025-01-21,Elective,1.4,Discharged
ADM004215,PAT06799,FAC002,DEP001,BED0272,2025-12-19,2025-12-20,Elective,1.1,Discharged
ADM004225,PAT09797,FAC001,DEP005,BED0025,2025-03-12,2025-03-12,Elective,0.5,Discharged
ADM004231,PAT02405,FAC004,DEP006,BED0562,2025-08-20,2025-08-21,Elective,1.7,Discharged
ADM004233,PAT05035,FAC004,DEP006,BED0576,2025-11-26,2025-12-02,Transfer,6.2,Discharged
ADM004236,PAT00462,FAC001,DEP004,BED0007,2025-03-04,2025-03-04,Day Care,0.8,Discharged
ADM004239,PAT05021,FAC001,DEP002,BED0088,2025-02-12,2025-02-13,Emergency,1.7,Discharged
ADM004250,PAT01492,FAC002,DEP005,BED0273,2025-07-07,2025-07-11,Elective,4.0,Transferred
ADM004263,PAT00274,FAC001,DEP001,BED0087,2025-04-01,2025-04-03,Elective,2.4,Discharged
ADM004273,PAT07637,FAC005,DEP003,BED0680,2025-11-27,2025-11-27,Day Care,0.5,Discharged
ADM004275,PAT02146,FAC001,DEP001,BED0137,2025-10-30,2025-11-03,Elective,4.5,Transferred
ADM004297,PAT01007,FAC005,DEP007,BED0608,2025-06-12,2025-06-15,Emergency,3.6,Discharged
ADM004310,PAT06827,FAC003,DEP001,BED0421,2025-07-11,2025-07-13,Elective,2.5,Discharged
ADM004315,PAT04044,FAC002,DEP006,BED0294,2025-01-30,2025-01-31,Elective,1.2,Transferred
ADM004316,PAT03703,FAC001,DEP005,BED0069,2025-09-07,2025-09-11,Emergency,4.6,Discharged
ADM004317,PAT01531,FAC003,DEP007,BED0412,2025-11-27,2025-12-01,Elective,4.1,Discharged
ADM004321,PAT05081,FAC004,DEP006,BED0524,2025-12-13,2025-12-15,Elective,2.7,Discharged
ADM004322,PAT05401,FAC001,DEP008,BED0092,2025-07-28,2025-07-28,Day Care,0.9,Discharged
ADM004331,PAT02013,FAC003,DEP007,BED0398,2025-10-01,2025-10-04,Elective,3.7,Discharged
ADM004334,PAT05596,FAC004,DEP004,BED0581,2025-08-18,2025-08-21,Emergency,3.1,Discharged
ADM004341,PAT03680,FAC001,DEP003,BED0173,2025-03-10,2025-03-10,Day Care,0.9,Discharged
ADM004343,PAT01040,FAC001,DEP002,BED0134,2025-04-26,2025-04-29,Elective,3.1,Discharged
ADM004344,PAT09954,FAC004,DEP002,BED0565,2025-11-15,2025-11-16,Transfer,1.5,Against Medical Advice
ADM004357,PAT02513,FAC005,DEP001,BED0662,2025-09-01,2025-09-06,Transfer,5.6,Discharged
ADM004358,PAT03046,FAC002,DEP001,BED0212,2025-10-07,2025-10-08,Elective,1.4,Discharged
ADM004367,PAT04639,FAC002,DEP007,BED0293,2025-11-15,2025-11-15,Day Care,0.6,Discharged
ADM004371,PAT04694,FAC003,DEP001,BED0319,2025-10-29,2025-10-31,Elective,2.3,Discharged
ADM004376,PAT03503,FAC005,DEP008,BED0624,2025-06-19,2025-06-26,Emergency,7.0,Transferred
ADM004381,PAT09159,FAC005,DEP003,BED0623,2025-05-06,2025-05-08,Transfer,2.9,Discharged
ADM004388,PAT08392,FAC003,DEP001,BED0339,2025-05-08,2025-05-12,Transfer,4.3,Discharged
ADM004389,PAT03324,FAC002,DEP006,BED0204,2025-03-28,2025-04-04,Emergency,7.5,Discharged
ADM004390,PAT06897,FAC002,DEP005,BED0272,2025-03-11,2025-03-11,Day Care,0.4,Discharged
ADM004393,PAT05051,FAC001,DEP004,BED0178,2025-08-28,2025-08-28,Emergency,0.6,Referred
ADM004400,PAT01748,FAC001,DEP008,BED0040,2025-03-10,2025-03-14,Emergency,4.2,Discharged
ADM004401,PAT07151,FAC004,DEP001,BED0572,2025-03-05,2025-03-09,Elective,4.1,Discharged
ADM004402,PAT00285,FAC005,DEP006,BED0605,2025-05-25,2025-05-31,Elective,6.9,Discharged
ADM004405,PAT07229,FAC002,DEP002,BED0241,2025-07-12,2025-07-19,Elective,7.4,Discharged
ADM004411,PAT05533,FAC003,DEP001,BED0404,2025-08-20,2025-08-25,Elective,5.1,Discharged
ADM004412,PAT01348,FAC003,DEP003,BED0415,2025-01-18,2025-01-24,Transfer,6.9,Discharged
ADM004413,PAT06349,FAC002,DEP002,BED0290,2025-08-23,2025-08-24,Emergency,1.1,Discharged
ADM004418,PAT01740,FAC005,DEP007,BED0735,2025-03-25,2025-03-25,Day Care,0.2,Discharged
ADM004422,PAT06424,FAC002,DEP005,BED0270,2025-05-15,2025-05-15,Day Care,0.3,Discharged
ADM004429,PAT09773,FAC004,DEP001,BED0559,2025-06-01,2025-06-02,Elective,1.0,Discharged
ADM004430,PAT00813,FAC005,DEP007,BED0656,2025-06-18,2025-06-18,Day Care,0.5,Discharged
ADM004437,PAT01946,FAC005,DEP008,BED0675,2025-10-09,2025-10-11,Elective,2.6,Referred
ADM004438,PAT03502,FAC003,DEP005,BED0363,2025-10-21,2025-10-21,Day Care,0.3,Discharged
ADM004440,PAT01548,FAC004,DEP006,BED0573,2025-06-30,2025-07-01,Transfer,1.8,Discharged
ADM004443,PAT07062,FAC004,DEP002,BED0481,2025-08-26,2025-09-01,Emergency,6.8,Discharged
ADM004451,PAT08305,FAC004,DEP006,BED0471,2025-02-07,2025-02-12,Emergency,5.2,Discharged
ADM004452,PAT06960,FAC004,DEP005,BED0441,2025-08-16,2025-08-21,Emergency,5.4,Discharged
ADM004456,PAT05959,FAC001,DEP008,BED0008,2025-01-01,2025-01-02,Emergency,1.5,Discharged
ADM004460,PAT04195,FAC004,DEP004,BED0438,2025-03-23,2025-03-23,Day Care,0.5,Discharged
ADM004462,PAT04195,FAC001,DEP008,BED0070,2025-09-16,2025-09-22,Elective,6.9,Discharged
ADM004475,PAT06595,FAC005,DEP005,BED0725,2025-01-30,2025-01-31,Elective,1.1,Discharged
ADM004483,PAT01036,FAC002,DEP007,BED0274,2025-09-19,2025-09-23,Elective,4.3,Discharged
ADM004494,PAT02975,FAC005,DEP003,BED0669,2025-04-04,2025-04-04,Day Care,0.3,Discharged
ADM004504,PAT03752,FAC002,DEP005,BED0229,2025-04-06,2025-04-12,Transfer,6.1,Discharged
ADM004507,PAT08150,FAC001,DEP004,BED0046,2025-08-09,2025-08-09,Day Care,0.9,Discharged
ADM004509,PAT04955,FAC002,DEP001,BED0239,2025-02-10,2025-02-16,Emergency,6.6,Discharged
ADM004510,PAT08803,FAC005,DEP008,BED0674,2025-04-30,2025-04-30,Day Care,0.2,Discharged
ADM004518,PAT05465,FAC004,DEP004,BED0563,2025-09-04,2025-09-08,Elective,4.9,Discharged
ADM004521,PAT08288,FAC003,DEP001,BED0378,2025-05-05,2025-05-08,Elective,3.8,Discharged
ADM004523,PAT03036,FAC005,DEP007,BED0681,2025-06-02,2025-06-05,Elective,3.6,Discharged
ADM004531,PAT09069,FAC005,DEP008,BED0626,2025-11-26,2025-12-03,Transfer,7.4,Transferred
ADM004537,PAT00285,FAC004,DEP004,BED0535,2025-04-29,2025-05-01,Elective,2.5,Discharged
ADM004545,PAT00466,FAC001,DEP001,BED0083,2025-06-30,2025-06-30,Day Care,0.6,Discharged
ADM004551,PAT00922,FAC001,DEP003,BED0177,2025-10-22,2025-10-28,Emergency,6.2,Discharged
ADM004552,PAT08599,FAC003,DEP005,BED0399,2025-06-04,2025-06-06,Elective,2.9,Discharged
ADM004561,PAT00796,FAC002,DEP001,BED0202,2025-03-26,2025-03-27,Elective,1.6,Discharged
ADM004564,PAT00316,FAC001,DEP004,BED0148,2025-08-04,2025-08-06,Elective,2.1,Against Medical Advice
ADM004565,PAT07361,FAC003,DEP005,BED0417,2025-03-05,2025-03-08,Emergency,3.0,Discharged
ADM004566,PAT06787,FAC004,DEP001,BED0481,2025-06-16,2025-06-18,Emergency,2.7,Referred
ADM004568,PAT00274,FAC001,DEP004,BED0006,2025-02-15,2025-02-19,Elective,4.4,Discharged
ADM004571,PAT04591,FAC005,DEP006,BED0713,2025-01-11,2025-01-12,Elective,1.7,Discharged
ADM004572,PAT08875,FAC003,DEP007,BED0361,2025-03-17,2025-03-17,Elective,0.5,Discharged
ADM004576,PAT00274,FAC005,DEP007,BED0722,2025-05-19,2025-05-19,Day Care,0.7,Discharged
ADM004584,PAT08571,FAC004,DEP006,BED0459,2025-08-08,2025-08-08,Day Care,0.4,Transferred
ADM004593,PAT03777,FAC005,DEP008,BED0730,2025-03-17,2025-03-17,Elective,0.7,Discharged
ADM004597,PAT07829,FAC002,DEP006,BED0219,2025-01-26,2025-01-28,Transfer,2.1,Discharged
ADM004605,PAT03756,FAC003,DEP008,BED0413,2025-09-21,2025-09-22,Elective,1.3,Discharged
ADM004606,PAT03289,FAC001,DEP003,BED0029,2025-03-04,2025-03-07,Emergency,3.4,Transferred
ADM004608,PAT01218,FAC001,DEP005,BED0010,2025-12-04,2025-12-12,Transfer,8.4,Discharged
ADM004615,PAT00915,FAC005,DEP005,BED0610,2025-11-19,2025-11-20,Transfer,1.7,Discharged
ADM004618,PAT09056,FAC004,DEP007,BED0570,2025-05-31,2025-05-31,Elective,0.5,Discharged
ADM004625,PAT05059,FAC001,DEP001,BED0038,2025-03-31,2025-04-03,Elective,3.5,Discharged
ADM004636,PAT08789,FAC005,DEP007,BED0649,2025-05-25,2025-05-30,Transfer,5.6,Discharged
ADM004637,PAT01298,FAC001,DEP003,BED0114,2025-06-02,2025-06-08,Transfer,6.4,Discharged
ADM004642,PAT00132,FAC001,DEP001,BED0092,2025-11-17,2025-11-18,Day Care,1.0,Transferred
ADM004644,PAT00765,FAC003,DEP005,BED0317,2025-07-22,2025-07-27,Emergency,5.2,Discharged
ADM004645,PAT09319,FAC005,DEP006,BED0621,2025-11-21,2025-11-22,Transfer,1.8,Transferred
ADM004651,PAT08658,FAC004,DEP002,BED0484,2025-07-20,2025-07-21,Elective,1.5,Discharged
ADM004653,PAT01012,FAC004,DEP002,BED0447,2025-03-15,2025-03-18,Emergency,3.4,Discharged
ADM004654,PAT01958,FAC001,DEP005,BED0028,2025-04-25,2025-04-27,Emergency,2.9,Discharged
ADM004657,PAT04668,FAC003,DEP003,BED0323,2025-09-03,2025-09-08,Emergency,5.7,Referred
ADM004658,PAT01581,FAC004,DEP004,BED0467,2025-09-12,2025-09-17,Transfer,5.9,Discharged
ADM004660,PAT05014,FAC004,DEP005,BED0584,2025-05-06,2025-05-06,Day Care,0.2,Transferred
ADM004664,PAT02217,FAC001,DEP005,BED0183,2025-10-06,2025-10-22,Emergency,16.1,Discharged
ADM004667,PAT07530,FAC003,DEP005,BED0417,2025-11-30,2025-12-02,Emergency,2.8,Discharged
ADM004668,PAT06352,FAC004,DEP001,BED0448,2025-02-09,2025-02-09,Elective,0.5,Discharged
ADM004681,PAT08701,FAC001,DEP004,BED0126,2025-11-25,2025-11-25,Day Care,0.8,Discharged
ADM004688,PAT05332,FAC001,DEP005,BED0149,2025-06-14,2025-06-14,Elective,0.7,Discharged
ADM004689,PAT06424,FAC001,DEP004,BED0104,2025-06-16,2025-06-19,Elective,3.7,Discharged
ADM004690,PAT01371,FAC001,DEP003,BED0129,2025-03-10,2025-03-12,Elective,2.7,Discharged
ADM004695,PAT07815,FAC003,DEP008,BED0313,2025-12-21,2025-12-22,Elective,1.6,Discharged
ADM004698,PAT05373,FAC001,DEP003,BED0034,2025-08-28,2025-08-31,Emergency,3.5,Referred
ADM004702,PAT00938,FAC003,DEP005,BED0330,2025-07-30,2025-07-30,Emergency,0.5,Discharged
ADM004708,PAT03596,FAC004,DEP006,BED0480,2025-10-01,2025-10-01,Day Care,0.3,Discharged
ADM004719,PAT04129,FAC001,DEP005,BED0102,2025-09-07,2025-09-07,Day Care,0.9,Discharged
ADM004725,PAT09508,FAC002,DEP002,BED0242,2025-07-08,2025-07-15,Transfer,7.9,Discharged
ADM004727,PAT03036,FAC002,DEP006,BED0198,2025-07-02,2025-07-02,Elective,0.7,Discharged
ADM004735,PAT08137,FAC005,DEP005,BED0726,2025-06-23,2025-06-24,Elective,1.8,Discharged
ADM004737,PAT07418,FAC005,DEP005,BED0669,2025-06-11,2025-06-14,Transfer,3.2,Discharged
ADM004738,PAT09188,FAC004,DEP002,BED0480,2025-06-27,2025-06-28,Transfer,1.4,Transferred
ADM004747,PAT08185,FAC001,DEP008,BED0080,2025-10-21,2025-10-22,Elective,1.7,Discharged
ADM004748,PAT08603,FAC001,DEP008,BED0178,2025-11-09,2025-11-12,Emergency,3.2,Discharged
ADM004750,PAT05763,FAC005,DEP003,BED0639,2025-05-19,2025-05-22,Transfer,3.1,Discharged
ADM004759,PAT02299,FAC004,DEP004,BED0507,2025-11-27,2025-11-30,Emergency,3.5,Discharged
ADM004763,PAT08571,FAC005,DEP007,BED0610,2025-07-03,2025-07-04,Emergency,1.6,Discharged
ADM004771,PAT05407,FAC004,DEP005,BED0573,2025-02-23,2025-02-23,Day Care,0.7,Discharged
ADM004778,PAT08725,FAC004,DEP004,BED0478,2025-07-03,2025-07-08,Elective,5.6,Discharged
ADM004788,PAT00818,FAC001,DEP005,BED0133,2025-03-06,2025-03-06,Day Care,0.7,Discharged
ADM004790,PAT04818,FAC003,DEP005,BED0337,2025-07-26,2025-07-31,Elective,5.9,Discharged
ADM004791,PAT02443,FAC005,DEP008,BED0719,2025-03-27,2025-03-28,Day Care,1.0,Discharged
ADM004794,PAT09788,FAC001,DEP002,BED0137,2025-07-12,2025-07-15,Elective,3.5,Discharged
ADM004797,PAT08274,FAC001,DEP005,BED0054,2025-10-01,2025-10-02,Elective,1.7,Discharged
ADM004798,PAT00020,FAC003,DEP001,BED0424,2025-04-27,2025-05-05,Emergency,8.2,Discharged
ADM004810,PAT01744,FAC004,DEP005,BED0467,2025-04-28,2025-05-01,Emergency,3.6,Referred
ADM004814,PAT04721,FAC002,DEP006,BED0235,2025-01-04,2025-01-04,Emergency,0.5,Discharged
ADM004825,PAT05514,FAC004,DEP007,BED0535,2025-03-07,2025-03-14,Elective,7.9,Discharged
ADM004827,PAT00536,FAC005,DEP006,BED0647,2025-06-15,2025-06-16,Emergency,1.7,Referred
ADM004833,PAT04949,FAC002,DEP001,BED0211,2025-04-08,2025-04-12,Emergency,4.2,Discharged
ADM004839,PAT07723,FAC001,DEP002,BED0034,2025-12-25,2025-12-28,Emergency,3.3,Discharged
ADM004848,PAT07110,FAC004,DEP005,BED0470,2025-11-18,2025-11-19,Elective,1.3,Discharged
ADM004854,PAT06713,FAC004,DEP007,BED0491,2025-03-21,2025-03-21,Elective,0.5,Referred
ADM004863,PAT00304,FAC004,DEP002,BED0530,2025-07-23,2025-07-26,Elective,3.6,Discharged
ADM004866,PAT07338,FAC003,DEP001,BED0320,2025-06-20,2025-06-23,Elective,3.8,Discharged
ADM004869,PAT04338,FAC004,DEP006,BED0447,2025-04-22,2025-04-25,Emergency,3.2,Referred
ADM004873,PAT02922,FAC005,DEP007,BED0731,2025-11-05,2025-11-05,Emergency,0.5,Discharged
ADM004885,PAT09293,FAC003,DEP005,BED0429,2025-10-27,2025-11-01,Emergency,5.0,Discharged
ADM004887,PAT04047,FAC001,DEP004,BED0048,2025-01-01,2025-01-02,Transfer,1.3,Discharged
ADM004889,PAT02705,FAC003,DEP007,BED0363,2025-09-02,2025-09-06,Emergency,4.5,Discharged
ADM004896,PAT01329,FAC001,DEP005,BED0079,2025-11-22,2025-11-25,Emergency,3.4,Discharged
ADM004897,PAT02535,FAC001,DEP008,BED0114,2025-01-18,2025-01-24,Elective,6.4,Discharged
ADM004903,PAT08937,FAC004,DEP004,BED0519,2025-09-07,2025-09-08,Elective,1.2,Discharged
ADM004904,PAT05081,FAC001,DEP008,BED0141,2025-05-07,2025-05-09,Elective,2.7,Discharged
ADM004925,PAT04963,FAC001,DEP002,BED0102,2025-07-04,2025-07-06,Transfer,2.2,Discharged
ADM004937,PAT09717,FAC002,DEP007,BED0246,2025-02-09,2025-02-13,Elective,4.8,Discharged
ADM004960,PAT02806,FAC005,DEP005,BED0627,2025-09-22,2025-09-23,Elective,1.9,Discharged
ADM004961,PAT08582,FAC004,DEP005,BED0578,2025-11-06,2025-11-09,Transfer,3.0,Discharged
ADM004963,PAT06189,FAC003,DEP001,BED0305,2025-11-30,2025-12-06,Emergency,6.0,Discharged
ADM004964,PAT00901,FAC004,DEP002,BED0452,2025-08-17,2025-08-18,Emergency,1.2,Discharged
ADM004966,PAT09296,FAC005,DEP007,BED0612,2025-10-20,2025-10-24,Elective,4.7,Discharged
ADM004968,PAT04966,FAC003,DEP007,BED0314,2025-02-07,2025-02-08,Emergency,1.5,Against Medical Advice
ADM004970,PAT04296,FAC001,DEP008,BED0150,2025-03-29,2025-03-30,Elective,1.9,Discharged
ADM004971,PAT09485,FAC004,DEP005,BED0566,2025-01-19,2025-01-19,Day Care,0.4,Discharged
ADM004975,PAT05839,FAC001,DEP004,BED0051,2025-06-18,2025-06-20,Elective,2.3,Discharged
ADM004981,PAT07454,FAC004,DEP004,BED0484,2025-01-11,2025-01-15,Elective,4.6,Transferred
ADM004982,PAT02059,FAC002,DEP007,BED0201,2025-08-29,2025-08-29,Emergency,0.5,Discharged
ADM004984,PAT07064,FAC002,DEP002,BED0200,2025-03-08,2025-03-08,Day Care,0.9,Discharged
ADM004991,PAT08938,FAC002,DEP007,BED0295,2025-08-05,2025-08-06,Elective,1.8,Discharged
ADM004995,PAT01584,FAC001,DEP001,BED0148,2025-07-16,2025-07-17,Transfer,1.9,Discharged
ADM004996,PAT07832,FAC004,DEP002,BED0499,2025-11-28,2025-11-29,Elective,1.2,Discharged
ADM005005,PAT09895,FAC003,DEP001,BED0338,2025-05-12,2025-05-16,Elective,4.8,Discharged
ADM005008,PAT04515,FAC005,DEP006,BED0686,2025-05-01,2025-05-02,Elective,1.3,Discharged
ADM005009,PAT04112,FAC002,DEP005,BED0201,2025-08-23,2025-08-27,Transfer,4.4,Discharged
ADM005011,PAT04476,FAC004,DEP002,BED0563,2025-09-06,2025-09-09,Elective,3.0,Against Medical Advice
ADM005016,PAT02519,FAC005,DEP007,BED0671,2025-04-10,2025-04-10,Day Care,0.3,Discharged
ADM005019,PAT08169,FAC005,DEP001,BED0636,2025-05-01,2025-05-01,Day Care,0.4,Discharged
ADM005020,PAT03496,FAC003,DEP003,BED0385,2025-09-24,2025-09-26,Elective,2.7,Discharged
ADM005026,PAT01990,FAC001,DEP002,BED0159,2025-06-26,2025-06-28,Elective,2.4,Discharged
ADM005032,PAT03882,FAC001,DEP001,BED0045,2025-04-13,2025-04-16,Elective,3.6,Discharged
ADM005037,PAT01452,FAC005,DEP008,BED0610,2025-08-05,2025-08-08,Emergency,3.0,Discharged
ADM005041,PAT02479,FAC004,DEP001,BED0543,2025-01-16,2025-01-20,Elective,4.1,Discharged
ADM005046,PAT03316,FAC002,DEP006,BED0203,2025-04-29,2025-04-29,Day Care,0.9,Discharged
ADM005059,PAT03843,FAC003,DEP001,BED0417,2025-03-29,2025-04-01,Emergency,3.5,Discharged
ADM005063,PAT02158,FAC002,DEP002,BED0291,2025-08-13,2025-08-14,Emergency,1.9,Discharged
ADM005064,PAT03680,FAC001,DEP005,BED0115,2025-09-26,2025-09-27,Elective,1.8,Discharged
ADM005065,PAT03548,FAC001,DEP002,BED0039,2025-08-08,2025-08-13,Elective,5.1,Discharged
ADM005066,PAT03044,FAC004,DEP004,BED0515,2025-03-23,2025-03-27,Elective,4.6,Referred
ADM005075,PAT03503,FAC003,DEP008,BED0420,2025-10-15,2025-10-19,Elective,4.4,Discharged
ADM005089,PAT09245,FAC005,DEP007,BED0635,2025-04-27,2025-04-28,Transfer,1.5,Discharged
ADM005092,PAT04550,FAC005,DEP008,BED0677,2025-03-09,2025-03-14,Elective,5.9,Discharged
ADM005097,PAT01607,FAC001,DEP004,BED0054,2025-05-16,2025-05-16,Day Care,0.8,Discharged
ADM005101,PAT06934,FAC001,DEP008,BED0039,2025-05-16,2025-05-19,Emergency,3.4,Discharged
ADM005107,PAT03036,FAC003,DEP005,BED0316,2025-07-11,2025-07-11,Day Care,0.9,Discharged
ADM005117,PAT06260,FAC004,DEP002,BED0580,2025-04-03,2025-04-04,Elective,1.1,Discharged
ADM005122,PAT05801,FAC005,DEP008,BED0732,2025-01-28,2025-01-28,Emergency,0.7,Discharged
ADM005130,PAT05853,FAC001,DEP002,BED0047,2025-06-09,2025-06-10,Transfer,1.4,Discharged
ADM005133,PAT05564,FAC001,DEP005,BED0173,2025-10-20,2025-10-21,Transfer,1.3,Discharged
ADM005139,PAT02799,FAC001,DEP002,BED0085,2025-03-24,2025-03-27,Emergency,3.7,Discharged
ADM005140,PAT06135,FAC002,DEP005,BED0268,2025-06-17,2025-06-21,Elective,4.1,Discharged
ADM005145,PAT09459,FAC005,DEP007,BED0627,2025-11-26,2025-12-02,Emergency,6.3,Discharged
ADM005151,PAT00071,FAC004,DEP007,BED0549,2025-11-14,2025-11-18,Elective,4.0,Discharged
ADM005157,PAT06951,FAC003,DEP007,BED0395,2025-09-25,2025-09-28,Elective,3.0,Transferred
ADM005171,PAT04951,FAC001,DEP001,BED0162,2025-05-02,2025-05-06,Transfer,4.8,Discharged
ADM005185,PAT01706,FAC001,DEP004,BED0076,2025-08-13,2025-08-15,Transfer,2.7,Discharged
ADM005187,PAT01912,FAC001,DEP003,BED0041,2025-10-14,2025-10-16,Elective,2.8,Discharged
ADM005192,PAT02875,FAC005,DEP008,BED0666,2025-02-26,2025-02-26,Day Care,0.9,Discharged
ADM005196,PAT02681,FAC004,DEP007,BED0513,2025-07-05,2025-07-10,Elective,5.0,Discharged
ADM005198,PAT07418,FAC001,DEP008,BED0182,2025-09-11,2025-09-14,Emergency,3.2,Discharged
ADM005212,PAT07376,FAC001,DEP002,BED0155,2025-07-11,2025-07-13,Elective,2.3,Transferred
ADM005222,PAT01633,FAC004,DEP001,BED0454,2025-12-08,2025-12-13,Transfer,5.7,Referred
ADM005227,PAT04014,FAC004,DEP004,BED0547,2025-03-05,2025-03-11,Elective,6.5,Discharged
ADM005229,PAT06046,FAC001,DEP002,BED0049,2025-06-17,2025-06-26,Transfer,9.3,Discharged
ADM005234,PAT05717,FAC004,DEP007,BED0515,2025-11-19,2025-11-19,Day Care,0.3,Discharged
ADM005244,PAT00004,FAC003,DEP005,BED0368,2025-05-27,2025-05-28,Elective,1.4,Discharged
ADM005255,PAT02997,FAC004,DEP006,BED0526,2025-03-22,2025-03-27,Elective,5.4,Discharged
ADM005258,PAT04541,FAC004,DEP004,BED0452,2025-03-24,2025-03-25,Elective,1.7,Discharged
ADM005265,PAT08962,FAC005,DEP008,BED0667,2025-09-16,2025-09-20,Emergency,4.5,Discharged
ADM005277,PAT01254,FAC005,DEP003,BED0607,2025-11-06,2025-11-09,Transfer,3.2,Discharged
ADM005281,PAT01534,FAC001,DEP002,BED0154,2025-10-11,2025-10-19,Elective,8.6,Discharged
ADM005291,PAT03670,FAC002,DEP002,BED0214,2025-06-22,2025-07-03,Elective,11.0,Discharged
ADM005305,PAT09141,FAC005,DEP006,BED0623,2025-03-28,2025-03-31,Emergency,3.2,Discharged
ADM005308,PAT05861,FAC001,DEP004,BED0168,2025-10-18,2025-10-21,Elective,3.2,Referred
ADM005314,PAT03249,FAC002,DEP005,BED0224,2025-12-01,2025-12-07,Emergency,6.4,Transferred
ADM005317,PAT09587,FAC003,DEP005,BED0423,2025-12-05,2025-12-06,Transfer,1.3,Discharged
ADM005319,PAT08642,FAC005,DEP003,BED0741,2025-02-02,2025-02-09,Emergency,7.6,Discharged
ADM005321,PAT06282,FAC001,DEP001,BED0081,2025-12-25,2025-12-25,Elective,0.5,Discharged
ADM005323,PAT09724,FAC004,DEP006,BED0467,2025-08-26,2025-09-04,Transfer,9.2,Discharged
ADM005326,PAT08461,FAC002,DEP001,BED0217,2025-01-16,2025-01-16,Day Care,0.4,Transferred
ADM005327,PAT09001,FAC004,DEP006,BED0491,2025-01-03,2025-01-03,Emergency,0.9,Discharged
ADM005330,PAT01990,FAC001,DEP005,BED0094,2025-04-08,2025-04-08,Day Care,0.7,Referred
ADM005332,PAT01499,FAC002,DEP007,BED0212,2025-07-26,2025-07-28,Emergency,2.8,Discharged
ADM005334,PAT09549,FAC001,DEP004,BED0012,2025-02-13,2025-02-14,Emergency,1.1,Referred
ADM005338,PAT04124,FAC004,DEP005,BED0545,2025-03-25,2025-03-27,Transfer,2.5,Discharged
ADM005339,PAT04871,FAC005,DEP008,BED0649,2025-04-30,2025-05-02,Elective,2.5,Discharged
ADM005348,PAT02003,FAC005,DEP006,BED0611,2025-11-13,2025-11-14,Emergency,1.5,Discharged
ADM005349,PAT00294,FAC003,DEP001,BED0389,2025-02-02,2025-02-03,Transfer,1.1,Discharged
ADM005352,PAT09333,FAC001,DEP002,BED0064,2025-07-12,2025-07-16,Emergency,4.3,Discharged
ADM005356,PAT00274,FAC003,DEP008,BED0313,2025-08-16,2025-08-16,Day Care,0.7,Discharged
ADM005357,PAT03121,FAC005,DEP003,BED0709,2025-09-24,2025-09-24,Day Care,0.9,Transferred
ADM005358,PAT05613,FAC003,DEP001,BED0380,2025-08-07,2025-08-10,Transfer,3.8,Transferred
ADM005365,PAT06148,FAC001,DEP001,BED0035,2025-07-04,2025-07-09,Transfer,5.1,Referred
ADM005371,PAT01386,FAC002,DEP001,BED0221,2025-10-24,2025-10-25,Elective,1.3,Discharged
ADM005379,PAT01409,FAC004,DEP001,BED0493,2025-03-29,2025-04-01,Elective,3.3,Discharged
ADM005385,PAT01492,FAC002,DEP006,BED0231,2025-08-22,2025-08-22,Day Care,0.5,Discharged
ADM005387,PAT08169,FAC004,DEP001,BED0468,2025-02-06,2025-02-06,Day Care,0.5,Referred
ADM005388,PAT05763,FAC003,DEP008,BED0432,2025-02-15,2025-02-19,Emergency,4.0,Transferred
ADM005397,PAT01985,FAC001,DEP001,BED0079,2025-06-01,2025-06-03,Elective,2.1,Discharged
ADM005398,PAT01409,FAC005,DEP003,BED0613,2025-11-09,2025-11-13,Emergency,4.7,Discharged
ADM005409,PAT06460,FAC004,DEP001,BED0516,2025-04-10,2025-04-13,Elective,3.7,Discharged
ADM005412,PAT00400,FAC003,DEP005,BED0427,2025-03-27,2025-03-28,Emergency,1.7,Transferred
ADM005413,PAT04792,FAC004,DEP001,BED0585,2025-09-21,2025-09-23,Transfer,2.3,Discharged
ADM005416,PAT05583,FAC002,DEP006,BED0266,2025-12-07,2025-12-10,Elective,3.1,Discharged
ADM005419,PAT04448,FAC003,DEP005,BED0343,2025-03-11,2025-03-12,Elective,1.9,Discharged
ADM005425,PAT06897,FAC005,DEP001,BED0702,2025-08-25,2025-08-26,Elective,1.3,Discharged
ADM005429,PAT04744,FAC004,DEP004,BED0469,2025-05-16,2025-05-17,Elective,1.0,Discharged
ADM005430,PAT03699,FAC003,DEP007,BED0357,2025-02-10,2025-02-13,Transfer,3.7,Discharged
ADM005437,PAT08488,FAC003,DEP008,BED0375,2025-12-18,2025-12-18,Day Care,0.4,Discharged
ADM005438,PAT07915,FAC001,DEP008,BED0011,2025-02-05,2025-02-07,Elective,2.0,Discharged
ADM005441,PAT00089,FAC005,DEP006,BED0643,2025-10-31,2025-11-06,Transfer,6.8,Discharged
ADM005449,PAT03964,FAC002,DEP005,BED0201,2025-03-17,2025-03-21,Emergency,4.5,Discharged
ADM005457,PAT06934,FAC002,DEP005,BED0295,2025-06-21,2025-06-21,Elective,0.7,Discharged
ADM005461,PAT09750,FAC001,DEP001,BED0145,2025-10-02,2025-10-04,Elective,2.8,Discharged
ADM005463,PAT07206,FAC004,DEP006,BED0450,2025-07-18,2025-07-22,Emergency,4.2,Discharged
ADM005473,PAT04986,FAC005,DEP003,BED0677,2025-03-12,2025-03-15,Elective,3.5,Discharged
ADM005474,PAT04721,FAC001,DEP001,BED0012,2025-09-10,2025-09-15,Emergency,5.1,Discharged
ADM005480,PAT00249,FAC001,DEP001,BED0153,2025-09-29,2025-10-01,Elective,2.2,Discharged
ADM005484,PAT07938,FAC004,DEP005,BED0435,2025-02-22,2025-02-26,Transfer,4.3,Against Medical Advice
ADM005490,PAT02272,FAC001,DEP003,BED0048,2025-01-19,2025-01-22,Elective,3.7,Discharged
ADM005496,PAT04792,FAC004,DEP004,BED0520,2025-07-12,2025-07-15,Elective,3.1,Discharged
ADM005504,PAT04668,FAC002,DEP005,BED0298,2025-02-15,2025-02-18,Emergency,3.9,Referred
ADM005524,PAT09467,FAC005,DEP006,BED0641,2025-02-08,2025-02-09,Emergency,1.5,Discharged
ADM005530,PAT03835,FAC004,DEP004,BED0579,2025-07-28,2025-07-28,Day Care,0.3,Discharged
ADM005531,PAT06078,FAC001,DEP003,BED0051,2025-12-31,2026-01-02,Emergency,2.3,Discharged
ADM005532,PAT07637,FAC005,DEP005,BED0602,2025-02-20,2025-02-24,Emergency,4.8,Referred
ADM005541,PAT05643,FAC005,DEP003,BED0685,2025-07-02,2025-07-02,Elective,0.8,Discharged
ADM005546,PAT04871,FAC005,DEP008,BED0727,2025-04-25,2025-05-02,Transfer,7.8,Discharged
ADM005555,PAT02859,FAC004,DEP004,BED0485,2025-01-05,2025-01-11,Elective,6.0,Discharged
ADM005568,PAT01179,FAC005,DEP003,BED0626,2025-11-17,2025-11-24,Transfer,7.2,Discharged
ADM005569,PAT01328,FAC005,DEP008,BED0651,2025-03-27,2025-03-28,Elective,1.0,Discharged
ADM005572,PAT05099,FAC005,DEP003,BED0708,2025-03-05,2025-03-18,Elective,13.3,Discharged
ADM005575,PAT00169,FAC004,DEP001,BED0557,2025-05-03,2025-05-14,Elective,11.6,Discharged
ADM005581,PAT07827,FAC003,DEP008,BED0369,2025-11-17,2025-11-17,Elective,0.5,Against Medical Advice
ADM005599,PAT02070,FAC001,DEP005,BED0060,2025-05-11,2025-05-11,Day Care,0.9,Discharged
ADM005619,PAT03853,FAC005,DEP006,BED0617,2025-05-15,2025-05-16,Emergency,1.2,Discharged
ADM005620,PAT08109,FAC001,DEP003,BED0091,2025-10-10,2025-10-11,Elective,1.1,Discharged
ADM005621,PAT02443,FAC001,DEP008,BED0109,2025-04-14,2025-04-17,Transfer,3.2,Discharged
ADM005627,PAT01594,FAC002,DEP005,BED0224,2025-12-16,2025-12-21,Emergency,5.6,Discharged
ADM005632,PAT05091,FAC004,DEP007,BED0455,2025-10-11,2025-10-13,Emergency,2.0,Discharged
ADM005639,PAT03680,FAC003,DEP005,BED0360,2025-06-18,2025-06-19,Emergency,1.1,Discharged
ADM005648,PAT01787,FAC002,DEP001,BED0258,2025-12-28,2026-01-02,Elective,5.0,Discharged
ADM005651,PAT01748,FAC003,DEP005,BED0414,2025-06-06,2025-06-11,Elective,5.3,Transferred
ADM005653,PAT08904,FAC005,DEP003,BED0661,2025-04-22,2025-04-23,Elective,1.1,Discharged
ADM005654,PAT06096,FAC003,DEP008,BED0424,2025-09-05,2025-09-11,Emergency,6.5,Discharged
ADM005657,PAT07045,FAC003,DEP008,BED0416,2025-06-19,2025-06-28,Elective,9.0,Discharged
ADM005662,PAT05166,FAC001,DEP008,BED0016,2025-02-22,2025-02-23,Emergency,1.2,Discharged
ADM005663,PAT02914,FAC002,DEP002,BED0217,2025-08-12,2025-08-14,Transfer,2.0,Discharged
ADM005676,PAT07999,FAC001,DEP008,BED0016,2025-11-03,2025-11-12,Transfer,9.5,Against Medical Advice
ADM005681,PAT05334,FAC004,DEP006,BED0561,2025-12-13,2025-12-14,Elective,1.9,Discharged
ADM005684,PAT03269,FAC001,DEP008,BED0073,2025-10-15,2025-10-16,Elective,1.6,Discharged
ADM005687,PAT08268,FAC005,DEP001,BED0628,2025-01-03,2025-01-07,Emergency,4.2,Discharged
ADM005699,PAT06283,FAC003,DEP008,BED0422,2025-07-27,2025-07-30,Emergency,3.3,Discharged
ADM005700,PAT02803,FAC001,DEP002,BED0126,2025-03-10,2025-03-10,Day Care,0.4,Discharged
ADM005704,PAT00174,FAC003,DEP008,BED0433,2025-10-24,2025-10-28,Emergency,4.4,Discharged
ADM005706,PAT08006,FAC003,DEP007,BED0318,2025-04-13,2025-04-14,Elective,1.9,Discharged
ADM005718,PAT03099,FAC004,DEP007,BED0598,2025-01-17,2025-01-18,Emergency,1.0,Discharged
ADM005734,PAT00931,FAC001,DEP008,BED0075,2025-01-11,2025-01-11,Day Care,0.2,Transferred
ADM005755,PAT02405,FAC004,DEP001,BED0448,2025-08-10,2025-08-11,Elective,1.6,Discharged
ADM005756,PAT03659,FAC002,DEP002,BED0198,2025-01-06,2025-01-12,Emergency,6.9,Discharged
ADM005768,PAT08086,FAC002,DEP005,BED0224,2025-04-14,2025-04-21,Transfer,7.0,Discharged
ADM005769,PAT06152,FAC005,DEP006,BED0665,2025-11-12,2025-11-14,Emergency,2.5,Discharged
ADM005777,PAT03060,FAC002,DEP002,BED0218,2025-02-11,2025-02-14,Elective,3.3,Discharged
ADM005780,PAT09056,FAC001,DEP003,BED0104,2025-10-24,2025-10-30,Transfer,6.3,Discharged
ADM005786,PAT03489,FAC002,DEP007,BED0207,2025-09-14,2025-09-14,Elective,0.5,Discharged
ADM005795,PAT01523,FAC005,DEP008,BED0681,2025-02-06,2025-02-07,Elective,1.4,Discharged
ADM005797,PAT05100,FAC001,DEP002,BED0022,2025-11-17,2025-11-24,Elective,7.3,Discharged
ADM005802,PAT06283,FAC004,DEP006,BED0482,2025-04-04,2025-04-05,Emergency,1.9,Discharged
ADM005805,PAT04095,FAC004,DEP006,BED0523,2025-06-06,2025-06-06,Day Care,0.7,Discharged
ADM005818,PAT05804,FAC001,DEP001,BED0125,2025-09-23,2025-09-23,Day Care,0.2,Discharged
ADM005819,PAT04059,FAC003,DEP003,BED0328,2025-07-20,2025-07-22,Elective,2.5,Discharged
ADM005824,PAT03509,FAC003,DEP003,BED0349,2025-11-27,2025-11-28,Emergency,1.9,Discharged
ADM005825,PAT09951,FAC005,DEP008,BED0619,2025-11-19,2025-11-20,Day Care,1.0,Discharged
ADM005830,PAT01740,FAC002,DEP002,BED0206,2025-11-19,2025-11-27,Elective,8.4,Discharged
ADM005831,PAT03249,FAC005,DEP003,BED0679,2025-11-01,2025-11-01,Day Care,0.7,Discharged
ADM005834,PAT03947,FAC005,DEP005,BED0666,2025-10-11,2025-10-22,Emergency,11.2,Discharged
ADM005837,PAT01054,FAC005,DEP003,BED0680,2025-03-14,2025-03-16,Transfer,2.0,Discharged
ADM005845,PAT00609,FAC004,DEP002,BED0504,2025-02-01,2025-02-02,Emergency,1.6,Discharged
ADM005848,PAT05310,FAC001,DEP003,BED0028,2025-09-25,2025-09-27,Transfer,2.4,Discharged
ADM005849,PAT04630,FAC002,DEP005,BED0281,2025-08-31,2025-09-05,Elective,5.2,Discharged
ADM005858,PAT00380,FAC001,DEP004,BED0052,2025-11-21,2025-11-25,Emergency,4.3,Discharged
ADM005868,PAT07376,FAC004,DEP004,BED0477,2025-10-27,2025-11-02,Emergency,6.7,Discharged
ADM005874,PAT08736,FAC001,DEP002,BED0074,2025-11-08,2025-11-11,Emergency,3.5,Discharged
ADM005893,PAT03781,FAC001,DEP002,BED0127,2025-04-21,2025-04-21,Day Care,0.5,Discharged
ADM005904,PAT09160,FAC002,DEP001,BED0298,2025-05-30,2025-05-31,Emergency,1.3,Discharged
ADM005916,PAT08050,FAC001,DEP001,BED0046,2025-03-29,2025-03-31,Emergency,2.8,Discharged
ADM005917,PAT04437,FAC001,DEP008,BED0045,2025-09-05,2025-09-08,Emergency,3.8,Discharged
ADM005947,PAT01808,FAC001,DEP005,BED0006,2025-08-29,2025-08-31,Emergency,2.6,Discharged
ADM005949,PAT02612,FAC005,DEP001,BED0725,2025-06-09,2025-06-12,Elective,3.2,Discharged
ADM005952,PAT03892,FAC004,DEP002,BED0548,2025-05-07,2025-05-11,Elective,4.4,Discharged
ADM005953,PAT00837,FAC003,DEP005,BED0325,2025-06-16,2025-06-21,Emergency,5.5,Discharged
ADM005955,PAT01191,FAC001,DEP008,BED0033,2025-08-30,2025-08-31,Elective,1.0,Transferred
ADM005959,PAT02526,FAC001,DEP002,BED0147,2025-03-05,2025-03-08,Elective,3.7,Discharged
ADM005971,PAT08115,FAC001,DEP005,BED0059,2025-01-30,2025-01-31,Elective,1.5,Discharged
ADM005973,PAT08014,FAC001,DEP008,BED0048,2025-11-12,2025-11-26,Elective,14.0,Transferred
ADM005980,PAT06408,FAC004,DEP007,BED0451,2025-12-16,2025-12-16,Emergency,0.6,Discharged
ADM005983,PAT01531,FAC004,DEP007,BED0450,2025-08-03,2025-08-07,Emergency,4.4,Transferred
ADM005984,PAT03959,FAC005,DEP006,BED0695,2025-04-28,2025-04-30,Elective,2.9,Transferred
ADM005994,PAT00327,FAC001,DEP003,BED0113,2025-06-09,2025-06-09,Day Care,0.3,Discharged
ADM006003,PAT05744,FAC002,DEP002,BED0208,2025-10-06,2025-10-07,Emergency,1.8,Discharged
ADM006008,PAT01036,FAC004,DEP006,BED0515,2025-09-15,2025-09-15,Day Care,0.4,Discharged
ADM006015,PAT03546,FAC002,DEP007,BED0201,2025-02-16,2025-02-18,Elective,2.9,Discharged
ADM006016,PAT00114,FAC001,DEP008,BED0071,2025-09-25,2025-09-30,Emergency,5.6,Discharged
ADM006018,PAT02334,FAC004,DEP004,BED0488,2025-09-26,2025-10-01,Emergency,5.6,Discharged
ADM006019,PAT01979,FAC005,DEP005,BED0655,2025-09-29,2025-10-03,Transfer,4.3,Discharged
ADM006024,PAT06880,FAC004,DEP001,BED0456,2025-07-03,2025-07-05,Elective,2.7,Discharged
ADM006026,PAT03711,FAC004,DEP005,BED0499,2025-05-11,2025-05-11,Day Care,0.7,Discharged
ADM006034,PAT06551,FAC005,DEP001,BED0655,2025-08-08,2025-08-10,Emergency,2.7,Referred
ADM006037,PAT07945,FAC001,DEP005,BED0022,2025-12-20,2025-12-30,Emergency,10.2,Discharged
ADM006051,PAT03572,FAC001,DEP003,BED0060,2025-04-30,2025-04-30,Day Care,0.3,Discharged
ADM006062,PAT05307,FAC003,DEP003,BED0334,2025-04-14,2025-04-14,Day Care,0.4,Discharged
ADM006063,PAT06897,FAC002,DEP006,BED0205,2025-06-22,2025-06-25,Emergency,3.3,Discharged
ADM006074,PAT00411,FAC004,DEP005,BED0546,2025-12-18,2025-12-18,Day Care,0.8,Discharged
ADM006081,PAT02883,FAC001,DEP005,BED0055,2025-09-19,2025-09-22,Transfer,3.3,Referred
ADM006082,PAT04955,FAC003,DEP003,BED0341,2025-09-29,2025-09-29,Day Care,0.4,Discharged
ADM006085,PAT09341,FAC001,DEP008,BED0033,2025-12-30,2025-12-31,Elective,1.1,Transferred
ADM006086,PAT06071,FAC001,DEP002,BED0019,2025-08-01,2025-08-03,Emergency,2.6,Discharged
ADM006093,PAT08098,FAC001,DEP002,BED0187,2025-06-20,2025-06-28,Emergency,8.0,Discharged
ADM006099,PAT06850,FAC003,DEP001,BED0324,2025-08-25,2025-08-27,Elective,2.3,Discharged
ADM006101,PAT02418,FAC001,DEP008,BED0092,2025-01-12,2025-01-13,Elective,1.6,Discharged
ADM006102,PAT06316,FAC005,DEP008,BED0671,2025-02-24,2025-02-24,Elective,0.8,Discharged
ADM006111,PAT06096,FAC004,DEP007,BED0497,2025-07-05,2025-07-05,Emergency,0.6,Discharged
ADM006114,PAT08991,FAC004,DEP004,BED0476,2025-05-07,2025-05-08,Elective,1.1,Discharged
ADM006120,PAT07959,FAC004,DEP002,BED0562,2025-05-27,2025-05-28,Transfer,1.5,Discharged
ADM006121,PAT09485,FAC004,DEP005,BED0583,2025-06-27,2025-07-02,Transfer,5.2,Discharged
ADM006122,PAT07174,FAC005,DEP005,BED0613,2025-04-13,2025-04-14,Elective,1.3,Discharged
ADM006127,PAT08608,FAC005,DEP005,BED0644,2025-07-16,2025-07-20,Emergency,4.2,Discharged
ADM006135,PAT09553,FAC005,DEP003,BED0728,2025-06-25,2025-06-27,Elective,2.8,Discharged
ADM006136,PAT02092,FAC004,DEP004,BED0570,2025-11-05,2025-11-06,Transfer,1.0,Discharged
ADM006138,PAT00395,FAC002,DEP006,BED0292,2025-10-26,2025-10-29,Emergency,3.5,Referred
ADM006139,PAT05598,FAC004,DEP005,BED0448,2025-08-21,2025-08-22,Elective,1.9,Discharged
ADM006142,PAT03796,FAC005,DEP001,BED0712,2025-12-08,2025-12-10,Elective,2.1,Transferred
ADM006145,PAT04191,FAC001,DEP005,BED0016,2025-06-11,2025-06-11,Day Care,0.2,Discharged
ADM006146,PAT00114,FAC005,DEP003,BED0667,2025-06-03,2025-06-11,Emergency,8.8,Transferred
ADM006152,PAT01796,FAC002,DEP002,BED0299,2025-08-23,2025-08-28,Emergency,5.1,Discharged
ADM006154,PAT00435,FAC005,DEP005,BED0616,2025-02-28,2025-03-04,Elective,4.9,Transferred
ADM006158,PAT04302,FAC004,DEP002,BED0509,2025-11-09,2025-11-12,Emergency,3.1,Discharged
ADM006159,PAT05728,FAC002,DEP006,BED0233,2025-09-27,2025-10-08,Emergency,11.4,Transferred
ADM006166,PAT02975,FAC004,DEP005,BED0456,2025-06-20,2025-06-23,Transfer,3.1,Discharged
ADM006167,PAT08490,FAC001,DEP003,BED0137,2025-04-24,2025-04-25,Elective,1.7,Discharged
ADM006171,PAT05101,FAC001,DEP002,BED0159,2025-08-14,2025-08-14,Elective,0.8,Discharged
ADM006176,PAT01403,FAC001,DEP005,BED0018,2025-04-09,2025-04-09,Day Care,0.8,Discharged
ADM006177,PAT01369,FAC005,DEP006,BED0666,2025-10-02,2025-10-11,Emergency,9.6,Discharged
ADM006180,PAT07829,FAC005,DEP008,BED0606,2025-07-28,2025-08-01,Elective,4.9,Discharged
ADM006182,PAT08086,FAC002,DEP007,BED0209,2025-03-03,2025-03-08,Emergency,5.7,Discharged
ADM006189,PAT03653,FAC005,DEP006,BED0666,2025-07-31,2025-08-01,Elective,1.7,Discharged
ADM006202,PAT06689,FAC004,DEP005,BED0517,2025-01-15,2025-01-20,Elective,5.2,Transferred
ADM006203,PAT02560,FAC005,DEP008,BED0733,2025-01-19,2025-01-25,Emergency,6.6,Discharged
ADM006205,PAT06537,FAC005,DEP007,BED0658,2025-09-25,2025-09-27,Elective,2.2,Discharged
ADM006209,PAT03102,FAC004,DEP006,BED0435,2025-06-13,2025-06-17,Emergency,4.7,Referred
ADM006211,PAT03269,FAC002,DEP002,BED0196,2025-01-31,2025-02-02,Elective,2.7,Discharged
ADM006212,PAT08770,FAC004,DEP002,BED0478,2025-12-24,2026-01-06,Emergency,13.2,Discharged
ADM006214,PAT04915,FAC001,DEP005,BED0022,2025-03-28,2025-03-28,Day Care,0.3,Discharged
ADM006218,PAT02555,FAC005,DEP001,BED0651,2025-09-06,2025-09-06,Day Care,0.5,Discharged
ADM006222,PAT04476,FAC001,DEP008,BED0022,2025-08-27,2025-08-27,Day Care,0.7,Discharged
ADM006224,PAT02271,FAC003,DEP001,BED0325,2025-11-14,2025-11-21,Elective,7.8,Discharged
ADM006238,PAT04468,FAC003,DEP005,BED0395,2025-09-22,2025-10-01,Transfer,9.3,Discharged
ADM006239,PAT03207,FAC004,DEP005,BED0474,2025-05-11,2025-05-12,Elective,1.3,Discharged
ADM006244,PAT09515,FAC002,DEP005,BED0205,2025-04-30,2025-05-01,Elective,1.6,Discharged
ADM006252,PAT01954,FAC002,DEP006,BED0228,2025-05-14,2025-05-15,Emergency,1.3,Discharged
ADM006260,PAT06992,FAC001,DEP003,BED0043,2025-10-23,2025-10-27,Elective,4.7,Discharged
ADM006265,PAT03059,FAC001,DEP002,BED0127,2025-04-26,2025-04-26,Day Care,0.4,Discharged
ADM006275,PAT03775,FAC001,DEP005,BED0134,2025-09-03,2025-09-03,Elective,0.5,Discharged
ADM006282,PAT07945,FAC003,DEP003,BED0358,2025-04-27,2025-04-29,Elective,2.1,Discharged
ADM006286,PAT04150,FAC002,DEP001,BED0289,2025-08-27,2025-09-01,Emergency,5.4,Referred
ADM006292,PAT04257,FAC001,DEP002,BED0154,2025-12-05,2025-12-05,Elective,0.5,Discharged
ADM006301,PAT09951,FAC004,DEP002,BED0496,2025-05-05,2025-05-05,Day Care,0.5,Discharged
ADM006317,PAT08726,FAC005,DEP003,BED0671,2025-01-21,2025-01-22,Day Care,1.0,Discharged
ADM006319,PAT08583,FAC004,DEP006,BED0574,2025-11-20,2025-11-20,Day Care,0.5,Discharged
ADM006323,PAT07820,FAC004,DEP007,BED0499,2025-03-19,2025-03-20,Emergency,1.8,Discharged
ADM006333,PAT08918,FAC001,DEP003,BED0094,2025-08-25,2025-08-25,Day Care,0.2,Discharged
ADM006335,PAT05359,FAC002,DEP005,BED0245,2025-05-04,2025-05-08,Elective,4.8,Discharged
ADM006348,PAT02583,FAC001,DEP001,BED0096,2025-04-27,2025-05-01,Transfer,4.3,Discharged
ADM006357,PAT03036,FAC001,DEP005,BED0132,2025-04-05,2025-04-07,Elective,2.7,Discharged
ADM006359,PAT09692,FAC003,DEP005,BED0326,2025-09-01,2025-09-03,Elective,2.9,Discharged
ADM006362,PAT08969,FAC002,DEP005,BED0257,2025-02-18,2025-02-21,Elective,3.9,Against Medical Advice
ADM006375,PAT01356,FAC004,DEP004,BED0506,2025-09-09,2025-09-12,Transfer,3.1,Discharged
ADM006377,PAT00316,FAC001,DEP005,BED0007,2025-12-28,2025-12-31,Elective,3.9,Discharged
ADM006386,PAT07013,FAC005,DEP001,BED0663,2025-11-17,2025-11-18,Emergency,1.1,Discharged
ADM006391,PAT05272,FAC004,DEP004,BED0499,2025-03-20,2025-03-20,Emergency,0.9,Discharged
ADM006397,PAT08680,FAC005,DEP001,BED0720,2025-07-05,2025-07-06,Elective,1.8,Discharged
ADM006399,PAT06331,FAC004,DEP002,BED0545,2025-08-08,2025-08-12,Elective,4.0,Referred
ADM006401,PAT03296,FAC004,DEP004,BED0579,2025-04-19,2025-04-22,Emergency,3.3,Discharged
ADM006403,PAT08388,FAC005,DEP007,BED0656,2025-07-10,2025-07-10,Day Care,0.4,Discharged
ADM006406,PAT05590,FAC001,DEP001,BED0074,2025-01-12,2025-01-12,Elective,0.5,Discharged
ADM006413,PAT09647,FAC002,DEP005,BED0259,2025-10-16,2025-10-23,Transfer,7.7,Against Medical Advice
ADM006414,PAT04343,FAC004,DEP006,BED0467,2025-09-27,2025-10-02,Emergency,5.8,Referred
ADM006419,PAT02367,FAC002,DEP002,BED0255,2025-06-08,2025-06-08,Day Care,0.5,Discharged
ADM006428,PAT09001,FAC005,DEP006,BED0627,2025-02-24,2025-02-27,Emergency,3.4,Discharged
ADM006429,PAT01124,FAC003,DEP005,BED0325,2025-03-03,2025-03-05,Emergency,2.1,Transferred
ADM006454,PAT02513,FAC002,DEP005,BED0201,2025-01-16,2025-01-16,Day Care,0.3,Discharged
ADM006455,PAT09897,FAC004,DEP001,BED0439,2025-04-20,2025-04-21,Elective,1.0,Discharged
ADM006457,PAT06299,FAC001,DEP001,BED0018,2025-06-19,2025-06-21,Emergency,2.3,Discharged
ADM006462,PAT00028,FAC003,DEP008,BED0376,2025-04-11,2025-04-15,Transfer,4.0,Discharged
ADM006463,PAT05479,FAC001,DEP005,BED0038,2025-06-12,2025-06-12,Day Care,0.8,Discharged
ADM006466,PAT02324,FAC003,DEP003,BED0350,2025-08-29,2025-09-01,Emergency,3.5,Discharged
ADM006471,PAT04360,FAC005,DEP003,BED0711,2025-10-16,2025-10-17,Elective,1.8,Discharged
ADM006479,PAT05217,FAC004,DEP004,BED0569,2025-09-14,2025-09-15,Elective,1.7,Discharged
ADM006485,PAT05385,FAC003,DEP008,BED0375,2025-05-28,2025-05-28,Elective,0.5,Discharged
ADM006494,PAT00684,FAC005,DEP003,BED0706,2025-09-07,2025-09-11,Elective,4.9,Discharged
ADM006508,PAT05156,FAC004,DEP002,BED0561,2025-01-13,2025-01-13,Day Care,0.7,Discharged
ADM006514,PAT04305,FAC002,DEP006,BED0293,2025-09-12,2025-09-12,Day Care,0.6,Discharged
ADM006520,PAT03106,FAC004,DEP005,BED0506,2025-10-04,2025-10-09,Emergency,5.5,Discharged
ADM006524,PAT00305,FAC004,DEP001,BED0474,2025-06-27,2025-06-30,Elective,3.0,Discharged
ADM006526,PAT01563,FAC004,DEP002,BED0485,2025-02-17,2025-02-20,Emergency,3.4,Discharged
ADM006537,PAT08980,FAC003,DEP008,BED0415,2025-10-25,2025-10-26,Elective,1.4,Discharged
ADM006539,PAT04334,FAC003,DEP008,BED0377,2025-02-19,2025-02-20,Elective,1.4,Discharged
ADM006549,PAT08325,FAC005,DEP005,BED0639,2025-08-07,2025-08-10,Emergency,3.6,Discharged
ADM006553,PAT09726,FAC004,DEP007,BED0530,2025-01-17,2025-01-17,Day Care,0.4,Discharged
ADM006556,PAT08331,FAC002,DEP006,BED0251,2025-01-12,2025-01-13,Elective,1.2,Discharged
ADM006559,PAT08262,FAC004,DEP002,BED0572,2025-11-29,2025-11-30,Elective,1.1,Discharged
ADM006561,PAT08188,FAC003,DEP001,BED0375,2025-05-06,2025-05-07,Elective,1.4,Discharged
ADM006566,PAT09692,FAC004,DEP007,BED0587,2025-02-11,2025-02-11,Day Care,0.7,Discharged
ADM006571,PAT09702,FAC001,DEP002,BED0035,2025-05-03,2025-05-04,Elective,1.4,Discharged
ADM006575,PAT06685,FAC001,DEP002,BED0066,2025-02-21,2025-02-21,Elective,0.5,Discharged
ADM006584,PAT08325,FAC005,DEP001,BED0629,2025-02-22,2025-02-22,Day Care,0.8,Discharged
ADM006587,PAT09442,FAC005,DEP008,BED0652,2025-04-13,2025-04-16,Transfer,3.7,Discharged
ADM006591,PAT03510,FAC001,DEP005,BED0058,2025-12-22,2025-12-27,Transfer,5.2,Discharged
ADM006592,PAT07502,FAC005,DEP005,BED0611,2025-06-11,2025-06-15,Elective,4.1,Discharged
ADM006601,PAT09202,FAC003,DEP003,BED0391,2025-07-16,2025-07-16,Day Care,0.3,Discharged
ADM006605,PAT05621,FAC002,DEP005,BED0223,2025-08-29,2025-08-30,Elective,1.6,Discharged
ADM006606,PAT00334,FAC001,DEP003,BED0013,2025-07-21,2025-07-22,Elective,1.8,Discharged
ADM006608,PAT02118,FAC002,DEP005,BED0209,2025-03-02,2025-03-06,Emergency,4.2,Discharged
ADM006610,PAT09333,FAC004,DEP001,BED0523,2025-06-25,2025-06-26,Day Care,1.0,Discharged
ADM006611,PAT00725,FAC004,DEP002,BED0580,2025-04-21,2025-04-21,Day Care,0.7,Referred
ADM006614,PAT03835,FAC001,DEP004,BED0053,2025-10-02,2025-10-02,Elective,0.5,Discharged
ADM006629,PAT03039,FAC002,DEP007,BED0242,2025-04-10,2025-04-14,Elective,4.0,Discharged
ADM006631,PAT00132,FAC004,DEP006,BED0483,2025-03-31,2025-04-03,Transfer,3.5,Discharged
ADM006632,PAT02358,FAC004,DEP004,BED0585,2025-01-12,2025-01-18,Elective,6.3,Discharged
ADM006634,PAT06992,FAC002,DEP005,BED0208,2025-03-12,2025-03-12,Emergency,0.8,Discharged
ADM006635,PAT09732,FAC001,DEP002,BED0178,2025-08-03,2025-08-06,Emergency,3.7,Discharged
ADM006643,PAT08493,FAC004,DEP001,BED0502,2025-05-05,2025-05-09,Emergency,4.9,Discharged
ADM006645,PAT05752,FAC003,DEP001,BED0388,2025-08-01,2025-08-01,Elective,0.6,Referred
ADM006648,PAT01298,FAC005,DEP007,BED0648,2025-04-24,2025-04-30,Elective,6.3,Referred
ADM006649,PAT02693,FAC001,DEP005,BED0139,2025-05-03,2025-05-07,Elective,4.5,Discharged
ADM006652,PAT00305,FAC002,DEP005,BED0287,2025-11-19,2025-11-19,Day Care,0.4,Discharged
ADM006660,PAT01254,FAC003,DEP005,BED0372,2025-11-02,2025-11-02,Day Care,0.5,Discharged
ADM006669,PAT04063,FAC001,DEP005,BED0072,2025-07-31,2025-08-02,Transfer,2.5,Discharged
ADM006672,PAT07041,FAC001,DEP002,BED0132,2025-04-06,2025-04-06,Day Care,0.2,Discharged
ADM006676,PAT07502,FAC005,DEP008,BED0646,2025-06-20,2025-06-21,Elective,1.0,Discharged
ADM006682,PAT08731,FAC005,DEP001,BED0632,2025-03-27,2025-03-28,Day Care,1.0,Discharged
ADM006698,PAT04448,FAC004,DEP006,BED0476,2025-12-08,2025-12-11,Emergency,3.1,Discharged
ADM006706,PAT01311,FAC004,DEP002,BED0443,2025-05-28,2025-06-01,Elective,4.1,Discharged
ADM006707,PAT06265,FAC004,DEP007,BED0568,2025-04-28,2025-04-29,Elective,1.2,Discharged
ADM006709,PAT07014,FAC002,DEP001,BED0249,2025-06-28,2025-06-28,Elective,0.9,Discharged
ADM006714,PAT07151,FAC004,DEP006,BED0485,2025-11-29,2025-12-05,Emergency,6.5,Discharged
ADM006718,PAT08823,FAC004,DEP004,BED0451,2025-07-21,2025-07-21,Elective,0.5,Discharged
ADM006720,PAT03388,FAC003,DEP007,BED0335,2025-08-24,2025-08-24,Emergency,0.7,Discharged
ADM006723,PAT07696,FAC001,DEP002,BED0066,2025-08-14,2025-08-16,Elective,2.9,Discharged
ADM006726,PAT09786,FAC002,DEP002,BED0224,2025-11-02,2025-11-02,Day Care,0.6,Against Medical Advice
ADM006729,PAT07376,FAC005,DEP008,BED0698,2025-01-31,2025-02-07,Elective,7.4,Discharged
ADM006730,PAT03387,FAC002,DEP006,BED0213,2025-06-01,2025-06-04,Emergency,3.5,Transferred
ADM006734,PAT05744,FAC002,DEP002,BED0193,2025-08-11,2025-08-11,Day Care,0.8,Discharged
ADM006739,PAT09245,FAC005,DEP006,BED0655,2025-11-01,2025-11-02,Transfer,1.5,Transferred
ADM006747,PAT00009,FAC001,DEP004,BED0093,2025-11-23,2025-11-29,Elective,6.0,Discharged
ADM006755,PAT04076,FAC003,DEP007,BED0359,2025-11-12,2025-11-14,Emergency,2.4,Discharged
ADM006758,PAT03046,FAC004,DEP007,BED0471,2025-11-22,2025-11-26,Transfer,4.5,Discharged
ADM006767,PAT04505,FAC001,DEP002,BED0056,2025-08-18,2025-08-21,Elective,3.1,Discharged
ADM006770,PAT08331,FAC001,DEP001,BED0005,2025-06-26,2025-07-01,Elective,5.2,Discharged
ADM006772,PAT06335,FAC003,DEP008,BED0376,2025-02-03,2025-02-04,Elective,1.6,Discharged
ADM006791,PAT00377,FAC003,DEP005,BED0417,2025-10-21,2025-10-29,Emergency,8.7,Discharged
ADM006798,PAT02597,FAC002,DEP005,BED0194,2025-03-16,2025-03-17,Elective,1.5,Transferred
ADM006804,PAT08529,FAC001,DEP003,BED0033,2025-02-19,2025-02-21,Elective,2.0,Discharged
ADM006810,PAT06432,FAC001,DEP002,BED0190,2025-06-04,2025-06-05,Emergency,1.2,Discharged
ADM006815,PAT07751,FAC004,DEP006,BED0521,2025-10-30,2025-11-02,Transfer,3.6,Discharged
ADM006817,PAT04004,FAC005,DEP006,BED0625,2025-06-15,2025-06-21,Elective,6.6,Discharged
ADM006824,PAT06424,FAC002,DEP001,BED0216,2025-11-15,2025-11-15,Elective,0.5,Discharged
ADM006826,PAT09989,FAC004,DEP002,BED0479,2025-07-11,2025-07-11,Elective,0.5,Discharged
ADM006840,PAT07043,FAC003,DEP008,BED0312,2025-08-11,2025-08-17,Emergency,6.2,Discharged
ADM006844,PAT06108,FAC003,DEP005,BED0373,2025-09-03,2025-09-03,Elective,0.8,Referred
ADM006849,PAT05465,FAC004,DEP007,BED0555,2025-10-28,2025-11-08,Transfer,11.0,Discharged
ADM006853,PAT09839,FAC001,DEP003,BED0122,2025-04-06,2025-04-06,Day Care,0.6,Discharged
ADM006870,PAT08371,FAC005,DEP007,BED0671,2025-02-10,2025-02-14,Elective,4.3,Discharged
ADM006883,PAT02287,FAC004,DEP007,BED0556,2025-10-26,2025-10-30,Transfer,4.2,Discharged
ADM006887,PAT06713,FAC001,DEP001,BED0121,2025-01-29,2025-01-29,Day Care,0.5,Against Medical Advice
ADM006896,PAT00285,FAC003,DEP005,BED0307,2025-10-08,2025-10-09,Elective,1.4,Discharged
ADM006898,PAT02486,FAC001,DEP001,BED0041,2025-09-04,2025-09-12,Emergency,8.8,Discharged
ADM006899,PAT05624,FAC002,DEP001,BED0248,2025-11-16,2025-11-16,Day Care,0.7,Discharged
ADM006905,PAT08890,FAC005,DEP001,BED0644,2025-04-16,2025-04-16,Day Care,0.6,Discharged
ADM006913,PAT06558,FAC005,DEP007,BED0690,2025-12-11,2025-12-13,Elective,2.2,Discharged
ADM006917,PAT00474,FAC004,DEP006,BED0487,2025-02-11,2025-02-17,Transfer,6.9,Discharged
ADM006924,PAT07158,FAC001,DEP003,BED0118,2025-09-18,2025-09-21,Transfer,3.5,Discharged
ADM006925,PAT06632,FAC004,DEP006,BED0556,2025-06-02,2025-06-03,Elective,1.4,Discharged
ADM006926,PAT09405,FAC004,DEP001,BED0457,2025-06-09,2025-06-09,Day Care,0.3,Discharged
ADM006932,PAT03947,FAC002,DEP006,BED0196,2025-10-12,2025-10-13,Emergency,1.9,Discharged
ADM006934,PAT08274,FAC001,DEP001,BED0016,2025-05-25,2025-05-25,Elective,0.5,Transferred
ADM006936,PAT01663,FAC001,DEP003,BED0084,2025-07-06,2025-07-10,Elective,4.8,Discharged
ADM006941,PAT09870,FAC001,DEP005,BED0086,2025-04-10,2025-04-11,Elective,1.6,Discharged
ADM006942,PAT04065,FAC001,DEP001,BED0023,2025-06-01,2025-06-02,Transfer,1.9,Discharged
ADM006947,PAT01454,FAC002,DEP005,BED0266,2025-03-03,2025-03-05,Elective,2.5,Discharged
ADM006950,PAT05550,FAC004,DEP007,BED0467,2025-06-24,2025-06-25,Emergency,1.5,Discharged
ADM006951,PAT03563,FAC001,DEP005,BED0138,2025-05-22,2025-06-04,Elective,13.9,Discharged
ADM006959,PAT00048,FAC002,DEP006,BED0267,2025-05-01,2025-05-01,Day Care,0.9,Transferred
ADM006981,PAT04392,FAC004,DEP004,BED0473,2025-05-09,2025-05-11,Emergency,2.2,Referred
ADM006985,PAT07820,FAC004,DEP001,BED0494,2025-07-09,2025-07-13,Emergency,4.1,Discharged
ADM006988,PAT01804,FAC003,DEP007,BED0364,2025-07-01,2025-07-03,Elective,2.9,Discharged
ADM006989,PAT07650,FAC005,DEP001,BED0612,2025-06-30,2025-06-30,Day Care,0.6,Discharged
ADM006992,PAT06046,FAC005,DEP008,BED0633,2025-01-25,2025-01-29,Emergency,4.1,Discharged
ADM007001,PAT05934,FAC004,DEP001,BED0466,2025-04-14,2025-04-19,Emergency,5.4,Discharged
ADM007010,PAT04334,FAC005,DEP001,BED0707,2025-07-14,2025-07-21,Elective,7.1,Discharged
ADM007011,PAT03709,FAC004,DEP005,BED0495,2025-09-24,2025-09-24,Transfer,0.5,Discharged
ADM007016,PAT05959,FAC002,DEP005,BED0303,2025-12-07,2025-12-07,Emergency,0.6,Discharged
ADM007019,PAT08373,FAC004,DEP005,BED0492,2025-03-11,2025-03-14,Emergency,3.4,Discharged
ADM007021,PAT01859,FAC003,DEP008,BED0324,2025-09-09,2025-09-09,Day Care,0.5,Discharged
ADM007023,PAT05305,FAC003,DEP008,BED0351,2025-05-06,2025-05-08,Transfer,2.0,Discharged
ADM007025,PAT00171,FAC003,DEP005,BED0429,2025-03-14,2025-03-15,Emergency,1.5,Discharged
ADM007026,PAT08461,FAC002,DEP007,BED0210,2025-04-29,2025-05-01,Emergency,2.1,Discharged
ADM007033,PAT06551,FAC003,DEP008,BED0421,2025-09-29,2025-10-04,Emergency,5.2,Discharged
ADM007035,PAT07714,FAC005,DEP007,BED0632,2025-10-09,2025-10-12,Elective,3.1,Discharged
ADM007048,PAT08374,FAC005,DEP008,BED0736,2025-09-27,2025-09-28,Elective,1.9,Discharged
ADM007051,PAT07043,FAC002,DEP006,BED0201,2025-08-23,2025-08-30,Elective,7.6,Discharged
ADM007053,PAT03469,FAC002,DEP006,BED0219,2025-11-28,2025-11-28,Day Care,0.9,Discharged
ADM007061,PAT08590,FAC005,DEP003,BED0741,2025-02-01,2025-02-09,Emergency,8.7,Discharged
ADM007062,PAT06189,FAC002,DEP001,BED0226,2025-07-10,2025-07-15,Emergency,5.0,Discharged
ADM007068,PAT06135,FAC005,DEP007,BED0726,2025-04-26,2025-04-26,Elective,0.8,Discharged
ADM007074,PAT01198,FAC001,DEP004,BED0043,2025-07-20,2025-07-23,Elective,3.1,Discharged
ADM007078,PAT03979,FAC002,DEP006,BED0192,2025-12-01,2025-12-01,Day Care,0.2,Discharged
ADM007082,PAT00559,FAC001,DEP004,BED0054,2025-11-29,2025-12-02,Elective,3.6,Discharged
ADM007084,PAT00534,FAC001,DEP005,BED0162,2025-09-26,2025-09-28,Elective,2.5,Discharged
ADM007096,PAT01431,FAC003,DEP007,BED0418,2025-05-10,2025-05-10,Day Care,0.2,Discharged
ADM007099,PAT05460,FAC002,DEP006,BED0275,2025-05-16,2025-05-16,Day Care,0.3,Discharged
ADM007100,PAT01011,FAC005,DEP001,BED0641,2025-08-24,2025-09-01,Transfer,8.2,Discharged
ADM007102,PAT01945,FAC005,DEP008,BED0675,2025-03-13,2025-03-13,Day Care,0.4,Discharged
ADM007105,PAT02127,FAC005,DEP006,BED0652,2025-09-07,2025-09-08,Emergency,1.9,Discharged
ADM007108,PAT01594,FAC002,DEP001,BED0281,2025-06-14,2025-06-17,Elective,3.4,Discharged
ADM007112,PAT03438,FAC001,DEP001,BED0028,2025-04-07,2025-04-07,Day Care,0.9,Discharged
ADM007114,PAT07717,FAC004,DEP006,BED0490,2025-09-15,2025-09-18,Elective,3.8,Discharged
ADM007123,PAT09660,FAC001,DEP004,BED0150,2025-10-12,2025-10-12,Day Care,0.4,Discharged
ADM007125,PAT08626,FAC003,DEP007,BED0364,2025-05-21,2025-05-22,Emergency,1.1,Discharged
ADM007130,PAT09238,FAC004,DEP006,BED0456,2025-01-10,2025-01-13,Emergency,3.5,Discharged
ADM007136,PAT01656,FAC004,DEP004,BED0485,2025-05-16,2025-05-18,Emergency,2.1,Discharged
ADM007137,PAT00908,FAC003,DEP001,BED0372,2025-05-11,2025-05-12,Elective,1.4,Discharged
ADM007140,PAT03080,FAC001,DEP004,BED0142,2025-02-18,2025-02-20,Transfer,2.3,Discharged
ADM007153,PAT00275,FAC005,DEP008,BED0746,2025-08-28,2025-08-28,Emergency,0.5,Discharged
ADM007156,PAT03657,FAC001,DEP002,BED0005,2025-08-10,2025-08-11,Elective,1.1,Discharged
ADM007163,PAT09431,FAC001,DEP002,BED0085,2025-02-25,2025-02-27,Elective,2.5,Discharged
ADM007172,PAT02035,FAC004,DEP001,BED0460,2025-08-09,2025-08-12,Emergency,3.0,Discharged
ADM007175,PAT04849,FAC005,DEP006,BED0611,2025-12-13,2025-12-14,Elective,1.7,Discharged
ADM007176,PAT02526,FAC001,DEP005,BED0022,2025-05-28,2025-06-02,Emergency,5.4,Discharged
ADM007185,PAT04673,FAC003,DEP005,BED0329,2025-03-22,2025-03-22,Day Care,0.6,Discharged
ADM007188,PAT09516,FAC003,DEP001,BED0417,2025-07-06,2025-07-06,Day Care,0.4,Transferred
ADM007191,PAT03711,FAC001,DEP002,BED0140,2025-03-07,2025-03-08,Elective,1.9,Transferred
ADM007196,PAT04111,FAC001,DEP001,BED0098,2025-09-24,2025-09-28,Elective,4.7,Discharged
ADM007202,PAT09744,FAC004,DEP007,BED0488,2025-04-08,2025-04-09,Emergency,1.9,Discharged
ADM007205,PAT06694,FAC005,DEP008,BED0609,2025-08-01,2025-08-06,Emergency,5.8,Discharged
ADM007210,PAT00625,FAC001,DEP004,BED0169,2025-09-29,2025-10-02,Emergency,3.4,Discharged
ADM007211,PAT03659,FAC005,DEP001,BED0665,2025-01-06,2025-01-14,Emergency,8.2,Discharged
ADM007212,PAT01912,FAC005,DEP007,BED0669,2025-09-13,2025-09-20,Emergency,7.8,Discharged
ADM007213,PAT06148,FAC002,DEP007,BED0222,2025-06-17,2025-06-18,Elective,1.9,Discharged
ADM007224,PAT06108,FAC002,DEP002,BED0300,2025-09-11,2025-09-15,Emergency,4.1,Discharged
ADM007225,PAT06851,FAC005,DEP008,BED0689,2025-07-26,2025-07-30,Elective,4.8,Discharged
ADM007237,PAT00812,FAC005,DEP001,BED0653,2025-12-15,2025-12-19,Elective,4.8,Discharged
ADM007250,PAT06316,FAC004,DEP007,BED0587,2025-08-09,2025-08-10,Elective,1.3,Discharged
ADM007252,PAT04722,FAC002,DEP006,BED0283,2025-11-01,2025-11-01,Day Care,0.7,Discharged
ADM007255,PAT08635,FAC001,DEP004,BED0096,2025-05-14,2025-05-16,Elective,2.5,Discharged
ADM007257,PAT00462,FAC003,DEP007,BED0384,2025-11-16,2025-11-16,Transfer,0.9,Discharged
ADM007259,PAT08137,FAC001,DEP003,BED0148,2025-01-06,2025-01-06,Day Care,0.4,Discharged
ADM007272,PAT03752,FAC001,DEP001,BED0118,2025-12-06,2025-12-06,Day Care,0.3,Discharged
ADM007288,PAT05737,FAC001,DEP003,BED0006,2025-01-16,2025-01-17,Elective,1.6,Discharged
ADM007289,PAT00300,FAC005,DEP003,BED0661,2025-05-16,2025-05-16,Emergency,0.9,Discharged
ADM007293,PAT02609,FAC005,DEP008,BED0718,2025-04-14,2025-04-14,Day Care,0.5,Discharged
ADM007295,PAT04607,FAC005,DEP005,BED0722,2025-09-09,2025-09-09,Elective,0.7,Discharged
ADM007300,PAT06670,FAC004,DEP005,BED0589,2025-11-05,2025-11-11,Emergency,6.0,Discharged
ADM007302,PAT00818,FAC005,DEP005,BED0718,2025-10-04,2025-10-05,Elective,1.6,Discharged
ADM007304,PAT08150,FAC001,DEP003,BED0175,2025-01-14,2025-01-17,Elective,3.1,Discharged
ADM007310,PAT00115,FAC002,DEP001,BED0222,2025-07-15,2025-07-18,Elective,3.8,Discharged
ADM007317,PAT07692,FAC001,DEP005,BED0131,2025-01-28,2025-01-28,Transfer,0.8,Discharged
ADM007322,PAT07742,FAC002,DEP002,BED0222,2025-05-21,2025-05-23,Elective,2.0,Discharged
ADM007323,PAT02358,FAC005,DEP005,BED0619,2025-06-20,2025-06-20,Day Care,0.6,Discharged
ADM007326,PAT07400,FAC004,DEP004,BED0451,2025-12-17,2025-12-19,Elective,2.0,Discharged
ADM007327,PAT02479,FAC004,DEP007,BED0477,2025-02-08,2025-02-17,Elective,9.8,Discharged
ADM007328,PAT04270,FAC002,DEP001,BED0228,2025-01-16,2025-01-19,Elective,3.6,Discharged
ADM007335,PAT04314,FAC004,DEP007,BED0550,2025-08-29,2025-09-02,Transfer,4.5,Discharged
ADM007337,PAT00089,FAC001,DEP008,BED0127,2025-02-22,2025-02-26,Elective,4.6,Discharged
ADM007341,PAT09150,FAC001,DEP003,BED0001,2025-05-15,2025-05-16,Emergency,1.7,Discharged
ADM007347,PAT09452,FAC004,DEP002,BED0524,2025-03-18,2025-03-18,Elective,0.7,Discharged
ADM007357,PAT02324,FAC004,DEP004,BED0488,2025-03-31,2025-04-02,Elective,2.6,Discharged
ADM007371,PAT08006,FAC004,DEP001,BED0530,2025-04-17,2025-04-22,Transfer,5.0,Against Medical Advice
ADM007376,PAT06436,FAC005,DEP006,BED0631,2025-07-09,2025-07-09,Elective,0.5,Transferred
ADM007382,PAT00170,FAC005,DEP001,BED0666,2025-09-06,2025-09-15,Elective,9.3,Discharged
ADM007386,PAT09884,FAC004,DEP007,BED0559,2025-02-17,2025-02-25,Elective,8.6,Discharged
ADM007395,PAT08073,FAC005,DEP006,BED0621,2025-10-18,2025-10-24,Emergency,6.9,Referred
ADM007396,PAT01483,FAC003,DEP005,BED0316,2025-02-28,2025-02-28,Day Care,0.6,Discharged
ADM007400,PAT03515,FAC001,DEP004,BED0164,2025-01-19,2025-01-21,Emergency,2.1,Discharged
ADM007403,PAT04405,FAC001,DEP008,BED0078,2025-05-09,2025-05-13,Emergency,4.4,Discharged
ADM007406,PAT08094,FAC003,DEP005,BED0427,2025-01-19,2025-01-19,Emergency,0.5,Discharged
ADM007429,PAT05599,FAC002,DEP002,BED0223,2025-04-16,2025-04-18,Transfer,2.8,Discharged
ADM007430,PAT00539,FAC002,DEP006,BED0262,2025-03-22,2025-03-28,Elective,6.6,Discharged
ADM007433,PAT08150,FAC004,DEP007,BED0583,2025-03-31,2025-04-03,Emergency,3.5,Discharged
ADM007434,PAT07252,FAC004,DEP006,BED0588,2025-12-08,2025-12-12,Emergency,4.9,Discharged
ADM007436,PAT04803,FAC001,DEP001,BED0123,2025-12-20,2025-12-20,Day Care,0.8,Discharged
ADM007439,PAT01415,FAC001,DEP008,BED0032,2025-06-14,2025-06-15,Elective,1.3,Transferred
ADM007441,PAT03469,FAC004,DEP001,BED0475,2025-07-12,2025-07-17,Elective,5.9,Discharged
ADM007446,PAT05872,FAC003,DEP005,BED0329,2025-11-07,2025-11-08,Elective,1.2,Discharged
ADM007451,PAT06349,FAC004,DEP005,BED0580,2025-12-08,2025-12-09,Emergency,1.5,Referred
ADM007459,PAT09190,FAC001,DEP008,BED0188,2025-04-03,2025-04-06,Emergency,3.1,Discharged
ADM007468,PAT08884,FAC005,DEP001,BED0609,2025-04-22,2025-04-30,Emergency,8.6,Discharged
ADM007470,PAT01179,FAC001,DEP003,BED0041,2025-09-02,2025-09-06,Emergency,4.5,Discharged
ADM007474,PAT07111,FAC003,DEP003,BED0346,2025-10-26,2025-10-26,Day Care,0.8,Discharged
ADM007483,PAT05964,FAC005,DEP005,BED0641,2025-09-06,2025-09-06,Day Care,0.7,Discharged
ADM007492,PAT03296,FAC003,DEP003,BED0335,2025-03-15,2025-03-17,Emergency,2.6,Discharged
ADM007494,PAT01451,FAC005,DEP005,BED0650,2025-10-04,2025-10-08,Elective,4.8,Referred
ADM007522,PAT03496,FAC004,DEP001,BED0550,2025-10-05,2025-10-06,Elective,1.2,Discharged
ADM007531,PAT03018,FAC004,DEP002,BED0502,2025-11-19,2025-11-21,Elective,2.7,Discharged
ADM007538,PAT01226,FAC003,DEP007,BED0354,2025-01-12,2025-01-13,Transfer,1.0,Discharged
ADM007541,PAT03185,FAC001,DEP001,BED0009,2025-12-05,2025-12-07,Emergency,2.5,Discharged
ADM007542,PAT03785,FAC003,DEP008,BED0382,2025-12-11,2025-12-13,Elective,2.2,Referred
ADM007545,PAT06265,FAC001,DEP005,BED0062,2025-01-18,2025-01-21,Emergency,3.4,Discharged
ADM007550,PAT06979,FAC005,DEP003,BED0740,2025-03-16,2025-03-17,Emergency,1.4,Discharged
ADM007551,PAT03533,FAC004,DEP005,BED0563,2025-02-25,2025-02-26,Elective,1.3,Discharged
ADM007553,PAT03617,FAC005,DEP005,BED0629,2025-05-16,2025-05-19,Elective,3.0,Referred
ADM007566,PAT07863,FAC003,DEP007,BED0334,2025-05-12,2025-05-15,Elective,3.5,Discharged
ADM007570,PAT09682,FAC004,DEP004,BED0540,2025-08-22,2025-08-22,Day Care,0.6,Discharged
ADM007571,PAT01603,FAC001,DEP008,BED0176,2025-06-13,2025-06-18,Emergency,5.3,Discharged
ADM007589,PAT04217,FAC002,DEP001,BED0201,2025-11-04,2025-11-05,Elective,1.6,Discharged
ADM007594,PAT01140,FAC003,DEP003,BED0364,2025-03-02,2025-03-09,Transfer,7.2,Discharged
ADM007608,PAT03903,FAC001,DEP001,BED0082,2025-02-08,2025-02-10,Emergency,2.0,Discharged
ADM007614,PAT00818,FAC003,DEP007,BED0359,2025-06-07,2025-06-10,Emergency,3.7,Discharged
ADM007620,PAT07111,FAC004,DEP006,BED0457,2025-03-13,2025-03-14,Elective,1.0,Discharged
ADM007622,PAT00980,FAC005,DEP001,BED0712,2025-06-26,2025-07-04,Elective,8.9,Transferred
ADM007636,PAT05130,FAC001,DEP001,BED0016,2025-05-09,2025-05-09,Day Care,0.6,Discharged
ADM007637,PAT02118,FAC004,DEP004,BED0448,2025-11-17,2025-11-20,Elective,3.3,Discharged
ADM007641,PAT06322,FAC002,DEP007,BED0284,2025-09-09,2025-09-20,Elective,11.7,Discharged
ADM007647,PAT08724,FAC003,DEP005,BED0345,2025-01-15,2025-01-24,Elective,9.0,Discharged
ADM007654,PAT06889,FAC001,DEP005,BED0015,2025-04-24,2025-04-24,Elective,0.5,Discharged
ADM007655,PAT09913,FAC001,DEP002,BED0003,2025-10-11,2025-10-17,Transfer,6.5,Discharged
ADM007656,PAT09482,FAC003,DEP001,BED0379,2025-09-24,2025-09-24,Elective,0.9,Discharged
ADM007658,PAT05903,FAC003,DEP005,BED0378,2025-02-24,2025-02-25,Elective,1.6,Discharged
ADM007661,PAT04897,FAC004,DEP006,BED0579,2025-03-28,2025-04-01,Transfer,4.9,Discharged
ADM007662,PAT03612,FAC004,DEP005,BED0482,2025-11-22,2025-11-23,Emergency,1.1,Discharged
ADM007668,PAT04490,FAC002,DEP007,BED0211,2025-08-20,2025-08-21,Elective,1.8,Discharged
ADM007676,PAT03269,FAC004,DEP006,BED0528,2025-06-24,2025-06-24,Day Care,0.4,Discharged
ADM007681,PAT04666,FAC001,DEP001,BED0012,2025-01-12,2025-01-17,Elective,5.3,Discharged
ADM007685,PAT04873,FAC003,DEP005,BED0312,2025-04-16,2025-04-18,Elective,2.4,Discharged
ADM007687,PAT08736,FAC004,DEP004,BED0586,2025-09-21,2025-09-23,Emergency,2.7,Discharged
ADM007695,PAT05218,FAC001,DEP003,BED0150,2025-01-31,2025-02-01,Elective,1.5,Discharged
ADM007696,PAT04515,FAC001,DEP003,BED0092,2025-01-22,2025-01-24,Elective,2.3,Discharged
ADM007702,PAT05501,FAC001,DEP004,BED0174,2025-05-18,2025-05-18,Elective,0.9,Referred
ADM007708,PAT00331,FAC001,DEP003,BED0172,2025-03-22,2025-03-30,Emergency,8.6,Discharged
ADM007710,PAT01633,FAC005,DEP008,BED0737,2025-10-02,2025-10-02,Day Care,0.6,Discharged
ADM007711,PAT02217,FAC005,DEP001,BED0691,2025-01-10,2025-01-15,Elective,5.9,Discharged
ADM007712,PAT09736,FAC005,DEP001,BED0702,2025-12-24,2025-12-26,Elective,2.2,Discharged
ADM007713,PAT06919,FAC001,DEP004,BED0036,2025-05-06,2025-05-07,Emergency,1.2,Discharged
ADM007715,PAT06492,FAC002,DEP007,BED0239,2025-04-04,2025-04-09,Elective,5.4,Discharged
ADM007716,PAT00170,FAC001,DEP002,BED0027,2025-09-17,2025-09-18,Elective,1.8,Discharged
ADM007725,PAT05307,FAC001,DEP008,BED0126,2025-12-04,2025-12-04,Day Care,0.4,Discharged
ADM007727,PAT02993,FAC004,DEP001,BED0450,2025-04-17,2025-04-19,Emergency,2.6,Discharged
ADM007728,PAT08283,FAC005,DEP007,BED0694,2025-04-17,2025-04-18,Transfer,1.6,Referred
ADM007732,PAT06336,FAC004,DEP002,BED0448,2025-03-14,2025-03-15,Emergency,1.1,Against Medical Advice
ADM007741,PAT09717,FAC003,DEP008,BED0309,2025-07-22,2025-07-23,Elective,1.1,Discharged
ADM007743,PAT08383,FAC004,DEP004,BED0459,2025-02-23,2025-02-27,Emergency,4.0,Discharged
ADM007751,PAT05479,FAC005,DEP001,BED0647,2025-04-12,2025-04-18,Transfer,6.1,Referred
ADM007755,PAT00096,FAC005,DEP007,BED0621,2025-07-27,2025-08-04,Emergency,8.5,Discharged
ADM007760,PAT05095,FAC003,DEP001,BED0421,2025-03-24,2025-03-27,Emergency,3.3,Discharged
ADM007771,PAT02272,FAC005,DEP006,BED0735,2025-04-23,2025-04-23,Day Care,0.7,Discharged
ADM007777,PAT04955,FAC003,DEP005,BED0333,2025-04-12,2025-04-15,Elective,3.3,Discharged
ADM007778,PAT00938,FAC001,DEP003,BED0046,2025-12-30,2026-01-02,Transfer,3.4,Discharged
ADM007787,PAT04591,FAC005,DEP005,BED0601,2025-06-24,2025-07-01,Emergency,7.3,Discharged
ADM007794,PAT08818,FAC001,DEP004,BED0105,2025-08-19,2025-08-19,Day Care,0.8,Discharged
ADM007806,PAT05555,FAC002,DEP005,BED0242,2025-07-03,2025-07-08,Transfer,5.1,Discharged
ADM007813,PAT00531,FAC004,DEP005,BED0506,2025-09-28,2025-10-06,Elective,8.1,Discharged
ADM007816,PAT07530,FAC001,DEP004,BED0047,2025-01-11,2025-01-14,Elective,3.7,Discharged
ADM007820,PAT05220,FAC003,DEP001,BED0308,2025-09-01,2025-09-01,Day Care,0.4,Discharged
ADM007822,PAT09218,FAC004,DEP007,BED0559,2025-05-23,2025-05-25,Elective,2.0,Discharged
ADM007823,PAT01471,FAC004,DEP002,BED0486,2025-02-19,2025-02-19,Day Care,0.7,Discharged
ADM007827,PAT06914,FAC001,DEP002,BED0176,2025-07-01,2025-07-08,Emergency,7.4,Discharged
ADM007845,PAT05505,FAC005,DEP003,BED0612,2025-10-19,2025-10-21,Elective,2.2,Discharged
ADM007850,PAT08388,FAC005,DEP005,BED0621,2025-01-22,2025-01-22,Elective,0.8,Discharged
ADM007856,PAT07169,FAC004,DEP005,BED0581,2025-06-26,2025-06-29,Elective,3.3,Transferred
ADM007861,PAT01454,FAC001,DEP001,BED0035,2025-09-04,2025-09-09,Elective,5.1,Discharged
ADM007862,PAT07342,FAC002,DEP006,BED0288,2025-08-28,2025-08-30,Elective,2.8,Discharged
ADM007866,PAT04468,FAC003,DEP003,BED0388,2025-05-08,2025-05-14,Transfer,6.0,Discharged
ADM007870,PAT04922,FAC004,DEP002,BED0560,2025-08-04,2025-08-05,Elective,1.1,Discharged
ADM007880,PAT07781,FAC004,DEP007,BED0587,2025-12-12,2025-12-14,Elective,2.9,Discharged
ADM007888,PAT06726,FAC001,DEP002,BED0051,2025-10-02,2025-10-07,Emergency,5.2,Discharged
ADM007892,PAT09382,FAC005,DEP006,BED0725,2025-01-07,2025-01-09,Elective,2.0,Discharged
ADM007897,PAT08049,FAC001,DEP008,BED0052,2025-01-08,2025-01-10,Elective,2.6,Discharged
ADM007905,PAT00737,FAC003,DEP003,BED0419,2025-01-26,2025-01-28,Emergency,2.5,Discharged
ADM007906,PAT05934,FAC002,DEP006,BED0225,2025-12-31,2026-01-02,Emergency,2.0,Discharged
ADM007907,PAT02348,FAC003,DEP001,BED0305,2025-06-05,2025-06-08,Emergency,3.1,Discharged
ADM007914,PAT06148,FAC001,DEP005,BED0059,2025-08-05,2025-08-07,Emergency,2.0,Discharged
ADM007916,PAT08216,FAC001,DEP008,BED0160,2025-05-18,2025-05-18,Day Care,0.8,Discharged
ADM007920,PAT04088,FAC004,DEP007,BED0537,2025-09-22,2025-09-24,Elective,2.6,Discharged
ADM007923,PAT09255,FAC001,DEP003,BED0174,2025-11-12,2025-11-13,Elective,1.8,Discharged
ADM007924,PAT04765,FAC001,DEP003,BED0039,2025-04-06,2025-04-07,Emergency,1.4,Discharged
ADM007928,PAT08392,FAC004,DEP004,BED0454,2025-02-06,2025-02-09,Elective,3.5,Discharged
ADM007930,PAT09190,FAC002,DEP001,BED0197,2025-10-06,2025-10-10,Emergency,4.1,Discharged
ADM007935,PAT06662,FAC003,DEP005,BED0411,2025-08-31,2025-09-01,Elective,1.9,Discharged
ADM007938,PAT03188,FAC001,DEP005,BED0133,2025-01-25,2025-01-29,Elective,4.0,Discharged
ADM007943,PAT03882,FAC003,DEP008,BED0341,2025-03-19,2025-03-23,Transfer,4.2,Discharged
ADM007947,PAT01012,FAC003,DEP008,BED0332,2025-02-16,2025-02-16,Emergency,0.5,Discharged
ADM007951,PAT05181,FAC005,DEP005,BED0714,2025-05-07,2025-05-07,Day Care,0.5,Discharged
ADM007959,PAT01721,FAC001,DEP005,BED0104,2025-01-18,2025-01-21,Elective,3.1,Discharged
ADM007960,PAT01870,FAC005,DEP001,BED0716,2025-02-14,2025-02-16,Elective,2.3,Discharged
ADM007963,PAT07075,FAC001,DEP003,BED0016,2025-12-23,2026-01-01,Elective,9.7,Discharged
ADM007965,PAT03922,FAC003,DEP005,BED0423,2025-09-04,2025-09-04,Day Care,0.7,Discharged
ADM007976,PAT06680,FAC003,DEP008,BED0358,2025-09-17,2025-09-19,Elective,2.9,Discharged
ADM007979,PAT09071,FAC003,DEP007,BED0418,2025-06-15,2025-06-16,Elective,1.1,Discharged
ADM007983,PAT04537,FAC004,DEP001,BED0451,2025-08-22,2025-08-23,Transfer,1.4,Discharged
ADM007988,PAT06595,FAC004,DEP006,BED0521,2025-10-27,2025-10-29,Elective,2.4,Discharged
ADM008000,PAT08385,FAC001,DEP004,BED0138,2025-05-27,2025-05-27,Elective,0.8,Referred
ADM008001,PAT00220,FAC001,DEP002,BED0035,2025-06-23,2025-06-23,Day Care,0.6,Discharged
ADM008013,PAT09296,FAC002,DEP001,BED0228,2025-04-21,2025-04-22,Elective,1.4,Transferred
ADM008020,PAT09544,FAC005,DEP007,BED0625,2025-08-19,2025-08-28,Emergency,9.1,Discharged
ADM008022,PAT01262,FAC003,DEP001,BED0377,2025-12-22,2025-12-24,Elective,2.3,Discharged
ADM008026,PAT02663,FAC005,DEP006,BED0721,2025-02-06,2025-02-07,Elective,1.0,Discharged
ADM008027,PAT02030,FAC004,DEP002,BED0565,2025-06-21,2025-06-21,Day Care,0.3,Discharged
ADM008031,PAT08701,FAC003,DEP003,BED0383,2025-03-04,2025-03-07,Transfer,3.7,Transferred
ADM008032,PAT02076,FAC004,DEP007,BED0557,2025-06-29,2025-07-01,Elective,2.6,Discharged
ADM008042,PAT00380,FAC004,DEP007,BED0489,2025-07-26,2025-07-27,Elective,1.6,Discharged
ADM008043,PAT04116,FAC003,DEP007,BED0364,2025-10-03,2025-10-09,Elective,6.4,Discharged
ADM008063,PAT08138,FAC001,DEP002,BED0089,2025-11-23,2025-11-24,Elective,1.5,Transferred
ADM008065,PAT01936,FAC002,DEP002,BED0262,2025-03-16,2025-03-16,Day Care,0.7,Discharged
ADM008067,PAT07364,FAC001,DEP008,BED0089,2025-04-24,2025-04-25,Elective,1.6,Discharged
ADM008069,PAT09405,FAC004,DEP004,BED0541,2025-03-29,2025-03-29,Day Care,0.7,Transferred
ADM008090,PAT09160,FAC003,DEP005,BED0417,2025-06-09,2025-06-11,Elective,2.7,Transferred
ADM008093,PAT06159,FAC002,DEP006,BED0273,2025-06-24,2025-06-24,Elective,0.5,Discharged
ADM008096,PAT06432,FAC003,DEP005,BED0321,2025-04-27,2025-04-29,Elective,2.3,Discharged
ADM008101,PAT05837,FAC003,DEP003,BED0365,2025-05-11,2025-05-12,Elective,1.0,Discharged
ADM008108,PAT04124,FAC004,DEP006,BED0450,2025-01-11,2025-01-18,Elective,7.1,Transferred
ADM008109,PAT09616,FAC003,DEP001,BED0346,2025-10-22,2025-10-22,Day Care,0.7,Discharged
ADM008112,PAT04747,FAC005,DEP007,BED0629,2025-07-21,2025-07-22,Elective,1.5,Discharged
ADM008118,PAT07597,FAC002,DEP007,BED0197,2025-11-08,2025-11-09,Emergency,1.4,Discharged
ADM008124,PAT06476,FAC005,DEP007,BED0736,2025-03-31,2025-04-04,Elective,4.3,Discharged
ADM008141,PAT03480,FAC001,DEP003,BED0055,2025-12-16,2025-12-17,Emergency,1.7,Discharged
ADM008145,PAT00885,FAC004,DEP006,BED0499,2025-05-02,2025-05-07,Elective,5.4,Discharged
ADM008148,PAT01958,FAC004,DEP006,BED0457,2025-06-13,2025-06-17,Elective,4.3,Referred
ADM008158,PAT02134,FAC003,DEP005,BED0324,2025-04-24,2025-04-26,Elective,2.7,Transferred
ADM008160,PAT08837,FAC005,DEP005,BED0727,2025-04-27,2025-05-01,Elective,4.9,Discharged
ADM008161,PAT09262,FAC002,DEP007,BED0226,2025-01-26,2025-01-27,Transfer,1.9,Discharged
ADM008162,PAT03372,FAC001,DEP001,BED0085,2025-02-09,2025-02-13,Elective,4.1,Discharged
ADM008164,PAT08094,FAC005,DEP007,BED0667,2025-09-28,2025-09-29,Transfer,1.0,Discharged
ADM008166,PAT07276,FAC004,DEP005,BED0504,2025-10-27,2025-11-01,Transfer,5.1,Discharged
ADM008171,PAT02251,FAC002,DEP005,BED0275,2025-02-27,2025-02-27,Day Care,0.4,Discharged
ADM008174,PAT09932,FAC003,DEP001,BED0386,2025-11-26,2025-11-26,Elective,0.5,Discharged
ADM008181,PAT00331,FAC004,DEP004,BED0577,2025-09-25,2025-09-27,Transfer,2.3,Discharged
ADM008183,PAT08541,FAC003,DEP001,BED0379,2025-10-21,2025-10-22,Day Care,1.0,Transferred
ADM008192,PAT07991,FAC005,DEP001,BED0672,2025-10-24,2025-10-26,Elective,2.6,Discharged
ADM008199,PAT03257,FAC005,DEP005,BED0724,2025-12-25,2025-12-26,Elective,1.5,Discharged
ADM008200,PAT06823,FAC003,DEP001,BED0344,2025-04-30,2025-05-08,Elective,8.1,Discharged
ADM008207,PAT08497,FAC001,DEP003,BED0073,2025-08-05,2025-08-06,Emergency,1.6,Discharged
ADM008212,PAT00174,FAC002,DEP001,BED0237,2025-03-27,2025-03-28,Elective,1.5,Referred
ADM008217,PAT00945,FAC004,DEP002,BED0471,2025-01-12,2025-01-17,Emergency,5.4,Discharged
ADM008221,PAT01618,FAC001,DEP008,BED0105,2025-09-30,2025-10-02,Elective,2.1,Discharged
ADM008224,PAT01745,FAC002,DEP006,BED0231,2025-06-22,2025-06-24,Elective,2.1,Discharged
ADM008232,PAT01431,FAC002,DEP007,BED0243,2025-03-06,2025-03-06,Day Care,0.7,Discharged
ADM008234,PAT06770,FAC002,DEP005,BED0250,2025-07-06,2025-07-06,Day Care,0.4,Discharged
ADM008238,PAT06670,FAC002,DEP002,BED0203,2025-08-29,2025-09-07,Emergency,9.7,Discharged
ADM008239,PAT03823,FAC001,DEP005,BED0052,2025-07-14,2025-07-15,Elective,1.9,Discharged
ADM008241,PAT00885,FAC001,DEP008,BED0153,2025-12-20,2025-12-25,Elective,5.3,Discharged
ADM008272,PAT03486,FAC003,DEP001,BED0310,2025-08-17,2025-08-25,Emergency,8.9,Transferred
ADM008273,PAT03144,FAC001,DEP002,BED0075,2025-06-03,2025-06-07,Elective,4.8,Discharged
ADM008277,PAT09648,FAC003,DEP007,BED0421,2025-08-07,2025-08-10,Elective,3.1,Discharged
ADM008278,PAT03509,FAC003,DEP007,BED0305,2025-04-30,2025-05-03,Emergency,3.5,Discharged
ADM008282,PAT03951,FAC004,DEP007,BED0492,2025-01-10,2025-01-14,Elective,4.9,Discharged
ADM008287,PAT03016,FAC005,DEP003,BED0750,2025-07-20,2025-07-21,Emergency,1.8,Discharged
ADM008290,PAT07827,FAC003,DEP007,BED0360,2025-04-08,2025-04-12,Emergency,4.8,Discharged
ADM008296,PAT03205,FAC005,DEP007,BED0739,2025-02-08,2025-02-09,Emergency,1.1,Discharged
ADM008302,PAT05380,FAC003,DEP008,BED0365,2025-10-09,2025-10-10,Elective,1.9,Discharged
ADM008305,PAT02040,FAC002,DEP006,BED0299,2025-09-29,2025-10-03,Emergency,4.7,Discharged
ADM008306,PAT07121,FAC005,DEP006,BED0737,2025-04-14,2025-04-23,Emergency,9.4,Discharged
ADM008311,PAT09825,FAC004,DEP001,BED0528,2025-09-10,2025-09-12,Elective,2.6,Transferred
ADM008318,PAT02302,FAC003,DEP003,BED0330,2025-03-10,2025-03-11,Emergency,1.0,Discharged
ADM008321,PAT09648,FAC001,DEP008,BED0046,2025-08-04,2025-08-10,Elective,6.3,Discharged
ADM008324,PAT07096,FAC003,DEP005,BED0418,2025-03-10,2025-03-11,Emergency,1.9,Discharged
ADM008325,PAT04867,FAC004,DEP007,BED0556,2025-05-10,2025-05-14,Elective,4.0,Discharged
ADM008330,PAT00430,FAC002,DEP002,BED0283,2025-09-17,2025-09-19,Elective,2.6,Transferred
ADM008334,PAT06602,FAC001,DEP003,BED0146,2025-11-11,2025-11-15,Transfer,4.3,Discharged
ADM008335,PAT07347,FAC001,DEP005,BED0168,2025-11-08,2025-11-08,Day Care,0.2,Discharged
ADM008338,PAT08371,FAC005,DEP006,BED0616,2025-04-06,2025-04-10,Emergency,4.4,Discharged
ADM008342,PAT06751,FAC001,DEP008,BED0003,2025-01-25,2025-01-25,Day Care,0.3,Discharged
ADM008343,PAT07696,FAC002,DEP001,BED0251,2025-05-28,2025-05-30,Elective,2.7,Discharged
ADM008345,PAT02381,FAC002,DEP007,BED0232,2025-11-26,2025-11-26,Day Care,0.4,Discharged
ADM008350,PAT05764,FAC004,DEP005,BED0547,2025-06-26,2025-06-26,Elective,0.5,Discharged
ADM008353,PAT07502,FAC004,DEP007,BED0464,2025-03-07,2025-03-07,Day Care,0.4,Transferred
ADM008360,PAT08210,FAC005,DEP001,BED0613,2025-02-14,2025-02-14,Elective,0.8,Discharged
ADM008363,PAT00425,FAC004,DEP001,BED0493,2025-11-04,2025-11-06,Emergency,2.9,Discharged
ADM008387,PAT03269,FAC003,DEP001,BED0309,2025-06-13,2025-06-16,Elective,3.8,Discharged
ADM008390,PAT07483,FAC004,DEP002,BED0439,2025-08-16,2025-08-17,Emergency,1.7,Discharged
ADM008409,PAT06159,FAC003,DEP001,BED0367,2025-09-14,2025-09-20,Elective,6.0,Discharged
ADM008410,PAT01237,FAC001,DEP002,BED0028,2025-04-27,2025-04-30,Emergency,3.8,Discharged
ADM008420,PAT04352,FAC002,DEP002,BED0289,2025-05-04,2025-05-05,Emergency,1.9,Discharged
ADM008443,PAT03207,FAC002,DEP001,BED0267,2025-06-10,2025-06-12,Elective,2.6,Discharged
ADM008447,PAT09074,FAC005,DEP007,BED0628,2025-10-29,2025-11-01,Emergency,3.8,Discharged
ADM008458,PAT03099,FAC002,DEP007,BED0197,2025-09-13,2025-09-13,Day Care,0.4,Discharged
ADM008472,PAT06804,FAC001,DEP003,BED0053,2025-11-03,2025-11-04,Transfer,1.4,Discharged
ADM008474,PAT08133,FAC002,DEP001,BED0229,2025-11-03,2025-11-05,Elective,2.8,Discharged
ADM008476,PAT01769,FAC003,DEP007,BED0431,2025-02-06,2025-02-06,Emergency,0.5,Discharged
ADM008478,PAT07517,FAC001,DEP001,BED0039,2025-12-22,2025-12-23,Elective,1.1,Discharged
ADM008482,PAT00851,FAC005,DEP001,BED0676,2025-01-11,2025-01-14,Elective,3.7,Referred
ADM008486,PAT03858,FAC003,DEP005,BED0365,2025-01-24,2025-01-29,Transfer,5.9,Discharged
ADM008488,PAT06320,FAC004,DEP001,BED0542,2025-05-15,2025-05-15,Day Care,0.5,Discharged
ADM008499,PAT09459,FAC004,DEP002,BED0445,2025-07-21,2025-07-23,Emergency,2.4,Discharged
ADM008504,PAT13116,FAC004,DEP007,BED0562,2025-08-03,2025-08-04,Elective,1.7,Referred
ADM008517,PAT03261,FAC001,DEP004,BED0054,2026-09-22,2026-09-26,Elective,4.2,Discharged
ADM008519,PAT09842,FAC001,DEP004,BED0078,2026-04-09,2026-04-11,Elective,2.2,Discharged
ADM008520,PAT08789,FAC002,DEP002,BED0219,2026-09-09,2026-09-09,Transfer,0.2,Discharged
ADM008522,PAT03887,FAC002,DEP005,BED0292,2024-11-14,2024-11-14,Day Care,0.4,Discharged
ADM008523,PAT13445,FAC004,DEP005,BED0492,2023-03-29,2023-03-31,Emergency,2.3,Discharged
ADM008525,PAT13702,FAC001,DEP004,BED0753,2021-12-24,2021-12-29,Emergency,5.2,Discharged
ADM008530,PAT14429,FAC001,DEP003,BED0181,2023-04-21,2023-04-28,Transfer,7.7,Discharged
ADM008538,PAT03039,FAC003,DEP005,BED0834,2025-03-08,2025-03-14,Elective,6.5,Transferred
ADM008540,PAT04709,FAC002,DEP006,BED0812,2024-08-26,2024-08-27,Transfer,1.4,Discharged
ADM008541,PAT01965,FAC002,DEP005,BED0237,2023-07-05,2023-07-06,Emergency,1.6,Discharged
ADM008545,PAT02228,FAC001,DEP003,BED0137,2023-01-15,2023-01-16,Emergency,1.6,Referred
ADM008552,PAT10183,FAC004,DEP007,BED0574,2023-05-21,2023-05-21,Elective,0.3,Discharged
ADM008555,PAT12723,FAC003,DEP005,BED0391,2024-04-03,2024-04-06,Emergency,3.3,Discharged
ADM008556,PAT12038,FAC003,DEP007,BED0322,2024-05-19,2024-05-20,Day Care,1.1,Discharged
ADM008557,PAT10665,FAC001,DEP001,BED0141,2024-06-21,2024-06-25,Elective,4.9,Discharged
ADM008558,PAT00015,FAC001,DEP005,BED0177,2024-02-20,2024-02-21,Emergency,1.1,Referred
ADM008562,PAT11973,FAC002,DEP001,BED0262,2024-07-28,2024-07-29,Elective,1.9,Discharged
ADM008564,PAT02519,FAC004,DEP005,BED0486,2021-07-22,2021-07-27,Elective,5.1,Discharged
ADM008576,PAT09346,FAC002,DEP002,BED0861,2025-12-10,2025-12-11,Elective,1.0,Discharged
ADM008577,PAT06880,FAC004,DEP006,BED0571,2025-11-02,2025-11-12,Emergency,10.3,Discharged
ADM008578,PAT02716,FAC005,DEP005,BED0686,2025-02-04,2025-02-04,Day Care,0.6,Discharged
ADM008585,PAT00721,FAC001,DEP002,BED0038,2021-08-10,2021-08-10,Emergency,0.2,Discharged
ADM008588,PAT08736,FAC001,DEP003,BED0007,2023-06-30,2023-07-04,Elective,4.6,Discharged
ADM008598,PAT04961,FAC003,DEP007,BED0381,2021-10-05,2021-10-06,Elective,1.8,Discharged
ADM008610,PAT01414,FAC002,DEP001,BED0259,2023-07-12,2023-07-12,Day Care,0.8,Discharged
ADM008615,PAT02022,FAC001,DEP005,BED0187,2024-04-14,2024-04-19,Elective,5.2,Transferred
ADM008619,PAT02003,FAC005,DEP001,BED0662,2022-12-18,2022-12-24,Emergency,6.4,Discharged
ADM008621,PAT04955,FAC004,DEP007,BED0570,2026-07-02,2026-07-04,Transfer,2.9,Discharged
ADM008628,PAT14750,FAC005,DEP006,BED0636,2023-08-22,2023-08-23,Elective,1.4,Transferred
ADM008630,PAT04297,FAC002,DEP007,BED0812,2023-10-20,2023-10-28,Transfer,8.2,Discharged
ADM008632,PAT08875,FAC004,DEP006,BED0569,2021-10-29,2021-10-29,Day Care,0.5,Transferred
ADM008636,PAT13762,FAC001,DEP002,BED0029,2025-08-17,2025-08-20,Elective,3.3,Discharged
ADM008637,PAT06587,FAC001,DEP001,BED0011,2023-02-19,2023-02-19,Elective,0.2,Discharged
ADM008652,PAT05490,FAC001,DEP008,BED0776,2023-11-09,2023-11-18,Elective,9.0,Discharged
ADM008656,PAT01412,FAC001,DEP004,BED0062,2024-08-08,2024-08-09,Elective,1.9,Discharged
ADM008657,PAT07582,FAC001,DEP004,BED0063,2026-09-08,2026-09-11,Elective,3.8,Discharged
ADM008660,PAT14305,FAC001,DEP002,BED0127,2023-06-29,2023-07-04,Transfer,5.8,Discharged
ADM008677,PAT03617,FAC005,DEP005,BED0615,2022-05-13,2022-05-13,Day Care,0.6,Discharged
ADM008682,PAT01412,FAC003,DEP003,BED0412,2025-09-21,2025-09-27,Emergency,6.0,Discharged
ADM008689,PAT01027,FAC002,DEP006,BED0226,2023-07-06,2023-07-06,Elective,0.2,Discharged
ADM008692,PAT02997,FAC005,DEP003,BED0708,2023-08-03,2023-08-06,Elective,3.2,Discharged
ADM008696,PAT00264,FAC005,DEP008,BED0603,2021-08-03,2021-08-10,Emergency,7.3,Discharged
ADM008701,PAT08937,FAC003,DEP007,BED0367,2024-10-22,2024-10-25,Emergency,3.0,Discharged
ADM008711,PAT07732,FAC001,DEP002,BED0786,2022-03-26,2022-04-04,Emergency,9.8,Discharged
ADM008712,PAT10261,FAC002,DEP001,BED0864,2022-01-23,2022-01-27,Elective,4.6,Discharged
ADM008713,PAT11145,FAC001,DEP002,BED0776,2022-01-08,2022-01-18,Transfer,10.0,Discharged
ADM008716,PAT04059,FAC003,DEP007,BED0349,2026-07-25,2026-07-28,Emergency,3.5,Discharged
ADM008717,PAT12753,FAC005,DEP008,BED0614,2021-11-18,2021-11-22,Elective,4.8,Discharged
ADM008722,PAT08831,FAC005,DEP007,BED0633,2022-06-28,2022-07-06,Emergency,8.9,Discharged
ADM008730,PAT01731,FAC004,DEP001,BED0577,2023-03-02,2023-03-02,Elective,0.2,Discharged
ADM008731,PAT12566,FAC001,DEP002,BED0862,2025-07-30,2025-07-31,Elective,1.5,Discharged
ADM008735,PAT03858,FAC002,DEP005,BED0238,2023-04-25,2023-04-27,Elective,2.4,Discharged
ADM008743,PAT11659,FAC004,DEP001,BED0435,2024-11-27,2024-12-01,Elective,4.6,Discharged
ADM008750,PAT08586,FAC001,DEP002,BED0807,2022-07-03,2022-07-05,Transfer,2.6,Transferred
ADM008761,PAT13466,FAC004,DEP006,BED0545,2024-01-27,2024-01-27,Emergency,0.2,Discharged
ADM008764,PAT05782,FAC004,DEP005,BED0581,2025-11-06,2025-11-08,Elective,2.0,Discharged
ADM008766,PAT02185,FAC003,DEP001,BED0325,2024-01-14,2024-01-16,Transfer,2.0,Discharged
ADM008770,PAT03170,FAC004,DEP006,BED0466,2024-06-18,2024-06-18,Day Care,0.8,Discharged
ADM008773,PAT11010,FAC004,DEP001,BED0839,2021-05-01,2021-05-05,Elective,4.7,Discharged
ADM008788,PAT11360,FAC002,DEP002,BED0270,2021-05-01,2021-05-01,Day Care,0.7,Discharged
ADM008793,PAT12749,FAC004,DEP007,BED0597,2024-01-07,2024-01-15,Elective,8.3,Discharged
ADM008798,PAT00322,FAC002,DEP001,BED0205,2023-09-06,2023-09-06,Day Care,0.4,Discharged
ADM008800,PAT04660,FAC005,DEP006,BED0677,2022-08-17,2022-08-17,Emergency,0.9,Transferred
ADM008806,PAT03951,FAC004,DEP004,BED0582,2021-12-18,2021-12-21,Transfer,3.4,Discharged
ADM008815,PAT13811,FAC004,DEP004,BED0877,2026-06-22,2026-06-26,Transfer,4.3,Discharged
ADM008819,PAT05894,FAC003,DEP007,BED0320,2022-05-28,2022-06-02,Emergency,5.1,Discharged
ADM008828,PAT03860,FAC004,DEP002,BED0522,2021-09-26,2021-09-26,Day Care,0.8,Discharged
ADM008842,PAT13872,FAC003,DEP008,BED0425,2025-04-09,2025-04-09,Day Care,0.6,Discharged
ADM008845,PAT06283,FAC002,DEP001,BED0248,2022-06-24,2022-06-26,Elective,2.1,Discharged
ADM008850,PAT06850,FAC005,DEP005,BED0649,2025-12-27,2025-12-31,Emergency,4.3,Referred
ADM008853,PAT09902,FAC001,DEP002,BED0898,2026-04-16,2026-04-16,Elective,0.2,Discharged
ADM008859,PAT00915,FAC002,DEP005,BED0201,2022-04-09,2022-04-09,Day Care,0.2,Discharged
ADM008863,PAT10069,FAC005,DEP001,BED0704,2022-08-10,2022-08-16,Elective,6.8,Discharged
ADM008866,PAT07766,FAC002,DEP007,BED0202,2024-12-31,2025-01-07,Emergency,7.6,Discharged
ADM008870,PAT09535,FAC002,DEP006,BED0229,2023-02-05,2023-02-09,Elective,4.9,Referred
ADM008871,PAT11914,FAC004,DEP005,BED0479,2023-04-13,2023-04-13,Day Care,0.3,Discharged
ADM008875,PAT11497,FAC005,DEP001,BED0732,2022-06-23,2022-06-23,Elective,0.2,Referred
ADM008883,PAT11563,FAC005,DEP007,BED0717,2023-05-10,2023-05-11,Elective,1.7,Discharged
ADM008889,PAT04230,FAC002,DEP007,BED0192,2024-10-21,2024-10-21,Day Care,0.3,Discharged
ADM008893,PAT13939,FAC004,DEP001,BED0465,2026-02-05,2026-02-09,Emergency,4.9,Discharged
ADM008896,PAT11750,FAC002,DEP006,BED0864,2023-08-04,2023-08-04,Elective,0.2,Discharged
ADM008900,PAT13262,FAC004,DEP002,BED0515,2025-01-31,2025-02-04,Elective,4.6,Discharged
ADM008901,PAT04375,FAC001,DEP003,BED0046,2026-11-06,2026-11-11,Elective,5.9,Discharged
ADM008905,PAT12368,FAC005,DEP001,BED0603,2026-11-25,2026-11-25,Elective,0.2,Discharged
ADM008914,PAT06706,FAC005,DEP005,BED0629,2021-08-07,2021-08-07,Day Care,0.9,Discharged
ADM008915,PAT09560,FAC004,DEP005,BED0518,2021-10-29,2021-10-29,Day Care,0.6,Discharged
ADM008926,PAT14272,FAC004,DEP001,BED0480,2024-04-16,2024-04-16,Day Care,0.9,Discharged
ADM008929,PAT08938,FAC002,DEP007,BED0265,2023-09-26,2023-09-29,Emergency,3.4,Discharged
ADM008933,PAT09270,FAC005,DEP006,BED0663,2021-03-08,2021-03-13,Emergency,5.1,Discharged
ADM008936,PAT11108,FAC002,DEP005,BED0195,2026-01-10,2026-01-13,Elective,3.0,Discharged
ADM008937,PAT13253,FAC002,DEP007,BED0237,2026-11-02,2026-11-07,Emergency,5.8,Transferred
ADM008944,PAT03486,FAC005,DEP008,BED0686,2023-01-27,2023-01-28,Elective,1.7,Discharged
ADM008949,PAT13723,FAC003,DEP007,BED0766,2021-02-05,2021-02-05,Day Care,0.8,Discharged
ADM008950,PAT14619,FAC001,DEP008,BED0028,2024-04-03,2024-04-03,Transfer,0.2,Discharged
ADM008952,PAT00725,FAC002,DEP006,BED0193,2024-01-15,2024-01-20,Elective,5.7,Discharged
ADM008968,PAT08100,FAC001,DEP004,BED0161,2025-09-29,2025-09-29,Day Care,0.9,Discharged
ADM008975,PAT04257,FAC001,DEP004,BED0125,2026-10-15,2026-10-15,Day Care,0.6,Discharged
ADM008978,PAT00361,FAC005,DEP006,BED0731,2023-06-18,2023-06-19,Elective,1.9,Discharged
ADM008986,PAT06670,FAC001,DEP002,BED0182,2021-03-24,2021-03-27,Emergency,3.5,Against Medical Advice
ADM008997,PAT13886,FAC005,DEP006,BED0616,2026-10-10,2026-10-10,Day Care,0.3,Referred
ADM009019,PAT14527,FAC005,DEP001,BED0625,2024-08-06,2024-08-18,Transfer,12.2,Discharged
ADM009023,PAT03367,FAC004,DEP001,BED0875,2022-03-24,2022-03-29,Emergency,5.5,Discharged
ADM009025,PAT08696,FAC002,DEP002,BED0261,2022-08-28,2022-08-31,Transfer,3.6,Discharged
ADM009030,PAT13030,FAC004,DEP002,BED0580,2025-09-29,2025-10-07,Elective,8.5,Discharged
ADM009032,PAT11953,FAC004,DEP005,BED0471,2022-06-06,2022-06-10,Elective,4.8,Discharged
ADM009033,PAT01618,FAC005,DEP008,BED0618,2024-07-05,2024-07-10,Transfer,5.4,Discharged
ADM009036,PAT07223,FAC001,DEP005,BED0136,2021-08-15,2021-08-15,Day Care,0.4,Discharged
ADM009037,PAT01965,FAC005,DEP001,BED0653,2025-12-21,2025-12-23,Elective,2.7,Transferred
ADM009050,PAT03016,FAC003,DEP005,BED0811,2022-08-11,2022-08-14,Transfer,3.7,Discharged
ADM009071,PAT02875,FAC004,DEP007,BED0581,2021-12-06,2021-12-12,Emergency,6.4,Discharged
ADM009074,PAT02544,FAC001,DEP001,BED0075,2022-08-06,2022-08-09,Emergency,3.5,Discharged
ADM009078,PAT11606,FAC005,DEP003,BED0645,2026-07-11,2026-07-15,Elective,4.1,Discharged
ADM009080,PAT09736,FAC003,DEP005,BED0316,2023-09-25,2023-09-27,Emergency,2.2,Discharged
ADM009084,PAT12359,FAC002,DEP002,BED0283,2024-04-24,2024-04-26,Emergency,2.1,Discharged
ADM009090,PAT12684,FAC001,DEP004,BED0005,2023-09-18,2023-09-18,Emergency,0.6,Discharged
ADM009093,PAT03370,FAC005,DEP007,BED0745,2023-07-01,2023-07-03,Emergency,2.0,Discharged
ADM009098,PAT06622,FAC004,DEP006,BED0478,2024-07-22,2024-07-27,Transfer,5.6,Discharged
ADM009100,PAT14183,FAC005,DEP008,BED0693,2026-06-15,2026-06-22,Elective,7.4,Discharged
ADM009104,PAT06551,FAC002,DEP006,BED0261,2024-07-26,2024-07-30,Elective,4.9,Discharged
ADM009106,PAT01140,FAC001,DEP001,BED0178,2021-04-04,2021-04-06,Elective,2.9,Transferred
ADM009128,PAT02996,FAC005,DEP005,BED0691,2026-12-12,2026-12-13,Day Care,1.1,Discharged
ADM009133,PAT01214,FAC001,DEP004,BED0004,2022-11-02,2022-11-07,Emergency,5.7,Discharged
ADM009135,PAT09238,FAC003,DEP003,BED0340,2025-03-17,2025-03-20,Emergency,3.3,Referred
ADM009146,PAT01512,FAC001,DEP004,BED0068,2023-03-25,2023-03-25,Day Care,0.5,Referred
ADM009150,PAT03234,FAC005,DEP005,BED0799,2023-06-02,2023-06-04,Elective,2.5,Discharged
ADM009156,PAT04234,FAC002,DEP005,BED0258,2026-08-29,2026-08-31,Emergency,2.2,Transferred
ADM009157,PAT12986,FAC005,DEP007,BED0791,2026-11-07,2026-11-11,Elective,4.4,Discharged
ADM009166,PAT08269,FAC003,DEP003,BED0388,2025-07-26,2025-07-28,Elective,2.8,Discharged
ADM009180,PAT09122,FAC001,DEP001,BED0013,2022-04-02,2022-04-07,Elective,5.1,Discharged
ADM009185,PAT05624,FAC002,DEP001,BED0291,2021-05-10,2021-05-10,Day Care,0.6,Transferred
ADM009200,PAT09394,FAC001,DEP002,BED0856,2023-05-13,2023-05-15,Elective,2.3,Discharged
ADM009201,PAT00625,FAC004,DEP005,BED0520,2024-08-29,2024-09-01,Emergency,3.5,Discharged
ADM009204,PAT13651,FAC002,DEP005,BED0818,2023-11-23,2023-11-23,Day Care,0.6,Discharged
ADM009205,PAT10320,FAC005,DEP007,BED0715,2026-04-19,2026-04-21,Transfer,2.1,Discharged
ADM009206,PAT09028,FAC001,DEP005,BED0131,2026-04-20,2026-04-22,Emergency,2.3,Discharged
ADM009208,PAT08521,FAC003,DEP003,BED0307,2021-04-25,2021-04-26,Emergency,1.6,Transferred
ADM009209,PAT08789,FAC003,DEP001,BED0361,2023-01-21,2023-01-21,Day Care,0.6,Discharged
ADM009217,PAT02129,FAC005,DEP007,BED0696,2026-07-22,2026-07-22,Day Care,0.5,Referred
ADM009218,PAT03956,FAC005,DEP008,BED0661,2026-10-24,2026-11-01,Emergency,8.5,Discharged
ADM009223,PAT08658,FAC002,DEP006,BED0219,2021-07-13,2021-07-15,Emergency,2.5,Discharged
ADM009236,PAT07820,FAC001,DEP008,BED0853,2026-01-08,2026-01-08,Day Care,0.8,Discharged
ADM009237,PAT05986,FAC005,DEP007,BED0617,2025-12-05,2025-12-07,Elective,2.7,Discharged
ADM009242,PAT03493,FAC003,DEP001,BED0416,2026-06-02,2026-06-06,Elective,4.4,Discharged
ADM009247,PAT05385,FAC003,DEP001,BED0406,2026-06-03,2026-06-07,Elective,4.1,Discharged
ADM009259,PAT05675,FAC002,DEP006,BED0818,2025-10-07,2025-10-12,Elective,5.8,Discharged
ADM009266,PAT06978,FAC002,DEP006,BED0860,2023-02-25,2023-03-05,Emergency,8.0,Discharged
ADM009267,PAT05774,FAC005,DEP007,BED0673,2024-01-07,2024-01-09,Elective,2.2,Discharged
ADM009275,PAT01419,FAC005,DEP005,BED0722,2026-02-28,2026-02-28,Day Care,0.5,Discharged
ADM009283,PAT08727,FAC005,DEP006,BED0613,2026-05-01,2026-05-03,Elective,2.7,Referred
ADM009294,PAT11060,FAC004,DEP002,BED0560,2021-12-15,2021-12-17,Elective,2.4,Discharged
ADM009295,PAT02590,FAC004,DEP004,BED0582,2021-07-26,2021-08-02,Transfer,7.2,Referred
ADM009302,PAT09779,FAC003,DEP001,BED0766,2025-07-29,2025-08-05,Elective,7.5,Transferred
ADM009303,PAT05793,FAC002,DEP005,BED0246,2024-10-16,2024-10-16,Elective,0.2,Discharged
ADM009306,PAT04130,FAC005,DEP005,BED0675,2025-11-16,2025-11-20,Elective,4.6,Discharged
ADM009308,PAT06162,FAC002,DEP001,BED0235,2026-03-24,2026-03-26,Elective,2.2,Discharged
ADM009310,PAT09190,FAC002,DEP007,BED0765,2024-09-29,2024-10-01,Emergency,2.2,Discharged
ADM009313,PAT13260,FAC002,DEP006,BED0239,2026-12-17,2026-12-17,Day Care,0.6,Discharged
ADM009315,PAT07052,FAC004,DEP007,BED0511,2025-09-19,2025-09-23,Emergency,4.7,Discharged
ADM009317,PAT02474,FAC003,DEP003,BED0377,2023-12-13,2023-12-21,Transfer,8.4,Discharged
ADM009321,PAT08383,FAC003,DEP005,BED0316,2022-03-27,2022-03-27,Emergency,0.6,Transferred
ADM009323,PAT02997,FAC001,DEP002,BED0753,2026-10-11,2026-10-11,Elective,0.3,Discharged
ADM009326,PAT08736,FAC002,DEP001,BED0762,2023-04-11,2023-04-11,Elective,0.2,Discharged
ADM009327,PAT04270,FAC005,DEP007,BED0684,2022-01-08,2022-01-08,Day Care,0.7,Transferred
ADM009335,PAT12558,FAC001,DEP004,BED0842,2024-03-14,2024-03-14,Day Care,0.5,Discharged
ADM009338,PAT01455,FAC003,DEP003,BED0899,2024-04-21,2024-04-21,Emergency,0.6,Discharged
ADM009340,PAT09388,FAC005,DEP008,BED0728,2023-12-15,2023-12-15,Elective,0.4,Discharged
ADM009342,PAT03438,FAC002,DEP002,BED0298,2022-02-19,2022-02-19,Day Care,0.7,Discharged
ADM009349,PAT04792,FAC004,DEP006,BED0479,2023-04-04,2023-04-10,Elective,6.6,Discharged
ADM009351,PAT12890,FAC004,DEP006,BED0504,2021-05-08,2021-05-13,Emergency,5.4,Discharged
ADM009353,PAT13675,FAC005,DEP007,BED0747,2024-04-02,2024-04-04,Elective,2.8,Discharged
ADM009358,PAT09870,FAC003,DEP003,BED0882,2026-01-03,2026-01-03,Transfer,0.2,Referred
ADM009365,PAT10382,FAC003,DEP001,BED0413,2022-10-30,2022-10-31,Emergency,1.2,Referred
ADM009366,PAT01787,FAC002,DEP002,BED0300,2025-08-17,2025-08-18,Elective,1.5,Against Medical Advice
ADM009387,PAT12597,FAC005,DEP005,BED0646,2026-03-28,2026-03-28,Day Care,0.3,Discharged
ADM009388,PAT02456,FAC003,DEP007,BED0429,2022-11-15,2022-11-15,Day Care,0.8,Discharged
ADM009392,PAT10624,FAC001,DEP003,BED0076,2024-07-27,2024-07-28,Emergency,1.1,Discharged
ADM009394,PAT06299,FAC003,DEP005,BED0829,2023-02-13,2023-02-15,Emergency,2.2,Discharged
ADM009395,PAT11793,FAC004,DEP001,BED0534,2024-07-03,2024-07-03,Elective,0.2,Discharged
ADM009403,PAT07043,FAC001,DEP002,BED0107,2022-01-01,2022-01-01,Elective,0.9,Discharged
ADM009415,PAT06128,FAC005,DEP003,BED0634,2022-12-28,2022-12-31,Emergency,3.7,Discharged
ADM009422,PAT02526,FAC004,DEP007,BED0574,2022-09-02,2022-09-05,Elective,3.6,Discharged
ADM009431,PAT00440,FAC003,DEP005,BED0366,2022-05-23,2022-05-28,Emergency,5.8,Discharged
ADM009436,PAT10878,FAC005,DEP001,BED0614,2021-05-27,2021-05-28,Transfer,1.0,Discharged
ADM009446,PAT06282,FAC002,DEP005,BED0211,2024-03-24,2024-03-26,Emergency,2.5,Discharged
ADM009463,PAT02496,FAC005,DEP006,BED0668,2022-04-27,2022-04-30,Elective,3.5,Discharged
ADM009464,PAT13911,FAC003,DEP003,BED0356,2026-01-31,2026-01-31,Day Care,0.2,Discharged
ADM009467,PAT03270,FAC004,DEP001,BED0537,2026-12-13,2026-12-14,Elective,1.8,Discharged
ADM009470,PAT07827,FAC001,DEP004,BED0072,2024-02-25,2024-03-03,Elective,7.6,Discharged
ADM009475,PAT07999,FAC005,DEP006,BED0673,2024-12-15,2024-12-16,Day Care,1.1,Discharged
ADM009479,PAT01548,FAC003,DEP003,BED0315,2026-04-06,2026-04-11,Emergency,5.6,Discharged
ADM009482,PAT05501,FAC002,DEP001,BED0775,2024-05-02,2024-05-03,Emergency,1.9,Discharged
ADM009484,PAT02426,FAC005,DEP003,BED0677,2026-09-21,2026-09-25,Elective,4.4,Discharged
ADM009487,PAT01394,FAC004,DEP007,BED0755,2024-08-03,2024-08-04,Elective,1.5,Discharged
ADM009488,PAT13751,FAC004,DEP002,BED0555,2025-09-20,2025-09-20,Elective,0.2,Discharged
ADM009490,PAT07347,FAC002,DEP005,BED0230,2026-04-24,2026-04-24,Elective,0.2,Discharged
ADM009491,PAT03546,FAC002,DEP006,BED0273,2025-01-26,2025-01-26,Day Care,0.7,Discharged
ADM009493,PAT06956,FAC003,DEP008,BED0412,2022-08-28,2022-08-28,Transfer,0.2,Discharged
ADM009495,PAT06680,FAC002,DEP006,BED0282,2022-06-23,2022-06-26,Elective,3.5,Discharged
ADM009498,PAT03729,FAC004,DEP002,BED0788,2022-03-20,2022-03-27,Emergency,7.2,Transferred
ADM009501,PAT13911,FAC003,DEP007,BED0396,2026-01-29,2026-02-03,Transfer,5.1,Discharged
ADM009504,PAT09021,FAC004,DEP005,BED0576,2021-06-19,2021-06-19,Elective,0.2,Transferred
ADM009506,PAT13262,FAC004,DEP006,BED0472,2024-10-03,2024-10-03,Elective,0.2,Discharged
ADM009523,PAT10510,FAC003,DEP008,BED0431,2021-06-12,2021-06-15,Elective,3.3,Referred
ADM009524,PAT02358,FAC001,DEP004,BED0173,2022-01-19,2022-01-19,Day Care,0.2,Discharged
ADM009536,PAT06927,FAC001,DEP003,BED0005,2026-02-16,2026-02-21,Emergency,5.2,Discharged
ADM009547,PAT11270,FAC004,DEP006,BED0485,2023-02-10,2023-02-12,Transfer,2.3,Discharged
ADM009552,PAT00178,FAC004,DEP001,BED0496,2025-04-13,2025-04-17,Emergency,4.5,Transferred
ADM009560,PAT12272,FAC003,DEP005,BED0338,2024-04-17,2024-04-24,Emergency,7.8,Discharged
ADM009562,PAT08725,FAC005,DEP001,BED0716,2023-08-23,2023-08-26,Elective,3.9,Discharged
ADM009576,PAT02022,FAC002,DEP001,BED0289,2025-08-18,2025-08-21,Elective,3.1,Transferred
ADM009589,PAT02484,FAC004,DEP001,BED0585,2022-04-14,2022-04-14,Day Care,0.9,Discharged
ADM009594,PAT12120,FAC005,DEP001,BED0881,2024-04-09,2024-04-11,Elective,2.7,Discharged
ADM009597,PAT00469,FAC001,DEP001,BED0012,2021-05-17,2021-05-17,Elective,0.2,Discharged
ADM009598,PAT03046,FAC003,DEP005,BED0341,2024-11-01,2024-11-06,Elective,5.2,Discharged
ADM009599,PAT09970,FAC002,DEP002,BED0265,2026-08-02,2026-08-07,Emergency,5.1,Discharged
ADM009601,PAT11110,FAC005,DEP006,BED0650,2022-02-21,2022-02-24,Elective,3.5,Discharged
ADM009606,PAT08488,FAC004,DEP004,BED0553,2024-06-02,2024-06-06,Elective,4.9,Discharged
ADM009613,PAT00274,FAC001,DEP004,BED0087,2022-10-01,2022-10-03,Elective,2.9,Discharged
ADM009614,PAT03121,FAC005,DEP005,BED0748,2025-04-26,2025-05-02,Emergency,6.3,Discharged
ADM009620,PAT01327,FAC005,DEP003,BED0782,2021-08-11,2021-08-11,Day Care,0.9,Discharged
ADM009624,PAT12963,FAC003,DEP008,BED0383,2023-05-12,2023-05-13,Day Care,1.3,Discharged
ADM009633,PAT06546,FAC001,DEP001,BED0126,2021-10-26,2021-10-26,Day Care,0.6,Discharged
ADM009634,PAT00104,FAC005,DEP006,BED0744,2026-09-18,2026-09-20,Elective,2.5,Referred
ADM009637,PAT00151,FAC003,DEP005,BED0310,2026-10-31,2026-10-31,Transfer,0.2,Discharged
ADM009641,PAT03234,FAC004,DEP007,BED0444,2024-05-07,2024-05-10,Elective,3.5,Discharged
ADM009649,PAT07574,FAC002,DEP006,BED0198,2022-12-29,2023-01-02,Elective,4.7,Discharged
ADM009650,PAT06761,FAC002,DEP002,BED0769,2026-04-07,2026-04-07,Day Care,0.2,Discharged
ADM009651,PAT01394,FAC002,DEP001,BED0884,2025-06-30,2025-07-06,Elective,6.5,Discharged
ADM009655,PAT04058,FAC004,DEP002,BED0494,2025-08-23,2025-08-23,Transfer,0.2,Discharged
ADM009680,PAT11059,FAC004,DEP004,BED0875,2026-09-11,2026-09-17,Transfer,6.8,Discharged
ADM009682,PAT09738,FAC004,DEP007,BED0475,2026-10-13,2026-10-18,Emergency,5.2,Discharged
ADM009683,PAT10156,FAC002,DEP002,BED0279,2024-01-09,2024-01-16,Elective,7.8,Discharged
ADM009696,PAT03209,FAC004,DEP007,BED0573,2026-03-16,2026-03-22,Emergency,6.1,Discharged
ADM009699,PAT12873,FAC003,DEP003,BED0401,2024-11-24,2024-11-27,Elective,3.5,Discharged
ADM009702,PAT10669,FAC002,DEP006,BED0290,2021-02-26,2021-02-26,Day Care,0.7,Discharged
ADM009704,PAT08490,FAC005,DEP003,BED0794,2025-03-05,2025-03-08,Transfer,3.3,Discharged
ADM009706,PAT02335,FAC003,DEP008,BED0342,2026-09-18,2026-09-21,Elective,3.2,Discharged
ADM009716,PAT12621,FAC005,DEP005,BED0651,2026-12-04,2026-12-09,Emergency,5.3,Transferred
ADM009720,PAT04011,FAC005,DEP006,BED0814,2026-06-04,2026-06-04,Day Care,0.7,Discharged
ADM009726,PAT11387,FAC001,DEP003,BED0838,2026-12-18,2026-12-18,Day Care,0.8,Discharged
ADM009728,PAT06845,FAC005,DEP005,BED0779,2025-05-27,2025-06-04,Elective,8.4,Discharged
ADM009737,PAT04106,FAC001,DEP004,BED0170,2025-08-05,2025-08-13,Emergency,8.8,Discharged
ADM009758,PAT06770,FAC004,DEP007,BED0538,2023-01-22,2023-01-25,Elective,3.3,Discharged
ADM009761,PAT13077,FAC004,DEP002,BED0526,2022-09-11,2022-09-11,Day Care,0.4,Discharged
ADM009763,PAT10921,FAC001,DEP003,BED0003,2025-08-22,2025-08-24,Elective,2.0,Discharged
ADM009764,PAT03781,FAC004,DEP005,BED0563,2026-06-15,2026-06-17,Emergency,2.6,Against Medical Advice
ADM009765,PAT05381,FAC004,DEP007,BED0589,2025-08-01,2025-08-01,Day Care,0.9,Discharged
ADM009772,PAT13827,FAC001,DEP008,BED0052,2026-12-16,2026-12-16,Day Care,0.9,Discharged
ADM009789,PAT07454,FAC004,DEP001,BED0890,2026-10-17,2026-10-21,Elective,4.8,Discharged
ADM009795,PAT00634,FAC002,DEP007,BED0275,2026-07-17,2026-07-20,Emergency,3.9,Discharged
ADM009808,PAT06881,FAC002,DEP001,BED0223,2026-04-23,2026-04-26,Elective,3.7,Discharged
ADM009809,PAT10366,FAC003,DEP008,BED0346,2025-06-23,2025-06-30,Emergency,7.1,Discharged
ADM009811,PAT06313,FAC004,DEP006,BED0477,2021-08-16,2021-08-19,Elective,3.3,Discharged
ADM009831,PAT05222,FAC003,DEP005,BED0339,2024-05-30,2024-05-30,Day Care,0.4,Discharged
ADM009858,PAT09027,FAC004,DEP007,BED0789,2025-04-23,2025-04-29,Elective,6.2,Discharged
ADM009875,PAT04238,FAC004,DEP001,BED0506,2022-04-30,2022-05-02,Elective,2.9,Discharged
ADM009880,PAT01800,FAC004,DEP004,BED0522,2024-01-17,2024-01-18,Transfer,1.7,Transferred
ADM009888,PAT06751,FAC004,DEP001,BED0595,2024-12-27,2024-12-27,Day Care,0.4,Discharged
ADM009890,PAT06889,FAC001,DEP002,BED0074,2023-06-24,2023-06-24,Day Care,0.5,Discharged
ADM009901,PAT07111,FAC004,DEP004,BED0873,2026-02-04,2026-02-04,Day Care,0.7,Discharged
ADM009904,PAT06978,FAC005,DEP005,BED0652,2024-01-27,2024-01-31,Emergency,4.1,Discharged
ADM009905,PAT01689,FAC002,DEP001,BED0790,2024-02-07,2024-02-13,Emergency,6.3,Transferred
ADM009908,PAT02268,FAC005,DEP001,BED0671,2026-04-13,2026-04-15,Transfer,2.2,Discharged
ADM009914,PAT06951,FAC005,DEP005,BED0791,2023-11-15,2023-11-15,Transfer,0.2,Discharged
ADM009919,PAT14020,FAC002,DEP006,BED0225,2021-10-15,2021-10-18,Elective,3.0,Discharged
ADM009927,PAT12587,FAC002,DEP001,BED0277,2023-03-02,2023-03-03,Elective,1.1,Referred
ADM009940,PAT02367,FAC004,DEP007,BED0525,2026-06-23,2026-06-25,Elective,2.8,Discharged
ADM009951,PAT08262,FAC002,DEP005,BED0301,2024-04-21,2024-04-24,Elective,3.1,Discharged
ADM009956,PAT00426,FAC004,DEP005,BED0549,2026-06-01,2026-06-05,Emergency,4.1,Discharged
ADM009958,PAT06316,FAC003,DEP008,BED0406,2022-03-20,2022-03-20,Elective,0.9,Discharged
ADM009969,PAT14438,FAC005,DEP006,BED0622,2023-12-17,2023-12-19,Elective,2.4,Discharged
ADM009973,PAT03370,FAC002,DEP005,BED0288,2023-05-02,2023-05-02,Elective,0.3,Discharged
ADM009980,PAT08115,FAC003,DEP008,BED0756,2026-05-02,2026-05-05,Elective,3.4,Discharged
ADM009982,PAT03509,FAC002,DEP002,BED0204,2026-04-24,2026-04-26,Elective,2.7,Discharged
ADM009991,PAT09040,FAC003,DEP003,BED0817,2022-05-15,2022-05-16,Elective,1.9,Discharged
ADM009993,PAT02037,FAC004,DEP007,BED0494,2024-01-05,2024-01-06,Elective,1.9,Referred
ADM009996,PAT14814,FAC004,DEP007,BED0789,2025-05-01,2025-05-02,Elective,1.8,Discharged
ADM010000,PAT04140,FAC002,DEP002,BED0194,2022-09-28,2022-10-02,Elective,4.1,Discharged
ADM010011,PAT05023,FAC005,DEP008,BED0685,2022-01-22,2022-01-22,Day Care,0.5,Discharged
ADM010015,PAT07696,FAC003,DEP007,BED0320,2026-07-04,2026-07-07,Emergency,3.3,Discharged
ADM010016,PAT10052,FAC005,DEP003,BED0728,2025-01-26,2025-01-26,Day Care,0.2,Discharged
ADM010022,PAT06919,FAC005,DEP007,BED0738,2023-03-25,2023-04-01,Transfer,7.7,Discharged
ADM010027,PAT03329,FAC005,DEP005,BED0638,2022-11-14,2022-11-18,Emergency,4.4,Discharged
ADM010029,PAT14750,FAC002,DEP002,BED0212,2025-09-10,2025-09-12,Elective,2.6,Discharged
ADM010035,PAT10183,FAC005,DEP001,BED0791,2026-04-12,2026-04-15,Elective,3.1,Discharged
ADM010039,PAT11387,FAC001,DEP003,BED0160,2026-01-30,2026-02-02,Elective,3.1,Discharged
ADM010043,PAT05801,FAC004,DEP002,BED0560,2024-06-05,2024-06-05,Day Care,0.7,Referred
ADM010059,PAT14855,FAC001,DEP001,BED0863,2026-07-24,2026-07-28,Emergency,4.8,Discharged
ADM010067,PAT03316,FAC005,DEP003,BED0649,2023-06-06,2023-06-08,Emergency,2.9,Discharged
ADM010068,PAT05602,FAC003,DEP005,BED0773,2023-12-31,2024-01-02,Elective,2.7,Discharged
ADM010072,PAT09732,FAC005,DEP008,BED0694,2025-06-13,2025-06-19,Elective,6.7,Discharged
ADM010082,PAT08875,FAC002,DEP005,BED0864,2021-02-18,2021-02-18,Day Care,0.4,Discharged
ADM010096,PAT01512,FAC003,DEP003,BED0354,2021-03-11,2021-03-12,Emergency,1.9,Discharged
ADM010099,PAT12069,FAC003,DEP008,BED0759,2026-02-07,2026-02-10,Elective,3.2,Discharged
ADM010102,PAT01369,FAC001,DEP004,BED0159,2023-01-06,2023-01-06,Transfer,0.4,Discharged
ADM010107,PAT11263,FAC002,DEP007,BED0191,2025-05-17,2025-05-20,Elective,3.8,Discharged
ADM010108,PAT04297,FAC001,DEP003,BED0786,2021-05-12,2021-05-12,Day Care,0.4,Discharged
ADM010133,PAT07309,FAC005,DEP008,BED0751,2024-08-04,2024-08-08,Transfer,4.0,Discharged
ADM010141,PAT11966,FAC003,DEP008,BED0432,2026-11-26,2026-11-28,Emergency,2.8,Referred
ADM010143,PAT10008,FAC001,DEP005,BED0040,2026-11-06,2026-11-10,Elective,4.6,Discharged
ADM010147,PAT03059,FAC005,DEP003,BED0820,2024-07-22,2024-07-26,Emergency,4.3,Discharged
ADM010153,PAT13607,FAC001,DEP005,BED0171,2025-12-22,2025-12-24,Elective,2.2,Discharged
ADM010162,PAT09825,FAC002,DEP005,BED0268,2026-09-05,2026-09-09,Emergency,4.9,Transferred
ADM010167,PAT14951,FAC003,DEP005,BED0335,2022-06-29,2022-07-04,Elective,5.9,Discharged
ADM010168,PAT10916,FAC003,DEP005,BED0343,2022-03-06,2022-03-06,Elective,0.2,Discharged
ADM010170,PAT04329,FAC004,DEP006,BED0511,2024-05-23,2024-05-23,Elective,0.2,Discharged
ADM010182,PAT02685,FAC004,DEP004,BED0569,2021-08-31,2021-09-03,Elective,3.3,Discharged
ADM010188,PAT10070,FAC002,DEP002,BED0297,2022-04-03,2022-04-06,Elective,3.6,Discharged
ADM010189,PAT07418,FAC002,DEP002,BED0257,2022-04-21,2022-04-26,Elective,5.8,Discharged
ADM010196,PAT13941,FAC003,DEP005,BED0326,2026-04-14,2026-04-14,Day Care,0.2,Discharged
ADM010203,PAT09660,FAC005,DEP006,BED0730,2021-02-19,2021-02-21,Elective,2.6,Discharged
ADM010209,PAT02862,FAC003,DEP007,BED0430,2025-04-26,2025-04-29,Emergency,3.4,Discharged
ADM010212,PAT03777,FAC005,DEP006,BED0878,2026-12-23,2026-12-28,Transfer,5.0,Discharged
ADM010216,PAT08541,FAC001,DEP005,BED0776,2024-10-20,2024-10-21,Emergency,1.0,Transferred
ADM010218,PAT13251,FAC002,DEP006,BED0228,2025-01-30,2025-02-04,Transfer,5.6,Discharged
ADM010226,PAT05707,FAC004,DEP002,BED0465,2026-09-13,2026-09-17,Emergency,4.4,Discharged
ADM010231,PAT04275,FAC005,DEP003,BED0843,2022-02-12,2022-02-17,Elective,5.3,Discharged
ADM010233,PAT09724,FAC001,DEP004,BED0077,2026-09-03,2026-09-10,Emergency,7.9,Discharged
ADM010234,PAT09981,FAC001,DEP004,BED0185,2023-09-24,2023-09-25,Day Care,1.0,Discharged
ADM010239,PAT00425,FAC002,DEP001,BED0280,2023-05-19,2023-05-22,Elective,3.2,Discharged
ADM010245,PAT00634,FAC003,DEP001,BED0759,2022-11-25,2022-11-25,Emergency,0.2,Discharged
ADM010250,PAT02895,FAC002,DEP001,BED0295,2026-08-21,2026-08-29,Emergency,8.7,Discharged
ADM010254,PAT04803,FAC003,DEP001,BED0363,2022-07-31,2022-08-02,Emergency,2.1,Discharged
ADM010256,PAT03464,FAC003,DEP005,BED0344,2023-08-20,2023-08-23,Elective,3.1,Discharged
ADM010261,PAT09391,FAC001,DEP003,BED0146,2023-05-14,2023-05-14,Day Care,0.6,Discharged
ADM010266,PAT11934,FAC004,DEP007,BED0512,2021-06-13,2021-06-13,Day Care,0.2,Discharged
ADM010274,PAT08881,FAC002,DEP001,BED0274,2022-07-02,2022-07-06,Emergency,4.5,Against Medical Advice
ADM010275,PAT04951,FAC005,DEP003,BED0700,2021-09-12,2021-09-12,Elective,0.2,Discharged
ADM010277,PAT00543,FAC002,DEP001,BED0262,2026-07-17,2026-07-25,Elective,8.0,Discharged
ADM010279,PAT14979,FAC005,DEP003,BED0634,2021-02-05,2021-02-08,Elective,3.5,Transferred
ADM010286,PAT07360,FAC001,DEP001,BED0067,2023-06-18,2023-06-18,Elective,0.2,Discharged
ADM010287,PAT02030,FAC004,DEP001,BED0596,2026-10-15,2026-10-17,Elective,2.6,Discharged
ADM010290,PAT02901,FAC002,DEP002,BED0764,2026-07-07,2026-07-11,Elective,4.5,Transferred
ADM010299,PAT07773,FAC005,DEP001,BED0672,2021-04-09,2021-04-12,Transfer,3.3,Discharged
ADM010300,PAT10157,FAC004,DEP002,BED0535,2025-02-07,2025-02-12,Emergency,5.0,Discharged
ADM010301,PAT06587,FAC003,DEP001,BED0349,2023-06-27,2023-06-29,Elective,2.6,Discharged
ADM010307,PAT02056,FAC005,DEP005,BED0716,2024-01-18,2024-01-25,Emergency,7.1,Discharged
ADM010309,PAT02535,FAC001,DEP004,BED0076,2025-07-22,2025-07-22,Day Care,0.7,Discharged
ADM010313,PAT13212,FAC005,DEP006,BED0731,2025-11-30,2025-12-01,Elective,1.3,Discharged
ADM010314,PAT00151,FAC002,DEP002,BED0267,2023-02-09,2023-02-10,Emergency,1.6,Discharged
ADM010320,PAT03380,FAC001,DEP003,BED0151,2022-11-09,2022-11-12,Elective,3.4,Transferred
ADM010321,PAT10235,FAC005,DEP006,BED0625,2024-04-14,2024-04-15,Elective,1.8,Discharged
ADM010325,PAT13464,FAC001,DEP004,BED0176,2021-06-21,2021-06-26,Emergency,5.5,Discharged
ADM010329,PAT05741,FAC001,DEP002,BED0753,2025-02-08,2025-02-09,Elective,1.2,Discharged
ADM010331,PAT10878,FAC005,DEP007,BED0674,2021-02-20,2021-02-25,Emergency,5.5,Discharged
ADM010335,PAT07226,FAC001,DEP008,BED0080,2026-12-08,2026-12-10,Emergency,2.6,Discharged
ADM010348,PAT00182,FAC001,DEP001,BED0022,2022-11-14,2022-11-17,Emergency,3.3,Discharged
ADM010356,PAT09314,FAC002,DEP006,BED0196,2026-04-06,2026-04-06,Day Care,0.9,Discharged
ADM010359,PAT03685,FAC005,DEP005,BED0627,2026-12-12,2026-12-19,Transfer,7.2,Discharged
ADM010360,PAT09361,FAC001,DEP002,BED0052,2023-07-10,2023-07-10,Day Care,0.5,Discharged
ADM010373,PAT04849,FAC005,DEP003,BED0741,2022-03-10,2022-03-12,Elective,2.5,Discharged
ADM010375,PAT03276,FAC005,DEP008,BED0632,2024-07-17,2024-07-18,Elective,1.1,Discharged
ADM010387,PAT03911,FAC002,DEP005,BED0300,2023-08-31,2023-08-31,Elective,0.2,Against Medical Advice
ADM010389,PAT11814,FAC005,DEP005,BED0726,2022-04-13,2022-04-15,Elective,2.2,Discharged
ADM010390,PAT14513,FAC001,DEP008,BED0072,2022-10-18,2022-10-18,Day Care,0.8,Discharged
ADM010395,PAT11882,FAC005,DEP001,BED0721,2026-08-31,2026-09-03,Elective,3.9,Discharged
ADM010409,PAT09262,FAC002,DEP005,BED0200,2021-07-24,2021-07-28,Emergency,4.0,Discharged
ADM010412,PAT02289,FAC001,DEP002,BED0090,2024-03-02,2024-03-03,Day Care,1.1,Discharged
ADM010413,PAT05222,FAC002,DEP007,BED0206,2023-01-07,2023-01-11,Elective,4.7,Discharged
ADM010415,PAT14084,FAC002,DEP001,BED0215,2025-04-19,2025-04-19,Day Care,0.2,Discharged
ADM010417,PAT08601,FAC003,DEP007,BED0362,2022-10-07,2022-10-08,Day Care,1.2,Discharged
ADM010422,PAT14426,FAC003,DEP003,BED0389,2021-09-09,2021-09-14,Emergency,5.7,Discharged
ADM010425,PAT04955,FAC004,DEP005,BED0570,2025-09-27,2025-10-03,Transfer,6.9,Discharged
ADM010440,PAT14813,FAC005,DEP005,BED0626,2021-10-17,2021-10-22,Emergency,5.4,Discharged
ADM010441,PAT13012,FAC002,DEP007,BED0302,2026-11-02,2026-11-06,Emergency,4.9,Discharged
ADM010448,PAT04116,FAC002,DEP006,BED0255,2023-02-07,2023-02-09,Elective,2.5,Discharged
ADM010465,PAT00009,FAC004,DEP005,BED0463,2022-01-29,2022-02-04,Elective,6.4,Referred
ADM010483,PAT08169,FAC002,DEP006,BED0260,2023-01-22,2023-01-29,Emergency,7.4,Referred
ADM010489,PAT04915,FAC004,DEP001,BED0515,2022-10-06,2022-10-13,Emergency,7.0,Discharged
ADM010490,PAT08531,FAC002,DEP002,BED0783,2021-12-17,2021-12-17,Elective,0.5,Discharged
ADM010498,PAT06267,FAC002,DEP001,BED0280,2024-01-12,2024-01-12,Day Care,0.6,Discharged
ADM010500,PAT13545,FAC004,DEP004,BED0477,2026-01-25,2026-01-30,Elective,5.1,Transferred
ADM010505,PAT14891,FAC003,DEP003,BED0418,2022-11-04,2022-11-05,Elective,1.1,Discharged
ADM010515,PAT06878,FAC001,DEP001,BED0026,2023-08-12,2023-08-15,Emergency,3.8,Discharged
ADM010516,PAT09361,FAC004,DEP006,BED0590,2022-12-21,2022-12-21,Day Care,0.5,Discharged
ADM010518,PAT07835,FAC004,DEP006,BED0592,2021-07-18,2021-07-18,Day Care,0.9,Discharged
ADM010525,PAT10256,FAC002,DEP005,BED0288,2026-09-13,2026-09-18,Transfer,5.1,Discharged
ADM010526,PAT04537,FAC005,DEP007,BED0878,2021-11-09,2021-11-13,Transfer,4.1,Discharged
ADM010533,PAT06026,FAC004,DEP006,BED0580,2026-05-13,2026-05-20,Transfer,7.1,Discharged
ADM010537,PAT08935,FAC004,DEP002,BED0518,2022-11-08,2022-11-11,Emergency,3.9,Discharged
ADM010543,PAT02059,FAC003,DEP003,BED0343,2024-09-25,2024-10-02,Elective,7.4,Discharged
ADM010552,PAT12515,FAC003,DEP007,BED0363,2023-11-29,2023-11-29,Day Care,0.4,Discharged
ADM010560,PAT09989,FAC003,DEP005,BED0310,2025-11-14,2025-11-15,Elective,1.0,Discharged
ADM010563,PAT05206,FAC003,DEP005,BED0352,2026-01-03,2026-01-04,Elective,1.5,Discharged
ADM010564,PAT01721,FAC004,DEP006,BED0535,2022-08-27,2022-08-31,Emergency,4.2,Discharged
ADM010574,PAT00931,FAC005,DEP008,BED0733,2024-08-03,2024-08-05,Elective,2.2,Discharged
ADM010579,PAT11990,FAC005,DEP005,BED0649,2022-07-29,2022-08-05,Emergency,7.2,Discharged
ADM010589,PAT07508,FAC005,DEP008,BED0647,2022-07-06,2022-07-09,Transfer,3.2,Discharged
ADM010600,PAT11246,FAC001,DEP002,BED0024,2025-09-20,2025-09-20,Day Care,0.9,Discharged
ADM010601,PAT00285,FAC001,DEP008,BED0076,2025-10-06,2025-10-08,Elective,2.9,Transferred
ADM010605,PAT04191,FAC002,DEP006,BED0238,2021-05-18,2021-05-21,Elective,3.9,Discharged
ADM010607,PAT06476,FAC004,DEP004,BED0479,2025-11-08,2025-11-13,Emergency,5.0,Discharged
ADM010609,PAT12052,FAC002,DEP006,BED0861,2023-05-09,2023-05-10,Elective,1.5,Discharged
ADM010613,PAT04709,FAC001,DEP004,BED0034,2025-02-24,2025-02-27,Elective,3.6,Against Medical Advice
ADM010620,PAT11545,FAC002,DEP007,BED0784,2026-09-06,2026-09-11,Emergency,5.3,Discharged
ADM010625,PAT02922,FAC001,DEP004,BED0847,2026-07-25,2026-07-25,Day Care,0.5,Discharged
ADM010637,PAT09239,FAC004,DEP004,BED0529,2022-10-19,2022-10-19,Elective,0.2,Discharged
ADM010641,PAT02440,FAC003,DEP007,BED0433,2025-11-03,2025-11-08,Elective,5.3,Discharged
ADM010643,PAT11840,FAC004,DEP002,BED0774,2022-02-20,2022-02-25,Emergency,5.9,Discharged
ADM010650,PAT10676,FAC004,DEP001,BED0854,2023-03-05,2023-03-05,Day Care,0.4,Discharged
ADM010655,PAT12503,FAC003,DEP005,BED0404,2022-08-03,2022-08-03,Day Care,0.2,Discharged
ADM010656,PAT09516,FAC005,DEP001,BED0629,2024-10-19,2024-10-21,Elective,2.4,Discharged
ADM010658,PAT05100,FAC005,DEP008,BED0638,2022-04-05,2022-04-07,Emergency,2.9,Discharged
ADM010676,PAT11325,FAC003,DEP008,BED0405,2026-07-24,2026-08-02,Emergency,9.6,Transferred
ADM010677,PAT09028,FAC001,DEP001,BED0089,2021-10-21,2021-10-28,Transfer,7.3,Discharged
ADM010678,PAT12556,FAC001,DEP005,BED0164,2022-05-05,2022-05-11,Emergency,6.4,Discharged
ADM010682,PAT06265,FAC002,DEP005,BED0785,2024-01-05,2024-01-12,Transfer,7.1,Transferred
ADM010693,PAT03756,FAC002,DEP001,BED0238,2022-12-05,2022-12-05,Day Care,0.9,Referred
ADM010709,PAT00534,FAC001,DEP001,BED0869,2023-04-22,2023-04-26,Elective,4.9,Discharged
ADM010714,PAT02326,FAC005,DEP006,BED0638,2023-07-03,2023-07-04,Elective,1.8,Transferred
ADM010715,PAT11320,FAC002,DEP001,BED0262,2026-12-13,2026-12-15,Transfer,2.7,Discharged
ADM010727,PAT04112,FAC001,DEP008,BED0115,2022-09-08,2022-09-12,Elective,4.6,Discharged
ADM010728,PAT09038,FAC003,DEP005,BED0306,2021-08-12,2021-08-13,Transfer,1.1,Discharged
ADM010729,PAT05404,FAC004,DEP005,BED0512,2025-12-17,2025-12-17,Elective,0.5,Discharged
ADM010731,PAT13793,FAC005,DEP005,BED0797,2022-03-21,2022-03-22,Day Care,1.0,Discharged
ADM010734,PAT10925,FAC004,DEP005,BED0582,2026-12-06,2026-12-09,Elective,3.5,Discharged
ADM010749,PAT06909,FAC002,DEP001,BED0225,2026-06-25,2026-06-27,Transfer,2.7,Discharged
ADM010754,PAT14824,FAC004,DEP004,BED0771,2021-12-05,2021-12-10,Elective,5.0,Discharged
ADM010757,PAT12556,FAC001,DEP005,BED0006,2026-04-16,2026-04-16,Elective,0.8,Discharged
ADM010763,PAT07825,FAC002,DEP001,BED0231,2021-12-17,2021-12-20,Transfer,3.0,Discharged
ADM010767,PAT11275,FAC004,DEP002,BED0541,2024-02-17,2024-02-24,Emergency,7.0,Discharged
ADM010769,PAT13253,FAC001,DEP004,BED0148,2026-08-24,2026-08-30,Transfer,6.5,Discharged
ADM010770,PAT06897,FAC002,DEP001,BED0263,2026-07-27,2026-07-30,Elective,3.7,Discharged
ADM010774,PAT10898,FAC001,DEP004,BED0158,2025-02-22,2025-02-22,Day Care,0.6,Discharged
ADM010778,PAT02612,FAC004,DEP006,BED0562,2024-05-14,2024-05-17,Emergency,3.6,Discharged
ADM010780,PAT07634,FAC001,DEP001,BED0044,2021-04-14,2021-04-17,Elective,3.1,Discharged
ADM010783,PAT02316,FAC001,DEP002,BED0063,2025-06-02,2025-06-02,Day Care,0.9,Discharged
ADM010787,PAT06152,FAC002,DEP002,BED0864,2021-02-13,2021-02-13,Day Care,0.8,Discharged
ADM010789,PAT03166,FAC002,DEP007,BED0294,2025-02-08,2025-02-09,Emergency,1.8,Against Medical Advice
ADM010792,PAT07041,FAC004,DEP007,BED0458,2022-11-09,2022-11-11,Transfer,2.8,Discharged
ADM010795,PAT00908,FAC005,DEP007,BED0617,2025-07-01,2025-07-06,Emergency,5.4,Discharged
ADM010802,PAT08770,FAC003,DEP007,BED0817,2025-09-14,2025-09-15,Elective,1.8,Discharged
ADM010812,PAT08452,FAC005,DEP005,BED0734,2023-11-15,2023-11-15,Emergency,0.2,Discharged
ADM010816,PAT08841,FAC003,DEP005,BED0349,2024-01-05,2024-01-05,Day Care,0.9,Referred
ADM010819,PAT00903,FAC001,DEP001,BED0130,2026-06-13,2026-06-20,Emergency,7.2,Discharged
ADM010832,PAT10505,FAC003,DEP005,BED0410,2023-02-08,2023-02-13,Elective,5.9,Transferred
ADM010851,PAT01985,FAC004,DEP004,BED0462,2023-10-24,2023-10-28,Elective,4.6,Discharged
ADM010856,PAT14135,FAC004,DEP004,BED0512,2022-02-23,2022-02-27,Elective,4.5,Discharged
ADM010864,PAT06078,FAC005,DEP007,BED0674,2024-02-27,2024-02-29,Emergency,2.5,Discharged
ADM010869,PAT06339,FAC005,DEP005,BED0711,2024-03-09,2024-03-14,Emergency,5.4,Discharged
ADM010874,PAT06378,FAC003,DEP003,BED0329,2024-04-16,2024-04-25,Emergency,9.2,Discharged
ADM010884,PAT00151,FAC002,DEP005,BED0220,2026-08-17,2026-08-25,Transfer,8.2,Discharged
ADM010886,PAT10837,FAC002,DEP002,BED0254,2021-03-04,2021-03-06,Elective,2.1,Discharged
ADM010890,PAT03025,FAC004,DEP005,BED0451,2023-03-24,2023-03-26,Emergency,2.5,Discharged
ADM010894,PAT08197,FAC003,DEP005,BED0349,2025-07-14,2025-07-17,Elective,3.1,Referred
ADM010895,PAT02381,FAC001,DEP004,BED0130,2024-04-04,2024-04-08,Emergency,4.3,Discharged
ADM010900,PAT09884,FAC004,DEP007,BED0531,2025-11-23,2025-11-28,Emergency,5.2,Against Medical Advice
ADM010908,PAT00764,FAC002,DEP007,BED0259,2024-08-01,2024-08-01,Elective,0.7,Discharged
ADM010915,PAT04683,FAC003,DEP003,BED0335,2024-12-22,2024-12-27,Emergency,5.2,Transferred
ADM010918,PAT04402,FAC003,DEP005,BED0382,2024-10-10,2024-10-15,Elective,5.4,Transferred
ADM010919,PAT09146,FAC005,DEP001,BED0723,2022-07-09,2022-07-10,Elective,1.6,Discharged
ADM010922,PAT07638,FAC003,DEP003,BED0342,2021-03-30,2021-03-30,Day Care,0.8,Discharged
ADM010924,PAT02914,FAC005,DEP008,BED0647,2026-05-13,2026-05-17,Emergency,4.2,Discharged
ADM010941,PAT07972,FAC003,DEP008,BED0414,2026-11-02,2026-11-07,Emergency,5.6,Discharged
ADM010952,PAT04863,FAC001,DEP008,BED0148,2025-05-05,2025-05-05,Day Care,0.7,Discharged
ADM010955,PAT01328,FAC002,DEP006,BED0253,2021-05-13,2021-05-17,Elective,4.0,Discharged
ADM010956,PAT11712,FAC002,DEP005,BED0289,2023-03-19,2023-03-21,Elective,2.1,Discharged
ADM010973,PAT05749,FAC002,DEP001,BED0269,2024-11-23,2024-11-27,Emergency,4.8,Transferred
ADM010975,PAT04102,FAC003,DEP001,BED0829,2024-01-04,2024-01-07,Elective,3.9,Discharged
ADM010976,PAT01990,FAC002,DEP002,BED0242,2026-06-19,2026-06-19,Day Care,0.5,Discharged
ADM010977,PAT14954,FAC001,DEP002,BED0084,2023-02-20,2023-02-23,Emergency,3.3,Discharged
ADM010981,PAT14891,FAC004,DEP006,BED0509,2024-11-19,2024-11-20,Elective,1.3,Discharged
ADM010996,PAT05889,FAC004,DEP005,BED0571,2023-01-31,2023-02-03,Elective,3.5,Discharged
ADM011002,PAT14991,FAC002,DEP002,BED0300,2022-09-28,2022-09-29,Emergency,1.2,Discharged
ADM011004,PAT04430,FAC001,DEP001,BED0097,2021-05-13,2021-05-18,Transfer,5.3,Discharged
ADM011005,PAT07802,FAC005,DEP001,BED0641,2021-04-22,2021-04-25,Emergency,3.8,Discharged
ADM011007,PAT12265,FAC004,DEP006,BED0594,2023-09-21,2023-09-25,Elective,4.7,Discharged
ADM011032,PAT06927,FAC002,DEP006,BED0763,2023-05-21,2023-05-27,Emergency,6.1,Discharged
ADM011036,PAT08798,FAC001,DEP002,BED0184,2025-02-09,2025-02-11,Emergency,2.0,Discharged
ADM011044,PAT01946,FAC004,DEP006,BED0463,2026-10-24,2026-10-24,Elective,0.9,Discharged
ADM011048,PAT04966,FAC002,DEP007,BED0267,2025-09-07,2025-09-09,Elective,2.7,Discharged
ADM011057,PAT00252,FAC003,DEP007,BED0824,2026-08-29,2026-08-29,Day Care,0.7,Discharged
ADM011068,PAT08391,FAC004,DEP004,BED0770,2023-09-14,2023-09-14,Elective,0.8,Discharged
ADM011069,PAT00748,FAC005,DEP001,BED0645,2026-06-22,2026-06-23,Emergency,1.9,Discharged
ADM011074,PAT10881,FAC004,DEP006,BED0521,2021-12-25,2021-12-25,Emergency,0.2,Discharged
ADM011075,PAT03222,FAC002,DEP005,BED0781,2024-04-18,2024-04-23,Elective,5.2,Discharged
ADM011078,PAT03509,FAC001,DEP005,BED0036,2022-10-06,2022-10-07,Emergency,1.1,Against Medical Advice
ADM011080,PAT03335,FAC004,DEP005,BED0545,2023-01-09,2023-01-09,Day Care,0.6,Discharged
ADM011081,PAT13260,FAC001,DEP003,BED0113,2024-08-24,2024-08-25,Elective,1.3,Discharged
ADM011090,PAT04085,FAC003,DEP005,BED0424,2026-03-03,2026-03-06,Emergency,3.5,Discharged
ADM011092,PAT12189,FAC004,DEP002,BED0501,2022-05-10,2022-05-14,Elective,4.5,Discharged
ADM011098,PAT11362,FAC005,DEP007,BED0700,2025-01-26,2025-01-28,Elective,2.6,Discharged
ADM011107,PAT07253,FAC004,DEP007,BED0600,2023-09-17,2023-09-19,Elective,2.7,Discharged
ADM011109,PAT04685,FAC005,DEP005,BED0602,2021-04-09,2021-04-14,Elective,5.3,Discharged
ADM011112,PAT03548,FAC003,DEP008,BED0432,2023-07-14,2023-07-18,Elective,4.0,Discharged
ADM011119,PAT13466,FAC003,DEP007,BED0317,2025-01-07,2025-01-10,Elective,3.3,Discharged
ADM011127,PAT12166,FAC005,DEP006,BED0669,2023-08-01,2023-08-07,Elective,6.3,Discharged
ADM011132,PAT12822,FAC004,DEP002,BED0581,2023-07-02,2023-07-02,Day Care,0.4,Discharged
ADM011147,PAT14717,FAC003,DEP007,BED0311,2021-11-02,2021-11-07,Emergency,5.3,Discharged
ADM011151,PAT09233,FAC005,DEP006,BED0640,2026-01-06,2026-01-06,Elective,0.9,Discharged
ADM011153,PAT10466,FAC004,DEP001,BED0593,2023-09-13,2023-09-14,Day Care,1.0,Discharged
ADM011155,PAT13157,FAC001,DEP008,BED0867,2024-04-16,2024-04-20,Emergency,4.0,Against Medical Advice
ADM011164,PAT03775,FAC001,DEP003,BED0123,2023-06-23,2023-06-25,Emergency,2.8,Discharged
ADM011169,PAT00931,FAC005,DEP007,BED0685,2026-08-21,2026-08-28,Elective,7.0,Discharged
ADM011171,PAT10320,FAC005,DEP003,BED0619,2022-05-02,2022-05-08,Transfer,6.2,Discharged
ADM011180,PAT01859,FAC002,DEP001,BED0270,2021-04-30,2021-05-02,Elective,2.9,Discharged
ADM011185,PAT06922,FAC003,DEP007,BED0414,2021-10-15,2021-10-23,Transfer,8.3,Discharged
ADM011187,PAT08521,FAC003,DEP007,BED0340,2022-07-21,2022-07-31,Transfer,10.5,Discharged
ADM011192,PAT09233,FAC001,DEP003,BED0003,2024-12-14,2024-12-19,Emergency,5.3,Discharged
ADM011196,PAT05804,FAC005,DEP001,BED0643,2024-06-29,2024-07-02,Elective,3.4,Discharged
ADM011197,PAT03088,FAC001,DEP003,BED0176,2022-01-26,2022-01-29,Emergency,3.3,Discharged
ADM011205,PAT12488,FAC001,DEP005,BED0076,2025-05-21,2025-05-25,Elective,4.4,Discharged
ADM011207,PAT11361,FAC002,DEP001,BED0769,2022-09-09,2022-09-09,Emergency,0.2,Discharged
ADM011210,PAT00248,FAC002,DEP007,BED0775,2024-08-27,2024-08-29,Elective,2.9,Discharged
ADM011211,PAT04709,FAC002,DEP006,BED0198,2025-12-27,2025-12-29,Emergency,2.0,Discharged
ADM011214,PAT13315,FAC001,DEP003,BED0068,2023-02-22,2023-02-23,Emergency,1.7,Discharged
ADM011216,PAT13984,FAC005,DEP005,BED0744,2021-04-04,2021-04-05,Elective,1.6,Against Medical Advice
ADM011226,PAT04610,FAC002,DEP007,BED0218,2021-12-15,2021-12-20,Emergency,5.1,Discharged
ADM011228,PAT10674,FAC004,DEP001,BED0513,2023-01-21,2023-01-26,Transfer,5.8,Discharged
ADM011229,PAT08133,FAC002,DEP006,BED0198,2024-12-25,2024-12-26,Elective,1.1,Discharged
ADM011231,PAT03754,FAC002,DEP001,BED0238,2024-09-09,2024-09-09,Elective,0.2,Discharged
ADM011233,PAT04337,FAC004,DEP007,BED0494,2021-05-28,2021-05-28,Day Care,0.6,Referred
ADM011234,PAT01787,FAC001,DEP004,BED0019,2021-02-03,2021-02-04,Emergency,1.7,Discharged
ADM011235,PAT04352,FAC005,DEP007,BED0669,2026-10-31,2026-11-03,Elective,3.1,Against Medical Advice
ADM011243,PAT03208,FAC004,DEP002,BED0572,2025-04-16,2025-04-16,Day Care,0.9,Discharged
ADM011246,PAT14482,FAC004,DEP006,BED0470,2026-11-27,2026-11-29,Transfer,2.6,Discharged
ADM011247,PAT09053,FAC003,DEP008,BED0761,2022-02-25,2022-02-25,Day Care,0.7,Transferred
ADM011254,PAT02526,FAC002,DEP005,BED0243,2022-05-05,2022-05-06,Elective,1.9,Discharged
ADM011257,PAT10753,FAC003,DEP008,BED0423,2022-08-15,2022-08-15,Transfer,0.2,Discharged
ADM011260,PAT13998,FAC003,DEP008,BED0352,2024-06-24,2024-06-24,Emergency,0.2,Discharged
ADM011295,PAT13918,FAC002,DEP001,BED0276,2025-01-25,2025-01-25,Day Care,0.4,Discharged
ADM011302,PAT04520,FAC002,DEP005,BED0242,2022-01-09,2022-01-09,Day Care,0.2,Referred
ADM011303,PAT05810,FAC003,DEP005,BED0387,2025-05-17,2025-05-20,Elective,3.0,Discharged
ADM011308,PAT07904,FAC002,DEP007,BED0290,2025-07-16,2025-07-17,Day Care,1.1,Discharged
ADM011312,PAT01007,FAC003,DEP008,BED0383,2026-11-10,2026-11-11,Day Care,1.0,Discharged
ADM011318,PAT09970,FAC001,DEP001,BED0067,2024-04-14,2024-04-18,Transfer,4.0,Discharged
ADM011329,PAT13869,FAC002,DEP007,BED0274,2023-07-29,2023-07-29,Transfer,0.6,Discharged
ADM011330,PAT13869,FAC003,DEP003,BED0800,2022-07-04,2022-07-09,Elective,5.5,Discharged
ADM011334,PAT11779,FAC001,DEP005,BED0047,2026-06-10,2026-06-14,Emergency,4.6,Discharged
ADM011340,PAT01088,FAC001,DEP002,BED0067,2025-12-25,2025-12-25,Day Care,0.5,Discharged
ADM011346,PAT10541,FAC003,DEP001,BED0383,2025-10-13,2025-10-13,Day Care,0.7,Discharged
ADM011359,PAT13116,FAC003,DEP005,BED0332,2026-08-08,2026-08-09,Elective,1.3,Discharged
ADM011360,PAT14396,FAC003,DEP005,BED0423,2024-07-13,2024-07-15,Emergency,2.9,Discharged
ADM011365,PAT12517,FAC004,DEP005,BED0516,2024-02-17,2024-02-17,Day Care,0.7,Discharged
ADM011368,PAT10550,FAC002,DEP006,BED0226,2024-09-11,2024-09-14,Elective,3.1,Discharged
ADM011369,PAT03990,FAC002,DEP006,BED0260,2023-09-08,2023-09-13,Emergency,5.6,Referred
ADM011370,PAT13216,FAC003,DEP005,BED0360,2024-04-02,2024-04-08,Transfer,6.2,Discharged
ADM011372,PAT12693,FAC001,DEP003,BED0035,2023-01-30,2023-02-05,Emergency,6.0,Discharged
ADM011378,PAT12015,FAC005,DEP003,BED0670,2026-10-31,2026-11-06,Emergency,6.7,Discharged
ADM011384,PAT11258,FAC004,DEP007,BED0444,2021-08-05,2021-08-05,Day Care,0.8,Transferred
ADM011388,PAT10939,FAC002,DEP006,BED0227,2023-03-13,2023-03-16,Elective,3.3,Discharged
ADM011389,PAT05737,FAC002,DEP001,BED0840,2026-12-01,2026-12-02,Emergency,1.1,Discharged
ADM011390,PAT14314,FAC001,DEP003,BED0073,2021-03-22,2021-03-22,Day Care,0.7,Transferred
ADM011398,PAT14422,FAC003,DEP005,BED0418,2021-06-25,2021-06-28,Emergency,3.6,Discharged
ADM011399,PAT04112,FAC004,DEP007,BED0572,2023-06-22,2023-06-22,Elective,0.5,Discharged
ADM011412,PAT04709,FAC005,DEP007,BED0739,2021-09-24,2021-09-30,Emergency,6.4,Discharged
ADM011416,PAT08381,FAC005,DEP001,BED0619,2026-09-28,2026-10-04,Emergency,6.5,Discharged
ADM011422,PAT13445,FAC004,DEP001,BED0591,2021-08-14,2021-08-19,Elective,5.9,Discharged
ADM011423,PAT07448,FAC005,DEP005,BED0727,2021-06-03,2021-06-05,Elective,2.6,Transferred
ADM011427,PAT13675,FAC005,DEP007,BED0714,2025-11-26,2025-11-29,Elective,3.6,Transferred
ADM011432,PAT09903,FAC005,DEP005,BED0642,2022-06-25,2022-06-25,Emergency,0.2,Discharged
ADM011433,PAT08105,FAC001,DEP003,BED0046,2022-03-04,2022-03-07,Elective,3.8,Discharged
ADM011440,PAT03861,FAC002,DEP002,BED0225,2022-03-01,2022-03-01,Elective,0.2,Discharged
ADM011442,PAT05684,FAC003,DEP003,BED0868,2025-08-23,2025-08-28,Emergency,5.3,Discharged
ADM011443,PAT03563,FAC005,DEP008,BED0632,2024-11-16,2024-11-16,Day Care,0.4,Discharged
ADM011444,PAT01419,FAC001,DEP002,BED0039,2023-03-16,2023-03-20,Transfer,4.4,Referred
ADM011454,PAT06336,FAC004,DEP002,BED0578,2022-01-10,2022-01-16,Transfer,6.6,Discharged
ADM011460,PAT02590,FAC001,DEP008,BED0065,2021-07-31,2021-08-01,Transfer,1.6,Discharged
ADM011463,PAT01509,FAC002,DEP006,BED0212,2026-07-18,2026-07-18,Emergency,0.2,Discharged
ADM011466,PAT09544,FAC005,DEP007,BED0683,2023-06-01,2023-06-07,Elective,6.2,Discharged
ADM011468,PAT02907,FAC003,DEP008,BED0313,2022-03-29,2022-03-31,Transfer,2.9,Discharged
ADM011470,PAT05764,FAC005,DEP007,BED0827,2025-05-24,2025-05-24,Day Care,0.7,Discharged
ADM011473,PAT14305,FAC001,DEP008,BED0041,2021-07-19,2021-07-22,Elective,3.8,Discharged
ADM011482,PAT10521,FAC003,DEP001,BED0404,2026-01-28,2026-01-29,Elective,1.2,Discharged
ADM011490,PAT05708,FAC003,DEP001,BED0374,2025-06-03,2025-06-07,Elective,4.9,Discharged
ADM011493,PAT10057,FAC002,DEP006,BED0238,2021-06-14,2021-06-16,Emergency,2.0,Referred
ADM011494,PAT10070,FAC004,DEP007,BED0846,2022-12-21,2022-12-21,Emergency,0.2,Discharged
ADM011495,PAT08105,FAC001,DEP004,BED0058,2026-07-30,2026-07-31,Elective,1.8,Discharged
ADM011498,PAT06522,FAC003,DEP007,BED0336,2023-10-01,2023-10-08,Transfer,7.7,Against Medical Advice
ADM011512,PAT04668,FAC001,DEP008,BED0807,2025-04-06,2025-04-09,Elective,3.4,Discharged
ADM011513,PAT11110,FAC004,DEP006,BED0506,2024-07-20,2024-07-20,Elective,0.2,Discharged
ADM011517,PAT06890,FAC005,DEP005,BED0706,2025-01-19,2025-01-19,Emergency,0.2,Discharged
ADM011525,PAT03308,FAC004,DEP004,BED0549,2026-07-23,2026-07-23,Day Care,0.7,Discharged
ADM011534,PAT06851,FAC001,DEP002,BED0143,2025-04-15,2025-04-19,Emergency,4.1,Discharged
ADM011535,PAT03117,FAC003,DEP005,BED0384,2026-05-20,2026-05-23,Elective,3.1,Discharged
ADM011544,PAT14563,FAC003,DEP007,BED0357,2024-11-09,2024-11-09,Day Care,0.2,Discharged
ADM011545,PAT09510,FAC003,DEP003,BED0425,2026-09-03,2026-09-08,Emergency,5.1,Discharged
ADM011553,PAT02217,FAC004,DEP006,BED0477,2025-09-05,2025-09-05,Day Care,0.9,Discharged
ADM011554,PAT06652,FAC005,DEP001,BED0668,2026-08-21,2026-08-28,Elective,7.8,Discharged
ADM011559,PAT04829,FAC002,DEP002,BED0228,2021-12-08,2021-12-08,Transfer,0.2,Discharged
ADM011560,PAT13077,FAC001,DEP005,BED0128,2026-12-27,2026-12-28,Elective,1.6,Discharged
ADM011561,PAT04756,FAC005,DEP001,BED0668,2025-08-26,2025-08-26,Elective,0.9,Discharged
ADM011563,PAT12072,FAC001,DEP004,BED0863,2023-05-02,2023-05-02,Day Care,0.5,Discharged
ADM011569,PAT10217,FAC002,DEP007,BED0197,2022-01-20,2022-01-26,Elective,6.6,Discharged
ADM011571,PAT10857,FAC003,DEP003,BED0835,2024-01-30,2024-02-03,Elective,4.4,Discharged
ADM011573,PAT02639,FAC005,DEP001,BED0663,2024-12-07,2024-12-09,Emergency,2.3,Discharged
ADM011576,PAT13093,FAC003,DEP005,BED0422,2023-05-28,2023-05-29,Elective,1.2,Discharged
ADM011577,PAT05583,FAC002,DEP007,BED0884,2025-02-27,2025-03-05,Emergency,6.5,Discharged
ADM011579,PAT06877,FAC004,DEP002,BED0846,2026-08-06,2026-08-08,Elective,2.9,Discharged
ADM011585,PAT06886,FAC005,DEP005,BED0664,2023-03-11,2023-03-15,Elective,4.1,Discharged
ADM011592,PAT12609,FAC003,DEP005,BED0312,2025-03-18,2025-03-21,Emergency,3.3,Discharged
ADM011596,PAT00579,FAC001,DEP001,BED0090,2026-09-19,2026-09-24,Elective,5.6,Referred
ADM011610,PAT00873,FAC001,DEP002,BED0002,2023-02-06,2023-02-17,Transfer,11.0,Discharged
ADM011618,PAT02996,FAC004,DEP002,BED0851,2022-10-23,2022-10-24,Emergency,1.0,Discharged
ADM011621,PAT05454,FAC004,DEP002,BED0490,2021-09-07,2021-09-10,Elective,3.1,Discharged
ADM011623,PAT10466,FAC003,DEP005,BED0349,2022-03-11,2022-03-13,Transfer,2.7,Discharged
ADM011625,PAT06909,FAC005,DEP001,BED0831,2022-07-22,2022-07-25,Emergency,3.1,Referred
ADM011631,PAT14627,FAC004,DEP004,BED0870,2026-07-09,2026-07-10,Transfer,1.4,Discharged
ADM011651,PAT07880,FAC003,DEP005,BED0352,2024-02-25,2024-02-29,Transfer,4.3,Discharged
ADM011655,PAT08452,FAC003,DEP008,BED0809,2024-06-05,2024-06-05,Day Care,0.4,Discharged
ADM011660,PAT00555,FAC003,DEP003,BED0369,2023-04-12,2023-04-17,Elective,5.0,Discharged
ADM011663,PAT02597,FAC005,DEP005,BED0649,2024-02-01,2024-02-03,Elective,2.1,Discharged
ADM011674,PAT05501,FAC003,DEP007,BED0824,2021-11-09,2021-11-13,Elective,4.6,Discharged
ADM011675,PAT10981,FAC005,DEP008,BED0677,2023-06-20,2023-06-24,Elective,4.3,Transferred
ADM011677,PAT07710,FAC004,DEP007,BED0528,2023-07-31,2023-08-06,Transfer,6.0,Discharged
ADM011681,PAT07641,FAC002,DEP002,BED0283,2026-11-05,2026-11-05,Elective,0.4,Discharged
ADM011685,PAT09897,FAC005,DEP006,BED0612,2025-05-17,2025-05-20,Transfer,3.7,Against Medical Advice
ADM011694,PAT07502,FAC002,DEP006,BED0212,2025-07-13,2025-07-13,Day Care,0.4,Discharged
ADM011701,PAT02010,FAC001,DEP003,BED0063,2022-01-22,2022-01-26,Transfer,4.8,Discharged
ADM011714,PAT13905,FAC002,DEP006,BED0855,2023-10-23,2023-10-27,Elective,4.2,Discharged
ADM011716,PAT10973,FAC003,DEP008,BED0410,2025-09-19,2025-09-23,Elective,4.3,Discharged
ADM011721,PAT11417,FAC001,DEP005,BED0123,2023-09-11,2023-09-14,Elective,3.0,Discharged
ADM011730,PAT10183,FAC002,DEP001,BED0777,2021-02-24,2021-02-25,Elective,1.9,Discharged
ADM011733,PAT08823,FAC003,DEP005,BED0368,2024-04-16,2024-04-22,Transfer,6.7,Discharged
ADM011736,PAT03448,FAC001,DEP004,BED0175,2026-11-08,2026-11-11,Elective,3.0,Discharged
ADM011756,PAT09050,FAC004,DEP001,BED0564,2025-11-16,2025-11-16,Day Care,0.5,Discharged
ADM011758,PAT11493,FAC002,DEP002,BED0231,2024-07-24,2024-07-24,Day Care,0.6,Discharged
ADM011762,PAT13857,FAC004,DEP007,BED0457,2026-01-31,2026-02-03,Elective,3.5,Discharged
ADM011763,PAT10060,FAC004,DEP006,BED0521,2026-10-13,2026-10-13,Day Care,0.6,Discharged
ADM011764,PAT10363,FAC005,DEP005,BED0678,2021-04-30,2021-04-30,Transfer,0.2,Discharged
ADM011770,PAT12012,FAC002,DEP002,BED0279,2022-09-18,2022-09-18,Day Care,0.4,Discharged
ADM011779,PAT09442,FAC001,DEP003,BED0073,2023-07-05,2023-07-05,Day Care,0.7,Discharged
ADM011780,PAT00201,FAC001,DEP008,BED0098,2022-09-22,2022-09-24,Elective,2.8,Discharged
ADM011781,PAT12319,FAC005,DEP006,BED0651,2021-09-03,2021-09-03,Elective,0.2,Discharged
ADM011791,PAT01732,FAC003,DEP003,BED0889,2022-12-30,2022-12-30,Day Care,0.4,Discharged
ADM011797,PAT07959,FAC003,DEP005,BED0412,2023-09-01,2023-09-03,Elective,2.7,Discharged
ADM011804,PAT11439,FAC003,DEP001,BED0800,2026-05-14,2026-05-14,Emergency,0.2,Discharged
ADM011805,PAT12683,FAC004,DEP004,BED0561,2021-02-09,2021-02-12,Emergency,3.8,Discharged
ADM011806,PAT12949,FAC004,DEP004,BED0442,2026-02-18,2026-02-19,Elective,1.6,Discharged
ADM011807,PAT09897,FAC001,DEP001,BED0161,2024-07-13,2024-07-13,Day Care,0.5,Discharged
ADM011811,PAT05793,FAC004,DEP004,BED0463,2024-07-02,2024-07-02,Emergency,0.2,Discharged
ADM011831,PAT14316,FAC003,DEP001,BED0430,2026-10-19,2026-10-19,Day Care,0.6,Discharged
ADM011837,PAT04193,FAC002,DEP006,BED0198,2024-11-25,2024-11-25,Day Care,0.6,Discharged
ADM011851,PAT01594,FAC005,DEP003,BED0801,2023-10-28,2023-10-28,Day Care,0.8,Discharged
ADM011854,PAT04790,FAC004,DEP001,BED0780,2023-07-29,2023-07-29,Day Care,0.5,Against Medical Advice
ADM011861,PAT12062,FAC004,DEP004,BED0546,2025-09-29,2025-10-02,Elective,3.4,Discharged
ADM011862,PAT11391,FAC001,DEP005,BED0097,2021-03-10,2021-03-13,Emergency,3.0,Discharged
ADM011866,PAT07376,FAC003,DEP007,BED0384,2021-10-04,2021-10-04,Day Care,0.5,Discharged
ADM011872,PAT12927,FAC003,DEP001,BED0392,2024-06-16,2024-06-21,Emergency,5.8,Discharged
ADM011875,PAT12650,FAC005,DEP005,BED0831,2026-07-26,2026-07-26,Elective,0.2,Discharged
ADM011879,PAT13827,FAC005,DEP003,BED0720,2023-07-12,2023-07-13,Elective,1.8,Discharged
ADM011884,PAT06283,FAC001,DEP005,BED0117,2024-04-25,2024-05-02,Elective,7.3,Discharged
ADM011887,PAT14325,FAC004,DEP006,BED0446,2024-04-12,2024-04-15,Emergency,3.7,Transferred
ADM011888,PAT04338,FAC005,DEP005,BED0682,2021-09-08,2021-09-14,Emergency,6.6,Discharged
ADM011893,PAT03972,FAC003,DEP003,BED0340,2025-09-14,2025-09-20,Emergency,6.6,Discharged
ADM011894,PAT06316,FAC005,DEP006,BED0745,2025-01-17,2025-01-19,Transfer,2.4,Discharged
ADM011895,PAT05767,FAC004,DEP004,BED0465,2021-10-07,2021-10-10,Elective,3.2,Discharged
ADM011898,PAT05454,FAC004,DEP002,BED0561,2021-05-12,2021-05-12,Day Care,0.4,Discharged
ADM011921,PAT09187,FAC004,DEP002,BED0524,2025-04-13,2025-04-14,Elective,1.5,Discharged
ADM011922,PAT04607,FAC001,DEP005,BED0131,2025-06-24,2025-07-01,Emergency,7.4,Discharged
ADM011932,PAT06956,FAC001,DEP001,BED0190,2021-05-01,2021-05-01,Day Care,0.5,Discharged
ADM011935,PAT11875,FAC002,DEP002,BED0210,2026-03-30,2026-04-03,Emergency,4.0,Referred
ADM011940,PAT08780,FAC004,DEP005,BED0550,2022-06-22,2022-06-25,Emergency,3.4,Discharged
ADM011943,PAT12581,FAC001,DEP001,BED0043,2022-02-02,2022-02-03,Elective,1.5,Discharged
ADM011952,PAT01922,FAC004,DEP001,BED0788,2025-10-27,2025-10-27,Day Care,0.4,Discharged
ADM011959,PAT09508,FAC004,DEP007,BED0875,2021-08-23,2021-08-26,Transfer,3.1,Discharged
ADM011961,PAT00480,FAC001,DEP002,BED0044,2022-11-25,2022-11-28,Emergency,3.4,Referred
ADM011963,PAT10207,FAC003,DEP005,BED0417,2023-11-22,2023-11-22,Day Care,0.3,Transferred
ADM011972,PAT08122,FAC001,DEP005,BED0073,2021-01-23,2021-01-24,Elective,1.6,Discharged
ADM011979,PAT00593,FAC001,DEP003,BED0021,2026-10-04,2026-10-08,Elective,4.4,Discharged
ADM011983,PAT12552,FAC005,DEP008,BED0722,2026-10-04,2026-10-04,Day Care,0.5,Discharged
ADM011988,PAT12824,FAC004,DEP002,BED0511,2024-07-20,2024-07-22,Transfer,2.6,Discharged
ADM011990,PAT04901,FAC004,DEP006,BED0470,2023-05-13,2023-05-15,Elective,2.0,Discharged
ADM011993,PAT05737,FAC004,DEP005,BED0857,2023-07-08,2023-07-11,Elective,3.0,Discharged
ADM011995,PAT09535,FAC005,DEP003,BED0677,2024-06-04,2024-06-09,Transfer,5.1,Discharged
ADM011998,PAT08650,FAC001,DEP001,BED0007,2025-03-21,2025-03-31,Emergency,10.2,Discharged
ADM012008,PAT04748,FAC002,DEP007,BED0255,2025-07-24,2025-07-24,Emergency,0.6,Discharged
ADM012014,PAT02309,FAC003,DEP005,BED0362,2025-09-21,2025-09-21,Day Care,0.6,Discharged
ADM012015,PAT05035,FAC002,DEP001,BED0274,2023-04-16,2023-04-20,Elective,4.4,Discharged
ADM012017,PAT08374,FAC003,DEP001,BED0361,2025-03-31,2025-04-08,Emergency,8.7,Transferred
ADM012018,PAT04982,FAC003,DEP007,BED0347,2026-08-23,2026-08-25,Elective,2.6,Discharged
ADM012024,PAT03483,FAC003,DEP003,BED0322,2025-07-27,2025-07-27,Day Care,0.6,Against Medical Advice
ADM012025,PAT02586,FAC001,DEP003,BED0039,2025-10-01,2025-10-04,Elective,3.7,Discharged
ADM012028,PAT06546,FAC001,DEP001,BED0004,2023-09-14,2023-09-14,Day Care,0.5,Discharged
ADM012034,PAT08841,FAC005,DEP003,BED0751,2024-06-30,2024-07-03,Elective,3.7,Discharged
ADM012040,PAT09458,FAC005,DEP008,BED0734,2025-08-06,2025-08-08,Elective,2.1,Transferred
ADM012041,PAT08185,FAC005,DEP003,BED0650,2023-04-11,2023-04-14,Transfer,3.0,Discharged
ADM012050,PAT05901,FAC001,DEP003,BED0170,2022-04-20,2022-04-22,Transfer,2.2,Discharged
ADM012051,PAT03775,FAC002,DEP002,BED0256,2026-01-22,2026-01-25,Emergency,3.2,Discharged
ADM012055,PAT11157,FAC001,DEP002,BED0013,2022-06-09,2022-06-13,Elective,4.1,Discharged
ADM012059,PAT02488,FAC004,DEP005,BED0495,2026-05-30,2026-06-01,Elective,2.4,Discharged
ADM012074,PAT05938,FAC005,DEP005,BED0604,2026-06-05,2026-06-05,Emergency,0.9,Discharged
ADM012076,PAT08188,FAC005,DEP005,BED0669,2022-06-03,2022-06-03,Emergency,0.2,Discharged
ADM012077,PAT05810,FAC004,DEP006,BED0470,2023-03-16,2023-03-16,Elective,0.2,Discharged
ADM012084,PAT13940,FAC002,DEP005,BED0227,2025-11-18,2025-11-23,Elective,5.2,Discharged
ADM012094,PAT09484,FAC002,DEP001,BED0265,2021-02-09,2021-02-09,Elective,0.2,Discharged
ADM012100,PAT07170,FAC005,DEP006,BED0702,2024-10-26,2024-10-27,Elective,1.4,Discharged
ADM012115,PAT13270,FAC002,DEP001,BED0245,2023-10-31,2023-11-04,Emergency,4.8,Referred
ADM012117,PAT10207,FAC005,DEP001,BED0623,2022-12-18,2022-12-21,Elective,3.9,Transferred
ADM012138,PAT08381,FAC001,DEP004,BED0098,2024-08-06,2024-08-11,Emergency,5.6,Discharged
ADM012139,PAT07634,FAC004,DEP004,BED0518,2026-08-07,2026-08-13,Elective,6.1,Discharged
ADM012140,PAT12388,FAC004,DEP007,BED0555,2021-08-26,2021-08-28,Elective,2.7,Discharged
ADM012143,PAT08938,FAC001,DEP004,BED0140,2021-08-25,2021-08-26,Day Care,1.1,Discharged
ADM012161,PAT04059,FAC005,DEP007,BED0627,2021-03-23,2021-03-24,Emergency,1.8,Discharged
ADM012163,PAT11068,FAC004,DEP004,BED0507,2021-12-12,2021-12-21,Emergency,9.7,Discharged
ADM012172,PAT13470,FAC001,DEP002,BED0164,2025-11-10,2025-11-10,Day Care,0.8,Discharged
ADM012174,PAT05768,FAC002,DEP006,BED0293,2026-11-14,2026-11-17,Emergency,3.4,Transferred
ADM012178,PAT10495,FAC001,DEP002,BED0098,2022-04-17,2022-04-17,Day Care,0.7,Discharged
ADM012179,PAT14426,FAC001,DEP005,BED0137,2024-03-12,2024-03-15,Elective,3.7,Discharged
ADM012185,PAT05291,FAC003,DEP007,BED0425,2025-12-18,2025-12-27,Transfer,9.0,Discharged
ADM012190,PAT14506,FAC002,DEP007,BED0191,2025-05-31,2025-06-04,Elective,4.5,Discharged
ADM012203,PAT11853,FAC004,DEP004,BED0452,2023-06-04,2023-06-09,Elective,5.1,Discharged
ADM012206,PAT03012,FAC002,DEP007,BED0264,2026-01-31,2026-02-03,Elective,3.8,Discharged
ADM012219,PAT12802,FAC005,DEP007,BED0716,2024-08-03,2024-08-05,Elective,2.7,Discharged
ADM012221,PAT12407,FAC002,DEP005,BED0259,2021-02-26,2021-03-04,Transfer,6.9,Discharged
ADM012223,PAT12823,FAC003,DEP003,BED0328,2023-09-16,2023-09-21,Emergency,5.0,Referred
ADM012231,PAT02040,FAC001,DEP004,BED0174,2025-08-16,2025-08-16,Day Care,0.8,Discharged
ADM012236,PAT09606,FAC001,DEP002,BED0020,2025-05-19,2025-05-20,Elective,1.4,Against Medical Advice
ADM012256,PAT14378,FAC004,DEP006,BED0481,2025-08-21,2025-08-25,Elective,4.1,Discharged
ADM012274,PAT14287,FAC004,DEP006,BED0442,2022-07-22,2022-07-24,Elective,2.8,Referred
ADM012276,PAT08061,FAC003,DEP003,BED0372,2022-01-05,2022-01-05,Day Care,0.9,Discharged
ADM012283,PAT08726,FAC005,DEP008,BED0638,2024-10-16,2024-10-21,Elective,5.9,Discharged
ADM012297,PAT06707,FAC002,DEP006,BED0237,2022-12-24,2022-12-27,Elective,3.5,Discharged
ADM012305,PAT02928,FAC001,DEP008,BED0184,2022-05-11,2022-05-15,Elective,4.7,Discharged
ADM012311,PAT04520,FAC005,DEP003,BED0791,2026-01-04,2026-01-10,Elective,6.1,Referred
ADM012314,PAT14335,FAC002,DEP007,BED0239,2024-02-28,2024-03-07,Transfer,8.9,Discharged
ADM012315,PAT09484,FAC004,DEP004,BED0521,2026-11-09,2026-11-14,Elective,5.7,Discharged
ADM012318,PAT08673,FAC003,DEP007,BED0377,2026-02-14,2026-02-14,Day Care,0.8,Discharged
ADM012323,PAT12976,FAC001,DEP004,BED0184,2026-04-12,2026-04-13,Elective,1.6,Discharged
ADM012326,PAT05181,FAC001,DEP005,BED0856,2026-10-02,2026-10-03,Elective,1.2,Discharged
ADM012330,PAT00979,FAC005,DEP006,BED0649,2023-10-13,2023-10-15,Emergency,2.5,Discharged
ADM012331,PAT10165,FAC005,DEP001,BED0628,2022-01-01,2022-01-03,Emergency,2.9,Discharged
ADM012335,PAT03729,FAC001,DEP004,BED0085,2022-06-09,2022-06-12,Emergency,3.8,Discharged
ADM012336,PAT11400,FAC005,DEP005,BED0623,2023-07-26,2023-07-30,Elective,4.3,Discharged
ADM012338,PAT14165,FAC003,DEP005,BED0376,2022-01-17,2022-01-17,Emergency,0.2,Discharged
ADM012339,PAT02993,FAC002,DEP007,BED0252,2023-02-20,2023-02-22,Elective,2.4,Transferred
ADM012341,PAT02237,FAC002,DEP005,BED0885,2025-07-19,2025-07-19,Day Care,0.6,Discharged
ADM012347,PAT00745,FAC003,DEP001,BED0811,2022-07-05,2022-07-10,Elective,5.0,Discharged
ADM012355,PAT00151,FAC002,DEP001,BED0289,2023-08-14,2023-08-20,Transfer,6.2,Discharged
ADM012357,PAT12670,FAC004,DEP005,BED0493,2026-03-27,2026-04-01,Elective,5.3,Referred
ADM012362,PAT03308,FAC004,DEP005,BED0574,2023-04-11,2023-04-11,Elective,0.5,Discharged
ADM012373,PAT01238,FAC004,DEP002,BED0528,2025-10-15,2025-10-20,Elective,5.8,Discharged
ADM012379,PAT10328,FAC001,DEP008,BED0034,2021-05-02,2021-05-02,Day Care,0.7,Discharged
ADM012380,PAT04014,FAC002,DEP006,BED0192,2022-11-24,2022-11-25,Elective,1.5,Discharged
ADM012383,PAT04867,FAC003,DEP001,BED0395,2026-02-13,2026-02-19,Emergency,6.0,Discharged
ADM012386,PAT06502,FAC005,DEP006,BED0629,2026-09-08,2026-09-15,Emergency,7.4,Discharged
ADM012390,PAT01237,FAC003,DEP005,BED0312,2025-01-24,2025-01-31,Elective,7.1,Discharged
ADM012394,PAT11360,FAC005,DEP006,BED0662,2025-07-30,2025-08-02,Emergency,3.9,Discharged
ADM012398,PAT06267,FAC002,DEP005,BED0298,2026-04-24,2026-04-24,Elective,0.2,Discharged
ADM012417,PAT00922,FAC001,DEP001,BED0184,2026-01-31,2026-01-31,Day Care,0.3,Discharged
ADM012419,PAT02407,FAC005,DEP003,BED0734,2021-04-14,2021-04-15,Emergency,1.0,Referred
ADM012424,PAT03834,FAC005,DEP008,BED0651,2025-11-18,2025-11-18,Day Care,0.7,Discharged
ADM012438,PAT03300,FAC001,DEP003,BED0845,2026-10-30,2026-11-03,Emergency,4.3,Discharged
ADM012440,PAT09791,FAC001,DEP004,BED0093,2022-02-09,2022-02-09,Day Care,0.5,Discharged
ADM012443,PAT01787,FAC002,DEP005,BED0246,2025-04-15,2025-04-21,Emergency,6.3,Discharged
ADM012444,PAT09516,FAC001,DEP005,BED0015,2026-01-17,2026-01-20,Elective,3.2,Discharged
ADM012462,PAT13783,FAC001,DEP001,BED0074,2021-12-08,2021-12-12,Transfer,4.8,Discharged
ADM012468,PAT08590,FAC001,DEP008,BED0055,2024-04-10,2024-04-13,Elective,3.7,Discharged
ADM012469,PAT06336,FAC004,DEP002,BED0471,2021-05-02,2021-05-06,Transfer,4.9,Discharged
ADM012474,PAT13488,FAC002,DEP005,BED0191,2025-03-12,2025-03-15,Elective,3.3,Discharged
ADM012475,PAT05386,FAC004,DEP007,BED0481,2023-10-13,2023-10-15,Elective,2.4,Discharged
ADM012481,PAT13161,FAC002,DEP002,BED0277,2024-01-30,2024-02-02,Elective,3.1,Discharged
ADM012488,PAT13835,FAC005,DEP005,BED0626,2025-03-07,2025-03-12,Emergency,5.3,Discharged
ADM012492,PAT01990,FAC002,DEP007,BED0206,2026-06-02,2026-06-06,Elective,4.3,Discharged
ADM012495,PAT07811,FAC004,DEP001,BED0473,2024-12-05,2024-12-05,Day Care,0.8,Discharged
ADM012496,PAT14084,FAC001,DEP002,BED0113,2024-10-30,2024-10-30,Day Care,0.7,Discharged
ADM012497,PAT05081,FAC005,DEP001,BED0791,2022-03-24,2022-03-29,Transfer,5.3,Discharged
ADM012502,PAT13267,FAC002,DEP006,BED0267,2025-03-09,2025-03-09,Elective,0.5,Discharged
ADM012503,PAT02407,FAC001,DEP005,BED0143,2024-01-29,2024-02-05,Emergency,7.2,Discharged
ADM012505,PAT04871,FAC004,DEP005,BED0588,2023-05-07,2023-05-09,Elective,2.6,Transferred
ADM012508,PAT04192,FAC003,DEP001,BED0328,2022-10-10,2022-10-10,Day Care,0.8,Discharged
ADM012510,PAT14041,FAC003,DEP007,BED0309,2023-04-30,2023-05-06,Emergency,6.9,Discharged
ADM012511,PAT05569,FAC003,DEP007,BED0414,2024-01-15,2024-01-20,Emergency,5.2,Discharged
ADM012513,PAT02663,FAC003,DEP003,BED0405,2021-06-09,2021-06-14,Emergency,5.6,Transferred
ADM012515,PAT04342,FAC005,DEP007,BED0638,2023-09-17,2023-09-20,Elective,3.6,Discharged
ADM012518,PAT04849,FAC001,DEP002,BED0126,2025-03-05,2025-03-09,Emergency,4.5,Transferred
ADM012522,PAT03609,FAC005,DEP006,BED0731,2022-09-26,2022-09-28,Elective,2.8,Discharged
ADM012533,PAT08383,FAC005,DEP006,BED0833,2024-03-30,2024-04-05,Transfer,6.7,Discharged
ADM012534,PAT03188,FAC004,DEP001,BED0565,2021-07-05,2021-07-09,Elective,4.4,Against Medical Advice
ADM012543,PAT10906,FAC003,DEP007,BED0821,2026-01-21,2026-01-23,Emergency,2.6,Discharged
ADM012548,PAT11433,FAC004,DEP005,BED0434,2022-05-12,2022-05-13,Emergency,1.9,Discharged
ADM012554,PAT01622,FAC002,DEP006,BED0270,2023-04-27,2023-04-30,Transfer,3.7,Transferred
ADM012555,PAT09400,FAC004,DEP007,BED0504,2025-01-26,2025-01-28,Emergency,2.9,Discharged
ADM012566,PAT01625,FAC005,DEP001,BED0688,2025-08-15,2025-08-21,Emergency,6.3,Discharged
ADM012573,PAT02656,FAC005,DEP006,BED0741,2021-10-31,2021-11-04,Elective,4.4,Discharged
ADM012574,PAT09503,FAC001,DEP002,BED0088,2026-08-29,2026-09-02,Transfer,4.0,Discharged
ADM012576,PAT07502,FAC002,DEP002,BED0777,2022-05-02,2022-05-05,Emergency,3.1,Discharged
ADM012577,PAT12364,FAC004,DEP005,BED0531,2021-12-13,2021-12-18,Elective,5.0,Discharged
ADM012578,PAT01483,FAC005,DEP008,BED0627,2024-01-14,2024-01-15,Elective,1.7,Discharged
ADM012579,PAT13470,FAC004,DEP006,BED0542,2024-02-22,2024-02-27,Elective,5.0,Discharged
ADM012586,PAT12072,FAC005,DEP003,BED0601,2022-09-17,2022-09-21,Elective,4.0,Discharged
ADM012587,PAT04129,FAC001,DEP004,BED0058,2026-07-08,2026-07-14,Emergency,6.3,Discharged
ADM012592,PAT01635,FAC001,DEP001,BED0150,2022-07-16,2022-07-18,Elective,2.5,Discharged
ADM012595,PAT03323,FAC003,DEP003,BED0891,2021-04-19,2021-04-19,Day Care,0.6,Transferred
ADM012606,PAT07781,FAC002,DEP002,BED0894,2021-11-12,2021-11-12,Transfer,0.2,Discharged
ADM012607,PAT11829,FAC005,DEP006,BED0737,2024-09-01,2024-09-06,Emergency,5.4,Transferred
ADM012611,PAT05933,FAC004,DEP002,BED0545,2026-12-20,2026-12-23,Emergency,3.9,Discharged
ADM012621,PAT10000,FAC003,DEP007,BED0401,2025-05-08,2025-05-09,Day Care,1.0,Discharged
ADM012625,PAT05184,FAC004,DEP002,BED0512,2026-11-01,2026-11-01,Emergency,0.2,Discharged
ADM012645,PAT07293,FAC003,DEP008,BED0314,2023-08-14,2023-08-16,Elective,2.9,Discharged
ADM012646,PAT04251,FAC002,DEP006,BED0255,2023-10-08,2023-10-10,Elective,2.4,Discharged
ADM012650,PAT03315,FAC005,DEP003,BED0716,2021-04-12,2021-04-13,Emergency,1.5,Discharged
ADM012658,PAT09981,FAC004,DEP005,BED0529,2024-07-25,2024-07-28,Emergency,3.9,Discharged
ADM012659,PAT12642,FAC003,DEP008,BED0802,2026-08-21,2026-08-21,Elective,0.3,Discharged
ADM012661,PAT04154,FAC001,DEP005,BED0166,2022-06-27,2022-06-27,Day Care,0.3,Discharged
ADM012665,PAT14467,FAC002,DEP007,BED0245,2025-12-17,2025-12-17,Emergency,0.2,Discharged
ADM012677,PAT04748,FAC003,DEP001,BED0367,2023-02-25,2023-02-25,Day Care,0.4,Discharged
ADM012678,PAT07529,FAC001,DEP001,BED0076,2026-11-03,2026-11-07,Emergency,4.9,Discharged
ADM012681,PAT14029,FAC001,DEP003,BED0036,2024-01-03,2024-01-05,Elective,2.9,Transferred
ADM012682,PAT08012,FAC005,DEP006,BED0603,2023-11-05,2023-11-05,Day Care,0.5,Discharged
ADM012685,PAT01492,FAC005,DEP006,BED0709,2021-06-09,2021-06-10,Emergency,1.9,Discharged
ADM012692,PAT05380,FAC002,DEP005,BED0283,2024-12-08,2024-12-08,Day Care,0.5,Discharged
ADM012695,PAT07912,FAC005,DEP006,BED0820,2023-08-30,2023-09-04,Emergency,5.8,Discharged
ADM012697,PAT04330,FAC002,DEP006,BED0860,2025-08-16,2025-08-16,Elective,0.7,Discharged
ADM012708,PAT07820,FAC004,DEP004,BED0563,2021-06-01,2021-06-01,Transfer,0.2,Discharged
ADM012713,PAT02544,FAC001,DEP008,BED0856,2025-06-01,2025-06-08,Emergency,7.2,Discharged
ADM012720,PAT00742,FAC001,DEP001,BED0142,2026-07-13,2026-07-17,Elective,4.4,Referred
ADM012721,PAT07540,FAC005,DEP005,BED0693,2025-01-13,2025-01-14,Emergency,1.0,Discharged
ADM012722,PAT03746,FAC001,DEP008,BED0017,2023-11-06,2023-11-10,Emergency,4.4,Discharged
ADM012724,PAT06293,FAC003,DEP007,BED0311,2025-08-08,2025-08-15,Emergency,7.7,Discharged
ADM012727,PAT01324,FAC005,DEP007,BED0872,2025-01-04,2025-01-12,Elective,8.2,Discharged
ADM012740,PAT13817,FAC004,DEP006,BED0436,2024-01-21,2024-01-24,Emergency,3.6,Discharged
ADM012742,PAT06189,FAC002,DEP002,BED0764,2026-03-25,2026-04-01,Transfer,7.8,Discharged
ADM012745,PAT12181,FAC005,DEP003,BED0679,2021-10-21,2021-10-21,Day Care,0.3,Discharged
ADM012748,PAT05095,FAC002,DEP001,BED0303,2021-06-27,2021-06-27,Elective,0.8,Discharged
ADM012754,PAT02233,FAC001,DEP001,BED0837,2023-02-25,2023-02-28,Elective,3.3,Transferred
ADM012762,PAT07096,FAC002,DEP006,BED0884,2021-04-25,2021-04-28,Elective,3.7,Discharged
ADM012763,PAT10561,FAC003,DEP007,BED0364,2024-06-30,2024-07-07,Emergency,7.9,Discharged
ADM012764,PAT00300,FAC001,DEP004,BED0098,2022-05-25,2022-05-27,Emergency,2.8,Discharged
ADM012765,PAT05767,FAC005,DEP001,BED0665,2023-05-06,2023-05-08,Elective,2.1,Discharged
ADM012770,PAT03025,FAC005,DEP003,BED0703,2022-05-10,2022-05-15,Emergency,5.8,Transferred
ADM012772,PAT03209,FAC003,DEP003,BED0378,2025-12-03,2025-12-03,Day Care,0.4,Discharged
ADM012778,PAT06949,FAC004,DEP001,BED0498,2022-05-30,2022-05-30,Day Care,0.5,Discharged
ADM012779,PAT03438,FAC003,DEP003,BED0351,2025-05-19,2025-05-19,Day Care,0.5,Discharged
ADM012793,PAT14278,FAC005,DEP008,BED0671,2025-09-01,2025-09-06,Elective,5.5,Discharged
ADM012795,PAT06435,FAC003,DEP007,BED0359,2024-06-14,2024-06-20,Elective,6.3,Discharged
ADM012800,PAT03387,FAC002,DEP005,BED0228,2026-01-30,2026-02-01,Emergency,2.5,Discharged
ADM012801,PAT10629,FAC005,DEP008,BED0636,2024-11-10,2024-11-10,Day Care,0.9,Discharged
ADM012815,PAT07976,FAC002,DEP006,BED0277,2022-07-06,2022-07-08,Elective,2.3,Discharged
ADM012819,PAT09286,FAC001,DEP008,BED0061,2025-04-28,2025-04-28,Elective,0.8,Discharged
ADM012823,PAT07206,FAC005,DEP006,BED0701,2026-05-28,2026-06-01,Elective,4.2,Discharged
ADM012825,PAT01227,FAC001,DEP003,BED0068,2025-03-31,2025-04-03,Transfer,3.7,Discharged
ADM012829,PAT07041,FAC004,DEP007,BED0492,2023-12-22,2023-12-25,Emergency,3.8,Discharged
ADM012831,PAT07804,FAC002,DEP007,BED0295,2026-12-10,2026-12-10,Emergency,0.2,Discharged
ADM012840,PAT09038,FAC005,DEP006,BED0608,2021-02-26,2021-02-26,Transfer,0.4,Discharged
ADM012842,PAT02216,FAC003,DEP005,BED0342,2024-09-07,2024-09-10,Emergency,3.1,Discharged
ADM012845,PAT10165,FAC003,DEP007,BED0393,2026-03-30,2026-04-06,Emergency,7.5,Discharged
ADM012848,PAT13702,FAC002,DEP001,BED0251,2021-08-18,2021-08-19,Emergency,1.6,Discharged
ADM012849,PAT11981,FAC003,DEP003,BED0897,2026-04-25,2026-04-29,Elective,4.6,Discharged
ADM012856,PAT14662,FAC004,DEP002,BED0890,2025-04-16,2025-04-17,Emergency,1.5,Discharged
ADM012859,PAT01088,FAC002,DEP006,BED0216,2024-11-05,2024-11-14,Emergency,9.6,Discharged
ADM012860,PAT13675,FAC005,DEP003,BED0653,2021-07-16,2021-07-26,Transfer,10.2,Discharged
ADM012867,PAT06706,FAC005,DEP008,BED0881,2023-09-05,2023-09-08,Elective,3.2,Discharged
ADM012870,PAT11793,FAC003,DEP008,BED0348,2023-01-05,2023-01-14,Emergency,9.1,Discharged
ADM012876,PAT11062,FAC001,DEP001,BED0754,2026-09-12,2026-09-17,Transfer,5.0,Discharged
ADM012878,PAT06649,FAC002,DEP006,BED0265,2024-05-18,2024-05-19,Elective,1.7,Discharged
ADM012884,PAT08948,FAC001,DEP004,BED0170,2022-10-24,2022-10-30,Emergency,6.7,Discharged
ADM012887,PAT13635,FAC004,DEP007,BED0435,2021-11-09,2021-11-09,Emergency,0.2,Discharged
ADM012888,PAT09323,FAC004,DEP004,BED0578,2024-01-20,2024-01-25,Elective,5.3,Discharged
ADM012894,PAT06271,FAC003,DEP005,BED0804,2023-11-22,2023-11-22,Elective,0.2,Discharged
ADM012895,PAT07303,FAC001,DEP008,BED0188,2025-02-03,2025-02-05,Emergency,2.6,Discharged
ADM012896,PAT14383,FAC002,DEP006,BED0286,2023-05-25,2023-06-02,Emergency,8.1,Transferred
ADM012903,PAT01796,FAC003,DEP008,BED0336,2026-05-19,2026-05-22,Emergency,3.8,Discharged
ADM012908,PAT08723,FAC004,DEP001,BED0789,2023-09-07,2023-09-07,Day Care,0.5,Discharged
ADM012914,PAT07269,FAC004,DEP007,BED0789,2024-01-18,2024-01-18,Day Care,0.8,Discharged
ADM012916,PAT10057,FAC005,DEP007,BED0697,2026-12-05,2026-12-06,Elective,1.8,Discharged
ADM012922,PAT14954,FAC002,DEP001,BED0893,2022-06-01,2022-06-07,Transfer,6.3,Discharged
ADM012930,PAT02047,FAC001,DEP008,BED0863,2024-05-19,2024-05-22,Emergency,3.1,Against Medical Advice
ADM012943,PAT03996,FAC001,DEP003,BED0053,2023-05-10,2023-05-10,Elective,0.2,Discharged
ADM012952,PAT00938,FAC005,DEP006,BED0625,2021-01-13,2021-01-13,Day Care,0.4,Discharged
ADM012955,PAT12695,FAC005,DEP008,BED0735,2021-02-04,2021-02-04,Day Care,0.4,Discharged
ADM012956,PAT05951,FAC003,DEP003,BED0811,2026-06-27,2026-07-02,Elective,5.4,Discharged
ADM012957,PAT11712,FAC001,DEP004,BED0047,2022-12-04,2022-12-04,Day Care,0.5,Transferred
ADM012958,PAT07774,FAC001,DEP004,BED0778,2026-08-28,2026-09-04,Elective,7.2,Discharged
ADM012960,PAT02100,FAC005,DEP007,BED0725,2024-09-20,2024-09-21,Day Care,1.3,Discharged
ADM012961,PAT07637,FAC004,DEP005,BED0576,2023-07-10,2023-07-14,Emergency,4.1,Against Medical Advice
ADM012966,PAT04106,FAC002,DEP001,BED0216,2022-05-18,2022-05-21,Elective,3.9,Discharged
ADM012970,PAT04430,FAC005,DEP003,BED0735,2025-07-27,2025-07-27,Transfer,0.2,Transferred
ADM012975,PAT07223,FAC001,DEP002,BED0776,2023-12-05,2023-12-08,Elective,3.6,Discharged
ADM012983,PAT13173,FAC004,DEP002,BED0440,2022-11-20,2022-11-27,Elective,7.7,Referred
ADM012988,PAT03835,FAC001,DEP005,BED0055,2023-12-05,2023-12-11,Emergency,6.2,Discharged
ADM012994,PAT04246,FAC003,DEP005,BED0361,2026-06-23,2026-06-28,Elective,5.6,Transferred
ADM013007,PAT08472,FAC004,DEP006,BED0452,2023-12-06,2023-12-13,Elective,7.2,Against Medical Advice
ADM013010,PAT06803,FAC005,DEP005,BED0631,2023-02-20,2023-02-20,Day Care,0.3,Discharged
ADM013013,PAT05533,FAC003,DEP003,BED0400,2023-09-22,2023-09-23,Elective,1.6,Discharged
ADM013022,PAT05072,FAC005,DEP007,BED0701,2026-10-07,2026-10-15,Emergency,8.5,Referred
ADM013024,PAT14652,FAC004,DEP001,BED0483,2024-12-14,2024-12-19,Emergency,5.7,Discharged
ADM013025,PAT07151,FAC004,DEP004,BED0567,2024-08-29,2024-09-04,Emergency,6.4,Transferred
ADM013037,PAT09913,FAC004,DEP002,BED0810,2022-06-10,2022-06-14,Emergency,4.1,Discharged
ADM013040,PAT12133,FAC004,DEP002,BED0857,2026-12-29,2026-12-31,Transfer,2.1,Discharged
ADM013050,PAT06850,FAC005,DEP006,BED0741,2022-08-23,2022-08-29,Transfer,6.7,Referred
ADM013060,PAT01399,FAC003,DEP005,BED0391,2025-10-23,2025-10-25,Transfer,2.8,Discharged
ADM013067,PAT07631,FAC002,DEP007,BED0193,2024-10-13,2024-10-15,Elective,2.2,Referred
ADM013070,PAT12190,FAC003,DEP003,BED0334,2025-04-01,2025-04-04,Elective,3.0,Discharged
ADM013074,PAT03438,FAC005,DEP005,BED0797,2026-01-30,2026-02-05,Transfer,6.8,Discharged
ADM013077,PAT02933,FAC003,DEP005,BED0431,2023-02-08,2023-02-14,Emergency,6.8,Discharged
ADM013078,PAT13776,FAC005,DEP006,BED0622,2021-05-25,2021-05-27,Elective,2.7,Discharged
ADM013082,PAT11683,FAC002,DEP006,BED0206,2025-06-14,2025-06-17,Elective,3.2,Discharged
ADM013084,PAT02343,FAC004,DEP004,BED0839,2025-07-31,2025-08-04,Elective,4.6,Discharged
ADM013090,PAT06322,FAC004,DEP001,BED0568,2023-03-19,2023-03-24,Emergency,5.2,Against Medical Advice
ADM013094,PAT14221,FAC004,DEP001,BED0554,2021-07-05,2021-07-09,Elective,4.9,Discharged
ADM013105,PAT13247,FAC002,DEP005,BED0244,2021-03-20,2021-03-23,Emergency,3.7,Discharged
ADM013109,PAT08952,FAC003,DEP003,BED0397,2026-01-17,2026-01-19,Elective,2.1,Discharged
ADM013113,PAT07771,FAC005,DEP008,BED0654,2025-09-27,2025-10-02,Transfer,5.9,Discharged
ADM013118,PAT04148,FAC002,DEP007,BED0287,2025-10-04,2025-10-05,Elective,1.6,Discharged
ADM013119,PAT00938,FAC003,DEP007,BED0401,2021-01-13,2021-01-13,Day Care,0.4,Discharged
ADM013123,PAT11497,FAC003,DEP005,BED0900,2021-03-10,2021-03-10,Day Care,0.7,Discharged
ADM013124,PAT12822,FAC004,DEP006,BED0836,2024-04-07,2024-04-08,Day Care,1.2,Discharged
ADM013130,PAT03624,FAC004,DEP004,BED0508,2024-11-09,2024-11-13,Emergency,4.4,Transferred
ADM013132,PAT14029,FAC005,DEP003,BED0728,2025-10-15,2025-10-17,Elective,2.4,Discharged
ADM013135,PAT01979,FAC004,DEP001,BED0593,2025-08-15,2025-08-16,Emergency,1.9,Discharged
ADM013139,PAT03070,FAC004,DEP002,BED0552,2023-08-22,2023-08-26,Elective,4.0,Discharged
ADM013148,PAT05861,FAC005,DEP005,BED0803,2025-05-08,2025-05-10,Transfer,2.5,Discharged
ADM013150,PAT07515,FAC005,DEP008,BED0662,2025-03-17,2025-03-22,Emergency,5.0,Discharged
ADM013151,PAT11840,FAC005,DEP006,BED0652,2024-11-10,2024-11-10,Day Care,0.4,Discharged
ADM013168,PAT11981,FAC005,DEP005,BED0656,2022-07-06,2022-07-09,Emergency,3.0,Discharged
ADM013171,PAT14588,FAC003,DEP007,BED0379,2025-01-26,2025-02-02,Transfer,7.4,Discharged
ADM013191,PAT13994,FAC004,DEP006,BED0566,2023-12-26,2023-12-31,Elective,5.1,Discharged
ADM013195,PAT08374,FAC001,DEP001,BED0754,2022-10-04,2022-10-06,Elective,2.2,Discharged
ADM013198,PAT04063,FAC001,DEP008,BED0871,2023-05-18,2023-05-19,Elective,1.8,Discharged
ADM013199,PAT06351,FAC002,DEP002,BED0215,2023-03-19,2023-03-19,Day Care,0.8,Discharged
ADM013204,PAT05598,FAC001,DEP001,BED0111,2024-05-17,2024-05-22,Transfer,5.0,Discharged
ADM013211,PAT01523,FAC003,DEP008,BED0309,2024-06-04,2024-06-04,Elective,0.2,Discharged
ADM013213,PAT13888,FAC001,DEP008,BED0055,2021-07-25,2021-07-29,Transfer,4.7,Discharged
ADM013226,PAT01324,FAC002,DEP001,BED0760,2023-06-22,2023-06-26,Elective,4.0,Discharged
ADM013227,PAT13992,FAC001,DEP004,BED0011,2023-09-10,2023-09-10,Day Care,0.7,Discharged
ADM013242,PAT00274,FAC005,DEP001,BED0609,2023-03-30,2023-03-30,Day Care,0.5,Discharged
ADM013244,PAT10924,FAC003,DEP001,BED0418,2022-12-08,2022-12-12,Elective,4.9,Discharged
ADM013248,PAT00543,FAC005,DEP008,BED0630,2026-03-25,2026-03-28,Elective,3.1,Discharged
ADM013250,PAT11201,FAC004,DEP004,BED0453,2026-01-05,2026-01-06,Transfer,1.5,Discharged
ADM013251,PAT08673,FAC004,DEP006,BED0502,2023-11-04,2023-11-07,Elective,3.2,Discharged
ADM013258,PAT04817,FAC004,DEP006,BED0477,2021-03-05,2021-03-07,Elective,2.1,Discharged
ADM013274,PAT07051,FAC003,DEP003,BED0310,2026-07-28,2026-07-30,Elective,2.0,Discharged
ADM013276,PAT04082,FAC004,DEP001,BED0441,2026-08-08,2026-08-09,Elective,1.9,Discharged
ADM013277,PAT07959,FAC002,DEP001,BED0758,2024-08-21,2024-08-21,Day Care,0.7,Discharged
ADM013285,PAT01859,FAC004,DEP006,BED0451,2026-04-13,2026-04-13,Day Care,0.4,Against Medical Advice
ADM013286,PAT04047,FAC002,DEP006,BED0264,2021-11-10,2021-11-13,Emergency,3.4,Discharged
ADM013290,PAT06460,FAC002,DEP005,BED0214,2022-06-15,2022-06-15,Day Care,0.6,Discharged
ADM013293,PAT10741,FAC005,DEP003,BED0705,2023-11-14,2023-11-14,Elective,0.2,Referred
ADM013298,PAT04289,FAC005,DEP001,BED0640,2023-03-06,2023-03-09,Elective,3.2,Discharged
ADM013311,PAT09887,FAC002,DEP007,BED0226,2024-09-23,2024-09-23,Day Care,0.8,Discharged
ADM013313,PAT02086,FAC005,DEP001,BED0704,2024-09-27,2024-09-30,Transfer,3.8,Transferred
ADM013318,PAT00625,FAC005,DEP006,BED0830,2023-11-08,2023-11-08,Day Care,0.7,Transferred
ADM013322,PAT06537,FAC005,DEP003,BED0708,2023-11-26,2023-11-26,Emergency,0.3,Discharged
ADM013326,PAT10973,FAC005,DEP008,BED0712,2024-03-28,2024-04-01,Emergency,4.6,Discharged
ADM013333,PAT13325,FAC003,DEP007,BED0336,2025-08-25,2025-08-31,Emergency,6.7,Discharged
ADM013337,PAT03647,FAC003,DEP007,BED0365,2025-09-23,2025-09-29,Emergency,6.1,Referred
ADM013345,PAT12691,FAC002,DEP007,BED0291,2026-11-25,2026-11-29,Emergency,4.4,Discharged
ADM013356,PAT04082,FAC001,DEP005,BED0151,2023-03-16,2023-03-16,Transfer,0.2,Discharged
ADM013357,PAT14287,FAC003,DEP001,BED0381,2022-01-22,2022-01-22,Elective,0.2,Transferred
ADM013358,PAT07579,FAC005,DEP008,BED0662,2026-12-27,2026-12-27,Elective,0.2,Discharged
ADM013359,PAT00606,FAC005,DEP008,BED0696,2021-12-18,2021-12-23,Elective,5.8,Referred
ADM013361,PAT05660,FAC001,DEP001,BED0098,2026-06-07,2026-06-13,Transfer,6.5,Discharged
ADM013364,PAT04861,FAC004,DEP001,BED0532,2026-12-23,2026-12-29,Emergency,6.4,Discharged
ADM013365,PAT08577,FAC003,DEP003,BED0411,2023-03-27,2023-03-27,Day Care,0.7,Discharged
ADM013366,PAT05999,FAC001,DEP002,BED0171,2025-08-26,2025-08-27,Emergency,1.2,Transferred
ADM013368,PAT01698,FAC005,DEP007,BED0710,2025-05-07,2025-05-07,Emergency,0.2,Discharged
ADM013378,PAT14365,FAC002,DEP001,BED0260,2022-12-12,2022-12-17,Emergency,5.9,Discharged
ADM013379,PAT04123,FAC003,DEP005,BED0347,2025-11-13,2025-11-15,Emergency,2.6,Transferred
ADM013380,PAT03129,FAC002,DEP001,BED0296,2023-08-31,2023-09-04,Emergency,4.8,Discharged
ADM013383,PAT10666,FAC002,DEP002,BED0300,2024-11-11,2024-11-16,Transfer,5.2,Discharged
ADM013388,PAT00745,FAC005,DEP001,BED0693,2025-07-20,2025-07-22,Elective,2.1,Discharged
ADM013402,PAT11995,FAC001,DEP005,BED0182,2023-06-10,2023-06-14,Transfer,4.5,Discharged
ADM013412,PAT13240,FAC003,DEP007,BED0430,2022-11-07,2022-11-11,Elective,4.3,Discharged
ADM013418,PAT03600,FAC004,DEP005,BED0886,2022-09-18,2022-09-18,Day Care,0.4,Discharged
ADM013419,PAT01025,FAC001,DEP001,BED0858,2024-01-01,2024-01-04,Emergency,3.5,Discharged
ADM013437,PAT05548,FAC005,DEP008,BED0782,2025-03-19,2025-03-19,Day Care,0.4,Discharged
ADM013444,PAT01262,FAC003,DEP005,BED0773,2026-05-25,2026-05-30,Emergency,5.4,Discharged
ADM013448,PAT01770,FAC005,DEP008,BED0643,2023-02-11,2023-02-12,Emergency,1.2,Discharged
ADM013450,PAT02302,FAC004,DEP005,BED0503,2025-08-29,2025-09-02,Elective,4.6,Discharged
ADM013454,PAT02502,FAC003,DEP008,BED0384,2023-04-20,2023-04-21,Day Care,1.0,Discharged
ADM013460,PAT12723,FAC003,DEP001,BED0373,2022-07-04,2022-07-04,Day Care,0.3,Discharged
ADM013471,PAT01787,FAC003,DEP007,BED0424,2023-07-06,2023-07-06,Day Care,0.4,Referred
ADM013474,PAT12556,FAC002,DEP005,BED0239,2024-03-28,2024-03-31,Elective,3.0,Discharged
ADM013477,PAT11319,FAC005,DEP003,BED0699,2026-12-01,2026-12-02,Day Care,1.0,Discharged
ADM013478,PAT00480,FAC004,DEP007,BED0484,2025-08-05,2025-08-06,Day Care,1.0,Discharged
ADM013485,PAT04203,FAC002,DEP007,BED0760,2021-05-16,2021-05-17,Emergency,1.5,Transferred
ADM013488,PAT06509,FAC002,DEP001,BED0266,2024-12-07,2024-12-07,Elective,0.2,Referred
ADM013504,PAT12685,FAC003,DEP001,BED0876,2022-07-23,2022-07-23,Day Care,0.5,Discharged
ADM013506,PAT00274,FAC005,DEP003,BED0726,2024-09-29,2024-10-01,Elective,2.9,Discharged
ADM013514,PAT09823,FAC005,DEP007,BED0683,2021-04-14,2021-04-14,Elective,0.7,Discharged
ADM013518,PAT12801,FAC003,DEP005,BED0317,2024-11-24,2024-11-26,Emergency,2.2,Discharged
ADM013538,PAT01890,FAC002,DEP007,BED0210,2024-06-10,2024-06-11,Emergency,1.0,Discharged
ADM013539,PAT14742,FAC005,DEP008,BED0603,2024-10-15,2024-10-15,Elective,0.2,Discharged
ADM013544,PAT07062,FAC005,DEP006,BED0632,2026-04-02,2026-04-02,Day Care,0.3,Discharged
ADM013549,PAT02413,FAC002,DEP007,BED0203,2023-08-15,2023-08-18,Elective,3.4,Discharged
ADM013558,PAT12426,FAC002,DEP001,BED0275,2024-09-30,2024-10-04,Elective,4.8,Discharged
ADM013560,PAT06696,FAC004,DEP002,BED0456,2024-01-08,2024-01-09,Emergency,1.8,Discharged
ADM013572,PAT11201,FAC005,DEP003,BED0714,2026-10-12,2026-10-12,Day Care,0.9,Discharged
ADM013576,PAT01702,FAC001,DEP003,BED0179,2024-03-03,2024-03-04,Day Care,1.1,Discharged
ADM013586,PAT01963,FAC001,DEP004,BED0887,2026-05-25,2026-05-25,Day Care,0.6,Discharged
ADM013590,PAT08061,FAC004,DEP004,BED0595,2023-07-16,2023-07-16,Elective,0.9,Discharged
ADM013596,PAT06880,FAC001,DEP005,BED0112,2026-04-01,2026-04-06,Emergency,5.7,Discharged
ADM013601,PAT07825,FAC001,DEP005,BED0034,2025-08-25,2025-08-29,Elective,4.9,Discharged
ADM013607,PAT13821,FAC002,DEP006,BED0252,2026-05-31,2026-05-31,Elective,0.6,Discharged
ADM013610,PAT02326,FAC001,DEP002,BED0001,2024-09-09,2024-09-15,Emergency,6.5,Discharged
ADM013632,PAT00408,FAC003,DEP005,BED0424,2024-10-29,2024-10-29,Day Care,0.6,Transferred
ADM013633,PAT06951,FAC002,DEP007,BED0865,2023-08-28,2023-08-28,Day Care,0.8,Discharged
ADM013635,PAT02020,FAC004,DEP004,BED0475,2022-07-15,2022-07-17,Elective,2.1,Discharged
ADM013638,PAT09394,FAC004,DEP005,BED0788,2021-03-26,2021-03-28,Elective,2.7,Discharged
ADM013639,PAT01984,FAC004,DEP002,BED0526,2025-07-19,2025-07-26,Emergency,7.3,Discharged
ADM013643,PAT09262,FAC004,DEP001,BED0500,2025-03-26,2025-04-04,Emergency,9.7,Discharged
ADM013646,PAT06693,FAC003,DEP005,BED0433,2026-05-14,2026-05-20,Transfer,6.5,Discharged
ADM013648,PAT09567,FAC003,DEP001,BED0318,2021-11-15,2021-11-18,Elective,3.5,Discharged
ADM013654,PAT02332,FAC005,DEP007,BED0683,2023-03-25,2023-03-28,Elective,3.7,Discharged
ADM013672,PAT03647,FAC005,DEP003,BED0709,2025-12-04,2025-12-04,Emergency,0.7,Against Medical Advice
ADM013676,PAT13335,FAC001,DEP004,BED0108,2021-08-31,2021-09-05,Elective,5.4,Discharged
ADM013677,PAT00275,FAC005,DEP006,BED0653,2026-10-31,2026-11-03,Transfer,3.8,Discharged
ADM013680,PAT01808,FAC002,DEP002,BED0864,2023-12-12,2023-12-12,Day Care,0.4,Discharged
ADM013682,PAT10473,FAC001,DEP001,BED0047,2025-11-15,2025-11-21,Emergency,6.1,Discharged
ADM013691,PAT12723,FAC001,DEP004,BED0117,2024-10-24,2024-10-27,Emergency,3.3,Discharged
ADM013694,PAT08288,FAC005,DEP001,BED0850,2024-08-27,2024-08-27,Emergency,0.2,Discharged
ADM013702,PAT03486,FAC002,DEP001,BED0239,2026-07-21,2026-07-23,Emergency,2.2,Discharged
ADM013708,PAT07913,FAC004,DEP001,BED0584,2026-11-15,2026-11-16,Elective,1.3,Discharged
ADM013717,PAT10310,FAC001,DEP008,BED0103,2023-12-25,2023-12-31,Transfer,6.0,Discharged
ADM013730,PAT07418,FAC001,DEP003,BED0020,2024-08-29,2024-09-05,Transfer,7.6,Discharged
ADM013733,PAT07582,FAC004,DEP002,BED0569,2026-10-31,2026-10-31,Elective,0.2,Discharged
ADM013746,PAT09080,FAC005,DEP007,BED0643,2022-08-14,2022-08-15,Emergency,1.3,Discharged
ADM013773,PAT10881,FAC002,DEP006,BED0263,2024-09-25,2024-09-26,Elective,1.8,Discharged
ADM013780,PAT09680,FAC005,DEP006,BED0696,2021-01-22,2021-01-30,Emergency,8.8,Against Medical Advice
ADM013785,PAT09895,FAC003,DEP008,BED0337,2023-04-25,2023-04-29,Emergency,4.8,Discharged
ADM013792,PAT11966,FAC003,DEP008,BED0369,2026-12-17,2026-12-27,Emergency,10.5,Discharged
ADM013799,PAT13116,FAC002,DEP005,BED0828,2024-04-05,2024-04-05,Day Care,0.8,Discharged
ADM013807,PAT11973,FAC002,DEP006,BED0211,2024-06-23,2024-06-23,Day Care,0.5,Discharged
ADM013810,PAT04251,FAC005,DEP003,BED0816,2025-01-13,2025-01-14,Elective,1.9,Discharged
ADM013812,PAT14990,FAC001,DEP001,BED0056,2025-08-14,2025-08-20,Emergency,6.4,Transferred
ADM013817,PAT14142,FAC001,DEP005,BED0006,2025-04-03,2025-04-08,Transfer,5.9,Discharged
ADM013822,PAT12405,FAC003,DEP001,BED0340,2025-10-07,2025-10-12,Transfer,5.4,Discharged
ADM013830,PAT02630,FAC003,DEP003,BED0773,2026-02-18,2026-02-18,Day Care,0.4,Discharged
ADM013835,PAT02849,FAC005,DEP008,BED0664,2026-06-30,2026-06-30,Elective,0.7,Discharged
ADM013836,PAT11356,FAC005,DEP003,BED0656,2026-09-04,2026-09-04,Transfer,0.2,Discharged
ADM013837,PAT12236,FAC001,DEP001,BED0062,2022-11-05,2022-11-05,Elective,0.5,Discharged
ADM013841,PAT10857,FAC003,DEP008,BED0421,2023-11-20,2023-11-22,Elective,2.8,Discharged
ADM013844,PAT04686,FAC004,DEP004,BED0516,2026-11-04,2026-11-11,Elective,7.6,Discharged
ADM013849,PAT01702,FAC001,DEP008,BED0866,2024-07-01,2024-07-08,Elective,7.1,Discharged
ADM013870,PAT11875,FAC004,DEP007,BED0780,2021-07-06,2021-07-09,Elective,3.3,Discharged
ADM013871,PAT12873,FAC005,DEP006,BED0673,2023-08-24,2023-08-26,Elective,2.4,Transferred
ADM013877,PAT10408,FAC004,DEP006,BED0575,2025-09-06,2025-09-09,Elective,3.9,Discharged
ADM013885,PAT03959,FAC002,DEP007,BED0840,2026-01-23,2026-01-29,Emergency,6.1,Discharged
ADM013891,PAT03300,FAC003,DEP003,BED0889,2024-04-08,2024-04-08,Day Care,0.7,Referred
ADM013892,PAT13702,FAC001,DEP002,BED0141,2021-10-26,2021-10-26,Day Care,0.3,Discharged
ADM013897,PAT03406,FAC002,DEP005,BED0219,2026-05-02,2026-05-13,Emergency,11.0,Discharged
ADM013898,PAT13857,FAC001,DEP002,BED0139,2024-07-26,2024-07-27,Elective,1.4,Discharged
ADM013899,PAT04867,FAC004,DEP002,BED0474,2021-08-21,2021-08-21,Elective,0.2,Discharged
ADM013901,PAT00926,FAC004,DEP007,BED0815,2025-03-28,2025-03-31,Emergency,3.8,Transferred
ADM013909,PAT06804,FAC001,DEP001,BED0080,2023-11-05,2023-11-12,Emergency,7.0,Discharged
ADM013910,PAT13830,FAC004,DEP006,BED0460,2025-09-25,2025-09-25,Day Care,0.6,Discharged
ADM013915,PAT04098,FAC002,DEP002,BED0201,2026-06-22,2026-06-30,Emergency,8.3,Discharged
ADM013919,PAT05423,FAC004,DEP001,BED0451,2022-04-04,2022-04-07,Emergency,3.3,Discharged
ADM013932,PAT04124,FAC005,DEP001,BED0649,2026-06-16,2026-06-22,Elective,6.6,Discharged
ADM013937,PAT03107,FAC004,DEP004,BED0517,2022-02-10,2022-02-16,Emergency,6.3,Discharged
ADM013939,PAT11491,FAC003,DEP001,BED0343,2024-07-30,2024-08-04,Emergency,5.4,Discharged
ADM013950,PAT04305,FAC004,DEP001,BED0542,2021-12-24,2021-12-31,Emergency,7.9,Discharged
ADM013952,PAT01635,FAC002,DEP002,BED0207,2023-02-18,2023-02-18,Day Care,0.7,Discharged
ADM013955,PAT13315,FAC005,DEP001,BED0792,2025-02-25,2025-02-25,Elective,0.2,Discharged
ADM013958,PAT03290,FAC003,DEP001,BED0414,2024-05-18,2024-05-18,Day Care,0.2,Discharged
ADM013959,PAT01112,FAC002,DEP006,BED0281,2022-06-06,2022-06-10,Elective,4.6,Discharged
ADM013961,PAT08050,FAC005,DEP008,BED0701,2022-01-20,2022-01-25,Elective,5.6,Discharged
ADM013968,PAT10451,FAC003,DEP008,BED0385,2022-04-08,2022-04-08,Day Care,0.5,Discharged
ADM013971,PAT14822,FAC002,DEP002,BED0217,2021-08-09,2021-08-12,Emergency,3.2,Discharged
ADM013977,PAT11325,FAC001,DEP004,BED0100,2024-05-21,2024-05-24,Transfer,3.0,Discharged
ADM013981,PAT01905,FAC002,DEP007,BED0193,2026-04-25,2026-04-25,Day Care,0.8,Discharged
ADM013989,PAT05513,FAC004,DEP001,BED0459,2023-04-18,2023-04-18,Day Care,0.9,Discharged
ADM013990,PAT09293,FAC003,DEP003,BED0315,2024-05-28,2024-05-28,Day Care,0.9,Discharged
ADM013997,PAT08577,FAC005,DEP008,BED0714,2022-08-11,2022-08-13,Transfer,2.9,Discharged
ADM013998,PAT08601,FAC005,DEP007,BED0680,2026-06-01,2026-06-08,Transfer,7.0,Discharged
ADM014002,PAT08490,FAC004,DEP005,BED0553,2024-11-02,2024-11-04,Emergency,2.2,Discharged
ADM014012,PAT07064,FAC005,DEP006,BED0693,2025-07-20,2025-07-20,Day Care,0.2,Discharged
ADM014013,PAT13948,FAC001,DEP003,BED0826,2026-04-29,2026-04-29,Emergency,0.2,Discharged
ADM014014,PAT10370,FAC003,DEP003,BED0356,2022-07-01,2022-07-08,Transfer,7.3,Discharged
ADM014025,PAT01784,FAC004,DEP001,BED0479,2026-05-11,2026-05-14,Emergency,3.3,Discharged
ADM014026,PAT10156,FAC005,DEP007,BED0649,2024-02-13,2024-02-16,Elective,3.5,Discharged
ADM014027,PAT11958,FAC003,DEP008,BED0811,2024-09-24,2024-09-26,Elective,2.8,Discharged
ADM014028,PAT05795,FAC001,DEP005,BED0045,2025-09-18,2025-09-21,Elective,3.9,Discharged
ADM014030,PAT07029,FAC002,DEP006,BED0269,2024-01-14,2024-01-14,Elective,0.2,Referred
ADM014032,PAT02975,FAC005,DEP007,BED0881,2023-01-04,2023-01-06,Transfer,2.9,Discharged
ADM014035,PAT10741,FAC003,DEP007,BED0327,2024-12-17,2024-12-21,Elective,4.6,Discharged
ADM014040,PAT00904,FAC002,DEP007,BED0304,2023-10-14,2023-10-16,Emergency,2.7,Discharged
ADM014043,PAT08661,FAC004,DEP002,BED0467,2021-11-05,2021-11-07,Elective,2.7,Discharged
ADM014047,PAT04430,FAC001,DEP005,BED0176,2022-04-28,2022-04-28,Day Care,0.7,Discharged
ADM014050,PAT07413,FAC005,DEP006,BED0647,2025-02-24,2025-02-25,Elective,1.4,Transferred
ADM014055,PAT09405,FAC005,DEP005,BED0794,2025-01-17,2025-01-19,Elective,2.9,Discharged
ADM014060,PAT06845,FAC003,DEP007,BED0804,2025-03-15,2025-03-15,Day Care,0.5,Discharged
ADM014069,PAT10217,FAC002,DEP002,BED0283,2022-11-29,2022-12-06,Elective,7.0,Discharged
ADM014070,PAT03014,FAC005,DEP001,BED0622,2023-12-30,2024-01-03,Elective,4.6,Transferred
ADM014071,PAT10391,FAC003,DEP001,BED0377,2022-07-06,2022-07-08,Elective,2.8,Discharged
ADM014077,PAT12359,FAC002,DEP005,BED0818,2026-07-30,2026-08-06,Emergency,7.3,Discharged
ADM014078,PAT03064,FAC002,DEP001,BED0233,2021-08-27,2021-09-01,Emergency,5.1,Discharged
ADM014103,PAT14085,FAC002,DEP006,BED0255,2025-05-18,2025-05-22,Emergency,4.5,Discharged
ADM014107,PAT03469,FAC002,DEP005,BED0855,2025-01-05,2025-01-08,Elective,3.0,Discharged
ADM014108,PAT13863,FAC003,DEP008,BED0310,2021-10-13,2021-10-14,Elective,1.3,Discharged
ADM014109,PAT07276,FAC001,DEP001,BED0140,2023-08-07,2023-08-11,Elective,4.3,Discharged
ADM014110,PAT06731,FAC004,DEP004,BED0774,2026-02-13,2026-02-22,Elective,9.2,Discharged
ADM014117,PAT14616,FAC001,DEP003,BED0132,2023-07-16,2023-07-16,Day Care,0.4,Discharged
ADM014121,PAT05181,FAC001,DEP005,BED0190,2021-03-02,2021-03-03,Elective,1.5,Discharged
ADM014131,PAT00742,FAC005,DEP007,BED0850,2025-01-03,2025-01-05,Elective,2.9,Discharged
ADM014139,PAT11362,FAC001,DEP002,BED0104,2025-07-17,2025-07-27,Emergency,10.3,Discharged
ADM014144,PAT13267,FAC001,DEP002,BED0011,2023-06-11,2023-06-11,Day Care,0.2,Referred
ADM014146,PAT11441,FAC001,DEP001,BED0837,2023-09-29,2023-10-02,Elective,3.0,Referred
ADM014152,PAT08452,FAC004,DEP002,BED0810,2023-10-16,2023-10-17,Elective,1.1,Against Medical Advice
ADM014157,PAT07579,FAC005,DEP003,BED0601,2024-01-26,2024-01-27,Transfer,1.4,Discharged
ADM014162,PAT03548,FAC004,DEP002,BED0442,2023-02-27,2023-03-03,Elective,4.4,Discharged
ADM014165,PAT09159,FAC003,DEP003,BED0402,2022-06-01,2022-06-02,Emergency,1.7,Discharged
ADM014168,PAT08983,FAC004,DEP002,BED0564,2023-09-05,2023-09-09,Elective,4.9,Transferred
ADM014169,PAT05548,FAC005,DEP003,BED0791,2022-12-06,2022-12-12,Emergency,6.2,Transferred
ADM014174,PAT04047,FAC004,DEP002,BED0575,2024-01-10,2024-01-13,Emergency,3.9,Discharged
ADM014175,PAT13918,FAC001,DEP003,BED0757,2025-01-17,2025-01-21,Emergency,4.0,Discharged
ADM014179,PAT05613,FAC001,DEP003,BED0858,2026-09-12,2026-09-12,Emergency,0.3,Discharged
ADM014181,PAT11414,FAC005,DEP003,BED0661,2023-04-22,2023-04-22,Day Care,0.6,Referred
ADM014185,PAT12194,FAC003,DEP005,BED0386,2025-04-26,2025-05-03,Emergency,7.3,Discharged
ADM014188,PAT10974,FAC002,DEP005,BED0211,2021-08-20,2021-08-22,Emergency,2.2,Discharged
ADM014190,PAT00813,FAC005,DEP001,BED0651,2021-10-08,2021-10-12,Elective,4.4,Discharged
ADM014203,PAT09648,FAC005,DEP007,BED0734,2024-07-24,2024-07-27,Emergency,3.5,Discharged
ADM014217,PAT11545,FAC004,DEP005,BED0504,2025-08-23,2025-08-26,Elective,3.3,Discharged
ADM014222,PAT13212,FAC004,DEP005,BED0789,2025-10-31,2025-11-03,Elective,3.7,Discharged
ADM014223,PAT03223,FAC002,DEP005,BED0277,2022-06-24,2022-06-28,Elective,4.6,Discharged
ADM014224,PAT01990,FAC005,DEP003,BED0676,2021-10-12,2021-10-17,Emergency,5.2,Discharged
ADM014226,PAT01955,FAC003,DEP003,BED0363,2021-10-15,2021-10-20,Transfer,5.9,Discharged
ADM014228,PAT09020,FAC002,DEP007,BED0267,2026-07-01,2026-07-06,Elective,5.3,Discharged
ADM014237,PAT06889,FAC004,DEP007,BED0806,2025-05-04,2025-05-06,Emergency,2.1,Transferred
ADM014240,PAT07768,FAC004,DEP005,BED0446,2022-05-23,2022-05-23,Day Care,0.8,Discharged
ADM014246,PAT06422,FAC004,DEP001,BED0529,2024-02-04,2024-02-08,Emergency,4.2,Discharged
ADM014249,PAT06622,FAC003,DEP001,BED0882,2022-11-13,2022-11-16,Elective,3.9,Discharged
ADM014261,PAT05548,FAC003,DEP005,BED0372,2026-12-24,2026-12-25,Day Care,1.0,Discharged
ADM014275,PAT10421,FAC001,DEP005,BED0003,2021-12-28,2022-01-02,Elective,5.6,Discharged
ADM014278,PAT02586,FAC001,DEP003,BED0013,2023-10-12,2023-10-12,Elective,0.3,Discharged
ADM014285,PAT00016,FAC004,DEP005,BED0564,2021-06-21,2021-06-21,Emergency,0.2,Discharged
ADM014289,PAT09346,FAC005,DEP007,BED0655,2022-04-08,2022-04-11,Elective,3.7,Discharged
ADM014292,PAT05050,FAC003,DEP003,BED0891,2022-03-11,2022-03-11,Day Care,0.5,Referred
ADM014293,PAT12498,FAC003,DEP008,BED0402,2026-01-31,2026-01-31,Emergency,0.2,Discharged
ADM014299,PAT07757,FAC003,DEP003,BED0397,2022-03-27,2022-03-29,Emergency,2.3,Discharged
ADM014300,PAT11147,FAC005,DEP001,BED0684,2024-01-14,2024-01-16,Elective,2.8,Discharged
ADM014303,PAT00564,FAC003,DEP008,BED0362,2025-12-31,2025-12-31,Elective,0.2,Discharged
ADM014306,PAT02110,FAC001,DEP004,BED0808,2025-04-18,2025-04-24,Emergency,6.9,Discharged
ADM014310,PAT00274,FAC002,DEP005,BED0293,2026-10-27,2026-11-01,Elective,5.0,Discharged
ADM014315,PAT13464,FAC001,DEP004,BED0017,2023-05-08,2023-05-08,Day Care,0.5,Discharged
ADM014316,PAT02237,FAC004,DEP002,BED0460,2024-04-15,2024-04-17,Emergency,2.4,Discharged
ADM014320,PAT11789,FAC004,DEP005,BED0549,2025-03-07,2025-03-07,Day Care,0.7,Discharged
ADM014322,PAT03462,FAC004,DEP006,BED0506,2023-08-17,2023-08-22,Emergency,5.6,Discharged
ADM014332,PAT04112,FAC002,DEP007,BED0861,2022-09-09,2022-09-09,Day Care,0.5,Discharged
ADM014338,PAT13187,FAC003,DEP005,BED0414,2026-05-04,2026-05-06,Elective,2.2,Discharged
ADM014343,PAT06730,FAC001,DEP002,BED0120,2023-03-02,2023-03-05,Elective,3.7,Transferred
ADM014350,PAT01523,FAC002,DEP001,BED0787,2024-08-05,2024-08-11,Elective,6.3,Discharged
ADM014358,PAT03205,FAC003,DEP005,BED0397,2022-02-11,2022-02-17,Elective,6.5,Discharged
ADM014359,PAT05024,FAC001,DEP002,BED0156,2022-02-24,2022-03-05,Emergency,9.0,Discharged
ADM014364,PAT08490,FAC002,DEP001,BED0261,2026-04-07,2026-04-14,Emergency,7.4,Transferred
ADM014376,PAT09190,FAC001,DEP004,BED0084,2021-05-08,2021-05-08,Emergency,0.2,Discharged
ADM014382,PAT01098,FAC002,DEP002,BED0192,2022-10-28,2022-10-29,Emergency,1.7,Transferred
ADM014384,PAT02255,FAC003,DEP008,BED0315,2026-08-30,2026-09-03,Elective,4.5,Discharged
ADM014388,PAT13445,FAC004,DEP001,BED0504,2026-05-27,2026-06-01,Elective,5.1,Discharged
ADM014403,PAT06052,FAC003,DEP003,BED0402,2022-06-12,2022-06-15,Elective,3.4,Discharged
ADM014412,PAT09141,FAC003,DEP001,BED0391,2026-03-12,2026-03-16,Emergency,4.2,Discharged
ADM014413,PAT02617,FAC005,DEP008,BED0706,2022-04-28,2022-04-28,Day Care,0.4,Discharged
ADM014427,PAT04148,FAC001,DEP008,BED0819,2025-06-05,2025-06-07,Elective,2.4,Referred
ADM014436,PAT13754,FAC001,DEP002,BED0183,2022-11-12,2022-11-12,Day Care,0.7,Discharged
ADM014443,PAT12379,FAC005,DEP005,BED0742,2024-07-27,2024-07-31,Elective,4.8,Discharged
ADM014447,PAT07334,FAC004,DEP002,BED0877,2025-10-09,2025-10-12,Elective,3.6,Discharged
ADM014450,PAT13173,FAC004,DEP005,BED0518,2023-03-19,2023-03-24,Emergency,5.6,Transferred
ADM014454,PAT04032,FAC005,DEP003,BED0657,2026-11-21,2026-11-21,Emergency,0.9,Transferred
ADM014459,PAT09459,FAC003,DEP001,BED0413,2021-05-30,2021-05-31,Elective,1.8,Discharged
ADM014460,PAT08887,FAC003,DEP003,BED0416,2021-10-18,2021-10-21,Elective,3.7,Discharged
ADM014469,PAT00252,FAC002,DEP007,BED0885,2023-08-24,2023-08-28,Transfer,4.1,Discharged
ADM014473,PAT06188,FAC004,DEP002,BED0582,2021-01-12,2021-01-13,Transfer,1.3,Discharged
ADM014478,PAT10679,FAC002,DEP007,BED0297,2024-02-10,2024-02-12,Elective,2.4,Against Medical Advice
ADM014480,PAT07710,FAC003,DEP007,BED0412,2021-12-20,2021-12-23,Emergency,3.7,Discharged
ADM014484,PAT06561,FAC002,DEP007,BED0220,2021-11-30,2021-11-30,Day Care,0.8,Discharged
ADM014485,PAT14527,FAC002,DEP007,BED0275,2022-04-07,2022-04-07,Day Care,0.7,Referred
ADM014488,PAT11511,FAC003,DEP008,BED0361,2021-04-20,2021-04-22,Emergency,2.9,Discharged
ADM014493,PAT01143,FAC005,DEP006,BED0646,2026-02-03,2026-02-03,Elective,0.5,Discharged
ADM014501,PAT03372,FAC005,DEP001,BED0716,2025-12-16,2025-12-17,Elective,1.4,Against Medical Advice
ADM014502,PAT06919,FAC005,DEP006,BED0816,2024-06-01,2024-06-03,Elective,2.4,Discharged
ADM014505,PAT08980,FAC005,DEP001,BED0699,2026-11-28,2026-12-03,Emergency,5.7,Discharged
ADM014533,PAT10391,FAC003,DEP008,BED0333,2022-12-04,2022-12-05,Elective,1.0,Discharged
ADM014536,PAT06614,FAC001,DEP002,BED0845,2021-09-23,2021-09-25,Elective,2.5,Referred
ADM014539,PAT14223,FAC005,DEP008,BED0694,2025-08-29,2025-08-29,Transfer,0.2,Discharged
ADM014542,PAT09560,FAC002,DEP002,BED0235,2023-12-21,2023-12-21,Day Care,0.4,Discharged
ADM014546,PAT13188,FAC005,DEP005,BED0733,2021-09-06,2021-09-06,Day Care,0.8,Discharged
ADM014548,PAT10973,FAC002,DEP001,BED0832,2026-04-20,2026-04-20,Transfer,0.9,Discharged
ADM014552,PAT02956,FAC004,DEP007,BED0484,2023-01-09,2023-01-09,Emergency,0.8,Discharged
ADM014553,PAT09202,FAC005,DEP001,BED0671,2023-04-12,2023-04-13,Emergency,1.9,Discharged
ADM014564,PAT07732,FAC002,DEP001,BED0864,2026-10-28,2026-11-01,Elective,4.4,Discharged
ADM014570,PAT04879,FAC005,DEP008,BED0723,2023-07-04,2023-07-05,Transfer,1.9,Discharged
ADM014574,PAT01600,FAC005,DEP008,BED0655,2025-09-01,2025-09-01,Day Care,0.6,Discharged
ADM014580,PAT06505,FAC001,DEP004,BED0044,2026-06-04,2026-06-04,Day Care,0.6,Discharged
ADM014582,PAT04099,FAC004,DEP007,BED0471,2025-01-02,2025-01-05,Elective,3.4,Discharged
ADM014586,PAT11735,FAC003,DEP001,BED0340,2026-02-01,2026-02-05,Elective,4.5,Discharged
ADM014587,PAT06331,FAC005,DEP008,BED0718,2025-04-01,2025-04-01,Day Care,0.3,Discharged
ADM014588,PAT10797,FAC005,DEP006,BED0681,2021-07-24,2021-07-27,Elective,3.2,Discharged
ADM014595,PAT14520,FAC003,DEP005,BED0318,2026-04-10,2026-04-14,Elective,4.4,Discharged
ADM014596,PAT05181,FAC004,DEP002,BED0554,2024-12-22,2024-12-27,Emergency,5.5,Discharged
ADM014608,PAT11401,FAC001,DEP008,BED0164,2025-12-01,2025-12-05,Transfer,4.8,Discharged
ADM014615,PAT13793,FAC005,DEP003,BED0677,2026-10-30,2026-10-30,Day Care,0.8,Discharged
ADM014616,PAT08210,FAC004,DEP002,BED0531,2024-07-21,2024-07-21,Day Care,0.4,Referred
ADM014622,PAT11157,FAC003,DEP008,BED0882,2024-06-09,2024-06-12,Elective,3.1,Discharged
ADM014623,PAT05986,FAC003,DEP007,BED0829,2025-12-30,2026-01-02,Elective,3.9,Discharged
ADM014638,PAT11301,FAC001,DEP002,BED0160,2026-07-26,2026-07-31,Emergency,5.1,Discharged
ADM014645,PAT11366,FAC005,DEP001,BED0678,2024-11-02,2024-11-04,Transfer,2.8,Discharged
ADM014647,PAT11879,FAC002,DEP002,BED0790,2026-10-09,2026-10-14,Emergency,5.1,Against Medical Advice
ADM014649,PAT02228,FAC001,DEP003,BED0148,2023-09-12,2023-09-14,Elective,2.7,Discharged
ADM014656,PAT11811,FAC004,DEP005,BED0436,2022-05-16,2022-05-17,Elective,1.9,Transferred
ADM014659,PAT10391,FAC002,DEP007,BED0785,2023-11-26,2023-11-27,Elective,1.7,Discharged
ADM014666,PAT10521,FAC002,DEP002,BED0812,2024-07-17,2024-07-17,Day Care,0.8,Discharged
ADM014667,PAT04468,FAC003,DEP005,BED0347,2025-04-05,2025-04-06,Elective,1.6,Discharged
ADM014674,PAT02849,FAC001,DEP005,BED0070,2023-08-11,2023-08-17,Elective,6.2,Discharged
ADM014675,PAT03261,FAC002,DEP001,BED0285,2026-01-10,2026-01-14,Elective,4.8,Referred
ADM014676,PAT11258,FAC001,DEP008,BED0004,2021-02-03,2021-02-06,Emergency,3.3,Discharged
ADM014678,PAT02596,FAC004,DEP007,BED0500,2025-07-17,2025-07-22,Elective,5.5,Discharged
ADM014681,PAT07751,FAC004,DEP002,BED0502,2022-02-26,2022-02-26,Elective,0.2,Discharged
ADM014685,PAT11072,FAC001,DEP008,BED0130,2026-11-16,2026-11-21,Emergency,5.5,Discharged
ADM014695,PAT08072,FAC004,DEP005,BED0586,2024-06-04,2024-06-04,Day Care,0.6,Discharged
ADM014698,PAT09782,FAC001,DEP008,BED0062,2021-09-16,2021-09-18,Emergency,2.2,Referred
ADM014701,PAT08937,FAC001,DEP001,BED0129,2024-07-03,2024-07-11,Emergency,8.9,Referred
ADM014707,PAT12479,FAC003,DEP003,BED0402,2026-03-16,2026-03-18,Emergency,2.4,Discharged
ADM014711,PAT08257,FAC001,DEP005,BED0118,2022-10-07,2022-10-07,Emergency,0.2,Discharged
ADM014721,PAT05221,FAC001,DEP008,BED0068,2021-04-15,2021-04-16,Emergency,1.8,Discharged
ADM014724,PAT13089,FAC004,DEP005,BED0483,2021-05-04,2021-05-10,Transfer,6.7,Discharged
ADM014730,PAT04230,FAC002,DEP002,BED0244,2026-09-06,2026-09-12,Transfer,6.6,Discharged
ADM014732,PAT07641,FAC001,DEP001,BED0008,2022-03-08,2022-03-08,Emergency,0.2,Discharged
ADM014735,PAT12490,FAC004,DEP002,BED0485,2024-09-01,2024-09-05,Emergency,4.9,Discharged
ADM014738,PAT14005,FAC003,DEP008,BED0418,2025-08-30,2025-08-30,Emergency,0.8,Discharged
ADM014756,PAT01922,FAC003,DEP008,BED0426,2022-03-05,2022-03-05,Day Care,0.4,Referred
ADM014758,PAT05903,FAC003,DEP003,BED0761,2025-06-12,2025-06-12,Day Care,0.5,Discharged
ADM014769,PAT06791,FAC005,DEP007,BED0635,2022-03-27,2022-03-31,Emergency,4.9,Discharged
ADM014770,PAT01689,FAC003,DEP005,BED0353,2022-10-20,2022-10-22,Elective,2.5,Discharged
ADM014780,PAT02617,FAC001,DEP008,BED0104,2024-04-27,2024-05-01,Elective,4.5,Discharged
ADM014788,PAT05338,FAC003,DEP001,BED0308,2021-04-25,2021-04-28,Emergency,3.7,Discharged
ADM014790,PAT00331,FAC004,DEP006,BED0474,2021-03-09,2021-03-09,Elective,0.2,Discharged
ADM014793,PAT11671,FAC004,DEP007,BED0497,2024-06-09,2024-06-11,Emergency,2.7,Discharged
ADM014798,PAT02088,FAC001,DEP001,BED0096,2023-07-12,2023-07-12,Day Care,0.7,Discharged
ADM014805,PAT11194,FAC003,DEP007,BED0897,2026-08-16,2026-08-18,Elective,2.7,Discharged
ADM014807,PAT01945,FAC002,DEP001,BED0249,2024-09-23,2024-09-23,Day Care,0.9,Discharged
ADM014814,PAT07043,FAC001,DEP004,BED0006,2024-08-21,2024-08-27,Emergency,6.8,Discharged
ADM014817,PAT13667,FAC005,DEP001,BED0636,2021-05-24,2021-05-25,Elective,1.3,Discharged
ADM014819,PAT11445,FAC002,DEP007,BED0758,2026-01-19,2026-01-24,Emergency,5.2,Discharged
ADM014824,PAT07744,FAC001,DEP008,BED0823,2023-02-08,2023-02-08,Emergency,0.9,Against Medical Advice
ADM014827,PAT02563,FAC002,DEP002,BED0208,2023-12-26,2023-12-26,Elective,0.2,Discharged
ADM014834,PAT05847,FAC004,DEP002,BED0555,2023-10-16,2023-10-21,Transfer,5.4,Referred
ADM014835,PAT04717,FAC003,DEP008,BED0397,2021-01-29,2021-02-01,Elective,3.0,Discharged
ADM014837,PAT01115,FAC004,DEP001,BED0554,2026-05-22,2026-05-22,Day Care,0.5,Discharged
ADM014839,PAT07783,FAC004,DEP001,BED0591,2024-11-24,2024-11-24,Emergency,0.2,Against Medical Advice
ADM014843,PAT06850,FAC002,DEP005,BED0198,2023-10-16,2023-10-17,Transfer,1.9,Discharged
ADM014846,PAT01651,FAC001,DEP008,BED0159,2023-10-05,2023-10-11,Elective,6.5,Discharged
ADM014847,PAT04011,FAC001,DEP002,BED0136,2021-12-21,2021-12-30,Emergency,9.4,Discharged
ADM014850,PAT03775,FAC002,DEP005,BED0762,2022-01-21,2022-01-24,Elective,3.6,Discharged
ADM014853,PAT04154,FAC003,DEP007,BED0767,2023-08-19,2023-08-19,Elective,0.9,Discharged
ADM014861,PAT11432,FAC001,DEP001,BED0100,2025-04-11,2025-04-11,Day Care,0.6,Discharged
ADM014867,PAT14811,FAC003,DEP008,BED0310,2023-07-06,2023-07-14,Emergency,8.0,Discharged
ADM014876,PAT07059,FAC001,DEP001,BED0115,2026-09-08,2026-09-11,Transfer,3.2,Discharged
ADM014885,PAT11740,FAC001,DEP005,BED0043,2021-05-20,2021-05-20,Elective,0.2,Discharged
ADM014886,PAT13997,FAC003,DEP008,BED0891,2025-11-09,2025-11-13,Transfer,4.8,Discharged
ADM014897,PAT00971,FAC003,DEP005,BED0387,2024-06-15,2024-06-24,Emergency,9.2,Discharged
ADM014908,PAT04338,FAC004,DEP001,BED0486,2022-04-06,2022-04-14,Emergency,8.6,Discharged
ADM014912,PAT02474,FAC002,DEP007,BED0199,2024-06-09,2024-06-09,Day Care,0.4,Discharged
ADM014916,PAT13493,FAC003,DEP001,BED0361,2026-03-15,2026-03-19,Emergency,4.6,Discharged
ADM014919,PAT10592,FAC002,DEP006,BED0790,2026-02-01,2026-02-01,Elective,0.5,Discharged
ADM014932,PAT08262,FAC003,DEP003,BED0824,2024-04-24,2024-04-24,Elective,0.2,Discharged
ADM014943,PAT11190,FAC002,DEP005,BED0243,2026-05-10,2026-05-14,Emergency,4.3,Discharged
ADM014944,PAT04537,FAC002,DEP006,BED0287,2021-03-20,2021-03-22,Emergency,2.7,Discharged
ADM014953,PAT06322,FAC004,DEP001,BED0492,2022-04-07,2022-04-08,Emergency,1.6,Discharged
ADM014962,PAT07086,FAC004,DEP005,BED0440,2023-07-16,2023-07-16,Elective,0.2,Discharged
ADM014965,PAT00132,FAC002,DEP006,BED0265,2025-02-15,2025-02-23,Elective,8.3,Discharged
ADM014968,PAT09902,FAC003,DEP003,BED0353,2026-10-27,2026-10-27,Elective,0.7,Discharged
ADM014973,PAT07376,FAC002,DEP005,BED0220,2025-10-19,2025-10-22,Elective,3.9,Against Medical Advice
ADM014974,PAT07629,FAC001,DEP004,BED0863,2026-12-21,2026-12-22,Elective,1.4,Discharged
ADM014978,PAT05036,FAC004,DEP005,BED0478,2023-02-12,2023-02-19,Elective,7.5,Transferred
ADM014989,PAT09895,FAC005,DEP006,BED0746,2022-07-14,2022-07-18,Emergency,4.3,Discharged
ADM014992,PAT03284,FAC001,DEP004,BED0180,2021-06-10,2021-06-17,Emergency,7.2,Discharged
ADM014993,PAT10339,FAC003,DEP008,BED0404,2022-11-18,2022-11-18,Day Care,0.5,Discharged
ADM014999,PAT12670,FAC003,DEP005,BED0394,2025-01-17,2025-01-20,Emergency,3.5,Discharged
