movement_id,patient_id,admission_id,facility_id,from_bed_id,to_bed_id,from_department_id,to_department_id,movement_datetime,movement_reason,transfer_wait_minutes
MOV000001,PAT10207,ADM012117,FAC005,BED0737,BED0794,DEP001,DEP001,2022-12-20 18:00:00,Ward Change,17
MOV000009,PAT06850,ADM006099,FAC003,BED0798,BED0341,DEP001,DEP001,2025-08-26 07:00:00,Ward Change,42
MOV000010,PAT00928,ADM002857,FAC005,BED0833,BED0751,DEP007,DEP003,2025-06-10 06:00:00,Bed Unavailability,26
MOV000011,PAT03680,ADM005064,FAC001,BED0185,BED0135,DEP005,DEP003,2025-09-26 07:00:00,Ward Change,30
MOV000012,PAT01512,ADM009146,FAC001,BED0156,BED0019,DEP004,DEP005,2023-03-25 04:00:00,Patient Request,26
MOV000027,PAT09647,ADM006413,FAC002,BED0303,BED0861,DEP005,DEP006,2025-10-19 05:00:00,Patient Request,22
MOV000028,PAT02586,ADM014278,FAC001,BED0038,BED0081,DEP003,DEP002,2023-10-12 18:00:00,Patient Request,35
MOV000037,PAT03261,ADM008517,FAC001,BED0126,BED0082,DEP004,DEP002,2026-09-23 17:00:00,Patient Request,48
MOV000041,PAT09020,ADM014228,FAC002,BED0209,BED0775,DEP007,DEP007,2026-07-05 13:00:00,Bed Unavailability,30
MOV000046,PAT06889,ADM007654,FAC001,BED0093,BED0032,DEP005,DEP005,2025-04-24 04:00:00,Patient Request,35
MOV000055,PAT07151,ADM000124,FAC002,BED0281,BED0282,DEP006,DEP007,2025-07-16 21:00:00,ICU Transfer,29
MOV000059,PAT05749,ADM010973,FAC002,BED0885,BED0222,DEP001,DEP001,2024-11-23 07:00:00,Patient Request,18
MOV000071,PAT02302,ADM013450,FAC004,BED0554,BED0490,DEP005,DEP002,2025-08-31 04:00:00,Bed Unavailability,30
MOV000076,PAT06919,ADM010022,FAC005,BED0720,BED0692,DEP007,DEP006,2023-03-31 18:00:00,Bed Unavailability,37
MOV000079,PAT00851,ADM008482,FAC005,BED0843,BED0627,DEP001,DEP005,2025-01-12 00:00:00,Patient Request,20
MOV000080,PAT03121,ADM005357,FAC005,BED0716,BED0707,DEP003,DEP007,2025-09-24 13:00:00,Patient Request,2
MOV000083,PAT02287,ADM006883,FAC004,BED0468,BED0506,DEP007,DEP001,2025-10-28 09:00:00,Isolation Required,37
MOV000092,PAT00733,ADM002475,FAC001,BED0022,BED0145,DEP005,DEP008,2025-08-28 19:00:00,Bed Unavailability,24
MOV000093,PAT04951,ADM005171,FAC001,BED0856,BED0026,DEP001,DEP002,2025-05-03 05:00:00,Bed Unavailability,5
MOV000094,PAT06730,ADM002140,FAC003,BED0834,BED0811,DEP005,DEP005,2025-04-13 21:00:00,Bed Unavailability,10
MOV000096,PAT05675,ADM009259,FAC002,BED0784,BED0822,DEP006,DEP002,2025-10-11 18:00:00,ICU Transfer,2
MOV000112,PAT08133,ADM011229,FAC002,BED0787,BED0256,DEP006,DEP005,2024-12-25 16:00:00,ICU Transfer,7
MOV000113,PAT10217,ADM011569,FAC002,BED0785,BED0225,DEP007,DEP001,2022-01-21 05:00:00,ICU Transfer,4
MOV000116,PAT04514,ADM003390,FAC001,BED0097,BED0053,DEP008,DEP002,2025-01-25 10:00:00,Isolation Required,3
MOV000118,PAT04430,ADM012970,FAC005,BED0618,BED0683,DEP003,DEP008,2025-07-27 07:00:00,Patient Request,21
MOV000124,PAT02535,ADM004207,FAC001,BED0063,BED0150,DEP003,DEP004,2025-04-11 14:00:00,ICU Transfer,36
MOV000127,PAT03387,ADM012800,FAC002,BED0251,BED0242,DEP005,DEP002,2026-01-31 08:00:00,Ward Change,18
MOV000135,PAT03059,ADM010147,FAC005,BED0747,BED0745,DEP003,DEP007,2024-07-25 15:00:00,Bed Unavailability,40
MOV000136,PAT13173,ADM014450,FAC004,BED0442,BED0450,DEP005,DEP001,2023-03-22 16:00:00,Isolation Required,14
MOV000141,PAT07303,ADM003997,FAC003,BED0430,BED0428,DEP001,DEP001,2025-09-08 08:00:00,Bed Unavailability,29
MOV000147,PAT07008,ADM000438,FAC005,BED0888,BED0772,DEP003,DEP008,2025-03-30 04:00:00,Patient Request,29
MOV000149,PAT11439,ADM011804,FAC003,BED0343,BED0318,DEP001,DEP001,2026-05-14 14:00:00,Department Transfer,37
MOV000150,PAT09566,ADM002554,FAC001,BED0147,BED0023,DEP008,DEP003,2025-03-27 08:00:00,Ward Change,25
MOV000157,PAT03959,ADM005984,FAC005,BED0718,BED0615,DEP006,DEP001,2025-04-28 10:00:00,Department Transfer,41
MOV000158,PAT13464,ADM010325,FAC001,BED0112,BED0151,DEP004,DEP005,2021-06-23 09:00:00,Bed Unavailability,42
MOV000159,PAT03269,ADM006211,FAC002,BED0199,BED0884,DEP002,DEP005,2025-01-31 22:00:00,Patient Request,48
MOV000162,PAT06897,ADM004390,FAC002,BED0240,BED0252,DEP005,DEP001,2025-03-11 10:00:00,Department Transfer,2
MOV000172,PAT09431,ADM007163,FAC001,BED0048,BED0189,DEP002,DEP004,2025-02-25 11:00:00,Department Transfer,20
MOV000180,PAT09903,ADM001869,FAC004,BED0573,BED0586,DEP005,DEP006,2025-12-30 07:00:00,Department Transfer,16
MOV000196,PAT02367,ADM009940,FAC004,BED0563,BED0452,DEP007,DEP001,2026-06-24 17:00:00,ICU Transfer,17
MOV000201,PAT03959,ADM005984,FAC005,BED0731,BED0666,DEP006,DEP007,2025-04-28 10:00:00,Department Transfer,31
MOV000214,PAT03972,ADM011893,FAC003,BED0394,BED0386,DEP003,DEP007,2025-09-16 18:00:00,Ward Change,12
MOV000228,PAT00922,ADM012417,FAC001,BED0173,BED0044,DEP001,DEP005,2026-01-31 15:00:00,ICU Transfer,24
MOV000229,PAT13262,ADM009506,FAC004,BED0896,BED0510,DEP006,DEP005,2024-10-03 04:00:00,Ward Change,16
MOV000236,PAT01316,ADM000649,FAC001,BED0042,BED0156,DEP002,DEP002,2025-10-26 14:00:00,ICU Transfer,13
MOV000249,PAT00327,ADM005994,FAC001,BED0047,BED0808,DEP003,DEP008,2025-06-09 08:00:00,Department Transfer,38
MOV000259,PAT06189,ADM012742,FAC002,BED0219,BED0192,DEP002,DEP007,2026-03-29 05:00:00,Isolation Required,26
MOV000272,PAT07013,ADM002659,FAC003,BED0353,BED0773,DEP003,DEP005,2025-08-22 04:00:00,Department Transfer,43
MOV000280,PAT07252,ADM007434,FAC004,BED0495,BED0571,DEP006,DEP002,2025-12-10 15:00:00,Ward Change,44
MOV000281,PAT06148,ADM007213,FAC002,BED0235,BED0303,DEP007,DEP005,2025-06-17 09:00:00,Isolation Required,18
MOV000296,PAT06282,ADM009446,FAC002,BED0795,BED0844,DEP005,DEP001,2024-03-25 03:00:00,ICU Transfer,47
MOV000302,PAT07029,ADM014030,FAC002,BED0790,BED0200,DEP006,DEP006,2024-01-14 19:00:00,Isolation Required,15
MOV000303,PAT04076,ADM003920,FAC005,BED0656,BED0704,DEP003,DEP008,2025-03-04 08:00:00,Bed Unavailability,17
MOV000304,PAT00971,ADM014897,FAC003,BED0407,BED0366,DEP005,DEP001,2024-06-15 15:00:00,Patient Request,33
MOV000305,PAT13260,ADM011081,FAC001,BED0119,BED0041,DEP003,DEP002,2024-08-24 10:00:00,Department Transfer,51
MOV000307,PAT00634,ADM009795,FAC002,BED0256,BED0769,DEP007,DEP006,2026-07-18 18:00:00,Bed Unavailability,20
MOV000309,PAT00625,ADM007210,FAC001,BED0099,BED0072,DEP004,DEP005,2025-09-29 17:00:00,ICU Transfer,20
MOV000312,PAT09484,ADM012094,FAC002,BED0298,BED0198,DEP001,DEP001,2021-02-09 10:00:00,ICU Transfer,34
MOV000316,PAT05041,ADM002698,FAC005,BED0626,BED0604,DEP001,DEP003,2025-09-23 05:00:00,Patient Request,23
MOV000325,PAT04234,ADM009156,FAC002,BED0769,BED0304,DEP005,DEP005,2026-08-29 09:00:00,Ward Change,7
MOV000327,PAT04345,ADM001783,FAC001,BED0175,BED0033,DEP005,DEP003,2025-03-23 06:00:00,Department Transfer,2
MOV000328,PAT08006,ADM005706,FAC003,BED0374,BED0380,DEP007,DEP003,2025-04-13 14:00:00,Patient Request,50
MOV000331,PAT06352,ADM004668,FAC004,BED0755,BED0591,DEP001,DEP001,2025-02-09 09:00:00,ICU Transfer,44
MOV000338,PAT07309,ADM010133,FAC005,BED0820,BED0627,DEP008,DEP003,2024-08-07 12:00:00,Patient Request,18
MOV000341,PAT08271,ADM003719,FAC005,BED0640,BED0638,DEP003,DEP005,2025-07-19 11:00:00,Ward Change,27
MOV000349,PAT02544,ADM012713,FAC001,BED0079,BED0029,DEP008,DEP002,2025-06-03 14:00:00,Patient Request,31
MOV000353,PAT09530,ADM000869,FAC001,BED0155,BED0074,DEP003,DEP005,2025-10-24 04:00:00,Ward Change,30
MOV000354,PAT04609,ADM000062,FAC005,BED0843,BED0717,DEP001,DEP007,2025-10-22 15:00:00,Isolation Required,15
MOV000358,PAT11400,ADM012336,FAC005,BED0737,BED0772,DEP005,DEP003,2023-07-28 13:00:00,Isolation Required,24
MOV000360,PAT04915,ADM000505,FAC001,BED0185,BED0135,DEP008,DEP001,2025-07-30 14:00:00,Isolation Required,37
MOV000369,PAT05514,ADM004825,FAC004,BED0569,BED0575,DEP007,DEP001,2025-03-12 13:00:00,Isolation Required,15
MOV000375,PAT08325,ADM006549,FAC005,BED0700,BED0630,DEP005,DEP003,2025-08-07 19:00:00,Department Transfer,27
MOV000377,PAT04296,ADM004970,FAC001,BED0137,BED0042,DEP008,DEP005,2025-03-29 17:00:00,Department Transfer,23
MOV000378,PAT02817,ADM001519,FAC005,BED0833,BED0820,DEP003,DEP005,2025-10-30 04:00:00,Patient Request,43
MOV000386,PAT00015,ADM008558,FAC001,BED0004,BED0089,DEP005,DEP001,2024-02-20 12:00:00,Isolation Required,24
MOV000387,PAT03422,ADM000287,FAC002,BED0304,BED0213,DEP007,DEP002,2025-10-03 11:00:00,Patient Request,30
MOV000390,PAT03099,ADM005718,FAC004,BED0472,BED0505,DEP007,DEP006,2025-01-17 19:00:00,Patient Request,28
MOV000392,PAT01770,ADM013448,FAC005,BED0716,BED0698,DEP008,DEP005,2023-02-11 14:00:00,Department Transfer,30
MOV000394,PAT07650,ADM006989,FAC005,BED0878,BED0639,DEP001,DEP006,2025-06-30 05:00:00,ICU Transfer,20
MOV000405,PAT05307,ADM007725,FAC001,BED0120,BED0059,DEP008,DEP005,2025-12-04 15:00:00,Patient Request,28
MOV000407,PAT08618,ADM002044,FAC004,BED0567,BED0572,DEP007,DEP005,2025-11-06 16:00:00,Ward Change,34
MOV000420,PAT07151,ADM004401,FAC004,BED0479,BED0774,DEP001,DEP004,2025-03-06 18:00:00,Department Transfer,24
MOV000428,PAT00285,ADM006896,FAC003,BED0433,BED0415,DEP005,DEP003,2025-10-08 07:00:00,Department Transfer,27
MOV000430,PAT01328,ADM005569,FAC005,BED0697,BED0670,DEP008,DEP003,2025-03-27 13:00:00,Isolation Required,24
MOV000431,PAT01115,ADM014837,FAC004,BED0810,BED0462,DEP001,DEP004,2026-05-22 17:00:00,Department Transfer,60
MOV000433,PAT03834,ADM012424,FAC005,BED0609,BED0733,DEP008,DEP007,2025-11-18 08:00:00,Isolation Required,15
MOV000440,PAT08399,ADM003347,FAC005,BED0735,BED0644,DEP005,DEP003,2025-08-22 06:00:00,ICU Transfer,27
MOV000443,PAT04986,ADM005473,FAC005,BED0633,BED0692,DEP003,DEP001,2025-03-13 11:00:00,Patient Request,42
MOV000445,PAT00399,ADM003425,FAC003,BED0404,BED0371,DEP007,DEP005,2025-01-24 16:00:00,Patient Request,17
MOV000452,PAT05024,ADM002362,FAC002,BED0295,BED0255,DEP001,DEP001,2025-03-04 07:00:00,Ward Change,33
MOV000456,PAT06188,ADM014473,FAC004,BED0503,BED0839,DEP002,DEP006,2021-01-12 12:00:00,ICU Transfer,35
MOV000467,PAT04076,ADM006755,FAC003,BED0811,BED0431,DEP007,DEP001,2025-11-13 09:00:00,Ward Change,23
MOV000471,PAT05023,ADM010011,FAC005,BED0710,BED0616,DEP008,DEP001,2022-01-22 12:00:00,Department Transfer,21
MOV000479,PAT00435,ADM006154,FAC005,BED0831,BED0689,DEP005,DEP003,2025-02-28 22:00:00,Patient Request,15
MOV000481,PAT10256,ADM010525,FAC002,BED0812,BED0220,DEP005,DEP006,2026-09-15 17:00:00,Ward Change,44
MOV000491,PAT07502,ADM008353,FAC004,BED0886,BED0542,DEP007,DEP004,2025-03-07 06:00:00,Bed Unavailability,33
MOV000499,PAT10320,ADM011171,FAC005,BED0666,BED0888,DEP003,DEP005,2022-05-04 14:00:00,Isolation Required,24
MOV000506,PAT04792,ADM005413,FAC004,BED0596,BED0503,DEP001,DEP004,2025-09-22 14:00:00,ICU Transfer,30
MOV000507,PAT00971,ADM002965,FAC001,BED0842,BED0082,DEP001,DEP004,2025-01-27 17:00:00,Department Transfer,39
MOV000511,PAT00938,ADM013119,FAC003,BED0334,BED0824,DEP007,DEP001,2021-01-13 07:00:00,Patient Request,41
MOV000515,PAT14287,ADM012274,FAC004,BED0514,BED0483,DEP006,DEP005,2022-07-22 08:00:00,Ward Change,40
MOV000518,PAT05095,ADM012748,FAC002,BED0884,BED0818,DEP001,DEP001,2021-06-27 06:00:00,Patient Request,17
MOV000523,PAT09510,ADM002546,FAC004,BED0583,BED0484,DEP006,DEP001,2025-08-18 07:00:00,ICU Transfer,6
MOV000527,PAT04203,ADM013485,FAC002,BED0207,BED0228,DEP007,DEP006,2021-05-16 13:00:00,Bed Unavailability,9
MOV000534,PAT04966,ADM004968,FAC003,BED0431,BED0378,DEP007,DEP007,2025-02-07 13:00:00,Department Transfer,31
MOV000546,PAT09779,ADM009302,FAC003,BED0381,BED0362,DEP001,DEP001,2025-07-29 09:00:00,ICU Transfer,31
MOV000553,PAT00151,ADM012355,FAC002,BED0272,BED0236,DEP001,DEP002,2023-08-17 00:00:00,ICU Transfer,23
MOV000573,PAT02324,ADM007357,FAC004,BED0489,BED0496,DEP004,DEP004,2025-03-31 19:00:00,Isolation Required,19
MOV000575,PAT13267,ADM012502,FAC002,BED0233,BED0235,DEP006,DEP005,2025-03-09 13:00:00,Patient Request,14
MOV000578,PAT07732,ADM008711,FAC001,BED0036,BED0083,DEP002,DEP001,2022-04-01 03:00:00,ICU Transfer,9
MOV000579,PAT00009,ADM010465,FAC004,BED0435,BED0474,DEP005,DEP007,2022-01-30 03:00:00,Bed Unavailability,40
MOV000583,PAT06267,ADM012398,FAC002,BED0256,BED0267,DEP005,DEP007,2026-04-24 08:00:00,Bed Unavailability,32
MOV000595,PAT14811,ADM014867,FAC003,BED0333,BED0340,DEP008,DEP005,2023-07-06 17:00:00,Department Transfer,20
MOV000597,PAT04098,ADM013915,FAC002,BED0266,BED0229,DEP002,DEP006,2026-06-25 12:00:00,Ward Change,37
MOV000601,PAT06844,ADM000448,FAC005,BED0609,BED0636,DEP006,DEP003,2025-09-05 12:00:00,Bed Unavailability,41
MOV000612,PAT00818,ADM007614,FAC003,BED0420,BED0319,DEP007,DEP005,2025-06-08 10:00:00,Ward Change,23
MOV000616,PAT11400,ADM012336,FAC005,BED0740,BED0658,DEP005,DEP008,2023-07-26 23:00:00,Bed Unavailability,46
MOV000624,PAT11439,ADM011804,FAC003,BED0405,BED0349,DEP001,DEP008,2026-05-14 13:00:00,Patient Request,34
MOV000627,PAT03372,ADM003537,FAC003,BED0404,BED0340,DEP001,DEP003,2025-12-03 09:00:00,Bed Unavailability,26
MOV000630,PAT06851,ADM011534,FAC001,BED0063,BED0823,DEP002,DEP003,2025-04-17 03:00:00,ICU Transfer,60
MOV000641,PAT01419,ADM011444,FAC001,BED0095,BED0137,DEP002,DEP008,2023-03-18 06:00:00,Ward Change,23
MOV000645,PAT10451,ADM013968,FAC003,BED0391,BED0330,DEP008,DEP007,2022-04-08 16:00:00,Bed Unavailability,9
MOV000647,PAT03290,ADM003272,FAC002,BED0282,BED0204,DEP001,DEP001,2025-04-13 09:00:00,Department Transfer,8
MOV000657,PAT09515,ADM006244,FAC002,BED0222,BED0785,DEP005,DEP005,2025-04-30 06:00:00,Isolation Required,41
MOV000660,PAT06316,ADM002220,FAC001,BED0853,BED0187,DEP002,DEP002,2025-06-15 22:00:00,Department Transfer,9
MOV000662,PAT05590,ADM006406,FAC001,BED0123,BED0001,DEP001,DEP005,2025-01-12 10:00:00,Patient Request,22
MOV000663,PAT07827,ADM005581,FAC003,BED0386,BED0382,DEP008,DEP001,2025-11-17 08:00:00,Isolation Required,23
MOV000665,PAT04748,ADM001529,FAC004,BED0597,BED0459,DEP002,DEP005,2025-02-17 11:00:00,Patient Request,29
MOV000666,PAT06919,ADM010022,FAC005,BED0647,BED0749,DEP007,DEP006,2023-03-29 01:00:00,Isolation Required,9
MOV000668,PAT05737,ADM011389,FAC002,BED0764,BED0278,DEP001,DEP002,2026-12-01 17:00:00,Patient Request,32
MOV000671,PAT08185,ADM004747,FAC001,BED0046,BED0158,DEP008,DEP001,2025-10-21 05:00:00,ICU Transfer,2
MOV000673,PAT14717,ADM011147,FAC003,BED0416,BED0328,DEP007,DEP003,2021-11-04 00:00:00,ICU Transfer,20
MOV000678,PAT02118,ADM007637,FAC004,BED0492,BED0561,DEP004,DEP006,2025-11-18 19:00:00,Ward Change,35
MOV000679,PAT11973,ADM008562,FAC002,BED0832,BED0783,DEP001,DEP006,2024-07-28 04:00:00,Bed Unavailability,15
MOV000684,PAT03059,ADM010147,FAC005,BED0683,BED0743,DEP003,DEP006,2024-07-24 00:00:00,Patient Request,36
MOV000685,PAT04251,ADM013810,FAC005,BED0615,BED0715,DEP003,DEP007,2025-01-13 10:00:00,Department Transfer,35
MOV000688,PAT10000,ADM000374,FAC002,BED0273,BED0232,DEP005,DEP006,2025-02-21 04:00:00,Ward Change,37
MOV000692,PAT02251,ADM008171,FAC002,BED0258,BED0787,DEP005,DEP006,2025-02-27 09:00:00,Bed Unavailability,30
MOV000693,PAT11793,ADM012870,FAC003,BED0354,BED0379,DEP008,DEP001,2023-01-09 23:00:00,Patient Request,4
MOV000697,PAT08073,ADM007395,FAC005,BED0630,BED0872,DEP006,DEP008,2025-10-22 05:00:00,Isolation Required,28
MOV000699,PAT13863,ADM014108,FAC003,BED0432,BED0305,DEP008,DEP005,2021-10-13 12:00:00,Department Transfer,39
MOV000701,PAT13723,ADM008949,FAC003,BED0334,BED0773,DEP007,DEP001,2021-02-05 14:00:00,Department Transfer,12
MOV000705,PAT04011,ADM009720,FAC005,BED0727,BED0697,DEP006,DEP006,2026-06-04 05:00:00,Bed Unavailability,12
MOV000709,PAT00625,ADM009201,FAC004,BED0443,BED0442,DEP005,DEP001,2024-08-30 01:00:00,Isolation Required,10
MOV000715,PAT05445,ADM003718,FAC003,BED0398,BED0403,DEP005,DEP007,2025-10-15 16:00:00,Isolation Required,8
MOV000720,PAT06827,ADM004310,FAC003,BED0319,BED0773,DEP001,DEP007,2025-07-12 01:00:00,ICU Transfer,34
MOV000728,PAT04251,ADM012646,FAC002,BED0765,BED0787,DEP006,DEP007,2023-10-08 09:00:00,Department Transfer,16
MOV000729,PAT04270,ADM007328,FAC002,BED0299,BED0195,DEP001,DEP007,2025-01-16 18:00:00,Department Transfer,29
MOV000730,PAT03746,ADM012722,FAC001,BED0090,BED0026,DEP008,DEP005,2023-11-07 21:00:00,Patient Request,13
MOV000733,PAT02348,ADM004100,FAC003,BED0404,BED0356,DEP007,DEP001,2025-09-24 10:00:00,Ward Change,9
MOV000740,PAT04666,ADM007681,FAC001,BED0079,BED0898,DEP001,DEP003,2025-01-15 21:00:00,Department Transfer,32
MOV000743,PAT01796,ADM006152,FAC002,BED0266,BED0242,DEP002,DEP005,2025-08-23 08:00:00,Isolation Required,37
MOV000748,PAT13253,ADM008937,FAC002,BED0278,BED0765,DEP007,DEP002,2026-11-04 15:00:00,Department Transfer,25
MOV000753,PAT03496,ADM005020,FAC003,BED0431,BED0375,DEP003,DEP003,2025-09-25 10:00:00,Department Transfer,12
MOV000756,PAT03775,ADM012051,FAC002,BED0784,BED0783,DEP002,DEP005,2026-01-22 07:00:00,ICU Transfer,35
MOV000762,PAT04709,ADM011211,FAC002,BED0301,BED0221,DEP006,DEP007,2025-12-27 21:00:00,Ward Change,36
MOV000763,PAT05598,ADM006139,FAC004,BED0547,BED0598,DEP005,DEP006,2025-08-21 19:00:00,ICU Transfer,22
MOV000772,PAT06546,ADM012028,FAC001,BED0118,BED0105,DEP001,DEP001,2023-09-14 06:00:00,Isolation Required,49
MOV000774,PAT02862,ADM010209,FAC003,BED0347,BED0396,DEP007,DEP003,2025-04-26 05:00:00,Bed Unavailability,16
MOV000778,PAT04630,ADM005849,FAC002,BED0283,BED0299,DEP005,DEP005,2025-09-04 08:00:00,Patient Request,33
MOV000780,PAT00466,ADM002674,FAC002,BED0192,BED0284,DEP005,DEP005,2025-10-12 16:00:00,ICU Transfer,3
MOV000795,PAT01603,ADM007571,FAC001,BED0106,BED0149,DEP008,DEP003,2025-06-15 12:00:00,Patient Request,24
MOV000798,PAT09391,ADM010261,FAC001,BED0169,BED0157,DEP003,DEP003,2023-05-14 18:00:00,ICU Transfer,34
MOV000799,PAT00103,ADM002802,FAC003,BED0428,BED0829,DEP005,DEP003,2025-06-15 18:00:00,Bed Unavailability,16
MOV000802,PAT06689,ADM006202,FAC004,BED0504,BED0520,DEP005,DEP004,2025-01-19 05:00:00,Ward Change,15
MOV000804,PAT08608,ADM006127,FAC005,BED0604,BED0751,DEP005,DEP001,2025-07-16 22:00:00,Ward Change,24
MOV000813,PAT08385,ADM008000,FAC001,BED0842,BED0124,DEP004,DEP003,2025-05-27 15:00:00,Ward Change,42
MOV000815,PAT08770,ADM006212,FAC004,BED0587,BED0598,DEP002,DEP004,2025-12-27 01:00:00,Patient Request,10
MOV000816,PAT11157,ADM014622,FAC003,BED0365,BED0390,DEP008,DEP001,2024-06-11 01:00:00,ICU Transfer,32
MOV000820,PAT04082,ADM013356,FAC001,BED0187,BED0008,DEP005,DEP002,2023-03-16 18:00:00,Department Transfer,13
MOV000829,PAT00742,ADM014131,FAC005,BED0650,BED0732,DEP007,DEP006,2025-01-04 07:00:00,Isolation Required,18
MOV000832,PAT07696,ADM008343,FAC002,BED0209,BED0233,DEP001,DEP001,2025-05-29 09:00:00,ICU Transfer,14
MOV000838,PAT01324,ADM013226,FAC002,BED0242,BED0283,DEP001,DEP005,2023-06-23 07:00:00,Patient Request,35
MOV000843,PAT06891,ADM002995,FAC002,BED0239,BED0261,DEP007,DEP006,2025-11-27 16:00:00,Department Transfer,16
MOV000844,PAT02620,ADM004027,FAC004,BED0452,BED0581,DEP002,DEP005,2025-06-12 10:00:00,Bed Unavailability,27
MOV000848,PAT09932,ADM008174,FAC003,BED0759,BED0349,DEP001,DEP008,2025-11-26 09:00:00,Ward Change,39
MOV000855,PAT00922,ADM004551,FAC001,BED0826,BED0143,DEP003,DEP001,2025-10-22 21:00:00,Bed Unavailability,28
MOV000864,PAT08210,ADM014616,FAC004,BED0890,BED0573,DEP002,DEP005,2024-07-21 05:00:00,Patient Request,41
MOV000871,PAT11853,ADM012203,FAC004,BED0514,BED0537,DEP004,DEP002,2023-06-05 02:00:00,Department Transfer,33
MOV000873,PAT13445,ADM008523,FAC004,BED0441,BED0578,DEP005,DEP002,2023-03-29 09:00:00,Bed Unavailability,55
MOV000875,PAT06689,ADM006202,FAC004,BED0528,BED0543,DEP005,DEP002,2025-01-16 18:00:00,Bed Unavailability,40
MOV000879,PAT03670,ADM005291,FAC002,BED0276,BED0775,DEP002,DEP006,2025-06-28 08:00:00,Bed Unavailability,22
MOV000890,PAT00922,ADM004551,FAC001,BED0016,BED0845,DEP003,DEP008,2025-10-27 04:00:00,Bed Unavailability,27
MOV000901,PAT03548,ADM011112,FAC003,BED0367,BED0800,DEP008,DEP001,2023-07-14 07:00:00,Ward Change,29
MOV000902,PAT08274,ADM004797,FAC001,BED0073,BED0100,DEP005,DEP004,2025-10-01 04:00:00,Department Transfer,4
MOV000905,PAT06689,ADM002928,FAC004,BED0480,BED0755,DEP001,DEP001,2025-06-16 20:00:00,Department Transfer,10
MOV000911,PAT11545,ADM010620,FAC002,BED0192,BED0206,DEP007,DEP005,2026-09-10 01:00:00,Patient Request,17
MOV000913,PAT00448,ADM000964,FAC002,BED0785,BED0242,DEP002,DEP002,2025-06-23 18:00:00,Ward Change,35
MOV000915,PAT05861,ADM003844,FAC004,BED0589,BED0788,DEP005,DEP001,2025-01-17 07:00:00,Bed Unavailability,49
MOV000926,PAT09895,ADM014989,FAC005,BED0659,BED0609,DEP006,DEP008,2022-07-15 09:00:00,Patient Request,36
MOV000929,PAT09989,ADM010560,FAC003,BED0370,BED0417,DEP005,DEP005,2025-11-14 04:00:00,ICU Transfer,47
MOV000936,PAT11840,ADM013151,FAC005,BED0711,BED0689,DEP006,DEP003,2024-11-10 04:00:00,Isolation Required,5
MOV000943,PAT11934,ADM010266,FAC004,BED0854,BED0495,DEP007,DEP004,2021-06-13 19:00:00,Bed Unavailability,11
MOV000944,PAT12693,ADM011372,FAC001,BED0112,BED0856,DEP003,DEP008,2023-02-01 21:00:00,Patient Request,24
MOV000946,PAT08635,ADM002812,FAC002,BED0232,BED0193,DEP005,DEP007,2025-10-28 13:00:00,ICU Transfer,19
MOV000955,PAT01859,ADM007021,FAC003,BED0338,BED0405,DEP008,DEP005,2025-09-09 19:00:00,Department Transfer,38
MOV000956,PAT10753,ADM011257,FAC003,BED0432,BED0817,DEP008,DEP005,2022-08-15 06:00:00,Patient Request,22
MOV000957,PAT03276,ADM010375,FAC005,BED0744,BED0830,DEP008,DEP005,2024-07-17 10:00:00,Bed Unavailability,11
MOV000960,PAT08658,ADM009223,FAC002,BED0240,BED0242,DEP006,DEP005,2021-07-14 13:00:00,Ward Change,23
MOV000966,PAT07029,ADM014030,FAC002,BED0213,BED0284,DEP006,DEP006,2024-01-14 15:00:00,Patient Request,40
MOV000969,PAT05206,ADM010563,FAC003,BED0835,BED0374,DEP005,DEP008,2026-01-03 12:00:00,Patient Request,16
MOV000978,PAT07342,ADM001178,FAC003,BED0409,BED0868,DEP008,DEP008,2025-02-02 07:00:00,Isolation Required,19
MOV000981,PAT08133,ADM000018,FAC002,BED0849,BED0274,DEP006,DEP007,2025-06-17 06:00:00,Patient Request,25
MOV000983,PAT02358,ADM009524,FAC001,BED0153,BED0173,DEP004,DEP005,2022-01-19 10:00:00,Patient Request,36
MOV000985,PAT09791,ADM012440,FAC001,BED0163,BED0113,DEP004,DEP003,2022-02-09 15:00:00,Patient Request,34
MOV000988,PAT09724,ADM010233,FAC001,BED0045,BED0188,DEP004,DEP008,2026-09-07 01:00:00,Bed Unavailability,21
MOV000991,PAT12949,ADM011806,FAC004,BED0593,BED0527,DEP004,DEP007,2026-02-18 07:00:00,Ward Change,17
MOV000995,PAT06890,ADM011517,FAC005,BED0688,BED0711,DEP005,DEP007,2025-01-19 16:00:00,Patient Request,19
MOV001001,PAT04097,ADM002000,FAC001,BED0064,BED0898,DEP001,DEP003,2025-04-01 15:00:00,Patient Request,31
MOV001003,PAT03121,ADM005357,FAC005,BED0665,BED0735,DEP003,DEP008,2025-09-24 04:00:00,Department Transfer,25
MOV001016,PAT08241,ADM000582,FAC001,BED0167,BED0106,DEP001,DEP004,2025-12-21 16:00:00,Isolation Required,14
MOV001017,PAT00425,ADM010239,FAC002,BED0760,BED0253,DEP001,DEP006,2023-05-19 16:00:00,ICU Transfer,24
MOV001023,PAT08980,ADM006537,FAC003,BED0759,BED0891,DEP008,DEP007,2025-10-25 14:00:00,Ward Change,35
MOV001025,PAT02590,ADM011460,FAC001,BED0042,BED0165,DEP008,DEP008,2021-07-31 15:00:00,ICU Transfer,15
MOV001026,PAT09433,ADM001238,FAC002,BED0209,BED0781,DEP006,DEP005,2025-10-04 09:00:00,Department Transfer,19
MOV001029,PAT04329,ADM001148,FAC005,BED0607,BED0792,DEP001,DEP008,2025-03-08 21:00:00,Department Transfer,29
MOV001039,PAT07665,ADM002845,FAC002,BED0289,BED0271,DEP001,DEP001,2025-09-19 07:00:00,Ward Change,25
MOV001044,PAT04607,ADM002467,FAC005,BED0712,BED0831,DEP001,DEP001,2025-10-01 18:00:00,Isolation Required,18
MOV001049,PAT13470,ADM012172,FAC001,BED0087,BED0107,DEP002,DEP005,2025-11-10 04:00:00,Patient Request,24
MOV001051,PAT02792,ADM000936,FAC003,BED0347,BED0330,DEP005,DEP003,2025-01-08 07:00:00,ICU Transfer,21
MOV001052,PAT06135,ADM000726,FAC001,BED0153,BED0126,DEP001,DEP003,2025-08-16 11:00:00,Isolation Required,23
MOV001053,PAT00564,ADM014303,FAC003,BED0393,BED0422,DEP008,DEP001,2025-12-31 16:00:00,ICU Transfer,33
MOV001057,PAT04803,ADM010254,FAC003,BED0798,BED0328,DEP001,DEP008,2022-08-01 12:00:00,Ward Change,23
MOV001065,PAT03835,ADM012988,FAC001,BED0101,BED0051,DEP005,DEP004,2023-12-05 12:00:00,Patient Request,5
MOV001069,PAT12265,ADM011007,FAC004,BED0543,BED0475,DEP006,DEP006,2023-09-23 03:00:00,ICU Transfer,32
MOV001073,PAT00352,ADM002221,FAC005,BED0732,BED0702,DEP005,DEP006,2025-11-29 12:00:00,Patient Request,42
MOV001074,PAT03992,ADM001390,FAC005,BED0714,BED0841,DEP008,DEP003,2025-11-13 06:00:00,Isolation Required,32
MOV001076,PAT07360,ADM010286,FAC001,BED0179,BED0156,DEP001,DEP008,2023-06-18 05:00:00,ICU Transfer,26
MOV001079,PAT04610,ADM011226,FAC002,BED0217,BED0784,DEP007,DEP001,2021-12-15 20:00:00,Isolation Required,28
MOV001081,PAT06073,ADM000493,FAC003,BED0330,BED0392,DEP001,DEP003,2025-08-22 12:00:00,Ward Change,37
MOV001084,PAT02617,ADM014413,FAC005,BED0688,BED0881,DEP008,DEP006,2022-04-28 09:00:00,Ward Change,35
MOV001096,PAT08673,ADM012318,FAC003,BED0351,BED0365,DEP007,DEP003,2026-02-14 13:00:00,Isolation Required,30
MOV001107,PAT05872,ADM000500,FAC004,BED0512,BED0573,DEP005,DEP004,2025-04-15 15:00:00,ICU Transfer,28
MOV001118,PAT02272,ADM005490,FAC001,BED0087,BED0052,DEP003,DEP004,2025-01-19 11:00:00,Isolation Required,24
MOV001119,PAT05479,ADM006463,FAC001,BED0063,BED0153,DEP005,DEP005,2025-06-12 13:00:00,Isolation Required,35
MOV001120,PAT01548,ADM009479,FAC003,BED0359,BED0347,DEP003,DEP003,2026-04-07 04:00:00,Bed Unavailability,44
MOV001121,PAT14616,ADM014117,FAC001,BED0037,BED0148,DEP003,DEP001,2023-07-16 05:00:00,Ward Change,10
MOV001126,PAT04150,ADM003978,FAC004,BED0468,BED0477,DEP005,DEP007,2025-04-08 19:00:00,Isolation Required,18
MOV001139,PAT02418,ADM001428,FAC004,BED0554,BED0437,DEP006,DEP005,2025-01-29 07:00:00,Isolation Required,35
MOV001140,PAT07530,ADM004667,FAC003,BED0356,BED0394,DEP005,DEP001,2025-12-01 08:00:00,Patient Request,49
MOV001144,PAT06891,ADM002995,FAC002,BED0208,BED0236,DEP007,DEP007,2025-11-28 15:00:00,Bed Unavailability,20
MOV001150,PAT09141,ADM014412,FAC003,BED0340,BED0891,DEP001,DEP001,2026-03-14 14:00:00,Isolation Required,23
MOV001151,PAT11263,ADM010107,FAC002,BED0287,BED0288,DEP007,DEP007,2025-05-18 16:00:00,Ward Change,2
MOV001156,PAT05764,ADM011470,FAC005,BED0843,BED0738,DEP007,DEP003,2025-05-24 07:00:00,ICU Transfer,23
MOV001167,PAT07783,ADM014839,FAC004,BED0524,BED0875,DEP001,DEP001,2024-11-24 08:00:00,Department Transfer,25
MOV001175,PAT01509,ADM003622,FAC001,BED0181,BED0137,DEP005,DEP003,2025-10-25 11:00:00,Patient Request,26
MOV001182,PAT00009,ADM001656,FAC003,BED0332,BED0342,DEP003,DEP008,2025-09-01 18:00:00,Patient Request,38
MOV001191,PAT06138,ADM000447,FAC004,BED0521,BED0450,DEP002,DEP002,2025-03-25 23:00:00,ICU Transfer,24
MOV001202,PAT04871,ADM005339,FAC005,BED0820,BED0741,DEP008,DEP003,2025-04-30 23:00:00,Department Transfer,38
MOV001206,PAT09069,ADM000048,FAC004,BED0846,BED0452,DEP004,DEP007,2025-01-03 04:00:00,Department Transfer,20
MOV001214,PAT06844,ADM000448,FAC005,BED0658,BED0690,DEP006,DEP001,2025-09-05 10:00:00,Patient Request,25
MOV001218,PAT02975,ADM014032,FAC005,BED0658,BED0833,DEP007,DEP007,2023-01-05 19:00:00,Patient Request,2
MOV001220,PAT00938,ADM012952,FAC005,BED0633,BED0612,DEP006,DEP003,2021-01-13 09:00:00,Department Transfer,22
MOV001224,PAT00114,ADM006146,FAC005,BED0727,BED0673,DEP003,DEP003,2025-06-04 07:00:00,Isolation Required,26
MOV001226,PAT02076,ADM008032,FAC004,BED0590,BED0537,DEP007,DEP007,2025-06-29 19:00:00,Ward Change,21
MOV001248,PAT06336,ADM003394,FAC001,BED0188,BED0065,DEP003,DEP005,2025-09-14 15:00:00,Isolation Required,42
MOV001252,PAT11853,ADM012203,FAC004,BED0472,BED0554,DEP004,DEP005,2023-06-04 21:00:00,Isolation Required,31
MOV001253,PAT01548,ADM009479,FAC003,BED0395,BED0900,DEP003,DEP007,2026-04-06 13:00:00,ICU Transfer,14
MOV001262,PAT05872,ADM000500,FAC004,BED0517,BED0462,DEP005,DEP002,2025-04-14 08:00:00,Patient Request,29
MOV001264,PAT08935,ADM010537,FAC004,BED0544,BED0455,DEP002,DEP004,2022-11-08 06:00:00,Isolation Required,16
MOV001267,PAT08188,ADM006561,FAC003,BED0338,BED0321,DEP001,DEP001,2025-05-06 12:00:00,ICU Transfer,5
MOV001270,PAT00938,ADM013119,FAC003,BED0384,BED0381,DEP007,DEP003,2021-01-13 08:00:00,Ward Change,27
MOV001273,PAT03685,ADM004143,FAC001,BED0130,BED0842,DEP004,DEP005,2025-08-04 07:00:00,Ward Change,33
MOV001276,PAT04748,ADM012008,FAC002,BED0894,BED0224,DEP007,DEP001,2025-07-24 10:00:00,Ward Change,28
MOV001281,PAT07303,ADM003997,FAC003,BED0357,BED0424,DEP001,DEP003,2025-09-08 09:00:00,Bed Unavailability,28
MOV001285,PAT08789,ADM009209,FAC003,BED0311,BED0809,DEP001,DEP001,2023-01-21 08:00:00,Patient Request,20
MOV001287,PAT05099,ADM005572,FAC005,BED0709,BED0741,DEP003,DEP003,2025-03-12 22:00:00,Bed Unavailability,41
MOV001293,PAT12556,ADM013474,FAC002,BED0271,BED0865,DEP005,DEP001,2024-03-29 14:00:00,Ward Change,2
MOV001308,PAT08601,ADM001262,FAC002,BED0232,BED0299,DEP006,DEP007,2025-02-05 05:00:00,Ward Change,30
MOV001313,PAT02056,ADM010307,FAC005,BED0687,BED0644,DEP005,DEP007,2024-01-24 08:00:00,ICU Transfer,32
MOV001314,PAT09074,ADM008447,FAC005,BED0738,BED0625,DEP007,DEP005,2025-10-31 07:00:00,Bed Unavailability,17
MOV001317,PAT00114,ADM006146,FAC005,BED0735,BED0643,DEP003,DEP007,2025-06-06 02:00:00,ICU Transfer,31
MOV001326,PAT03012,ADM012206,FAC002,BED0832,BED0280,DEP007,DEP001,2026-02-01 05:00:00,Isolation Required,27
MOV001329,PAT09823,ADM002449,FAC004,BED0495,BED0466,DEP007,DEP001,2025-07-02 11:00:00,Department Transfer,40
MOV001331,PAT03323,ADM000905,FAC002,BED0301,BED0790,DEP002,DEP006,2025-11-16 13:00:00,Bed Unavailability,8
MOV001332,PAT12609,ADM011592,FAC003,BED0802,BED0392,DEP005,DEP005,2025-03-18 05:00:00,Bed Unavailability,3
MOV001340,PAT10466,ADM011623,FAC003,BED0811,BED0433,DEP005,DEP007,2022-03-11 04:00:00,Patient Request,43
MOV001342,PAT07529,ADM012678,FAC001,BED0063,BED0166,DEP001,DEP002,2026-11-06 01:00:00,Ward Change,25
MOV001354,PAT06135,ADM007068,FAC005,BED0646,BED0722,DEP007,DEP008,2025-04-26 19:00:00,Ward Change,15
MOV001363,PAT10328,ADM012379,FAC001,BED0867,BED0863,DEP008,DEP005,2021-05-02 07:00:00,ICU Transfer,10
MOV001371,PAT11356,ADM013836,FAC005,BED0674,BED0650,DEP003,DEP005,2026-09-04 14:00:00,Bed Unavailability,29
MOV001383,PAT02702,ADM000154,FAC002,BED0213,BED0227,DEP001,DEP001,2025-09-17 12:00:00,Department Transfer,55
MOV001387,PAT03044,ADM005066,FAC004,BED0436,BED0563,DEP004,DEP007,2025-03-26 00:00:00,ICU Transfer,23
MOV001389,PAT03296,ADM006401,FAC004,BED0518,BED0584,DEP004,DEP005,2025-04-19 12:00:00,Ward Change,17
MOV001394,PAT10391,ADM014659,FAC002,BED0231,BED0762,DEP007,DEP007,2023-11-26 07:00:00,Department Transfer,36
MOV001409,PAT13675,ADM009353,FAC005,BED0702,BED0632,DEP007,DEP003,2024-04-02 10:00:00,ICU Transfer,12
MOV001413,PAT07751,ADM006815,FAC004,BED0579,BED0475,DEP006,DEP001,2025-10-31 12:00:00,Department Transfer,33
MOV001414,PAT08731,ADM006682,FAC005,BED0878,BED0619,DEP001,DEP008,2025-03-27 15:00:00,Isolation Required,16
MOV001415,PAT09682,ADM003532,FAC003,BED0829,BED0817,DEP005,DEP005,2025-10-11 19:00:00,Isolation Required,2
MOV001422,PAT03617,ADM008677,FAC005,BED0692,BED0717,DEP005,DEP007,2022-05-13 04:00:00,Bed Unavailability,34
MOV001426,PAT00638,ADM002935,FAC005,BED0648,BED0742,DEP005,DEP006,2025-12-23 07:00:00,Bed Unavailability,21
MOV001427,PAT00818,ADM007302,FAC005,BED0706,BED0687,DEP005,DEP008,2025-10-04 17:00:00,Bed Unavailability,20
MOV001433,PAT02639,ADM011573,FAC005,BED0830,BED0635,DEP001,DEP001,2024-12-07 18:00:00,Isolation Required,5
MOV001437,PAT03485,ADM002060,FAC003,BED0412,BED0312,DEP001,DEP003,2025-06-15 16:00:00,Department Transfer,38
MOV001442,PAT10165,ADM012845,FAC003,BED0372,BED0422,DEP007,DEP008,2026-03-31 17:00:00,Isolation Required,31
MOV001443,PAT04275,ADM002042,FAC002,BED0279,BED0859,DEP006,DEP006,2025-11-19 05:00:00,Patient Request,10
MOV001445,PAT05036,ADM014978,FAC004,BED0539,BED0552,DEP005,DEP005,2023-02-15 05:00:00,ICU Transfer,2
MOV001446,PAT08098,ADM006093,FAC001,BED0093,BED0051,DEP002,DEP002,2025-06-26 15:00:00,Isolation Required,32
MOV001447,PAT12072,ADM011563,FAC001,BED0067,BED0147,DEP004,DEP004,2023-05-02 04:00:00,Ward Change,15
MOV001454,PAT14979,ADM010279,FAC005,BED0651,BED0729,DEP003,DEP003,2021-02-05 15:00:00,Bed Unavailability,42
MOV001455,PAT04234,ADM009156,FAC002,BED0303,BED0205,DEP005,DEP002,2026-08-29 17:00:00,Ward Change,32
MOV001459,PAT09660,ADM010203,FAC005,BED0685,BED0682,DEP006,DEP005,2021-02-20 11:00:00,Bed Unavailability,27
MOV001472,PAT09750,ADM005461,FAC001,BED0074,BED0838,DEP001,DEP003,2025-10-02 05:00:00,Isolation Required,19
MOV001477,PAT00275,ADM007153,FAC005,BED0749,BED0735,DEP008,DEP001,2025-08-28 11:00:00,Isolation Required,19
MOV001494,PAT08399,ADM003347,FAC005,BED0637,BED0727,DEP005,DEP005,2025-08-22 15:00:00,Ward Change,9
MOV001499,PAT03509,ADM005824,FAC003,BED0408,BED0387,DEP003,DEP001,2025-11-27 08:00:00,Department Transfer,33
MOV001502,PAT00426,ADM009956,FAC004,BED0437,BED0479,DEP005,DEP001,2026-06-03 08:00:00,Bed Unavailability,54
MOV001503,PAT05728,ADM006159,FAC002,BED0198,BED0285,DEP006,DEP005,2025-10-07 09:00:00,Department Transfer,16
MOV001504,PAT02612,ADM010778,FAC004,BED0774,BED0579,DEP006,DEP002,2024-05-16 14:00:00,Bed Unavailability,14
MOV001506,PAT04297,ADM008630,FAC002,BED0795,BED0233,DEP007,DEP002,2023-10-22 20:00:00,Department Transfer,10
MOV001507,PAT07151,ADM000124,FAC002,BED0296,BED0790,DEP006,DEP002,2025-07-17 18:00:00,Patient Request,22
MOV001512,PAT06424,ADM000511,FAC001,BED0024,BED0073,DEP008,DEP004,2025-09-12 13:00:00,Patient Request,13
MOV001521,PAT11258,ADM011384,FAC004,BED0459,BED0466,DEP007,DEP006,2021-08-05 11:00:00,Bed Unavailability,32
MOV001524,PAT11417,ADM011721,FAC001,BED0106,BED0075,DEP005,DEP008,2023-09-12 05:00:00,Patient Request,45
MOV001528,PAT01787,ADM005648,FAC002,BED0263,BED0214,DEP001,DEP001,2026-01-01 18:00:00,ICU Transfer,25
MOV001532,PAT10466,ADM011153,FAC004,BED0591,BED0587,DEP001,DEP005,2023-09-13 17:00:00,Ward Change,24
MOV001536,PAT08098,ADM006093,FAC001,BED0170,BED0097,DEP002,DEP004,2025-06-21 20:00:00,Patient Request,28
MOV001537,PAT05501,ADM009482,FAC002,BED0297,BED0203,DEP001,DEP006,2024-05-02 16:00:00,Bed Unavailability,14
MOV001540,PAT10676,ADM010650,FAC004,BED0516,BED0570,DEP001,DEP004,2023-03-05 04:00:00,Patient Request,26
MOV001558,PAT04982,ADM012018,FAC003,BED0327,BED0889,DEP007,DEP008,2026-08-23 12:00:00,Department Transfer,28
MOV001560,PAT13948,ADM014013,FAC001,BED0094,BED0077,DEP003,DEP004,2026-04-29 17:00:00,Ward Change,30
MOV001561,PAT03209,ADM009696,FAC004,BED0446,BED0476,DEP007,DEP005,2026-03-21 14:00:00,Bed Unavailability,31
MOV001573,PAT13793,ADM010731,FAC005,BED0671,BED0779,DEP005,DEP005,2022-03-21 13:00:00,Isolation Required,48
MOV001583,PAT04897,ADM001895,FAC005,BED0704,BED0748,DEP003,DEP001,2025-12-24 07:00:00,Isolation Required,10
MOV001585,PAT03438,ADM013074,FAC005,BED0880,BED0610,DEP005,DEP001,2026-02-02 06:00:00,Ward Change,13
MOV001593,PAT04085,ADM011090,FAC003,BED0323,BED0402,DEP005,DEP003,2026-03-05 04:00:00,Ward Change,37
MOV001595,PAT07757,ADM014299,FAC003,BED0336,BED0835,DEP003,DEP005,2022-03-27 09:00:00,Patient Request,28
MOV001596,PAT06283,ADM005802,FAC004,BED0456,BED0450,DEP006,DEP005,2025-04-04 11:00:00,Patient Request,36
MOV001600,PAT12642,ADM012659,FAC003,BED0424,BED0382,DEP008,DEP001,2026-08-21 07:00:00,Patient Request,23
MOV001603,PAT04230,ADM008889,FAC002,BED0203,BED0763,DEP007,DEP001,2024-10-21 15:00:00,Isolation Required,3
MOV001606,PAT04966,ADM004968,FAC003,BED0394,BED0899,DEP007,DEP008,2025-02-07 05:00:00,ICU Transfer,20
MOV001608,PAT12359,ADM009084,FAC002,BED0822,BED0760,DEP002,DEP005,2024-04-24 12:00:00,Bed Unavailability,47
MOV001629,PAT01702,ADM013576,FAC001,BED0807,BED0004,DEP003,DEP003,2024-03-03 17:00:00,Ward Change,22
MOV001639,PAT08288,ADM004521,FAC003,BED0391,BED0351,DEP001,DEP005,2025-05-05 05:00:00,Ward Change,35
MOV001640,PAT14813,ADM010440,FAC005,BED0698,BED0820,DEP005,DEP001,2021-10-21 16:00:00,Ward Change,27
MOV001644,PAT03533,ADM007551,FAC004,BED0581,BED0484,DEP005,DEP002,2025-02-25 16:00:00,Ward Change,37
MOV001650,PAT03367,ADM009023,FAC004,BED0486,BED0815,DEP001,DEP007,2022-03-27 14:00:00,Bed Unavailability,5
MOV001653,PAT01011,ADM007100,FAC005,BED0629,BED0665,DEP001,DEP003,2025-08-29 06:00:00,Bed Unavailability,27
MOV001665,PAT04709,ADM011412,FAC005,BED0606,BED0604,DEP007,DEP008,2021-09-27 12:00:00,Isolation Required,37
MOV001666,PAT11497,ADM008875,FAC005,BED0720,BED0619,DEP001,DEP003,2022-06-23 10:00:00,ICU Transfer,42
MOV001670,PAT01808,ADM013680,FAC002,BED0268,BED0822,DEP002,DEP006,2023-12-12 04:00:00,Department Transfer,4
MOV001671,PAT10521,ADM011482,FAC003,BED0370,BED0390,DEP001,DEP008,2026-01-28 09:00:00,ICU Transfer,21
MOV001673,PAT08243,ADM004081,FAC005,BED0745,BED0747,DEP008,DEP006,2025-10-31 19:00:00,Department Transfer,37
MOV001677,PAT08050,ADM005916,FAC001,BED0067,BED0097,DEP001,DEP004,2025-03-29 10:00:00,Bed Unavailability,33
MOV001682,PAT09442,ADM006587,FAC005,BED0625,BED0608,DEP008,DEP008,2025-04-13 09:00:00,Ward Change,28
MOV001683,PAT02993,ADM012339,FAC002,BED0299,BED0849,DEP007,DEP006,2023-02-20 07:00:00,Bed Unavailability,19
MOV001689,PAT01492,ADM012685,FAC005,BED0833,BED0645,DEP006,DEP003,2021-06-09 06:00:00,Isolation Required,21
MOV001690,PAT10339,ADM014993,FAC003,BED0889,BED0422,DEP008,DEP008,2022-11-18 05:00:00,Isolation Required,14
MOV001693,PAT01513,ADM000345,FAC001,BED0093,BED0101,DEP001,DEP002,2025-12-22 08:00:00,Patient Request,18
MOV001699,PAT06189,ADM004963,FAC003,BED0341,BED0355,DEP001,DEP007,2025-12-04 05:00:00,ICU Transfer,41
MOV001700,PAT04748,ADM012008,FAC002,BED0893,BED0884,DEP007,DEP005,2025-07-24 04:00:00,Patient Request,44
MOV001705,PAT00903,ADM010819,FAC001,BED0173,BED0026,DEP001,DEP001,2026-06-16 00:00:00,Department Transfer,29
MOV001707,PAT03839,ADM003334,FAC005,BED0799,BED0630,DEP008,DEP005,2025-09-14 04:00:00,Ward Change,30
MOV001708,PAT05291,ADM012185,FAC003,BED0390,BED0365,DEP007,DEP001,2025-12-20 17:00:00,Isolation Required,24
MOV001709,PAT04683,ADM010915,FAC003,BED0397,BED0430,DEP003,DEP007,2024-12-24 10:00:00,Department Transfer,24
MOV001713,PAT08696,ADM009025,FAC002,BED0298,BED0267,DEP002,DEP007,2022-08-29 03:00:00,ICU Transfer,27
MOV001721,PAT06713,ADM004854,FAC004,BED0591,BED0873,DEP007,DEP002,2025-03-21 10:00:00,Department Transfer,18
MOV001723,PAT12359,ADM009084,FAC002,BED0769,BED0277,DEP002,DEP007,2024-04-24 23:00:00,Department Transfer,27
MOV001735,PAT06850,ADM014843,FAC002,BED0832,BED0255,DEP005,DEP007,2023-10-16 19:00:00,Ward Change,36
MOV001741,PAT00430,ADM008330,FAC002,BED0253,BED0832,DEP002,DEP006,2025-09-18 04:00:00,Isolation Required,2
MOV001743,PAT08300,ADM000569,FAC004,BED0846,BED0510,DEP005,DEP001,2025-10-23 14:00:00,Patient Request,26
MOV001744,PAT04537,ADM007983,FAC004,BED0594,BED0516,DEP001,DEP001,2025-08-22 16:00:00,Ward Change,15
MOV001745,PAT02678,ADM000735,FAC002,BED0302,BED0236,DEP002,DEP001,2025-01-03 04:00:00,Ward Change,30
MOV001748,PAT10550,ADM011368,FAC002,BED0296,BED0844,DEP006,DEP002,2024-09-13 03:00:00,ICU Transfer,30
MOV001757,PAT06555,ADM003585,FAC004,BED0529,BED0460,DEP007,DEP001,2025-01-31 06:00:00,Ward Change,35
MOV001758,PAT08725,ADM009562,FAC005,BED0623,BED0731,DEP001,DEP003,2023-08-23 11:00:00,Patient Request,38
MOV001761,PAT03617,ADM008677,FAC005,BED0639,BED0608,DEP005,DEP007,2022-05-13 04:00:00,Ward Change,27
MOV001764,PAT06282,ADM000683,FAC001,BED0825,BED0887,DEP002,DEP004,2025-02-02 22:00:00,Isolation Required,37
MOV001768,PAT04345,ADM001722,FAC005,BED0850,BED0732,DEP006,DEP001,2025-01-06 17:00:00,Ward Change,25
MOV001773,PAT01386,ADM005371,FAC002,BED0286,BED0283,DEP001,DEP001,2025-10-24 15:00:00,ICU Transfer,40
MOV001784,PAT06336,ADM003836,FAC001,BED0862,BED0127,DEP004,DEP008,2025-08-27 15:00:00,Department Transfer,10
MOV001785,PAT02535,ADM004897,FAC001,BED0134,BED0058,DEP008,DEP004,2025-01-20 16:00:00,ICU Transfer,34
MOV001795,PAT04673,ADM007185,FAC003,BED0308,BED0364,DEP005,DEP008,2025-03-22 10:00:00,Ward Change,7
MOV001798,PAT07334,ADM014447,FAC004,BED0470,BED0513,DEP002,DEP006,2025-10-11 11:00:00,Ward Change,27
MOV001800,PAT08875,ADM008632,FAC004,BED0780,BED0472,DEP006,DEP007,2021-10-29 05:00:00,Isolation Required,16
MOV001804,PAT08991,ADM006114,FAC004,BED0446,BED0504,DEP004,DEP001,2025-05-07 18:00:00,Patient Request,26
MOV001806,PAT07811,ADM012495,FAC004,BED0532,BED0503,DEP001,DEP001,2024-12-05 08:00:00,ICU Transfer,9
MOV001813,PAT00331,ADM014790,FAC004,BED0450,BED0446,DEP006,DEP007,2021-03-09 08:00:00,Department Transfer,20
MOV001817,PAT05889,ADM010996,FAC004,BED0854,BED0440,DEP005,DEP006,2023-01-31 20:00:00,ICU Transfer,38
MOV001848,PAT02413,ADM000841,FAC002,BED0200,BED0191,DEP005,DEP007,2025-11-01 09:00:00,Ward Change,39
MOV001861,PAT08410,ADM002153,FAC004,BED0457,BED0515,DEP007,DEP001,2025-12-17 15:00:00,Bed Unavailability,8
MOV001869,PAT03775,ADM012051,FAC002,BED0777,BED0224,DEP002,DEP005,2026-01-24 17:00:00,ICU Transfer,37
MOV001870,PAT00625,ADM013318,FAC005,BED0608,BED0827,DEP006,DEP003,2023-11-08 11:00:00,Isolation Required,24
MOV001875,PAT01584,ADM003432,FAC005,BED0722,BED0720,DEP005,DEP006,2025-10-26 11:00:00,Isolation Required,34
MOV001876,PAT04194,ADM000701,FAC003,BED0423,BED0342,DEP005,DEP005,2025-01-23 17:00:00,Bed Unavailability,25
MOV001883,PAT07825,ADM013601,FAC001,BED0757,BED0887,DEP005,DEP008,2025-08-27 15:00:00,ICU Transfer,30
MOV001884,PAT09255,ADM002242,FAC002,BED0777,BED0251,DEP006,DEP002,2025-07-21 22:00:00,Department Transfer,34
MOV001885,PAT01523,ADM014350,FAC002,BED0302,BED0246,DEP001,DEP005,2024-08-09 00:00:00,Bed Unavailability,21
MOV001887,PAT07540,ADM012721,FAC005,BED0657,BED0635,DEP005,DEP005,2025-01-13 19:00:00,Bed Unavailability,5
MOV001890,PAT03858,ADM008486,FAC003,BED0342,BED0811,DEP005,DEP007,2025-01-25 07:00:00,Department Transfer,43
MOV001896,PAT11793,ADM012870,FAC003,BED0385,BED0333,DEP008,DEP005,2023-01-12 17:00:00,Department Transfer,17
MOV001898,PAT03707,ADM000023,FAC003,BED0380,BED0414,DEP003,DEP001,2025-04-25 10:00:00,Bed Unavailability,32
MOV001899,PAT10421,ADM014275,FAC001,BED0126,BED0008,DEP005,DEP005,2021-12-30 14:00:00,ICU Transfer,27
MOV001913,PAT11981,ADM013168,FAC005,BED0627,BED0751,DEP005,DEP001,2022-07-08 10:00:00,Patient Request,20
MOV001914,PAT06432,ADM008096,FAC003,BED0798,BED0759,DEP005,DEP001,2025-04-28 00:00:00,Bed Unavailability,18
MOV001916,PAT04871,ADM005339,FAC005,BED0666,BED0651,DEP008,DEP005,2025-05-01 11:00:00,Isolation Required,39
MOV001919,PAT09954,ADM001305,FAC004,BED0883,BED0537,DEP006,DEP002,2025-12-19 13:00:00,Bed Unavailability,16
MOV001929,PAT02056,ADM010307,FAC005,BED0739,BED0620,DEP005,DEP007,2024-01-23 12:00:00,ICU Transfer,27
MOV001937,PAT06313,ADM001826,FAC001,BED0169,BED0823,DEP005,DEP003,2025-08-30 08:00:00,Ward Change,48
MOV001941,PAT06071,ADM000271,FAC005,BED0872,BED0794,DEP008,DEP008,2025-01-20 06:00:00,Department Transfer,38
MOV001959,PAT14305,ADM011473,FAC001,BED0056,BED0082,DEP008,DEP004,2021-07-20 14:00:00,ICU Transfer,16
MOV001962,PAT05101,ADM006171,FAC001,BED0845,BED0129,DEP002,DEP005,2025-08-14 04:00:00,Patient Request,28
MOV001967,PAT07771,ADM002174,FAC001,BED0017,BED0060,DEP005,DEP003,2025-08-17 08:00:00,ICU Transfer,15
MOV001976,PAT04129,ADM000834,FAC001,BED0786,BED0071,DEP004,DEP003,2025-12-26 10:00:00,Department Transfer,9
MOV001988,PAT03070,ADM003364,FAC003,BED0372,BED0315,DEP005,DEP008,2025-10-27 05:00:00,Department Transfer,2
MOV001989,PAT04337,ADM011233,FAC004,BED0549,BED0551,DEP007,DEP002,2021-05-28 10:00:00,Patient Request,23
MOV001990,PAT14365,ADM013378,FAC002,BED0203,BED0221,DEP001,DEP001,2022-12-13 17:00:00,Ward Change,11
MOV001992,PAT05380,ADM012692,FAC002,BED0196,BED0860,DEP005,DEP002,2024-12-08 09:00:00,Ward Change,39
MOV001995,PAT06189,ADM012742,FAC002,BED0215,BED0203,DEP002,DEP002,2026-03-31 05:00:00,Isolation Required,26
MOV002000,PAT06694,ADM003127,FAC002,BED0228,BED0812,DEP006,DEP002,2025-11-25 18:00:00,Isolation Required,33
MOV002004,PAT00389,ADM002054,FAC001,BED0004,BED0149,DEP008,DEP005,2025-10-24 12:00:00,Isolation Required,36
MOV002008,PAT12069,ADM010099,FAC003,BED0411,BED0395,DEP008,DEP005,2026-02-08 08:00:00,ICU Transfer,26
MOV002015,PAT08100,ADM003827,FAC005,BED0779,BED0692,DEP001,DEP007,2025-04-01 08:00:00,Isolation Required,31
MOV002017,PAT04097,ADM002000,FAC001,BED0108,BED0178,DEP001,DEP002,2025-04-01 17:00:00,Isolation Required,40
MOV002020,PAT09382,ADM007892,FAC005,BED0698,BED0663,DEP006,DEP003,2025-01-07 14:00:00,Patient Request,27
MOV002021,PAT14287,ADM013357,FAC003,BED0364,BED0386,DEP001,DEP005,2022-01-22 12:00:00,Isolation Required,2
MOV002022,PAT09458,ADM012040,FAC005,BED0743,BED0749,DEP008,DEP001,2025-08-06 19:00:00,Ward Change,40
MOV002028,PAT01040,ADM000924,FAC004,BED0585,BED0529,DEP002,DEP001,2025-06-14 10:00:00,Ward Change,9
MOV002031,PAT07825,ADM013601,FAC001,BED0157,BED0085,DEP005,DEP008,2025-08-27 10:00:00,ICU Transfer,35
MOV002032,PAT07766,ADM008866,FAC002,BED0271,BED0885,DEP007,DEP006,2025-01-01 19:00:00,Ward Change,19
MOV002037,PAT13488,ADM012474,FAC002,BED0790,BED0292,DEP005,DEP001,2025-03-13 18:00:00,ICU Transfer,28
MOV002041,PAT03270,ADM009467,FAC004,BED0788,BED0462,DEP001,DEP006,2026-12-13 10:00:00,Department Transfer,9
MOV002043,PAT05407,ADM004771,FAC004,BED0535,BED0536,DEP005,DEP007,2025-02-23 13:00:00,ICU Transfer,28
MOV002044,PAT09293,ADM013990,FAC003,BED0900,BED0379,DEP003,DEP008,2024-05-28 12:00:00,Isolation Required,38
MOV002056,PAT13545,ADM010500,FAC004,BED0886,BED0474,DEP004,DEP002,2026-01-27 14:00:00,Bed Unavailability,48
MOV002076,PAT14750,ADM010029,FAC002,BED0275,BED0297,DEP002,DEP007,2025-09-10 09:00:00,Department Transfer,19
MOV002079,PAT05613,ADM014179,FAC001,BED0033,BED0838,DEP003,DEP008,2026-09-12 04:00:00,ICU Transfer,3
MOV002081,PAT11059,ADM009680,FAC004,BED0493,BED0813,DEP004,DEP007,2026-09-11 12:00:00,ICU Transfer,30
MOV002084,PAT04982,ADM001005,FAC004,BED0511,BED0445,DEP006,DEP004,2025-04-14 23:00:00,Bed Unavailability,17
MOV002092,PAT00818,ADM004167,FAC001,BED0126,BED0188,DEP002,DEP001,2025-05-27 19:00:00,ICU Transfer,26
MOV002095,PAT04607,ADM011922,FAC001,BED0038,BED0165,DEP005,DEP001,2025-06-29 22:00:00,Bed Unavailability,24
MOV002101,PAT06909,ADM011625,FAC005,BED0627,BED0703,DEP001,DEP007,2022-07-23 18:00:00,Bed Unavailability,9
MOV002104,PAT00048,ADM001541,FAC002,BED0292,BED0222,DEP005,DEP005,2025-09-04 09:00:00,Isolation Required,33
MOV002105,PAT07913,ADM002819,FAC003,BED0319,BED0421,DEP003,DEP007,2025-08-31 19:00:00,Department Transfer,13
MOV002130,PAT07634,ADM010780,FAC001,BED0068,BED0093,DEP001,DEP001,2021-04-16 17:00:00,Patient Request,2
MOV002138,PAT07008,ADM000438,FAC005,BED0639,BED0723,DEP003,DEP003,2025-03-29 15:00:00,Ward Change,41
MOV002143,PAT00020,ADM000719,FAC002,BED0299,BED0859,DEP005,DEP005,2025-10-07 10:00:00,Department Transfer,32
MOV002148,PAT02474,ADM009317,FAC003,BED0364,BED0425,DEP003,DEP001,2023-12-17 10:00:00,Department Transfer,22
MOV002156,PAT05460,ADM007099,FAC002,BED0216,BED0234,DEP006,DEP006,2025-05-16 10:00:00,Isolation Required,32
MOV002169,PAT02597,ADM006798,FAC002,BED0272,BED0263,DEP005,DEP001,2025-03-16 10:00:00,Ward Change,30
MOV002172,PAT10624,ADM009392,FAC001,BED0011,BED0144,DEP003,DEP003,2024-07-27 12:00:00,Patient Request,18
MOV002190,PAT07634,ADM003384,FAC005,BED0743,BED0664,DEP006,DEP006,2025-07-12 08:00:00,Department Transfer,27
MOV002192,PAT02332,ADM013654,FAC005,BED0696,BED0794,DEP007,DEP001,2023-03-27 06:00:00,Ward Change,10
MOV002200,PAT01594,ADM007108,FAC002,BED0849,BED0832,DEP001,DEP005,2025-06-15 15:00:00,Isolation Required,2
MOV002210,PAT03121,ADM000679,FAC002,BED0795,BED0291,DEP007,DEP006,2025-02-28 18:00:00,Ward Change,38
MOV002212,PAT03685,ADM004143,FAC001,BED0025,BED0007,DEP004,DEP002,2025-08-04 14:00:00,Bed Unavailability,4
MOV002214,PAT02059,ADM004982,FAC002,BED0822,BED0221,DEP007,DEP005,2025-08-29 17:00:00,Isolation Required,7
MOV002217,PAT14513,ADM010390,FAC001,BED0842,BED0120,DEP008,DEP003,2022-10-18 08:00:00,Department Transfer,24
MOV002219,PAT00908,ADM010795,FAC005,BED0620,BED0623,DEP007,DEP006,2025-07-04 14:00:00,Bed Unavailability,27
MOV002220,PAT03781,ADM005893,FAC001,BED0892,BED0154,DEP002,DEP008,2025-04-21 04:00:00,ICU Transfer,2
MOV002226,PAT04035,ADM001746,FAC003,BED0425,BED0433,DEP005,DEP005,2025-11-01 23:00:00,Patient Request,46
MOV002227,PAT08642,ADM005319,FAC005,BED0718,BED0852,DEP003,DEP003,2025-02-03 18:00:00,Bed Unavailability,21
MOV002232,PAT06502,ADM000885,FAC005,BED0733,BED0637,DEP003,DEP007,2025-09-24 20:00:00,Patient Request,16
MOV002234,PAT02535,ADM004897,FAC001,BED0050,BED0190,DEP008,DEP004,2025-01-23 16:00:00,Isolation Required,48
MOV002240,PAT06685,ADM006575,FAC001,BED0160,BED0166,DEP002,DEP003,2025-02-21 11:00:00,Department Transfer,11
MOV002247,PAT03483,ADM012024,FAC003,BED0375,BED0811,DEP003,DEP003,2025-07-27 09:00:00,Department Transfer,26
MOV002258,PAT01512,ADM010096,FAC003,BED0428,BED0410,DEP003,DEP008,2021-03-11 18:00:00,Isolation Required,10
MOV002262,PAT09050,ADM011756,FAC004,BED0508,BED0573,DEP001,DEP004,2025-11-16 08:00:00,Bed Unavailability,39
MOV002270,PAT02272,ADM001100,FAC001,BED0034,BED0121,DEP008,DEP002,2025-12-13 18:00:00,Ward Change,25
MOV002279,PAT00114,ADM006146,FAC005,BED0852,BED0698,DEP003,DEP007,2025-06-07 02:00:00,Patient Request,27
MOV002283,PAT00334,ADM002944,FAC002,BED0225,BED0299,DEP006,DEP006,2025-05-25 19:00:00,Bed Unavailability,15
MOV002288,PAT10320,ADM011171,FAC005,BED0669,BED0609,DEP003,DEP003,2022-05-03 04:00:00,Ward Change,42
MOV002290,PAT03144,ADM008273,FAC001,BED0186,BED0174,DEP002,DEP004,2025-06-04 11:00:00,Ward Change,18
MOV002292,PAT04195,ADM004462,FAC001,BED0121,BED0793,DEP008,DEP004,2025-09-19 20:00:00,Isolation Required,16
MOV002293,PAT05404,ADM010729,FAC004,BED0549,BED0535,DEP005,DEP002,2025-12-17 18:00:00,Patient Request,13
MOV002304,PAT07827,ADM008290,FAC003,BED0373,BED0372,DEP007,DEP008,2025-04-09 08:00:00,Department Transfer,39
MOV002306,PAT02255,ADM014384,FAC003,BED0759,BED0882,DEP008,DEP001,2026-09-01 06:00:00,Patient Request,37
MOV002313,PAT05889,ADM010996,FAC004,BED0483,BED0585,DEP005,DEP002,2023-02-01 08:00:00,Patient Request,30
MOV002320,PAT07309,ADM000315,FAC004,BED0528,BED0520,DEP002,DEP001,2025-03-06 04:00:00,Department Transfer,27
MOV002327,PAT06693,ADM013646,FAC003,BED0423,BED0374,DEP005,DEP003,2026-05-14 10:00:00,ICU Transfer,23
MOV002328,PAT04982,ADM012018,FAC003,BED0408,BED0373,DEP007,DEP005,2026-08-23 16:00:00,Isolation Required,26
MOV002331,PAT05222,ADM010413,FAC002,BED0284,BED0292,DEP007,DEP001,2023-01-10 05:00:00,Department Transfer,33
MOV002341,PAT03680,ADM004341,FAC001,BED0132,BED0871,DEP003,DEP001,2025-03-10 14:00:00,Bed Unavailability,35
MOV002347,PAT07717,ADM003964,FAC003,BED0348,BED0868,DEP005,DEP008,2025-04-27 12:00:00,Department Transfer,32
MOV002351,PAT04685,ADM011109,FAC005,BED0612,BED0622,DEP005,DEP007,2021-04-09 23:00:00,Department Transfer,29
MOV002390,PAT03070,ADM003364,FAC003,BED0415,BED0388,DEP005,DEP001,2025-10-27 10:00:00,ICU Transfer,18
MOV002394,PAT09751,ADM002128,FAC001,BED0071,BED0096,DEP003,DEP003,2025-03-10 09:00:00,ICU Transfer,18
MOV002395,PAT00352,ADM002221,FAC005,BED0791,BED0675,DEP005,DEP006,2025-11-29 15:00:00,Ward Change,57
MOV002396,PAT14824,ADM010754,FAC004,BED0461,BED0533,DEP004,DEP006,2021-12-06 05:00:00,Bed Unavailability,26
MOV002402,PAT00294,ADM005349,FAC003,BED0317,BED0804,DEP001,DEP007,2025-02-02 10:00:00,Bed Unavailability,11
MOV002405,PAT02381,ADM010895,FAC001,BED0015,BED0043,DEP004,DEP001,2024-04-06 02:00:00,Patient Request,12
MOV002414,PAT06148,ADM007213,FAC002,BED0255,BED0291,DEP007,DEP001,2025-06-17 05:00:00,ICU Transfer,36
MOV002417,PAT04751,ADM000160,FAC002,BED0228,BED0785,DEP006,DEP007,2025-10-02 20:00:00,Patient Request,29
MOV002419,PAT12927,ADM011872,FAC003,BED0364,BED0319,DEP001,DEP007,2024-06-16 14:00:00,Ward Change,34
MOV002420,PAT04149,ADM004064,FAC003,BED0761,BED0314,DEP001,DEP001,2025-09-04 17:00:00,ICU Transfer,37
MOV002432,PAT03596,ADM004708,FAC004,BED0456,BED0442,DEP006,DEP004,2025-10-01 19:00:00,Isolation Required,44
MOV002436,PAT08635,ADM002812,FAC002,BED0855,BED0265,DEP005,DEP002,2025-10-28 09:00:00,Ward Change,20
MOV002442,PAT01979,ADM013135,FAC004,BED0463,BED0447,DEP001,DEP002,2025-08-15 06:00:00,Ward Change,2
MOV002453,PAT04102,ADM010975,FAC003,BED0309,BED0321,DEP001,DEP005,2024-01-06 09:00:00,Isolation Required,2
MOV002464,PAT05675,ADM009259,FAC002,BED0296,BED0284,DEP006,DEP001,2025-10-09 01:00:00,Isolation Required,25
MOV002466,PAT03121,ADM005357,FAC005,BED0683,BED0729,DEP003,DEP005,2025-09-24 19:00:00,Isolation Required,17
MOV002469,PAT03596,ADM004708,FAC004,BED0467,BED0539,DEP006,DEP007,2025-10-01 04:00:00,Ward Change,26
MOV002471,PAT10000,ADM000374,FAC002,BED0228,BED0287,DEP005,DEP002,2025-02-21 16:00:00,Patient Request,30
MOV002477,PAT03903,ADM000519,FAC001,BED0010,BED0786,DEP005,DEP002,2025-07-02 19:00:00,Ward Change,42
MOV002483,PAT07376,ADM005868,FAC004,BED0507,BED0582,DEP004,DEP005,2025-10-27 04:00:00,Patient Request,30
MOV002499,PAT06689,ADM002425,FAC004,BED0502,BED0505,DEP006,DEP004,2025-12-02 22:00:00,Bed Unavailability,33
MOV002503,PAT03503,ADM005075,FAC003,BED0385,BED0310,DEP008,DEP008,2025-10-15 05:00:00,Department Transfer,23
MOV002507,PAT13675,ADM011427,FAC005,BED0683,BED0676,DEP007,DEP003,2025-11-26 06:00:00,ICU Transfer,47
MOV002513,PAT03121,ADM009614,FAC005,BED0803,BED0707,DEP005,DEP003,2025-04-28 05:00:00,Ward Change,21
MOV002517,PAT00764,ADM010908,FAC002,BED0785,BED0859,DEP007,DEP007,2024-08-01 19:00:00,Isolation Required,16
MOV002521,PAT09442,ADM003785,FAC001,BED0046,BED0754,DEP005,DEP008,2025-07-02 08:00:00,Isolation Required,13
MOV002528,PAT09884,ADM003907,FAC005,BED0841,BED0782,DEP007,DEP003,2025-02-22 15:00:00,Isolation Required,33
MOV002531,PAT09318,ADM003983,FAC005,BED0671,BED0614,DEP005,DEP006,2025-11-05 20:00:00,ICU Transfer,23
MOV002538,PAT11563,ADM008883,FAC005,BED0670,BED0661,DEP007,DEP003,2023-05-10 05:00:00,Ward Change,45
MOV002539,PAT08490,ADM014364,FAC002,BED0254,BED0271,DEP001,DEP007,2026-04-08 23:00:00,Isolation Required,26
MOV002543,PAT08086,ADM005768,FAC002,BED0777,BED0273,DEP005,DEP005,2025-04-14 20:00:00,Ward Change,38
MOV002545,PAT04150,ADM003978,FAC004,BED0594,BED0546,DEP005,DEP007,2025-04-08 09:00:00,Patient Request,29
MOV002547,PAT05490,ADM008652,FAC001,BED0151,BED0007,DEP008,DEP005,2023-11-13 02:00:00,Isolation Required,54
MOV002554,PAT10235,ADM010321,FAC005,BED0740,BED0631,DEP006,DEP008,2024-04-14 04:00:00,Bed Unavailability,38
MOV002555,PAT06424,ADM006824,FAC002,BED0225,BED0235,DEP001,DEP001,2025-11-15 04:00:00,Isolation Required,6
MOV002556,PAT05100,ADM005797,FAC001,BED0150,BED0076,DEP002,DEP005,2025-11-22 18:00:00,ICU Transfer,12
MOV002568,PAT11545,ADM014217,FAC004,BED0449,BED0469,DEP005,DEP005,2025-08-23 13:00:00,ICU Transfer,27
MOV002571,PAT07757,ADM014299,FAC003,BED0320,BED0419,DEP003,DEP008,2022-03-28 05:00:00,Department Transfer,17
MOV002573,PAT03121,ADM005357,FAC005,BED0741,BED0696,DEP003,DEP008,2025-09-24 19:00:00,Patient Request,39
MOV002578,PAT02996,ADM009128,FAC005,BED0635,BED0614,DEP005,DEP003,2026-12-12 10:00:00,Department Transfer,21
MOV002586,PAT08488,ADM005437,FAC003,BED0366,BED0361,DEP008,DEP005,2025-12-18 09:00:00,Department Transfer,29
MOV002592,PAT03129,ADM013380,FAC002,BED0201,BED0225,DEP001,DEP002,2023-08-31 11:00:00,ICU Transfer,19
MOV002608,PAT08831,ADM008722,FAC005,BED0667,BED0639,DEP007,DEP001,2022-07-05 18:00:00,Isolation Required,39
MOV002612,PAT05479,ADM006463,FAC001,BED0099,BED0056,DEP005,DEP004,2025-06-12 19:00:00,ICU Transfer,15
MOV002615,PAT07151,ADM004401,FAC004,BED0592,BED0594,DEP001,DEP004,2025-03-06 12:00:00,ICU Transfer,23
MOV002616,PAT07717,ADM002364,FAC001,BED0033,BED0171,DEP008,DEP003,2025-03-06 08:00:00,Ward Change,16
MOV002621,PAT07638,ADM010922,FAC003,BED0342,BED0891,DEP003,DEP003,2021-03-30 13:00:00,Ward Change,27
MOV002622,PAT09418,ADM003207,FAC005,BED0663,BED0689,DEP001,DEP003,2025-11-09 01:00:00,Ward Change,6
MOV002626,PAT00837,ADM005953,FAC003,BED0357,BED0410,DEP005,DEP001,2025-06-19 02:00:00,Isolation Required,24
MOV002629,PAT02320,ADM000684,FAC001,BED0190,BED0150,DEP004,DEP002,2025-10-15 18:00:00,Ward Change,5
MOV002636,PAT01374,ADM001496,FAC004,BED0525,BED0873,DEP002,DEP006,2025-09-15 13:00:00,Bed Unavailability,28
MOV002651,PAT12368,ADM008905,FAC005,BED0613,BED0728,DEP001,DEP007,2026-11-25 08:00:00,Ward Change,12
MOV002652,PAT04116,ADM010448,FAC002,BED0203,BED0210,DEP006,DEP005,2023-02-07 13:00:00,Department Transfer,13
MOV002656,PAT13161,ADM012481,FAC002,BED0784,BED0280,DEP002,DEP007,2024-02-01 03:00:00,Isolation Required,2
MOV002658,PAT02407,ADM012503,FAC001,BED0155,BED0001,DEP005,DEP005,2024-01-30 15:00:00,Bed Unavailability,32
MOV002660,PAT01011,ADM000599,FAC005,BED0665,BED0735,DEP006,DEP007,2025-05-24 04:00:00,Department Transfer,30
MOV002664,PAT03679,ADM001624,FAC002,BED0208,BED0234,DEP001,DEP006,2025-01-28 05:00:00,Ward Change,28
MOV002671,PAT08210,ADM014616,FAC004,BED0551,BED0524,DEP002,DEP005,2024-07-21 10:00:00,Patient Request,40
MOV002681,PAT06595,ADM004475,FAC005,BED0683,BED0637,DEP005,DEP008,2025-01-30 17:00:00,Bed Unavailability,28
MOV002682,PAT01905,ADM001982,FAC003,BED0417,BED0351,DEP007,DEP005,2025-10-10 09:00:00,Ward Change,37
MOV002688,PAT05136,ADM002737,FAC004,BED0482,BED0446,DEP001,DEP004,2025-06-03 13:00:00,Department Transfer,23
MOV002689,PAT00069,ADM000677,FAC004,BED0539,BED0515,DEP002,DEP005,2025-06-22 16:00:00,Isolation Required,13
MOV002690,PAT11879,ADM014647,FAC002,BED0222,BED0267,DEP002,DEP006,2026-10-12 12:00:00,Department Transfer,40
MOV002697,PAT02685,ADM010182,FAC004,BED0598,BED0455,DEP004,DEP006,2021-09-02 06:00:00,Patient Request,26
MOV002700,PAT01618,ADM009033,FAC005,BED0642,BED0631,DEP008,DEP003,2024-07-06 19:00:00,Ward Change,41
MOV002707,PAT09616,ADM008109,FAC003,BED0364,BED0759,DEP001,DEP005,2025-10-22 06:00:00,ICU Transfer,19
MOV002708,PAT06951,ADM005157,FAC003,BED0821,BED0359,DEP007,DEP008,2025-09-27 16:00:00,ICU Transfer,31
MOV002711,PAT06187,ADM003984,FAC003,BED0798,BED0330,DEP001,DEP003,2025-06-21 05:00:00,Department Transfer,44
MOV002719,PAT05454,ADM011898,FAC004,BED0839,BED0447,DEP002,DEP004,2021-05-12 07:00:00,Department Transfer,20
MOV002734,PAT11445,ADM014819,FAC002,BED0279,BED0244,DEP007,DEP007,2026-01-23 17:00:00,Bed Unavailability,13
MOV002735,PAT00285,ADM004402,FAC005,BED0841,BED0721,DEP006,DEP001,2025-05-30 08:00:00,Ward Change,29
MOV002745,PAT07710,ADM014480,FAC003,BED0339,BED0379,DEP007,DEP007,2021-12-21 22:00:00,Bed Unavailability,16
MOV002748,PAT07064,ADM004984,FAC002,BED0859,BED0255,DEP002,DEP007,2025-03-08 14:00:00,Department Transfer,27
MOV002753,PAT10921,ADM009763,FAC001,BED0092,BED0093,DEP003,DEP001,2025-08-23 01:00:00,Bed Unavailability,21
MOV002761,PAT05479,ADM006463,FAC001,BED0054,BED0754,DEP005,DEP003,2025-06-12 15:00:00,Department Transfer,35
MOV002764,PAT01731,ADM008730,FAC004,BED0443,BED0515,DEP001,DEP001,2023-03-02 09:00:00,ICU Transfer,36
MOV002769,PAT02405,ADM004231,FAC004,BED0848,BED0518,DEP006,DEP002,2025-08-20 18:00:00,Patient Request,16
MOV002773,PAT09255,ADM007923,FAC001,BED0057,BED0184,DEP003,DEP003,2025-11-12 08:00:00,Isolation Required,31
MOV002775,PAT01036,ADM004483,FAC002,BED0236,BED0263,DEP007,DEP002,2025-09-19 07:00:00,Ward Change,29
MOV002776,PAT02418,ADM006101,FAC001,BED0078,BED0061,DEP008,DEP005,2025-01-12 11:00:00,Department Transfer,25
MOV002777,PAT01140,ADM007594,FAC003,BED0404,BED0424,DEP003,DEP003,2025-03-02 18:00:00,Ward Change,19
MOV002782,PAT05380,ADM002573,FAC002,BED0795,BED0302,DEP002,DEP005,2025-09-06 18:00:00,Bed Unavailability,19
MOV002792,PAT08072,ADM014695,FAC004,BED0518,BED0580,DEP005,DEP007,2024-06-04 15:00:00,Ward Change,26
MOV002797,PAT09391,ADM010261,FAC001,BED0826,BED0076,DEP003,DEP002,2023-05-14 15:00:00,Bed Unavailability,12
MOV002800,PAT07111,ADM009901,FAC004,BED0557,BED0547,DEP004,DEP007,2026-02-04 16:00:00,Bed Unavailability,34
MOV002807,PAT08798,ADM011036,FAC001,BED0089,BED0050,DEP002,DEP003,2025-02-10 03:00:00,Department Transfer,51
MOV002810,PAT01618,ADM009033,FAC005,BED0772,BED0721,DEP008,DEP001,2024-07-06 00:00:00,Isolation Required,27
MOV002822,PAT10495,ADM012178,FAC001,BED0124,BED0161,DEP002,DEP005,2022-04-17 16:00:00,Patient Request,28
MOV002831,PAT04154,ADM012661,FAC001,BED0107,BED0089,DEP005,DEP001,2022-06-27 05:00:00,Isolation Required,38
MOV002836,PAT04668,ADM004657,FAC003,BED0356,BED0328,DEP003,DEP008,2025-09-03 12:00:00,Bed Unavailability,16
MOV002838,PAT08586,ADM008750,FAC001,BED0064,BED0808,DEP002,DEP008,2022-07-04 19:00:00,Patient Request,16
MOV002839,PAT06897,ADM004390,FAC002,BED0220,BED0237,DEP005,DEP001,2025-03-11 07:00:00,Patient Request,26
MOV002841,PAT06713,ADM004854,FAC004,BED0537,BED0451,DEP007,DEP001,2025-03-21 15:00:00,Ward Change,26
MOV002846,PAT11387,ADM009726,FAC001,BED0037,BED0182,DEP003,DEP003,2026-12-18 16:00:00,Ward Change,10
MOV002848,PAT00625,ADM003256,FAC001,BED0137,BED0070,DEP003,DEP008,2025-02-23 10:00:00,Isolation Required,21
MOV002852,PAT11973,ADM013807,FAC002,BED0204,BED0219,DEP006,DEP005,2024-06-23 14:00:00,Ward Change,31
MOV002866,PAT09902,ADM008853,FAC001,BED0164,BED0082,DEP002,DEP008,2026-04-16 08:00:00,Patient Request,27
MOV002868,PAT08673,ADM002710,FAC001,BED0183,BED0863,DEP005,DEP002,2025-03-16 07:00:00,Patient Request,20
MOV002876,PAT08680,ADM006397,FAC005,BED0617,BED0663,DEP001,DEP003,2025-07-05 18:00:00,Department Transfer,29
MOV002879,PAT13247,ADM013105,FAC002,BED0197,BED0202,DEP005,DEP002,2021-03-20 05:00:00,Bed Unavailability,19
MOV002880,PAT04124,ADM001827,FAC002,BED0236,BED0296,DEP002,DEP006,2025-03-01 15:00:00,Department Transfer,29
MOV002884,PAT04415,ADM002600,FAC005,BED0613,BED0679,DEP007,DEP001,2025-03-14 05:00:00,Patient Request,26
MOV002892,PAT05235,ADM000476,FAC001,BED0044,BED0052,DEP001,DEP005,2025-12-26 11:00:00,Bed Unavailability,21
MOV002900,PAT00773,ADM001973,FAC005,BED0698,BED0726,DEP001,DEP007,2025-01-16 13:00:00,ICU Transfer,20
MOV002912,PAT00169,ADM005575,FAC004,BED0586,BED0442,DEP001,DEP002,2025-05-06 16:00:00,Department Transfer,8
MOV002914,PAT03188,ADM007938,FAC001,BED0793,BED0149,DEP005,DEP003,2025-01-26 09:00:00,Bed Unavailability,11
MOV002915,PAT04985,ADM000960,FAC005,BED0732,BED0820,DEP008,DEP003,2025-12-12 19:00:00,Bed Unavailability,33
MOV002919,PAT07597,ADM008118,FAC002,BED0192,BED0268,DEP007,DEP002,2025-11-08 07:00:00,Department Transfer,24
MOV002922,PAT12695,ADM012955,FAC005,BED0723,BED0729,DEP008,DEP008,2021-02-04 16:00:00,Bed Unavailability,45
MOV002924,PAT02620,ADM003236,FAC003,BED0329,BED0882,DEP005,DEP001,2025-02-24 00:00:00,Isolation Required,50
MOV002925,PAT03323,ADM000905,FAC002,BED0865,BED0885,DEP002,DEP001,2025-11-16 16:00:00,ICU Transfer,13
MOV002926,PAT08938,ADM004991,FAC002,BED0822,BED0249,DEP007,DEP001,2025-08-05 10:00:00,Ward Change,25
MOV002927,PAT02597,ADM006798,FAC002,BED0769,BED0207,DEP005,DEP006,2025-03-16 04:00:00,Bed Unavailability,44
MOV002931,PAT00170,ADM007382,FAC005,BED0803,BED0668,DEP001,DEP006,2025-09-13 15:00:00,Isolation Required,28
MOV002936,PAT04076,ADM003920,FAC005,BED0627,BED0683,DEP003,DEP005,2025-03-04 15:00:00,ICU Transfer,20
MOV002951,PAT01870,ADM007960,FAC005,BED0709,BED0880,DEP001,DEP008,2025-02-15 04:00:00,ICU Transfer,31
MOV002953,PAT02597,ADM006798,FAC002,BED0262,BED0849,DEP005,DEP005,2025-03-16 11:00:00,ICU Transfer,21
MOV002962,PAT04668,ADM011512,FAC001,BED0001,BED0024,DEP008,DEP005,2025-04-07 08:00:00,Bed Unavailability,35
MOV002964,PAT01409,ADM005379,FAC004,BED0441,BED0813,DEP001,DEP002,2025-03-29 21:00:00,Bed Unavailability,34
MOV002967,PAT00252,ADM003407,FAC001,BED0024,BED0004,DEP001,DEP004,2025-12-28 08:00:00,Ward Change,15
MOV002969,PAT02488,ADM012059,FAC004,BED0534,BED0560,DEP005,DEP004,2026-05-30 08:00:00,Department Transfer,31
MOV002974,PAT08150,ADM007433,FAC004,BED0566,BED0587,DEP007,DEP005,2025-04-02 04:00:00,Ward Change,18
MOV002980,PAT10679,ADM014478,FAC002,BED0268,BED0222,DEP007,DEP005,2024-02-10 17:00:00,Ward Change,23
MOV002990,PAT14223,ADM014539,FAC005,BED0688,BED0662,DEP008,DEP006,2025-08-29 13:00:00,Department Transfer,27
MOV002996,PAT05291,ADM012185,FAC003,BED0326,BED0876,DEP007,DEP008,2025-12-18 20:00:00,Patient Request,40
MOV003005,PAT04550,ADM005092,FAC005,BED0608,BED0801,DEP008,DEP005,2025-03-10 13:00:00,ICU Transfer,58
MOV003007,PAT11325,ADM010676,FAC003,BED0406,BED0359,DEP008,DEP003,2026-07-26 18:00:00,Isolation Required,23
MOV003009,PAT12379,ADM014443,FAC005,BED0803,BED0601,DEP005,DEP007,2024-07-28 12:00:00,Department Transfer,5
MOV003011,PAT04302,ADM006158,FAC004,BED0857,BED0502,DEP002,DEP006,2025-11-11 03:00:00,Isolation Required,19
MOV003012,PAT08983,ADM014168,FAC004,BED0510,BED0896,DEP002,DEP007,2023-09-08 18:00:00,Isolation Required,15
MOV003017,PAT01804,ADM003865,FAC005,BED0689,BED0716,DEP006,DEP003,2025-07-09 14:00:00,Ward Change,47
MOV003018,PAT04668,ADM004657,FAC003,BED0313,BED0320,DEP003,DEP003,2025-09-06 07:00:00,ICU Transfer,22
MOV003025,PAT09973,ADM001724,FAC001,BED0040,BED0026,DEP008,DEP001,2025-07-25 21:00:00,Ward Change,23
MOV003030,PAT02100,ADM012960,FAC005,BED0701,BED0687,DEP007,DEP005,2024-09-20 10:00:00,Bed Unavailability,21
MOV003052,PAT03249,ADM005314,FAC002,BED0234,BED0199,DEP005,DEP002,2025-12-03 03:00:00,ICU Transfer,20
MOV003062,PAT12670,ADM014999,FAC003,BED0344,BED0399,DEP005,DEP008,2025-01-19 14:00:00,Department Transfer,25
MOV003069,PAT03112,ADM002984,FAC003,BED0804,BED0817,DEP008,DEP007,2025-02-23 09:00:00,Bed Unavailability,16
MOV003078,PAT05782,ADM008764,FAC004,BED0445,BED0532,DEP005,DEP006,2025-11-07 17:00:00,Ward Change,27
MOV003085,PAT01419,ADM009275,FAC005,BED0702,BED0803,DEP005,DEP003,2026-02-28 18:00:00,ICU Transfer,47
MOV003086,PAT04128,ADM001098,FAC001,BED0084,BED0065,DEP005,DEP008,2025-07-14 13:00:00,Patient Request,28
MOV003090,PAT06652,ADM011554,FAC005,BED0715,BED0742,DEP001,DEP006,2026-08-22 15:00:00,Department Transfer,20
MOV003102,PAT08461,ADM005326,FAC002,BED0849,BED0221,DEP001,DEP001,2025-01-16 14:00:00,Ward Change,49
MOV003110,PAT04140,ADM010000,FAC002,BED0291,BED0253,DEP002,DEP001,2022-09-29 07:00:00,Patient Request,43
MOV003113,PAT06322,ADM007641,FAC002,BED0224,BED0292,DEP007,DEP001,2025-09-17 17:00:00,ICU Transfer,14
MOV003114,PAT08385,ADM001697,FAC001,BED0027,BED0158,DEP008,DEP005,2025-03-03 04:00:00,Patient Request,26
MOV003120,PAT01509,ADM003622,FAC001,BED0098,BED0015,DEP005,DEP005,2025-10-25 07:00:00,Ward Change,40
MOV003122,PAT01808,ADM005947,FAC001,BED0029,BED0057,DEP005,DEP004,2025-08-29 14:00:00,Patient Request,38
MOV003124,PAT01808,ADM005947,FAC001,BED0895,BED0131,DEP005,DEP005,2025-08-29 13:00:00,Department Transfer,34
MOV003125,PAT08531,ADM010490,FAC002,BED0280,BED0243,DEP002,DEP007,2021-12-17 08:00:00,Isolation Required,11
MOV003126,PAT11319,ADM013477,FAC005,BED0727,BED0618,DEP003,DEP001,2026-12-01 14:00:00,Isolation Required,42
MOV003127,PAT10797,ADM014588,FAC005,BED0686,BED0727,DEP006,DEP001,2021-07-25 04:00:00,Bed Unavailability,24
MOV003143,PAT06880,ADM013596,FAC001,BED0094,BED0036,DEP005,DEP003,2026-04-04 03:00:00,ICU Transfer,6
MOV003144,PAT07536,ADM000170,FAC003,BED0316,BED0899,DEP007,DEP001,2025-10-02 20:00:00,Department Transfer,34
MOV003147,PAT07959,ADM013277,FAC002,BED0214,BED0260,DEP001,DEP006,2024-08-21 06:00:00,Patient Request,20
MOV003151,PAT08701,ADM008031,FAC003,BED0333,BED0312,DEP003,DEP005,2025-03-04 05:00:00,Bed Unavailability,29
MOV003160,PAT08736,ADM008588,FAC001,BED0188,BED0139,DEP003,DEP005,2023-07-03 14:00:00,Patient Request,42
MOV003185,PAT06706,ADM002239,FAC003,BED0326,BED0889,DEP005,DEP003,2025-02-02 07:00:00,Ward Change,29
MOV003186,PAT14085,ADM014103,FAC002,BED0276,BED0894,DEP006,DEP001,2025-05-20 16:00:00,Isolation Required,25
MOV003201,PAT05624,ADM002039,FAC004,BED0517,BED0498,DEP006,DEP006,2025-07-16 11:00:00,ICU Transfer,22
MOV003203,PAT02358,ADM009524,FAC001,BED0154,BED0139,DEP004,DEP005,2022-01-19 07:00:00,Isolation Required,31
MOV003204,PAT07272,ADM001074,FAC004,BED0550,BED0490,DEP006,DEP004,2025-01-16 23:00:00,Bed Unavailability,38
MOV003205,PAT08066,ADM002114,FAC001,BED0166,BED0082,DEP005,DEP003,2025-08-19 15:00:00,Ward Change,32
MOV003214,PAT03703,ADM004316,FAC001,BED0104,BED0128,DEP005,DEP005,2025-09-10 03:00:00,Ward Change,11
MOV003223,PAT08789,ADM003926,FAC002,BED0765,BED0205,DEP005,DEP001,2025-01-12 16:00:00,Ward Change,31
MOV003226,PAT01521,ADM000230,FAC004,BED0536,BED0595,DEP007,DEP002,2025-01-14 06:00:00,Isolation Required,43
MOV003227,PAT10328,ADM012379,FAC001,BED0010,BED0083,DEP008,DEP004,2021-05-02 16:00:00,ICU Transfer,16
MOV003230,PAT03782,ADM002483,FAC001,BED0098,BED0189,DEP003,DEP001,2025-02-11 05:00:00,Isolation Required,21
MOV003237,PAT04803,ADM007436,FAC001,BED0110,BED0102,DEP001,DEP001,2025-12-20 15:00:00,Patient Request,41
MOV003239,PAT06073,ADM000493,FAC003,BED0356,BED0392,DEP001,DEP001,2025-08-24 01:00:00,Ward Change,25
MOV003242,PAT05222,ADM009831,FAC003,BED0375,BED0412,DEP005,DEP007,2024-05-30 14:00:00,Bed Unavailability,25
MOV003244,PAT08604,ADM001215,FAC001,BED0163,BED0097,DEP001,DEP002,2025-05-16 12:00:00,ICU Transfer,2
MOV003246,PAT09965,ADM001766,FAC003,BED0346,BED0332,DEP008,DEP005,2025-09-01 00:00:00,Patient Request,29
MOV003250,PAT01371,ADM004690,FAC001,BED0169,BED0122,DEP003,DEP004,2025-03-11 14:00:00,Patient Request,25
MOV003252,PAT04915,ADM006214,FAC001,BED0057,BED0041,DEP005,DEP001,2025-03-28 18:00:00,Bed Unavailability,16
MOV003260,PAT07448,ADM011423,FAC005,BED0700,BED0637,DEP005,DEP007,2021-06-04 03:00:00,ICU Transfer,20
MOV003267,PAT02920,ADM000847,FAC005,BED0653,BED0697,DEP003,DEP007,2025-03-19 09:00:00,ICU Transfer,8
MOV003277,PAT08030,ADM001343,FAC004,BED0599,BED0462,DEP004,DEP006,2025-10-04 06:00:00,Patient Request,13
MOV003280,PAT05707,ADM001591,FAC004,BED0469,BED0443,DEP004,DEP005,2025-11-07 11:00:00,Bed Unavailability,32
MOV003284,PAT03464,ADM010256,FAC003,BED0882,BED0767,DEP005,DEP001,2023-08-22 02:00:00,Ward Change,34
MOV003285,PAT01618,ADM009033,FAC005,BED0631,BED0726,DEP008,DEP008,2024-07-09 09:00:00,Department Transfer,2
MOV003287,PAT09394,ADM013638,FAC004,BED0449,BED0549,DEP005,DEP007,2021-03-27 19:00:00,Bed Unavailability,2
MOV003295,PAT00300,ADM003794,FAC001,BED0871,BED0076,DEP001,DEP002,2025-07-12 05:00:00,Patient Request,30
MOV003298,PAT01489,ADM002880,FAC003,BED0374,BED0360,DEP005,DEP008,2025-08-31 22:00:00,Bed Unavailability,23
MOV003300,PAT06424,ADM004422,FAC002,BED0299,BED0765,DEP005,DEP001,2025-05-15 07:00:00,Bed Unavailability,40
MOV003301,PAT01492,ADM004250,FAC002,BED0812,BED0762,DEP005,DEP001,2025-07-07 11:00:00,Department Transfer,34
MOV003308,PAT10550,ADM011368,FAC002,BED0893,BED0822,DEP006,DEP005,2024-09-12 15:00:00,Department Transfer,15
MOV003310,PAT08197,ADM010894,FAC003,BED0891,BED0346,DEP005,DEP003,2025-07-15 20:00:00,Patient Request,19
MOV003316,PAT08050,ADM013961,FAC005,BED0659,BED0739,DEP008,DEP007,2022-01-22 06:00:00,Department Transfer,25
MOV003323,PAT06730,ADM002140,FAC003,BED0355,BED0804,DEP005,DEP007,2025-04-13 14:00:00,ICU Transfer,12
MOV003327,PAT08529,ADM006804,FAC001,BED0125,BED0826,DEP003,DEP001,2025-02-20 08:00:00,Patient Request,12
MOV003337,PAT06148,ADM005365,FAC001,BED0002,BED0049,DEP001,DEP005,2025-07-06 01:00:00,Isolation Required,36
MOV003343,PAT01584,ADM004995,FAC001,BED0088,BED0018,DEP001,DEP008,2025-07-16 10:00:00,ICU Transfer,23
MOV003348,PAT01548,ADM004440,FAC004,BED0584,BED0521,DEP006,DEP004,2025-06-30 10:00:00,Department Transfer,20
MOV003356,PAT14084,ADM012496,FAC001,BED0063,BED0007,DEP002,DEP005,2024-10-30 08:00:00,Bed Unavailability,35
MOV003358,PAT04951,ADM005171,FAC001,BED0131,BED0044,DEP001,DEP001,2025-05-04 01:00:00,Bed Unavailability,10
MOV003360,PAT07418,ADM005198,FAC001,BED0181,BED0073,DEP008,DEP005,2025-09-13 02:00:00,Bed Unavailability,32
MOV003363,PAT08736,ADM009326,FAC002,BED0244,BED0271,DEP001,DEP007,2023-04-11 12:00:00,Bed Unavailability,23
MOV003366,PAT01412,ADM008656,FAC001,BED0007,BED0133,DEP004,DEP004,2024-08-08 06:00:00,Isolation Required,19
MOV003367,PAT05909,ADM002464,FAC003,BED0425,BED0809,DEP008,DEP003,2025-07-01 12:00:00,Isolation Required,21
MOV003368,PAT03835,ADM006614,FAC001,BED0114,BED0040,DEP004,DEP001,2025-10-02 10:00:00,Patient Request,11
MOV003375,PAT09591,ADM001486,FAC005,BED0646,BED0607,DEP006,DEP008,2025-02-18 15:00:00,Ward Change,23
MOV003378,PAT00480,ADM013478,FAC004,BED0498,BED0789,DEP007,DEP002,2025-08-05 04:00:00,Bed Unavailability,41
MOV003382,PAT00028,ADM006462,FAC003,BED0425,BED0370,DEP008,DEP007,2025-04-13 14:00:00,Bed Unavailability,38
MOV003389,PAT05051,ADM004393,FAC001,BED0018,BED0023,DEP004,DEP002,2025-08-28 13:00:00,ICU Transfer,24
MOV003390,PAT10052,ADM010016,FAC005,BED0797,BED0620,DEP003,DEP003,2025-01-26 05:00:00,Department Transfer,15
MOV003391,PAT08371,ADM006870,FAC005,BED0620,BED0657,DEP007,DEP001,2025-02-12 05:00:00,Ward Change,40
MOV003393,PAT14467,ADM012665,FAC002,BED0236,BED0290,DEP007,DEP005,2025-12-17 04:00:00,Ward Change,31
MOV003400,PAT04076,ADM006755,FAC003,BED0421,BED0811,DEP007,DEP007,2025-11-12 13:00:00,Ward Change,43
MOV003402,PAT02013,ADM004331,FAC003,BED0767,BED0308,DEP007,DEP001,2025-10-03 09:00:00,Isolation Required,34
MOV003404,PAT07781,ADM012606,FAC002,BED0201,BED0297,DEP002,DEP007,2021-11-12 07:00:00,Ward Change,2
MOV003413,PAT07051,ADM013274,FAC003,BED0363,BED0384,DEP003,DEP003,2026-07-29 07:00:00,Ward Change,30
MOV003419,PAT09074,ADM008447,FAC005,BED0674,BED0623,DEP007,DEP005,2025-10-29 18:00:00,Isolation Required,22
MOV003439,PAT02975,ADM006166,FAC004,BED0545,BED0526,DEP005,DEP001,2025-06-21 04:00:00,Department Transfer,38
MOV003444,PAT06909,ADM010749,FAC002,BED0235,BED0191,DEP001,DEP001,2026-06-25 21:00:00,Patient Request,39
MOV003446,PAT03752,ADM004504,FAC002,BED0295,BED0227,DEP005,DEP001,2025-04-06 11:00:00,Isolation Required,17
MOV003447,PAT02040,ADM008305,FAC002,BED0223,BED0222,DEP006,DEP007,2025-09-29 14:00:00,ICU Transfer,40
MOV003454,PAT01036,ADM004483,FAC002,BED0865,BED0828,DEP007,DEP007,2025-09-20 18:00:00,Department Transfer,20
MOV003455,PAT12038,ADM008556,FAC003,BED0412,BED0330,DEP007,DEP008,2024-05-19 19:00:00,Bed Unavailability,10
MOV003463,PAT01721,ADM007959,FAC001,BED0869,BED0076,DEP005,DEP004,2025-01-20 19:00:00,Ward Change,30
MOV003466,PAT09051,ADM004166,FAC003,BED0326,BED0350,DEP003,DEP005,2025-06-08 09:00:00,Department Transfer,17
MOV003469,PAT01521,ADM001204,FAC001,BED0124,BED0178,DEP004,DEP004,2025-06-24 11:00:00,ICU Transfer,46
MOV003476,PAT08061,ADM012276,FAC003,BED0359,BED0348,DEP003,DEP008,2022-01-05 19:00:00,Patient Request,21
MOV003477,PAT06316,ADM011894,FAC005,BED0694,BED0713,DEP006,DEP001,2025-01-17 18:00:00,Department Transfer,34
MOV003479,PAT00796,ADM001831,FAC004,BED0466,BED0437,DEP007,DEP006,2025-03-10 17:00:00,Department Transfer,24
MOV003484,PAT05181,ADM012326,FAC001,BED0808,BED0164,DEP005,DEP003,2026-10-02 08:00:00,Patient Request,27
MOV003485,PAT13260,ADM011081,FAC001,BED0063,BED0053,DEP003,DEP003,2024-08-24 08:00:00,ICU Transfer,34
MOV003487,PAT03485,ADM002060,FAC003,BED0369,BED0363,DEP001,DEP003,2025-06-15 03:00:00,Isolation Required,35
MOV003488,PAT05793,ADM011811,FAC004,BED0591,BED0443,DEP004,DEP007,2024-07-02 06:00:00,Isolation Required,26
MOV003489,PAT08541,ADM008183,FAC003,BED0305,BED0380,DEP001,DEP003,2025-10-21 05:00:00,Bed Unavailability,34
MOV003506,PAT06188,ADM014473,FAC004,BED0493,BED0584,DEP002,DEP006,2021-01-12 10:00:00,ICU Transfer,7
MOV003511,PAT04102,ADM010975,FAC003,BED0756,BED0421,DEP001,DEP008,2024-01-05 12:00:00,Isolation Required,21
MOV003512,PAT05024,ADM002362,FAC002,BED0228,BED0222,DEP001,DEP002,2025-03-04 15:00:00,Isolation Required,33
MOV003521,PAT03680,ADM005064,FAC001,BED0142,BED0133,DEP005,DEP004,2025-09-26 12:00:00,Isolation Required,11
MOV003527,PAT03107,ADM013937,FAC004,BED0560,BED0434,DEP004,DEP002,2022-02-14 00:00:00,ICU Transfer,17
MOV003539,PAT06476,ADM001454,FAC004,BED0594,BED0873,DEP006,DEP004,2025-08-18 14:00:00,Department Transfer,40
MOV003540,PAT09433,ADM001042,FAC005,BED0888,BED0662,DEP001,DEP001,2025-05-20 06:00:00,Isolation Required,35
MOV003544,PAT02146,ADM004275,FAC001,BED0167,BED0130,DEP001,DEP003,2025-10-30 14:00:00,Patient Request,35
MOV003545,PAT02056,ADM001828,FAC003,BED0868,BED0412,DEP001,DEP003,2025-10-17 11:00:00,Bed Unavailability,30
MOV003549,PAT07773,ADM010299,FAC005,BED0666,BED0741,DEP001,DEP001,2021-04-09 05:00:00,Ward Change,5
MOV003551,PAT05175,ADM003924,FAC004,BED0548,BED0486,DEP001,DEP001,2025-04-10 09:00:00,Isolation Required,5
MOV003552,PAT06502,ADM002226,FAC002,BED0242,BED0195,DEP006,DEP002,2025-11-24 22:00:00,Isolation Required,12
MOV003554,PAT06922,ADM011185,FAC003,BED0339,BED0413,DEP007,DEP007,2021-10-15 13:00:00,Ward Change,29
MOV003556,PAT02338,ADM004011,FAC005,BED0731,BED0616,DEP007,DEP005,2025-04-08 12:00:00,Patient Request,25
MOV003557,PAT03486,ADM008944,FAC005,BED0647,BED0679,DEP008,DEP005,2023-01-27 12:00:00,Ward Change,12
MOV003569,PAT01808,ADM005947,FAC001,BED0067,BED0086,DEP005,DEP004,2025-08-29 23:00:00,Department Transfer,27
MOV003577,PAT05847,ADM014834,FAC004,BED0583,BED0509,DEP002,DEP002,2023-10-18 23:00:00,ICU Transfer,35
MOV003581,PAT05853,ADM005130,FAC001,BED0074,BED0185,DEP002,DEP008,2025-06-09 10:00:00,Department Transfer,2
MOV003584,PAT12558,ADM009335,FAC001,BED0147,BED0091,DEP004,DEP004,2024-03-14 11:00:00,Ward Change,29
MOV003601,PAT09682,ADM007570,FAC004,BED0523,BED0519,DEP004,DEP002,2025-08-22 06:00:00,Ward Change,23
MOV003602,PAT14084,ADM012496,FAC001,BED0069,BED0146,DEP002,DEP004,2024-10-30 06:00:00,Bed Unavailability,44
MOV003611,PAT06108,ADM007224,FAC002,BED0192,BED0832,DEP002,DEP001,2025-09-14 14:00:00,Isolation Required,38
MOV003617,PAT00926,ADM013901,FAC004,BED0472,BED0511,DEP007,DEP007,2025-03-28 15:00:00,Patient Request,19
MOV003620,PAT08145,ADM004131,FAC001,BED0002,BED0073,DEP003,DEP008,2025-04-24 15:00:00,Patient Request,49
MOV003629,PAT03088,ADM011197,FAC001,BED0753,BED0189,DEP003,DEP003,2022-01-27 02:00:00,Patient Request,2
MOV003637,PAT07088,ADM003961,FAC005,BED0662,BED0727,DEP001,DEP005,2025-11-06 16:00:00,Patient Request,37
MOV003648,PAT05387,ADM001604,FAC001,BED0188,BED0086,DEP005,DEP003,2025-12-15 14:00:00,Patient Request,28
MOV003649,PAT09484,ADM012315,FAC004,BED0539,BED0457,DEP004,DEP002,2026-11-09 09:00:00,Patient Request,18
MOV003650,PAT10451,ADM013968,FAC003,BED0340,BED0353,DEP008,DEP005,2022-04-08 10:00:00,Isolation Required,42
MOV003657,PAT10939,ADM011388,FAC002,BED0777,BED0304,DEP006,DEP002,2023-03-15 08:00:00,Department Transfer,4
MOV003670,PAT00742,ADM012720,FAC001,BED0099,BED0072,DEP001,DEP008,2026-07-15 20:00:00,Isolation Required,34
MOV003675,PAT03257,ADM001137,FAC001,BED0111,BED0119,DEP002,DEP005,2025-06-17 10:00:00,Isolation Required,37
MOV003678,PAT01594,ADM005627,FAC002,BED0304,BED0210,DEP005,DEP007,2025-12-16 08:00:00,Patient Request,20
MOV003681,PAT11966,ADM010141,FAC003,BED0423,BED0379,DEP008,DEP007,2026-11-26 18:00:00,Patient Request,27
MOV003682,PAT03493,ADM009242,FAC003,BED0800,BED0387,DEP001,DEP008,2026-06-05 00:00:00,ICU Transfer,15
MOV003684,PAT08586,ADM008750,FAC001,BED0159,BED0837,DEP002,DEP001,2022-07-03 13:00:00,Bed Unavailability,25
MOV003691,PAT12319,ADM011781,FAC005,BED0665,BED0644,DEP006,DEP007,2021-09-03 09:00:00,Bed Unavailability,11
MOV003700,PAT07638,ADM002981,FAC004,BED0516,BED0435,DEP005,DEP004,2025-03-14 12:00:00,Isolation Required,33
MOV003707,PAT05095,ADM012748,FAC002,BED0222,BED0208,DEP001,DEP001,2021-06-27 17:00:00,Department Transfer,7
MOV003712,PAT06299,ADM006457,FAC001,BED0066,BED0862,DEP001,DEP004,2025-06-19 17:00:00,Department Transfer,43
MOV003717,PAT06271,ADM012894,FAC003,BED0356,BED0811,DEP005,DEP001,2023-11-22 08:00:00,Ward Change,45
MOV003718,PAT05804,ADM005818,FAC001,BED0177,BED0035,DEP001,DEP004,2025-09-23 05:00:00,Patient Request,12
MOV003719,PAT02761,ADM000461,FAC004,BED0586,BED0599,DEP002,DEP006,2025-02-27 04:00:00,ICU Transfer,20
MOV003725,PAT09682,ADM003532,FAC003,BED0431,BED0346,DEP005,DEP001,2025-10-12 00:00:00,Isolation Required,14
MOV003726,PAT09530,ADM000869,FAC001,BED0064,BED0071,DEP003,DEP008,2025-10-24 17:00:00,Ward Change,28
MOV003727,PAT07945,ADM006282,FAC003,BED0361,BED0369,DEP003,DEP001,2025-04-27 06:00:00,ICU Transfer,32
MOV003754,PAT04342,ADM012515,FAC005,BED0852,BED0850,DEP007,DEP001,2023-09-19 13:00:00,ICU Transfer,35
MOV003756,PAT01990,ADM012492,FAC002,BED0254,BED0844,DEP007,DEP002,2026-06-02 17:00:00,Bed Unavailability,34
MOV003770,PAT08216,ADM000031,FAC004,BED0522,BED0877,DEP005,DEP004,2025-02-07 18:00:00,Bed Unavailability,39
MOV003771,PAT00480,ADM011961,FAC001,BED0123,BED0029,DEP002,DEP002,2022-11-25 22:00:00,Isolation Required,32
MOV003780,PAT13651,ADM009204,FAC002,BED0255,BED0205,DEP005,DEP007,2023-11-23 19:00:00,Bed Unavailability,28
MOV003784,PAT04430,ADM012970,FAC005,BED0619,BED0735,DEP003,DEP008,2025-07-27 10:00:00,Ward Change,35
MOV003789,PAT13116,ADM011359,FAC003,BED0368,BED0411,DEP005,DEP003,2026-08-08 18:00:00,ICU Transfer,16
MOV003794,PAT09202,ADM000304,FAC004,BED0463,BED0541,DEP007,DEP006,2025-06-19 15:00:00,ICU Transfer,36
MOV003795,PAT07014,ADM006709,FAC002,BED0279,BED0281,DEP001,DEP006,2025-06-28 09:00:00,Bed Unavailability,35
MOV003798,PAT09648,ADM008321,FAC001,BED0153,BED0168,DEP008,DEP002,2025-08-04 15:00:00,Ward Change,28
MOV003808,PAT00219,ADM002550,FAC004,BED0566,BED0568,DEP006,DEP006,2025-05-16 17:00:00,Patient Request,29
MOV003812,PAT08887,ADM014460,FAC003,BED0378,BED0317,DEP003,DEP005,2021-10-18 18:00:00,Patient Request,27
MOV003829,PAT02716,ADM003300,FAC005,BED0625,BED0648,DEP003,DEP001,2025-08-24 05:00:00,Bed Unavailability,2
MOV003830,PAT07376,ADM006729,FAC005,BED0659,BED0888,DEP008,DEP006,2025-02-01 22:00:00,Bed Unavailability,31
MOV003831,PAT04148,ADM013118,FAC002,BED0216,BED0196,DEP007,DEP002,2025-10-04 18:00:00,Ward Change,7
MOV003838,PAT04833,ADM000336,FAC002,BED0199,BED0196,DEP002,DEP006,2025-05-13 12:00:00,Patient Request,38
MOV003848,PAT05749,ADM010973,FAC002,BED0879,BED0223,DEP001,DEP007,2024-11-26 16:00:00,Bed Unavailability,20
MOV003849,PAT12963,ADM009624,FAC003,BED0333,BED0406,DEP008,DEP005,2023-05-12 19:00:00,ICU Transfer,18
MOV003850,PAT07052,ADM003332,FAC003,BED0430,BED0383,DEP001,DEP007,2025-12-01 21:00:00,Department Transfer,25
MOV003859,PAT08789,ADM001830,FAC004,BED0525,BED0453,DEP007,DEP006,2025-03-10 14:00:00,Patient Request,44
MOV003864,PAT03046,ADM004358,FAC002,BED0781,BED0281,DEP001,DEP007,2025-10-07 15:00:00,Patient Request,14
MOV003866,PAT09682,ADM002135,FAC001,BED0153,BED0098,DEP004,DEP001,2025-08-30 11:00:00,Department Transfer,31
MOV003867,PAT02217,ADM011553,FAC004,BED0579,BED0477,DEP006,DEP007,2025-09-05 04:00:00,Ward Change,42
MOV003868,PAT02047,ADM012930,FAC001,BED0040,BED0021,DEP008,DEP005,2024-05-20 18:00:00,Patient Request,23
MOV003870,PAT05788,ADM001928,FAC001,BED0103,BED0127,DEP008,DEP004,2025-10-22 14:00:00,Ward Change,35
MOV003872,PAT02146,ADM004275,FAC001,BED0151,BED0139,DEP001,DEP002,2025-10-30 09:00:00,Ward Change,22
MOV003873,PAT00873,ADM011610,FAC001,BED0085,BED0034,DEP002,DEP008,2023-02-06 13:00:00,ICU Transfer,28
MOV003881,PAT09843,ADM000262,FAC005,BED0618,BED0716,DEP003,DEP008,2025-02-14 21:00:00,Patient Request,11
MOV003882,PAT02663,ADM012513,FAC003,BED0399,BED0311,DEP003,DEP008,2021-06-13 15:00:00,Bed Unavailability,13
MOV003884,PAT08696,ADM009025,FAC002,BED0199,BED0765,DEP002,DEP007,2022-08-29 08:00:00,ICU Transfer,35
MOV003885,PAT02445,ADM001430,FAC004,BED0896,BED0493,DEP005,DEP002,2025-08-22 14:00:00,ICU Transfer,43
MOV003890,PAT04609,ADM000062,FAC005,BED0709,BED0881,DEP001,DEP008,2025-10-22 17:00:00,Bed Unavailability,25
MOV003904,PAT09567,ADM000325,FAC005,BED0888,BED0690,DEP006,DEP008,2025-01-26 01:00:00,Bed Unavailability,33
MOV003908,PAT08145,ADM004131,FAC001,BED0062,BED0059,DEP003,DEP005,2025-04-24 07:00:00,Bed Unavailability,18
MOV003913,PAT07454,ADM009789,FAC004,BED0441,BED0532,DEP001,DEP007,2026-10-19 16:00:00,Bed Unavailability,49
MOV003914,PAT03959,ADM005984,FAC005,BED0814,BED0625,DEP006,DEP007,2025-04-29 15:00:00,Bed Unavailability,29
MOV003915,PAT00358,ADM001163,FAC003,BED0432,BED0305,DEP007,DEP005,2025-08-01 04:00:00,Department Transfer,22
MOV003921,PAT11497,ADM008875,FAC005,BED0732,BED0710,DEP001,DEP007,2022-06-23 10:00:00,Patient Request,27
MOV003930,PAT04046,ADM000693,FAC003,BED0308,BED0882,DEP001,DEP007,2025-11-06 08:00:00,ICU Transfer,16
MOV003931,PAT00104,ADM000129,FAC005,BED0638,BED0701,DEP006,DEP008,2025-11-09 05:00:00,Patient Request,3
MOV003942,PAT05569,ADM012511,FAC003,BED0399,BED0349,DEP007,DEP001,2024-01-15 13:00:00,Isolation Required,18
MOV003948,PAT02233,ADM012754,FAC001,BED0131,BED0057,DEP001,DEP004,2023-02-27 06:00:00,Bed Unavailability,26
MOV003954,PAT06344,ADM000310,FAC004,BED0466,BED0555,DEP007,DEP001,2025-03-14 23:00:00,Bed Unavailability,44
MOV003959,PAT04076,ADM000891,FAC003,BED0315,BED0366,DEP008,DEP008,2025-12-07 12:00:00,Department Transfer,16
MOV003962,PAT03756,ADM004605,FAC003,BED0366,BED0761,DEP008,DEP008,2025-09-21 15:00:00,Patient Request,19
MOV003965,PAT08388,ADM007850,FAC005,BED0614,BED0797,DEP005,DEP008,2025-01-22 19:00:00,Department Transfer,7
MOV003969,PAT00274,ADM009613,FAC001,BED0057,BED0869,DEP004,DEP008,2022-10-01 14:00:00,Bed Unavailability,9
MOV003975,PAT07945,ADM006282,FAC003,BED0353,BED0897,DEP003,DEP003,2025-04-28 03:00:00,ICU Transfer,26
MOV003977,PAT05782,ADM008764,FAC004,BED0521,BED0535,DEP005,DEP004,2025-11-06 18:00:00,ICU Transfer,19
MOV003978,PAT09825,ADM008311,FAC004,BED0877,BED0836,DEP001,DEP007,2025-09-11 09:00:00,Department Transfer,31
MOV003983,PAT06949,ADM012778,FAC004,BED0440,BED0596,DEP001,DEP005,2022-05-30 08:00:00,Ward Change,45
MOV003984,PAT03308,ADM011525,FAC004,BED0524,BED0535,DEP004,DEP006,2026-07-23 07:00:00,Patient Request,23
MOV003986,PAT06825,ADM001037,FAC003,BED0405,BED0326,DEP003,DEP008,2025-05-08 21:00:00,Isolation Required,45
MOV003995,PAT02799,ADM005139,FAC001,BED0017,BED0110,DEP002,DEP005,2025-03-26 16:00:00,Isolation Required,5
MOV003997,PAT04088,ADM007920,FAC004,BED0467,BED0457,DEP007,DEP005,2025-09-22 19:00:00,Ward Change,34
MOV004007,PAT02358,ADM007323,FAC005,BED0715,BED0743,DEP005,DEP006,2025-06-20 13:00:00,Ward Change,25
MOV004008,PAT09442,ADM006587,FAC005,BED0681,BED0650,DEP008,DEP003,2025-04-14 20:00:00,ICU Transfer,2
MOV004012,PAT13325,ADM013333,FAC003,BED0347,BED0416,DEP007,DEP008,2025-08-25 22:00:00,Department Transfer,24
MOV004020,PAT06537,ADM000928,FAC003,BED0416,BED0430,DEP003,DEP001,2025-04-20 05:00:00,Bed Unavailability,39
MOV004026,PAT11157,ADM014622,FAC003,BED0403,BED0320,DEP008,DEP005,2024-06-11 18:00:00,Isolation Required,9
MOV004033,PAT10974,ADM014188,FAC002,BED0238,BED0212,DEP005,DEP001,2021-08-20 14:00:00,Isolation Required,34
MOV004049,PAT01088,ADM012859,FAC002,BED0291,BED0840,DEP006,DEP006,2024-11-10 20:00:00,Bed Unavailability,35
MOV004052,PAT12190,ADM013070,FAC003,BED0361,BED0319,DEP003,DEP008,2025-04-03 06:00:00,Isolation Required,16
MOV004054,PAT05501,ADM007702,FAC001,BED0105,BED0059,DEP004,DEP004,2025-05-18 09:00:00,ICU Transfer,19
MOV004058,PAT13093,ADM011576,FAC003,BED0423,BED0379,DEP005,DEP003,2023-05-28 11:00:00,Bed Unavailability,18
MOV004075,PAT09218,ADM007822,FAC004,BED0522,BED0543,DEP007,DEP004,2025-05-23 23:00:00,ICU Transfer,32
MOV004092,PAT14814,ADM009996,FAC004,BED0499,BED0815,DEP007,DEP006,2025-05-01 11:00:00,Department Transfer,41
MOV004096,PAT10878,ADM010331,FAC005,BED0739,BED0796,DEP007,DEP007,2021-02-23 03:00:00,Patient Request,36
MOV004097,PAT08269,ADM009166,FAC003,BED0882,BED0418,DEP003,DEP007,2025-07-27 05:00:00,Patient Request,34
MOV004101,PAT07502,ADM012576,FAC002,BED0213,BED0893,DEP002,DEP007,2022-05-02 16:00:00,Isolation Required,16
MOV004118,PAT02975,ADM006166,FAC004,BED0507,BED0805,DEP005,DEP006,2025-06-22 06:00:00,Patient Request,36
MOV004121,PAT01509,ADM011463,FAC002,BED0228,BED0292,DEP006,DEP005,2026-07-18 04:00:00,Bed Unavailability,26
MOV004125,PAT01214,ADM009133,FAC001,BED0094,BED0047,DEP004,DEP008,2022-11-04 05:00:00,ICU Transfer,2
MOV004130,PAT00922,ADM004551,FAC001,BED0180,BED0070,DEP003,DEP003,2025-10-24 20:00:00,Isolation Required,32
MOV004134,PAT05332,ADM004688,FAC001,BED0030,BED0051,DEP005,DEP003,2025-06-14 05:00:00,Isolation Required,45
MOV004136,PAT04130,ADM009306,FAC005,BED0654,BED0685,DEP005,DEP001,2025-11-17 21:00:00,Isolation Required,30
MOV004137,PAT08626,ADM007125,FAC003,BED0401,BED0404,DEP007,DEP005,2025-05-21 19:00:00,Department Transfer,33
MOV004138,PAT09442,ADM011779,FAC001,BED0866,BED0071,DEP003,DEP008,2023-07-05 15:00:00,Patient Request,39
MOV004139,PAT08577,ADM013365,FAC003,BED0393,BED0413,DEP003,DEP001,2023-03-27 08:00:00,Ward Change,17
MOV004142,PAT04961,ADM008598,FAC003,BED0407,BED0385,DEP007,DEP001,2021-10-05 17:00:00,Patient Request,28
MOV004147,PAT08373,ADM007019,FAC004,BED0514,BED0530,DEP005,DEP002,2025-03-13 05:00:00,Patient Request,14
MOV004148,PAT06881,ADM009808,FAC002,BED0859,BED0267,DEP001,DEP005,2026-04-23 06:00:00,Isolation Required,25
MOV004152,PAT04505,ADM006767,FAC001,BED0009,BED0136,DEP002,DEP001,2025-08-20 02:00:00,ICU Transfer,29
MOV004162,PAT05793,ADM011811,FAC004,BED0846,BED0533,DEP004,DEP006,2024-07-02 04:00:00,Bed Unavailability,49
MOV004167,PAT04717,ADM014835,FAC003,BED0415,BED0317,DEP008,DEP001,2021-01-29 21:00:00,Ward Change,33
MOV004172,PAT04046,ADM001031,FAC002,BED0211,BED0286,DEP001,DEP001,2025-08-18 14:00:00,Bed Unavailability,2
MOV004176,PAT06537,ADM000928,FAC003,BED0800,BED0759,DEP003,DEP001,2025-04-20 14:00:00,Isolation Required,19
MOV004178,PAT06108,ADM006844,FAC003,BED0404,BED0418,DEP005,DEP008,2025-09-03 14:00:00,Ward Change,27
MOV004183,PAT00009,ADM002777,FAC005,BED0814,BED0614,DEP008,DEP005,2025-10-05 14:00:00,Bed Unavailability,9
MOV004184,PAT10797,ADM014588,FAC005,BED0730,BED0841,DEP006,DEP005,2021-07-24 17:00:00,Bed Unavailability,42
MOV004190,PAT05051,ADM004393,FAC001,BED0119,BED0004,DEP004,DEP001,2025-08-28 06:00:00,Ward Change,43
MOV004197,PAT03617,ADM007553,FAC005,BED0624,BED0677,DEP005,DEP003,2025-05-18 04:00:00,Bed Unavailability,20
MOV004199,PAT03756,ADM010693,FAC002,BED0884,BED0201,DEP001,DEP007,2022-12-05 17:00:00,Patient Request,18
MOV004203,PAT01369,ADM006177,FAC005,BED0663,BED0721,DEP006,DEP006,2025-10-09 17:00:00,ICU Transfer,32
MOV004217,PAT09660,ADM010203,FAC005,BED0603,BED0667,DEP006,DEP008,2021-02-20 08:00:00,Ward Change,8
MOV004219,PAT00004,ADM002460,FAC005,BED0718,BED0658,DEP007,DEP003,2025-09-11 11:00:00,Patient Request,23
MOV004220,PAT04418,ADM001105,FAC002,BED0849,BED0258,DEP007,DEP001,2025-09-23 01:00:00,ICU Transfer,36
MOV004221,PAT02860,ADM003769,FAC004,BED0535,BED0896,DEP002,DEP006,2025-12-03 12:00:00,Bed Unavailability,47
MOV004224,PAT00115,ADM002729,FAC002,BED0257,BED0221,DEP007,DEP006,2025-12-21 04:00:00,Ward Change,14
MOV004225,PAT05744,ADM000250,FAC001,BED0117,BED0016,DEP004,DEP001,2025-06-30 18:00:00,ICU Transfer,17
MOV004233,PAT05655,ADM000009,FAC004,BED0559,BED0589,DEP002,DEP001,2025-11-06 06:00:00,Patient Request,24
MOV004237,PAT04352,ADM001415,FAC003,BED0353,BED0333,DEP001,DEP001,2025-03-24 11:00:00,Bed Unavailability,24
MOV004251,PAT08650,ADM011998,FAC001,BED0073,BED0182,DEP001,DEP004,2025-03-30 14:00:00,ICU Transfer,17
MOV004255,PAT09680,ADM013780,FAC005,BED0725,BED0650,DEP006,DEP005,2021-01-23 06:00:00,ICU Transfer,20
MOV004264,PAT03947,ADM005834,FAC005,BED0703,BED0830,DEP005,DEP007,2025-10-16 07:00:00,Patient Request,27
MOV004279,PAT03289,ADM004606,FAC001,BED0069,BED0084,DEP003,DEP004,2025-03-06 06:00:00,Ward Change,16
MOV004289,PAT12691,ADM013345,FAC002,BED0272,BED0241,DEP007,DEP001,2026-11-28 10:00:00,ICU Transfer,27
MOV004298,PAT02134,ADM008158,FAC003,BED0402,BED0310,DEP005,DEP008,2025-04-25 04:00:00,Patient Request,27
MOV004301,PAT04955,ADM007777,FAC003,BED0379,BED0351,DEP005,DEP008,2025-04-13 19:00:00,Isolation Required,20
MOV004311,PAT02502,ADM002268,FAC001,BED0098,BED0898,DEP002,DEP001,2025-08-29 16:00:00,ICU Transfer,30
MOV004319,PAT04867,ADM012383,FAC003,BED0809,BED0421,DEP001,DEP008,2026-02-16 05:00:00,Patient Request,19
MOV004343,PAT04085,ADM011090,FAC003,BED0406,BED0416,DEP005,DEP007,2026-03-05 04:00:00,Bed Unavailability,28
MOV004364,PAT10973,ADM011716,FAC003,BED0407,BED0313,DEP008,DEP007,2025-09-21 05:00:00,Ward Change,22
MOV004365,PAT01414,ADM008610,FAC002,BED0234,BED0244,DEP001,DEP006,2023-07-12 07:00:00,Bed Unavailability,32
MOV004367,PAT13675,ADM011427,FAC005,BED0881,BED0841,DEP007,DEP001,2025-11-27 23:00:00,Department Transfer,6
MOV004371,PAT06282,ADM005321,FAC001,BED0064,BED0823,DEP001,DEP002,2025-12-25 04:00:00,Patient Request,18
MOV004421,PAT00536,ADM004827,FAC005,BED0681,BED0656,DEP006,DEP001,2025-06-15 14:00:00,Bed Unavailability,39
MOV004424,PAT01311,ADM001727,FAC005,BED0641,BED0699,DEP001,DEP003,2025-08-30 11:00:00,Patient Request,8
MOV004427,PAT08133,ADM008474,FAC002,BED0207,BED0225,DEP001,DEP001,2025-11-04 05:00:00,ICU Transfer,19
MOV004433,PAT08262,ADM014932,FAC003,BED0835,BED0316,DEP003,DEP003,2024-04-24 14:00:00,Bed Unavailability,22
MOV004436,PAT05505,ADM003109,FAC005,BED0878,BED0648,DEP006,DEP005,2025-05-01 12:00:00,Department Transfer,4
MOV004437,PAT01800,ADM009880,FAC004,BED0504,BED0573,DEP004,DEP002,2024-01-17 11:00:00,ICU Transfer,20
MOV004439,PAT03208,ADM011243,FAC004,BED0543,BED0453,DEP002,DEP001,2025-04-16 09:00:00,Patient Request,9
MOV004445,PAT03099,ADM005718,FAC004,BED0540,BED0514,DEP007,DEP007,2025-01-17 11:00:00,Bed Unavailability,27
MOV004448,PAT02797,ADM001889,FAC003,BED0411,BED0876,DEP001,DEP008,2025-08-07 19:00:00,Patient Request,22
MOV004449,PAT06144,ADM003789,FAC001,BED0127,BED0029,DEP001,DEP003,2025-08-27 10:00:00,Patient Request,15
MOV004450,PAT01985,ADM010851,FAC004,BED0587,BED0459,DEP004,DEP001,2023-10-24 12:00:00,ICU Transfer,24
MOV004453,PAT09544,ADM011466,FAC005,BED0679,BED0661,DEP007,DEP006,2023-06-04 09:00:00,ICU Transfer,37
MOV004471,PAT01689,ADM009905,FAC002,BED0299,BED0197,DEP001,DEP006,2024-02-07 16:00:00,Ward Change,26
MOV004486,PAT09394,ADM013638,FAC004,BED0576,BED0563,DEP005,DEP002,2021-03-26 19:00:00,Ward Change,28
MOV004488,PAT08983,ADM014168,FAC004,BED0447,BED0440,DEP002,DEP002,2023-09-06 02:00:00,Ward Change,38
MOV004491,PAT04345,ADM001783,FAC001,BED0038,BED0754,DEP005,DEP003,2025-03-23 12:00:00,Bed Unavailability,33
MOV004495,PAT07540,ADM012721,FAC005,BED0671,BED0740,DEP005,DEP001,2025-01-13 13:00:00,Department Transfer,17
MOV004499,PAT08583,ADM006319,FAC004,BED0530,BED0504,DEP006,DEP001,2025-11-20 07:00:00,Isolation Required,29
MOV004501,PAT03207,ADM002287,FAC005,BED0666,BED0700,DEP001,DEP003,2025-01-06 05:00:00,Bed Unavailability,27
MOV004502,PAT08731,ADM006682,FAC005,BED0727,BED0653,DEP001,DEP008,2025-03-27 17:00:00,Bed Unavailability,12
MOV004503,PAT07088,ADM003961,FAC005,BED0703,BED0608,DEP001,DEP006,2025-11-09 09:00:00,ICU Transfer,19
MOV004520,PAT06502,ADM000885,FAC005,BED0624,BED0611,DEP003,DEP007,2025-09-24 01:00:00,Department Transfer,13
MOV004521,PAT08938,ADM000312,FAC001,BED0135,BED0014,DEP004,DEP002,2025-07-04 18:00:00,Department Transfer,50
MOV004524,PAT05684,ADM000854,FAC005,BED0715,BED0682,DEP006,DEP005,2025-12-03 16:00:00,Patient Request,19
MOV004530,PAT08137,ADM003322,FAC005,BED0604,BED0616,DEP001,DEP008,2025-09-02 07:00:00,Isolation Required,31
MOV004535,PAT12927,ADM011872,FAC003,BED0891,BED0882,DEP001,DEP008,2024-06-17 09:00:00,Department Transfer,26
MOV004539,PAT01394,ADM009487,FAC004,BED0463,BED0544,DEP007,DEP006,2024-08-03 16:00:00,Department Transfer,26
MOV004542,PAT14954,ADM010977,FAC001,BED0181,BED0024,DEP002,DEP004,2023-02-21 18:00:00,Ward Change,23
MOV004546,PAT00115,ADM002729,FAC002,BED0242,BED0303,DEP007,DEP001,2025-12-22 18:00:00,Patient Request,25
MOV004547,PAT09717,ADM004937,FAC002,BED0198,BED0213,DEP007,DEP005,2025-02-10 14:00:00,Department Transfer,26
MOV004553,PAT01936,ADM008065,FAC002,BED0239,BED0785,DEP002,DEP002,2025-03-16 11:00:00,Patient Request,8
MOV004556,PAT01689,ADM003889,FAC001,BED0138,BED0005,DEP001,DEP003,2025-10-29 04:00:00,ICU Transfer,23
MOV004562,PAT09682,ADM003532,FAC003,BED0392,BED0412,DEP005,DEP003,2025-10-12 09:00:00,Department Transfer,15
MOV004569,PAT04985,ADM000960,FAC005,BED0684,BED0677,DEP008,DEP001,2025-12-12 07:00:00,ICU Transfer,19
MOV004570,PAT07052,ADM001161,FAC005,BED0738,BED0679,DEP007,DEP006,2025-03-03 22:00:00,Bed Unavailability,30
MOV004575,PAT14811,ADM014867,FAC003,BED0756,BED0406,DEP008,DEP007,2023-07-08 14:00:00,Bed Unavailability,35
MOV004576,PAT07253,ADM011107,FAC004,BED0548,BED0450,DEP007,DEP005,2023-09-17 19:00:00,Department Transfer,29
MOV004586,PAT02020,ADM002368,FAC005,BED0814,BED0816,DEP006,DEP003,2025-12-10 19:00:00,Isolation Required,38
MOV004592,PAT00275,ADM007153,FAC005,BED0734,BED0739,DEP008,DEP001,2025-08-28 13:00:00,Department Transfer,24
MOV004597,PAT03323,ADM000905,FAC002,BED0231,BED0249,DEP002,DEP007,2025-11-16 16:00:00,Department Transfer,13
MOV004598,PAT10857,ADM013841,FAC003,BED0404,BED0353,DEP008,DEP008,2023-11-21 03:00:00,Ward Change,43
MOV004601,PAT09040,ADM009991,FAC003,BED0372,BED0350,DEP003,DEP003,2022-05-15 14:00:00,Bed Unavailability,26
MOV004604,PAT03372,ADM014501,FAC005,BED0647,BED0658,DEP001,DEP006,2025-12-16 16:00:00,Bed Unavailability,14
MOV004605,PAT05385,ADM009247,FAC003,BED0322,BED0420,DEP001,DEP008,2026-06-06 13:00:00,Ward Change,50
MOV004606,PAT07692,ADM007317,FAC001,BED0131,BED0057,DEP005,DEP008,2025-01-28 05:00:00,Bed Unavailability,18
MOV004607,PAT03060,ADM004105,FAC004,BED0529,BED0498,DEP001,DEP006,2025-11-07 22:00:00,Isolation Required,28
MOV004609,PAT13247,ADM013105,FAC002,BED0293,BED0287,DEP005,DEP007,2021-03-20 23:00:00,Patient Request,20
MOV004620,PAT05505,ADM003109,FAC005,BED0625,BED0711,DEP006,DEP005,2025-05-01 18:00:00,Department Transfer,10
MOV004629,PAT06313,ADM009811,FAC004,BED0557,BED0560,DEP006,DEP004,2021-08-16 05:00:00,Patient Request,36
MOV004639,PAT04129,ADM012587,FAC001,BED0845,BED0010,DEP004,DEP008,2026-07-08 20:00:00,Bed Unavailability,30
MOV004645,PAT02358,ADM009524,FAC001,BED0853,BED0174,DEP004,DEP005,2022-01-19 07:00:00,Bed Unavailability,4
MOV004649,PAT03572,ADM006051,FAC001,BED0071,BED0040,DEP003,DEP005,2025-04-30 12:00:00,ICU Transfer,29
MOV004653,PAT06844,ADM000448,FAC005,BED0658,BED0750,DEP006,DEP005,2025-09-05 07:00:00,Isolation Required,44
MOV004667,PAT05501,ADM009482,FAC002,BED0231,BED0292,DEP001,DEP002,2024-05-02 14:00:00,Isolation Required,10
MOV004669,PAT03711,ADM006026,FAC004,BED0593,BED0488,DEP005,DEP001,2025-05-11 13:00:00,Ward Change,23
MOV004689,PAT11400,ADM012336,FAC005,BED0641,BED0635,DEP005,DEP008,2023-07-29 12:00:00,Department Transfer,37
MOV004690,PAT00408,ADM013632,FAC003,BED0322,BED0331,DEP005,DEP001,2024-10-29 04:00:00,Ward Change,36
MOV004691,PAT09459,ADM014459,FAC003,BED0395,BED0385,DEP001,DEP008,2021-05-30 14:00:00,Bed Unavailability,33
MOV004693,PAT10878,ADM009436,FAC005,BED0706,BED0690,DEP001,DEP007,2021-05-27 19:00:00,Isolation Required,34
MOV004703,PAT07959,ADM013277,FAC002,BED0775,BED0211,DEP001,DEP002,2024-08-21 10:00:00,Bed Unavailability,28
MOV004723,PAT01567,ADM002372,FAC004,BED0581,BED0446,DEP001,DEP005,2025-07-29 21:00:00,Ward Change,31
MOV004734,PAT03284,ADM001582,FAC001,BED0055,BED0088,DEP001,DEP008,2025-02-08 11:00:00,Ward Change,10
MOV004737,PAT09390,ADM000673,FAC004,BED0755,BED0515,DEP007,DEP004,2025-06-01 10:00:00,Ward Change,17
MOV004742,PAT11059,ADM009680,FAC004,BED0477,BED0583,DEP004,DEP005,2026-09-13 01:00:00,Isolation Required,10
MOV004746,PAT02406,ADM001796,FAC003,BED0394,BED0416,DEP005,DEP007,2025-11-09 10:00:00,Patient Request,25
MOV004751,PAT03469,ADM007053,FAC002,BED0219,BED0849,DEP006,DEP006,2025-11-28 15:00:00,ICU Transfer,40
MOV004752,PAT10256,ADM010525,FAC002,BED0302,BED0840,DEP005,DEP006,2026-09-15 19:00:00,ICU Transfer,44
MOV004755,PAT02056,ADM001828,FAC003,BED0403,BED0340,DEP001,DEP007,2025-10-17 06:00:00,Isolation Required,26
MOV004758,PAT04004,ADM006817,FAC005,BED0698,BED0797,DEP006,DEP006,2025-06-18 14:00:00,Department Transfer,43
MOV004763,PAT13267,ADM014144,FAC001,BED0107,BED0011,DEP002,DEP001,2023-06-11 12:00:00,Bed Unavailability,46
MOV004764,PAT07052,ADM003332,FAC003,BED0427,BED0899,DEP001,DEP008,2025-11-28 12:00:00,Department Transfer,28
MOV004773,PAT07223,ADM009036,FAC001,BED0012,BED0060,DEP005,DEP008,2021-08-15 18:00:00,Patient Request,2
MOV004775,PAT02612,ADM010778,FAC004,BED0444,BED0528,DEP006,DEP004,2024-05-14 08:00:00,ICU Transfer,29
MOV004776,PAT13751,ADM009488,FAC004,BED0578,BED0570,DEP002,DEP001,2025-09-20 07:00:00,Patient Request,33
MOV004786,PAT06432,ADM002045,FAC001,BED0062,BED0171,DEP004,DEP008,2025-12-22 01:00:00,Ward Change,41
MOV004789,PAT02693,ADM006649,FAC001,BED0122,BED0116,DEP005,DEP005,2025-05-03 15:00:00,Bed Unavailability,23
MOV004791,PAT06694,ADM007205,FAC005,BED0644,BED0723,DEP008,DEP005,2025-08-02 07:00:00,Bed Unavailability,36
MOV004802,PAT12873,ADM013871,FAC005,BED0649,BED0625,DEP006,DEP008,2023-08-25 11:00:00,Patient Request,25
MOV004806,PAT08181,ADM000177,FAC005,BED0670,BED0658,DEP001,DEP005,2025-08-28 10:00:00,Isolation Required,32
MOV004807,PAT01990,ADM010976,FAC002,BED0223,BED0252,DEP002,DEP005,2026-06-19 16:00:00,Bed Unavailability,38
MOV004811,PAT00928,ADM004172,FAC004,BED0461,BED0546,DEP001,DEP007,2025-02-20 04:00:00,Department Transfer,17
MOV004812,PAT04748,ADM012677,FAC003,BED0374,BED0358,DEP001,DEP001,2023-02-25 05:00:00,Patient Request,49
MOV004829,PAT03781,ADM005893,FAC001,BED0178,BED0017,DEP002,DEP004,2025-04-21 04:00:00,ICU Transfer,41
MOV004830,PAT05555,ADM007806,FAC002,BED0297,BED0193,DEP005,DEP007,2025-07-04 21:00:00,Ward Change,35
MOV004831,PAT09786,ADM006726,FAC002,BED0251,BED0218,DEP002,DEP007,2025-11-02 06:00:00,ICU Transfer,22
MOV004837,PAT02920,ADM000847,FAC005,BED0716,BED0746,DEP003,DEP001,2025-03-19 09:00:00,Bed Unavailability,5
MOV004846,PAT04949,ADM001690,FAC005,BED0718,BED0779,DEP001,DEP005,2025-07-24 21:00:00,Isolation Required,22
MOV004849,PAT07820,ADM012708,FAC004,BED0469,BED0482,DEP004,DEP004,2021-06-01 18:00:00,Patient Request,30
MOV004857,PAT08385,ADM008000,FAC001,BED0144,BED0887,DEP004,DEP003,2025-05-27 13:00:00,Isolation Required,45
MOV004862,PAT00765,ADM004644,FAC003,BED0314,BED0365,DEP005,DEP008,2025-07-22 05:00:00,Isolation Required,47
MOV004868,PAT03796,ADM000806,FAC004,BED0570,BED0571,DEP005,DEP001,2025-04-13 11:00:00,Department Transfer,17
MOV004869,PAT09485,ADM006121,FAC004,BED0547,BED0486,DEP005,DEP006,2025-06-27 06:00:00,Department Transfer,13
MOV004871,PAT03480,ADM008141,FAC001,BED0069,BED0066,DEP003,DEP005,2025-12-16 04:00:00,Ward Change,47
MOV004874,PAT02406,ADM001796,FAC003,BED0317,BED0372,DEP005,DEP007,2025-11-09 09:00:00,Patient Request,2
MOV004879,PAT13270,ADM012115,FAC002,BED0199,BED0271,DEP001,DEP001,2023-10-31 12:00:00,ICU Transfer,35
MOV004886,PAT11270,ADM009547,FAC004,BED0477,BED0491,DEP006,DEP004,2023-02-10 04:00:00,Ward Change,54
MOV004887,PAT08268,ADM002898,FAC002,BED0285,BED0822,DEP006,DEP002,2025-12-04 17:00:00,Bed Unavailability,28
MOV004888,PAT12166,ADM011127,FAC005,BED0633,BED0691,DEP006,DEP007,2023-08-02 11:00:00,Isolation Required,32
MOV004901,PAT07717,ADM007114,FAC004,BED0523,BED0576,DEP006,DEP004,2025-09-16 11:00:00,ICU Transfer,32
MOV004905,PAT04660,ADM008800,FAC005,BED0629,BED0639,DEP006,DEP005,2022-08-17 12:00:00,Department Transfer,22
MOV004906,PAT00994,ADM000704,FAC003,BED0399,BED0334,DEP003,DEP005,2025-05-08 00:00:00,ICU Transfer,28
MOV004909,PAT00555,ADM011660,FAC003,BED0394,BED0430,DEP003,DEP001,2023-04-13 16:00:00,Patient Request,2
MOV004912,PAT07146,ADM002652,FAC001,BED0011,BED0104,DEP003,DEP002,2025-03-18 07:00:00,ICU Transfer,18
MOV004915,PAT00901,ADM004964,FAC004,BED0600,BED0498,DEP002,DEP004,2025-08-17 19:00:00,Bed Unavailability,33
MOV004917,PAT02792,ADM001568,FAC005,BED0632,BED0678,DEP005,DEP007,2025-07-01 02:00:00,Department Transfer,55
MOV004927,PAT04537,ADM014944,FAC002,BED0234,BED0277,DEP006,DEP006,2021-03-20 13:00:00,Patient Request,35
MOV004929,PAT05310,ADM000818,FAC005,BED0643,BED0735,DEP005,DEP003,2025-03-17 10:00:00,Isolation Required,18
MOV004933,PAT06299,ADM006457,FAC001,BED0080,BED0172,DEP001,DEP001,2025-06-20 08:00:00,Isolation Required,27
MOV004948,PAT08787,ADM003143,FAC003,BED0311,BED0882,DEP005,DEP005,2025-03-24 19:00:00,Patient Request,22
MOV004957,PAT05136,ADM002737,FAC004,BED0450,BED0461,DEP001,DEP001,2025-05-31 00:00:00,Isolation Required,23
MOV004963,PAT10974,ADM014188,FAC002,BED0291,BED0832,DEP005,DEP002,2021-08-20 16:00:00,Department Transfer,32
MOV004967,PAT12609,ADM011592,FAC003,BED0365,BED0889,DEP005,DEP007,2025-03-18 23:00:00,Ward Change,41
MOV004970,PAT02526,ADM005959,FAC001,BED0040,BED0132,DEP002,DEP004,2025-03-06 15:00:00,ICU Transfer,36
MOV004973,PAT03548,ADM014162,FAC004,BED0577,BED0436,DEP002,DEP001,2023-03-01 23:00:00,Isolation Required,12
MOV004976,PAT06696,ADM001634,FAC001,BED0066,BED0030,DEP005,DEP002,2025-04-16 05:00:00,ICU Transfer,34
MOV004979,PAT09732,ADM006635,FAC001,BED0170,BED0847,DEP002,DEP008,2025-08-05 05:00:00,Ward Change,22
MOV004980,PAT05741,ADM010329,FAC001,BED0067,BED0179,DEP002,DEP003,2025-02-08 19:00:00,Department Transfer,35
MOV004982,PAT14991,ADM011002,FAC002,BED0258,BED0229,DEP002,DEP005,2022-09-28 10:00:00,Ward Change,27
MOV004983,PAT10797,ADM014588,FAC005,BED0830,BED0803,DEP006,DEP008,2021-07-25 23:00:00,Isolation Required,15
MOV004989,PAT05283,ADM001935,FAC001,BED0067,BED0119,DEP005,DEP005,2025-09-12 08:00:00,Ward Change,38
MOV005002,PAT06731,ADM014110,FAC004,BED0438,BED0518,DEP004,DEP007,2026-02-16 12:00:00,Ward Change,13
MOV005007,PAT05548,ADM014261,FAC003,BED0395,BED0897,DEP005,DEP003,2026-12-24 06:00:00,Patient Request,54
MOV005018,PAT10624,ADM009392,FAC001,BED0104,BED0887,DEP003,DEP005,2024-07-27 07:00:00,Patient Request,22
MOV005019,PAT06336,ADM007732,FAC004,BED0522,BED0554,DEP002,DEP005,2025-03-14 11:00:00,Ward Change,27
MOV005020,PAT14278,ADM012793,FAC005,BED0699,BED0888,DEP008,DEP001,2025-09-03 15:00:00,Bed Unavailability,17
MOV005027,PAT04979,ADM001016,FAC005,BED0801,BED0672,DEP008,DEP007,2025-12-09 17:00:00,Bed Unavailability,23
MOV005033,PAT14325,ADM011887,FAC004,BED0567,BED0510,DEP006,DEP002,2024-04-13 07:00:00,ICU Transfer,29
MOV005043,PAT05036,ADM003611,FAC001,BED0058,BED0085,DEP005,DEP008,2025-10-07 18:00:00,Isolation Required,43
MOV005046,PAT00016,ADM014285,FAC004,BED0520,BED0547,DEP005,DEP007,2021-06-21 18:00:00,Department Transfer,20
MOV005048,PAT00994,ADM000704,FAC003,BED0802,BED0407,DEP003,DEP001,2025-05-08 09:00:00,Ward Change,21
MOV005049,PAT03209,ADM012772,FAC003,BED0320,BED0401,DEP003,DEP001,2025-12-03 05:00:00,Patient Request,25
MOV005054,PAT00926,ADM003283,FAC001,BED0013,BED0099,DEP002,DEP008,2025-01-23 08:00:00,ICU Transfer,46
MOV005057,PAT04897,ADM007661,FAC004,BED0450,BED0581,DEP006,DEP007,2025-03-29 15:00:00,Ward Change,25
MOV005070,PAT05793,ADM000681,FAC005,BED0791,BED0707,DEP008,DEP003,2025-01-11 00:00:00,Isolation Required,14
MOV005073,PAT12503,ADM010655,FAC003,BED0374,BED0367,DEP005,DEP008,2022-08-03 12:00:00,Isolation Required,33
MOV005074,PAT03493,ADM009242,FAC003,BED0390,BED0346,DEP001,DEP005,2026-06-02 23:00:00,Patient Request,49
MOV005075,PAT03106,ADM006520,FAC004,BED0580,BED0480,DEP005,DEP001,2025-10-07 18:00:00,Patient Request,11
MOV005076,PAT04922,ADM002123,FAC001,BED0053,BED0826,DEP008,DEP005,2025-03-10 14:00:00,Patient Request,18
MOV005081,PAT03121,ADM004116,FAC001,BED0059,BED0127,DEP004,DEP005,2025-10-30 07:00:00,Bed Unavailability,33
MOV005082,PAT08094,ADM008164,FAC005,BED0843,BED0624,DEP007,DEP005,2025-09-28 04:00:00,Isolation Required,2
MOV005088,PAT01804,ADM000082,FAC005,BED0617,BED0633,DEP003,DEP005,2025-08-26 03:00:00,Ward Change,26
MOV005098,PAT02118,ADM006608,FAC002,BED0215,BED0822,DEP005,DEP001,2025-03-04 08:00:00,Isolation Required,14
MOV005103,PAT08603,ADM004748,FAC001,BED0122,BED0025,DEP008,DEP001,2025-11-10 22:00:00,Bed Unavailability,45
MOV005109,PAT07088,ADM002854,FAC003,BED0340,BED0309,DEP001,DEP008,2025-06-01 06:00:00,Department Transfer,31
MOV005111,PAT05385,ADM009247,FAC003,BED0374,BED0399,DEP001,DEP001,2026-06-04 01:00:00,Isolation Required,37
MOV005112,PAT00411,ADM006074,FAC004,BED0576,BED0559,DEP005,DEP005,2025-12-18 04:00:00,Isolation Required,25
MOV005116,PAT01731,ADM008730,FAC004,BED0530,BED0836,DEP001,DEP001,2023-03-02 17:00:00,ICU Transfer,21
MOV005131,PAT06889,ADM014237,FAC004,BED0848,BED0896,DEP007,DEP005,2025-05-04 16:00:00,Patient Request,26
MOV005133,PAT08150,ADM007304,FAC001,BED0101,BED0037,DEP003,DEP005,2025-01-14 20:00:00,ICU Transfer,21
MOV005136,PAT03234,ADM009641,FAC004,BED0774,BED0498,DEP007,DEP006,2024-05-08 01:00:00,Department Transfer,36
MOV005142,PAT07794,ADM002671,FAC003,BED0401,BED0312,DEP001,DEP005,2025-10-02 16:00:00,Isolation Required,9
MOV005143,PAT11934,ADM010266,FAC004,BED0536,BED0469,DEP007,DEP001,2021-06-13 10:00:00,Patient Request,10
MOV005148,PAT09591,ADM001486,FAC005,BED0722,BED0888,DEP006,DEP003,2025-02-18 07:00:00,Bed Unavailability,17
MOV005155,PAT13869,ADM011330,FAC003,BED0835,BED0876,DEP003,DEP008,2022-07-05 05:00:00,Isolation Required,30
MOV005156,PAT07376,ADM014973,FAC002,BED0242,BED0884,DEP005,DEP001,2025-10-20 18:00:00,ICU Transfer,30
MOV005161,PAT04058,ADM009655,FAC004,BED0890,BED0504,DEP002,DEP002,2025-08-23 07:00:00,Department Transfer,6
MOV005167,PAT11147,ADM014300,FAC005,BED0688,BED0728,DEP001,DEP006,2024-01-15 06:00:00,ICU Transfer,34
MOV005170,PAT05023,ADM010011,FAC005,BED0642,BED0639,DEP008,DEP003,2022-01-22 12:00:00,Bed Unavailability,18
MOV005172,PAT07794,ADM002671,FAC003,BED0307,BED0389,DEP001,DEP005,2025-10-02 06:00:00,Bed Unavailability,2
MOV005177,PAT01870,ADM007960,FAC005,BED0625,BED0650,DEP001,DEP003,2025-02-15 07:00:00,Ward Change,18
MOV005179,PAT09544,ADM011466,FAC005,BED0623,BED0601,DEP007,DEP001,2023-06-01 22:00:00,Department Transfer,7
MOV005186,PAT10495,ADM012178,FAC001,BED0139,BED0152,DEP002,DEP003,2022-04-17 04:00:00,Patient Request,27
MOV005191,PAT06804,ADM000058,FAC002,BED0301,BED0218,DEP005,DEP006,2025-08-07 10:00:00,Ward Change,14
MOV005195,PAT11258,ADM011384,FAC004,BED0545,BED0442,DEP007,DEP006,2021-08-05 13:00:00,Department Transfer,24
MOV005198,PAT03964,ADM005449,FAC002,BED0865,BED0783,DEP005,DEP006,2025-03-18 11:00:00,Isolation Required,40
MOV005200,PAT03438,ADM012779,FAC003,BED0416,BED0346,DEP003,DEP008,2025-05-19 12:00:00,Bed Unavailability,24
MOV005201,PAT05624,ADM002039,FAC004,BED0547,BED0598,DEP006,DEP004,2025-07-16 23:00:00,Patient Request,50
MOV005209,PAT11750,ADM008896,FAC002,BED0272,BED0300,DEP006,DEP002,2023-08-04 06:00:00,Bed Unavailability,12
MOV005212,PAT08673,ADM002710,FAC001,BED0073,BED0096,DEP005,DEP003,2025-03-17 06:00:00,Patient Request,31
MOV005213,PAT08331,ADM006770,FAC001,BED0108,BED0072,DEP001,DEP005,2025-06-30 04:00:00,ICU Transfer,9
MOV005215,PAT02535,ADM004207,FAC001,BED0100,BED0050,DEP003,DEP003,2025-04-11 18:00:00,Bed Unavailability,27
MOV005216,PAT05454,ADM011898,FAC004,BED0445,BED0512,DEP002,DEP007,2021-05-12 12:00:00,Ward Change,12
MOV005220,PAT02255,ADM014384,FAC003,BED0364,BED0356,DEP008,DEP007,2026-08-30 05:00:00,Department Transfer,14
MOV005223,PAT02956,ADM014552,FAC004,BED0854,BED0511,DEP007,DEP004,2023-01-09 06:00:00,Patient Request,37
MOV005231,PAT00634,ADM009795,FAC002,BED0207,BED0301,DEP007,DEP005,2026-07-17 22:00:00,Ward Change,33
MOV005232,PAT05602,ADM010068,FAC003,BED0773,BED0371,DEP005,DEP003,2024-01-01 14:00:00,Ward Change,14
MOV005236,PAT08383,ADM009321,FAC003,BED0323,BED0339,DEP005,DEP005,2022-03-27 19:00:00,Bed Unavailability,15
MOV005237,PAT01745,ADM000626,FAC002,BED0855,BED0760,DEP007,DEP006,2025-07-03 10:00:00,ICU Transfer,41
MOV005240,PAT09027,ADM002265,FAC002,BED0894,BED0234,DEP001,DEP005,2025-12-26 13:00:00,Patient Request,21
MOV005248,PAT01958,ADM004654,FAC001,BED0120,BED0010,DEP005,DEP005,2025-04-25 13:00:00,Ward Change,26
MOV005257,PAT07717,ADM003964,FAC003,BED0385,BED0394,DEP005,DEP005,2025-04-27 11:00:00,ICU Transfer,19
MOV005275,PAT02914,ADM010924,FAC005,BED0693,BED0714,DEP008,DEP005,2026-05-15 04:00:00,ICU Transfer,34
MOV005278,PAT09549,ADM005334,FAC001,BED0072,BED0012,DEP004,DEP005,2025-02-13 18:00:00,Isolation Required,21
MOV005284,PAT01985,ADM005397,FAC001,BED0086,BED0837,DEP001,DEP002,2025-06-02 10:00:00,Department Transfer,18
MOV005286,PAT09813,ADM004021,FAC002,BED0223,BED0219,DEP007,DEP002,2025-02-22 15:00:00,Patient Request,10
MOV005306,PAT11882,ADM010395,FAC005,BED0772,BED0613,DEP001,DEP007,2026-08-31 17:00:00,Patient Request,20
MOV005316,PAT00851,ADM008482,FAC005,BED0608,BED0747,DEP001,DEP003,2025-01-13 18:00:00,Department Transfer,20
MOV005322,PAT02003,ADM001757,FAC005,BED0698,BED0637,DEP008,DEP008,2025-03-19 12:00:00,Isolation Required,7
MOV005324,PAT07641,ADM014732,FAC001,BED0049,BED0093,DEP001,DEP003,2022-03-08 09:00:00,Bed Unavailability,27
MOV005336,PAT12581,ADM011943,FAC001,BED0022,BED0105,DEP001,DEP001,2022-02-02 14:00:00,Bed Unavailability,25
MOV005339,PAT01721,ADM001254,FAC004,BED0453,BED0511,DEP006,DEP001,2025-05-01 08:00:00,ICU Transfer,21
MOV005343,PAT00796,ADM001831,FAC004,BED0469,BED0559,DEP007,DEP005,2025-03-10 09:00:00,Patient Request,27
MOV005352,PAT02056,ADM010307,FAC005,BED0852,BED0779,DEP005,DEP005,2024-01-19 08:00:00,Patient Request,16
MOV005362,PAT11190,ADM014943,FAC002,BED0191,BED0275,DEP005,DEP007,2026-05-13 15:00:00,ICU Transfer,30
MOV005363,PAT11366,ADM014645,FAC005,BED0722,BED0706,DEP001,DEP008,2024-11-02 04:00:00,Patient Request,2
MOV005370,PAT00813,ADM004430,FAC005,BED0714,BED0792,DEP007,DEP006,2025-06-18 19:00:00,ICU Transfer,31
MOV005373,PAT02316,ADM010783,FAC001,BED0138,BED0122,DEP002,DEP008,2025-06-02 07:00:00,ICU Transfer,30
MOV005376,PAT06193,ADM003190,FAC005,BED0677,BED0688,DEP005,DEP001,2025-12-26 12:00:00,Bed Unavailability,9
MOV005378,PAT09751,ADM002128,FAC001,BED0130,BED0080,DEP003,DEP008,2025-03-10 09:00:00,ICU Transfer,18
MOV005380,PAT00938,ADM013119,FAC003,BED0322,BED0392,DEP007,DEP003,2021-01-13 11:00:00,Isolation Required,28
MOV005384,PAT07692,ADM007317,FAC001,BED0845,BED0085,DEP005,DEP005,2025-01-28 10:00:00,Ward Change,43
MOV005385,PAT06336,ADM011454,FAC004,BED0789,BED0588,DEP002,DEP001,2022-01-13 19:00:00,Patient Request,23
MOV005404,PAT02817,ADM001519,FAC005,BED0612,BED0881,DEP003,DEP007,2025-10-30 06:00:00,Patient Request,8
MOV005405,PAT09884,ADM007386,FAC004,BED0582,BED0548,DEP007,DEP002,2025-02-19 07:00:00,Isolation Required,25
MOV005407,PAT04871,ADM005546,FAC005,BED0681,BED0678,DEP008,DEP001,2025-04-29 10:00:00,Ward Change,34
MOV005411,PAT04339,ADM002827,FAC002,BED0271,BED0248,DEP001,DEP006,2025-10-15 11:00:00,ICU Transfer,32
MOV005415,PAT01011,ADM007100,FAC005,BED0601,BED0747,DEP001,DEP003,2025-08-25 22:00:00,Isolation Required,31
MOV005416,PAT08049,ADM007897,FAC001,BED0125,BED0029,DEP008,DEP003,2025-01-08 05:00:00,Patient Request,28
MOV005422,PAT13466,ADM011119,FAC003,BED0767,BED0379,DEP007,DEP007,2025-01-08 00:00:00,Department Transfer,41
MOV005425,PAT09647,ADM006413,FAC002,BED0300,BED0212,DEP005,DEP002,2025-10-21 19:00:00,Isolation Required,22
MOV005429,PAT02302,ADM013450,FAC004,BED0491,BED0532,DEP005,DEP004,2025-09-01 18:00:00,Isolation Required,44
MOV005430,PAT02320,ADM000684,FAC001,BED0164,BED0041,DEP004,DEP004,2025-10-16 18:00:00,Isolation Required,24
MOV005442,PAT01955,ADM014226,FAC003,BED0900,BED0309,DEP003,DEP005,2021-10-18 03:00:00,Isolation Required,15
MOV005447,PAT00174,ADM005704,FAC003,BED0366,BED0354,DEP008,DEP008,2025-10-25 00:00:00,Ward Change,17
MOV005455,PAT03617,ADM003942,FAC003,BED0327,BED0362,DEP003,DEP001,2025-07-13 10:00:00,ICU Transfer,33
MOV005467,PAT05624,ADM002039,FAC004,BED0572,BED0857,DEP006,DEP004,2025-07-17 17:00:00,Department Transfer,28
MOV005476,PAT04360,ADM006471,FAC005,BED0620,BED0692,DEP003,DEP006,2025-10-16 14:00:00,Isolation Required,30
MOV005488,PAT04402,ADM010918,FAC003,BED0331,BED0379,DEP005,DEP005,2024-10-14 01:00:00,Bed Unavailability,21
MOV005499,PAT04128,ADM001098,FAC001,BED0126,BED0108,DEP005,DEP003,2025-07-13 04:00:00,ICU Transfer,15
MOV005509,PAT00275,ADM007153,FAC005,BED0816,BED0652,DEP008,DEP006,2025-08-28 19:00:00,Patient Request,37
MOV005510,PAT04554,ADM003175,FAC004,BED0473,BED0569,DEP007,DEP004,2025-09-28 18:00:00,ICU Transfer,4
MOV005511,PAT07540,ADM002719,FAC004,BED0547,BED0559,DEP006,DEP005,2025-10-30 04:00:00,Patient Request,29
MOV005513,PAT11914,ADM008871,FAC004,BED0467,BED0488,DEP005,DEP001,2023-04-13 09:00:00,Department Transfer,39
MOV005518,PAT05184,ADM012625,FAC004,BED0502,BED0511,DEP002,DEP004,2026-11-01 13:00:00,Department Transfer,25
MOV005523,PAT03088,ADM011197,FAC001,BED0118,BED0014,DEP003,DEP004,2022-01-27 21:00:00,Department Transfer,26
MOV005531,PAT05763,ADM004750,FAC005,BED0667,BED0638,DEP003,DEP001,2025-05-20 17:00:00,ICU Transfer,22
MOV005536,PAT08490,ADM009704,FAC005,BED0629,BED0717,DEP003,DEP007,2025-03-06 16:00:00,Patient Request,46
MOV005538,PAT06537,ADM006205,FAC005,BED0618,BED0746,DEP007,DEP003,2025-09-26 01:00:00,Department Transfer,26
MOV005542,PAT05024,ADM014359,FAC001,BED0099,BED0111,DEP002,DEP008,2022-03-01 11:00:00,Isolation Required,32
MOV005551,PAT07829,ADM004597,FAC002,BED0201,BED0229,DEP006,DEP005,2025-01-27 10:00:00,Bed Unavailability,20
MOV005554,PAT09897,ADM006455,FAC004,BED0557,BED0444,DEP001,DEP007,2025-04-20 07:00:00,Ward Change,26
MOV005561,PAT09954,ADM001305,FAC004,BED0452,BED0444,DEP006,DEP005,2025-12-19 10:00:00,Patient Request,11
MOV005563,PAT02997,ADM008692,FAC005,BED0727,BED0652,DEP003,DEP005,2023-08-04 17:00:00,Isolation Required,7
MOV005576,PAT05181,ADM014596,FAC004,BED0483,BED0771,DEP002,DEP001,2024-12-23 22:00:00,Isolation Required,16
MOV005585,PAT08383,ADM012533,FAC005,BED0635,BED0695,DEP006,DEP001,2024-03-31 22:00:00,ICU Transfer,17
MOV005594,PAT01492,ADM012685,FAC005,BED0607,BED0622,DEP006,DEP006,2021-06-09 16:00:00,ICU Transfer,15
MOV005603,PAT05181,ADM014596,FAC004,BED0476,BED0854,DEP002,DEP001,2024-12-24 05:00:00,ICU Transfer,27
MOV005613,PAT00721,ADM008585,FAC001,BED0180,BED0031,DEP002,DEP005,2021-08-10 05:00:00,ICU Transfer,51
MOV005614,PAT08210,ADM014616,FAC004,BED0538,BED0542,DEP002,DEP004,2024-07-21 07:00:00,Ward Change,2
MOV005618,PAT02123,ADM003956,FAC002,BED0822,BED0200,DEP007,DEP006,2025-12-25 02:00:00,ICU Transfer,52
MOV005624,PAT04296,ADM004970,FAC001,BED0150,BED0088,DEP008,DEP005,2025-03-29 04:00:00,Ward Change,26
MOV005625,PAT11194,ADM014805,FAC003,BED0410,BED0422,DEP007,DEP007,2026-08-17 06:00:00,Department Transfer,35
MOV005626,PAT10878,ADM009436,FAC005,BED0694,BED0691,DEP001,DEP008,2021-05-27 17:00:00,Department Transfer,19
MOV005633,PAT07088,ADM003961,FAC005,BED0610,BED0642,DEP001,DEP007,2025-11-09 08:00:00,Department Transfer,23
MOV005634,PAT01254,ADM005277,FAC005,BED0661,BED0642,DEP003,DEP001,2025-11-07 04:00:00,ICU Transfer,42
MOV005641,PAT08109,ADM005620,FAC001,BED0808,BED0106,DEP003,DEP004,2025-10-10 12:00:00,Department Transfer,21
MOV005644,PAT09692,ADM006359,FAC003,BED0307,BED0384,DEP005,DEP003,2025-09-02 05:00:00,Ward Change,44
MOV005651,PAT02488,ADM012059,FAC004,BED0558,BED0580,DEP005,DEP006,2026-05-30 15:00:00,Bed Unavailability,43
MOV005655,PAT09238,ADM007130,FAC004,BED0505,BED0590,DEP006,DEP004,2025-01-11 00:00:00,Department Transfer,18
MOV005660,PAT09616,ADM003974,FAC001,BED0826,BED0014,DEP004,DEP008,2025-10-06 11:00:00,Isolation Required,30
MOV005675,PAT05460,ADM007099,FAC002,BED0297,BED0253,DEP006,DEP006,2025-05-16 14:00:00,Department Transfer,35
MOV005677,PAT01625,ADM012566,FAC005,BED0664,BED0693,DEP001,DEP006,2025-08-16 10:00:00,Department Transfer,16
MOV005679,PAT08887,ADM014460,FAC003,BED0325,BED0375,DEP003,DEP005,2021-10-18 23:00:00,ICU Transfer,13
MOV005691,PAT00340,ADM002493,FAC004,BED0490,BED0558,DEP005,DEP006,2025-07-06 05:00:00,Ward Change,12
MOV005695,PAT02761,ADM000461,FAC004,BED0501,BED0450,DEP002,DEP005,2025-02-27 17:00:00,ICU Transfer,12
MOV005701,PAT05441,ADM001455,FAC004,BED0434,BED0577,DEP004,DEP007,2025-03-23 07:00:00,Ward Change,13
MOV005702,PAT08150,ADM004117,FAC005,BED0669,BED0630,DEP001,DEP001,2025-07-11 06:00:00,Isolation Required,31
MOV005704,PAT06804,ADM002978,FAC002,BED0894,BED0193,DEP001,DEP005,2025-10-22 09:00:00,ICU Transfer,51
MOV005706,PAT02535,ADM004207,FAC001,BED0757,BED0006,DEP003,DEP004,2025-04-11 16:00:00,Bed Unavailability,26
MOV005711,PAT04515,ADM007696,FAC001,BED0754,BED0042,DEP003,DEP005,2025-01-22 06:00:00,Department Transfer,12
MOV005714,PAT02100,ADM012960,FAC005,BED0704,BED0737,DEP007,DEP005,2024-09-20 05:00:00,Isolation Required,36
MOV005720,PAT07515,ADM013150,FAC005,BED0833,BED0692,DEP008,DEP005,2025-03-17 12:00:00,Department Transfer,33
MOV005726,PAT06694,ADM003127,FAC002,BED0243,BED0261,DEP006,DEP006,2025-11-26 00:00:00,Bed Unavailability,17
MOV005730,PAT07347,ADM009490,FAC002,BED0272,BED0266,DEP005,DEP007,2026-04-24 06:00:00,Isolation Required,40
MOV005735,PAT07111,ADM009901,FAC004,BED0586,BED0527,DEP004,DEP005,2026-02-04 18:00:00,Ward Change,26
MOV005736,PAT05407,ADM002613,FAC002,BED0865,BED0292,DEP006,DEP001,2025-01-21 14:00:00,Isolation Required,30
MOV005738,PAT01796,ADM006152,FAC002,BED0213,BED0224,DEP002,DEP001,2025-08-23 13:00:00,Bed Unavailability,16
MOV005742,PAT06071,ADM006086,FAC001,BED0807,BED0063,DEP002,DEP003,2025-08-01 23:00:00,Isolation Required,27
MOV005743,PAT07364,ADM008067,FAC001,BED0168,BED0022,DEP008,DEP008,2025-04-24 18:00:00,Department Transfer,14
MOV005745,PAT08100,ADM008968,FAC001,BED0152,BED0157,DEP004,DEP002,2025-09-29 05:00:00,Patient Request,35
MOV005749,PAT10505,ADM010832,FAC003,BED0364,BED0800,DEP005,DEP005,2023-02-10 18:00:00,Patient Request,15
MOV005762,PAT01012,ADM003355,FAC002,BED0278,BED0244,DEP001,DEP007,2025-09-11 07:00:00,Patient Request,29
MOV005768,PAT13776,ADM013078,FAC005,BED0726,BED0653,DEP006,DEP003,2021-05-25 19:00:00,Bed Unavailability,13
MOV005800,PAT01804,ADM000082,FAC005,BED0743,BED0632,DEP003,DEP008,2025-08-25 17:00:00,Department Transfer,12
MOV005809,PAT11497,ADM008875,FAC005,BED0720,BED0782,DEP001,DEP005,2022-06-23 07:00:00,Ward Change,24
MOV005810,PAT01625,ADM012566,FAC005,BED0799,BED0714,DEP001,DEP005,2025-08-20 01:00:00,ICU Transfer,21
MOV005812,PAT07827,ADM005581,FAC003,BED0414,BED0423,DEP008,DEP007,2025-11-17 13:00:00,Patient Request,24
MOV005815,PAT09038,ADM012840,FAC005,BED0801,BED0743,DEP006,DEP001,2021-02-26 04:00:00,Isolation Required,20
MOV005816,PAT01985,ADM010851,FAC004,BED0535,BED0526,DEP004,DEP002,2023-10-26 10:00:00,ICU Transfer,22
MOV005817,PAT03496,ADM007522,FAC004,BED0550,BED0581,DEP001,DEP006,2025-10-05 17:00:00,Patient Request,2
MOV005819,PAT06378,ADM004073,FAC002,BED0293,BED0760,DEP001,DEP001,2025-03-28 08:00:00,ICU Transfer,36
MOV005829,PAT05624,ADM002039,FAC004,BED0585,BED0519,DEP006,DEP002,2025-07-16 17:00:00,Patient Request,38
MOV005831,PAT02127,ADM000899,FAC004,BED0494,BED0553,DEP005,DEP005,2025-05-24 05:00:00,Patient Request,50
MOV005835,PAT08304,ADM002094,FAC001,BED0004,BED0086,DEP003,DEP004,2025-06-26 13:00:00,ICU Transfer,37
MOV005837,PAT02158,ADM005063,FAC002,BED0226,BED0251,DEP002,DEP007,2025-08-13 06:00:00,ICU Transfer,30
MOV005838,PAT05081,ADM012497,FAC005,BED0796,BED0782,DEP001,DEP003,2022-03-26 07:00:00,Patient Request,13
MOV005851,PAT02407,ADM012503,FAC001,BED0003,BED0128,DEP005,DEP004,2024-01-30 05:00:00,Ward Change,24
MOV005858,PAT00764,ADM000598,FAC001,BED0039,BED0102,DEP002,DEP001,2025-11-10 18:00:00,Patient Request,32
MOV005861,PAT07151,ADM006714,FAC004,BED0582,BED0471,DEP006,DEP001,2025-11-29 23:00:00,Bed Unavailability,28
MOV005865,PAT04065,ADM006942,FAC001,BED0084,BED0096,DEP001,DEP002,2025-06-01 10:00:00,Department Transfer,30
MOV005873,PAT08490,ADM014364,FAC002,BED0269,BED0215,DEP001,DEP007,2026-04-08 03:00:00,Department Transfer,14
MOV005876,PAT11973,ADM008562,FAC002,BED0300,BED0270,DEP001,DEP002,2024-07-28 17:00:00,Patient Request,18
MOV005885,PAT09255,ADM007923,FAC001,BED0170,BED0149,DEP003,DEP002,2025-11-12 18:00:00,Ward Change,39
MOV005889,PAT10183,ADM008552,FAC004,BED0579,BED0527,DEP007,DEP001,2023-05-21 06:00:00,Ward Change,17
MOV005893,PAT13911,ADM009464,FAC003,BED0433,BED0798,DEP003,DEP008,2026-01-31 05:00:00,ICU Transfer,8
MOV005895,PAT02088,ADM000081,FAC003,BED0316,BED0310,DEP001,DEP001,2025-05-31 10:00:00,Patient Request,17
MOV005901,PAT00015,ADM008558,FAC001,BED0014,BED0086,DEP005,DEP005,2024-02-20 14:00:00,Ward Change,3
MOV005911,PAT03185,ADM007541,FAC001,BED0019,BED0070,DEP001,DEP001,2025-12-05 08:00:00,Ward Change,31
MOV005921,PAT08875,ADM010082,FAC002,BED0261,BED0257,DEP005,DEP002,2021-02-18 19:00:00,Isolation Required,2
MOV005924,PAT10370,ADM014014,FAC003,BED0357,BED0411,DEP003,DEP005,2022-07-02 13:00:00,Patient Request,32
MOV005931,PAT08608,ADM006127,FAC005,BED0662,BED0679,DEP005,DEP003,2025-07-17 01:00:00,Ward Change,51
MOV005935,PAT02914,ADM005663,FAC002,BED0200,BED0233,DEP002,DEP006,2025-08-12 16:00:00,Department Transfer,24
MOV005941,PAT14305,ADM011473,FAC001,BED0144,BED0024,DEP008,DEP003,2021-07-19 22:00:00,Patient Request,10
MOV005948,PAT03345,ADM002828,FAC001,BED0807,BED0160,DEP008,DEP008,2025-11-19 21:00:00,Ward Change,13
MOV005955,PAT09239,ADM000180,FAC004,BED0848,BED0477,DEP005,DEP002,2025-10-09 14:00:00,Bed Unavailability,10
MOV005963,PAT13702,ADM013892,FAC001,BED0087,BED0045,DEP002,DEP003,2021-10-26 10:00:00,Patient Request,35
MOV005968,PAT09726,ADM003496,FAC004,BED0487,BED0468,DEP006,DEP001,2025-01-09 21:00:00,Department Transfer,31
MOV005975,PAT06956,ADM011932,FAC001,BED0139,BED0107,DEP001,DEP005,2021-05-01 17:00:00,ICU Transfer,19
MOV005978,PAT12194,ADM014185,FAC003,BED0340,BED0811,DEP005,DEP008,2025-04-30 08:00:00,Isolation Required,31
MOV005979,PAT04352,ADM011235,FAC005,BED0687,BED0712,DEP007,DEP007,2026-11-01 13:00:00,Bed Unavailability,27
MOV005983,PAT00395,ADM006138,FAC002,BED0223,BED0775,DEP006,DEP002,2025-10-28 14:00:00,Department Transfer,44
MOV005984,PAT01769,ADM008476,FAC003,BED0834,BED0374,DEP007,DEP008,2025-02-06 06:00:00,ICU Transfer,39
MOV005985,PAT04128,ADM001098,FAC001,BED0776,BED0002,DEP005,DEP005,2025-07-14 07:00:00,Bed Unavailability,15
MOV005986,PAT10741,ADM013293,FAC005,BED0663,BED0816,DEP003,DEP005,2023-11-14 05:00:00,Ward Change,5
MOV005989,PAT06435,ADM012795,FAC003,BED0410,BED0829,DEP007,DEP007,2024-06-16 21:00:00,Isolation Required,27
MOV006007,PAT02183,ADM001607,FAC001,BED0030,BED0091,DEP004,DEP005,2025-04-18 16:00:00,Patient Request,28
MOV006009,PAT06335,ADM006772,FAC003,BED0411,BED0331,DEP008,DEP008,2025-02-03 17:00:00,Ward Change,33
MOV006014,PAT05059,ADM004625,FAC001,BED0030,BED0129,DEP001,DEP004,2025-04-02 15:00:00,Bed Unavailability,26
MOV006016,PAT05744,ADM006003,FAC002,BED0223,BED0885,DEP002,DEP002,2025-10-06 16:00:00,ICU Transfer,19
MOV006017,PAT08673,ADM002710,FAC001,BED0858,BED0055,DEP005,DEP004,2025-03-18 02:00:00,Ward Change,20
MOV006020,PAT02535,ADM010309,FAC001,BED0050,BED0129,DEP004,DEP005,2025-07-22 19:00:00,ICU Transfer,34
MOV006025,PAT03951,ADM008282,FAC004,BED0456,BED0598,DEP007,DEP004,2025-01-11 23:00:00,Isolation Required,11
MOV006027,PAT06283,ADM005802,FAC004,BED0548,BED0567,DEP006,DEP005,2025-04-04 17:00:00,Isolation Required,28
MOV006028,PAT11194,ADM014805,FAC003,BED0383,BED0315,DEP007,DEP007,2026-08-17 13:00:00,Department Transfer,19
MOV006041,PAT09549,ADM005334,FAC001,BED0004,BED0164,DEP004,DEP002,2025-02-13 04:00:00,Bed Unavailability,52
MOV006046,PAT09238,ADM009135,FAC003,BED0331,BED0396,DEP003,DEP008,2025-03-19 05:00:00,Ward Change,7
MOV006053,PAT07773,ADM010299,FAC005,BED0746,BED0655,DEP001,DEP006,2021-04-10 01:00:00,Patient Request,18
MOV006063,PAT02770,ADM002063,FAC004,BED0479,BED0477,DEP006,DEP002,2025-11-06 20:00:00,ICU Transfer,36
MOV006073,PAT03548,ADM005065,FAC001,BED0135,BED0094,DEP002,DEP002,2025-08-12 18:00:00,ICU Transfer,20
MOV006077,PAT05934,ADM007001,FAC004,BED0580,BED0553,DEP001,DEP007,2025-04-15 16:00:00,Department Transfer,21
MOV006081,PAT01698,ADM013368,FAC005,BED0797,BED0712,DEP007,DEP005,2025-05-07 04:00:00,Patient Request,26
MOV006082,PAT03367,ADM009023,FAC004,BED0874,BED0473,DEP001,DEP002,2022-03-27 03:00:00,Patient Request,8
MOV006091,PAT03996,ADM002833,FAC002,BED0265,BED0894,DEP001,DEP007,2025-12-05 18:00:00,ICU Transfer,48
MOV006092,PAT03315,ADM012650,FAC005,BED0737,BED0888,DEP003,DEP003,2021-04-12 10:00:00,Ward Change,26
MOV006109,PAT03025,ADM012770,FAC005,BED0722,BED0608,DEP003,DEP007,2022-05-14 18:00:00,Isolation Required,36
MOV006122,PAT05362,ADM001127,FAC004,BED0449,BED0578,DEP001,DEP004,2025-05-16 09:00:00,Ward Change,13
MOV006124,PAT12426,ADM013558,FAC002,BED0277,BED0294,DEP001,DEP007,2024-09-30 05:00:00,Department Transfer,38
MOV006125,PAT02928,ADM012305,FAC001,BED0148,BED0130,DEP008,DEP005,2022-05-12 08:00:00,Bed Unavailability,31
MOV006133,PAT13793,ADM010731,FAC005,BED0831,BED0751,DEP005,DEP006,2022-03-21 17:00:00,Ward Change,22
MOV006137,PAT00579,ADM011596,FAC001,BED0141,BED0125,DEP001,DEP003,2026-09-19 23:00:00,Isolation Required,14
MOV006142,PAT01905,ADM013981,FAC002,BED0269,BED0884,DEP007,DEP006,2026-04-25 04:00:00,Ward Change,42
MOV006151,PAT01328,ADM010955,FAC002,BED0269,BED0277,DEP006,DEP007,2021-05-14 08:00:00,Isolation Required,29
MOV006152,PAT02381,ADM010895,FAC001,BED0024,BED0121,DEP004,DEP004,2024-04-07 08:00:00,Ward Change,43
MOV006157,PAT10366,ADM009809,FAC003,BED0311,BED0367,DEP008,DEP008,2025-06-28 16:00:00,Department Transfer,14
MOV006160,PAT06152,ADM002361,FAC002,BED0288,BED0193,DEP006,DEP007,2025-09-07 08:00:00,Patient Request,16
MOV006169,PAT00170,ADM007716,FAC001,BED0133,BED0107,DEP002,DEP003,2025-09-17 13:00:00,Patient Request,19
MOV006170,PAT09732,ADM003282,FAC004,BED0434,BED0890,DEP005,DEP002,2025-02-28 12:00:00,Patient Request,31
MOV006173,PAT01454,ADM007861,FAC001,BED0115,BED0139,DEP001,DEP005,2025-09-06 14:00:00,Isolation Required,27
MOV006190,PAT03843,ADM005059,FAC003,BED0759,BED0364,DEP001,DEP007,2025-03-31 07:00:00,Bed Unavailability,21
MOV006192,PAT07064,ADM004984,FAC002,BED0218,BED0894,DEP002,DEP002,2025-03-08 16:00:00,Bed Unavailability,36
MOV006207,PAT05505,ADM007845,FAC005,BED0638,BED0684,DEP003,DEP007,2025-10-19 12:00:00,Isolation Required,25
MOV006209,PAT02020,ADM001201,FAC001,BED0115,BED0114,DEP003,DEP002,2025-11-09 09:00:00,Isolation Required,41
MOV006210,PAT07151,ADM013025,FAC004,BED0474,BED0477,DEP004,DEP007,2024-09-03 16:00:00,ICU Transfer,10
MOV006218,PAT00274,ADM005356,FAC003,BED0353,BED0427,DEP008,DEP003,2025-08-16 05:00:00,Department Transfer,28
MOV006228,PAT09648,ADM014203,FAC005,BED0616,BED0602,DEP007,DEP008,2024-07-24 18:00:00,Isolation Required,20
MOV006231,PAT00534,ADM007084,FAC001,BED0170,BED0185,DEP005,DEP005,2025-09-26 05:00:00,ICU Transfer,40
MOV006232,PAT08050,ADM013961,FAC005,BED0797,BED0604,DEP008,DEP001,2022-01-22 17:00:00,Bed Unavailability,47
MOV006234,PAT11059,ADM009680,FAC004,BED0600,BED0454,DEP004,DEP005,2026-09-15 05:00:00,ICU Transfer,37
MOV006237,PAT00004,ADM002460,FAC005,BED0684,BED0746,DEP007,DEP001,2025-09-12 15:00:00,Patient Request,29
MOV006242,PAT06909,ADM010749,FAC002,BED0885,BED0264,DEP001,DEP002,2026-06-26 09:00:00,Isolation Required,14
MOV006243,PAT09682,ADM007570,FAC004,BED0565,BED0530,DEP004,DEP005,2025-08-22 05:00:00,Bed Unavailability,12
MOV006246,PAT12359,ADM009084,FAC002,BED0242,BED0787,DEP002,DEP007,2024-04-25 10:00:00,Isolation Required,27
MOV006248,PAT07146,ADM002652,FAC001,BED0138,BED0186,DEP003,DEP001,2025-03-19 05:00:00,Department Transfer,19
MOV006251,PAT05744,ADM006734,FAC002,BED0221,BED0226,DEP002,DEP005,2025-08-11 19:00:00,Patient Request,32
MOV006252,PAT06096,ADM005654,FAC003,BED0323,BED0385,DEP008,DEP005,2025-09-09 04:00:00,Patient Request,28
MOV006255,PAT12566,ADM008731,FAC001,BED0082,BED0125,DEP002,DEP002,2025-07-30 05:00:00,ICU Transfer,32
MOV006271,PAT05220,ADM003376,FAC005,BED0692,BED0700,DEP003,DEP001,2025-07-21 16:00:00,Department Transfer,28
MOV006280,PAT06546,ADM009633,FAC001,BED0136,BED0022,DEP001,DEP003,2021-10-26 17:00:00,Bed Unavailability,17
MOV006289,PAT09390,ADM000673,FAC004,BED0463,BED0513,DEP007,DEP006,2025-06-01 10:00:00,ICU Transfer,23
MOV006291,PAT06804,ADM013909,FAC001,BED0007,BED0151,DEP001,DEP008,2023-11-10 20:00:00,Department Transfer,8
MOV006306,PAT07041,ADM006672,FAC001,BED0060,BED0023,DEP002,DEP003,2025-04-06 16:00:00,ICU Transfer,42
MOV006311,PAT06689,ADM002425,FAC004,BED0558,BED0854,DEP006,DEP005,2025-11-28 13:00:00,ICU Transfer,32
MOV006313,PAT03188,ADM007938,FAC001,BED0117,BED0853,DEP005,DEP001,2025-01-26 06:00:00,Department Transfer,33
MOV006333,PAT04520,ADM012311,FAC005,BED0794,BED0791,DEP003,DEP007,2026-01-08 01:00:00,Ward Change,41
MOV006340,PAT00132,ADM006631,FAC004,BED0495,BED0477,DEP006,DEP002,2025-04-01 14:00:00,Patient Request,4
MOV006350,PAT13077,ADM011560,FAC001,BED0075,BED0853,DEP005,DEP008,2026-12-27 14:00:00,ICU Transfer,17
MOV006357,PAT09485,ADM002130,FAC005,BED0645,BED0636,DEP007,DEP001,2025-10-01 17:00:00,Ward Change,20
MOV006363,PAT07999,ADM004186,FAC004,BED0589,BED0598,DEP006,DEP004,2025-06-10 16:00:00,Patient Request,36
MOV006365,PAT09485,ADM002130,FAC005,BED0634,BED0656,DEP007,DEP003,2025-10-01 05:00:00,Patient Request,24
MOV006376,PAT00048,ADM006959,FAC002,BED0238,BED0209,DEP006,DEP005,2025-05-01 16:00:00,Bed Unavailability,44
MOV006380,PAT04116,ADM008043,FAC003,BED0899,BED0411,DEP007,DEP003,2025-10-05 07:00:00,ICU Transfer,12
MOV006381,PAT03510,ADM006591,FAC001,BED0034,BED0139,DEP005,DEP005,2025-12-22 18:00:00,Department Transfer,7
MOV006388,PAT04195,ADM004462,FAC001,BED0754,BED0116,DEP008,DEP005,2025-09-16 12:00:00,Patient Request,35
MOV006410,PAT05934,ADM007906,FAC002,BED0795,BED0298,DEP006,DEP007,2025-12-31 18:00:00,Department Transfer,25
MOV006419,PAT07502,ADM012576,FAC002,BED0207,BED0764,DEP002,DEP005,2022-05-03 18:00:00,Bed Unavailability,43
MOV006426,PAT10382,ADM009365,FAC003,BED0341,BED0373,DEP001,DEP008,2022-10-30 16:00:00,Isolation Required,32
MOV006430,PAT09736,ADM003068,FAC001,BED0156,BED0007,DEP003,DEP003,2025-11-24 10:00:00,ICU Transfer,36
MOV006431,PAT03046,ADM004358,FAC002,BED0216,BED0206,DEP001,DEP001,2025-10-07 12:00:00,Isolation Required,19
MOV006432,PAT00873,ADM011610,FAC001,BED0101,BED0139,DEP002,DEP008,2023-02-12 15:00:00,Bed Unavailability,2
MOV006438,PAT06139,ADM004163,FAC005,BED0742,BED0799,DEP005,DEP001,2025-11-02 23:00:00,Ward Change,34
MOV006443,PAT05013,ADM001596,FAC005,BED0723,BED0624,DEP005,DEP008,2025-06-06 05:00:00,Isolation Required,23
MOV006445,PAT07938,ADM005484,FAC004,BED0436,BED0466,DEP005,DEP007,2025-02-25 17:00:00,Ward Change,2
MOV006451,PAT01603,ADM007571,FAC001,BED0099,BED0125,DEP008,DEP004,2025-06-16 17:00:00,Patient Request,18
MOV006456,PAT05903,ADM007658,FAC003,BED0313,BED0306,DEP005,DEP001,2025-02-24 19:00:00,ICU Transfer,35
MOV006465,PAT10916,ADM010168,FAC003,BED0835,BED0350,DEP005,DEP001,2022-03-06 16:00:00,ICU Transfer,36
MOV006466,PAT06751,ADM009888,FAC004,BED0589,BED0502,DEP001,DEP006,2024-12-27 11:00:00,Department Transfer,22
MOV006474,PAT02630,ADM000322,FAC005,BED0670,BED0648,DEP003,DEP005,2025-08-24 07:00:00,Bed Unavailability,33
MOV006476,PAT04986,ADM005473,FAC005,BED0722,BED0684,DEP003,DEP003,2025-03-14 19:00:00,Bed Unavailability,15
MOV006477,PAT11361,ADM011207,FAC002,BED0760,BED0231,DEP001,DEP002,2022-09-09 09:00:00,Bed Unavailability,17
MOV006480,PAT09786,ADM006726,FAC002,BED0199,BED0240,DEP002,DEP006,2025-11-02 19:00:00,Department Transfer,29
MOV006481,PAT01563,ADM006526,FAC004,BED0496,BED0589,DEP002,DEP002,2025-02-17 10:00:00,Isolation Required,28
MOV006485,PAT01454,ADM007861,FAC001,BED0148,BED0107,DEP001,DEP004,2025-09-07 05:00:00,Bed Unavailability,20
MOV006487,PAT02082,ADM000270,FAC004,BED0479,BED0506,DEP007,DEP001,2025-12-01 10:00:00,Bed Unavailability,22
MOV006499,PAT05035,ADM012015,FAC002,BED0235,BED0288,DEP001,DEP002,2023-04-18 20:00:00,ICU Transfer,30
MOV006505,PAT01419,ADM009275,FAC005,BED0713,BED0748,DEP005,DEP008,2026-02-28 18:00:00,ICU Transfer,21
MOV006513,PAT04833,ADM001420,FAC003,BED0397,BED0802,DEP007,DEP001,2025-06-07 03:00:00,ICU Transfer,31
MOV006515,PAT00248,ADM011210,FAC002,BED0293,BED0288,DEP007,DEP002,2024-08-27 15:00:00,Patient Request,31
MOV006521,PAT07146,ADM000809,FAC002,BED0202,BED0763,DEP005,DEP001,2025-05-04 12:00:00,ICU Transfer,15
MOV006532,PAT09293,ADM001561,FAC001,BED0076,BED0176,DEP008,DEP002,2025-03-21 20:00:00,Department Transfer,42
MOV006533,PAT11683,ADM013082,FAC002,BED0194,BED0781,DEP006,DEP005,2025-06-15 07:00:00,Department Transfer,2
MOV006537,PAT05801,ADM005122,FAC005,BED0634,BED0711,DEP008,DEP006,2025-01-28 19:00:00,Isolation Required,30
MOV006539,PAT03609,ADM001222,FAC004,BED0565,BED0466,DEP005,DEP006,2025-06-16 17:00:00,Bed Unavailability,43
MOV006547,PAT04951,ADM005171,FAC001,BED0065,BED0036,DEP001,DEP002,2025-05-04 03:00:00,Ward Change,36
MOV006557,PAT13188,ADM014546,FAC005,BED0675,BED0611,DEP005,DEP005,2021-09-06 11:00:00,Isolation Required,13
MOV006558,PAT13667,ADM014817,FAC005,BED0685,BED0791,DEP001,DEP005,2021-05-24 04:00:00,Isolation Required,37
MOV006571,PAT04949,ADM001690,FAC005,BED0611,BED0626,DEP001,DEP003,2025-07-25 12:00:00,Patient Request,20
MOV006574,PAT01471,ADM007823,FAC004,BED0502,BED0439,DEP002,DEP007,2025-02-19 13:00:00,Patient Request,21
MOV006577,PAT06561,ADM003581,FAC005,BED0718,BED0660,DEP001,DEP008,2025-08-15 05:00:00,Bed Unavailability,23
MOV006579,PAT03685,ADM001072,FAC001,BED0146,BED0867,DEP005,DEP001,2025-03-30 01:00:00,Isolation Required,15
MOV006583,PAT08216,ADM000031,FAC004,BED0886,BED0507,DEP005,DEP006,2025-02-07 05:00:00,Patient Request,45
MOV006609,PAT04011,ADM014847,FAC001,BED0039,BED0152,DEP002,DEP005,2021-12-25 06:00:00,Bed Unavailability,14
MOV006619,PAT08673,ADM013251,FAC004,BED0535,BED0472,DEP006,DEP004,2023-11-06 06:00:00,Bed Unavailability,4
MOV006631,PAT11301,ADM014638,FAC001,BED0793,BED0067,DEP002,DEP003,2026-07-27 15:00:00,Bed Unavailability,27
MOV006636,PAT01808,ADM005947,FAC001,BED0869,BED0179,DEP005,DEP008,2025-08-30 08:00:00,Department Transfer,52
MOV006639,PAT02345,ADM003558,FAC003,BED0431,BED0889,DEP001,DEP008,2025-08-13 13:00:00,Bed Unavailability,41
MOV006658,PAT04014,ADM005227,FAC004,BED0501,BED0518,DEP004,DEP007,2025-03-08 22:00:00,Ward Change,19
MOV006662,PAT09071,ADM007979,FAC003,BED0804,BED0347,DEP007,DEP007,2025-06-15 07:00:00,Ward Change,31
MOV006663,PAT06378,ADM010874,FAC003,BED0362,BED0312,DEP003,DEP001,2024-04-24 06:00:00,Department Transfer,29
MOV006666,PAT01744,ADM002145,FAC001,BED0175,BED0757,DEP005,DEP004,2025-08-04 06:00:00,Department Transfer,15
MOV006667,PAT05964,ADM007483,FAC005,BED0726,BED0606,DEP005,DEP001,2025-09-06 05:00:00,Isolation Required,20
MOV006672,PAT03438,ADM009342,FAC002,BED0200,BED0284,DEP002,DEP002,2022-02-19 07:00:00,Patient Request,26
MOV006678,PAT06505,ADM014580,FAC001,BED0113,BED0120,DEP004,DEP008,2026-06-04 08:00:00,Department Transfer,13
MOV006683,PAT09388,ADM009340,FAC005,BED0739,BED0730,DEP008,DEP003,2023-12-15 19:00:00,ICU Transfer,13
MOV006686,PAT06187,ADM003984,FAC003,BED0332,BED0356,DEP001,DEP008,2025-06-21 10:00:00,Bed Unavailability,32
MOV006693,PAT10421,ADM014275,FAC001,BED0063,BED0071,DEP005,DEP004,2021-12-29 04:00:00,Isolation Required,26
MOV006711,PAT09159,ADM004381,FAC005,BED0687,BED0743,DEP003,DEP008,2025-05-07 03:00:00,Ward Change,33
MOV006714,PAT13212,ADM014222,FAC004,BED0883,BED0563,DEP005,DEP005,2025-11-02 03:00:00,Ward Change,33
MOV006735,PAT08291,ADM000565,FAC003,BED0425,BED0315,DEP003,DEP003,2025-10-19 13:00:00,Bed Unavailability,53
MOV006737,PAT13262,ADM008900,FAC004,BED0566,BED0434,DEP002,DEP005,2025-02-01 08:00:00,Patient Request,9
MOV006759,PAT08216,ADM007916,FAC001,BED0130,BED0157,DEP008,DEP003,2025-05-18 11:00:00,Isolation Required,42
MOV006761,PAT02056,ADM010307,FAC005,BED0614,BED0675,DEP005,DEP006,2024-01-20 04:00:00,Bed Unavailability,17
MOV006763,PAT03276,ADM010375,FAC005,BED0679,BED0658,DEP008,DEP008,2024-07-17 13:00:00,Bed Unavailability,14
MOV006766,PAT07088,ADM003961,FAC005,BED0682,BED0779,DEP001,DEP006,2025-11-07 18:00:00,Patient Request,36
MOV006780,PAT05903,ADM007658,FAC003,BED0817,BED0414,DEP005,DEP008,2025-02-24 18:00:00,Ward Change,27
MOV006781,PAT00765,ADM004644,FAC003,BED0313,BED0900,DEP005,DEP008,2025-07-22 17:00:00,Patient Request,18
MOV006782,PAT06696,ADM013560,FAC004,BED0587,BED0561,DEP002,DEP007,2024-01-08 05:00:00,Patient Request,26
MOV006785,PAT07229,ADM004405,FAC002,BED0764,BED0256,DEP002,DEP001,2025-07-17 01:00:00,Bed Unavailability,34
MOV006786,PAT09606,ADM002281,FAC004,BED0813,BED0549,DEP001,DEP002,2025-08-28 22:00:00,Department Transfer,46
MOV006787,PAT05181,ADM007951,FAC005,BED0752,BED0669,DEP005,DEP001,2025-05-07 15:00:00,Department Transfer,22
MOV006788,PAT00104,ADM009634,FAC005,BED0678,BED0718,DEP006,DEP001,2026-09-19 04:00:00,Patient Request,15
MOV006793,PAT07151,ADM013025,FAC004,BED0440,BED0500,DEP004,DEP006,2024-09-02 16:00:00,Bed Unavailability,31
MOV006795,PAT06850,ADM014843,FAC002,BED0226,BED0301,DEP005,DEP007,2023-10-16 19:00:00,Patient Request,5
MOV006803,PAT11840,ADM010643,FAC004,BED0582,BED0456,DEP002,DEP007,2022-02-21 00:00:00,ICU Transfer,31
MOV006806,PAT13821,ADM013607,FAC002,BED0822,BED0245,DEP006,DEP002,2026-05-31 08:00:00,Department Transfer,4
MOV006811,PAT06144,ADM002453,FAC005,BED0709,BED0637,DEP001,DEP006,2025-01-14 03:00:00,ICU Transfer,16
MOV006820,PAT00531,ADM007813,FAC004,BED0571,BED0877,DEP005,DEP006,2025-09-30 14:00:00,Patient Request,21
MOV006827,PAT06907,ADM000347,FAC002,BED0294,BED0234,DEP001,DEP005,2025-06-25 06:00:00,Ward Change,30
MOV006833,PAT01412,ADM008682,FAC003,BED0361,BED0387,DEP003,DEP005,2025-09-21 16:00:00,Isolation Required,18
MOV006837,PAT08138,ADM008063,FAC001,BED0858,BED0141,DEP002,DEP002,2025-11-23 08:00:00,Isolation Required,23
MOV006838,PAT06435,ADM001948,FAC001,BED0127,BED0823,DEP001,DEP004,2025-09-26 10:00:00,ICU Transfer,28
MOV006842,PAT01492,ADM004250,FAC002,BED0267,BED0246,DEP005,DEP001,2025-07-07 14:00:00,Isolation Required,20
MOV006843,PAT13940,ADM012084,FAC002,BED0192,BED0254,DEP005,DEP006,2025-11-19 08:00:00,Isolation Required,4
MOV006844,PAT08030,ADM002243,FAC001,BED0136,BED0172,DEP004,DEP004,2025-02-25 14:00:00,Isolation Required,36
MOV006845,PAT01140,ADM007594,FAC003,BED0398,BED0330,DEP003,DEP008,2025-03-07 00:00:00,Isolation Required,44
MOV006859,PAT14396,ADM011360,FAC003,BED0835,BED0348,DEP005,DEP005,2024-07-14 04:00:00,Isolation Required,14
MOV006865,PAT08789,ADM001830,FAC004,BED0516,BED0506,DEP007,DEP006,2025-03-11 04:00:00,Patient Request,35
MOV006866,PAT08529,ADM006804,FAC001,BED0071,BED0097,DEP003,DEP004,2025-02-20 13:00:00,Patient Request,18
MOV006867,PAT01965,ADM009037,FAC005,BED0888,BED0686,DEP001,DEP005,2025-12-21 21:00:00,Bed Unavailability,19
MOV006868,PAT02100,ADM012960,FAC005,BED0744,BED0803,DEP007,DEP007,2024-09-20 14:00:00,Isolation Required,17
MOV006874,PAT03777,ADM001622,FAC001,BED0143,BED0871,DEP008,DEP005,2025-04-29 15:00:00,Isolation Required,28
MOV006879,PAT02338,ADM004011,FAC005,BED0814,BED0671,DEP007,DEP008,2025-04-08 08:00:00,Isolation Required,21
MOV006884,PAT06804,ADM002733,FAC004,BED0508,BED0851,DEP001,DEP006,2025-06-25 05:00:00,Bed Unavailability,29
MOV006887,PAT09074,ADM008447,FAC005,BED0833,BED0617,DEP007,DEP001,2025-10-30 15:00:00,Isolation Required,28
MOV006891,PAT05334,ADM005681,FAC004,BED0563,BED0564,DEP006,DEP005,2025-12-13 14:00:00,Bed Unavailability,28
MOV006892,PAT09001,ADM006428,FAC005,BED0617,BED0618,DEP006,DEP006,2025-02-24 06:00:00,ICU Transfer,19
MOV006896,PAT06889,ADM014237,FAC004,BED0454,BED0572,DEP007,DEP007,2025-05-05 16:00:00,Ward Change,10
MOV006914,PAT03777,ADM003468,FAC002,BED0304,BED0281,DEP006,DEP001,2025-08-23 01:00:00,Patient Request,12
MOV006916,PAT09080,ADM003524,FAC002,BED0220,BED0267,DEP006,DEP005,2025-05-27 14:00:00,Isolation Required,31
MOV006919,PAT06144,ADM003789,FAC001,BED0132,BED0128,DEP001,DEP005,2025-08-25 21:00:00,Isolation Required,39
MOV006923,PAT01492,ADM012685,FAC005,BED0611,BED0664,DEP006,DEP006,2021-06-09 04:00:00,ICU Transfer,37
MOV006931,PAT06652,ADM011554,FAC005,BED0747,BED0746,DEP001,DEP001,2026-08-22 23:00:00,ICU Transfer,34
MOV006933,PAT01386,ADM004179,FAC002,BED0216,BED0238,DEP002,DEP002,2025-12-11 19:00:00,Ward Change,42
MOV006934,PAT00748,ADM011069,FAC005,BED0697,BED0635,DEP001,DEP008,2026-06-22 05:00:00,Bed Unavailability,37
MOV006941,PAT05385,ADM009247,FAC003,BED0313,BED0377,DEP001,DEP003,2026-06-03 08:00:00,Bed Unavailability,41
MOV006946,PAT01990,ADM012492,FAC002,BED0245,BED0855,DEP007,DEP002,2026-06-02 12:00:00,Ward Change,10
MOV006950,PAT05100,ADM005797,FAC001,BED0179,BED0162,DEP002,DEP001,2025-11-23 13:00:00,ICU Transfer,22
MOV006951,PAT06770,ADM009758,FAC004,BED0544,BED0599,DEP007,DEP005,2023-01-23 00:00:00,Department Transfer,37
MOV006957,PAT05744,ADM000250,FAC001,BED0125,BED0012,DEP004,DEP001,2025-06-29 07:00:00,ICU Transfer,34
MOV006959,PAT08789,ADM008520,FAC002,BED0203,BED0828,DEP002,DEP007,2026-09-09 11:00:00,Ward Change,47
MOV006961,PAT04961,ADM008598,FAC003,BED0326,BED0766,DEP007,DEP008,2021-10-05 18:00:00,Department Transfer,22
MOV006966,PAT01218,ADM004608,FAC001,BED0077,BED0123,DEP005,DEP003,2025-12-08 00:00:00,ICU Transfer,24
MOV006969,PAT00305,ADM000745,FAC001,BED0011,BED0166,DEP002,DEP008,2025-06-15 06:00:00,ICU Transfer,2
MOV006974,PAT00579,ADM011596,FAC001,BED0166,BED0133,DEP001,DEP005,2026-09-22 18:00:00,Department Transfer,11
MOV006979,PAT04861,ADM013364,FAC004,BED0495,BED0473,DEP001,DEP004,2026-12-26 18:00:00,Isolation Required,35
MOV006983,PAT01036,ADM004483,FAC002,BED0241,BED0893,DEP007,DEP005,2025-09-22 11:00:00,Ward Change,31
MOV006989,PAT03489,ADM005786,FAC002,BED0263,BED0285,DEP007,DEP005,2025-09-14 09:00:00,Ward Change,8
MOV006993,PAT02502,ADM013454,FAC003,BED0314,BED0337,DEP008,DEP005,2023-04-20 10:00:00,ICU Transfer,25
MOV006995,PAT09394,ADM013638,FAC004,BED0576,BED0521,DEP005,DEP001,2021-03-27 12:00:00,Bed Unavailability,20
MOV007002,PAT09567,ADM013648,FAC003,BED0401,BED0381,DEP001,DEP003,2021-11-15 15:00:00,Department Transfer,23
MOV007007,PAT08370,ADM000616,FAC003,BED0343,BED0882,DEP008,DEP005,2025-12-07 22:00:00,ICU Transfer,23
MOV007014,PAT07338,ADM000971,FAC001,BED0887,BED0123,DEP004,DEP002,2025-05-19 05:00:00,Bed Unavailability,14
MOV007023,PAT09813,ADM004021,FAC002,BED0244,BED0290,DEP007,DEP002,2025-02-24 17:00:00,Patient Request,47
MOV007026,PAT00684,ADM006494,FAC005,BED0654,BED0601,DEP003,DEP003,2025-09-09 14:00:00,Ward Change,29
MOV007028,PAT10256,ADM010525,FAC002,BED0207,BED0200,DEP005,DEP001,2026-09-17 01:00:00,Ward Change,9
MOV007036,PAT07597,ADM003773,FAC003,BED0401,BED0829,DEP007,DEP008,2025-02-24 12:00:00,Patient Request,22
MOV007042,PAT13984,ADM011216,FAC005,BED0703,BED0740,DEP005,DEP001,2021-04-04 10:00:00,Ward Change,32
MOV007046,PAT04405,ADM002730,FAC001,BED0078,BED0807,DEP003,DEP005,2025-04-19 15:00:00,Bed Unavailability,25
MOV007048,PAT05334,ADM002489,FAC003,BED0420,BED0326,DEP005,DEP007,2025-06-05 06:00:00,ICU Transfer,28
MOV007049,PAT00614,ADM003368,FAC005,BED0603,BED0689,DEP006,DEP007,2025-06-29 19:00:00,Ward Change,35
MOV007050,PAT08452,ADM011655,FAC003,BED0382,BED0798,DEP008,DEP005,2024-06-05 19:00:00,Patient Request,12
MOV007054,PAT11563,ADM008883,FAC005,BED0676,BED0796,DEP007,DEP006,2023-05-10 10:00:00,Department Transfer,41
MOV007055,PAT04112,ADM005009,FAC002,BED0256,BED0784,DEP005,DEP002,2025-08-26 15:00:00,Bed Unavailability,19
MOV007057,PAT07922,ADM000391,FAC005,BED0707,BED0632,DEP001,DEP006,2025-02-24 17:00:00,Ward Change,29
MOV007068,PAT08262,ADM006559,FAC004,BED0460,BED0491,DEP002,DEP001,2025-11-29 05:00:00,Department Transfer,40
MOV007069,PAT09053,ADM011247,FAC003,BED0308,BED0824,DEP008,DEP008,2022-02-25 18:00:00,Patient Request,30
MOV007071,PAT09442,ADM011779,FAC001,BED0102,BED0837,DEP003,DEP005,2023-07-05 19:00:00,Bed Unavailability,27
MOV007076,PAT00174,ADM008212,FAC002,BED0894,BED0194,DEP001,DEP007,2025-03-27 08:00:00,Bed Unavailability,33
MOV007079,PAT08803,ADM003315,FAC004,BED0873,BED0480,DEP002,DEP001,2025-10-03 12:00:00,Patient Request,28
MOV007088,PAT02405,ADM005755,FAC004,BED0854,BED0564,DEP001,DEP002,2025-08-10 04:00:00,Bed Unavailability,23
MOV007092,PAT05621,ADM006605,FAC002,BED0232,BED0281,DEP005,DEP005,2025-08-29 19:00:00,Patient Request,50
MOV007093,PAT08137,ADM004735,FAC005,BED0728,BED0724,DEP005,DEP008,2025-06-23 07:00:00,Department Transfer,38
MOV007098,PAT01633,ADM005222,FAC004,BED0875,BED0476,DEP001,DEP004,2025-12-11 09:00:00,Patient Request,26
MOV007101,PAT04982,ADM012018,FAC003,BED0432,BED0390,DEP007,DEP001,2026-08-24 03:00:00,Patient Request,38
MOV007110,PAT08162,ADM000804,FAC001,BED0137,BED0871,DEP002,DEP005,2025-02-08 17:00:00,Isolation Required,30
MOV007111,PAT08830,ADM001752,FAC002,BED0303,BED0764,DEP002,DEP006,2025-10-23 13:00:00,Department Transfer,36
MOV007114,PAT12015,ADM011378,FAC005,BED0723,BED0796,DEP003,DEP001,2026-11-03 07:00:00,ICU Transfer,19
MOV007119,PAT10878,ADM010331,FAC005,BED0746,BED0797,DEP007,DEP001,2021-02-22 00:00:00,Department Transfer,22
MOV007121,PAT01740,ADM005830,FAC002,BED0192,BED0205,DEP002,DEP002,2025-11-24 05:00:00,ICU Transfer,2
MOV007125,PAT02617,ADM014413,FAC005,BED0850,BED0657,DEP008,DEP008,2022-04-28 10:00:00,ICU Transfer,21
MOV007129,PAT12072,ADM011563,FAC001,BED0053,BED0019,DEP004,DEP005,2023-05-02 13:00:00,ICU Transfer,33
MOV007132,PAT06689,ADM002928,FAC004,BED0471,BED0487,DEP001,DEP001,2025-06-18 08:00:00,Ward Change,2
MOV007138,PAT03882,ADM005032,FAC001,BED0033,BED0028,DEP001,DEP001,2025-04-13 08:00:00,Isolation Required,29
MOV007149,PAT02681,ADM001392,FAC002,BED0769,BED0220,DEP001,DEP007,2025-08-14 14:00:00,ICU Transfer,21
MOV007154,PAT04833,ADM001420,FAC003,BED0821,BED0359,DEP007,DEP003,2025-06-08 11:00:00,Department Transfer,28
MOV007178,PAT08072,ADM014695,FAC004,BED0434,BED0848,DEP005,DEP002,2024-06-04 08:00:00,Isolation Required,18
MOV007182,PAT03406,ADM013897,FAC002,BED0300,BED0217,DEP005,DEP001,2026-05-04 01:00:00,Isolation Required,35
MOV007184,PAT04296,ADM000507,FAC004,BED0468,BED0883,DEP005,DEP004,2025-06-09 04:00:00,Bed Unavailability,8
MOV007189,PAT05684,ADM000854,FAC005,BED0881,BED0732,DEP006,DEP007,2025-12-03 13:00:00,Patient Request,23
MOV007202,PAT01399,ADM013060,FAC003,BED0325,BED0430,DEP005,DEP008,2025-10-24 09:00:00,Patient Request,34
MOV007204,PAT06351,ADM013199,FAC002,BED0205,BED0212,DEP002,DEP007,2023-03-19 05:00:00,Patient Request,7
MOV007205,PAT01698,ADM013368,FAC005,BED0615,BED0613,DEP007,DEP008,2025-05-07 16:00:00,Bed Unavailability,44
MOV007211,PAT08262,ADM006559,FAC004,BED0540,BED0577,DEP002,DEP002,2025-11-29 05:00:00,ICU Transfer,20
MOV007215,PAT06159,ADM008093,FAC002,BED0217,BED0210,DEP006,DEP006,2025-06-24 11:00:00,Ward Change,26
MOV007216,PAT05291,ADM012185,FAC003,BED0323,BED0328,DEP007,DEP007,2025-12-20 08:00:00,Department Transfer,32
MOV007217,PAT02217,ADM001159,FAC001,BED0867,BED0016,DEP003,DEP008,2025-07-11 10:00:00,ICU Transfer,35
MOV007221,PAT04112,ADM011399,FAC004,BED0443,BED0505,DEP007,DEP005,2023-06-22 13:00:00,Ward Change,29
MOV007225,PAT03647,ADM000613,FAC004,BED0588,BED0477,DEP002,DEP001,2025-04-16 06:00:00,Patient Request,20
MOV007226,PAT08383,ADM009321,FAC003,BED0817,BED0422,DEP005,DEP003,2022-03-27 04:00:00,Ward Change,33
MOV007230,PAT08724,ADM007647,FAC003,BED0418,BED0360,DEP005,DEP001,2025-01-20 04:00:00,Patient Request,47
MOV007234,PAT00132,ADM003632,FAC001,BED0025,BED0098,DEP001,DEP008,2025-04-13 18:00:00,Ward Change,6
MOV007248,PAT02299,ADM004759,FAC004,BED0438,BED0473,DEP004,DEP006,2025-11-29 04:00:00,Bed Unavailability,4
MOV007254,PAT04329,ADM010170,FAC004,BED0496,BED0578,DEP006,DEP006,2024-05-23 06:00:00,Ward Change,34
MOV007257,PAT04251,ADM013810,FAC005,BED0690,BED0645,DEP003,DEP001,2025-01-13 13:00:00,ICU Transfer,26
MOV007259,PAT06189,ADM004963,FAC003,BED0400,BED0364,DEP001,DEP005,2025-12-01 04:00:00,ICU Transfer,33
MOV007270,PAT00380,ADM008042,FAC004,BED0578,BED0467,DEP007,DEP001,2025-07-26 11:00:00,Bed Unavailability,8
MOV007271,PAT00466,ADM002900,FAC005,BED0735,BED0638,DEP005,DEP005,2025-06-04 14:00:00,Ward Change,32
MOV007281,PAT07922,ADM000391,FAC005,BED0602,BED0700,DEP001,DEP001,2025-02-24 06:00:00,Isolation Required,34
MOV007290,PAT03296,ADM006401,FAC004,BED0547,BED0870,DEP004,DEP002,2025-04-19 04:00:00,Patient Request,11
MOV007294,PAT04129,ADM004719,FAC001,BED0083,BED0098,DEP005,DEP004,2025-09-07 07:00:00,Ward Change,21
MOV007321,PAT00096,ADM001521,FAC004,BED0441,BED0770,DEP005,DEP006,2025-05-05 21:00:00,Isolation Required,56
MOV007322,PAT02817,ADM001519,FAC005,BED0734,BED0690,DEP003,DEP008,2025-10-29 13:00:00,Patient Request,24
MOV007330,PAT02880,ADM000620,FAC003,BED0325,BED0351,DEP007,DEP008,2025-09-23 07:00:00,Patient Request,2
MOV007331,PAT06897,ADM005425,FAC005,BED0674,BED0663,DEP001,DEP005,2025-08-25 08:00:00,Patient Request,44
MOV007336,PAT01167,ADM000514,FAC003,BED0433,BED0821,DEP007,DEP005,2025-03-03 19:00:00,Isolation Required,30
MOV007337,PAT03503,ADM004376,FAC005,BED0827,BED0830,DEP008,DEP005,2025-06-20 21:00:00,Isolation Required,22
MOV007339,PAT08986,ADM000556,FAC002,BED0795,BED0289,DEP005,DEP002,2025-03-05 14:00:00,Bed Unavailability,44
MOV007355,PAT02129,ADM009217,FAC005,BED0673,BED0709,DEP007,DEP008,2026-07-22 14:00:00,Isolation Required,33
MOV007358,PAT01698,ADM013368,FAC005,BED0728,BED0641,DEP007,DEP006,2025-05-07 08:00:00,Ward Change,29
MOV007360,PAT00151,ADM010314,FAC002,BED0251,BED0223,DEP002,DEP002,2023-02-09 07:00:00,Ward Change,17
MOV007361,PAT01523,ADM014350,FAC002,BED0781,BED0303,DEP001,DEP005,2024-08-08 06:00:00,Bed Unavailability,28
MOV007362,PAT05023,ADM010011,FAC005,BED0686,BED0747,DEP008,DEP008,2022-01-22 08:00:00,Bed Unavailability,34
MOV007374,PAT02596,ADM002327,FAC004,BED0538,BED0770,DEP001,DEP002,2025-11-05 10:00:00,Department Transfer,17
MOV007375,PAT05181,ADM007951,FAC005,BED0635,BED0704,DEP005,DEP008,2025-05-07 16:00:00,Department Transfer,26
MOV007376,PAT11671,ADM014793,FAC004,BED0450,BED0788,DEP007,DEP007,2024-06-09 13:00:00,Patient Request,20
MOV007380,PAT03703,ADM000531,FAC001,BED0184,BED0837,DEP005,DEP002,2025-04-27 10:00:00,Isolation Required,18
MOV007382,PAT08123,ADM000739,FAC001,BED0842,BED0181,DEP003,DEP008,2025-02-17 11:00:00,Department Transfer,14
MOV007387,PAT08618,ADM002044,FAC004,BED0586,BED0466,DEP007,DEP005,2025-11-09 11:00:00,Isolation Required,18
MOV007391,PAT10924,ADM013244,FAC003,BED0315,BED0342,DEP001,DEP001,2022-12-11 06:00:00,ICU Transfer,23
MOV007399,PAT10974,ADM014188,FAC002,BED0211,BED0285,DEP005,DEP006,2021-08-21 14:00:00,Department Transfer,24
MOV007400,PAT00304,ADM001077,FAC005,BED0670,BED0732,DEP006,DEP005,2025-06-30 17:00:00,ICU Transfer,25
MOV007402,PAT00114,ADM006016,FAC001,BED0072,BED0065,DEP008,DEP004,2025-09-26 06:00:00,Patient Request,7
MOV007404,PAT00926,ADM013901,FAC004,BED0535,BED0547,DEP007,DEP001,2025-03-28 13:00:00,Department Transfer,11
MOV007411,PAT01140,ADM009106,FAC001,BED0087,BED0116,DEP001,DEP005,2021-04-05 01:00:00,Department Transfer,29
MOV007418,PAT06282,ADM000683,FAC001,BED0028,BED0185,DEP002,DEP005,2025-02-07 08:00:00,Patient Request,43
MOV007426,PAT06587,ADM010301,FAC003,BED0311,BED0403,DEP001,DEP007,2023-06-28 11:00:00,ICU Transfer,28
MOV007443,PAT09286,ADM012819,FAC001,BED0163,BED0165,DEP008,DEP004,2025-04-28 15:00:00,Ward Change,25
MOV007447,PAT07498,ADM002700,FAC002,BED0304,BED0269,DEP002,DEP006,2025-10-24 13:00:00,Isolation Required,58
MOV007454,PAT08607,ADM003608,FAC002,BED0790,BED0758,DEP001,DEP007,2025-09-16 16:00:00,Department Transfer,39
MOV007458,PAT07269,ADM012914,FAC004,BED0440,BED0475,DEP007,DEP001,2024-01-18 13:00:00,Bed Unavailability,15
MOV007466,PAT04955,ADM006082,FAC003,BED0384,BED0332,DEP003,DEP007,2025-09-29 09:00:00,Isolation Required,29
MOV007468,PAT00252,ADM003407,FAC001,BED0148,BED0863,DEP001,DEP001,2025-12-28 07:00:00,Bed Unavailability,17
MOV007470,PAT13886,ADM008997,FAC005,BED0672,BED0653,DEP006,DEP005,2026-10-10 05:00:00,Isolation Required,29
MOV007483,PAT07959,ADM006120,FAC004,BED0583,BED0443,DEP002,DEP002,2025-05-27 10:00:00,Ward Change,23
MOV007485,PAT00151,ADM010884,FAC002,BED0250,BED0291,DEP005,DEP001,2026-08-17 07:00:00,Bed Unavailability,14
MOV007487,PAT01618,ADM009033,FAC005,BED0681,BED0653,DEP008,DEP005,2024-07-07 23:00:00,Ward Change,14
MOV007488,PAT08618,ADM002044,FAC004,BED0444,BED0435,DEP007,DEP007,2025-11-09 11:00:00,Ward Change,32
MOV007492,PAT09238,ADM007130,FAC004,BED0515,BED0870,DEP006,DEP001,2025-01-12 02:00:00,Bed Unavailability,26
MOV007496,PAT09069,ADM000048,FAC004,BED0455,BED0503,DEP004,DEP004,2025-01-03 07:00:00,Patient Request,2
MOV007515,PAT01624,ADM002173,FAC004,BED0574,BED0555,DEP006,DEP002,2025-07-04 08:00:00,Ward Change,13
MOV007519,PAT03546,ADM009491,FAC002,BED0273,BED0264,DEP006,DEP007,2025-01-26 18:00:00,Patient Request,2
MOV007524,PAT09616,ADM008109,FAC003,BED0756,BED0311,DEP001,DEP008,2025-10-22 09:00:00,Department Transfer,29
MOV007525,PAT03653,ADM006189,FAC005,BED0725,BED0827,DEP006,DEP007,2025-07-31 14:00:00,Ward Change,10
MOV007529,PAT08086,ADM005768,FAC002,BED0227,BED0237,DEP005,DEP002,2025-04-14 06:00:00,Isolation Required,33
MOV007547,PAT08789,ADM008520,FAC002,BED0202,BED0248,DEP002,DEP006,2026-09-09 13:00:00,Isolation Required,42
MOV007548,PAT05795,ADM001007,FAC001,BED0173,BED0135,DEP003,DEP002,2025-02-08 04:00:00,ICU Transfer,26
MOV007560,PAT14891,ADM010505,FAC003,BED0411,BED0332,DEP003,DEP005,2022-11-04 04:00:00,ICU Transfer,14
MOV007562,PAT03756,ADM004605,FAC003,BED0373,BED0382,DEP008,DEP008,2025-09-21 19:00:00,Isolation Required,7
MOV007564,PAT08983,ADM014168,FAC004,BED0486,BED0508,DEP002,DEP005,2023-09-08 12:00:00,Department Transfer,30
MOV007569,PAT05564,ADM005133,FAC001,BED0009,BED0093,DEP005,DEP005,2025-10-20 19:00:00,Patient Request,14
MOV007570,PAT01521,ADM000230,FAC004,BED0489,BED0510,DEP007,DEP002,2025-01-14 09:00:00,Bed Unavailability,27
MOV007573,PAT01471,ADM007823,FAC004,BED0546,BED0561,DEP002,DEP007,2025-02-19 13:00:00,Ward Change,28
MOV007582,PAT14287,ADM012274,FAC004,BED0509,BED0531,DEP006,DEP005,2022-07-23 00:00:00,ICU Transfer,24
MOV007585,PAT00818,ADM007614,FAC003,BED0348,BED0351,DEP007,DEP007,2025-06-09 00:00:00,Ward Change,17
MOV007591,PAT11853,ADM012203,FAC004,BED0550,BED0528,DEP004,DEP004,2023-06-05 01:00:00,Department Transfer,38
MOV007597,PAT06339,ADM010869,FAC005,BED0690,BED0612,DEP005,DEP007,2024-03-11 03:00:00,Department Transfer,15
MOV007599,PAT10837,ADM010886,FAC002,BED0261,BED0211,DEP002,DEP005,2021-03-05 05:00:00,Isolation Required,13
MOV007601,PAT02993,ADM012339,FAC002,BED0258,BED0278,DEP007,DEP001,2023-02-21 13:00:00,Department Transfer,21
MOV007610,PAT05894,ADM008819,FAC003,BED0378,BED0336,DEP007,DEP008,2022-05-29 23:00:00,Isolation Required,13
MOV007616,PAT01403,ADM006176,FAC001,BED0184,BED0095,DEP005,DEP003,2025-04-09 18:00:00,Bed Unavailability,12
MOV007618,PAT14305,ADM008660,FAC001,BED0013,BED0757,DEP002,DEP008,2023-06-30 14:00:00,Patient Request,42
MOV007626,PAT07226,ADM002526,FAC001,BED0053,BED0898,DEP001,DEP008,2025-10-02 15:00:00,Isolation Required,7
MOV007628,PAT03571,ADM002286,FAC004,BED0452,BED0449,DEP002,DEP006,2025-05-02 12:00:00,ICU Transfer,22
MOV007637,PAT00837,ADM000323,FAC002,BED0828,BED0203,DEP001,DEP001,2025-03-20 12:00:00,Isolation Required,4
MOV007638,PAT06707,ADM012297,FAC002,BED0208,BED0288,DEP006,DEP002,2022-12-25 03:00:00,Patient Request,32
MOV007642,PAT07052,ADM003332,FAC003,BED0404,BED0360,DEP001,DEP001,2025-11-28 08:00:00,Isolation Required,32
MOV007648,PAT00399,ADM003425,FAC003,BED0316,BED0834,DEP007,DEP007,2025-01-23 19:00:00,ICU Transfer,52
MOV007654,PAT06587,ADM010301,FAC003,BED0314,BED0804,DEP001,DEP008,2023-06-27 18:00:00,ICU Transfer,36
MOV007660,PAT02320,ADM000684,FAC001,BED0029,BED0826,DEP004,DEP004,2025-10-16 00:00:00,Department Transfer,35
MOV007661,PAT04818,ADM004790,FAC003,BED0390,BED0318,DEP005,DEP001,2025-07-27 13:00:00,Department Transfer,2
MOV007669,PAT07972,ADM010941,FAC003,BED0339,BED0326,DEP008,DEP005,2026-11-03 05:00:00,Ward Change,28
MOV007674,PAT07418,ADM004737,FAC005,BED0652,BED0650,DEP005,DEP008,2025-06-11 05:00:00,Ward Change,31
MOV007676,PAT00931,ADM005734,FAC001,BED0155,BED0095,DEP008,DEP001,2025-01-11 04:00:00,Ward Change,35
MOV007677,PAT06880,ADM006024,FAC004,BED0576,BED0580,DEP001,DEP006,2025-07-03 08:00:00,ICU Transfer,19
MOV007683,PAT06649,ADM000126,FAC002,BED0784,BED0228,DEP006,DEP001,2025-07-20 19:00:00,ICU Transfer,28
MOV007696,PAT04203,ADM013485,FAC002,BED0787,BED0191,DEP007,DEP001,2021-05-16 15:00:00,Bed Unavailability,2
MOV007700,PAT06352,ADM001406,FAC001,BED0126,BED0169,DEP002,DEP003,2025-06-06 18:00:00,Department Transfer,33
MOV007703,PAT04717,ADM014835,FAC003,BED0407,BED0405,DEP008,DEP005,2021-01-29 06:00:00,Isolation Required,23
MOV007707,PAT03448,ADM003088,FAC002,BED0278,BED0194,DEP001,DEP005,2025-02-10 06:00:00,Ward Change,18
MOV007708,PAT05901,ADM003055,FAC005,BED0606,BED0645,DEP006,DEP008,2025-03-15 06:00:00,Department Transfer,38
MOV007709,PAT02216,ADM012842,FAC003,BED0341,BED0897,DEP005,DEP005,2024-09-09 02:00:00,ICU Transfer,19
MOV007716,PAT05385,ADM006485,FAC003,BED0868,BED0425,DEP008,DEP005,2025-05-28 04:00:00,Patient Request,28
MOV007717,PAT08642,ADM000112,FAC003,BED0414,BED0804,DEP003,DEP005,2025-12-26 11:00:00,Department Transfer,49
MOV007726,PAT01922,ADM014756,FAC003,BED0390,BED0362,DEP008,DEP003,2022-03-05 05:00:00,Isolation Required,22
MOV007727,PAT14954,ADM012922,FAC002,BED0303,BED0233,DEP001,DEP007,2022-06-02 03:00:00,Bed Unavailability,20
MOV007730,PAT08747,ADM000043,FAC005,BED0743,BED0682,DEP008,DEP006,2025-05-04 23:00:00,Ward Change,22
MOV007733,PAT03548,ADM005065,FAC001,BED0159,BED0034,DEP002,DEP008,2025-08-09 01:00:00,Department Transfer,19
MOV007734,PAT01706,ADM002523,FAC003,BED0395,BED0835,DEP003,DEP008,2025-05-09 04:00:00,ICU Transfer,40
MOV007741,PAT09346,ADM014289,FAC005,BED0642,BED0629,DEP007,DEP007,2022-04-08 09:00:00,ICU Transfer,33
MOV007747,PAT14422,ADM011398,FAC003,BED0401,BED0368,DEP005,DEP003,2021-06-25 12:00:00,Isolation Required,25
MOV007753,PAT01499,ADM000637,FAC001,BED0143,BED0070,DEP001,DEP002,2025-02-18 08:00:00,Patient Request,15
MOV007764,PAT09932,ADM008174,FAC003,BED0398,BED0811,DEP001,DEP001,2025-11-26 13:00:00,ICU Transfer,32
MOV007769,PAT13260,ADM009313,FAC002,BED0230,BED0251,DEP006,DEP005,2026-12-17 13:00:00,Ward Change,9
MOV007773,PAT02975,ADM004494,FAC005,BED0727,BED0734,DEP003,DEP003,2025-04-04 17:00:00,Isolation Required,37
MOV007778,PAT08726,ADM004151,FAC002,BED0279,BED0293,DEP007,DEP005,2025-02-22 13:00:00,ICU Transfer,17
MOV007786,PAT06138,ADM000447,FAC004,BED0600,BED0525,DEP002,DEP002,2025-03-26 16:00:00,Ward Change,28
MOV007788,PAT00178,ADM009552,FAC004,BED0854,BED0577,DEP001,DEP001,2025-04-13 13:00:00,Department Transfer,3
MOV007790,PAT11875,ADM011935,FAC002,BED0828,BED0237,DEP002,DEP007,2026-04-01 15:00:00,Patient Request,31
MOV007797,PAT10391,ADM014071,FAC003,BED0381,BED0375,DEP001,DEP005,2022-07-06 04:00:00,Department Transfer,33
MOV007804,PAT12650,ADM011875,FAC005,BED0694,BED0675,DEP005,DEP001,2026-07-26 06:00:00,Ward Change,54
MOV007808,PAT12194,ADM014185,FAC003,BED0325,BED0385,DEP005,DEP003,2025-05-02 09:00:00,Ward Change,21
MOV007815,PAT14627,ADM011631,FAC004,BED0755,BED0445,DEP004,DEP001,2026-07-09 13:00:00,Bed Unavailability,35
MOV007816,PAT02443,ADM001943,FAC004,BED0560,BED0504,DEP006,DEP004,2025-11-26 09:00:00,Isolation Required,34
MOV007817,PAT12319,ADM011781,FAC005,BED0625,BED0700,DEP006,DEP001,2021-09-03 11:00:00,Isolation Required,25
MOV007836,PAT08789,ADM009209,FAC003,BED0387,BED0321,DEP001,DEP008,2023-01-21 14:00:00,Bed Unavailability,23
MOV007837,PAT05763,ADM005388,FAC003,BED0321,BED0423,DEP008,DEP005,2025-02-16 07:00:00,Bed Unavailability,19
MOV007838,PAT01770,ADM002121,FAC003,BED0341,BED0411,DEP008,DEP005,2025-09-02 17:00:00,Ward Change,39
MOV007840,PAT11387,ADM010039,FAC001,BED0148,BED0013,DEP003,DEP003,2026-02-01 07:00:00,Patient Request,31
MOV007844,PAT11360,ADM012394,FAC005,BED0667,BED0706,DEP006,DEP006,2025-08-01 11:00:00,Patient Request,40
MOV007849,PAT00004,ADM005244,FAC003,BED0395,BED0373,DEP005,DEP005,2025-05-27 06:00:00,ICU Transfer,9
MOV007865,PAT02875,ADM005192,FAC005,BED0631,BED0677,DEP008,DEP008,2025-02-26 04:00:00,Department Transfer,3
MOV007868,PAT00745,ADM000968,FAC002,BED0260,BED0860,DEP007,DEP006,2025-08-14 05:00:00,Isolation Required,42
MOV007876,PAT03117,ADM011535,FAC003,BED0759,BED0897,DEP005,DEP007,2026-05-21 14:00:00,Department Transfer,14
MOV007879,PAT08009,ADM002417,FAC005,BED0799,BED0791,DEP001,DEP006,2025-04-27 08:00:00,Bed Unavailability,17
MOV007885,PAT06770,ADM008234,FAC002,BED0221,BED0225,DEP005,DEP007,2025-07-06 08:00:00,Patient Request,22
MOV007889,PAT09069,ADM003854,FAC003,BED0416,BED0398,DEP001,DEP005,2025-10-12 10:00:00,Ward Change,27
MOV007892,PAT05788,ADM001928,FAC001,BED0132,BED0127,DEP008,DEP002,2025-10-21 06:00:00,Department Transfer,15
MOV007896,PAT12189,ADM011092,FAC004,BED0442,BED0570,DEP002,DEP006,2022-05-10 07:00:00,Isolation Required,19
MOV007900,PAT00818,ADM007302,FAC005,BED0609,BED0678,DEP005,DEP006,2025-10-04 05:00:00,Bed Unavailability,31
MOV007905,PAT06148,ADM005365,FAC001,BED0136,BED0116,DEP001,DEP008,2025-07-06 17:00:00,Bed Unavailability,46
MOV007913,PAT06934,ADM005101,FAC001,BED0083,BED0032,DEP008,DEP002,2025-05-16 04:00:00,Isolation Required,30
MOV007925,PAT13835,ADM012488,FAC005,BED0692,BED0686,DEP005,DEP005,2025-03-08 07:00:00,Bed Unavailability,32
MOV007930,PAT11712,ADM012957,FAC001,BED0045,BED0131,DEP004,DEP005,2022-12-04 18:00:00,Bed Unavailability,25
MOV007935,PAT08490,ADM014002,FAC004,BED0805,BED0560,DEP005,DEP005,2024-11-02 11:00:00,Isolation Required,11
MOV007936,PAT03624,ADM013130,FAC004,BED0813,BED0451,DEP004,DEP007,2024-11-09 14:00:00,Patient Request,16
MOV007938,PAT03016,ADM008287,FAC005,BED0719,BED0604,DEP003,DEP001,2025-07-20 06:00:00,Isolation Required,4
MOV007941,PAT03370,ADM009973,FAC002,BED0212,BED0282,DEP005,DEP001,2023-05-02 14:00:00,Bed Unavailability,41
MOV007946,PAT08331,ADM006556,FAC002,BED0294,BED0861,DEP006,DEP005,2025-01-12 04:00:00,Bed Unavailability,9
MOV007948,PAT11258,ADM014676,FAC001,BED0075,BED0024,DEP008,DEP005,2021-02-04 03:00:00,Bed Unavailability,12
MOV007950,PAT03387,ADM012800,FAC002,BED0230,BED0775,DEP005,DEP001,2026-01-31 16:00:00,Patient Request,20
MOV007953,PAT08884,ADM007468,FAC005,BED0692,BED0680,DEP001,DEP007,2025-04-22 21:00:00,Bed Unavailability,35
MOV007956,PAT02302,ADM008318,FAC003,BED0417,BED0347,DEP003,DEP001,2025-03-10 08:00:00,Bed Unavailability,17
MOV007961,PAT04982,ADM001005,FAC004,BED0578,BED0575,DEP006,DEP002,2025-04-14 04:00:00,Isolation Required,24
MOV007969,PAT09724,ADM010233,FAC001,BED0163,BED0079,DEP004,DEP005,2026-09-04 07:00:00,Patient Request,55
MOV007972,PAT04112,ADM014332,FAC002,BED0291,BED0302,DEP007,DEP002,2022-09-09 10:00:00,Isolation Required,34
MOV007976,PAT10878,ADM010331,FAC005,BED0660,BED0739,DEP007,DEP008,2021-02-23 11:00:00,Bed Unavailability,20
MOV007985,PAT04833,ADM000336,FAC002,BED0762,BED0822,DEP002,DEP001,2025-05-13 04:00:00,Isolation Required,18
MOV007990,PAT04537,ADM007983,FAC004,BED0522,BED0587,DEP001,DEP006,2025-08-22 09:00:00,ICU Transfer,27
MOV007991,PAT10878,ADM009436,FAC005,BED0661,BED0656,DEP001,DEP001,2021-05-27 11:00:00,Ward Change,15
MOV007995,PAT04302,ADM006158,FAC004,BED0474,BED0535,DEP002,DEP006,2025-11-10 11:00:00,Department Transfer,31
MOV007997,PAT09616,ADM003974,FAC001,BED0010,BED0009,DEP004,DEP003,2025-10-06 10:00:00,Bed Unavailability,16
MOV007999,PAT00015,ADM008558,FAC001,BED0018,BED0005,DEP005,DEP005,2024-02-20 04:00:00,Patient Request,41
MOV008018,PAT05744,ADM000250,FAC001,BED0054,BED0090,DEP004,DEP005,2025-06-30 07:00:00,Department Transfer,46
MOV008034,PAT01635,ADM013952,FAC002,BED0758,BED0223,DEP002,DEP006,2023-02-18 09:00:00,Isolation Required,17
MOV008037,PAT06878,ADM010515,FAC001,BED0863,BED0019,DEP001,DEP002,2023-08-14 18:00:00,Isolation Required,19
MOV008039,PAT02549,ADM000844,FAC004,BED0509,BED0851,DEP001,DEP007,2025-08-04 18:00:00,Isolation Required,30
MOV008040,PAT09682,ADM003532,FAC003,BED0351,BED0310,DEP005,DEP007,2025-10-12 05:00:00,Isolation Required,23
MOV008041,PAT00252,ADM011057,FAC003,BED0419,BED0804,DEP007,DEP003,2026-08-29 18:00:00,Isolation Required,28
MOV008044,PAT07751,ADM014681,FAC004,BED0564,BED0839,DEP002,DEP001,2022-02-26 15:00:00,Department Transfer,29
MOV008049,PAT10070,ADM011494,FAC004,BED0489,BED0471,DEP007,DEP007,2022-12-21 19:00:00,Patient Request,22
MOV008057,PAT03703,ADM000531,FAC001,BED0023,BED0853,DEP005,DEP002,2025-04-27 09:00:00,Bed Unavailability,26
MOV008067,PAT01656,ADM007136,FAC004,BED0467,BED0446,DEP004,DEP005,2025-05-16 13:00:00,Bed Unavailability,41
MOV008077,PAT13827,ADM011879,FAC005,BED0618,BED0697,DEP003,DEP001,2023-07-12 15:00:00,Ward Change,19
MOV008098,PAT07832,ADM004996,FAC004,BED0445,BED0448,DEP002,DEP004,2025-11-28 15:00:00,Ward Change,51
MOV008107,PAT06349,ADM007451,FAC004,BED0557,BED0547,DEP005,DEP004,2025-12-08 09:00:00,Isolation Required,26
MOV008110,PAT06320,ADM008488,FAC004,BED0500,BED0497,DEP001,DEP007,2025-05-15 14:00:00,Department Transfer,24
MOV008112,PAT04334,ADM006539,FAC003,BED0364,BED0395,DEP008,DEP001,2025-02-19 08:00:00,Patient Request,40
MOV008114,PAT02586,ADM012025,FAC001,BED0010,BED0068,DEP003,DEP004,2025-10-03 02:00:00,Department Transfer,39
MOV008116,PAT01218,ADM003905,FAC004,BED0483,BED0512,DEP004,DEP006,2025-01-31 03:00:00,Bed Unavailability,31
MOV008120,PAT05513,ADM013989,FAC004,BED0542,BED0567,DEP001,DEP006,2023-04-18 06:00:00,Bed Unavailability,13
MOV008132,PAT01584,ADM004995,FAC001,BED0144,BED0892,DEP001,DEP004,2025-07-16 13:00:00,Patient Request,31
MOV008145,PAT01489,ADM002880,FAC003,BED0337,BED0817,DEP005,DEP003,2025-09-01 14:00:00,Bed Unavailability,29
MOV008147,PAT02413,ADM013549,FAC002,BED0201,BED0196,DEP007,DEP007,2023-08-15 07:00:00,Patient Request,2
MOV008153,PAT07757,ADM014299,FAC003,BED0361,BED0347,DEP003,DEP003,2022-03-28 11:00:00,ICU Transfer,37
MOV008154,PAT02047,ADM012930,FAC001,BED0862,BED0097,DEP008,DEP008,2024-05-20 11:00:00,Bed Unavailability,21
MOV008159,PAT01509,ADM011463,FAC002,BED0198,BED0207,DEP006,DEP006,2026-07-18 05:00:00,Isolation Required,21
MOV008163,PAT11356,ADM013836,FAC005,BED0610,BED0657,DEP003,DEP001,2026-09-04 08:00:00,Isolation Required,9
MOV008164,PAT03785,ADM007542,FAC003,BED0429,BED0834,DEP008,DEP001,2025-12-12 03:00:00,Isolation Required,37
MOV008166,PAT07013,ADM006386,FAC005,BED0722,BED0673,DEP001,DEP007,2025-11-17 06:00:00,ICU Transfer,18
MOV008178,PAT10857,ADM011571,FAC003,BED0429,BED0391,DEP003,DEP007,2024-01-30 07:00:00,Bed Unavailability,34
MOV008179,PAT09903,ADM001869,FAC004,BED0588,BED0486,DEP005,DEP005,2025-12-30 14:00:00,Bed Unavailability,32
MOV008182,PAT04011,ADM014847,FAC001,BED0099,BED0047,DEP002,DEP004,2021-12-24 17:00:00,ICU Transfer,23
MOV008183,PAT11059,ADM009680,FAC004,BED0503,BED0539,DEP004,DEP002,2026-09-13 14:00:00,Department Transfer,27
MOV008185,PAT01238,ADM012373,FAC004,BED0471,BED0584,DEP002,DEP007,2025-10-18 04:00:00,Isolation Required,36
MOV008193,PAT02020,ADM001201,FAC001,BED0029,BED0072,DEP003,DEP008,2025-11-09 11:00:00,Isolation Required,13
MOV008201,PAT08150,ADM007433,FAC004,BED0755,BED0505,DEP007,DEP007,2025-04-02 14:00:00,ICU Transfer,14
MOV008214,PAT06135,ADM005140,FAC002,BED0281,BED0294,DEP005,DEP007,2025-06-19 17:00:00,Ward Change,35
MOV008219,PAT03752,ADM007272,FAC001,BED0045,BED0087,DEP001,DEP008,2025-12-06 12:00:00,Isolation Required,32
MOV008221,PAT04289,ADM002288,FAC001,BED0177,BED0060,DEP001,DEP002,2025-07-04 16:00:00,Department Transfer,21
MOV008229,PAT01124,ADM006429,FAC003,BED0356,BED0327,DEP005,DEP005,2025-03-03 08:00:00,Bed Unavailability,40
MOV008230,PAT03775,ADM014850,FAC002,BED0202,BED0298,DEP005,DEP002,2022-01-22 08:00:00,Patient Request,36
MOV008234,PAT01316,ADM000649,FAC001,BED0052,BED0104,DEP002,DEP003,2025-10-26 13:00:00,Department Transfer,8
MOV008236,PAT07710,ADM011677,FAC004,BED0857,BED0813,DEP007,DEP007,2023-08-05 19:00:00,Bed Unavailability,18
MOV008242,PAT13267,ADM012502,FAC002,BED0784,BED0199,DEP006,DEP007,2025-03-09 11:00:00,Isolation Required,20
MOV008245,PAT07696,ADM006723,FAC001,BED0172,BED0091,DEP002,DEP004,2025-08-14 04:00:00,Bed Unavailability,26
MOV008246,PAT05235,ADM000476,FAC001,BED0003,BED0026,DEP001,DEP003,2025-12-27 15:00:00,Bed Unavailability,38
MOV008248,PAT04046,ADM000693,FAC003,BED0405,BED0824,DEP001,DEP007,2025-11-06 19:00:00,Patient Request,8
MOV008257,PAT00096,ADM001521,FAC004,BED0532,BED0490,DEP005,DEP005,2025-05-02 16:00:00,Isolation Required,38
MOV008260,PAT01494,ADM002216,FAC004,BED0479,BED0508,DEP006,DEP004,2025-04-26 08:00:00,Patient Request,40
MOV008265,PAT05934,ADM007001,FAC004,BED0529,BED0519,DEP001,DEP002,2025-04-18 14:00:00,Isolation Required,25
MOV008274,PAT04338,ADM000877,FAC001,BED0074,BED0051,DEP008,DEP002,2025-04-09 14:00:00,Ward Change,39
MOV008281,PAT07088,ADM003961,FAC005,BED0602,BED0661,DEP001,DEP006,2025-11-09 21:00:00,Ward Change,33
MOV008288,PAT01124,ADM006429,FAC003,BED0817,BED0348,DEP005,DEP005,2025-03-03 13:00:00,Isolation Required,35
MOV008292,PAT11511,ADM014488,FAC003,BED0315,BED0766,DEP008,DEP007,2021-04-20 06:00:00,Isolation Required,32
MOV008299,PAT01509,ADM011463,FAC002,BED0195,BED0865,DEP006,DEP007,2026-07-18 16:00:00,Department Transfer,20
MOV008303,PAT13270,ADM012115,FAC002,BED0210,BED0894,DEP001,DEP002,2023-11-02 19:00:00,Patient Request,18
MOV008304,PAT05505,ADM002694,FAC003,BED0418,BED0308,DEP008,DEP007,2025-06-14 16:00:00,Department Transfer,29
MOV008317,PAT01890,ADM013538,FAC002,BED0300,BED0260,DEP007,DEP002,2024-06-10 13:00:00,ICU Transfer,8
MOV008320,PAT06751,ADM009888,FAC004,BED0575,BED0501,DEP001,DEP004,2024-12-27 19:00:00,ICU Transfer,38
MOV008324,PAT01581,ADM004658,FAC004,BED0435,BED0896,DEP004,DEP007,2025-09-13 01:00:00,ICU Transfer,31
MOV008327,PAT05793,ADM009303,FAC002,BED0283,BED0859,DEP005,DEP006,2024-10-16 04:00:00,Ward Change,32
MOV008329,PAT06670,ADM008986,FAC001,BED0154,BED0147,DEP002,DEP008,2021-03-25 14:00:00,Ward Change,17
MOV008337,PAT13077,ADM011560,FAC001,BED0046,BED0070,DEP005,DEP004,2026-12-27 06:00:00,Isolation Required,23
MOV008350,PAT01226,ADM007538,FAC003,BED0761,BED0431,DEP007,DEP008,2025-01-12 07:00:00,Ward Change,22
MOV008355,PAT04514,ADM003390,FAC001,BED0075,BED0887,DEP008,DEP003,2025-01-25 16:00:00,ICU Transfer,24
MOV008359,PAT04709,ADM010613,FAC001,BED0837,BED0060,DEP004,DEP003,2025-02-25 05:00:00,Department Transfer,32
MOV008388,PAT04904,ADM003017,FAC002,BED0822,BED0290,DEP005,DEP002,2025-12-08 18:00:00,Department Transfer,46
MOV008389,PAT02630,ADM000322,FAC005,BED0684,BED0665,DEP003,DEP008,2025-08-24 17:00:00,Department Transfer,22
MOV008395,PAT09021,ADM009504,FAC004,BED0434,BED0479,DEP005,DEP002,2021-06-19 09:00:00,Bed Unavailability,14
MOV008404,PAT04541,ADM005258,FAC004,BED0588,BED0444,DEP004,DEP001,2025-03-24 07:00:00,Isolation Required,9
MOV008407,PAT03911,ADM010387,FAC002,BED0294,BED0283,DEP005,DEP002,2023-08-31 16:00:00,Ward Change,16
MOV008415,PAT08452,ADM010812,FAC005,BED0662,BED0673,DEP005,DEP003,2023-11-15 14:00:00,Department Transfer,38
MOV008429,PAT06265,ADM002689,FAC003,BED0821,BED0429,DEP005,DEP005,2025-05-11 07:00:00,Isolation Required,48
MOV008433,PAT06878,ADM010515,FAC001,BED0188,BED0012,DEP001,DEP003,2023-08-13 00:00:00,Department Transfer,15
MOV008434,PAT12684,ADM009090,FAC001,BED0095,BED0028,DEP004,DEP008,2023-09-18 14:00:00,Department Transfer,19
MOV008439,PAT09675,ADM001470,FAC002,BED0220,BED0286,DEP007,DEP002,2025-10-27 07:00:00,Patient Request,26
MOV008452,PAT03323,ADM012595,FAC003,BED0798,BED0426,DEP003,DEP008,2021-04-19 13:00:00,Department Transfer,19
MOV008453,PAT00725,ADM006611,FAC004,BED0789,BED0890,DEP002,DEP001,2025-04-21 16:00:00,Bed Unavailability,33
MOV008462,PAT03469,ADM007441,FAC004,BED0577,BED0556,DEP001,DEP005,2025-07-15 10:00:00,ICU Transfer,69
MOV008466,PAT03990,ADM011369,FAC002,BED0199,BED0783,DEP006,DEP005,2023-09-12 09:00:00,Bed Unavailability,31
MOV008467,PAT02405,ADM004231,FAC004,BED0434,BED0491,DEP006,DEP006,2025-08-20 09:00:00,Department Transfer,11
MOV008474,PAT06046,ADM006992,FAC005,BED0722,BED0646,DEP008,DEP006,2025-01-26 02:00:00,Department Transfer,23
MOV008482,PAT09970,ADM002847,FAC002,BED0243,BED0229,DEP002,DEP002,2025-05-24 08:00:00,Isolation Required,2
MOV008484,PAT03843,ADM005059,FAC003,BED0312,BED0380,DEP001,DEP007,2025-03-30 15:00:00,Department Transfer,22
MOV008497,PAT12670,ADM012357,FAC004,BED0836,BED0846,DEP005,DEP001,2026-03-28 03:00:00,Department Transfer,37
MOV008508,PAT11875,ADM011935,FAC002,BED0765,BED0279,DEP002,DEP006,2026-03-30 15:00:00,Bed Unavailability,49
MOV008511,PAT05596,ADM004334,FAC004,BED0480,BED0488,DEP004,DEP007,2025-08-20 07:00:00,Department Transfer,34
MOV008512,PAT09823,ADM002449,FAC004,BED0496,BED0839,DEP007,DEP007,2025-07-02 06:00:00,Bed Unavailability,15
MOV008514,PAT06551,ADM007033,FAC003,BED0407,BED0804,DEP008,DEP008,2025-10-02 11:00:00,Bed Unavailability,26
MOV008516,PAT03430,ADM002213,FAC001,BED0044,BED0066,DEP001,DEP002,2025-10-22 05:00:00,Department Transfer,41
MOV008517,PAT01990,ADM003599,FAC005,BED0606,BED0663,DEP003,DEP007,2025-10-09 18:00:00,ICU Transfer,16
MOV008519,PAT08274,ADM006934,FAC001,BED0807,BED0137,DEP001,DEP003,2025-05-25 06:00:00,ICU Transfer,14
MOV008520,PAT00462,ADM001497,FAC005,BED0820,BED0734,DEP005,DEP008,2025-10-18 09:00:00,Department Transfer,15
MOV008523,PAT09726,ADM006553,FAC004,BED0570,BED0502,DEP007,DEP004,2025-01-17 07:00:00,Patient Request,21
MOV008532,PAT09897,ADM011807,FAC001,BED0853,BED0018,DEP001,DEP002,2024-07-13 15:00:00,Patient Request,40
MOV008536,PAT13817,ADM012740,FAC004,BED0572,BED0520,DEP006,DEP001,2024-01-22 07:00:00,ICU Transfer,28
MOV008539,PAT03548,ADM005065,FAC001,BED0847,BED0007,DEP002,DEP004,2025-08-11 10:00:00,ICU Transfer,31
MOV008541,PAT09069,ADM003854,FAC003,BED0809,BED0368,DEP001,DEP007,2025-10-12 06:00:00,Ward Change,47
MOV008542,PAT05220,ADM003376,FAC005,BED0739,BED0743,DEP003,DEP005,2025-07-21 18:00:00,Department Transfer,12
MOV008547,PAT04195,ADM004460,FAC004,BED0839,BED0444,DEP004,DEP005,2025-03-23 13:00:00,Bed Unavailability,30
MOV008556,PAT01787,ADM009366,FAC002,BED0249,BED0298,DEP002,DEP006,2025-08-17 15:00:00,Isolation Required,21
MOV008558,PAT04154,ADM014853,FAC003,BED0327,BED0384,DEP007,DEP007,2023-08-19 10:00:00,Isolation Required,22
MOV008560,PAT02118,ADM007637,FAC004,BED0515,BED0514,DEP004,DEP002,2025-11-18 08:00:00,Patient Request,32
MOV008565,PAT06322,ADM014953,FAC004,BED0572,BED0468,DEP001,DEP002,2022-04-07 08:00:00,Ward Change,2
MOV008583,PAT01965,ADM009037,FAC005,BED0830,BED0833,DEP001,DEP005,2025-12-21 16:00:00,Bed Unavailability,22
MOV008597,PAT00938,ADM007778,FAC001,BED0024,BED0157,DEP003,DEP004,2026-01-01 18:00:00,Bed Unavailability,20
MOV008616,PAT07502,ADM011694,FAC002,BED0287,BED0832,DEP006,DEP001,2025-07-13 15:00:00,Bed Unavailability,8
MOV008617,PAT06919,ADM003845,FAC001,BED0025,BED0124,DEP003,DEP003,2025-03-27 15:00:00,Department Transfer,55
MOV008620,PAT05081,ADM004321,FAC004,BED0438,BED0513,DEP006,DEP006,2025-12-13 04:00:00,Patient Request,35
MOV008622,PAT08571,ADM004763,FAC005,BED0648,BED0634,DEP007,DEP005,2025-07-03 05:00:00,Isolation Required,17
MOV008625,PAT13667,ADM014817,FAC005,BED0799,BED0671,DEP001,DEP003,2021-05-24 04:00:00,Bed Unavailability,37
MOV008629,PAT03188,ADM012534,FAC004,BED0836,BED0591,DEP001,DEP004,2021-07-05 20:00:00,Bed Unavailability,2
MOV008639,PAT04230,ADM003413,FAC004,BED0473,BED0438,DEP004,DEP006,2025-02-19 20:00:00,Bed Unavailability,18
MOV008656,PAT04904,ADM003017,FAC002,BED0194,BED0278,DEP005,DEP006,2025-12-08 09:00:00,ICU Transfer,39
MOV008661,PAT13466,ADM008761,FAC004,BED0484,BED0523,DEP006,DEP002,2024-01-27 14:00:00,ICU Transfer,32
MOV008664,PAT09053,ADM011247,FAC003,BED0386,BED0376,DEP008,DEP001,2022-02-25 12:00:00,Patient Request,22
MOV008665,PAT03659,ADM007211,FAC005,BED0661,BED0673,DEP001,DEP006,2025-01-11 05:00:00,Ward Change,19
MOV008673,PAT04088,ADM007920,FAC004,BED0519,BED0471,DEP007,DEP007,2025-09-22 17:00:00,Isolation Required,36
MOV008676,PAT03188,ADM007938,FAC001,BED0842,BED0069,DEP005,DEP002,2025-01-26 09:00:00,Isolation Required,12
MOV008677,PAT02217,ADM004664,FAC001,BED0100,BED0183,DEP005,DEP001,2025-10-19 22:00:00,Department Transfer,47
MOV008678,PAT06138,ADM000447,FAC004,BED0875,BED0530,DEP002,DEP002,2025-03-23 09:00:00,Department Transfer,26
MOV008680,PAT01800,ADM009880,FAC004,BED0541,BED0573,DEP004,DEP006,2024-01-17 11:00:00,ICU Transfer,39
MOV008685,PAT05839,ADM004975,FAC001,BED0166,BED0075,DEP004,DEP003,2025-06-18 08:00:00,Isolation Required,18
MOV008696,PAT05291,ADM012185,FAC003,BED0367,BED0401,DEP007,DEP001,2025-12-20 04:00:00,Bed Unavailability,28
MOV008697,PAT08823,ADM011733,FAC003,BED0371,BED0406,DEP005,DEP007,2024-04-20 22:00:00,Ward Change,19
MOV008699,PAT14278,ADM012793,FAC005,BED0638,BED0635,DEP008,DEP003,2025-09-04 02:00:00,Department Transfer,52
MOV008704,PAT03964,ADM005449,FAC002,BED0191,BED0268,DEP005,DEP006,2025-03-19 16:00:00,Department Transfer,31
MOV008706,PAT07820,ADM012708,FAC004,BED0438,BED0883,DEP004,DEP007,2021-06-01 16:00:00,Ward Change,23
MOV008712,PAT05307,ADM006062,FAC003,BED0340,BED0398,DEP003,DEP005,2025-04-14 04:00:00,Department Transfer,36
MOV008716,PAT09071,ADM007979,FAC003,BED0405,BED0319,DEP007,DEP001,2025-06-15 05:00:00,Ward Change,15
MOV008718,PAT07111,ADM000134,FAC002,BED0251,BED0213,DEP001,DEP002,2025-11-19 08:00:00,Bed Unavailability,30
MOV008722,PAT06339,ADM010869,FAC005,BED0745,BED0816,DEP005,DEP008,2024-03-13 18:00:00,Bed Unavailability,14
MOV008725,PAT04058,ADM009655,FAC004,BED0546,BED0447,DEP002,DEP007,2025-08-23 16:00:00,Department Transfer,36
MOV008732,PAT07096,ADM012762,FAC002,BED0243,BED0859,DEP006,DEP005,2021-04-27 06:00:00,Ward Change,21
MOV008734,PAT04124,ADM001827,FAC002,BED0275,BED0207,DEP002,DEP005,2025-03-01 05:00:00,ICU Transfer,22
MOV008739,PAT11201,ADM013250,FAC004,BED0476,BED0556,DEP004,DEP005,2026-01-05 14:00:00,Ward Change,28
MOV008742,PAT09346,ADM008576,FAC002,BED0765,BED0256,DEP002,DEP005,2025-12-10 17:00:00,ICU Transfer,40
MOV008745,PAT08887,ADM014460,FAC003,BED0361,BED0356,DEP003,DEP001,2021-10-20 09:00:00,Isolation Required,24
MOV008756,PAT06331,ADM006399,FAC004,BED0517,BED0436,DEP002,DEP001,2025-08-11 06:00:00,Patient Request,29
MOV008757,PAT09390,ADM000673,FAC004,BED0439,BED0533,DEP007,DEP006,2025-06-01 07:00:00,Patient Request,20
MOV008759,PAT00885,ADM008241,FAC001,BED0093,BED0069,DEP008,DEP008,2025-12-20 17:00:00,Patient Request,37
MOV008768,PAT06182,ADM004196,FAC002,BED0266,BED0765,DEP007,DEP007,2025-06-17 07:00:00,Bed Unavailability,16
MOV008770,PAT03289,ADM004606,FAC001,BED0012,BED0040,DEP003,DEP005,2025-03-06 16:00:00,Patient Request,6
MOV008773,PAT07223,ADM009036,FAC001,BED0027,BED0176,DEP005,DEP004,2021-08-15 04:00:00,Department Transfer,2
MOV008775,PAT09190,ADM007459,FAC001,BED0113,BED0136,DEP008,DEP008,2025-04-04 02:00:00,Department Transfer,9
MOV008780,PAT01656,ADM007136,FAC004,BED0494,BED0594,DEP004,DEP002,2025-05-17 06:00:00,ICU Transfer,14
MOV008782,PAT00430,ADM008330,FAC002,BED0299,BED0295,DEP002,DEP006,2025-09-17 06:00:00,Ward Change,53
MOV008788,PAT09202,ADM006601,FAC003,BED0410,BED0348,DEP003,DEP008,2025-07-16 04:00:00,Bed Unavailability,36
MOV008790,PAT08391,ADM011068,FAC004,BED0578,BED0441,DEP004,DEP004,2023-09-14 09:00:00,Patient Request,4
MOV008792,PAT06408,ADM003488,FAC005,BED0630,BED0703,DEP001,DEP008,2025-01-09 20:00:00,Isolation Required,23
MOV008797,PAT05959,ADM004456,FAC001,BED0171,BED0119,DEP008,DEP003,2025-01-01 15:00:00,Ward Change,2
MOV008804,PAT03117,ADM011535,FAC003,BED0305,BED0376,DEP005,DEP003,2026-05-20 13:00:00,Bed Unavailability,11
MOV008813,PAT04982,ADM001005,FAC004,BED0592,BED0522,DEP006,DEP004,2025-04-12 22:00:00,Ward Change,16
MOV008814,PAT07972,ADM010941,FAC003,BED0396,BED0410,DEP008,DEP007,2026-11-02 18:00:00,Bed Unavailability,25
MOV008827,PAT02345,ADM003558,FAC003,BED0891,BED0405,DEP001,DEP005,2025-08-13 17:00:00,Bed Unavailability,23
MOV008836,PAT03685,ADM003183,FAC001,BED0165,BED0055,DEP003,DEP008,2025-03-29 11:00:00,Department Transfer,22
MOV008840,PAT03509,ADM005824,FAC003,BED0373,BED0425,DEP003,DEP007,2025-11-27 06:00:00,Ward Change,31
MOV008845,PAT08030,ADM001343,FAC004,BED0449,BED0874,DEP004,DEP007,2025-10-04 14:00:00,Isolation Required,33
MOV008847,PAT00813,ADM014190,FAC005,BED0713,BED0631,DEP001,DEP001,2021-10-08 10:00:00,Patient Request,38
MOV008849,PAT05613,ADM014179,FAC001,BED0060,BED0892,DEP003,DEP003,2026-09-12 10:00:00,Department Transfer,50
MOV008865,PAT14954,ADM010977,FAC001,BED0892,BED0032,DEP002,DEP008,2023-02-20 19:00:00,Bed Unavailability,34
MOV008882,PAT06897,ADM005425,FAC005,BED0782,BED0724,DEP001,DEP001,2025-08-25 12:00:00,Patient Request,35
MOV008886,PAT13253,ADM010769,FAC001,BED0053,BED0825,DEP004,DEP001,2026-08-25 07:00:00,Department Transfer,27
MOV008891,PAT11659,ADM008743,FAC004,BED0595,BED0497,DEP001,DEP005,2024-11-29 21:00:00,Ward Change,30
MOV008896,PAT10857,ADM011571,FAC003,BED0421,BED0398,DEP003,DEP003,2024-02-02 07:00:00,Bed Unavailability,33
MOV008918,PAT09773,ADM004429,FAC004,BED0561,BED0813,DEP001,DEP006,2025-06-01 06:00:00,ICU Transfer,26
MOV008919,PAT04897,ADM002649,FAC002,BED0221,BED0199,DEP002,DEP006,2025-03-01 11:00:00,Department Transfer,47
MOV008920,PAT09333,ADM005352,FAC001,BED0043,BED0015,DEP002,DEP001,2025-07-12 15:00:00,Ward Change,36
MOV008926,PAT03990,ADM011369,FAC002,BED0795,BED0222,DEP006,DEP006,2023-09-08 09:00:00,Bed Unavailability,15
MOV008929,PAT03257,ADM008199,FAC005,BED0709,BED0880,DEP005,DEP001,2025-12-25 14:00:00,ICU Transfer,31
MOV008935,PAT05305,ADM007023,FAC003,BED0328,BED0316,DEP008,DEP003,2025-05-07 18:00:00,Department Transfer,12
MOV008939,PAT07052,ADM009315,FAC004,BED0513,BED0441,DEP007,DEP006,2025-09-20 09:00:00,Ward Change,12
MOV008940,PAT08601,ADM010417,FAC003,BED0325,BED0400,DEP007,DEP007,2022-10-07 05:00:00,Patient Request,40
MOV008941,PAT06424,ADM000511,FAC001,BED0053,BED0041,DEP008,DEP005,2025-09-13 10:00:00,Department Transfer,4
MOV008942,PAT11360,ADM008788,FAC002,BED0231,BED0289,DEP002,DEP002,2021-05-01 07:00:00,Department Transfer,6
MOV008946,PAT07051,ADM002091,FAC003,BED0340,BED0357,DEP007,DEP001,2025-12-23 13:00:00,Department Transfer,10
MOV008949,PAT06046,ADM005229,FAC001,BED0162,BED0175,DEP002,DEP008,2025-06-20 02:00:00,Bed Unavailability,15
MOV008975,PAT03205,ADM014358,FAC003,BED0310,BED0357,DEP005,DEP001,2022-02-12 14:00:00,ICU Transfer,12
MOV008986,PAT09286,ADM002884,FAC003,BED0773,BED0393,DEP001,DEP008,2025-10-29 00:00:00,Ward Change,24
MOV008987,PAT09567,ADM000325,FAC005,BED0648,BED0645,DEP006,DEP008,2025-01-26 18:00:00,Ward Change,18
MOV008993,PAT08094,ADM007406,FAC003,BED0355,BED0346,DEP005,DEP007,2025-01-19 09:00:00,Isolation Required,36
MOV008994,PAT08586,ADM000213,FAC003,BED0419,BED0370,DEP003,DEP007,2025-06-06 14:00:00,Isolation Required,39
MOV008999,PAT00285,ADM004537,FAC004,BED0506,BED0474,DEP004,DEP004,2025-04-30 14:00:00,Bed Unavailability,23
MOV009001,PAT08725,ADM004778,FAC004,BED0569,BED0437,DEP004,DEP002,2025-07-05 23:00:00,ICU Transfer,34
MOV009011,PAT12581,ADM011943,FAC001,BED0139,BED0182,DEP001,DEP005,2022-02-02 10:00:00,Department Transfer,5
MOV009013,PAT00042,ADM003382,FAC005,BED0631,BED0661,DEP003,DEP001,2025-09-25 16:00:00,Department Transfer,26
MOV009016,PAT01721,ADM001254,FAC004,BED0446,BED0443,DEP006,DEP002,2025-05-01 04:00:00,ICU Transfer,15
MOV009023,PAT05741,ADM010329,FAC001,BED0887,BED0070,DEP002,DEP005,2025-02-08 04:00:00,ICU Transfer,22
MOV009031,PAT00408,ADM013632,FAC003,BED0401,BED0834,DEP005,DEP007,2024-10-29 11:00:00,Isolation Required,17
MOV009041,PAT02216,ADM012842,FAC003,BED0306,BED0351,DEP005,DEP003,2024-09-08 06:00:00,Department Transfer,27
MOV009043,PAT05095,ADM007760,FAC003,BED0400,BED0370,DEP001,DEP008,2025-03-24 16:00:00,ICU Transfer,27
MOV009051,PAT06378,ADM010874,FAC003,BED0314,BED0433,DEP003,DEP008,2024-04-21 07:00:00,Ward Change,39
MOV009056,PAT01509,ADM011463,FAC002,BED0281,BED0272,DEP006,DEP002,2026-07-18 08:00:00,Isolation Required,37
MOV009064,PAT14429,ADM008530,FAC001,BED0847,BED0081,DEP003,DEP008,2023-04-25 18:00:00,Isolation Required,25
MOV009065,PAT07529,ADM012678,FAC001,BED0108,BED0013,DEP001,DEP008,2026-11-05 18:00:00,Patient Request,54
MOV009069,PAT08169,ADM005019,FAC005,BED0609,BED0622,DEP001,DEP007,2025-05-01 05:00:00,ICU Transfer,7
MOV009077,PAT00922,ADM012417,FAC001,BED0094,BED0015,DEP001,DEP002,2026-01-31 04:00:00,Ward Change,33
MOV009078,PAT09050,ADM011756,FAC004,BED0461,BED0839,DEP001,DEP002,2025-11-16 07:00:00,ICU Transfer,14
MOV009095,PAT10473,ADM013682,FAC001,BED0179,BED0099,DEP001,DEP005,2025-11-17 23:00:00,Isolation Required,38
MOV009108,PAT08399,ADM003347,FAC005,BED0666,BED0799,DEP005,DEP007,2025-08-22 19:00:00,Ward Change,30
MOV009111,PAT05943,ADM001214,FAC003,BED0351,BED0319,DEP007,DEP008,2025-05-24 10:00:00,Isolation Required,32
MOV009114,PAT13675,ADM012860,FAC005,BED0646,BED0644,DEP003,DEP003,2021-07-23 16:00:00,Bed Unavailability,7
MOV009121,PAT07502,ADM006592,FAC005,BED0843,BED0717,DEP005,DEP007,2025-06-11 11:00:00,Isolation Required,14
MOV009123,PAT05407,ADM004771,FAC004,BED0450,BED0520,DEP005,DEP001,2025-02-23 14:00:00,Isolation Required,28
MOV009131,PAT02519,ADM008564,FAC004,BED0460,BED0483,DEP005,DEP006,2021-07-24 08:00:00,Bed Unavailability,19
MOV009138,PAT11147,ADM014300,FAC005,BED0748,BED0629,DEP001,DEP001,2024-01-15 06:00:00,ICU Transfer,26
MOV009139,PAT03979,ADM002248,FAC001,BED0112,BED0058,DEP002,DEP002,2025-11-21 10:00:00,ICU Transfer,27
MOV009144,PAT00813,ADM004430,FAC005,BED0667,BED0612,DEP007,DEP005,2025-06-18 18:00:00,Bed Unavailability,30
MOV009149,PAT07773,ADM010299,FAC005,BED0833,BED0750,DEP001,DEP001,2021-04-09 18:00:00,Department Transfer,21
MOV009153,PAT08185,ADM012041,FAC005,BED0651,BED0718,DEP003,DEP005,2023-04-12 15:00:00,Bed Unavailability,29
MOV009164,PAT05035,ADM004233,FAC004,BED0595,BED0475,DEP006,DEP004,2025-12-01 03:00:00,Patient Request,45
MOV009166,PAT04154,ADM012661,FAC001,BED0063,BED0099,DEP005,DEP003,2022-06-27 18:00:00,ICU Transfer,40
MOV009175,PAT01419,ADM011444,FAC001,BED0001,BED0776,DEP002,DEP004,2023-03-19 10:00:00,ICU Transfer,8
MOV009180,PAT06352,ADM004668,FAC004,BED0552,BED0451,DEP001,DEP001,2025-02-09 09:00:00,Bed Unavailability,13
MOV009185,PAT03300,ADM003312,FAC001,BED0124,BED0104,DEP002,DEP008,2025-11-15 14:00:00,Isolation Required,22
MOV009192,PAT07146,ADM000809,FAC002,BED0202,BED0269,DEP005,DEP002,2025-05-04 16:00:00,Patient Request,28
MOV009194,PAT09202,ADM014553,FAC005,BED0830,BED0675,DEP001,DEP005,2023-04-12 11:00:00,Patient Request,46
MOV009196,PAT06959,ADM001940,FAC005,BED0645,BED0881,DEP005,DEP006,2025-01-23 19:00:00,Bed Unavailability,37
MOV009200,PAT05218,ADM007695,FAC001,BED0138,BED0049,DEP003,DEP002,2025-01-31 06:00:00,Department Transfer,27
MOV009207,PAT03222,ADM011075,FAC002,BED0252,BED0241,DEP005,DEP006,2024-04-19 23:00:00,Isolation Required,4
MOV009213,PAT02519,ADM005016,FAC005,BED0841,BED0738,DEP007,DEP006,2025-04-10 12:00:00,Ward Change,21
MOV009217,PAT06336,ADM003394,FAC001,BED0186,BED0050,DEP003,DEP002,2025-09-08 02:00:00,ICU Transfer,21
MOV009220,PAT00813,ADM004430,FAC005,BED0646,BED0690,DEP007,DEP005,2025-06-18 13:00:00,Bed Unavailability,32
MOV009224,PAT04537,ADM014944,FAC002,BED0192,BED0199,DEP006,DEP006,2021-03-21 11:00:00,ICU Transfer,21
MOV009229,PAT05081,ADM004321,FAC004,BED0511,BED0535,DEP006,DEP007,2025-12-13 16:00:00,ICU Transfer,24
MOV009230,PAT08497,ADM008207,FAC001,BED0071,BED0069,DEP003,DEP001,2025-08-05 06:00:00,Department Transfer,27
MOV009231,PAT03997,ADM003515,FAC004,BED0848,BED0555,DEP002,DEP004,2025-10-02 03:00:00,Isolation Required,9
MOV009235,PAT14814,ADM009996,FAC004,BED0509,BED0463,DEP007,DEP006,2025-05-01 05:00:00,Ward Change,27
MOV009236,PAT11301,ADM014638,FAC001,BED0122,BED0120,DEP002,DEP002,2026-07-26 15:00:00,Ward Change,47
MOV009247,PAT03270,ADM009467,FAC004,BED0548,BED0806,DEP001,DEP006,2026-12-13 05:00:00,Bed Unavailability,19
MOV009254,PAT03657,ADM007156,FAC001,BED0076,BED0157,DEP002,DEP001,2025-08-10 13:00:00,Patient Request,24
MOV009257,PAT05598,ADM006139,FAC004,BED0516,BED0877,DEP005,DEP006,2025-08-21 08:00:00,Ward Change,19
MOV009267,PAT01227,ADM012825,FAC001,BED0058,BED0823,DEP003,DEP004,2025-04-02 15:00:00,ICU Transfer,2
MOV009268,PAT05386,ADM001073,FAC004,BED0780,BED0595,DEP005,DEP007,2025-03-29 17:00:00,Bed Unavailability,24
MOV009269,PAT07634,ADM010780,FAC001,BED0161,BED0089,DEP001,DEP002,2021-04-14 22:00:00,Department Transfer,3
MOV009277,PAT02883,ADM006081,FAC001,BED0089,BED0112,DEP005,DEP005,2025-09-20 19:00:00,Patient Request,15
MOV009279,PAT03548,ADM000672,FAC001,BED0040,BED0169,DEP005,DEP008,2025-03-20 22:00:00,Department Transfer,20
MOV009280,PAT02217,ADM004664,FAC001,BED0026,BED0143,DEP005,DEP002,2025-10-19 17:00:00,Isolation Required,36
MOV009288,PAT04986,ADM005473,FAC005,BED0700,BED0801,DEP003,DEP008,2025-03-14 01:00:00,Bed Unavailability,26
MOV009289,PAT13811,ADM008815,FAC004,BED0548,BED0851,DEP004,DEP005,2026-06-24 12:00:00,Bed Unavailability,32
MOV009293,PAT02817,ADM000717,FAC003,BED0320,BED0379,DEP007,DEP007,2025-11-20 04:00:00,Patient Request,31
MOV009296,PAT08770,ADM010802,FAC003,BED0364,BED0365,DEP007,DEP001,2025-09-14 14:00:00,Bed Unavailability,23
MOV009299,PAT07418,ADM013730,FAC001,BED0082,BED0008,DEP003,DEP002,2024-08-30 02:00:00,ICU Transfer,33
MOV009310,PAT08371,ADM008338,FAC005,BED0728,BED0745,DEP006,DEP006,2025-04-07 06:00:00,Ward Change,33
MOV009311,PAT01946,ADM011044,FAC004,BED0459,BED0505,DEP006,DEP005,2026-10-24 09:00:00,Bed Unavailability,31
MOV009315,PAT06770,ADM008234,FAC002,BED0247,BED0302,DEP005,DEP005,2025-07-06 07:00:00,Patient Request,20
MOV009316,PAT11110,ADM011513,FAC004,BED0528,BED0774,DEP006,DEP001,2024-07-20 12:00:00,Patient Request,21
MOV009320,PAT08493,ADM006643,FAC004,BED0589,BED0515,DEP001,DEP007,2025-05-06 11:00:00,Ward Change,37
MOV009322,PAT05684,ADM011442,FAC003,BED0835,BED0410,DEP003,DEP003,2025-08-25 14:00:00,Ward Change,46
MOV009323,PAT11320,ADM010715,FAC002,BED0280,BED0290,DEP001,DEP005,2026-12-13 18:00:00,ICU Transfer,2
MOV009328,PAT07959,ADM006120,FAC004,BED0597,BED0451,DEP002,DEP005,2025-05-27 17:00:00,ICU Transfer,30
MOV009335,PAT04591,ADM004571,FAC005,BED0722,BED0671,DEP006,DEP003,2025-01-11 17:00:00,Isolation Required,19
MOV009343,PAT02406,ADM000660,FAC003,BED0897,BED0306,DEP001,DEP008,2025-04-06 04:00:00,Isolation Required,14
MOV009357,PAT06713,ADM006887,FAC001,BED0059,BED0124,DEP001,DEP003,2025-01-29 16:00:00,Bed Unavailability,29
MOV009361,PAT07502,ADM006676,FAC005,BED0747,BED0639,DEP008,DEP003,2025-06-20 06:00:00,Bed Unavailability,18
MOV009362,PAT08142,ADM003975,FAC003,BED0411,BED0315,DEP007,DEP003,2025-12-09 15:00:00,Department Transfer,31
MOV009364,PAT03679,ADM001624,FAC002,BED0206,BED0218,DEP001,DEP007,2025-01-28 23:00:00,Isolation Required,30
MOV009367,PAT09021,ADM009504,FAC004,BED0542,BED0556,DEP005,DEP002,2021-06-19 16:00:00,Ward Change,21
MOV009368,PAT05024,ADM002362,FAC002,BED0203,BED0242,DEP001,DEP002,2025-03-04 15:00:00,ICU Transfer,23
MOV009373,PAT06909,ADM011625,FAC005,BED0602,BED0634,DEP001,DEP001,2022-07-24 04:00:00,Isolation Required,27
MOV009375,PAT03014,ADM014070,FAC005,BED0692,BED0690,DEP001,DEP003,2023-12-31 02:00:00,Patient Request,22
MOV009396,PAT07629,ADM014974,FAC001,BED0126,BED0105,DEP004,DEP008,2026-12-21 17:00:00,Patient Request,38
MOV009399,PAT03388,ADM006720,FAC003,BED0381,BED0326,DEP007,DEP001,2025-08-24 19:00:00,Isolation Required,2
MOV009401,PAT12691,ADM013345,FAC002,BED0785,BED0225,DEP007,DEP007,2026-11-25 11:00:00,Patient Request,28
MOV009407,PAT07783,ADM014839,FAC004,BED0530,BED0599,DEP001,DEP005,2024-11-24 16:00:00,Bed Unavailability,13
MOV009409,PAT01329,ADM000272,FAC005,BED0743,BED0816,DEP001,DEP007,2025-09-30 04:00:00,Patient Request,25
MOV009411,PAT09779,ADM009302,FAC003,BED0364,BED0319,DEP001,DEP008,2025-07-29 23:00:00,Department Transfer,18
MOV009413,PAT03972,ADM011893,FAC003,BED0419,BED0343,DEP003,DEP005,2025-09-14 17:00:00,Isolation Required,19
MOV009414,PAT08904,ADM005653,FAC005,BED0734,BED0678,DEP003,DEP008,2025-04-22 07:00:00,Isolation Required,18
MOV009418,PAT04514,ADM003390,FAC001,BED0887,BED0858,DEP008,DEP002,2025-01-25 07:00:00,Bed Unavailability,31
MOV009420,PAT01769,ADM000929,FAC004,BED0508,BED0576,DEP007,DEP001,2025-01-03 10:00:00,Bed Unavailability,22
MOV009422,PAT08488,ADM005437,FAC003,BED0756,BED0323,DEP008,DEP001,2025-12-18 04:00:00,Department Transfer,23
MOV009424,PAT12319,ADM011781,FAC005,BED0628,BED0735,DEP006,DEP005,2021-09-03 11:00:00,ICU Transfer,9
MOV009425,PAT06378,ADM010874,FAC003,BED0347,BED0766,DEP003,DEP007,2024-04-16 11:00:00,Department Transfer,33
MOV009434,PAT06162,ADM009308,FAC002,BED0209,BED0230,DEP001,DEP006,2026-03-24 11:00:00,Isolation Required,30
MOV009436,PAT08169,ADM005019,FAC005,BED0644,BED0697,DEP001,DEP003,2025-05-01 15:00:00,ICU Transfer,18
MOV009438,PAT03546,ADM006015,FAC002,BED0777,BED0241,DEP007,DEP005,2025-02-16 16:00:00,Bed Unavailability,28
MOV009443,PAT08601,ADM013998,FAC005,BED0736,BED0687,DEP007,DEP006,2026-06-01 19:00:00,Ward Change,25
MOV009447,PAT09071,ADM007979,FAC003,BED0392,BED0336,DEP007,DEP001,2025-06-15 08:00:00,Ward Change,21
MOV009450,PAT00677,ADM003775,FAC004,BED0518,BED0564,DEP002,DEP006,2025-01-17 13:00:00,ICU Transfer,6
MOV009452,PAT09262,ADM008161,FAC002,BED0293,BED0777,DEP007,DEP007,2025-01-26 06:00:00,ICU Transfer,35
MOV009453,PAT02037,ADM009993,FAC004,BED0495,BED0521,DEP007,DEP004,2024-01-05 13:00:00,ICU Transfer,26
MOV009461,PAT01965,ADM009037,FAC005,BED0684,BED0716,DEP001,DEP006,2025-12-22 14:00:00,Bed Unavailability,24
MOV009462,PAT13997,ADM014886,FAC003,BED0321,BED0306,DEP008,DEP003,2025-11-11 03:00:00,Isolation Required,19
MOV009467,PAT01237,ADM012390,FAC003,BED0379,BED0876,DEP005,DEP007,2025-01-26 19:00:00,ICU Transfer,6
MOV009470,PAT05381,ADM009765,FAC004,BED0521,BED0543,DEP007,DEP006,2025-08-01 08:00:00,Bed Unavailability,34
MOV009482,PAT03144,ADM008273,FAC001,BED0064,BED0097,DEP002,DEP005,2025-06-06 00:00:00,Ward Change,22
MOV009490,PAT03486,ADM008272,FAC003,BED0366,BED0333,DEP001,DEP007,2025-08-20 07:00:00,Bed Unavailability,55
MOV009491,PAT05423,ADM013919,FAC004,BED0587,BED0565,DEP001,DEP002,2022-04-04 06:00:00,Patient Request,5
MOV009493,PAT09405,ADM002775,FAC005,BED0675,BED0746,DEP008,DEP001,2025-01-20 19:00:00,Bed Unavailability,51
MOV009502,PAT04721,ADM004814,FAC002,BED0219,BED0286,DEP006,DEP001,2025-01-04 12:00:00,ICU Transfer,22
MOV009505,PAT00089,ADM005441,FAC005,BED0617,BED0668,DEP006,DEP008,2025-11-03 10:00:00,Ward Change,20
MOV009509,PAT08658,ADM004651,FAC004,BED0599,BED0563,DEP002,DEP004,2025-07-20 16:00:00,ICU Transfer,17
MOV009512,PAT07536,ADM000170,FAC003,BED0355,BED0333,DEP007,DEP003,2025-10-02 18:00:00,Patient Request,15
MOV009520,PAT14429,ADM008530,FAC001,BED0143,BED0007,DEP003,DEP001,2023-04-25 19:00:00,Isolation Required,31
MOV009524,PAT02405,ADM005755,FAC004,BED0455,BED0441,DEP001,DEP005,2025-08-10 18:00:00,ICU Transfer,38
MOV009525,PAT04904,ADM003017,FAC002,BED0278,BED0787,DEP005,DEP006,2025-12-08 05:00:00,Isolation Required,7
MOV009528,PAT01633,ADM005222,FAC004,BED0806,BED0438,DEP001,DEP006,2025-12-10 20:00:00,Bed Unavailability,14
MOV009529,PAT10973,ADM011716,FAC003,BED0413,BED0325,DEP008,DEP007,2025-09-19 20:00:00,ICU Transfer,39
MOV009530,PAT09842,ADM008519,FAC001,BED0101,BED0871,DEP004,DEP001,2026-04-09 18:00:00,Isolation Required,27
MOV009547,PAT07732,ADM008711,FAC001,BED0165,BED0186,DEP002,DEP005,2022-03-28 10:00:00,Ward Change,4
MOV009553,PAT02849,ADM014674,FAC001,BED0018,BED0104,DEP005,DEP003,2023-08-11 20:00:00,Bed Unavailability,27
MOV009557,PAT05283,ADM001935,FAC001,BED0048,BED0173,DEP005,DEP003,2025-09-12 05:00:00,Isolation Required,36
MOV009564,PAT07043,ADM006840,FAC003,BED0804,BED0402,DEP008,DEP001,2025-08-11 21:00:00,Bed Unavailability,13
MOV009569,PAT04871,ADM012505,FAC004,BED0557,BED0598,DEP005,DEP006,2023-05-07 09:00:00,Patient Request,37
MOV009570,PAT04329,ADM001148,FAC005,BED0700,BED0675,DEP001,DEP003,2025-03-08 02:00:00,Department Transfer,22
MOV009571,PAT01958,ADM004654,FAC001,BED0102,BED0110,DEP005,DEP001,2025-04-26 05:00:00,Department Transfer,40
MOV009574,PAT03046,ADM000378,FAC003,BED0767,BED0412,DEP005,DEP001,2025-06-02 00:00:00,Bed Unavailability,35
MOV009581,PAT00395,ADM006138,FAC002,BED0260,BED0268,DEP006,DEP007,2025-10-27 02:00:00,Isolation Required,42
MOV009604,PAT05804,ADM011196,FAC005,BED0697,BED0688,DEP001,DEP007,2024-06-29 14:00:00,Department Transfer,52
MOV009606,PAT01954,ADM002195,FAC003,BED0367,BED0375,DEP008,DEP003,2025-07-07 14:00:00,Isolation Required,25
MOV009610,PAT03121,ADM000679,FAC002,BED0818,BED0217,DEP007,DEP002,2025-03-01 13:00:00,Isolation Required,2
MOV009611,PAT01143,ADM001122,FAC004,BED0496,BED0780,DEP001,DEP001,2025-05-18 05:00:00,Ward Change,4
MOV009622,PAT12364,ADM012577,FAC004,BED0524,BED0487,DEP005,DEP001,2021-12-15 04:00:00,Patient Request,36
MOV009624,PAT02440,ADM003463,FAC004,BED0593,BED0437,DEP002,DEP002,2025-08-25 18:00:00,ICU Transfer,26
MOV009631,PAT06978,ADM009266,FAC002,BED0849,BED0242,DEP006,DEP002,2023-02-26 21:00:00,Isolation Required,17
MOV009637,PAT03316,ADM005046,FAC002,BED0294,BED0775,DEP006,DEP005,2025-04-29 11:00:00,Isolation Required,41
MOV009639,PAT06537,ADM000928,FAC003,BED0326,BED0767,DEP003,DEP001,2025-04-20 16:00:00,Bed Unavailability,28
MOV009641,PAT08841,ADM010816,FAC003,BED0759,BED0403,DEP005,DEP003,2024-01-05 13:00:00,Department Transfer,18
MOV009645,PAT06803,ADM013010,FAC005,BED0801,BED0665,DEP005,DEP003,2023-02-20 16:00:00,Isolation Required,52
MOV009649,PAT12581,ADM011943,FAC001,BED0819,BED0004,DEP001,DEP003,2022-02-02 15:00:00,Isolation Required,36
MOV009656,PAT04116,ADM010448,FAC002,BED0288,BED0269,DEP006,DEP006,2023-02-07 14:00:00,ICU Transfer,25
MOV009659,PAT09825,ADM010162,FAC002,BED0193,BED0262,DEP005,DEP002,2026-09-07 03:00:00,Isolation Required,28
MOV009672,PAT05764,ADM011470,FAC005,BED0655,BED0658,DEP007,DEP003,2025-05-24 08:00:00,Department Transfer,27
MOV009695,PAT03617,ADM003942,FAC003,BED0824,BED0809,DEP003,DEP007,2025-07-13 13:00:00,ICU Transfer,20
MOV009706,PAT09485,ADM002130,FAC005,BED0722,BED0684,DEP007,DEP001,2025-10-01 15:00:00,Isolation Required,21
MOV009711,PAT12927,ADM011872,FAC003,BED0834,BED0317,DEP001,DEP008,2024-06-20 10:00:00,Ward Change,34
MOV009715,PAT00534,ADM010709,FAC001,BED0056,BED0086,DEP001,DEP008,2023-04-25 14:00:00,ICU Transfer,38
MOV009718,PAT13793,ADM010731,FAC005,BED0693,BED0681,DEP005,DEP008,2022-03-21 07:00:00,Isolation Required,8
MOV009719,PAT03600,ADM013418,FAC004,BED0460,BED0466,DEP005,DEP002,2022-09-18 17:00:00,Patient Request,24
MOV009721,PAT05220,ADM007820,FAC003,BED0403,BED0800,DEP001,DEP007,2025-09-01 15:00:00,Isolation Required,39
MOV009722,PAT05934,ADM007906,FAC002,BED0202,BED0278,DEP006,DEP001,2025-12-31 07:00:00,Patient Request,37
MOV009728,PAT01262,ADM013444,FAC003,BED0364,BED0324,DEP005,DEP008,2026-05-25 22:00:00,Isolation Required,38
MOV009732,PAT11882,ADM010395,FAC005,BED0632,BED0843,DEP001,DEP007,2026-09-01 15:00:00,Isolation Required,31
MOV009733,PAT02309,ADM001121,FAC005,BED0694,BED0743,DEP001,DEP007,2025-04-02 04:00:00,Ward Change,43
MOV009741,PAT01371,ADM000406,FAC005,BED0676,BED0607,DEP003,DEP007,2025-06-18 13:00:00,Isolation Required,52
MOV009746,PAT04683,ADM010915,FAC003,BED0347,BED0397,DEP003,DEP001,2024-12-25 10:00:00,Isolation Required,13
MOV009748,PAT06689,ADM002425,FAC004,BED0539,BED0527,DEP006,DEP002,2025-12-01 18:00:00,Department Transfer,25
MOV009751,PAT09897,ADM011807,FAC001,BED0101,BED0825,DEP001,DEP004,2024-07-13 16:00:00,Bed Unavailability,21
MOV009755,PAT06282,ADM000683,FAC001,BED0149,BED0066,DEP002,DEP001,2025-02-02 18:00:00,Department Transfer,16
MOV009759,PAT04721,ADM000961,FAC001,BED0093,BED0067,DEP004,DEP003,2025-01-13 09:00:00,Department Transfer,4
MOV009760,PAT11953,ADM009032,FAC004,BED0475,BED0484,DEP005,DEP005,2022-06-07 11:00:00,ICU Transfer,26
MOV009762,PAT08626,ADM007125,FAC003,BED0882,BED0322,DEP007,DEP003,2025-05-21 15:00:00,ICU Transfer,30
MOV009768,PAT04095,ADM005805,FAC004,BED0539,BED0443,DEP006,DEP007,2025-06-06 05:00:00,Isolation Required,12
MOV009778,PAT04302,ADM006158,FAC004,BED0467,BED0483,DEP002,DEP006,2025-11-09 23:00:00,Department Transfer,10
MOV009784,PAT05217,ADM006479,FAC004,BED0890,BED0591,DEP004,DEP005,2025-09-14 15:00:00,Department Transfer,21
MOV009813,PAT08628,ADM001922,FAC003,BED0347,BED0756,DEP008,DEP008,2025-02-04 12:00:00,Isolation Required,2
MOV009815,PAT08803,ADM004510,FAC005,BED0602,BED0735,DEP008,DEP005,2025-04-30 10:00:00,Patient Request,30
MOV009827,PAT04011,ADM014847,FAC001,BED0035,BED0130,DEP002,DEP001,2021-12-24 01:00:00,Department Transfer,5
MOV009830,PAT08383,ADM009321,FAC003,BED0327,BED0773,DEP005,DEP003,2022-03-27 06:00:00,Ward Change,37
MOV009831,PAT08635,ADM003776,FAC005,BED0721,BED0744,DEP007,DEP007,2025-02-19 13:00:00,Patient Request,16
MOV009834,PAT06344,ADM000310,FAC004,BED0846,BED0813,DEP007,DEP004,2025-03-15 03:00:00,Ward Change,2
MOV009835,PAT14272,ADM008926,FAC004,BED0788,BED0514,DEP001,DEP001,2024-04-16 16:00:00,Patient Request,34
MOV009845,PAT05837,ADM008101,FAC003,BED0424,BED0423,DEP003,DEP003,2025-05-11 10:00:00,Isolation Required,26
MOV009852,PAT09239,ADM010637,FAC004,BED0836,BED0813,DEP004,DEP006,2022-10-19 07:00:00,Department Transfer,12
MOV009863,PAT02217,ADM007711,FAC005,BED0794,BED0718,DEP001,DEP003,2025-01-10 13:00:00,Isolation Required,13
MOV009867,PAT04610,ADM011226,FAC002,BED0222,BED0781,DEP007,DEP005,2021-12-15 23:00:00,Isolation Required,14
MOV009871,PAT11275,ADM010767,FAC004,BED0462,BED0569,DEP002,DEP002,2024-02-22 05:00:00,Department Transfer,43
MOV009872,PAT05613,ADM014179,FAC001,BED0004,BED0110,DEP003,DEP005,2026-09-12 07:00:00,Isolation Required,36
MOV009877,PAT07111,ADM007620,FAC004,BED0489,BED0585,DEP006,DEP005,2025-03-13 12:00:00,Patient Request,27
MOV009880,PAT03372,ADM002668,FAC005,BED0713,BED0662,DEP006,DEP006,2025-01-06 11:00:00,Department Transfer,23
MOV009881,PAT02320,ADM000684,FAC001,BED0042,BED0114,DEP004,DEP002,2025-10-16 17:00:00,Patient Request,34
MOV009882,PAT14742,ADM013539,FAC005,BED0629,BED0651,DEP008,DEP008,2024-10-15 15:00:00,Bed Unavailability,2
MOV009889,PAT05235,ADM000476,FAC001,BED0009,BED0010,DEP001,DEP008,2025-12-26 23:00:00,Department Transfer,34
MOV009894,PAT00132,ADM006631,FAC004,BED0789,BED0877,DEP006,DEP004,2025-03-31 14:00:00,Ward Change,28
MOV009897,PAT08399,ADM003347,FAC005,BED0881,BED0613,DEP005,DEP008,2025-08-22 06:00:00,Patient Request,35
MOV009898,PAT08105,ADM011495,FAC001,BED0020,BED0022,DEP004,DEP001,2026-07-30 08:00:00,ICU Transfer,29
MOV009899,PAT09333,ADM006610,FAC004,BED0596,BED0755,DEP001,DEP002,2025-06-25 04:00:00,Isolation Required,52
MOV009902,PAT06731,ADM014110,FAC004,BED0442,BED0533,DEP004,DEP004,2026-02-13 22:00:00,ICU Transfer,36
MOV009903,PAT00331,ADM007708,FAC001,BED0008,BED0754,DEP003,DEP008,2025-03-23 00:00:00,Isolation Required,19
MOV009913,PAT05909,ADM001025,FAC001,BED0131,BED0136,DEP004,DEP002,2025-03-22 05:00:00,Bed Unavailability,18
MOV009917,PAT03680,ADM004341,FAC001,BED0007,BED0051,DEP003,DEP002,2025-03-10 17:00:00,Isolation Required,34
MOV009924,PAT08875,ADM010082,FAC002,BED0197,BED0204,DEP005,DEP001,2021-02-18 10:00:00,Ward Change,26
MOV009925,PAT02047,ADM012930,FAC001,BED0002,BED0845,DEP008,DEP002,2024-05-20 17:00:00,Bed Unavailability,24
MOV009930,PAT04709,ADM010613,FAC001,BED0172,BED0057,DEP004,DEP002,2025-02-25 16:00:00,Bed Unavailability,28
MOV009938,PAT01191,ADM001245,FAC003,BED0420,BED0332,DEP001,DEP003,2025-10-21 14:00:00,Bed Unavailability,28
MOV009941,PAT09469,ADM002380,FAC003,BED0377,BED0817,DEP003,DEP005,2025-12-15 14:00:00,Department Transfer,24
MOV009950,PAT09318,ADM003983,FAC005,BED0721,BED0664,DEP005,DEP003,2025-11-09 02:00:00,Patient Request,15
MOV009958,PAT00440,ADM009431,FAC003,BED0308,BED0342,DEP005,DEP008,2022-05-23 07:00:00,Ward Change,13
MOV009959,PAT05959,ADM007016,FAC002,BED0237,BED0201,DEP005,DEP001,2025-12-07 14:00:00,Isolation Required,25
MOV009962,PAT01635,ADM012592,FAC001,BED0078,BED0808,DEP001,DEP008,2022-07-16 10:00:00,Bed Unavailability,26
MOV009965,PAT00275,ADM007153,FAC005,BED0678,BED0752,DEP008,DEP008,2025-08-28 09:00:00,Ward Change,21
MOV009976,PAT00638,ADM002935,FAC005,BED0674,BED0703,DEP005,DEP006,2025-12-24 17:00:00,Department Transfer,30
MOV009983,PAT05362,ADM001274,FAC004,BED0596,BED0483,DEP005,DEP001,2025-12-22 16:00:00,ICU Transfer,17
MOV009985,PAT00300,ADM012764,FAC001,BED0139,BED0113,DEP004,DEP001,2022-05-25 21:00:00,Ward Change,21
MOV009991,PAT00115,ADM007310,FAC002,BED0232,BED0259,DEP001,DEP007,2025-07-16 04:00:00,ICU Transfer,31
MOV009995,PAT03972,ADM011893,FAC003,BED0369,BED0360,DEP003,DEP005,2025-09-19 15:00:00,Patient Request,17
