claim_id,bill_id,patient_id,facility_id,department_id,payer,submission_date,claimed_amount,claim_status,denial_reason,last_update_date,paid_amount,outstanding_claim_amount
CLM000004,BILL000007,PAT09675,FAC001,DEP001,ICICI Lombard,2025-08-14,1660.05,Denied,Authorization Missing,2025-09-02,0.0,1660.05
CLM000005,BILL000008,PAT03781,FAC002,DEP005,Star Health,2025-10-08,639.05,Approved,Not Applicable,2025-11-07,634.82,4.23
CLM000019,BILL000027,PAT07226,FAC001,DEP002,ICICI Lombard,2025-02-01,954.99,Approved,Not Applicable,2025-02-19,935.76,19.23
CLM000025,BILL000034,PAT05050,FAC003,DEP008,HDFC ERGO,2025-08-04,1616.99,Approved,Not Applicable,2025-08-25,1484.01,132.98
CLM000033,BILL000043,PAT09124,FAC005,DEP001,Niva Bupa,2025-05-01,1319.78,Paid,Not Applicable,2025-05-21,1263.96,55.82
CLM000037,BILL000048,PAT02059,FAC003,DEP003,Star Health,2025-09-18,395.68,Pending,Not Applicable,2025-10-08,0.0,395.68
CLM000041,BILL000053,PAT03616,FAC005,DEP001,HDFC ERGO,2025-04-10,1374.59,Approved,Not Applicable,2025-04-24,1259.62,114.97
CLM000050,BILL000062,PAT00120,FAC005,DEP001,Niva Bupa,2025-10-21,1189.64,Approved,Not Applicable,2025-11-06,1053.29,136.35
CLM000056,BILL000069,PAT02821,FAC001,DEP001,ICICI Lombard,2025-02-21,1680.87,Under Review,Not Applicable,2025-03-11,0.0,1680.87
CLM000063,BILL000077,PAT05513,FAC002,DEP005,Care Health,2025-11-07,560.1,Denied,Coding Error,2025-11-16,0.0,560.1
CLM000068,BILL000084,PAT03479,FAC001,DEP003,Niva Bupa,2025-02-22,498.02,Pending,Not Applicable,2025-03-09,0.0,498.02
CLM000069,BILL000085,PAT08452,FAC001,DEP001,Star Health,2025-11-08,1409.44,Approved,Not Applicable,2025-11-29,1255.29,154.15
CLM000070,BILL000086,PAT09297,FAC001,DEP001,ICICI Lombard,2025-06-21,1549.24,Paid,Not Applicable,2025-07-13,1438.59,110.65
CLM000071,BILL000087,PAT08601,FAC001,DEP001,HDFC ERGO,2025-09-11,977.54,Approved,Not Applicable,2025-09-21,953.38,24.16
CLM000073,BILL000089,PAT04756,FAC002,DEP001,Care Health,2025-12-18,1648.7,Pending,Not Applicable,2025-12-29,0.0,1648.7
CLM000080,BILL000098,PAT05815,FAC004,DEP002,HDFC ERGO,2025-11-29,808.91,Denied,Policy Exclusion,2025-12-03,0.0,808.91
CLM000082,BILL000100,PAT00574,FAC004,DEP001,HDFC ERGO,2025-12-31,1341.25,Paid,Not Applicable,2026-01-27,1320.19,21.06
CLM000088,BILL000109,PAT00430,FAC003,DEP003,HDFC ERGO,2025-02-01,352.84,Pending,Not Applicable,2025-03-17,0.0,352.84
CLM000092,BILL000114,PAT07014,FAC002,DEP001,Care Health,2025-08-06,1919.33,Paid,Not Applicable,2025-08-31,1797.45,121.88
CLM000093,BILL000115,PAT06770,FAC001,DEP001,Niva Bupa,2025-08-25,999.29,Paid,Not Applicable,2025-09-12,924.6,74.69
CLM000099,BILL000122,PAT08974,FAC005,DEP006,Care Health,2025-06-19,672.84,Under Review,Not Applicable,2025-07-27,0.0,672.84
CLM000105,BILL000132,PAT02092,FAC005,DEP003,ICICI Lombard,2025-04-05,504.77,Denied,Duplicate Claim,2025-04-15,0.0,504.77
CLM000111,BILL000141,PAT02821,FAC002,DEP002,Care Health,2025-08-02,1437.44,Pending,Not Applicable,2025-08-20,0.0,1437.44
CLM000112,BILL000143,PAT03956,FAC003,DEP001,Niva Bupa,2025-02-07,1278.58,Under Review,Not Applicable,2025-03-17,0.0,1278.58
CLM000114,BILL000145,PAT02537,FAC003,DEP001,HDFC ERGO,2025-11-28,976.3,Approved,Not Applicable,2025-12-22,883.39,92.91
CLM000119,BILL000150,PAT05959,FAC005,DEP005,ICICI Lombard,2025-02-23,487.83,Paid,Not Applicable,2025-03-19,475.48,12.35
CLM000124,BILL000157,PAT00926,FAC005,DEP003,Niva Bupa,2025-10-15,870.23,Approved,Not Applicable,2025-11-09,836.1,34.13
CLM000130,BILL000163,PAT03888,FAC001,DEP005,Star Health,2025-12-20,381.94,Pending,Not Applicable,2026-01-21,0.0,381.94
CLM000132,BILL000165,PAT00080,FAC003,DEP001,Star Health,2025-09-11,627.49,Pending,Not Applicable,2025-10-01,0.0,627.49
CLM000136,BILL000169,PAT01143,FAC003,DEP005,Star Health,2025-10-05,618.46,Pending,Not Applicable,2025-11-10,0.0,618.46
CLM000140,BILL000175,PAT09595,FAC001,DEP002,Star Health,2025-10-17,1327.91,Under Review,Not Applicable,2025-11-12,0.0,1327.91
CLM000150,BILL000186,PAT02586,FAC004,DEP007,Star Health,2025-11-22,787.82,Pending,Not Applicable,2026-01-03,0.0,787.82
CLM000163,BILL000208,PAT00574,FAC004,DEP001,HDFC ERGO,2025-02-10,1511.5,Paid,Not Applicable,2025-02-26,1435.09,76.41
CLM000165,BILL000211,PAT03523,FAC002,DEP002,Niva Bupa,2025-04-26,647.26,Paid,Not Applicable,2025-05-18,627.54,19.72
CLM000166,BILL000212,PAT00933,FAC004,DEP004,Care Health,2025-03-27,1049.78,Under Review,Not Applicable,2025-05-06,0.0,1049.78
CLM000177,BILL000228,PAT08226,FAC004,DEP007,Star Health,2025-10-09,382.86,Approved,Not Applicable,2025-11-04,352.4,30.46
CLM000181,BILL000233,PAT00358,FAC004,DEP001,HDFC ERGO,2025-06-23,1422.22,Paid,Not Applicable,2025-07-07,1396.42,25.8
CLM000184,BILL000239,PAT02685,FAC002,DEP002,Care Health,2025-07-05,902.62,Approved,Not Applicable,2025-07-18,886.25,16.37
CLM000201,BILL000267,PAT02089,FAC004,DEP002,Care Health,2025-12-22,1270.49,Approved,Not Applicable,2026-01-04,1176.66,93.83
CLM000206,BILL000273,PAT01792,FAC002,DEP001,Star Health,2025-12-21,963.62,Approved,Not Applicable,2026-01-09,948.34,15.28
CLM000211,BILL000279,PAT06851,FAC003,DEP003,ICICI Lombard,2025-02-27,422.3,Paid,Not Applicable,2025-03-13,415.84,6.46
CLM000213,BILL000281,PAT06706,FAC003,DEP003,HDFC ERGO,2025-10-11,767.6,Paid,Not Applicable,2025-11-08,732.61,34.99
CLM000218,BILL000287,PAT00658,FAC003,DEP003,Care Health,2025-05-03,521.65,Approved,Not Applicable,2025-05-15,449.74,71.91
CLM000230,BILL000300,PAT02620,FAC005,DEP003,ICICI Lombard,2025-10-04,533.57,Pending,Not Applicable,2025-10-14,0.0,533.57
CLM000232,BILL000303,PAT04537,FAC003,DEP008,ICICI Lombard,2025-05-23,2133.26,Paid,Not Applicable,2025-05-28,1966.53,166.73
CLM000233,BILL000304,PAT03711,FAC004,DEP001,Star Health,2025-05-14,722.44,Paid,Not Applicable,2025-05-21,702.89,19.55
CLM000259,BILL000338,PAT03323,FAC003,DEP003,Niva Bupa,2025-10-24,389.56,Under Review,Not Applicable,2025-11-19,0.0,389.56
CLM000276,BILL000362,PAT08383,FAC003,DEP005,Care Health,2025-08-19,695.18,Approved,Not Applicable,2025-09-17,600.18,95.0
CLM000279,BILL000365,PAT08618,FAC001,DEP002,Care Health,2025-06-25,1156.99,Denied,Duplicate Claim,2025-06-29,0.0,1156.99
CLM000280,BILL000366,PAT05505,FAC001,DEP008,Niva Bupa,2025-05-30,1569.57,Under Review,Not Applicable,2025-06-16,0.0,1569.57
CLM000285,BILL000374,PAT02134,FAC002,DEP006,HDFC ERGO,2025-03-30,428.92,Under Review,Not Applicable,2025-04-09,0.0,428.92
CLM000287,BILL000378,PAT05964,FAC004,DEP001,Star Health,2025-05-09,1232.84,Denied,Coding Error,2025-05-24,0.0,1232.84
CLM000295,BILL000390,PAT09825,FAC002,DEP006,ICICI Lombard,2025-10-18,1208.49,Pending,Not Applicable,2025-11-27,0.0,1208.49
CLM000296,BILL000391,PAT05082,FAC003,DEP005,ICICI Lombard,2025-06-21,473.61,Approved,Not Applicable,2025-07-18,450.52,23.09
CLM000300,BILL000397,PAT09943,FAC005,DEP003,HDFC ERGO,2025-09-25,782.31,Approved,Not Applicable,2025-10-18,727.34,54.97
CLM000303,BILL000400,PAT09458,FAC004,DEP002,Niva Bupa,2025-02-26,1340.45,Paid,Not Applicable,2025-03-03,1304.29,36.16
CLM000305,BILL000402,PAT08086,FAC003,DEP005,HDFC ERGO,2025-06-15,380.6,Paid,Not Applicable,2025-07-02,361.08,19.52
CLM000309,BILL000407,PAT03729,FAC004,DEP007,Niva Bupa,2025-02-18,435.65,Paid,Not Applicable,2025-03-17,428.71,6.94
CLM000315,BILL000417,PAT04154,FAC005,DEP007,ICICI Lombard,2025-08-27,296.96,Denied,Policy Exclusion,2025-09-08,0.0,296.96
CLM000316,BILL000418,PAT02549,FAC004,DEP001,ICICI Lombard,2025-02-05,1226.36,Paid,Not Applicable,2025-03-07,1155.09,71.27
CLM000322,BILL000426,PAT06088,FAC002,DEP001,Niva Bupa,2025-02-24,1183.76,Approved,Not Applicable,2025-03-12,1013.23,170.53
CLM000326,BILL000431,PAT04063,FAC004,DEP001,Care Health,2025-06-02,1304.81,Approved,Not Applicable,2025-06-26,1287.0,17.81
CLM000327,BILL000432,PAT03493,FAC003,DEP005,Star Health,2025-12-08,420.55,Under Review,Not Applicable,2026-01-08,0.0,420.55
CLM000337,BILL000443,PAT01600,FAC001,DEP002,Care Health,2025-08-08,655.65,Approved,Not Applicable,2025-09-03,588.46,67.19
CLM000338,BILL000444,PAT09122,FAC002,DEP005,Niva Bupa,2025-08-08,612.71,Under Review,Not Applicable,2025-08-26,0.0,612.71
CLM000341,BILL000448,PAT02877,FAC004,DEP006,HDFC ERGO,2025-06-24,1172.21,Approved,Not Applicable,2025-07-07,1030.72,141.49
CLM000345,BILL000455,PAT03618,FAC003,DEP005,ICICI Lombard,2025-02-24,654.51,Denied,Missing Documentation,2025-03-17,0.0,654.51
CLM000347,BILL000459,PAT03462,FAC003,DEP008,ICICI Lombard,2025-11-11,1307.55,Paid,Not Applicable,2025-11-21,1259.74,47.81
CLM000354,BILL000467,PAT07815,FAC002,DEP007,HDFC ERGO,2025-04-17,385.44,Under Review,Not Applicable,2025-05-27,0.0,385.44
CLM000369,BILL000486,PAT00322,FAC004,DEP005,Star Health,2025-05-04,329.48,Paid,Not Applicable,2025-05-31,323.81,5.67
CLM000375,BILL000494,PAT07773,FAC001,DEP002,HDFC ERGO,2025-07-09,1054.97,Under Review,Not Applicable,2025-07-27,0.0,1054.97
CLM000388,BILL000512,PAT01576,FAC004,DEP007,HDFC ERGO,2025-12-05,270.12,Paid,Not Applicable,2025-12-30,253.3,16.82
CLM000389,BILL000513,PAT07269,FAC005,DEP001,Care Health,2025-07-14,554.66,Approved,Not Applicable,2025-07-25,476.98,77.68
CLM000393,BILL000520,PAT08488,FAC005,DEP007,ICICI Lombard,2025-09-19,584.42,Approved,Not Applicable,2025-10-04,542.01,42.41
CLM000395,BILL000522,PAT02010,FAC003,DEP005,Star Health,2025-01-18,503.3,Under Review,Not Applicable,2025-02-28,0.0,503.3
CLM000396,BILL000523,PAT05795,FAC004,DEP006,HDFC ERGO,2025-10-23,675.33,Approved,Not Applicable,2025-11-05,623.14,52.19
CLM000399,BILL000529,PAT03044,FAC004,DEP004,Star Health,2025-10-31,1154.2,Pending,Not Applicable,2025-11-10,0.0,1154.2
CLM000401,BILL000531,PAT03335,FAC001,DEP002,Star Health,2025-08-28,1266.89,Pending,Not Applicable,2025-09-30,0.0,1266.89
CLM000404,BILL000535,PAT03753,FAC001,DEP002,HDFC ERGO,2025-04-29,742.45,Approved,Not Applicable,2025-05-26,695.15,47.3
CLM000407,BILL000542,PAT08787,FAC002,DEP002,HDFC ERGO,2025-10-27,733.02,Paid,Not Applicable,2025-11-16,723.91,9.11
CLM000413,BILL000548,PAT08814,FAC001,DEP003,Niva Bupa,2025-10-05,484.47,Approved,Not Applicable,2025-10-22,428.58,55.89
CLM000418,BILL000554,PAT01721,FAC004,DEP001,Star Health,2025-01-01,1139.56,Under Review,Not Applicable,2025-01-20,0.0,1139.56
CLM000428,BILL000567,PAT06897,FAC005,DEP003,ICICI Lombard,2025-08-02,712.49,Approved,Not Applicable,2025-08-12,706.09,6.4
CLM000429,BILL000569,PAT08992,FAC002,DEP001,Niva Bupa,2025-07-18,1380.68,Pending,Not Applicable,2025-08-06,0.0,1380.68
CLM000432,BILL000574,PAT03992,FAC003,DEP007,HDFC ERGO,2025-09-27,396.04,Pending,Not Applicable,2025-10-11,0.0,396.04
CLM000433,BILL000575,PAT02677,FAC002,DEP002,Care Health,2025-11-18,791.8,Pending,Not Applicable,2025-11-28,0.0,791.8
CLM000435,BILL000577,PAT04343,FAC005,DEP003,Niva Bupa,2025-05-10,760.49,Approved,Not Applicable,2025-05-24,697.87,62.62
CLM000439,BILL000584,PAT05235,FAC005,DEP008,Care Health,2025-04-28,1232.0,Paid,Not Applicable,2025-05-28,1219.36,12.64
CLM000441,BILL000586,PAT07535,FAC001,DEP003,Star Health,2025-09-18,560.9,Paid,Not Applicable,2025-10-18,545.54,15.36
CLM000445,BILL000592,PAT03503,FAC005,DEP006,Care Health,2025-12-11,647.44,Paid,Not Applicable,2026-01-07,646.67,0.77
CLM000450,BILL000597,PAT00840,FAC005,DEP006,HDFC ERGO,2025-06-19,590.44,Approved,Not Applicable,2025-07-09,571.29,19.15
CLM000454,BILL000603,PAT00389,FAC002,DEP002,Care Health,2025-07-03,607.55,Paid,Not Applicable,2025-08-01,571.68,35.87
CLM000460,BILL000610,PAT00048,FAC003,DEP003,Star Health,2025-10-07,482.66,Denied,Authorization Missing,2025-10-22,0.0,482.66
CLM000462,BILL000613,PAT05598,FAC003,DEP005,Niva Bupa,2025-06-28,472.57,Under Review,Not Applicable,2025-08-11,0.0,472.57
CLM000463,BILL000617,PAT07454,FAC005,DEP007,Care Health,2025-11-10,482.94,Approved,Not Applicable,2025-11-30,467.1,15.84
CLM000464,BILL000618,PAT08884,FAC005,DEP001,Niva Bupa,2025-04-17,1154.33,Pending,Not Applicable,2025-05-09,0.0,1154.33
CLM000465,BILL000620,PAT04831,FAC001,DEP004,Star Health,2025-11-30,1656.59,Approved,Not Applicable,2025-12-24,1467.54,189.05
CLM000472,BILL000629,PAT03257,FAC001,DEP002,Star Health,2025-03-28,552.11,Approved,Not Applicable,2025-04-27,502.7,49.41
CLM000473,BILL000630,PAT03403,FAC001,DEP001,ICICI Lombard,2025-03-29,1369.62,Approved,Not Applicable,2025-04-23,1329.23,40.39
CLM000481,BILL000640,PAT07349,FAC003,DEP008,Care Health,2025-03-03,1154.14,Paid,Not Applicable,2025-03-20,1122.54,31.6
CLM000482,BILL000641,PAT05872,FAC001,DEP005,Care Health,2025-09-14,520.41,Under Review,Not Applicable,2025-10-12,0.0,520.41
CLM000491,BILL000652,PAT03904,FAC002,DEP005,HDFC ERGO,2025-01-26,307.77,Paid,Not Applicable,2025-02-04,283.53,24.24
CLM000492,BILL000654,PAT04827,FAC003,DEP001,ICICI Lombard,2025-07-04,1423.69,Denied,Missing Documentation,2025-07-15,0.0,1423.69
CLM000498,BILL000663,PAT04217,FAC003,DEP001,Niva Bupa,2025-10-21,1340.56,Paid,Not Applicable,2025-10-27,1331.79,8.77
CLM000499,BILL000664,PAT02035,FAC004,DEP002,ICICI Lombard,2025-02-06,785.46,Under Review,Not Applicable,2025-02-23,0.0,785.46
CLM000506,BILL000673,PAT01912,FAC004,DEP001,Care Health,2025-06-27,1037.06,Approved,Not Applicable,2025-07-22,1001.09,35.97
CLM000508,BILL000675,PAT01311,FAC005,DEP006,Care Health,2025-03-13,726.7,Pending,Not Applicable,2025-04-18,0.0,726.7
CLM000512,BILL000679,PAT05390,FAC002,DEP005,Care Health,2025-09-12,604.04,Paid,Not Applicable,2025-10-07,581.92,22.12
CLM000515,BILL000682,PAT03387,FAC003,DEP001,Niva Bupa,2025-08-21,1398.94,Under Review,Not Applicable,2025-09-04,0.0,1398.94
CLM000518,BILL000685,PAT05614,FAC004,DEP001,Care Health,2025-09-02,1275.8,Paid,Not Applicable,2025-10-02,1262.69,13.11
CLM000520,BILL000687,PAT02100,FAC005,DEP006,Star Health,2025-03-10,922.08,Approved,Not Applicable,2025-04-07,881.11,40.97
CLM000526,BILL000695,PAT05924,FAC004,DEP001,ICICI Lombard,2025-03-26,1770.91,Approved,Not Applicable,2025-04-09,1685.27,85.64
CLM000530,BILL000700,PAT03899,FAC005,DEP001,ICICI Lombard,2025-11-01,1256.21,Denied,Missing Documentation,2025-11-19,0.0,1256.21
CLM000531,BILL000701,PAT06097,FAC005,DEP007,ICICI Lombard,2025-01-20,640.62,Paid,Not Applicable,2025-01-25,629.03,11.59
CLM000533,BILL000703,PAT06335,FAC003,DEP005,Star Health,2025-11-05,387.52,Pending,Not Applicable,2025-11-19,0.0,387.52
CLM000534,BILL000704,PAT03853,FAC001,DEP001,Star Health,2025-02-27,2030.69,Paid,Not Applicable,2025-03-05,1945.04,85.65
CLM000536,BILL000707,PAT01958,FAC005,DEP008,ICICI Lombard,2025-07-21,970.9,Pending,Not Applicable,2025-08-16,0.0,970.9
CLM000539,BILL000712,PAT02520,FAC005,DEP003,Star Health,2025-08-12,748.51,Paid,Not Applicable,2025-08-30,720.36,28.15
CLM000543,BILL000716,PAT02716,FAC003,DEP003,HDFC ERGO,2025-03-25,408.02,Paid,Not Applicable,2025-04-05,394.07,13.95
CLM000549,BILL000724,PAT06880,FAC005,DEP003,Care Health,2025-08-27,747.49,Under Review,Not Applicable,2025-10-04,0.0,747.49
CLM000551,BILL000726,PAT08279,FAC001,DEP002,HDFC ERGO,2025-12-06,1285.78,Approved,Not Applicable,2025-12-21,1096.46,189.32
CLM000552,BILL000728,PAT04765,FAC005,DEP007,Care Health,2025-06-27,612.42,Denied,Missing Documentation,2025-07-08,0.0,612.42
CLM000560,BILL000738,PAT03376,FAC002,DEP005,Care Health,2025-05-06,562.3,Under Review,Not Applicable,2025-06-03,0.0,562.3
CLM000571,BILL000754,PAT00032,FAC003,DEP003,Care Health,2025-11-10,583.93,Approved,Not Applicable,2025-12-09,528.98,54.95
CLM000573,BILL000756,PAT04245,FAC002,DEP001,ICICI Lombard,2025-12-20,1619.01,Paid,Not Applicable,2026-01-10,1500.76,118.25
CLM000575,BILL000760,PAT06509,FAC001,DEP002,HDFC ERGO,2025-10-10,783.69,Pending,Not Applicable,2025-11-02,0.0,783.69
CLM000576,BILL000761,PAT06352,FAC005,DEP006,Care Health,2025-12-25,706.15,Paid,Not Applicable,2026-01-22,682.02,24.13
CLM000582,BILL000770,PAT00300,FAC001,DEP004,Care Health,2025-10-02,1350.73,Paid,Not Applicable,2025-11-01,1252.71,98.02
CLM000587,BILL000777,PAT06670,FAC003,DEP005,Star Health,2025-10-14,432.65,Under Review,Not Applicable,2025-11-01,0.0,432.65
CLM000589,BILL000779,PAT00634,FAC002,DEP002,ICICI Lombard,2025-01-19,1165.16,Paid,Not Applicable,2025-02-17,1077.81,87.35
CLM000591,BILL000784,PAT00591,FAC004,DEP001,HDFC ERGO,2025-10-10,1036.6,Paid,Not Applicable,2025-11-05,1007.51,29.09
CLM000604,BILL000806,PAT02907,FAC003,DEP008,Star Health,2025-07-18,965.0,Pending,Not Applicable,2025-08-31,0.0,965.0
CLM000613,BILL000820,PAT06726,FAC005,DEP001,HDFC ERGO,2025-10-20,1659.28,Pending,Not Applicable,2025-11-03,0.0,1659.28
CLM000623,BILL000831,PAT03892,FAC003,DEP001,Star Health,2025-04-12,1332.98,Denied,Eligibility Issue,2025-04-16,0.0,1332.98
CLM000625,BILL000834,PAT01599,FAC001,DEP003,Star Health,2025-03-30,493.94,Under Review,Not Applicable,2025-04-13,0.0,493.94
CLM000626,BILL000838,PAT04171,FAC004,DEP005,HDFC ERGO,2025-08-21,452.6,Paid,Not Applicable,2025-09-01,420.14,32.46
CLM000647,BILL000865,PAT02413,FAC001,DEP005,HDFC ERGO,2025-12-25,448.72,Approved,Not Applicable,2026-01-10,403.77,44.95
CLM000652,BILL000871,PAT09921,FAC005,DEP006,ICICI Lombard,2025-08-09,840.34,Paid,Not Applicable,2025-08-19,791.21,49.13
CLM000657,BILL000879,PAT02145,FAC004,DEP002,Star Health,2025-10-08,1088.49,Approved,Not Applicable,2025-10-22,1042.54,45.95
CLM000662,BILL000885,PAT00354,FAC003,DEP007,Star Health,2025-01-15,285.83,Paid,Not Applicable,2025-01-25,276.43,9.4
CLM000663,BILL000886,PAT06680,FAC002,DEP002,Star Health,2025-07-21,1013.54,Paid,Not Applicable,2025-08-04,970.59,42.95
CLM000664,BILL000887,PAT05997,FAC003,DEP007,Star Health,2025-02-17,559.62,Under Review,Not Applicable,2025-03-07,0.0,559.62
CLM000666,BILL000889,PAT09255,FAC003,DEP001,HDFC ERGO,2025-08-30,1384.59,Approved,Not Applicable,2025-09-27,1196.31,188.28
CLM000685,BILL000914,PAT07525,FAC004,DEP002,ICICI Lombard,2025-12-19,1006.07,Paid,Not Applicable,2026-01-18,952.99,53.08
CLM000689,BILL000919,PAT06138,FAC003,DEP001,Care Health,2025-03-13,758.64,Approved,Not Applicable,2025-03-22,654.83,103.81
CLM000691,BILL000921,PAT08956,FAC004,DEP002,Care Health,2025-06-27,666.26,Approved,Not Applicable,2025-07-24,571.44,94.82
CLM000696,BILL000927,PAT00915,FAC005,DEP003,Star Health,2025-08-10,316.57,Approved,Not Applicable,2025-08-30,292.83,23.74
CLM000708,BILL000941,PAT05385,FAC004,DEP004,Niva Bupa,2025-02-04,1531.64,Denied,Eligibility Issue,2025-02-23,0.0,1531.64
CLM000709,BILL000943,PAT03188,FAC002,DEP002,Niva Bupa,2025-05-26,857.58,Pending,Not Applicable,2025-06-28,0.0,857.58
CLM000710,BILL000944,PAT09692,FAC003,DEP003,ICICI Lombard,2025-06-23,631.39,Approved,Not Applicable,2025-07-03,579.49,51.9
CLM000711,BILL000945,PAT03059,FAC001,DEP002,Star Health,2025-07-23,917.32,Denied,Coding Error,2025-07-28,0.0,917.32
CLM000718,BILL000952,PAT09566,FAC001,DEP001,Star Health,2025-04-07,1181.34,Paid,Not Applicable,2025-05-06,1146.55,34.79
CLM000720,BILL000954,PAT05170,FAC001,DEP001,Care Health,2025-03-28,406.74,Approved,Not Applicable,2025-04-05,399.42,7.32
CLM000724,BILL000962,PAT05835,FAC002,DEP001,Star Health,2025-09-21,1351.55,Paid,Not Applicable,2025-10-16,1296.6,54.95
CLM000726,BILL000964,PAT04747,FAC001,DEP008,HDFC ERGO,2025-06-20,1482.96,Pending,Not Applicable,2025-07-18,0.0,1482.96
CLM000727,BILL000965,PAT05136,FAC001,DEP008,Care Health,2025-10-12,1285.23,Paid,Not Applicable,2025-10-27,1201.55,83.68
CLM000728,BILL000966,PAT03563,FAC003,DEP001,Niva Bupa,2025-01-17,985.96,Approved,Not Applicable,2025-01-27,922.5,63.46
CLM000729,BILL000967,PAT06707,FAC003,DEP008,ICICI Lombard,2025-01-16,2063.91,Approved,Not Applicable,2025-02-07,1862.15,201.76
CLM000730,BILL000968,PAT07169,FAC001,DEP001,Care Health,2025-11-01,845.67,Paid,Not Applicable,2025-11-08,803.02,42.65
CLM000736,BILL000975,PAT04059,FAC002,DEP001,HDFC ERGO,2025-11-13,1549.27,Paid,Not Applicable,2025-11-18,1431.68,117.59
CLM000742,BILL000984,PAT01618,FAC002,DEP001,Star Health,2025-12-01,788.68,Approved,Not Applicable,2025-12-13,711.11,77.57
CLM000743,BILL000986,PAT00064,FAC002,DEP005,Star Health,2025-10-11,413.22,Under Review,Not Applicable,2025-11-04,0.0,413.22
CLM000764,BILL001014,PAT03022,FAC002,DEP002,Care Health,2025-08-05,1053.87,Under Review,Not Applicable,2025-09-19,0.0,1053.87
CLM000765,BILL001015,PAT00327,FAC005,DEP005,Care Health,2025-07-22,271.24,Denied,Coding Error,2025-08-09,0.0,271.24
CLM000780,BILL001036,PAT04863,FAC003,DEP003,Care Health,2025-03-03,731.56,Paid,Not Applicable,2025-03-24,716.69,14.87
CLM000781,BILL001039,PAT05528,FAC002,DEP007,ICICI Lombard,2025-06-07,671.73,Paid,Not Applicable,2025-07-04,657.99,13.74
CLM000783,BILL001041,PAT02151,FAC005,DEP001,Care Health,2025-12-24,1286.13,Under Review,Not Applicable,2026-01-31,0.0,1286.13
CLM000796,BILL001056,PAT03835,FAC002,DEP001,HDFC ERGO,2025-12-16,1321.52,Approved,Not Applicable,2026-01-09,1288.9,32.62
CLM000799,BILL001062,PAT05959,FAC001,DEP002,Care Health,2025-08-25,1130.77,Paid,Not Applicable,2025-09-15,1049.05,81.72
CLM000800,BILL001063,PAT00915,FAC003,DEP003,Care Health,2025-03-19,976.23,Paid,Not Applicable,2025-04-13,941.36,34.87
CLM000809,BILL001075,PAT01025,FAC005,DEP006,HDFC ERGO,2025-10-12,707.26,Approved,Not Applicable,2025-11-09,629.15,78.11
CLM000813,BILL001080,PAT09932,FAC002,DEP007,Star Health,2025-07-09,377.26,Denied,Authorization Missing,2025-07-21,0.0,377.26
CLM000815,BILL001083,PAT04281,FAC002,DEP002,HDFC ERGO,2025-07-15,623.96,Under Review,Not Applicable,2025-08-22,0.0,623.96
CLM000821,BILL001093,PAT03821,FAC003,DEP001,Niva Bupa,2025-02-15,1771.17,Denied,Missing Documentation,2025-03-04,0.0,1771.17
CLM000822,BILL001096,PAT06046,FAC005,DEP003,Star Health,2025-02-01,505.68,Denied,Duplicate Claim,2025-02-11,0.0,505.68
CLM000823,BILL001097,PAT00612,FAC003,DEP003,Niva Bupa,2025-04-01,428.36,Under Review,Not Applicable,2025-04-12,0.0,428.36
CLM000825,BILL001099,PAT00593,FAC001,DEP005,Niva Bupa,2025-03-10,396.98,Approved,Not Applicable,2025-03-23,353.94,43.04
CLM000826,BILL001100,PAT06505,FAC004,DEP006,HDFC ERGO,2025-10-16,440.18,Approved,Not Applicable,2025-11-11,424.51,15.67
CLM000829,BILL001104,PAT00648,FAC003,DEP005,Star Health,2025-03-24,645.94,Approved,Not Applicable,2025-04-01,597.57,48.37
CLM000846,BILL001127,PAT03657,FAC004,DEP006,HDFC ERGO,2025-05-11,520.72,Under Review,Not Applicable,2025-06-18,0.0,520.72
CLM000847,BILL001128,PAT00069,FAC003,DEP001,HDFC ERGO,2025-09-17,1604.0,Pending,Not Applicable,2025-10-05,0.0,1604.0
CLM000852,BILL001134,PAT04747,FAC004,DEP004,HDFC ERGO,2025-09-22,1319.67,Denied,Policy Exclusion,2025-10-04,0.0,1319.67
CLM000856,BILL001141,PAT02233,FAC005,DEP006,Star Health,2025-07-26,690.5,Approved,Not Applicable,2025-08-16,631.78,58.72
CLM000863,BILL001155,PAT05427,FAC003,DEP005,Star Health,2025-06-15,296.2,Pending,Not Applicable,2025-07-11,0.0,296.2
CLM000869,BILL001162,PAT00480,FAC003,DEP001,Care Health,2025-11-22,856.24,Denied,Authorization Missing,2025-12-10,0.0,856.24
CLM000883,BILL001180,PAT01369,FAC001,DEP003,HDFC ERGO,2025-09-18,786.29,Approved,Not Applicable,2025-10-09,703.06,83.23
CLM000884,BILL001181,PAT09863,FAC002,DEP002,Niva Bupa,2025-07-20,659.86,Approved,Not Applicable,2025-08-11,646.32,13.54
CLM000888,BILL001186,PAT02586,FAC001,DEP002,ICICI Lombard,2025-07-12,718.2,Pending,Not Applicable,2025-07-22,0.0,718.2
CLM000891,BILL001189,PAT05752,FAC002,DEP005,Niva Bupa,2025-11-11,436.67,Under Review,Not Applicable,2025-12-15,0.0,436.67
CLM000896,BILL001195,PAT03899,FAC003,DEP005,Care Health,2025-08-08,381.39,Paid,Not Applicable,2025-09-07,371.47,9.92
CLM000906,BILL001209,PAT08745,FAC004,DEP001,Care Health,2025-03-19,828.67,Denied,Authorization Missing,2025-03-28,0.0,828.67
CLM000910,BILL001216,PAT07665,FAC004,DEP007,Care Health,2025-10-24,638.97,Paid,Not Applicable,2025-11-04,590.12,48.85
CLM000913,BILL001221,PAT01584,FAC005,DEP001,Star Health,2025-01-03,879.44,Under Review,Not Applicable,2025-01-31,0.0,879.44
CLM000914,BILL001222,PAT06006,FAC004,DEP004,ICICI Lombard,2025-01-16,648.34,Paid,Not Applicable,2025-01-27,605.77,42.57
CLM000921,BILL001230,PAT05100,FAC004,DEP005,Star Health,2025-08-01,498.78,Denied,Duplicate Claim,2025-08-16,0.0,498.78
CLM000924,BILL001234,PAT01741,FAC002,DEP002,ICICI Lombard,2025-10-20,1004.03,Approved,Not Applicable,2025-11-10,905.62,98.41
CLM000927,BILL001242,PAT07151,FAC005,DEP003,ICICI Lombard,2025-11-24,607.06,Under Review,Not Applicable,2026-01-02,0.0,607.06
CLM000932,BILL001250,PAT09391,FAC005,DEP003,HDFC ERGO,2025-01-21,678.24,Paid,Not Applicable,2025-02-16,661.0,17.24
CLM000934,BILL001252,PAT00733,FAC003,DEP007,Niva Bupa,2025-04-14,496.74,Paid,Not Applicable,2025-05-09,478.05,18.69
CLM000946,BILL001267,PAT03014,FAC005,DEP005,ICICI Lombard,2025-02-22,306.53,Approved,Not Applicable,2025-03-20,266.77,39.76
CLM000949,BILL001272,PAT05423,FAC005,DEP008,ICICI Lombard,2025-03-08,1478.91,Paid,Not Applicable,2025-03-25,1378.31,100.6
CLM000957,BILL001280,PAT06221,FAC002,DEP002,HDFC ERGO,2025-02-28,805.72,Paid,Not Applicable,2025-03-29,798.85,6.87
CLM000963,BILL001291,PAT06163,FAC005,DEP003,Care Health,2025-01-12,638.6,Approved,Not Applicable,2025-02-01,570.63,67.97
CLM000964,BILL001292,PAT02883,FAC005,DEP001,Care Health,2025-11-21,1349.94,Under Review,Not Applicable,2025-12-20,0.0,1349.94
CLM000976,BILL001311,PAT08049,FAC002,DEP002,Star Health,2025-09-22,1221.19,Approved,Not Applicable,2025-10-12,1174.67,46.52
CLM000980,BILL001315,PAT05164,FAC001,DEP001,Care Health,2025-03-13,726.14,Approved,Not Applicable,2025-04-05,726.06,0.08
CLM000982,BILL001319,PAT06652,FAC002,DEP001,Niva Bupa,2026-01-03,1037.82,Under Review,Not Applicable,2026-01-27,0.0,1037.82
CLM000983,BILL001320,PAT02803,FAC002,DEP001,Care Health,2025-08-07,1230.49,Approved,Not Applicable,2025-08-14,1063.05,167.44
CLM000989,BILL001330,PAT06437,FAC005,DEP005,Care Health,2025-05-17,496.65,Paid,Not Applicable,2025-05-29,478.27,18.38
CLM000994,BILL001335,PAT07829,FAC004,DEP001,Niva Bupa,2025-12-15,1091.33,Paid,Not Applicable,2025-12-28,1053.43,37.9
CLM000995,BILL001336,PAT00291,FAC004,DEP002,Care Health,2025-06-30,969.32,Paid,Not Applicable,2025-07-28,925.59,43.73
CLM000998,BILL001339,PAT05377,FAC001,DEP008,ICICI Lombard,2025-01-18,1464.92,Paid,Not Applicable,2025-02-04,1458.5,6.42
CLM000999,BILL001340,PAT01985,FAC002,DEP007,Care Health,2025-05-15,630.84,Pending,Not Applicable,2025-06-11,0.0,630.84
CLM001000,BILL001341,PAT05801,FAC001,DEP002,ICICI Lombard,2025-08-11,1234.11,Paid,Not Applicable,2025-09-01,1201.34,32.77
CLM001003,BILL001347,PAT06713,FAC005,DEP008,ICICI Lombard,2025-06-16,1506.62,Denied,Eligibility Issue,2025-06-23,0.0,1506.62
CLM001011,BILL001358,PAT02026,FAC001,DEP002,Star Health,2025-11-17,1132.96,Paid,Not Applicable,2025-12-16,1066.08,66.88
CLM001017,BILL001364,PAT01011,FAC004,DEP006,Star Health,2025-09-14,614.42,Pending,Not Applicable,2025-10-20,0.0,614.42
CLM001019,BILL001367,PAT05932,FAC003,DEP008,Care Health,2025-10-29,2365.07,Approved,Not Applicable,2025-11-10,2157.36,207.71
CLM001027,BILL001381,PAT00316,FAC003,DEP001,HDFC ERGO,2025-02-09,1717.93,Denied,Policy Exclusion,2025-02-19,0.0,1717.93
CLM001034,BILL001390,PAT04476,FAC001,DEP005,Care Health,2025-07-24,498.88,Denied,Authorization Missing,2025-08-14,0.0,498.88
CLM001035,BILL001391,PAT03300,FAC004,DEP001,Star Health,2025-10-19,1077.94,Paid,Not Applicable,2025-11-09,1000.96,76.98
CLM001037,BILL001394,PAT02003,FAC001,DEP004,HDFC ERGO,2025-05-17,596.05,Approved,Not Applicable,2025-06-05,520.83,75.22
CLM001040,BILL001400,PAT08120,FAC005,DEP003,Star Health,2025-06-18,464.26,Approved,Not Applicable,2025-07-10,399.6,64.66
CLM001041,BILL001401,PAT09627,FAC003,DEP003,Star Health,2025-06-17,689.24,Under Review,Not Applicable,2025-07-25,0.0,689.24
CLM001044,BILL001404,PAT08727,FAC003,DEP005,Care Health,2025-03-02,342.74,Pending,Not Applicable,2025-04-15,0.0,342.74
CLM001047,BILL001409,PAT08109,FAC003,DEP001,ICICI Lombard,2025-07-24,1743.84,Approved,Not Applicable,2025-08-19,1726.47,17.37
CLM001048,BILL001412,PAT05108,FAC003,DEP008,Niva Bupa,2025-10-31,1217.3,Paid,Not Applicable,2025-11-09,1146.04,71.26
CLM001052,BILL001417,PAT09050,FAC003,DEP007,Star Health,2025-12-29,888.9,Pending,Not Applicable,2026-02-05,0.0,888.9
CLM001062,BILL001431,PAT09452,FAC004,DEP001,Star Health,2025-02-26,795.15,Paid,Not Applicable,2025-03-06,792.4,2.75
CLM001064,BILL001433,PAT01007,FAC002,DEP006,Star Health,2025-01-03,766.91,Pending,Not Applicable,2025-01-15,0.0,766.91
CLM001066,BILL001437,PAT00745,FAC001,DEP001,Care Health,2025-07-02,1258.86,Pending,Not Applicable,2025-07-21,0.0,1258.86
CLM001067,BILL001438,PAT03707,FAC004,DEP007,ICICI Lombard,2025-04-21,393.13,Approved,Not Applicable,2025-05-08,339.13,54.0
CLM001077,BILL001455,PAT08956,FAC004,DEP005,Care Health,2025-03-09,625.33,Under Review,Not Applicable,2025-04-01,0.0,625.33
CLM001078,BILL001456,PAT09820,FAC005,DEP003,Care Health,2025-09-27,860.42,Under Review,Not Applicable,2025-10-25,0.0,860.42
CLM001080,BILL001458,PAT02237,FAC003,DEP003,ICICI Lombard,2025-07-08,705.34,Paid,Not Applicable,2025-08-06,673.83,31.51
CLM001085,BILL001464,PAT00327,FAC003,DEP005,ICICI Lombard,2025-04-09,611.24,Paid,Not Applicable,2025-05-04,592.02,19.22
CLM001088,BILL001468,PAT09856,FAC005,DEP003,Star Health,2025-10-29,675.97,Under Review,Not Applicable,2025-11-14,0.0,675.97
CLM001090,BILL001470,PAT08197,FAC002,DEP002,Star Health,2025-06-26,722.72,Pending,Not Applicable,2025-07-22,0.0,722.72
CLM001091,BILL001472,PAT01191,FAC003,DEP001,Care Health,2025-01-02,1605.81,Approved,Not Applicable,2025-01-19,1552.13,53.68
CLM001094,BILL001480,PAT02145,FAC002,DEP001,Niva Bupa,2025-09-24,601.51,Paid,Not Applicable,2025-10-22,570.91,30.6
CLM001097,BILL001484,PAT01198,FAC004,DEP006,ICICI Lombard,2025-07-19,1011.18,Pending,Not Applicable,2025-08-16,0.0,1011.18
CLM001099,BILL001486,PAT02819,FAC004,DEP004,Niva Bupa,2025-03-19,1027.49,Paid,Not Applicable,2025-03-27,993.12,34.37
CLM001100,BILL001487,PAT04815,FAC004,DEP002,Care Health,2025-08-08,993.48,Denied,Eligibility Issue,2025-08-13,0.0,993.48
CLM001106,BILL001496,PAT08391,FAC001,DEP003,Care Health,2025-09-24,758.09,Approved,Not Applicable,2025-10-09,738.54,19.55
CLM001116,BILL001511,PAT06823,FAC003,DEP005,ICICI Lombard,2025-08-14,303.4,Paid,Not Applicable,2025-08-23,287.97,15.43
CLM001137,BILL001540,PAT00096,FAC001,DEP004,HDFC ERGO,2025-07-01,986.65,Paid,Not Applicable,2025-07-24,913.33,73.32
CLM001138,BILL001541,PAT09023,FAC005,DEP001,HDFC ERGO,2025-05-25,1478.39,Paid,Not Applicable,2025-05-31,1403.68,74.71
CLM001139,BILL001542,PAT01316,FAC002,DEP005,Care Health,2025-11-18,508.38,Approved,Not Applicable,2025-11-24,507.64,0.74
CLM001156,BILL001565,PAT00246,FAC003,DEP005,Care Health,2025-03-28,338.88,Approved,Not Applicable,2025-04-09,297.36,41.52
CLM001173,BILL001584,PAT03275,FAC004,DEP001,Niva Bupa,2025-09-03,971.44,Pending,Not Applicable,2025-09-19,0.0,971.44
CLM001174,BILL001585,PAT06460,FAC005,DEP005,HDFC ERGO,2025-03-09,155.27,Under Review,Not Applicable,2025-04-03,0.0,155.27
CLM001188,BILL001602,PAT00909,FAC001,DEP002,ICICI Lombard,2025-01-24,613.32,Approved,Not Applicable,2025-02-11,539.07,74.25
CLM001192,BILL001610,PAT02681,FAC005,DEP001,HDFC ERGO,2025-09-14,868.24,Under Review,Not Applicable,2025-10-08,0.0,868.24
CLM001201,BILL001624,PAT03488,FAC002,DEP006,Care Health,2025-08-24,517.3,Pending,Not Applicable,2025-09-14,0.0,517.3
CLM001202,BILL001625,PAT04983,FAC003,DEP005,HDFC ERGO,2025-03-23,574.31,Approved,Not Applicable,2025-04-09,498.31,76.0
CLM001205,BILL001628,PAT03276,FAC005,DEP008,Niva Bupa,2025-08-16,1821.53,Paid,Not Applicable,2025-08-22,1718.11,103.42
CLM001207,BILL001630,PAT06649,FAC004,DEP002,ICICI Lombard,2025-11-20,725.98,Denied,Eligibility Issue,2025-12-03,0.0,725.98
CLM001208,BILL001631,PAT06905,FAC002,DEP006,Star Health,2025-09-14,781.22,Under Review,Not Applicable,2025-09-28,0.0,781.22
CLM001217,BILL001642,PAT02535,FAC003,DEP003,ICICI Lombard,2025-10-05,513.75,Under Review,Not Applicable,2025-11-08,0.0,513.75
CLM001220,BILL001645,PAT08094,FAC004,DEP005,HDFC ERGO,2025-10-31,552.18,Pending,Not Applicable,2025-11-24,0.0,552.18
CLM001225,BILL001650,PAT03949,FAC004,DEP007,HDFC ERGO,2025-07-23,610.91,Approved,Not Applicable,2025-08-21,602.87,8.04
CLM001234,BILL001662,PAT02343,FAC002,DEP001,Star Health,2025-09-26,1905.9,Approved,Not Applicable,2025-10-11,1650.75,255.15
CLM001239,BILL001668,PAT03972,FAC003,DEP005,HDFC ERGO,2025-04-24,306.09,Approved,Not Applicable,2025-05-15,294.3,11.79
CLM001246,BILL001677,PAT02391,FAC002,DEP002,HDFC ERGO,2025-05-04,861.4,Paid,Not Applicable,2025-05-12,826.96,34.44
CLM001251,BILL001682,PAT05598,FAC003,DEP005,Care Health,2025-10-06,402.03,Pending,Not Applicable,2025-10-20,0.0,402.03
CLM001255,BILL001687,PAT01415,FAC005,DEP001,HDFC ERGO,2025-08-24,1351.15,Approved,Not Applicable,2025-09-10,1205.31,145.84
CLM001267,BILL001700,PAT02496,FAC005,DEP001,HDFC ERGO,2025-04-14,1502.96,Pending,Not Applicable,2025-05-13,0.0,1502.96
CLM001269,BILL001702,PAT00432,FAC001,DEP004,Star Health,2025-04-05,1099.0,Paid,Not Applicable,2025-04-21,1060.74,38.26
CLM001274,BILL001709,PAT04683,FAC001,DEP005,Star Health,2025-01-20,583.71,Approved,Not Applicable,2025-01-30,550.86,32.85
CLM001280,BILL001717,PAT00829,FAC004,DEP006,Star Health,2025-10-25,570.54,Paid,Not Applicable,2025-11-12,553.06,17.48
CLM001282,BILL001719,PAT06558,FAC002,DEP007,HDFC ERGO,2025-01-10,549.74,Approved,Not Applicable,2025-01-23,472.08,77.66
CLM001286,BILL001724,PAT04352,FAC001,DEP003,HDFC ERGO,2025-02-09,608.03,Pending,Not Applicable,2025-03-06,0.0,608.03
CLM001297,BILL001738,PAT01255,FAC001,DEP002,Star Health,2025-07-16,996.0,Approved,Not Applicable,2025-07-21,909.72,86.28
CLM001300,BILL001743,PAT04696,FAC005,DEP006,Care Health,2025-04-15,863.27,Pending,Not Applicable,2025-05-03,0.0,863.27
CLM001302,BILL001746,PAT09188,FAC001,DEP001,Star Health,2025-10-05,986.8,Denied,Authorization Missing,2025-10-12,0.0,986.8
CLM001304,BILL001750,PAT08582,FAC005,DEP006,HDFC ERGO,2025-08-30,573.13,Paid,Not Applicable,2025-09-21,568.42,4.71
CLM001306,BILL001752,PAT06157,FAC004,DEP002,Niva Bupa,2026-01-02,949.51,Under Review,Not Applicable,2026-01-20,0.0,949.51
CLM001307,BILL001753,PAT06843,FAC005,DEP006,HDFC ERGO,2025-08-01,490.06,Under Review,Not Applicable,2025-08-29,0.0,490.06
CLM001312,BILL001761,PAT02817,FAC001,DEP004,HDFC ERGO,2025-08-25,957.66,Pending,Not Applicable,2025-09-18,0.0,957.66
CLM001335,BILL001789,PAT01248,FAC001,DEP008,Care Health,2025-07-13,1282.42,Approved,Not Applicable,2025-07-30,1258.39,24.03
CLM001340,BILL001797,PAT03462,FAC001,DEP002,Niva Bupa,2025-04-24,1327.41,Paid,Not Applicable,2025-05-23,1222.34,105.07
CLM001352,BILL001814,PAT02026,FAC003,DEP008,Star Health,2025-03-24,2411.33,Paid,Not Applicable,2025-04-21,2300.54,110.79
CLM001354,BILL001816,PAT07370,FAC005,DEP003,Star Health,2025-08-12,474.82,Approved,Not Applicable,2025-08-21,406.07,68.75
CLM001356,BILL001819,PAT00170,FAC005,DEP003,Niva Bupa,2025-07-27,364.54,Approved,Not Applicable,2025-08-08,356.52,8.02
CLM001358,BILL001821,PAT00806,FAC003,DEP005,Niva Bupa,2025-07-17,570.02,Approved,Not Applicable,2025-08-03,554.92,15.1
CLM001359,BILL001822,PAT03373,FAC002,DEP006,Star Health,2025-10-02,821.79,Approved,Not Applicable,2025-10-19,788.05,33.74
CLM001363,BILL001828,PAT09587,FAC005,DEP007,Niva Bupa,2025-03-25,821.61,Approved,Not Applicable,2025-04-20,782.6,39.01
CLM001364,BILL001830,PAT05801,FAC003,DEP008,Care Health,2025-09-27,905.04,Denied,Eligibility Issue,2025-10-18,0.0,905.04
CLM001367,BILL001833,PAT00111,FAC003,DEP008,ICICI Lombard,2025-05-14,1761.8,Paid,Not Applicable,2025-05-31,1639.42,122.38
CLM001371,BILL001837,PAT03547,FAC005,DEP001,Star Health,2025-09-09,1266.64,Pending,Not Applicable,2025-10-08,0.0,1266.64
CLM001375,BILL001845,PAT07884,FAC003,DEP008,HDFC ERGO,2025-10-09,766.46,Paid,Not Applicable,2025-10-22,719.91,46.55
CLM001379,BILL001850,PAT02453,FAC002,DEP001,ICICI Lombard,2025-12-07,1103.45,Paid,Not Applicable,2025-12-26,1024.07,79.38
CLM001381,BILL001856,PAT08123,FAC001,DEP002,Niva Bupa,2025-09-26,791.12,Approved,Not Applicable,2025-10-10,788.73,2.39
CLM001383,BILL001858,PAT06181,FAC005,DEP003,Niva Bupa,2025-04-30,949.65,Pending,Not Applicable,2025-06-04,0.0,949.65
CLM001384,BILL001860,PAT02457,FAC003,DEP007,Care Health,2025-03-15,530.09,Denied,Policy Exclusion,2025-03-29,0.0,530.09
CLM001396,BILL001873,PAT02865,FAC002,DEP006,ICICI Lombard,2025-10-14,841.26,Approved,Not Applicable,2025-10-25,829.04,12.22
CLM001409,BILL001889,PAT04897,FAC001,DEP008,HDFC ERGO,2025-05-31,1758.05,Pending,Not Applicable,2025-07-09,0.0,1758.05
CLM001411,BILL001891,PAT01531,FAC005,DEP003,Star Health,2025-10-17,627.54,Approved,Not Applicable,2025-11-14,626.07,1.47
CLM001417,BILL001898,PAT01800,FAC005,DEP003,ICICI Lombard,2025-06-06,628.97,Approved,Not Applicable,2025-07-02,559.9,69.07
CLM001421,BILL001906,PAT06026,FAC005,DEP001,HDFC ERGO,2025-12-25,1289.06,Paid,Not Applicable,2026-01-16,1256.31,32.75
CLM001423,BILL001908,PAT04685,FAC001,DEP004,Niva Bupa,2026-01-02,492.26,Approved,Not Applicable,2026-01-25,462.36,29.9
CLM001431,BILL001922,PAT09038,FAC001,DEP001,Care Health,2025-10-10,1815.8,Denied,Policy Exclusion,2025-10-21,0.0,1815.8
CLM001432,BILL001924,PAT06052,FAC002,DEP005,Star Health,2025-04-18,286.06,Denied,Duplicate Claim,2025-05-07,0.0,286.06
CLM001437,BILL001931,PAT09943,FAC003,DEP005,ICICI Lombard,2025-04-08,375.26,Approved,Not Applicable,2025-04-19,358.54,16.72
CLM001438,BILL001932,PAT08618,FAC001,DEP008,Niva Bupa,2025-03-06,1476.48,Paid,Not Applicable,2025-03-19,1449.65,26.83
CLM001441,BILL001937,PAT09566,FAC003,DEP001,HDFC ERGO,2025-06-04,1395.07,Approved,Not Applicable,2025-06-15,1370.47,24.6
CLM001445,BILL001942,PAT03590,FAC003,DEP001,Star Health,2025-10-13,2109.16,Paid,Not Applicable,2025-10-20,2016.89,92.27
CLM001447,BILL001945,PAT09996,FAC003,DEP005,HDFC ERGO,2025-06-21,397.03,Approved,Not Applicable,2025-07-11,364.79,32.24
CLM001452,BILL001951,PAT02251,FAC004,DEP001,HDFC ERGO,2025-08-02,995.93,Paid,Not Applicable,2025-08-27,962.65,33.28
CLM001467,BILL001971,PAT03754,FAC005,DEP006,Niva Bupa,2025-06-17,684.23,Approved,Not Applicable,2025-06-23,669.32,14.91
CLM001468,BILL001972,PAT03752,FAC001,DEP004,ICICI Lombard,2025-07-03,1429.31,Paid,Not Applicable,2025-07-19,1374.73,54.58
CLM001471,BILL001976,PAT01792,FAC002,DEP005,Star Health,2025-04-28,469.78,Paid,Not Applicable,2025-05-03,436.16,33.62
CLM001472,BILL001977,PAT07013,FAC001,DEP003,HDFC ERGO,2025-05-17,451.5,Approved,Not Applicable,2025-06-09,420.55,30.95
CLM001477,BILL001986,PAT01088,FAC001,DEP005,Niva Bupa,2025-05-19,609.74,Pending,Not Applicable,2025-06-13,0.0,609.74
CLM001485,BILL001997,PAT08529,FAC005,DEP005,Niva Bupa,2025-10-14,517.5,Approved,Not Applicable,2025-11-09,446.18,71.32
CLM001487,BILL002000,PAT04831,FAC003,DEP005,Care Health,2025-02-12,428.8,Denied,Policy Exclusion,2025-03-03,0.0,428.8
CLM001495,BILL002014,PAT07457,FAC002,DEP002,Star Health,2025-11-04,1219.61,Denied,Coding Error,2025-11-14,0.0,1219.61
CLM001516,BILL002044,PAT07342,FAC002,DEP007,Niva Bupa,2025-08-30,635.52,Approved,Not Applicable,2025-09-11,587.95,47.57
CLM001518,BILL002047,PAT02532,FAC002,DEP002,HDFC ERGO,2025-10-17,1026.92,Paid,Not Applicable,2025-11-05,960.79,66.13
CLM001521,BILL002052,PAT06809,FAC001,DEP001,HDFC ERGO,2025-12-10,886.24,Paid,Not Applicable,2026-01-03,844.73,41.51
CLM001522,BILL002053,PAT02178,FAC004,DEP002,Care Health,2025-03-26,944.87,Paid,Not Applicable,2025-04-25,913.02,31.85
CLM001525,BILL002058,PAT01905,FAC002,DEP006,ICICI Lombard,2025-09-14,703.41,Approved,Not Applicable,2025-09-23,701.31,2.1
CLM001527,BILL002060,PAT01283,FAC001,DEP001,HDFC ERGO,2025-07-25,1444.0,Approved,Not Applicable,2025-08-11,1346.7,97.3
CLM001530,BILL002065,PAT04392,FAC002,DEP001,Care Health,2025-05-06,772.16,Under Review,Not Applicable,2025-05-19,0.0,772.16
CLM001531,BILL002066,PAT07804,FAC003,DEP001,Niva Bupa,2025-11-13,1074.74,Pending,Not Applicable,2025-12-28,0.0,1074.74
CLM001532,BILL002067,PAT01769,FAC003,DEP007,ICICI Lombard,2025-08-31,743.8,Paid,Not Applicable,2025-09-23,697.23,46.57
CLM001540,BILL002079,PAT04415,FAC001,DEP002,Niva Bupa,2025-05-18,618.23,Paid,Not Applicable,2025-06-02,606.41,11.82
CLM001544,BILL002086,PAT00412,FAC002,DEP006,HDFC ERGO,2025-04-07,570.54,Paid,Not Applicable,2025-04-12,568.14,2.4
CLM001550,BILL002092,PAT07991,FAC003,DEP001,HDFC ERGO,2025-11-23,1009.21,Under Review,Not Applicable,2025-12-10,0.0,1009.21
CLM001561,BILL002107,PAT07169,FAC004,DEP006,ICICI Lombard,2025-10-04,692.99,Denied,Authorization Missing,2025-10-20,0.0,692.99
CLM001565,BILL002111,PAT07589,FAC001,DEP002,ICICI Lombard,2025-05-06,1138.13,Pending,Not Applicable,2025-06-12,0.0,1138.13
CLM001594,BILL002145,PAT08145,FAC002,DEP007,Care Health,2025-05-11,718.04,Paid,Not Applicable,2025-06-06,688.22,29.82
CLM001598,BILL002154,PAT00089,FAC002,DEP002,Star Health,2025-12-22,829.78,Paid,Not Applicable,2026-01-06,787.16,42.62
CLM001614,BILL002171,PAT03326,FAC002,DEP002,Star Health,2025-06-13,733.17,Under Review,Not Applicable,2025-07-06,0.0,733.17
CLM001615,BILL002172,PAT02302,FAC001,DEP004,HDFC ERGO,2025-01-04,581.69,Denied,Policy Exclusion,2025-01-15,0.0,581.69
CLM001616,BILL002173,PAT05490,FAC001,DEP004,Care Health,2025-05-19,930.66,Paid,Not Applicable,2025-06-08,921.37,9.29
CLM001617,BILL002174,PAT03861,FAC005,DEP008,ICICI Lombard,2025-12-16,1978.74,Under Review,Not Applicable,2026-01-07,0.0,1978.74
CLM001618,BILL002175,PAT02237,FAC002,DEP001,HDFC ERGO,2025-06-03,788.14,Paid,Not Applicable,2025-06-08,738.21,49.93
CLM001621,BILL002179,PAT05345,FAC005,DEP003,ICICI Lombard,2025-09-10,620.42,Denied,Missing Documentation,2025-09-17,0.0,620.42
CLM001632,BILL002196,PAT02920,FAC004,DEP007,Star Health,2025-09-10,411.46,Approved,Not Applicable,2025-09-16,399.18,12.28
CLM001636,BILL002204,PAT08105,FAC004,DEP001,ICICI Lombard,2025-09-07,965.26,Paid,Not Applicable,2025-09-17,889.73,75.53
CLM001642,BILL002210,PAT02586,FAC005,DEP003,Star Health,2025-08-01,465.4,Paid,Not Applicable,2025-08-09,441.53,23.87
CLM001645,BILL002213,PAT02343,FAC004,DEP001,HDFC ERGO,2025-02-03,938.0,Approved,Not Applicable,2025-02-28,913.41,24.59
CLM001661,BILL002230,PAT01007,FAC002,DEP002,Niva Bupa,2025-07-10,721.74,Approved,Not Applicable,2025-07-31,639.95,81.79
CLM001662,BILL002233,PAT01531,FAC005,DEP001,HDFC ERGO,2025-04-11,871.77,Paid,Not Applicable,2025-04-20,819.22,52.55
CLM001673,BILL002245,PAT01316,FAC005,DEP003,HDFC ERGO,2025-06-20,891.93,Paid,Not Applicable,2025-07-03,871.38,20.55
CLM001680,BILL002258,PAT03821,FAC003,DEP003,ICICI Lombard,2025-03-02,616.64,Approved,Not Applicable,2025-03-16,606.24,10.4
CLM001684,BILL002263,PAT05703,FAC002,DEP001,Care Health,2025-09-23,1369.77,Pending,Not Applicable,2025-11-01,0.0,1369.77
CLM001686,BILL002265,PAT06649,FAC003,DEP001,Star Health,2025-06-28,971.1,Approved,Not Applicable,2025-07-26,963.9,7.2
CLM001695,BILL002278,PAT02070,FAC005,DEP008,HDFC ERGO,2025-11-13,1252.72,Paid,Not Applicable,2025-11-25,1237.34,15.38
CLM001700,BILL002283,PAT08370,FAC002,DEP001,HDFC ERGO,2025-10-07,1417.34,Approved,Not Applicable,2025-11-01,1397.54,19.8
CLM001702,BILL002286,PAT07347,FAC004,DEP007,Care Health,2025-09-07,579.09,Pending,Not Applicable,2025-10-02,0.0,579.09
CLM001705,BILL002291,PAT06423,FAC001,DEP001,Care Health,2025-11-17,754.63,Paid,Not Applicable,2025-11-30,724.78,29.85
CLM001717,BILL002312,PAT02817,FAC001,DEP004,HDFC ERGO,2025-06-12,1894.59,Under Review,Not Applicable,2025-07-24,0.0,1894.59
CLM001721,BILL002316,PAT09238,FAC002,DEP006,ICICI Lombard,2025-03-05,981.32,Approved,Not Applicable,2025-03-14,847.52,133.8
CLM001722,BILL002317,PAT03509,FAC003,DEP001,Care Health,2025-12-15,958.88,Approved,Not Applicable,2026-01-06,863.58,95.3
CLM001724,BILL002321,PAT02537,FAC005,DEP003,Star Health,2025-10-22,364.34,Approved,Not Applicable,2025-11-15,358.39,5.95
CLM001726,BILL002326,PAT08452,FAC004,DEP002,Star Health,2025-03-09,769.14,Approved,Not Applicable,2025-03-18,733.39,35.75
CLM001729,BILL002330,PAT01183,FAC003,DEP008,Niva Bupa,2025-02-10,2261.01,Paid,Not Applicable,2025-03-03,2174.47,86.54
CLM001731,BILL002332,PAT07496,FAC002,DEP007,Niva Bupa,2025-06-04,791.06,Approved,Not Applicable,2025-07-03,766.32,24.74
CLM001762,BILL002370,PAT00440,FAC001,DEP008,ICICI Lombard,2025-10-20,2149.6,Paid,Not Applicable,2025-10-27,2060.55,89.05
CLM001763,BILL002371,PAT01226,FAC002,DEP001,HDFC ERGO,2025-07-21,912.69,Approved,Not Applicable,2025-08-17,897.27,15.42
CLM001769,BILL002377,PAT04246,FAC003,DEP001,Niva Bupa,2025-12-03,720.5,Paid,Not Applicable,2025-12-23,693.8,26.7
CLM001785,BILL002397,PAT03450,FAC004,DEP006,Care Health,2025-05-11,707.76,Pending,Not Applicable,2025-06-24,0.0,707.76
CLM001791,BILL002406,PAT08798,FAC003,DEP003,Niva Bupa,2025-05-31,651.78,Paid,Not Applicable,2025-06-15,616.93,34.85
CLM001796,BILL002413,PAT03370,FAC003,DEP003,ICICI Lombard,2025-11-19,698.61,Paid,Not Applicable,2025-11-24,673.74,24.87
CLM001806,BILL002426,PAT00186,FAC003,DEP008,ICICI Lombard,2025-05-13,1060.4,Approved,Not Applicable,2025-05-24,1038.23,22.17
CLM001807,BILL002427,PAT07880,FAC005,DEP005,HDFC ERGO,2025-03-20,487.26,Approved,Not Applicable,2025-04-11,482.82,4.44
CLM001823,BILL002446,PAT02639,FAC004,DEP007,HDFC ERGO,2025-05-23,768.44,Pending,Not Applicable,2025-06-05,0.0,768.44
CLM001831,BILL002459,PAT04731,FAC001,DEP008,Care Health,2025-05-20,1355.09,Pending,Not Applicable,2025-06-01,0.0,1355.09
CLM001841,BILL002470,PAT04314,FAC005,DEP001,HDFC ERGO,2025-01-22,1744.26,Paid,Not Applicable,2025-01-28,1682.6,61.66
CLM001854,BILL002486,PAT09773,FAC004,DEP001,Care Health,2025-01-14,1745.23,Paid,Not Applicable,2025-01-26,1723.03,22.2
CLM001856,BILL002488,PAT00980,FAC004,DEP002,Star Health,2025-11-09,523.05,Paid,Not Applicable,2025-11-30,518.51,4.54
CLM001858,BILL002490,PAT06299,FAC005,DEP001,ICICI Lombard,2025-05-29,1200.49,Approved,Not Applicable,2025-06-26,1160.96,39.53
CLM001861,BILL002493,PAT05909,FAC003,DEP005,Niva Bupa,2025-04-23,511.18,Approved,Not Applicable,2025-04-30,500.04,11.14
CLM001863,BILL002495,PAT08938,FAC005,DEP001,Niva Bupa,2025-08-08,1275.82,Approved,Not Applicable,2025-08-29,1119.31,156.51
CLM001865,BILL002498,PAT02814,FAC003,DEP001,Care Health,2025-08-22,1572.52,Denied,Coding Error,2025-09-02,0.0,1572.52
CLM001866,BILL002499,PAT00411,FAC005,DEP007,Niva Bupa,2025-12-02,964.97,Pending,Not Applicable,2026-01-03,0.0,964.97
CLM001874,BILL002507,PAT03185,FAC004,DEP002,ICICI Lombard,2025-03-29,1082.29,Paid,Not Applicable,2025-04-15,1037.33,44.96
CLM001882,BILL002517,PAT08564,FAC002,DEP005,HDFC ERGO,2025-03-30,501.82,Pending,Not Applicable,2025-04-11,0.0,501.82
CLM001883,BILL002518,PAT06934,FAC003,DEP001,Care Health,2025-11-11,1369.23,Paid,Not Applicable,2025-12-09,1345.68,23.55
CLM001890,BILL002528,PAT08518,FAC005,DEP007,Niva Bupa,2025-09-18,404.51,Under Review,Not Applicable,2025-10-12,0.0,404.51
CLM001894,BILL002532,PAT08392,FAC005,DEP003,Niva Bupa,2025-09-22,890.23,Approved,Not Applicable,2025-10-06,870.39,19.84
CLM001899,BILL002537,PAT08145,FAC002,DEP005,Care Health,2025-11-21,477.25,Under Review,Not Applicable,2025-12-03,0.0,477.25
CLM001912,BILL002556,PAT03706,FAC004,DEP007,HDFC ERGO,2025-05-17,490.45,Pending,Not Applicable,2025-06-30,0.0,490.45
CLM001913,BILL002557,PAT07766,FAC003,DEP001,HDFC ERGO,2025-06-22,1244.34,Approved,Not Applicable,2025-07-03,1094.98,149.36
CLM001916,BILL002560,PAT09280,FAC003,DEP001,Care Health,2025-07-31,606.33,Paid,Not Applicable,2025-08-13,584.37,21.96
CLM001921,BILL002566,PAT08344,FAC002,DEP001,Star Health,2025-07-16,1327.12,Approved,Not Applicable,2025-07-29,1204.38,122.74
CLM001929,BILL002576,PAT00218,FAC002,DEP001,Star Health,2025-07-21,972.69,Approved,Not Applicable,2025-08-09,851.63,121.06
CLM001938,BILL002586,PAT02035,FAC003,DEP005,Care Health,2025-05-24,315.94,Approved,Not Applicable,2025-06-05,298.6,17.34
CLM001941,BILL002590,PAT09225,FAC001,DEP008,ICICI Lombard,2025-04-19,2463.46,Pending,Not Applicable,2025-05-28,0.0,2463.46
CLM001944,BILL002594,PAT02096,FAC002,DEP007,Niva Bupa,2025-07-26,792.9,Paid,Not Applicable,2025-08-09,736.65,56.25
CLM001950,BILL002601,PAT08274,FAC003,DEP005,Care Health,2025-11-20,574.11,Paid,Not Applicable,2025-12-19,529.02,45.09
CLM001962,BILL002616,PAT08325,FAC004,DEP002,Niva Bupa,2025-08-22,806.93,Approved,Not Applicable,2025-09-13,739.01,67.92
CLM001991,BILL002654,PAT03403,FAC002,DEP001,ICICI Lombard,2025-03-26,786.28,Pending,Not Applicable,2025-04-09,0.0,786.28
CLM001992,BILL002655,PAT07717,FAC005,DEP007,HDFC ERGO,2025-11-09,588.89,Under Review,Not Applicable,2025-11-19,0.0,588.89
CLM001994,BILL002658,PAT08991,FAC004,DEP004,Star Health,2025-10-06,1538.69,Paid,Not Applicable,2025-10-11,1529.49,9.2
CLM002006,BILL002671,PAT09593,FAC003,DEP005,Star Health,2025-05-11,400.81,Paid,Not Applicable,2025-06-02,376.75,24.06
CLM002011,BILL002676,PAT08216,FAC001,DEP001,Care Health,2025-01-04,681.36,Approved,Not Applicable,2025-01-14,658.77,22.59
CLM002012,BILL002677,PAT02609,FAC002,DEP007,Star Health,2025-06-21,765.68,Under Review,Not Applicable,2025-07-05,0.0,765.68
CLM002014,BILL002679,PAT02003,FAC001,DEP002,HDFC ERGO,2025-05-26,895.13,Paid,Not Applicable,2025-06-24,890.81,4.32
CLM002018,BILL002684,PAT00103,FAC002,DEP001,Niva Bupa,2025-07-02,1612.62,Paid,Not Applicable,2025-07-16,1558.35,54.27
CLM002026,BILL002693,PAT00020,FAC002,DEP005,Care Health,2025-08-31,486.89,Paid,Not Applicable,2025-09-19,478.29,8.6
CLM002032,BILL002701,PAT03308,FAC005,DEP006,Niva Bupa,2025-12-11,769.6,Under Review,Not Applicable,2026-01-25,0.0,769.6
CLM002034,BILL002705,PAT07959,FAC004,DEP004,ICICI Lombard,2025-12-07,753.41,Paid,Not Applicable,2025-12-26,697.22,56.19
CLM002040,BILL002712,PAT08608,FAC004,DEP004,Care Health,2025-07-25,1396.39,Denied,Coding Error,2025-08-15,0.0,1396.39
CLM002041,BILL002713,PAT03291,FAC004,DEP005,Star Health,2025-05-11,792.2,Pending,Not Applicable,2025-05-30,0.0,792.2
CLM002042,BILL002714,PAT00096,FAC001,DEP005,HDFC ERGO,2025-05-31,493.58,Paid,Not Applicable,2025-06-19,490.01,3.57
CLM002045,BILL002718,PAT02808,FAC002,DEP006,Star Health,2025-01-30,841.67,Paid,Not Applicable,2025-02-05,807.23,34.44
CLM002046,BILL002719,PAT06162,FAC002,DEP005,Star Health,2025-01-30,466.49,Pending,Not Applicable,2025-02-14,0.0,466.49
CLM002049,BILL002724,PAT04013,FAC001,DEP002,ICICI Lombard,2025-04-26,785.76,Paid,Not Applicable,2025-05-01,765.38,20.38
CLM002051,BILL002727,PAT08497,FAC001,DEP008,Care Health,2025-03-04,2773.3,Paid,Not Applicable,2025-03-12,2570.28,203.02
CLM002064,BILL002744,PAT07064,FAC004,DEP006,HDFC ERGO,2025-02-10,623.28,Paid,Not Applicable,2025-02-23,621.13,2.15
CLM002075,BILL002759,PAT08590,FAC005,DEP003,Star Health,2025-01-25,391.75,Paid,Not Applicable,2025-02-13,376.95,14.8
CLM002090,BILL002783,PAT01624,FAC003,DEP008,ICICI Lombard,2025-07-07,1747.84,Denied,Missing Documentation,2025-07-22,0.0,1747.84
CLM002091,BILL002785,PAT03298,FAC002,DEP007,ICICI Lombard,2025-11-23,536.14,Denied,Duplicate Claim,2025-12-09,0.0,536.14
CLM002096,BILL002791,PAT00389,FAC001,DEP001,HDFC ERGO,2025-08-02,1073.63,Approved,Not Applicable,2025-08-11,991.44,82.19
CLM002100,BILL002798,PAT08518,FAC001,DEP008,Care Health,2025-02-28,1418.14,Approved,Not Applicable,2025-03-17,1382.04,36.1
CLM002103,BILL002801,PAT03997,FAC001,DEP002,HDFC ERGO,2025-05-05,1213.23,Pending,Not Applicable,2025-06-07,0.0,1213.23
CLM002107,BILL002807,PAT09286,FAC001,DEP004,Star Health,2025-06-30,679.54,Under Review,Not Applicable,2025-07-21,0.0,679.54
CLM002121,BILL002826,PAT01944,FAC005,DEP001,ICICI Lombard,2025-04-10,834.67,Approved,Not Applicable,2025-04-26,818.13,16.54
CLM002125,BILL002830,PAT00750,FAC001,DEP001,HDFC ERGO,2025-11-03,1159.21,Paid,Not Applicable,2025-11-11,1117.97,41.24
CLM002127,BILL002832,PAT06890,FAC003,DEP005,Star Health,2025-03-08,517.75,Denied,Policy Exclusion,2025-03-23,0.0,517.75
CLM002129,BILL002834,PAT00425,FAC005,DEP007,ICICI Lombard,2025-12-13,434.48,Under Review,Not Applicable,2026-01-01,0.0,434.48
CLM002144,BILL002850,PAT09301,FAC002,DEP006,Niva Bupa,2025-06-24,755.52,Paid,Not Applicable,2025-07-04,735.28,20.24
CLM002145,BILL002851,PAT01036,FAC004,DEP007,Niva Bupa,2025-12-03,418.0,Denied,Duplicate Claim,2025-12-08,0.0,418.0
CLM002146,BILL002852,PAT02479,FAC004,DEP007,Star Health,2025-10-03,828.29,Approved,Not Applicable,2025-10-08,801.42,26.87
CLM002147,BILL002853,PAT05350,FAC005,DEP003,Care Health,2025-07-02,702.87,Approved,Not Applicable,2025-07-31,643.63,59.24
CLM002158,BILL002866,PAT02151,FAC004,DEP001,HDFC ERGO,2025-06-19,1150.51,Approved,Not Applicable,2025-06-26,1123.85,26.66
CLM002163,BILL002871,PAT00715,FAC001,DEP008,Star Health,2025-10-10,1360.69,Approved,Not Applicable,2025-11-07,1262.6,98.09
CLM002164,BILL002873,PAT03964,FAC005,DEP001,Star Health,2025-08-28,1968.42,Pending,Not Applicable,2025-09-14,0.0,1968.42
CLM002166,BILL002875,PAT02944,FAC005,DEP008,Care Health,2025-10-21,1664.75,Paid,Not Applicable,2025-11-03,1636.89,27.86
CLM002169,BILL002878,PAT02040,FAC002,DEP001,Care Health,2025-03-28,907.85,Approved,Not Applicable,2025-04-15,894.1,13.75
CLM002174,BILL002884,PAT08730,FAC004,DEP004,Niva Bupa,2025-01-25,1055.04,Paid,Not Applicable,2025-02-11,1045.46,9.58
CLM002184,BILL002896,PAT09069,FAC005,DEP006,Star Health,2025-10-21,700.7,Paid,Not Applicable,2025-11-07,679.22,21.48
CLM002196,BILL002909,PAT08344,FAC003,DEP003,HDFC ERGO,2025-10-30,1093.81,Approved,Not Applicable,2025-11-15,1082.1,11.71
CLM002197,BILL002910,PAT03046,FAC003,DEP008,ICICI Lombard,2025-03-28,1137.1,Approved,Not Applicable,2025-04-06,1113.17,23.93
CLM002202,BILL002915,PAT09038,FAC005,DEP001,ICICI Lombard,2025-11-10,1298.31,Paid,Not Applicable,2025-12-10,1269.01,29.3
CLM002203,BILL002916,PAT04747,FAC001,DEP002,HDFC ERGO,2025-10-19,967.86,Paid,Not Applicable,2025-10-26,937.38,30.48
CLM002208,BILL002922,PAT08725,FAC004,DEP006,Star Health,2025-01-12,892.5,Paid,Not Applicable,2025-01-31,852.87,39.63
CLM002220,BILL002940,PAT02158,FAC002,DEP005,Niva Bupa,2025-10-31,387.17,Denied,Policy Exclusion,2025-11-08,0.0,387.17
CLM002221,BILL002941,PAT06106,FAC002,DEP006,ICICI Lombard,2025-11-19,919.16,Under Review,Not Applicable,2025-12-26,0.0,919.16
CLM002235,BILL002964,PAT05737,FAC003,DEP003,HDFC ERGO,2025-10-08,551.69,Denied,Policy Exclusion,2025-10-18,0.0,551.69
CLM002244,BILL002973,PAT06680,FAC002,DEP007,Care Health,2025-09-11,517.5,Paid,Not Applicable,2025-09-19,481.75,35.75
CLM002245,BILL002974,PAT07822,FAC005,DEP001,Niva Bupa,2025-06-19,1010.24,Denied,Duplicate Claim,2025-07-09,0.0,1010.24
CLM002253,BILL002985,PAT04302,FAC004,DEP002,HDFC ERGO,2025-11-08,1135.96,Paid,Not Applicable,2025-11-16,1055.79,80.17
CLM002263,BILL002998,PAT07820,FAC002,DEP001,Care Health,2025-03-28,1319.68,Paid,Not Applicable,2025-04-26,1220.73,98.95
CLM002268,BILL003004,PAT04871,FAC004,DEP002,Care Health,2025-09-04,1317.29,Pending,Not Applicable,2025-10-04,0.0,1317.29
CLM002270,BILL003007,PAT01702,FAC003,DEP003,Niva Bupa,2025-02-22,498.83,Approved,Not Applicable,2025-03-14,436.32,62.51
CLM002275,BILL003013,PAT04194,FAC004,DEP005,Care Health,2025-01-04,428.43,Paid,Not Applicable,2025-01-22,399.23,29.2
CLM002276,BILL003014,PAT09341,FAC002,DEP001,ICICI Lombard,2025-04-20,1147.37,Under Review,Not Applicable,2025-05-29,0.0,1147.37
CLM002279,BILL003018,PAT04123,FAC004,DEP002,Care Health,2025-08-22,1047.99,Pending,Not Applicable,2025-10-02,0.0,1047.99
CLM002307,BILL003054,PAT03820,FAC004,DEP004,Star Health,2025-12-14,799.32,Pending,Not Applicable,2026-01-28,0.0,799.32
CLM002312,BILL003061,PAT00978,FAC001,DEP008,HDFC ERGO,2025-05-06,1288.25,Pending,Not Applicable,2025-06-02,0.0,1288.25
CLM002322,BILL003078,PAT02309,FAC004,DEP001,Niva Bupa,2025-06-17,1412.0,Approved,Not Applicable,2025-06-22,1215.54,196.46
CLM002323,BILL003080,PAT06844,FAC004,DEP002,HDFC ERGO,2025-05-08,676.97,Approved,Not Applicable,2025-05-17,643.79,33.18
CLM002334,BILL003092,PAT01098,FAC005,DEP007,Niva Bupa,2025-04-12,647.78,Approved,Not Applicable,2025-04-19,576.81,70.97
CLM002345,BILL003106,PAT01283,FAC005,DEP008,HDFC ERGO,2025-06-04,1379.71,Approved,Not Applicable,2025-06-21,1224.38,155.33
CLM002348,BILL003110,PAT09750,FAC005,DEP001,Niva Bupa,2025-08-08,933.11,Under Review,Not Applicable,2025-08-19,0.0,933.11
CLM002350,BILL003114,PAT05901,FAC001,DEP008,Care Health,2025-08-17,1020.76,Paid,Not Applicable,2025-09-01,947.19,73.57
CLM002352,BILL003120,PAT05793,FAC004,DEP001,Star Health,2025-12-17,1377.95,Paid,Not Applicable,2025-12-25,1371.57,6.38
CLM002355,BILL003126,PAT00287,FAC001,DEP008,HDFC ERGO,2025-12-08,1734.82,Approved,Not Applicable,2025-12-13,1730.99,3.83
CLM002359,BILL003131,PAT03071,FAC003,DEP005,HDFC ERGO,2025-06-23,240.45,Pending,Not Applicable,2025-07-25,0.0,240.45
CLM002360,BILL003132,PAT04803,FAC005,DEP003,Star Health,2025-01-01,823.16,Pending,Not Applicable,2025-01-25,0.0,823.16
CLM002364,BILL003136,PAT03209,FAC002,DEP005,Niva Bupa,2025-02-01,455.3,Paid,Not Applicable,2025-02-19,434.34,20.96
CLM002368,BILL003141,PAT01721,FAC002,DEP001,HDFC ERGO,2025-04-26,884.8,Paid,Not Applicable,2025-05-17,835.08,49.72
CLM002371,BILL003144,PAT08241,FAC005,DEP008,Star Health,2025-11-25,1156.3,Approved,Not Applicable,2025-12-17,992.73,163.57
CLM002385,BILL003165,PAT06001,FAC002,DEP001,Star Health,2025-08-21,728.66,Denied,Policy Exclusion,2025-09-08,0.0,728.66
CLM002388,BILL003169,PAT02125,FAC003,DEP007,HDFC ERGO,2025-11-02,411.13,Pending,Not Applicable,2025-11-19,0.0,411.13
CLM002394,BILL003177,PAT09616,FAC005,DEP003,Niva Bupa,2025-04-28,447.97,Paid,Not Applicable,2025-05-19,416.06,31.91
CLM002396,BILL003180,PAT05386,FAC002,DEP005,Niva Bupa,2025-11-02,351.31,Paid,Not Applicable,2025-11-18,343.39,7.92
CLM002401,BILL003187,PAT09567,FAC002,DEP002,Star Health,2025-12-11,738.32,Approved,Not Applicable,2025-12-24,695.54,42.78
CLM002404,BILL003192,PAT08407,FAC004,DEP006,HDFC ERGO,2025-09-10,609.55,Approved,Not Applicable,2025-09-18,556.95,52.6
CLM002408,BILL003198,PAT00612,FAC004,DEP004,Star Health,2025-03-05,1122.35,Paid,Not Applicable,2025-03-28,1048.63,73.72
CLM002411,BILL003204,PAT04289,FAC001,DEP008,HDFC ERGO,2025-10-13,1415.04,Approved,Not Applicable,2025-10-25,1393.92,21.12
CLM002415,BILL003208,PAT02526,FAC005,DEP007,Star Health,2025-12-06,701.76,Approved,Not Applicable,2025-12-14,699.77,1.99
CLM002417,BILL003212,PAT00813,FAC005,DEP003,ICICI Lombard,2025-05-14,484.95,Pending,Not Applicable,2025-05-25,0.0,484.95
CLM002422,BILL003218,PAT06652,FAC004,DEP004,ICICI Lombard,2025-09-15,1605.88,Paid,Not Applicable,2025-09-30,1525.37,80.51
CLM002425,BILL003221,PAT03208,FAC003,DEP003,Niva Bupa,2025-12-15,511.11,Approved,Not Applicable,2026-01-03,459.29,51.82
CLM002428,BILL003224,PAT09431,FAC005,DEP003,ICICI Lombard,2025-12-23,727.83,Paid,Not Applicable,2025-12-31,690.28,37.55
CLM002433,BILL003229,PAT01732,FAC002,DEP002,HDFC ERGO,2025-02-05,1190.57,Approved,Not Applicable,2025-02-27,1175.32,15.25
CLM002435,BILL003232,PAT06163,FAC003,DEP001,HDFC ERGO,2025-07-15,1173.43,Paid,Not Applicable,2025-07-30,1100.7,72.73
CLM002438,BILL003235,PAT08452,FAC001,DEP002,Care Health,2025-08-24,877.36,Approved,Not Applicable,2025-09-12,755.97,121.39
CLM002441,BILL003241,PAT05959,FAC003,DEP003,ICICI Lombard,2025-07-10,745.85,Approved,Not Applicable,2025-07-26,729.5,16.35
CLM002443,BILL003244,PAT02123,FAC003,DEP001,Star Health,2025-05-21,1428.59,Paid,Not Applicable,2025-06-14,1413.43,15.16
CLM002445,BILL003246,PAT06312,FAC004,DEP006,Care Health,2025-11-06,762.09,Under Review,Not Applicable,2025-12-06,0.0,762.09
CLM002453,BILL003257,PAT03064,FAC003,DEP005,HDFC ERGO,2025-12-11,448.3,Paid,Not Applicable,2026-01-04,436.47,11.83
CLM002458,BILL003263,PAT00395,FAC003,DEP007,Star Health,2025-04-15,441.89,Pending,Not Applicable,2025-04-26,0.0,441.89
CLM002460,BILL003266,PAT01262,FAC002,DEP001,ICICI Lombard,2025-08-25,825.72,Denied,Policy Exclusion,2025-09-04,0.0,825.72
CLM002463,BILL003269,PAT08798,FAC004,DEP005,Star Health,2025-09-28,372.79,Paid,Not Applicable,2025-10-10,348.19,24.6
CLM002464,BILL003270,PAT03117,FAC004,DEP006,Care Health,2025-05-18,731.21,Paid,Not Applicable,2025-06-16,690.63,40.58
CLM002469,BILL003278,PAT04581,FAC003,DEP001,ICICI Lombard,2025-04-11,1109.42,Approved,Not Applicable,2025-05-05,1082.61,26.81
CLM002472,BILL003282,PAT00896,FAC002,DEP002,HDFC ERGO,2025-06-17,834.71,Approved,Not Applicable,2025-07-07,724.09,110.62
CLM002475,BILL003285,PAT03117,FAC005,DEP003,HDFC ERGO,2025-12-10,797.59,Approved,Not Applicable,2025-12-20,718.45,79.14
CLM002483,BILL003295,PAT00328,FAC004,DEP004,Star Health,2025-10-14,1134.66,Paid,Not Applicable,2025-11-12,1085.73,48.93
CLM002488,BILL003301,PAT07542,FAC004,DEP001,ICICI Lombard,2025-02-27,1499.16,Paid,Not Applicable,2025-03-21,1498.05,1.11
CLM002505,BILL003321,PAT07146,FAC003,DEP007,Star Health,2025-07-27,643.64,Pending,Not Applicable,2025-08-30,0.0,643.64
CLM002508,BILL003324,PAT02989,FAC005,DEP001,Star Health,2025-11-03,1427.26,Under Review,Not Applicable,2025-11-16,0.0,1427.26
CLM002514,BILL003333,PAT00412,FAC001,DEP004,Niva Bupa,2025-06-11,1174.33,Under Review,Not Applicable,2025-06-24,0.0,1174.33
CLM002517,BILL003338,PAT09951,FAC005,DEP007,Star Health,2025-12-22,488.26,Denied,Eligibility Issue,2026-01-08,0.0,488.26
CLM002521,BILL003343,PAT05943,FAC004,DEP002,Care Health,2025-10-31,1549.9,Paid,Not Applicable,2025-11-08,1506.77,43.13
CLM002528,BILL003352,PAT09220,FAC003,DEP007,HDFC ERGO,2025-08-07,377.05,Paid,Not Applicable,2025-08-27,355.92,21.13
CLM002530,BILL003356,PAT04140,FAC005,DEP003,Star Health,2025-06-12,364.45,Pending,Not Applicable,2025-07-03,0.0,364.45
CLM002537,BILL003363,PAT06585,FAC005,DEP006,Niva Bupa,2025-02-04,607.72,Approved,Not Applicable,2025-03-01,568.95,38.77
CLM002543,BILL003372,PAT04979,FAC005,DEP007,Care Health,2025-11-11,572.53,Pending,Not Applicable,2025-12-17,0.0,572.53
CLM002552,BILL003381,PAT03298,FAC005,DEP003,ICICI Lombard,2025-01-09,669.43,Approved,Not Applicable,2025-01-23,572.17,97.26
CLM002553,BILL003383,PAT08216,FAC002,DEP001,Niva Bupa,2025-06-24,1759.87,Paid,Not Applicable,2025-06-30,1627.84,132.03
CLM002569,BILL003402,PAT06956,FAC004,DEP007,ICICI Lombard,2025-02-12,701.25,Paid,Not Applicable,2025-03-03,696.87,4.38
CLM002572,BILL003405,PAT05915,FAC004,DEP002,ICICI Lombard,2025-05-06,413.02,Pending,Not Applicable,2025-06-11,0.0,413.02
CLM002573,BILL003406,PAT06880,FAC004,DEP002,Star Health,2025-05-26,985.75,Pending,Not Applicable,2025-07-05,0.0,985.75
CLM002577,BILL003412,PAT02457,FAC001,DEP001,HDFC ERGO,2025-01-03,1172.42,Pending,Not Applicable,2025-01-17,0.0,1172.42
CLM002581,BILL003417,PAT06956,FAC001,DEP002,Care Health,2025-12-03,960.33,Paid,Not Applicable,2025-12-11,914.73,45.6
CLM002584,BILL003420,PAT08518,FAC002,DEP002,Niva Bupa,2025-01-14,1285.04,Approved,Not Applicable,2025-01-22,1145.52,139.52
CLM002589,BILL003425,PAT05164,FAC005,DEP003,HDFC ERGO,2025-02-07,581.62,Approved,Not Applicable,2025-02-28,523.1,58.52
CLM002590,BILL003430,PAT06726,FAC004,DEP002,Niva Bupa,2025-03-31,1177.13,Paid,Not Applicable,2025-04-24,1160.14,16.99
CLM002599,BILL003444,PAT09988,FAC001,DEP004,Niva Bupa,2025-05-15,1258.44,Paid,Not Applicable,2025-05-28,1220.23,38.21
CLM002600,BILL003445,PAT04547,FAC003,DEP003,Niva Bupa,2025-07-04,748.18,Approved,Not Applicable,2025-07-24,680.95,67.23
CLM002603,BILL003450,PAT02859,FAC001,DEP003,ICICI Lombard,2025-11-13,436.85,Pending,Not Applicable,2025-12-03,0.0,436.85
CLM002608,BILL003456,PAT09680,FAC004,DEP001,Care Health,2025-08-25,1146.18,Under Review,Not Applicable,2025-09-21,0.0,1146.18
CLM002622,BILL003477,PAT02449,FAC004,DEP007,Star Health,2025-12-26,530.37,Paid,Not Applicable,2026-01-03,489.01,41.36
CLM002630,BILL003487,PAT05460,FAC004,DEP004,Niva Bupa,2025-09-19,1613.28,Pending,Not Applicable,2025-10-01,0.0,1613.28
CLM002638,BILL003497,PAT05513,FAC004,DEP006,Niva Bupa,2025-11-14,647.31,Under Review,Not Applicable,2025-12-16,0.0,647.31
CLM002642,BILL003504,PAT07517,FAC001,DEP001,Star Health,2025-12-14,690.89,Under Review,Not Applicable,2026-01-11,0.0,690.89
CLM002645,BILL003509,PAT04078,FAC005,DEP003,Star Health,2025-02-14,815.9,Denied,Policy Exclusion,2025-02-25,0.0,815.9
CLM002646,BILL003510,PAT05636,FAC003,DEP001,HDFC ERGO,2025-08-16,1186.18,Paid,Not Applicable,2025-09-06,1132.33,53.85
CLM002648,BILL003513,PAT02183,FAC003,DEP007,Niva Bupa,2025-04-23,635.39,Approved,Not Applicable,2025-05-01,625.79,9.6
CLM002656,BILL003522,PAT03102,FAC002,DEP006,ICICI Lombard,2025-11-23,850.22,Pending,Not Applicable,2025-12-05,0.0,850.22
CLM002659,BILL003527,PAT00047,FAC004,DEP004,Niva Bupa,2025-11-20,1273.47,Paid,Not Applicable,2025-12-03,1227.49,45.98
CLM002661,BILL003530,PAT08595,FAC004,DEP006,ICICI Lombard,2025-11-11,652.09,Approved,Not Applicable,2025-12-10,599.92,52.17
CLM002666,BILL003535,PAT06436,FAC005,DEP007,ICICI Lombard,2025-03-23,450.77,Approved,Not Applicable,2025-04-04,396.49,54.28
CLM002668,BILL003537,PAT09605,FAC003,DEP005,HDFC ERGO,2025-10-02,292.06,Approved,Not Applicable,2025-10-19,253.41,38.65
CLM002673,BILL003545,PAT09566,FAC002,DEP001,ICICI Lombard,2025-10-11,1287.62,Approved,Not Applicable,2025-11-06,1281.9,5.72
CLM002674,BILL003546,PAT09821,FAC002,DEP007,HDFC ERGO,2025-09-20,292.83,Pending,Not Applicable,2025-10-20,0.0,292.83
CLM002675,BILL003548,PAT02992,FAC004,DEP006,Star Health,2025-05-17,800.54,Paid,Not Applicable,2025-06-05,765.66,34.88
CLM002676,BILL003549,PAT03616,FAC002,DEP006,Care Health,2025-05-03,437.24,Paid,Not Applicable,2025-05-16,421.97,15.27
CLM002682,BILL003559,PAT08301,FAC002,DEP007,Star Health,2025-08-23,717.94,Denied,Authorization Missing,2025-09-09,0.0,717.94
CLM002692,BILL003578,PAT04818,FAC001,DEP001,HDFC ERGO,2025-03-14,1011.39,Pending,Not Applicable,2025-04-24,0.0,1011.39
CLM002716,BILL003609,PAT04442,FAC002,DEP007,Care Health,2025-02-14,613.72,Denied,Authorization Missing,2025-03-03,0.0,613.72
CLM002729,BILL003628,PAT00291,FAC004,DEP007,ICICI Lombard,2025-04-01,465.86,Approved,Not Applicable,2025-04-08,415.33,50.53
CLM002732,BILL003631,PAT07064,FAC004,DEP001,Star Health,2025-06-24,912.32,Approved,Not Applicable,2025-07-01,840.13,72.19
CLM002741,BILL003645,PAT07991,FAC003,DEP008,HDFC ERGO,2025-04-26,1813.69,Under Review,Not Applicable,2025-05-26,0.0,1813.69
CLM002742,BILL003646,PAT02806,FAC001,DEP002,Care Health,2025-02-24,1207.26,Approved,Not Applicable,2025-03-05,1032.35,174.91
CLM002744,BILL003649,PAT07582,FAC003,DEP008,Star Health,2025-09-08,1740.92,Approved,Not Applicable,2025-09-17,1706.89,34.03
CLM002750,BILL003659,PAT03843,FAC002,DEP007,HDFC ERGO,2025-07-15,559.43,Paid,Not Applicable,2025-07-31,558.07,1.36
CLM002751,BILL003660,PAT00009,FAC003,DEP007,Care Health,2025-11-14,704.86,Paid,Not Applicable,2025-12-02,694.87,9.99
CLM002765,BILL003677,PAT06456,FAC003,DEP008,ICICI Lombard,2025-08-25,1405.85,Denied,Eligibility Issue,2025-09-03,0.0,1405.85
CLM002766,BILL003678,PAT07744,FAC001,DEP005,ICICI Lombard,2025-11-20,414.3,Pending,Not Applicable,2025-12-11,0.0,414.3
CLM002782,BILL003703,PAT08884,FAC005,DEP001,Care Health,2025-02-01,1309.92,Paid,Not Applicable,2025-02-25,1226.85,83.07
CLM002783,BILL003705,PAT06761,FAC002,DEP001,ICICI Lombard,2025-03-20,1869.89,Under Review,Not Applicable,2025-04-27,0.0,1869.89
CLM002791,BILL003714,PAT09939,FAC002,DEP001,HDFC ERGO,2025-05-09,1867.88,Paid,Not Applicable,2025-05-21,1836.49,31.39
CLM002812,BILL003748,PAT06959,FAC004,DEP002,Niva Bupa,2025-10-11,994.07,Denied,Policy Exclusion,2025-10-25,0.0,994.07
CLM002816,BILL003752,PAT09293,FAC003,DEP008,ICICI Lombard,2025-09-09,1423.46,Pending,Not Applicable,2025-09-21,0.0,1423.46
CLM002822,BILL003758,PAT09820,FAC004,DEP002,Niva Bupa,2025-11-05,1457.1,Approved,Not Applicable,2025-11-21,1433.43,23.67
CLM002824,BILL003760,PAT08279,FAC002,DEP002,Care Health,2025-04-06,940.09,Paid,Not Applicable,2025-04-24,920.7,19.39
CLM002826,BILL003763,PAT03121,FAC005,DEP007,Star Health,2025-01-13,736.74,Denied,Authorization Missing,2025-01-26,0.0,736.74
CLM002830,BILL003768,PAT08030,FAC005,DEP001,Niva Bupa,2025-10-07,1189.48,Approved,Not Applicable,2025-10-13,1144.83,44.65
CLM002837,BILL003781,PAT01954,FAC003,DEP005,Care Health,2025-07-23,520.34,Approved,Not Applicable,2025-08-08,497.36,22.98
CLM002840,BILL003785,PAT01262,FAC004,DEP001,HDFC ERGO,2025-04-29,1140.5,Pending,Not Applicable,2025-05-17,0.0,1140.5
CLM002846,BILL003792,PAT02418,FAC002,DEP007,Niva Bupa,2025-08-29,677.09,Pending,Not Applicable,2025-10-05,0.0,677.09
CLM002849,BILL003795,PAT08399,FAC004,DEP002,Niva Bupa,2025-07-17,927.39,Approved,Not Applicable,2025-07-23,838.16,89.23
CLM002860,BILL003807,PAT03693,FAC003,DEP001,HDFC ERGO,2025-06-10,1903.65,Under Review,Not Applicable,2025-07-09,0.0,1903.65
CLM002868,BILL003820,PAT01603,FAC001,DEP003,Star Health,2025-07-05,647.79,Under Review,Not Applicable,2025-08-19,0.0,647.79
CLM002869,BILL003821,PAT01769,FAC002,DEP002,Niva Bupa,2025-03-23,1213.72,Paid,Not Applicable,2025-04-19,1135.05,78.67
CLM002875,BILL003829,PAT05933,FAC004,DEP007,Care Health,2025-06-20,507.95,Pending,Not Applicable,2025-07-14,0.0,507.95
CLM002892,BILL003852,PAT05350,FAC003,DEP008,Care Health,2025-07-16,876.31,Approved,Not Applicable,2025-08-12,791.01,85.3
CLM002898,BILL003859,PAT02440,FAC005,DEP007,HDFC ERGO,2025-09-13,513.16,Pending,Not Applicable,2025-10-04,0.0,513.16
CLM002905,BILL003871,PAT04130,FAC005,DEP006,ICICI Lombard,2025-10-24,377.56,Approved,Not Applicable,2025-11-03,350.22,27.34
CLM002912,BILL003879,PAT06265,FAC005,DEP001,ICICI Lombard,2025-01-24,1040.4,Approved,Not Applicable,2025-02-20,902.26,138.14
CLM002915,BILL003884,PAT07653,FAC005,DEP003,Star Health,2025-03-18,511.92,Denied,Policy Exclusion,2025-04-01,0.0,511.92
CLM002922,BILL003896,PAT05359,FAC001,DEP001,Star Health,2025-10-06,1499.17,Paid,Not Applicable,2025-11-04,1438.23,60.94
CLM002931,BILL003905,PAT04392,FAC005,DEP007,HDFC ERGO,2025-12-10,618.57,Denied,Authorization Missing,2025-12-20,0.0,618.57
CLM002961,BILL003945,PAT05174,FAC004,DEP001,Niva Bupa,2025-10-05,1410.97,Approved,Not Applicable,2025-10-28,1300.22,110.75
CLM002966,BILL003951,PAT02183,FAC001,DEP002,Star Health,2025-01-23,634.67,Approved,Not Applicable,2025-02-01,619.65,15.02
CLM002971,BILL003956,PAT02332,FAC001,DEP005,Star Health,2025-04-14,408.41,Approved,Not Applicable,2025-04-23,360.74,47.67
CLM002974,BILL003960,PAT03729,FAC005,DEP003,Niva Bupa,2025-05-22,556.93,Denied,Duplicate Claim,2025-06-02,0.0,556.93
CLM002975,BILL003961,PAT05174,FAC005,DEP003,HDFC ERGO,2025-07-26,725.65,Pending,Not Applicable,2025-09-02,0.0,725.65
CLM002982,BILL003969,PAT09903,FAC005,DEP003,Niva Bupa,2025-06-14,468.28,Approved,Not Applicable,2025-07-05,424.35,43.93
CLM002985,BILL003974,PAT02586,FAC003,DEP001,Star Health,2025-06-26,1171.17,Pending,Not Applicable,2025-07-13,0.0,1171.17
CLM002987,BILL003976,PAT00291,FAC004,DEP007,ICICI Lombard,2025-04-03,574.27,Approved,Not Applicable,2025-04-26,519.5,54.77
CLM002989,BILL003979,PAT04514,FAC001,DEP008,ICICI Lombard,2025-03-17,1126.97,Under Review,Not Applicable,2025-04-19,0.0,1126.97
CLM002993,BILL003986,PAT04101,FAC001,DEP001,Care Health,2025-02-03,1413.87,Paid,Not Applicable,2025-02-14,1390.46,23.41
CLM002997,BILL003993,PAT02358,FAC004,DEP001,HDFC ERGO,2025-01-29,1467.53,Paid,Not Applicable,2025-02-24,1448.27,19.26
CLM003006,BILL004003,PAT06271,FAC005,DEP006,Care Health,2025-07-18,464.67,Paid,Not Applicable,2025-07-23,449.07,15.6
CLM003007,BILL004004,PAT09647,FAC005,DEP003,Care Health,2025-12-26,534.96,Under Review,Not Applicable,2026-01-14,0.0,534.96
CLM003009,BILL004006,PAT04106,FAC004,DEP002,Star Health,2025-03-10,1102.59,Paid,Not Applicable,2025-04-02,1052.7,49.89
CLM003017,BILL004019,PAT03275,FAC002,DEP002,Care Health,2025-05-02,1156.59,Denied,Missing Documentation,2025-05-06,0.0,1156.59
CLM003018,BILL004021,PAT09689,FAC005,DEP005,ICICI Lombard,2025-04-18,491.65,Paid,Not Applicable,2025-04-29,459.34,32.31
CLM003028,BILL004038,PAT01954,FAC005,DEP006,Care Health,2025-02-19,660.97,Approved,Not Applicable,2025-03-21,609.74,51.23
CLM003034,BILL004045,PAT09459,FAC005,DEP008,ICICI Lombard,2025-06-29,1783.19,Paid,Not Applicable,2025-07-23,1692.01,91.18
CLM003037,BILL004051,PAT03661,FAC001,DEP004,Star Health,2025-11-18,1199.47,Paid,Not Applicable,2025-11-24,1134.54,64.93
CLM003039,BILL004054,PAT01512,FAC002,DEP001,ICICI Lombard,2025-09-28,1603.86,Approved,Not Applicable,2025-10-11,1389.21,214.65
CLM003040,BILL004055,PAT01731,FAC004,DEP001,Niva Bupa,2025-04-19,1263.52,Approved,Not Applicable,2025-05-01,1099.01,164.51
CLM003042,BILL004057,PAT08411,FAC005,DEP003,Star Health,2025-01-02,341.3,Denied,Eligibility Issue,2025-01-13,0.0,341.3
CLM003045,BILL004060,PAT08887,FAC004,DEP001,Care Health,2025-05-20,950.57,Denied,Missing Documentation,2025-06-01,0.0,950.57
CLM003050,BILL004070,PAT08374,FAC002,DEP001,Care Health,2025-11-19,1381.69,Under Review,Not Applicable,2025-12-05,0.0,1381.69
CLM003052,BILL004072,PAT07827,FAC005,DEP008,ICICI Lombard,2025-12-19,1158.75,Denied,Coding Error,2026-01-05,0.0,1158.75
CLM003055,BILL004075,PAT07624,FAC001,DEP001,Star Health,2025-06-15,1646.08,Approved,Not Applicable,2025-07-04,1463.18,182.9
CLM003056,BILL004076,PAT03777,FAC001,DEP005,Care Health,2025-07-13,364.18,Pending,Not Applicable,2025-08-05,0.0,364.18
CLM003058,BILL004080,PAT08288,FAC005,DEP001,ICICI Lombard,2025-08-18,866.58,Approved,Not Applicable,2025-09-10,819.88,46.7
CLM003070,BILL004095,PAT05932,FAC005,DEP003,Star Health,2025-10-12,890.14,Paid,Not Applicable,2025-11-10,884.57,5.57
CLM003073,BILL004098,PAT00519,FAC001,DEP008,ICICI Lombard,2025-03-19,2371.46,Paid,Not Applicable,2025-04-05,2287.23,84.23
CLM003076,BILL004101,PAT06481,FAC003,DEP003,Star Health,2025-08-16,696.41,Paid,Not Applicable,2025-08-28,689.66,6.75
CLM003088,BILL004113,PAT05728,FAC002,DEP005,Care Health,2025-10-06,325.71,Denied,Coding Error,2025-10-26,0.0,325.71
CLM003090,BILL004117,PAT01025,FAC004,DEP004,Star Health,2025-01-27,1210.66,Paid,Not Applicable,2025-02-03,1159.12,51.54
CLM003091,BILL004118,PAT03979,FAC003,DEP003,ICICI Lombard,2025-04-11,321.88,Approved,Not Applicable,2025-05-01,301.85,20.03
CLM003092,BILL004120,PAT02814,FAC004,DEP004,Niva Bupa,2025-09-05,1412.6,Under Review,Not Applicable,2025-09-18,0.0,1412.6
CLM003105,BILL004139,PAT06129,FAC003,DEP007,Care Health,2025-07-27,711.55,Pending,Not Applicable,2025-08-08,0.0,711.55
CLM003114,BILL004150,PAT00933,FAC002,DEP007,Star Health,2025-05-27,733.11,Approved,Not Applicable,2025-06-06,700.01,33.1
CLM003118,BILL004155,PAT04991,FAC001,DEP003,Star Health,2025-05-14,876.93,Pending,Not Applicable,2025-05-27,0.0,876.93
CLM003124,BILL004163,PAT02311,FAC005,DEP003,Niva Bupa,2025-03-15,645.89,Approved,Not Applicable,2025-03-27,641.32,4.57
CLM003125,BILL004164,PAT06476,FAC004,DEP005,Care Health,2025-03-30,650.62,Paid,Not Applicable,2025-04-29,625.15,25.47
CLM003128,BILL004169,PAT05283,FAC001,DEP004,Star Health,2025-07-01,1042.86,Approved,Not Applicable,2025-07-18,996.12,46.74
CLM003132,BILL004175,PAT00354,FAC002,DEP007,HDFC ERGO,2025-01-14,501.92,Pending,Not Applicable,2025-02-05,0.0,501.92
CLM003135,BILL004179,PAT00285,FAC004,DEP001,Niva Bupa,2025-07-21,1372.37,Pending,Not Applicable,2025-08-09,0.0,1372.37
CLM003137,BILL004181,PAT09146,FAC005,DEP005,ICICI Lombard,2025-01-02,389.94,Denied,Missing Documentation,2025-01-16,0.0,389.94
CLM003144,BILL004190,PAT01062,FAC004,DEP001,Care Health,2025-09-22,1076.48,Pending,Not Applicable,2025-10-24,0.0,1076.48
CLM003158,BILL004209,PAT02453,FAC004,DEP001,Care Health,2025-07-16,1235.93,Approved,Not Applicable,2025-08-12,1101.33,134.6
CLM003165,BILL004216,PAT03692,FAC001,DEP001,ICICI Lombard,2025-07-14,1053.94,Pending,Not Applicable,2025-08-01,0.0,1053.94
CLM003171,BILL004223,PAT00519,FAC002,DEP005,Care Health,2025-03-27,337.24,Under Review,Not Applicable,2025-04-10,0.0,337.24
CLM003173,BILL004226,PAT04097,FAC001,DEP003,Star Health,2025-04-02,671.48,Approved,Not Applicable,2025-04-22,598.31,73.17
CLM003190,BILL004253,PAT00114,FAC003,DEP007,Niva Bupa,2025-12-20,506.65,Paid,Not Applicable,2026-01-11,489.78,16.87
CLM003192,BILL004257,PAT07272,FAC001,DEP005,Star Health,2025-07-19,572.89,Under Review,Not Applicable,2025-08-09,0.0,572.89
CLM003195,BILL004261,PAT09689,FAC002,DEP005,Niva Bupa,2025-02-20,468.77,Paid,Not Applicable,2025-03-07,447.9,20.87
CLM003202,BILL004268,PAT06581,FAC004,DEP006,Care Health,2025-05-03,618.21,Paid,Not Applicable,2025-05-28,584.08,34.13
CLM003205,BILL004271,PAT03510,FAC002,DEP001,Care Health,2025-04-04,1551.64,Under Review,Not Applicable,2025-04-28,0.0,1551.64
CLM003212,BILL004283,PAT01607,FAC002,DEP002,Star Health,2025-02-04,860.06,Denied,Eligibility Issue,2025-02-21,0.0,860.06
CLM003216,BILL004290,PAT09017,FAC005,DEP008,Niva Bupa,2025-08-18,1214.95,Under Review,Not Applicable,2025-09-24,0.0,1214.95
CLM003217,BILL004291,PAT02324,FAC004,DEP001,Niva Bupa,2025-01-22,1288.87,Denied,Duplicate Claim,2025-02-07,0.0,1288.87
CLM003218,BILL004292,PAT00648,FAC005,DEP006,Niva Bupa,2025-02-22,779.36,Pending,Not Applicable,2025-03-06,0.0,779.36
CLM003222,BILL004299,PAT00904,FAC004,DEP001,Care Health,2025-07-24,1408.53,Approved,Not Applicable,2025-08-04,1319.59,88.94
CLM003224,BILL004306,PAT02178,FAC001,DEP002,ICICI Lombard,2025-10-03,1057.48,Under Review,Not Applicable,2025-11-05,0.0,1057.48
CLM003226,BILL004308,PAT09647,FAC001,DEP004,ICICI Lombard,2025-06-06,1549.16,Under Review,Not Applicable,2025-07-20,0.0,1549.16
CLM003229,BILL004312,PAT07811,FAC004,DEP002,Niva Bupa,2025-07-13,1033.11,Approved,Not Applicable,2025-08-12,1031.2,1.91
CLM003231,BILL004314,PAT06460,FAC003,DEP005,HDFC ERGO,2025-10-24,314.42,Denied,Eligibility Issue,2025-11-01,0.0,314.42
CLM003235,BILL004318,PAT07820,FAC003,DEP005,HDFC ERGO,2025-04-25,527.73,Paid,Not Applicable,2025-05-06,498.52,29.21
CLM003244,BILL004329,PAT01633,FAC005,DEP001,Star Health,2025-11-18,1765.64,Paid,Not Applicable,2025-11-29,1695.67,69.97
CLM003247,BILL004334,PAT04334,FAC004,DEP001,ICICI Lombard,2025-03-15,982.42,Paid,Not Applicable,2025-04-06,939.97,42.45
CLM003251,BILL004339,PAT08991,FAC002,DEP001,Star Health,2025-08-29,1347.94,Paid,Not Applicable,2025-09-11,1258.02,89.92
CLM003252,BILL004340,PAT07624,FAC001,DEP002,Niva Bupa,2025-07-09,894.14,Approved,Not Applicable,2025-08-01,856.89,37.25
CLM003260,BILL004348,PAT05872,FAC002,DEP001,Star Health,2025-05-07,1228.63,Pending,Not Applicable,2025-05-31,0.0,1228.63
CLM003273,BILL004365,PAT00182,FAC004,DEP002,Star Health,2025-07-14,1099.0,Under Review,Not Applicable,2025-07-28,0.0,1099.0
CLM003276,BILL004368,PAT01484,FAC005,DEP008,Niva Bupa,2025-06-01,600.41,Approved,Not Applicable,2025-06-28,560.13,40.28
CLM003288,BILL004385,PAT09734,FAC002,DEP002,HDFC ERGO,2025-05-30,1400.96,Paid,Not Applicable,2025-06-21,1302.29,98.67
CLM003291,BILL004389,PAT08100,FAC005,DEP008,Care Health,2025-09-19,2141.23,Pending,Not Applicable,2025-10-07,0.0,2141.23
CLM003295,BILL004393,PAT08608,FAC003,DEP001,Star Health,2025-05-19,1248.67,Paid,Not Applicable,2025-06-06,1167.77,80.9
CLM003301,BILL004400,PAT01509,FAC005,DEP005,HDFC ERGO,2025-03-30,517.3,Pending,Not Applicable,2025-05-09,0.0,517.3
CLM003313,BILL004414,PAT08780,FAC003,DEP005,Star Health,2025-01-27,719.57,Pending,Not Applicable,2025-02-18,0.0,719.57
CLM003316,BILL004420,PAT02520,FAC005,DEP008,Star Health,2025-07-20,1868.57,Approved,Not Applicable,2025-08-19,1738.94,129.63
CLM003321,BILL004427,PAT09647,FAC004,DEP002,Star Health,2025-10-09,520.98,Pending,Not Applicable,2025-11-09,0.0,520.98
CLM003324,BILL004432,PAT07783,FAC005,DEP006,HDFC ERGO,2025-08-24,980.1,Paid,Not Applicable,2025-09-01,971.01,9.09
CLM003332,BILL004443,PAT08086,FAC002,DEP007,HDFC ERGO,2025-06-12,758.9,Under Review,Not Applicable,2025-07-12,0.0,758.9
CLM003335,BILL004448,PAT03252,FAC001,DEP005,Care Health,2025-01-03,682.68,Approved,Not Applicable,2025-01-30,599.65,83.03
CLM003337,BILL004450,PAT01922,FAC003,DEP001,HDFC ERGO,2025-10-22,1438.98,Paid,Not Applicable,2025-10-28,1347.57,91.41
CLM003341,BILL004455,PAT09238,FAC005,DEP005,Niva Bupa,2025-03-04,525.28,Pending,Not Applicable,2025-03-15,0.0,525.28
CLM003347,BILL004465,PAT05196,FAC004,DEP007,Star Health,2025-09-23,765.2,Paid,Not Applicable,2025-10-11,717.73,47.47
CLM003352,BILL004470,PAT06959,FAC004,DEP001,ICICI Lombard,2025-06-15,1576.21,Paid,Not Applicable,2025-06-30,1512.91,63.3
CLM003365,BILL004487,PAT00654,FAC004,DEP002,ICICI Lombard,2025-09-26,1116.98,Denied,Policy Exclusion,2025-10-03,0.0,1116.98
CLM003366,BILL004488,PAT08145,FAC002,DEP006,HDFC ERGO,2025-08-06,672.01,Approved,Not Applicable,2025-08-12,651.43,20.58
CLM003368,BILL004490,PAT09388,FAC002,DEP005,Star Health,2025-01-22,361.93,Denied,Missing Documentation,2025-01-27,0.0,361.93
CLM003369,BILL004494,PAT08197,FAC005,DEP003,Care Health,2025-03-28,763.62,Under Review,Not Applicable,2025-04-21,0.0,763.62
CLM003370,BILL004495,PAT06178,FAC001,DEP005,HDFC ERGO,2025-09-12,561.48,Denied,Eligibility Issue,2025-09-26,0.0,561.48
CLM003371,BILL004496,PAT07653,FAC002,DEP001,HDFC ERGO,2025-03-21,1363.22,Denied,Authorization Missing,2025-04-02,0.0,1363.22
CLM003376,BILL004504,PAT05307,FAC002,DEP001,HDFC ERGO,2025-07-14,1643.54,Approved,Not Applicable,2025-07-27,1635.21,8.33
CLM003378,BILL004506,PAT00189,FAC001,DEP002,HDFC ERGO,2025-03-22,1119.74,Under Review,Not Applicable,2025-04-10,0.0,1119.74
CLM003380,BILL004508,PAT00249,FAC002,DEP007,Star Health,2025-02-06,729.54,Pending,Not Applicable,2025-02-27,0.0,729.54
CLM003390,BILL004519,PAT00818,FAC005,DEP005,HDFC ERGO,2025-07-29,647.67,Paid,Not Applicable,2025-08-04,626.82,20.85
CLM003397,BILL004526,PAT03571,FAC001,DEP004,Niva Bupa,2025-07-10,786.42,Approved,Not Applicable,2025-08-06,688.04,98.38
CLM003398,BILL004527,PAT06791,FAC001,DEP008,Niva Bupa,2025-09-04,1089.88,Pending,Not Applicable,2025-10-15,0.0,1089.88
CLM003403,BILL004536,PAT00658,FAC002,DEP005,Star Health,2025-10-26,473.42,Pending,Not Applicable,2025-12-06,0.0,473.42
CLM003405,BILL004538,PAT04192,FAC004,DEP002,Star Health,2025-04-18,438.48,Under Review,Not Applicable,2025-05-16,0.0,438.48
CLM003413,BILL004547,PAT03976,FAC005,DEP007,HDFC ERGO,2025-02-27,594.83,Denied,Policy Exclusion,2025-03-14,0.0,594.83
CLM003414,BILL004548,PAT07206,FAC001,DEP005,HDFC ERGO,2025-03-25,512.91,Denied,Eligibility Issue,2025-03-31,0.0,512.91
CLM003417,BILL004551,PAT02958,FAC005,DEP001,Star Health,2025-07-23,842.72,Under Review,Not Applicable,2025-08-23,0.0,842.72
CLM003419,BILL004553,PAT05693,FAC004,DEP005,Star Health,2025-10-23,574.54,Paid,Not Applicable,2025-11-13,548.32,26.22
CLM003421,BILL004555,PAT07638,FAC004,DEP001,HDFC ERGO,2025-06-14,1064.58,Paid,Not Applicable,2025-06-24,1044.24,20.34
CLM003423,BILL004557,PAT05220,FAC001,DEP003,HDFC ERGO,2025-05-23,747.78,Pending,Not Applicable,2025-06-11,0.0,747.78
CLM003429,BILL004566,PAT09474,FAC002,DEP005,ICICI Lombard,2025-08-02,590.44,Approved,Not Applicable,2025-08-15,579.19,11.25
CLM003431,BILL004569,PAT09614,FAC004,DEP001,HDFC ERGO,2025-05-13,1212.76,Approved,Not Applicable,2025-06-03,1067.06,145.7
CLM003434,BILL004572,PAT02299,FAC002,DEP001,Care Health,2025-03-26,1337.33,Pending,Not Applicable,2025-04-28,0.0,1337.33
CLM003435,BILL004573,PAT06809,FAC005,DEP003,Care Health,2025-12-08,733.07,Denied,Authorization Missing,2025-12-20,0.0,733.07
CLM003436,BILL004574,PAT08325,FAC004,DEP001,Care Health,2025-08-28,1298.28,Paid,Not Applicable,2025-09-06,1201.96,96.32
CLM003444,BILL004584,PAT03252,FAC005,DEP001,Star Health,2025-06-04,907.88,Approved,Not Applicable,2025-06-23,877.43,30.45
CLM003448,BILL004589,PAT04986,FAC005,DEP007,Care Health,2025-03-01,321.88,Paid,Not Applicable,2025-03-21,309.29,12.59
CLM003453,BILL004594,PAT02532,FAC002,DEP001,ICICI Lombard,2025-01-26,1180.59,Under Review,Not Applicable,2025-02-14,0.0,1180.59
CLM003455,BILL004596,PAT09903,FAC001,DEP003,Star Health,2025-02-22,752.88,Under Review,Not Applicable,2025-03-22,0.0,752.88
CLM003457,BILL004599,PAT05423,FAC004,DEP001,HDFC ERGO,2025-06-12,1466.9,Approved,Not Applicable,2025-06-21,1317.28,149.62
CLM003460,BILL004602,PAT03078,FAC002,DEP001,Care Health,2025-11-07,1727.04,Paid,Not Applicable,2025-11-18,1643.96,83.08
CLM003464,BILL004606,PAT05921,FAC003,DEP001,HDFC ERGO,2025-04-25,1385.09,Approved,Not Applicable,2025-05-13,1181.08,204.01
CLM003466,BILL004608,PAT08841,FAC004,DEP006,Niva Bupa,2025-08-27,731.49,Approved,Not Applicable,2025-09-11,693.39,38.1
CLM003467,BILL004609,PAT02040,FAC004,DEP004,ICICI Lombard,2025-07-31,1304.11,Approved,Not Applicable,2025-08-27,1179.05,125.06
CLM003470,BILL004616,PAT02623,FAC005,DEP006,Star Health,2025-03-06,584.7,Under Review,Not Applicable,2025-03-27,0.0,584.7
CLM003474,BILL004624,PAT06126,FAC001,DEP002,Star Health,2025-12-17,1089.76,Pending,Not Applicable,2026-01-18,0.0,1089.76
CLM003478,BILL004631,PAT04680,FAC002,DEP001,Care Health,2025-09-13,1835.1,Pending,Not Applicable,2025-10-24,0.0,1835.1
CLM003481,BILL004634,PAT00519,FAC003,DEP001,Care Health,2025-05-31,746.32,Paid,Not Applicable,2025-06-24,699.6,46.72
CLM003483,BILL004639,PAT03753,FAC002,DEP007,Star Health,2025-03-15,416.16,Paid,Not Applicable,2025-04-02,415.62,0.54
CLM003488,BILL004647,PAT08048,FAC005,DEP003,ICICI Lombard,2025-08-04,845.02,Approved,Not Applicable,2025-08-16,796.73,48.29
CLM003495,BILL004656,PAT07360,FAC001,DEP002,ICICI Lombard,2025-05-30,1027.44,Under Review,Not Applicable,2025-07-10,0.0,1027.44
CLM003499,BILL004663,PAT01176,FAC004,DEP002,Care Health,2025-01-16,1398.83,Approved,Not Applicable,2025-01-27,1332.27,66.56
CLM003504,BILL004669,PAT02615,FAC002,DEP002,ICICI Lombard,2025-04-07,655.64,Under Review,Not Applicable,2025-05-10,0.0,655.64
CLM003509,BILL004674,PAT09956,FAC003,DEP001,Care Health,2025-09-03,1175.07,Under Review,Not Applicable,2025-10-16,0.0,1175.07
CLM003512,BILL004678,PAT00103,FAC002,DEP005,HDFC ERGO,2025-06-01,507.58,Pending,Not Applicable,2025-07-02,0.0,507.58
CLM003521,BILL004690,PAT02456,FAC002,DEP007,Niva Bupa,2025-07-14,658.94,Paid,Not Applicable,2025-07-28,631.66,27.28
CLM003523,BILL004692,PAT07202,FAC004,DEP006,Star Health,2025-06-13,983.53,Approved,Not Applicable,2025-07-03,849.92,133.61
CLM003529,BILL004699,PAT08086,FAC004,DEP005,ICICI Lombard,2025-09-10,533.26,Pending,Not Applicable,2025-10-22,0.0,533.26
CLM003541,BILL004714,PAT03335,FAC001,DEP008,ICICI Lombard,2025-11-26,1378.46,Approved,Not Applicable,2025-12-01,1250.41,128.05
CLM003553,BILL004732,PAT01023,FAC004,DEP004,Care Health,2025-01-09,1273.07,Paid,Not Applicable,2025-01-29,1205.78,67.29
CLM003557,BILL004738,PAT01535,FAC001,DEP001,HDFC ERGO,2025-07-08,1492.84,Approved,Not Applicable,2025-07-20,1304.42,188.42
CLM003560,BILL004742,PAT09913,FAC003,DEP003,HDFC ERGO,2025-08-21,596.39,Under Review,Not Applicable,2025-09-27,0.0,596.39
CLM003563,BILL004749,PAT00745,FAC001,DEP003,Care Health,2025-12-18,469.03,Paid,Not Applicable,2025-12-25,449.27,19.76
CLM003565,BILL004751,PAT06097,FAC004,DEP001,Niva Bupa,2025-12-18,1579.21,Pending,Not Applicable,2026-01-05,0.0,1579.21
CLM003569,BILL004755,PAT08958,FAC005,DEP001,ICICI Lombard,2025-09-14,1508.14,Paid,Not Applicable,2025-10-13,1400.83,107.31
CLM003571,BILL004757,PAT02026,FAC001,DEP003,Star Health,2025-08-20,695.71,Pending,Not Applicable,2025-09-02,0.0,695.71
CLM003575,BILL004761,PAT08787,FAC001,DEP008,HDFC ERGO,2025-10-01,1142.49,Paid,Not Applicable,2025-10-24,1063.8,78.69
CLM003577,BILL004764,PAT08014,FAC003,DEP005,HDFC ERGO,2025-07-24,294.56,Denied,Eligibility Issue,2025-08-02,0.0,294.56
CLM003581,BILL004770,PAT04780,FAC004,DEP005,Care Health,2025-08-21,621.87,Approved,Not Applicable,2025-08-29,545.06,76.81
CLM003582,BILL004771,PAT07370,FAC001,DEP001,Care Health,2025-05-10,697.03,Paid,Not Applicable,2025-05-25,680.53,16.5
CLM003594,BILL004786,PAT07093,FAC001,DEP005,HDFC ERGO,2025-10-24,498.26,Paid,Not Applicable,2025-11-20,471.19,27.07
CLM003599,BILL004793,PAT09195,FAC002,DEP002,Star Health,2025-06-09,945.84,Paid,Not Applicable,2025-07-03,924.11,21.73
CLM003600,BILL004794,PAT09555,FAC002,DEP005,Care Health,2025-12-19,299.73,Paid,Not Applicable,2026-01-10,293.57,6.16
CLM003609,BILL004806,PAT06349,FAC005,DEP001,HDFC ERGO,2025-10-31,1130.38,Pending,Not Applicable,2025-12-14,0.0,1130.38
CLM003614,BILL004814,PAT06336,FAC004,DEP006,ICICI Lombard,2025-03-26,864.78,Approved,Not Applicable,2025-04-24,861.07,3.71
CLM003618,BILL004820,PAT00051,FAC001,DEP008,Star Health,2025-01-04,1269.45,Under Review,Not Applicable,2025-02-09,0.0,1269.45
CLM003626,BILL004829,PAT05184,FAC001,DEP004,Star Health,2025-12-16,684.46,Approved,Not Applicable,2025-12-29,680.64,3.82
CLM003631,BILL004835,PAT00102,FAC002,DEP001,HDFC ERGO,2025-06-26,897.84,Under Review,Not Applicable,2025-07-11,0.0,897.84
CLM003635,BILL004840,PAT04897,FAC005,DEP005,Care Health,2025-03-21,505.85,Approved,Not Applicable,2025-04-14,432.78,73.07
CLM003638,BILL004846,PAT02110,FAC005,DEP003,Star Health,2025-02-21,595.26,Pending,Not Applicable,2025-03-11,0.0,595.26
CLM003643,BILL004852,PAT07992,FAC004,DEP006,ICICI Lombard,2025-10-02,610.98,Paid,Not Applicable,2025-10-29,603.06,7.92
CLM003646,BILL004856,PAT06811,FAC004,DEP006,Star Health,2025-05-01,947.81,Paid,Not Applicable,2025-05-29,931.67,16.14
CLM003650,BILL004860,PAT09323,FAC004,DEP004,Care Health,2025-02-09,974.58,Paid,Not Applicable,2025-02-27,941.98,32.6
CLM003653,BILL004864,PAT03547,FAC003,DEP003,Niva Bupa,2025-08-26,1007.79,Paid,Not Applicable,2025-09-02,1006.77,1.02
CLM003654,BILL004866,PAT08628,FAC001,DEP005,Niva Bupa,2025-05-03,306.0,Paid,Not Applicable,2025-05-31,303.3,2.7
CLM003658,BILL004871,PAT08604,FAC005,DEP008,Star Health,2025-09-20,1035.76,Pending,Not Applicable,2025-10-12,0.0,1035.76
CLM003660,BILL004873,PAT04966,FAC003,DEP003,Care Health,2025-12-21,660.46,Approved,Not Applicable,2026-01-16,650.79,9.67
CLM003676,BILL004898,PAT09369,FAC004,DEP004,Star Health,2025-07-09,723.5,Approved,Not Applicable,2025-08-06,626.95,96.55
CLM003682,BILL004908,PAT00185,FAC005,DEP006,ICICI Lombard,2025-04-16,520.7,Approved,Not Applicable,2025-04-24,506.47,14.23
CLM003685,BILL004913,PAT02272,FAC003,DEP005,Care Health,2025-04-27,290.79,Pending,Not Applicable,2025-05-09,0.0,290.79
CLM003686,BILL004914,PAT05768,FAC005,DEP003,ICICI Lombard,2025-05-05,617.82,Pending,Not Applicable,2025-06-06,0.0,617.82
CLM003694,BILL004925,PAT03547,FAC004,DEP001,Star Health,2025-11-13,1439.28,Approved,Not Applicable,2025-11-20,1423.62,15.66
CLM003695,BILL004926,PAT06851,FAC005,DEP006,Star Health,2025-02-06,689.35,Pending,Not Applicable,2025-03-19,0.0,689.35
CLM003702,BILL004937,PAT07820,FAC004,DEP001,Star Health,2025-09-23,1267.44,Under Review,Not Applicable,2025-10-24,0.0,1267.44
CLM003708,BILL004945,PAT01596,FAC003,DEP005,HDFC ERGO,2025-12-10,505.19,Approved,Not Applicable,2026-01-09,440.46,64.73
CLM003710,BILL004947,PAT07043,FAC001,DEP002,ICICI Lombard,2025-07-07,1104.69,Approved,Not Applicable,2025-08-01,1063.25,41.44
CLM003715,BILL004952,PAT07002,FAC003,DEP007,ICICI Lombard,2025-07-20,559.01,Denied,Duplicate Claim,2025-07-29,0.0,559.01
CLM003725,BILL004967,PAT03435,FAC002,DEP002,ICICI Lombard,2025-07-21,738.03,Under Review,Not Applicable,2025-09-03,0.0,738.03
CLM003726,BILL004968,PAT03323,FAC002,DEP007,Care Health,2025-08-01,720.51,Paid,Not Applicable,2025-08-08,706.54,13.97
CLM003732,BILL004974,PAT03356,FAC005,DEP007,Niva Bupa,2025-10-24,785.92,Pending,Not Applicable,2025-11-05,0.0,785.92
CLM003737,BILL004981,PAT02883,FAC005,DEP003,Care Health,2025-07-16,424.08,Pending,Not Applicable,2025-08-26,0.0,424.08
CLM003743,BILL004987,PAT00425,FAC001,DEP002,Niva Bupa,2025-11-23,1072.26,Approved,Not Applicable,2025-12-02,980.94,91.32
CLM003744,BILL004990,PAT03298,FAC003,DEP005,Star Health,2025-12-01,310.66,Paid,Not Applicable,2025-12-27,298.98,11.68
CLM003751,BILL005005,PAT06071,FAC002,DEP001,HDFC ERGO,2025-03-10,990.14,Approved,Not Applicable,2025-03-30,889.94,100.2
CLM003761,BILL005020,PAT00795,FAC002,DEP006,ICICI Lombard,2025-11-15,447.73,Paid,Not Applicable,2025-11-21,423.69,24.04
CLM003767,BILL005026,PAT04316,FAC002,DEP001,Niva Bupa,2025-11-01,745.92,Paid,Not Applicable,2025-11-25,715.4,30.52
CLM003772,BILL005034,PAT03657,FAC003,DEP003,Star Health,2025-02-04,408.41,Pending,Not Applicable,2025-02-27,0.0,408.41
CLM003775,BILL005040,PAT01086,FAC003,DEP005,Star Health,2025-12-10,341.78,Approved,Not Applicable,2026-01-05,307.59,34.19
CLM003776,BILL005041,PAT05235,FAC002,DEP001,Star Health,2025-09-04,1107.25,Approved,Not Applicable,2025-09-22,1072.82,34.43
CLM003779,BILL005044,PAT02609,FAC002,DEP002,ICICI Lombard,2025-12-19,1112.62,Paid,Not Applicable,2026-01-02,1025.12,87.5
CLM003786,BILL005055,PAT03858,FAC004,DEP005,Care Health,2025-03-08,546.9,Paid,Not Applicable,2025-03-19,522.47,24.43
CLM003795,BILL005067,PAT02910,FAC001,DEP008,Care Health,2025-02-25,1596.69,Paid,Not Applicable,2025-03-25,1469.77,126.92
CLM003801,BILL005075,PAT09188,FAC001,DEP005,Niva Bupa,2025-02-23,331.91,Approved,Not Applicable,2025-03-08,288.56,43.35
CLM003813,BILL005092,PAT02627,FAC005,DEP001,ICICI Lombard,2025-07-06,1147.14,Paid,Not Applicable,2025-07-17,1103.45,43.69
CLM003815,BILL005095,PAT08150,FAC004,DEP001,HDFC ERGO,2025-07-19,708.1,Approved,Not Applicable,2025-08-08,654.94,53.16
CLM003821,BILL005102,PAT07309,FAC002,DEP002,Star Health,2025-07-15,864.79,Paid,Not Applicable,2025-07-25,811.28,53.51
CLM003823,BILL005105,PAT08169,FAC002,DEP002,Care Health,2025-03-21,605.55,Pending,Not Applicable,2025-04-24,0.0,605.55
CLM003824,BILL005107,PAT06046,FAC003,DEP005,Star Health,2025-07-30,487.54,Pending,Not Applicable,2025-08-22,0.0,487.54
CLM003831,BILL005117,PAT09515,FAC004,DEP002,Star Health,2025-11-04,949.23,Paid,Not Applicable,2025-11-10,880.35,68.88
CLM003838,BILL005127,PAT08381,FAC005,DEP001,Care Health,2025-05-08,1512.49,Paid,Not Applicable,2025-05-28,1418.08,94.41
CLM003840,BILL005129,PAT00274,FAC004,DEP006,Star Health,2025-03-08,1055.4,Denied,Authorization Missing,2025-03-13,0.0,1055.4
CLM003846,BILL005139,PAT01040,FAC002,DEP007,ICICI Lombard,2025-05-20,779.72,Paid,Not Applicable,2025-06-04,720.16,59.56
CLM003850,BILL005145,PAT08684,FAC002,DEP007,Care Health,2025-08-17,580.71,Paid,Not Applicable,2025-08-23,564.48,16.23
CLM003861,BILL005160,PAT04088,FAC002,DEP001,Star Health,2025-08-21,1377.85,Pending,Not Applicable,2025-09-25,0.0,1377.85
CLM003870,BILL005172,PAT08695,FAC002,DEP005,Niva Bupa,2025-07-13,512.86,Approved,Not Applicable,2025-07-28,444.16,68.7
CLM003873,BILL005175,PAT08626,FAC002,DEP002,Star Health,2025-10-02,1203.17,Under Review,Not Applicable,2025-10-13,0.0,1203.17
CLM003874,BILL005179,PAT03847,FAC002,DEP001,Niva Bupa,2025-06-01,1219.97,Pending,Not Applicable,2025-07-13,0.0,1219.97
CLM003880,BILL005188,PAT09058,FAC003,DEP007,HDFC ERGO,2025-10-30,368.52,Paid,Not Applicable,2025-11-28,343.14,25.38
CLM003888,BILL005198,PAT06825,FAC003,DEP003,Star Health,2025-05-19,539.1,Pending,Not Applicable,2025-06-16,0.0,539.1
CLM003891,BILL005202,PAT03480,FAC003,DEP001,Niva Bupa,2025-11-18,526.29,Paid,Not Applicable,2025-12-13,518.51,7.78
CLM003896,BILL005209,PAT00009,FAC003,DEP001,HDFC ERGO,2025-01-04,970.32,Paid,Not Applicable,2025-01-23,898.53,71.79
CLM003897,BILL005210,PAT05569,FAC001,DEP001,Star Health,2025-08-02,1705.82,Denied,Authorization Missing,2025-08-15,0.0,1705.82
CLM003899,BILL005213,PAT03955,FAC005,DEP001,Care Health,2025-10-07,1726.04,Under Review,Not Applicable,2025-10-28,0.0,1726.04
CLM003906,BILL005223,PAT07530,FAC003,DEP007,Niva Bupa,2025-10-10,837.54,Paid,Not Applicable,2025-11-07,800.01,37.53
CLM003909,BILL005228,PAT02391,FAC003,DEP005,Star Health,2025-06-07,391.79,Paid,Not Applicable,2025-07-04,379.73,12.06
CLM003910,BILL005229,PAT01455,FAC004,DEP002,HDFC ERGO,2025-03-15,808.78,Paid,Not Applicable,2025-04-09,806.38,2.4
CLM003914,BILL005237,PAT00901,FAC001,DEP001,ICICI Lombard,2025-02-04,1428.62,Paid,Not Applicable,2025-02-13,1428.21,0.41
CLM003915,BILL005238,PAT07502,FAC004,DEP007,Care Health,2025-04-17,399.8,Approved,Not Applicable,2025-05-13,363.28,36.52
CLM003921,BILL005248,PAT00316,FAC005,DEP001,ICICI Lombard,2025-11-15,970.34,Approved,Not Applicable,2025-12-15,877.49,92.85
CLM003926,BILL005256,PAT04818,FAC003,DEP001,Care Health,2025-03-20,1351.45,Paid,Not Applicable,2025-04-13,1349.18,2.27
CLM003928,BILL005259,PAT02100,FAC005,DEP003,HDFC ERGO,2025-08-09,705.02,Approved,Not Applicable,2025-09-02,675.92,29.1
CLM003930,BILL005261,PAT00837,FAC003,DEP005,Care Health,2025-01-03,363.02,Paid,Not Applicable,2025-01-20,361.5,1.52
CLM003936,BILL005270,PAT04339,FAC005,DEP005,Star Health,2025-06-21,335.06,Paid,Not Applicable,2025-07-13,323.08,11.98
CLM003939,BILL005274,PAT04402,FAC002,DEP002,Niva Bupa,2025-04-09,787.57,Under Review,Not Applicable,2025-05-14,0.0,787.57
CLM003940,BILL005275,PAT09489,FAC003,DEP008,Star Health,2025-09-22,1179.82,Pending,Not Applicable,2025-10-27,0.0,1179.82
CLM003945,BILL005280,PAT03692,FAC005,DEP008,Star Health,2025-05-07,2555.15,Approved,Not Applicable,2025-06-04,2548.79,6.36
CLM003950,BILL005287,PAT00736,FAC005,DEP006,ICICI Lombard,2025-01-12,889.15,Paid,Not Applicable,2025-02-06,857.22,31.93
CLM003952,BILL005289,PAT04873,FAC001,DEP001,Star Health,2025-10-02,1435.68,Pending,Not Applicable,2025-11-02,0.0,1435.68
CLM003953,BILL005290,PAT01731,FAC005,DEP001,Care Health,2025-03-02,1718.21,Paid,Not Applicable,2025-03-16,1620.03,98.18
CLM003958,BILL005295,PAT07771,FAC003,DEP001,Star Health,2025-05-30,1136.67,Paid,Not Applicable,2025-06-19,1132.03,4.64
CLM003970,BILL005308,PAT02320,FAC005,DEP003,Star Health,2025-12-10,382.12,Approved,Not Applicable,2025-12-23,368.1,14.02
CLM003971,BILL005309,PAT00834,FAC003,DEP007,Care Health,2025-09-14,448.99,Under Review,Not Applicable,2025-10-05,0.0,448.99
CLM003980,BILL005320,PAT04305,FAC004,DEP007,Care Health,2025-06-29,516.62,Paid,Not Applicable,2025-07-19,507.17,9.45
CLM003984,BILL005326,PAT05014,FAC002,DEP005,Niva Bupa,2025-06-11,444.86,Paid,Not Applicable,2025-07-10,414.27,30.59
CLM003987,BILL005329,PAT03112,FAC003,DEP008,HDFC ERGO,2025-02-16,1650.32,Under Review,Not Applicable,2025-03-02,0.0,1650.32
CLM003989,BILL005332,PAT00042,FAC004,DEP007,Care Health,2025-06-05,538.33,Paid,Not Applicable,2025-06-24,504.76,33.57
CLM004003,BILL005352,PAT00103,FAC001,DEP001,HDFC ERGO,2025-07-03,680.86,Pending,Not Applicable,2025-08-06,0.0,680.86
CLM004004,BILL005353,PAT03315,FAC005,DEP001,Star Health,2025-06-30,1401.71,Under Review,Not Applicable,2025-07-20,0.0,1401.71
CLM004025,BILL005377,PAT05465,FAC001,DEP003,Star Health,2025-12-22,403.05,Approved,Not Applicable,2026-01-07,359.76,43.29
CLM004026,BILL005378,PAT01594,FAC002,DEP001,Care Health,2025-10-28,1861.59,Approved,Not Applicable,2025-11-08,1785.26,76.33
CLM004028,BILL005380,PAT07370,FAC002,DEP005,HDFC ERGO,2025-09-07,341.95,Paid,Not Applicable,2025-09-30,330.83,11.12
CLM004031,BILL005383,PAT04890,FAC002,DEP005,Star Health,2025-09-19,401.33,Pending,Not Applicable,2025-10-28,0.0,401.33
CLM004040,BILL005396,PAT08727,FAC003,DEP003,ICICI Lombard,2025-02-19,756.24,Pending,Not Applicable,2025-04-02,0.0,756.24
CLM004045,BILL005405,PAT00674,FAC003,DEP008,Niva Bupa,2025-01-29,964.46,Paid,Not Applicable,2025-02-27,946.09,18.37
CLM004047,BILL005408,PAT02996,FAC002,DEP005,Niva Bupa,2025-06-07,565.94,Approved,Not Applicable,2025-06-25,508.59,57.35
CLM004048,BILL005409,PAT00015,FAC003,DEP007,Niva Bupa,2025-06-09,603.87,Pending,Not Applicable,2025-07-11,0.0,603.87
CLM004052,BILL005418,PAT01271,FAC004,DEP004,Care Health,2025-02-09,1554.36,Denied,Coding Error,2025-02-27,0.0,1554.36
CLM004058,BILL005431,PAT09717,FAC001,DEP002,Niva Bupa,2025-04-28,661.63,Approved,Not Applicable,2025-05-21,642.37,19.26
CLM004072,BILL005451,PAT09220,FAC003,DEP005,Star Health,2025-06-08,529.62,Paid,Not Applicable,2025-07-07,521.64,7.98
CLM004076,BILL005455,PAT02345,FAC003,DEP005,HDFC ERGO,2025-03-01,506.45,Paid,Not Applicable,2025-03-07,494.57,11.88
CLM004077,BILL005456,PAT04342,FAC005,DEP001,Star Health,2025-11-01,1235.0,Paid,Not Applicable,2025-11-22,1231.99,3.01
CLM004082,BILL005462,PAT01027,FAC001,DEP005,ICICI Lombard,2025-02-10,480.93,Pending,Not Applicable,2025-03-13,0.0,480.93
CLM004097,BILL005480,PAT02443,FAC002,DEP002,HDFC ERGO,2025-02-09,572.46,Approved,Not Applicable,2025-02-17,558.61,13.85
CLM004099,BILL005483,PAT07387,FAC003,DEP003,ICICI Lombard,2025-04-02,821.7,Paid,Not Applicable,2025-04-23,807.11,14.59
CLM004102,BILL005490,PAT05815,FAC002,DEP006,Star Health,2025-02-27,537.29,Paid,Not Applicable,2025-03-11,496.59,40.7
CLM004103,BILL005491,PAT03380,FAC002,DEP005,Care Health,2025-08-10,602.56,Paid,Not Applicable,2025-08-16,567.26,35.3
CLM004113,BILL005506,PAT00426,FAC004,DEP002,Care Health,2025-03-26,1077.93,Paid,Not Applicable,2025-04-17,1049.76,28.17
CLM004128,BILL005527,PAT03617,FAC005,DEP003,Niva Bupa,2025-10-22,744.42,Denied,Authorization Missing,2025-11-03,0.0,744.42
CLM004129,BILL005528,PAT06312,FAC001,DEP002,HDFC ERGO,2025-06-29,697.48,Denied,Coding Error,2025-07-20,0.0,697.48
CLM004142,BILL005548,PAT03616,FAC004,DEP005,Care Health,2025-01-03,553.1,Approved,Not Applicable,2025-01-30,488.34,64.76
CLM004156,BILL005562,PAT06424,FAC005,DEP007,Star Health,2025-07-08,601.46,Pending,Not Applicable,2025-07-24,0.0,601.46
CLM004160,BILL005568,PAT05479,FAC002,DEP002,Star Health,2025-02-14,838.87,Under Review,Not Applicable,2025-03-19,0.0,838.87
CLM004161,BILL005569,PAT03211,FAC004,DEP002,Star Health,2025-03-12,690.36,Under Review,Not Applicable,2025-04-18,0.0,690.36
CLM004163,BILL005571,PAT05043,FAC002,DEP002,ICICI Lombard,2025-01-25,920.45,Denied,Policy Exclusion,2025-02-15,0.0,920.45
CLM004164,BILL005572,PAT07682,FAC002,DEP002,ICICI Lombard,2025-07-20,1258.94,Approved,Not Applicable,2025-08-16,1209.92,49.02
CLM004180,BILL005594,PAT06267,FAC004,DEP006,Star Health,2025-05-03,869.5,Approved,Not Applicable,2025-05-31,776.7,92.8
CLM004183,BILL005598,PAT08726,FAC002,DEP007,Care Health,2025-10-07,695.57,Paid,Not Applicable,2025-10-27,690.52,5.05
CLM004193,BILL005616,PAT05793,FAC002,DEP007,ICICI Lombard,2025-02-18,478.25,Under Review,Not Applicable,2025-03-01,0.0,478.25
CLM004199,BILL005627,PAT05997,FAC003,DEP007,Niva Bupa,2025-09-21,684.06,Approved,Not Applicable,2025-10-16,661.25,22.81
CLM004211,BILL005641,PAT07349,FAC005,DEP001,HDFC ERGO,2025-06-26,1055.33,Denied,Eligibility Issue,2025-07-13,0.0,1055.33
CLM004226,BILL005658,PAT03888,FAC003,DEP003,ICICI Lombard,2025-04-26,819.34,Under Review,Not Applicable,2025-05-17,0.0,819.34
CLM004238,BILL005673,PAT00069,FAC003,DEP003,HDFC ERGO,2025-03-01,506.26,Paid,Not Applicable,2025-03-13,479.55,26.71
CLM004246,BILL005682,PAT09314,FAC002,DEP002,ICICI Lombard,2025-09-17,539.44,Pending,Not Applicable,2025-10-25,0.0,539.44
CLM004248,BILL005684,PAT07334,FAC005,DEP003,ICICI Lombard,2025-04-14,416.59,Paid,Not Applicable,2025-04-22,397.83,18.76
CLM004251,BILL005688,PAT06731,FAC002,DEP001,Niva Bupa,2025-11-16,1158.87,Denied,Coding Error,2025-12-06,0.0,1158.87
CLM004262,BILL005706,PAT02454,FAC001,DEP005,Care Health,2025-02-18,452.35,Approved,Not Applicable,2025-02-25,391.11,61.24
CLM004263,BILL005707,PAT00089,FAC001,DEP005,Care Health,2025-07-03,536.15,Under Review,Not Applicable,2025-08-08,0.0,536.15
CLM004265,BILL005710,PAT07979,FAC005,DEP001,Star Health,2025-10-17,1018.56,Pending,Not Applicable,2025-11-24,0.0,1018.56
CLM004267,BILL005713,PAT08604,FAC003,DEP003,Star Health,2025-06-09,629.39,Approved,Not Applicable,2025-06-17,623.86,5.53
CLM004276,BILL005725,PAT02499,FAC003,DEP005,Star Health,2025-09-30,665.17,Denied,Coding Error,2025-10-09,0.0,665.17
CLM004282,BILL005734,PAT04985,FAC001,DEP001,Star Health,2025-07-08,884.23,Pending,Not Applicable,2025-08-10,0.0,884.23
CLM004284,BILL005737,PAT07502,FAC004,DEP006,ICICI Lombard,2025-10-06,637.72,Approved,Not Applicable,2025-10-26,555.66,82.06
CLM004294,BILL005749,PAT08962,FAC002,DEP005,ICICI Lombard,2025-11-05,326.4,Approved,Not Applicable,2025-11-29,318.94,7.46
CLM004297,BILL005755,PAT09614,FAC004,DEP004,Niva Bupa,2025-03-06,1245.14,Paid,Not Applicable,2025-03-11,1199.18,45.96
CLM004307,BILL005769,PAT09080,FAC002,DEP002,HDFC ERGO,2025-07-15,824.05,Paid,Not Applicable,2025-07-23,774.1,49.95
CLM004309,BILL005773,PAT05816,FAC004,DEP006,Star Health,2025-05-29,483.08,Pending,Not Applicable,2025-06-28,0.0,483.08
CLM004313,BILL005778,PAT07815,FAC005,DEP001,ICICI Lombard,2025-02-21,1441.9,Approved,Not Applicable,2025-03-11,1415.45,26.45
CLM004328,BILL005797,PAT02030,FAC005,DEP005,ICICI Lombard,2025-05-30,796.72,Under Review,Not Applicable,2025-07-05,0.0,796.72
CLM004332,BILL005803,PAT08488,FAC005,DEP003,Niva Bupa,2025-02-15,594.89,Approved,Not Applicable,2025-03-02,586.2,8.69
CLM004333,BILL005804,PAT00742,FAC004,DEP002,Niva Bupa,2025-10-04,1377.48,Paid,Not Applicable,2025-10-09,1330.8,46.68
CLM004335,BILL005806,PAT09902,FAC005,DEP006,ICICI Lombard,2025-09-22,1073.68,Approved,Not Applicable,2025-10-07,982.21,91.47
CLM004336,BILL005807,PAT04097,FAC004,DEP007,ICICI Lombard,2025-11-07,680.32,Pending,Not Applicable,2025-12-21,0.0,680.32
CLM004338,BILL005809,PAT06422,FAC002,DEP002,Care Health,2025-11-21,1032.26,Approved,Not Applicable,2025-12-09,967.63,64.63
CLM004339,BILL005810,PAT01685,FAC004,DEP001,Care Health,2025-05-10,1598.88,Paid,Not Applicable,2025-06-06,1574.83,24.05
CLM004342,BILL005813,PAT02880,FAC005,DEP001,Care Health,2025-10-19,1086.55,Pending,Not Applicable,2025-11-03,0.0,1086.55
CLM004346,BILL005818,PAT08120,FAC002,DEP007,ICICI Lombard,2025-10-23,399.88,Pending,Not Applicable,2025-12-04,0.0,399.88
CLM004350,BILL005823,PAT09431,FAC004,DEP005,Care Health,2025-04-17,503.43,Under Review,Not Applicable,2025-05-09,0.0,503.43
CLM004354,BILL005830,PAT08642,FAC004,DEP007,ICICI Lombard,2025-07-01,374.1,Paid,Not Applicable,2025-07-26,359.78,14.32
CLM004358,BILL005839,PAT03729,FAC001,DEP005,Niva Bupa,2025-03-22,548.81,Approved,Not Applicable,2025-04-17,493.62,55.19
CLM004364,BILL005847,PAT02134,FAC001,DEP001,ICICI Lombard,2025-08-19,1232.59,Pending,Not Applicable,2025-09-13,0.0,1232.59
CLM004366,BILL005851,PAT04076,FAC005,DEP001,Star Health,2025-03-11,852.38,Paid,Not Applicable,2025-03-25,824.43,27.95
CLM004371,BILL005859,PAT04992,FAC003,DEP003,HDFC ERGO,2025-06-10,597.79,Paid,Not Applicable,2025-06-28,574.55,23.24
CLM004378,BILL005869,PAT02100,FAC002,DEP006,Star Health,2025-01-16,805.31,Approved,Not Applicable,2025-01-23,783.57,21.74
CLM004381,BILL005873,PAT05031,FAC001,DEP001,Star Health,2025-02-23,718.8,Under Review,Not Applicable,2025-04-01,0.0,718.8
CLM004390,BILL005884,PAT05445,FAC005,DEP005,Star Health,2025-09-05,515.84,Paid,Not Applicable,2025-09-22,496.51,19.33
CLM004391,BILL005885,PAT09660,FAC004,DEP007,HDFC ERGO,2025-07-22,348.89,Paid,Not Applicable,2025-08-18,331.76,17.13
CLM004392,BILL005886,PAT04818,FAC003,DEP007,ICICI Lombard,2025-09-18,602.1,Paid,Not Applicable,2025-09-25,589.27,12.83
CLM004395,BILL005892,PAT08355,FAC005,DEP001,Niva Bupa,2025-03-08,693.54,Approved,Not Applicable,2025-03-29,593.4,100.14
CLM004401,BILL005899,PAT02068,FAC004,DEP002,ICICI Lombard,2025-05-18,1460.86,Paid,Not Applicable,2025-06-11,1424.38,36.48
CLM004411,BILL005911,PAT01057,FAC003,DEP003,Niva Bupa,2025-08-30,610.48,Approved,Not Applicable,2025-09-05,573.35,37.13
CLM004427,BILL005933,PAT03533,FAC005,DEP008,Niva Bupa,2025-01-14,1470.31,Under Review,Not Applicable,2025-02-15,0.0,1470.31
CLM004442,BILL005955,PAT04334,FAC004,DEP007,Care Health,2025-04-05,397.58,Pending,Not Applicable,2025-05-07,0.0,397.58
CLM004459,BILL005975,PAT03939,FAC001,DEP008,Star Health,2025-09-24,1407.72,Approved,Not Applicable,2025-09-30,1370.85,36.87
CLM004462,BILL005979,PAT01534,FAC003,DEP001,ICICI Lombard,2025-08-22,614.68,Pending,Not Applicable,2025-09-06,0.0,614.68
CLM004464,BILL005981,PAT00796,FAC004,DEP005,HDFC ERGO,2025-06-27,311.51,Approved,Not Applicable,2025-07-26,296.34,15.17
CLM004465,BILL005982,PAT05548,FAC001,DEP005,Star Health,2025-05-27,432.76,Approved,Not Applicable,2025-06-18,410.53,22.23
CLM004473,BILL005991,PAT02255,FAC004,DEP002,HDFC ERGO,2025-05-18,937.44,Denied,Duplicate Claim,2025-05-23,0.0,937.44
CLM004483,BILL006002,PAT00150,FAC001,DEP004,ICICI Lombard,2025-09-17,782.67,Under Review,Not Applicable,2025-10-21,0.0,782.67
CLM004486,BILL006005,PAT06685,FAC002,DEP007,ICICI Lombard,2025-03-30,724.82,Pending,Not Applicable,2025-04-12,0.0,724.82
CLM004490,BILL006009,PAT01596,FAC003,DEP007,Star Health,2025-10-21,722.96,Paid,Not Applicable,2025-11-10,677.32,45.64
CLM004500,BILL006021,PAT02944,FAC001,DEP002,HDFC ERGO,2025-10-01,1160.33,Under Review,Not Applicable,2025-10-29,0.0,1160.33
CLM004501,BILL006022,PAT03308,FAC002,DEP002,ICICI Lombard,2025-11-14,1141.62,Denied,Duplicate Claim,2025-11-20,0.0,1141.62
CLM004512,BILL006036,PAT06028,FAC002,DEP007,Care Health,2025-04-29,796.45,Paid,Not Applicable,2025-05-11,744.53,51.92
CLM004516,BILL006040,PAT00579,FAC003,DEP001,ICICI Lombard,2025-05-17,1156.67,Paid,Not Applicable,2025-06-08,1087.71,68.96
CLM004517,BILL006041,PAT09405,FAC002,DEP002,ICICI Lombard,2025-05-15,1482.05,Paid,Not Applicable,2025-05-29,1431.72,50.33
CLM004518,BILL006042,PAT07589,FAC003,DEP005,Niva Bupa,2025-05-18,484.37,Pending,Not Applicable,2025-06-17,0.0,484.37
CLM004523,BILL006047,PAT08564,FAC004,DEP001,Care Health,2025-08-03,1060.1,Paid,Not Applicable,2025-08-13,1048.85,11.25
CLM004526,BILL006050,PAT06188,FAC004,DEP006,HDFC ERGO,2025-09-10,495.7,Paid,Not Applicable,2025-09-29,488.62,7.08
CLM004532,BILL006059,PAT07822,FAC004,DEP006,HDFC ERGO,2025-09-30,709.9,Approved,Not Applicable,2025-10-19,649.73,60.17
CLM004540,BILL006071,PAT05401,FAC001,DEP001,Star Health,2025-03-30,1204.18,Under Review,Not Applicable,2025-04-10,0.0,1204.18
CLM004542,BILL006074,PAT03188,FAC005,DEP005,ICICI Lombard,2025-06-04,579.83,Paid,Not Applicable,2025-06-12,571.01,8.82
CLM004551,BILL006087,PAT07276,FAC002,DEP002,Care Health,2025-05-30,1083.28,Paid,Not Applicable,2025-06-05,1060.85,22.43
CLM004554,BILL006091,PAT07579,FAC002,DEP007,Star Health,2025-11-28,962.9,Pending,Not Applicable,2025-12-24,0.0,962.9
CLM004556,BILL006093,PAT08385,FAC004,DEP005,Star Health,2025-08-05,514.27,Approved,Not Applicable,2025-08-10,500.72,13.55
CLM004560,BILL006098,PAT06751,FAC004,DEP006,Care Health,2025-02-14,541.37,Paid,Not Applicable,2025-03-15,523.09,18.28
CLM004566,BILL006107,PAT00544,FAC004,DEP004,ICICI Lombard,2025-05-18,1428.24,Under Review,Not Applicable,2025-06-26,0.0,1428.24
CLM004571,BILL006113,PAT02151,FAC001,DEP003,Star Health,2025-07-29,628.25,Paid,Not Applicable,2025-08-20,589.06,39.19
CLM004572,BILL006114,PAT08780,FAC005,DEP005,HDFC ERGO,2025-07-14,503.9,Under Review,Not Applicable,2025-08-21,0.0,503.9
CLM004584,BILL006138,PAT06336,FAC003,DEP008,Niva Bupa,2025-05-06,1387.57,Approved,Not Applicable,2025-05-11,1228.68,158.89
CLM004593,BILL006152,PAT00219,FAC004,DEP006,HDFC ERGO,2025-02-14,343.7,Approved,Not Applicable,2025-03-10,342.98,0.72
CLM004594,BILL006153,PAT09605,FAC002,DEP005,ICICI Lombard,2025-02-06,584.71,Denied,Missing Documentation,2025-02-18,0.0,584.71
CLM004598,BILL006158,PAT09751,FAC005,DEP007,Star Health,2025-08-12,740.92,Denied,Missing Documentation,2025-08-29,0.0,740.92
CLM004603,BILL006163,PAT03234,FAC005,DEP003,Star Health,2025-07-20,831.96,Approved,Not Applicable,2025-08-19,729.35,102.61
CLM004604,BILL006164,PAT06693,FAC005,DEP008,Care Health,2025-11-12,1814.92,Pending,Not Applicable,2025-12-12,0.0,1814.92
CLM004608,BILL006169,PAT07043,FAC002,DEP006,Care Health,2025-10-08,586.58,Under Review,Not Applicable,2025-11-05,0.0,586.58
CLM004610,BILL006173,PAT09069,FAC005,DEP008,Star Health,2025-11-30,1814.02,Paid,Not Applicable,2025-12-30,1678.9,135.12
CLM004620,BILL006186,PAT08285,FAC003,DEP001,HDFC ERGO,2025-05-25,1696.79,Paid,Not Applicable,2025-06-11,1594.04,102.75
CLM004622,BILL006188,PAT06423,FAC003,DEP007,ICICI Lombard,2025-08-11,552.94,Paid,Not Applicable,2025-08-24,536.63,16.31
CLM004625,BILL006195,PAT06187,FAC003,DEP003,ICICI Lombard,2025-10-07,600.88,Approved,Not Applicable,2025-10-23,593.43,7.45
CLM004629,BILL006203,PAT08461,FAC002,DEP005,HDFC ERGO,2025-03-13,703.8,Pending,Not Applicable,2025-04-24,0.0,703.8
CLM004634,BILL006210,PAT04769,FAC004,DEP007,HDFC ERGO,2025-12-24,477.15,Paid,Not Applicable,2025-12-29,464.98,12.17
CLM004635,BILL006211,PAT01455,FAC005,DEP008,Care Health,2025-04-05,2119.3,Approved,Not Applicable,2025-05-01,2119.29,0.01
CLM004637,BILL006217,PAT06835,FAC004,DEP002,HDFC ERGO,2025-12-11,737.04,Denied,Policy Exclusion,2025-12-23,0.0,737.04
CLM004649,BILL006232,PAT08731,FAC003,DEP005,HDFC ERGO,2025-05-25,415.1,Pending,Not Applicable,2025-07-09,0.0,415.1
CLM004650,BILL006233,PAT02681,FAC001,DEP005,Niva Bupa,2025-09-06,432.29,Paid,Not Applicable,2025-09-21,405.49,26.8
CLM004652,BILL006235,PAT03426,FAC002,DEP001,ICICI Lombard,2025-03-19,1482.17,Denied,Policy Exclusion,2025-03-31,0.0,1482.17
CLM004656,BILL006242,PAT02334,FAC004,DEP007,HDFC ERGO,2025-10-10,489.18,Approved,Not Applicable,2025-11-01,447.73,41.45
CLM004664,BILL006252,PAT04462,FAC005,DEP007,Care Health,2025-10-02,576.06,Paid,Not Applicable,2025-10-26,573.4,2.66
CLM004679,BILL006267,PAT05804,FAC004,DEP002,Care Health,2025-12-13,1100.85,Approved,Not Applicable,2025-12-27,1054.94,45.91
CLM004683,BILL006271,PAT07218,FAC002,DEP001,Star Health,2025-01-02,1007.32,Approved,Not Applicable,2025-01-13,955.68,51.64
CLM004686,BILL006274,PAT00715,FAC001,DEP001,ICICI Lombard,2025-10-09,1318.46,Approved,Not Applicable,2025-10-15,1136.52,181.94
CLM004703,BILL006295,PAT02232,FAC005,DEP005,HDFC ERGO,2025-09-20,569.58,Denied,Eligibility Issue,2025-10-07,0.0,569.58
CLM004719,BILL006311,PAT09788,FAC005,DEP006,ICICI Lombard,2025-04-16,962.92,Pending,Not Applicable,2025-05-29,0.0,962.92
CLM004726,BILL006320,PAT04418,FAC004,DEP004,HDFC ERGO,2025-05-04,1249.94,Under Review,Not Applicable,2025-05-18,0.0,1249.94
CLM004736,BILL006330,PAT08736,FAC001,DEP005,Star Health,2025-07-01,474.25,Approved,Not Applicable,2025-07-22,418.62,55.63
CLM004737,BILL006332,PAT06271,FAC004,DEP001,Niva Bupa,2025-01-06,1669.11,Under Review,Not Applicable,2025-01-28,0.0,1669.11
CLM004738,BILL006333,PAT00120,FAC003,DEP003,Niva Bupa,2025-07-05,828.9,Pending,Not Applicable,2025-07-18,0.0,828.9
CLM004739,BILL006334,PAT08671,FAC005,DEP005,Star Health,2025-02-07,611.91,Approved,Not Applicable,2025-02-21,563.17,48.74
CLM004745,BILL006345,PAT03155,FAC002,DEP002,HDFC ERGO,2025-03-28,830.11,Pending,Not Applicable,2025-05-06,0.0,830.11
CLM004752,BILL006357,PAT08980,FAC004,DEP006,Care Health,2025-09-14,522.96,Paid,Not Applicable,2025-10-06,513.51,9.45
CLM004766,BILL006374,PAT06951,FAC004,DEP007,ICICI Lombard,2025-05-29,576.09,Approved,Not Applicable,2025-06-22,564.67,11.42
CLM004770,BILL006380,PAT09220,FAC005,DEP008,Care Health,2025-03-11,1611.77,Approved,Not Applicable,2025-03-27,1402.54,209.23
CLM004771,BILL006381,PAT03493,FAC003,DEP008,HDFC ERGO,2025-06-07,1776.99,Under Review,Not Applicable,2025-06-27,0.0,1776.99
CLM004772,BILL006382,PAT00136,FAC005,DEP006,ICICI Lombard,2025-10-12,536.67,Under Review,Not Applicable,2025-11-03,0.0,536.67
CLM004780,BILL006392,PAT06071,FAC004,DEP001,Star Health,2025-02-21,1100.53,Paid,Not Applicable,2025-03-01,1026.9,73.63
CLM004786,BILL006403,PAT07525,FAC005,DEP006,ICICI Lombard,2025-08-22,879.1,Paid,Not Applicable,2025-09-13,819.46,59.64
CLM004794,BILL006415,PAT05206,FAC002,DEP007,Star Health,2025-09-01,511.97,Pending,Not Applicable,2025-10-10,0.0,511.97
CLM004797,BILL006418,PAT08301,FAC004,DEP001,HDFC ERGO,2025-06-28,853.12,Denied,Eligibility Issue,2025-07-11,0.0,853.12
CLM004804,BILL006428,PAT01484,FAC001,DEP004,ICICI Lombard,2025-12-23,752.73,Approved,Not Applicable,2026-01-21,734.96,17.77
CLM004805,BILL006431,PAT04348,FAC005,DEP001,HDFC ERGO,2025-07-28,1560.7,Approved,Not Applicable,2025-08-20,1511.54,49.16
CLM004810,BILL006441,PAT04338,FAC003,DEP007,ICICI Lombard,2025-02-12,459.43,Denied,Missing Documentation,2025-02-28,0.0,459.43
CLM004821,BILL006455,PAT03551,FAC003,DEP005,Star Health,2025-06-04,286.36,Paid,Not Applicable,2025-07-04,264.66,21.7
CLM004823,BILL006457,PAT02502,FAC003,DEP001,Star Health,2025-06-18,814.31,Paid,Not Applicable,2025-07-18,782.85,31.46
CLM004824,BILL006459,PAT06071,FAC002,DEP007,ICICI Lombard,2025-06-02,660.28,Pending,Not Applicable,2025-06-15,0.0,660.28
CLM004825,BILL006460,PAT05401,FAC002,DEP002,ICICI Lombard,2025-07-15,955.26,Approved,Not Applicable,2025-07-25,850.48,104.78
CLM004826,BILL006461,PAT09452,FAC003,DEP001,Care Health,2025-01-25,1098.31,Under Review,Not Applicable,2025-02-09,0.0,1098.31
CLM004838,BILL006475,PAT05636,FAC004,DEP001,HDFC ERGO,2025-03-07,860.82,Denied,Policy Exclusion,2025-03-28,0.0,860.82
CLM004844,BILL006483,PAT04339,FAC004,DEP002,ICICI Lombard,2025-03-15,1309.37,Under Review,Not Applicable,2025-04-17,0.0,1309.37
CLM004847,BILL006486,PAT06821,FAC003,DEP001,Star Health,2025-10-30,974.6,Paid,Not Applicable,2025-11-07,903.88,70.72
CLM004853,BILL006495,PAT02615,FAC001,DEP002,Care Health,2025-10-17,815.76,Pending,Not Applicable,2025-11-13,0.0,815.76
CLM004854,BILL006498,PAT06492,FAC004,DEP006,Care Health,2025-09-13,624.98,Denied,Eligibility Issue,2025-09-17,0.0,624.98
CLM004857,BILL006501,PAT09382,FAC002,DEP001,Niva Bupa,2025-03-14,1251.03,Paid,Not Applicable,2025-03-26,1205.76,45.27
CLM004860,BILL006504,PAT06803,FAC002,DEP007,ICICI Lombard,2025-09-25,818.01,Denied,Missing Documentation,2025-10-07,0.0,818.01
CLM004865,BILL006511,PAT08006,FAC001,DEP008,Star Health,2025-09-27,1069.28,Approved,Not Applicable,2025-10-09,939.46,129.82
CLM004870,BILL006518,PAT00896,FAC001,DEP002,Niva Bupa,2025-07-12,1070.95,Approved,Not Applicable,2025-08-08,1038.36,32.59
CLM004890,BILL006543,PAT07913,FAC002,DEP006,ICICI Lombard,2025-02-10,699.62,Approved,Not Applicable,2025-02-26,610.84,88.78
CLM004894,BILL006550,PAT05362,FAC002,DEP001,Niva Bupa,2025-01-22,932.59,Paid,Not Applicable,2025-02-03,862.5,70.09
CLM004896,BILL006552,PAT05383,FAC005,DEP003,Star Health,2025-12-08,488.38,Approved,Not Applicable,2025-12-31,425.76,62.62
CLM004898,BILL006554,PAT05932,FAC005,DEP001,Star Health,2025-01-25,1600.93,Approved,Not Applicable,2025-02-04,1410.85,190.08
CLM004907,BILL006566,PAT00544,FAC002,DEP006,Star Health,2025-12-09,706.19,Pending,Not Applicable,2025-12-20,0.0,706.19
CLM004939,BILL006611,PAT04334,FAC005,DEP007,Star Health,2025-04-03,652.88,Pending,Not Applicable,2025-05-02,0.0,652.88
CLM004947,BILL006622,PAT00016,FAC002,DEP006,HDFC ERGO,2025-11-08,809.9,Paid,Not Applicable,2025-11-20,767.46,42.44
CLM004956,BILL006635,PAT07457,FAC003,DEP005,Care Health,2025-09-16,249.32,Paid,Not Applicable,2025-09-22,230.99,18.33
CLM004957,BILL006637,PAT00171,FAC004,DEP007,Star Health,2025-11-28,447.93,Paid,Not Applicable,2025-12-28,412.46,35.47
CLM004960,BILL006641,PAT06606,FAC003,DEP003,HDFC ERGO,2025-09-17,688.17,Approved,Not Applicable,2025-09-25,600.37,87.8
CLM004966,BILL006649,PAT03356,FAC005,DEP003,Niva Bupa,2025-01-14,764.35,Approved,Not Applicable,2025-01-25,714.6,49.75
CLM004970,BILL006654,PAT09101,FAC002,DEP002,ICICI Lombard,2025-11-04,631.67,Pending,Not Applicable,2025-11-17,0.0,631.67
CLM004972,BILL006656,PAT09839,FAC002,DEP001,Niva Bupa,2025-07-15,1320.96,Paid,Not Applicable,2025-08-01,1217.55,103.41
CLM004984,BILL006676,PAT08901,FAC005,DEP007,Niva Bupa,2025-10-05,466.54,Pending,Not Applicable,2025-11-16,0.0,466.54
CLM004986,BILL006679,PAT05221,FAC003,DEP001,Star Health,2025-08-21,657.15,Approved,Not Applicable,2025-09-11,585.53,71.62
CLM004991,BILL006685,PAT08696,FAC001,DEP002,Care Health,2025-06-09,1037.53,Paid,Not Applicable,2025-06-14,987.18,50.35
CLM005005,BILL006707,PAT06348,FAC001,DEP004,Care Health,2025-06-13,1154.84,Denied,Authorization Missing,2025-06-23,0.0,1154.84
CLM005011,BILL006713,PAT05145,FAC003,DEP008,HDFC ERGO,2025-07-24,1286.8,Pending,Not Applicable,2025-08-20,0.0,1286.8
CLM005013,BILL006715,PAT00102,FAC004,DEP002,HDFC ERGO,2025-12-23,1103.06,Pending,Not Applicable,2026-02-02,0.0,1103.06
CLM005017,BILL006720,PAT02523,FAC005,DEP001,Niva Bupa,2025-03-06,1230.98,Pending,Not Applicable,2025-04-18,0.0,1230.98
CLM005023,BILL006727,PAT07582,FAC004,DEP001,Care Health,2025-09-05,1278.48,Approved,Not Applicable,2025-09-28,1197.74,80.74
CLM005035,BILL006740,PAT06761,FAC005,DEP005,Niva Bupa,2025-06-02,478.03,Approved,Not Applicable,2025-06-14,406.33,71.7
CLM005038,BILL006746,PAT00312,FAC005,DEP007,Star Health,2025-10-13,552.72,Approved,Not Applicable,2025-10-30,479.97,72.75
CLM005039,BILL006747,PAT00169,FAC005,DEP001,Care Health,2025-01-30,1834.39,Approved,Not Applicable,2025-02-18,1584.86,249.53
CLM005040,BILL006748,PAT04013,FAC004,DEP004,ICICI Lombard,2025-07-07,1014.43,Paid,Not Applicable,2025-07-30,969.98,44.45
CLM005042,BILL006752,PAT07582,FAC002,DEP005,HDFC ERGO,2025-05-15,534.6,Approved,Not Applicable,2025-06-01,500.67,33.93
CLM005049,BILL006762,PAT04915,FAC001,DEP004,Star Health,2025-09-20,542.5,Pending,Not Applicable,2025-11-04,0.0,542.5
CLM005051,BILL006764,PAT01455,FAC003,DEP003,Niva Bupa,2025-05-27,767.37,Pending,Not Applicable,2025-06-18,0.0,767.37
CLM005052,BILL006765,PAT05475,FAC004,DEP006,ICICI Lombard,2025-10-03,681.39,Denied,Duplicate Claim,2025-10-19,0.0,681.39
CLM005070,BILL006784,PAT04862,FAC005,DEP003,Care Health,2025-07-27,721.5,Under Review,Not Applicable,2025-08-07,0.0,721.5
CLM005073,BILL006788,PAT06960,FAC002,DEP002,ICICI Lombard,2025-06-22,665.66,Paid,Not Applicable,2025-07-04,638.91,26.75
CLM005078,BILL006793,PAT05728,FAC004,DEP001,HDFC ERGO,2025-07-30,830.87,Denied,Eligibility Issue,2025-08-09,0.0,830.87
CLM005090,BILL006807,PAT09141,FAC003,DEP003,Care Health,2025-03-08,439.38,Approved,Not Applicable,2025-04-01,403.93,35.45
CLM005095,BILL006812,PAT01596,FAC001,DEP001,Star Health,2025-02-14,1032.78,Approved,Not Applicable,2025-02-19,938.1,94.68
CLM005100,BILL006817,PAT08137,FAC004,DEP001,Care Health,2025-06-01,1356.85,Pending,Not Applicable,2025-07-10,0.0,1356.85
CLM005105,BILL006824,PAT06662,FAC005,DEP008,Care Health,2025-05-22,1575.69,Paid,Not Applicable,2025-06-10,1518.83,56.86
CLM005113,BILL006835,PAT06598,FAC003,DEP001,ICICI Lombard,2025-04-03,1223.78,Paid,Not Applicable,2025-04-24,1218.71,5.07
CLM005117,BILL006840,PAT02118,FAC001,DEP005,Niva Bupa,2025-07-24,587.33,Under Review,Not Applicable,2025-08-29,0.0,587.33
CLM005118,BILL006841,PAT06487,FAC005,DEP003,Star Health,2025-01-21,662.9,Under Review,Not Applicable,2025-03-04,0.0,662.9
CLM005126,BILL006849,PAT00979,FAC004,DEP006,Niva Bupa,2025-04-18,756.58,Denied,Policy Exclusion,2025-05-06,0.0,756.58
CLM005128,BILL006851,PAT09981,FAC003,DEP008,ICICI Lombard,2025-07-11,2087.13,Approved,Not Applicable,2025-07-31,1877.69,209.44
CLM005129,BILL006852,PAT06689,FAC001,DEP003,HDFC ERGO,2025-03-11,631.03,Under Review,Not Applicable,2025-03-23,0.0,631.03
CLM005136,BILL006866,PAT06135,FAC004,DEP005,Star Health,2025-07-20,469.6,Pending,Not Applicable,2025-08-30,0.0,469.6
CLM005138,BILL006870,PAT00249,FAC004,DEP001,ICICI Lombard,2025-07-08,855.06,Denied,Coding Error,2025-07-12,0.0,855.06
CLM005139,BILL006871,PAT03014,FAC005,DEP006,HDFC ERGO,2025-01-07,486.13,Paid,Not Applicable,2025-01-25,449.41,36.72
CLM005143,BILL006875,PAT00112,FAC002,DEP002,HDFC ERGO,2025-11-23,474.88,Approved,Not Applicable,2025-12-09,422.38,52.5
CLM005150,BILL006883,PAT00567,FAC002,DEP005,HDFC ERGO,2025-06-10,553.14,Approved,Not Applicable,2025-07-09,477.88,75.26
CLM005155,BILL006892,PAT09566,FAC001,DEP004,Star Health,2025-05-14,1468.15,Approved,Not Applicable,2025-06-03,1300.73,167.42
CLM005163,BILL006900,PAT08169,FAC004,DEP002,Care Health,2025-09-07,1321.18,Paid,Not Applicable,2025-09-25,1293.5,27.68
CLM005173,BILL006912,PAT08628,FAC002,DEP001,Star Health,2025-06-28,1127.69,Paid,Not Applicable,2025-07-15,1052.04,75.65
CLM005181,BILL006922,PAT09954,FAC002,DEP005,Star Health,2025-07-13,590.77,Paid,Not Applicable,2025-08-10,565.02,25.75
CLM005184,BILL006925,PAT08169,FAC001,DEP008,Niva Bupa,2025-01-15,1340.93,Pending,Not Applicable,2025-02-26,0.0,1340.93
CLM005192,BILL006940,PAT07387,FAC005,DEP001,Care Health,2025-09-23,1352.5,Paid,Not Applicable,2025-10-17,1253.56,98.94
CLM005209,BILL006964,PAT05748,FAC004,DEP006,HDFC ERGO,2025-08-08,838.64,Approved,Not Applicable,2025-09-02,767.22,71.42
CLM005218,BILL006977,PAT04004,FAC003,DEP005,ICICI Lombard,2025-01-17,255.54,Paid,Not Applicable,2025-01-25,239.09,16.45
CLM005219,BILL006978,PAT00795,FAC001,DEP003,ICICI Lombard,2025-09-03,535.15,Paid,Not Applicable,2025-09-25,532.2,2.95
CLM005221,BILL006982,PAT09431,FAC001,DEP002,Niva Bupa,2025-01-08,964.43,Paid,Not Applicable,2025-01-27,890.12,74.31
CLM005223,BILL006984,PAT05501,FAC002,DEP005,Care Health,2025-11-19,516.47,Approved,Not Applicable,2025-11-28,449.87,66.6
CLM005228,BILL006995,PAT02526,FAC005,DEP007,Niva Bupa,2025-02-21,615.73,Pending,Not Applicable,2025-03-05,0.0,615.73
CLM005229,BILL006996,PAT01563,FAC005,DEP007,ICICI Lombard,2025-08-22,327.24,Pending,Not Applicable,2025-09-06,0.0,327.24
CLM005232,BILL007000,PAT00469,FAC004,DEP005,Star Health,2025-12-07,443.58,Approved,Not Applicable,2026-01-04,432.4,11.18
CLM005238,BILL007008,PAT03419,FAC002,DEP005,ICICI Lombard,2025-06-23,338.34,Paid,Not Applicable,2025-07-14,333.72,4.62
CLM005245,BILL007017,PAT04879,FAC002,DEP001,Niva Bupa,2025-06-15,1207.58,Paid,Not Applicable,2025-06-24,1146.54,61.04
CLM005263,BILL007042,PAT09280,FAC002,DEP005,HDFC ERGO,2025-05-14,651.15,Paid,Not Applicable,2025-06-03,642.49,8.66
CLM005264,BILL007043,PAT07364,FAC003,DEP007,ICICI Lombard,2025-02-25,467.6,Paid,Not Applicable,2025-03-07,462.28,5.32
CLM005269,BILL007050,PAT07924,FAC005,DEP007,Care Health,2025-08-15,356.34,Approved,Not Applicable,2025-09-10,304.0,52.34
CLM005271,BILL007053,PAT02287,FAC005,DEP003,Care Health,2025-05-07,551.55,Pending,Not Applicable,2025-06-21,0.0,551.55
CLM005277,BILL007063,PAT07748,FAC005,DEP003,ICICI Lombard,2025-12-25,641.66,Under Review,Not Applicable,2026-01-16,0.0,641.66
CLM005279,BILL007065,PAT08837,FAC004,DEP002,Niva Bupa,2025-04-22,968.09,Approved,Not Applicable,2025-05-01,939.79,28.3
CLM005284,BILL007071,PAT00185,FAC001,DEP001,HDFC ERGO,2025-06-19,1804.64,Approved,Not Applicable,2025-07-08,1790.28,14.36
CLM005286,BILL007074,PAT06685,FAC002,DEP006,HDFC ERGO,2025-12-20,1065.64,Pending,Not Applicable,2026-01-18,0.0,1065.64
CLM005288,BILL007077,PAT00648,FAC004,DEP002,Niva Bupa,2026-01-01,1533.23,Paid,Not Applicable,2026-01-07,1421.83,111.4
CLM005289,BILL007078,PAT07400,FAC005,DEP006,HDFC ERGO,2025-06-20,536.63,Paid,Not Applicable,2025-07-20,501.86,34.77
CLM005291,BILL007081,PAT07174,FAC002,DEP002,Star Health,2025-06-27,908.8,Approved,Not Applicable,2025-07-14,776.13,132.67
CLM005297,BILL007090,PAT05108,FAC001,DEP008,HDFC ERGO,2025-01-27,1745.49,Approved,Not Applicable,2025-02-16,1549.03,196.46
CLM005309,BILL007108,PAT05310,FAC001,DEP002,ICICI Lombard,2025-02-06,628.02,Approved,Not Applicable,2025-02-14,593.4,34.62
CLM005324,BILL007131,PAT05565,FAC002,DEP007,Care Health,2026-01-03,690.22,Pending,Not Applicable,2026-01-15,0.0,690.22
CLM005325,BILL007133,PAT00305,FAC004,DEP005,Star Health,2025-01-11,399.27,Paid,Not Applicable,2025-01-16,395.3,3.97
CLM005331,BILL007141,PAT09744,FAC004,DEP004,HDFC ERGO,2025-11-06,1221.18,Approved,Not Applicable,2025-12-01,1183.6,37.58
CLM005337,BILL007149,PAT08583,FAC003,DEP007,Star Health,2025-05-02,436.88,Approved,Not Applicable,2025-05-15,406.66,30.22
CLM005346,BILL007161,PAT03117,FAC003,DEP003,HDFC ERGO,2025-03-07,458.88,Paid,Not Applicable,2025-03-21,446.11,12.77
CLM005348,BILL007164,PAT09297,FAC003,DEP001,ICICI Lombard,2025-11-26,1379.43,Paid,Not Applicable,2025-12-06,1277.34,102.09
CLM005359,BILL007176,PAT03249,FAC003,DEP007,ICICI Lombard,2025-08-07,539.76,Pending,Not Applicable,2025-08-23,0.0,539.76
CLM005367,BILL007185,PAT04904,FAC005,DEP003,Niva Bupa,2025-09-08,883.2,Under Review,Not Applicable,2025-09-21,0.0,883.2
CLM005371,BILL007190,PAT07650,FAC005,DEP003,HDFC ERGO,2025-10-07,856.33,Denied,Duplicate Claim,2025-10-28,0.0,856.33
CLM005373,BILL007192,PAT05564,FAC002,DEP001,Star Health,2025-08-20,1244.44,Pending,Not Applicable,2025-09-02,0.0,1244.44
CLM005377,BILL007199,PAT06157,FAC003,DEP001,ICICI Lombard,2025-03-25,893.46,Approved,Not Applicable,2025-03-30,808.21,85.25
CLM005390,BILL007217,PAT09141,FAC005,DEP001,Star Health,2025-08-19,854.57,Paid,Not Applicable,2025-09-08,853.22,1.35
CLM005393,BILL007221,PAT08488,FAC003,DEP007,ICICI Lombard,2025-10-05,605.03,Denied,Eligibility Issue,2025-10-14,0.0,605.03
CLM005395,BILL007223,PAT06886,FAC005,DEP008,ICICI Lombard,2025-12-23,2296.82,Paid,Not Applicable,2026-01-14,2182.16,114.66
CLM005398,BILL007226,PAT04194,FAC003,DEP005,Star Health,2025-01-22,261.38,Paid,Not Applicable,2025-02-06,257.86,3.52
CLM005403,BILL007234,PAT07837,FAC003,DEP005,HDFC ERGO,2026-01-02,627.63,Paid,Not Applicable,2026-01-11,623.34,4.29
CLM005406,BILL007238,PAT00477,FAC005,DEP001,Niva Bupa,2025-11-11,1514.34,Paid,Not Applicable,2025-11-28,1495.37,18.97
CLM005407,BILL007240,PAT07904,FAC002,DEP006,Care Health,2025-11-17,622.93,Paid,Not Applicable,2025-11-27,619.22,3.71
CLM005408,BILL007241,PAT01622,FAC002,DEP001,ICICI Lombard,2025-06-22,840.96,Under Review,Not Applicable,2025-07-02,0.0,840.96
CLM005412,BILL007246,PAT03612,FAC001,DEP005,HDFC ERGO,2025-02-25,579.08,Paid,Not Applicable,2025-03-13,571.57,7.51
CLM005420,BILL007259,PAT08747,FAC005,DEP003,HDFC ERGO,2025-04-30,479.77,Denied,Coding Error,2025-05-19,0.0,479.77
CLM005431,BILL007271,PAT08952,FAC002,DEP005,HDFC ERGO,2025-07-16,583.26,Pending,Not Applicable,2025-08-02,0.0,583.26
CLM005433,BILL007277,PAT02449,FAC003,DEP001,Star Health,2025-01-05,851.56,Approved,Not Applicable,2025-01-31,772.67,78.89
CLM005437,BILL007282,PAT08958,FAC002,DEP005,Niva Bupa,2025-06-23,686.61,Paid,Not Applicable,2025-07-20,655.63,30.98
CLM005438,BILL007283,PAT00697,FAC002,DEP002,ICICI Lombard,2025-10-05,1199.65,Under Review,Not Applicable,2025-11-09,0.0,1199.65
CLM005447,BILL007296,PAT00876,FAC004,DEP004,HDFC ERGO,2025-10-17,1133.75,Approved,Not Applicable,2025-11-13,1132.57,1.18
CLM005450,BILL007299,PAT07696,FAC001,DEP001,Star Health,2025-09-11,1255.09,Paid,Not Applicable,2025-10-06,1228.98,26.11
CLM005452,BILL007303,PAT01394,FAC003,DEP001,Care Health,2025-08-30,719.76,Under Review,Not Applicable,2025-10-06,0.0,719.76
CLM005462,BILL007315,PAT01057,FAC003,DEP005,ICICI Lombard,2025-11-10,585.66,Paid,Not Applicable,2025-12-05,551.98,33.68
CLM005469,BILL007325,PAT03108,FAC001,DEP008,HDFC ERGO,2025-11-26,899.98,Paid,Not Applicable,2025-12-24,857.68,42.3
CLM005476,BILL007334,PAT00648,FAC003,DEP001,Star Health,2025-01-27,854.77,Paid,Not Applicable,2025-02-14,800.77,54.0
CLM005483,BILL007345,PAT05804,FAC002,DEP006,ICICI Lombard,2025-07-04,698.22,Denied,Authorization Missing,2025-07-18,0.0,698.22
CLM005485,BILL007347,PAT02679,FAC005,DEP006,Care Health,2025-01-30,925.46,Pending,Not Applicable,2025-03-08,0.0,925.46
CLM005499,BILL007365,PAT04101,FAC004,DEP002,Star Health,2025-11-12,611.32,Pending,Not Applicable,2025-12-06,0.0,611.32
CLM005500,BILL007369,PAT05310,FAC005,DEP001,Niva Bupa,2025-09-27,1573.36,Approved,Not Applicable,2025-10-27,1468.18,105.18
CLM005508,BILL007379,PAT02770,FAC005,DEP006,HDFC ERGO,2025-08-07,577.32,Paid,Not Applicable,2025-08-28,576.17,1.15
CLM005509,BILL007383,PAT02169,FAC002,DEP005,Care Health,2025-06-21,727.73,Paid,Not Applicable,2025-07-19,674.37,53.36
CLM005519,BILL007396,PAT09354,FAC005,DEP001,HDFC ERGO,2025-02-05,753.37,Pending,Not Applicable,2025-03-18,0.0,753.37
CLM005523,BILL007406,PAT08344,FAC004,DEP004,HDFC ERGO,2025-05-17,1258.09,Pending,Not Applicable,2025-07-01,0.0,1258.09
CLM005525,BILL007410,PAT00750,FAC003,DEP007,Star Health,2025-05-22,334.24,Paid,Not Applicable,2025-06-05,322.72,11.52
CLM005526,BILL007411,PAT07624,FAC001,DEP004,HDFC ERGO,2025-09-14,1130.87,Pending,Not Applicable,2025-10-03,0.0,1130.87
CLM005537,BILL007424,PAT00331,FAC001,DEP002,Star Health,2025-10-04,499.76,Approved,Not Applicable,2025-10-28,448.41,51.35
CLM005541,BILL007428,PAT03370,FAC004,DEP001,Care Health,2025-10-15,819.66,Approved,Not Applicable,2025-11-02,781.56,38.1
CLM005544,BILL007433,PAT02478,FAC002,DEP005,HDFC ERGO,2025-10-31,579.13,Approved,Not Applicable,2025-11-24,560.46,18.67
CLM005549,BILL007441,PAT02299,FAC005,DEP007,Star Health,2025-04-28,660.87,Pending,Not Applicable,2025-05-10,0.0,660.87
CLM005559,BILL007458,PAT06648,FAC004,DEP001,Care Health,2025-03-23,1923.35,Under Review,Not Applicable,2025-04-14,0.0,1923.35
CLM005563,BILL007462,PAT05338,FAC002,DEP001,Care Health,2025-08-22,790.87,Paid,Not Applicable,2025-08-30,743.49,47.38
CLM005567,BILL007466,PAT06162,FAC001,DEP001,ICICI Lombard,2025-09-05,871.69,Pending,Not Applicable,2025-10-12,0.0,871.69
CLM005572,BILL007473,PAT04430,FAC001,DEP002,Star Health,2025-01-24,789.23,Pending,Not Applicable,2025-02-16,0.0,789.23
CLM005584,BILL007493,PAT01584,FAC002,DEP002,Niva Bupa,2025-05-08,817.71,Paid,Not Applicable,2025-05-19,779.75,37.96
CLM005585,BILL007495,PAT08331,FAC005,DEP001,Niva Bupa,2025-03-26,921.25,Paid,Not Applicable,2025-04-13,918.28,2.97
CLM005589,BILL007500,PAT01936,FAC005,DEP001,Star Health,2025-08-03,1427.52,Pending,Not Applicable,2025-08-14,0.0,1427.52
CLM005590,BILL007501,PAT02391,FAC003,DEP005,Star Health,2025-08-06,354.8,Denied,Missing Documentation,2025-08-18,0.0,354.8
CLM005591,BILL007503,PAT02914,FAC005,DEP003,Niva Bupa,2025-06-16,446.16,Paid,Not Applicable,2025-07-11,444.95,1.21
CLM005603,BILL007523,PAT05533,FAC001,DEP008,HDFC ERGO,2025-06-26,929.25,Approved,Not Applicable,2025-07-15,891.5,37.75
CLM005606,BILL007530,PAT09988,FAC004,DEP004,HDFC ERGO,2025-10-03,1085.9,Under Review,Not Applicable,2025-10-31,0.0,1085.9
CLM005609,BILL007536,PAT02454,FAC003,DEP008,ICICI Lombard,2025-09-20,843.76,Denied,Eligibility Issue,2025-09-25,0.0,843.76
CLM005611,BILL007540,PAT07221,FAC004,DEP002,Niva Bupa,2025-11-24,1130.92,Paid,Not Applicable,2025-11-30,1119.44,11.48
CLM005617,BILL007549,PAT03821,FAC004,DEP002,Star Health,2025-09-05,502.8,Approved,Not Applicable,2025-10-02,430.85,71.95
CLM005627,BILL007564,PAT04339,FAC001,DEP002,Niva Bupa,2025-01-21,1376.63,Pending,Not Applicable,2025-02-02,0.0,1376.63
CLM005628,BILL007565,PAT06073,FAC003,DEP005,HDFC ERGO,2025-05-06,457.3,Approved,Not Applicable,2025-05-16,447.6,9.7
CLM005633,BILL007570,PAT00451,FAC005,DEP001,Niva Bupa,2025-01-28,1299.12,Approved,Not Applicable,2025-02-18,1218.82,80.3
CLM005634,BILL007571,PAT00354,FAC002,DEP002,Care Health,2025-09-16,1039.98,Paid,Not Applicable,2025-10-13,1028.52,11.46
CLM005641,BILL007579,PAT01618,FAC002,DEP006,Care Health,2025-01-24,466.49,Approved,Not Applicable,2025-02-18,453.93,12.56
CLM005643,BILL007581,PAT09086,FAC004,DEP001,ICICI Lombard,2025-01-21,953.75,Approved,Not Applicable,2025-02-19,899.34,54.41
CLM005645,BILL007584,PAT05490,FAC002,DEP005,Star Health,2025-12-27,534.65,Pending,Not Applicable,2026-01-08,0.0,534.65
CLM005649,BILL007589,PAT07218,FAC004,DEP001,Care Health,2025-09-25,1425.37,Approved,Not Applicable,2025-10-11,1305.94,119.43
CLM005652,BILL007595,PAT05707,FAC002,DEP005,Star Health,2025-06-09,456.01,Paid,Not Applicable,2025-06-17,430.12,25.89
CLM005654,BILL007598,PAT09627,FAC005,DEP001,ICICI Lombard,2025-12-09,1561.23,Paid,Not Applicable,2025-12-14,1476.12,85.11
CLM005661,BILL007608,PAT05964,FAC002,DEP002,HDFC ERGO,2025-12-29,1125.44,Pending,Not Applicable,2026-01-23,0.0,1125.44
CLM005675,BILL007625,PAT05095,FAC002,DEP005,ICICI Lombard,2025-04-22,697.33,Approved,Not Applicable,2025-05-01,620.04,77.29
CLM005676,BILL007628,PAT04016,FAC004,DEP007,Niva Bupa,2026-01-02,668.03,Approved,Not Applicable,2026-01-07,645.14,22.89
CLM005680,BILL007633,PAT03372,FAC001,DEP004,Niva Bupa,2025-03-18,844.37,Denied,Duplicate Claim,2025-03-30,0.0,844.37
CLM005682,BILL007635,PAT07277,FAC005,DEP008,HDFC ERGO,2025-10-06,1842.79,Paid,Not Applicable,2025-11-05,1753.58,89.21
CLM005689,BILL007647,PAT00869,FAC003,DEP005,HDFC ERGO,2025-05-02,468.19,Pending,Not Applicable,2025-06-16,0.0,468.19
CLM005721,BILL007692,PAT02391,FAC001,DEP005,Niva Bupa,2025-05-29,281.85,Paid,Not Applicable,2025-06-19,270.92,10.93
CLM005728,BILL007702,PAT02716,FAC005,DEP003,Care Health,2025-12-29,631.39,Denied,Coding Error,2026-01-16,0.0,631.39
CLM005731,BILL007705,PAT08061,FAC005,DEP003,HDFC ERGO,2025-07-12,969.8,Paid,Not Applicable,2025-07-23,903.78,66.02
CLM005738,BILL007714,PAT08179,FAC002,DEP001,Star Health,2025-07-18,848.31,Paid,Not Applicable,2025-08-09,840.17,8.14
CLM005739,BILL007715,PAT05782,FAC005,DEP005,Star Health,2025-10-08,505.1,Under Review,Not Applicable,2025-11-21,0.0,505.1
CLM005745,BILL007722,PAT07121,FAC004,DEP002,HDFC ERGO,2025-07-16,493.74,Paid,Not Applicable,2025-07-30,455.99,37.75
CLM005750,BILL007728,PAT01955,FAC002,DEP001,Niva Bupa,2025-01-10,1677.94,Paid,Not Applicable,2025-01-17,1587.13,90.81
CLM005754,BILL007732,PAT07774,FAC002,DEP002,Care Health,2025-12-05,1183.23,Under Review,Not Applicable,2025-12-15,0.0,1183.23
CLM005755,BILL007734,PAT06078,FAC003,DEP001,ICICI Lombard,2025-10-07,1129.09,Approved,Not Applicable,2025-10-28,1025.96,103.13
CLM005761,BILL007740,PAT02092,FAC004,DEP007,Care Health,2025-01-21,461.42,Pending,Not Applicable,2025-02-27,0.0,461.42
CLM005764,BILL007748,PAT04790,FAC004,DEP001,Care Health,2025-04-08,1135.62,Approved,Not Applicable,2025-04-24,1001.57,134.05
CLM005772,BILL007758,PAT05909,FAC005,DEP008,ICICI Lombard,2025-09-04,863.32,Paid,Not Applicable,2025-09-23,795.64,67.68
CLM005774,BILL007760,PAT05703,FAC005,DEP007,Care Health,2025-02-03,705.72,Approved,Not Applicable,2025-02-11,703.25,2.47
CLM005781,BILL007767,PAT07682,FAC005,DEP006,Care Health,2025-11-04,570.74,Under Review,Not Applicable,2025-12-07,0.0,570.74
CLM005783,BILL007770,PAT08115,FAC005,DEP008,HDFC ERGO,2025-09-13,1598.4,Approved,Not Applicable,2025-10-04,1560.0,38.4
CLM005789,BILL007778,PAT06089,FAC003,DEP007,Care Health,2025-04-15,377.84,Paid,Not Applicable,2025-04-20,348.64,29.2
CLM005790,BILL007779,PAT09503,FAC003,DEP007,Niva Bupa,2025-01-23,811.46,Paid,Not Applicable,2025-02-14,794.86,16.6
CLM005794,BILL007784,PAT09539,FAC003,DEP005,ICICI Lombard,2025-08-19,231.6,Pending,Not Applicable,2025-09-19,0.0,231.6
CLM005795,BILL007786,PAT09717,FAC001,DEP002,HDFC ERGO,2025-12-14,567.52,Pending,Not Applicable,2025-12-29,0.0,567.52
CLM005796,BILL007787,PAT03270,FAC003,DEP001,Star Health,2025-08-13,1062.45,Under Review,Not Applicable,2025-09-11,0.0,1062.45
CLM005806,BILL007798,PAT04654,FAC004,DEP001,ICICI Lombard,2025-12-18,1213.33,Approved,Not Applicable,2026-01-11,1187.46,25.87
CLM005807,BILL007799,PAT03016,FAC005,DEP007,Niva Bupa,2025-09-11,578.76,Pending,Not Applicable,2025-10-15,0.0,578.76
CLM005810,BILL007804,PAT08662,FAC002,DEP006,Care Health,2025-03-28,516.5,Paid,Not Applicable,2025-04-22,511.97,4.53
CLM005811,BILL007806,PAT02808,FAC001,DEP002,HDFC ERGO,2025-09-03,752.92,Approved,Not Applicable,2025-09-24,696.5,56.42
CLM005812,BILL007807,PAT02217,FAC002,DEP002,Niva Bupa,2025-10-11,561.35,Denied,Missing Documentation,2025-10-27,0.0,561.35
CLM005816,BILL007812,PAT08133,FAC004,DEP002,HDFC ERGO,2025-10-06,913.3,Under Review,Not Applicable,2025-11-07,0.0,913.3
CLM005823,BILL007821,PAT03843,FAC004,DEP001,Star Health,2025-10-23,1869.3,Paid,Not Applicable,2025-11-09,1788.51,80.79
CLM005824,BILL007822,PAT04554,FAC004,DEP007,Care Health,2025-11-14,664.28,Under Review,Not Applicable,2025-12-04,0.0,664.28
CLM005827,BILL007826,PAT05045,FAC002,DEP005,Care Health,2025-01-22,445.56,Paid,Not Applicable,2025-01-31,423.44,22.12
CLM005834,BILL007835,PAT07413,FAC005,DEP001,HDFC ERGO,2025-11-25,1136.86,Approved,Not Applicable,2025-12-20,1014.42,122.44
CLM005836,BILL007838,PAT03388,FAC001,DEP001,Care Health,2025-05-16,783.82,Paid,Not Applicable,2025-06-11,761.74,22.08
CLM005844,BILL007846,PAT04514,FAC001,DEP008,ICICI Lombard,2025-12-23,1835.96,Pending,Not Applicable,2026-01-08,0.0,1835.96
CLM005846,BILL007849,PAT02233,FAC002,DEP001,Care Health,2025-03-20,1235.08,Paid,Not Applicable,2025-04-08,1214.17,20.91
CLM005847,BILL007850,PAT09270,FAC002,DEP002,Niva Bupa,2025-03-26,795.42,Approved,Not Applicable,2025-04-12,759.32,36.1
CLM005850,BILL007853,PAT02055,FAC004,DEP001,Niva Bupa,2025-07-25,684.14,Under Review,Not Applicable,2025-08-16,0.0,684.14
CLM005855,BILL007862,PAT06770,FAC004,DEP002,HDFC ERGO,2025-03-06,1178.83,Approved,Not Applicable,2025-03-28,1091.88,86.95
CLM005860,BILL007869,PAT02875,FAC003,DEP005,ICICI Lombard,2025-12-23,356.91,Pending,Not Applicable,2026-01-17,0.0,356.91
CLM005861,BILL007871,PAT02406,FAC002,DEP001,Care Health,2025-08-20,1349.31,Approved,Not Applicable,2025-09-17,1267.28,82.03
CLM005863,BILL007873,PAT04818,FAC001,DEP002,HDFC ERGO,2025-12-07,999.57,Under Review,Not Applicable,2025-12-24,0.0,999.57
CLM005874,BILL007886,PAT03847,FAC005,DEP003,Care Health,2025-04-09,1019.41,Approved,Not Applicable,2025-04-23,976.13,43.28
CLM005879,BILL007891,PAT08094,FAC003,DEP005,ICICI Lombard,2025-09-22,510.84,Paid,Not Applicable,2025-09-28,507.5,3.34
CLM005881,BILL007895,PAT04124,FAC005,DEP006,Niva Bupa,2025-12-19,460.71,Pending,Not Applicable,2026-01-14,0.0,460.71
CLM005886,BILL007900,PAT09555,FAC001,DEP001,HDFC ERGO,2025-03-04,1473.65,Paid,Not Applicable,2025-03-11,1385.41,88.24
CLM005888,BILL007902,PAT07586,FAC002,DEP005,Star Health,2025-09-14,877.63,Paid,Not Applicable,2025-10-12,810.6,67.03
CLM005899,BILL007917,PAT07634,FAC001,DEP002,Niva Bupa,2025-02-05,1146.57,Approved,Not Applicable,2025-02-21,1012.9,133.67
CLM005902,BILL007923,PAT00331,FAC005,DEP003,HDFC ERGO,2025-02-09,352.96,Paid,Not Applicable,2025-02-23,350.68,2.28
CLM005913,BILL007939,PAT01666,FAC001,DEP005,Niva Bupa,2025-02-22,318.54,Paid,Not Applicable,2025-03-22,313.47,5.07
CLM005918,BILL007945,PAT07306,FAC004,DEP002,Care Health,2025-10-12,1466.06,Paid,Not Applicable,2025-10-28,1443.69,22.37
CLM005920,BILL007948,PAT03185,FAC002,DEP002,Niva Bupa,2025-08-15,846.2,Under Review,Not Applicable,2025-08-31,0.0,846.2
CLM005921,BILL007949,PAT04660,FAC005,DEP006,Star Health,2025-05-13,671.89,Paid,Not Applicable,2025-05-21,634.31,37.58
CLM005924,BILL007953,PAT02313,FAC002,DEP001,HDFC ERGO,2025-04-24,844.4,Approved,Not Applicable,2025-05-08,785.05,59.35
CLM005925,BILL007955,PAT08740,FAC002,DEP001,Care Health,2025-06-23,1247.33,Paid,Not Applicable,2025-06-29,1225.49,21.84
CLM005928,BILL007959,PAT08875,FAC003,DEP001,HDFC ERGO,2025-06-10,1746.49,Paid,Not Applicable,2025-06-26,1668.97,77.52
CLM005929,BILL007961,PAT05810,FAC005,DEP003,Niva Bupa,2025-09-03,518.05,Denied,Policy Exclusion,2025-09-10,0.0,518.05
CLM005937,BILL007973,PAT04476,FAC005,DEP003,Star Health,2025-02-05,622.03,Paid,Not Applicable,2025-03-06,615.15,6.88
CLM005938,BILL007974,PAT08388,FAC004,DEP007,Star Health,2025-04-02,662.49,Approved,Not Applicable,2025-04-19,642.35,20.14
CLM005942,BILL007980,PAT03707,FAC002,DEP002,ICICI Lombard,2025-11-23,932.86,Denied,Eligibility Issue,2025-12-06,0.0,932.86
CLM005943,BILL007982,PAT04462,FAC004,DEP002,HDFC ERGO,2025-11-07,914.46,Paid,Not Applicable,2025-11-20,896.68,17.78
CLM005953,BILL007996,PAT00150,FAC002,DEP001,Niva Bupa,2025-02-06,1338.89,Paid,Not Applicable,2025-02-26,1252.24,86.65
CLM005977,BILL008032,PAT02484,FAC003,DEP001,Niva Bupa,2025-02-08,1364.55,Under Review,Not Applicable,2025-03-05,0.0,1364.55
CLM005979,BILL008034,PAT08731,FAC004,DEP004,Care Health,2025-02-05,927.22,Paid,Not Applicable,2025-02-15,882.01,45.21
CLM005981,BILL008036,PAT00374,FAC004,DEP006,ICICI Lombard,2025-10-16,729.83,Under Review,Not Applicable,2025-10-30,0.0,729.83
CLM005982,BILL008037,PAT07376,FAC005,DEP007,Care Health,2025-09-12,523.33,Paid,Not Applicable,2025-09-28,516.98,6.35
CLM005983,BILL008042,PAT04032,FAC003,DEP001,Care Health,2025-01-25,1719.47,Pending,Not Applicable,2025-03-10,0.0,1719.47
CLM005991,BILL008050,PAT00080,FAC004,DEP005,ICICI Lombard,2025-07-07,459.4,Paid,Not Applicable,2025-07-17,454.33,5.07
CLM005995,BILL008055,PAT06152,FAC003,DEP005,Niva Bupa,2025-05-31,369.7,Approved,Not Applicable,2025-06-06,340.95,28.75
CLM005999,BILL008060,PAT02316,FAC002,DEP001,Care Health,2025-12-07,1672.07,Pending,Not Applicable,2026-01-15,0.0,1672.07
CLM006001,BILL008063,PAT00725,FAC003,DEP008,Niva Bupa,2025-02-26,1354.32,Approved,Not Applicable,2025-03-16,1273.21,81.11
CLM006004,BILL008067,PAT06850,FAC002,DEP002,ICICI Lombard,2025-07-23,1155.34,Approved,Not Applicable,2025-08-01,986.72,168.62
CLM006005,BILL008068,PAT06128,FAC003,DEP001,Niva Bupa,2025-12-02,1227.42,Under Review,Not Applicable,2026-01-16,0.0,1227.42
CLM006017,BILL008082,PAT05713,FAC002,DEP001,Star Health,2025-08-24,1783.94,Pending,Not Applicable,2025-09-20,0.0,1783.94
CLM006018,BILL008084,PAT07272,FAC005,DEP007,ICICI Lombard,2025-05-20,471.58,Denied,Eligibility Issue,2025-06-01,0.0,471.58
CLM006023,BILL008091,PAT03624,FAC004,DEP001,Star Health,2025-07-04,685.98,Approved,Not Applicable,2025-07-10,623.42,62.56
CLM006027,BILL008097,PAT09190,FAC003,DEP007,ICICI Lombard,2025-02-08,584.93,Paid,Not Applicable,2025-03-02,565.16,19.77
CLM006032,BILL008105,PAT00412,FAC004,DEP002,Star Health,2025-07-30,930.02,Pending,Not Applicable,2025-08-19,0.0,930.02
CLM006033,BILL008106,PAT03403,FAC002,DEP001,Star Health,2025-07-17,1112.25,Pending,Not Applicable,2025-08-04,0.0,1112.25
CLM006035,BILL008108,PAT05624,FAC003,DEP005,HDFC ERGO,2025-11-27,443.36,Paid,Not Applicable,2025-12-18,414.81,28.55
CLM006037,BILL008110,PAT09516,FAC003,DEP005,Niva Bupa,2025-10-13,773.4,Pending,Not Applicable,2025-10-27,0.0,773.4
CLM006045,BILL008121,PAT01476,FAC004,DEP006,HDFC ERGO,2025-07-23,762.41,Denied,Policy Exclusion,2025-07-31,0.0,762.41
CLM006047,BILL008123,PAT02877,FAC001,DEP002,Niva Bupa,2025-04-16,1425.91,Under Review,Not Applicable,2025-05-23,0.0,1425.91
CLM006048,BILL008124,PAT02875,FAC001,DEP004,Star Health,2025-02-08,1250.52,Paid,Not Applicable,2025-02-25,1219.08,31.44
CLM006050,BILL008126,PAT04348,FAC003,DEP005,Star Health,2025-11-30,249.22,Approved,Not Applicable,2025-12-21,213.66,35.56
CLM006052,BILL008128,PAT02994,FAC005,DEP001,ICICI Lombard,2025-06-10,1131.93,Paid,Not Applicable,2025-06-28,1112.83,19.1
CLM006055,BILL008132,PAT02391,FAC002,DEP002,HDFC ERGO,2025-07-29,1128.4,Paid,Not Applicable,2025-08-24,1085.12,43.28
CLM006062,BILL008140,PAT07517,FAC003,DEP001,ICICI Lombard,2025-01-30,1606.57,Approved,Not Applicable,2025-02-16,1514.42,92.15
CLM006063,BILL008141,PAT05460,FAC001,DEP002,Care Health,2025-10-21,653.38,Under Review,Not Applicable,2025-12-04,0.0,653.38
CLM006070,BILL008148,PAT01414,FAC004,DEP006,Star Health,2025-10-29,598.49,Approved,Not Applicable,2025-11-23,528.49,70.0
CLM006072,BILL008150,PAT09050,FAC005,DEP005,Care Health,2025-04-29,337.73,Paid,Not Applicable,2025-05-20,332.4,5.33
CLM006089,BILL008173,PAT01792,FAC004,DEP005,Star Health,2025-12-26,286.4,Paid,Not Applicable,2026-01-06,279.46,6.94
CLM006100,BILL008189,PAT00397,FAC003,DEP003,HDFC ERGO,2025-07-19,231.2,Denied,Missing Documentation,2025-08-01,0.0,231.2
CLM006118,BILL008210,PAT03367,FAC003,DEP005,Care Health,2025-02-17,612.16,Denied,Coding Error,2025-02-21,0.0,612.16
CLM006127,BILL008223,PAT07920,FAC001,DEP003,HDFC ERGO,2025-06-13,486.54,Pending,Not Applicable,2025-07-03,0.0,486.54
CLM006133,BILL008231,PAT01531,FAC004,DEP001,Star Health,2025-12-14,1522.74,Approved,Not Applicable,2025-12-20,1507.84,14.9
CLM006136,BILL008235,PAT09606,FAC005,DEP003,Care Health,2025-06-10,385.55,Pending,Not Applicable,2025-07-01,0.0,385.55
CLM006137,BILL008236,PAT03922,FAC001,DEP001,Star Health,2025-10-05,718.22,Approved,Not Applicable,2025-11-03,687.92,30.3
CLM006139,BILL008239,PAT08283,FAC003,DEP001,ICICI Lombard,2025-12-01,1701.68,Under Review,Not Applicable,2026-01-14,0.0,1701.68
CLM006140,BILL008240,PAT01744,FAC003,DEP005,Star Health,2025-02-10,491.15,Approved,Not Applicable,2025-02-18,428.71,62.44
CLM006153,BILL008253,PAT02535,FAC003,DEP001,HDFC ERGO,2025-12-12,1366.93,Paid,Not Applicable,2026-01-09,1262.11,104.82
CLM006156,BILL008259,PAT09469,FAC003,DEP003,Niva Bupa,2025-09-26,619.02,Approved,Not Applicable,2025-10-02,574.23,44.79
CLM006166,BILL008274,PAT07692,FAC004,DEP001,Care Health,2025-12-14,1261.53,Pending,Not Applicable,2026-01-12,0.0,1261.53
CLM006167,BILL008275,PAT00111,FAC004,DEP005,ICICI Lombard,2025-02-23,704.3,Paid,Not Applicable,2025-03-02,687.3,17.0
CLM006172,BILL008282,PAT07638,FAC003,DEP001,HDFC ERGO,2025-12-03,1130.92,Paid,Not Applicable,2025-12-30,1041.08,89.84
CLM006177,BILL008287,PAT06897,FAC002,DEP006,Star Health,2025-01-17,722.2,Under Review,Not Applicable,2025-03-03,0.0,722.2
CLM006179,BILL008292,PAT06106,FAC004,DEP007,Care Health,2025-05-14,522.28,Denied,Missing Documentation,2025-05-29,0.0,522.28
CLM006183,BILL008296,PAT04514,FAC005,DEP003,Care Health,2025-08-12,423.78,Pending,Not Applicable,2025-09-06,0.0,423.78
CLM006185,BILL008298,PAT01945,FAC005,DEP007,HDFC ERGO,2025-05-15,670.04,Denied,Authorization Missing,2025-05-28,0.0,670.04
CLM006195,BILL008309,PAT09539,FAC002,DEP001,ICICI Lombard,2025-09-12,1278.24,Paid,Not Applicable,2025-09-17,1257.75,20.49
CLM006212,BILL008330,PAT01955,FAC001,DEP002,Star Health,2025-04-08,962.09,Pending,Not Applicable,2025-04-21,0.0,962.09
CLM006216,BILL008335,PAT01587,FAC005,DEP005,ICICI Lombard,2025-05-13,506.65,Pending,Not Applicable,2025-05-25,0.0,506.65
CLM006228,BILL008350,PAT07108,FAC002,DEP002,Star Health,2025-02-11,1141.38,Denied,Coding Error,2025-02-18,0.0,1141.38
CLM006233,BILL008357,PAT02770,FAC003,DEP005,HDFC ERGO,2025-09-09,262.67,Denied,Authorization Missing,2025-09-20,0.0,262.67
CLM006241,BILL008372,PAT03323,FAC003,DEP007,ICICI Lombard,2025-11-17,554.36,Denied,Policy Exclusion,2025-11-25,0.0,554.36
CLM006248,BILL008382,PAT02956,FAC003,DEP005,HDFC ERGO,2025-03-29,650.66,Denied,Missing Documentation,2025-04-13,0.0,650.66
CLM006256,BILL008391,PAT00904,FAC002,DEP007,Care Health,2025-07-03,539.29,Paid,Not Applicable,2025-07-30,538.47,0.82
CLM006258,BILL008393,PAT03376,FAC002,DEP001,HDFC ERGO,2025-06-20,1333.73,Pending,Not Applicable,2025-07-13,0.0,1333.73
CLM006266,BILL008403,PAT08831,FAC005,DEP003,ICICI Lombard,2025-07-19,616.75,Approved,Not Applicable,2025-08-17,598.0,18.75
CLM006267,BILL008404,PAT02185,FAC004,DEP001,Care Health,2025-08-20,1715.56,Approved,Not Applicable,2025-09-06,1532.77,182.79
CLM006268,BILL008405,PAT00412,FAC002,DEP005,ICICI Lombard,2025-10-08,543.17,Pending,Not Applicable,2025-11-02,0.0,543.17
CLM006269,BILL008406,PAT04246,FAC001,DEP002,HDFC ERGO,2025-11-14,870.63,Paid,Not Applicable,2025-11-20,860.95,9.68
CLM006272,BILL008412,PAT03680,FAC005,DEP005,ICICI Lombard,2025-10-01,622.46,Approved,Not Applicable,2025-10-15,616.1,6.36
CLM006273,BILL008413,PAT02985,FAC004,DEP004,Care Health,2025-10-22,1048.4,Approved,Not Applicable,2025-10-29,1030.66,17.74
CLM006276,BILL008417,PAT01587,FAC003,DEP001,Star Health,2025-10-30,933.88,Approved,Not Applicable,2025-11-26,852.49,81.39
CLM006277,BILL008418,PAT02217,FAC005,DEP001,ICICI Lombard,2025-08-08,1535.78,Approved,Not Applicable,2025-08-15,1387.56,148.22
CLM006279,BILL008421,PAT04561,FAC005,DEP006,Star Health,2025-07-05,447.26,Pending,Not Applicable,2025-07-29,0.0,447.26
CLM006281,BILL008423,PAT01394,FAC001,DEP008,ICICI Lombard,2025-03-20,1585.19,Paid,Not Applicable,2025-04-18,1565.28,19.91
CLM006285,BILL008427,PAT04765,FAC005,DEP008,Star Health,2025-06-06,1014.6,Denied,Eligibility Issue,2025-06-14,0.0,1014.6
CLM006290,BILL008432,PAT09319,FAC003,DEP005,Care Health,2025-09-09,227.28,Approved,Not Applicable,2025-10-09,208.24,19.04
CLM006300,BILL008445,PAT01036,FAC004,DEP005,Star Health,2025-10-13,299.02,Under Review,Not Applicable,2025-11-21,0.0,299.02
CLM006308,BILL008459,PAT06378,FAC002,DEP005,Niva Bupa,2025-11-21,419.04,Paid,Not Applicable,2025-12-11,403.83,15.21
CLM006315,BILL008468,PAT07502,FAC003,DEP003,Star Health,2025-09-07,688.28,Approved,Not Applicable,2025-09-12,612.54,75.74
CLM006316,BILL008470,PAT00336,FAC002,DEP001,ICICI Lombard,2025-07-24,862.56,Pending,Not Applicable,2025-08-08,0.0,862.56
CLM006325,BILL008483,PAT09751,FAC004,DEP001,Star Health,2025-05-26,554.79,Under Review,Not Applicable,2025-06-19,0.0,554.79
CLM006331,BILL008491,PAT06283,FAC001,DEP008,HDFC ERGO,2025-06-11,1530.09,Paid,Not Applicable,2025-07-11,1422.1,107.99
CLM006333,BILL008494,PAT03296,FAC005,DEP001,ICICI Lombard,2025-12-26,1659.73,Pending,Not Applicable,2026-01-27,0.0,1659.73
CLM006347,BILL008514,PAT03746,FAC001,DEP003,HDFC ERGO,2025-02-22,495.55,Pending,Not Applicable,2025-03-23,0.0,495.55
CLM006354,BILL008523,PAT07540,FAC005,DEP003,ICICI Lombard,2025-01-30,490.1,Pending,Not Applicable,2025-03-11,0.0,490.1
CLM006359,BILL008529,PAT02460,FAC005,DEP005,ICICI Lombard,2025-06-24,373.56,Denied,Authorization Missing,2025-07-02,0.0,373.56
CLM006366,BILL008540,PAT08271,FAC004,DEP006,Star Health,2025-03-07,665.88,Approved,Not Applicable,2025-03-17,578.39,87.49
CLM006367,BILL008543,PAT03729,FAC002,DEP005,ICICI Lombard,2025-12-12,676.62,Denied,Duplicate Claim,2025-12-24,0.0,676.62
CLM006369,BILL008546,PAT04490,FAC002,DEP002,HDFC ERGO,2025-05-08,550.1,Paid,Not Applicable,2025-05-14,548.7,1.4
CLM006370,BILL008547,PAT01924,FAC001,DEP001,HDFC ERGO,2025-06-27,1265.07,Paid,Not Applicable,2025-07-06,1183.23,81.84
CLM006381,BILL008560,PAT01255,FAC005,DEP008,HDFC ERGO,2025-05-31,1162.3,Denied,Authorization Missing,2025-06-07,0.0,1162.3
CLM006384,BILL008565,PAT00374,FAC004,DEP001,Star Health,2025-10-27,786.46,Approved,Not Applicable,2025-11-16,732.58,53.88
CLM006387,BILL008570,PAT01721,FAC002,DEP006,ICICI Lombard,2025-10-06,704.45,Paid,Not Applicable,2025-10-30,668.64,35.81
CLM006392,BILL008576,PAT02456,FAC003,DEP005,HDFC ERGO,2025-11-22,531.09,Paid,Not Applicable,2025-12-18,503.81,27.28
CLM006399,BILL008583,PAT00697,FAC002,DEP002,Care Health,2025-09-22,1145.94,Pending,Not Applicable,2025-10-14,0.0,1145.94
CLM006403,BILL008589,PAT05655,FAC001,DEP001,ICICI Lombard,2025-11-27,1208.81,Paid,Not Applicable,2025-12-04,1169.7,39.11
CLM006409,BILL008597,PAT08795,FAC005,DEP007,HDFC ERGO,2025-04-27,673.42,Approved,Not Applicable,2025-05-26,575.52,97.9
CLM006414,BILL008602,PAT04992,FAC001,DEP008,Care Health,2025-01-20,1224.3,Approved,Not Applicable,2025-01-29,1047.77,176.53
CLM006415,BILL008603,PAT04581,FAC001,DEP003,Star Health,2025-08-26,497.94,Under Review,Not Applicable,2025-09-20,0.0,497.94
CLM006416,BILL008605,PAT06352,FAC004,DEP002,ICICI Lombard,2025-07-03,541.97,Pending,Not Applicable,2025-08-02,0.0,541.97
CLM006419,BILL008608,PAT04890,FAC001,DEP001,Star Health,2025-02-06,1140.03,Pending,Not Applicable,2025-02-20,0.0,1140.03
CLM006420,BILL008610,PAT06502,FAC001,DEP008,Star Health,2025-11-03,2182.02,Paid,Not Applicable,2025-11-12,2043.89,138.13
CLM006438,BILL008638,PAT09150,FAC001,DEP003,Star Health,2025-04-22,755.33,Paid,Not Applicable,2025-05-11,715.54,39.79
CLM006440,BILL008640,PAT03547,FAC002,DEP005,Care Health,2025-02-26,757.1,Paid,Not Applicable,2025-03-18,701.1,56.0
CLM006449,BILL008650,PAT04924,FAC002,DEP002,Star Health,2025-05-03,1227.57,Denied,Policy Exclusion,2025-05-24,0.0,1227.57
CLM006472,BILL008677,PAT01741,FAC003,DEP003,HDFC ERGO,2025-01-07,514.14,Approved,Not Applicable,2025-02-03,469.06,45.08
CLM006480,BILL008687,PAT00591,FAC001,DEP001,Care Health,2025-06-08,1579.56,Approved,Not Applicable,2025-07-06,1546.31,33.25
CLM006484,BILL008692,PAT03335,FAC003,DEP003,HDFC ERGO,2025-04-27,376.2,Approved,Not Applicable,2025-05-10,330.09,46.11
CLM006485,BILL008694,PAT08374,FAC002,DEP001,HDFC ERGO,2025-09-17,1357.09,Approved,Not Applicable,2025-10-13,1328.2,28.89
CLM006486,BILL008695,PAT02895,FAC003,DEP003,ICICI Lombard,2025-05-14,537.68,Pending,Not Applicable,2025-06-13,0.0,537.68
CLM006491,BILL008700,PAT00840,FAC001,DEP001,Care Health,2025-03-14,1287.42,Pending,Not Applicable,2025-04-27,0.0,1287.42
CLM006493,BILL008702,PAT07051,FAC003,DEP005,ICICI Lombard,2025-07-06,369.42,Approved,Not Applicable,2025-07-31,366.58,2.84
CLM006494,BILL008703,PAT00745,FAC002,DEP002,Star Health,2025-04-16,1192.35,Approved,Not Applicable,2025-05-15,1093.31,99.04
CLM006499,BILL008710,PAT03296,FAC001,DEP002,HDFC ERGO,2025-12-23,704.08,Denied,Eligibility Issue,2026-01-07,0.0,704.08
CLM006506,BILL008717,PAT03483,FAC001,DEP005,Star Health,2025-05-31,488.44,Under Review,Not Applicable,2025-06-13,0.0,488.44
CLM006507,BILL008718,PAT05741,FAC001,DEP004,Niva Bupa,2025-03-04,1522.35,Approved,Not Applicable,2025-03-21,1488.85,33.5
CLM006509,BILL008720,PAT02358,FAC001,DEP001,HDFC ERGO,2025-10-02,1290.15,Approved,Not Applicable,2025-10-19,1136.54,153.61
CLM006524,BILL008736,PAT05307,FAC004,DEP004,Star Health,2025-06-17,1623.46,Paid,Not Applicable,2025-07-03,1610.47,12.99
CLM006531,BILL008747,PAT00539,FAC003,DEP001,HDFC ERGO,2025-07-27,1475.7,Denied,Coding Error,2025-08-08,0.0,1475.7
CLM006547,BILL008766,PAT02752,FAC005,DEP008,Care Health,2025-10-15,2161.19,Approved,Not Applicable,2025-10-22,2147.57,13.62
CLM006550,BILL008769,PAT04297,FAC004,DEP004,ICICI Lombard,2025-03-21,1334.07,Approved,Not Applicable,2025-03-28,1144.19,189.88
CLM006554,BILL008773,PAT08392,FAC001,DEP002,HDFC ERGO,2025-05-10,1570.78,Denied,Policy Exclusion,2025-05-17,0.0,1570.78
CLM006564,BILL008788,PAT08586,FAC003,DEP001,HDFC ERGO,2025-10-10,1541.09,Under Review,Not Applicable,2025-10-21,0.0,1541.09
CLM006566,BILL008790,PAT08904,FAC001,DEP002,Star Health,2025-07-11,923.62,Paid,Not Applicable,2025-08-04,865.81,57.81
CLM006568,BILL008792,PAT00064,FAC001,DEP002,ICICI Lombard,2025-11-07,1078.97,Denied,Coding Error,2025-11-21,0.0,1078.97
CLM006579,BILL008810,PAT07169,FAC002,DEP002,ICICI Lombard,2025-07-22,1011.7,Under Review,Not Applicable,2025-08-29,0.0,1011.7
CLM006592,BILL008827,PAT07536,FAC002,DEP001,HDFC ERGO,2025-03-15,1066.41,Under Review,Not Applicable,2025-04-14,0.0,1066.41
CLM006594,BILL008829,PAT07151,FAC005,DEP001,Niva Bupa,2025-02-27,1711.98,Paid,Not Applicable,2025-03-18,1669.21,42.77
CLM006595,BILL008830,PAT00425,FAC004,DEP002,Star Health,2025-08-26,1076.03,Denied,Eligibility Issue,2025-09-01,0.0,1076.03
CLM006607,BILL008845,PAT07062,FAC001,DEP003,HDFC ERGO,2025-06-18,441.9,Paid,Not Applicable,2025-07-16,424.23,17.67
CLM006611,BILL008852,PAT08210,FAC005,DEP003,ICICI Lombard,2025-07-23,623.13,Denied,Authorization Missing,2025-08-03,0.0,623.13
CLM006612,BILL008854,PAT05170,FAC002,DEP005,Care Health,2025-01-02,601.2,Approved,Not Applicable,2025-01-18,569.51,31.69
CLM006622,BILL008869,PAT04609,FAC001,DEP001,Star Health,2025-09-26,1119.58,Approved,Not Applicable,2025-10-23,1079.58,40.0
CLM006624,BILL008872,PAT04827,FAC005,DEP001,HDFC ERGO,2025-08-20,1852.97,Pending,Not Applicable,2025-09-24,0.0,1852.97
CLM006646,BILL008897,PAT00100,FAC005,DEP008,Star Health,2025-10-16,1616.91,Denied,Coding Error,2025-11-06,0.0,1616.91
CLM006652,BILL008903,PAT05217,FAC003,DEP003,Star Health,2025-10-19,748.41,Paid,Not Applicable,2025-11-04,744.79,3.62
CLM006658,BILL008909,PAT00020,FAC005,DEP007,Star Health,2025-03-15,515.35,Approved,Not Applicable,2025-03-25,440.89,74.46
CLM006670,BILL008925,PAT05533,FAC003,DEP007,ICICI Lombard,2025-07-27,845.03,Pending,Not Applicable,2025-08-17,0.0,845.03
CLM006676,BILL008931,PAT02797,FAC005,DEP007,Star Health,2025-09-15,636.13,Approved,Not Applicable,2025-09-23,546.16,89.97
CLM006677,BILL008933,PAT02302,FAC002,DEP001,ICICI Lombard,2025-09-10,1630.39,Approved,Not Applicable,2025-09-17,1494.24,136.15
CLM006679,BILL008936,PAT01122,FAC001,DEP002,Star Health,2025-10-03,1015.8,Pending,Not Applicable,2025-11-01,0.0,1015.8
CLM006688,BILL008949,PAT06880,FAC002,DEP002,Star Health,2025-10-13,906.81,Paid,Not Applicable,2025-10-25,862.39,44.42
CLM006704,BILL008972,PAT08911,FAC005,DEP005,Star Health,2025-12-17,602.51,Paid,Not Applicable,2025-12-26,595.81,6.7
CLM006711,BILL008981,PAT07360,FAC005,DEP007,Niva Bupa,2025-11-16,677.79,Paid,Not Applicable,2025-12-08,631.79,46.0
CLM006713,BILL008985,PAT03252,FAC001,DEP002,Niva Bupa,2025-03-13,787.62,Paid,Not Applicable,2025-03-26,759.24,28.38
CLM006732,BILL009015,PAT08452,FAC003,DEP005,Star Health,2025-02-20,493.84,Denied,Duplicate Claim,2025-03-07,0.0,493.84
CLM006749,BILL009035,PAT05218,FAC003,DEP007,Star Health,2025-05-08,713.5,Paid,Not Applicable,2025-05-19,677.56,35.94
CLM006751,BILL009037,PAT04116,FAC002,DEP007,ICICI Lombard,2025-09-08,236.32,Approved,Not Applicable,2025-10-02,233.87,2.45
CLM006758,BILL009045,PAT06827,FAC001,DEP001,ICICI Lombard,2025-11-02,827.76,Paid,Not Applicable,2025-11-14,762.53,65.23
CLM006761,BILL009050,PAT08391,FAC001,DEP005,ICICI Lombard,2025-06-09,390.7,Under Review,Not Applicable,2025-07-19,0.0,390.7
CLM006762,BILL009052,PAT03949,FAC003,DEP008,ICICI Lombard,2025-11-27,1728.32,Paid,Not Applicable,2025-12-07,1691.7,36.62
CLM006768,BILL009059,PAT01154,FAC004,DEP007,ICICI Lombard,2025-08-21,564.94,Denied,Policy Exclusion,2025-08-28,0.0,564.94
CLM006774,BILL009066,PAT01744,FAC003,DEP003,HDFC ERGO,2025-06-13,691.64,Pending,Not Applicable,2025-07-16,0.0,691.64
CLM006781,BILL009073,PAT06424,FAC001,DEP005,ICICI Lombard,2025-04-18,452.62,Paid,Not Applicable,2025-04-24,436.65,15.97
CLM006799,BILL009094,PAT00016,FAC005,DEP005,ICICI Lombard,2025-04-01,491.21,Paid,Not Applicable,2025-04-25,480.47,10.74
CLM006805,BILL009103,PAT01108,FAC002,DEP005,ICICI Lombard,2025-03-21,548.57,Under Review,Not Applicable,2025-04-10,0.0,548.57
CLM006808,BILL009108,PAT08274,FAC001,DEP002,Niva Bupa,2025-01-10,1212.83,Paid,Not Applicable,2025-02-01,1189.85,22.98
CLM006814,BILL009114,PAT08216,FAC001,DEP003,Star Health,2025-12-15,326.5,Approved,Not Applicable,2026-01-05,290.06,36.44
CLM006820,BILL009121,PAT06694,FAC003,DEP007,Star Health,2025-02-17,639.09,Paid,Not Applicable,2025-03-04,589.45,49.64
CLM006823,BILL009125,PAT09442,FAC002,DEP001,Niva Bupa,2025-03-25,1553.46,Pending,Not Applicable,2025-04-17,0.0,1553.46
CLM006824,BILL009126,PAT09680,FAC005,DEP001,HDFC ERGO,2025-12-25,1011.63,Approved,Not Applicable,2026-01-01,991.78,19.85
CLM006826,BILL009128,PAT07535,FAC002,DEP002,Star Health,2025-02-13,921.0,Paid,Not Applicable,2025-03-08,890.92,30.08
CLM006827,BILL009129,PAT07334,FAC003,DEP007,Niva Bupa,2025-03-02,391.65,Approved,Not Applicable,2025-03-13,383.48,8.17
CLM006832,BILL009135,PAT08452,FAC004,DEP001,Niva Bupa,2025-04-02,997.03,Paid,Not Applicable,2025-04-24,966.59,30.44
CLM006840,BILL009147,PAT06441,FAC003,DEP007,ICICI Lombard,2025-01-25,619.28,Paid,Not Applicable,2025-02-19,607.25,12.03
CLM006845,BILL009153,PAT01086,FAC004,DEP002,ICICI Lombard,2025-01-16,1002.19,Under Review,Not Applicable,2025-02-05,0.0,1002.19
CLM006878,BILL009195,PAT09458,FAC003,DEP008,Star Health,2025-04-29,1454.66,Approved,Not Applicable,2025-05-22,1444.49,10.17
CLM006880,BILL009197,PAT09474,FAC004,DEP002,Star Health,2025-11-09,1198.85,Paid,Not Applicable,2025-12-07,1136.35,62.5
CLM006882,BILL009199,PAT01399,FAC005,DEP007,Care Health,2025-05-28,727.74,Paid,Not Applicable,2025-06-12,683.41,44.33
CLM006895,BILL009215,PAT06408,FAC003,DEP003,HDFC ERGO,2025-02-11,450.37,Paid,Not Applicable,2025-02-18,420.34,30.03
CLM006901,BILL009227,PAT07508,FAC004,DEP002,ICICI Lombard,2025-07-16,1202.06,Denied,Missing Documentation,2025-07-31,0.0,1202.06
CLM006904,BILL009232,PAT04756,FAC002,DEP002,ICICI Lombard,2025-08-27,1185.87,Paid,Not Applicable,2025-09-25,1123.24,62.63
CLM006911,BILL009242,PAT08904,FAC004,DEP002,Star Health,2025-10-08,1189.46,Paid,Not Applicable,2025-10-26,1144.69,44.77
CLM006917,BILL009250,PAT04345,FAC002,DEP005,HDFC ERGO,2025-01-18,648.06,Paid,Not Applicable,2025-02-15,639.26,8.8
CLM006926,BILL009262,PAT03426,FAC003,DEP008,HDFC ERGO,2025-05-01,1508.78,Paid,Not Applicable,2025-05-18,1450.89,57.89
CLM006928,BILL009264,PAT04790,FAC001,DEP001,Star Health,2025-05-29,1014.08,Paid,Not Applicable,2025-06-15,942.48,71.6
CLM006936,BILL009275,PAT03949,FAC002,DEP006,HDFC ERGO,2025-08-27,708.23,Paid,Not Applicable,2025-09-06,662.13,46.1
CLM006942,BILL009281,PAT04769,FAC003,DEP005,Care Health,2025-07-11,475.97,Approved,Not Applicable,2025-08-09,457.34,18.63
CLM006944,BILL009283,PAT09346,FAC005,DEP001,Care Health,2025-10-08,1234.68,Approved,Not Applicable,2025-10-27,1093.93,140.75
CLM006949,BILL009288,PAT08884,FAC003,DEP001,ICICI Lombard,2025-05-06,1118.73,Approved,Not Applicable,2025-05-22,1077.95,40.78
CLM006953,BILL009294,PAT04442,FAC003,DEP001,HDFC ERGO,2025-10-04,1255.6,Approved,Not Applicable,2025-10-20,1206.05,49.55
CLM006962,BILL009306,PAT08969,FAC003,DEP008,ICICI Lombard,2025-03-23,1463.47,Paid,Not Applicable,2025-03-28,1439.85,23.62
CLM006964,BILL009309,PAT01115,FAC002,DEP001,HDFC ERGO,2025-08-17,1260.64,Approved,Not Applicable,2025-09-14,1179.51,81.13
CLM006972,BILL009324,PAT04281,FAC004,DEP005,Niva Bupa,2025-01-26,375.45,Approved,Not Applicable,2025-02-15,347.96,27.49
CLM006976,BILL009329,PAT05146,FAC001,DEP002,Niva Bupa,2025-02-06,1245.82,Approved,Not Applicable,2025-03-05,1192.05,53.77
CLM006988,BILL009345,PAT05708,FAC001,DEP001,ICICI Lombard,2025-10-20,1893.34,Paid,Not Applicable,2025-10-30,1845.24,48.1
CLM006994,BILL009352,PAT06804,FAC004,DEP004,Care Health,2025-12-24,863.73,Pending,Not Applicable,2026-01-28,0.0,863.73
CLM006998,BILL009363,PAT01521,FAC004,DEP002,HDFC ERGO,2025-03-20,977.24,Pending,Not Applicable,2025-05-03,0.0,977.24
CLM007004,BILL009371,PAT03820,FAC002,DEP001,Niva Bupa,2025-10-07,1228.08,Approved,Not Applicable,2025-11-02,1048.55,179.53
CLM007014,BILL009381,PAT08279,FAC001,DEP001,Niva Bupa,2025-06-01,1327.02,Paid,Not Applicable,2025-06-29,1258.05,68.97
CLM007016,BILL009385,PAT08635,FAC002,DEP005,ICICI Lombard,2025-03-04,452.29,Denied,Coding Error,2025-03-20,0.0,452.29
CLM007025,BILL009403,PAT01580,FAC002,DEP001,ICICI Lombard,2025-11-05,882.25,Denied,Eligibility Issue,2025-11-20,0.0,882.25
CLM007026,BILL009405,PAT07536,FAC005,DEP005,ICICI Lombard,2025-06-09,599.76,Under Review,Not Applicable,2025-07-23,0.0,599.76
CLM007028,BILL009407,PAT02500,FAC005,DEP001,Care Health,2025-10-07,1187.77,Pending,Not Applicable,2025-10-22,0.0,1187.77
CLM007037,BILL009416,PAT05181,FAC004,DEP004,Niva Bupa,2025-01-27,1498.48,Paid,Not Applicable,2025-02-09,1475.08,23.4
CLM007041,BILL009422,PAT04844,FAC003,DEP003,ICICI Lombard,2025-02-25,449.6,Under Review,Not Applicable,2025-03-13,0.0,449.6
CLM007044,BILL009425,PAT02620,FAC005,DEP003,Care Health,2025-03-08,377.82,Paid,Not Applicable,2025-03-15,362.67,15.15
CLM007045,BILL009426,PAT09341,FAC001,DEP002,HDFC ERGO,2025-08-03,731.02,Pending,Not Applicable,2025-09-07,0.0,731.02
CLM007053,BILL009437,PAT00725,FAC002,DEP001,Star Health,2025-05-27,861.02,Paid,Not Applicable,2025-06-23,839.53,21.49
CLM007054,BILL009438,PAT08918,FAC003,DEP005,Star Health,2025-04-30,453.17,Paid,Not Applicable,2025-05-05,451.02,2.15
CLM007061,BILL009448,PAT01036,FAC005,DEP007,Care Health,2025-01-25,702.34,Approved,Not Applicable,2025-02-21,676.73,25.61
CLM007066,BILL009453,PAT02335,FAC004,DEP007,ICICI Lombard,2025-01-14,478.37,Approved,Not Applicable,2025-01-31,409.05,69.32
CLM007067,BILL009455,PAT01517,FAC005,DEP003,Star Health,2025-06-09,521.22,Paid,Not Applicable,2025-06-23,488.78,32.44
CLM007099,BILL009500,PAT02609,FAC002,DEP002,Care Health,2025-11-03,876.58,Denied,Authorization Missing,2025-11-16,0.0,876.58
CLM007113,BILL009520,PAT02003,FAC004,DEP005,HDFC ERGO,2025-01-26,336.38,Paid,Not Applicable,2025-02-03,311.02,25.36
CLM007123,BILL009533,PAT08197,FAC003,DEP005,Care Health,2025-07-14,461.83,Paid,Not Applicable,2025-08-02,452.34,9.49
CLM007129,BILL009539,PAT05801,FAC004,DEP001,Niva Bupa,2025-09-19,943.07,Approved,Not Applicable,2025-10-06,888.31,54.76
CLM007130,BILL009540,PAT05986,FAC005,DEP008,Star Health,2025-10-06,1533.14,Pending,Not Applicable,2025-11-16,0.0,1533.14
CLM007141,BILL009555,PAT03708,FAC003,DEP007,HDFC ERGO,2025-05-09,673.8,Paid,Not Applicable,2025-05-17,669.24,4.56
CLM007149,BILL009568,PAT03088,FAC002,DEP005,Care Health,2025-04-24,376.79,Under Review,Not Applicable,2025-05-13,0.0,376.79
CLM007162,BILL009586,PAT07938,FAC003,DEP005,ICICI Lombard,2025-05-25,679.26,Paid,Not Applicable,2025-06-02,643.38,35.88
CLM007174,BILL009602,PAT02026,FAC005,DEP001,Star Health,2025-12-04,756.36,Pending,Not Applicable,2025-12-15,0.0,756.36
CLM007175,BILL009603,PAT05293,FAC004,DEP005,Star Health,2025-06-06,220.14,Under Review,Not Applicable,2025-06-29,0.0,220.14
CLM007181,BILL009610,PAT07088,FAC004,DEP007,Niva Bupa,2025-05-08,759.97,Paid,Not Applicable,2025-05-29,728.16,31.81
CLM007195,BILL009628,PAT09213,FAC003,DEP007,Star Health,2025-07-04,404.95,Under Review,Not Applicable,2025-08-18,0.0,404.95
CLM007204,BILL009643,PAT03121,FAC005,DEP007,Care Health,2025-05-16,611.44,Under Review,Not Applicable,2025-06-30,0.0,611.44
CLM007207,BILL009647,PAT01255,FAC005,DEP001,Niva Bupa,2025-07-10,1253.85,Approved,Not Applicable,2025-07-20,1161.12,92.73
CLM007211,BILL009652,PAT03707,FAC004,DEP006,Niva Bupa,2025-02-03,661.63,Approved,Not Applicable,2025-02-27,646.6,15.03
CLM007214,BILL009659,PAT08241,FAC005,DEP007,Niva Bupa,2025-05-23,738.38,Pending,Not Applicable,2025-06-18,0.0,738.38
CLM007232,BILL009685,PAT02803,FAC004,DEP005,Star Health,2025-11-08,495.02,Under Review,Not Applicable,2025-12-13,0.0,495.02
CLM007238,BILL009692,PAT07483,FAC004,DEP002,Star Health,2025-12-15,672.22,Under Review,Not Applicable,2025-12-26,0.0,672.22
CLM007245,BILL009703,PAT02255,FAC003,DEP005,Star Health,2025-11-08,605.66,Paid,Not Applicable,2025-11-23,574.71,30.95
CLM007247,BILL009705,PAT03326,FAC001,DEP005,ICICI Lombard,2025-04-19,337.58,Denied,Coding Error,2025-04-26,0.0,337.58
CLM007253,BILL009715,PAT09539,FAC005,DEP008,ICICI Lombard,2025-03-03,2017.66,Pending,Not Applicable,2025-03-15,0.0,2017.66
CLM007258,BILL009723,PAT06316,FAC002,DEP005,HDFC ERGO,2025-01-11,466.58,Paid,Not Applicable,2025-01-30,454.68,11.9
CLM007268,BILL009737,PAT08179,FAC004,DEP002,Niva Bupa,2025-08-07,1424.08,Under Review,Not Applicable,2025-08-25,0.0,1424.08
CLM007271,BILL009741,PAT03895,FAC004,DEP007,Niva Bupa,2025-06-16,458.9,Paid,Not Applicable,2025-07-13,440.75,18.15
CLM007273,BILL009743,PAT00484,FAC002,DEP001,Star Health,2025-10-10,995.81,Paid,Not Applicable,2025-11-02,965.65,30.16
CLM007288,BILL009764,PAT06221,FAC002,DEP001,Niva Bupa,2025-10-18,1414.45,Under Review,Not Applicable,2025-11-14,0.0,1414.45
CLM007293,BILL009769,PAT04402,FAC004,DEP007,ICICI Lombard,2025-01-01,588.11,Approved,Not Applicable,2025-01-08,569.7,18.41
CLM007299,BILL009775,PAT05999,FAC003,DEP005,Niva Bupa,2025-05-04,552.08,Pending,Not Applicable,2025-05-15,0.0,552.08
CLM007312,BILL009788,PAT06071,FAC001,DEP003,Niva Bupa,2025-01-17,833.03,Pending,Not Applicable,2025-02-02,0.0,833.03
CLM007313,BILL009789,PAT01483,FAC005,DEP008,Care Health,2025-07-22,981.44,Approved,Not Applicable,2025-07-29,843.79,137.65
CLM007317,BILL009794,PAT05404,FAC003,DEP008,ICICI Lombard,2025-02-19,1918.31,Paid,Not Applicable,2025-03-05,1902.12,16.19
CLM007321,BILL009799,PAT08701,FAC004,DEP002,ICICI Lombard,2025-01-09,727.31,Paid,Not Applicable,2025-01-28,709.14,18.17
CLM007323,BILL009802,PAT07976,FAC001,DEP003,Care Health,2025-03-22,415.05,Pending,Not Applicable,2025-04-15,0.0,415.05
CLM007324,BILL009803,PAT03419,FAC005,DEP007,Care Health,2025-06-23,445.26,Denied,Coding Error,2025-07-06,0.0,445.26
CLM007325,BILL009804,PAT09606,FAC001,DEP004,ICICI Lombard,2025-10-19,1174.08,Approved,Not Applicable,2025-10-29,1136.27,37.81
CLM007328,BILL009809,PAT09404,FAC001,DEP002,HDFC ERGO,2025-07-28,1202.5,Approved,Not Applicable,2025-08-23,1170.25,32.25
CLM007331,BILL009813,PAT09159,FAC005,DEP001,HDFC ERGO,2025-10-12,1152.29,Under Review,Not Applicable,2025-11-06,0.0,1152.29
CLM007333,BILL009815,PAT01912,FAC004,DEP001,ICICI Lombard,2025-05-27,681.8,Pending,Not Applicable,2025-06-24,0.0,681.8
CLM007336,BILL009819,PAT08875,FAC004,DEP001,ICICI Lombard,2025-12-15,1588.62,Pending,Not Applicable,2026-01-14,0.0,1588.62
CLM007343,BILL009830,PAT05221,FAC004,DEP001,Niva Bupa,2025-02-10,1523.09,Approved,Not Applicable,2025-03-02,1346.17,176.92
CLM007350,BILL009840,PAT03729,FAC005,DEP003,Star Health,2025-10-25,524.82,Paid,Not Applicable,2025-10-30,497.74,27.08
CLM007353,BILL009843,PAT03284,FAC003,DEP003,HDFC ERGO,2025-04-16,649.77,Under Review,Not Applicable,2025-04-26,0.0,649.77
CLM007354,BILL009844,PAT06432,FAC005,DEP001,Star Health,2025-03-20,1385.99,Pending,Not Applicable,2025-04-13,0.0,1385.99
CLM007360,BILL009852,PAT00979,FAC001,DEP005,ICICI Lombard,2025-12-11,502.55,Approved,Not Applicable,2025-12-22,487.42,15.13
CLM007372,BILL009867,PAT00412,FAC005,DEP001,Niva Bupa,2025-08-25,1702.73,Paid,Not Applicable,2025-09-14,1680.35,22.38
CLM007385,BILL009883,PAT05675,FAC003,DEP005,ICICI Lombard,2025-04-08,420.7,Denied,Coding Error,2025-04-20,0.0,420.7
CLM007390,BILL009889,PAT07418,FAC001,DEP002,Star Health,2025-04-09,1099.91,Pending,Not Applicable,2025-04-27,0.0,1099.91
CLM007396,BILL009898,PAT06211,FAC003,DEP008,ICICI Lombard,2025-05-19,1511.13,Denied,Missing Documentation,2025-06-02,0.0,1511.13
CLM007402,BILL009907,PAT01881,FAC002,DEP002,Star Health,2025-12-13,1003.06,Approved,Not Applicable,2026-01-09,951.37,51.69
CLM007404,BILL009909,PAT05386,FAC004,DEP006,Niva Bupa,2025-10-17,931.68,Under Review,Not Applicable,2025-11-09,0.0,931.68
CLM007405,BILL009910,PAT02958,FAC001,DEP002,Star Health,2025-12-17,753.86,Approved,Not Applicable,2026-01-05,697.67,56.19
CLM007412,BILL009919,PAT07418,FAC005,DEP003,Care Health,2025-11-15,622.38,Paid,Not Applicable,2025-12-12,599.38,23.0
CLM007415,BILL009922,PAT09160,FAC005,DEP001,Care Health,2025-01-12,1208.82,Approved,Not Applicable,2025-01-28,1069.62,139.2
CLM007416,BILL009923,PAT02237,FAC005,DEP003,Niva Bupa,2025-08-13,765.27,Paid,Not Applicable,2025-08-21,758.1,7.17
CLM007422,BILL009930,PAT01666,FAC002,DEP007,ICICI Lombard,2025-09-02,736.78,Pending,Not Applicable,2025-09-27,0.0,736.78
CLM007425,BILL009936,PAT07802,FAC003,DEP001,Star Health,2025-02-16,1227.91,Pending,Not Applicable,2025-03-16,0.0,1227.91
CLM007435,BILL009948,PAT09485,FAC005,DEP003,Care Health,2025-11-11,702.05,Pending,Not Applicable,2025-12-06,0.0,702.05
CLM007436,BILL009951,PAT02914,FAC001,DEP003,Star Health,2025-05-26,619.35,Denied,Duplicate Claim,2025-06-04,0.0,619.35
CLM007437,BILL009952,PAT07014,FAC001,DEP008,Niva Bupa,2025-02-04,2122.56,Approved,Not Applicable,2025-02-22,2002.9,119.66
CLM007438,BILL009953,PAT09939,FAC001,DEP008,HDFC ERGO,2025-10-11,1652.22,Approved,Not Applicable,2025-11-01,1472.0,180.22
CLM007440,BILL009956,PAT08983,FAC003,DEP003,Care Health,2025-08-26,396.87,Pending,Not Applicable,2025-09-18,0.0,396.87
CLM007446,BILL009964,PAT00354,FAC003,DEP001,Niva Bupa,2025-05-14,1275.98,Paid,Not Applicable,2025-06-11,1192.53,83.45
CLM007447,BILL009966,PAT08986,FAC001,DEP005,ICICI Lombard,2025-09-29,257.42,Under Review,Not Applicable,2025-10-16,0.0,257.42
CLM007448,BILL009968,PAT04456,FAC001,DEP002,HDFC ERGO,2025-07-01,636.14,Approved,Not Applicable,2025-07-13,601.06,35.08
CLM007452,BILL009976,PAT02612,FAC003,DEP005,Niva Bupa,2025-04-13,478.5,Pending,Not Applicable,2025-05-22,0.0,478.5
CLM007474,BILL010011,PAT07811,FAC001,DEP002,Star Health,2025-03-27,1174.49,Under Review,Not Applicable,2025-04-19,0.0,1174.49
CLM007475,BILL010012,PAT04949,FAC005,DEP008,ICICI Lombard,2025-11-17,1282.02,Pending,Not Applicable,2025-12-09,0.0,1282.02
CLM007478,BILL010015,PAT00748,FAC003,DEP008,Niva Bupa,2025-10-20,944.4,Approved,Not Applicable,2025-11-01,860.91,83.49
CLM007482,BILL010021,PAT01399,FAC001,DEP005,Care Health,2025-02-14,308.7,Paid,Not Applicable,2025-03-03,306.39,2.31
CLM007490,BILL010036,PAT09159,FAC001,DEP002,Star Health,2025-04-27,1030.18,Denied,Duplicate Claim,2025-05-03,0.0,1030.18
CLM007491,BILL010039,PAT00084,FAC004,DEP007,Star Health,2025-01-24,988.84,Paid,Not Applicable,2025-02-15,984.38,4.46
CLM007496,BILL010044,PAT06923,FAC004,DEP002,ICICI Lombard,2025-07-15,945.08,Under Review,Not Applicable,2025-08-29,0.0,945.08
CLM007497,BILL010047,PAT06881,FAC001,DEP003,Care Health,2025-11-11,839.92,Approved,Not Applicable,2025-11-20,812.62,27.3
CLM007501,BILL010052,PAT09647,FAC002,DEP002,Star Health,2025-09-18,939.49,Paid,Not Applicable,2025-09-27,888.57,50.92
CLM007502,BILL010053,PAT05909,FAC001,DEP005,Star Health,2025-08-06,386.93,Paid,Not Applicable,2025-08-24,375.88,11.05
CLM007504,BILL010055,PAT08608,FAC003,DEP008,Star Health,2025-05-28,1478.94,Approved,Not Applicable,2025-06-21,1445.28,33.66
CLM007511,BILL010066,PAT08243,FAC005,DEP005,ICICI Lombard,2025-11-17,421.68,Paid,Not Applicable,2025-11-24,392.59,29.09
CLM007514,BILL010069,PAT04314,FAC003,DEP001,HDFC ERGO,2025-07-09,759.46,Pending,Not Applicable,2025-07-26,0.0,759.46
CLM007515,BILL010070,PAT05713,FAC005,DEP005,Star Health,2025-06-30,558.32,Pending,Not Applicable,2025-07-13,0.0,558.32
CLM007523,BILL010080,PAT05013,FAC001,DEP001,HDFC ERGO,2025-04-15,1360.51,Under Review,Not Applicable,2025-04-29,0.0,1360.51
CLM007528,BILL010085,PAT02702,FAC004,DEP007,ICICI Lombard,2025-12-03,464.57,Approved,Not Applicable,2025-12-21,403.83,60.74
CLM007530,BILL010088,PAT08391,FAC003,DEP007,Niva Bupa,2025-05-20,384.22,Paid,Not Applicable,2025-06-13,372.1,12.12
CLM007542,BILL010104,PAT00185,FAC002,DEP005,HDFC ERGO,2025-01-15,535.44,Approved,Not Applicable,2025-01-31,478.28,57.16
CLM007550,BILL010112,PAT07535,FAC003,DEP003,Care Health,2025-01-12,1027.33,Paid,Not Applicable,2025-02-02,1008.85,18.48
CLM007554,BILL010118,PAT05643,FAC004,DEP001,Care Health,2025-08-27,861.18,Under Review,Not Applicable,2025-09-27,0.0,861.18
CLM007561,BILL010128,PAT04044,FAC003,DEP001,Star Health,2025-08-24,1892.02,Pending,Not Applicable,2025-09-26,0.0,1892.02
CLM007566,BILL010135,PAT01741,FAC002,DEP001,Star Health,2025-01-26,1309.22,Pending,Not Applicable,2025-02-20,0.0,1309.22
CLM007575,BILL010149,PAT08086,FAC004,DEP005,Niva Bupa,2025-12-18,696.02,Paid,Not Applicable,2025-12-25,681.32,14.7
CLM007577,BILL010151,PAT08388,FAC003,DEP005,Care Health,2025-10-13,548.61,Approved,Not Applicable,2025-11-02,489.21,59.4
CLM007583,BILL010160,PAT05958,FAC002,DEP002,ICICI Lombard,2025-11-08,909.92,Denied,Duplicate Claim,2025-11-25,0.0,909.92
CLM007586,BILL010163,PAT09323,FAC005,DEP003,HDFC ERGO,2025-04-23,378.96,Paid,Not Applicable,2025-05-11,355.16,23.8
CLM007587,BILL010164,PAT01403,FAC001,DEP001,Care Health,2025-09-24,1040.15,Approved,Not Applicable,2025-10-04,945.57,94.58
CLM007591,BILL010168,PAT07250,FAC003,DEP007,ICICI Lombard,2025-05-04,548.55,Pending,Not Applicable,2025-05-15,0.0,548.55
CLM007593,BILL010170,PAT04831,FAC004,DEP001,HDFC ERGO,2025-03-30,1311.9,Paid,Not Applicable,2025-04-08,1284.13,27.77
CLM007602,BILL010181,PAT00426,FAC002,DEP002,Star Health,2025-10-20,1317.7,Paid,Not Applicable,2025-10-28,1288.77,28.93
CLM007603,BILL010182,PAT07540,FAC002,DEP002,ICICI Lombard,2025-12-21,680.1,Pending,Not Applicable,2026-01-14,0.0,680.1
CLM007606,BILL010185,PAT05217,FAC005,DEP007,ICICI Lombard,2025-12-20,685.68,Pending,Not Applicable,2026-01-04,0.0,685.68
CLM007609,BILL010188,PAT06809,FAC002,DEP002,ICICI Lombard,2025-04-08,729.78,Approved,Not Applicable,2025-05-05,659.47,70.31
CLM007610,BILL010189,PAT01963,FAC005,DEP003,Star Health,2025-10-27,545.57,Approved,Not Applicable,2025-11-03,484.0,61.57
CLM007622,BILL010204,PAT02958,FAC005,DEP003,Niva Bupa,2025-07-07,458.61,Under Review,Not Applicable,2025-07-27,0.0,458.61
CLM007634,BILL010220,PAT08911,FAC003,DEP001,ICICI Lombard,2025-01-03,799.04,Denied,Authorization Missing,2025-01-12,0.0,799.04
CLM007636,BILL010223,PAT00334,FAC003,DEP005,ICICI Lombard,2025-08-20,609.27,Under Review,Not Applicable,2025-09-27,0.0,609.27
CLM007638,BILL010226,PAT07540,FAC003,DEP003,ICICI Lombard,2025-01-21,309.04,Paid,Not Applicable,2025-02-08,297.97,11.07
CLM007639,BILL010227,PAT06919,FAC005,DEP001,Care Health,2025-09-11,798.24,Denied,Duplicate Claim,2025-09-20,0.0,798.24
CLM007643,BILL010234,PAT05533,FAC004,DEP005,ICICI Lombard,2025-11-02,520.01,Approved,Not Applicable,2025-11-13,504.44,15.57
CLM007655,BILL010251,PAT04076,FAC003,DEP001,HDFC ERGO,2025-06-22,1171.68,Paid,Not Applicable,2025-06-30,1101.44,70.24
CLM007657,BILL010253,PAT02996,FAC004,DEP002,Star Health,2025-03-29,675.53,Approved,Not Applicable,2025-04-16,632.39,43.14
CLM007659,BILL010257,PAT01990,FAC003,DEP001,Star Health,2025-12-11,667.1,Approved,Not Applicable,2026-01-05,644.06,23.04
CLM007666,BILL010265,PAT07525,FAC003,DEP008,Care Health,2025-06-10,1785.67,Pending,Not Applicable,2025-06-21,0.0,1785.67
CLM007669,BILL010268,PAT01057,FAC003,DEP005,Star Health,2025-08-14,538.07,Pending,Not Applicable,2025-08-30,0.0,538.07
CLM007676,BILL010279,PAT09895,FAC003,DEP003,HDFC ERGO,2025-01-31,472.22,Approved,Not Applicable,2025-02-17,422.26,49.96
CLM007686,BILL010292,PAT04234,FAC001,DEP008,Star Health,2025-10-09,1516.6,Denied,Authorization Missing,2025-10-30,0.0,1516.6
CLM007691,BILL010298,PAT05490,FAC001,DEP002,ICICI Lombard,2025-12-24,656.71,Denied,Missing Documentation,2026-01-13,0.0,656.71
CLM007695,BILL010304,PAT04861,FAC005,DEP005,Niva Bupa,2025-06-26,604.16,Paid,Not Applicable,2025-07-03,568.94,35.22
CLM007713,BILL010323,PAT05684,FAC005,DEP003,Star Health,2025-05-25,743.26,Approved,Not Applicable,2025-06-18,660.43,82.83
CLM007718,BILL010328,PAT06046,FAC001,DEP008,Star Health,2025-10-15,1835.34,Denied,Coding Error,2025-10-24,0.0,1835.34
CLM007720,BILL010330,PAT07515,FAC002,DEP005,HDFC ERGO,2025-06-18,604.26,Paid,Not Applicable,2025-07-15,587.9,16.36
CLM007721,BILL010331,PAT00388,FAC005,DEP001,HDFC ERGO,2025-04-13,1454.4,Pending,Not Applicable,2025-05-03,0.0,1454.4
CLM007726,BILL010338,PAT01471,FAC004,DEP004,Star Health,2025-12-16,1201.86,Paid,Not Applicable,2026-01-05,1177.89,23.97
CLM007739,BILL010354,PAT09053,FAC004,DEP002,Star Health,2025-10-13,821.0,Denied,Missing Documentation,2025-10-19,0.0,821.0
CLM007749,BILL010366,PAT02627,FAC001,DEP001,Care Health,2025-09-05,1994.93,Paid,Not Applicable,2025-10-02,1933.75,61.18
CLM007758,BILL010378,PAT05971,FAC005,DEP001,Star Health,2025-03-23,1329.81,Paid,Not Applicable,2025-04-04,1314.48,15.33
CLM007763,BILL010386,PAT00182,FAC003,DEP005,Niva Bupa,2025-09-10,349.57,Paid,Not Applicable,2025-09-29,334.99,14.58
CLM007766,BILL010390,PAT07177,FAC004,DEP001,Star Health,2025-03-31,1098.22,Pending,Not Applicable,2025-05-08,0.0,1098.22
CLM007769,BILL010393,PAT04991,FAC003,DEP001,Niva Bupa,2025-12-24,1344.98,Denied,Coding Error,2026-01-09,0.0,1344.98
CLM007783,BILL010410,PAT03166,FAC005,DEP008,Niva Bupa,2025-06-14,1419.62,Approved,Not Applicable,2025-07-05,1289.9,129.72
CLM007789,BILL010418,PAT05423,FAC004,DEP006,Star Health,2025-11-26,347.81,Approved,Not Applicable,2025-12-14,341.91,5.9
CLM007795,BILL010426,PAT03214,FAC004,DEP002,HDFC ERGO,2025-10-07,896.17,Pending,Not Applicable,2025-11-08,0.0,896.17
CLM007797,BILL010429,PAT08086,FAC002,DEP001,Niva Bupa,2025-05-26,886.3,Paid,Not Applicable,2025-06-12,856.53,29.77
CLM007800,BILL010432,PAT07041,FAC003,DEP008,Niva Bupa,2025-08-01,2040.81,Approved,Not Applicable,2025-08-20,1879.99,160.82
CLM007802,BILL010435,PAT03215,FAC001,DEP001,Niva Bupa,2025-08-29,1122.4,Denied,Duplicate Claim,2025-09-17,0.0,1122.4
CLM007810,BILL010446,PAT04505,FAC004,DEP004,Niva Bupa,2025-03-11,1157.2,Pending,Not Applicable,2025-03-22,0.0,1157.2
CLM007815,BILL010452,PAT07725,FAC003,DEP003,Niva Bupa,2025-07-07,456.66,Pending,Not Applicable,2025-08-12,0.0,456.66
CLM007820,BILL010458,PAT08304,FAC003,DEP005,Niva Bupa,2025-12-18,476.72,Approved,Not Applicable,2026-01-02,414.12,62.6
CLM007822,BILL010460,PAT05013,FAC004,DEP001,Star Health,2025-11-19,1421.71,Approved,Not Applicable,2025-11-30,1365.92,55.79
CLM007823,BILL010462,PAT09782,FAC001,DEP001,HDFC ERGO,2025-10-14,1245.82,Pending,Not Applicable,2025-11-08,0.0,1245.82
CLM007825,BILL010464,PAT09856,FAC002,DEP007,Star Health,2025-02-23,514.86,Approved,Not Applicable,2025-03-21,471.21,43.65
CLM007834,BILL010475,PAT06509,FAC003,DEP001,Star Health,2025-05-06,1060.88,Pending,Not Applicable,2025-05-17,0.0,1060.88
CLM007840,BILL010482,PAT02324,FAC001,DEP008,Star Health,2025-05-06,1659.22,Denied,Eligibility Issue,2025-05-22,0.0,1659.22
CLM007846,BILL010492,PAT07325,FAC003,DEP001,HDFC ERGO,2025-11-18,1503.93,Denied,Authorization Missing,2025-11-27,0.0,1503.93
CLM007852,BILL010498,PAT03979,FAC001,DEP005,ICICI Lombard,2025-06-14,536.77,Under Review,Not Applicable,2025-07-19,0.0,536.77
CLM007853,BILL010499,PAT05024,FAC003,DEP007,Care Health,2025-08-19,393.26,Paid,Not Applicable,2025-08-24,385.43,7.83
CLM007854,BILL010501,PAT00737,FAC003,DEP005,HDFC ERGO,2025-03-16,517.55,Approved,Not Applicable,2025-03-28,516.68,0.87
CLM007857,BILL010504,PAT02956,FAC003,DEP005,HDFC ERGO,2025-01-14,328.76,Approved,Not Applicable,2025-02-05,315.93,12.83
CLM007864,BILL010516,PAT07218,FAC002,DEP002,Star Health,2025-01-21,1077.88,Under Review,Not Applicable,2025-02-19,0.0,1077.88
CLM007865,BILL010517,PAT04302,FAC005,DEP007,Niva Bupa,2025-11-21,614.13,Pending,Not Applicable,2025-12-14,0.0,614.13
CLM007868,BILL010522,PAT01298,FAC002,DEP006,ICICI Lombard,2025-05-21,901.46,Denied,Missing Documentation,2025-05-25,0.0,901.46
CLM007870,BILL010524,PAT03949,FAC004,DEP006,Star Health,2025-05-14,841.19,Pending,Not Applicable,2025-06-22,0.0,841.19
CLM007873,BILL010529,PAT04130,FAC004,DEP002,Star Health,2025-12-08,852.06,Pending,Not Applicable,2026-01-13,0.0,852.06
CLM007874,BILL010530,PAT05943,FAC005,DEP003,ICICI Lombard,2025-06-16,537.13,Under Review,Not Applicable,2025-06-26,0.0,537.13
CLM007889,BILL010549,PAT09941,FAC003,DEP001,HDFC ERGO,2025-04-07,1714.35,Under Review,Not Applicable,2025-05-17,0.0,1714.35
CLM007894,BILL010555,PAT06181,FAC003,DEP001,HDFC ERGO,2025-11-14,915.5,Denied,Eligibility Issue,2025-11-23,0.0,915.5
CLM007895,BILL010556,PAT02055,FAC003,DEP001,ICICI Lombard,2025-10-19,1018.59,Approved,Not Applicable,2025-10-24,1007.13,11.46
CLM007898,BILL010559,PAT04102,FAC003,DEP003,Care Health,2025-09-22,664.66,Approved,Not Applicable,2025-10-22,610.83,53.83
CLM007906,BILL010568,PAT08052,FAC004,DEP001,HDFC ERGO,2025-05-30,1720.59,Paid,Not Applicable,2025-06-27,1625.53,95.06
CLM007907,BILL010570,PAT00851,FAC003,DEP003,Star Health,2025-12-10,671.19,Paid,Not Applicable,2025-12-25,670.75,0.44
CLM007908,BILL010571,PAT08736,FAC001,DEP003,HDFC ERGO,2025-07-24,517.35,Paid,Not Applicable,2025-08-02,493.77,23.58
CLM007909,BILL010572,PAT08521,FAC001,DEP005,ICICI Lombard,2025-07-09,528.54,Paid,Not Applicable,2025-08-04,525.0,3.54
CLM007910,BILL010573,PAT08662,FAC002,DEP001,Care Health,2025-03-05,1625.46,Approved,Not Applicable,2025-03-26,1532.47,92.99
CLM007914,BILL010577,PAT05621,FAC002,DEP002,ICICI Lombard,2025-03-01,1047.72,Paid,Not Applicable,2025-03-07,970.62,77.1
CLM007917,BILL010580,PAT09591,FAC005,DEP008,Star Health,2025-05-31,1468.33,Approved,Not Applicable,2025-06-29,1378.05,90.28
CLM007922,BILL010585,PAT04251,FAC004,DEP001,HDFC ERGO,2025-08-06,1723.02,Approved,Not Applicable,2025-08-26,1698.28,24.74
CLM007926,BILL010589,PAT00430,FAC002,DEP005,Star Health,2025-11-01,373.04,Approved,Not Applicable,2025-11-30,334.36,38.68
CLM007927,BILL010590,PAT06827,FAC002,DEP001,HDFC ERGO,2025-04-18,1386.38,Paid,Not Applicable,2025-05-01,1381.46,4.92
CLM007936,BILL010604,PAT03705,FAC002,DEP007,Star Health,2025-02-08,732.78,Under Review,Not Applicable,2025-02-25,0.0,732.78
CLM007939,BILL010607,PAT02520,FAC005,DEP001,HDFC ERGO,2025-04-09,681.76,Approved,Not Applicable,2025-04-19,587.57,94.19
CLM007948,BILL010618,PAT08271,FAC003,DEP001,ICICI Lombard,2025-05-02,1880.48,Under Review,Not Applicable,2025-05-30,0.0,1880.48
CLM007955,BILL010627,PAT01214,FAC005,DEP003,Niva Bupa,2025-05-15,934.27,Pending,Not Applicable,2025-05-29,0.0,934.27
CLM007962,BILL010635,PAT00104,FAC002,DEP001,HDFC ERGO,2026-01-03,1854.84,Paid,Not Applicable,2026-01-22,1738.09,116.75
CLM007968,BILL010641,PAT09150,FAC003,DEP005,Star Health,2025-02-24,502.76,Pending,Not Applicable,2025-03-30,0.0,502.76
CLM007969,BILL010642,PAT02993,FAC002,DEP006,ICICI Lombard,2025-02-13,440.64,Approved,Not Applicable,2025-03-08,430.52,10.12
CLM007972,BILL010645,PAT06189,FAC005,DEP008,Care Health,2025-05-09,1191.47,Denied,Policy Exclusion,2025-05-26,0.0,1191.47
CLM007973,BILL010647,PAT00340,FAC002,DEP001,ICICI Lombard,2025-07-13,971.6,Paid,Not Applicable,2025-07-29,945.81,25.79
CLM007974,BILL010648,PAT05513,FAC002,DEP005,Star Health,2025-06-15,452.63,Paid,Not Applicable,2025-07-01,419.28,33.35
CLM007975,BILL010649,PAT01704,FAC005,DEP007,Care Health,2025-01-14,680.08,Paid,Not Applicable,2025-02-10,626.83,53.25
CLM007977,BILL010651,PAT09459,FAC005,DEP001,ICICI Lombard,2025-02-15,1418.02,Paid,Not Applicable,2025-03-05,1319.32,98.7
CLM007978,BILL010652,PAT04751,FAC003,DEP005,Niva Bupa,2025-02-03,491.14,Pending,Not Applicable,2025-02-19,0.0,491.14
CLM007980,BILL010654,PAT08271,FAC005,DEP008,Care Health,2025-04-27,1130.92,Paid,Not Applicable,2025-05-02,1109.82,21.1
CLM007984,BILL010659,PAT09800,FAC004,DEP004,Star Health,2025-10-12,1710.46,Paid,Not Applicable,2025-11-09,1615.37,95.09
CLM007990,BILL010665,PAT06001,FAC001,DEP004,Star Health,2025-11-14,1446.62,Under Review,Not Applicable,2025-12-07,0.0,1446.62
CLM007991,BILL010666,PAT04192,FAC004,DEP007,HDFC ERGO,2025-02-18,650.78,Denied,Eligibility Issue,2025-02-25,0.0,650.78
CLM008009,BILL010688,PAT06598,FAC005,DEP007,Niva Bupa,2025-06-05,453.98,Approved,Not Applicable,2025-06-20,450.66,3.32
CLM008014,BILL010694,PAT08385,FAC003,DEP003,Niva Bupa,2025-09-20,806.81,Under Review,Not Applicable,2025-10-30,0.0,806.81
CLM008019,BILL010701,PAT01769,FAC005,DEP001,Niva Bupa,2025-10-17,951.24,Under Review,Not Applicable,2025-11-20,0.0,951.24
CLM008020,BILL010702,PAT02232,FAC004,DEP006,ICICI Lombard,2025-09-22,663.69,Pending,Not Applicable,2025-10-21,0.0,663.69
CLM008031,BILL010714,PAT04686,FAC005,DEP003,ICICI Lombard,2025-05-16,371.78,Approved,Not Applicable,2025-05-28,333.43,38.35
CLM008038,BILL010724,PAT01414,FAC005,DEP005,HDFC ERGO,2025-06-17,423.32,Denied,Missing Documentation,2025-06-25,0.0,423.32
CLM008053,BILL010741,PAT00500,FAC002,DEP006,Star Health,2025-03-19,556.13,Approved,Not Applicable,2025-03-27,549.72,6.41
CLM008054,BILL010742,PAT06331,FAC003,DEP003,HDFC ERGO,2025-09-27,654.27,Pending,Not Applicable,2025-10-10,0.0,654.27
CLM008071,BILL010765,PAT00168,FAC004,DEP002,HDFC ERGO,2025-02-15,746.88,Approved,Not Applicable,2025-03-13,638.38,108.5
CLM008078,BILL010773,PAT05146,FAC003,DEP003,ICICI Lombard,2025-07-10,679.91,Approved,Not Applicable,2025-07-22,619.68,60.23
CLM008081,BILL010778,PAT03546,FAC003,DEP003,Star Health,2025-04-02,475.49,Under Review,Not Applicable,2025-04-15,0.0,475.49
CLM008083,BILL010781,PAT04871,FAC001,DEP003,Niva Bupa,2025-06-27,529.9,Approved,Not Applicable,2025-07-04,496.24,33.66
CLM008088,BILL010789,PAT08285,FAC001,DEP001,HDFC ERGO,2025-12-07,1393.03,Approved,Not Applicable,2025-12-31,1224.04,168.99
CLM008098,BILL010802,PAT07045,FAC005,DEP006,ICICI Lombard,2025-03-25,961.5,Approved,Not Applicable,2025-04-04,822.62,138.88
CLM008103,BILL010808,PAT06923,FAC004,DEP006,HDFC ERGO,2025-08-19,271.95,Paid,Not Applicable,2025-09-14,261.37,10.58
CLM008104,BILL010812,PAT06088,FAC002,DEP001,ICICI Lombard,2025-09-13,1681.67,Approved,Not Applicable,2025-10-09,1617.61,64.06
CLM008108,BILL010817,PAT01471,FAC001,DEP001,Star Health,2025-03-18,1150.13,Approved,Not Applicable,2025-04-17,1124.65,25.48
CLM008112,BILL010821,PAT03166,FAC001,DEP002,Care Health,2025-02-06,1078.26,Approved,Not Applicable,2025-02-18,986.98,91.28
CLM008117,BILL010828,PAT01254,FAC001,DEP005,HDFC ERGO,2025-08-05,436.98,Paid,Not Applicable,2025-08-10,424.05,12.93
CLM008118,BILL010829,PAT08049,FAC004,DEP004,ICICI Lombard,2025-09-10,1237.64,Pending,Not Applicable,2025-10-04,0.0,1237.64
CLM008121,BILL010832,PAT04430,FAC004,DEP007,HDFC ERGO,2025-06-04,534.84,Paid,Not Applicable,2025-06-29,494.25,40.59
CLM008124,BILL010835,PAT04537,FAC002,DEP001,HDFC ERGO,2025-12-18,863.54,Approved,Not Applicable,2025-12-27,810.33,53.21
CLM008130,BILL010843,PAT01011,FAC004,DEP002,HDFC ERGO,2025-12-21,742.32,Under Review,Not Applicable,2026-01-19,0.0,742.32
CLM008137,BILL010852,PAT04014,FAC004,DEP006,ICICI Lombard,2025-01-28,656.47,Approved,Not Applicable,2025-02-15,575.63,80.84
CLM008138,BILL010853,PAT07766,FAC004,DEP005,ICICI Lombard,2025-01-22,530.51,Denied,Policy Exclusion,2025-02-11,0.0,530.51
CLM008140,BILL010855,PAT06492,FAC003,DEP003,Star Health,2025-04-26,340.36,Under Review,Not Applicable,2025-05-18,0.0,340.36
CLM008156,BILL010879,PAT07629,FAC004,DEP002,Niva Bupa,2025-06-15,1045.26,Paid,Not Applicable,2025-06-22,1003.62,41.64
CLM008157,BILL010882,PAT00336,FAC003,DEP003,HDFC ERGO,2025-01-12,646.36,Approved,Not Applicable,2025-01-25,628.27,18.09
CLM008162,BILL010890,PAT09689,FAC002,DEP006,Niva Bupa,2025-01-23,349.0,Paid,Not Applicable,2025-02-22,348.13,0.87
CLM008165,BILL010894,PAT00281,FAC003,DEP001,ICICI Lombard,2025-09-06,868.57,Under Review,Not Applicable,2025-09-30,0.0,868.57
CLM008166,BILL010895,PAT09788,FAC002,DEP002,HDFC ERGO,2025-05-08,1292.09,Denied,Missing Documentation,2025-05-19,0.0,1292.09
CLM008169,BILL010898,PAT04193,FAC005,DEP003,Care Health,2025-03-29,420.18,Under Review,Not Applicable,2025-04-15,0.0,420.18
CLM008171,BILL010900,PAT05445,FAC001,DEP008,Niva Bupa,2025-04-29,1641.87,Approved,Not Applicable,2025-05-10,1458.63,183.24
CLM008181,BILL010911,PAT02454,FAC001,DEP002,Star Health,2025-12-07,818.88,Pending,Not Applicable,2026-01-17,0.0,818.88
CLM008190,BILL010923,PAT00264,FAC001,DEP002,Care Health,2025-06-17,1105.67,Paid,Not Applicable,2025-07-04,1084.94,20.73
CLM008192,BILL010925,PAT05801,FAC001,DEP001,Niva Bupa,2025-08-20,1118.74,Paid,Not Applicable,2025-08-26,1109.54,9.2
CLM008193,BILL010926,PAT04490,FAC005,DEP007,HDFC ERGO,2025-09-24,662.96,Pending,Not Applicable,2025-10-05,0.0,662.96
CLM008198,BILL010934,PAT00945,FAC004,DEP007,Star Health,2025-05-05,878.64,Paid,Not Applicable,2025-06-03,843.65,34.99
CLM008199,BILL010935,PAT05136,FAC003,DEP003,Star Health,2025-08-04,577.14,Under Review,Not Applicable,2025-09-13,0.0,577.14
CLM008205,BILL010943,PAT05390,FAC003,DEP003,Care Health,2025-12-04,714.3,Under Review,Not Applicable,2026-01-14,0.0,714.3
CLM008206,BILL010944,PAT07218,FAC005,DEP001,ICICI Lombard,2025-11-18,1754.93,Paid,Not Applicable,2025-12-05,1695.81,59.12
CLM008207,BILL010945,PAT05951,FAC002,DEP007,Niva Bupa,2025-02-11,445.55,Paid,Not Applicable,2025-03-12,425.97,19.58
CLM008209,BILL010948,PAT07938,FAC003,DEP003,HDFC ERGO,2025-12-06,883.2,Pending,Not Applicable,2026-01-09,0.0,883.2
CLM008215,BILL010958,PAT09732,FAC002,DEP007,Care Health,2025-01-26,551.13,Approved,Not Applicable,2025-02-25,481.21,69.92
CLM008218,BILL010962,PAT08385,FAC004,DEP002,Care Health,2025-11-20,531.66,Pending,Not Applicable,2025-12-17,0.0,531.66
CLM008243,BILL010996,PAT05933,FAC005,DEP006,ICICI Lombard,2025-08-10,841.72,Pending,Not Applicable,2025-08-24,0.0,841.72
CLM008244,BILL010997,PAT01434,FAC002,DEP005,ICICI Lombard,2025-10-21,559.32,Under Review,Not Applicable,2025-12-02,0.0,559.32
CLM008247,BILL011001,PAT03249,FAC004,DEP007,HDFC ERGO,2025-07-28,540.25,Pending,Not Applicable,2025-08-10,0.0,540.25
CLM008259,BILL011015,PAT02814,FAC005,DEP003,Star Health,2025-11-19,599.48,Approved,Not Applicable,2025-12-17,560.16,39.32
CLM008262,BILL011020,PAT04680,FAC005,DEP007,Niva Bupa,2025-04-27,625.69,Approved,Not Applicable,2025-05-13,578.97,46.72
CLM008266,BILL011025,PAT02022,FAC001,DEP002,Star Health,2025-03-19,1186.74,Paid,Not Applicable,2025-04-02,1109.83,76.91
CLM008269,BILL011029,PAT02583,FAC005,DEP003,Care Health,2025-05-29,755.79,Approved,Not Applicable,2025-06-03,682.14,73.65
CLM008272,BILL011033,PAT02474,FAC001,DEP003,Care Health,2025-04-07,458.54,Approved,Not Applicable,2025-04-27,395.88,62.66
CLM008278,BILL011041,PAT02453,FAC004,DEP004,ICICI Lombard,2025-07-20,1514.3,Pending,Not Applicable,2025-08-15,0.0,1514.3
CLM008279,BILL011042,PAT03904,FAC004,DEP002,Niva Bupa,2025-04-29,580.6,Pending,Not Applicable,2025-05-25,0.0,580.6
CLM008290,BILL011062,PAT00102,FAC003,DEP005,Care Health,2025-05-27,517.06,Paid,Not Applicable,2025-06-11,503.59,13.47
CLM008306,BILL011081,PAT09941,FAC005,DEP001,ICICI Lombard,2025-08-16,1325.91,Pending,Not Applicable,2025-09-04,0.0,1325.91
CLM008322,BILL011102,PAT03380,FAC004,DEP001,Niva Bupa,2025-03-19,1035.16,Pending,Not Applicable,2025-04-04,0.0,1035.16
CLM008326,BILL011106,PAT02901,FAC005,DEP003,Star Health,2025-03-21,439.14,Paid,Not Applicable,2025-04-16,425.95,13.19
CLM008336,BILL011119,PAT09996,FAC001,DEP001,Care Health,2025-08-18,1992.58,Approved,Not Applicable,2025-09-01,1696.26,296.32
CLM008342,BILL011127,PAT07145,FAC003,DEP001,Star Health,2025-07-25,1227.63,Paid,Not Applicable,2025-08-16,1139.16,88.47
CLM008353,BILL011141,PAT01656,FAC002,DEP002,HDFC ERGO,2025-05-13,561.78,Under Review,Not Applicable,2025-06-06,0.0,561.78
CLM008356,BILL011144,PAT08138,FAC004,DEP002,ICICI Lombard,2025-07-07,591.32,Paid,Not Applicable,2025-07-16,582.71,8.61
CLM008362,BILL011155,PAT06835,FAC005,DEP007,Star Health,2025-03-26,317.9,Approved,Not Applicable,2025-04-12,272.31,45.59
CLM008363,BILL011156,PAT05934,FAC001,DEP002,HDFC ERGO,2025-06-27,1318.6,Denied,Policy Exclusion,2025-07-11,0.0,1318.6
CLM008368,BILL011164,PAT06561,FAC003,DEP007,Care Health,2025-10-30,553.27,Under Review,Not Applicable,2025-11-21,0.0,553.27
CLM008370,BILL011166,PAT02082,FAC004,DEP004,Niva Bupa,2025-01-11,1730.02,Paid,Not Applicable,2025-02-10,1657.76,72.26
CLM008374,BILL011172,PAT07742,FAC002,DEP001,ICICI Lombard,2025-03-17,856.49,Paid,Not Applicable,2025-03-22,819.03,37.46
CLM008377,BILL011176,PAT04515,FAC004,DEP002,Niva Bupa,2025-02-12,666.94,Approved,Not Applicable,2025-02-22,653.83,13.11
CLM008386,BILL011186,PAT00124,FAC002,DEP007,HDFC ERGO,2025-09-21,452.77,Approved,Not Applicable,2025-10-09,447.28,5.49
CLM008397,BILL011200,PAT00559,FAC003,DEP008,Care Health,2025-07-25,2542.81,Paid,Not Applicable,2025-08-12,2505.66,37.15
CLM008402,BILL011206,PAT04345,FAC004,DEP005,HDFC ERGO,2025-08-27,384.36,Paid,Not Applicable,2025-09-10,381.98,2.38
CLM008403,BILL011207,PAT06215,FAC003,DEP001,HDFC ERGO,2025-12-08,996.37,Approved,Not Applicable,2025-12-29,971.58,24.79
CLM008413,BILL011217,PAT08122,FAC002,DEP005,Star Health,2025-10-10,439.77,Approved,Not Applicable,2025-11-01,390.31,49.46
CLM008419,BILL011224,PAT03315,FAC002,DEP002,Care Health,2025-06-04,1128.5,Denied,Duplicate Claim,2025-06-17,0.0,1128.5
CLM008428,BILL011234,PAT01702,FAC001,DEP002,HDFC ERGO,2025-09-18,672.52,Paid,Not Applicable,2025-09-24,629.64,42.88
CLM008429,BILL011235,PAT02237,FAC003,DEP001,HDFC ERGO,2025-08-15,1099.46,Approved,Not Applicable,2025-09-07,1011.51,87.95
CLM008433,BILL011240,PAT01769,FAC001,DEP004,ICICI Lombard,2025-07-09,1074.93,Paid,Not Applicable,2025-08-08,1062.71,12.22
CLM008438,BILL011251,PAT07226,FAC003,DEP001,ICICI Lombard,2025-12-06,1255.83,Paid,Not Applicable,2025-12-29,1159.74,96.09
CLM008441,BILL011254,PAT07832,FAC004,DEP002,ICICI Lombard,2025-02-19,820.71,Approved,Not Applicable,2025-02-24,768.63,52.08
CLM008442,BILL011255,PAT09280,FAC001,DEP004,Niva Bupa,2025-08-29,1480.94,Under Review,Not Applicable,2025-09-29,0.0,1480.94
CLM008449,BILL011266,PAT09318,FAC005,DEP001,ICICI Lombard,2025-04-07,1553.68,Paid,Not Applicable,2025-05-03,1473.52,80.16
CLM008450,BILL011267,PAT03746,FAC005,DEP003,Niva Bupa,2025-12-07,238.44,Approved,Not Applicable,2025-12-16,231.01,7.43
CLM008460,BILL011284,PAT00248,FAC005,DEP007,Star Health,2025-01-08,607.21,Under Review,Not Applicable,2025-01-24,0.0,607.21
CLM008464,BILL011289,PAT06731,FAC003,DEP005,ICICI Lombard,2025-11-28,711.53,Approved,Not Applicable,2025-12-06,689.36,22.17
CLM008466,BILL011291,PAT08747,FAC004,DEP001,Star Health,2025-01-20,722.38,Approved,Not Applicable,2025-02-19,627.41,94.97
CLM008480,BILL011312,PAT00304,FAC003,DEP003,Star Health,2025-02-28,411.74,Approved,Not Applicable,2025-03-20,381.94,29.8
CLM008487,BILL011321,PAT01227,FAC003,DEP001,Care Health,2025-10-15,1570.53,Pending,Not Applicable,2025-10-29,0.0,1570.53
CLM008489,BILL011324,PAT09738,FAC003,DEP008,ICICI Lombard,2025-10-05,1966.3,Paid,Not Applicable,2025-10-13,1910.96,55.34
CLM008494,BILL011330,PAT04490,FAC003,DEP003,Niva Bupa,2025-08-13,502.74,Paid,Not Applicable,2025-08-24,472.82,29.92
CLM008500,BILL011340,PAT02082,FAC003,DEP001,HDFC ERGO,2025-11-14,1178.18,Approved,Not Applicable,2025-11-20,1152.5,25.68
CLM008501,BILL011342,PAT01845,FAC001,DEP002,Star Health,2025-10-11,799.78,Approved,Not Applicable,2025-11-06,705.13,94.65
CLM008507,BILL011350,PAT04058,FAC001,DEP002,Niva Bupa,2025-01-28,1597.03,Under Review,Not Applicable,2025-02-27,0.0,1597.03
CLM008510,BILL011354,PAT03821,FAC005,DEP001,Care Health,2025-01-22,930.89,Denied,Policy Exclusion,2025-01-30,0.0,930.89
CLM008513,BILL011359,PAT03756,FAC001,DEP008,HDFC ERGO,2025-01-28,1575.11,Approved,Not Applicable,2025-02-14,1548.45,26.66
CLM008516,BILL011364,PAT09773,FAC003,DEP003,HDFC ERGO,2025-10-05,738.58,Paid,Not Applicable,2025-10-26,685.36,53.22
CLM008519,BILL011367,PAT03853,FAC002,DEP005,ICICI Lombard,2025-09-17,627.13,Paid,Not Applicable,2025-10-01,597.05,30.08
CLM008520,BILL011368,PAT03493,FAC005,DEP008,Star Health,2025-09-18,1509.09,Approved,Not Applicable,2025-10-16,1374.98,134.11
CLM008532,BILL011385,PAT04768,FAC002,DEP002,ICICI Lombard,2025-06-08,592.52,Pending,Not Applicable,2025-07-16,0.0,592.52
CLM008540,BILL011396,PAT04314,FAC001,DEP008,Star Health,2025-03-12,918.72,Pending,Not Applicable,2025-04-25,0.0,918.72
CLM008561,BILL011426,PAT04375,FAC003,DEP001,HDFC ERGO,2025-07-31,1415.95,Paid,Not Applicable,2025-08-09,1332.78,83.17
CLM008562,BILL011427,PAT03711,FAC003,DEP008,Niva Bupa,2025-02-14,1225.27,Approved,Not Applicable,2025-03-05,1143.09,82.18
CLM008564,BILL011429,PAT00358,FAC005,DEP003,ICICI Lombard,2025-07-15,407.4,Approved,Not Applicable,2025-08-10,381.46,25.94
CLM008567,BILL011432,PAT03121,FAC004,DEP005,ICICI Lombard,2025-05-29,314.9,Paid,Not Applicable,2025-06-19,298.74,16.16
CLM008568,BILL011433,PAT00609,FAC002,DEP005,HDFC ERGO,2025-06-29,604.96,Pending,Not Applicable,2025-08-12,0.0,604.96
CLM008569,BILL011435,PAT06181,FAC002,DEP001,Star Health,2025-05-01,1551.21,Approved,Not Applicable,2025-05-25,1379.25,171.96
CLM008582,BILL011453,PAT09943,FAC001,DEP002,ICICI Lombard,2025-09-07,1118.29,Paid,Not Applicable,2025-09-15,1071.47,46.82
CLM008587,BILL011458,PAT02326,FAC004,DEP001,ICICI Lombard,2025-08-03,982.04,Under Review,Not Applicable,2025-08-31,0.0,982.04
CLM008598,BILL011470,PAT06713,FAC004,DEP001,Niva Bupa,2025-09-04,707.68,Denied,Duplicate Claim,2025-09-10,0.0,707.68
CLM008599,BILL011472,PAT08355,FAC003,DEP008,Star Health,2025-08-05,1227.45,Approved,Not Applicable,2025-09-03,1082.49,144.96
CLM008601,BILL011474,PAT03707,FAC003,DEP003,Star Health,2025-06-17,349.16,Approved,Not Applicable,2025-07-12,336.54,12.62
CLM008608,BILL011485,PAT03289,FAC004,DEP004,Star Health,2025-10-02,1702.53,Paid,Not Applicable,2025-10-20,1584.16,118.37
CLM008611,BILL011489,PAT03430,FAC002,DEP002,Niva Bupa,2025-08-25,553.42,Paid,Not Applicable,2025-09-03,546.31,7.11
CLM008614,BILL011493,PAT00851,FAC002,DEP001,Care Health,2025-03-07,957.22,Approved,Not Applicable,2025-04-04,877.49,79.73
CLM008616,BILL011495,PAT04030,FAC005,DEP001,Star Health,2025-09-13,1082.2,Pending,Not Applicable,2025-10-18,0.0,1082.2
CLM008617,BILL011497,PAT04949,FAC001,DEP008,HDFC ERGO,2025-07-15,1954.77,Approved,Not Applicable,2025-08-08,1923.71,31.06
CLM008619,BILL011500,PAT02544,FAC002,DEP006,HDFC ERGO,2025-02-10,544.69,Paid,Not Applicable,2025-02-24,543.83,0.86
CLM008624,BILL011508,PAT06189,FAC005,DEP003,ICICI Lombard,2025-09-19,818.78,Approved,Not Applicable,2025-09-30,740.47,78.31
CLM008627,BILL011512,PAT01945,FAC003,DEP003,Niva Bupa,2025-11-26,491.04,Pending,Not Applicable,2025-12-18,0.0,491.04
CLM008629,BILL011515,PAT03990,FAC002,DEP005,Niva Bupa,2025-02-23,369.0,Approved,Not Applicable,2025-03-19,361.58,7.42
CLM008631,BILL011517,PAT06436,FAC002,DEP002,ICICI Lombard,2025-11-21,1076.94,Paid,Not Applicable,2025-12-18,994.93,82.01
CLM008632,BILL011518,PAT09056,FAC001,DEP005,Star Health,2025-06-13,333.48,Approved,Not Applicable,2025-06-22,291.97,41.51
CLM008633,BILL011522,PAT09510,FAC005,DEP003,ICICI Lombard,2025-09-21,710.15,Paid,Not Applicable,2025-10-18,701.38,8.77
CLM008641,BILL011536,PAT01176,FAC005,DEP008,Star Health,2025-04-10,1465.8,Paid,Not Applicable,2025-04-21,1395.11,70.69
CLM008645,BILL011540,PAT06078,FAC001,DEP002,ICICI Lombard,2025-08-25,928.46,Approved,Not Applicable,2025-09-09,819.39,109.07
CLM008650,BILL011547,PAT08301,FAC005,DEP003,HDFC ERGO,2025-01-16,474.57,Under Review,Not Applicable,2025-02-07,0.0,474.57
CLM008652,BILL011549,PAT05525,FAC003,DEP001,HDFC ERGO,2025-01-22,999.83,Under Review,Not Applicable,2025-02-15,0.0,999.83
CLM008654,BILL011551,PAT06851,FAC003,DEP001,ICICI Lombard,2025-09-28,931.36,Paid,Not Applicable,2025-10-09,919.44,11.92
CLM008655,BILL011552,PAT05933,FAC001,DEP003,Star Health,2025-08-20,775.12,Denied,Eligibility Issue,2025-09-02,0.0,775.12
CLM008656,BILL011553,PAT02110,FAC001,DEP002,ICICI Lombard,2025-11-28,920.86,Approved,Not Applicable,2025-12-10,785.42,135.44
CLM008658,BILL011557,PAT04041,FAC004,DEP007,Niva Bupa,2025-12-24,453.88,Paid,Not Applicable,2026-01-10,433.42,20.46
CLM008659,BILL011559,PAT03753,FAC005,DEP006,Star Health,2025-08-06,753.26,Pending,Not Applicable,2025-08-27,0.0,753.26
CLM008662,BILL011562,PAT01905,FAC004,DEP007,HDFC ERGO,2025-07-11,679.77,Paid,Not Applicable,2025-08-04,648.8,30.97
CLM008663,BILL011564,PAT00016,FAC002,DEP005,Niva Bupa,2025-01-14,282.62,Under Review,Not Applicable,2025-02-02,0.0,282.62
CLM008666,BILL011567,PAT04044,FAC005,DEP003,Star Health,2025-06-10,684.77,Paid,Not Applicable,2025-06-23,661.62,23.15
CLM008672,BILL011573,PAT00614,FAC001,DEP001,Star Health,2025-11-27,1901.32,Paid,Not Applicable,2025-12-15,1844.56,56.76
CLM008675,BILL011578,PAT05702,FAC002,DEP005,Star Health,2025-05-27,339.43,Paid,Not Applicable,2025-06-13,319.54,19.89
CLM008676,BILL011579,PAT02997,FAC001,DEP002,Niva Bupa,2025-11-11,1161.03,Under Review,Not Applicable,2025-11-24,0.0,1161.03
CLM008678,BILL011585,PAT04154,FAC003,DEP005,HDFC ERGO,2025-11-10,525.22,Paid,Not Applicable,2025-11-27,483.61,41.61
CLM008679,BILL011586,PAT03017,FAC005,DEP003,HDFC ERGO,2025-04-19,295.86,Paid,Not Applicable,2025-05-12,290.28,5.58
CLM008681,BILL011589,PAT08291,FAC001,DEP003,HDFC ERGO,2025-07-02,552.78,Approved,Not Applicable,2025-07-31,519.16,33.62
CLM008682,BILL011590,PAT02113,FAC003,DEP003,HDFC ERGO,2025-08-24,719.72,Paid,Not Applicable,2025-09-09,681.74,37.98
CLM008684,BILL011592,PAT08518,FAC003,DEP005,Care Health,2025-06-03,283.05,Under Review,Not Applicable,2025-07-02,0.0,283.05
CLM008687,BILL011597,PAT06108,FAC005,DEP003,HDFC ERGO,2025-02-20,539.98,Paid,Not Applicable,2025-03-09,501.36,38.62
CLM008694,BILL011605,PAT05717,FAC002,DEP001,Niva Bupa,2025-06-20,1338.41,Denied,Duplicate Claim,2025-07-10,0.0,1338.41
CLM008695,BILL011606,PAT04610,FAC003,DEP007,Star Health,2025-05-27,648.92,Paid,Not Applicable,2025-06-07,634.96,13.96
CLM008706,BILL011617,PAT00840,FAC004,DEP001,Niva Bupa,2025-07-30,1296.7,Denied,Missing Documentation,2025-08-07,0.0,1296.7
CLM008708,BILL011620,PAT03387,FAC001,DEP005,Star Health,2025-12-01,332.9,Under Review,Not Applicable,2025-12-29,0.0,332.9
CLM008716,BILL011628,PAT09280,FAC003,DEP005,ICICI Lombard,2025-01-05,252.08,Paid,Not Applicable,2025-01-11,249.59,2.49
CLM008717,BILL011629,PAT01124,FAC004,DEP004,Niva Bupa,2025-10-22,1035.59,Paid,Not Applicable,2025-11-10,977.34,58.25
CLM008725,BILL011642,PAT00648,FAC005,DEP001,HDFC ERGO,2025-02-15,1762.76,Pending,Not Applicable,2025-03-21,0.0,1762.76
CLM008736,BILL011659,PAT02035,FAC003,DEP003,Star Health,2025-09-21,704.26,Approved,Not Applicable,2025-09-27,646.66,57.6
CLM008740,BILL011666,PAT05045,FAC002,DEP006,ICICI Lombard,2025-09-15,604.94,Denied,Missing Documentation,2025-10-04,0.0,604.94
CLM008741,BILL011667,PAT09190,FAC003,DEP001,Niva Bupa,2025-01-21,1173.03,Denied,Eligibility Issue,2025-02-04,0.0,1173.03
CLM008742,BILL011668,PAT09001,FAC001,DEP004,Care Health,2025-08-25,1088.38,Under Review,Not Applicable,2025-09-23,0.0,1088.38
CLM008750,BILL011677,PAT04148,FAC001,DEP003,Care Health,2025-04-15,347.94,Paid,Not Applicable,2025-05-14,339.85,8.09
CLM008751,BILL011680,PAT04982,FAC003,DEP005,Niva Bupa,2025-03-14,431.28,Paid,Not Applicable,2025-04-11,405.46,25.82
CLM008755,BILL011685,PAT01979,FAC004,DEP006,Niva Bupa,2025-05-23,561.9,Under Review,Not Applicable,2025-06-11,0.0,561.9
CLM008757,BILL011687,PAT05702,FAC005,DEP003,HDFC ERGO,2025-08-29,601.87,Denied,Coding Error,2025-09-07,0.0,601.87
CLM008768,BILL011698,PAT08178,FAC002,DEP007,Star Health,2025-11-20,373.92,Paid,Not Applicable,2025-12-05,365.57,8.35
CLM008774,BILL011705,PAT00009,FAC002,DEP005,Niva Bupa,2025-11-30,392.0,Approved,Not Applicable,2025-12-26,379.9,12.1
CLM008778,BILL011709,PAT08216,FAC005,DEP003,Care Health,2025-03-12,429.48,Pending,Not Applicable,2025-04-07,0.0,429.48
CLM008790,BILL011730,PAT08241,FAC002,DEP005,ICICI Lombard,2025-04-30,511.98,Approved,Not Applicable,2025-05-29,479.1,32.88
CLM008791,BILL011732,PAT02685,FAC003,DEP005,HDFC ERGO,2025-07-17,256.56,Pending,Not Applicable,2025-08-27,0.0,256.56
CLM008797,BILL011740,PAT05921,FAC001,DEP004,Care Health,2025-07-02,1708.6,Pending,Not Applicable,2025-08-04,0.0,1708.6
CLM008802,BILL011746,PAT08210,FAC001,DEP001,ICICI Lombard,2025-05-15,889.94,Approved,Not Applicable,2025-05-28,821.01,68.93
CLM008805,BILL011750,PAT03493,FAC005,DEP001,ICICI Lombard,2025-04-26,943.96,Denied,Policy Exclusion,2025-05-14,0.0,943.96
CLM008806,BILL011751,PAT02627,FAC002,DEP002,HDFC ERGO,2025-11-07,975.24,Paid,Not Applicable,2025-11-18,922.63,52.61
CLM008807,BILL011753,PAT00380,FAC002,DEP007,ICICI Lombard,2025-10-28,586.25,Paid,Not Applicable,2025-11-24,558.33,27.92
CLM008816,BILL011769,PAT00408,FAC005,DEP001,Care Health,2025-05-17,1401.74,Approved,Not Applicable,2025-06-04,1303.5,98.24
CLM008821,BILL011777,PAT06322,FAC003,DEP007,Star Health,2025-05-30,492.48,Pending,Not Applicable,2025-06-13,0.0,492.48
CLM008822,BILL011779,PAT04016,FAC002,DEP001,Care Health,2025-11-04,929.43,Denied,Eligibility Issue,2025-11-21,0.0,929.43
CLM008827,BILL011785,PAT05145,FAC004,DEP001,HDFC ERGO,2025-02-22,1121.08,Under Review,Not Applicable,2025-03-15,0.0,1121.08
CLM008831,BILL011790,PAT04537,FAC002,DEP001,ICICI Lombard,2025-02-08,688.24,Denied,Eligibility Issue,2025-02-22,0.0,688.24
CLM008836,BILL011797,PAT00220,FAC004,DEP006,Niva Bupa,2025-10-30,796.03,Pending,Not Applicable,2025-11-09,0.0,796.03
CLM008842,BILL011803,PAT09895,FAC001,DEP001,Star Health,2025-12-24,1737.54,Approved,Not Applicable,2026-01-21,1659.51,78.03
CLM008851,BILL011812,PAT08956,FAC005,DEP007,HDFC ERGO,2025-11-15,423.29,Pending,Not Applicable,2025-12-06,0.0,423.29
CLM008852,BILL011814,PAT06254,FAC003,DEP001,Star Health,2025-07-14,1456.72,Denied,Coding Error,2025-07-23,0.0,1456.72
CLM008856,BILL011818,PAT08086,FAC005,DEP003,HDFC ERGO,2025-08-11,626.52,Paid,Not Applicable,2025-08-27,610.38,16.14
CLM008863,BILL011829,PAT06316,FAC005,DEP001,HDFC ERGO,2025-06-05,1305.71,Denied,Duplicate Claim,2025-06-26,0.0,1305.71
CLM008865,BILL011832,PAT04195,FAC003,DEP005,HDFC ERGO,2025-09-07,508.81,Approved,Not Applicable,2025-10-03,508.35,0.46
CLM008872,BILL011839,PAT03956,FAC003,DEP005,HDFC ERGO,2025-12-04,406.96,Pending,Not Applicable,2025-12-21,0.0,406.96
CLM008888,BILL011857,PAT06144,FAC001,DEP008,HDFC ERGO,2025-03-31,1161.58,Pending,Not Applicable,2025-04-14,0.0,1161.58
CLM008892,BILL011864,PAT06889,FAC004,DEP004,Niva Bupa,2025-10-26,904.51,Paid,Not Applicable,2025-11-02,898.21,6.3
CLM008893,BILL011865,PAT03335,FAC002,DEP006,Care Health,2025-10-31,644.57,Paid,Not Applicable,2025-11-16,597.31,47.26
CLM008910,BILL011894,PAT04354,FAC003,DEP003,Star Health,2025-05-03,452.37,Pending,Not Applicable,2025-06-04,0.0,452.37
CLM008912,BILL011896,PAT06181,FAC002,DEP001,HDFC ERGO,2025-06-21,1038.72,Paid,Not Applicable,2025-07-19,984.35,54.37
CLM008918,BILL011904,PAT00569,FAC004,DEP006,HDFC ERGO,2025-10-01,669.98,Approved,Not Applicable,2025-10-16,648.93,21.05
CLM008942,BILL011937,PAT03249,FAC005,DEP001,Star Health,2025-07-05,1981.47,Paid,Not Applicable,2025-07-29,1853.9,127.57
CLM008951,BILL011948,PAT07248,FAC003,DEP003,HDFC ERGO,2025-05-14,940.36,Approved,Not Applicable,2025-06-09,808.32,132.04
CLM008964,BILL011968,PAT03289,FAC005,DEP005,Niva Bupa,2025-01-13,348.9,Pending,Not Applicable,2025-02-04,0.0,348.9
CLM008971,BILL011975,PAT03753,FAC005,DEP005,Care Health,2025-02-13,666.75,Approved,Not Applicable,2025-02-26,570.09,96.66
CLM008972,BILL011976,PAT08531,FAC001,DEP002,HDFC ERGO,2025-07-11,718.5,Paid,Not Applicable,2025-07-22,665.91,52.59
CLM008989,BILL011996,PAT08696,FAC002,DEP005,Care Health,2025-02-14,411.35,Under Review,Not Applicable,2025-03-27,0.0,411.35
CLM008993,BILL012001,PAT06157,FAC004,DEP001,ICICI Lombard,2025-06-10,1844.31,Pending,Not Applicable,2025-06-29,0.0,1844.31
CLM008995,BILL012003,PAT07293,FAC001,DEP005,Star Health,2025-03-10,325.08,Under Review,Not Applicable,2025-04-09,0.0,325.08
CLM009000,BILL012009,PAT07815,FAC003,DEP003,Niva Bupa,2025-06-21,416.26,Paid,Not Applicable,2025-07-20,412.23,4.03
CLM009006,BILL012016,PAT09282,FAC003,DEP001,ICICI Lombard,2025-03-05,907.46,Paid,Not Applicable,2025-03-29,849.47,57.99
CLM009007,BILL012019,PAT06424,FAC002,DEP007,ICICI Lombard,2025-07-24,465.44,Denied,Duplicate Claim,2025-07-28,0.0,465.44
CLM009018,BILL012033,PAT07774,FAC001,DEP003,Niva Bupa,2025-07-25,704.85,Paid,Not Applicable,2025-08-21,701.11,3.74
CLM009021,BILL012036,PAT04683,FAC001,DEP001,ICICI Lombard,2025-09-16,1407.34,Pending,Not Applicable,2025-10-15,0.0,1407.34
CLM009031,BILL012050,PAT01576,FAC004,DEP001,HDFC ERGO,2025-05-08,1544.19,Approved,Not Applicable,2025-06-02,1507.38,36.81
CLM009042,BILL012066,PAT09724,FAC005,DEP001,ICICI Lombard,2025-04-11,1282.74,Paid,Not Applicable,2025-04-16,1279.37,3.37
CLM009043,BILL012067,PAT05091,FAC001,DEP001,Niva Bupa,2025-12-09,1776.14,Pending,Not Applicable,2026-01-23,0.0,1776.14
CLM009049,BILL012074,PAT03899,FAC003,DEP008,ICICI Lombard,2025-12-16,1925.93,Approved,Not Applicable,2026-01-14,1884.21,41.72
CLM009062,BILL012094,PAT07631,FAC002,DEP001,ICICI Lombard,2025-02-21,1350.13,Under Review,Not Applicable,2025-03-07,0.0,1350.13
CLM009068,BILL012101,PAT09902,FAC001,DEP004,HDFC ERGO,2025-12-02,1336.57,Paid,Not Applicable,2025-12-13,1281.14,55.43
CLM009070,BILL012103,PAT07206,FAC001,DEP002,ICICI Lombard,2025-04-10,1081.79,Paid,Not Applicable,2025-04-22,1028.37,53.42
CLM009082,BILL012116,PAT05569,FAC003,DEP003,Star Health,2025-07-25,745.18,Approved,Not Applicable,2025-08-01,711.85,33.33
CLM009084,BILL012120,PAT08162,FAC001,DEP002,HDFC ERGO,2025-01-31,689.42,Under Review,Not Applicable,2025-03-01,0.0,689.42
CLM009090,BILL012129,PAT00231,FAC001,DEP003,Care Health,2025-01-24,285.88,Paid,Not Applicable,2025-02-20,283.22,2.66
CLM009092,BILL012132,PAT03380,FAC003,DEP007,Niva Bupa,2025-09-30,599.49,Paid,Not Applicable,2025-10-11,571.14,28.35
CLM009095,BILL012136,PAT04831,FAC001,DEP003,Niva Bupa,2025-01-22,707.6,Denied,Coding Error,2025-01-26,0.0,707.6
CLM009115,BILL012167,PAT09560,FAC005,DEP003,HDFC ERGO,2025-08-26,682.25,Under Review,Not Applicable,2025-10-04,0.0,682.25
CLM009117,BILL012172,PAT04706,FAC002,DEP005,Niva Bupa,2025-01-22,565.75,Approved,Not Applicable,2025-02-14,524.76,40.99
CLM009118,BILL012173,PAT08073,FAC003,DEP008,Care Health,2025-11-11,1593.95,Paid,Not Applicable,2025-12-03,1494.29,99.66
CLM009127,BILL012185,PAT03692,FAC002,DEP005,Niva Bupa,2025-01-19,641.67,Paid,Not Applicable,2025-02-17,621.42,20.25
CLM009128,BILL012186,PAT08841,FAC001,DEP008,Care Health,2025-10-03,1670.63,Paid,Not Applicable,2025-10-22,1553.76,116.87
CLM009130,BILL012189,PAT01796,FAC004,DEP001,Care Health,2025-01-26,1630.38,Under Review,Not Applicable,2025-02-24,0.0,1630.38
CLM009132,BILL012191,PAT04861,FAC002,DEP001,Care Health,2025-08-11,1222.4,Denied,Coding Error,2025-08-28,0.0,1222.4
CLM009151,BILL012215,PAT08927,FAC003,DEP003,Niva Bupa,2025-06-11,390.3,Under Review,Not Applicable,2025-07-18,0.0,390.3
CLM009153,BILL012217,PAT08884,FAC002,DEP005,Star Health,2025-09-29,385.39,Paid,Not Applicable,2025-10-05,374.04,11.35
CLM009154,BILL012218,PAT07730,FAC002,DEP005,Star Health,2025-12-21,363.12,Approved,Not Applicable,2026-01-10,358.72,4.4
CLM009157,BILL012222,PAT01298,FAC005,DEP008,Star Health,2025-04-01,2040.7,Pending,Not Applicable,2025-04-14,0.0,2040.7
CLM009159,BILL012224,PAT08399,FAC005,DEP005,HDFC ERGO,2025-09-09,674.96,Paid,Not Applicable,2025-09-16,633.0,41.96
CLM009161,BILL012230,PAT02883,FAC001,DEP002,HDFC ERGO,2025-12-14,569.36,Pending,Not Applicable,2026-01-12,0.0,569.36
CLM009162,BILL012231,PAT04025,FAC003,DEP003,Care Health,2025-02-19,519.92,Paid,Not Applicable,2025-03-13,511.54,8.38
CLM009166,BILL012235,PAT05763,FAC003,DEP008,Care Health,2025-02-13,1267.14,Paid,Not Applicable,2025-03-03,1203.66,63.48
CLM009168,BILL012239,PAT04844,FAC002,DEP006,Care Health,2025-11-10,840.96,Approved,Not Applicable,2025-12-03,825.3,15.66
CLM009169,BILL012240,PAT06587,FAC004,DEP001,Star Health,2025-02-14,1361.5,Approved,Not Applicable,2025-03-10,1271.27,90.23
CLM009172,BILL012244,PAT08564,FAC005,DEP001,Niva Bupa,2025-07-21,857.56,Approved,Not Applicable,2025-08-10,841.9,15.66
CLM009173,BILL012245,PAT00291,FAC004,DEP001,Care Health,2025-10-13,1234.04,Approved,Not Applicable,2025-11-11,1170.01,64.03
CLM009183,BILL012259,PAT04953,FAC003,DEP001,Star Health,2025-09-04,1217.7,Approved,Not Applicable,2025-10-03,1072.34,145.36
CLM009190,BILL012268,PAT03446,FAC004,DEP002,Niva Bupa,2025-04-29,771.64,Denied,Coding Error,2025-05-13,0.0,771.64
CLM009216,BILL012295,PAT09895,FAC004,DEP002,Star Health,2025-05-22,901.1,Denied,Duplicate Claim,2025-05-28,0.0,901.1
CLM009217,BILL012296,PAT08889,FAC004,DEP007,Star Health,2025-09-07,554.37,Paid,Not Applicable,2025-09-24,537.39,16.98
CLM009226,BILL012307,PAT00168,FAC003,DEP003,Niva Bupa,2025-11-13,358.51,Pending,Not Applicable,2025-12-28,0.0,358.51
CLM009236,BILL012320,PAT04683,FAC001,DEP002,ICICI Lombard,2025-02-04,1001.71,Under Review,Not Applicable,2025-02-25,0.0,1001.71
CLM009256,BILL012344,PAT01612,FAC003,DEP003,ICICI Lombard,2025-06-27,930.81,Under Review,Not Applicable,2025-07-26,0.0,930.81
CLM009271,BILL012362,PAT03922,FAC004,DEP005,Care Health,2025-12-03,493.58,Under Review,Not Applicable,2026-01-04,0.0,493.58
CLM009273,BILL012367,PAT08770,FAC002,DEP007,Care Health,2025-08-17,786.11,Approved,Not Applicable,2025-08-24,777.99,8.12
CLM009278,BILL012372,PAT06652,FAC001,DEP001,Star Health,2025-04-23,1598.27,Approved,Not Applicable,2025-05-02,1570.27,28.0
CLM009287,BILL012384,PAT04342,FAC005,DEP003,Niva Bupa,2025-02-22,633.3,Approved,Not Applicable,2025-03-09,545.97,87.33
CLM009290,BILL012389,PAT03483,FAC002,DEP001,ICICI Lombard,2025-05-19,1334.05,Approved,Not Applicable,2025-05-25,1192.32,141.73
CLM009298,BILL012398,PAT05423,FAC004,DEP002,ICICI Lombard,2025-07-31,999.52,Paid,Not Applicable,2025-08-07,919.76,79.76
CLM009319,BILL012424,PAT03703,FAC001,DEP004,Care Health,2025-12-09,946.11,Under Review,Not Applicable,2025-12-28,0.0,946.11
CLM009325,BILL012432,PAT06352,FAC005,DEP003,Niva Bupa,2025-06-21,1027.76,Paid,Not Applicable,2025-07-11,947.64,80.12
CLM009329,BILL012437,PAT08887,FAC001,DEP008,Star Health,2025-10-23,1059.37,Denied,Policy Exclusion,2025-11-08,0.0,1059.37
CLM009331,BILL012440,PAT08269,FAC004,DEP002,Star Health,2025-09-12,786.56,Pending,Not Applicable,2025-10-20,0.0,786.56
CLM009333,BILL012442,PAT02003,FAC002,DEP002,Star Health,2025-09-15,1022.74,Paid,Not Applicable,2025-10-06,1003.31,19.43
CLM009341,BILL012459,PAT09296,FAC001,DEP008,HDFC ERGO,2025-06-29,1212.04,Pending,Not Applicable,2025-08-12,0.0,1212.04
CLM009345,BILL012464,PAT08618,FAC001,DEP004,Star Health,2025-11-06,1276.58,Approved,Not Applicable,2025-11-12,1167.49,109.09
CLM009349,BILL012468,PAT09782,FAC005,DEP001,Care Health,2025-01-06,1475.34,Approved,Not Applicable,2025-01-19,1266.33,209.01
CLM009352,BILL012472,PAT03624,FAC003,DEP005,HDFC ERGO,2025-06-23,390.14,Under Review,Not Applicable,2025-07-12,0.0,390.14
CLM009363,BILL012484,PAT08052,FAC005,DEP003,Niva Bupa,2025-09-21,712.88,Under Review,Not Applicable,2025-10-30,0.0,712.88
CLM009368,BILL012489,PAT09405,FAC002,DEP001,Star Health,2025-05-23,1678.54,Paid,Not Applicable,2025-05-31,1657.84,20.7
CLM009373,BILL012495,PAT02936,FAC001,DEP002,ICICI Lombard,2025-05-07,1195.96,Paid,Not Applicable,2025-05-14,1161.91,34.05
CLM009375,BILL012497,PAT02324,FAC003,DEP001,ICICI Lombard,2025-12-27,932.5,Approved,Not Applicable,2026-01-21,845.73,86.77
CLM009376,BILL012498,PAT05776,FAC003,DEP003,HDFC ERGO,2025-06-10,573.82,Approved,Not Applicable,2025-06-26,505.85,67.97
CLM009381,BILL012509,PAT02232,FAC003,DEP001,ICICI Lombard,2025-10-15,1312.83,Approved,Not Applicable,2025-10-21,1223.93,88.9
CLM009382,BILL012510,PAT00285,FAC005,DEP007,Star Health,2025-07-16,394.68,Approved,Not Applicable,2025-08-02,348.87,45.81
CLM009385,BILL012513,PAT09627,FAC002,DEP005,Care Health,2025-12-07,670.96,Under Review,Not Applicable,2026-01-08,0.0,670.96
CLM009387,BILL012516,PAT05041,FAC002,DEP002,ICICI Lombard,2025-11-29,1133.09,Pending,Not Applicable,2026-01-05,0.0,1133.09
CLM009390,BILL012520,PAT02202,FAC004,DEP007,Care Health,2025-03-07,646.14,Paid,Not Applicable,2025-03-29,614.49,31.65
CLM009398,BILL012529,PAT02860,FAC002,DEP002,Care Health,2025-08-04,1396.67,Approved,Not Applicable,2025-08-20,1210.9,185.77
CLM009406,BILL012540,PAT06148,FAC003,DEP001,HDFC ERGO,2025-09-20,1463.25,Paid,Not Applicable,2025-09-25,1444.98,18.27
CLM009409,BILL012544,PAT01237,FAC004,DEP001,ICICI Lombard,2025-05-24,1450.66,Denied,Duplicate Claim,2025-06-11,0.0,1450.66
CLM009418,BILL012556,PAT05864,FAC002,DEP007,ICICI Lombard,2025-08-01,720.41,Under Review,Not Applicable,2025-09-12,0.0,720.41
CLM009419,BILL012557,PAT09988,FAC002,DEP002,Star Health,2025-11-08,668.33,Paid,Not Applicable,2025-11-26,663.91,4.42
CLM009421,BILL012560,PAT06182,FAC003,DEP003,Niva Bupa,2025-10-14,636.59,Under Review,Not Applicable,2025-11-15,0.0,636.59
CLM009425,BILL012564,PAT05513,FAC003,DEP001,Care Health,2025-08-30,1466.47,Paid,Not Applicable,2025-09-27,1367.3,99.17
CLM009430,BILL012569,PAT02597,FAC005,DEP005,ICICI Lombard,2025-08-11,516.69,Approved,Not Applicable,2025-09-03,483.96,32.73
CLM009431,BILL012570,PAT02141,FAC005,DEP001,HDFC ERGO,2025-05-27,743.99,Paid,Not Applicable,2025-06-09,688.58,55.41
CLM009434,BILL012573,PAT04922,FAC005,DEP008,Star Health,2025-01-13,1469.61,Under Review,Not Applicable,2025-02-07,0.0,1469.61
CLM009435,BILL012574,PAT03214,FAC004,DEP005,Star Health,2025-11-18,457.0,Paid,Not Applicable,2025-12-13,456.56,0.44
CLM009438,BILL012578,PAT00328,FAC002,DEP005,Star Health,2025-08-07,507.54,Paid,Not Applicable,2025-08-26,476.13,31.41
CLM009440,BILL012581,PAT01298,FAC001,DEP002,Care Health,2025-10-24,1160.17,Denied,Policy Exclusion,2025-11-05,0.0,1160.17
CLM009451,BILL012596,PAT04780,FAC002,DEP006,ICICI Lombard,2025-06-02,787.68,Approved,Not Applicable,2025-07-01,768.24,19.44
CLM009453,BILL012600,PAT08318,FAC004,DEP002,Care Health,2025-01-08,855.82,Denied,Duplicate Claim,2025-01-25,0.0,855.82
CLM009455,BILL012602,PAT07517,FAC003,DEP008,HDFC ERGO,2025-10-21,1633.74,Denied,Eligibility Issue,2025-11-01,0.0,1633.74
CLM009459,BILL012607,PAT04963,FAC003,DEP005,HDFC ERGO,2025-10-31,346.39,Paid,Not Applicable,2025-11-07,335.09,11.3
CLM009460,BILL012608,PAT08684,FAC002,DEP001,Star Health,2025-06-01,644.92,Denied,Coding Error,2025-06-07,0.0,644.92
CLM009464,BILL012613,PAT00812,FAC002,DEP002,Care Health,2025-05-10,1374.7,Denied,Duplicate Claim,2025-05-24,0.0,1374.7
CLM009466,BILL012615,PAT04418,FAC004,DEP002,Star Health,2025-08-12,922.84,Paid,Not Applicable,2025-09-04,869.87,52.97
CLM009469,BILL012618,PAT04388,FAC002,DEP002,Niva Bupa,2025-03-25,991.06,Pending,Not Applicable,2025-04-14,0.0,991.06
CLM009470,BILL012619,PAT09484,FAC003,DEP007,Niva Bupa,2025-09-21,383.69,Paid,Not Applicable,2025-10-19,380.17,3.52
CLM009472,BILL012621,PAT00669,FAC002,DEP001,HDFC ERGO,2025-09-04,1293.24,Paid,Not Applicable,2025-09-12,1247.84,45.4
CLM009477,BILL012629,PAT01356,FAC003,DEP007,Star Health,2025-10-21,341.84,Paid,Not Applicable,2025-10-29,326.94,14.9
CLM009479,BILL012632,PAT04392,FAC002,DEP007,Star Health,2025-08-10,419.37,Approved,Not Applicable,2025-08-31,379.8,39.57
CLM009489,BILL012645,PAT08407,FAC001,DEP001,Niva Bupa,2025-09-08,1092.45,Paid,Not Applicable,2025-10-08,1021.92,70.53
CLM009498,BILL012658,PAT08983,FAC001,DEP001,HDFC ERGO,2025-07-13,1314.67,Paid,Not Applicable,2025-08-02,1267.44,47.23
CLM009499,BILL012659,PAT04490,FAC002,DEP001,Niva Bupa,2025-09-15,1325.83,Approved,Not Applicable,2025-09-30,1145.83,180.0
CLM009500,BILL012660,PAT04076,FAC004,DEP002,Care Health,2025-08-27,1269.48,Approved,Not Applicable,2025-09-20,1123.66,145.82
CLM009507,BILL012672,PAT08837,FAC004,DEP001,Star Health,2025-12-22,978.0,Under Review,Not Applicable,2026-01-02,0.0,978.0
CLM009511,BILL012677,PAT02168,FAC005,DEP005,HDFC ERGO,2025-11-26,330.52,Paid,Not Applicable,2025-12-25,319.15,11.37
CLM009515,BILL012681,PAT09626,FAC002,DEP005,Niva Bupa,2025-07-15,694.6,Paid,Not Applicable,2025-07-24,666.71,27.89
CLM009518,BILL012684,PAT04257,FAC002,DEP005,Niva Bupa,2025-12-02,457.18,Paid,Not Applicable,2025-12-11,444.5,12.68
CLM009527,BILL012699,PAT06905,FAC001,DEP008,HDFC ERGO,2025-03-20,1205.62,Under Review,Not Applicable,2025-04-22,0.0,1205.62
CLM009530,BILL012702,PAT01890,FAC003,DEP008,Care Health,2025-02-23,1444.23,Approved,Not Applicable,2025-03-02,1273.88,170.35
CLM009532,BILL012704,PAT00215,FAC001,DEP001,HDFC ERGO,2025-12-19,1320.34,Approved,Not Applicable,2026-01-06,1162.57,157.77
CLM009534,BILL012706,PAT04924,FAC002,DEP005,Care Health,2025-09-18,386.4,Paid,Not Applicable,2025-09-28,357.56,28.84
CLM009545,BILL012721,PAT05829,FAC004,DEP007,ICICI Lombard,2025-08-28,831.14,Pending,Not Applicable,2025-10-12,0.0,831.14
CLM009546,BILL012722,PAT08012,FAC001,DEP005,ICICI Lombard,2025-01-16,453.71,Denied,Duplicate Claim,2025-01-24,0.0,453.71
CLM009548,BILL012724,PAT05861,FAC005,DEP005,Niva Bupa,2025-07-08,540.85,Paid,Not Applicable,2025-07-28,510.48,30.37
CLM009557,BILL012735,PAT08006,FAC002,DEP006,HDFC ERGO,2025-01-16,571.86,Approved,Not Applicable,2025-02-13,544.18,27.68
CLM009562,BILL012742,PAT09431,FAC001,DEP008,Care Health,2025-07-06,1113.46,Approved,Not Applicable,2025-08-04,1010.3,103.16
CLM009566,BILL012748,PAT08216,FAC004,DEP002,HDFC ERGO,2025-07-14,1261.84,Paid,Not Applicable,2025-08-05,1254.04,7.8
CLM009571,BILL012755,PAT04904,FAC005,DEP003,Niva Bupa,2025-07-14,838.52,Pending,Not Applicable,2025-08-08,0.0,838.52
CLM009572,BILL012756,PAT00120,FAC003,DEP003,Niva Bupa,2025-12-19,444.56,Approved,Not Applicable,2026-01-11,412.34,32.22
CLM009573,BILL012757,PAT05345,FAC003,DEP001,Care Health,2025-02-18,1434.5,Paid,Not Applicable,2025-02-23,1332.29,102.21
CLM009578,BILL012763,PAT06007,FAC001,DEP008,Care Health,2025-10-15,1556.84,Under Review,Not Applicable,2025-11-10,0.0,1556.84
CLM009581,BILL012767,PAT04297,FAC001,DEP003,Star Health,2025-02-09,531.58,Paid,Not Applicable,2025-02-21,492.69,38.89
CLM009589,BILL012776,PAT00004,FAC001,DEP002,ICICI Lombard,2025-02-11,745.88,Pending,Not Applicable,2025-03-10,0.0,745.88
CLM009590,BILL012777,PAT06299,FAC001,DEP005,Niva Bupa,2025-04-01,506.26,Pending,Not Applicable,2025-04-12,0.0,506.26
CLM009592,BILL012779,PAT04246,FAC004,DEP006,Care Health,2025-11-28,798.77,Approved,Not Applicable,2025-12-22,795.36,3.41
CLM009596,BILL012785,PAT01415,FAC001,DEP002,Niva Bupa,2025-03-05,949.42,Approved,Not Applicable,2025-03-27,918.16,31.26
CLM009600,BILL012793,PAT04039,FAC003,DEP005,Star Health,2025-08-25,446.94,Paid,Not Applicable,2025-09-08,445.05,1.89
CLM009603,BILL012796,PAT03949,FAC001,DEP004,Star Health,2025-05-25,1223.23,Denied,Duplicate Claim,2025-06-04,0.0,1223.23
CLM009614,BILL012810,PAT07093,FAC001,DEP001,Care Health,2025-03-13,1346.47,Under Review,Not Applicable,2025-04-12,0.0,1346.47
CLM009616,BILL012812,PAT08086,FAC004,DEP001,Niva Bupa,2025-01-04,1968.85,Paid,Not Applicable,2025-01-21,1840.37,128.48
CLM009621,BILL012817,PAT07924,FAC004,DEP007,Star Health,2025-08-01,464.05,Approved,Not Applicable,2025-08-07,415.05,49.0
CLM009628,BILL012828,PAT09692,FAC003,DEP001,ICICI Lombard,2025-07-10,1530.9,Approved,Not Applicable,2025-07-21,1329.28,201.62
CLM009638,BILL012841,PAT05628,FAC001,DEP001,ICICI Lombard,2025-02-15,1284.1,Paid,Not Applicable,2025-02-26,1194.48,89.62
CLM009639,BILL012842,PAT02792,FAC005,DEP001,Star Health,2025-08-28,1295.93,Paid,Not Applicable,2025-09-25,1203.58,92.35
CLM009643,BILL012846,PAT08795,FAC003,DEP007,Care Health,2025-09-09,651.98,Paid,Not Applicable,2025-10-05,639.65,12.33
CLM009646,BILL012850,PAT05737,FAC001,DEP005,ICICI Lombard,2025-12-27,692.28,Paid,Not Applicable,2026-01-14,649.72,42.56
CLM009647,BILL012851,PAT03571,FAC004,DEP005,HDFC ERGO,2025-12-14,618.88,Paid,Not Applicable,2025-12-24,604.41,14.47
CLM009649,BILL012853,PAT04375,FAC001,DEP002,Star Health,2025-10-26,904.07,Under Review,Not Applicable,2025-11-13,0.0,904.07
CLM009663,BILL012875,PAT09296,FAC003,DEP001,Niva Bupa,2025-04-26,1533.78,Paid,Not Applicable,2025-05-13,1515.44,18.34
CLM009670,BILL012884,PAT08621,FAC003,DEP005,ICICI Lombard,2025-07-07,587.64,Approved,Not Applicable,2025-07-25,522.56,65.08
CLM009673,BILL012887,PAT04289,FAC003,DEP005,ICICI Lombard,2025-11-06,443.74,Pending,Not Applicable,2025-12-02,0.0,443.74
CLM009675,BILL012890,PAT08889,FAC003,DEP005,ICICI Lombard,2025-06-11,515.71,Approved,Not Applicable,2025-06-29,464.25,51.46
CLM009679,BILL012895,PAT07320,FAC004,DEP001,Niva Bupa,2025-04-22,1939.02,Under Review,Not Applicable,2025-05-30,0.0,1939.02
CLM009680,BILL012896,PAT04490,FAC003,DEP003,Star Health,2025-10-10,367.24,Denied,Eligibility Issue,2025-10-29,0.0,367.24
CLM009683,BILL012902,PAT05889,FAC005,DEP008,Niva Bupa,2025-05-03,1722.29,Approved,Not Applicable,2025-05-29,1687.04,35.25
CLM009694,BILL012916,PAT01576,FAC005,DEP003,Care Health,2025-05-09,682.27,Paid,Not Applicable,2025-05-22,669.05,13.22
CLM009709,BILL012940,PAT07781,FAC005,DEP008,Star Health,2025-01-17,1981.87,Paid,Not Applicable,2025-01-29,1883.75,98.12
CLM009711,BILL012943,PAT02999,FAC005,DEP005,Star Health,2025-09-07,301.92,Approved,Not Applicable,2025-09-21,279.35,22.57
CLM009714,BILL012946,PAT07573,FAC005,DEP001,Care Health,2025-12-19,1242.46,Paid,Not Applicable,2025-12-27,1169.63,72.83
CLM009715,BILL012947,PAT02678,FAC001,DEP002,Care Health,2025-09-19,779.54,Pending,Not Applicable,2025-10-31,0.0,779.54
CLM009726,BILL012960,PAT02237,FAC005,DEP006,Care Health,2025-04-04,408.46,Paid,Not Applicable,2025-04-22,395.11,13.35
CLM009732,BILL012967,PAT06811,FAC004,DEP002,ICICI Lombard,2025-02-07,908.04,Paid,Not Applicable,2025-02-17,845.34,62.7
CLM009735,BILL012972,PAT00246,FAC004,DEP005,Care Health,2025-05-27,396.16,Paid,Not Applicable,2025-06-10,373.37,22.79
CLM009742,BILL012983,PAT08497,FAC002,DEP007,ICICI Lombard,2025-03-28,776.48,Paid,Not Applicable,2025-04-25,753.14,23.34
CLM009748,BILL012992,PAT05901,FAC004,DEP005,Niva Bupa,2025-06-02,573.92,Pending,Not Applicable,2025-07-17,0.0,573.92
CLM009760,BILL013012,PAT08736,FAC005,DEP003,ICICI Lombard,2025-03-29,594.31,Denied,Authorization Missing,2025-04-17,0.0,594.31
CLM009763,BILL013015,PAT04873,FAC002,DEP002,Care Health,2025-08-13,1052.03,Approved,Not Applicable,2025-09-11,996.3,55.73
CLM009767,BILL013022,PAT06159,FAC002,DEP002,Niva Bupa,2025-08-14,714.8,Approved,Not Applicable,2025-08-21,641.18,73.62
CLM009773,BILL013030,PAT05903,FAC002,DEP005,Care Health,2025-02-14,536.54,Under Review,Not Applicable,2025-03-29,0.0,536.54
CLM009776,BILL013034,PAT08725,FAC003,DEP001,Star Health,2025-03-29,675.8,Paid,Not Applicable,2025-04-10,656.49,19.31
CLM009779,BILL013037,PAT00430,FAC001,DEP004,Niva Bupa,2025-03-07,1265.56,Pending,Not Applicable,2025-03-30,0.0,1265.56
CLM009789,BILL013049,PAT03992,FAC003,DEP001,Niva Bupa,2025-07-31,1267.2,Approved,Not Applicable,2025-08-30,1145.73,121.47
CLM009807,BILL013076,PAT03590,FAC001,DEP001,Star Health,2025-01-25,1680.55,Under Review,Not Applicable,2025-02-28,0.0,1680.55
CLM009838,BILL013110,PAT01115,FAC002,DEP006,HDFC ERGO,2025-03-27,871.0,Paid,Not Applicable,2025-04-26,853.8,17.2
CLM009842,BILL013114,PAT02808,FAC002,DEP001,Star Health,2025-11-02,832.3,Paid,Not Applicable,2025-12-02,789.81,42.49
CLM009846,BILL013119,PAT05763,FAC004,DEP006,Star Health,2025-01-26,527.29,Approved,Not Applicable,2025-01-31,507.19,20.1
CLM009847,BILL013120,PAT05095,FAC005,DEP003,Care Health,2025-12-24,767.66,Pending,Not Applicable,2026-01-04,0.0,767.66
CLM009848,BILL013121,PAT05602,FAC003,DEP001,Care Health,2025-01-26,616.54,Paid,Not Applicable,2025-02-14,581.02,35.52
CLM009850,BILL013125,PAT03956,FAC004,DEP005,Niva Bupa,2025-02-03,502.53,Paid,Not Applicable,2025-02-12,482.43,20.1
CLM009852,BILL013129,PAT03116,FAC002,DEP005,Niva Bupa,2025-05-29,496.12,Pending,Not Applicable,2025-06-30,0.0,496.12
CLM009853,BILL013130,PAT07174,FAC003,DEP003,Star Health,2025-11-02,588.02,Under Review,Not Applicable,2025-11-16,0.0,588.02
CLM009857,BILL013137,PAT07991,FAC003,DEP003,HDFC ERGO,2025-04-16,771.95,Denied,Policy Exclusion,2025-04-29,0.0,771.95
CLM009861,BILL013142,PAT02806,FAC004,DEP001,HDFC ERGO,2025-10-05,1452.89,Pending,Not Applicable,2025-11-06,0.0,1452.89
CLM009864,BILL013145,PAT04316,FAC004,DEP004,ICICI Lombard,2025-11-21,1281.68,Approved,Not Applicable,2025-12-01,1280.37,1.31
CLM009868,BILL013149,PAT01183,FAC004,DEP001,Niva Bupa,2025-12-27,1371.65,Denied,Missing Documentation,2026-01-10,0.0,1371.65
CLM009872,BILL013154,PAT04849,FAC003,DEP005,ICICI Lombard,2025-02-10,497.87,Under Review,Not Applicable,2025-03-19,0.0,497.87
CLM009881,BILL013168,PAT02597,FAC003,DEP008,HDFC ERGO,2025-03-19,1575.09,Approved,Not Applicable,2025-03-31,1385.62,189.47
CLM009883,BILL013171,PAT04128,FAC004,DEP004,Star Health,2025-12-14,993.4,Pending,Not Applicable,2025-12-24,0.0,993.4
CLM009884,BILL013172,PAT08002,FAC003,DEP005,Care Health,2025-01-19,564.83,Paid,Not Applicable,2025-01-25,527.93,36.9
CLM009892,BILL013182,PAT00426,FAC002,DEP005,ICICI Lombard,2025-08-07,571.14,Pending,Not Applicable,2025-08-19,0.0,571.14
CLM009893,BILL013183,PAT03044,FAC005,DEP008,Care Health,2025-02-05,1543.04,Paid,Not Applicable,2025-02-11,1539.76,3.28
CLM009896,BILL013186,PAT00813,FAC002,DEP007,ICICI Lombard,2025-03-16,695.9,Pending,Not Applicable,2025-03-26,0.0,695.9
CLM009898,BILL013188,PAT02217,FAC003,DEP001,Care Health,2025-01-11,1612.28,Approved,Not Applicable,2025-01-23,1453.05,159.23
CLM009910,BILL013205,PAT03992,FAC002,DEP001,ICICI Lombard,2025-11-11,702.22,Approved,Not Applicable,2025-12-07,672.35,29.87
CLM009911,BILL013208,PAT04607,FAC001,DEP001,Care Health,2025-09-02,1574.51,Pending,Not Applicable,2025-10-13,0.0,1574.51
CLM009912,BILL013209,PAT07448,FAC002,DEP002,Niva Bupa,2025-03-31,703.54,Approved,Not Applicable,2025-04-11,638.16,65.38
CLM009913,BILL013211,PAT05221,FAC002,DEP007,Star Health,2025-12-30,452.66,Denied,Missing Documentation,2026-01-11,0.0,452.66
CLM009914,BILL013213,PAT07182,FAC002,DEP002,HDFC ERGO,2025-12-25,717.22,Paid,Not Applicable,2026-01-08,689.7,27.52
CLM009916,BILL013215,PAT04951,FAC001,DEP002,Care Health,2025-07-19,957.82,Under Review,Not Applicable,2025-08-17,0.0,957.82
CLM009917,BILL013216,PAT04192,FAC005,DEP001,Care Health,2025-12-25,1089.03,Paid,Not Applicable,2026-01-23,1014.64,74.39
CLM009919,BILL013218,PAT00994,FAC004,DEP005,ICICI Lombard,2025-02-03,596.71,Approved,Not Applicable,2025-03-02,571.16,25.55
CLM009920,BILL013219,PAT00168,FAC002,DEP005,Care Health,2025-02-27,406.52,Approved,Not Applicable,2025-03-28,390.44,16.08
CLM009922,BILL013221,PAT07884,FAC001,DEP008,Care Health,2025-09-25,667.72,Approved,Not Applicable,2025-10-10,653.75,13.97
CLM009926,BILL013225,PAT06730,FAC001,DEP002,Niva Bupa,2025-01-25,850.75,Pending,Not Applicable,2025-03-01,0.0,850.75
CLM009929,BILL013228,PAT01685,FAC005,DEP003,ICICI Lombard,2025-12-10,565.88,Approved,Not Applicable,2025-12-25,500.96,64.92
CLM009935,BILL013238,PAT09895,FAC003,DEP003,Star Health,2025-02-06,503.15,Approved,Not Applicable,2025-03-07,445.5,57.65
CLM009937,BILL013242,PAT08179,FAC001,DEP002,Niva Bupa,2025-05-29,967.8,Approved,Not Applicable,2025-06-11,850.26,117.54
CLM009938,BILL013244,PAT06602,FAC005,DEP003,Star Health,2025-09-12,774.48,Under Review,Not Applicable,2025-09-27,0.0,774.48
CLM009939,BILL013245,PAT07924,FAC002,DEP006,HDFC ERGO,2025-12-02,804.02,Paid,Not Applicable,2025-12-14,799.9,4.12
CLM009943,BILL013250,PAT06845,FAC004,DEP001,HDFC ERGO,2025-06-11,1190.77,Denied,Coding Error,2025-06-29,0.0,1190.77
CLM009947,BILL013260,PAT00004,FAC004,DEP002,ICICI Lombard,2025-03-30,910.22,Approved,Not Applicable,2025-04-17,836.28,73.94
CLM009948,BILL013261,PAT03117,FAC001,DEP003,ICICI Lombard,2025-01-14,675.94,Denied,Policy Exclusion,2025-02-01,0.0,675.94
CLM009951,BILL013264,PAT07248,FAC004,DEP005,Star Health,2025-08-03,301.26,Under Review,Not Applicable,2025-08-15,0.0,301.26
CLM009957,BILL013274,PAT04751,FAC001,DEP003,Star Health,2025-01-10,539.39,Under Review,Not Applicable,2025-02-05,0.0,539.39
CLM009962,BILL013280,PAT03485,FAC003,DEP001,Star Health,2025-03-04,1520.44,Paid,Not Applicable,2025-03-26,1512.37,8.07
CLM009972,BILL013295,PAT02803,FAC002,DEP002,Care Health,2025-10-13,846.47,Approved,Not Applicable,2025-10-27,740.35,106.12
CLM009973,BILL013296,PAT02678,FAC004,DEP005,Care Health,2025-08-13,469.57,Paid,Not Applicable,2025-09-10,465.44,4.13
CLM009975,BILL013299,PAT04388,FAC004,DEP005,HDFC ERGO,2025-03-06,564.42,Under Review,Not Applicable,2025-03-27,0.0,564.42
CLM009976,BILL013301,PAT06867,FAC004,DEP001,HDFC ERGO,2025-08-21,1359.67,Paid,Not Applicable,2025-08-27,1297.04,62.63
CLM009978,BILL013304,PAT01984,FAC003,DEP005,Star Health,2025-11-01,673.83,Paid,Not Applicable,2025-11-14,628.88,44.95
CLM009980,BILL013306,PAT07338,FAC004,DEP001,Niva Bupa,2025-12-11,1576.4,Approved,Not Applicable,2026-01-10,1344.31,232.09
CLM009983,BILL013310,PAT00071,FAC005,DEP001,Care Health,2025-09-04,992.08,Pending,Not Applicable,2025-10-06,0.0,992.08
CLM009990,BILL013320,PAT07347,FAC005,DEP003,ICICI Lombard,2025-02-13,650.38,Under Review,Not Applicable,2025-03-13,0.0,650.38
CLM009993,BILL013323,PAT01513,FAC004,DEP007,ICICI Lombard,2025-08-23,506.0,Approved,Not Applicable,2025-09-20,471.86,34.14
CLM009999,BILL013330,PAT00721,FAC002,DEP002,Star Health,2025-09-10,1303.66,Pending,Not Applicable,2025-10-07,0.0,1303.66
CLM010001,BILL013332,PAT07202,FAC003,DEP007,Niva Bupa,2025-05-15,563.69,Under Review,Not Applicable,2025-06-11,0.0,563.69
CLM010003,BILL013334,PAT05702,FAC002,DEP005,ICICI Lombard,2025-01-27,375.84,Pending,Not Applicable,2025-02-21,0.0,375.84
CLM010004,BILL013335,PAT03405,FAC003,DEP008,ICICI Lombard,2025-12-04,1109.7,Approved,Not Applicable,2025-12-15,1101.59,8.11
CLM010012,BILL013346,PAT09566,FAC002,DEP002,HDFC ERGO,2025-02-23,1365.53,Approved,Not Applicable,2025-03-19,1364.61,0.92
CLM010019,BILL013353,PAT01283,FAC004,DEP005,Star Health,2025-09-16,600.38,Denied,Authorization Missing,2025-09-30,0.0,600.38
CLM010026,BILL013363,PAT01635,FAC001,DEP005,HDFC ERGO,2025-02-11,527.37,Paid,Not Applicable,2025-03-09,502.93,24.44
CLM010035,BILL013374,PAT01214,FAC003,DEP001,Care Health,2025-06-29,1484.42,Approved,Not Applicable,2025-07-16,1414.65,69.77
CLM010036,BILL013375,PAT03166,FAC005,DEP001,Care Health,2025-11-22,1866.56,Approved,Not Applicable,2025-12-17,1629.02,237.54
CLM010045,BILL013384,PAT08980,FAC004,DEP002,Star Health,2026-01-03,1005.15,Approved,Not Applicable,2026-01-09,990.24,14.91
CLM010049,BILL013389,PAT08680,FAC004,DEP001,Star Health,2025-07-18,1051.79,Paid,Not Applicable,2025-08-16,1045.98,5.81
CLM010050,BILL013390,PAT04827,FAC001,DEP004,HDFC ERGO,2025-08-31,770.05,Approved,Not Applicable,2025-09-17,688.7,81.35
CLM010052,BILL013393,PAT08268,FAC005,DEP001,HDFC ERGO,2025-10-23,1851.88,Pending,Not Applicable,2025-11-15,0.0,1851.88
CLM010053,BILL013395,PAT01348,FAC002,DEP005,Care Health,2025-04-08,333.02,Denied,Missing Documentation,2025-04-26,0.0,333.02
CLM010054,BILL013396,PAT06880,FAC004,DEP002,Care Health,2025-12-18,1021.41,Pending,Not Applicable,2026-01-20,0.0,1021.41
CLM010058,BILL013402,PAT05624,FAC001,DEP008,Niva Bupa,2025-09-17,1833.95,Denied,Eligibility Issue,2025-09-28,0.0,1833.95
CLM010063,BILL013410,PAT05782,FAC001,DEP002,Star Health,2025-12-18,753.16,Approved,Not Applicable,2025-12-23,703.77,49.39
CLM010064,BILL013411,PAT07825,FAC002,DEP007,Care Health,2025-01-11,503.85,Pending,Not Applicable,2025-02-20,0.0,503.85
CLM010068,BILL013418,PAT01176,FAC001,DEP003,Star Health,2026-01-02,392.8,Paid,Not Applicable,2026-01-20,383.46,9.34
CLM010070,BILL013421,PAT04650,FAC002,DEP006,Care Health,2025-07-26,831.02,Paid,Not Applicable,2025-08-06,769.55,61.47
CLM010077,BILL013431,PAT08385,FAC004,DEP001,ICICI Lombard,2025-09-08,1211.62,Approved,Not Applicable,2025-09-25,1032.04,179.58
CLM010078,BILL013432,PAT03775,FAC005,DEP008,HDFC ERGO,2025-04-11,1536.66,Paid,Not Applicable,2025-04-30,1465.42,71.24
CLM010081,BILL013435,PAT03234,FAC004,DEP004,Star Health,2025-01-14,1063.56,Denied,Eligibility Issue,2025-02-04,0.0,1063.56
CLM010083,BILL013439,PAT05839,FAC002,DEP002,Niva Bupa,2025-08-27,536.36,Paid,Not Applicable,2025-09-15,498.69,37.67
CLM010093,BILL013454,PAT05814,FAC004,DEP002,Star Health,2025-06-17,1082.27,Paid,Not Applicable,2025-06-24,1049.32,32.95
CLM010096,BILL013458,PAT09521,FAC005,DEP001,HDFC ERGO,2025-01-10,1560.8,Paid,Not Applicable,2025-01-16,1504.37,56.43
CLM010097,BILL013460,PAT08939,FAC002,DEP001,Care Health,2025-11-27,1225.93,Paid,Not Applicable,2025-12-16,1150.26,75.67
CLM010100,BILL013465,PAT03563,FAC005,DEP001,ICICI Lombard,2025-06-07,963.91,Approved,Not Applicable,2025-06-27,957.2,6.71
CLM010101,BILL013466,PAT02311,FAC004,DEP001,Star Health,2025-06-19,1201.44,Approved,Not Applicable,2025-07-10,1037.97,163.47
CLM010104,BILL013470,PAT02326,FAC005,DEP003,Star Health,2025-12-29,521.35,Paid,Not Applicable,2026-01-23,503.35,18.0
CLM010105,BILL013472,PAT03781,FAC002,DEP005,HDFC ERGO,2025-04-29,325.17,Pending,Not Applicable,2025-05-18,0.0,325.17
CLM010106,BILL013473,PAT05166,FAC003,DEP008,Star Health,2025-07-04,1074.3,Under Review,Not Applicable,2025-08-16,0.0,1074.3
CLM010108,BILL013475,PAT01745,FAC004,DEP001,Niva Bupa,2025-01-12,1015.27,Paid,Not Applicable,2025-01-28,946.94,68.33
CLM010109,BILL013476,PAT03661,FAC003,DEP007,Star Health,2025-03-07,518.9,Denied,Missing Documentation,2025-03-20,0.0,518.9
CLM010110,BILL013477,PAT03222,FAC004,DEP004,ICICI Lombard,2025-03-27,1044.55,Denied,Authorization Missing,2025-04-12,0.0,1044.55
CLM010111,BILL013478,PAT01248,FAC004,DEP001,Care Health,2025-07-15,1723.9,Approved,Not Applicable,2025-07-31,1470.37,253.53
CLM010112,BILL013479,PAT06867,FAC001,DEP003,Niva Bupa,2025-09-05,859.87,Paid,Not Applicable,2025-10-02,801.93,57.94
CLM010120,BILL013492,PAT01622,FAC003,DEP001,Star Health,2025-07-03,1116.49,Paid,Not Applicable,2025-07-13,1069.26,47.23
CLM010126,BILL013499,PAT09388,FAC001,DEP005,Star Health,2025-08-02,429.47,Under Review,Not Applicable,2025-08-16,0.0,429.47
CLM010127,BILL013500,PAT08635,FAC004,DEP004,ICICI Lombard,2025-10-13,1027.96,Under Review,Not Applicable,2025-11-22,0.0,1027.96
CLM010128,BILL013501,PAT01990,FAC004,DEP006,Niva Bupa,2025-03-10,536.59,Denied,Eligibility Issue,2025-03-27,0.0,536.59
CLM010129,BILL013502,PAT02693,FAC003,DEP005,Star Health,2025-12-21,417.89,Approved,Not Applicable,2026-01-13,408.24,9.65
CLM010132,BILL013505,PAT09490,FAC004,DEP007,Star Health,2025-11-29,569.55,Denied,Coding Error,2025-12-12,0.0,569.55
CLM010139,BILL013517,PAT03647,FAC001,DEP005,Care Health,2025-07-15,336.13,Under Review,Not Applicable,2025-08-27,0.0,336.13
CLM010143,BILL013522,PAT06132,FAC003,DEP005,ICICI Lombard,2025-04-26,410.61,Pending,Not Applicable,2025-06-02,0.0,410.61
CLM010147,BILL013528,PAT02967,FAC005,DEP006,ICICI Lombard,2025-10-12,740.06,Approved,Not Applicable,2025-10-25,646.14,93.92
CLM010148,BILL013529,PAT03775,FAC001,DEP002,ICICI Lombard,2025-01-24,606.24,Paid,Not Applicable,2025-02-10,596.38,9.86
CLM010150,BILL013532,PAT01714,FAC002,DEP006,Star Health,2025-12-13,731.56,Paid,Not Applicable,2025-12-28,712.19,19.37
CLM010156,BILL013540,PAT02544,FAC005,DEP001,Niva Bupa,2025-04-08,1336.75,Under Review,Not Applicable,2025-05-09,0.0,1336.75
CLM010160,BILL013544,PAT03012,FAC003,DEP005,Care Health,2025-02-24,456.38,Approved,Not Applicable,2025-03-05,443.98,12.4
CLM010165,BILL013554,PAT02857,FAC004,DEP002,HDFC ERGO,2025-11-16,719.98,Approved,Not Applicable,2025-11-24,687.0,32.98
CLM010175,BILL013567,PAT04815,FAC001,DEP001,HDFC ERGO,2025-05-23,1347.72,Pending,Not Applicable,2025-07-07,0.0,1347.72
CLM010178,BILL013570,PAT08958,FAC001,DEP005,ICICI Lombard,2025-05-25,358.31,Under Review,Not Applicable,2025-06-09,0.0,358.31
CLM010188,BILL013582,PAT06821,FAC003,DEP008,ICICI Lombard,2025-06-18,1517.98,Pending,Not Applicable,2025-07-30,0.0,1517.98
CLM010193,BILL013587,PAT02513,FAC005,DEP001,Star Health,2025-02-28,1558.32,Paid,Not Applicable,2025-03-11,1497.07,61.25
CLM010200,BILL013595,PAT03468,FAC004,DEP001,Care Health,2025-11-21,696.32,Paid,Not Applicable,2025-12-18,696.29,0.03
CLM010202,BILL013598,PAT04672,FAC002,DEP001,Niva Bupa,2025-08-30,987.14,Paid,Not Applicable,2025-09-14,954.4,32.74
CLM010204,BILL013600,PAT00304,FAC003,DEP007,HDFC ERGO,2025-08-25,818.89,Pending,Not Applicable,2025-09-28,0.0,818.89
CLM010206,BILL013602,PAT09887,FAC004,DEP001,Care Health,2025-12-23,1261.08,Paid,Not Applicable,2026-01-16,1254.83,6.25
CLM010207,BILL013603,PAT05013,FAC001,DEP003,Care Health,2025-09-17,585.56,Paid,Not Applicable,2025-10-04,573.45,12.11
CLM010210,BILL013607,PAT06835,FAC001,DEP005,ICICI Lombard,2025-07-23,552.71,Under Review,Not Applicable,2025-08-22,0.0,552.71
CLM010211,BILL013610,PAT03249,FAC002,DEP005,HDFC ERGO,2025-09-30,524.62,Pending,Not Applicable,2025-10-21,0.0,524.62
CLM010212,BILL013611,PAT01356,FAC002,DEP001,HDFC ERGO,2025-07-03,1537.52,Approved,Not Applicable,2025-07-23,1410.61,126.91
CLM010213,BILL013614,PAT03298,FAC003,DEP005,Star Health,2025-06-03,281.34,Paid,Not Applicable,2025-06-16,260.95,20.39
CLM010214,BILL013616,PAT03609,FAC003,DEP003,Star Health,2025-10-10,308.68,Paid,Not Applicable,2025-10-30,297.22,11.46
CLM010223,BILL013630,PAT06463,FAC001,DEP003,Niva Bupa,2025-04-07,753.77,Approved,Not Applicable,2025-05-02,656.66,97.11
CLM010232,BILL013641,PAT03419,FAC001,DEP003,Star Health,2025-04-12,545.43,Pending,Not Applicable,2025-05-03,0.0,545.43
CLM010239,BILL013649,PAT00742,FAC001,DEP004,Star Health,2025-08-11,846.38,Paid,Not Applicable,2025-08-27,793.2,53.18
CLM010241,BILL013652,PAT00926,FAC004,DEP002,Star Health,2025-07-08,780.53,Denied,Eligibility Issue,2025-07-26,0.0,780.53
CLM010243,BILL013654,PAT02901,FAC003,DEP003,ICICI Lombard,2025-11-10,666.17,Under Review,Not Applicable,2025-12-09,0.0,666.17
CLM010247,BILL013661,PAT00979,FAC005,DEP008,Star Health,2025-10-05,1326.76,Denied,Missing Documentation,2025-10-24,0.0,1326.76
CLM010249,BILL013664,PAT02967,FAC005,DEP005,HDFC ERGO,2025-04-14,623.86,Approved,Not Applicable,2025-05-01,578.37,45.49
CLM010253,BILL013670,PAT08547,FAC003,DEP005,Care Health,2025-05-10,408.22,Approved,Not Applicable,2025-05-18,374.69,33.53
CLM010255,BILL013672,PAT02457,FAC002,DEP007,HDFC ERGO,2025-11-01,353.43,Approved,Not Applicable,2025-11-17,304.86,48.57
CLM010261,BILL013682,PAT09195,FAC005,DEP003,HDFC ERGO,2025-07-17,813.37,Under Review,Not Applicable,2025-07-30,0.0,813.37
CLM010265,BILL013686,PAT00100,FAC002,DEP006,ICICI Lombard,2025-05-14,775.22,Denied,Eligibility Issue,2025-06-01,0.0,775.22
CLM010273,BILL013694,PAT07360,FAC005,DEP005,Niva Bupa,2025-12-05,465.18,Approved,Not Applicable,2026-01-04,449.07,16.11
CLM010274,BILL013696,PAT08485,FAC004,DEP002,Star Health,2025-11-25,1286.63,Denied,Authorization Missing,2025-12-16,0.0,1286.63
CLM010277,BILL013700,PAT03257,FAC001,DEP008,ICICI Lombard,2025-02-03,1443.52,Approved,Not Applicable,2025-02-09,1250.27,193.25
CLM010285,BILL013708,PAT04468,FAC005,DEP003,ICICI Lombard,2025-05-31,596.84,Approved,Not Applicable,2025-06-29,575.29,21.55
CLM010287,BILL013710,PAT04581,FAC001,DEP003,ICICI Lombard,2025-02-21,586.98,Approved,Not Applicable,2025-03-21,548.91,38.07
CLM010291,BILL013714,PAT09981,FAC003,DEP005,Care Health,2025-11-18,639.59,Pending,Not Applicable,2025-11-29,0.0,639.59
CLM010294,BILL013717,PAT05938,FAC001,DEP003,Care Health,2025-02-14,702.06,Under Review,Not Applicable,2025-02-28,0.0,702.06
CLM010298,BILL013721,PAT04124,FAC002,DEP001,Care Health,2025-02-06,1033.23,Approved,Not Applicable,2025-02-21,951.84,81.39
CLM010300,BILL013723,PAT03746,FAC002,DEP002,Care Health,2025-06-19,1945.32,Pending,Not Applicable,2025-07-25,0.0,1945.32
CLM010301,BILL013724,PAT03657,FAC002,DEP001,Star Health,2025-12-20,903.33,Pending,Not Applicable,2026-01-02,0.0,903.33
CLM010308,BILL013734,PAT07269,FAC001,DEP005,Star Health,2025-04-02,324.53,Approved,Not Applicable,2025-04-15,322.75,1.78
CLM010313,BILL013742,PAT09989,FAC003,DEP001,Star Health,2025-08-25,766.04,Paid,Not Applicable,2025-09-20,727.02,39.02
CLM010315,BILL013744,PAT05598,FAC002,DEP001,ICICI Lombard,2025-06-19,1047.94,Denied,Missing Documentation,2025-06-30,0.0,1047.94
CLM010317,BILL013746,PAT02361,FAC001,DEP003,Star Health,2025-09-30,528.43,Approved,Not Applicable,2025-10-25,507.65,20.78
CLM010348,BILL013793,PAT01744,FAC005,DEP001,HDFC ERGO,2025-07-15,1273.81,Paid,Not Applicable,2025-08-12,1172.52,101.29
CLM010353,BILL013798,PAT08789,FAC002,DEP005,HDFC ERGO,2025-02-08,474.36,Paid,Not Applicable,2025-02-24,470.49,3.87
CLM010360,BILL013807,PAT03609,FAC002,DEP002,Niva Bupa,2025-10-29,1172.33,Pending,Not Applicable,2025-11-12,0.0,1172.33
CLM010363,BILL013811,PAT03046,FAC002,DEP005,Star Health,2025-06-09,506.62,Pending,Not Applicable,2025-07-07,0.0,506.62
CLM010366,BILL013814,PAT09627,FAC005,DEP008,Star Health,2025-06-26,1248.97,Paid,Not Applicable,2025-07-16,1174.05,74.92
CLM010368,BILL013816,PAT07169,FAC004,DEP001,HDFC ERGO,2025-11-20,866.7,Paid,Not Applicable,2025-11-25,797.63,69.07
CLM010372,BILL013820,PAT03117,FAC003,DEP001,ICICI Lombard,2025-02-08,1332.23,Approved,Not Applicable,2025-02-26,1141.22,191.01
CLM010374,BILL013823,PAT06088,FAC001,DEP005,Care Health,2025-04-02,395.78,Pending,Not Applicable,2025-05-01,0.0,395.78
CLM010379,BILL013830,PAT03888,FAC003,DEP001,ICICI Lombard,2025-10-24,1362.44,Approved,Not Applicable,2025-11-18,1166.32,196.12
CLM010385,BILL013837,PAT04076,FAC004,DEP004,HDFC ERGO,2025-03-27,1260.95,Denied,Authorization Missing,2025-04-17,0.0,1260.95
CLM010400,BILL013858,PAT07277,FAC002,DEP001,ICICI Lombard,2025-01-10,1122.51,Paid,Not Applicable,2025-02-01,1041.36,81.15
CLM010405,BILL013863,PAT08109,FAC004,DEP001,Care Health,2025-12-13,1841.07,Pending,Not Applicable,2025-12-23,0.0,1841.07
CLM010409,BILL013867,PAT04897,FAC004,DEP002,ICICI Lombard,2025-03-08,542.39,Under Review,Not Applicable,2025-04-10,0.0,542.39
CLM010413,BILL013871,PAT09549,FAC002,DEP006,Star Health,2025-01-13,603.99,Approved,Not Applicable,2025-01-18,569.5,34.49
CLM010417,BILL013876,PAT03502,FAC003,DEP005,Niva Bupa,2025-08-21,515.92,Pending,Not Applicable,2025-09-29,0.0,515.92
CLM010419,BILL013879,PAT00725,FAC002,DEP001,Niva Bupa,2025-11-21,1559.27,Approved,Not Applicable,2025-12-12,1424.7,134.57
CLM010420,BILL013881,PAT01025,FAC004,DEP007,ICICI Lombard,2025-02-16,730.07,Paid,Not Applicable,2025-03-04,677.34,52.73
CLM010427,BILL013888,PAT08823,FAC005,DEP003,Care Health,2025-12-20,527.01,Denied,Coding Error,2025-12-26,0.0,527.01
CLM010428,BILL013891,PAT07742,FAC002,DEP005,Star Health,2025-03-02,414.59,Approved,Not Applicable,2025-03-21,383.07,31.52
CLM010435,BILL013903,PAT03861,FAC001,DEP005,Star Health,2025-03-31,573.2,Paid,Not Applicable,2025-04-22,565.76,7.44
CLM010436,BILL013904,PAT09141,FAC001,DEP002,HDFC ERGO,2025-12-11,1056.65,Under Review,Not Applicable,2025-12-21,0.0,1056.65
CLM010439,BILL013908,PAT03059,FAC002,DEP002,ICICI Lombard,2025-06-23,1076.2,Denied,Authorization Missing,2025-07-02,0.0,1076.2
CLM010440,BILL013910,PAT02145,FAC005,DEP003,HDFC ERGO,2025-11-02,893.18,Pending,Not Applicable,2025-11-29,0.0,893.18
CLM010442,BILL013912,PAT00534,FAC005,DEP001,Niva Bupa,2025-03-05,1329.99,Pending,Not Applicable,2025-03-26,0.0,1329.99
CLM010443,BILL013913,PAT06089,FAC003,DEP005,Niva Bupa,2025-07-10,379.78,Pending,Not Applicable,2025-08-18,0.0,379.78
CLM010445,BILL013917,PAT04465,FAC001,DEP004,Care Health,2025-07-16,1158.94,Pending,Not Applicable,2025-08-13,0.0,1158.94
CLM010453,BILL013927,PAT01369,FAC003,DEP005,Care Health,2025-02-15,436.94,Paid,Not Applicable,2025-03-12,414.65,22.29
CLM010470,BILL013948,PAT02880,FAC001,DEP002,Niva Bupa,2025-12-20,1139.84,Approved,Not Applicable,2026-01-05,1138.0,1.84
CLM010475,BILL013956,PAT00579,FAC003,DEP003,Care Health,2025-03-11,720.51,Approved,Not Applicable,2025-03-29,677.62,42.89
CLM010477,BILL013959,PAT02141,FAC002,DEP005,Care Health,2025-07-09,625.9,Pending,Not Applicable,2025-07-21,0.0,625.9
CLM010487,BILL013974,PAT00336,FAC001,DEP003,HDFC ERGO,2025-03-04,504.54,Approved,Not Applicable,2025-03-15,469.33,35.21
CLM010492,BILL013980,PAT02460,FAC004,DEP002,Star Health,2025-06-02,1057.93,Paid,Not Applicable,2025-06-22,1015.81,42.12
CLM010496,BILL013987,PAT02806,FAC004,DEP002,Niva Bupa,2025-09-22,1056.41,Approved,Not Applicable,2025-10-02,1014.67,41.74
CLM010501,BILL013992,PAT07515,FAC005,DEP001,Care Health,2025-07-30,1042.82,Pending,Not Applicable,2025-08-25,0.0,1042.82
CLM010511,BILL014003,PAT02499,FAC005,DEP001,ICICI Lombard,2025-01-22,631.22,Approved,Not Applicable,2025-01-28,609.62,21.6
CLM010513,BILL014005,PAT01489,FAC004,DEP001,Star Health,2025-09-19,2318.13,Approved,Not Applicable,2025-10-09,2248.36,69.77
CLM010514,BILL014006,PAT03563,FAC003,DEP005,Star Health,2025-06-27,351.47,Pending,Not Applicable,2025-08-07,0.0,351.47
CLM010516,BILL014010,PAT04099,FAC005,DEP007,ICICI Lombard,2025-09-03,373.75,Denied,Missing Documentation,2025-09-13,0.0,373.75
CLM010520,BILL014017,PAT09921,FAC005,DEP008,ICICI Lombard,2025-07-22,1391.66,Under Review,Not Applicable,2025-08-05,0.0,1391.66
CLM010525,BILL014024,PAT04004,FAC002,DEP007,HDFC ERGO,2025-04-06,466.3,Approved,Not Applicable,2025-04-17,463.73,2.57
CLM010526,BILL014026,PAT07781,FAC001,DEP004,HDFC ERGO,2025-10-27,1686.08,Under Review,Not Applicable,2025-12-06,0.0,1686.08
CLM010534,BILL014035,PAT08030,FAC003,DEP001,Care Health,2025-01-28,1881.79,Paid,Not Applicable,2025-02-17,1732.25,149.54
CLM010550,BILL014057,PAT01870,FAC005,DEP006,Niva Bupa,2025-04-03,732.51,Under Review,Not Applicable,2025-04-18,0.0,732.51
CLM010561,BILL014072,PAT08262,FAC003,DEP005,ICICI Lombard,2025-07-29,681.68,Paid,Not Applicable,2025-08-27,642.81,38.87
CLM010568,BILL014080,PAT02178,FAC004,DEP005,Star Health,2025-08-15,447.1,Paid,Not Applicable,2025-09-09,442.63,4.47
CLM010569,BILL014082,PAT03316,FAC004,DEP001,Care Health,2025-12-10,1530.8,Denied,Policy Exclusion,2025-12-20,0.0,1530.8
CLM010577,BILL014097,PAT09027,FAC001,DEP001,Star Health,2025-05-06,1074.42,Pending,Not Applicable,2025-06-02,0.0,1074.42
CLM010582,BILL014102,PAT00080,FAC004,DEP002,ICICI Lombard,2025-06-12,1168.5,Approved,Not Applicable,2025-07-11,1083.04,85.46
CLM010591,BILL014113,PAT08671,FAC003,DEP008,Star Health,2025-11-06,1675.74,Pending,Not Applicable,2025-11-16,0.0,1675.74
CLM010592,BILL014114,PAT00218,FAC005,DEP008,Care Health,2025-03-21,1887.75,Pending,Not Applicable,2025-04-13,0.0,1887.75
CLM010596,BILL014119,PAT02185,FAC005,DEP008,Star Health,2025-03-05,912.18,Under Review,Not Applicable,2025-03-19,0.0,912.18
CLM010609,BILL014135,PAT04016,FAC002,DEP002,Care Health,2025-10-02,1154.88,Pending,Not Applicable,2025-10-12,0.0,1154.88
CLM010616,BILL014144,PAT01945,FAC001,DEP004,HDFC ERGO,2025-12-21,1232.03,Pending,Not Applicable,2026-01-27,0.0,1232.03
CLM010617,BILL014145,PAT00036,FAC004,DEP002,ICICI Lombard,2025-06-21,970.57,Approved,Not Applicable,2025-07-09,938.51,32.06
CLM010627,BILL014157,PAT02134,FAC005,DEP001,Star Health,2025-09-23,1231.82,Pending,Not Applicable,2025-10-18,0.0,1231.82
CLM010640,BILL014172,PAT02021,FAC003,DEP007,HDFC ERGO,2025-12-11,627.79,Approved,Not Applicable,2026-01-09,562.88,64.91
CLM010641,BILL014173,PAT08283,FAC005,DEP008,Care Health,2025-08-19,1279.54,Approved,Not Applicable,2025-09-01,1136.54,143.0
CLM010645,BILL014177,PAT08724,FAC005,DEP005,Care Health,2025-05-18,449.36,Approved,Not Applicable,2025-06-15,444.18,5.18
CLM010652,BILL014186,PAT04609,FAC003,DEP003,Niva Bupa,2025-06-06,506.44,Paid,Not Applicable,2025-07-06,478.88,27.56
CLM010656,BILL014190,PAT04305,FAC004,DEP007,ICICI Lombard,2025-11-26,588.72,Approved,Not Applicable,2025-12-20,566.33,22.39
CLM010672,BILL014209,PAT07559,FAC002,DEP006,Star Health,2025-05-18,511.97,Approved,Not Applicable,2025-06-06,488.57,23.4
CLM010683,BILL014223,PAT01403,FAC002,DEP005,ICICI Lombard,2025-02-07,555.76,Pending,Not Applicable,2025-02-26,0.0,555.76
CLM010684,BILL014224,PAT03956,FAC002,DEP001,HDFC ERGO,2025-12-11,1205.94,Denied,Duplicate Claim,2025-12-15,0.0,1205.94
CLM010697,BILL014242,PAT08789,FAC001,DEP004,ICICI Lombard,2025-06-09,1271.69,Approved,Not Applicable,2025-06-19,1199.91,71.78
CLM010706,BILL014252,PAT05737,FAC002,DEP001,HDFC ERGO,2025-05-25,1228.52,Paid,Not Applicable,2025-06-15,1136.56,91.96
CLM010713,BILL014259,PAT08695,FAC001,DEP003,HDFC ERGO,2025-12-26,967.44,Under Review,Not Applicable,2026-01-27,0.0,967.44
CLM010715,BILL014263,PAT06850,FAC002,DEP002,Care Health,2025-11-08,908.94,Pending,Not Applicable,2025-12-17,0.0,908.94
CLM010718,BILL014270,PAT04405,FAC002,DEP002,Niva Bupa,2025-07-23,1416.4,Pending,Not Applicable,2025-08-02,0.0,1416.4
CLM010720,BILL014272,PAT07320,FAC001,DEP002,Care Health,2025-12-19,1140.85,Denied,Duplicate Claim,2026-01-01,0.0,1140.85
CLM010736,BILL014300,PAT09187,FAC003,DEP005,Niva Bupa,2025-04-22,176.95,Paid,Not Applicable,2025-05-07,168.55,8.4
CLM010743,BILL014310,PAT03316,FAC004,DEP004,HDFC ERGO,2025-03-12,830.12,Paid,Not Applicable,2025-04-01,820.26,9.86
CLM010746,BILL014314,PAT03018,FAC004,DEP002,Niva Bupa,2025-06-02,984.22,Paid,Not Applicable,2025-06-23,957.37,26.85
CLM010747,BILL014315,PAT03858,FAC002,DEP002,ICICI Lombard,2025-07-05,1283.54,Approved,Not Applicable,2025-07-14,1103.78,179.76
CLM010749,BILL014319,PAT07825,FAC003,DEP008,Star Health,2025-05-01,1609.8,Paid,Not Applicable,2025-05-25,1489.83,119.97
CLM010768,BILL014351,PAT02630,FAC004,DEP002,ICICI Lombard,2025-05-31,1010.23,Denied,Duplicate Claim,2025-06-04,0.0,1010.23
CLM010771,BILL014355,PAT05454,FAC002,DEP005,Star Health,2025-01-16,421.06,Pending,Not Applicable,2025-02-12,0.0,421.06
CLM010772,BILL014356,PAT02233,FAC003,DEP005,ICICI Lombard,2025-07-08,546.73,Under Review,Not Applicable,2025-07-20,0.0,546.73
CLM010775,BILL014360,PAT03821,FAC001,DEP004,Star Health,2025-03-31,1184.52,Pending,Not Applicable,2025-05-07,0.0,1184.52
CLM010779,BILL014364,PAT02381,FAC005,DEP003,Care Health,2025-04-01,668.8,Paid,Not Applicable,2025-04-12,638.91,29.89
CLM010783,BILL014371,PAT09040,FAC001,DEP002,Care Health,2025-12-14,541.21,Paid,Not Applicable,2026-01-03,515.24,25.97
CLM010790,BILL014378,PAT09060,FAC004,DEP002,Star Health,2025-03-05,734.95,Paid,Not Applicable,2025-03-19,706.65,28.3
CLM010796,BILL014385,PAT07221,FAC004,DEP001,Star Health,2025-06-24,1471.69,Pending,Not Applicable,2025-07-12,0.0,1471.69
CLM010798,BILL014387,PAT09510,FAC001,DEP002,HDFC ERGO,2025-08-19,879.44,Paid,Not Applicable,2025-09-03,833.92,45.52
CLM010800,BILL014390,PAT09262,FAC005,DEP006,Niva Bupa,2025-12-23,852.63,Pending,Not Applicable,2026-01-30,0.0,852.63
CLM010806,BILL014397,PAT05958,FAC004,DEP001,ICICI Lombard,2025-12-01,1255.49,Paid,Not Applicable,2025-12-11,1174.23,81.26
CLM010812,BILL014404,PAT08618,FAC002,DEP006,HDFC ERGO,2025-10-25,751.08,Approved,Not Applicable,2025-11-18,714.93,36.15
CLM010821,BILL014417,PAT01523,FAC001,DEP004,Care Health,2025-01-24,1925.07,Paid,Not Applicable,2025-02-07,1910.12,14.95
CLM010835,BILL014435,PAT02715,FAC003,DEP005,Star Health,2025-12-11,302.0,Approved,Not Applicable,2026-01-07,257.54,44.46
CLM010838,BILL014438,PAT09149,FAC002,DEP002,HDFC ERGO,2025-12-29,776.48,Pending,Not Applicable,2026-01-13,0.0,776.48
CLM010839,BILL014439,PAT05364,FAC002,DEP005,HDFC ERGO,2025-01-05,505.54,Pending,Not Applicable,2025-02-07,0.0,505.54
CLM010840,BILL014440,PAT00980,FAC004,DEP005,Niva Bupa,2025-02-25,713.87,Denied,Missing Documentation,2025-03-10,0.0,713.87
CLM010853,BILL014454,PAT06178,FAC004,DEP002,ICICI Lombard,2025-01-23,975.09,Paid,Not Applicable,2025-02-01,909.82,65.27
CLM010860,BILL014467,PAT02656,FAC001,DEP003,Star Health,2025-05-21,792.78,Under Review,Not Applicable,2025-06-12,0.0,792.78
CLM010864,BILL014472,PAT03754,FAC003,DEP005,Star Health,2026-01-02,620.18,Approved,Not Applicable,2026-01-20,555.86,64.32
CLM010865,BILL014473,PAT00622,FAC004,DEP002,HDFC ERGO,2025-09-23,1224.13,Pending,Not Applicable,2025-11-05,0.0,1224.13
CLM010871,BILL014479,PAT01324,FAC002,DEP002,Care Health,2025-03-08,594.06,Under Review,Not Applicable,2025-03-19,0.0,594.06
CLM010880,BILL014493,PAT03284,FAC004,DEP002,Niva Bupa,2025-06-19,878.07,Paid,Not Applicable,2025-07-04,831.84,46.23
CLM010882,BILL014496,PAT00564,FAC005,DEP001,HDFC ERGO,2025-11-23,1632.61,Paid,Not Applicable,2025-12-16,1577.39,55.22
CLM010888,BILL014506,PAT04041,FAC003,DEP001,Star Health,2025-02-05,1449.47,Approved,Not Applicable,2025-02-16,1382.86,66.61
CLM010900,BILL014523,PAT01796,FAC003,DEP005,Star Health,2025-03-04,339.3,Pending,Not Applicable,2025-04-15,0.0,339.3
CLM010906,BILL014530,PAT04430,FAC004,DEP002,ICICI Lombard,2025-05-24,1127.94,Pending,Not Applicable,2025-06-11,0.0,1127.94
CLM010934,BILL014568,PAT03843,FAC002,DEP001,Star Health,2025-01-30,1630.34,Approved,Not Applicable,2025-02-05,1394.4,235.94
CLM010936,BILL014571,PAT01179,FAC005,DEP003,HDFC ERGO,2025-10-10,723.13,Paid,Not Applicable,2025-10-17,696.24,26.89
CLM010947,BILL014587,PAT08243,FAC005,DEP003,Care Health,2025-10-04,710.7,Approved,Not Applicable,2025-10-31,680.51,30.19
CLM010951,BILL014592,PAT04192,FAC004,DEP002,Care Health,2025-02-01,748.66,Approved,Not Applicable,2025-02-11,731.26,17.4
CLM010953,BILL014594,PAT01359,FAC003,DEP001,HDFC ERGO,2025-03-29,1123.24,Paid,Not Applicable,2025-04-17,1069.35,53.89
CLM010959,BILL014601,PAT07252,FAC004,DEP005,Niva Bupa,2025-11-06,317.94,Denied,Authorization Missing,2025-11-12,0.0,317.94
CLM010960,BILL014602,PAT00978,FAC001,DEP003,Niva Bupa,2025-11-10,977.16,Paid,Not Applicable,2025-12-05,974.85,2.31
CLM010964,BILL014606,PAT02358,FAC003,DEP008,ICICI Lombard,2025-12-05,1460.32,Denied,Missing Documentation,2025-12-20,0.0,1460.32
CLM010967,BILL014609,PAT00120,FAC004,DEP001,Care Health,2025-04-19,1139.19,Pending,Not Applicable,2025-05-27,0.0,1139.19
CLM010986,BILL014642,PAT00745,FAC002,DEP002,ICICI Lombard,2025-05-21,704.2,Approved,Not Applicable,2025-06-07,642.59,61.61
CLM010988,BILL014644,PAT09220,FAC005,DEP005,Care Health,2025-03-21,713.92,Denied,Authorization Missing,2025-03-29,0.0,713.92
CLM010990,BILL014647,PAT02656,FAC005,DEP006,Care Health,2025-07-05,528.83,Pending,Not Applicable,2025-07-21,0.0,528.83
CLM010991,BILL014649,PAT08962,FAC005,DEP001,HDFC ERGO,2025-10-20,1197.32,Approved,Not Applicable,2025-11-07,1131.9,65.42
CLM010997,BILL014659,PAT08661,FAC005,DEP006,Star Health,2025-03-04,571.96,Under Review,Not Applicable,2025-03-17,0.0,571.96
CLM011007,BILL014674,PAT06731,FAC001,DEP004,Niva Bupa,2025-04-05,699.78,Paid,Not Applicable,2025-04-17,648.18,51.6
CLM011013,BILL014680,PAT09369,FAC003,DEP008,ICICI Lombard,2025-08-09,1380.64,Denied,Coding Error,2025-08-21,0.0,1380.64
CLM011014,BILL014683,PAT00084,FAC005,DEP007,ICICI Lombard,2025-05-19,675.99,Paid,Not Applicable,2025-06-16,638.66,37.33
CLM011030,BILL014705,PAT09821,FAC004,DEP007,ICICI Lombard,2025-08-17,569.39,Approved,Not Applicable,2025-09-14,513.9,55.49
CLM011040,BILL014720,PAT07086,FAC004,DEP001,Star Health,2025-05-16,851.7,Under Review,Not Applicable,2025-06-06,0.0,851.7
CLM011042,BILL014724,PAT04275,FAC002,DEP007,Star Health,2025-10-26,493.69,Approved,Not Applicable,2025-11-18,448.98,44.71
CLM011043,BILL014725,PAT06632,FAC001,DEP002,ICICI Lombard,2025-09-18,862.32,Pending,Not Applicable,2025-10-14,0.0,862.32
CLM011044,BILL014726,PAT03102,FAC001,DEP003,Care Health,2025-01-10,1075.72,Under Review,Not Applicable,2025-01-28,0.0,1075.72
CLM011052,BILL014737,PAT08939,FAC004,DEP001,Star Health,2025-09-01,1275.11,Denied,Policy Exclusion,2025-09-08,0.0,1275.11
CLM011063,BILL014750,PAT03370,FAC004,DEP006,ICICI Lombard,2025-01-27,377.86,Paid,Not Applicable,2025-02-19,374.24,3.62
CLM011072,BILL014760,PAT09124,FAC002,DEP005,Star Health,2025-08-23,701.53,Paid,Not Applicable,2025-08-29,684.29,17.24
CLM011086,BILL014775,PAT00042,FAC003,DEP007,ICICI Lombard,2025-08-30,717.62,Denied,Missing Documentation,2025-09-07,0.0,717.62
CLM011100,BILL014795,PAT00901,FAC004,DEP006,Niva Bupa,2025-11-20,377.44,Pending,Not Applicable,2025-12-09,0.0,377.44
CLM011101,BILL014797,PAT05466,FAC001,DEP001,ICICI Lombard,2025-06-06,1020.14,Paid,Not Applicable,2025-06-12,1000.65,19.49
CLM011112,BILL014812,PAT02040,FAC003,DEP001,HDFC ERGO,2025-01-26,1682.22,Approved,Not Applicable,2025-02-16,1542.84,139.38
CLM011115,BILL014815,PAT02992,FAC004,DEP002,ICICI Lombard,2025-04-04,661.18,Under Review,Not Applicable,2025-04-18,0.0,661.18
CLM011120,BILL014820,PAT02352,FAC004,DEP004,Care Health,2025-10-22,965.15,Approved,Not Applicable,2025-11-01,943.86,21.29
CLM011121,BILL014821,PAT07518,FAC001,DEP005,ICICI Lombard,2025-08-25,366.12,Paid,Not Applicable,2025-09-23,338.04,28.08
CLM011122,BILL014823,PAT03551,FAC003,DEP001,ICICI Lombard,2025-04-10,1486.58,Under Review,Not Applicable,2025-05-25,0.0,1486.58
CLM011133,BILL014838,PAT09675,FAC002,DEP002,Star Health,2025-03-28,870.79,Paid,Not Applicable,2025-04-20,810.93,59.86
CLM011135,BILL014842,PAT07454,FAC001,DEP005,Star Health,2025-04-05,327.92,Paid,Not Applicable,2025-04-26,311.91,16.01
CLM011150,BILL014858,PAT07229,FAC001,DEP004,HDFC ERGO,2025-05-11,825.62,Approved,Not Applicable,2025-06-02,718.85,106.77
CLM011157,BILL014867,PAT09591,FAC004,DEP002,Care Health,2025-02-15,1083.27,Approved,Not Applicable,2025-03-16,1017.49,65.78
CLM011162,BILL014872,PAT05862,FAC004,DEP006,HDFC ERGO,2025-10-26,684.47,Paid,Not Applicable,2025-11-13,635.56,48.91
CLM011178,BILL014894,PAT02040,FAC005,DEP001,Care Health,2025-08-30,1465.61,Approved,Not Applicable,2025-09-16,1359.09,106.52
CLM011181,BILL014897,PAT01452,FAC001,DEP008,ICICI Lombard,2025-02-11,1845.53,Pending,Not Applicable,2025-03-07,0.0,1845.53
CLM011185,BILL014901,PAT02367,FAC001,DEP001,Care Health,2025-02-08,1543.09,Pending,Not Applicable,2025-03-01,0.0,1543.09
CLM011199,BILL014915,PAT02460,FAC002,DEP005,Star Health,2025-08-26,478.0,Under Review,Not Applicable,2025-10-03,0.0,478.0
CLM011201,BILL014917,PAT08661,FAC001,DEP002,Care Health,2025-12-02,974.06,Under Review,Not Applicable,2025-12-31,0.0,974.06
CLM011210,BILL014928,PAT00300,FAC005,DEP003,Niva Bupa,2025-05-12,591.63,Approved,Not Applicable,2025-05-27,518.65,72.98
CLM011213,BILL014931,PAT00705,FAC005,DEP007,ICICI Lombard,2025-09-06,874.28,Denied,Duplicate Claim,2025-09-27,0.0,874.28
CLM011222,BILL014947,PAT04095,FAC001,DEP004,Care Health,2025-07-03,1234.04,Denied,Coding Error,2025-07-23,0.0,1234.04
CLM011236,BILL014965,PAT09101,FAC001,DEP005,ICICI Lombard,2025-11-28,433.61,Pending,Not Applicable,2025-12-11,0.0,433.61
CLM011242,BILL014974,PAT09390,FAC003,DEP003,HDFC ERGO,2025-04-08,426.96,Pending,Not Applicable,2025-04-20,0.0,426.96
CLM011254,BILL014990,PAT00539,FAC001,DEP005,ICICI Lombard,2025-06-18,346.78,Under Review,Not Applicable,2025-07-16,0.0,346.78
CLM011261,BILL015002,PAT06992,FAC005,DEP008,Star Health,2025-01-19,1636.23,Pending,Not Applicable,2025-02-08,0.0,1636.23
CLM011263,BILL015004,PAT03752,FAC004,DEP001,Star Health,2025-06-24,875.13,Paid,Not Applicable,2025-07-23,854.25,20.88
CLM011268,BILL015012,PAT05795,FAC005,DEP001,Care Health,2025-11-30,1312.23,Paid,Not Applicable,2025-12-12,1270.12,42.11
CLM011270,BILL015014,PAT07768,FAC004,DEP002,Care Health,2025-09-24,1018.09,Paid,Not Applicable,2025-10-07,992.98,25.11
CLM011272,BILL015016,PAT05381,FAC003,DEP005,Star Health,2025-06-07,471.5,Approved,Not Applicable,2025-07-05,428.74,42.76
CLM011276,BILL015021,PAT09726,FAC005,DEP005,ICICI Lombard,2025-06-24,388.34,Paid,Not Applicable,2025-07-22,357.64,30.7
CLM011279,BILL015025,PAT02620,FAC002,DEP002,HDFC ERGO,2025-01-22,657.1,Denied,Authorization Missing,2025-01-27,0.0,657.1
CLM011280,BILL015026,PAT09682,FAC004,DEP001,ICICI Lombard,2025-05-17,849.04,Paid,Not Applicable,2025-06-15,838.76,10.28
CLM011289,BILL015040,PAT00477,FAC002,DEP002,Care Health,2025-04-27,687.98,Under Review,Not Applicable,2025-05-23,0.0,687.98
CLM011294,BILL015048,PAT07320,FAC003,DEP001,Star Health,2025-03-30,1259.91,Pending,Not Applicable,2025-04-12,0.0,1259.91
CLM011295,BILL015049,PAT00064,FAC003,DEP005,HDFC ERGO,2025-01-31,334.03,Approved,Not Applicable,2025-02-24,285.95,48.08
CLM011301,BILL015059,PAT03166,FAC001,DEP001,Care Health,2025-11-22,896.13,Denied,Authorization Missing,2025-12-05,0.0,896.13
CLM011302,BILL015060,PAT06761,FAC005,DEP003,Care Health,2025-08-07,394.85,Approved,Not Applicable,2025-09-05,360.98,33.87
CLM011306,BILL015065,PAT04058,FAC003,DEP001,Niva Bupa,2025-07-23,855.58,Pending,Not Applicable,2025-09-03,0.0,855.58
CLM011312,BILL015072,PAT03828,FAC005,DEP003,HDFC ERGO,2025-01-25,784.93,Approved,Not Applicable,2025-02-10,750.48,34.45
CLM011322,BILL015084,PAT09238,FAC002,DEP002,Star Health,2025-03-01,1118.92,Under Review,Not Applicable,2025-04-04,0.0,1118.92
CLM011328,BILL015094,PAT00060,FAC002,DEP007,Star Health,2025-02-28,444.77,Approved,Not Applicable,2025-03-20,394.83,49.94
CLM011330,BILL015099,PAT07052,FAC004,DEP001,Niva Bupa,2025-11-07,1484.31,Approved,Not Applicable,2025-11-14,1340.28,144.03
CLM011331,BILL015101,PAT08658,FAC004,DEP001,ICICI Lombard,2025-10-06,801.94,Under Review,Not Applicable,2025-11-17,0.0,801.94
CLM011342,BILL015117,PAT00555,FAC001,DEP002,Star Health,2025-03-29,1259.99,Paid,Not Applicable,2025-04-11,1252.12,7.87
CLM011346,BILL015124,PAT06988,FAC004,DEP002,HDFC ERGO,2025-04-01,830.18,Approved,Not Applicable,2025-04-19,825.3,4.88
CLM011354,BILL015133,PAT00725,FAC001,DEP001,ICICI Lombard,2025-09-09,866.76,Under Review,Not Applicable,2025-10-19,0.0,866.76
CLM011359,BILL015139,PAT03653,FAC001,DEP008,HDFC ERGO,2025-06-12,1449.53,Denied,Policy Exclusion,2025-06-28,0.0,1449.53
CLM011373,BILL015161,PAT09595,FAC001,DEP008,ICICI Lombard,2025-02-01,1313.5,Approved,Not Applicable,2025-03-03,1232.99,80.51
CLM011382,BILL015170,PAT05359,FAC003,DEP005,HDFC ERGO,2025-04-18,669.48,Paid,Not Applicable,2025-04-26,636.71,32.77
CLM011386,BILL015174,PAT06193,FAC005,DEP005,HDFC ERGO,2025-06-28,711.5,Pending,Not Applicable,2025-07-17,0.0,711.5
CLM011407,BILL015204,PAT00697,FAC001,DEP002,Star Health,2025-03-10,457.59,Paid,Not Applicable,2025-03-15,448.81,8.78
CLM011409,BILL015206,PAT03785,FAC005,DEP001,Niva Bupa,2025-01-06,1492.09,Paid,Not Applicable,2025-01-27,1490.49,1.6
CLM011411,BILL015212,PAT03480,FAC002,DEP001,ICICI Lombard,2025-01-11,1532.43,Pending,Not Applicable,2025-02-24,0.0,1532.43
CLM011422,BILL015224,PAT07653,FAC004,DEP001,ICICI Lombard,2025-02-05,1414.1,Denied,Policy Exclusion,2025-02-17,0.0,1414.1
CLM011423,BILL015225,PAT07714,FAC001,DEP002,Star Health,2025-02-21,1080.64,Approved,Not Applicable,2025-03-06,1054.55,26.09
CLM011428,BILL015233,PAT00684,FAC004,DEP004,Star Health,2025-08-24,1803.6,Approved,Not Applicable,2025-08-31,1568.73,234.87
CLM011430,BILL015239,PAT06088,FAC001,DEP001,ICICI Lombard,2025-07-13,917.48,Paid,Not Applicable,2025-07-26,864.37,53.11
CLM011436,BILL015249,PAT03380,FAC002,DEP005,Star Health,2025-08-11,330.48,Pending,Not Applicable,2025-08-26,0.0,330.48
CLM011440,BILL015253,PAT02003,FAC004,DEP007,Niva Bupa,2025-07-02,627.29,Paid,Not Applicable,2025-07-13,592.1,35.19
CLM011442,BILL015256,PAT00386,FAC003,DEP001,Star Health,2025-08-14,1930.96,Under Review,Not Applicable,2025-09-20,0.0,1930.96
CLM011445,BILL015259,PAT01724,FAC001,DEP002,Care Health,2025-08-23,834.56,Under Review,Not Applicable,2025-09-05,0.0,834.56
CLM011446,BILL015261,PAT07999,FAC002,DEP005,Care Health,2025-01-21,810.29,Paid,Not Applicable,2025-01-27,806.78,3.51
CLM011452,BILL015272,PAT01086,FAC003,DEP005,Star Health,2025-08-16,452.05,Paid,Not Applicable,2025-08-28,419.12,32.93
CLM011469,BILL015290,PAT00358,FAC002,DEP001,ICICI Lombard,2025-12-02,1274.28,Pending,Not Applicable,2025-12-22,0.0,1274.28
CLM011472,BILL015293,PAT03669,FAC002,DEP001,ICICI Lombard,2025-09-13,1877.82,Paid,Not Applicable,2025-09-23,1858.4,19.42
CLM011491,BILL015316,PAT09678,FAC003,DEP005,Star Health,2025-01-21,641.14,Approved,Not Applicable,2025-02-17,636.82,4.32
CLM011498,BILL015323,PAT09682,FAC002,DEP006,Niva Bupa,2025-01-28,864.41,Paid,Not Applicable,2025-02-26,861.26,3.15
CLM011500,BILL015325,PAT06182,FAC003,DEP005,Star Health,2025-09-14,670.75,Paid,Not Applicable,2025-09-25,642.16,28.59
CLM011501,BILL015327,PAT02302,FAC004,DEP007,HDFC ERGO,2025-08-25,467.22,Paid,Not Applicable,2025-09-21,456.61,10.61
CLM011512,BILL015346,PAT07096,FAC005,DEP003,Star Health,2025-11-19,555.25,Under Review,Not Applicable,2025-12-21,0.0,555.25
CLM011516,BILL015353,PAT05014,FAC001,DEP002,Star Health,2025-04-25,712.18,Pending,Not Applicable,2025-05-30,0.0,712.18
CLM011519,BILL015356,PAT06598,FAC005,DEP001,Star Health,2025-05-29,1995.38,Approved,Not Applicable,2025-06-19,1757.26,238.12
CLM011527,BILL015367,PAT04039,FAC005,DEP005,Star Health,2025-09-03,318.14,Pending,Not Applicable,2025-10-09,0.0,318.14
CLM011528,BILL015368,PAT08529,FAC005,DEP006,Care Health,2025-01-08,612.67,Pending,Not Applicable,2025-02-16,0.0,612.67
CLM011529,BILL015369,PAT01484,FAC004,DEP007,Star Health,2025-12-07,342.34,Paid,Not Applicable,2025-12-21,317.75,24.59
CLM011547,BILL015392,PAT09750,FAC001,DEP002,Care Health,2025-06-13,745.79,Approved,Not Applicable,2025-07-06,660.74,85.05
CLM011562,BILL015412,PAT08269,FAC003,DEP001,Star Health,2025-11-30,1784.65,Paid,Not Applicable,2025-12-07,1724.74,59.91
CLM011568,BILL015421,PAT04862,FAC001,DEP004,Niva Bupa,2025-12-07,1376.79,Paid,Not Applicable,2026-01-01,1351.12,25.67
CLM011571,BILL015425,PAT09902,FAC002,DEP001,ICICI Lombard,2025-05-01,1330.03,Pending,Not Applicable,2025-05-25,0.0,1330.03
CLM011578,BILL015436,PAT01954,FAC001,DEP002,HDFC ERGO,2025-12-30,1092.01,Pending,Not Applicable,2026-01-30,0.0,1092.01
CLM011583,BILL015444,PAT03022,FAC003,DEP001,Care Health,2025-09-22,1950.96,Pending,Not Applicable,2025-10-24,0.0,1950.96
CLM011589,BILL015451,PAT02338,FAC003,DEP001,Care Health,2025-08-05,809.08,Pending,Not Applicable,2025-09-14,0.0,809.08
CLM011597,BILL015460,PAT00480,FAC003,DEP007,Star Health,2025-06-02,736.74,Approved,Not Applicable,2025-06-23,719.76,16.98
CLM011615,BILL015480,PAT09717,FAC001,DEP005,Care Health,2025-03-30,530.54,Approved,Not Applicable,2025-04-22,486.95,43.59
CLM011617,BILL015484,PAT00264,FAC002,DEP002,HDFC ERGO,2025-01-13,1198.82,Denied,Policy Exclusion,2025-01-24,0.0,1198.82
CLM011619,BILL015486,PAT03669,FAC001,DEP005,Niva Bupa,2025-01-11,784.77,Approved,Not Applicable,2025-01-30,686.32,98.45
CLM011625,BILL015492,PAT02944,FAC005,DEP007,Niva Bupa,2025-08-06,731.77,Approved,Not Applicable,2025-08-27,679.45,52.32
CLM011626,BILL015493,PAT02168,FAC005,DEP008,Care Health,2025-05-24,1766.02,Paid,Not Applicable,2025-06-03,1676.52,89.5
CLM011632,BILL015504,PAT04245,FAC005,DEP006,Care Health,2025-09-16,831.46,Pending,Not Applicable,2025-10-15,0.0,831.46
CLM011633,BILL015505,PAT02216,FAC002,DEP006,Niva Bupa,2025-07-30,778.94,Under Review,Not Applicable,2025-08-27,0.0,778.94
CLM011635,BILL015508,PAT01428,FAC002,DEP007,HDFC ERGO,2025-06-02,552.28,Denied,Policy Exclusion,2025-06-21,0.0,552.28
CLM011637,BILL015512,PAT07829,FAC002,DEP002,Star Health,2025-06-25,1279.27,Denied,Eligibility Issue,2025-07-16,0.0,1279.27
CLM011638,BILL015513,PAT07802,FAC001,DEP003,HDFC ERGO,2025-09-22,641.94,Approved,Not Applicable,2025-10-01,608.93,33.01
CLM011651,BILL015530,PAT08583,FAC004,DEP001,Niva Bupa,2025-05-20,1132.86,Under Review,Not Applicable,2025-06-13,0.0,1132.86
CLM011656,BILL015537,PAT00812,FAC002,DEP001,HDFC ERGO,2025-03-23,1414.53,Under Review,Not Applicable,2025-04-11,0.0,1414.53
CLM011660,BILL015544,PAT03446,FAC002,DEP006,ICICI Lombard,2025-07-26,772.13,Under Review,Not Applicable,2025-09-03,0.0,772.13
CLM011662,BILL015546,PAT06683,FAC003,DEP001,Star Health,2025-08-15,1295.48,Under Review,Not Applicable,2025-09-27,0.0,1295.48
CLM011666,BILL015554,PAT04673,FAC003,DEP001,Star Health,2025-09-23,1016.1,Pending,Not Applicable,2025-11-04,0.0,1016.1
CLM011676,BILL015569,PAT00004,FAC001,DEP008,HDFC ERGO,2025-03-23,2075.66,Pending,Not Applicable,2025-04-19,0.0,2075.66
CLM011680,BILL015573,PAT08584,FAC001,DEP003,Niva Bupa,2025-07-01,525.04,Pending,Not Applicable,2025-07-28,0.0,525.04
CLM011691,BILL015588,PAT06693,FAC005,DEP008,Niva Bupa,2025-02-13,1049.6,Denied,Coding Error,2025-02-21,0.0,1049.6
CLM011694,BILL015599,PAT03572,FAC002,DEP002,Niva Bupa,2025-11-22,889.04,Approved,Not Applicable,2025-12-03,874.79,14.25
CLM011695,BILL015600,PAT05958,FAC005,DEP003,Star Health,2025-07-15,711.35,Pending,Not Applicable,2025-08-25,0.0,711.35
CLM011696,BILL015601,PAT01607,FAC004,DEP001,Niva Bupa,2025-12-04,1708.7,Under Review,Not Applicable,2025-12-28,0.0,1708.7
CLM011704,BILL015612,PAT04547,FAC004,DEP004,Care Health,2025-03-25,716.55,Paid,Not Applicable,2025-04-02,660.73,55.82
CLM011727,BILL015642,PAT03446,FAC001,DEP001,HDFC ERGO,2025-01-03,1114.9,Under Review,Not Applicable,2025-01-21,0.0,1114.9
CLM011734,BILL015651,PAT01057,FAC003,DEP001,Care Health,2025-03-24,800.91,Denied,Coding Error,2025-04-01,0.0,800.91
CLM011735,BILL015652,PAT02486,FAC004,DEP002,ICICI Lombard,2025-12-28,734.19,Approved,Not Applicable,2026-01-17,688.64,45.55
CLM011738,BILL015656,PAT05915,FAC004,DEP001,ICICI Lombard,2025-06-15,778.09,Denied,Coding Error,2025-07-03,0.0,778.09
CLM011742,BILL015661,PAT02474,FAC003,DEP003,Care Health,2025-08-07,597.71,Paid,Not Applicable,2025-08-23,554.62,43.09
CLM011754,BILL015678,PAT03828,FAC001,DEP003,HDFC ERGO,2025-02-20,744.99,Denied,Missing Documentation,2025-02-24,0.0,744.99
CLM011758,BILL015684,PAT04191,FAC004,DEP007,Niva Bupa,2025-03-31,647.62,Under Review,Not Applicable,2025-04-25,0.0,647.62
CLM011760,BILL015686,PAT08603,FAC001,DEP008,Care Health,2025-03-29,1727.43,Approved,Not Applicable,2025-04-26,1662.09,65.34
CLM011763,BILL015690,PAT02169,FAC005,DEP005,Niva Bupa,2025-11-22,687.96,Approved,Not Applicable,2025-12-02,601.89,86.07
CLM011766,BILL015694,PAT09114,FAC002,DEP006,Care Health,2025-01-20,995.27,Pending,Not Applicable,2025-02-06,0.0,995.27
CLM011767,BILL015695,PAT06635,FAC001,DEP001,Star Health,2025-07-10,894.5,Approved,Not Applicable,2025-07-22,800.24,94.26
CLM011777,BILL015711,PAT08998,FAC004,DEP001,HDFC ERGO,2025-10-05,1655.3,Pending,Not Applicable,2025-10-18,0.0,1655.3
CLM011792,BILL015730,PAT04418,FAC004,DEP001,Star Health,2025-09-26,785.08,Under Review,Not Applicable,2025-11-06,0.0,785.08
CLM011796,BILL015735,PAT03659,FAC001,DEP002,Star Health,2025-09-02,721.51,Denied,Eligibility Issue,2025-09-17,0.0,721.51
CLM011800,BILL015740,PAT01412,FAC003,DEP005,Care Health,2025-09-22,587.47,Denied,Coding Error,2025-10-05,0.0,587.47
CLM011806,BILL015750,PAT08937,FAC005,DEP003,ICICI Lombard,2025-09-14,645.28,Paid,Not Applicable,2025-09-25,631.7,13.58
CLM011842,BILL015799,PAT09220,FAC004,DEP006,Star Health,2025-05-01,591.74,Pending,Not Applicable,2025-06-05,0.0,591.74
CLM011845,BILL015804,PAT06096,FAC002,DEP005,Star Health,2025-08-24,405.35,Approved,Not Applicable,2025-09-06,381.78,23.57
CLM011846,BILL015805,PAT08724,FAC004,DEP006,Star Health,2025-07-01,873.72,Paid,Not Applicable,2025-07-19,862.91,10.81
CLM011847,BILL015806,PAT09386,FAC003,DEP003,ICICI Lombard,2025-08-08,797.92,Pending,Not Applicable,2025-09-19,0.0,797.92
CLM011848,BILL015807,PAT08226,FAC004,DEP002,ICICI Lombard,2025-06-22,914.92,Approved,Not Applicable,2025-07-01,791.35,123.57
CLM011849,BILL015808,PAT06878,FAC001,DEP003,Care Health,2025-05-23,293.68,Paid,Not Applicable,2025-06-03,281.14,12.54
CLM011858,BILL015822,PAT03469,FAC004,DEP001,Care Health,2025-08-25,1336.4,Pending,Not Applicable,2025-09-04,0.0,1336.4
CLM011859,BILL015823,PAT02320,FAC002,DEP007,Star Health,2025-04-23,701.48,Under Review,Not Applicable,2025-05-14,0.0,701.48
CLM011860,BILL015824,PAT04794,FAC004,DEP002,Niva Bupa,2025-12-27,817.52,Paid,Not Applicable,2026-01-07,763.31,54.21
CLM011865,BILL015830,PAT02875,FAC005,DEP008,HDFC ERGO,2025-11-08,1710.59,Paid,Not Applicable,2025-11-28,1666.62,43.97
CLM011872,BILL015838,PAT03657,FAC005,DEP007,HDFC ERGO,2025-06-29,705.81,Paid,Not Applicable,2025-07-09,702.67,3.14
CLM011873,BILL015839,PAT03972,FAC002,DEP002,ICICI Lombard,2025-02-08,977.88,Pending,Not Applicable,2025-03-01,0.0,977.88
CLM011874,BILL015840,PAT02679,FAC003,DEP008,Niva Bupa,2025-04-25,875.4,Approved,Not Applicable,2025-05-21,817.89,57.51
CLM011886,BILL015855,PAT00034,FAC003,DEP005,ICICI Lombard,2025-01-05,355.75,Denied,Eligibility Issue,2025-01-12,0.0,355.75
CLM011887,BILL015856,PAT05340,FAC002,DEP001,HDFC ERGO,2025-07-04,1107.68,Pending,Not Applicable,2025-08-09,0.0,1107.68
CLM011891,BILL015863,PAT09114,FAC002,DEP007,HDFC ERGO,2025-12-09,241.53,Approved,Not Applicable,2025-12-17,241.34,0.19
CLM011895,BILL015867,PAT03144,FAC002,DEP005,Care Health,2025-06-03,506.84,Approved,Not Applicable,2025-06-17,502.67,4.17
CLM011897,BILL015869,PAT04983,FAC003,DEP001,HDFC ERGO,2025-04-10,2033.17,Paid,Not Applicable,2025-04-16,2030.83,2.34
CLM011905,BILL015877,PAT03070,FAC003,DEP003,Care Health,2025-01-06,694.85,Approved,Not Applicable,2025-01-31,642.13,52.72
CLM011906,BILL015878,PAT07223,FAC005,DEP003,HDFC ERGO,2025-05-08,921.38,Paid,Not Applicable,2025-06-01,920.91,0.47
CLM011920,BILL015897,PAT05924,FAC001,DEP002,Care Health,2025-01-01,989.24,Approved,Not Applicable,2025-01-11,852.0,137.24
CLM011926,BILL015903,PAT06923,FAC005,DEP001,Care Health,2025-06-28,723.66,Denied,Policy Exclusion,2025-07-16,0.0,723.66
CLM011927,BILL015904,PAT03821,FAC004,DEP006,Star Health,2025-01-18,769.82,Pending,Not Applicable,2025-03-02,0.0,769.82
CLM011930,BILL015907,PAT02272,FAC005,DEP007,Star Health,2025-06-21,648.34,Approved,Not Applicable,2025-07-15,632.07,16.27
CLM011935,BILL015914,PAT07504,FAC004,DEP006,ICICI Lombard,2025-10-07,670.84,Denied,Duplicate Claim,2025-10-19,0.0,670.84
CLM011951,BILL015933,PAT08661,FAC004,DEP002,Care Health,2025-07-11,1109.12,Paid,Not Applicable,2025-07-30,1043.89,65.23
CLM011957,BILL015942,PAT05793,FAC001,DEP005,ICICI Lombard,2025-05-03,416.48,Pending,Not Applicable,2025-05-20,0.0,416.48
CLM011958,BILL015943,PAT01112,FAC004,DEP001,ICICI Lombard,2025-03-21,1444.2,Paid,Not Applicable,2025-04-15,1397.97,46.23
CLM011961,BILL015946,PAT04128,FAC002,DEP005,Niva Bupa,2025-11-26,495.39,Approved,Not Applicable,2025-12-11,488.56,6.83
CLM011962,BILL015947,PAT01218,FAC003,DEP001,HDFC ERGO,2025-11-08,1013.88,Approved,Not Applicable,2025-11-27,938.28,75.6
CLM011966,BILL015953,PAT06481,FAC001,DEP004,ICICI Lombard,2025-11-20,726.51,Approved,Not Applicable,2025-12-13,622.83,103.68
CLM011984,BILL015982,PAT06844,FAC002,DEP005,HDFC ERGO,2025-03-28,529.01,Pending,Not Applicable,2025-04-08,0.0,529.01
CLM011995,BILL015995,PAT01714,FAC001,DEP002,Care Health,2025-02-05,711.5,Approved,Not Applicable,2025-02-27,635.47,76.03
CLM011998,BILL015999,PAT05702,FAC001,DEP002,Niva Bupa,2025-07-27,844.2,Approved,Not Applicable,2025-08-11,793.25,50.95
CLM012004,BILL016005,PAT01428,FAC002,DEP006,Care Health,2025-05-06,514.26,Pending,Not Applicable,2025-06-16,0.0,514.26
CLM012018,BILL016028,PAT09190,FAC005,DEP006,ICICI Lombard,2025-09-01,485.54,Approved,Not Applicable,2025-09-16,449.44,36.1
CLM012019,BILL016029,PAT07400,FAC005,DEP005,HDFC ERGO,2025-09-17,441.21,Paid,Not Applicable,2025-09-29,438.71,2.5
CLM012023,BILL016033,PAT02228,FAC003,DEP005,Star Health,2025-01-10,600.99,Paid,Not Applicable,2025-01-21,594.04,6.95
CLM012035,BILL016048,PAT05423,FAC002,DEP002,Star Health,2025-05-12,582.22,Approved,Not Applicable,2025-05-27,575.3,6.92
CLM012039,BILL016052,PAT03680,FAC002,DEP002,ICICI Lombard,2025-04-15,1215.09,Under Review,Not Applicable,2025-05-26,0.0,1215.09
CLM012048,BILL016064,PAT05082,FAC002,DEP001,ICICI Lombard,2025-05-20,720.69,Approved,Not Applicable,2025-06-17,653.12,67.57
CLM012052,BILL016069,PAT07723,FAC003,DEP003,ICICI Lombard,2025-11-02,859.72,Approved,Not Applicable,2025-11-17,779.51,80.21
CLM012058,BILL016081,PAT09884,FAC003,DEP003,Star Health,2025-01-25,510.58,Approved,Not Applicable,2025-02-23,492.02,18.56
CLM012063,BILL016086,PAT07757,FAC004,DEP007,ICICI Lombard,2025-06-23,517.38,Paid,Not Applicable,2025-07-10,506.66,10.72
CLM012081,BILL016109,PAT02474,FAC003,DEP005,Care Health,2025-05-01,776.52,Paid,Not Applicable,2025-05-27,745.99,30.53
CLM012087,BILL016117,PAT00488,FAC003,DEP007,Star Health,2025-10-31,561.46,Approved,Not Applicable,2025-11-24,538.5,22.96
CLM012088,BILL016118,PAT05835,FAC003,DEP003,Care Health,2025-05-13,655.35,Approved,Not Applicable,2025-05-18,575.33,80.02
CLM012089,BILL016121,PAT04195,FAC005,DEP001,Care Health,2025-07-11,1124.62,Approved,Not Applicable,2025-08-02,990.57,134.05
CLM012093,BILL016126,PAT04352,FAC001,DEP002,HDFC ERGO,2025-09-28,1462.95,Approved,Not Applicable,2025-10-17,1353.45,109.5
CLM012096,BILL016129,PAT06825,FAC003,DEP005,Care Health,2025-11-17,543.88,Approved,Not Applicable,2025-12-01,503.76,40.12
CLM012105,BILL016138,PAT04154,FAC002,DEP006,Niva Bupa,2025-10-18,702.51,Approved,Not Applicable,2025-11-07,629.54,72.97
CLM012111,BILL016145,PAT05567,FAC003,DEP005,Star Health,2025-03-18,480.39,Paid,Not Applicable,2025-04-17,448.49,31.9
CLM012117,BILL016155,PAT06979,FAC003,DEP003,HDFC ERGO,2025-02-02,688.95,Approved,Not Applicable,2025-02-25,596.1,92.85
CLM012118,BILL016157,PAT01218,FAC003,DEP005,Care Health,2025-05-31,283.48,Paid,Not Applicable,2025-06-27,266.49,16.99
CLM012119,BILL016158,PAT08724,FAC002,DEP005,Care Health,2025-08-14,409.67,Paid,Not Applicable,2025-09-09,405.16,4.51
CLM012122,BILL016161,PAT00411,FAC002,DEP001,Care Health,2025-12-25,1664.32,Under Review,Not Applicable,2026-01-13,0.0,1664.32
CLM012125,BILL016167,PAT00215,FAC005,DEP008,Niva Bupa,2025-10-08,2202.17,Pending,Not Applicable,2025-11-06,0.0,2202.17
CLM012127,BILL016170,PAT02055,FAC003,DEP005,ICICI Lombard,2025-11-03,331.72,Paid,Not Applicable,2025-11-22,305.24,26.48
CLM012132,BILL016178,PAT06683,FAC002,DEP002,Star Health,2025-07-07,1206.07,Denied,Coding Error,2025-07-11,0.0,1206.07
CLM012133,BILL016181,PAT03602,FAC005,DEP006,Care Health,2025-04-30,777.42,Approved,Not Applicable,2025-05-08,664.87,112.55
CLM012135,BILL016183,PAT05404,FAC003,DEP001,Niva Bupa,2025-06-19,1248.43,Under Review,Not Applicable,2025-07-31,0.0,1248.43
CLM012138,BILL016186,PAT03951,FAC001,DEP001,HDFC ERGO,2025-04-22,1104.84,Denied,Missing Documentation,2025-04-26,0.0,1104.84
CLM012139,BILL016187,PAT07321,FAC005,DEP001,ICICI Lombard,2025-09-10,1149.71,Paid,Not Applicable,2025-09-19,1141.77,7.94
CLM012144,BILL016192,PAT03222,FAC002,DEP006,Star Health,2025-09-08,1085.8,Approved,Not Applicable,2025-09-22,1065.22,20.58
CLM012149,BILL016197,PAT08485,FAC001,DEP002,Star Health,2025-01-17,981.3,Paid,Not Applicable,2025-02-06,960.79,20.51
CLM012165,BILL016225,PAT07624,FAC002,DEP002,Star Health,2025-11-01,817.94,Approved,Not Applicable,2025-11-14,774.66,43.28
CLM012180,BILL016242,PAT02901,FAC003,DEP003,HDFC ERGO,2025-02-04,522.69,Paid,Not Applicable,2025-02-22,491.29,31.4
CLM012191,BILL016253,PAT02129,FAC002,DEP002,Niva Bupa,2025-02-19,629.64,Approved,Not Applicable,2025-03-04,565.18,64.46
CLM012195,BILL016261,PAT08583,FAC001,DEP004,Care Health,2025-06-14,1120.38,Denied,Duplicate Claim,2025-06-30,0.0,1120.38
CLM012198,BILL016265,PAT06978,FAC004,DEP002,Star Health,2025-04-28,834.37,Under Review,Not Applicable,2025-05-24,0.0,834.37
CLM012200,BILL016267,PAT00876,FAC004,DEP001,Care Health,2025-11-12,1495.2,Under Review,Not Applicable,2025-12-08,0.0,1495.2
CLM012207,BILL016275,PAT08930,FAC003,DEP003,Niva Bupa,2025-08-10,656.33,Paid,Not Applicable,2025-09-03,620.73,35.6
CLM012208,BILL016276,PAT04672,FAC001,DEP003,Star Health,2025-04-09,931.22,Under Review,Not Applicable,2025-05-10,0.0,931.22
CLM012211,BILL016279,PAT06352,FAC003,DEP005,Niva Bupa,2025-09-04,556.9,Under Review,Not Applicable,2025-09-14,0.0,556.9
CLM012225,BILL016298,PAT02030,FAC001,DEP003,Care Health,2026-01-02,337.84,Paid,Not Applicable,2026-01-18,325.16,12.68
CLM012227,BILL016300,PAT00069,FAC001,DEP003,ICICI Lombard,2025-12-03,709.38,Approved,Not Applicable,2026-01-02,666.23,43.15
CLM012231,BILL016307,PAT08391,FAC001,DEP001,HDFC ERGO,2025-08-24,1569.91,Pending,Not Applicable,2025-10-04,0.0,1569.91
CLM012233,BILL016309,PAT07110,FAC001,DEP001,HDFC ERGO,2025-10-19,673.5,Paid,Not Applicable,2025-11-12,657.1,16.4
CLM012239,BILL016321,PAT02865,FAC003,DEP001,HDFC ERGO,2025-11-14,989.13,Under Review,Not Applicable,2025-12-11,0.0,989.13
CLM012244,BILL016330,PAT09160,FAC001,DEP002,Niva Bupa,2025-09-06,807.24,Paid,Not Applicable,2025-10-02,791.16,16.08
CLM012246,BILL016332,PAT03690,FAC001,DEP001,HDFC ERGO,2025-12-21,1714.29,Paid,Not Applicable,2026-01-03,1653.14,61.15
CLM012249,BILL016336,PAT09249,FAC001,DEP001,Niva Bupa,2025-10-28,853.24,Approved,Not Applicable,2025-11-13,828.72,24.52
CLM012252,BILL016340,PAT07448,FAC001,DEP001,Niva Bupa,2025-04-30,611.91,Denied,Missing Documentation,2025-05-05,0.0,611.91
CLM012254,BILL016343,PAT08601,FAC002,DEP002,Star Health,2025-05-11,1173.81,Approved,Not Applicable,2025-06-09,1111.26,62.55
CLM012257,BILL016347,PAT05814,FAC001,DEP001,Niva Bupa,2025-01-21,1951.06,Approved,Not Applicable,2025-01-29,1683.58,267.48
CLM012267,BILL016362,PAT02563,FAC004,DEP002,Star Health,2025-11-15,921.66,Paid,Not Applicable,2025-12-01,921.25,0.41
CLM012271,BILL016367,PAT03612,FAC005,DEP001,Niva Bupa,2025-11-09,819.85,Under Review,Not Applicable,2025-12-03,0.0,819.85
CLM012272,BILL016368,PAT03959,FAC002,DEP001,Niva Bupa,2025-03-18,827.56,Pending,Not Applicable,2025-04-05,0.0,827.56
CLM012274,BILL016370,PAT02806,FAC002,DEP006,Niva Bupa,2025-09-30,635.19,Paid,Not Applicable,2025-10-18,611.24,23.95
CLM012275,BILL016371,PAT03112,FAC004,DEP004,Care Health,2025-11-21,1111.11,Approved,Not Applicable,2025-12-19,1092.42,18.69
CLM012279,BILL016375,PAT02859,FAC004,DEP006,Care Health,2025-10-18,914.94,Pending,Not Applicable,2025-11-26,0.0,914.94
CLM012281,BILL016377,PAT02936,FAC002,DEP001,ICICI Lombard,2025-03-21,1505.96,Pending,Not Applicable,2025-04-23,0.0,1505.96
CLM012282,BILL016378,PAT00032,FAC005,DEP007,Star Health,2025-08-31,554.98,Approved,Not Applicable,2025-09-18,526.04,28.94
CLM012285,BILL016383,PAT08590,FAC001,DEP001,Niva Bupa,2025-09-19,1412.93,Pending,Not Applicable,2025-10-14,0.0,1412.93
CLM012288,BILL016387,PAT08125,FAC002,DEP002,ICICI Lombard,2025-06-18,1188.55,Paid,Not Applicable,2025-07-01,1145.44,43.11
CLM012294,BILL016394,PAT06481,FAC005,DEP001,Star Health,2025-08-14,1648.09,Paid,Not Applicable,2025-09-12,1606.0,42.09
CLM012301,BILL016402,PAT09090,FAC003,DEP005,Niva Bupa,2025-08-10,491.39,Pending,Not Applicable,2025-09-09,0.0,491.39
CLM012307,BILL016410,PAT00519,FAC005,DEP001,Star Health,2025-10-26,1306.17,Under Review,Not Applicable,2025-12-07,0.0,1306.17
CLM012318,BILL016424,PAT03520,FAC004,DEP007,HDFC ERGO,2025-03-11,472.63,Paid,Not Applicable,2025-04-04,455.24,17.39
CLM012320,BILL016426,PAT08618,FAC004,DEP004,Star Health,2025-11-23,1247.31,Denied,Coding Error,2025-12-09,0.0,1247.31
CLM012322,BILL016428,PAT06696,FAC005,DEP001,ICICI Lombard,2025-02-26,1117.68,Under Review,Not Applicable,2025-03-29,0.0,1117.68
CLM012338,BILL016449,PAT01167,FAC002,DEP001,HDFC ERGO,2025-11-25,839.28,Approved,Not Applicable,2025-12-01,747.82,91.46
CLM012339,BILL016450,PAT04462,FAC003,DEP003,Niva Bupa,2025-08-20,755.4,Approved,Not Applicable,2025-09-19,701.95,53.45
CLM012352,BILL016468,PAT00186,FAC005,DEP007,Care Health,2025-08-18,546.78,Approved,Not Applicable,2025-09-07,541.22,5.56
CLM012353,BILL016469,PAT00386,FAC003,DEP001,Star Health,2025-03-30,1482.26,Under Review,Not Applicable,2025-04-12,0.0,1482.26
CLM012360,BILL016478,PAT07786,FAC003,DEP001,Care Health,2025-05-28,846.17,Pending,Not Applicable,2025-07-10,0.0,846.17
CLM012370,BILL016493,PAT04515,FAC002,DEP005,Star Health,2025-10-29,470.26,Approved,Not Applicable,2025-11-06,434.95,35.31
CLM012372,BILL016495,PAT05415,FAC003,DEP003,ICICI Lombard,2025-11-02,816.05,Pending,Not Applicable,2025-11-29,0.0,816.05
CLM012378,BILL016503,PAT06187,FAC002,DEP005,ICICI Lombard,2025-10-28,646.29,Approved,Not Applicable,2025-11-12,572.27,74.02
CLM012381,BILL016506,PAT02096,FAC001,DEP002,Care Health,2025-07-18,714.3,Under Review,Not Applicable,2025-07-31,0.0,714.3
CLM012385,BILL016511,PAT00096,FAC002,DEP005,ICICI Lombard,2025-06-21,581.38,Approved,Not Applicable,2025-07-10,527.61,53.77
CLM012395,BILL016523,PAT04415,FAC005,DEP001,ICICI Lombard,2025-12-21,1747.25,Approved,Not Applicable,2026-01-11,1499.85,247.4
CLM012397,BILL016525,PAT05788,FAC001,DEP002,Star Health,2025-04-15,1237.21,Pending,Not Applicable,2025-05-13,0.0,1237.21
CLM012398,BILL016526,PAT01612,FAC002,DEP005,ICICI Lombard,2025-03-03,555.78,Paid,Not Applicable,2025-03-29,520.64,35.14
CLM012401,BILL016529,PAT04005,FAC005,DEP007,Care Health,2025-10-29,801.6,Under Review,Not Applicable,2025-11-14,0.0,801.6
CLM012405,BILL016535,PAT05788,FAC005,DEP008,Star Health,2025-08-07,873.92,Denied,Missing Documentation,2025-08-26,0.0,873.92
CLM012406,BILL016536,PAT02819,FAC004,DEP007,ICICI Lombard,2025-11-09,777.1,Approved,Not Applicable,2025-11-27,747.41,29.69
CLM012412,BILL016543,PAT08723,FAC002,DEP001,Care Health,2025-08-13,1462.73,Pending,Not Applicable,2025-09-01,0.0,1462.73
CLM012414,BILL016545,PAT00408,FAC004,DEP002,HDFC ERGO,2025-10-27,788.86,Approved,Not Applicable,2025-11-22,776.52,12.34
CLM012423,BILL016560,PAT01057,FAC003,DEP001,Star Health,2025-03-23,1256.86,Under Review,Not Applicable,2025-05-04,0.0,1256.86
CLM012426,BILL016566,PAT08626,FAC004,DEP001,Star Health,2025-09-01,1759.85,Approved,Not Applicable,2025-09-26,1738.52,21.33
CLM012432,BILL016573,PAT02118,FAC002,DEP001,HDFC ERGO,2025-08-31,1079.57,Approved,Not Applicable,2025-09-14,1039.43,40.14
CLM012433,BILL016575,PAT06951,FAC003,DEP003,ICICI Lombard,2025-12-13,309.71,Paid,Not Applicable,2026-01-03,299.55,10.16
CLM012439,BILL016585,PAT00170,FAC001,DEP005,ICICI Lombard,2025-12-26,477.23,Under Review,Not Applicable,2026-01-14,0.0,477.23
CLM012442,BILL016588,PAT07518,FAC001,DEP003,ICICI Lombard,2025-03-21,716.99,Denied,Authorization Missing,2025-04-07,0.0,716.99
CLM012445,BILL016591,PAT06206,FAC005,DEP005,ICICI Lombard,2025-04-18,486.56,Approved,Not Applicable,2025-05-08,434.73,51.83
CLM012449,BILL016597,PAT04195,FAC004,DEP007,Star Health,2025-01-08,447.28,Paid,Not Applicable,2025-01-31,445.58,1.7
CLM012458,BILL016606,PAT05614,FAC003,DEP003,ICICI Lombard,2025-11-28,523.35,Paid,Not Applicable,2025-12-18,494.64,28.71
CLM012461,BILL016610,PAT04270,FAC003,DEP008,Star Health,2025-11-01,1982.3,Paid,Not Applicable,2025-11-27,1824.76,157.54
CLM012465,BILL016614,PAT01348,FAC001,DEP001,Star Health,2025-01-03,1162.09,Approved,Not Applicable,2025-01-29,1139.22,22.87
CLM012473,BILL016624,PAT06662,FAC005,DEP001,Care Health,2025-01-02,1311.04,Paid,Not Applicable,2025-01-08,1302.48,8.56
CLM012474,BILL016625,PAT05999,FAC001,DEP004,HDFC ERGO,2025-06-27,923.49,Pending,Not Applicable,2025-07-13,0.0,923.49
CLM012476,BILL016629,PAT01140,FAC003,DEP008,Niva Bupa,2025-04-03,1714.71,Paid,Not Applicable,2025-04-16,1660.93,53.78
CLM012493,BILL016651,PAT09702,FAC003,DEP001,Care Health,2025-05-02,1041.73,Approved,Not Applicable,2025-05-10,897.47,144.26
CLM012494,BILL016652,PAT04360,FAC005,DEP003,Niva Bupa,2025-01-14,685.31,Paid,Not Applicable,2025-02-10,671.14,14.17
CLM012506,BILL016666,PAT07174,FAC001,DEP001,Star Health,2025-09-28,1432.55,Pending,Not Applicable,2025-10-15,0.0,1432.55
CLM012513,BILL016677,PAT01079,FAC004,DEP002,ICICI Lombard,2025-09-22,710.21,Approved,Not Applicable,2025-10-09,677.73,32.48
CLM012514,BILL016678,PAT01084,FAC002,DEP002,ICICI Lombard,2025-11-23,402.54,Pending,Not Applicable,2026-01-03,0.0,402.54
CLM012530,BILL016705,PAT06206,FAC003,DEP005,ICICI Lombard,2025-06-24,547.69,Paid,Not Applicable,2025-07-19,538.31,9.38
CLM012540,BILL016720,PAT09149,FAC003,DEP003,Care Health,2025-04-12,676.76,Approved,Not Applicable,2025-05-10,582.31,94.45
CLM012544,BILL016724,PAT04149,FAC001,DEP008,Star Health,2025-01-13,1785.19,Approved,Not Applicable,2025-02-10,1710.34,74.85
CLM012564,BILL016754,PAT00806,FAC002,DEP006,ICICI Lombard,2025-05-28,766.42,Approved,Not Applicable,2025-06-22,700.88,65.54
CLM012566,BILL016758,PAT08814,FAC001,DEP001,Star Health,2025-02-09,852.1,Approved,Not Applicable,2025-02-21,760.03,92.07
CLM012569,BILL016761,PAT05235,FAC001,DEP001,Star Health,2025-10-06,1320.96,Approved,Not Applicable,2025-10-18,1160.74,160.22
CLM012573,BILL016765,PAT07253,FAC003,DEP005,Niva Bupa,2025-04-06,471.31,Paid,Not Applicable,2025-04-16,455.46,15.85
CLM012576,BILL016769,PAT02523,FAC003,DEP007,Niva Bupa,2025-02-07,458.51,Denied,Missing Documentation,2025-02-25,0.0,458.51
CLM012589,BILL016783,PAT01329,FAC003,DEP001,Star Health,2025-01-18,1527.82,Paid,Not Applicable,2025-02-17,1450.95,76.87
CLM012590,BILL016784,PAT01007,FAC005,DEP005,HDFC ERGO,2025-05-24,502.02,Approved,Not Applicable,2025-06-11,442.03,59.99
CLM012592,BILL016786,PAT04591,FAC004,DEP002,ICICI Lombard,2025-02-25,1173.96,Approved,Not Applicable,2025-03-05,1063.24,110.72
CLM012594,BILL016788,PAT01311,FAC003,DEP001,HDFC ERGO,2025-08-04,1135.96,Approved,Not Applicable,2025-08-29,999.65,136.31
CLM012598,BILL016792,PAT00609,FAC001,DEP001,Niva Bupa,2025-05-11,1157.5,Paid,Not Applicable,2025-05-22,1133.05,24.45
CLM012606,BILL016802,PAT05390,FAC005,DEP008,HDFC ERGO,2025-04-12,1310.76,Approved,Not Applicable,2025-04-17,1265.41,45.35
CLM012608,BILL016805,PAT00340,FAC002,DEP005,HDFC ERGO,2025-11-14,630.89,Approved,Not Applicable,2025-12-03,564.94,65.95
CLM012610,BILL016809,PAT03222,FAC004,DEP006,ICICI Lombard,2025-12-09,961.55,Paid,Not Applicable,2025-12-14,889.34,72.21
CLM012616,BILL016819,PAT07551,FAC001,DEP002,Star Health,2025-06-06,1049.22,Paid,Not Applicable,2025-07-04,1004.42,44.8
CLM012619,BILL016824,PAT06561,FAC001,DEP001,Care Health,2025-06-15,1725.0,Paid,Not Applicable,2025-06-25,1724.34,0.66
CLM012623,BILL016828,PAT03185,FAC004,DEP001,Star Health,2025-01-18,1467.9,Under Review,Not Applicable,2025-01-31,0.0,1467.9
CLM012632,BILL016838,PAT08887,FAC004,DEP002,HDFC ERGO,2025-05-21,805.78,Approved,Not Applicable,2025-05-27,736.51,69.27
CLM012641,BILL016850,PAT08072,FAC001,DEP004,Niva Bupa,2025-06-02,864.05,Approved,Not Applicable,2025-06-28,824.33,39.72
CLM012642,BILL016851,PAT06927,FAC004,DEP001,HDFC ERGO,2025-02-17,1519.83,Pending,Not Applicable,2025-03-16,0.0,1519.83
CLM012645,BILL016854,PAT08268,FAC003,DEP001,ICICI Lombard,2025-12-06,1202.12,Under Review,Not Applicable,2026-01-11,0.0,1202.12
CLM012646,BILL016855,PAT02920,FAC001,DEP002,Star Health,2025-12-13,797.85,Under Review,Not Applicable,2025-12-26,0.0,797.85
CLM012650,BILL016860,PAT02120,FAC002,DEP005,Niva Bupa,2025-03-13,324.94,Under Review,Not Applicable,2025-04-14,0.0,324.94
CLM012653,BILL016863,PAT04063,FAC001,DEP003,Care Health,2025-06-03,408.06,Denied,Duplicate Claim,2025-06-20,0.0,408.06
CLM012660,BILL016870,PAT04246,FAC002,DEP001,ICICI Lombard,2025-02-24,1575.22,Paid,Not Applicable,2025-03-24,1467.85,107.37
CLM012667,BILL016883,PAT05398,FAC004,DEP004,Care Health,2025-02-02,1005.9,Paid,Not Applicable,2025-02-18,964.07,41.83
CLM012668,BILL016886,PAT06071,FAC005,DEP003,Niva Bupa,2025-12-17,646.18,Paid,Not Applicable,2026-01-13,607.19,38.99
CLM012671,BILL016890,PAT01298,FAC002,DEP006,ICICI Lombard,2025-05-20,823.23,Pending,Not Applicable,2025-06-16,0.0,823.23
CLM012673,BILL016894,PAT04128,FAC001,DEP002,ICICI Lombard,2025-08-03,462.25,Approved,Not Applicable,2025-08-30,441.51,20.74
CLM012682,BILL016904,PAT09856,FAC003,DEP007,Star Health,2025-05-25,575.99,Under Review,Not Applicable,2025-07-02,0.0,575.99
CLM012683,BILL016905,PAT04975,FAC002,DEP001,Niva Bupa,2025-02-06,828.92,Paid,Not Applicable,2025-02-11,795.7,33.22
CLM012685,BILL016907,PAT08125,FAC003,DEP001,HDFC ERGO,2025-08-23,1155.14,Denied,Policy Exclusion,2025-09-02,0.0,1155.14
CLM012687,BILL016910,PAT05981,FAC003,DEP007,Care Health,2025-11-21,415.19,Pending,Not Applicable,2026-01-04,0.0,415.19
CLM012690,BILL016914,PAT07920,FAC005,DEP003,ICICI Lombard,2025-11-24,845.81,Pending,Not Applicable,2025-12-26,0.0,845.81
CLM012695,BILL016919,PAT05839,FAC005,DEP008,Star Health,2025-08-22,1156.02,Denied,Missing Documentation,2025-09-11,0.0,1156.02
CLM012697,BILL016921,PAT04275,FAC001,DEP003,Niva Bupa,2025-06-23,865.0,Pending,Not Applicable,2025-07-28,0.0,865.0
CLM012698,BILL016922,PAT01227,FAC003,DEP001,Star Health,2025-06-14,833.59,Approved,Not Applicable,2025-07-11,777.02,56.57
CLM012703,BILL016927,PAT07303,FAC003,DEP003,Niva Bupa,2025-09-26,412.48,Pending,Not Applicable,2025-10-18,0.0,412.48
CLM012705,BILL016930,PAT05938,FAC002,DEP005,Niva Bupa,2025-06-19,560.61,Paid,Not Applicable,2025-06-30,544.54,16.07
CLM012708,BILL016934,PAT08061,FAC004,DEP001,ICICI Lombard,2025-12-09,1334.07,Paid,Not Applicable,2026-01-07,1313.05,21.02
CLM012715,BILL016942,PAT09955,FAC001,DEP001,HDFC ERGO,2025-06-04,1515.9,Approved,Not Applicable,2025-07-03,1436.36,79.54
CLM012721,BILL016951,PAT00922,FAC004,DEP002,ICICI Lombard,2025-12-21,1157.91,Under Review,Not Applicable,2026-01-09,0.0,1157.91
CLM012726,BILL016960,PAT09474,FAC001,DEP004,Care Health,2025-11-02,1199.09,Paid,Not Applicable,2025-11-23,1171.1,27.99
CLM012731,BILL016966,PAT03669,FAC004,DEP001,HDFC ERGO,2025-01-24,1263.21,Paid,Not Applicable,2025-02-05,1191.21,72.0
CLM012734,BILL016971,PAT02299,FAC002,DEP001,ICICI Lombard,2025-07-08,1195.98,Paid,Not Applicable,2025-07-29,1149.92,46.06
CLM012736,BILL016973,PAT08980,FAC005,DEP007,Niva Bupa,2025-10-25,512.05,Pending,Not Applicable,2025-11-30,0.0,512.05
CLM012743,BILL016981,PAT05613,FAC004,DEP002,Niva Bupa,2025-07-25,906.49,Pending,Not Applicable,2025-09-03,0.0,906.49
CLM012750,BILL016991,PAT04124,FAC002,DEP007,HDFC ERGO,2025-03-18,784.36,Pending,Not Applicable,2025-04-08,0.0,784.36
CLM012765,BILL017011,PAT01912,FAC003,DEP003,Niva Bupa,2025-07-11,649.96,Paid,Not Applicable,2025-07-29,629.27,20.69
CLM012787,BILL017041,PAT08072,FAC003,DEP007,Star Health,2025-02-08,426.8,Under Review,Not Applicable,2025-03-17,0.0,426.8
CLM012789,BILL017043,PAT03616,FAC005,DEP007,Care Health,2025-01-06,776.58,Paid,Not Applicable,2025-02-02,759.64,16.94
CLM012794,BILL017049,PAT04004,FAC005,DEP001,Care Health,2025-03-06,1293.0,Pending,Not Applicable,2025-04-08,0.0,1293.0
CLM012797,BILL017052,PAT02376,FAC002,DEP007,Care Health,2025-12-19,627.56,Approved,Not Applicable,2025-12-31,587.53,40.03
CLM012805,BILL017062,PAT06886,FAC003,DEP003,HDFC ERGO,2025-08-21,373.04,Approved,Not Applicable,2025-08-29,369.24,3.8
CLM012808,BILL017066,PAT07573,FAC002,DEP002,Care Health,2025-08-03,809.2,Approved,Not Applicable,2025-08-16,714.84,94.36
CLM012811,BILL017070,PAT00220,FAC001,DEP004,ICICI Lombard,2025-03-24,950.31,Paid,Not Applicable,2025-04-22,887.89,62.42
CLM012812,BILL017071,PAT06595,FAC004,DEP006,ICICI Lombard,2025-09-21,764.0,Under Review,Not Applicable,2025-10-08,0.0,764.0
CLM012814,BILL017074,PAT05934,FAC003,DEP003,Care Health,2025-08-19,602.17,Under Review,Not Applicable,2025-09-03,0.0,602.17
CLM012816,BILL017076,PAT01086,FAC002,DEP005,Star Health,2025-11-28,527.57,Under Review,Not Applicable,2025-12-30,0.0,527.57
CLM012817,BILL017077,PAT05959,FAC002,DEP006,Star Health,2025-04-12,902.3,Approved,Not Applicable,2025-05-04,895.87,6.43
CLM012842,BILL017105,PAT04102,FAC004,DEP004,ICICI Lombard,2025-02-11,1037.33,Paid,Not Applicable,2025-03-11,1009.54,27.79
CLM012843,BILL017107,PAT01494,FAC001,DEP004,ICICI Lombard,2025-10-06,1037.05,Approved,Not Applicable,2025-10-22,901.0,136.05
CLM012867,BILL017135,PAT09820,FAC003,DEP007,ICICI Lombard,2025-03-17,566.99,Approved,Not Applicable,2025-03-29,498.04,68.95
CLM012869,BILL017137,PAT01176,FAC002,DEP005,HDFC ERGO,2025-04-04,482.79,Approved,Not Applicable,2025-04-15,411.63,71.16
CLM012872,BILL017143,PAT05514,FAC002,DEP006,ICICI Lombard,2025-04-09,508.94,Approved,Not Applicable,2025-05-06,447.06,61.88
CLM012876,BILL017147,PAT09122,FAC005,DEP003,ICICI Lombard,2025-02-23,510.22,Paid,Not Applicable,2025-03-11,500.19,10.03
CLM012881,BILL017157,PAT04792,FAC001,DEP001,ICICI Lombard,2025-11-18,1358.89,Under Review,Not Applicable,2025-12-21,0.0,1358.89
CLM012885,BILL017161,PAT07965,FAC001,DEP005,Care Health,2025-03-24,529.44,Paid,Not Applicable,2025-04-17,490.27,39.17
CLM012888,BILL017165,PAT02520,FAC004,DEP001,Star Health,2025-04-28,1532.68,Approved,Not Applicable,2025-05-17,1427.38,105.3
CLM012898,BILL017179,PAT02555,FAC005,DEP003,ICICI Lombard,2025-02-21,635.66,Paid,Not Applicable,2025-03-16,600.43,35.23
CLM012904,BILL017186,PAT00915,FAC001,DEP005,ICICI Lombard,2025-08-07,271.71,Denied,Authorization Missing,2025-08-14,0.0,271.71
CLM012910,BILL017193,PAT05951,FAC004,DEP001,Care Health,2025-12-01,798.68,Pending,Not Applicable,2026-01-04,0.0,798.68
CLM012912,BILL017195,PAT08030,FAC001,DEP002,HDFC ERGO,2025-11-29,1102.15,Approved,Not Applicable,2025-12-18,1088.3,13.85
CLM012934,BILL017222,PAT07064,FAC004,DEP005,Niva Bupa,2025-02-27,551.3,Approved,Not Applicable,2025-03-04,469.19,82.11
CLM012935,BILL017224,PAT01770,FAC004,DEP004,Niva Bupa,2025-09-02,846.95,Paid,Not Applicable,2025-09-18,788.38,58.57
CLM012942,BILL017233,PAT02309,FAC003,DEP003,Star Health,2025-08-31,465.28,Under Review,Not Applicable,2025-09-30,0.0,465.28
CLM012944,BILL017235,PAT06476,FAC002,DEP005,ICICI Lombard,2025-01-23,529.18,Pending,Not Applicable,2025-02-12,0.0,529.18
CLM012963,BILL017262,PAT05285,FAC004,DEP004,Care Health,2025-07-10,1947.82,Denied,Duplicate Claim,2025-07-30,0.0,1947.82
CLM012966,BILL017266,PAT09418,FAC002,DEP005,Care Health,2025-11-09,449.72,Paid,Not Applicable,2025-12-08,444.4,5.32
CLM012969,BILL017271,PAT03017,FAC001,DEP002,HDFC ERGO,2025-06-19,967.4,Paid,Not Applicable,2025-06-28,916.79,50.61
CLM012973,BILL017276,PAT04030,FAC004,DEP002,ICICI Lombard,2025-08-12,1091.5,Pending,Not Applicable,2025-09-17,0.0,1091.5
CLM012975,BILL017278,PAT03372,FAC003,DEP005,HDFC ERGO,2025-07-12,324.99,Approved,Not Applicable,2025-08-04,282.54,42.45
CLM012978,BILL017281,PAT06181,FAC004,DEP002,ICICI Lombard,2025-06-22,748.69,Paid,Not Applicable,2025-07-22,710.22,38.47
CLM012981,BILL017285,PAT08490,FAC005,DEP001,Star Health,2025-07-12,1840.17,Pending,Not Applicable,2025-08-05,0.0,1840.17
CLM012989,BILL017293,PAT03144,FAC004,DEP005,Niva Bupa,2025-02-24,586.0,Pending,Not Applicable,2025-03-27,0.0,586.0
CLM012990,BILL017294,PAT06188,FAC003,DEP001,Star Health,2025-03-05,637.65,Approved,Not Applicable,2025-03-30,635.0,2.65
CLM012992,BILL017296,PAT00915,FAC004,DEP004,Niva Bupa,2025-04-06,1234.21,Under Review,Not Applicable,2025-04-17,0.0,1234.21
CLM012994,BILL017299,PAT04986,FAC001,DEP008,ICICI Lombard,2025-11-23,1640.16,Approved,Not Applicable,2025-12-15,1507.56,132.6
CLM012997,BILL017302,PAT09213,FAC001,DEP001,Care Health,2025-05-17,2268.44,Denied,Coding Error,2025-06-02,0.0,2268.44
CLM013009,BILL017318,PAT09508,FAC004,DEP004,ICICI Lombard,2025-06-11,842.7,Approved,Not Applicable,2025-06-22,761.85,80.85
CLM013019,BILL017330,PAT00120,FAC004,DEP002,Niva Bupa,2025-12-07,918.01,Pending,Not Applicable,2025-12-21,0.0,918.01
CLM013020,BILL017331,PAT04639,FAC001,DEP004,ICICI Lombard,2025-11-18,1350.48,Denied,Coding Error,2025-11-26,0.0,1350.48
CLM013031,BILL017346,PAT09887,FAC002,DEP001,HDFC ERGO,2025-03-31,1229.26,Under Review,Not Applicable,2025-05-11,0.0,1229.26
CLM013041,BILL017360,PAT04430,FAC003,DEP005,Star Health,2025-08-21,364.73,Paid,Not Applicable,2025-08-31,350.99,13.74
CLM013052,BILL017373,PAT05964,FAC001,DEP001,Star Health,2025-02-10,910.34,Under Review,Not Applicable,2025-03-03,0.0,910.34
CLM013058,BILL017380,PAT01724,FAC004,DEP001,ICICI Lombard,2025-01-12,1256.86,Paid,Not Applicable,2025-01-24,1253.32,3.54
CLM013066,BILL017390,PAT03801,FAC004,DEP004,ICICI Lombard,2025-03-13,1583.5,Pending,Not Applicable,2025-04-13,0.0,1583.5
CLM013083,BILL017416,PAT07293,FAC001,DEP001,Care Health,2025-12-30,884.14,Under Review,Not Applicable,2026-02-03,0.0,884.14
CLM013087,BILL017421,PAT01745,FAC001,DEP001,ICICI Lombard,2025-04-14,1253.47,Under Review,Not Applicable,2025-04-25,0.0,1253.47
CLM013089,BILL017426,PAT05795,FAC001,DEP002,Star Health,2025-04-26,560.81,Pending,Not Applicable,2025-05-28,0.0,560.81
CLM013094,BILL017431,PAT09418,FAC005,DEP003,HDFC ERGO,2025-09-10,615.39,Pending,Not Applicable,2025-10-01,0.0,615.39
CLM013096,BILL017433,PAT07169,FAC001,DEP001,Star Health,2025-05-06,760.88,Pending,Not Applicable,2025-06-11,0.0,760.88
CLM013110,BILL017451,PAT03380,FAC002,DEP002,Star Health,2025-07-10,848.17,Denied,Policy Exclusion,2025-07-19,0.0,848.17
CLM013117,BILL017462,PAT00048,FAC004,DEP002,Star Health,2025-01-24,1142.38,Approved,Not Applicable,2025-01-31,1082.75,59.63
CLM013118,BILL017463,PAT02679,FAC003,DEP003,Care Health,2025-10-20,711.45,Under Review,Not Applicable,2025-11-07,0.0,711.45
CLM013127,BILL017477,PAT03316,FAC004,DEP002,Care Health,2025-06-29,831.5,Approved,Not Applicable,2025-07-16,780.04,51.46
CLM013133,BILL017486,PAT07573,FAC003,DEP008,ICICI Lombard,2025-03-16,1392.65,Denied,Authorization Missing,2025-04-02,0.0,1392.65
CLM013138,BILL017492,PAT01324,FAC001,DEP001,ICICI Lombard,2025-12-12,1422.93,Approved,Not Applicable,2025-12-23,1220.13,202.8
CLM013140,BILL017495,PAT02583,FAC005,DEP007,Care Health,2025-05-18,507.93,Denied,Eligibility Issue,2025-05-26,0.0,507.93
CLM013141,BILL017496,PAT03624,FAC001,DEP005,Niva Bupa,2025-04-11,550.69,Pending,Not Applicable,2025-05-03,0.0,550.69
CLM013150,BILL017507,PAT00186,FAC005,DEP006,ICICI Lombard,2025-08-08,377.99,Approved,Not Applicable,2025-08-25,348.69,29.3
CLM013151,BILL017508,PAT07320,FAC002,DEP005,Star Health,2025-08-20,342.7,Paid,Not Applicable,2025-08-27,326.22,16.48
CLM013152,BILL017509,PAT01036,FAC003,DEP001,ICICI Lombard,2025-01-08,835.68,Pending,Not Applicable,2025-02-16,0.0,835.68
CLM013154,BILL017511,PAT05801,FAC004,DEP006,Star Health,2025-11-19,732.18,Pending,Not Applicable,2025-12-03,0.0,732.18
CLM013164,BILL017527,PAT06691,FAC003,DEP003,Niva Bupa,2025-01-18,869.72,Pending,Not Applicable,2025-03-04,0.0,869.72
CLM013167,BILL017534,PAT07413,FAC002,DEP005,Niva Bupa,2025-11-08,387.32,Under Review,Not Applicable,2025-12-22,0.0,387.32
CLM013168,BILL017536,PAT09146,FAC004,DEP001,Care Health,2025-04-15,1155.64,Pending,Not Applicable,2025-05-02,0.0,1155.64
CLM013176,BILL017546,PAT07206,FAC002,DEP001,Niva Bupa,2025-01-15,724.44,Approved,Not Applicable,2025-02-13,671.23,53.21
CLM013183,BILL017553,PAT01587,FAC004,DEP001,Niva Bupa,2025-10-11,1792.54,Paid,Not Applicable,2025-10-19,1735.55,56.99
CLM013192,BILL017566,PAT07992,FAC002,DEP006,HDFC ERGO,2025-07-07,504.7,Pending,Not Applicable,2025-07-25,0.0,504.7
CLM013196,BILL017571,PAT00915,FAC005,DEP003,Star Health,2025-05-18,486.96,Paid,Not Applicable,2025-06-05,468.81,18.15
CLM013218,BILL017599,PAT01373,FAC003,DEP001,HDFC ERGO,2025-05-06,1480.01,Approved,Not Applicable,2025-05-24,1378.77,101.24
CLM013222,BILL017603,PAT02022,FAC005,DEP003,Star Health,2025-05-29,860.17,Paid,Not Applicable,2025-06-23,808.13,52.04
CLM013223,BILL017605,PAT02456,FAC002,DEP001,Star Health,2025-11-05,1334.44,Denied,Authorization Missing,2025-11-24,0.0,1334.44
CLM013225,BILL017608,PAT01154,FAC003,DEP008,ICICI Lombard,2025-07-03,1559.65,Approved,Not Applicable,2025-07-21,1523.1,36.55
CLM013258,BILL017658,PAT06951,FAC001,DEP008,Star Health,2025-03-22,1559.85,Under Review,Not Applicable,2025-04-11,0.0,1559.85
CLM013260,BILL017660,PAT07250,FAC004,DEP001,Care Health,2025-03-03,1221.63,Under Review,Not Applicable,2025-04-09,0.0,1221.63
CLM013261,BILL017661,PAT00609,FAC001,DEP001,ICICI Lombard,2025-03-21,1975.57,Denied,Missing Documentation,2025-03-31,0.0,1975.57
CLM013264,BILL017664,PAT03648,FAC005,DEP001,Star Health,2025-06-12,1654.17,Denied,Missing Documentation,2025-06-26,0.0,1654.17
CLM013265,BILL017666,PAT04780,FAC001,DEP005,Care Health,2025-08-05,233.08,Pending,Not Applicable,2025-09-01,0.0,233.08
CLM013272,BILL017676,PAT05059,FAC004,DEP007,ICICI Lombard,2025-07-31,653.62,Under Review,Not Applicable,2025-08-15,0.0,653.62
CLM013277,BILL017682,PAT01523,FAC005,DEP003,Star Health,2025-03-16,611.85,Paid,Not Applicable,2025-04-14,585.77,26.08
CLM013281,BILL017686,PAT03261,FAC002,DEP007,Niva Bupa,2025-09-01,786.54,Paid,Not Applicable,2025-09-17,768.62,17.92
CLM013295,BILL017704,PAT03612,FAC004,DEP006,Star Health,2025-10-26,975.97,Paid,Not Applicable,2025-10-31,928.27,47.7
CLM013298,BILL017707,PAT07725,FAC004,DEP007,Care Health,2025-03-26,542.55,Approved,Not Applicable,2025-04-03,469.51,73.04
CLM013304,BILL017713,PAT05305,FAC001,DEP004,Star Health,2025-08-05,710.01,Approved,Not Applicable,2025-08-18,684.51,25.5
CLM013314,BILL017726,PAT01624,FAC004,DEP005,HDFC ERGO,2025-05-23,494.57,Pending,Not Applicable,2025-06-29,0.0,494.57
CLM013319,BILL017733,PAT09734,FAC005,DEP001,Care Health,2025-08-30,1121.02,Paid,Not Applicable,2025-09-27,1104.64,16.38
CLM013322,BILL017736,PAT09467,FAC004,DEP001,ICICI Lombard,2025-04-02,1532.38,Paid,Not Applicable,2025-04-22,1414.93,117.45
CLM013329,BILL017743,PAT02885,FAC001,DEP003,Star Health,2025-09-17,763.36,Pending,Not Applicable,2025-10-16,0.0,763.36
CLM013330,BILL017744,PAT00466,FAC005,DEP008,ICICI Lombard,2025-12-07,1634.55,Paid,Not Applicable,2025-12-15,1579.19,55.36
CLM013335,BILL017750,PAT04550,FAC001,DEP003,Niva Bupa,2025-01-04,405.9,Paid,Not Applicable,2025-01-31,379.01,26.89
CLM013338,BILL017755,PAT09310,FAC001,DEP002,Star Health,2025-12-09,737.13,Paid,Not Applicable,2025-12-31,681.85,55.28
CLM013345,BILL017766,PAT05334,FAC004,DEP004,ICICI Lombard,2025-10-28,951.75,Approved,Not Applicable,2025-11-09,924.15,27.6
CLM013347,BILL017768,PAT08741,FAC002,DEP001,HDFC ERGO,2025-02-18,1065.3,Pending,Not Applicable,2025-03-07,0.0,1065.3
CLM013352,BILL017775,PAT05381,FAC002,DEP005,HDFC ERGO,2025-10-10,743.0,Pending,Not Applicable,2025-11-09,0.0,743.0
CLM013355,BILL017781,PAT06193,FAC005,DEP008,Care Health,2025-08-01,1223.22,Paid,Not Applicable,2025-08-20,1201.2,22.02
CLM013357,BILL017783,PAT05660,FAC005,DEP007,Star Health,2025-06-01,510.44,Pending,Not Applicable,2025-07-13,0.0,510.44
CLM013364,BILL017790,PAT08035,FAC003,DEP001,ICICI Lombard,2025-03-25,1449.99,Approved,Not Applicable,2025-04-06,1330.19,119.8
CLM013365,BILL017792,PAT08061,FAC003,DEP003,ICICI Lombard,2025-11-10,631.44,Under Review,Not Applicable,2025-11-28,0.0,631.44
CLM013371,BILL017799,PAT01531,FAC001,DEP002,HDFC ERGO,2025-12-01,704.62,Paid,Not Applicable,2025-12-30,667.7,36.92
CLM013372,BILL017800,PAT04654,FAC002,DEP001,Niva Bupa,2025-07-27,1280.34,Approved,Not Applicable,2025-08-19,1248.51,31.83
CLM013377,BILL017807,PAT06001,FAC003,DEP005,Care Health,2025-09-28,599.52,Paid,Not Applicable,2025-10-15,580.47,19.05
CLM013379,BILL017810,PAT02496,FAC004,DEP006,HDFC ERGO,2025-10-22,754.03,Pending,Not Applicable,2025-11-05,0.0,754.03
CLM013380,BILL017811,PAT07052,FAC002,DEP007,Care Health,2025-11-29,841.75,Approved,Not Applicable,2025-12-23,806.87,34.88
CLM013388,BILL017821,PAT06825,FAC003,DEP008,Niva Bupa,2025-03-30,1309.25,Paid,Not Applicable,2025-04-05,1225.96,83.29
CLM013399,BILL017834,PAT05175,FAC001,DEP008,ICICI Lombard,2025-06-25,1730.64,Approved,Not Applicable,2025-07-02,1598.45,132.19
CLM013404,BILL017842,PAT03843,FAC005,DEP001,Star Health,2025-11-21,1586.49,Approved,Not Applicable,2025-12-01,1520.29,66.2
CLM013405,BILL017843,PAT09040,FAC001,DEP001,HDFC ERGO,2025-03-15,1228.1,Paid,Not Applicable,2025-03-26,1159.47,68.63
CLM013406,BILL017844,PAT07110,FAC002,DEP006,Care Health,2025-11-22,921.15,Pending,Not Applicable,2025-12-17,0.0,921.15
CLM013408,BILL017846,PAT01499,FAC003,DEP001,Star Health,2025-11-26,1604.41,Under Review,Not Applicable,2025-12-31,0.0,1604.41
CLM013421,BILL017864,PAT04831,FAC004,DEP006,Star Health,2025-09-07,665.02,Approved,Not Applicable,2025-09-21,608.56,56.46
CLM013428,BILL017872,PAT02100,FAC003,DEP008,HDFC ERGO,2025-09-20,1686.16,Approved,Not Applicable,2025-10-04,1633.18,52.98
CLM013429,BILL017873,PAT08671,FAC005,DEP005,ICICI Lombard,2025-05-22,371.78,Approved,Not Applicable,2025-06-10,367.39,4.39
CLM013438,BILL017886,PAT01143,FAC001,DEP001,Star Health,2025-09-28,1786.26,Under Review,Not Applicable,2025-10-16,0.0,1786.26
CLM013445,BILL017895,PAT05373,FAC005,DEP001,Niva Bupa,2025-04-11,1142.94,Approved,Not Applicable,2025-05-08,1024.35,118.59
CLM013452,BILL017903,PAT08243,FAC005,DEP001,ICICI Lombard,2025-09-10,1240.47,Pending,Not Applicable,2025-09-24,0.0,1240.47
CLM013453,BILL017904,PAT02313,FAC002,DEP001,Star Health,2025-07-07,697.25,Paid,Not Applicable,2025-07-18,645.63,51.62
CLM013454,BILL017905,PAT05423,FAC002,DEP001,ICICI Lombard,2025-11-17,817.86,Paid,Not Applicable,2025-12-08,778.82,39.04
CLM013456,BILL017910,PAT03956,FAC003,DEP007,ICICI Lombard,2025-12-31,613.76,Under Review,Not Applicable,2026-01-26,0.0,613.76
CLM013459,BILL017913,PAT01027,FAC005,DEP001,HDFC ERGO,2025-04-06,855.22,Paid,Not Applicable,2025-04-20,834.83,20.39
CLM013467,BILL017922,PAT09021,FAC002,DEP005,Star Health,2025-08-15,497.64,Pending,Not Applicable,2025-09-10,0.0,497.64
CLM013470,BILL017927,PAT01007,FAC002,DEP005,Niva Bupa,2025-04-08,568.85,Approved,Not Applicable,2025-04-15,564.75,4.1
CLM013475,BILL017934,PAT02656,FAC001,DEP001,Care Health,2025-06-26,1230.52,Paid,Not Applicable,2025-07-07,1139.47,91.05
CLM013481,BILL017942,PAT06349,FAC001,DEP001,ICICI Lombard,2025-05-11,1286.0,Paid,Not Applicable,2025-06-07,1199.64,86.36
CLM013484,BILL017947,PAT08889,FAC002,DEP005,HDFC ERGO,2025-01-12,543.49,Paid,Not Applicable,2025-02-09,538.59,4.9
CLM013494,BILL017957,PAT09616,FAC001,DEP008,Niva Bupa,2025-05-16,1780.91,Pending,Not Applicable,2025-05-30,0.0,1780.91
CLM013501,BILL017965,PAT04904,FAC005,DEP008,Star Health,2025-09-30,1512.54,Paid,Not Applicable,2025-10-12,1426.73,85.81
CLM013506,BILL017971,PAT04680,FAC001,DEP002,Star Health,2025-08-04,1169.87,Paid,Not Applicable,2025-08-09,1140.07,29.8
CLM013513,BILL017979,PAT09141,FAC001,DEP002,Star Health,2025-01-09,1050.33,Denied,Duplicate Claim,2025-01-26,0.0,1050.33
CLM013514,BILL017981,PAT04230,FAC001,DEP003,HDFC ERGO,2025-02-13,547.94,Paid,Not Applicable,2025-03-11,534.9,13.04
CLM013522,BILL017990,PAT06260,FAC003,DEP003,ICICI Lombard,2025-02-05,601.22,Approved,Not Applicable,2025-02-19,570.62,30.6
CLM013523,BILL017991,PAT04951,FAC002,DEP006,Care Health,2025-03-09,410.95,Paid,Not Applicable,2025-03-27,395.41,15.54
CLM013528,BILL017997,PAT05533,FAC005,DEP003,ICICI Lombard,2025-03-19,812.94,Under Review,Not Applicable,2025-04-30,0.0,812.94
CLM013530,BILL017999,PAT00389,FAC005,DEP006,HDFC ERGO,2025-05-30,343.03,Paid,Not Applicable,2025-06-06,329.28,13.75
CLM013540,BILL018014,PAT02413,FAC002,DEP005,ICICI Lombard,2025-01-25,425.61,Paid,Not Applicable,2025-02-13,412.06,13.55
CLM013551,BILL018029,PAT06088,FAC003,DEP005,Star Health,2025-08-31,491.39,Approved,Not Applicable,2025-09-15,464.08,27.31
CLM013558,BILL018039,PAT04095,FAC003,DEP001,HDFC ERGO,2025-08-16,1192.89,Under Review,Not Applicable,2025-09-10,0.0,1192.89
CLM013561,BILL018044,PAT02535,FAC005,DEP006,HDFC ERGO,2025-11-15,1012.77,Approved,Not Applicable,2025-12-05,863.66,149.11
CLM013563,BILL018047,PAT04747,FAC001,DEP008,HDFC ERGO,2025-08-01,951.28,Paid,Not Applicable,2025-08-11,929.33,21.95
CLM013568,BILL018052,PAT06254,FAC002,DEP001,Care Health,2025-06-09,1296.43,Paid,Not Applicable,2025-07-07,1278.39,18.04
CLM013580,BILL018065,PAT05170,FAC005,DEP003,ICICI Lombard,2025-02-23,942.07,Denied,Duplicate Claim,2025-03-16,0.0,942.07
CLM013587,BILL018078,PAT03257,FAC001,DEP002,HDFC ERGO,2025-04-25,1128.06,Paid,Not Applicable,2025-05-22,1074.63,53.43
CLM013589,BILL018082,PAT08142,FAC002,DEP005,Star Health,2025-09-09,430.04,Paid,Not Applicable,2025-09-21,427.19,2.85
CLM013599,BILL018097,PAT04829,FAC001,DEP004,Star Health,2025-04-21,1469.58,Paid,Not Applicable,2025-04-28,1361.22,108.36
CLM013600,BILL018098,PAT06163,FAC004,DEP001,ICICI Lombard,2025-01-01,1467.95,Paid,Not Applicable,2025-01-29,1388.45,79.5
CLM013605,BILL018106,PAT09951,FAC004,DEP007,Niva Bupa,2025-07-17,745.62,Approved,Not Applicable,2025-07-22,743.54,2.08
CLM013614,BILL018123,PAT02020,FAC001,DEP002,HDFC ERGO,2025-02-01,914.67,Denied,Coding Error,2025-02-06,0.0,914.67
CLM013620,BILL018132,PAT00733,FAC002,DEP002,Care Health,2025-05-18,1143.55,Paid,Not Applicable,2025-06-03,1122.25,21.3
CLM013635,BILL018149,PAT09017,FAC001,DEP004,ICICI Lombard,2025-11-10,1540.43,Approved,Not Applicable,2025-11-27,1505.69,34.74
CLM013638,BILL018155,PAT07634,FAC005,DEP001,Niva Bupa,2025-08-28,1105.1,Under Review,Not Applicable,2025-09-12,0.0,1105.1
CLM013640,BILL018159,PAT00281,FAC003,DEP003,Niva Bupa,2025-01-30,853.83,Paid,Not Applicable,2025-02-25,842.74,11.09
CLM013653,BILL018177,PAT01685,FAC003,DEP007,Niva Bupa,2025-05-11,732.93,Pending,Not Applicable,2025-05-24,0.0,732.93
CLM013661,BILL018187,PAT01584,FAC003,DEP008,Star Health,2025-06-16,1927.7,Approved,Not Applicable,2025-06-21,1725.17,202.53
CLM013673,BILL018204,PAT06138,FAC002,DEP005,HDFC ERGO,2025-04-21,493.83,Denied,Authorization Missing,2025-04-28,0.0,493.83
CLM013687,BILL018224,PAT04986,FAC005,DEP006,Care Health,2025-03-03,793.96,Approved,Not Applicable,2025-03-22,754.31,39.65
CLM013700,BILL018239,PAT05924,FAC005,DEP006,ICICI Lombard,2025-08-28,823.85,Approved,Not Applicable,2025-09-04,773.21,50.64
CLM013720,BILL018264,PAT01283,FAC002,DEP002,Star Health,2025-11-30,963.7,Pending,Not Applicable,2025-12-21,0.0,963.7
CLM013736,BILL018290,PAT07174,FAC005,DEP001,Star Health,2025-09-18,1147.8,Under Review,Not Applicable,2025-10-03,0.0,1147.8
CLM013739,BILL018293,PAT02316,FAC004,DEP001,HDFC ERGO,2025-01-28,994.63,Approved,Not Applicable,2025-02-27,943.9,50.73
CLM013741,BILL018296,PAT09286,FAC005,DEP005,Star Health,2025-01-23,653.08,Denied,Eligibility Issue,2025-02-01,0.0,653.08
CLM013743,BILL018299,PAT05217,FAC005,DEP001,HDFC ERGO,2025-10-07,565.81,Under Review,Not Applicable,2025-10-21,0.0,565.81
CLM013763,BILL018324,PAT07972,FAC002,DEP001,Niva Bupa,2025-04-01,1671.86,Paid,Not Applicable,2025-05-01,1559.83,112.03
CLM013765,BILL018326,PAT09717,FAC001,DEP001,Star Health,2025-11-10,1217.73,Approved,Not Applicable,2025-11-18,1061.33,156.4
CLM013777,BILL018343,PAT08179,FAC004,DEP005,Care Health,2025-02-05,507.14,Denied,Policy Exclusion,2025-02-22,0.0,507.14
CLM013778,BILL018344,PAT06267,FAC002,DEP005,Niva Bupa,2025-09-17,590.03,Paid,Not Applicable,2025-10-06,565.46,24.57
CLM013789,BILL018359,PAT03547,FAC002,DEP001,Star Health,2025-07-26,1108.89,Pending,Not Applicable,2025-09-03,0.0,1108.89
CLM013793,BILL018363,PAT01954,FAC002,DEP001,HDFC ERGO,2025-12-01,932.04,Under Review,Not Applicable,2026-01-10,0.0,932.04
CLM013794,BILL018364,PAT00100,FAC004,DEP002,Care Health,2025-10-25,1414.6,Paid,Not Applicable,2025-11-07,1305.72,108.88
CLM013812,BILL018391,PAT02449,FAC002,DEP005,Niva Bupa,2025-03-28,394.05,Pending,Not Applicable,2025-04-07,0.0,394.05
CLM013814,BILL018396,PAT01804,FAC002,DEP002,Care Health,2025-05-12,707.3,Denied,Eligibility Issue,2025-05-19,0.0,707.3
CLM013827,BILL018411,PAT04405,FAC001,DEP004,ICICI Lombard,2025-02-06,1173.44,Approved,Not Applicable,2025-02-28,1135.12,38.32
CLM013831,BILL018416,PAT07252,FAC004,DEP006,Care Health,2025-09-19,586.1,Approved,Not Applicable,2025-10-02,513.3,72.8
CLM013837,BILL018424,PAT04190,FAC003,DEP005,ICICI Lombard,2025-02-20,506.08,Pending,Not Applicable,2025-03-19,0.0,506.08
CLM013838,BILL018425,PAT03066,FAC004,DEP004,ICICI Lombard,2025-08-13,1674.83,Paid,Not Applicable,2025-08-18,1559.78,115.05
CLM013840,BILL018427,PAT09897,FAC001,DEP008,Star Health,2025-05-04,1413.01,Approved,Not Applicable,2025-06-01,1341.29,71.72
CLM013843,BILL018430,PAT07972,FAC005,DEP001,Star Health,2025-06-13,939.1,Under Review,Not Applicable,2025-07-23,0.0,939.1
CLM013852,BILL018445,PAT05889,FAC003,DEP001,HDFC ERGO,2025-08-11,987.28,Approved,Not Applicable,2025-08-31,908.67,78.61
CLM013856,BILL018450,PAT06927,FAC001,DEP003,ICICI Lombard,2025-08-03,783.7,Approved,Not Applicable,2025-08-19,686.53,97.17
CLM013859,BILL018455,PAT09555,FAC001,DEP002,HDFC ERGO,2025-03-06,1041.29,Approved,Not Applicable,2025-03-25,984.08,57.21
CLM013861,BILL018458,PAT01944,FAC005,DEP005,HDFC ERGO,2025-03-28,462.55,Under Review,Not Applicable,2025-04-15,0.0,462.55
CLM013862,BILL018459,PAT06522,FAC002,DEP006,ICICI Lombard,2025-02-16,617.71,Approved,Not Applicable,2025-03-07,537.45,80.26
CLM013864,BILL018461,PAT09333,FAC002,DEP005,HDFC ERGO,2025-10-28,446.62,Under Review,Not Applicable,2025-11-17,0.0,446.62
CLM013869,BILL018468,PAT00474,FAC003,DEP005,HDFC ERGO,2025-02-09,498.59,Pending,Not Applicable,2025-03-13,0.0,498.59
CLM013876,BILL018476,PAT05091,FAC001,DEP001,ICICI Lombard,2025-04-01,1010.37,Under Review,Not Applicable,2025-05-05,0.0,1010.37
CLM013878,BILL018479,PAT00020,FAC001,DEP008,Care Health,2025-01-04,1396.76,Paid,Not Applicable,2025-01-24,1338.29,58.47
CLM013888,BILL018491,PAT03705,FAC005,DEP005,Star Health,2025-10-24,481.17,Approved,Not Applicable,2025-11-20,476.26,4.91
CLM013891,BILL018495,PAT02761,FAC002,DEP005,Star Health,2025-07-15,554.64,Paid,Not Applicable,2025-08-14,535.55,19.09
CLM013893,BILL018497,PAT06897,FAC004,DEP004,Care Health,2025-05-21,1195.89,Under Review,Not Applicable,2025-06-01,0.0,1195.89
CLM013895,BILL018499,PAT06821,FAC001,DEP008,ICICI Lombard,2025-05-04,1554.55,Pending,Not Applicable,2025-06-12,0.0,1554.55
CLM013897,BILL018501,PAT06071,FAC005,DEP005,Care Health,2025-02-24,393.22,Paid,Not Applicable,2025-03-23,386.78,6.44
CLM013898,BILL018503,PAT09919,FAC002,DEP005,ICICI Lombard,2025-04-22,586.6,Denied,Duplicate Claim,2025-05-12,0.0,586.6
CLM013902,BILL018508,PAT03078,FAC001,DEP002,HDFC ERGO,2025-01-29,687.88,Approved,Not Applicable,2025-02-15,617.66,70.22
CLM013905,BILL018514,PAT02544,FAC001,DEP001,Star Health,2025-04-07,790.38,Approved,Not Applicable,2025-04-20,779.85,10.53
CLM013908,BILL018517,PAT03546,FAC002,DEP005,Niva Bupa,2025-12-08,326.35,Pending,Not Applicable,2026-01-17,0.0,326.35
CLM013911,BILL018522,PAT00380,FAC004,DEP006,Care Health,2025-02-19,474.1,Pending,Not Applicable,2025-03-24,0.0,474.1
CLM013913,BILL018524,PAT07637,FAC001,DEP004,Star Health,2025-04-27,1446.3,Denied,Duplicate Claim,2025-05-14,0.0,1446.3
CLM013915,BILL018527,PAT00658,FAC003,DEP005,Star Health,2025-06-30,799.03,Pending,Not Applicable,2025-08-09,0.0,799.03
CLM013917,BILL018529,PAT09146,FAC004,DEP001,ICICI Lombard,2025-09-11,1463.03,Denied,Eligibility Issue,2025-09-19,0.0,1463.03
CLM013920,BILL018532,PAT04490,FAC004,DEP007,HDFC ERGO,2025-10-13,401.37,Paid,Not Applicable,2025-10-21,381.89,19.48
CLM013929,BILL018547,PAT06320,FAC003,DEP003,HDFC ERGO,2025-06-17,616.46,Under Review,Not Applicable,2025-07-07,0.0,616.46
CLM013930,BILL018549,PAT05043,FAC005,DEP003,Niva Bupa,2025-09-04,619.98,Paid,Not Applicable,2025-09-23,575.94,44.04
CLM013935,BILL018556,PAT02070,FAC005,DEP007,Star Health,2025-10-10,896.97,Paid,Not Applicable,2025-11-02,842.26,54.71
CLM013938,BILL018559,PAT03746,FAC003,DEP003,Star Health,2025-07-11,689.15,Paid,Not Applicable,2025-07-29,649.86,39.29
CLM013942,BILL018563,PAT02169,FAC003,DEP005,HDFC ERGO,2025-12-16,327.17,Paid,Not Applicable,2026-01-08,326.13,1.04
CLM013945,BILL018567,PAT04029,FAC002,DEP002,ICICI Lombard,2025-01-19,682.82,Pending,Not Applicable,2025-02-05,0.0,682.82
CLM013948,BILL018574,PAT03422,FAC003,DEP001,Niva Bupa,2025-08-15,1495.68,Approved,Not Applicable,2025-09-09,1389.78,105.9
CLM013957,BILL018584,PAT07223,FAC005,DEP005,Star Health,2025-02-07,393.05,Paid,Not Applicable,2025-02-16,390.57,2.48
CLM013961,BILL018589,PAT07517,FAC002,DEP006,Niva Bupa,2025-12-25,201.72,Paid,Not Applicable,2026-01-01,185.96,15.76
CLM013968,BILL018598,PAT03324,FAC001,DEP001,HDFC ERGO,2025-04-30,1277.78,Under Review,Not Applicable,2025-06-11,0.0,1277.78
CLM013974,BILL018606,PAT09405,FAC005,DEP007,Niva Bupa,2025-04-26,536.19,Approved,Not Applicable,2025-05-03,489.74,46.45
CLM013981,BILL018616,PAT09282,FAC002,DEP001,Care Health,2025-10-15,1101.47,Paid,Not Applicable,2025-10-20,1034.76,66.71
CLM013986,BILL018622,PAT01352,FAC003,DEP003,Care Health,2025-11-11,684.12,Denied,Coding Error,2025-11-16,0.0,684.12
CLM013999,BILL018637,PAT01633,FAC001,DEP002,HDFC ERGO,2025-12-25,565.62,Approved,Not Applicable,2026-01-14,510.42,55.2
CLM014003,BILL018643,PAT04672,FAC002,DEP007,Niva Bupa,2025-03-31,460.21,Paid,Not Applicable,2025-04-23,436.61,23.6
CLM014007,BILL018651,PAT04953,FAC004,DEP006,Star Health,2025-11-29,470.74,Paid,Not Applicable,2025-12-06,445.17,25.57
CLM014010,BILL018655,PAT05091,FAC004,DEP001,Star Health,2025-09-18,1195.8,Paid,Not Applicable,2025-10-18,1100.46,95.34
CLM014012,BILL018658,PAT09724,FAC004,DEP005,ICICI Lombard,2025-04-25,522.14,Approved,Not Applicable,2025-05-23,514.65,7.49
CLM014013,BILL018660,PAT00612,FAC005,DEP003,HDFC ERGO,2025-09-14,797.84,Under Review,Not Applicable,2025-10-12,0.0,797.84
CLM014014,BILL018661,PAT05583,FAC005,DEP003,Care Health,2025-06-18,705.76,Approved,Not Applicable,2025-07-18,642.58,63.18
CLM014015,BILL018664,PAT00466,FAC003,DEP007,HDFC ERGO,2025-10-23,959.62,Denied,Policy Exclusion,2025-11-10,0.0,959.62
CLM014024,BILL018675,PAT08142,FAC001,DEP002,ICICI Lombard,2025-07-16,886.7,Paid,Not Applicable,2025-08-10,831.14,55.56
CLM014026,BILL018677,PAT06891,FAC003,DEP007,Star Health,2025-05-22,824.82,Pending,Not Applicable,2025-06-02,0.0,824.82
CLM014029,BILL018681,PAT01476,FAC003,DEP003,Care Health,2025-09-16,841.96,Paid,Not Applicable,2025-09-21,813.26,28.7
CLM014034,BILL018687,PAT06509,FAC002,DEP002,Star Health,2025-01-06,705.98,Pending,Not Applicable,2025-01-30,0.0,705.98
CLM014035,BILL018688,PAT08370,FAC002,DEP001,ICICI Lombard,2025-07-26,1145.07,Paid,Not Applicable,2025-08-04,1115.72,29.35
CLM014036,BILL018689,PAT07991,FAC004,DEP006,Star Health,2025-01-16,695.81,Pending,Not Applicable,2025-02-25,0.0,695.81
CLM014037,BILL018690,PAT04388,FAC004,DEP001,Star Health,2025-05-22,1218.39,Approved,Not Applicable,2025-05-29,1125.89,92.5
CLM014038,BILL018691,PAT02021,FAC001,DEP001,Star Health,2025-08-11,1651.13,Paid,Not Applicable,2025-09-01,1574.84,76.29
CLM014041,BILL018696,PAT08583,FAC004,DEP006,ICICI Lombard,2025-08-17,641.16,Denied,Authorization Missing,2025-09-01,0.0,641.16
CLM014048,BILL018704,PAT09270,FAC001,DEP005,Care Health,2025-06-22,453.0,Approved,Not Applicable,2025-07-20,437.64,15.36
CLM014053,BILL018709,PAT05490,FAC003,DEP008,Star Health,2025-04-07,1385.17,Pending,Not Applicable,2025-05-04,0.0,1385.17
CLM014057,BILL018715,PAT03403,FAC002,DEP001,Star Health,2025-04-19,1348.77,Paid,Not Applicable,2025-05-17,1306.96,41.81
CLM014064,BILL018725,PAT06598,FAC002,DEP002,HDFC ERGO,2025-05-21,1250.33,Approved,Not Applicable,2025-05-31,1234.97,15.36
CLM014070,BILL018731,PAT04032,FAC002,DEP005,Niva Bupa,2025-07-26,522.4,Approved,Not Applicable,2025-08-24,479.76,42.64
CLM014083,BILL018748,PAT04672,FAC005,DEP006,HDFC ERGO,2025-05-07,882.74,Paid,Not Applicable,2025-05-21,880.73,2.01
CLM014086,BILL018752,PAT09469,FAC001,DEP002,Care Health,2025-01-07,747.04,Paid,Not Applicable,2025-02-02,732.74,14.3
CLM014087,BILL018753,PAT00705,FAC005,DEP001,ICICI Lombard,2025-12-18,578.5,Denied,Duplicate Claim,2025-12-28,0.0,578.5
CLM014089,BILL018755,PAT03955,FAC005,DEP007,ICICI Lombard,2025-12-11,449.96,Paid,Not Applicable,2025-12-23,439.2,10.76
CLM014109,BILL018779,PAT00248,FAC003,DEP008,Care Health,2025-02-28,1515.09,Approved,Not Applicable,2025-03-23,1412.34,102.75
CLM014115,BILL018789,PAT07321,FAC003,DEP001,Star Health,2025-10-15,1350.86,Paid,Not Applicable,2025-10-31,1312.84,38.02
CLM014118,BILL018792,PAT01086,FAC003,DEP008,ICICI Lombard,2025-06-06,2197.5,Approved,Not Applicable,2025-06-14,2065.52,131.98
CLM014119,BILL018793,PAT00922,FAC003,DEP008,HDFC ERGO,2025-04-25,1646.93,Pending,Not Applicable,2025-05-05,0.0,1646.93
CLM014123,BILL018800,PAT04302,FAC002,DEP002,HDFC ERGO,2025-09-24,1366.83,Denied,Coding Error,2025-09-30,0.0,1366.83
CLM014124,BILL018801,PAT02367,FAC001,DEP004,Care Health,2025-03-11,1853.1,Paid,Not Applicable,2025-03-28,1729.08,124.02
CLM014132,BILL018811,PAT03269,FAC001,DEP001,Niva Bupa,2025-04-20,1094.75,Pending,Not Applicable,2025-05-29,0.0,1094.75
CLM014136,BILL018816,PAT07014,FAC004,DEP007,Star Health,2025-03-16,755.98,Paid,Not Applicable,2025-03-22,752.94,3.04
CLM014137,BILL018818,PAT02311,FAC004,DEP001,HDFC ERGO,2025-07-28,893.26,Pending,Not Applicable,2025-08-09,0.0,893.26
CLM014150,BILL018840,PAT02999,FAC004,DEP004,ICICI Lombard,2025-09-10,905.95,Paid,Not Applicable,2025-09-19,886.76,19.19
CLM014154,BILL018846,PAT09058,FAC002,DEP001,HDFC ERGO,2025-04-21,1570.3,Under Review,Not Applicable,2025-05-02,0.0,1570.3
CLM014163,BILL018856,PAT07827,FAC003,DEP005,Star Health,2025-11-17,686.64,Denied,Missing Documentation,2025-11-29,0.0,686.64
CLM014169,BILL018864,PAT09843,FAC003,DEP005,Star Health,2025-12-31,454.52,Pending,Not Applicable,2026-02-07,0.0,454.52
CLM014173,BILL018874,PAT07253,FAC002,DEP005,ICICI Lombard,2025-10-13,715.84,Pending,Not Applicable,2025-11-20,0.0,715.84
CLM014181,BILL018886,PAT09027,FAC003,DEP008,Care Health,2025-03-10,1923.18,Approved,Not Applicable,2025-03-17,1783.45,139.73
CLM014182,BILL018887,PAT03372,FAC004,DEP001,Star Health,2025-05-16,2059.73,Approved,Not Applicable,2025-05-21,1832.9,226.83
CLM014190,BILL018900,PAT04465,FAC002,DEP002,HDFC ERGO,2025-04-09,754.45,Under Review,Not Applicable,2025-04-27,0.0,754.45
CLM014193,BILL018904,PAT08511,FAC001,DEP001,Star Health,2025-04-12,1094.66,Approved,Not Applicable,2025-04-20,996.57,98.09
CLM014203,BILL018917,PAT03979,FAC002,DEP001,ICICI Lombard,2025-12-08,1166.46,Pending,Not Applicable,2026-01-04,0.0,1166.46
CLM014209,BILL018928,PAT03699,FAC003,DEP005,ICICI Lombard,2025-08-20,635.64,Paid,Not Applicable,2025-09-07,618.63,17.01
CLM014212,BILL018931,PAT02120,FAC002,DEP002,Star Health,2025-11-03,1083.39,Denied,Duplicate Claim,2025-11-13,0.0,1083.39
CLM014219,BILL018938,PAT01984,FAC003,DEP008,Star Health,2025-12-02,1335.34,Paid,Not Applicable,2025-12-24,1281.37,53.97
CLM014221,BILL018940,PAT01513,FAC005,DEP003,Care Health,2025-09-07,816.55,Paid,Not Applicable,2025-09-30,765.6,50.95
CLM014237,BILL018964,PAT06026,FAC004,DEP001,Niva Bupa,2025-11-03,1635.88,Paid,Not Applicable,2025-11-29,1622.36,13.52
CLM014238,BILL018965,PAT04960,FAC001,DEP002,Star Health,2025-07-06,823.24,Approved,Not Applicable,2025-07-22,767.77,55.47
CLM014242,BILL018970,PAT02597,FAC002,DEP005,Care Health,2025-10-29,397.54,Pending,Not Applicable,2025-11-26,0.0,397.54
CLM014243,BILL018971,PAT05915,FAC005,DEP003,ICICI Lombard,2025-10-02,457.68,Under Review,Not Applicable,2025-11-02,0.0,457.68
CLM014245,BILL018973,PAT06293,FAC004,DEP007,Star Health,2025-02-10,686.44,Paid,Not Applicable,2025-02-15,659.09,27.35
CLM014252,BILL018981,PAT07151,FAC004,DEP001,Star Health,2025-11-22,725.94,Paid,Not Applicable,2025-11-27,668.1,57.84
CLM014257,BILL018987,PAT08178,FAC004,DEP006,ICICI Lombard,2025-07-05,774.74,Paid,Not Applicable,2025-08-02,772.99,1.75
CLM014261,BILL018991,PAT09626,FAC003,DEP003,Niva Bupa,2025-08-11,897.31,Pending,Not Applicable,2025-09-05,0.0,897.31
CLM014264,BILL018994,PAT05614,FAC003,DEP005,Star Health,2025-08-05,533.7,Denied,Authorization Missing,2025-08-13,0.0,533.7
CLM014267,BILL018999,PAT04396,FAC001,DEP004,HDFC ERGO,2025-06-21,1465.76,Denied,Coding Error,2025-07-12,0.0,1465.76
CLM014268,BILL019000,PAT00042,FAC001,DEP001,Star Health,2025-02-27,1713.87,Paid,Not Applicable,2025-03-19,1682.21,31.66
CLM014269,BILL019001,PAT09521,FAC001,DEP002,ICICI Lombard,2025-10-12,912.22,Paid,Not Applicable,2025-10-30,893.66,18.56
CLM014270,BILL019002,PAT05351,FAC001,DEP004,ICICI Lombard,2025-11-11,1789.6,Paid,Not Applicable,2025-11-21,1686.88,102.72
CLM014276,BILL019010,PAT08595,FAC003,DEP007,Care Health,2025-11-24,550.02,Pending,Not Applicable,2025-12-27,0.0,550.02
CLM014279,BILL019014,PAT09333,FAC004,DEP001,HDFC ERGO,2025-10-25,970.61,Approved,Not Applicable,2025-11-15,892.72,77.89
CLM014294,BILL019037,PAT09566,FAC004,DEP001,Star Health,2025-09-02,1069.66,Paid,Not Applicable,2025-09-27,1057.93,11.73
CLM014296,BILL019040,PAT02994,FAC005,DEP001,ICICI Lombard,2025-03-15,749.0,Paid,Not Applicable,2025-04-08,720.58,28.42
CLM014298,BILL019042,PAT00462,FAC001,DEP001,HDFC ERGO,2025-06-27,1225.86,Denied,Missing Documentation,2025-07-13,0.0,1225.86
CLM014307,BILL019057,PAT06424,FAC005,DEP001,Niva Bupa,2025-10-11,1439.69,Under Review,Not Applicable,2025-11-08,0.0,1439.69
CLM014312,BILL019063,PAT01394,FAC004,DEP004,ICICI Lombard,2025-09-20,1171.37,Pending,Not Applicable,2025-10-08,0.0,1171.37
CLM014315,BILL019068,PAT04904,FAC002,DEP002,Care Health,2025-05-24,803.05,Paid,Not Applicable,2025-06-08,749.35,53.7
CLM014319,BILL019072,PAT01399,FAC001,DEP004,Star Health,2025-07-06,1184.62,Paid,Not Applicable,2025-08-02,1120.08,64.54
CLM014324,BILL019077,PAT03025,FAC005,DEP001,Niva Bupa,2025-02-24,736.12,Under Review,Not Applicable,2025-03-24,0.0,736.12
CLM014337,BILL019094,PAT05921,FAC004,DEP006,Care Health,2025-09-13,1120.92,Approved,Not Applicable,2025-09-24,1034.32,86.6
CLM014339,BILL019097,PAT03593,FAC003,DEP007,ICICI Lombard,2025-10-28,331.5,Paid,Not Applicable,2025-11-24,319.9,11.6
CLM014344,BILL019103,PAT07540,FAC002,DEP006,HDFC ERGO,2025-05-19,828.02,Pending,Not Applicable,2025-06-28,0.0,828.02
CLM014365,BILL019133,PAT00938,FAC002,DEP001,Care Health,2025-05-30,1367.36,Paid,Not Applicable,2025-06-20,1358.94,8.42
CLM014367,BILL019135,PAT08745,FAC001,DEP001,Care Health,2025-10-08,1949.81,Approved,Not Applicable,2025-10-23,1949.07,0.74
CLM014372,BILL019146,PAT09591,FAC004,DEP006,Care Health,2025-09-13,659.77,Under Review,Not Applicable,2025-10-09,0.0,659.77
CLM014375,BILL019149,PAT07485,FAC001,DEP001,ICICI Lombard,2025-03-27,899.58,Approved,Not Applicable,2025-04-19,847.48,52.1
CLM014377,BILL019151,PAT08521,FAC002,DEP005,ICICI Lombard,2025-08-30,695.19,Paid,Not Applicable,2025-09-15,674.03,21.16
CLM014379,BILL019153,PAT04016,FAC005,DEP001,ICICI Lombard,2025-10-17,1356.71,Approved,Not Applicable,2025-11-07,1229.81,126.9
CLM014380,BILL019154,PAT05513,FAC003,DEP008,HDFC ERGO,2025-06-02,1526.32,Approved,Not Applicable,2025-06-14,1404.74,121.58
CLM014388,BILL019164,PAT09021,FAC005,DEP006,HDFC ERGO,2025-02-21,508.56,Paid,Not Applicable,2025-03-10,487.25,21.31
CLM014393,BILL019169,PAT04058,FAC002,DEP001,Star Health,2025-03-06,1650.06,Under Review,Not Applicable,2025-04-10,0.0,1650.06
CLM014394,BILL019170,PAT09627,FAC004,DEP006,ICICI Lombard,2025-07-08,925.13,Approved,Not Applicable,2025-07-17,796.23,128.9
CLM014405,BILL019184,PAT02997,FAC005,DEP007,HDFC ERGO,2025-02-06,862.63,Paid,Not Applicable,2025-03-04,808.14,54.49
CLM014409,BILL019192,PAT03106,FAC001,DEP008,HDFC ERGO,2025-12-07,1547.92,Approved,Not Applicable,2025-12-24,1533.1,14.82
CLM014414,BILL019197,PAT06988,FAC005,DEP007,Care Health,2025-07-24,349.03,Approved,Not Applicable,2025-08-11,298.83,50.2
CLM014419,BILL019204,PAT09939,FAC002,DEP002,Niva Bupa,2025-02-20,1642.29,Paid,Not Applicable,2025-02-25,1640.73,1.56
CLM014426,BILL019216,PAT03488,FAC003,DEP003,HDFC ERGO,2025-06-26,421.19,Under Review,Not Applicable,2025-07-20,0.0,421.19
CLM014428,BILL019220,PAT03070,FAC003,DEP003,ICICI Lombard,2025-12-15,619.16,Paid,Not Applicable,2026-01-14,604.53,14.63
CLM014430,BILL019222,PAT07744,FAC002,DEP006,HDFC ERGO,2025-11-28,796.62,Approved,Not Applicable,2025-12-04,700.92,95.7
CLM014431,BILL019223,PAT06689,FAC004,DEP007,Care Health,2025-03-31,561.64,Under Review,Not Applicable,2025-04-30,0.0,561.64
CLM014432,BILL019226,PAT01936,FAC001,DEP004,Care Health,2025-04-06,738.69,Under Review,Not Applicable,2025-05-19,0.0,738.69
CLM014433,BILL019227,PAT01012,FAC003,DEP005,HDFC ERGO,2025-02-28,460.08,Paid,Not Applicable,2025-03-11,435.25,24.83
CLM014439,BILL019234,PAT03618,FAC005,DEP008,Star Health,2025-04-08,1432.78,Paid,Not Applicable,2025-05-07,1403.4,29.38
CLM014443,BILL019239,PAT00715,FAC002,DEP001,Star Health,2025-08-09,1558.26,Under Review,Not Applicable,2025-09-07,0.0,1558.26
CLM014459,BILL019259,PAT05136,FAC002,DEP007,Niva Bupa,2025-10-16,517.96,Under Review,Not Applicable,2025-11-20,0.0,517.96
CLM014460,BILL019264,PAT07515,FAC003,DEP005,Care Health,2025-03-23,383.5,Approved,Not Applicable,2025-04-20,339.28,44.22
CLM014474,BILL019282,PAT05407,FAC005,DEP007,Care Health,2025-02-09,484.2,Under Review,Not Applicable,2025-02-22,0.0,484.2
CLM014490,BILL019310,PAT07579,FAC001,DEP004,ICICI Lombard,2025-09-09,948.16,Under Review,Not Applicable,2025-10-22,0.0,948.16
CLM014501,BILL019325,PAT05401,FAC001,DEP005,Star Health,2025-10-04,647.84,Denied,Authorization Missing,2025-10-18,0.0,647.84
CLM014510,BILL019336,PAT03547,FAC004,DEP005,HDFC ERGO,2025-10-31,444.49,Paid,Not Applicable,2025-11-24,427.64,16.85
CLM014511,BILL019337,PAT08974,FAC005,DEP003,Star Health,2025-07-18,618.33,Approved,Not Applicable,2025-08-08,529.3,89.03
CLM014517,BILL019346,PAT07530,FAC004,DEP005,HDFC ERGO,2025-09-24,370.52,Paid,Not Applicable,2025-10-16,343.1,27.42
CLM014520,BILL019349,PAT04029,FAC002,DEP002,Star Health,2025-04-21,836.46,Paid,Not Applicable,2025-05-13,784.4,52.06
CLM014534,BILL019366,PAT02407,FAC001,DEP005,Star Health,2025-04-12,465.71,Approved,Not Applicable,2025-05-08,422.91,42.8
CLM014549,BILL019391,PAT08185,FAC001,DEP003,Care Health,2025-05-07,586.94,Paid,Not Applicable,2025-06-02,569.54,17.4
CLM014557,BILL019402,PAT07884,FAC003,DEP007,Star Health,2025-10-27,385.45,Pending,Not Applicable,2025-11-09,0.0,385.45
CLM014560,BILL019405,PAT09433,FAC002,DEP002,Niva Bupa,2025-09-24,1319.44,Paid,Not Applicable,2025-10-24,1318.22,1.22
CLM014571,BILL019422,PAT05386,FAC002,DEP005,Care Health,2025-03-13,434.32,Under Review,Not Applicable,2025-04-09,0.0,434.32
CLM014574,BILL019426,PAT04630,FAC003,DEP005,ICICI Lombard,2025-01-24,423.71,Approved,Not Applicable,2025-02-15,360.87,62.84
CLM014578,BILL019430,PAT00684,FAC002,DEP006,Star Health,2025-09-27,625.54,Paid,Not Applicable,2025-10-22,580.37,45.17
CLM014595,BILL019449,PAT05465,FAC005,DEP001,Star Health,2025-03-25,1462.24,Pending,Not Applicable,2025-05-01,0.0,1462.24
CLM014596,BILL019450,PAT01489,FAC004,DEP002,Star Health,2025-03-15,1101.31,Pending,Not Applicable,2025-04-29,0.0,1101.31
CLM014599,BILL019453,PAT06509,FAC001,DEP004,Care Health,2025-10-05,1570.62,Paid,Not Applicable,2025-10-30,1512.83,57.79
CLM014602,BILL019457,PAT01603,FAC004,DEP007,ICICI Lombard,2025-07-05,679.62,Paid,Not Applicable,2025-07-13,641.39,38.23
CLM014603,BILL019459,PAT07170,FAC005,DEP001,Care Health,2025-01-02,1410.93,Under Review,Not Applicable,2025-02-14,0.0,1410.93
CLM014605,BILL019462,PAT04581,FAC003,DEP001,HDFC ERGO,2025-07-18,989.12,Approved,Not Applicable,2025-08-09,852.45,136.67
CLM014609,BILL019467,PAT06052,FAC003,DEP007,ICICI Lombard,2025-08-11,528.61,Pending,Not Applicable,2025-09-01,0.0,528.61
CLM014616,BILL019479,PAT05861,FAC005,DEP008,Care Health,2025-04-08,1185.08,Paid,Not Applicable,2025-04-23,1128.9,56.18
CLM014619,BILL019483,PAT08661,FAC002,DEP001,Care Health,2025-01-28,1746.7,Under Review,Not Applicable,2025-03-01,0.0,1746.7
CLM014625,BILL019491,PAT03488,FAC005,DEP003,Star Health,2025-01-24,581.5,Approved,Not Applicable,2025-02-23,559.96,21.54
CLM014634,BILL019504,PAT05174,FAC002,DEP005,Care Health,2025-04-30,472.39,Paid,Not Applicable,2025-05-26,456.88,15.51
CLM014647,BILL019520,PAT06877,FAC005,DEP003,HDFC ERGO,2025-02-26,614.39,Paid,Not Applicable,2025-03-13,599.19,15.2
CLM014650,BILL019523,PAT01027,FAC004,DEP004,Niva Bupa,2025-07-30,1325.7,Approved,Not Applicable,2025-08-14,1315.29,10.41
CLM014655,BILL019528,PAT07530,FAC005,DEP001,Star Health,2025-02-12,1489.29,Paid,Not Applicable,2025-02-20,1456.34,32.95
CLM014657,BILL019531,PAT09080,FAC002,DEP001,Star Health,2025-11-15,634.84,Paid,Not Applicable,2025-12-14,629.56,5.28
CLM014659,BILL019534,PAT05370,FAC001,DEP001,ICICI Lombard,2025-07-01,683.38,Under Review,Not Applicable,2025-07-12,0.0,683.38
CLM014664,BILL019541,PAT02302,FAC005,DEP003,ICICI Lombard,2025-11-13,495.72,Approved,Not Applicable,2025-12-01,493.29,2.43
CLM014682,BILL019560,PAT01011,FAC004,DEP005,HDFC ERGO,2025-05-05,578.89,Paid,Not Applicable,2025-05-14,575.43,3.46
CLM014684,BILL019562,PAT08780,FAC002,DEP002,Star Health,2025-12-06,1162.42,Approved,Not Applicable,2025-12-15,1058.14,104.28
CLM014689,BILL019567,PAT01548,FAC002,DEP002,Care Health,2025-11-30,1025.44,Pending,Not Applicable,2025-12-24,0.0,1025.44
CLM014690,BILL019568,PAT05043,FAC005,DEP005,Niva Bupa,2025-09-17,525.68,Paid,Not Applicable,2025-09-24,519.68,6.0
CLM014693,BILL019573,PAT03207,FAC003,DEP005,Care Health,2025-02-06,439.12,Pending,Not Applicable,2025-03-05,0.0,439.12
CLM014708,BILL019593,PAT09951,FAC002,DEP006,Care Health,2025-01-31,748.52,Paid,Not Applicable,2025-02-05,715.95,32.57
CLM014725,BILL019611,PAT04345,FAC001,DEP003,Care Health,2025-04-04,968.47,Approved,Not Applicable,2025-04-30,954.51,13.96
CLM014732,BILL019618,PAT09074,FAC004,DEP006,Star Health,2025-07-02,901.12,Paid,Not Applicable,2025-07-31,868.09,33.03
CLM014736,BILL019622,PAT02440,FAC005,DEP001,Care Health,2026-01-01,1091.15,Paid,Not Applicable,2026-01-09,1075.14,16.01
CLM014739,BILL019625,PAT07811,FAC005,DEP008,Niva Bupa,2025-03-05,1842.37,Paid,Not Applicable,2025-04-03,1726.76,115.61
CLM014743,BILL019629,PAT05569,FAC001,DEP004,HDFC ERGO,2025-12-07,1069.86,Paid,Not Applicable,2025-12-12,1041.18,28.68
CLM014746,BILL019633,PAT07151,FAC002,DEP001,Star Health,2025-07-18,1274.66,Under Review,Not Applicable,2025-08-03,0.0,1274.66
CLM014747,BILL019635,PAT02406,FAC002,DEP005,Niva Bupa,2025-04-20,350.03,Denied,Missing Documentation,2025-04-24,0.0,350.03
CLM014751,BILL019639,PAT09190,FAC003,DEP008,Care Health,2025-02-25,999.69,Pending,Not Applicable,2025-04-08,0.0,999.69
CLM014757,BILL019649,PAT03107,FAC005,DEP003,ICICI Lombard,2025-12-21,788.36,Paid,Not Applicable,2026-01-04,748.2,40.16
CLM014762,BILL019654,PAT07269,FAC003,DEP007,Niva Bupa,2025-09-13,424.94,Denied,Authorization Missing,2025-09-21,0.0,424.94
CLM014769,BILL019661,PAT01792,FAC004,DEP006,HDFC ERGO,2025-04-24,792.15,Paid,Not Applicable,2025-05-19,731.62,60.53
CLM014770,BILL019662,PAT00725,FAC003,DEP005,ICICI Lombard,2025-08-11,383.59,Under Review,Not Applicable,2025-09-04,0.0,383.59
CLM014775,BILL019670,PAT05345,FAC003,DEP005,Star Health,2025-06-15,292.4,Approved,Not Applicable,2025-06-26,264.73,27.67
CLM014786,BILL019682,PAT02184,FAC005,DEP005,Care Health,2025-09-18,458.24,Paid,Not Applicable,2025-09-28,443.54,14.7
CLM014788,BILL019684,PAT04405,FAC001,DEP005,HDFC ERGO,2025-11-06,521.72,Paid,Not Applicable,2025-11-14,482.51,39.21
CLM014789,BILL019687,PAT03289,FAC002,DEP005,ICICI Lombard,2025-01-17,338.47,Pending,Not Applicable,2025-03-01,0.0,338.47
CLM014790,BILL019689,PAT05598,FAC001,DEP003,Care Health,2025-01-13,510.04,Pending,Not Applicable,2025-02-02,0.0,510.04
CLM014795,BILL019697,PAT07624,FAC001,DEP005,HDFC ERGO,2025-04-17,357.32,Under Review,Not Applicable,2025-05-13,0.0,357.32
CLM014799,BILL019707,PAT00484,FAC003,DEP005,Niva Bupa,2025-03-01,546.02,Under Review,Not Applicable,2025-03-13,0.0,546.02
CLM014801,BILL019710,PAT03405,FAC004,DEP001,Niva Bupa,2025-09-16,1393.49,Approved,Not Applicable,2025-10-16,1244.48,149.01
CLM014803,BILL019712,PAT08452,FAC003,DEP008,ICICI Lombard,2025-01-07,1718.06,Paid,Not Applicable,2025-01-18,1711.47,6.59
CLM014804,BILL019713,PAT02251,FAC001,DEP001,ICICI Lombard,2025-08-09,1782.97,Denied,Missing Documentation,2025-08-26,0.0,1782.97
CLM014805,BILL019714,PAT08986,FAC003,DEP001,Care Health,2025-02-26,1100.58,Denied,Eligibility Issue,2025-03-04,0.0,1100.58
CLM014816,BILL019726,PAT08274,FAC005,DEP003,Star Health,2025-04-14,362.97,Approved,Not Applicable,2025-05-12,355.6,7.37
CLM014820,BILL019730,PAT05564,FAC001,DEP004,HDFC ERGO,2025-11-30,1372.13,Paid,Not Applicable,2025-12-13,1281.52,90.61
CLM014828,BILL019740,PAT07110,FAC002,DEP001,Star Health,2025-05-17,1644.43,Denied,Eligibility Issue,2025-06-02,0.0,1644.43
CLM014836,BILL019749,PAT08780,FAC001,DEP001,Care Health,2025-05-28,1253.54,Paid,Not Applicable,2025-06-25,1213.6,39.94
CLM014838,BILL019752,PAT07502,FAC001,DEP002,Niva Bupa,2025-08-12,770.4,Paid,Not Applicable,2025-08-31,725.26,45.14
CLM014841,BILL019758,PAT01870,FAC002,DEP005,Niva Bupa,2025-02-18,566.9,Paid,Not Applicable,2025-03-17,529.68,37.22
CLM014846,BILL019766,PAT05045,FAC003,DEP007,Star Health,2025-09-30,466.02,Paid,Not Applicable,2025-10-11,456.79,9.23
CLM014847,BILL019767,PAT01454,FAC002,DEP002,Star Health,2025-12-03,1163.09,Pending,Not Applicable,2026-01-17,0.0,1163.09
CLM014848,BILL019768,PAT08197,FAC001,DEP002,Star Health,2025-08-27,789.0,Approved,Not Applicable,2025-09-12,678.84,110.16
CLM014858,BILL019779,PAT06030,FAC004,DEP005,ICICI Lombard,2025-10-02,416.07,Pending,Not Applicable,2025-10-15,0.0,416.07
CLM014859,BILL019780,PAT02343,FAC004,DEP006,Care Health,2025-03-15,789.5,Approved,Not Applicable,2025-03-26,727.72,61.78
CLM014873,BILL019796,PAT05788,FAC003,DEP005,Care Health,2025-09-06,469.3,Approved,Not Applicable,2025-09-20,431.62,37.68
CLM014875,BILL019798,PAT04879,FAC001,DEP005,Star Health,2025-11-26,306.62,Approved,Not Applicable,2025-12-26,262.01,44.61
CLM014880,BILL019804,PAT03405,FAC005,DEP005,Niva Bupa,2025-12-25,722.87,Paid,Not Applicable,2026-01-03,712.56,10.31
CLM014891,BILL019819,PAT06835,FAC004,DEP005,HDFC ERGO,2025-02-16,446.24,Paid,Not Applicable,2025-03-07,427.16,19.08
CLM014899,BILL019828,PAT07751,FAC001,DEP002,ICICI Lombard,2025-12-14,761.85,Under Review,Not Applicable,2026-01-12,0.0,761.85
CLM014906,BILL019835,PAT03785,FAC002,DEP006,Care Health,2025-12-22,854.5,Paid,Not Applicable,2026-01-13,790.13,64.37
CLM014916,BILL019850,PAT02151,FAC001,DEP008,HDFC ERGO,2025-07-10,1472.49,Under Review,Not Applicable,2025-08-04,0.0,1472.49
CLM014925,BILL019861,PAT04150,FAC002,DEP005,HDFC ERGO,2025-02-05,721.03,Approved,Not Applicable,2025-03-02,695.5,25.53
CLM014927,BILL019864,PAT03546,FAC002,DEP005,ICICI Lombard,2025-12-13,591.79,Approved,Not Applicable,2025-12-24,531.08,60.71
CLM014933,BILL019874,PAT02129,FAC004,DEP005,Star Health,2025-12-02,588.67,Under Review,Not Applicable,2025-12-23,0.0,588.67
CLM014937,BILL019881,PAT03269,FAC004,DEP001,Care Health,2025-03-29,1322.94,Denied,Coding Error,2025-04-13,0.0,1322.94
CLM014938,BILL019882,PAT08918,FAC005,DEP007,Star Health,2025-07-22,649.8,Paid,Not Applicable,2025-08-15,611.65,38.15
CLM014939,BILL019883,PAT08696,FAC004,DEP005,HDFC ERGO,2025-12-12,384.4,Paid,Not Applicable,2026-01-01,363.23,21.17
CLM014943,BILL019887,PAT05889,FAC003,DEP007,HDFC ERGO,2025-06-11,651.08,Approved,Not Applicable,2025-07-06,615.89,35.19
CLM014958,BILL019908,PAT03102,FAC004,DEP001,HDFC ERGO,2025-10-15,561.34,Approved,Not Applicable,2025-10-22,538.06,23.28
CLM014963,BILL019914,PAT04456,FAC002,DEP002,Care Health,2025-04-29,795.83,Denied,Duplicate Claim,2025-05-20,0.0,795.83
CLM014969,BILL019922,PAT00625,FAC003,DEP001,HDFC ERGO,2025-04-18,1475.84,Approved,Not Applicable,2025-05-12,1299.72,176.12
CLM014973,BILL019927,PAT02348,FAC003,DEP001,Care Health,2025-11-23,699.89,Paid,Not Applicable,2025-12-11,650.47,49.42
CLM014979,BILL019939,PAT02630,FAC005,DEP003,Star Health,2025-03-09,898.47,Pending,Not Applicable,2025-04-12,0.0,898.47
CLM014982,BILL019944,PAT08262,FAC001,DEP001,Niva Bupa,2025-10-03,1529.29,Paid,Not Applicable,2025-10-10,1442.77,86.52
CLM014986,BILL019948,PAT00170,FAC003,DEP005,Star Health,2025-11-16,578.8,Denied,Duplicate Claim,2025-11-23,0.0,578.8
CLM014987,BILL019949,PAT03834,FAC004,DEP001,Star Health,2025-11-11,1532.8,Paid,Not Applicable,2025-11-27,1503.23,29.57
CLM014989,BILL019951,PAT06331,FAC001,DEP003,ICICI Lombard,2025-06-12,855.81,Under Review,Not Applicable,2025-06-28,0.0,855.81
CLM014991,BILL019954,PAT03166,FAC002,DEP007,Care Health,2025-09-05,620.89,Pending,Not Applicable,2025-10-04,0.0,620.89
CLM014992,BILL019955,PAT08599,FAC003,DEP003,ICICI Lombard,2025-12-19,513.68,Paid,Not Applicable,2026-01-18,477.63,36.05
CLM014993,BILL019956,PAT00430,FAC001,DEP008,Niva Bupa,2025-12-22,787.32,Paid,Not Applicable,2025-12-30,780.71,6.61
CLM014999,BILL019967,PAT06139,FAC002,DEP001,ICICI Lombard,2025-10-30,1661.44,Paid,Not Applicable,2025-11-20,1660.04,1.4
CLM015015,BILL019992,PAT01311,FAC003,DEP005,Care Health,2025-11-05,505.39,Denied,Duplicate Claim,2025-11-26,0.0,505.39
CLM015018,BILL019996,PAT01534,FAC002,DEP001,Care Health,2025-02-26,1294.19,Paid,Not Applicable,2025-03-07,1196.06,98.13
CLM015030,BILL020016,PAT09516,FAC004,DEP002,HDFC ERGO,2025-02-25,859.66,Paid,Not Applicable,2025-03-23,839.86,19.8
CLM015033,BILL020020,PAT09965,FAC002,DEP001,Care Health,2025-01-21,1489.56,Pending,Not Applicable,2025-02-21,0.0,1489.56
CLM015037,BILL020026,PAT02999,FAC003,DEP001,HDFC ERGO,2025-08-27,1601.27,Pending,Not Applicable,2025-09-14,0.0,1601.27
CLM015040,BILL020030,PAT07349,FAC002,DEP006,HDFC ERGO,2025-03-07,662.38,Paid,Not Applicable,2025-03-28,642.42,19.96
CLM015043,BILL020037,PAT02026,FAC001,DEP001,ICICI Lombard,2025-12-05,1169.36,Denied,Eligibility Issue,2025-12-22,0.0,1169.36
CLM015045,BILL020039,PAT09587,FAC002,DEP005,Care Health,2025-09-22,830.34,Approved,Not Applicable,2025-10-04,823.5,6.84
CLM015047,BILL020043,PAT08983,FAC004,DEP002,HDFC ERGO,2025-10-29,1101.27,Denied,Coding Error,2025-11-05,0.0,1101.27
CLM015052,BILL020049,PAT00114,FAC005,DEP006,Star Health,2025-06-06,599.29,Pending,Not Applicable,2025-07-02,0.0,599.29
CLM015053,BILL020051,PAT09839,FAC002,DEP005,HDFC ERGO,2025-02-23,449.08,Pending,Not Applicable,2025-03-18,0.0,449.08
CLM015054,BILL020053,PAT00151,FAC003,DEP007,Star Health,2025-06-09,640.18,Paid,Not Applicable,2025-07-01,625.53,14.65
CLM015058,BILL020063,PAT09489,FAC001,DEP003,HDFC ERGO,2025-11-07,758.79,Pending,Not Applicable,2025-11-24,0.0,758.79
CLM015059,BILL020064,PAT05693,FAC001,DEP005,HDFC ERGO,2025-07-30,583.21,Under Review,Not Applicable,2025-08-28,0.0,583.21
CLM015060,BILL020065,PAT01458,FAC001,DEP001,HDFC ERGO,2025-01-12,1048.04,Approved,Not Applicable,2025-02-08,1013.6,34.44
CLM015063,BILL020069,PAT07502,FAC005,DEP006,HDFC ERGO,2025-09-19,660.78,Paid,Not Applicable,2025-10-14,616.36,44.42
CLM015069,BILL020078,PAT05475,FAC002,DEP002,ICICI Lombard,2026-01-03,857.29,Approved,Not Applicable,2026-01-24,785.28,72.01
CLM015071,BILL020080,PAT04230,FAC005,DEP006,ICICI Lombard,2025-12-08,636.15,Under Review,Not Applicable,2026-01-13,0.0,636.15
CLM015072,BILL020081,PAT00201,FAC001,DEP005,Star Health,2025-01-03,427.24,Pending,Not Applicable,2025-02-04,0.0,427.24
CLM015073,BILL020082,PAT03456,FAC001,DEP005,Care Health,2025-03-04,287.67,Approved,Not Applicable,2025-04-02,249.92,37.75
CLM015075,BILL020084,PAT04680,FAC001,DEP002,Care Health,2025-04-19,888.78,Under Review,Not Applicable,2025-05-23,0.0,888.78
CLM015078,BILL020088,PAT06348,FAC001,DEP001,Care Health,2025-02-13,631.5,Pending,Not Applicable,2025-03-12,0.0,631.5
CLM015079,BILL020089,PAT08388,FAC005,DEP001,Star Health,2025-04-30,1492.34,Paid,Not Applicable,2025-05-21,1416.82,75.52
CLM015082,BILL020092,PAT09662,FAC001,DEP002,Star Health,2025-07-03,1184.78,Approved,Not Applicable,2025-07-30,1022.75,162.03
CLM015083,BILL020093,PAT07650,FAC003,DEP001,Star Health,2025-02-24,1539.76,Approved,Not Applicable,2025-03-05,1399.55,140.21
CLM015085,BILL020095,PAT09190,FAC001,DEP003,Star Health,2025-08-21,673.88,Paid,Not Applicable,2025-09-06,621.39,52.49
CLM015087,BILL020099,PAT03022,FAC003,DEP001,Niva Bupa,2025-10-29,1334.76,Approved,Not Applicable,2025-11-06,1209.52,125.24
CLM015097,BILL020111,PAT08547,FAC003,DEP001,ICICI Lombard,2025-12-07,828.76,Approved,Not Applicable,2025-12-27,710.46,118.3
CLM015098,BILL020112,PAT04070,FAC001,DEP004,Care Health,2025-08-30,1367.5,Paid,Not Applicable,2025-09-22,1304.71,62.79
CLM015103,BILL020117,PAT01724,FAC002,DEP006,Star Health,2025-08-29,418.52,Approved,Not Applicable,2025-09-09,359.97,58.55
CLM015107,BILL020123,PAT08411,FAC002,DEP002,Care Health,2025-12-04,842.35,Approved,Not Applicable,2025-12-25,786.13,56.22
CLM015109,BILL020125,PAT04722,FAC005,DEP001,ICICI Lombard,2025-10-09,1032.94,Pending,Not Applicable,2025-11-16,0.0,1032.94
CLM015111,BILL020128,PAT03430,FAC004,DEP005,Niva Bupa,2025-10-14,695.95,Pending,Not Applicable,2025-10-26,0.0,695.95
CLM015112,BILL020129,PAT00182,FAC004,DEP002,ICICI Lombard,2025-10-19,918.04,Pending,Not Applicable,2025-11-11,0.0,918.04
CLM015114,BILL020131,PAT05748,FAC005,DEP005,Care Health,2025-11-14,476.13,Paid,Not Applicable,2025-12-01,459.94,16.19
CLM015125,BILL020148,PAT01808,FAC003,DEP001,HDFC ERGO,2025-08-17,1508.46,Paid,Not Applicable,2025-08-29,1498.1,10.36
CLM015130,BILL020154,PAT03920,FAC004,DEP006,Niva Bupa,2025-07-03,533.58,Pending,Not Applicable,2025-07-14,0.0,533.58
CLM015133,BILL020157,PAT01108,FAC003,DEP007,Niva Bupa,2025-08-20,575.11,Paid,Not Applicable,2025-08-27,545.46,29.65
CLM015134,BILL020158,PAT07045,FAC003,DEP008,Star Health,2025-01-03,1208.44,Approved,Not Applicable,2025-01-18,1178.79,29.65
CLM015141,BILL020166,PAT04867,FAC004,DEP001,Star Health,2025-01-25,836.29,Paid,Not Applicable,2025-02-23,832.77,3.52
CLM015142,BILL020168,PAT01800,FAC004,DEP001,HDFC ERGO,2025-06-26,1174.74,Paid,Not Applicable,2025-07-07,1118.21,56.53
CLM015149,BILL020176,PAT09080,FAC004,DEP002,ICICI Lombard,2025-01-13,633.45,Paid,Not Applicable,2025-02-05,609.05,24.4
CLM015151,BILL020178,PAT04148,FAC002,DEP007,HDFC ERGO,2025-09-30,663.06,Paid,Not Applicable,2025-10-12,623.97,39.09
CLM015157,BILL020187,PAT02639,FAC004,DEP002,Star Health,2025-06-11,787.77,Under Review,Not Applicable,2025-06-27,0.0,787.77
CLM015167,BILL020201,PAT01088,FAC003,DEP005,Niva Bupa,2025-11-16,454.0,Paid,Not Applicable,2025-12-04,444.46,9.54
CLM015169,BILL020204,PAT04520,FAC002,DEP005,ICICI Lombard,2025-05-24,442.67,Approved,Not Applicable,2025-06-04,432.96,9.71
CLM015174,BILL020213,PAT08243,FAC005,DEP001,HDFC ERGO,2025-07-22,1391.24,Denied,Duplicate Claim,2025-08-08,0.0,1391.24
CLM015175,BILL020214,PAT04376,FAC004,DEP001,Niva Bupa,2025-07-13,1649.66,Approved,Not Applicable,2025-07-26,1525.88,123.78
CLM015189,BILL020232,PAT06313,FAC001,DEP002,HDFC ERGO,2025-09-14,635.22,Approved,Not Applicable,2025-09-20,602.26,32.96
CLM015192,BILL020237,PAT07815,FAC002,DEP007,HDFC ERGO,2025-03-08,811.39,Approved,Not Applicable,2025-03-31,762.26,49.13
CLM015203,BILL020249,PAT07682,FAC004,DEP006,Care Health,2025-10-13,676.38,Under Review,Not Applicable,2025-10-25,0.0,676.38
CLM015205,BILL020252,PAT08274,FAC002,DEP007,Star Health,2025-12-07,389.14,Under Review,Not Applicable,2026-01-09,0.0,389.14
CLM015207,BILL020254,PAT04867,FAC001,DEP001,Star Health,2025-12-31,1294.62,Under Review,Not Applicable,2026-02-11,0.0,1294.62
CLM015224,BILL020281,PAT07454,FAC004,DEP006,ICICI Lombard,2025-02-04,457.83,Pending,Not Applicable,2025-02-23,0.0,457.83
CLM015227,BILL020286,PAT06260,FAC002,DEP001,Care Health,2025-12-18,783.36,Denied,Missing Documentation,2026-01-01,0.0,783.36
CLM015228,BILL020288,PAT01088,FAC003,DEP001,ICICI Lombard,2025-02-27,1730.53,Denied,Coding Error,2025-03-13,0.0,1730.53
CLM015230,BILL020292,PAT00593,FAC001,DEP001,Care Health,2025-11-05,1332.51,Paid,Not Applicable,2025-11-15,1304.11,28.4
CLM015231,BILL020294,PAT03496,FAC003,DEP001,HDFC ERGO,2025-04-13,1027.39,Pending,Not Applicable,2025-05-20,0.0,1027.39
CLM015233,BILL020299,PAT02877,FAC001,DEP002,Care Health,2026-01-01,1137.1,Paid,Not Applicable,2026-01-21,1121.27,15.83
CLM015237,BILL020304,PAT02996,FAC005,DEP001,Niva Bupa,2025-04-28,995.22,Paid,Not Applicable,2025-05-06,921.84,73.38
CLM015238,BILL020305,PAT00654,FAC003,DEP005,Star Health,2025-12-05,330.22,Paid,Not Applicable,2025-12-13,308.77,21.45
CLM015239,BILL020306,PAT03121,FAC003,DEP005,HDFC ERGO,2025-12-08,582.26,Paid,Not Applicable,2026-01-07,557.33,24.93
CLM015244,BILL020311,PAT06335,FAC004,DEP006,ICICI Lombard,2025-10-25,462.63,Under Review,Not Applicable,2025-12-05,0.0,462.63
CLM015245,BILL020312,PAT06144,FAC002,DEP007,Niva Bupa,2025-05-19,360.64,Pending,Not Applicable,2025-06-07,0.0,360.64
CLM015246,BILL020315,PAT02440,FAC001,DEP002,ICICI Lombard,2025-02-06,238.12,Pending,Not Applicable,2025-02-23,0.0,238.12
CLM015259,BILL020339,PAT02958,FAC004,DEP005,ICICI Lombard,2025-11-04,492.06,Under Review,Not Applicable,2025-12-13,0.0,492.06
CLM015261,BILL020342,PAT05021,FAC003,DEP003,Niva Bupa,2025-09-01,557.4,Denied,Duplicate Claim,2025-09-20,0.0,557.4
CLM015263,BILL020345,PAT07573,FAC004,DEP006,ICICI Lombard,2025-11-24,962.42,Pending,Not Applicable,2025-12-15,0.0,962.42
CLM015265,BILL020348,PAT01434,FAC002,DEP002,Star Health,2025-10-15,667.12,Under Review,Not Applicable,2025-10-29,0.0,667.12
CLM015271,BILL020354,PAT04862,FAC002,DEP007,Star Health,2025-02-12,735.98,Approved,Not Applicable,2025-03-01,706.66,29.32
CLM015279,BILL020366,PAT01035,FAC001,DEP001,Niva Bupa,2025-01-25,1784.21,Approved,Not Applicable,2025-02-19,1617.02,167.19
CLM015283,BILL020372,PAT05555,FAC001,DEP001,Star Health,2025-10-21,1059.3,Paid,Not Applicable,2025-11-08,1047.0,12.3
CLM015285,BILL020374,PAT04591,FAC001,DEP001,HDFC ERGO,2025-06-26,1536.52,Paid,Not Applicable,2025-07-21,1507.68,28.84
CLM015294,BILL020385,PAT05814,FAC002,DEP002,HDFC ERGO,2025-07-07,1014.77,Paid,Not Applicable,2025-07-15,998.33,16.44
CLM015305,BILL020399,PAT04709,FAC003,DEP005,ICICI Lombard,2025-04-04,399.62,Pending,Not Applicable,2025-04-23,0.0,399.62
CLM015312,BILL020409,PAT08169,FAC003,DEP003,ICICI Lombard,2025-07-23,702.44,Denied,Policy Exclusion,2025-08-07,0.0,702.44
CLM015320,BILL020419,PAT06949,FAC001,DEP008,Star Health,2025-05-28,994.02,Approved,Not Applicable,2025-06-10,919.57,74.45
CLM015326,BILL020426,PAT09282,FAC002,DEP001,Star Health,2025-02-17,1377.72,Approved,Not Applicable,2025-03-10,1247.49,130.23
CLM015331,BILL020433,PAT08958,FAC002,DEP001,Niva Bupa,2025-03-14,827.24,Denied,Duplicate Claim,2025-03-23,0.0,827.24
CLM015332,BILL020435,PAT07309,FAC003,DEP001,ICICI Lombard,2025-06-01,1184.16,Denied,Authorization Missing,2025-06-11,0.0,1184.16
CLM015335,BILL020439,PAT03493,FAC002,DEP006,Care Health,2025-08-03,852.09,Paid,Not Applicable,2025-08-19,815.72,36.37
CLM015337,BILL020441,PAT05873,FAC004,DEP002,Star Health,2025-05-21,892.17,Pending,Not Applicable,2025-06-19,0.0,892.17
CLM015340,BILL020444,PAT01035,FAC002,DEP006,HDFC ERGO,2025-07-22,1160.7,Approved,Not Applicable,2025-07-31,1074.96,85.74
CLM015354,BILL020463,PAT03997,FAC005,DEP001,HDFC ERGO,2025-09-29,1500.25,Under Review,Not Applicable,2025-11-02,0.0,1500.25
CLM015362,BILL020476,PAT03706,FAC001,DEP001,Care Health,2025-06-23,1106.76,Approved,Not Applicable,2025-06-30,1098.6,8.16
CLM015364,BILL020478,PAT08115,FAC004,DEP001,ICICI Lombard,2025-02-28,1472.32,Approved,Not Applicable,2025-03-15,1401.15,71.17
CLM015368,BILL020484,PAT09913,FAC004,DEP005,Niva Bupa,2025-09-24,632.38,Approved,Not Applicable,2025-09-29,631.67,0.71
CLM015370,BILL020486,PAT07536,FAC005,DEP003,HDFC ERGO,2025-02-13,824.26,Under Review,Not Applicable,2025-02-24,0.0,824.26
CLM015372,BILL020488,PAT03636,FAC001,DEP004,ICICI Lombard,2025-04-13,1071.82,Approved,Not Applicable,2025-04-21,919.48,152.34
CLM015376,BILL020495,PAT02808,FAC001,DEP002,ICICI Lombard,2025-06-30,881.22,Pending,Not Applicable,2025-07-14,0.0,881.22
CLM015377,BILL020496,PAT02808,FAC005,DEP003,Niva Bupa,2025-06-24,600.27,Pending,Not Applicable,2025-07-21,0.0,600.27
CLM015382,BILL020501,PAT01019,FAC001,DEP002,HDFC ERGO,2025-07-04,989.95,Paid,Not Applicable,2025-07-17,980.67,9.28
CLM015385,BILL020504,PAT00377,FAC003,DEP001,ICICI Lombard,2025-09-19,1237.8,Approved,Not Applicable,2025-10-15,1071.32,166.48
CLM015395,BILL020517,PAT08736,FAC004,DEP001,Care Health,2025-02-08,1120.76,Approved,Not Applicable,2025-02-20,1064.74,56.02
CLM015403,BILL020527,PAT03972,FAC001,DEP001,Star Health,2025-10-17,538.34,Paid,Not Applicable,2025-11-03,502.19,36.15
CLM015405,BILL020529,PAT05283,FAC003,DEP005,Star Health,2025-07-20,364.68,Paid,Not Applicable,2025-08-04,344.63,20.05
CLM015415,BILL020543,PAT01563,FAC001,DEP001,Care Health,2025-12-28,1402.7,Pending,Not Applicable,2026-02-09,0.0,1402.7
CLM015420,BILL020550,PAT09678,FAC003,DEP003,Niva Bupa,2025-06-30,570.66,Approved,Not Applicable,2025-07-23,487.97,82.69
CLM015421,BILL020551,PAT03480,FAC005,DEP007,ICICI Lombard,2025-03-03,739.89,Under Review,Not Applicable,2025-03-24,0.0,739.89
CLM015425,BILL020555,PAT07884,FAC004,DEP007,ICICI Lombard,2025-02-24,695.71,Denied,Eligibility Issue,2025-03-06,0.0,695.71
CLM015438,BILL020572,PAT03456,FAC005,DEP001,Niva Bupa,2025-06-07,1539.62,Pending,Not Applicable,2025-07-21,0.0,1539.62
CLM015441,BILL020576,PAT01374,FAC004,DEP001,Star Health,2025-12-10,1454.29,Approved,Not Applicable,2025-12-19,1443.33,10.96
CLM015442,BILL020577,PAT03551,FAC005,DEP001,HDFC ERGO,2025-02-28,1199.1,Denied,Policy Exclusion,2025-03-06,0.0,1199.1
CLM015448,BILL020584,PAT04696,FAC002,DEP005,ICICI Lombard,2025-10-03,438.96,Pending,Not Applicable,2025-11-02,0.0,438.96
CLM015451,BILL020587,PAT08178,FAC002,DEP005,Star Health,2025-12-08,276.32,Pending,Not Applicable,2026-01-16,0.0,276.32
CLM015452,BILL020589,PAT02413,FAC003,DEP001,ICICI Lombard,2025-02-09,1277.51,Pending,Not Applicable,2025-02-26,0.0,1277.51
CLM015463,BILL020601,PAT02456,FAC001,DEP002,ICICI Lombard,2025-05-07,680.78,Approved,Not Applicable,2025-06-05,628.09,52.69
CLM015465,BILL020604,PAT04251,FAC001,DEP008,Care Health,2025-05-22,1722.88,Pending,Not Applicable,2025-07-04,0.0,1722.88
CLM015469,BILL020610,PAT04099,FAC001,DEP001,Niva Bupa,2025-03-10,1959.4,Under Review,Not Applicable,2025-04-17,0.0,1959.4
CLM015479,BILL020625,PAT03376,FAC002,DEP001,Care Health,2025-01-07,1629.84,Pending,Not Applicable,2025-02-19,0.0,1629.84
CLM015487,BILL020637,PAT05839,FAC002,DEP002,HDFC ERGO,2025-11-14,787.58,Paid,Not Applicable,2025-12-13,766.19,21.39
CLM015506,BILL020662,PAT01698,FAC001,DEP008,Star Health,2025-10-17,1636.41,Denied,Eligibility Issue,2025-10-21,0.0,1636.41
CLM015513,BILL020673,PAT09800,FAC002,DEP002,Niva Bupa,2025-07-15,1204.87,Pending,Not Applicable,2025-08-11,0.0,1204.87
CLM015515,BILL020675,PAT08197,FAC002,DEP005,Star Health,2025-04-16,440.06,Paid,Not Applicable,2025-04-28,432.85,7.21
CLM015517,BILL020678,PAT05795,FAC004,DEP002,Star Health,2025-04-04,694.04,Paid,Not Applicable,2025-04-13,686.56,7.48
CLM015518,BILL020679,PAT03510,FAC002,DEP005,HDFC ERGO,2025-01-23,528.16,Pending,Not Applicable,2025-02-16,0.0,528.16
CLM015524,BILL020685,PAT03955,FAC003,DEP007,ICICI Lombard,2025-01-27,825.31,Under Review,Not Applicable,2025-02-21,0.0,825.31
CLM015525,BILL020686,PAT04871,FAC001,DEP005,Star Health,2025-08-29,608.61,Approved,Not Applicable,2025-09-24,561.26,47.35
CLM015536,BILL020697,PAT09333,FAC005,DEP003,Star Health,2025-06-20,577.14,Pending,Not Applicable,2025-07-30,0.0,577.14
CLM015537,BILL020698,PAT05614,FAC002,DEP001,HDFC ERGO,2025-10-01,1013.53,Under Review,Not Applicable,2025-10-17,0.0,1013.53
CLM015538,BILL020699,PAT07403,FAC001,DEP004,Care Health,2025-12-10,1121.74,Pending,Not Applicable,2026-01-07,0.0,1121.74
CLM015543,BILL020706,PAT03781,FAC003,DEP007,HDFC ERGO,2025-05-21,525.38,Under Review,Not Applicable,2025-07-01,0.0,525.38
CLM015546,BILL020709,PAT04098,FAC004,DEP005,Niva Bupa,2025-08-08,610.44,Denied,Eligibility Issue,2025-08-24,0.0,610.44
CLM015547,BILL020710,PAT00426,FAC003,DEP001,Star Health,2025-09-09,1375.39,Denied,Coding Error,2025-09-30,0.0,1375.39
CLM015549,BILL020713,PAT04951,FAC005,DEP003,Care Health,2025-08-01,707.4,Approved,Not Applicable,2025-08-16,650.5,56.9
CLM015550,BILL020714,PAT06476,FAC003,DEP003,HDFC ERGO,2025-05-14,248.87,Approved,Not Applicable,2025-06-07,232.4,16.47
CLM015557,BILL020725,PAT08747,FAC004,DEP002,Care Health,2025-08-14,891.59,Paid,Not Applicable,2025-08-24,835.04,56.55
CLM015559,BILL020728,PAT06889,FAC005,DEP001,HDFC ERGO,2025-04-22,1213.8,Pending,Not Applicable,2025-05-02,0.0,1213.8
CLM015561,BILL020730,PAT01651,FAC003,DEP001,Star Health,2025-11-05,2165.41,Approved,Not Applicable,2025-11-24,1915.75,249.66
CLM015563,BILL020732,PAT09678,FAC002,DEP002,HDFC ERGO,2025-03-25,699.13,Denied,Authorization Missing,2025-03-29,0.0,699.13
CLM015565,BILL020738,PAT09614,FAC005,DEP003,Star Health,2025-06-17,557.28,Approved,Not Applicable,2025-07-03,537.96,19.32
CLM015569,BILL020745,PAT05924,FAC005,DEP001,Care Health,2025-10-31,1363.07,Pending,Not Applicable,2025-11-16,0.0,1363.07
CLM015570,BILL020746,PAT04035,FAC005,DEP001,Star Health,2025-05-06,1548.94,Paid,Not Applicable,2025-05-27,1456.3,92.64
CLM015583,BILL020765,PAT06922,FAC005,DEP006,Care Health,2025-06-02,815.96,Approved,Not Applicable,2025-06-11,811.9,4.06
CLM015584,BILL020766,PAT02639,FAC003,DEP003,Niva Bupa,2025-07-10,909.37,Paid,Not Applicable,2025-08-01,866.06,43.31
CLM015587,BILL020770,PAT05708,FAC004,DEP007,Star Health,2025-09-11,884.09,Under Review,Not Applicable,2025-09-29,0.0,884.09
CLM015591,BILL020775,PAT02665,FAC001,DEP001,ICICI Lombard,2025-06-14,688.74,Paid,Not Applicable,2025-07-01,668.01,20.73
CLM015595,BILL020780,PAT04221,FAC002,DEP005,HDFC ERGO,2025-09-20,342.96,Approved,Not Applicable,2025-10-13,341.82,1.14
CLM015603,BILL020793,PAT02702,FAC003,DEP001,Niva Bupa,2025-04-05,1164.82,Paid,Not Applicable,2025-05-02,1160.42,4.4
CLM015605,BILL020796,PAT06649,FAC001,DEP008,ICICI Lombard,2025-06-21,2780.78,Approved,Not Applicable,2025-06-28,2751.41,29.37
CLM015608,BILL020801,PAT06152,FAC003,DEP005,Star Health,2025-05-13,569.08,Paid,Not Applicable,2025-06-02,528.1,40.98
CLM015612,BILL020811,PAT05986,FAC004,DEP004,Care Health,2025-05-27,912.07,Approved,Not Applicable,2025-06-12,901.51,10.56
CLM015618,BILL020820,PAT02141,FAC005,DEP008,Star Health,2025-12-04,1606.72,Approved,Not Applicable,2025-12-27,1493.36,113.36
CLM015622,BILL020826,PAT04919,FAC002,DEP001,ICICI Lombard,2025-10-11,1710.4,Approved,Not Applicable,2025-10-23,1681.16,29.24
CLM015628,BILL020837,PAT04527,FAC005,DEP001,Star Health,2025-05-31,797.18,Approved,Not Applicable,2025-06-18,677.91,119.27
CLM015633,BILL020844,PAT00028,FAC002,DEP002,Star Health,2025-02-16,1126.4,Pending,Not Applicable,2025-03-08,0.0,1126.4
CLM015635,BILL020846,PAT01373,FAC004,DEP002,Star Health,2025-06-10,793.22,Paid,Not Applicable,2025-06-19,747.71,45.51
CLM015638,BILL020849,PAT09114,FAC001,DEP008,Star Health,2025-05-03,2176.34,Paid,Not Applicable,2025-05-30,2152.81,23.53
CLM015652,BILL020867,PAT03882,FAC003,DEP001,Niva Bupa,2025-06-08,1221.4,Paid,Not Applicable,2025-06-28,1215.6,5.8
CLM015659,BILL020874,PAT06909,FAC003,DEP007,ICICI Lombard,2025-07-16,492.84,Paid,Not Applicable,2025-08-04,480.72,12.12
CLM015685,BILL020914,PAT06707,FAC004,DEP001,ICICI Lombard,2025-04-17,1489.33,Approved,Not Applicable,2025-05-09,1351.95,137.38
CLM015694,BILL020924,PAT04098,FAC005,DEP008,Niva Bupa,2025-10-07,1338.08,Under Review,Not Applicable,2025-11-05,0.0,1338.08
CLM015696,BILL020926,PAT06351,FAC001,DEP002,HDFC ERGO,2025-12-15,1194.93,Approved,Not Applicable,2026-01-14,1092.08,102.85
CLM015697,BILL020929,PAT03820,FAC001,DEP002,ICICI Lombard,2025-10-14,1055.23,Paid,Not Applicable,2025-10-28,1051.78,3.45
CLM015703,BILL020935,PAT05404,FAC004,DEP007,Star Health,2025-12-02,594.75,Approved,Not Applicable,2025-12-18,576.1,18.65
CLM015704,BILL020936,PAT06460,FAC003,DEP005,ICICI Lombard,2025-05-12,471.15,Paid,Not Applicable,2025-05-31,461.35,9.8
CLM015718,BILL020955,PAT01248,FAC005,DEP006,HDFC ERGO,2025-05-07,700.35,Denied,Missing Documentation,2025-05-17,0.0,700.35
CLM015720,BILL020959,PAT08099,FAC004,DEP001,HDFC ERGO,2025-06-21,1149.92,Approved,Not Applicable,2025-07-12,1088.19,61.73
CLM015728,BILL020969,PAT06046,FAC003,DEP008,Care Health,2025-12-11,1324.64,Approved,Not Applicable,2026-01-10,1167.72,156.92
CLM015732,BILL020973,PAT04329,FAC004,DEP001,ICICI Lombard,2025-11-08,1423.16,Paid,Not Applicable,2025-11-15,1371.42,51.74
CLM015747,BILL020991,PAT03548,FAC004,DEP006,ICICI Lombard,2025-07-28,848.3,Pending,Not Applicable,2025-08-16,0.0,848.3
CLM015755,BILL021004,PAT09469,FAC004,DEP006,ICICI Lombard,2025-09-24,738.27,Under Review,Not Applicable,2025-10-06,0.0,738.27
CLM015762,BILL021014,PAT08383,FAC001,DEP004,ICICI Lombard,2025-08-12,1123.0,Approved,Not Applicable,2025-08-30,965.54,157.46
CLM015773,BILL021029,PAT08938,FAC004,DEP005,Star Health,2025-06-26,566.31,Under Review,Not Applicable,2025-07-08,0.0,566.31
CLM015774,BILL021030,PAT09616,FAC002,DEP002,Care Health,2025-08-17,812.59,Pending,Not Applicable,2025-09-17,0.0,812.59
CLM015775,BILL021031,PAT09020,FAC004,DEP002,Star Health,2025-01-16,1286.6,Under Review,Not Applicable,2025-02-09,0.0,1286.6
CLM015777,BILL021033,PAT04194,FAC004,DEP002,HDFC ERGO,2025-02-23,724.89,Approved,Not Applicable,2025-03-15,686.48,38.41
CLM015779,BILL021035,PAT07530,FAC004,DEP001,ICICI Lombard,2025-03-28,1349.73,Paid,Not Applicable,2025-04-04,1261.78,87.95
CLM015787,BILL021046,PAT09238,FAC002,DEP006,Star Health,2025-06-30,688.52,Approved,Not Applicable,2025-07-05,682.47,6.05
CLM015794,BILL021054,PAT08671,FAC005,DEP006,Star Health,2025-01-31,791.65,Paid,Not Applicable,2025-02-06,737.74,53.91
CLM015795,BILL021056,PAT00922,FAC004,DEP006,Niva Bupa,2025-07-01,627.04,Approved,Not Applicable,2025-07-08,576.47,50.57
CLM015798,BILL021059,PAT09921,FAC002,DEP005,Care Health,2025-11-13,356.99,Denied,Missing Documentation,2025-11-23,0.0,356.99
CLM015800,BILL021061,PAT08407,FAC004,DEP002,HDFC ERGO,2025-05-19,1108.44,Paid,Not Applicable,2025-05-30,1050.52,57.92
CLM015812,BILL021075,PAT08137,FAC002,DEP005,HDFC ERGO,2025-01-24,500.35,Approved,Not Applicable,2025-02-15,484.18,16.17
CLM015824,BILL021097,PAT05362,FAC005,DEP007,Care Health,2025-03-01,683.45,Approved,Not Applicable,2025-03-22,602.7,80.75
CLM015832,BILL021109,PAT07815,FAC004,DEP002,ICICI Lombard,2025-06-19,884.34,Paid,Not Applicable,2025-06-25,821.94,62.4
CLM015843,BILL021124,PAT07794,FAC001,DEP004,Niva Bupa,2025-11-03,1090.56,Paid,Not Applicable,2025-11-13,1051.7,38.86
CLM015844,BILL021127,PAT00096,FAC004,DEP007,Star Health,2025-05-22,263.79,Paid,Not Applicable,2025-06-20,246.03,17.76
CLM015850,BILL021133,PAT02996,FAC001,DEP008,Star Health,2025-07-12,1115.97,Approved,Not Applicable,2025-08-02,952.03,163.94
CLM015854,BILL021137,PAT09521,FAC005,DEP008,Care Health,2025-02-10,1450.36,Approved,Not Applicable,2025-02-28,1285.86,164.5
CLM015861,BILL021148,PAT02158,FAC004,DEP002,Star Health,2025-10-28,837.34,Approved,Not Applicable,2025-11-11,820.24,17.1
CLM015863,BILL021150,PAT08730,FAC004,DEP001,Niva Bupa,2025-10-03,1213.22,Paid,Not Applicable,2025-10-28,1162.61,50.61
CLM015865,BILL021153,PAT03801,FAC004,DEP001,Niva Bupa,2025-02-28,1125.58,Pending,Not Applicable,2025-03-14,0.0,1125.58
CLM015876,BILL021170,PAT08958,FAC001,DEP002,Niva Bupa,2025-09-06,807.23,Paid,Not Applicable,2025-09-20,779.02,28.21
CLM015878,BILL021172,PAT09839,FAC002,DEP002,ICICI Lombard,2025-11-07,817.68,Under Review,Not Applicable,2025-11-22,0.0,817.68
CLM015880,BILL021179,PAT05181,FAC002,DEP002,Care Health,2025-10-21,733.5,Paid,Not Applicable,2025-11-08,690.82,42.68
CLM015882,BILL021181,PAT01122,FAC001,DEP003,Star Health,2025-05-01,594.88,Pending,Not Applicable,2025-05-25,0.0,594.88
CLM015886,BILL021186,PAT00477,FAC005,DEP006,HDFC ERGO,2025-01-04,669.71,Denied,Duplicate Claim,2025-01-14,0.0,669.71
CLM015888,BILL021189,PAT04030,FAC004,DEP001,Care Health,2025-07-02,1633.18,Pending,Not Applicable,2025-07-12,0.0,1633.18
CLM015889,BILL021190,PAT06867,FAC003,DEP003,Care Health,2025-05-12,450.18,Denied,Eligibility Issue,2025-05-30,0.0,450.18
CLM015891,BILL021192,PAT08325,FAC003,DEP003,Star Health,2025-01-13,754.52,Approved,Not Applicable,2025-02-11,696.51,58.01
CLM015892,BILL021193,PAT09689,FAC003,DEP003,ICICI Lombard,2025-10-13,648.02,Pending,Not Applicable,2025-11-10,0.0,648.02
CLM015909,BILL021223,PAT07551,FAC001,DEP001,Star Health,2025-11-22,978.94,Approved,Not Applicable,2025-12-12,951.78,27.16
CLM015914,BILL021232,PAT03533,FAC001,DEP004,ICICI Lombard,2025-05-23,1160.51,Paid,Not Applicable,2025-06-05,1074.27,86.24
CLM015923,BILL021244,PAT05373,FAC004,DEP002,Care Health,2025-06-24,522.58,Approved,Not Applicable,2025-07-17,471.08,51.5
CLM015924,BILL021245,PAT02814,FAC001,DEP001,HDFC ERGO,2025-12-14,1463.69,Approved,Not Applicable,2026-01-13,1398.96,64.73
CLM015927,BILL021249,PAT03099,FAC003,DEP003,ICICI Lombard,2025-02-17,363.36,Paid,Not Applicable,2025-03-13,352.24,11.12
CLM015937,BILL021263,PAT04731,FAC002,DEP005,ICICI Lombard,2025-06-12,418.61,Approved,Not Applicable,2025-07-08,375.25,43.36
CLM015943,BILL021270,PAT08391,FAC004,DEP004,Niva Bupa,2025-01-07,1142.71,Approved,Not Applicable,2025-01-17,1140.39,2.32
CLM015951,BILL021279,PAT04527,FAC005,DEP001,ICICI Lombard,2025-03-23,1154.76,Paid,Not Applicable,2025-04-15,1128.16,26.6
CLM015952,BILL021280,PAT02456,FAC001,DEP005,HDFC ERGO,2025-09-13,407.48,Approved,Not Applicable,2025-09-18,391.15,16.33
CLM015953,BILL021282,PAT03614,FAC003,DEP005,Niva Bupa,2025-04-18,650.91,Under Review,Not Applicable,2025-05-16,0.0,650.91
CLM015968,BILL021304,PAT05717,FAC005,DEP008,Niva Bupa,2025-08-18,1719.62,Paid,Not Applicable,2025-09-09,1700.47,19.15
CLM015984,BILL021332,PAT00531,FAC004,DEP002,HDFC ERGO,2025-01-31,612.67,Paid,Not Applicable,2025-02-24,579.92,32.75
CLM015986,BILL021334,PAT07158,FAC005,DEP001,Niva Bupa,2025-09-29,1096.4,Approved,Not Applicable,2025-10-04,1037.56,58.84
CLM015988,BILL021336,PAT09856,FAC002,DEP007,Star Health,2025-07-22,777.3,Under Review,Not Applicable,2025-08-01,0.0,777.3
CLM015989,BILL021338,PAT03843,FAC002,DEP002,Niva Bupa,2025-03-11,525.55,Under Review,Not Applicable,2025-04-21,0.0,525.55
CLM015993,BILL021342,PAT01770,FAC005,DEP003,ICICI Lombard,2025-04-04,950.63,Paid,Not Applicable,2025-04-11,926.55,24.08
CLM015995,BILL021344,PAT06088,FAC002,DEP001,Care Health,2025-11-19,1997.7,Pending,Not Applicable,2025-12-12,0.0,1997.7
CLM015996,BILL021345,PAT03284,FAC005,DEP003,Star Health,2025-08-24,862.13,Paid,Not Applicable,2025-08-31,821.54,40.59
CLM016000,BILL021350,PAT00931,FAC004,DEP005,HDFC ERGO,2025-10-19,349.52,Denied,Authorization Missing,2025-10-28,0.0,349.52
CLM016010,BILL021365,PAT01086,FAC004,DEP001,ICICI Lombard,2025-12-30,906.45,Under Review,Not Applicable,2026-02-04,0.0,906.45
CLM016011,BILL021367,PAT05174,FAC001,DEP008,HDFC ERGO,2025-11-06,1737.18,Paid,Not Applicable,2025-12-02,1609.37,127.81
CLM016016,BILL021372,PAT08411,FAC005,DEP007,Niva Bupa,2025-05-20,617.98,Paid,Not Applicable,2025-06-07,573.05,44.93
CLM016020,BILL021383,PAT04130,FAC001,DEP002,Care Health,2025-09-09,526.08,Denied,Policy Exclusion,2025-09-23,0.0,526.08
CLM016026,BILL021390,PAT08948,FAC001,DEP001,Care Health,2025-08-10,1168.46,Paid,Not Applicable,2025-08-28,1145.22,23.24
CLM016027,BILL021391,PAT09955,FAC005,DEP005,Star Health,2025-04-20,589.41,Approved,Not Applicable,2025-04-29,543.21,46.2
CLM016031,BILL021399,PAT05345,FAC003,DEP001,HDFC ERGO,2025-05-21,1633.67,Pending,Not Applicable,2025-07-05,0.0,1633.67
CLM016033,BILL021401,PAT09001,FAC003,DEP005,Niva Bupa,2025-12-10,400.64,Approved,Not Applicable,2025-12-16,396.89,3.75
CLM016036,BILL021405,PAT04833,FAC003,DEP007,HDFC ERGO,2025-05-24,424.19,Paid,Not Applicable,2025-06-02,404.97,19.22
CLM016041,BILL021412,PAT08992,FAC003,DEP007,HDFC ERGO,2025-11-04,691.7,Paid,Not Applicable,2025-12-04,646.15,45.55
CLM016048,BILL021422,PAT02324,FAC005,DEP006,Star Health,2025-11-16,619.53,Pending,Not Applicable,2025-12-30,0.0,619.53
CLM016054,BILL021430,PAT01945,FAC003,DEP008,HDFC ERGO,2025-11-25,1919.49,Approved,Not Applicable,2025-12-12,1696.62,222.87
CLM016056,BILL021432,PAT02407,FAC001,DEP004,Star Health,2025-07-29,1441.9,Approved,Not Applicable,2025-08-06,1366.51,75.39
CLM016058,BILL021437,PAT00903,FAC003,DEP008,ICICI Lombard,2025-01-11,1424.44,Pending,Not Applicable,2025-02-15,0.0,1424.44
CLM016080,BILL021466,PAT00922,FAC005,DEP001,Star Health,2025-02-18,1463.51,Approved,Not Applicable,2025-02-23,1353.72,109.79
CLM016082,BILL021468,PAT06827,FAC002,DEP001,ICICI Lombard,2025-10-19,1012.39,Approved,Not Applicable,2025-11-11,956.67,55.72
CLM016086,BILL021474,PAT07043,FAC005,DEP001,HDFC ERGO,2025-09-27,1134.94,Pending,Not Applicable,2025-10-13,0.0,1134.94
CLM016100,BILL021488,PAT00938,FAC005,DEP001,Star Health,2025-09-18,769.07,Pending,Not Applicable,2025-10-11,0.0,769.07
CLM016107,BILL021500,PAT05901,FAC004,DEP002,HDFC ERGO,2025-05-06,1044.03,Under Review,Not Applicable,2025-06-08,0.0,1044.03
CLM016108,BILL021501,PAT08948,FAC005,DEP001,Niva Bupa,2025-09-02,1476.49,Paid,Not Applicable,2025-09-07,1449.37,27.12
CLM016110,BILL021505,PAT06927,FAC002,DEP001,Care Health,2025-11-03,1018.4,Paid,Not Applicable,2025-11-23,962.38,56.02
CLM016111,BILL021506,PAT00909,FAC002,DEP006,ICICI Lombard,2025-03-21,571.36,Approved,Not Applicable,2025-04-16,515.9,55.46
CLM016112,BILL021507,PAT08745,FAC003,DEP005,Care Health,2025-11-06,549.34,Paid,Not Applicable,2025-11-17,545.75,3.59
CLM016116,BILL021511,PAT09404,FAC002,DEP007,Niva Bupa,2025-10-30,434.0,Paid,Not Applicable,2025-11-12,416.59,17.41
CLM016119,BILL021516,PAT08169,FAC005,DEP001,Niva Bupa,2025-01-24,941.03,Paid,Not Applicable,2025-02-11,903.79,37.24
CLM016130,BILL021531,PAT04375,FAC004,DEP001,ICICI Lombard,2025-12-20,974.3,Pending,Not Applicable,2026-01-29,0.0,974.3
CLM016131,BILL021533,PAT01122,FAC004,DEP001,HDFC ERGO,2025-10-31,1150.95,Paid,Not Applicable,2025-11-29,1089.68,61.27
CLM016135,BILL021538,PAT09225,FAC002,DEP006,Niva Bupa,2025-12-26,417.58,Paid,Not Applicable,2026-01-21,413.41,4.17
CLM016143,BILL021550,PAT05156,FAC001,DEP005,Care Health,2025-04-30,478.62,Pending,Not Applicable,2025-05-13,0.0,478.62
CLM016144,BILL021551,PAT06492,FAC002,DEP005,Star Health,2025-09-12,352.28,Denied,Policy Exclusion,2025-09-23,0.0,352.28
CLM016145,BILL021552,PAT09053,FAC002,DEP001,Niva Bupa,2025-11-30,1283.92,Pending,Not Applicable,2026-01-12,0.0,1283.92
CLM016146,BILL021553,PAT03468,FAC004,DEP002,ICICI Lombard,2025-04-28,846.78,Under Review,Not Applicable,2025-05-17,0.0,846.78
CLM016147,BILL021554,PAT05445,FAC004,DEP005,Niva Bupa,2025-07-05,497.6,Pending,Not Applicable,2025-07-20,0.0,497.6
CLM016150,BILL021557,PAT08120,FAC004,DEP002,Niva Bupa,2025-06-01,967.23,Paid,Not Applicable,2025-06-20,962.7,4.53
CLM016156,BILL021565,PAT06436,FAC003,DEP007,HDFC ERGO,2025-09-06,426.46,Approved,Not Applicable,2025-09-19,380.08,46.38
CLM016171,BILL021584,PAT04829,FAC002,DEP007,Niva Bupa,2025-03-06,389.03,Under Review,Not Applicable,2025-03-20,0.0,389.03
CLM016172,BILL021585,PAT06126,FAC004,DEP001,ICICI Lombard,2025-04-02,1538.7,Under Review,Not Applicable,2025-05-12,0.0,1538.7
CLM016182,BILL021600,PAT00051,FAC003,DEP005,HDFC ERGO,2025-10-22,447.51,Approved,Not Applicable,2025-11-16,382.55,64.96
CLM016184,BILL021602,PAT01531,FAC003,DEP003,Care Health,2025-03-11,456.46,Approved,Not Applicable,2025-03-20,411.28,45.18
CLM016187,BILL021605,PAT09996,FAC001,DEP001,Star Health,2025-04-20,1271.08,Approved,Not Applicable,2025-04-26,1215.96,55.12
CLM016215,BILL021637,PAT05404,FAC003,DEP005,ICICI Lombard,2025-01-15,453.84,Under Review,Not Applicable,2025-02-01,0.0,453.84
CLM016220,BILL021642,PAT05923,FAC002,DEP006,Star Health,2025-11-21,814.25,Under Review,Not Applicable,2025-12-10,0.0,814.25
CLM016222,BILL021644,PAT09539,FAC005,DEP007,Star Health,2025-10-30,867.26,Paid,Not Applicable,2025-11-26,861.57,5.69
CLM016223,BILL021647,PAT05702,FAC005,DEP003,HDFC ERGO,2025-10-12,425.74,Paid,Not Applicable,2025-11-05,409.79,15.95
CLM016229,BILL021654,PAT03155,FAC003,DEP005,ICICI Lombard,2025-09-08,439.98,Paid,Not Applicable,2025-09-19,436.41,3.57
CLM016232,BILL021657,PAT02586,FAC004,DEP005,ICICI Lombard,2025-02-08,469.62,Approved,Not Applicable,2025-02-23,402.95,66.67
CLM016236,BILL021665,PAT02821,FAC004,DEP001,Care Health,2025-12-20,693.64,Pending,Not Applicable,2026-01-25,0.0,693.64
CLM016239,BILL021670,PAT07064,FAC005,DEP003,ICICI Lombard,2025-04-29,947.74,Paid,Not Applicable,2025-05-18,878.68,69.06
CLM016240,BILL021671,PAT08050,FAC002,DEP005,ICICI Lombard,2025-11-07,357.5,Paid,Not Applicable,2025-11-23,329.28,28.22
CLM016242,BILL021674,PAT09956,FAC001,DEP004,ICICI Lombard,2025-06-01,1650.83,Approved,Not Applicable,2025-06-23,1630.88,19.95
CLM016247,BILL021680,PAT06707,FAC004,DEP005,Star Health,2025-03-27,550.35,Approved,Not Applicable,2025-04-11,481.76,68.59
CLM016252,BILL021686,PAT04867,FAC005,DEP006,ICICI Lombard,2025-06-06,455.57,Denied,Coding Error,2025-06-22,0.0,455.57
CLM016255,BILL021690,PAT04867,FAC002,DEP001,Care Health,2025-05-10,1437.72,Under Review,Not Applicable,2025-06-06,0.0,1437.72
CLM016256,BILL021691,PAT07586,FAC001,DEP002,HDFC ERGO,2025-08-26,1347.94,Paid,Not Applicable,2025-09-17,1280.82,67.12
CLM016263,BILL021703,PAT04305,FAC004,DEP002,Niva Bupa,2025-02-22,1423.93,Approved,Not Applicable,2025-03-07,1276.03,147.9
CLM016272,BILL021715,PAT08701,FAC003,DEP007,Star Health,2025-08-11,599.32,Approved,Not Applicable,2025-09-03,525.36,73.96
CLM016277,BILL021721,PAT04949,FAC005,DEP007,ICICI Lombard,2025-12-01,553.58,Under Review,Not Applicable,2025-12-13,0.0,553.58
CLM016303,BILL021756,PAT06683,FAC002,DEP001,Niva Bupa,2025-01-16,959.59,Paid,Not Applicable,2025-01-24,908.34,51.25
CLM016310,BILL021768,PAT08371,FAC005,DEP005,Star Health,2025-06-20,724.1,Approved,Not Applicable,2025-07-07,671.7,52.4
CLM016316,BILL021775,PAT08115,FAC002,DEP005,Star Health,2025-01-26,368.68,Paid,Not Applicable,2025-02-01,364.9,3.78
CLM016344,BILL021811,PAT04879,FAC005,DEP006,Star Health,2025-11-14,794.35,Denied,Missing Documentation,2025-12-04,0.0,794.35
CLM016352,BILL021820,PAT02040,FAC003,DEP001,HDFC ERGO,2025-09-18,1109.76,Paid,Not Applicable,2025-10-10,1022.76,87.0
CLM016353,BILL021821,PAT03775,FAC002,DEP005,Niva Bupa,2025-08-07,409.74,Under Review,Not Applicable,2025-08-31,0.0,409.74
CLM016355,BILL021823,PAT08577,FAC002,DEP002,ICICI Lombard,2025-12-15,554.54,Pending,Not Applicable,2026-01-10,0.0,554.54
CLM016360,BILL021832,PAT09149,FAC005,DEP007,ICICI Lombard,2025-06-05,726.92,Paid,Not Applicable,2025-06-23,703.65,23.27
CLM016366,BILL021839,PAT05460,FAC002,DEP006,Niva Bupa,2025-09-19,866.96,Paid,Not Applicable,2025-10-08,864.52,2.44
CLM016379,BILL021853,PAT03920,FAC001,DEP004,HDFC ERGO,2025-08-17,879.94,Approved,Not Applicable,2025-08-25,801.08,78.86
CLM016381,BILL021859,PAT01079,FAC002,DEP005,Star Health,2025-06-15,560.06,Paid,Not Applicable,2025-07-04,558.6,1.46
CLM016382,BILL021861,PAT06959,FAC004,DEP001,Niva Bupa,2025-02-26,963.44,Approved,Not Applicable,2025-03-18,898.12,65.32
CLM016384,BILL021863,PAT00748,FAC001,DEP003,ICICI Lombard,2025-12-16,548.03,Pending,Not Applicable,2026-01-24,0.0,548.03
CLM016389,BILL021872,PAT01455,FAC004,DEP002,Care Health,2025-06-24,983.39,Approved,Not Applicable,2025-07-14,962.61,20.78
CLM016392,BILL021875,PAT03170,FAC005,DEP005,Star Health,2025-11-03,369.62,Paid,Not Applicable,2025-11-26,354.67,14.95
CLM016396,BILL021882,PAT04769,FAC002,DEP001,HDFC ERGO,2025-10-01,1500.25,Approved,Not Applicable,2025-10-19,1454.78,45.47
CLM016402,BILL021890,PAT08162,FAC001,DEP001,ICICI Lombard,2025-03-15,1465.6,Paid,Not Applicable,2025-03-28,1454.86,10.74
CLM016404,BILL021892,PAT09017,FAC005,DEP001,Care Health,2025-06-24,1286.37,Pending,Not Applicable,2025-08-06,0.0,1286.37
CLM016406,BILL021894,PAT01607,FAC004,DEP007,Star Health,2025-04-15,653.61,Under Review,Not Applicable,2025-05-10,0.0,653.61
CLM016410,BILL021899,PAT03593,FAC002,DEP005,ICICI Lombard,2025-04-06,542.03,Approved,Not Applicable,2025-05-01,466.74,75.29
CLM016412,BILL021901,PAT08325,FAC002,DEP005,Star Health,2025-05-19,480.53,Paid,Not Applicable,2025-06-13,444.71,35.82
CLM016417,BILL021908,PAT08901,FAC003,DEP001,HDFC ERGO,2025-08-04,1085.32,Under Review,Not Applicable,2025-09-16,0.0,1085.32
CLM016421,BILL021913,PAT03821,FAC005,DEP007,ICICI Lombard,2025-06-01,393.14,Pending,Not Applicable,2025-06-20,0.0,393.14
CLM016425,BILL021918,PAT04740,FAC004,DEP006,ICICI Lombard,2025-04-08,635.66,Paid,Not Applicable,2025-04-29,614.56,21.1
CLM016427,BILL021924,PAT04547,FAC003,DEP003,Niva Bupa,2025-11-13,573.99,Denied,Policy Exclusion,2025-12-01,0.0,573.99
CLM016436,BILL021937,PAT01348,FAC003,DEP005,Niva Bupa,2025-01-13,412.32,Denied,Policy Exclusion,2025-01-31,0.0,412.32
CLM016451,BILL021957,PAT05174,FAC002,DEP002,HDFC ERGO,2025-11-04,682.32,Paid,Not Applicable,2025-11-15,670.77,11.55
CLM016452,BILL021959,PAT09595,FAC003,DEP005,Star Health,2025-12-23,559.83,Pending,Not Applicable,2026-01-15,0.0,559.83
CLM016453,BILL021960,PAT08991,FAC003,DEP001,ICICI Lombard,2025-06-15,1101.14,Paid,Not Applicable,2025-07-11,1080.56,20.58
CLM016456,BILL021963,PAT08410,FAC005,DEP006,Star Health,2025-05-01,712.81,Pending,Not Applicable,2025-05-20,0.0,712.81
CLM016457,BILL021964,PAT00352,FAC003,DEP001,Star Health,2025-11-04,1325.01,Paid,Not Applicable,2025-11-13,1271.91,53.1
CLM016461,BILL021968,PAT04388,FAC004,DEP007,Niva Bupa,2025-10-21,612.41,Denied,Policy Exclusion,2025-10-27,0.0,612.41
CLM016465,BILL021973,PAT02178,FAC002,DEP007,Niva Bupa,2025-03-20,839.66,Pending,Not Applicable,2025-04-13,0.0,839.66
CLM016466,BILL021974,PAT05614,FAC004,DEP001,Niva Bupa,2025-01-31,968.92,Paid,Not Applicable,2025-02-08,910.99,57.93
CLM016467,BILL021977,PAT09919,FAC005,DEP008,HDFC ERGO,2025-04-23,982.73,Pending,Not Applicable,2025-05-18,0.0,982.73
CLM016472,BILL021982,PAT03107,FAC004,DEP004,Niva Bupa,2025-11-26,1040.26,Paid,Not Applicable,2025-12-24,1026.08,14.18
CLM016475,BILL021985,PAT05816,FAC001,DEP001,Care Health,2025-10-08,1504.65,Under Review,Not Applicable,2025-10-29,0.0,1504.65
CLM016483,BILL021998,PAT08073,FAC004,DEP005,Niva Bupa,2025-01-29,493.55,Approved,Not Applicable,2025-02-24,472.08,21.47
CLM016488,BILL022004,PAT04901,FAC003,DEP005,Star Health,2025-11-06,359.99,Pending,Not Applicable,2025-12-18,0.0,359.99
CLM016505,BILL022028,PAT05904,FAC005,DEP007,Care Health,2025-09-21,775.71,Paid,Not Applicable,2025-10-20,730.77,44.94
CLM016506,BILL022029,PAT00426,FAC004,DEP001,ICICI Lombard,2025-09-29,1278.23,Paid,Not Applicable,2025-10-22,1196.69,81.54
CLM016511,BILL022038,PAT04095,FAC003,DEP001,Care Health,2025-06-05,1396.9,Paid,Not Applicable,2025-06-17,1394.25,2.65
CLM016516,BILL022043,PAT00606,FAC004,DEP005,HDFC ERGO,2025-09-22,497.2,Paid,Not Applicable,2025-10-12,491.31,5.89
CLM016533,BILL022064,PAT00466,FAC001,DEP001,HDFC ERGO,2025-10-20,1190.17,Approved,Not Applicable,2025-11-14,1030.12,160.05
CLM016537,BILL022069,PAT02615,FAC003,DEP008,Niva Bupa,2025-09-20,1411.16,Under Review,Not Applicable,2025-11-04,0.0,1411.16
CLM016543,BILL022077,PAT02158,FAC001,DEP005,HDFC ERGO,2025-11-25,500.82,Approved,Not Applicable,2025-12-06,429.5,71.32
CLM016544,BILL022078,PAT02532,FAC004,DEP007,Niva Bupa,2025-03-30,500.16,Approved,Not Applicable,2025-04-23,450.96,49.2
CLM016546,BILL022082,PAT02202,FAC005,DEP008,Niva Bupa,2025-11-08,1881.97,Pending,Not Applicable,2025-12-11,0.0,1881.97
CLM016556,BILL022095,PAT09965,FAC005,DEP003,HDFC ERGO,2025-11-13,454.09,Paid,Not Applicable,2025-12-11,446.27,7.82
CLM016558,BILL022097,PAT08918,FAC003,DEP005,ICICI Lombard,2025-08-08,371.08,Under Review,Not Applicable,2025-08-25,0.0,371.08
CLM016563,BILL022102,PAT07250,FAC003,DEP001,Star Health,2025-08-26,1608.3,Pending,Not Applicable,2025-10-06,0.0,1608.3
CLM016566,BILL022105,PAT00477,FAC003,DEP007,ICICI Lombard,2025-06-14,712.58,Pending,Not Applicable,2025-07-08,0.0,712.58
CLM016578,BILL022120,PAT01490,FAC003,DEP003,Care Health,2025-04-12,852.78,Denied,Duplicate Claim,2025-04-16,0.0,852.78
CLM016584,BILL022132,PAT03882,FAC002,DEP005,ICICI Lombard,2025-12-30,450.7,Pending,Not Applicable,2026-01-22,0.0,450.7
CLM016596,BILL022150,PAT05816,FAC001,DEP005,Star Health,2025-05-14,424.63,Paid,Not Applicable,2025-05-21,421.91,2.72
CLM016600,BILL022155,PAT04297,FAC004,DEP007,Care Health,2025-11-02,549.53,Pending,Not Applicable,2025-11-24,0.0,549.53
CLM016602,BILL022158,PAT04266,FAC001,DEP002,Niva Bupa,2025-04-11,924.3,Paid,Not Applicable,2025-04-21,880.73,43.57
CLM016604,BILL022160,PAT06836,FAC003,DEP003,Niva Bupa,2025-07-03,655.68,Paid,Not Applicable,2025-07-15,640.64,15.04
CLM016614,BILL022174,PAT06283,FAC002,DEP007,Niva Bupa,2025-02-04,546.87,Pending,Not Applicable,2025-03-13,0.0,546.87
CLM016617,BILL022177,PAT03222,FAC005,DEP005,Star Health,2025-02-20,519.76,Pending,Not Applicable,2025-03-09,0.0,519.76
CLM016619,BILL022179,PAT01403,FAC003,DEP003,Star Health,2025-05-30,837.87,Pending,Not Applicable,2025-06-18,0.0,837.87
CLM016630,BILL022192,PAT03249,FAC005,DEP001,Niva Bupa,2025-01-28,1640.92,Approved,Not Applicable,2025-02-11,1564.94,75.98
CLM016638,BILL022203,PAT07992,FAC002,DEP007,HDFC ERGO,2026-01-02,671.82,Denied,Missing Documentation,2026-01-21,0.0,671.82
CLM016643,BILL022213,PAT09051,FAC003,DEP001,ICICI Lombard,2025-07-09,1434.49,Pending,Not Applicable,2025-08-20,0.0,1434.49
CLM016650,BILL022230,PAT03899,FAC005,DEP003,Care Health,2025-02-23,452.61,Under Review,Not Applicable,2025-03-25,0.0,452.61
CLM016651,BILL022233,PAT03405,FAC005,DEP001,ICICI Lombard,2025-05-16,663.49,Under Review,Not Applicable,2025-06-24,0.0,663.49
CLM016660,BILL022244,PAT04961,FAC005,DEP005,Care Health,2025-01-14,220.54,Under Review,Not Applicable,2025-02-24,0.0,220.54
CLM016670,BILL022255,PAT02862,FAC003,DEP008,HDFC ERGO,2025-09-20,958.44,Approved,Not Applicable,2025-10-16,870.29,88.15
CLM016683,BILL022271,PAT05381,FAC004,DEP002,Star Health,2025-10-18,643.87,Paid,Not Applicable,2025-11-15,633.75,10.12
CLM016686,BILL022274,PAT07521,FAC001,DEP001,ICICI Lombard,2025-05-16,1691.58,Paid,Not Applicable,2025-05-22,1659.39,32.19
CLM016692,BILL022282,PAT09678,FAC001,DEP004,HDFC ERGO,2025-06-09,1030.05,Approved,Not Applicable,2025-07-02,939.72,90.33
CLM016703,BILL022299,PAT09750,FAC002,DEP007,Star Health,2025-09-16,604.16,Under Review,Not Applicable,2025-10-24,0.0,604.16
CLM016711,BILL022308,PAT08170,FAC002,DEP001,HDFC ERGO,2025-06-30,794.32,Approved,Not Applicable,2025-07-29,758.16,36.16
CLM016718,BILL022315,PAT01369,FAC001,DEP005,HDFC ERGO,2025-11-30,614.85,Paid,Not Applicable,2025-12-09,584.09,30.76
CLM016725,BILL022324,PAT00609,FAC003,DEP003,Star Health,2025-05-21,577.78,Approved,Not Applicable,2025-05-26,561.46,16.32
CLM016731,BILL022330,PAT03979,FAC004,DEP004,Niva Bupa,2025-09-13,942.68,Paid,Not Applicable,2025-09-23,913.15,29.53
CLM016744,BILL022347,PAT01179,FAC001,DEP005,HDFC ERGO,2025-03-19,357.07,Denied,Authorization Missing,2025-03-30,0.0,357.07
CLM016749,BILL022354,PAT07248,FAC004,DEP002,Niva Bupa,2025-12-22,1311.98,Pending,Not Applicable,2026-01-05,0.0,1311.98
CLM016752,BILL022358,PAT02118,FAC004,DEP007,Care Health,2025-08-11,742.55,Denied,Policy Exclusion,2025-08-21,0.0,742.55
CLM016756,BILL022363,PAT01749,FAC005,DEP008,Niva Bupa,2025-03-27,2747.71,Paid,Not Applicable,2025-04-10,2661.69,86.02
CLM016758,BILL022365,PAT06988,FAC004,DEP005,HDFC ERGO,2025-03-03,655.02,Denied,Authorization Missing,2025-03-10,0.0,655.02
CLM016767,BILL022380,PAT08169,FAC003,DEP007,ICICI Lombard,2025-12-19,700.72,Approved,Not Applicable,2025-12-31,673.81,26.91
CLM016769,BILL022383,PAT06344,FAC002,DEP001,Care Health,2025-02-20,2198.93,Approved,Not Applicable,2025-03-22,2158.36,40.57
CLM016781,BILL022402,PAT01922,FAC005,DEP006,Care Health,2025-02-22,717.91,Denied,Missing Documentation,2025-02-26,0.0,717.91
CLM016789,BILL022413,PAT03018,FAC002,DEP005,Niva Bupa,2025-07-25,330.0,Paid,Not Applicable,2025-08-01,309.43,20.57
CLM016796,BILL022423,PAT01035,FAC005,DEP001,Care Health,2025-05-29,963.17,Pending,Not Applicable,2025-07-03,0.0,963.17
CLM016803,BILL022431,PAT07299,FAC001,DEP003,ICICI Lombard,2025-04-21,534.72,Under Review,Not Applicable,2025-05-09,0.0,534.72
CLM016805,BILL022435,PAT02560,FAC005,DEP001,Star Health,2025-12-12,1209.73,Paid,Not Applicable,2026-01-08,1190.5,19.23
CLM016808,BILL022439,PAT00430,FAC005,DEP006,HDFC ERGO,2025-09-02,636.47,Approved,Not Applicable,2025-09-22,561.28,75.19
CLM016810,BILL022441,PAT08048,FAC004,DEP007,Care Health,2025-11-01,696.38,Approved,Not Applicable,2025-11-06,692.17,4.21
CLM016819,BILL022452,PAT00252,FAC004,DEP006,Niva Bupa,2025-06-12,887.84,Pending,Not Applicable,2025-07-08,0.0,887.84
CLM016823,BILL022456,PAT08680,FAC001,DEP002,Star Health,2025-02-20,795.77,Pending,Not Applicable,2025-03-25,0.0,795.77
CLM016825,BILL022459,PAT06139,FAC002,DEP001,Niva Bupa,2025-11-12,794.54,Under Review,Not Applicable,2025-12-16,0.0,794.54
CLM016827,BILL022463,PAT04171,FAC005,DEP006,Star Health,2025-09-17,734.63,Denied,Authorization Missing,2025-09-28,0.0,734.63
CLM016829,BILL022465,PAT08325,FAC005,DEP008,HDFC ERGO,2025-10-29,1309.34,Under Review,Not Applicable,2025-11-08,0.0,1309.34
CLM016840,BILL022478,PAT09255,FAC001,DEP001,ICICI Lombard,2025-03-13,1720.54,Under Review,Not Applicable,2025-04-07,0.0,1720.54
CLM016842,BILL022480,PAT03446,FAC001,DEP005,Star Health,2025-03-13,461.98,Pending,Not Applicable,2025-04-10,0.0,461.98
CLM016844,BILL022482,PAT06424,FAC005,DEP006,Star Health,2025-03-21,478.79,Paid,Not Applicable,2025-03-27,442.64,36.15
CLM016846,BILL022485,PAT07579,FAC001,DEP004,ICICI Lombard,2025-09-21,1341.38,Under Review,Not Applicable,2025-10-17,0.0,1341.38
CLM016853,BILL022492,PAT08488,FAC005,DEP001,Niva Bupa,2025-07-06,945.87,Pending,Not Applicable,2025-07-26,0.0,945.87
CLM016855,BILL022495,PAT02309,FAC001,DEP003,Niva Bupa,2025-10-26,778.04,Paid,Not Applicable,2025-11-08,755.76,22.28
CLM016861,BILL022504,PAT03214,FAC005,DEP007,ICICI Lombard,2025-10-16,775.69,Denied,Authorization Missing,2025-10-22,0.0,775.69
CLM016871,BILL022520,PAT01311,FAC005,DEP001,Care Health,2025-08-29,1026.89,Under Review,Not Applicable,2025-09-11,0.0,1026.89
CLM016872,BILL022521,PAT08582,FAC004,DEP001,Star Health,2025-09-06,1695.81,Approved,Not Applicable,2025-10-05,1473.76,222.05
CLM016876,BILL022525,PAT09955,FAC005,DEP003,Star Health,2025-05-05,781.22,Denied,Authorization Missing,2025-05-17,0.0,781.22
CLM016882,BILL022532,PAT08301,FAC003,DEP007,HDFC ERGO,2025-06-25,586.65,Paid,Not Applicable,2025-07-08,562.97,23.68
CLM016885,BILL022536,PAT07530,FAC001,DEP008,Star Health,2025-07-07,2022.84,Paid,Not Applicable,2025-08-02,1928.35,94.49
CLM016888,BILL022539,PAT03546,FAC003,DEP001,Star Health,2025-12-27,1402.28,Paid,Not Applicable,2026-01-15,1351.04,51.24
CLM016899,BILL022552,PAT07309,FAC003,DEP003,Star Health,2025-11-14,639.92,Approved,Not Applicable,2025-11-25,592.73,47.19
CLM016911,BILL022566,PAT03468,FAC005,DEP003,Niva Bupa,2025-09-23,607.85,Paid,Not Applicable,2025-10-01,575.78,32.07
CLM016913,BILL022569,PAT04537,FAC005,DEP003,ICICI Lombard,2025-05-31,397.45,Paid,Not Applicable,2025-06-28,378.35,19.1
CLM016914,BILL022570,PAT08814,FAC001,DEP004,Star Health,2025-01-29,1397.99,Paid,Not Applicable,2025-02-17,1305.6,92.39
CLM016925,BILL022582,PAT04937,FAC005,DEP005,Niva Bupa,2025-12-25,455.32,Approved,Not Applicable,2026-01-01,399.12,56.2
CLM016945,BILL022614,PAT05864,FAC003,DEP001,Niva Bupa,2025-06-07,1223.0,Pending,Not Applicable,2025-06-30,0.0,1223.0
CLM016951,BILL022621,PAT02092,FAC005,DEP005,HDFC ERGO,2025-06-27,592.01,Denied,Authorization Missing,2025-07-08,0.0,592.01
CLM016970,BILL022644,PAT03066,FAC002,DEP002,HDFC ERGO,2025-07-07,787.77,Paid,Not Applicable,2025-07-13,769.18,18.59
CLM016974,BILL022648,PAT06713,FAC003,DEP001,Care Health,2025-06-06,1358.96,Paid,Not Applicable,2025-06-30,1301.39,57.57
CLM016980,BILL022656,PAT02088,FAC001,DEP002,ICICI Lombard,2025-06-20,678.58,Pending,Not Applicable,2025-07-16,0.0,678.58
CLM017000,BILL022686,PAT03223,FAC002,DEP006,Star Health,2025-09-24,414.76,Pending,Not Applicable,2025-10-12,0.0,414.76
CLM017002,BILL022690,PAT09080,FAC005,DEP006,Star Health,2025-07-24,904.25,Pending,Not Applicable,2025-08-06,0.0,904.25
CLM017007,BILL022699,PAT00593,FAC003,DEP007,Star Health,2025-12-13,353.54,Approved,Not Applicable,2026-01-02,307.49,46.05
CLM017013,BILL022709,PAT04013,FAC001,DEP005,HDFC ERGO,2025-02-08,407.03,Paid,Not Applicable,2025-03-06,402.39,4.64
CLM017017,BILL022716,PAT09664,FAC002,DEP001,Niva Bupa,2025-03-08,1368.53,Paid,Not Applicable,2025-03-28,1336.14,32.39
CLM017022,BILL022721,PAT06127,FAC001,DEP002,Niva Bupa,2025-10-29,1525.42,Under Review,Not Applicable,2025-11-20,0.0,1525.42
CLM017039,BILL022741,PAT03699,FAC002,DEP005,HDFC ERGO,2025-11-02,486.89,Approved,Not Applicable,2025-11-28,485.16,1.73
CLM017042,BILL022745,PAT07387,FAC001,DEP002,Star Health,2025-07-10,984.36,Pending,Not Applicable,2025-07-24,0.0,984.36
CLM017048,BILL022753,PAT02705,FAC003,DEP001,Care Health,2025-03-18,1389.87,Approved,Not Applicable,2025-03-30,1344.17,45.7
CLM017052,BILL022759,PAT03652,FAC004,DEP006,Star Health,2025-12-26,578.57,Approved,Not Applicable,2026-01-01,540.12,38.45
CLM017054,BILL022761,PAT08841,FAC005,DEP001,Care Health,2025-07-14,1582.94,Approved,Not Applicable,2025-08-04,1490.17,92.77
CLM017055,BILL022762,PAT02376,FAC003,DEP005,HDFC ERGO,2025-06-11,514.72,Approved,Not Applicable,2025-07-10,446.24,68.48
CLM017058,BILL022766,PAT01946,FAC002,DEP007,ICICI Lombard,2025-06-06,654.46,Pending,Not Applicable,2025-07-08,0.0,654.46
CLM017059,BILL022768,PAT09318,FAC002,DEP006,HDFC ERGO,2025-09-06,846.88,Pending,Not Applicable,2025-10-10,0.0,846.88
CLM017064,BILL022774,PAT07457,FAC001,DEP004,Star Health,2025-06-10,1152.68,Approved,Not Applicable,2025-06-28,991.47,161.21
CLM017065,BILL022778,PAT07002,FAC003,DEP001,ICICI Lombard,2025-02-19,1270.91,Approved,Not Applicable,2025-03-21,1221.76,49.15
CLM017073,BILL022787,PAT04904,FAC001,DEP008,ICICI Lombard,2025-05-23,2667.92,Approved,Not Applicable,2025-05-29,2560.98,106.94
CLM017074,BILL022788,PAT09647,FAC005,DEP001,ICICI Lombard,2025-06-07,1257.48,Paid,Not Applicable,2025-06-14,1182.36,75.12
CLM017079,BILL022793,PAT00304,FAC001,DEP002,HDFC ERGO,2025-09-24,1273.49,Approved,Not Applicable,2025-09-29,1217.99,55.5
CLM017081,BILL022796,PAT02544,FAC004,DEP007,Care Health,2025-11-02,465.82,Approved,Not Applicable,2025-11-16,440.34,25.48
CLM017082,BILL022797,PAT06934,FAC001,DEP003,Niva Bupa,2025-05-10,738.38,Approved,Not Applicable,2025-05-30,730.51,7.87
CLM017083,BILL022798,PAT06349,FAC003,DEP003,Niva Bupa,2025-11-19,332.1,Pending,Not Applicable,2025-12-23,0.0,332.1
CLM017089,BILL022806,PAT08268,FAC004,DEP006,Star Health,2025-08-24,451.86,Paid,Not Applicable,2025-09-20,429.21,22.65
CLM017093,BILL022812,PAT04961,FAC004,DEP006,Star Health,2025-03-17,877.86,Approved,Not Applicable,2025-04-11,770.6,107.26
CLM017099,BILL022823,PAT00544,FAC001,DEP002,HDFC ERGO,2025-10-12,987.18,Denied,Duplicate Claim,2025-10-17,0.0,987.18
CLM017100,BILL022824,PAT09376,FAC001,DEP001,Care Health,2025-04-06,1027.8,Approved,Not Applicable,2025-04-15,883.43,144.37
CLM017104,BILL022830,PAT09782,FAC003,DEP003,Care Health,2025-05-31,852.5,Pending,Not Applicable,2025-07-12,0.0,852.5
CLM017108,BILL022837,PAT02488,FAC001,DEP002,Niva Bupa,2025-10-08,1044.62,Approved,Not Applicable,2025-10-21,973.84,70.78
CLM017115,BILL022846,PAT07253,FAC003,DEP003,Star Health,2025-01-20,918.56,Paid,Not Applicable,2025-02-04,893.47,25.09
CLM017117,BILL022848,PAT08662,FAC003,DEP008,ICICI Lombard,2025-08-15,1600.63,Under Review,Not Applicable,2025-09-20,0.0,1600.63
CLM017120,BILL022852,PAT04296,FAC002,DEP006,HDFC ERGO,2025-04-12,553.04,Approved,Not Applicable,2025-05-11,521.12,31.92
CLM017134,BILL022871,PAT08723,FAC005,DEP005,ICICI Lombard,2025-05-13,497.34,Paid,Not Applicable,2025-06-11,466.42,30.92
CLM017140,BILL022878,PAT03644,FAC003,DEP005,Care Health,2025-05-03,536.0,Approved,Not Applicable,2025-05-28,531.08,4.92
CLM017153,BILL022893,PAT09734,FAC001,DEP001,HDFC ERGO,2025-01-29,1223.07,Pending,Not Applicable,2025-02-19,0.0,1223.07
CLM017169,BILL022916,PAT04631,FAC002,DEP005,Niva Bupa,2025-05-02,555.16,Paid,Not Applicable,2025-05-31,516.33,38.83
CLM017171,BILL022921,PAT04030,FAC004,DEP007,HDFC ERGO,2025-04-14,696.64,Denied,Eligibility Issue,2025-05-04,0.0,696.64
CLM017189,BILL022949,PAT07586,FAC005,DEP001,HDFC ERGO,2025-03-12,890.32,Approved,Not Applicable,2025-04-05,874.11,16.21
CLM017194,BILL022954,PAT02426,FAC002,DEP001,Niva Bupa,2025-11-29,1789.92,Denied,Coding Error,2025-12-13,0.0,1789.92
CLM017197,BILL022957,PAT06293,FAC004,DEP002,Care Health,2025-01-16,836.8,Paid,Not Applicable,2025-02-06,800.44,36.36
CLM017203,BILL022964,PAT08818,FAC003,DEP001,Star Health,2025-05-03,1219.54,Pending,Not Applicable,2025-06-13,0.0,1219.54
CLM017205,BILL022967,PAT07744,FAC003,DEP005,Care Health,2025-01-25,571.66,Approved,Not Applicable,2025-02-17,494.12,77.54
CLM017207,BILL022971,PAT07253,FAC004,DEP004,ICICI Lombard,2025-01-16,1480.21,Approved,Not Applicable,2025-02-02,1334.78,145.43
CLM017211,BILL022978,PAT03835,FAC005,DEP003,HDFC ERGO,2025-11-15,580.43,Approved,Not Applicable,2025-12-02,495.55,84.88
CLM017225,BILL022997,PAT06349,FAC003,DEP008,ICICI Lombard,2025-02-10,1991.3,Paid,Not Applicable,2025-02-18,1960.07,31.23
CLM017230,BILL023005,PAT07574,FAC001,DEP002,Star Health,2025-02-28,791.37,Approved,Not Applicable,2025-03-07,753.27,38.1
CLM017232,BILL023007,PAT09233,FAC005,DEP003,Care Health,2025-06-15,449.5,Approved,Not Applicable,2025-07-05,439.79,9.71
CLM017233,BILL023008,PAT09388,FAC004,DEP002,ICICI Lombard,2025-09-01,1145.77,Approved,Not Applicable,2025-09-27,1114.2,31.57
CLM017238,BILL023013,PAT06089,FAC003,DEP003,Niva Bupa,2025-12-11,460.22,Approved,Not Applicable,2025-12-24,410.67,49.55
CLM017241,BILL023016,PAT04861,FAC003,DEP008,Niva Bupa,2025-07-05,1435.37,Under Review,Not Applicable,2025-08-18,0.0,1435.37
CLM017243,BILL023018,PAT07999,FAC001,DEP005,HDFC ERGO,2025-05-16,299.85,Under Review,Not Applicable,2025-06-18,0.0,299.85
CLM017249,BILL023026,PAT08452,FAC002,DEP005,ICICI Lombard,2025-12-17,549.5,Approved,Not Applicable,2026-01-14,506.79,42.71
CLM017251,BILL023028,PAT02875,FAC001,DEP001,Niva Bupa,2025-08-02,1133.38,Paid,Not Applicable,2025-08-21,1127.98,5.4
CLM017252,BILL023029,PAT04405,FAC002,DEP005,ICICI Lombard,2025-04-22,296.44,Pending,Not Applicable,2025-06-01,0.0,296.44
CLM017264,BILL023046,PAT01371,FAC004,DEP001,ICICI Lombard,2025-09-03,1422.05,Under Review,Not Applicable,2025-09-13,0.0,1422.05
CLM017265,BILL023047,PAT09388,FAC005,DEP001,HDFC ERGO,2025-07-01,798.72,Paid,Not Applicable,2025-07-19,795.52,3.2
CLM017268,BILL023050,PAT04607,FAC001,DEP002,Care Health,2025-09-02,930.99,Under Review,Not Applicable,2025-09-14,0.0,930.99
CLM017272,BILL023054,PAT08818,FAC001,DEP002,HDFC ERGO,2025-08-29,644.28,Paid,Not Applicable,2025-09-26,630.42,13.86
CLM017275,BILL023057,PAT07158,FAC002,DEP002,ICICI Lombard,2025-11-17,809.93,Approved,Not Applicable,2025-12-17,699.04,110.89
CLM017278,BILL023060,PAT00399,FAC005,DEP005,Star Health,2025-06-17,525.84,Paid,Not Applicable,2025-07-05,485.07,40.77
CLM017288,BILL023080,PAT04203,FAC002,DEP005,Star Health,2025-11-22,432.38,Approved,Not Applicable,2025-12-16,408.56,23.82
CLM017292,BILL023085,PAT09702,FAC001,DEP004,Care Health,2025-12-21,846.44,Pending,Not Applicable,2026-01-03,0.0,846.44
CLM017304,BILL023098,PAT03992,FAC005,DEP006,Care Health,2025-10-28,531.59,Approved,Not Applicable,2025-11-25,522.28,9.31
CLM017317,BILL023116,PAT06046,FAC002,DEP006,Niva Bupa,2025-06-04,827.65,Pending,Not Applicable,2025-07-13,0.0,827.65
CLM017319,BILL023118,PAT05100,FAC005,DEP006,ICICI Lombard,2025-07-24,820.12,Approved,Not Applicable,2025-08-07,770.34,49.78
CLM017320,BILL023120,PAT03298,FAC003,DEP003,HDFC ERGO,2025-09-23,502.85,Pending,Not Applicable,2025-10-27,0.0,502.85
CLM017325,BILL023126,PAT00539,FAC004,DEP001,HDFC ERGO,2025-10-01,1212.33,Paid,Not Applicable,2025-10-08,1168.01,44.32
CLM017330,BILL023131,PAT02037,FAC004,DEP007,HDFC ERGO,2025-03-20,832.8,Under Review,Not Applicable,2025-04-30,0.0,832.8
CLM017336,BILL023140,PAT05602,FAC005,DEP007,Star Health,2025-01-04,666.55,Paid,Not Applicable,2025-01-29,644.49,22.06
CLM017337,BILL023141,PAT04342,FAC001,DEP002,ICICI Lombard,2025-01-04,1075.41,Under Review,Not Applicable,2025-01-26,0.0,1075.41
CLM017364,BILL023173,PAT00120,FAC004,DEP004,HDFC ERGO,2025-07-09,1182.63,Under Review,Not Applicable,2025-07-20,0.0,1182.63
CLM017366,BILL023177,PAT03882,FAC002,DEP002,Care Health,2025-10-12,1317.74,Pending,Not Applicable,2025-11-05,0.0,1317.74
CLM017368,BILL023179,PAT04852,FAC004,DEP002,Star Health,2025-09-16,1305.28,Approved,Not Applicable,2025-10-02,1278.07,27.21
CLM017372,BILL023188,PAT06694,FAC004,DEP001,Star Health,2025-11-02,1058.58,Approved,Not Applicable,2025-11-22,1046.13,12.45
CLM017388,BILL023209,PAT03887,FAC002,DEP002,Star Health,2025-01-11,841.13,Approved,Not Applicable,2025-01-27,771.88,69.25
CLM017402,BILL023229,PAT08937,FAC005,DEP003,Care Health,2025-02-04,397.02,Pending,Not Applicable,2025-03-17,0.0,397.02
CLM017418,BILL023253,PAT00249,FAC003,DEP005,Star Health,2025-12-28,645.32,Under Review,Not Applicable,2026-01-11,0.0,645.32
CLM017428,BILL023269,PAT07692,FAC001,DEP001,Star Health,2025-07-05,816.69,Pending,Not Applicable,2025-07-30,0.0,816.69
CLM017431,BILL023272,PAT06891,FAC004,DEP001,ICICI Lombard,2025-11-24,1782.84,Pending,Not Applicable,2025-12-05,0.0,1782.84
CLM017434,BILL023275,PAT03329,FAC001,DEP002,ICICI Lombard,2025-08-07,643.55,Under Review,Not Applicable,2025-08-27,0.0,643.55
CLM017437,BILL023280,PAT06907,FAC003,DEP003,Care Health,2025-12-11,454.76,Paid,Not Applicable,2025-12-29,452.24,2.52
CLM017440,BILL023283,PAT01770,FAC005,DEP005,Niva Bupa,2025-05-04,329.36,Under Review,Not Applicable,2025-05-26,0.0,329.36
CLM017441,BILL023284,PAT07714,FAC003,DEP007,ICICI Lombard,2025-06-27,686.58,Approved,Not Applicable,2025-07-26,636.77,49.81
CLM017446,BILL023290,PAT01040,FAC005,DEP007,Star Health,2025-02-21,459.82,Paid,Not Applicable,2025-03-19,435.29,24.53
CLM017450,BILL023296,PAT04462,FAC001,DEP001,HDFC ERGO,2025-04-17,1367.49,Denied,Eligibility Issue,2025-05-07,0.0,1367.49
CLM017453,BILL023301,PAT04904,FAC003,DEP005,Star Health,2025-05-21,307.96,Paid,Not Applicable,2025-06-10,295.24,12.72
CLM017462,BILL023315,PAT00111,FAC002,DEP001,Star Health,2025-11-30,1311.16,Paid,Not Applicable,2025-12-12,1262.22,48.94
CLM017465,BILL023319,PAT03703,FAC003,DEP007,ICICI Lombard,2025-04-23,409.12,Paid,Not Applicable,2025-05-17,385.83,23.29
CLM017469,BILL023323,PAT04520,FAC001,DEP002,Care Health,2025-01-30,1128.72,Paid,Not Applicable,2025-02-18,1072.44,56.28
CLM017473,BILL023328,PAT08599,FAC001,DEP005,Star Health,2025-01-29,400.88,Paid,Not Applicable,2025-02-07,369.81,31.07
CLM017482,BILL023339,PAT07924,FAC004,DEP006,HDFC ERGO,2025-08-04,645.66,Under Review,Not Applicable,2025-09-12,0.0,645.66
CLM017483,BILL023340,PAT08122,FAC005,DEP003,Niva Bupa,2025-09-30,677.41,Paid,Not Applicable,2025-10-08,661.32,16.09
CLM017486,BILL023343,PAT03823,FAC003,DEP003,Star Health,2025-07-10,878.72,Denied,Coding Error,2025-07-24,0.0,878.72
CLM017493,BILL023351,PAT01770,FAC001,DEP002,Star Health,2025-01-13,1664.46,Pending,Not Applicable,2025-01-29,0.0,1664.46
CLM017499,BILL023358,PAT02178,FAC004,DEP002,ICICI Lombard,2025-06-29,1083.18,Pending,Not Applicable,2025-08-01,0.0,1083.18
CLM017500,BILL023360,PAT01412,FAC003,DEP008,Care Health,2025-11-05,1293.76,Pending,Not Applicable,2025-11-21,0.0,1293.76
CLM017501,BILL023361,PAT01663,FAC001,DEP001,Niva Bupa,2025-10-01,950.33,Pending,Not Applicable,2025-10-30,0.0,950.33
CLM017502,BILL023362,PAT00249,FAC001,DEP005,ICICI Lombard,2025-04-23,319.26,Paid,Not Applicable,2025-05-13,312.25,7.01
CLM017506,BILL023366,PAT03510,FAC005,DEP003,Star Health,2025-06-05,610.89,Paid,Not Applicable,2025-06-16,574.25,36.64
CLM017511,BILL023374,PAT03234,FAC003,DEP007,ICICI Lombard,2025-03-18,731.17,Paid,Not Applicable,2025-04-06,715.14,16.03
CLM017513,BILL023376,PAT04924,FAC003,DEP001,Star Health,2025-08-05,1841.31,Denied,Eligibility Issue,2025-08-12,0.0,1841.31
CLM017515,BILL023378,PAT03488,FAC001,DEP004,Care Health,2025-08-22,1061.96,Pending,Not Applicable,2025-09-30,0.0,1061.96
CLM017521,BILL023385,PAT02590,FAC005,DEP005,Care Health,2025-05-10,537.53,Pending,Not Applicable,2025-05-27,0.0,537.53
CLM017523,BILL023387,PAT02055,FAC005,DEP008,Niva Bupa,2025-12-21,1747.03,Paid,Not Applicable,2026-01-16,1706.79,40.24
CLM017525,BILL023389,PAT03372,FAC001,DEP002,ICICI Lombard,2025-05-05,1388.96,Denied,Authorization Missing,2025-05-11,0.0,1388.96
CLM017526,BILL023390,PAT00903,FAC003,DEP003,Niva Bupa,2025-05-27,567.89,Approved,Not Applicable,2025-06-01,491.81,76.08
CLM017534,BILL023399,PAT08094,FAC001,DEP003,HDFC ERGO,2025-09-10,908.39,Under Review,Not Applicable,2025-09-21,0.0,908.39
CLM017540,BILL023405,PAT06927,FAC004,DEP006,HDFC ERGO,2025-09-07,898.94,Under Review,Not Applicable,2025-09-28,0.0,898.94
CLM017544,BILL023410,PAT00480,FAC002,DEP001,ICICI Lombard,2025-07-13,1839.34,Under Review,Not Applicable,2025-08-11,0.0,1839.34
CLM017545,BILL023411,PAT00813,FAC003,DEP003,HDFC ERGO,2025-04-09,356.28,Approved,Not Applicable,2025-04-29,309.0,47.28
CLM017558,BILL023430,PAT07624,FAC004,DEP004,Star Health,2025-11-23,1240.06,Under Review,Not Applicable,2026-01-03,0.0,1240.06
CLM017560,BILL023435,PAT01912,FAC003,DEP008,HDFC ERGO,2025-10-06,1442.11,Pending,Not Applicable,2025-10-20,0.0,1442.11
CLM017566,BILL023447,PAT04375,FAC004,DEP002,ICICI Lombard,2025-02-02,1187.71,Paid,Not Applicable,2025-02-12,1113.88,73.83
CLM017570,BILL023451,PAT04992,FAC001,DEP002,Care Health,2025-05-25,776.7,Paid,Not Applicable,2025-06-10,761.0,15.7
CLM017574,BILL023457,PAT08831,FAC001,DEP001,Niva Bupa,2025-03-31,654.5,Paid,Not Applicable,2025-04-24,605.44,49.06
CLM017581,BILL023467,PAT09467,FAC001,DEP005,Star Health,2025-01-30,428.47,Approved,Not Applicable,2025-02-09,389.02,39.45
CLM017582,BILL023470,PAT07321,FAC002,DEP007,Star Health,2025-02-28,520.2,Paid,Not Applicable,2025-03-16,488.4,31.8
CLM017583,BILL023471,PAT08170,FAC004,DEP005,Niva Bupa,2025-12-29,397.52,Approved,Not Applicable,2026-01-10,363.42,34.1
CLM017586,BILL023474,PAT03796,FAC004,DEP001,Star Health,2025-12-09,1152.98,Paid,Not Applicable,2025-12-23,1074.05,78.93
CLM017590,BILL023482,PAT04013,FAC004,DEP006,Niva Bupa,2025-07-09,646.43,Paid,Not Applicable,2025-07-22,615.12,31.31
CLM017599,BILL023494,PAT08226,FAC001,DEP003,Star Health,2025-07-07,425.82,Paid,Not Applicable,2025-07-23,397.04,28.78
CLM017600,BILL023497,PAT04011,FAC002,DEP005,ICICI Lombard,2025-07-14,364.3,Approved,Not Applicable,2025-08-13,355.73,8.57
CLM017602,BILL023499,PAT01399,FAC004,DEP002,Care Health,2025-07-06,1148.21,Approved,Not Applicable,2025-07-27,1143.04,5.17
CLM017607,BILL023505,PAT07121,FAC002,DEP007,Star Health,2025-09-13,541.55,Paid,Not Applicable,2025-10-03,505.39,36.16
CLM017621,BILL023524,PAT07976,FAC005,DEP003,HDFC ERGO,2025-09-09,686.92,Approved,Not Applicable,2025-09-27,595.83,91.09
CLM017622,BILL023526,PAT00171,FAC004,DEP005,Star Health,2025-01-30,586.21,Under Review,Not Applicable,2025-02-13,0.0,586.21
CLM017627,BILL023531,PAT00591,FAC004,DEP001,HDFC ERGO,2025-01-28,1499.99,Paid,Not Applicable,2025-02-26,1429.98,70.01
CLM017629,BILL023534,PAT05675,FAC005,DEP003,Star Health,2025-12-19,875.63,Paid,Not Applicable,2026-01-04,863.73,11.9
CLM017630,BILL023535,PAT03711,FAC003,DEP008,ICICI Lombard,2025-07-12,1290.98,Pending,Not Applicable,2025-08-07,0.0,1290.98
CLM017637,BILL023547,PAT01732,FAC002,DEP002,ICICI Lombard,2025-12-27,839.12,Paid,Not Applicable,2026-01-03,800.57,38.55
CLM017641,BILL023552,PAT08125,FAC005,DEP003,ICICI Lombard,2025-10-21,520.91,Paid,Not Applicable,2025-10-28,482.22,38.69
CLM017645,BILL023558,PAT07226,FAC005,DEP005,HDFC ERGO,2025-08-31,493.07,Approved,Not Applicable,2025-09-22,457.02,36.05
CLM017662,BILL023584,PAT08402,FAC004,DEP007,Star Health,2025-11-07,399.81,Under Review,Not Applicable,2025-11-19,0.0,399.81
CLM017663,BILL023586,PAT06254,FAC003,DEP003,Star Health,2025-02-28,736.33,Approved,Not Applicable,2025-03-29,628.44,107.89
CLM017664,BILL023588,PAT02183,FAC003,DEP003,Star Health,2025-10-23,819.08,Paid,Not Applicable,2025-10-28,804.85,14.23
CLM017667,BILL023595,PAT04982,FAC003,DEP005,ICICI Lombard,2025-07-03,477.07,Denied,Eligibility Issue,2025-07-16,0.0,477.07
CLM017677,BILL023607,PAT09388,FAC004,DEP001,HDFC ERGO,2025-04-05,1878.62,Pending,Not Applicable,2025-05-08,0.0,1878.62
CLM017687,BILL023621,PAT07235,FAC002,DEP005,Niva Bupa,2025-02-08,223.77,Paid,Not Applicable,2025-02-22,223.08,0.69
CLM017692,BILL023628,PAT02309,FAC002,DEP005,HDFC ERGO,2025-03-22,271.02,Approved,Not Applicable,2025-03-29,232.9,38.12
CLM017701,BILL023640,PAT00246,FAC004,DEP005,HDFC ERGO,2025-06-01,684.19,Pending,Not Applicable,2025-06-14,0.0,684.19
CLM017711,BILL023652,PAT05415,FAC005,DEP001,Star Health,2025-08-03,956.4,Pending,Not Applicable,2025-08-24,0.0,956.4
CLM017717,BILL023658,PAT05181,FAC002,DEP002,Star Health,2025-01-07,656.9,Pending,Not Applicable,2025-02-18,0.0,656.9
CLM017720,BILL023664,PAT00909,FAC002,DEP001,Star Health,2025-07-27,1457.18,Pending,Not Applicable,2025-08-15,0.0,1457.18
CLM017727,BILL023673,PAT08696,FAC002,DEP005,HDFC ERGO,2025-04-30,489.66,Denied,Eligibility Issue,2025-05-13,0.0,489.66
CLM017731,BILL023677,PAT03059,FAC004,DEP002,Care Health,2025-11-11,1362.34,Denied,Authorization Missing,2025-11-27,0.0,1362.34
CLM017738,BILL023684,PAT00395,FAC005,DEP005,Star Health,2025-09-30,475.27,Approved,Not Applicable,2025-10-29,473.08,2.19
CLM017739,BILL023685,PAT03430,FAC004,DEP006,HDFC ERGO,2025-06-26,716.32,Approved,Not Applicable,2025-07-10,683.56,32.76
CLM017755,BILL023708,PAT05014,FAC004,DEP001,ICICI Lombard,2025-09-10,1212.13,Denied,Policy Exclusion,2025-10-01,0.0,1212.13
CLM017758,BILL023711,PAT09490,FAC003,DEP001,HDFC ERGO,2025-11-09,1430.68,Paid,Not Applicable,2025-11-20,1326.45,104.23
CLM017761,BILL023714,PAT09213,FAC002,DEP006,HDFC ERGO,2025-10-02,1054.19,Pending,Not Applicable,2025-10-26,0.0,1054.19
CLM017770,BILL023725,PAT02999,FAC005,DEP001,Star Health,2025-02-06,1499.24,Pending,Not Applicable,2025-03-09,0.0,1499.24
CLM017771,BILL023727,PAT09508,FAC002,DEP001,Care Health,2025-11-08,1432.8,Under Review,Not Applicable,2025-12-07,0.0,1432.8
CLM017773,BILL023729,PAT06162,FAC002,DEP002,ICICI Lombard,2025-03-06,908.9,Paid,Not Applicable,2025-03-26,852.86,56.04
CLM017786,BILL023745,PAT05728,FAC004,DEP005,Star Health,2025-03-26,725.13,Paid,Not Applicable,2025-04-01,677.83,47.3
CLM017788,BILL023747,PAT04076,FAC002,DEP005,Niva Bupa,2025-03-13,316.78,Paid,Not Applicable,2025-03-30,299.94,16.84
CLM017790,BILL023749,PAT01471,FAC005,DEP005,Niva Bupa,2025-04-27,395.4,Paid,Not Applicable,2025-05-03,376.19,19.21
CLM017791,BILL023751,PAT08402,FAC001,DEP002,Star Health,2025-10-16,819.18,Under Review,Not Applicable,2025-11-05,0.0,819.18
CLM017803,BILL023766,PAT08407,FAC004,DEP004,HDFC ERGO,2025-10-03,1335.07,Under Review,Not Applicable,2025-10-28,0.0,1335.07
CLM017808,BILL023776,PAT00715,FAC003,DEP005,Star Health,2025-06-06,398.44,Paid,Not Applicable,2025-07-04,397.97,0.47
CLM017815,BILL023785,PAT09293,FAC005,DEP003,Care Health,2025-06-13,616.36,Approved,Not Applicable,2025-07-01,532.34,84.02
CLM017817,BILL023787,PAT07498,FAC001,DEP001,Niva Bupa,2025-03-05,682.28,Paid,Not Applicable,2025-03-20,677.36,4.92
CLM017824,BILL023798,PAT00275,FAC003,DEP003,Care Health,2025-02-13,672.32,Paid,Not Applicable,2025-02-25,671.52,0.8
CLM017828,BILL023803,PAT01704,FAC005,DEP001,HDFC ERGO,2025-04-28,1651.13,Paid,Not Applicable,2025-05-20,1545.72,105.41
CLM017833,BILL023808,PAT06089,FAC005,DEP003,HDFC ERGO,2025-03-15,750.56,Under Review,Not Applicable,2025-04-17,0.0,750.56
CLM017844,BILL023822,PAT00705,FAC003,DEP001,ICICI Lombard,2025-10-13,930.23,Approved,Not Applicable,2025-11-01,833.19,97.04
CLM017857,BILL023837,PAT04102,FAC002,DEP002,HDFC ERGO,2025-04-06,531.5,Paid,Not Applicable,2025-05-06,511.11,20.39
CLM017860,BILL023841,PAT00669,FAC001,DEP004,Care Health,2025-07-19,986.18,Approved,Not Applicable,2025-08-03,868.29,117.89
CLM017871,BILL023854,PAT03805,FAC003,DEP005,Niva Bupa,2025-12-16,525.63,Approved,Not Applicable,2026-01-07,494.45,31.18
CLM017885,BILL023873,PAT06891,FAC001,DEP002,Care Health,2025-08-19,568.76,Paid,Not Applicable,2025-09-10,567.57,1.19
CLM017899,BILL023890,PAT06335,FAC004,DEP005,Niva Bupa,2025-02-19,350.5,Approved,Not Applicable,2025-03-04,325.15,25.35
CLM017900,BILL023891,PAT01394,FAC004,DEP006,Niva Bupa,2025-11-26,876.78,Pending,Not Applicable,2025-12-19,0.0,876.78
CLM017912,BILL023907,PAT06959,FAC002,DEP007,ICICI Lombard,2025-10-03,309.86,Pending,Not Applicable,2025-10-27,0.0,309.86
CLM017918,BILL023916,PAT03997,FAC005,DEP003,Star Health,2025-06-06,768.78,Under Review,Not Applicable,2025-06-21,0.0,768.78
CLM017923,BILL023923,PAT02693,FAC005,DEP005,Niva Bupa,2025-05-24,420.61,Denied,Coding Error,2025-06-08,0.0,420.61
CLM017924,BILL023924,PAT09943,FAC001,DEP003,Star Health,2025-08-20,896.64,Paid,Not Applicable,2025-09-13,864.56,32.08
CLM017936,BILL023937,PAT07230,FAC004,DEP007,Niva Bupa,2025-09-07,294.74,Denied,Policy Exclusion,2025-09-22,0.0,294.74
CLM017938,BILL023939,PAT02268,FAC003,DEP003,Care Health,2025-03-03,531.03,Pending,Not Applicable,2025-04-12,0.0,531.03
CLM017940,BILL023942,PAT00377,FAC003,DEP007,ICICI Lombard,2025-07-16,340.1,Approved,Not Applicable,2025-08-15,300.21,39.89
CLM017949,BILL023952,PAT01748,FAC002,DEP001,Niva Bupa,2025-11-18,1327.88,Paid,Not Applicable,2025-12-01,1286.6,41.28
CLM017952,BILL023957,PAT04815,FAC004,DEP001,Care Health,2025-10-15,1567.94,Under Review,Not Applicable,2025-11-20,0.0,1567.94
CLM017953,BILL023958,PAT02715,FAC005,DEP001,Care Health,2025-07-09,1228.1,Approved,Not Applicable,2025-07-14,1221.39,6.71
CLM017954,BILL023960,PAT03617,FAC003,DEP005,Niva Bupa,2025-07-17,465.79,Approved,Not Applicable,2025-08-06,426.13,39.66
CLM017955,BILL023961,PAT07972,FAC004,DEP006,ICICI Lombard,2025-04-25,693.8,Paid,Not Applicable,2025-05-25,666.0,27.8
CLM017964,BILL023976,PAT04124,FAC001,DEP003,Niva Bupa,2025-10-22,718.91,Approved,Not Applicable,2025-11-03,716.02,2.89
CLM017970,BILL023984,PAT06211,FAC001,DEP002,Star Health,2025-12-17,1490.17,Approved,Not Applicable,2026-01-12,1462.88,27.29
CLM017977,BILL023992,PAT04302,FAC001,DEP004,Star Health,2025-05-15,1423.65,Pending,Not Applicable,2025-06-28,0.0,1423.65
CLM017978,BILL023993,PAT05387,FAC004,DEP002,ICICI Lombard,2025-11-13,1023.29,Paid,Not Applicable,2025-11-30,999.77,23.52
CLM017981,BILL023997,PAT06714,FAC001,DEP008,Niva Bupa,2025-07-18,1671.83,Paid,Not Applicable,2025-08-13,1584.09,87.74
CLM017984,BILL024001,PAT07732,FAC004,DEP001,HDFC ERGO,2025-12-12,1322.56,Approved,Not Applicable,2026-01-01,1290.68,31.88
CLM017986,BILL024003,PAT07294,FAC004,DEP005,Care Health,2025-08-09,501.38,Paid,Not Applicable,2025-08-29,494.66,6.72
CLM017988,BILL024005,PAT03887,FAC003,DEP001,Care Health,2025-08-16,1501.3,Paid,Not Applicable,2025-08-28,1485.79,15.51
CLM017989,BILL024006,PAT08122,FAC002,DEP005,Star Health,2025-10-23,577.75,Approved,Not Applicable,2025-11-22,530.68,47.07
CLM017991,BILL024010,PAT01262,FAC003,DEP001,ICICI Lombard,2025-09-28,1191.97,Paid,Not Applicable,2025-10-07,1147.19,44.78
CLM018006,BILL024036,PAT03636,FAC003,DEP003,ICICI Lombard,2025-06-02,803.49,Pending,Not Applicable,2025-06-23,0.0,803.49
CLM018010,BILL024041,PAT07794,FAC001,DEP004,ICICI Lombard,2025-08-11,1199.97,Pending,Not Applicable,2025-09-14,0.0,1199.97
CLM018019,BILL024055,PAT07535,FAC005,DEP001,Star Health,2025-03-10,1177.81,Approved,Not Applicable,2025-03-15,1058.9,118.91
CLM018026,BILL024067,PAT08271,FAC003,DEP005,Care Health,2025-02-12,519.89,Paid,Not Applicable,2025-03-09,498.18,21.71
CLM018034,BILL024076,PAT06476,FAC001,DEP003,ICICI Lombard,2025-04-10,678.69,Paid,Not Applicable,2025-05-03,675.17,3.52
CLM018039,BILL024083,PAT08512,FAC003,DEP003,HDFC ERGO,2025-06-10,950.04,Approved,Not Applicable,2025-06-18,883.53,66.51
CLM018040,BILL024084,PAT03270,FAC005,DEP003,HDFC ERGO,2025-03-29,467.28,Approved,Not Applicable,2025-04-18,425.86,41.42
CLM018041,BILL024087,PAT08137,FAC004,DEP004,Star Health,2025-09-07,1200.3,Approved,Not Applicable,2025-09-20,1080.3,120.0
CLM018042,BILL024088,PAT05013,FAC001,DEP005,ICICI Lombard,2025-01-13,314.46,Pending,Not Applicable,2025-02-26,0.0,314.46
CLM018044,BILL024090,PAT08938,FAC005,DEP003,Star Health,2025-06-19,531.92,Pending,Not Applicable,2025-07-04,0.0,531.92
CLM018056,BILL024109,PAT08402,FAC002,DEP002,ICICI Lombard,2025-10-15,573.16,Paid,Not Applicable,2025-11-04,571.78,1.38
CLM018072,BILL024127,PAT06622,FAC005,DEP001,HDFC ERGO,2025-01-25,1471.18,Paid,Not Applicable,2025-02-06,1389.69,81.49
CLM018079,BILL024135,PAT08188,FAC001,DEP004,ICICI Lombard,2025-01-09,838.89,Approved,Not Applicable,2025-01-17,760.54,78.35
CLM018091,BILL024150,PAT00252,FAC004,DEP001,Niva Bupa,2025-04-26,773.08,Paid,Not Applicable,2025-05-14,757.36,15.72
CLM018093,BILL024153,PAT06129,FAC005,DEP003,ICICI Lombard,2025-11-03,850.01,Paid,Not Applicable,2025-11-17,822.66,27.35
CLM018099,BILL024163,PAT09820,FAC004,DEP004,Niva Bupa,2025-02-10,785.34,Paid,Not Applicable,2025-03-12,726.32,59.02
CLM018106,BILL024173,PAT07991,FAC001,DEP008,Star Health,2025-04-12,1524.54,Paid,Not Applicable,2025-04-28,1484.64,39.9
CLM018109,BILL024176,PAT08599,FAC005,DEP008,Niva Bupa,2025-03-31,1835.77,Paid,Not Applicable,2025-04-11,1783.72,52.05
CLM018110,BILL024178,PAT06851,FAC001,DEP002,Niva Bupa,2025-07-06,1353.24,Under Review,Not Applicable,2025-08-08,0.0,1353.24
CLM018111,BILL024179,PAT04078,FAC001,DEP003,ICICI Lombard,2025-01-25,630.69,Paid,Not Applicable,2025-02-09,618.55,12.14
CLM018112,BILL024181,PAT00658,FAC002,DEP001,ICICI Lombard,2025-01-10,1382.49,Under Review,Not Applicable,2025-01-28,0.0,1382.49
CLM018116,BILL024187,PAT02178,FAC001,DEP003,Care Health,2025-06-03,651.02,Denied,Missing Documentation,2025-06-24,0.0,651.02
CLM018120,BILL024195,PAT05454,FAC004,DEP002,ICICI Lombard,2025-05-26,1014.05,Paid,Not Applicable,2025-06-11,996.53,17.52
CLM018121,BILL024196,PAT02630,FAC001,DEP001,Star Health,2025-03-05,1482.44,Paid,Not Applicable,2025-03-14,1423.64,58.8
CLM018126,BILL024207,PAT08331,FAC002,DEP005,HDFC ERGO,2025-03-24,517.13,Paid,Not Applicable,2025-04-13,504.82,12.31
CLM018129,BILL024214,PAT09195,FAC001,DEP001,Care Health,2025-09-26,1494.56,Paid,Not Applicable,2025-10-05,1426.08,68.48
CLM018141,BILL024233,PAT06891,FAC001,DEP005,Star Health,2025-08-08,384.23,Denied,Policy Exclusion,2025-08-12,0.0,384.23
CLM018147,BILL024240,PAT01490,FAC001,DEP005,Care Health,2025-01-24,516.42,Approved,Not Applicable,2025-02-13,454.03,62.39
CLM018150,BILL024246,PAT06352,FAC002,DEP007,HDFC ERGO,2025-07-01,786.76,Approved,Not Applicable,2025-07-14,760.85,25.91
CLM018154,BILL024250,PAT02183,FAC002,DEP005,Niva Bupa,2025-03-25,508.04,Approved,Not Applicable,2025-04-08,450.71,57.33
CLM018155,BILL024252,PAT08049,FAC003,DEP005,HDFC ERGO,2025-11-05,333.1,Paid,Not Applicable,2025-12-01,329.61,3.49
CLM018169,BILL024270,PAT03195,FAC001,DEP008,Care Health,2025-10-02,1623.58,Approved,Not Applicable,2025-10-29,1611.73,11.85
CLM018175,BILL024277,PAT08577,FAC001,DEP002,HDFC ERGO,2025-08-20,738.42,Approved,Not Applicable,2025-09-04,636.97,101.45
CLM018179,BILL024282,PAT05398,FAC004,DEP002,Care Health,2025-01-11,789.11,Paid,Not Applicable,2025-01-31,751.89,37.22
CLM018181,BILL024285,PAT02705,FAC005,DEP005,HDFC ERGO,2025-08-30,310.9,Pending,Not Applicable,2025-09-17,0.0,310.9
CLM018182,BILL024286,PAT03448,FAC004,DEP002,Star Health,2025-10-09,1095.58,Paid,Not Applicable,2025-10-24,1010.87,84.71
CLM018186,BILL024292,PAT02255,FAC003,DEP005,Star Health,2025-12-24,582.12,Pending,Not Applicable,2026-01-03,0.0,582.12
CLM018190,BILL024296,PAT07376,FAC004,DEP006,Star Health,2025-04-06,600.13,Paid,Not Applicable,2025-04-17,577.06,23.07
CLM018192,BILL024299,PAT04004,FAC002,DEP001,Star Health,2025-03-28,1072.96,Paid,Not Applicable,2025-04-13,1014.71,58.25
CLM018196,BILL024304,PAT01594,FAC003,DEP007,ICICI Lombard,2025-02-22,586.09,Paid,Not Applicable,2025-03-10,554.36,31.73
CLM018199,BILL024309,PAT07253,FAC004,DEP002,Star Health,2025-09-08,697.1,Paid,Not Applicable,2025-09-13,688.69,8.41
CLM018206,BILL024319,PAT09614,FAC004,DEP002,ICICI Lombard,2025-07-17,673.24,Denied,Duplicate Claim,2025-07-22,0.0,673.24
CLM018208,BILL024321,PAT09616,FAC002,DEP005,Care Health,2025-03-07,454.39,Approved,Not Applicable,2025-03-12,403.35,51.04
CLM018209,BILL024324,PAT05567,FAC005,DEP003,HDFC ERGO,2025-12-25,786.18,Paid,Not Applicable,2026-01-19,749.03,37.15
CLM018212,BILL024328,PAT02127,FAC003,DEP001,Star Health,2025-04-17,1827.76,Under Review,Not Applicable,2025-05-21,0.0,1827.76
CLM018218,BILL024335,PAT04234,FAC002,DEP007,Niva Bupa,2025-07-02,364.3,Paid,Not Applicable,2025-07-25,338.55,25.75
CLM018226,BILL024346,PAT07692,FAC002,DEP001,ICICI Lombard,2025-06-21,1251.8,Pending,Not Applicable,2025-07-15,0.0,1251.8
CLM018233,BILL024356,PAT09887,FAC005,DEP001,Star Health,2025-12-29,879.65,Pending,Not Applicable,2026-01-29,0.0,879.65
CLM018239,BILL024363,PAT09503,FAC002,DEP001,Star Health,2025-08-02,1477.27,Pending,Not Applicable,2025-09-06,0.0,1477.27
CLM018245,BILL024369,PAT03821,FAC003,DEP001,ICICI Lombard,2025-04-08,872.8,Pending,Not Applicable,2025-05-14,0.0,872.8
CLM018251,BILL024377,PAT00169,FAC001,DEP002,Star Health,2025-10-06,974.52,Paid,Not Applicable,2025-11-05,919.27,55.25
CLM018257,BILL024384,PAT03648,FAC003,DEP003,Star Health,2025-01-05,717.1,Approved,Not Applicable,2025-01-20,710.7,6.4
CLM018261,BILL024390,PAT06349,FAC002,DEP002,Care Health,2025-11-26,914.68,Approved,Not Applicable,2025-12-02,791.97,122.71
CLM018262,BILL024392,PAT07835,FAC003,DEP008,Star Health,2025-03-26,1717.16,Paid,Not Applicable,2025-04-25,1716.95,0.21
CLM018263,BILL024394,PAT05684,FAC004,DEP007,Care Health,2025-01-19,608.67,Approved,Not Applicable,2025-01-27,552.21,56.46
CLM018265,BILL024400,PAT04591,FAC005,DEP007,Care Health,2025-01-03,491.64,Paid,Not Applicable,2025-02-02,467.55,24.09
CLM018268,BILL024403,PAT09218,FAC004,DEP006,Niva Bupa,2025-08-07,456.88,Approved,Not Applicable,2025-08-16,388.4,68.48
CLM018276,BILL024413,PAT07177,FAC001,DEP001,HDFC ERGO,2025-11-23,1173.33,Under Review,Not Applicable,2025-12-23,0.0,1173.33
CLM018281,BILL024419,PAT03939,FAC004,DEP002,ICICI Lombard,2025-08-21,774.53,Pending,Not Applicable,2025-09-16,0.0,774.53
CLM018284,BILL024422,PAT03617,FAC003,DEP007,Star Health,2025-01-17,755.58,Paid,Not Applicable,2025-02-05,719.46,36.12
CLM018290,BILL024430,PAT06187,FAC003,DEP003,HDFC ERGO,2025-03-27,749.35,Approved,Not Applicable,2025-04-05,739.71,9.64
CLM018291,BILL024431,PAT07508,FAC003,DEP001,ICICI Lombard,2025-04-26,1378.16,Paid,Not Applicable,2025-05-18,1295.15,83.01
CLM018296,BILL024436,PAT07502,FAC002,DEP001,Care Health,2025-01-03,1439.7,Denied,Coding Error,2025-01-21,0.0,1439.7
CLM018297,BILL024437,PAT09056,FAC005,DEP003,HDFC ERGO,2025-08-04,567.2,Approved,Not Applicable,2025-08-31,550.01,17.19
CLM018301,BILL024445,PAT03685,FAC003,DEP003,HDFC ERGO,2025-08-04,606.46,Paid,Not Applicable,2025-09-03,592.57,13.89
CLM018302,BILL024446,PAT07229,FAC001,DEP001,HDFC ERGO,2025-09-09,1086.7,Paid,Not Applicable,2025-10-04,1077.45,9.25
CLM018303,BILL024447,PAT02418,FAC005,DEP003,Star Health,2025-04-01,705.97,Denied,Missing Documentation,2025-04-08,0.0,705.97
CLM018304,BILL024448,PAT03956,FAC003,DEP003,ICICI Lombard,2025-08-07,518.47,Paid,Not Applicable,2025-08-20,495.37,23.1
CLM018307,BILL024451,PAT00677,FAC004,DEP002,Star Health,2025-09-23,757.06,Paid,Not Applicable,2025-10-23,731.45,25.61
CLM018309,BILL024453,PAT03121,FAC002,DEP006,Care Health,2025-01-10,397.16,Denied,Authorization Missing,2025-01-29,0.0,397.16
CLM018321,BILL024468,PAT05658,FAC003,DEP008,HDFC ERGO,2025-12-12,1988.92,Pending,Not Applicable,2026-01-25,0.0,1988.92
CLM018325,BILL024472,PAT01767,FAC003,DEP007,Star Health,2025-08-03,434.87,Pending,Not Applicable,2025-08-13,0.0,434.87
CLM018335,BILL024485,PAT01176,FAC001,DEP003,HDFC ERGO,2025-03-20,500.82,Paid,Not Applicable,2025-04-18,477.86,22.96
CLM018341,BILL024492,PAT02754,FAC005,DEP007,Care Health,2025-02-28,638.35,Under Review,Not Applicable,2025-04-02,0.0,638.35
CLM018342,BILL024493,PAT04302,FAC005,DEP005,Star Health,2025-11-04,474.99,Approved,Not Applicable,2025-11-20,408.55,66.44
CLM018345,BILL024496,PAT09726,FAC001,DEP002,HDFC ERGO,2025-08-20,803.83,Denied,Duplicate Claim,2025-08-25,0.0,803.83
CLM018346,BILL024499,PAT01635,FAC001,DEP003,Star Health,2025-05-24,389.67,Under Review,Not Applicable,2025-06-21,0.0,389.67
CLM018357,BILL024516,PAT00327,FAC002,DEP005,HDFC ERGO,2025-10-13,575.43,Under Review,Not Applicable,2025-11-02,0.0,575.43
CLM018358,BILL024518,PAT03017,FAC004,DEP005,ICICI Lombard,2025-02-23,496.93,Pending,Not Applicable,2025-04-08,0.0,496.93
CLM018360,BILL024520,PAT08927,FAC004,DEP007,HDFC ERGO,2025-10-07,386.09,Paid,Not Applicable,2025-10-30,365.45,20.64
CLM018369,BILL024534,PAT05713,FAC004,DEP005,ICICI Lombard,2025-01-10,617.26,Pending,Not Applicable,2025-02-04,0.0,617.26
CLM018376,BILL024543,PAT05377,FAC005,DEP001,HDFC ERGO,2025-01-22,1320.69,Under Review,Not Applicable,2025-02-22,0.0,1320.69
CLM018377,BILL024544,PAT09645,FAC003,DEP003,Care Health,2025-04-27,327.42,Paid,Not Applicable,2025-05-08,321.74,5.68
CLM018379,BILL024547,PAT04581,FAC002,DEP007,HDFC ERGO,2025-10-22,584.54,Approved,Not Applicable,2025-11-19,528.33,56.21
CLM018380,BILL024548,PAT00979,FAC005,DEP003,Niva Bupa,2025-11-14,669.9,Approved,Not Applicable,2025-12-01,663.25,6.65
CLM018387,BILL024555,PAT06685,FAC003,DEP007,HDFC ERGO,2025-11-28,622.28,Approved,Not Applicable,2025-12-27,581.05,41.23
CLM018391,BILL024561,PAT05285,FAC003,DEP003,HDFC ERGO,2025-03-03,387.87,Paid,Not Applicable,2025-03-16,368.91,18.96
CLM018392,BILL024562,PAT04833,FAC003,DEP007,ICICI Lombard,2025-10-13,564.38,Approved,Not Applicable,2025-11-02,546.13,18.25
CLM018393,BILL024563,PAT08518,FAC004,DEP005,Star Health,2025-10-31,338.47,Paid,Not Applicable,2025-11-05,338.45,0.02
CLM018396,BILL024566,PAT02047,FAC002,DEP001,HDFC ERGO,2025-10-14,1057.26,Under Review,Not Applicable,2025-11-04,0.0,1057.26
CLM018398,BILL024568,PAT05072,FAC004,DEP002,HDFC ERGO,2025-08-19,726.81,Paid,Not Applicable,2025-09-11,717.67,9.14
CLM018406,BILL024579,PAT07226,FAC005,DEP005,Niva Bupa,2025-11-25,416.3,Under Review,Not Applicable,2026-01-04,0.0,416.3
CLM018407,BILL024580,PAT03112,FAC003,DEP001,Care Health,2025-12-18,1853.05,Approved,Not Applicable,2026-01-17,1681.11,171.94
CLM018414,BILL024588,PAT08137,FAC004,DEP005,Star Health,2025-11-23,397.05,Approved,Not Applicable,2025-12-01,395.15,1.9
CLM018415,BILL024589,PAT08830,FAC004,DEP005,Niva Bupa,2025-04-22,404.67,Approved,Not Applicable,2025-04-29,376.45,28.22
CLM018416,BILL024590,PAT00748,FAC004,DEP001,ICICI Lombard,2025-07-05,1413.68,Pending,Not Applicable,2025-08-05,0.0,1413.68
CLM018428,BILL024604,PAT07629,FAC001,DEP003,ICICI Lombard,2025-11-27,551.44,Paid,Not Applicable,2025-12-17,527.88,23.56
CLM018432,BILL024612,PAT04234,FAC005,DEP005,Care Health,2025-05-11,616.19,Under Review,Not Applicable,2025-06-14,0.0,616.19
CLM018434,BILL024614,PAT01328,FAC005,DEP003,Care Health,2025-07-22,535.51,Under Review,Not Applicable,2025-08-22,0.0,535.51
CLM018435,BILL024615,PAT04696,FAC001,DEP002,HDFC ERGO,2025-07-20,519.12,Denied,Coding Error,2025-08-02,0.0,519.12
CLM018436,BILL024616,PAT09954,FAC004,DEP004,Niva Bupa,2025-08-29,1120.69,Under Review,Not Applicable,2025-09-16,0.0,1120.69
CLM018438,BILL024618,PAT02185,FAC002,DEP006,HDFC ERGO,2025-05-23,692.94,Approved,Not Applicable,2025-06-12,639.81,53.13
CLM018439,BILL024619,PAT05380,FAC002,DEP001,Star Health,2025-04-17,1884.47,Approved,Not Applicable,2025-05-05,1627.01,257.46
CLM018444,BILL024628,PAT09734,FAC004,DEP005,HDFC ERGO,2025-05-17,685.79,Approved,Not Applicable,2025-05-24,639.6,46.19
CLM018445,BILL024629,PAT02999,FAC002,DEP001,Star Health,2025-07-22,2028.98,Pending,Not Applicable,2025-08-10,0.0,2028.98
CLM018446,BILL024630,PAT08962,FAC002,DEP002,ICICI Lombard,2025-09-16,1011.78,Approved,Not Applicable,2025-10-14,980.71,31.07
CLM018458,BILL024645,PAT06148,FAC003,DEP001,HDFC ERGO,2025-03-22,1104.54,Approved,Not Applicable,2025-04-15,1020.85,83.69
CLM018460,BILL024647,PAT07052,FAC001,DEP002,Star Health,2025-01-23,655.86,Under Review,Not Applicable,2025-02-08,0.0,655.86
CLM018463,BILL024651,PAT02520,FAC003,DEP005,ICICI Lombard,2025-10-15,375.86,Denied,Coding Error,2025-11-03,0.0,375.86
CLM018473,BILL024666,PAT06144,FAC002,DEP005,Star Health,2025-09-07,531.01,Approved,Not Applicable,2025-09-21,488.23,42.78
CLM018476,BILL024672,PAT09692,FAC005,DEP001,HDFC ERGO,2025-02-17,1326.52,Under Review,Not Applicable,2025-03-23,0.0,1326.52
CLM018481,BILL024678,PAT00625,FAC003,DEP003,Niva Bupa,2025-10-16,604.61,Pending,Not Applicable,2025-11-02,0.0,604.61
CLM018490,BILL024690,PAT05748,FAC001,DEP001,Star Health,2025-10-06,1358.9,Under Review,Not Applicable,2025-10-27,0.0,1358.9
CLM018501,BILL024708,PAT08369,FAC003,DEP005,Niva Bupa,2025-06-11,510.48,Under Review,Not Applicable,2025-06-24,0.0,510.48
CLM018504,BILL024711,PAT07727,FAC002,DEP005,Star Health,2025-10-30,489.75,Under Review,Not Applicable,2025-12-09,0.0,489.75
CLM018506,BILL024713,PAT02806,FAC002,DEP002,HDFC ERGO,2025-09-19,1078.78,Pending,Not Applicable,2025-10-23,0.0,1078.78
CLM018507,BILL024715,PAT01452,FAC005,DEP001,ICICI Lombard,2025-05-31,1517.17,Approved,Not Applicable,2025-06-06,1308.29,208.88
CLM018526,BILL024736,PAT02920,FAC004,DEP002,Care Health,2025-03-28,1061.33,Approved,Not Applicable,2025-04-04,906.51,154.82
CLM018529,BILL024740,PAT07223,FAC005,DEP007,ICICI Lombard,2025-08-07,1035.1,Approved,Not Applicable,2025-08-15,1008.84,26.26
CLM018530,BILL024741,PAT09390,FAC003,DEP001,Care Health,2025-10-14,1028.71,Approved,Not Applicable,2025-10-27,997.6,31.11
CLM018532,BILL024743,PAT03861,FAC003,DEP001,ICICI Lombard,2025-03-02,1837.76,Approved,Not Applicable,2025-03-16,1772.22,65.54
CLM018537,BILL024750,PAT02146,FAC001,DEP003,ICICI Lombard,2025-08-02,646.0,Approved,Not Applicable,2025-08-30,592.38,53.62
CLM018546,BILL024763,PAT09056,FAC005,DEP008,ICICI Lombard,2025-10-20,1847.62,Paid,Not Applicable,2025-10-27,1787.39,60.23
CLM018552,BILL024771,PAT01484,FAC001,DEP001,Care Health,2025-06-29,903.14,Paid,Not Applicable,2025-07-14,864.24,38.9
CLM018553,BILL024772,PAT04991,FAC002,DEP005,ICICI Lombard,2025-04-25,342.14,Denied,Eligibility Issue,2025-05-06,0.0,342.14
CLM018558,BILL024779,PAT03308,FAC001,DEP008,Care Health,2025-11-15,1092.52,Under Review,Not Applicable,2025-12-04,0.0,1092.52
CLM018561,BILL024783,PAT06144,FAC003,DEP007,HDFC ERGO,2025-01-29,487.28,Approved,Not Applicable,2025-02-25,480.26,7.02
CLM018562,BILL024784,PAT03475,FAC001,DEP003,Care Health,2025-11-10,456.52,Paid,Not Applicable,2025-12-08,424.42,32.1
CLM018574,BILL024806,PAT00931,FAC004,DEP004,ICICI Lombard,2025-01-25,1597.19,Under Review,Not Applicable,2025-03-11,0.0,1597.19
CLM018601,BILL024848,PAT03324,FAC004,DEP004,ICICI Lombard,2025-06-14,916.75,Denied,Authorization Missing,2025-07-02,0.0,916.75
CLM018617,BILL024869,PAT01663,FAC004,DEP002,Care Health,2025-04-15,332.43,Paid,Not Applicable,2025-04-28,308.2,24.23
CLM018618,BILL024870,PAT09469,FAC002,DEP006,Care Health,2025-09-07,935.66,Approved,Not Applicable,2025-09-24,861.16,74.5
CLM018619,BILL024871,PAT04490,FAC003,DEP007,HDFC ERGO,2025-12-04,822.1,Pending,Not Applicable,2025-12-21,0.0,822.1
CLM018634,BILL024890,PAT03796,FAC003,DEP001,ICICI Lombard,2025-10-18,1220.39,Approved,Not Applicable,2025-11-05,1047.79,172.6
CLM018642,BILL024902,PAT06770,FAC001,DEP003,HDFC ERGO,2025-07-19,747.38,Paid,Not Applicable,2025-08-17,699.1,48.28
CLM018644,BILL024904,PAT01255,FAC004,DEP006,Star Health,2025-06-23,474.87,Approved,Not Applicable,2025-06-28,418.45,56.42
CLM018650,BILL024910,PAT08373,FAC001,DEP002,Star Health,2025-12-15,689.45,Under Review,Not Applicable,2026-01-15,0.0,689.45
CLM018658,BILL024922,PAT00901,FAC005,DEP005,Star Health,2025-05-25,501.82,Pending,Not Applicable,2025-06-27,0.0,501.82
CLM018660,BILL024924,PAT00896,FAC002,DEP002,ICICI Lombard,2025-05-25,1146.94,Denied,Authorization Missing,2025-06-02,0.0,1146.94
CLM018672,BILL024938,PAT05145,FAC004,DEP007,HDFC ERGO,2025-02-21,540.97,Approved,Not Applicable,2025-03-18,487.28,53.69
CLM018678,BILL024945,PAT05359,FAC004,DEP002,HDFC ERGO,2025-07-14,1134.52,Denied,Eligibility Issue,2025-07-21,0.0,1134.52
CLM018681,BILL024949,PAT02129,FAC003,DEP003,HDFC ERGO,2025-12-05,621.01,Paid,Not Applicable,2026-01-01,618.33,2.68
CLM018684,BILL024954,PAT01023,FAC004,DEP002,HDFC ERGO,2025-08-23,981.92,Under Review,Not Applicable,2025-09-29,0.0,981.92
CLM018687,BILL024957,PAT09614,FAC002,DEP005,ICICI Lombard,2025-12-31,532.53,Approved,Not Applicable,2026-01-25,456.2,76.33
CLM018689,BILL024959,PAT01685,FAC003,DEP003,ICICI Lombard,2025-03-01,536.14,Paid,Not Applicable,2025-03-07,514.61,21.53
CLM018694,BILL024965,PAT04095,FAC003,DEP008,Niva Bupa,2025-12-17,2085.21,Approved,Not Applicable,2026-01-12,1980.1,105.11
CLM018706,BILL024980,PAT05533,FAC004,DEP001,Care Health,2025-08-19,1374.93,Paid,Not Applicable,2025-08-27,1362.47,12.46
CLM018710,BILL024986,PAT02113,FAC005,DEP003,HDFC ERGO,2025-09-22,381.38,Under Review,Not Applicable,2025-10-02,0.0,381.38
CLM018715,BILL024996,PAT03107,FAC001,DEP008,ICICI Lombard,2025-09-21,2248.67,Approved,Not Applicable,2025-10-03,2110.53,138.14
CLM018721,BILL025002,PAT04456,FAC003,DEP003,HDFC ERGO,2025-07-15,536.77,Pending,Not Applicable,2025-08-21,0.0,536.77
CLM018723,BILL025004,PAT02349,FAC001,DEP008,Star Health,2025-08-19,1097.77,Approved,Not Applicable,2025-08-30,1083.89,13.88
CLM018726,BILL025009,PAT04607,FAC002,DEP001,Niva Bupa,2025-08-18,1206.65,Paid,Not Applicable,2025-09-17,1132.41,74.24
CLM018727,BILL025011,PAT06182,FAC003,DEP005,Star Health,2025-07-14,578.19,Under Review,Not Applicable,2025-08-12,0.0,578.19
CLM018729,BILL025015,PAT01112,FAC001,DEP002,Care Health,2025-06-30,1388.46,Under Review,Not Applicable,2025-08-11,0.0,1388.46
CLM018737,BILL025027,PAT06182,FAC001,DEP002,HDFC ERGO,2025-02-19,1025.23,Approved,Not Applicable,2025-03-05,877.35,147.88
CLM018738,BILL025029,PAT01881,FAC003,DEP003,Niva Bupa,2025-01-04,709.93,Under Review,Not Applicable,2025-02-09,0.0,709.93
CLM018741,BILL025033,PAT02563,FAC004,DEP002,HDFC ERGO,2025-09-29,1171.1,Paid,Not Applicable,2025-10-05,1132.86,38.24
CLM018749,BILL025044,PAT02445,FAC001,DEP002,ICICI Lombard,2025-04-15,1058.56,Pending,Not Applicable,2025-05-22,0.0,1058.56
CLM018757,BILL025057,PAT09467,FAC005,DEP003,ICICI Lombard,2025-09-25,718.76,Under Review,Not Applicable,2025-10-25,0.0,718.76
CLM018772,BILL025074,PAT04661,FAC004,DEP001,Care Health,2025-02-19,1476.17,Paid,Not Applicable,2025-03-08,1367.5,108.67
CLM018778,BILL025082,PAT04979,FAC003,DEP005,Care Health,2025-03-17,555.87,Approved,Not Applicable,2025-04-04,518.85,37.02
CLM018786,BILL025090,PAT04686,FAC002,DEP001,Niva Bupa,2025-03-07,1474.5,Approved,Not Applicable,2025-03-26,1343.19,131.31
CLM018795,BILL025102,PAT06339,FAC005,DEP006,Star Health,2025-11-26,693.9,Approved,Not Applicable,2025-12-21,604.66,89.24
CLM018796,BILL025103,PAT04609,FAC005,DEP003,Star Health,2025-06-26,780.33,Under Review,Not Applicable,2025-07-18,0.0,780.33
CLM018800,BILL025111,PAT05782,FAC004,DEP005,Niva Bupa,2025-12-17,501.64,Paid,Not Applicable,2026-01-16,465.45,36.19
CLM018804,BILL025117,PAT08901,FAC001,DEP001,Star Health,2025-10-31,1583.29,Pending,Not Applicable,2025-12-09,0.0,1583.29
CLM018810,BILL025125,PAT04831,FAC004,DEP006,ICICI Lombard,2025-05-14,713.3,Approved,Not Applicable,2025-06-01,652.28,61.02
CLM018814,BILL025130,PAT03699,FAC003,DEP008,HDFC ERGO,2025-03-03,1314.83,Paid,Not Applicable,2025-03-14,1218.36,96.47
CLM018821,BILL025142,PAT00534,FAC001,DEP002,Star Health,2025-11-22,824.26,Pending,Not Applicable,2025-12-14,0.0,824.26
CLM018822,BILL025144,PAT03648,FAC003,DEP001,HDFC ERGO,2025-07-12,1163.63,Pending,Not Applicable,2025-08-01,0.0,1163.63
CLM018837,BILL025167,PAT02217,FAC005,DEP008,Niva Bupa,2025-04-20,1195.95,Approved,Not Applicable,2025-05-19,1072.34,123.61
CLM018849,BILL025182,PAT01140,FAC002,DEP005,HDFC ERGO,2025-04-04,394.15,Paid,Not Applicable,2025-04-21,392.67,1.48
CLM018857,BILL025192,PAT09773,FAC004,DEP002,ICICI Lombard,2025-10-12,730.7,Approved,Not Applicable,2025-11-09,637.58,93.12
CLM018858,BILL025193,PAT00851,FAC005,DEP008,Niva Bupa,2025-04-29,1734.21,Under Review,Not Applicable,2025-05-10,0.0,1734.21
CLM018864,BILL025199,PAT00124,FAC005,DEP001,Niva Bupa,2025-05-24,1498.9,Approved,Not Applicable,2025-06-05,1464.19,34.71
CLM018865,BILL025200,PAT05136,FAC004,DEP001,Star Health,2025-02-03,1172.5,Approved,Not Applicable,2025-03-03,1090.17,82.33
CLM018866,BILL025201,PAT05166,FAC001,DEP001,Niva Bupa,2025-02-18,1484.41,Denied,Duplicate Claim,2025-03-06,0.0,1484.41
CLM018869,BILL025207,PAT03679,FAC005,DEP003,HDFC ERGO,2025-07-13,512.04,Approved,Not Applicable,2025-07-18,443.28,68.76
CLM018871,BILL025209,PAT02716,FAC004,DEP001,ICICI Lombard,2025-07-14,1619.4,Paid,Not Applicable,2025-08-10,1534.95,84.45
CLM018879,BILL025219,PAT08547,FAC003,DEP003,Niva Bupa,2025-12-01,373.14,Paid,Not Applicable,2025-12-27,347.17,25.97
CLM018880,BILL025220,PAT03920,FAC004,DEP005,HDFC ERGO,2025-04-03,487.08,Approved,Not Applicable,2025-04-16,423.55,63.53
CLM018884,BILL025226,PAT03892,FAC005,DEP008,ICICI Lombard,2025-06-04,1647.31,Denied,Authorization Missing,2025-06-21,0.0,1647.31
CLM018888,BILL025230,PAT07597,FAC002,DEP005,Star Health,2025-09-14,551.9,Paid,Not Applicable,2025-10-05,543.18,8.72
CLM018900,BILL025250,PAT00304,FAC003,DEP007,Care Health,2025-04-03,621.2,Under Review,Not Applicable,2025-04-24,0.0,621.2
CLM018903,BILL025254,PAT07525,FAC005,DEP007,Niva Bupa,2025-10-02,329.2,Under Review,Not Applicable,2025-10-31,0.0,329.2
CLM018905,BILL025256,PAT00009,FAC001,DEP008,Star Health,2025-01-14,913.38,Under Review,Not Applicable,2025-02-28,0.0,913.38
CLM018913,BILL025264,PAT02486,FAC005,DEP008,Star Health,2025-12-29,1514.01,Paid,Not Applicable,2026-01-05,1483.4,30.61
CLM018926,BILL025286,PAT02488,FAC004,DEP001,ICICI Lombard,2025-12-23,1425.61,Paid,Not Applicable,2025-12-29,1408.36,17.25
CLM018928,BILL025288,PAT09314,FAC002,DEP007,Care Health,2025-01-14,738.78,Paid,Not Applicable,2025-01-21,681.59,57.19
CLM018933,BILL025293,PAT01054,FAC003,DEP001,Care Health,2025-08-21,694.3,Paid,Not Applicable,2025-09-19,669.29,25.01
CLM018936,BILL025296,PAT03729,FAC001,DEP003,HDFC ERGO,2025-05-01,555.73,Under Review,Not Applicable,2025-06-05,0.0,555.73
CLM018938,BILL025298,PAT06522,FAC002,DEP002,Star Health,2025-07-14,1193.0,Paid,Not Applicable,2025-08-04,1160.03,32.97
CLM018941,BILL025302,PAT04561,FAC005,DEP006,Star Health,2025-01-31,469.06,Under Review,Not Applicable,2025-02-21,0.0,469.06
CLM018945,BILL025308,PAT05801,FAC004,DEP005,Niva Bupa,2025-08-05,409.56,Denied,Authorization Missing,2025-08-20,0.0,409.56
CLM018946,BILL025309,PAT09028,FAC004,DEP006,Care Health,2025-10-24,900.09,Paid,Not Applicable,2025-11-02,832.92,67.17
CLM018947,BILL025310,PAT07370,FAC002,DEP002,HDFC ERGO,2025-07-13,1321.0,Approved,Not Applicable,2025-08-05,1177.63,143.37
CLM018964,BILL025332,PAT02178,FAC004,DEP002,Care Health,2025-05-27,1047.69,Approved,Not Applicable,2025-06-22,1014.66,33.03
CLM018972,BILL025343,PAT04464,FAC002,DEP002,HDFC ERGO,2025-04-12,885.44,Paid,Not Applicable,2025-04-23,834.29,51.15
CLM018980,BILL025354,PAT06787,FAC002,DEP007,Star Health,2025-02-22,519.03,Approved,Not Applicable,2025-03-10,499.33,19.7
CLM018984,BILL025359,PAT04631,FAC004,DEP005,Niva Bupa,2025-08-05,394.17,Pending,Not Applicable,2025-09-16,0.0,394.17
CLM018998,BILL025376,PAT05514,FAC003,DEP005,HDFC ERGO,2025-02-27,488.19,Paid,Not Applicable,2025-03-25,453.96,34.23
CLM019001,BILL025379,PAT07169,FAC001,DEP001,HDFC ERGO,2025-07-07,1323.54,Paid,Not Applicable,2025-07-25,1291.11,32.43
CLM019002,BILL025383,PAT07710,FAC005,DEP001,HDFC ERGO,2025-08-09,1826.28,Denied,Authorization Missing,2025-08-21,0.0,1826.28
CLM019016,BILL025404,PAT05146,FAC004,DEP006,Care Health,2025-04-15,441.97,Pending,Not Applicable,2025-05-16,0.0,441.97
CLM019021,BILL025411,PAT04815,FAC001,DEP001,ICICI Lombard,2025-03-27,965.85,Approved,Not Applicable,2025-04-01,825.88,139.97
CLM019022,BILL025412,PAT02289,FAC005,DEP006,Niva Bupa,2025-07-09,725.02,Pending,Not Applicable,2025-08-17,0.0,725.02
CLM019037,BILL025432,PAT01062,FAC005,DEP005,Star Health,2025-11-20,395.26,Pending,Not Applicable,2025-11-30,0.0,395.26
CLM019045,BILL025444,PAT04330,FAC002,DEP002,Niva Bupa,2025-07-23,1223.86,Pending,Not Applicable,2025-09-04,0.0,1223.86
CLM019046,BILL025445,PAT00036,FAC001,DEP008,ICICI Lombard,2025-12-06,1451.81,Paid,Not Applicable,2026-01-03,1436.66,15.15
CLM019053,BILL025454,PAT02474,FAC004,DEP001,HDFC ERGO,2025-08-14,1171.07,Paid,Not Applicable,2025-08-19,1157.29,13.78
CLM019062,BILL025464,PAT00114,FAC005,DEP008,HDFC ERGO,2025-02-03,1675.34,Paid,Not Applicable,2025-02-21,1558.82,116.52
CLM019085,BILL025492,PAT00736,FAC004,DEP004,Care Health,2025-10-30,775.74,Approved,Not Applicable,2025-11-07,680.69,95.05
CLM019091,BILL025498,PAT08094,FAC002,DEP006,Star Health,2025-08-08,507.95,Paid,Not Applicable,2025-08-20,475.0,32.95
CLM019093,BILL025501,PAT04897,FAC002,DEP005,ICICI Lombard,2025-10-27,449.0,Paid,Not Applicable,2025-11-08,437.3,11.7
CLM019101,BILL025512,PAT01748,FAC002,DEP006,Star Health,2025-09-20,844.94,Pending,Not Applicable,2025-11-04,0.0,844.94
CLM019106,BILL025520,PAT07221,FAC004,DEP004,HDFC ERGO,2025-04-27,694.96,Paid,Not Applicable,2025-05-14,693.41,1.55
CLM019114,BILL025532,PAT07418,FAC005,DEP005,HDFC ERGO,2025-10-23,662.94,Approved,Not Applicable,2025-11-16,613.02,49.92
CLM019117,BILL025536,PAT05599,FAC001,DEP005,Star Health,2025-11-16,629.35,Denied,Eligibility Issue,2025-12-06,0.0,629.35
CLM019119,BILL025540,PAT00904,FAC001,DEP004,Star Health,2025-03-01,1365.7,Under Review,Not Applicable,2025-04-05,0.0,1365.7
CLM019127,BILL025554,PAT00980,FAC003,DEP001,HDFC ERGO,2025-02-24,1677.97,Approved,Not Applicable,2025-03-11,1564.69,113.28
CLM019129,BILL025558,PAT05050,FAC002,DEP006,Niva Bupa,2025-02-26,613.83,Approved,Not Applicable,2025-03-22,530.01,83.82
CLM019131,BILL025562,PAT02920,FAC004,DEP002,HDFC ERGO,2025-10-07,1052.86,Approved,Not Applicable,2025-10-22,983.45,69.41
CLM019135,BILL025570,PAT01476,FAC002,DEP005,Care Health,2025-09-01,666.94,Paid,Not Applicable,2025-09-27,629.48,37.46
CLM019137,BILL025572,PAT09839,FAC001,DEP001,ICICI Lombard,2025-12-20,1153.27,Denied,Policy Exclusion,2026-01-10,0.0,1153.27
CLM019138,BILL025573,PAT06178,FAC004,DEP004,HDFC ERGO,2025-01-14,1434.3,Denied,Policy Exclusion,2025-01-21,0.0,1434.3
CLM019139,BILL025576,PAT09560,FAC003,DEP001,ICICI Lombard,2025-09-09,732.05,Denied,Authorization Missing,2025-09-13,0.0,732.05
CLM019147,BILL025586,PAT02068,FAC003,DEP005,Care Health,2025-03-25,657.68,Pending,Not Applicable,2025-04-16,0.0,657.68
CLM019150,BILL025589,PAT08150,FAC003,DEP001,ICICI Lombard,2025-02-15,1158.83,Denied,Missing Documentation,2025-02-22,0.0,1158.83
CLM019152,BILL025591,PAT07895,FAC005,DEP008,Star Health,2025-06-27,1392.21,Pending,Not Applicable,2025-08-01,0.0,1392.21
CLM019164,BILL025607,PAT07170,FAC005,DEP005,Care Health,2025-07-05,434.94,Paid,Not Applicable,2025-07-23,429.12,5.82
CLM019165,BILL025608,PAT05041,FAC003,DEP003,Niva Bupa,2025-11-15,686.78,Paid,Not Applicable,2025-12-15,673.11,13.67
CLM019167,BILL025610,PAT07991,FAC005,DEP001,HDFC ERGO,2025-08-02,1374.96,Denied,Eligibility Issue,2025-08-23,0.0,1374.96
CLM019186,BILL025632,PAT03450,FAC004,DEP001,ICICI Lombard,2025-10-26,824.29,Paid,Not Applicable,2025-11-05,776.14,48.15
CLM019199,BILL025652,PAT00567,FAC001,DEP002,HDFC ERGO,2025-09-06,973.29,Paid,Not Applicable,2025-10-02,950.83,22.46
CLM019203,BILL025658,PAT04063,FAC005,DEP003,Niva Bupa,2025-06-11,839.3,Under Review,Not Applicable,2025-07-20,0.0,839.3
CLM019208,BILL025665,PAT02563,FAC005,DEP008,Care Health,2025-01-27,1458.66,Paid,Not Applicable,2025-02-05,1382.42,76.24
CLM019211,BILL025669,PAT03976,FAC001,DEP008,Care Health,2025-10-13,1614.92,Approved,Not Applicable,2025-11-12,1463.05,151.87
CLM019218,BILL025681,PAT02418,FAC001,DEP001,Star Health,2025-06-05,828.25,Paid,Not Applicable,2025-06-18,777.21,51.04
CLM019220,BILL025683,PAT07253,FAC005,DEP005,Care Health,2025-05-17,579.0,Approved,Not Applicable,2025-06-08,514.28,64.72
CLM019224,BILL025688,PAT07051,FAC001,DEP001,Star Health,2025-11-27,1140.17,Paid,Not Applicable,2025-12-05,1077.92,62.25
CLM019228,BILL025693,PAT09605,FAC001,DEP005,HDFC ERGO,2025-04-29,252.85,Paid,Not Applicable,2025-05-04,245.51,7.34
CLM019229,BILL025695,PAT05413,FAC002,DEP001,Care Health,2025-06-03,1041.25,Paid,Not Applicable,2025-06-20,1002.29,38.96
CLM019231,BILL025698,PAT09932,FAC004,DEP007,Star Health,2025-11-28,566.89,Paid,Not Applicable,2025-12-27,563.85,3.04
CLM019234,BILL025702,PAT05903,FAC005,DEP001,ICICI Lombard,2025-04-24,1492.37,Approved,Not Applicable,2025-05-18,1325.61,166.76
CLM019236,BILL025706,PAT03335,FAC004,DEP001,HDFC ERGO,2025-04-07,1758.89,Paid,Not Applicable,2025-04-17,1652.46,106.43
CLM019240,BILL025711,PAT07924,FAC001,DEP002,HDFC ERGO,2025-05-31,887.26,Paid,Not Applicable,2025-06-29,856.45,30.81
CLM019242,BILL025714,PAT08216,FAC001,DEP002,HDFC ERGO,2025-10-05,753.07,Pending,Not Applicable,2025-11-04,0.0,753.07
CLM019243,BILL025715,PAT08100,FAC003,DEP001,Niva Bupa,2025-05-22,1297.48,Under Review,Not Applicable,2025-06-11,0.0,1297.48
CLM019245,BILL025717,PAT05427,FAC002,DEP002,HDFC ERGO,2025-03-11,1107.93,Pending,Not Applicable,2025-04-16,0.0,1107.93
CLM019246,BILL025718,PAT00047,FAC004,DEP006,Star Health,2025-01-06,1020.45,Pending,Not Applicable,2025-01-31,0.0,1020.45
CLM019248,BILL025721,PAT09823,FAC005,DEP008,Star Health,2025-08-11,1742.12,Pending,Not Applicable,2025-09-01,0.0,1742.12
CLM019250,BILL025723,PAT00034,FAC002,DEP001,Star Health,2025-10-24,1417.64,Under Review,Not Applicable,2025-11-29,0.0,1417.64
CLM019254,BILL025728,PAT09788,FAC005,DEP007,HDFC ERGO,2025-03-10,417.2,Paid,Not Applicable,2025-04-09,409.51,7.69
CLM019261,BILL025735,PAT02883,FAC002,DEP007,ICICI Lombard,2025-07-15,635.17,Approved,Not Applicable,2025-08-14,581.23,53.94
CLM019281,BILL025769,PAT05835,FAC003,DEP003,Niva Bupa,2025-11-12,573.54,Approved,Not Applicable,2025-12-11,507.81,65.73
CLM019286,BILL025775,PAT05643,FAC001,DEP001,Star Health,2025-11-29,1451.15,Approved,Not Applicable,2025-12-27,1440.72,10.43
CLM019288,BILL025777,PAT05441,FAC001,DEP001,Care Health,2025-05-11,1577.18,Paid,Not Applicable,2025-06-02,1562.1,15.08
CLM019291,BILL025782,PAT06344,FAC002,DEP002,Star Health,2025-04-18,1331.54,Paid,Not Applicable,2025-05-18,1253.14,78.4
CLM019301,BILL025793,PAT09813,FAC004,DEP005,Star Health,2025-09-09,567.86,Denied,Policy Exclusion,2025-09-14,0.0,567.86
CLM019303,BILL025797,PAT00908,FAC004,DEP002,Star Health,2025-06-15,1113.88,Paid,Not Applicable,2025-06-25,1060.72,53.16
CLM019309,BILL025804,PAT07589,FAC005,DEP007,Star Health,2025-05-31,836.93,Approved,Not Applicable,2025-06-20,793.68,43.25
CLM019310,BILL025805,PAT05647,FAC002,DEP005,ICICI Lombard,2025-08-30,602.63,Paid,Not Applicable,2025-09-26,591.64,10.99
CLM019317,BILL025813,PAT08279,FAC002,DEP002,Care Health,2025-01-10,1157.78,Approved,Not Applicable,2025-01-31,1002.64,155.14
CLM019320,BILL025819,PAT02901,FAC001,DEP001,HDFC ERGO,2025-06-03,643.13,Approved,Not Applicable,2025-07-02,600.55,42.58
CLM019329,BILL025830,PAT00648,FAC005,DEP003,Star Health,2025-11-17,699.68,Paid,Not Applicable,2025-12-04,663.28,36.4
CLM019335,BILL025837,PAT00249,FAC001,DEP003,Care Health,2025-01-22,447.62,Approved,Not Applicable,2025-02-13,447.38,0.24
CLM019336,BILL025838,PAT01384,FAC004,DEP004,ICICI Lombard,2025-12-23,1315.31,Under Review,Not Applicable,2026-01-30,0.0,1315.31
CLM019344,BILL025849,PAT05475,FAC001,DEP003,Star Health,2025-10-16,441.35,Pending,Not Applicable,2025-10-26,0.0,441.35
CLM019353,BILL025859,PAT08411,FAC002,DEP002,Star Health,2025-02-06,723.54,Denied,Missing Documentation,2025-02-18,0.0,723.54
CLM019368,BILL025882,PAT06476,FAC003,DEP003,Star Health,2025-03-29,368.64,Denied,Coding Error,2025-04-05,0.0,368.64
CLM019371,BILL025885,PAT04396,FAC004,DEP005,HDFC ERGO,2025-04-01,473.7,Pending,Not Applicable,2025-04-20,0.0,473.7
CLM019389,BILL025909,PAT02819,FAC004,DEP007,HDFC ERGO,2025-02-10,697.21,Paid,Not Applicable,2025-03-02,668.03,29.18
CLM019395,BILL025919,PAT00178,FAC003,DEP005,Star Health,2025-03-14,380.06,Approved,Not Applicable,2025-04-12,363.2,16.86
CLM019404,BILL025930,PAT05774,FAC001,DEP003,Niva Bupa,2025-12-29,803.92,Paid,Not Applicable,2026-01-22,768.78,35.14
CLM019409,BILL025937,PAT03781,FAC001,DEP001,Care Health,2025-08-16,1637.08,Approved,Not Applicable,2025-09-02,1588.75,48.33
CLM019413,BILL025943,PAT04897,FAC005,DEP008,Care Health,2025-12-13,1702.88,Approved,Not Applicable,2025-12-27,1480.81,222.07
CLM019416,BILL025946,PAT05864,FAC005,DEP005,Care Health,2025-06-06,416.01,Approved,Not Applicable,2025-06-27,401.28,14.73
CLM019422,BILL025953,PAT01431,FAC002,DEP005,HDFC ERGO,2025-01-02,568.72,Approved,Not Applicable,2025-01-27,562.55,6.17
CLM019424,BILL025956,PAT00742,FAC004,DEP005,ICICI Lombard,2025-08-14,453.57,Under Review,Not Applicable,2025-09-26,0.0,453.57
CLM019432,BILL025966,PAT05465,FAC002,DEP002,HDFC ERGO,2025-07-12,799.18,Paid,Not Applicable,2025-08-05,779.09,20.09
CLM019435,BILL025970,PAT00248,FAC004,DEP002,ICICI Lombard,2025-03-22,989.87,Paid,Not Applicable,2025-04-15,971.47,18.4
CLM019439,BILL025977,PAT01079,FAC001,DEP002,Niva Bupa,2025-10-02,535.16,Denied,Policy Exclusion,2025-10-07,0.0,535.16
CLM019444,BILL025986,PAT00124,FAC001,DEP003,ICICI Lombard,2025-10-19,773.97,Paid,Not Applicable,2025-11-15,722.62,51.35
CLM019446,BILL025988,PAT06335,FAC004,DEP006,Star Health,2025-10-09,765.72,Paid,Not Applicable,2025-10-31,739.71,26.01
CLM019447,BILL025989,PAT06030,FAC004,DEP005,Care Health,2025-09-10,516.12,Approved,Not Applicable,2025-09-16,498.24,17.88
CLM019450,BILL025993,PAT01428,FAC002,DEP002,Star Health,2025-07-29,1410.5,Paid,Not Applicable,2025-08-13,1358.65,51.85
CLM019458,BILL026003,PAT08222,FAC005,DEP001,Niva Bupa,2025-07-30,1111.96,Pending,Not Applicable,2025-08-31,0.0,1111.96
CLM019462,BILL026007,PAT04130,FAC002,DEP001,Star Health,2025-10-23,1528.95,Paid,Not Applicable,2025-11-18,1417.52,111.43
CLM019463,BILL026009,PAT05184,FAC003,DEP003,Niva Bupa,2025-02-11,821.95,Approved,Not Applicable,2025-02-17,809.06,12.89
CLM019469,BILL026018,PAT06435,FAC003,DEP007,Niva Bupa,2025-07-21,402.23,Paid,Not Applicable,2025-08-03,387.21,15.02
CLM019472,BILL026022,PAT09255,FAC004,DEP005,HDFC ERGO,2025-08-12,458.62,Approved,Not Applicable,2025-08-30,412.43,46.19
CLM019473,BILL026023,PAT00587,FAC005,DEP001,ICICI Lombard,2025-04-02,914.58,Paid,Not Applicable,2025-04-30,851.85,62.73
CLM019474,BILL026029,PAT09648,FAC001,DEP001,ICICI Lombard,2025-03-02,738.44,Under Review,Not Applicable,2025-03-15,0.0,738.44
CLM019479,BILL026037,PAT08696,FAC005,DEP001,HDFC ERGO,2025-01-27,732.52,Paid,Not Applicable,2025-02-08,699.72,32.8
CLM019488,BILL026049,PAT02086,FAC001,DEP005,Niva Bupa,2025-12-05,598.5,Paid,Not Applicable,2025-12-15,582.92,15.58
CLM019497,BILL026060,PAT04862,FAC003,DEP007,Care Health,2025-07-13,508.87,Paid,Not Applicable,2025-07-24,490.61,18.26
CLM019508,BILL026073,PAT01548,FAC002,DEP007,HDFC ERGO,2025-04-15,718.33,Paid,Not Applicable,2025-04-30,695.76,22.57
CLM019510,BILL026075,PAT09807,FAC003,DEP005,Niva Bupa,2025-11-06,572.51,Paid,Not Applicable,2025-11-18,554.27,18.24
CLM019517,BILL026083,PAT03861,FAC005,DEP001,Niva Bupa,2025-02-07,1240.27,Approved,Not Applicable,2025-02-16,1238.48,1.79
CLM019518,BILL026084,PAT03796,FAC004,DEP006,Star Health,2025-03-13,506.19,Paid,Not Applicable,2025-04-07,472.74,33.45
CLM019519,BILL026087,PAT03022,FAC002,DEP006,HDFC ERGO,2025-10-23,894.4,Paid,Not Applicable,2025-11-11,837.68,56.72
CLM019523,BILL026092,PAT00869,FAC002,DEP005,Care Health,2025-03-24,343.36,Denied,Missing Documentation,2025-04-10,0.0,343.36
CLM019526,BILL026096,PAT00697,FAC003,DEP003,ICICI Lombard,2025-01-31,585.63,Approved,Not Applicable,2025-02-08,560.19,25.44
CLM019530,BILL026100,PAT03990,FAC005,DEP003,Star Health,2025-05-30,336.7,Paid,Not Applicable,2025-06-22,314.77,21.93
CLM019532,BILL026102,PAT01054,FAC002,DEP005,Star Health,2025-08-05,471.89,Paid,Not Applicable,2025-08-27,456.92,14.97
CLM019534,BILL026105,PAT03624,FAC005,DEP001,ICICI Lombard,2025-02-27,758.18,Approved,Not Applicable,2025-03-09,700.03,58.15
CLM019537,BILL026110,PAT03070,FAC001,DEP002,HDFC ERGO,2025-01-18,649.74,Approved,Not Applicable,2025-01-27,648.44,1.3
CLM019542,BILL026115,PAT06196,FAC004,DEP001,HDFC ERGO,2025-07-05,1072.33,Denied,Eligibility Issue,2025-07-18,0.0,1072.33
CLM019549,BILL026122,PAT05550,FAC004,DEP002,Niva Bupa,2025-01-14,992.62,Under Review,Not Applicable,2025-02-25,0.0,992.62
CLM019556,BILL026130,PAT04289,FAC005,DEP008,HDFC ERGO,2025-04-11,2167.43,Approved,Not Applicable,2025-05-03,2130.93,36.5
CLM019570,BILL026150,PAT01158,FAC005,DEP008,ICICI Lombard,2025-12-21,1333.22,Paid,Not Applicable,2025-12-28,1327.79,5.43
CLM019576,BILL026159,PAT05021,FAC003,DEP001,ICICI Lombard,2025-06-05,1426.59,Paid,Not Applicable,2025-07-03,1380.63,45.96
CLM019578,BILL026162,PAT05737,FAC004,DEP001,Care Health,2025-06-18,1315.78,Approved,Not Applicable,2025-07-13,1219.61,96.17
CLM019580,BILL026164,PAT00765,FAC004,DEP001,HDFC ERGO,2025-05-14,710.45,Paid,Not Applicable,2025-05-29,681.78,28.67
CLM019594,BILL026184,PAT01023,FAC003,DEP003,Star Health,2025-12-02,684.19,Under Review,Not Applicable,2025-12-27,0.0,684.19
CLM019602,BILL026197,PAT07912,FAC003,DEP003,HDFC ERGO,2025-01-10,732.5,Pending,Not Applicable,2025-02-05,0.0,732.5
CLM019606,BILL026204,PAT05702,FAC002,DEP002,Star Health,2025-06-20,1023.94,Approved,Not Applicable,2025-07-13,955.86,68.08
CLM019621,BILL026224,PAT00945,FAC004,DEP001,HDFC ERGO,2025-05-16,1247.88,Paid,Not Applicable,2025-05-23,1187.86,60.02
CLM019624,BILL026227,PAT08726,FAC003,DEP003,Star Health,2025-10-10,569.3,Paid,Not Applicable,2025-10-29,532.73,36.57
CLM019635,BILL026243,PAT00669,FAC003,DEP001,Star Health,2025-06-23,1845.13,Under Review,Not Applicable,2025-08-07,0.0,1845.13
CLM019637,BILL026245,PAT05684,FAC005,DEP005,Care Health,2025-05-25,443.03,Paid,Not Applicable,2025-06-07,422.71,20.32
CLM019641,BILL026251,PAT05810,FAC002,DEP002,Care Health,2025-12-17,1441.43,Pending,Not Applicable,2026-01-25,0.0,1441.43
CLM019648,BILL026259,PAT05932,FAC002,DEP001,HDFC ERGO,2025-10-05,1216.92,Paid,Not Applicable,2025-10-22,1157.68,59.24
CLM019653,BILL026265,PAT03066,FAC003,DEP001,Star Health,2025-02-23,945.74,Denied,Missing Documentation,2025-03-12,0.0,945.74
CLM019658,BILL026271,PAT05310,FAC005,DEP008,ICICI Lombard,2025-11-02,1247.47,Approved,Not Applicable,2025-11-26,1111.48,135.99
CLM019659,BILL026272,PAT03945,FAC001,DEP002,Star Health,2025-08-29,1517.58,Approved,Not Applicable,2025-09-17,1396.49,121.09
CLM019662,BILL026276,PAT05153,FAC003,DEP003,HDFC ERGO,2025-08-03,930.82,Paid,Not Applicable,2025-09-02,921.69,9.13
CLM019665,BILL026279,PAT05933,FAC005,DEP006,Care Health,2025-03-25,718.43,Denied,Coding Error,2025-03-31,0.0,718.43
CLM019669,BILL026283,PAT04833,FAC001,DEP001,Care Health,2025-10-06,1778.54,Pending,Not Applicable,2025-10-23,0.0,1778.54
CLM019682,BILL026299,PAT06432,FAC005,DEP001,Star Health,2025-08-10,923.28,Pending,Not Applicable,2025-09-09,0.0,923.28
CLM019683,BILL026300,PAT06206,FAC001,DEP002,Care Health,2025-03-27,1287.55,Pending,Not Applicable,2025-04-21,0.0,1287.55
CLM019691,BILL026310,PAT03707,FAC001,DEP008,Star Health,2025-01-04,1836.62,Paid,Not Applicable,2025-01-29,1801.64,34.98
CLM019693,BILL026313,PAT03820,FAC001,DEP001,Star Health,2025-04-24,900.89,Under Review,Not Applicable,2025-05-05,0.0,900.89
CLM019705,BILL026327,PAT07915,FAC003,DEP008,Care Health,2025-01-13,1315.72,Under Review,Not Applicable,2025-01-29,0.0,1315.72
CLM019713,BILL026335,PAT05776,FAC004,DEP006,Star Health,2025-01-20,663.46,Paid,Not Applicable,2025-02-05,629.65,33.81
CLM019715,BILL026339,PAT00765,FAC003,DEP003,HDFC ERGO,2025-03-18,981.45,Approved,Not Applicable,2025-04-04,853.28,128.17
CLM019716,BILL026340,PAT04106,FAC002,DEP006,HDFC ERGO,2025-06-14,659.54,Paid,Not Applicable,2025-07-11,644.79,14.75
CLM019718,BILL026342,PAT02118,FAC002,DEP001,ICICI Lombard,2025-02-18,1099.44,Paid,Not Applicable,2025-03-20,1083.77,15.67
CLM019719,BILL026343,PAT09323,FAC005,DEP005,Niva Bupa,2025-02-11,499.07,Paid,Not Applicable,2025-02-16,465.15,33.92
CLM019722,BILL026347,PAT03205,FAC002,DEP005,Star Health,2025-06-30,296.24,Denied,Duplicate Claim,2025-07-18,0.0,296.24
CLM019724,BILL026349,PAT01990,FAC004,DEP006,HDFC ERGO,2025-04-18,667.78,Approved,Not Applicable,2025-05-03,581.6,86.18
CLM019726,BILL026353,PAT07835,FAC004,DEP004,Care Health,2025-10-25,1617.49,Denied,Eligibility Issue,2025-11-01,0.0,1617.49
CLM019728,BILL026356,PAT00358,FAC004,DEP001,HDFC ERGO,2025-10-27,804.83,Denied,Eligibility Issue,2025-11-01,0.0,804.83
CLM019730,BILL026360,PAT05702,FAC002,DEP002,Niva Bupa,2025-07-09,1289.06,Approved,Not Applicable,2025-07-27,1254.52,34.54
CLM019732,BILL026362,PAT00764,FAC005,DEP003,Care Health,2025-05-03,581.53,Approved,Not Applicable,2025-05-30,573.99,7.54
CLM019733,BILL026363,PAT00669,FAC003,DEP005,ICICI Lombard,2025-11-07,413.21,Pending,Not Applicable,2025-12-15,0.0,413.21
CLM019734,BILL026364,PAT08962,FAC004,DEP002,HDFC ERGO,2025-08-11,1234.22,Approved,Not Applicable,2025-08-30,1108.2,126.02
CLM019739,BILL026369,PAT09090,FAC005,DEP006,Star Health,2025-07-31,800.38,Paid,Not Applicable,2025-08-09,798.27,2.11
CLM019740,BILL026370,PAT02955,FAC003,DEP001,HDFC ERGO,2025-11-15,1433.81,Approved,Not Applicable,2025-11-21,1288.89,144.92
CLM019753,BILL026383,PAT08571,FAC003,DEP007,Niva Bupa,2025-05-01,593.07,Paid,Not Applicable,2025-05-18,561.96,31.11
CLM019755,BILL026385,PAT02184,FAC003,DEP003,Star Health,2025-06-19,678.24,Pending,Not Applicable,2025-07-24,0.0,678.24
CLM019761,BILL026392,PAT09965,FAC004,DEP001,Care Health,2025-03-11,945.97,Paid,Not Applicable,2025-03-24,885.48,60.49
CLM019770,BILL026405,PAT07086,FAC004,DEP005,Care Health,2025-06-22,488.25,Denied,Missing Documentation,2025-07-08,0.0,488.25
CLM019772,BILL026407,PAT02367,FAC003,DEP003,HDFC ERGO,2025-10-04,643.04,Paid,Not Applicable,2025-10-10,597.23,45.81
CLM019778,BILL026415,PAT01218,FAC002,DEP007,Care Health,2025-07-04,532.04,Under Review,Not Applicable,2025-07-31,0.0,532.04
CLM019780,BILL026419,PAT09717,FAC002,DEP005,ICICI Lombard,2025-03-07,275.17,Pending,Not Applicable,2025-04-17,0.0,275.17
CLM019787,BILL026427,PAT01748,FAC005,DEP007,Star Health,2025-05-12,799.5,Paid,Not Applicable,2025-05-27,761.55,37.95
CLM019795,BILL026435,PAT00829,FAC001,DEP004,Star Health,2025-06-12,1327.28,Approved,Not Applicable,2025-06-30,1307.31,19.97
CLM019797,BILL026440,PAT02586,FAC005,DEP001,Star Health,2025-09-19,1438.26,Denied,Missing Documentation,2025-09-29,0.0,1438.26
CLM019811,BILL026459,PAT08628,FAC005,DEP001,Star Health,2025-11-14,1075.55,Pending,Not Applicable,2025-12-12,0.0,1075.55
CLM019814,BILL026465,PAT09734,FAC004,DEP004,Care Health,2025-11-04,719.85,Under Review,Not Applicable,2025-11-18,0.0,719.85
CLM019821,BILL026475,PAT03435,FAC003,DEP003,Star Health,2025-04-05,822.68,Pending,Not Applicable,2025-05-17,0.0,822.68
CLM019829,BILL026485,PAT08564,FAC003,DEP003,ICICI Lombard,2025-09-15,753.73,Approved,Not Applicable,2025-10-05,700.85,52.88
CLM019833,BILL026492,PAT00466,FAC003,DEP008,Star Health,2025-08-18,1896.52,Under Review,Not Applicable,2025-09-15,0.0,1896.52
CLM019847,BILL026510,PAT04058,FAC003,DEP001,Star Health,2025-04-13,1918.58,Pending,Not Applicable,2025-04-30,0.0,1918.58
CLM019851,BILL026519,PAT08197,FAC004,DEP002,Care Health,2025-08-27,1021.83,Approved,Not Applicable,2025-09-24,891.78,130.05
CLM019854,BILL026522,PAT01581,FAC005,DEP003,Star Health,2025-06-12,500.67,Approved,Not Applicable,2025-06-18,465.15,35.52
CLM019855,BILL026523,PAT07825,FAC004,DEP007,Care Health,2025-11-17,669.98,Pending,Not Applicable,2025-12-29,0.0,669.98
CLM019859,BILL026529,PAT00462,FAC001,DEP008,ICICI Lombard,2025-10-28,1932.77,Approved,Not Applicable,2025-11-27,1813.29,119.48
CLM019862,BILL026532,PAT09346,FAC001,DEP005,Star Health,2025-03-24,428.3,Paid,Not Applicable,2025-04-19,422.17,6.13
CLM019866,BILL026537,PAT01003,FAC002,DEP007,HDFC ERGO,2025-04-19,437.79,Approved,Not Applicable,2025-05-03,376.0,61.79
CLM019873,BILL026545,PAT02549,FAC004,DEP005,Star Health,2025-04-04,356.94,Paid,Not Applicable,2025-04-27,344.16,12.78
CLM019879,BILL026554,PAT04751,FAC005,DEP001,Care Health,2025-11-08,1439.79,Approved,Not Applicable,2025-12-03,1276.52,163.27
CLM019888,BILL026565,PAT04986,FAC004,DEP001,Niva Bupa,2025-10-19,1496.08,Pending,Not Applicable,2025-11-11,0.0,1496.08
CLM019895,BILL026575,PAT09146,FAC001,DEP008,HDFC ERGO,2025-12-31,1306.6,Pending,Not Applicable,2026-01-29,0.0,1306.6
CLM019898,BILL026580,PAT00316,FAC005,DEP006,Star Health,2025-07-12,424.47,Paid,Not Applicable,2025-07-29,402.87,21.6
CLM019900,BILL026582,PAT01027,FAC005,DEP008,Star Health,2025-11-17,2167.43,Paid,Not Applicable,2025-12-01,2102.31,65.12
CLM019903,BILL026585,PAT07771,FAC001,DEP003,HDFC ERGO,2025-07-21,808.47,Pending,Not Applicable,2025-09-01,0.0,808.47
CLM019905,BILL026587,PAT04076,FAC002,DEP005,Star Health,2025-05-19,429.21,Approved,Not Applicable,2025-06-16,411.99,17.22
CLM019907,BILL026590,PAT00725,FAC002,DEP007,ICICI Lombard,2025-03-26,631.19,Pending,Not Applicable,2025-05-08,0.0,631.19
CLM019908,BILL026591,PAT01881,FAC004,DEP001,HDFC ERGO,2025-11-03,1413.2,Paid,Not Applicable,2025-11-20,1390.93,22.27
CLM019918,BILL026608,PAT08086,FAC003,DEP007,ICICI Lombard,2025-07-21,331.42,Approved,Not Applicable,2025-08-10,308.58,22.84
CLM019928,BILL026621,PAT00469,FAC001,DEP002,ICICI Lombard,2025-08-09,1021.63,Approved,Not Applicable,2025-08-16,1005.08,16.55
CLM019931,BILL026624,PAT04851,FAC004,DEP001,HDFC ERGO,2025-05-12,2047.09,Paid,Not Applicable,2025-06-11,1998.59,48.5
CLM019934,BILL026627,PAT04873,FAC005,DEP006,HDFC ERGO,2025-08-29,413.7,Approved,Not Applicable,2025-09-21,409.31,4.39
CLM019940,BILL026637,PAT02113,FAC002,DEP006,Care Health,2025-03-02,565.68,Approved,Not Applicable,2025-03-23,530.45,35.23
CLM019944,BILL026643,PAT09797,FAC004,DEP005,Care Health,2025-01-04,382.1,Paid,Not Applicable,2025-01-19,377.56,4.54
CLM019947,BILL026648,PAT06077,FAC004,DEP002,HDFC ERGO,2025-07-12,632.82,Denied,Eligibility Issue,2025-07-22,0.0,632.82
CLM019957,BILL026658,PAT01635,FAC003,DEP005,Care Health,2025-08-25,445.91,Approved,Not Applicable,2025-09-01,401.8,44.11
CLM019964,BILL026666,PAT08958,FAC005,DEP006,Star Health,2025-09-08,798.34,Under Review,Not Applicable,2025-10-09,0.0,798.34
CLM019969,BILL026673,PAT04744,FAC001,DEP005,ICICI Lombard,2025-05-15,411.3,Paid,Not Applicable,2025-06-09,395.19,16.11
CLM019971,BILL026677,PAT00933,FAC003,DEP005,Niva Bupa,2025-02-12,479.85,Paid,Not Applicable,2025-03-13,453.16,26.69
CLM019973,BILL026679,PAT02617,FAC003,DEP001,Care Health,2025-09-14,1228.17,Under Review,Not Applicable,2025-10-24,0.0,1228.17
CLM019974,BILL026680,PAT02450,FAC005,DEP001,Niva Bupa,2025-09-10,1357.5,Pending,Not Applicable,2025-10-15,0.0,1357.5
CLM019975,BILL026682,PAT02549,FAC003,DEP005,HDFC ERGO,2025-07-24,678.79,Paid,Not Applicable,2025-08-08,646.92,31.87
CLM019992,BILL026702,PAT00201,FAC003,DEP003,Star Health,2025-04-10,591.74,Paid,Not Applicable,2025-04-20,547.12,44.62
CLM020000,BILL026713,PAT02989,FAC005,DEP003,ICICI Lombard,2025-12-26,490.1,Approved,Not Applicable,2026-01-10,434.24,55.86
CLM020009,BILL026728,PAT01183,FAC004,DEP001,Star Health,2025-01-10,1386.82,Paid,Not Applicable,2025-01-23,1385.45,1.37
CLM020013,BILL026733,PAT04047,FAC003,DEP001,Star Health,2025-10-17,765.04,Pending,Not Applicable,2025-11-25,0.0,765.04
CLM020018,BILL026739,PAT05036,FAC003,DEP001,Care Health,2025-07-17,1125.46,Approved,Not Applicable,2025-08-12,1074.08,51.38
CLM020021,BILL026744,PAT09149,FAC005,DEP007,HDFC ERGO,2025-08-20,832.55,Under Review,Not Applicable,2025-09-07,0.0,832.55
CLM020033,BILL026761,PAT02030,FAC001,DEP003,Star Health,2025-05-06,811.94,Approved,Not Applicable,2025-05-17,792.44,19.5
CLM020039,BILL026770,PAT00500,FAC003,DEP005,Care Health,2025-01-22,257.76,Approved,Not Applicable,2025-02-16,234.08,23.68
CLM020045,BILL026778,PAT07710,FAC001,DEP003,Niva Bupa,2025-01-27,382.67,Approved,Not Applicable,2025-02-12,349.3,33.37
CLM020047,BILL026780,PAT08391,FAC002,DEP005,HDFC ERGO,2025-07-12,409.88,Approved,Not Applicable,2025-07-29,353.22,56.66
CLM020050,BILL026784,PAT01419,FAC005,DEP001,Star Health,2025-02-26,1295.29,Approved,Not Applicable,2025-03-11,1193.88,101.41
CLM020055,BILL026789,PAT05217,FAC001,DEP005,HDFC ERGO,2025-10-12,372.57,Paid,Not Applicable,2025-11-01,370.09,2.48
CLM020056,BILL026791,PAT03207,FAC003,DEP003,ICICI Lombard,2025-05-27,620.28,Approved,Not Applicable,2025-06-25,617.27,3.01
CLM020059,BILL026794,PAT09530,FAC004,DEP001,HDFC ERGO,2025-05-16,1284.21,Under Review,Not Applicable,2025-06-13,0.0,1284.21
CLM020060,BILL026798,PAT06299,FAC005,DEP006,ICICI Lombard,2025-10-13,650.82,Under Review,Not Applicable,2025-10-29,0.0,650.82
CLM020061,BILL026799,PAT06960,FAC003,DEP001,Care Health,2025-06-27,1573.49,Pending,Not Applicable,2025-07-12,0.0,1573.49
CLM020064,BILL026802,PAT02125,FAC001,DEP002,Star Health,2025-01-11,1115.05,Approved,Not Applicable,2025-02-09,1009.77,105.28
CLM020070,BILL026812,PAT00818,FAC004,DEP005,Care Health,2025-08-07,453.09,Under Review,Not Applicable,2025-08-23,0.0,453.09
CLM020071,BILL026813,PAT02367,FAC005,DEP008,ICICI Lombard,2025-01-04,907.44,Paid,Not Applicable,2025-01-23,902.0,5.44
CLM020074,BILL026817,PAT08030,FAC004,DEP001,HDFC ERGO,2025-09-20,1588.97,Under Review,Not Applicable,2025-10-11,0.0,1588.97
CLM020075,BILL026819,PAT05340,FAC005,DEP008,HDFC ERGO,2025-10-07,2391.17,Approved,Not Applicable,2025-10-12,2116.08,275.09
CLM020076,BILL026821,PAT06878,FAC004,DEP005,Star Health,2025-04-12,656.62,Paid,Not Applicable,2025-04-20,612.71,43.91
CLM020080,BILL026826,PAT00564,FAC005,DEP008,Niva Bupa,2025-08-14,2170.87,Approved,Not Applicable,2025-09-03,1992.73,178.14
CLM020081,BILL026827,PAT01990,FAC002,DEP001,Niva Bupa,2025-08-15,688.94,Pending,Not Applicable,2025-09-19,0.0,688.94
CLM020096,BILL026842,PAT06897,FAC002,DEP002,HDFC ERGO,2025-05-19,1399.07,Under Review,Not Applicable,2025-06-23,0.0,1399.07
CLM020097,BILL026844,PAT09213,FAC001,DEP002,ICICI Lombard,2025-10-20,1259.04,Paid,Not Applicable,2025-11-07,1173.22,85.82
CLM020101,BILL026849,PAT09238,FAC004,DEP001,Niva Bupa,2025-09-30,1386.67,Paid,Not Applicable,2025-10-06,1379.32,7.35
CLM020107,BILL026856,PAT09376,FAC002,DEP006,HDFC ERGO,2025-10-10,692.36,Under Review,Not Applicable,2025-11-13,0.0,692.36
CLM020110,BILL026860,PAT08621,FAC003,DEP001,HDFC ERGO,2025-08-26,1105.19,Under Review,Not Applicable,2025-10-10,0.0,1105.19
CLM020113,BILL026863,PAT03547,FAC004,DEP007,Star Health,2025-11-08,687.83,Under Review,Not Applicable,2025-12-20,0.0,687.83
CLM020125,BILL026885,PAT07825,FAC001,DEP005,Care Health,2026-01-03,451.22,Paid,Not Applicable,2026-01-14,417.61,33.61
CLM020127,BILL026887,PAT06821,FAC002,DEP002,Niva Bupa,2025-04-20,1045.23,Paid,Not Applicable,2025-05-12,1018.09,27.14
CLM020135,BILL026898,PAT09086,FAC005,DEP001,HDFC ERGO,2025-03-15,1066.72,Pending,Not Applicable,2025-04-08,0.0,1066.72
CLM020143,BILL026910,PAT03468,FAC004,DEP002,HDFC ERGO,2025-09-21,1039.79,Pending,Not Applicable,2025-10-13,0.0,1039.79
CLM020151,BILL026920,PAT00328,FAC005,DEP007,Niva Bupa,2025-01-25,625.2,Paid,Not Applicable,2025-02-10,624.8,0.4
CLM020152,BILL026921,PAT09549,FAC002,DEP007,Care Health,2025-05-05,640.62,Paid,Not Applicable,2025-05-31,590.59,50.03
CLM020153,BILL026923,PAT06881,FAC005,DEP007,Star Health,2025-10-07,530.0,Approved,Not Applicable,2025-11-06,491.97,38.03
CLM020155,BILL026926,PAT02123,FAC005,DEP003,Niva Bupa,2025-08-10,809.64,Approved,Not Applicable,2025-08-17,761.15,48.49
CLM020156,BILL026927,PAT05861,FAC003,DEP005,HDFC ERGO,2025-01-08,463.06,Approved,Not Applicable,2025-02-07,418.23,44.83
CLM020157,BILL026928,PAT02453,FAC001,DEP008,Care Health,2025-09-27,911.8,Approved,Not Applicable,2025-10-21,864.54,47.26
CLM020161,BILL026935,PAT03116,FAC005,DEP006,HDFC ERGO,2025-09-19,965.38,Under Review,Not Applicable,2025-10-10,0.0,965.38
CLM020167,BILL026944,PAT04234,FAC002,DEP002,Star Health,2025-10-11,733.32,Denied,Authorization Missing,2025-10-18,0.0,733.32
CLM020185,BILL026969,PAT06988,FAC001,DEP003,Star Health,2025-01-21,649.41,Pending,Not Applicable,2025-02-28,0.0,649.41
CLM020186,BILL026970,PAT02405,FAC004,DEP002,HDFC ERGO,2025-05-11,1219.99,Paid,Not Applicable,2025-05-29,1147.59,72.4
CLM020196,BILL026983,PAT05658,FAC001,DEP002,HDFC ERGO,2025-06-19,720.22,Approved,Not Applicable,2025-07-18,635.43,84.79
CLM020198,BILL026985,PAT08956,FAC004,DEP004,Care Health,2025-08-05,1684.99,Approved,Not Applicable,2025-08-18,1565.21,119.78
CLM020206,BILL026999,PAT01352,FAC004,DEP007,HDFC ERGO,2025-09-26,539.22,Under Review,Not Applicable,2025-10-19,0.0,539.22
CLM020208,BILL027001,PAT02440,FAC004,DEP006,Niva Bupa,2025-08-11,711.55,Approved,Not Applicable,2025-09-08,659.41,52.14
CLM020209,BILL027002,PAT00352,FAC004,DEP006,Care Health,2025-08-12,577.86,Denied,Duplicate Claim,2025-08-16,0.0,577.86
CLM020214,BILL027009,PAT03590,FAC001,DEP004,Niva Bupa,2025-04-07,1262.16,Under Review,Not Applicable,2025-05-22,0.0,1262.16
CLM020223,BILL027022,PAT02808,FAC005,DEP003,Care Health,2025-05-08,890.12,Approved,Not Applicable,2025-05-15,795.38,94.74
CLM020224,BILL027025,PAT04660,FAC001,DEP002,Star Health,2025-01-28,1134.66,Approved,Not Applicable,2025-02-18,1012.24,122.42
CLM020226,BILL027029,PAT02232,FAC004,DEP001,ICICI Lombard,2025-10-21,854.04,Paid,Not Applicable,2025-11-07,802.47,51.57
CLM020230,BILL027034,PAT09244,FAC005,DEP003,ICICI Lombard,2025-04-24,736.54,Under Review,Not Applicable,2025-06-02,0.0,736.54
CLM020234,BILL027038,PAT00994,FAC001,DEP001,Care Health,2025-11-12,1250.94,Under Review,Not Applicable,2025-11-29,0.0,1250.94
CLM020238,BILL027042,PAT02110,FAC004,DEP004,Care Health,2025-10-14,1248.62,Approved,Not Applicable,2025-11-10,1191.86,56.76
CLM020239,BILL027043,PAT04221,FAC001,DEP008,HDFC ERGO,2025-02-19,1793.99,Approved,Not Applicable,2025-03-17,1752.43,41.56
CLM020240,BILL027044,PAT00705,FAC001,DEP001,Star Health,2025-03-05,2055.77,Approved,Not Applicable,2025-03-31,1834.71,221.06
CLM020242,BILL027046,PAT00096,FAC004,DEP001,Star Health,2025-06-20,1842.7,Approved,Not Applicable,2025-07-07,1627.45,215.25
CLM020248,BILL027053,PAT03108,FAC003,DEP001,Care Health,2025-10-04,1017.5,Pending,Not Applicable,2025-10-29,0.0,1017.5
CLM020250,BILL027057,PAT05872,FAC004,DEP004,ICICI Lombard,2025-07-04,994.05,Under Review,Not Applicable,2025-07-22,0.0,994.05
CLM020254,BILL027061,PAT08285,FAC002,DEP002,ICICI Lombard,2025-07-01,727.57,Paid,Not Applicable,2025-07-14,718.09,9.48
CLM020255,BILL027062,PAT02183,FAC002,DEP006,Niva Bupa,2025-07-10,638.42,Paid,Not Applicable,2025-08-06,613.55,24.87
CLM020258,BILL027067,PAT09939,FAC002,DEP002,ICICI Lombard,2025-06-18,1031.47,Paid,Not Applicable,2025-07-07,971.37,60.1
CLM020262,BILL027075,PAT05398,FAC004,DEP002,Care Health,2025-07-15,1498.0,Denied,Eligibility Issue,2025-08-04,0.0,1498.0
CLM020269,BILL027085,PAT01209,FAC005,DEP001,Care Health,2025-01-15,1044.68,Paid,Not Applicable,2025-02-02,974.1,70.58
CLM020275,BILL027094,PAT07269,FAC001,DEP001,Star Health,2025-10-17,902.92,Pending,Not Applicable,2025-11-26,0.0,902.92
CLM020279,BILL027098,PAT04666,FAC004,DEP001,ICICI Lombard,2025-06-04,1576.14,Paid,Not Applicable,2025-06-28,1491.72,84.42
CLM020280,BILL027099,PAT00968,FAC001,DEP005,HDFC ERGO,2025-02-12,380.25,Approved,Not Applicable,2025-02-18,348.8,31.45
CLM020284,BILL027105,PAT06138,FAC005,DEP001,Care Health,2025-06-24,1561.38,Pending,Not Applicable,2025-07-13,0.0,1561.38
CLM020285,BILL027106,PAT06537,FAC004,DEP001,Star Health,2025-11-06,1641.22,Approved,Not Applicable,2025-11-14,1509.87,131.35
CLM020287,BILL027110,PAT00080,FAC005,DEP008,HDFC ERGO,2025-12-24,1645.92,Under Review,Not Applicable,2026-01-04,0.0,1645.92
CLM020289,BILL027112,PAT00034,FAC003,DEP001,Niva Bupa,2025-03-21,1194.26,Approved,Not Applicable,2025-04-02,1026.06,168.2
CLM020294,BILL027117,PAT09970,FAC005,DEP008,Star Health,2025-10-11,1093.83,Pending,Not Applicable,2025-10-21,0.0,1093.83
CLM020299,BILL027124,PAT03648,FAC001,DEP001,HDFC ERGO,2025-10-23,719.15,Under Review,Not Applicable,2025-11-22,0.0,719.15
CLM020300,BILL027125,PAT09195,FAC003,DEP003,Niva Bupa,2025-04-22,494.79,Under Review,Not Applicable,2025-05-27,0.0,494.79
CLM020304,BILL027130,PAT05788,FAC005,DEP003,Star Health,2025-01-04,675.49,Pending,Not Applicable,2025-01-25,0.0,675.49
CLM020305,BILL027131,PAT04871,FAC001,DEP008,Care Health,2025-01-25,1384.6,Under Review,Not Applicable,2025-02-26,0.0,1384.6
CLM020309,BILL027136,PAT04685,FAC003,DEP003,ICICI Lombard,2025-12-20,486.4,Denied,Coding Error,2025-12-26,0.0,486.4
CLM020312,BILL027140,PAT07174,FAC005,DEP003,Star Health,2025-05-11,529.93,Pending,Not Applicable,2025-06-02,0.0,529.93
CLM020319,BILL027148,PAT04095,FAC001,DEP002,HDFC ERGO,2025-06-20,648.08,Under Review,Not Applicable,2025-07-25,0.0,648.08
CLM020336,BILL027172,PAT04792,FAC005,DEP003,Niva Bupa,2025-10-21,579.22,Pending,Not Applicable,2025-12-03,0.0,579.22
CLM020354,BILL027193,PAT07915,FAC002,DEP005,Star Health,2025-02-22,563.89,Paid,Not Applicable,2025-03-09,528.06,35.83
CLM020357,BILL027197,PAT00876,FAC004,DEP002,HDFC ERGO,2025-11-12,1049.55,Denied,Policy Exclusion,2025-12-03,0.0,1049.55
CLM020361,BILL027201,PAT00132,FAC002,DEP001,Star Health,2025-04-28,1395.06,Paid,Not Applicable,2025-05-14,1373.53,21.53
CLM020362,BILL027202,PAT04216,FAC001,DEP004,Niva Bupa,2025-08-15,1126.15,Paid,Not Applicable,2025-09-11,1099.83,26.32
CLM020364,BILL027204,PAT06476,FAC002,DEP005,Star Health,2025-08-13,300.74,Approved,Not Applicable,2025-09-06,260.54,40.2
CLM020366,BILL027207,PAT09862,FAC001,DEP008,Care Health,2025-10-09,1974.8,Approved,Not Applicable,2025-10-17,1888.78,86.02
CLM020375,BILL027218,PAT07349,FAC001,DEP003,Star Health,2025-09-23,698.2,Approved,Not Applicable,2025-09-28,696.65,1.55
CLM020377,BILL027222,PAT06313,FAC004,DEP006,Niva Bupa,2025-10-05,485.11,Under Review,Not Applicable,2025-11-15,0.0,485.11
CLM020378,BILL027223,PAT00096,FAC002,DEP006,Care Health,2025-09-15,372.94,Pending,Not Applicable,2025-10-11,0.0,372.94
CLM020384,BILL027237,PAT03456,FAC003,DEP001,Niva Bupa,2025-06-23,1652.69,Under Review,Not Applicable,2025-08-04,0.0,1652.69
CLM020388,BILL027242,PAT05853,FAC001,DEP002,HDFC ERGO,2025-09-30,1236.36,Under Review,Not Applicable,2025-11-12,0.0,1236.36
CLM020395,BILL027251,PAT02496,FAC005,DEP007,ICICI Lombard,2025-02-18,550.26,Paid,Not Applicable,2025-03-18,537.12,13.14
CLM020398,BILL027255,PAT01958,FAC001,DEP005,Star Health,2025-07-31,641.26,Under Review,Not Applicable,2025-08-22,0.0,641.26
CLM020403,BILL027260,PAT09535,FAC004,DEP002,HDFC ERGO,2025-01-13,1333.05,Approved,Not Applicable,2025-01-30,1326.92,6.13
CLM020407,BILL027266,PAT04827,FAC003,DEP003,Care Health,2025-05-18,454.18,Under Review,Not Applicable,2025-06-20,0.0,454.18
CLM020410,BILL027269,PAT06132,FAC001,DEP002,HDFC ERGO,2025-07-13,887.03,Pending,Not Applicable,2025-08-22,0.0,887.03
CLM020425,BILL027287,PAT00863,FAC005,DEP003,Star Health,2025-09-04,804.1,Approved,Not Applicable,2025-09-14,741.65,62.45
CLM020439,BILL027306,PAT06878,FAC001,DEP004,Star Health,2025-03-16,950.39,Approved,Not Applicable,2025-03-23,844.33,106.06
CLM020447,BILL027316,PAT00534,FAC005,DEP003,Star Health,2025-12-25,470.92,Pending,Not Applicable,2026-01-24,0.0,470.92
CLM020452,BILL027322,PAT10000,FAC004,DEP002,Star Health,2025-08-04,1268.8,Under Review,Not Applicable,2025-08-14,0.0,1268.8
CLM020454,BILL027325,PAT02958,FAC005,DEP003,ICICI Lombard,2025-05-27,504.78,Paid,Not Applicable,2025-06-15,470.79,33.99
CLM020456,BILL027328,PAT03403,FAC004,DEP006,HDFC ERGO,2025-03-09,1009.72,Under Review,Not Applicable,2025-04-10,0.0,1009.72
CLM020457,BILL027329,PAT01271,FAC005,DEP003,Niva Bupa,2025-10-04,865.47,Paid,Not Applicable,2025-10-19,837.91,27.56
CLM020458,BILL027330,PAT03117,FAC003,DEP007,HDFC ERGO,2025-09-19,561.66,Approved,Not Applicable,2025-09-26,516.1,45.56
CLM020460,BILL027332,PAT05460,FAC003,DEP005,HDFC ERGO,2025-12-26,422.17,Under Review,Not Applicable,2026-02-07,0.0,422.17
CLM020461,BILL027333,PAT07540,FAC001,DEP003,Star Health,2025-10-05,709.65,Paid,Not Applicable,2025-10-10,701.82,7.83
CLM020465,BILL027337,PAT07965,FAC004,DEP001,Star Health,2025-11-02,1557.08,Paid,Not Applicable,2025-11-11,1556.78,0.3
CLM020466,BILL027338,PAT09361,FAC005,DEP001,Care Health,2025-07-19,1066.96,Approved,Not Applicable,2025-08-13,948.77,118.19
CLM020472,BILL027344,PAT02460,FAC004,DEP001,HDFC ERGO,2025-07-18,1303.52,Approved,Not Applicable,2025-07-24,1193.42,110.1
CLM020475,BILL027349,PAT02936,FAC004,DEP001,ICICI Lombard,2025-04-13,1030.09,Denied,Duplicate Claim,2025-04-23,0.0,1030.09
CLM020481,BILL027356,PAT05636,FAC001,DEP001,ICICI Lombard,2025-07-24,1264.62,Approved,Not Applicable,2025-07-31,1080.5,184.12
CLM020482,BILL027357,PAT04297,FAC003,DEP007,HDFC ERGO,2025-03-13,481.78,Approved,Not Applicable,2025-03-21,473.62,8.16
CLM020500,BILL027382,PAT09566,FAC005,DEP008,Star Health,2025-01-27,872.52,Paid,Not Applicable,2025-02-11,845.16,27.36
CLM020506,BILL027397,PAT03195,FAC001,DEP002,HDFC ERGO,2025-07-16,1084.26,Approved,Not Applicable,2025-08-14,966.99,117.27
CLM020508,BILL027399,PAT07276,FAC001,DEP005,ICICI Lombard,2025-02-07,618.79,Paid,Not Applicable,2025-02-17,612.8,5.99
CLM020510,BILL027401,PAT01740,FAC001,DEP008,HDFC ERGO,2025-05-04,2148.96,Denied,Missing Documentation,2025-05-20,0.0,2148.96
CLM020514,BILL027405,PAT01745,FAC001,DEP002,Star Health,2025-01-09,1101.44,Pending,Not Applicable,2025-02-15,0.0,1101.44
CLM020515,BILL027406,PAT01200,FAC001,DEP002,Niva Bupa,2025-02-19,929.67,Under Review,Not Applicable,2025-03-20,0.0,929.67
CLM020521,BILL027414,PAT07173,FAC001,DEP002,Care Health,2025-04-08,1375.52,Approved,Not Applicable,2025-04-28,1223.51,152.01
CLM020524,BILL027419,PAT08268,FAC003,DEP001,ICICI Lombard,2025-12-25,880.76,Pending,Not Applicable,2026-01-05,0.0,880.76
CLM020533,BILL027430,PAT03509,FAC003,DEP008,ICICI Lombard,2025-01-15,2176.06,Pending,Not Applicable,2025-02-20,0.0,2176.06
CLM020542,BILL027441,PAT04966,FAC004,DEP001,Care Health,2025-11-12,2206.84,Paid,Not Applicable,2025-11-19,2157.28,49.56
CLM020543,BILL027443,PAT02880,FAC003,DEP008,Star Health,2025-04-25,1006.41,Pending,Not Applicable,2025-06-09,0.0,1006.41
CLM020560,BILL027469,PAT02287,FAC004,DEP007,Niva Bupa,2025-02-13,600.27,Under Review,Not Applicable,2025-03-10,0.0,600.27
CLM020561,BILL027470,PAT02910,FAC003,DEP008,HDFC ERGO,2025-01-07,1570.18,Denied,Policy Exclusion,2025-01-26,0.0,1570.18
CLM020564,BILL027474,PAT03509,FAC002,DEP002,Star Health,2025-10-27,588.55,Pending,Not Applicable,2025-11-19,0.0,588.55
CLM020570,BILL027482,PAT08635,FAC005,DEP006,HDFC ERGO,2025-05-12,543.94,Approved,Not Applicable,2025-06-07,485.33,58.61
CLM020572,BILL027485,PAT05101,FAC003,DEP007,ICICI Lombard,2025-08-25,332.76,Pending,Not Applicable,2025-10-05,0.0,332.76
CLM020574,BILL027488,PAT01741,FAC001,DEP004,HDFC ERGO,2025-03-20,1680.79,Under Review,Not Applicable,2025-04-19,0.0,1680.79
CLM020575,BILL027489,PAT02457,FAC004,DEP001,Care Health,2025-01-29,758.71,Pending,Not Applicable,2025-03-09,0.0,758.71
CLM020586,BILL027504,PAT01663,FAC003,DEP005,Care Health,2025-12-17,312.45,Paid,Not Applicable,2026-01-14,291.21,21.24
CLM020589,BILL027508,PAT08780,FAC004,DEP005,ICICI Lombard,2025-09-02,690.84,Approved,Not Applicable,2025-09-25,643.2,47.64
CLM020592,BILL027511,PAT08274,FAC003,DEP001,Star Health,2025-01-27,1026.83,Under Review,Not Applicable,2025-02-17,0.0,1026.83
CLM020595,BILL027514,PAT08179,FAC001,DEP008,ICICI Lombard,2025-01-13,1606.61,Under Review,Not Applicable,2025-02-27,0.0,1606.61
CLM020598,BILL027517,PAT07965,FAC005,DEP003,ICICI Lombard,2025-04-25,337.69,Pending,Not Applicable,2025-06-08,0.0,337.69
CLM020599,BILL027518,PAT01200,FAC001,DEP004,Star Health,2025-07-03,1216.22,Approved,Not Applicable,2025-07-11,1076.69,139.53
CLM020601,BILL027520,PAT03911,FAC002,DEP002,HDFC ERGO,2025-04-28,1419.61,Approved,Not Applicable,2025-05-23,1286.58,133.03
CLM020602,BILL027521,PAT03496,FAC003,DEP005,HDFC ERGO,2025-05-14,323.21,Paid,Not Applicable,2025-05-27,310.36,12.85
CLM020604,BILL027523,PAT06432,FAC004,DEP004,Star Health,2025-03-12,1481.98,Paid,Not Applicable,2025-04-09,1425.97,56.01
CLM020606,BILL027526,PAT02499,FAC005,DEP005,Niva Bupa,2025-10-28,361.35,Paid,Not Applicable,2025-11-17,355.56,5.79
CLM020609,BILL027529,PAT05788,FAC005,DEP003,Star Health,2025-10-26,575.47,Paid,Not Applicable,2025-11-12,542.89,32.58
CLM020620,BILL027545,PAT08511,FAC002,DEP006,ICICI Lombard,2025-04-17,951.54,Under Review,Not Applicable,2025-05-18,0.0,951.54
CLM020625,BILL027553,PAT04123,FAC002,DEP002,ICICI Lombard,2025-10-30,920.32,Pending,Not Applicable,2025-12-07,0.0,920.32
CLM020626,BILL027554,PAT01603,FAC005,DEP006,Niva Bupa,2025-05-08,359.28,Denied,Authorization Missing,2025-05-23,0.0,359.28
CLM020639,BILL027570,PAT06320,FAC002,DEP001,HDFC ERGO,2025-03-09,1593.51,Approved,Not Applicable,2025-03-18,1406.22,187.29
CLM020660,BILL027600,PAT01584,FAC005,DEP005,Care Health,2025-04-11,363.52,Approved,Not Applicable,2025-05-05,330.01,33.51
CLM020664,BILL027604,PAT00901,FAC004,DEP002,Niva Bupa,2025-01-28,768.83,Under Review,Not Applicable,2025-03-05,0.0,768.83
CLM020668,BILL027608,PAT02956,FAC004,DEP001,Care Health,2025-11-06,778.64,Under Review,Not Applicable,2025-12-15,0.0,778.64
CLM020673,BILL027614,PAT00669,FAC005,DEP005,Star Health,2025-12-24,530.09,Approved,Not Applicable,2026-01-11,474.59,55.5
CLM020679,BILL027624,PAT09388,FAC005,DEP008,Care Health,2025-04-03,1926.78,Denied,Missing Documentation,2025-04-22,0.0,1926.78
CLM020681,BILL027626,PAT08731,FAC002,DEP005,Niva Bupa,2025-06-11,446.14,Pending,Not Applicable,2025-07-12,0.0,446.14
CLM020690,BILL027638,PAT07697,FAC001,DEP003,Care Health,2025-09-26,357.42,Under Review,Not Applicable,2025-11-02,0.0,357.42
CLM020697,BILL027650,PAT00287,FAC001,DEP002,Care Health,2025-11-17,1099.1,Denied,Missing Documentation,2025-11-29,0.0,1099.1
CLM020698,BILL027651,PAT00903,FAC005,DEP008,ICICI Lombard,2025-02-08,1773.3,Approved,Not Applicable,2025-02-15,1697.43,75.87
CLM020699,BILL027652,PAT08650,FAC002,DEP005,ICICI Lombard,2025-12-03,503.77,Approved,Not Applicable,2025-12-09,462.2,41.57
CLM020708,BILL027666,PAT05567,FAC005,DEP003,Niva Bupa,2025-10-06,568.54,Paid,Not Applicable,2025-11-03,568.13,0.41
CLM020711,BILL027669,PAT03997,FAC001,DEP004,Star Health,2025-10-24,1494.73,Pending,Not Applicable,2025-12-08,0.0,1494.73
CLM020721,BILL027682,PAT09482,FAC001,DEP008,Niva Bupa,2025-10-21,1489.07,Paid,Not Applicable,2025-11-09,1428.22,60.85
CLM020726,BILL027688,PAT02563,FAC004,DEP006,Star Health,2025-12-24,687.89,Denied,Authorization Missing,2026-01-10,0.0,687.89
CLM020727,BILL027689,PAT08736,FAC004,DEP006,Niva Bupa,2025-12-08,612.23,Denied,Policy Exclusion,2025-12-12,0.0,612.23
CLM020728,BILL027690,PAT00480,FAC001,DEP002,ICICI Lombard,2025-10-18,585.05,Paid,Not Applicable,2025-11-08,571.91,13.14
CLM020732,BILL027697,PAT05628,FAC005,DEP001,Care Health,2025-12-04,1476.86,Approved,Not Applicable,2025-12-09,1298.14,178.72
CLM020744,BILL027716,PAT05184,FAC002,DEP002,HDFC ERGO,2025-02-18,466.7,Pending,Not Applicable,2025-04-01,0.0,466.7
CLM020749,BILL027721,PAT05964,FAC005,DEP007,HDFC ERGO,2025-10-14,515.81,Pending,Not Applicable,2025-10-27,0.0,515.81
CLM020759,BILL027735,PAT03618,FAC001,DEP002,Care Health,2025-11-15,750.95,Approved,Not Applicable,2025-11-27,658.77,92.18
CLM020773,BILL027753,PAT05505,FAC005,DEP003,ICICI Lombard,2025-10-04,560.42,Paid,Not Applicable,2025-10-12,548.89,11.53
CLM020774,BILL027755,PAT05528,FAC002,DEP001,HDFC ERGO,2025-03-19,1536.09,Paid,Not Applicable,2025-03-29,1518.22,17.87
CLM020779,BILL027761,PAT07303,FAC001,DEP003,HDFC ERGO,2025-12-06,767.81,Approved,Not Applicable,2026-01-04,733.81,34.0
CLM020784,BILL027768,PAT02456,FAC003,DEP008,ICICI Lombard,2025-08-11,1983.1,Paid,Not Applicable,2025-08-23,1878.01,105.09
CLM020786,BILL027770,PAT04314,FAC004,DEP002,HDFC ERGO,2025-12-26,1249.34,Pending,Not Applicable,2026-01-15,0.0,1249.34
CLM020787,BILL027771,PAT06649,FAC001,DEP001,Niva Bupa,2025-09-30,1122.62,Approved,Not Applicable,2025-10-26,1079.75,42.87
CLM020796,BILL027782,PAT08798,FAC004,DEP004,Star Health,2025-12-30,1142.98,Pending,Not Applicable,2026-02-13,0.0,1142.98
CLM020805,BILL027794,PAT00469,FAC003,DEP007,Star Health,2025-08-24,717.19,Paid,Not Applicable,2025-09-22,679.11,38.08
CLM020808,BILL027800,PAT01663,FAC003,DEP007,Star Health,2025-12-23,580.89,Under Review,Not Applicable,2026-01-25,0.0,580.89
CLM020813,BILL027808,PAT02806,FAC005,DEP001,Niva Bupa,2025-03-02,1152.8,Paid,Not Applicable,2025-03-22,1103.94,48.86
CLM020814,BILL027809,PAT09539,FAC002,DEP002,Care Health,2025-04-01,1310.07,Paid,Not Applicable,2025-04-26,1281.56,28.51
CLM020819,BILL027815,PAT09159,FAC001,DEP008,Star Health,2025-01-03,1128.5,Paid,Not Applicable,2025-01-29,1039.6,88.9
CLM020830,BILL027829,PAT02129,FAC005,DEP001,Care Health,2025-07-11,987.14,Denied,Duplicate Claim,2025-07-30,0.0,987.14
CLM020837,BILL027837,PAT08030,FAC005,DEP007,Care Health,2025-12-09,297.98,Denied,Authorization Missing,2025-12-30,0.0,297.98
CLM020842,BILL027844,PAT02555,FAC002,DEP006,ICICI Lombard,2025-08-16,581.63,Approved,Not Applicable,2025-08-27,520.63,61.0
CLM020847,BILL027851,PAT03548,FAC003,DEP005,Star Health,2025-05-19,460.14,Under Review,Not Applicable,2025-06-01,0.0,460.14
CLM020849,BILL027853,PAT07589,FAC001,DEP001,Star Health,2025-09-07,805.78,Pending,Not Applicable,2025-10-09,0.0,805.78
CLM020852,BILL027857,PAT06960,FAC005,DEP008,ICICI Lombard,2025-11-21,1188.36,Approved,Not Applicable,2025-11-29,1032.41,155.95
CLM020859,BILL027864,PAT05283,FAC001,DEP004,Star Health,2025-09-02,1569.97,Paid,Not Applicable,2025-09-21,1449.99,119.98
CLM020868,BILL027875,PAT09839,FAC004,DEP007,Niva Bupa,2025-02-14,696.37,Approved,Not Applicable,2025-03-09,676.46,19.91
CLM020869,BILL027876,PAT04112,FAC001,DEP005,ICICI Lombard,2025-07-11,672.04,Pending,Not Applicable,2025-08-25,0.0,672.04
CLM020874,BILL027884,PAT01685,FAC005,DEP007,Star Health,2025-03-17,592.98,Under Review,Not Applicable,2025-04-24,0.0,592.98
CLM020875,BILL027885,PAT03373,FAC003,DEP003,Star Health,2025-10-01,822.83,Paid,Not Applicable,2025-10-24,802.35,20.48
CLM020880,BILL027890,PAT05861,FAC003,DEP003,HDFC ERGO,2025-07-25,607.39,Denied,Missing Documentation,2025-08-12,0.0,607.39
CLM020884,BILL027895,PAT01792,FAC004,DEP007,ICICI Lombard,2025-12-07,817.95,Paid,Not Applicable,2025-12-17,797.26,20.69
CLM020885,BILL027897,PAT04106,FAC001,DEP002,Niva Bupa,2026-01-02,1163.9,Approved,Not Applicable,2026-01-12,1027.18,136.72
CLM020886,BILL027898,PAT00322,FAC005,DEP007,ICICI Lombard,2025-06-17,828.2,Approved,Not Applicable,2025-07-02,704.04,124.16
CLM020891,BILL027904,PAT03520,FAC003,DEP005,ICICI Lombard,2025-08-02,507.57,Approved,Not Applicable,2025-08-17,432.21,75.36
CLM020898,BILL027913,PAT09973,FAC004,DEP002,Star Health,2025-05-09,717.72,Paid,Not Applicable,2025-06-02,671.3,46.42
CLM020899,BILL027914,PAT02068,FAC004,DEP004,Care Health,2025-02-10,1326.94,Paid,Not Applicable,2025-02-25,1275.94,51.0
CLM020901,BILL027916,PAT02875,FAC003,DEP003,Care Health,2025-04-20,620.35,Paid,Not Applicable,2025-05-18,588.05,32.3
CLM020908,BILL027925,PAT02381,FAC003,DEP005,Star Health,2025-04-30,557.83,Approved,Not Applicable,2025-05-14,518.31,39.52
CLM020913,BILL027931,PAT00901,FAC003,DEP001,HDFC ERGO,2025-12-01,952.09,Approved,Not Applicable,2025-12-20,925.68,26.41
CLM020918,BILL027939,PAT09555,FAC001,DEP004,Niva Bupa,2025-02-02,1261.36,Pending,Not Applicable,2025-02-28,0.0,1261.36
CLM020919,BILL027940,PAT05108,FAC002,DEP001,HDFC ERGO,2025-08-28,667.5,Pending,Not Applicable,2025-10-01,0.0,667.5
CLM020921,BILL027942,PAT08884,FAC002,DEP006,Star Health,2025-01-22,727.34,Paid,Not Applicable,2025-01-29,697.79,29.55
CLM020922,BILL027944,PAT01787,FAC002,DEP006,HDFC ERGO,2025-07-20,843.19,Denied,Policy Exclusion,2025-08-07,0.0,843.19
CLM020923,BILL027945,PAT07913,FAC003,DEP001,HDFC ERGO,2025-10-09,1106.27,Under Review,Not Applicable,2025-11-12,0.0,1106.27
CLM020929,BILL027951,PAT00813,FAC003,DEP008,ICICI Lombard,2025-12-22,1062.11,Approved,Not Applicable,2026-01-21,1021.11,41.0
CLM020931,BILL027954,PAT08823,FAC004,DEP004,HDFC ERGO,2025-10-13,853.52,Approved,Not Applicable,2025-10-23,737.03,116.49
CLM020932,BILL027955,PAT04025,FAC005,DEP001,ICICI Lombard,2025-11-06,1138.97,Paid,Not Applicable,2025-11-26,1064.63,74.34
CLM020943,BILL027967,PAT02914,FAC004,DEP006,Star Health,2025-06-26,872.5,Approved,Not Applicable,2025-07-25,811.04,61.46
CLM020953,BILL027980,PAT00352,FAC002,DEP001,Care Health,2025-10-18,694.16,Paid,Not Applicable,2025-10-27,690.27,3.89
CLM020965,BILL027992,PAT08391,FAC002,DEP007,Care Health,2025-07-25,442.47,Paid,Not Applicable,2025-08-22,413.47,29.0
CLM020968,BILL027997,PAT05218,FAC004,DEP006,HDFC ERGO,2025-12-14,718.86,Approved,Not Applicable,2025-12-28,636.78,82.08
CLM020969,BILL027998,PAT06561,FAC004,DEP006,ICICI Lombard,2025-02-17,751.33,Under Review,Not Applicable,2025-03-09,0.0,751.33
CLM020982,BILL028018,PAT06312,FAC002,DEP005,Care Health,2025-11-09,504.84,Approved,Not Applicable,2025-11-30,488.06,16.78
CLM020994,BILL028036,PAT04266,FAC005,DEP003,Care Health,2025-11-15,749.79,Under Review,Not Applicable,2025-12-26,0.0,749.79
CLM020999,BILL028044,PAT04515,FAC004,DEP005,HDFC ERGO,2025-06-07,539.13,Approved,Not Applicable,2025-06-19,505.7,33.43
CLM021002,BILL028047,PAT01706,FAC001,DEP004,Niva Bupa,2025-04-27,1021.49,Pending,Not Applicable,2025-06-04,0.0,1021.49
CLM021003,BILL028048,PAT06349,FAC002,DEP001,Niva Bupa,2025-01-08,1575.8,Denied,Missing Documentation,2025-01-20,0.0,1575.8
CLM021009,BILL028057,PAT08411,FAC004,DEP002,Niva Bupa,2025-03-25,1126.46,Under Review,Not Applicable,2025-04-29,0.0,1126.46
CLM021014,BILL028066,PAT07692,FAC005,DEP001,Niva Bupa,2025-10-27,574.1,Pending,Not Applicable,2025-12-01,0.0,574.1
CLM021026,BILL028080,PAT09296,FAC001,DEP004,Care Health,2026-01-03,1005.13,Approved,Not Applicable,2026-01-22,881.69,123.44
CLM021029,BILL028084,PAT03949,FAC003,DEP005,ICICI Lombard,2025-10-15,266.97,Under Review,Not Applicable,2025-11-19,0.0,266.97
CLM021040,BILL028099,PAT00246,FAC005,DEP005,ICICI Lombard,2025-12-25,384.41,Under Review,Not Applicable,2026-02-05,0.0,384.41
CLM021041,BILL028100,PAT01955,FAC002,DEP001,Care Health,2025-09-19,1849.68,Paid,Not Applicable,2025-10-02,1716.74,132.94
CLM021044,BILL028103,PAT00327,FAC003,DEP008,HDFC ERGO,2025-04-04,973.92,Approved,Not Applicable,2025-04-17,961.11,12.81
CLM021045,BILL028104,PAT05026,FAC004,DEP007,Niva Bupa,2025-02-07,583.12,Pending,Not Applicable,2025-03-15,0.0,583.12
CLM021058,BILL028122,PAT05350,FAC001,DEP008,ICICI Lombard,2025-04-20,2173.18,Paid,Not Applicable,2025-05-14,2004.67,168.51
CLM021072,BILL028140,PAT07325,FAC001,DEP005,ICICI Lombard,2025-02-05,573.59,Pending,Not Applicable,2025-02-25,0.0,573.59
CLM021083,BILL028155,PAT00480,FAC003,DEP001,Star Health,2025-06-04,1293.73,Approved,Not Applicable,2025-06-10,1132.49,161.24
CLM021085,BILL028157,PAT05095,FAC005,DEP006,ICICI Lombard,2025-07-05,552.92,Denied,Duplicate Claim,2025-07-24,0.0,552.92
CLM021090,BILL028163,PAT00170,FAC003,DEP001,Star Health,2025-12-06,1506.1,Under Review,Not Applicable,2025-12-28,0.0,1506.1
CLM021091,BILL028164,PAT09404,FAC004,DEP004,Star Health,2025-11-09,1225.4,Approved,Not Applicable,2025-11-23,1091.28,134.12
CLM021094,BILL028167,PAT06751,FAC004,DEP002,ICICI Lombard,2025-12-18,558.49,Paid,Not Applicable,2026-01-17,519.13,39.36
CLM021100,BILL028175,PAT07768,FAC002,DEP005,ICICI Lombard,2025-08-29,378.64,Pending,Not Applicable,2025-09-29,0.0,378.64
CLM021102,BILL028177,PAT03888,FAC003,DEP003,ICICI Lombard,2025-07-17,1062.53,Under Review,Not Applicable,2025-08-26,0.0,1062.53
CLM021105,BILL028182,PAT03951,FAC003,DEP003,HDFC ERGO,2025-07-30,566.72,Under Review,Not Applicable,2025-09-13,0.0,566.72
CLM021106,BILL028183,PAT01084,FAC005,DEP006,Care Health,2025-11-02,726.42,Pending,Not Applicable,2025-12-09,0.0,726.42
CLM021109,BILL028186,PAT03276,FAC003,DEP003,HDFC ERGO,2025-09-25,709.79,Paid,Not Applicable,2025-10-01,677.82,31.97
CLM021110,BILL028187,PAT09053,FAC001,DEP001,Star Health,2025-05-17,1614.89,Paid,Not Applicable,2025-05-22,1592.53,22.36
CLM021115,BILL028193,PAT00938,FAC002,DEP005,ICICI Lombard,2025-11-29,310.02,Pending,Not Applicable,2026-01-05,0.0,310.02
CLM021120,BILL028199,PAT08125,FAC005,DEP001,HDFC ERGO,2025-04-25,1479.21,Approved,Not Applicable,2025-05-18,1295.92,183.29
CLM021123,BILL028202,PAT03563,FAC005,DEP008,Star Health,2025-04-16,1373.3,Approved,Not Applicable,2025-05-16,1238.1,135.2
CLM021129,BILL028211,PAT02967,FAC003,DEP003,Niva Bupa,2025-04-01,386.5,Paid,Not Applicable,2025-04-13,359.97,26.53
CLM021138,BILL028221,PAT05564,FAC002,DEP002,Niva Bupa,2025-07-06,1312.59,Pending,Not Applicable,2025-07-19,0.0,1312.59
CLM021146,BILL028231,PAT03388,FAC002,DEP001,ICICI Lombard,2025-08-12,1510.74,Under Review,Not Applicable,2025-09-01,0.0,1510.74
CLM021160,BILL028251,PAT07794,FAC004,DEP004,Star Health,2025-03-01,1907.52,Denied,Authorization Missing,2025-03-20,0.0,1907.52
CLM021163,BILL028254,PAT04342,FAC005,DEP003,Care Health,2025-02-25,576.21,Approved,Not Applicable,2025-03-11,518.14,58.07
CLM021167,BILL028260,PAT00926,FAC002,DEP002,Care Health,2025-10-10,1230.02,Approved,Not Applicable,2025-10-26,1229.48,0.54
CLM021176,BILL028275,PAT05024,FAC002,DEP002,Star Health,2025-06-15,1369.36,Approved,Not Applicable,2025-06-27,1183.23,186.13
CLM021180,BILL028279,PAT01394,FAC005,DEP001,Star Health,2025-08-16,820.26,Pending,Not Applicable,2025-09-12,0.0,820.26
CLM021186,BILL028287,PAT01209,FAC004,DEP002,Star Health,2025-09-30,721.88,Under Review,Not Applicable,2025-10-25,0.0,721.88
CLM021192,BILL028294,PAT07945,FAC004,DEP002,Care Health,2025-10-11,676.21,Under Review,Not Applicable,2025-11-14,0.0,676.21
CLM021195,BILL028297,PAT02885,FAC003,DEP001,HDFC ERGO,2025-06-23,1102.31,Approved,Not Applicable,2025-07-21,1067.14,35.17
CLM021199,BILL028304,PAT07014,FAC005,DEP008,Star Health,2025-07-05,1635.42,Pending,Not Applicable,2025-07-18,0.0,1635.42
CLM021201,BILL028307,PAT06352,FAC005,DEP001,Care Health,2025-10-01,1221.35,Paid,Not Applicable,2025-10-29,1167.15,54.2
CLM021205,BILL028314,PAT06707,FAC003,DEP001,Star Health,2025-12-20,1407.7,Approved,Not Applicable,2025-12-25,1306.75,100.95
CLM021212,BILL028323,PAT05305,FAC001,DEP004,Star Health,2025-10-23,1281.91,Under Review,Not Applicable,2025-11-28,0.0,1281.91
CLM021213,BILL028324,PAT08388,FAC004,DEP007,Star Health,2025-02-21,565.45,Paid,Not Applicable,2025-03-13,536.84,28.61
CLM021215,BILL028326,PAT07111,FAC002,DEP005,Star Health,2025-07-26,510.84,Pending,Not Applicable,2025-08-25,0.0,510.84
CLM021217,BILL028328,PAT06178,FAC001,DEP001,Niva Bupa,2025-06-20,1532.46,Approved,Not Applicable,2025-07-16,1409.9,122.56
CLM021219,BILL028331,PAT08271,FAC002,DEP002,Care Health,2025-09-18,774.12,Paid,Not Applicable,2025-10-02,738.7,35.42
CLM021222,BILL028335,PAT04631,FAC002,DEP006,Niva Bupa,2025-01-26,852.11,Approved,Not Applicable,2025-02-18,815.42,36.69
CLM021225,BILL028340,PAT07064,FAC004,DEP001,Niva Bupa,2025-12-15,1152.45,Approved,Not Applicable,2025-12-27,1054.27,98.18
CLM021234,BILL028351,PAT06825,FAC004,DEP005,Niva Bupa,2025-06-23,558.4,Denied,Policy Exclusion,2025-07-04,0.0,558.4
CLM021248,BILL028370,PAT02478,FAC004,DEP006,Care Health,2025-08-30,731.11,Approved,Not Applicable,2025-09-23,677.65,53.46
CLM021262,BILL028386,PAT06561,FAC004,DEP007,ICICI Lombard,2025-11-26,331.83,Pending,Not Applicable,2026-01-03,0.0,331.83
CLM021270,BILL028398,PAT03446,FAC005,DEP001,ICICI Lombard,2025-12-08,983.9,Denied,Authorization Missing,2025-12-22,0.0,983.9
CLM021288,BILL028418,PAT08049,FAC004,DEP006,ICICI Lombard,2025-05-03,578.82,Paid,Not Applicable,2025-05-31,553.53,25.29
CLM021289,BILL028420,PAT06598,FAC002,DEP007,ICICI Lombard,2025-06-01,445.56,Paid,Not Applicable,2025-06-06,439.06,6.5
CLM021294,BILL028427,PAT06127,FAC003,DEP001,Star Health,2025-11-17,1405.82,Pending,Not Applicable,2025-12-17,0.0,1405.82
CLM021304,BILL028439,PAT05035,FAC005,DEP008,ICICI Lombard,2025-10-09,1749.68,Approved,Not Applicable,2025-10-23,1726.34,23.34
CLM021314,BILL028454,PAT05971,FAC001,DEP002,Star Health,2025-12-28,1017.0,Pending,Not Applicable,2026-02-03,0.0,1017.0
CLM021316,BILL028456,PAT07999,FAC003,DEP005,ICICI Lombard,2025-11-02,536.9,Denied,Policy Exclusion,2025-11-17,0.0,536.9
CLM021323,BILL028467,PAT05364,FAC005,DEP005,Star Health,2025-05-14,487.54,Approved,Not Applicable,2025-05-29,450.48,37.06
CLM021330,BILL028475,PAT04630,FAC003,DEP005,Niva Bupa,2025-12-15,577.97,Denied,Duplicate Claim,2026-01-04,0.0,577.97
CLM021331,BILL028476,PAT01122,FAC002,DEP001,Star Health,2025-08-16,1389.42,Pending,Not Applicable,2025-08-27,0.0,1389.42
CLM021335,BILL028481,PAT04078,FAC001,DEP005,ICICI Lombard,2025-06-10,458.62,Paid,Not Applicable,2025-07-04,433.95,24.67
CLM021336,BILL028482,PAT03777,FAC003,DEP005,ICICI Lombard,2025-06-06,677.64,Approved,Not Applicable,2025-06-13,656.61,21.03
CLM021340,BILL028486,PAT02772,FAC002,DEP002,Care Health,2025-03-30,888.5,Denied,Authorization Missing,2025-04-19,0.0,888.5
CLM021344,BILL028492,PAT05283,FAC002,DEP007,ICICI Lombard,2025-07-10,422.24,Pending,Not Applicable,2025-08-23,0.0,422.24
CLM021347,BILL028496,PAT00928,FAC004,DEP002,ICICI Lombard,2025-04-16,1216.49,Pending,Not Applicable,2025-05-27,0.0,1216.49
CLM021348,BILL028498,PAT03483,FAC004,DEP005,ICICI Lombard,2025-03-25,448.73,Denied,Policy Exclusion,2025-04-07,0.0,448.73
CLM021352,BILL028502,PAT08740,FAC001,DEP001,ICICI Lombard,2025-01-23,946.24,Paid,Not Applicable,2025-02-09,889.54,56.7
CLM021354,BILL028506,PAT02183,FAC003,DEP001,HDFC ERGO,2025-12-21,1995.37,Under Review,Not Applicable,2026-01-17,0.0,1995.37
CLM021357,BILL028510,PAT03372,FAC001,DEP003,Star Health,2025-04-16,355.14,Paid,Not Applicable,2025-04-24,353.57,1.57
CLM021363,BILL028519,PAT00151,FAC003,DEP005,ICICI Lombard,2025-05-09,522.34,Pending,Not Applicable,2025-05-28,0.0,522.34
CLM021372,BILL028533,PAT09296,FAC003,DEP001,ICICI Lombard,2025-12-22,801.9,Approved,Not Applicable,2025-12-29,761.79,40.11
CLM021373,BILL028534,PAT09825,FAC004,DEP001,Star Health,2025-08-16,1403.62,Under Review,Not Applicable,2025-08-27,0.0,1403.62
CLM021375,BILL028538,PAT08048,FAC004,DEP001,Care Health,2025-09-18,1371.85,Paid,Not Applicable,2025-10-02,1300.6,71.25
CLM021399,BILL028565,PAT09567,FAC003,DEP008,ICICI Lombard,2025-10-11,1657.07,Denied,Authorization Missing,2025-10-24,0.0,1657.07
CLM021405,BILL028571,PAT02020,FAC003,DEP003,HDFC ERGO,2025-03-19,633.98,Approved,Not Applicable,2025-04-18,539.66,94.32
CLM021406,BILL028573,PAT03945,FAC003,DEP007,Niva Bupa,2025-01-21,590.24,Paid,Not Applicable,2025-02-02,569.38,20.86
CLM021416,BILL028584,PAT02268,FAC001,DEP001,Care Health,2025-02-03,1057.4,Paid,Not Applicable,2025-02-11,1013.91,43.49
CLM021417,BILL028585,PAT01724,FAC002,DEP001,Care Health,2025-09-03,1101.56,Approved,Not Applicable,2025-09-09,1068.26,33.3
CLM021422,BILL028590,PAT04591,FAC002,DEP002,Star Health,2025-09-28,842.54,Denied,Duplicate Claim,2025-10-15,0.0,842.54
CLM021429,BILL028600,PAT03882,FAC001,DEP004,HDFC ERGO,2025-02-18,1308.06,Approved,Not Applicable,2025-02-25,1126.7,181.36
CLM021439,BILL028614,PAT07504,FAC005,DEP006,Niva Bupa,2025-11-17,648.17,Pending,Not Applicable,2025-12-26,0.0,648.17
CLM021440,BILL028615,PAT00543,FAC005,DEP007,HDFC ERGO,2025-02-22,523.42,Approved,Not Applicable,2025-03-19,520.83,2.59
CLM021446,BILL028625,PAT03406,FAC003,DEP005,Niva Bupa,2025-11-17,511.18,Denied,Policy Exclusion,2025-12-08,0.0,511.18
CLM021457,BILL028640,PAT05861,FAC005,DEP006,HDFC ERGO,2025-07-29,627.5,Paid,Not Applicable,2025-08-19,597.44,30.06
CLM021463,BILL028647,PAT03990,FAC003,DEP003,Niva Bupa,2025-02-28,739.22,Pending,Not Applicable,2025-04-02,0.0,739.22
CLM021477,BILL028668,PAT01254,FAC002,DEP006,HDFC ERGO,2025-11-19,758.77,Approved,Not Applicable,2025-12-05,690.55,68.22
CLM021478,BILL028669,PAT05272,FAC004,DEP001,Star Health,2025-06-10,1722.98,Paid,Not Applicable,2025-07-02,1644.42,78.56
CLM021483,BILL028674,PAT01476,FAC001,DEP002,HDFC ERGO,2025-04-06,1170.59,Approved,Not Applicable,2025-04-24,1004.85,165.74
CLM021495,BILL028688,PAT06877,FAC001,DEP005,Star Health,2026-01-02,373.82,Under Review,Not Applicable,2026-02-04,0.0,373.82
CLM021500,BILL028697,PAT06312,FAC001,DEP003,Star Health,2025-12-15,715.54,Approved,Not Applicable,2026-01-08,632.81,82.73
CLM021501,BILL028700,PAT01035,FAC005,DEP007,ICICI Lombard,2025-10-05,783.57,Paid,Not Applicable,2025-11-02,730.68,52.89
CLM021504,BILL028703,PAT07727,FAC004,DEP004,Niva Bupa,2025-04-24,1128.26,Approved,Not Applicable,2025-05-18,986.93,141.33
CLM021507,BILL028709,PAT04979,FAC002,DEP006,ICICI Lombard,2025-04-21,263.36,Approved,Not Applicable,2025-04-30,261.17,2.19
CLM021513,BILL028717,PAT04862,FAC002,DEP001,HDFC ERGO,2025-09-23,1183.86,Approved,Not Applicable,2025-10-16,1041.36,142.5
CLM021515,BILL028719,PAT04851,FAC005,DEP001,Niva Bupa,2025-09-29,1609.76,Paid,Not Applicable,2025-10-23,1566.62,43.14
CLM021518,BILL028722,PAT03015,FAC005,DEP008,Niva Bupa,2025-06-07,2028.04,Paid,Not Applicable,2025-06-26,1929.0,99.04
CLM021530,BILL028738,PAT04124,FAC003,DEP001,Star Health,2025-10-04,1040.28,Approved,Not Applicable,2025-10-31,1015.51,24.77
CLM021535,BILL028743,PAT06670,FAC003,DEP001,ICICI Lombard,2025-01-06,1579.05,Paid,Not Applicable,2025-01-22,1504.26,74.79
CLM021539,BILL028750,PAT02500,FAC001,DEP004,HDFC ERGO,2025-09-13,638.91,Pending,Not Applicable,2025-09-30,0.0,638.91
CLM021544,BILL028757,PAT00294,FAC002,DEP006,Star Health,2025-06-21,922.03,Under Review,Not Applicable,2025-07-30,0.0,922.03
CLM021545,BILL028758,PAT04270,FAC003,DEP007,Care Health,2025-02-13,686.6,Approved,Not Applicable,2025-02-21,658.77,27.83
CLM021551,BILL028766,PAT06436,FAC005,DEP001,Star Health,2025-09-27,970.05,Under Review,Not Applicable,2025-10-25,0.0,970.05
CLM021552,BILL028767,PAT09261,FAC001,DEP005,Care Health,2025-12-23,478.23,Pending,Not Applicable,2026-01-02,0.0,478.23
CLM021557,BILL028772,PAT00080,FAC001,DEP002,Star Health,2025-04-04,1010.62,Denied,Eligibility Issue,2025-04-19,0.0,1010.62
CLM021574,BILL028793,PAT07965,FAC004,DEP004,Star Health,2025-04-29,965.49,Under Review,Not Applicable,2025-06-06,0.0,965.49
CLM021575,BILL028794,PAT08529,FAC003,DEP005,Star Health,2025-07-10,492.12,Under Review,Not Applicable,2025-08-08,0.0,492.12
CLM021577,BILL028796,PAT00275,FAC002,DEP005,Niva Bupa,2025-06-19,382.31,Under Review,Not Applicable,2025-07-19,0.0,382.31
CLM021584,BILL028803,PAT02076,FAC003,DEP003,Niva Bupa,2025-04-06,687.18,Approved,Not Applicable,2025-04-16,657.03,30.15
CLM021589,BILL028809,PAT05862,FAC001,DEP002,Care Health,2025-05-15,635.22,Paid,Not Applicable,2025-05-30,596.63,38.59
CLM021595,BILL028816,PAT02406,FAC001,DEP002,ICICI Lombard,2025-03-01,708.6,Paid,Not Applicable,2025-03-17,658.98,49.62
CLM021599,BILL028821,PAT08388,FAC004,DEP001,Star Health,2025-02-21,1453.57,Denied,Coding Error,2025-03-12,0.0,1453.57
CLM021601,BILL028823,PAT02994,FAC001,DEP001,Care Health,2025-01-15,1188.52,Paid,Not Applicable,2025-01-27,1143.58,44.94
CLM021609,BILL028832,PAT09086,FAC004,DEP002,HDFC ERGO,2025-02-16,720.53,Denied,Authorization Missing,2025-03-05,0.0,720.53
CLM021615,BILL028841,PAT04352,FAC001,DEP008,HDFC ERGO,2025-01-27,1002.1,Under Review,Not Applicable,2025-02-16,0.0,1002.1
CLM021616,BILL028843,PAT06850,FAC002,DEP006,ICICI Lombard,2025-01-01,571.37,Approved,Not Applicable,2025-01-27,493.39,77.98
CLM021617,BILL028844,PAT05602,FAC004,DEP007,Care Health,2025-10-21,850.74,Approved,Not Applicable,2025-11-09,758.7,92.04
CLM021620,BILL028849,PAT09616,FAC001,DEP002,HDFC ERGO,2025-11-13,1025.82,Paid,Not Applicable,2025-12-12,1007.7,18.12
CLM021623,BILL028852,PAT06770,FAC005,DEP007,ICICI Lombard,2025-04-03,582.94,Approved,Not Applicable,2025-04-13,581.24,1.7
CLM021629,BILL028861,PAT03026,FAC002,DEP006,Niva Bupa,2025-11-09,560.28,Pending,Not Applicable,2025-12-04,0.0,560.28
CLM021631,BILL028863,PAT01122,FAC005,DEP003,Star Health,2025-07-11,624.16,Paid,Not Applicable,2025-07-21,597.33,26.83
CLM021638,BILL028872,PAT04029,FAC004,DEP004,HDFC ERGO,2025-11-19,967.57,Paid,Not Applicable,2025-12-11,893.36,74.21
CLM021649,BILL028889,PAT09220,FAC005,DEP008,Care Health,2025-08-07,1799.07,Pending,Not Applicable,2025-09-03,0.0,1799.07
CLM021658,BILL028900,PAT07387,FAC005,DEP005,Niva Bupa,2025-01-23,489.58,Denied,Coding Error,2025-01-31,0.0,489.58
CLM021666,BILL028912,PAT09394,FAC002,DEP002,Care Health,2025-11-14,1114.68,Paid,Not Applicable,2025-11-21,1069.08,45.6
CLM021670,BILL028917,PAT04150,FAC003,DEP001,Star Health,2025-09-22,1469.22,Paid,Not Applicable,2025-10-17,1456.0,13.22
CLM021679,BILL028926,PAT04405,FAC001,DEP005,Niva Bupa,2025-04-06,402.06,Approved,Not Applicable,2025-05-06,399.46,2.6
CLM021683,BILL028931,PAT08998,FAC003,DEP001,ICICI Lombard,2025-11-19,1390.93,Paid,Not Applicable,2025-12-06,1309.2,81.73
CLM021689,BILL028938,PAT04065,FAC004,DEP006,ICICI Lombard,2025-10-20,948.34,Pending,Not Applicable,2025-11-06,0.0,948.34
CLM021691,BILL028941,PAT06713,FAC002,DEP002,HDFC ERGO,2025-08-21,1199.77,Pending,Not Applicable,2025-09-11,0.0,1199.77
CLM021694,BILL028946,PAT06897,FAC001,DEP005,ICICI Lombard,2025-01-16,806.35,Under Review,Not Applicable,2025-02-27,0.0,806.35
CLM021703,BILL028955,PAT06561,FAC002,DEP002,Care Health,2025-11-26,1347.66,Paid,Not Applicable,2025-12-06,1250.18,97.48
CLM021712,BILL028967,PAT01403,FAC005,DEP007,Star Health,2025-10-07,701.06,Approved,Not Applicable,2025-10-29,627.22,73.84
CLM021714,BILL028970,PAT00736,FAC002,DEP005,Care Health,2025-07-16,434.72,Under Review,Not Applicable,2025-07-31,0.0,434.72
CLM021726,BILL028983,PAT02168,FAC004,DEP001,HDFC ERGO,2025-08-11,1114.16,Paid,Not Applicable,2025-08-22,1107.16,7.0
CLM021730,BILL028989,PAT02958,FAC004,DEP005,Care Health,2025-05-07,357.06,Paid,Not Applicable,2025-05-28,346.92,10.14
CLM021731,BILL028990,PAT04099,FAC002,DEP007,HDFC ERGO,2025-07-04,429.28,Pending,Not Applicable,2025-07-30,0.0,429.28
CLM021734,BILL028994,PAT09405,FAC002,DEP006,Care Health,2025-05-16,788.88,Approved,Not Applicable,2025-06-08,697.86,91.02
CLM021735,BILL028995,PAT03614,FAC003,DEP001,ICICI Lombard,2025-10-05,760.53,Pending,Not Applicable,2025-11-16,0.0,760.53
CLM021739,BILL028999,PAT02885,FAC002,DEP001,ICICI Lombard,2025-04-19,1265.56,Paid,Not Applicable,2025-04-24,1202.99,62.57
CLM021740,BILL029001,PAT01086,FAC004,DEP005,HDFC ERGO,2025-02-07,376.1,Pending,Not Applicable,2025-03-11,0.0,376.1
CLM021762,BILL029027,PAT04190,FAC003,DEP001,HDFC ERGO,2025-03-20,1748.17,Paid,Not Applicable,2025-04-17,1740.72,7.45
CLM021763,BILL029028,PAT09249,FAC001,DEP008,Star Health,2025-12-18,1637.62,Under Review,Not Applicable,2026-01-29,0.0,1637.62
CLM021766,BILL029031,PAT07725,FAC002,DEP001,Star Health,2025-08-17,973.58,Paid,Not Applicable,2025-09-03,906.49,67.09
CLM021767,BILL029032,PAT02478,FAC001,DEP005,Star Health,2025-08-18,460.1,Paid,Not Applicable,2025-09-10,425.89,34.21
CLM021773,BILL029040,PAT03956,FAC004,DEP007,Niva Bupa,2025-07-12,430.26,Under Review,Not Applicable,2025-08-23,0.0,430.26
CLM021809,BILL029087,PAT04607,FAC004,DEP001,Care Health,2025-04-23,1350.87,Approved,Not Applicable,2025-05-20,1215.82,135.05
CLM021810,BILL029088,PAT05475,FAC005,DEP003,Star Health,2025-11-10,502.96,Paid,Not Applicable,2025-11-17,484.9,18.06
CLM021821,BILL029104,PAT05023,FAC002,DEP001,ICICI Lombard,2025-09-02,822.87,Paid,Not Applicable,2025-09-12,767.48,55.39
CLM021838,BILL029132,PAT06162,FAC004,DEP002,Star Health,2025-09-27,840.86,Pending,Not Applicable,2025-10-24,0.0,840.86
CLM021854,BILL029150,PAT04150,FAC003,DEP001,HDFC ERGO,2025-06-28,970.74,Pending,Not Applicable,2025-08-10,0.0,970.74
CLM021866,BILL029166,PAT09040,FAC001,DEP002,Star Health,2025-03-23,1700.24,Approved,Not Applicable,2025-04-09,1679.72,20.52
CLM021868,BILL029169,PAT01386,FAC004,DEP006,Star Health,2025-11-18,414.28,Denied,Authorization Missing,2025-12-09,0.0,414.28
CLM021869,BILL029170,PAT03380,FAC002,DEP002,ICICI Lombard,2025-12-03,709.18,Denied,Authorization Missing,2025-12-16,0.0,709.18
CLM021878,BILL029180,PAT09296,FAC002,DEP005,Care Health,2025-05-05,449.71,Approved,Not Applicable,2025-05-23,406.44,43.27
CLM021881,BILL029183,PAT02123,FAC001,DEP002,HDFC ERGO,2025-10-04,849.19,Pending,Not Applicable,2025-10-15,0.0,849.19
CLM021882,BILL029185,PAT01087,FAC002,DEP006,Care Health,2025-12-14,587.23,Approved,Not Applicable,2026-01-05,564.37,22.86
CLM021883,BILL029187,PAT05767,FAC005,DEP005,HDFC ERGO,2025-11-07,554.42,Paid,Not Applicable,2025-11-28,512.54,41.88
CLM021884,BILL029188,PAT01749,FAC004,DEP002,HDFC ERGO,2025-07-07,1186.87,Denied,Duplicate Claim,2025-07-15,0.0,1186.87
CLM021885,BILL029189,PAT01509,FAC004,DEP002,Niva Bupa,2025-06-17,1065.82,Paid,Not Applicable,2025-06-24,1023.39,42.43
CLM021894,BILL029199,PAT09736,FAC002,DEP006,HDFC ERGO,2025-07-24,738.96,Denied,Eligibility Issue,2025-08-07,0.0,738.96
CLM021895,BILL029200,PAT02985,FAC003,DEP003,HDFC ERGO,2025-12-28,610.77,Paid,Not Applicable,2026-01-10,585.95,24.82
CLM021900,BILL029207,PAT05764,FAC001,DEP004,Star Health,2025-11-05,1498.54,Pending,Not Applicable,2025-12-12,0.0,1498.54
CLM021906,BILL029214,PAT03039,FAC001,DEP003,HDFC ERGO,2025-08-08,633.35,Under Review,Not Applicable,2025-09-08,0.0,633.35
CLM021910,BILL029221,PAT05816,FAC003,DEP001,HDFC ERGO,2025-10-22,789.22,Paid,Not Applicable,2025-11-06,767.37,21.85
CLM021913,BILL029225,PAT04924,FAC003,DEP001,Star Health,2025-07-22,1650.4,Under Review,Not Applicable,2025-08-26,0.0,1650.4
CLM021919,BILL029231,PAT00721,FAC002,DEP007,Star Health,2025-06-04,960.66,Denied,Coding Error,2025-06-12,0.0,960.66
CLM021922,BILL029235,PAT04342,FAC003,DEP003,Care Health,2025-08-18,593.8,Paid,Not Applicable,2025-08-25,591.78,2.02
CLM021923,BILL029236,PAT05475,FAC001,DEP003,Care Health,2025-01-12,569.99,Approved,Not Applicable,2025-01-28,484.75,85.24
CLM021925,BILL029240,PAT02021,FAC001,DEP004,Star Health,2025-01-09,1052.1,Under Review,Not Applicable,2025-02-01,0.0,1052.1
CLM021927,BILL029242,PAT08331,FAC003,DEP001,Care Health,2025-10-19,721.95,Under Review,Not Applicable,2025-11-24,0.0,721.95
CLM021929,BILL029245,PAT00189,FAC004,DEP001,HDFC ERGO,2025-05-08,1238.6,Under Review,Not Applicable,2025-05-19,0.0,1238.6
CLM021939,BILL029256,PAT09626,FAC002,DEP005,HDFC ERGO,2025-05-11,236.7,Pending,Not Applicable,2025-06-10,0.0,236.7
CLM021946,BILL029268,PAT01870,FAC003,DEP003,ICICI Lombard,2025-08-09,589.65,Paid,Not Applicable,2025-08-26,584.82,4.83
CLM021961,BILL029290,PAT05386,FAC002,DEP006,Niva Bupa,2025-12-29,469.73,Paid,Not Applicable,2026-01-15,465.23,4.5
CLM021965,BILL029294,PAT05636,FAC002,DEP002,ICICI Lombard,2025-02-11,998.11,Paid,Not Applicable,2025-03-03,970.52,27.59
CLM021968,BILL029297,PAT00519,FAC002,DEP007,Star Health,2025-09-26,402.28,Under Review,Not Applicable,2025-10-12,0.0,402.28
CLM021969,BILL029298,PAT05145,FAC005,DEP003,Niva Bupa,2025-12-08,844.58,Paid,Not Applicable,2026-01-02,806.14,38.44
CLM021985,BILL029325,PAT09160,FAC004,DEP006,Niva Bupa,2025-01-18,529.92,Under Review,Not Applicable,2025-02-27,0.0,529.92
CLM021988,BILL029329,PAT08296,FAC004,DEP007,HDFC ERGO,2025-08-23,455.48,Denied,Authorization Missing,2025-09-04,0.0,455.48
CLM021991,BILL029333,PAT00654,FAC002,DEP001,Star Health,2025-07-25,862.78,Approved,Not Applicable,2025-08-03,813.43,49.35
CLM021994,BILL029337,PAT02251,FAC003,DEP003,Star Health,2025-06-14,633.22,Approved,Not Applicable,2025-06-24,546.0,87.22
CLM021997,BILL029340,PAT08125,FAC002,DEP006,Care Health,2025-02-06,595.55,Approved,Not Applicable,2025-02-14,559.58,35.97
CLM022009,BILL029355,PAT02127,FAC004,DEP005,HDFC ERGO,2025-02-10,382.2,Approved,Not Applicable,2025-02-26,371.55,10.65
CLM022011,BILL029357,PAT00412,FAC002,DEP002,ICICI Lombard,2025-11-14,893.78,Paid,Not Applicable,2025-12-04,846.49,47.29
CLM022018,BILL029364,PAT02560,FAC002,DEP006,Niva Bupa,2025-11-14,557.05,Paid,Not Applicable,2025-12-11,523.4,33.65
CLM022019,BILL029365,PAT02678,FAC002,DEP005,Niva Bupa,2025-07-15,560.92,Approved,Not Applicable,2025-08-05,518.48,42.44
CLM022020,BILL029367,PAT06905,FAC004,DEP001,Star Health,2025-12-14,1306.61,Paid,Not Applicable,2025-12-22,1219.17,87.44
CLM022028,BILL029380,PAT01369,FAC005,DEP003,Care Health,2025-10-27,897.84,Approved,Not Applicable,2025-11-23,810.11,87.73
CLM022032,BILL029389,PAT10000,FAC004,DEP002,Star Health,2025-06-19,633.68,Under Review,Not Applicable,2025-07-12,0.0,633.68
CLM022037,BILL029397,PAT01086,FAC004,DEP006,ICICI Lombard,2025-09-18,354.91,Paid,Not Applicable,2025-10-18,344.63,10.28
CLM022039,BILL029399,PAT03551,FAC005,DEP006,Niva Bupa,2025-08-08,934.52,Under Review,Not Applicable,2025-09-18,0.0,934.52
CLM022057,BILL029418,PAT03326,FAC003,DEP007,Care Health,2025-09-15,650.03,Paid,Not Applicable,2025-09-26,639.93,10.1
CLM022075,BILL029441,PAT06293,FAC004,DEP002,Star Health,2025-05-21,1298.77,Paid,Not Applicable,2025-06-11,1254.22,44.55
CLM022085,BILL029454,PAT07551,FAC003,DEP005,Care Health,2025-03-06,384.23,Pending,Not Applicable,2025-03-20,0.0,384.23
CLM022095,BILL029469,PAT07064,FAC003,DEP005,Care Health,2025-12-22,406.55,Pending,Not Applicable,2026-01-04,0.0,406.55
CLM022098,BILL029476,PAT02639,FAC002,DEP007,ICICI Lombard,2025-07-30,618.81,Under Review,Not Applicable,2025-09-01,0.0,618.81
CLM022125,BILL029509,PAT01019,FAC005,DEP003,HDFC ERGO,2025-09-30,711.51,Approved,Not Applicable,2025-10-10,618.94,92.57
CLM022128,BILL029512,PAT04281,FAC005,DEP001,Care Health,2025-12-14,999.42,Paid,Not Applicable,2025-12-19,984.69,14.73
CLM022142,BILL029530,PAT01922,FAC003,DEP005,Care Health,2025-12-08,607.81,Approved,Not Applicable,2025-12-18,585.36,22.45
CLM022150,BILL029539,PAT01200,FAC001,DEP005,Star Health,2025-11-05,593.89,Paid,Not Applicable,2025-11-20,576.81,17.08
CLM022158,BILL029551,PAT01283,FAC005,DEP001,HDFC ERGO,2025-06-12,1815.84,Under Review,Not Applicable,2025-07-13,0.0,1815.84
CLM022161,BILL029554,PAT08725,FAC004,DEP004,HDFC ERGO,2025-04-13,1947.7,Paid,Not Applicable,2025-05-04,1905.73,41.97
CLM022162,BILL029555,PAT09647,FAC001,DEP005,Star Health,2025-09-29,468.22,Approved,Not Applicable,2025-10-17,406.35,61.87
CLM022164,BILL029557,PAT01262,FAC005,DEP001,ICICI Lombard,2025-06-10,757.23,Under Review,Not Applicable,2025-06-20,0.0,757.23
CLM022169,BILL029564,PAT08584,FAC004,DEP001,HDFC ERGO,2025-03-22,1087.03,Denied,Duplicate Claim,2025-03-26,0.0,1087.03
CLM022173,BILL029568,PAT03483,FAC001,DEP002,Star Health,2025-04-19,1135.26,Paid,Not Applicable,2025-05-11,1097.13,38.13
CLM022186,BILL029585,PAT00466,FAC005,DEP001,Star Health,2025-10-27,1269.99,Approved,Not Applicable,2025-11-04,1120.8,149.19
CLM022194,BILL029595,PAT01944,FAC005,DEP003,Care Health,2025-10-26,694.35,Approved,Not Applicable,2025-11-20,631.93,62.42
CLM022205,BILL029610,PAT09333,FAC001,DEP001,Care Health,2025-11-25,1571.2,Paid,Not Applicable,2025-12-06,1526.06,45.14
CLM022211,BILL029619,PAT02367,FAC001,DEP002,Star Health,2025-07-18,1382.96,Approved,Not Applicable,2025-08-06,1306.97,75.99
CLM022218,BILL029628,PAT06351,FAC004,DEP004,Care Health,2025-09-26,1215.66,Pending,Not Applicable,2025-10-12,0.0,1215.66
CLM022228,BILL029642,PAT03945,FAC001,DEP005,HDFC ERGO,2025-04-27,684.72,Approved,Not Applicable,2025-05-08,591.89,92.83
CLM022229,BILL029643,PAT04099,FAC005,DEP006,Star Health,2025-01-29,626.3,Pending,Not Applicable,2025-03-03,0.0,626.3
CLM022239,BILL029655,PAT00634,FAC004,DEP002,Star Health,2025-04-10,866.7,Under Review,Not Applicable,2025-05-07,0.0,866.7
CLM022240,BILL029658,PAT07624,FAC004,DEP001,Care Health,2025-05-12,1915.71,Paid,Not Applicable,2025-05-31,1803.04,112.67
CLM022249,BILL029668,PAT05741,FAC003,DEP005,ICICI Lombard,2025-04-22,522.25,Paid,Not Applicable,2025-05-17,483.33,38.92
CLM022264,BILL029690,PAT04561,FAC004,DEP002,Niva Bupa,2025-10-04,1550.73,Pending,Not Applicable,2025-11-16,0.0,1550.73
CLM022269,BILL029695,PAT06635,FAC002,DEP005,HDFC ERGO,2025-04-30,474.07,Approved,Not Applicable,2025-05-05,405.4,68.67
CLM022276,BILL029705,PAT04011,FAC001,DEP002,Niva Bupa,2025-04-16,720.12,Paid,Not Applicable,2025-05-08,675.86,44.26
CLM022278,BILL029707,PAT02457,FAC005,DEP001,Care Health,2025-08-07,900.6,Paid,Not Applicable,2025-08-21,836.84,63.76
CLM022281,BILL029713,PAT08197,FAC004,DEP007,Star Health,2025-07-09,345.9,Approved,Not Applicable,2025-07-25,341.5,4.4
CLM022287,BILL029720,PAT02679,FAC001,DEP005,Niva Bupa,2025-11-22,414.32,Pending,Not Applicable,2025-12-31,0.0,414.32
CLM022288,BILL029721,PAT09489,FAC003,DEP003,Care Health,2025-02-22,600.06,Paid,Not Applicable,2025-03-03,575.56,24.5
CLM022291,BILL029725,PAT00451,FAC001,DEP001,ICICI Lombard,2025-04-28,1575.34,Pending,Not Applicable,2025-06-10,0.0,1575.34
CLM022295,BILL029731,PAT06374,FAC002,DEP002,HDFC ERGO,2025-04-06,1180.21,Approved,Not Applicable,2025-04-23,1046.5,133.71
CLM022296,BILL029732,PAT00112,FAC004,DEP005,HDFC ERGO,2025-11-28,445.88,Pending,Not Applicable,2025-12-19,0.0,445.88
CLM022297,BILL029733,PAT04879,FAC005,DEP006,Niva Bupa,2025-05-17,769.69,Paid,Not Applicable,2025-06-11,759.97,9.72
CLM022305,BILL029741,PAT05334,FAC005,DEP008,Star Health,2025-04-26,1047.81,Paid,Not Applicable,2025-05-13,975.27,72.54
CLM022310,BILL029746,PAT08427,FAC004,DEP007,ICICI Lombard,2025-04-26,513.79,Paid,Not Applicable,2025-05-20,512.57,1.22
CLM022311,BILL029748,PAT08120,FAC001,DEP003,Star Health,2025-02-24,782.2,Pending,Not Applicable,2025-03-06,0.0,782.2
CLM022317,BILL029757,PAT09744,FAC002,DEP002,HDFC ERGO,2025-11-08,1398.8,Paid,Not Applicable,2025-11-24,1296.03,102.77
CLM022331,BILL029776,PAT07229,FAC004,DEP007,Niva Bupa,2025-09-02,839.63,Approved,Not Applicable,2025-09-28,782.66,56.97
CLM022332,BILL029777,PAT00071,FAC002,DEP006,Star Health,2025-10-31,872.79,Pending,Not Applicable,2025-11-14,0.0,872.79
CLM022335,BILL029781,PAT04234,FAC004,DEP002,HDFC ERGO,2025-10-11,976.26,Approved,Not Applicable,2025-10-21,950.92,25.34
CLM022339,BILL029786,PAT09989,FAC005,DEP001,Niva Bupa,2025-02-11,1211.87,Pending,Not Applicable,2025-03-26,0.0,1211.87
CLM022342,BILL029791,PAT08927,FAC003,DEP005,Care Health,2025-08-12,539.75,Denied,Duplicate Claim,2025-08-23,0.0,539.75
CLM022347,BILL029798,PAT02997,FAC002,DEP007,Niva Bupa,2025-03-22,689.52,Pending,Not Applicable,2025-04-09,0.0,689.52
CLM022349,BILL029800,PAT00648,FAC004,DEP007,Star Health,2025-10-17,573.42,Pending,Not Applicable,2025-11-25,0.0,573.42
CLM022353,BILL029805,PAT09734,FAC005,DEP008,Star Health,2025-11-10,1650.02,Approved,Not Applicable,2025-11-15,1534.88,115.14
CLM022360,BILL029815,PAT02933,FAC002,DEP002,Care Health,2025-10-15,939.88,Paid,Not Applicable,2025-10-21,939.78,0.1
CLM022369,BILL029828,PAT08723,FAC002,DEP002,ICICI Lombard,2025-07-22,1594.62,Under Review,Not Applicable,2025-08-16,0.0,1594.62
CLM022384,BILL029846,PAT03729,FAC003,DEP008,Niva Bupa,2025-02-14,2257.42,Paid,Not Applicable,2025-03-08,2207.01,50.41
CLM022385,BILL029847,PAT06476,FAC004,DEP004,Star Health,2025-02-14,1317.07,Approved,Not Applicable,2025-03-06,1121.12,195.95
CLM022393,BILL029869,PAT07029,FAC003,DEP005,Niva Bupa,2025-08-16,347.16,Approved,Not Applicable,2025-09-07,343.23,3.93
CLM022395,BILL029871,PAT02859,FAC003,DEP007,HDFC ERGO,2025-08-30,448.76,Approved,Not Applicable,2025-09-23,418.12,30.64
CLM022399,BILL029876,PAT01633,FAC004,DEP001,ICICI Lombard,2025-07-21,518.73,Pending,Not Applicable,2025-08-16,0.0,518.73
CLM022404,BILL029882,PAT07111,FAC002,DEP002,Care Health,2025-07-22,783.22,Denied,Policy Exclusion,2025-07-26,0.0,783.22
CLM022411,BILL029890,PAT04591,FAC004,DEP004,Star Health,2025-12-24,1341.05,Under Review,Not Applicable,2026-01-09,0.0,1341.05
CLM022412,BILL029891,PAT08880,FAC002,DEP005,Care Health,2025-12-28,628.14,Paid,Not Applicable,2026-01-25,606.65,21.49
CLM022417,BILL029897,PAT03690,FAC003,DEP001,Star Health,2025-09-13,1388.7,Under Review,Not Applicable,2025-10-24,0.0,1388.7
CLM022419,BILL029901,PAT01451,FAC003,DEP001,HDFC ERGO,2025-04-02,492.15,Denied,Duplicate Claim,2025-04-23,0.0,492.15
CLM022420,BILL029902,PAT07299,FAC002,DEP002,ICICI Lombard,2025-02-13,1564.14,Denied,Policy Exclusion,2025-03-05,0.0,1564.14
CLM022424,BILL029907,PAT02500,FAC002,DEP006,Care Health,2025-03-31,656.28,Under Review,Not Applicable,2025-04-14,0.0,656.28
CLM022426,BILL029909,PAT08661,FAC001,DEP001,Care Health,2025-02-20,1497.21,Paid,Not Applicable,2025-03-07,1450.43,46.78
CLM022428,BILL029912,PAT04879,FAC001,DEP005,Niva Bupa,2025-08-18,388.79,Under Review,Not Applicable,2025-09-20,0.0,388.79
CLM022429,BILL029913,PAT07013,FAC001,DEP008,Star Health,2025-04-07,1299.36,Pending,Not Applicable,2025-05-08,0.0,1299.36
CLM022435,BILL029924,PAT07361,FAC001,DEP002,Care Health,2025-12-05,974.99,Approved,Not Applicable,2025-12-24,958.53,16.46
CLM022439,BILL029929,PAT04815,FAC003,DEP005,Star Health,2025-01-15,384.19,Approved,Not Applicable,2025-02-08,326.86,57.33
CLM022449,BILL029940,PAT04011,FAC002,DEP002,ICICI Lombard,2025-03-16,1211.96,Approved,Not Applicable,2025-03-31,1124.31,87.65
CLM022451,BILL029942,PAT03475,FAC002,DEP005,Star Health,2025-08-18,382.39,Approved,Not Applicable,2025-08-29,326.41,55.98
CLM022455,BILL029948,PAT04246,FAC004,DEP006,Star Health,2025-06-09,655.53,Under Review,Not Applicable,2025-07-11,0.0,655.53
CLM022461,BILL029957,PAT05380,FAC002,DEP002,ICICI Lombard,2025-05-10,1295.24,Denied,Duplicate Claim,2025-05-29,0.0,1295.24
CLM022464,BILL029960,PAT07493,FAC005,DEP007,Care Health,2025-01-16,357.08,Pending,Not Applicable,2025-02-23,0.0,357.08
CLM022476,BILL029981,PAT07173,FAC005,DEP003,Star Health,2025-05-09,742.78,Paid,Not Applicable,2025-05-24,700.59,42.19
CLM022480,BILL029985,PAT03647,FAC001,DEP005,Star Health,2025-08-22,538.73,Approved,Not Applicable,2025-09-05,513.04,25.69
CLM022490,BILL030001,PAT07629,FAC005,DEP001,Care Health,2025-07-13,1182.3,Approved,Not Applicable,2025-08-06,1176.93,5.37
CLM022491,BILL030002,PAT01238,FAC003,DEP005,Star Health,2025-02-24,389.34,Paid,Not Applicable,2025-03-02,383.42,5.92
CLM022495,BILL030006,PAT04041,FAC002,DEP002,Star Health,2025-04-20,817.71,Approved,Not Applicable,2025-05-07,814.87,2.84
CLM022502,BILL030014,PAT00733,FAC005,DEP001,Care Health,2025-12-17,1392.21,Paid,Not Applicable,2026-01-07,1283.2,109.01
CLM022506,BILL030019,PAT00469,FAC003,DEP007,Star Health,2025-12-26,437.65,Paid,Not Applicable,2026-01-23,429.11,8.54
CLM022507,BILL030020,PAT04442,FAC002,DEP007,Star Health,2025-10-19,432.89,Under Review,Not Applicable,2025-11-02,0.0,432.89
CLM022515,BILL030028,PAT05035,FAC001,DEP004,Star Health,2025-03-11,1466.34,Pending,Not Applicable,2025-04-23,0.0,1466.34
CLM022521,BILL030034,PAT05465,FAC004,DEP007,HDFC ERGO,2025-06-21,549.28,Paid,Not Applicable,2025-07-08,533.46,15.82
CLM022528,BILL030043,PAT09001,FAC003,DEP008,Care Health,2025-10-14,745.73,Paid,Not Applicable,2025-10-27,698.17,47.56
CLM022530,BILL030045,PAT02123,FAC005,DEP001,HDFC ERGO,2025-12-15,1247.15,Pending,Not Applicable,2026-01-23,0.0,1247.15
CLM022535,BILL030051,PAT03422,FAC004,DEP002,Care Health,2025-07-28,1386.68,Denied,Duplicate Claim,2025-08-08,0.0,1386.68
CLM022547,BILL030065,PAT09390,FAC004,DEP001,Star Health,2025-10-06,1086.23,Approved,Not Applicable,2025-10-20,1045.25,40.98
CLM022552,BILL030073,PAT00574,FAC001,DEP001,ICICI Lombard,2025-12-16,1022.65,Pending,Not Applicable,2026-01-08,0.0,1022.65
CLM022554,BILL030075,PAT01563,FAC003,DEP005,ICICI Lombard,2025-07-06,357.09,Approved,Not Applicable,2025-07-14,343.7,13.39
CLM022555,BILL030076,PAT03600,FAC004,DEP002,Niva Bupa,2025-11-01,1020.49,Denied,Coding Error,2025-11-15,0.0,1020.49
CLM022569,BILL030099,PAT09567,FAC003,DEP001,Star Health,2025-10-01,1502.69,Pending,Not Applicable,2025-11-05,0.0,1502.69
CLM022571,BILL030102,PAT03324,FAC001,DEP005,Star Health,2025-07-26,551.58,Under Review,Not Applicable,2025-08-05,0.0,551.58
CLM022574,BILL030106,PAT09020,FAC002,DEP002,HDFC ERGO,2025-10-20,665.93,Paid,Not Applicable,2025-11-09,650.68,15.25
CLM022575,BILL030107,PAT09981,FAC001,DEP003,Care Health,2025-05-06,823.57,Approved,Not Applicable,2025-06-05,803.1,20.47
CLM022577,BILL030110,PAT08269,FAC001,DEP001,ICICI Lombard,2025-05-20,1446.96,Under Review,Not Applicable,2025-06-06,0.0,1446.96
CLM022578,BILL030111,PAT01714,FAC005,DEP007,ICICI Lombard,2025-08-06,688.88,Pending,Not Applicable,2025-08-24,0.0,688.88
CLM022580,BILL030114,PAT00736,FAC003,DEP008,HDFC ERGO,2025-11-26,1607.99,Approved,Not Applicable,2025-12-10,1408.15,199.84
CLM022581,BILL030115,PAT04030,FAC004,DEP004,ICICI Lombard,2025-08-04,954.74,Approved,Not Applicable,2025-08-28,875.14,79.6
CLM022582,BILL030117,PAT03636,FAC005,DEP003,ICICI Lombard,2025-03-22,929.03,Approved,Not Applicable,2025-04-07,863.63,65.4
CLM022584,BILL030119,PAT04829,FAC005,DEP007,Star Health,2025-03-15,647.5,Under Review,Not Applicable,2025-03-29,0.0,647.5
CLM022585,BILL030120,PAT05217,FAC005,DEP005,ICICI Lombard,2025-10-13,379.7,Under Review,Not Applicable,2025-11-08,0.0,379.7
CLM022589,BILL030133,PAT05220,FAC005,DEP008,HDFC ERGO,2025-02-15,2088.07,Approved,Not Applicable,2025-02-25,1908.43,179.64
CLM022594,BILL030140,PAT03060,FAC003,DEP008,Care Health,2025-06-10,2008.91,Approved,Not Applicable,2025-06-15,1888.92,119.99
CLM022598,BILL030149,PAT05835,FAC005,DEP006,ICICI Lombard,2025-05-17,1169.06,Under Review,Not Applicable,2025-06-21,0.0,1169.06
CLM022609,BILL030164,PAT03422,FAC004,DEP002,Niva Bupa,2025-03-04,975.09,Approved,Not Applicable,2025-03-19,946.32,28.77
CLM022610,BILL030165,PAT09323,FAC004,DEP001,Niva Bupa,2025-09-02,809.62,Under Review,Not Applicable,2025-10-17,0.0,809.62
CLM022611,BILL030166,PAT05548,FAC005,DEP001,Care Health,2025-01-23,1742.02,Approved,Not Applicable,2025-01-29,1723.66,18.36
CLM022615,BILL030170,PAT03207,FAC005,DEP001,Care Health,2025-10-30,1404.05,Denied,Policy Exclusion,2025-11-10,0.0,1404.05
CLM022616,BILL030171,PAT07342,FAC001,DEP008,Niva Bupa,2025-01-27,1640.57,Paid,Not Applicable,2025-02-13,1581.51,59.06
CLM022619,BILL030175,PAT04803,FAC001,DEP008,HDFC ERGO,2025-03-20,993.75,Approved,Not Applicable,2025-04-11,890.65,103.1
CLM022624,BILL030181,PAT06602,FAC001,DEP005,Star Health,2025-09-14,376.3,Under Review,Not Applicable,2025-10-10,0.0,376.3
CLM022626,BILL030183,PAT02345,FAC001,DEP003,Star Health,2025-03-09,1046.55,Approved,Not Applicable,2025-04-05,977.02,69.53
CLM022634,BILL030195,PAT06408,FAC003,DEP005,Star Health,2025-08-08,493.56,Approved,Not Applicable,2025-09-05,442.09,51.47
CLM022640,BILL030208,PAT05577,FAC004,DEP001,Niva Bupa,2025-08-31,1684.42,Approved,Not Applicable,2025-09-05,1534.04,150.38
CLM022641,BILL030209,PAT02715,FAC004,DEP005,Star Health,2025-04-05,292.85,Denied,Duplicate Claim,2025-04-25,0.0,292.85
CLM022643,BILL030213,PAT09503,FAC005,DEP003,ICICI Lombard,2025-10-31,319.27,Paid,Not Applicable,2025-11-14,316.15,3.12
CLM022644,BILL030214,PAT07638,FAC005,DEP005,HDFC ERGO,2025-02-13,309.85,Approved,Not Applicable,2025-02-26,283.67,26.18
CLM022649,BILL030220,PAT07303,FAC003,DEP001,Niva Bupa,2025-01-06,1557.07,Paid,Not Applicable,2025-02-05,1537.75,19.32
CLM022656,BILL030230,PAT02693,FAC004,DEP005,HDFC ERGO,2025-10-23,424.62,Under Review,Not Applicable,2025-11-15,0.0,424.62
CLM022660,BILL030239,PAT06804,FAC001,DEP004,Care Health,2025-10-14,1340.74,Paid,Not Applicable,2025-11-09,1303.67,37.07
CLM022667,BILL030247,PAT06335,FAC002,DEP005,HDFC ERGO,2025-11-08,513.1,Pending,Not Applicable,2025-11-22,0.0,513.1
CLM022671,BILL030252,PAT05684,FAC005,DEP003,HDFC ERGO,2025-04-16,768.3,Paid,Not Applicable,2025-04-28,725.99,42.31
CLM022675,BILL030256,PAT07597,FAC002,DEP006,Care Health,2025-11-28,643.85,Approved,Not Applicable,2025-12-04,550.22,93.63
CLM022677,BILL030259,PAT00327,FAC005,DEP003,Care Health,2025-11-07,543.33,Denied,Coding Error,2025-11-18,0.0,543.33
CLM022679,BILL030262,PAT09195,FAC002,DEP002,ICICI Lombard,2025-12-24,1495.73,Denied,Authorization Missing,2026-01-02,0.0,1495.73
CLM022682,BILL030268,PAT00488,FAC005,DEP008,HDFC ERGO,2025-06-02,1297.09,Approved,Not Applicable,2025-06-22,1195.96,101.13
CLM022685,BILL030273,PAT01979,FAC004,DEP002,Star Health,2025-06-12,962.74,Paid,Not Applicable,2025-06-17,921.28,41.46
CLM022687,BILL030275,PAT01324,FAC003,DEP008,ICICI Lombard,2025-11-16,1517.41,Paid,Not Applicable,2025-11-24,1459.93,57.48
CLM022688,BILL030276,PAT01698,FAC005,DEP001,ICICI Lombard,2025-04-02,746.67,Pending,Not Applicable,2025-04-18,0.0,746.67
CLM022699,BILL030288,PAT05628,FAC005,DEP006,Star Health,2025-07-30,667.42,Paid,Not Applicable,2025-08-26,662.31,5.11
CLM022700,BILL030289,PAT05655,FAC004,DEP006,Star Health,2025-10-23,935.67,Paid,Not Applicable,2025-11-14,905.63,30.04
CLM022703,BILL030293,PAT05099,FAC002,DEP001,Star Health,2025-09-20,1048.47,Pending,Not Applicable,2025-10-21,0.0,1048.47
CLM022706,BILL030296,PAT02623,FAC005,DEP005,HDFC ERGO,2025-05-23,468.99,Approved,Not Applicable,2025-06-04,400.98,68.01
CLM022710,BILL030301,PAT00484,FAC002,DEP005,Niva Bupa,2025-12-29,539.78,Paid,Not Applicable,2026-01-13,524.73,15.05
CLM022715,BILL030311,PAT01412,FAC002,DEP006,Niva Bupa,2025-01-05,774.38,Pending,Not Applicable,2025-01-28,0.0,774.38
CLM022716,BILL030312,PAT04966,FAC001,DEP001,HDFC ERGO,2025-10-03,1563.35,Approved,Not Applicable,2025-10-11,1445.67,117.68
CLM022717,BILL030313,PAT07624,FAC001,DEP001,ICICI Lombard,2025-05-17,694.12,Under Review,Not Applicable,2025-06-10,0.0,694.12
CLM022718,BILL030317,PAT04924,FAC002,DEP001,Star Health,2025-10-18,1320.26,Paid,Not Applicable,2025-11-14,1293.03,27.23
CLM022719,BILL030318,PAT02120,FAC001,DEP001,Star Health,2025-02-10,1136.95,Paid,Not Applicable,2025-02-24,1053.08,83.87
CLM022727,BILL030330,PAT04025,FAC005,DEP001,Care Health,2025-12-11,2170.8,Paid,Not Applicable,2025-12-24,2132.38,38.42
CLM022730,BILL030333,PAT09467,FAC002,DEP002,ICICI Lombard,2025-11-26,720.11,Approved,Not Applicable,2025-12-13,704.68,15.43
CLM022733,BILL030337,PAT02472,FAC001,DEP004,ICICI Lombard,2025-06-28,1566.21,Paid,Not Applicable,2025-07-04,1451.91,114.3
CLM022740,BILL030345,PAT04979,FAC005,DEP005,Care Health,2025-08-06,803.76,Under Review,Not Applicable,2025-09-13,0.0,803.76
CLM022741,BILL030346,PAT01394,FAC004,DEP001,Star Health,2025-07-08,650.5,Approved,Not Applicable,2025-07-16,605.51,44.99
CLM022749,BILL030359,PAT04059,FAC002,DEP007,HDFC ERGO,2025-11-15,556.55,Approved,Not Applicable,2025-11-25,495.96,60.59
CLM022758,BILL030372,PAT05872,FAC005,DEP005,Star Health,2025-02-01,548.93,Under Review,Not Applicable,2025-03-13,0.0,548.93
CLM022762,BILL030379,PAT07656,FAC001,DEP002,HDFC ERGO,2025-09-24,1328.81,Paid,Not Applicable,2025-10-01,1276.18,52.63
CLM022763,BILL030380,PAT01316,FAC003,DEP005,Niva Bupa,2025-11-16,576.61,Approved,Not Applicable,2025-11-22,569.99,6.62
CLM022769,BILL030387,PAT05628,FAC003,DEP001,Star Health,2025-02-26,1601.21,Paid,Not Applicable,2025-03-11,1599.27,1.94
CLM022776,BILL030396,PAT03593,FAC005,DEP001,Niva Bupa,2025-12-04,1169.13,Paid,Not Applicable,2025-12-27,1138.24,30.89
CLM022795,BILL030425,PAT04951,FAC005,DEP001,Niva Bupa,2025-02-19,901.01,Denied,Eligibility Issue,2025-03-01,0.0,901.01
CLM022805,BILL030438,PAT02030,FAC004,DEP006,Niva Bupa,2025-02-10,732.42,Under Review,Not Applicable,2025-03-15,0.0,732.42
CLM022806,BILL030439,PAT09913,FAC001,DEP002,Star Health,2025-12-17,914.19,Approved,Not Applicable,2025-12-29,803.13,111.06
CLM022808,BILL030441,PAT06408,FAC005,DEP001,HDFC ERGO,2025-05-01,1464.5,Paid,Not Applicable,2025-05-11,1382.8,81.7
CLM022811,BILL030446,PAT09954,FAC004,DEP004,HDFC ERGO,2025-06-28,1595.25,Approved,Not Applicable,2025-07-14,1538.86,56.39
CLM022822,BILL030462,PAT09297,FAC002,DEP006,Star Health,2025-10-21,473.0,Paid,Not Applicable,2025-11-09,457.65,15.35
CLM022829,BILL030473,PAT05220,FAC001,DEP005,Star Health,2025-07-24,243.48,Pending,Not Applicable,2025-09-05,0.0,243.48
CLM022831,BILL030476,PAT08798,FAC002,DEP002,HDFC ERGO,2025-06-22,907.74,Approved,Not Applicable,2025-07-13,793.95,113.79
CLM022841,BILL030490,PAT00316,FAC004,DEP006,ICICI Lombard,2025-11-15,325.3,Paid,Not Applicable,2025-12-03,318.58,6.72
CLM022847,BILL030502,PAT07727,FAC002,DEP005,Niva Bupa,2025-04-10,782.19,Pending,Not Applicable,2025-05-11,0.0,782.19
CLM022851,BILL030508,PAT03036,FAC003,DEP005,Star Health,2025-02-12,603.62,Pending,Not Applicable,2025-02-26,0.0,603.62
CLM022858,BILL030519,PAT03185,FAC001,DEP005,Care Health,2025-09-23,337.69,Paid,Not Applicable,2025-10-17,321.41,16.28
CLM022861,BILL030522,PAT00829,FAC004,DEP006,Star Health,2025-06-18,952.22,Under Review,Not Applicable,2025-07-05,0.0,952.22
CLM022863,BILL030525,PAT07757,FAC005,DEP007,Care Health,2025-03-11,617.22,Pending,Not Applicable,2025-04-20,0.0,617.22
CLM022865,BILL030527,PAT06602,FAC003,DEP008,ICICI Lombard,2025-02-23,1255.1,Paid,Not Applicable,2025-03-04,1222.27,32.83
CLM022868,BILL030531,PAT08618,FAC002,DEP005,Care Health,2025-09-22,371.22,Pending,Not Applicable,2025-10-28,0.0,371.22
CLM022869,BILL030533,PAT06193,FAC005,DEP003,Star Health,2025-10-06,516.86,Under Review,Not Applicable,2025-11-17,0.0,516.86
CLM022870,BILL030534,PAT09060,FAC003,DEP001,Niva Bupa,2025-05-21,1054.77,Pending,Not Applicable,2025-06-05,0.0,1054.77
CLM022885,BILL030554,PAT05921,FAC003,DEP001,Niva Bupa,2025-08-17,1294.22,Under Review,Not Applicable,2025-09-29,0.0,1294.22
CLM022893,BILL030565,PAT02086,FAC005,DEP003,HDFC ERGO,2025-06-12,468.17,Under Review,Not Applicable,2025-07-03,0.0,468.17
CLM022898,BILL030571,PAT00451,FAC005,DEP001,ICICI Lombard,2025-08-20,1340.58,Approved,Not Applicable,2025-09-07,1297.81,42.77
CLM022899,BILL030572,PAT06463,FAC004,DEP007,HDFC ERGO,2025-04-14,607.3,Paid,Not Applicable,2025-05-11,574.1,33.2
CLM022902,BILL030576,PAT08930,FAC003,DEP003,HDFC ERGO,2025-08-02,1091.7,Under Review,Not Applicable,2025-09-03,0.0,1091.7
CLM022908,BILL030582,PAT03308,FAC001,DEP001,Care Health,2025-03-14,1808.74,Approved,Not Applicable,2025-03-31,1691.35,117.39
CLM022910,BILL030584,PAT01990,FAC005,DEP001,Care Health,2025-02-11,1511.76,Denied,Policy Exclusion,2025-02-15,0.0,1511.76
CLM022914,BILL030590,PAT07250,FAC002,DEP005,Star Health,2025-12-08,553.55,Approved,Not Applicable,2025-12-24,479.79,73.76
CLM022920,BILL030603,PAT03108,FAC003,DEP005,Care Health,2025-12-15,544.61,Approved,Not Applicable,2025-12-22,523.19,21.42
CLM022925,BILL030610,PAT02513,FAC005,DEP001,Niva Bupa,2025-02-17,610.72,Paid,Not Applicable,2025-02-27,600.31,10.41
CLM022927,BILL030612,PAT09023,FAC001,DEP005,ICICI Lombard,2025-10-28,285.21,Approved,Not Applicable,2025-11-15,265.44,19.77
CLM022929,BILL030614,PAT09341,FAC005,DEP003,Care Health,2025-06-25,413.78,Approved,Not Applicable,2025-07-19,405.92,7.86
CLM022936,BILL030624,PAT03185,FAC001,DEP001,HDFC ERGO,2025-09-10,1275.18,Pending,Not Applicable,2025-09-25,0.0,1275.18
CLM022937,BILL030625,PAT07634,FAC004,DEP006,ICICI Lombard,2025-05-06,455.04,Under Review,Not Applicable,2025-05-25,0.0,455.04
CLM022942,BILL030632,PAT00697,FAC003,DEP008,Care Health,2025-05-10,1961.34,Pending,Not Applicable,2025-06-06,0.0,1961.34
CLM022945,BILL030636,PAT01079,FAC005,DEP003,Care Health,2025-04-14,590.28,Denied,Missing Documentation,2025-05-01,0.0,590.28
CLM022950,BILL030641,PAT03185,FAC005,DEP003,Niva Bupa,2025-10-29,597.65,Denied,Coding Error,2025-11-02,0.0,597.65
CLM022952,BILL030644,PAT04171,FAC003,DEP005,ICICI Lombard,2025-09-05,279.98,Under Review,Not Applicable,2025-09-22,0.0,279.98
CLM022954,BILL030646,PAT03016,FAC004,DEP002,Niva Bupa,2025-02-19,1097.01,Pending,Not Applicable,2025-03-31,0.0,1097.01
CLM022956,BILL030648,PAT03170,FAC001,DEP003,HDFC ERGO,2025-12-14,723.11,Pending,Not Applicable,2026-01-27,0.0,723.11
CLM022957,BILL030649,PAT04150,FAC003,DEP005,Care Health,2025-02-12,455.78,Paid,Not Applicable,2025-02-18,448.7,7.08
CLM022958,BILL030650,PAT06843,FAC001,DEP002,Star Health,2025-12-12,783.64,Paid,Not Applicable,2026-01-09,760.36,23.28
CLM022964,BILL030656,PAT03214,FAC004,DEP004,Star Health,2025-12-30,963.86,Paid,Not Applicable,2026-01-22,911.22,52.64
CLM022965,BILL030657,PAT03188,FAC003,DEP005,ICICI Lombard,2025-10-30,398.1,Pending,Not Applicable,2025-12-03,0.0,398.1
CLM022979,BILL030678,PAT05024,FAC001,DEP004,Star Health,2025-11-23,1437.24,Under Review,Not Applicable,2025-12-19,0.0,1437.24
CLM022981,BILL030681,PAT00480,FAC002,DEP001,Star Health,2026-01-01,970.09,Pending,Not Applicable,2026-01-21,0.0,970.09
CLM022989,BILL030692,PAT04392,FAC001,DEP004,ICICI Lombard,2025-05-12,1158.65,Approved,Not Applicable,2025-05-27,1053.07,105.58
CLM023007,BILL030717,PAT04992,FAC005,DEP003,Care Health,2025-07-21,285.97,Denied,Policy Exclusion,2025-08-04,0.0,285.97
CLM023018,BILL030730,PAT02381,FAC003,DEP003,HDFC ERGO,2025-02-22,502.08,Paid,Not Applicable,2025-03-19,501.34,0.74
CLM023031,BILL030748,PAT06537,FAC002,DEP007,Star Health,2025-07-11,391.43,Pending,Not Applicable,2025-08-17,0.0,391.43
CLM023032,BILL030749,PAT04852,FAC002,DEP001,Care Health,2025-08-30,741.18,Paid,Not Applicable,2025-09-24,719.36,21.82
CLM023036,BILL030753,PAT00669,FAC003,DEP008,HDFC ERGO,2025-12-18,1165.36,Paid,Not Applicable,2025-12-27,1092.62,72.74
CLM023038,BILL030757,PAT03706,FAC002,DEP001,Care Health,2025-12-20,1505.95,Approved,Not Applicable,2025-12-25,1356.27,149.68
CLM023050,BILL030775,PAT08586,FAC002,DEP005,HDFC ERGO,2025-07-04,574.71,Paid,Not Applicable,2025-07-09,529.28,45.43
CLM023053,BILL030778,PAT00945,FAC001,DEP008,HDFC ERGO,2025-10-18,1495.12,Pending,Not Applicable,2025-11-29,0.0,1495.12
CLM023059,BILL030785,PAT04769,FAC002,DEP002,Star Health,2025-01-02,1328.18,Approved,Not Applicable,2025-01-16,1297.17,31.01
CLM023068,BILL030800,PAT06336,FAC004,DEP001,Care Health,2025-01-13,1157.34,Approved,Not Applicable,2025-01-18,1107.23,50.11
CLM023072,BILL030805,PAT09902,FAC003,DEP008,Care Health,2025-07-08,1474.74,Paid,Not Applicable,2025-08-06,1422.42,52.32
CLM023075,BILL030811,PAT01238,FAC002,DEP005,Care Health,2025-07-02,677.86,Approved,Not Applicable,2025-07-25,576.21,101.65
CLM023084,BILL030821,PAT08411,FAC005,DEP005,Star Health,2025-06-26,495.77,Under Review,Not Applicable,2025-07-27,0.0,495.77
CLM023088,BILL030826,PAT06923,FAC004,DEP002,Niva Bupa,2025-03-13,822.13,Denied,Missing Documentation,2025-03-30,0.0,822.13
CLM023095,BILL030836,PAT01635,FAC005,DEP006,HDFC ERGO,2025-05-19,702.18,Paid,Not Applicable,2025-05-31,667.68,34.5
CLM023099,BILL030841,PAT06424,FAC002,DEP007,Care Health,2025-01-20,350.48,Approved,Not Applicable,2025-02-04,302.84,47.64
CLM023110,BILL030857,PAT01944,FAC002,DEP005,Niva Bupa,2025-08-31,404.0,Paid,Not Applicable,2025-09-27,396.98,7.02
CLM023129,BILL030881,PAT09319,FAC002,DEP001,Niva Bupa,2025-03-16,1599.48,Approved,Not Applicable,2025-04-04,1498.62,100.86
CLM023137,BILL030890,PAT01036,FAC002,DEP005,Star Health,2025-03-06,611.62,Approved,Not Applicable,2025-03-13,599.64,11.98
CLM023138,BILL030891,PAT04631,FAC005,DEP008,HDFC ERGO,2025-02-12,1666.02,Approved,Not Applicable,2025-02-26,1538.51,127.51
CLM023148,BILL030901,PAT09791,FAC001,DEP005,HDFC ERGO,2025-07-23,363.1,Pending,Not Applicable,2025-08-19,0.0,363.1
CLM023151,BILL030906,PAT02113,FAC002,DEP005,Star Health,2025-02-19,513.32,Approved,Not Applicable,2025-03-04,489.82,23.5
CLM023165,BILL030923,PAT04751,FAC005,DEP007,ICICI Lombard,2025-05-16,332.54,Paid,Not Applicable,2025-05-23,319.33,13.21
CLM023166,BILL030924,PAT09388,FAC004,DEP002,Care Health,2025-07-03,1015.98,Denied,Missing Documentation,2025-07-24,0.0,1015.98
CLM023170,BILL030928,PAT02035,FAC004,DEP001,ICICI Lombard,2025-08-07,970.96,Under Review,Not Applicable,2025-09-21,0.0,970.96
CLM023172,BILL030932,PAT05407,FAC003,DEP008,HDFC ERGO,2025-05-12,1005.82,Approved,Not Applicable,2025-05-21,955.61,50.21
CLM023178,BILL030943,PAT09995,FAC002,DEP005,Niva Bupa,2025-10-11,395.92,Denied,Duplicate Claim,2025-10-24,0.0,395.92
CLM023181,BILL030947,PAT02920,FAC005,DEP006,Star Health,2025-06-28,504.07,Denied,Authorization Missing,2025-07-09,0.0,504.07
CLM023193,BILL030960,PAT03571,FAC004,DEP001,HDFC ERGO,2025-10-15,889.66,Approved,Not Applicable,2025-11-07,847.55,42.11
CLM023194,BILL030961,PAT00876,FAC004,DEP002,Niva Bupa,2025-02-11,1146.37,Approved,Not Applicable,2025-02-27,991.08,155.29
CLM023197,BILL030964,PAT03300,FAC001,DEP003,ICICI Lombard,2025-08-24,741.81,Approved,Not Applicable,2025-09-06,638.09,103.72
CLM023205,BILL030973,PAT01183,FAC001,DEP002,Care Health,2025-03-21,1117.54,Approved,Not Applicable,2025-04-18,953.8,163.74
CLM023207,BILL030977,PAT08658,FAC002,DEP001,Star Health,2025-10-01,1501.27,Approved,Not Applicable,2025-10-22,1341.27,160.0
CLM023215,BILL030985,PAT07530,FAC004,DEP007,Star Health,2025-04-02,626.39,Pending,Not Applicable,2025-05-05,0.0,626.39
CLM023218,BILL030988,PAT05136,FAC004,DEP002,Care Health,2025-08-31,728.76,Paid,Not Applicable,2025-09-12,701.82,26.94
CLM023220,BILL030993,PAT04088,FAC001,DEP005,ICICI Lombard,2025-06-06,328.35,Paid,Not Applicable,2025-06-22,309.79,18.56
CLM023222,BILL030995,PAT00745,FAC004,DEP002,Star Health,2025-03-03,862.94,Under Review,Not Applicable,2025-03-15,0.0,862.94
CLM023226,BILL031004,PAT00474,FAC003,DEP003,Star Health,2025-02-13,614.67,Paid,Not Applicable,2025-02-27,596.17,18.5
CLM023227,BILL031005,PAT08488,FAC005,DEP003,Niva Bupa,2025-03-13,736.15,Paid,Not Applicable,2025-03-22,712.61,23.54
CLM023229,BILL031008,PAT08780,FAC005,DEP001,Niva Bupa,2025-04-01,1161.36,Under Review,Not Applicable,2025-04-16,0.0,1161.36
CLM023230,BILL031009,PAT01741,FAC004,DEP001,Star Health,2025-05-20,1988.26,Pending,Not Applicable,2025-06-25,0.0,1988.26
CLM023246,BILL031034,PAT00697,FAC004,DEP007,Care Health,2025-11-23,659.18,Paid,Not Applicable,2025-12-12,653.4,5.78
CLM023251,BILL031040,PAT01237,FAC005,DEP006,HDFC ERGO,2025-07-07,543.16,Paid,Not Applicable,2025-07-13,513.78,29.38
CLM023254,BILL031043,PAT01965,FAC002,DEP002,ICICI Lombard,2025-03-31,1039.18,Paid,Not Applicable,2025-04-07,1013.73,25.45
CLM023263,BILL031054,PAT05013,FAC004,DEP007,Niva Bupa,2025-10-24,877.54,Denied,Eligibility Issue,2025-11-09,0.0,877.54
CLM023264,BILL031055,PAT02215,FAC005,DEP003,Niva Bupa,2025-08-03,411.97,Under Review,Not Applicable,2025-09-14,0.0,411.97
CLM023265,BILL031056,PAT09744,FAC002,DEP001,Care Health,2025-10-13,1325.49,Paid,Not Applicable,2025-10-26,1264.9,60.59
CLM023277,BILL031072,PAT08452,FAC003,DEP001,Star Health,2025-07-08,1815.71,Under Review,Not Applicable,2025-08-21,0.0,1815.71
CLM023280,BILL031076,PAT02445,FAC004,DEP004,Niva Bupa,2025-10-04,749.74,Pending,Not Applicable,2025-10-21,0.0,749.74
CLM023283,BILL031079,PAT03546,FAC002,DEP001,Niva Bupa,2025-11-04,1558.78,Pending,Not Applicable,2025-12-02,0.0,1558.78
CLM023285,BILL031084,PAT05816,FAC005,DEP003,Star Health,2025-06-28,452.62,Denied,Authorization Missing,2025-07-13,0.0,452.62
CLM023287,BILL031087,PAT03828,FAC001,DEP001,HDFC ERGO,2025-05-19,1460.72,Approved,Not Applicable,2025-05-29,1283.54,177.18
CLM023289,BILL031089,PAT09724,FAC004,DEP006,Care Health,2025-11-30,780.48,Paid,Not Applicable,2025-12-26,772.61,7.87
CLM023296,BILL031098,PAT09726,FAC001,DEP001,Care Health,2025-03-01,1523.87,Approved,Not Applicable,2025-03-29,1485.72,38.15
CLM023297,BILL031100,PAT08584,FAC002,DEP006,HDFC ERGO,2025-05-28,616.75,Paid,Not Applicable,2025-06-16,579.78,36.97
CLM023300,BILL031103,PAT03269,FAC003,DEP007,ICICI Lombard,2025-05-13,918.55,Approved,Not Applicable,2025-06-08,893.64,24.91
CLM023310,BILL031113,PAT06349,FAC005,DEP008,Star Health,2025-10-17,1227.49,Paid,Not Applicable,2025-11-07,1205.82,21.67
CLM023320,BILL031125,PAT03820,FAC001,DEP002,Niva Bupa,2025-08-24,406.12,Paid,Not Applicable,2025-08-30,396.65,9.47
CLM023334,BILL031147,PAT04696,FAC001,DEP005,Care Health,2025-09-11,460.29,Paid,Not Applicable,2025-10-09,444.26,16.03
CLM023341,BILL031155,PAT05810,FAC004,DEP006,Star Health,2025-12-09,831.84,Under Review,Not Applicable,2025-12-29,0.0,831.84
CLM023343,BILL031159,PAT03387,FAC003,DEP005,Care Health,2025-01-18,263.42,Approved,Not Applicable,2025-02-16,226.76,36.66
CLM023350,BILL031167,PAT09020,FAC003,DEP001,HDFC ERGO,2025-03-02,1890.85,Paid,Not Applicable,2025-03-31,1817.57,73.28
CLM023353,BILL031170,PAT09382,FAC002,DEP005,Niva Bupa,2025-08-26,514.91,Pending,Not Applicable,2025-10-03,0.0,514.91
CLM023356,BILL031176,PAT08830,FAC004,DEP007,Star Health,2025-05-19,182.6,Approved,Not Applicable,2025-06-02,176.64,5.96
CLM023372,BILL031197,PAT01454,FAC003,DEP005,Niva Bupa,2025-12-02,375.54,Pending,Not Applicable,2025-12-22,0.0,375.54
CLM023378,BILL031206,PAT04408,FAC001,DEP005,Star Health,2025-01-15,323.28,Under Review,Not Applicable,2025-02-15,0.0,323.28
CLM023380,BILL031208,PAT02944,FAC003,DEP007,ICICI Lombard,2025-03-28,692.66,Under Review,Not Applicable,2025-04-26,0.0,692.66
CLM023383,BILL031211,PAT02639,FAC002,DEP002,Niva Bupa,2025-08-05,1057.15,Approved,Not Applicable,2025-08-20,1015.84,41.31
CLM023384,BILL031213,PAT04992,FAC003,DEP005,ICICI Lombard,2025-05-18,634.36,Approved,Not Applicable,2025-06-14,608.12,26.24
CLM023385,BILL031216,PAT04829,FAC002,DEP002,Care Health,2025-10-27,1016.24,Paid,Not Applicable,2025-11-12,963.72,52.52
CLM023391,BILL031222,PAT00120,FAC002,DEP005,Care Health,2025-08-06,213.49,Approved,Not Applicable,2025-08-31,202.68,10.81
CLM023393,BILL031224,PAT07535,FAC005,DEP003,ICICI Lombard,2025-05-09,425.98,Pending,Not Applicable,2025-06-20,0.0,425.98
CLM023410,BILL031246,PAT01088,FAC002,DEP002,Care Health,2025-01-05,617.71,Paid,Not Applicable,2025-01-18,599.45,18.26
CLM023415,BILL031251,PAT09069,FAC001,DEP004,Care Health,2025-01-14,1320.56,Paid,Not Applicable,2025-01-27,1308.01,12.55
CLM023417,BILL031254,PAT06949,FAC002,DEP007,ICICI Lombard,2025-08-17,442.46,Under Review,Not Applicable,2025-09-23,0.0,442.46
CLM023431,BILL031274,PAT05153,FAC002,DEP002,ICICI Lombard,2025-05-08,1127.56,Under Review,Not Applicable,2025-06-20,0.0,1127.56
CLM023432,BILL031275,PAT02003,FAC002,DEP006,ICICI Lombard,2025-03-23,657.22,Paid,Not Applicable,2025-04-01,643.67,13.55
CLM023448,BILL031294,PAT00120,FAC002,DEP002,Care Health,2025-11-12,679.22,Denied,Authorization Missing,2025-12-01,0.0,679.22
CLM023450,BILL031298,PAT04630,FAC005,DEP008,Care Health,2025-02-17,1369.74,Approved,Not Applicable,2025-03-13,1173.06,196.68
CLM023452,BILL031301,PAT09238,FAC002,DEP001,ICICI Lombard,2025-06-09,1292.96,Paid,Not Applicable,2025-07-03,1262.93,30.03
CLM023455,BILL031304,PAT05423,FAC004,DEP002,ICICI Lombard,2025-02-08,1053.9,Denied,Eligibility Issue,2025-02-12,0.0,1053.9
CLM023461,BILL031313,PAT04922,FAC004,DEP002,Star Health,2025-06-23,821.3,Paid,Not Applicable,2025-07-18,766.99,54.31
CLM023462,BILL031314,PAT00773,FAC003,DEP003,Star Health,2025-05-22,614.86,Paid,Not Applicable,2025-05-30,591.25,23.61
CLM023471,BILL031324,PAT07248,FAC004,DEP001,Star Health,2025-11-25,792.96,Approved,Not Applicable,2025-12-07,706.8,86.16
CLM023472,BILL031325,PAT01394,FAC001,DEP002,Care Health,2025-08-08,1056.8,Pending,Not Applicable,2025-08-22,0.0,1056.8
CLM023474,BILL031328,PAT00933,FAC004,DEP005,ICICI Lombard,2025-03-23,468.89,Under Review,Not Applicable,2025-04-22,0.0,468.89
CLM023478,BILL031335,PAT01434,FAC004,DEP001,ICICI Lombard,2025-09-01,1433.77,Approved,Not Applicable,2025-09-07,1258.56,175.21
CLM023481,BILL031338,PAT07493,FAC002,DEP001,HDFC ERGO,2025-06-28,1484.57,Under Review,Not Applicable,2025-08-11,0.0,1484.57
CLM023493,BILL031354,PAT02693,FAC002,DEP005,Care Health,2025-07-02,410.63,Approved,Not Applicable,2025-07-09,372.7,37.93
CLM023495,BILL031356,PAT01115,FAC001,DEP005,ICICI Lombard,2025-10-03,290.03,Denied,Duplicate Claim,2025-10-13,0.0,290.03
CLM023512,BILL031376,PAT07723,FAC002,DEP005,Niva Bupa,2025-05-31,520.48,Pending,Not Applicable,2025-07-13,0.0,520.48
CLM023516,BILL031381,PAT05864,FAC005,DEP006,Star Health,2025-10-11,446.22,Paid,Not Applicable,2025-11-01,425.77,20.45
CLM023518,BILL031385,PAT06803,FAC001,DEP002,Star Health,2025-03-17,1552.34,Approved,Not Applicable,2025-04-11,1550.31,2.03
CLM023519,BILL031386,PAT02597,FAC001,DEP008,Star Health,2025-02-14,1574.06,Approved,Not Applicable,2025-03-11,1540.31,33.75
CLM023525,BILL031394,PAT09689,FAC004,DEP004,HDFC ERGO,2025-01-18,1760.03,Paid,Not Applicable,2025-02-12,1666.51,93.52
CLM023544,BILL031419,PAT01352,FAC005,DEP001,HDFC ERGO,2025-09-01,1041.82,Under Review,Not Applicable,2025-10-10,0.0,1041.82
CLM023546,BILL031422,PAT07252,FAC003,DEP007,Star Health,2025-08-06,388.19,Paid,Not Applicable,2025-08-24,387.14,1.05
CLM023550,BILL031427,PAT01684,FAC003,DEP003,Star Health,2025-08-27,737.04,Paid,Not Applicable,2025-09-12,712.47,24.57
CLM023553,BILL031430,PAT06114,FAC004,DEP001,ICICI Lombard,2025-05-13,1241.27,Paid,Not Applicable,2025-05-29,1218.04,23.23
CLM023564,BILL031446,PAT00737,FAC004,DEP005,Care Health,2025-09-15,628.29,Pending,Not Applicable,2025-10-15,0.0,628.29
CLM023569,BILL031455,PAT04102,FAC004,DEP007,HDFC ERGO,2025-08-13,567.83,Pending,Not Applicable,2025-09-12,0.0,567.83
CLM023584,BILL031473,PAT02251,FAC003,DEP001,ICICI Lombard,2025-08-01,1448.7,Denied,Policy Exclusion,2025-08-17,0.0,1448.7
CLM023588,BILL031480,PAT05730,FAC003,DEP005,HDFC ERGO,2025-03-06,468.45,Approved,Not Applicable,2025-03-24,458.84,9.61
CLM023606,BILL031504,PAT03752,FAC004,DEP005,Star Health,2025-07-29,432.85,Paid,Not Applicable,2025-08-13,408.92,23.93
CLM023607,BILL031505,PAT01167,FAC001,DEP008,Care Health,2025-08-11,1371.59,Approved,Not Applicable,2025-08-29,1274.73,96.86
CLM023608,BILL031506,PAT04867,FAC002,DEP002,ICICI Lombard,2025-05-06,901.36,Pending,Not Applicable,2025-06-15,0.0,901.36
CLM023612,BILL031513,PAT08373,FAC004,DEP001,Niva Bupa,2025-01-07,1095.91,Approved,Not Applicable,2025-02-06,1010.23,85.68
CLM023618,BILL031520,PAT03170,FAC003,DEP007,ICICI Lombard,2025-12-10,682.7,Paid,Not Applicable,2025-12-22,654.07,28.63
CLM023632,BILL031541,PAT09310,FAC004,DEP001,ICICI Lombard,2025-12-27,1092.23,Paid,Not Applicable,2026-01-24,1068.59,23.64
CLM023634,BILL031544,PAT01369,FAC003,DEP001,Star Health,2025-12-25,1236.6,Pending,Not Applicable,2026-02-02,0.0,1236.6
CLM023638,BILL031551,PAT05621,FAC003,DEP007,Niva Bupa,2025-05-21,497.99,Approved,Not Applicable,2025-06-09,482.31,15.68
CLM023643,BILL031557,PAT01627,FAC002,DEP007,Niva Bupa,2025-11-06,464.32,Approved,Not Applicable,2025-12-04,410.46,53.86
CLM023652,BILL031567,PAT05702,FAC002,DEP006,Care Health,2025-07-12,813.74,Paid,Not Applicable,2025-08-02,811.72,2.02
CLM023658,BILL031575,PAT06867,FAC002,DEP001,Star Health,2025-10-15,1314.26,Approved,Not Applicable,2025-11-02,1311.51,2.75
CLM023659,BILL031576,PAT04128,FAC003,DEP005,ICICI Lombard,2025-10-17,407.44,Approved,Not Applicable,2025-10-27,349.53,57.91
CLM023669,BILL031588,PAT00389,FAC005,DEP006,HDFC ERGO,2025-04-01,808.91,Denied,Authorization Missing,2025-04-22,0.0,808.91
CLM023675,BILL031595,PAT06845,FAC003,DEP001,ICICI Lombard,2025-11-15,1244.0,Under Review,Not Applicable,2025-12-09,0.0,1244.0
CLM023678,BILL031599,PAT02228,FAC005,DEP008,Niva Bupa,2025-11-20,1170.11,Approved,Not Applicable,2025-12-10,1079.6,90.51
CLM023687,BILL031609,PAT06352,FAC005,DEP001,ICICI Lombard,2025-10-31,643.52,Paid,Not Applicable,2025-11-20,633.48,10.04
CLM023707,BILL031634,PAT04316,FAC002,DEP007,Care Health,2025-08-14,419.73,Denied,Authorization Missing,2025-08-22,0.0,419.73
CLM023708,BILL031635,PAT07624,FAC004,DEP001,Care Health,2025-07-25,1263.98,Approved,Not Applicable,2025-08-12,1222.27,41.71
CLM023710,BILL031637,PAT00032,FAC004,DEP001,Niva Bupa,2025-02-04,1295.69,Pending,Not Applicable,2025-02-19,0.0,1295.69
CLM023711,BILL031639,PAT02555,FAC004,DEP001,Care Health,2025-01-08,1130.07,Under Review,Not Applicable,2025-01-24,0.0,1130.07
CLM023718,BILL031648,PAT09270,FAC005,DEP001,HDFC ERGO,2025-09-22,1358.27,Denied,Authorization Missing,2025-09-30,0.0,1358.27
CLM023728,BILL031667,PAT09028,FAC001,DEP002,Niva Bupa,2025-04-20,735.75,Pending,Not Applicable,2025-06-04,0.0,735.75
CLM023735,BILL031675,PAT04863,FAC004,DEP006,Star Health,2025-10-06,908.79,Paid,Not Applicable,2025-11-03,839.16,69.63
CLM023736,BILL031676,PAT02484,FAC002,DEP006,HDFC ERGO,2025-04-05,596.54,Approved,Not Applicable,2025-04-13,541.07,55.47
CLM023748,BILL031693,PAT02035,FAC001,DEP004,Care Health,2025-08-28,1195.43,Paid,Not Applicable,2025-09-11,1114.94,80.49
CLM023775,BILL031728,PAT03078,FAC002,DEP005,Star Health,2025-12-22,548.17,Paid,Not Applicable,2026-01-06,535.0,13.17
CLM023782,BILL031737,PAT09843,FAC002,DEP005,Star Health,2025-04-30,531.01,Approved,Not Applicable,2025-05-08,465.72,65.29
CLM023784,BILL031742,PAT06422,FAC005,DEP003,Star Health,2025-04-17,699.13,Paid,Not Applicable,2025-05-06,656.99,42.14
CLM023809,BILL031776,PAT05529,FAC001,DEP001,Star Health,2025-03-26,1218.13,Paid,Not Applicable,2025-04-23,1188.18,29.95
CLM023823,BILL031797,PAT08472,FAC005,DEP003,ICICI Lombard,2025-08-29,690.93,Under Review,Not Applicable,2025-09-11,0.0,690.93
CLM023828,BILL031805,PAT02217,FAC002,DEP002,ICICI Lombard,2025-05-19,1012.26,Pending,Not Applicable,2025-06-07,0.0,1012.26
CLM023830,BILL031808,PAT06683,FAC005,DEP001,Niva Bupa,2025-02-28,1420.46,Denied,Duplicate Claim,2025-03-13,0.0,1420.46
CLM023843,BILL031826,PAT06927,FAC004,DEP001,Star Health,2025-07-27,1098.2,Under Review,Not Applicable,2025-08-21,0.0,1098.2
CLM023847,BILL031832,PAT07029,FAC005,DEP008,Care Health,2025-09-30,892.09,Approved,Not Applicable,2025-10-09,801.76,90.33
CLM023850,BILL031839,PAT03888,FAC002,DEP005,Star Health,2025-08-30,478.13,Under Review,Not Applicable,2025-10-07,0.0,478.13
CLM023851,BILL031840,PAT03708,FAC002,DEP005,Care Health,2025-10-22,340.02,Approved,Not Applicable,2025-11-09,320.86,19.16
CLM023854,BILL031845,PAT07641,FAC005,DEP007,ICICI Lombard,2025-10-13,613.44,Under Review,Not Applicable,2025-11-04,0.0,613.44
CLM023857,BILL031848,PAT09103,FAC005,DEP006,Star Health,2025-02-11,703.7,Paid,Not Applicable,2025-02-21,678.51,25.19
CLM023860,BILL031851,PAT02747,FAC005,DEP005,Star Health,2025-05-10,318.23,Denied,Eligibility Issue,2025-05-14,0.0,318.23
CLM023861,BILL031852,PAT04897,FAC001,DEP008,Star Health,2025-10-01,912.9,Pending,Not Applicable,2025-11-05,0.0,912.9
CLM023869,BILL031863,PAT09939,FAC004,DEP006,Star Health,2025-10-14,990.18,Paid,Not Applicable,2025-10-23,954.19,35.99
CLM023871,BILL031866,PAT06804,FAC004,DEP001,Star Health,2025-03-27,1411.01,Approved,Not Applicable,2025-04-08,1374.62,36.39
CLM023874,BILL031869,PAT00634,FAC001,DEP001,Star Health,2025-11-14,1547.48,Paid,Not Applicable,2025-12-04,1511.2,36.28
CLM023883,BILL031882,PAT08618,FAC003,DEP008,ICICI Lombard,2025-10-07,2252.3,Pending,Not Applicable,2025-11-17,0.0,2252.3
CLM023884,BILL031886,PAT01191,FAC005,DEP001,Care Health,2025-10-09,1262.06,Under Review,Not Applicable,2025-11-13,0.0,1262.06
CLM023888,BILL031892,PAT04016,FAC005,DEP008,HDFC ERGO,2025-08-13,1969.6,Under Review,Not Applicable,2025-09-27,0.0,1969.6
CLM023891,BILL031899,PAT09262,FAC005,DEP005,Star Health,2025-01-08,625.09,Paid,Not Applicable,2025-02-05,587.51,37.58
CLM023897,BILL031907,PAT00684,FAC005,DEP005,Niva Bupa,2025-01-21,258.9,Paid,Not Applicable,2025-02-14,242.87,16.03
CLM023899,BILL031909,PAT09233,FAC005,DEP003,Star Health,2025-05-09,317.08,Paid,Not Applicable,2025-05-19,295.39,21.69
CLM023900,BILL031912,PAT01535,FAC001,DEP008,ICICI Lombard,2025-10-26,2023.34,Paid,Not Applicable,2025-11-22,1889.77,133.57
CLM023901,BILL031913,PAT01660,FAC001,DEP008,Care Health,2025-11-10,1870.66,Paid,Not Applicable,2025-11-19,1760.65,110.01
CLM023904,BILL031916,PAT05466,FAC003,DEP003,Star Health,2025-03-28,597.72,Under Review,Not Applicable,2025-04-08,0.0,597.72
CLM023908,BILL031923,PAT02523,FAC002,DEP002,Niva Bupa,2025-12-12,795.22,Paid,Not Applicable,2026-01-04,739.67,55.55
CLM023911,BILL031927,PAT03782,FAC003,DEP005,Star Health,2025-08-10,506.93,Paid,Not Applicable,2025-09-02,501.59,5.34
CLM023914,BILL031931,PAT01359,FAC002,DEP002,Niva Bupa,2025-03-12,1082.42,Approved,Not Applicable,2025-03-25,946.58,135.84
CLM023921,BILL031940,PAT02335,FAC003,DEP007,Star Health,2025-01-22,747.17,Pending,Not Applicable,2025-02-20,0.0,747.17
CLM023926,BILL031951,PAT03475,FAC001,DEP002,Niva Bupa,2025-10-16,728.56,Paid,Not Applicable,2025-10-21,703.95,24.61
CLM023932,BILL031958,PAT08137,FAC004,DEP002,ICICI Lombard,2025-07-21,842.2,Denied,Authorization Missing,2025-08-03,0.0,842.2
CLM023940,BILL031975,PAT04951,FAC002,DEP001,Niva Bupa,2025-05-16,1545.39,Paid,Not Applicable,2025-06-07,1518.45,26.94
CLM023950,BILL031986,PAT04949,FAC005,DEP006,Care Health,2025-07-18,730.32,Approved,Not Applicable,2025-08-02,680.61,49.71
CLM023958,BILL032000,PAT07364,FAC003,DEP001,Star Health,2025-12-08,1417.55,Paid,Not Applicable,2025-12-18,1345.51,72.04
CLM023960,BILL032002,PAT00909,FAC004,DEP002,Star Health,2025-05-28,600.28,Paid,Not Applicable,2025-06-06,593.07,7.21
CLM023972,BILL032016,PAT00536,FAC005,DEP007,Star Health,2025-07-11,895.67,Paid,Not Applicable,2025-08-05,838.14,57.53
CLM023974,BILL032018,PAT04129,FAC001,DEP001,ICICI Lombard,2025-05-31,1562.0,Paid,Not Applicable,2025-06-23,1446.7,115.3
CLM023980,BILL032026,PAT01434,FAC002,DEP006,Care Health,2025-08-29,744.91,Paid,Not Applicable,2025-09-22,701.0,43.91
CLM023996,BILL032049,PAT03064,FAC003,DEP005,ICICI Lombard,2025-08-01,458.16,Paid,Not Applicable,2025-08-19,450.67,7.49
CLM023997,BILL032051,PAT04849,FAC005,DEP007,Star Health,2025-11-02,585.23,Approved,Not Applicable,2025-11-13,557.85,27.38
CLM024001,BILL032056,PAT05136,FAC003,DEP005,Star Health,2025-12-08,588.13,Under Review,Not Applicable,2026-01-20,0.0,588.13
CLM024005,BILL032060,PAT04082,FAC001,DEP004,Niva Bupa,2025-01-11,1312.37,Pending,Not Applicable,2025-02-20,0.0,1312.37
CLM024012,BILL032069,PAT02705,FAC005,DEP003,Care Health,2025-05-28,813.74,Approved,Not Applicable,2025-06-03,692.91,120.83
CLM024013,BILL032071,PAT09807,FAC003,DEP001,HDFC ERGO,2025-09-14,917.22,Pending,Not Applicable,2025-10-05,0.0,917.22
CLM024019,BILL032080,PAT05564,FAC003,DEP003,Niva Bupa,2025-06-13,871.37,Under Review,Not Applicable,2025-06-26,0.0,871.37
CLM024020,BILL032082,PAT07521,FAC005,DEP007,ICICI Lombard,2025-03-31,746.64,Paid,Not Applicable,2025-04-23,739.46,7.18
CLM024021,BILL032083,PAT04111,FAC001,DEP002,HDFC ERGO,2025-11-22,648.07,Denied,Duplicate Claim,2025-11-26,0.0,648.07
CLM024022,BILL032084,PAT04673,FAC005,DEP003,Star Health,2025-07-17,797.46,Pending,Not Applicable,2025-08-26,0.0,797.46
CLM024023,BILL032085,PAT02127,FAC002,DEP002,Niva Bupa,2025-11-09,898.37,Paid,Not Applicable,2025-11-18,887.41,10.96
CLM024025,BILL032090,PAT05793,FAC002,DEP001,Star Health,2025-04-08,1376.91,Pending,Not Applicable,2025-05-05,0.0,1376.91
CLM024028,BILL032094,PAT04951,FAC001,DEP002,ICICI Lombard,2025-10-14,526.18,Paid,Not Applicable,2025-11-05,506.56,19.62
CLM024034,BILL032105,PAT04014,FAC004,DEP002,HDFC ERGO,2025-04-25,936.21,Under Review,Not Applicable,2025-05-26,0.0,936.21
CLM024064,BILL032146,PAT01905,FAC004,DEP001,Star Health,2025-03-04,994.17,Approved,Not Applicable,2025-03-15,973.24,20.93
CLM024067,BILL032155,PAT04251,FAC002,DEP002,ICICI Lombard,2025-10-05,1480.89,Under Review,Not Applicable,2025-11-18,0.0,1480.89
CLM024068,BILL032156,PAT04740,FAC004,DEP002,Star Health,2025-05-22,1731.31,Paid,Not Applicable,2025-06-07,1638.69,92.62
CLM024076,BILL032168,PAT03493,FAC002,DEP002,HDFC ERGO,2025-05-07,781.76,Pending,Not Applicable,2025-06-15,0.0,781.76
CLM024079,BILL032172,PAT00032,FAC003,DEP003,Care Health,2025-02-18,724.22,Paid,Not Applicable,2025-03-16,686.27,37.95
CLM024090,BILL032187,PAT03464,FAC004,DEP007,Care Health,2025-06-26,347.72,Paid,Not Applicable,2025-07-13,338.62,9.1
CLM024091,BILL032188,PAT01714,FAC004,DEP001,ICICI Lombard,2025-08-14,1148.36,Pending,Not Applicable,2025-08-27,0.0,1148.36
CLM024094,BILL032192,PAT01622,FAC003,DEP007,Star Health,2025-05-26,482.86,Pending,Not Applicable,2025-06-18,0.0,482.86
CLM024099,BILL032206,PAT06312,FAC003,DEP003,HDFC ERGO,2025-11-06,443.1,Pending,Not Applicable,2025-12-14,0.0,443.1
CLM024103,BILL032210,PAT08100,FAC002,DEP006,ICICI Lombard,2025-03-10,517.01,Paid,Not Applicable,2025-04-01,504.7,12.31
CLM024108,BILL032216,PAT08066,FAC002,DEP001,Niva Bupa,2025-05-15,1560.66,Paid,Not Applicable,2025-05-31,1516.75,43.91
CLM024111,BILL032220,PAT06336,FAC003,DEP003,Niva Bupa,2025-04-25,719.78,Pending,Not Applicable,2025-05-29,0.0,719.78
CLM024114,BILL032227,PAT07714,FAC003,DEP005,Star Health,2025-08-04,418.84,Paid,Not Applicable,2025-08-28,409.28,9.56
CLM024124,BILL032240,PAT04830,FAC005,DEP003,HDFC ERGO,2025-02-28,415.9,Pending,Not Applicable,2025-03-25,0.0,415.9
CLM024140,BILL032260,PAT03657,FAC004,DEP007,HDFC ERGO,2025-07-19,809.38,Pending,Not Applicable,2025-08-29,0.0,809.38
CLM024158,BILL032288,PAT04408,FAC004,DEP007,Star Health,2025-01-26,412.12,Approved,Not Applicable,2025-02-14,372.87,39.25
CLM024161,BILL032292,PAT08696,FAC005,DEP001,Care Health,2025-11-24,1893.71,Approved,Not Applicable,2025-12-02,1692.78,200.93
CLM024163,BILL032294,PAT08385,FAC003,DEP008,HDFC ERGO,2025-08-26,1170.86,Approved,Not Applicable,2025-09-14,1089.95,80.91
CLM024164,BILL032297,PAT02391,FAC005,DEP003,ICICI Lombard,2025-09-24,627.14,Approved,Not Applicable,2025-10-08,547.39,79.75
CLM024170,BILL032304,PAT05310,FAC002,DEP001,Star Health,2025-04-23,766.22,Under Review,Not Applicable,2025-05-23,0.0,766.22
CLM024180,BILL032319,PAT09020,FAC004,DEP006,Star Health,2025-03-20,521.42,Under Review,Not Applicable,2025-04-24,0.0,521.42
CLM024191,BILL032336,PAT03308,FAC003,DEP003,Star Health,2025-11-24,430.82,Pending,Not Applicable,2025-12-07,0.0,430.82
CLM024194,BILL032341,PAT06139,FAC003,DEP007,HDFC ERGO,2025-02-16,895.27,Paid,Not Applicable,2025-03-09,887.38,7.89
CLM024208,BILL032363,PAT02215,FAC001,DEP004,Care Health,2025-06-04,945.04,Approved,Not Applicable,2025-06-16,902.44,42.6
CLM024212,BILL032368,PAT01732,FAC002,DEP001,Niva Bupa,2025-06-03,874.42,Approved,Not Applicable,2025-06-21,834.35,40.07
CLM024214,BILL032371,PAT07822,FAC002,DEP005,Star Health,2025-08-12,594.1,Paid,Not Applicable,2025-08-23,560.68,33.42
CLM024222,BILL032381,PAT04515,FAC002,DEP007,Niva Bupa,2025-09-25,730.04,Paid,Not Applicable,2025-10-15,690.53,39.51
CLM024232,BILL032394,PAT09103,FAC004,DEP005,ICICI Lombard,2025-07-31,226.84,Approved,Not Applicable,2025-08-18,193.35,33.49
CLM024239,BILL032401,PAT05921,FAC003,DEP005,Care Health,2025-04-16,304.82,Approved,Not Applicable,2025-04-22,269.49,35.33
CLM024247,BILL032409,PAT09050,FAC001,DEP002,ICICI Lombard,2025-12-15,735.53,Approved,Not Applicable,2026-01-13,714.67,20.86
CLM024263,BILL032427,PAT00736,FAC001,DEP002,Care Health,2025-10-29,1293.18,Approved,Not Applicable,2025-11-06,1153.88,139.3
CLM024265,BILL032429,PAT02406,FAC002,DEP005,Care Health,2025-07-24,359.44,Pending,Not Applicable,2025-08-07,0.0,359.44
CLM024274,BILL032442,PAT08626,FAC005,DEP008,Care Health,2025-05-20,1675.46,Paid,Not Applicable,2025-05-25,1586.8,88.66
CLM024275,BILL032443,PAT08650,FAC002,DEP005,Care Health,2025-07-10,415.98,Pending,Not Applicable,2025-07-23,0.0,415.98
CLM024286,BILL032455,PAT05272,FAC004,DEP001,HDFC ERGO,2025-10-29,1288.36,Approved,Not Applicable,2025-11-12,1208.35,80.01
CLM024291,BILL032460,PAT05614,FAC005,DEP008,Niva Bupa,2025-06-29,1867.78,Approved,Not Applicable,2025-07-12,1731.27,136.51
CLM024296,BILL032465,PAT02010,FAC005,DEP003,ICICI Lombard,2025-04-03,569.86,Denied,Missing Documentation,2025-04-09,0.0,569.86
CLM024305,BILL032478,PAT08983,FAC005,DEP001,Niva Bupa,2025-08-24,1326.28,Under Review,Not Applicable,2025-09-24,0.0,1326.28
CLM024306,BILL032479,PAT00304,FAC004,DEP001,Star Health,2025-04-01,1123.78,Denied,Missing Documentation,2025-04-22,0.0,1123.78
CLM024308,BILL032481,PAT04591,FAC005,DEP003,Star Health,2025-05-27,578.47,Approved,Not Applicable,2025-06-06,504.08,74.39
CLM024314,BILL032488,PAT05081,FAC002,DEP001,Care Health,2025-03-05,1842.63,Approved,Not Applicable,2025-03-17,1676.37,166.26
CLM024318,BILL032493,PAT07529,FAC004,DEP007,Star Health,2025-08-30,720.56,Approved,Not Applicable,2025-09-10,624.39,96.17
CLM024319,BILL032494,PAT05599,FAC001,DEP005,HDFC ERGO,2025-12-28,645.73,Paid,Not Applicable,2026-01-06,595.9,49.83
CLM024334,BILL032516,PAT01748,FAC003,DEP001,Care Health,2025-07-07,1567.95,Pending,Not Applicable,2025-08-17,0.0,1567.95
CLM024337,BILL032519,PAT05901,FAC001,DEP008,HDFC ERGO,2025-01-25,1993.74,Under Review,Not Applicable,2025-02-08,0.0,1993.74
CLM024341,BILL032524,PAT06422,FAC002,DEP005,HDFC ERGO,2025-02-26,549.2,Under Review,Not Applicable,2025-03-31,0.0,549.2
CLM024350,BILL032535,PAT01298,FAC003,DEP001,ICICI Lombard,2025-10-03,1420.59,Approved,Not Applicable,2025-10-25,1209.46,211.13
CLM024351,BILL032536,PAT05310,FAC003,DEP008,Star Health,2025-01-16,1588.06,Paid,Not Applicable,2025-02-03,1490.5,97.56
CLM024354,BILL032542,PAT04266,FAC002,DEP006,Niva Bupa,2025-03-08,816.61,Approved,Not Applicable,2025-03-14,794.3,22.31
CLM024357,BILL032547,PAT08115,FAC002,DEP006,Care Health,2025-11-13,485.18,Paid,Not Applicable,2025-12-03,471.66,13.52
CLM024359,BILL032550,PAT05332,FAC005,DEP008,Niva Bupa,2025-02-20,1576.7,Pending,Not Applicable,2025-03-23,0.0,1576.7
CLM024364,BILL032558,PAT01255,FAC003,DEP005,ICICI Lombard,2025-12-15,582.76,Under Review,Not Applicable,2025-12-30,0.0,582.76
CLM024365,BILL032559,PAT06352,FAC002,DEP002,ICICI Lombard,2025-04-27,772.96,Approved,Not Applicable,2025-05-18,745.01,27.95
CLM024369,BILL032565,PAT05513,FAC001,DEP005,ICICI Lombard,2025-04-30,622.79,Paid,Not Applicable,2025-05-06,589.77,33.02
CLM024379,BILL032578,PAT04203,FAC005,DEP003,Niva Bupa,2025-04-03,365.32,Pending,Not Applicable,2025-05-02,0.0,365.32
CLM024381,BILL032580,PAT04765,FAC005,DEP007,HDFC ERGO,2025-10-16,496.65,Pending,Not Applicable,2025-11-03,0.0,496.65
CLM024383,BILL032582,PAT05964,FAC003,DEP008,Care Health,2025-03-09,1243.2,Paid,Not Applicable,2025-03-19,1209.33,33.87
CLM024397,BILL032599,PAT06432,FAC005,DEP003,Niva Bupa,2025-03-22,464.78,Paid,Not Applicable,2025-04-02,430.57,34.21
CLM024398,BILL032602,PAT04354,FAC001,DEP004,Star Health,2025-09-03,391.4,Under Review,Not Applicable,2025-09-15,0.0,391.4
CLM024406,BILL032615,PAT02806,FAC004,DEP004,HDFC ERGO,2025-09-20,1122.98,Pending,Not Applicable,2025-10-30,0.0,1122.98
CLM024407,BILL032616,PAT00051,FAC003,DEP003,HDFC ERGO,2025-05-30,679.18,Approved,Not Applicable,2025-06-11,623.16,56.02
CLM024411,BILL032620,PAT08120,FAC002,DEP006,HDFC ERGO,2025-02-02,598.5,Approved,Not Applicable,2025-02-23,551.28,47.22
CLM024412,BILL032621,PAT08787,FAC005,DEP003,Care Health,2025-11-08,863.96,Paid,Not Applicable,2025-11-19,854.07,9.89
CLM024436,BILL032655,PAT04820,FAC005,DEP006,Star Health,2025-10-02,768.73,Denied,Coding Error,2025-10-20,0.0,768.73
CLM024437,BILL032656,PAT07696,FAC005,DEP003,Care Health,2025-10-28,517.78,Approved,Not Applicable,2025-11-07,515.06,2.72
CLM024438,BILL032657,PAT03785,FAC002,DEP001,Star Health,2025-06-11,1629.95,Approved,Not Applicable,2025-06-29,1508.97,120.98
CLM024439,BILL032658,PAT02914,FAC002,DEP001,Care Health,2025-02-17,1288.18,Paid,Not Applicable,2025-03-12,1218.02,70.16
CLM024441,BILL032660,PAT04879,FAC005,DEP001,Niva Bupa,2025-09-28,1324.37,Under Review,Not Applicable,2025-10-18,0.0,1324.37
CLM024453,BILL032677,PAT01944,FAC002,DEP002,HDFC ERGO,2025-04-09,1280.78,Approved,Not Applicable,2025-04-21,1202.67,78.11
CLM024454,BILL032679,PAT05702,FAC002,DEP005,Care Health,2025-09-29,381.46,Pending,Not Applicable,2025-11-07,0.0,381.46
CLM024455,BILL032680,PAT04078,FAC003,DEP007,ICICI Lombard,2025-09-12,572.61,Pending,Not Applicable,2025-10-16,0.0,572.61
CLM024460,BILL032686,PAT04430,FAC002,DEP006,Care Health,2025-01-16,822.25,Approved,Not Applicable,2025-01-30,703.49,118.76
CLM024465,BILL032692,PAT06132,FAC004,DEP004,HDFC ERGO,2025-11-28,1040.15,Under Review,Not Applicable,2026-01-01,0.0,1040.15
CLM024487,BILL032719,PAT05222,FAC002,DEP006,Care Health,2025-05-18,441.82,Under Review,Not Applicable,2025-06-08,0.0,441.82
CLM024499,BILL032735,PAT09239,FAC002,DEP005,ICICI Lombard,2025-02-03,441.94,Approved,Not Applicable,2025-02-16,431.69,10.25
CLM024500,BILL032736,PAT04275,FAC003,DEP007,HDFC ERGO,2025-12-17,456.23,Under Review,Not Applicable,2026-01-12,0.0,456.23
CLM024515,BILL032755,PAT01248,FAC003,DEP003,Star Health,2025-11-01,752.53,Paid,Not Applicable,2025-11-18,732.05,20.48
CLM024519,BILL032760,PAT06595,FAC001,DEP002,ICICI Lombard,2025-11-08,776.62,Approved,Not Applicable,2025-11-24,749.6,27.02
CLM024529,BILL032770,PAT06138,FAC002,DEP006,Niva Bupa,2025-06-27,753.44,Paid,Not Applicable,2025-07-23,742.38,11.06
CLM024533,BILL032777,PAT03661,FAC004,DEP001,HDFC ERGO,2025-07-02,1439.41,Approved,Not Applicable,2025-07-23,1334.7,104.71
CLM024536,BILL032781,PAT06293,FAC001,DEP001,ICICI Lombard,2025-07-01,1468.15,Pending,Not Applicable,2025-08-04,0.0,1468.15
CLM024537,BILL032782,PAT06821,FAC004,DEP001,Care Health,2025-06-05,1504.32,Approved,Not Applicable,2025-07-03,1354.22,150.1
CLM024541,BILL032788,PAT00896,FAC001,DEP004,HDFC ERGO,2025-05-25,1231.92,Under Review,Not Applicable,2025-07-01,0.0,1231.92
CLM024543,BILL032790,PAT01143,FAC005,DEP007,Star Health,2025-02-14,645.01,Pending,Not Applicable,2025-03-12,0.0,645.01
CLM024544,BILL032791,PAT07504,FAC003,DEP005,Care Health,2025-05-20,480.63,Paid,Not Applicable,2025-06-04,471.65,8.98
CLM024548,BILL032797,PAT09606,FAC004,DEP004,Niva Bupa,2025-09-21,1469.44,Pending,Not Applicable,2025-10-14,0.0,1469.44
CLM024569,BILL032826,PAT04464,FAC002,DEP002,HDFC ERGO,2025-11-05,782.38,Under Review,Not Applicable,2025-12-15,0.0,782.38
CLM024578,BILL032838,PAT05748,FAC002,DEP002,Niva Bupa,2025-10-30,942.86,Paid,Not Applicable,2025-11-25,942.13,0.73
CLM024584,BILL032845,PAT05837,FAC001,DEP001,Niva Bupa,2025-07-14,975.16,Paid,Not Applicable,2025-08-04,960.03,15.13
CLM024586,BILL032848,PAT06685,FAC001,DEP004,ICICI Lombard,2025-02-12,672.64,Paid,Not Applicable,2025-02-21,650.51,22.13
CLM024592,BILL032856,PAT00186,FAC004,DEP001,Star Health,2025-12-22,1498.43,Paid,Not Applicable,2026-01-07,1450.4,48.03
CLM024593,BILL032857,PAT07972,FAC005,DEP008,ICICI Lombard,2025-09-20,1165.46,Under Review,Not Applicable,2025-10-04,0.0,1165.46
CLM024608,BILL032874,PAT04631,FAC001,DEP002,Care Health,2025-01-16,828.38,Approved,Not Applicable,2025-02-07,754.01,74.37
CLM024610,BILL032876,PAT00813,FAC002,DEP006,Star Health,2025-09-10,519.84,Approved,Not Applicable,2025-09-15,519.37,0.47
CLM024614,BILL032880,PAT09648,FAC003,DEP007,Star Health,2025-08-02,434.9,Paid,Not Applicable,2025-08-26,432.32,2.58
CLM024615,BILL032881,PAT00231,FAC004,DEP005,ICICI Lombard,2025-12-01,556.76,Pending,Not Applicable,2025-12-22,0.0,556.76
CLM024622,BILL032894,PAT01386,FAC005,DEP008,HDFC ERGO,2025-07-10,2530.03,Denied,Coding Error,2025-07-28,0.0,2530.03
CLM024626,BILL032898,PAT04668,FAC001,DEP003,Care Health,2025-12-07,681.51,Paid,Not Applicable,2025-12-29,641.63,39.88
CLM024628,BILL032901,PAT09114,FAC005,DEP006,Star Health,2025-05-17,607.27,Approved,Not Applicable,2025-05-29,519.31,87.96
CLM024630,BILL032903,PAT09262,FAC005,DEP003,ICICI Lombard,2025-09-29,747.76,Pending,Not Applicable,2025-10-10,0.0,747.76
CLM024632,BILL032905,PAT03703,FAC002,DEP001,ICICI Lombard,2025-06-10,1369.56,Approved,Not Applicable,2025-06-27,1320.31,49.25
CLM024637,BILL032910,PAT00614,FAC003,DEP008,HDFC ERGO,2025-08-07,1168.84,Paid,Not Applicable,2025-09-05,1090.31,78.53
CLM024642,BILL032921,PAT05445,FAC001,DEP005,Care Health,2025-06-17,442.43,Approved,Not Applicable,2025-06-26,379.31,63.12
CLM024644,BILL032924,PAT08137,FAC005,DEP007,HDFC ERGO,2025-04-21,399.43,Approved,Not Applicable,2025-05-21,392.37,7.06
CLM024656,BILL032937,PAT08344,FAC002,DEP005,Star Health,2025-03-03,531.49,Approved,Not Applicable,2025-03-26,471.24,60.25
CLM024659,BILL032942,PAT03144,FAC005,DEP001,HDFC ERGO,2025-09-18,1106.41,Pending,Not Applicable,2025-11-01,0.0,1106.41
CLM024664,BILL032949,PAT08318,FAC004,DEP005,HDFC ERGO,2025-04-23,318.88,Paid,Not Applicable,2025-05-02,298.84,20.04
CLM024675,BILL032964,PAT04430,FAC003,DEP001,Care Health,2025-02-09,1680.57,Paid,Not Applicable,2025-02-20,1601.92,78.65
CLM024677,BILL032966,PAT07748,FAC001,DEP001,ICICI Lombard,2025-07-07,1235.9,Approved,Not Applicable,2025-08-03,1094.06,141.84
CLM024684,BILL032977,PAT06006,FAC001,DEP002,Niva Bupa,2025-06-14,576.94,Approved,Not Applicable,2025-06-30,505.6,71.34
CLM024686,BILL032979,PAT07530,FAC003,DEP007,Star Health,2025-09-18,452.43,Paid,Not Applicable,2025-10-14,429.89,22.54
CLM024689,BILL032982,PAT09485,FAC001,DEP002,ICICI Lombard,2025-06-26,1026.56,Approved,Not Applicable,2025-07-06,1000.75,25.81
CLM024703,BILL033004,PAT08300,FAC002,DEP007,Star Health,2025-04-27,310.29,Paid,Not Applicable,2025-05-07,302.34,7.95
CLM024704,BILL033005,PAT00873,FAC004,DEP005,Niva Bupa,2025-08-28,445.83,Paid,Not Applicable,2025-09-19,444.81,1.02
CLM024713,BILL033016,PAT02168,FAC002,DEP001,HDFC ERGO,2025-06-19,1020.13,Pending,Not Applicable,2025-07-12,0.0,1020.13
CLM024715,BILL033018,PAT02702,FAC003,DEP005,HDFC ERGO,2025-04-04,443.82,Approved,Not Applicable,2025-04-25,389.66,54.16
CLM024718,BILL033023,PAT06283,FAC001,DEP001,Star Health,2025-08-08,1590.83,Approved,Not Applicable,2025-08-30,1548.69,42.14
CLM024721,BILL033026,PAT09678,FAC005,DEP003,HDFC ERGO,2025-03-11,462.34,Pending,Not Applicable,2025-04-22,0.0,462.34
CLM024728,BILL033038,PAT02901,FAC002,DEP006,Care Health,2025-06-23,879.43,Paid,Not Applicable,2025-07-13,868.65,10.78
CLM024731,BILL033041,PAT04686,FAC004,DEP001,Niva Bupa,2025-04-03,847.48,Approved,Not Applicable,2025-04-19,836.69,10.79
CLM024732,BILL033042,PAT06322,FAC001,DEP001,Niva Bupa,2025-07-09,638.94,Under Review,Not Applicable,2025-08-02,0.0,638.94
CLM024736,BILL033048,PAT09856,FAC002,DEP005,HDFC ERGO,2025-11-07,510.03,Denied,Coding Error,2025-11-27,0.0,510.03
CLM024747,BILL033064,PAT05407,FAC005,DEP008,Star Health,2025-03-06,1584.07,Pending,Not Applicable,2025-04-16,0.0,1584.07
CLM024751,BILL033069,PAT02215,FAC004,DEP001,Star Health,2025-03-22,837.58,Pending,Not Applicable,2025-04-17,0.0,837.58
CLM024755,BILL033076,PAT09902,FAC002,DEP001,HDFC ERGO,2025-09-15,691.12,Approved,Not Applicable,2025-09-21,655.28,35.84
CLM024757,BILL033078,PAT09996,FAC003,DEP008,Star Health,2025-04-01,1660.7,Denied,Coding Error,2025-04-16,0.0,1660.7
CLM024761,BILL033084,PAT03756,FAC003,DEP005,Niva Bupa,2025-06-19,499.09,Paid,Not Applicable,2025-07-12,472.53,26.56
CLM024764,BILL033087,PAT03485,FAC003,DEP003,Care Health,2025-09-20,419.08,Paid,Not Applicable,2025-09-25,407.72,11.36
CLM024766,BILL033089,PAT05767,FAC003,DEP001,Star Health,2025-11-11,952.63,Paid,Not Applicable,2025-11-20,930.37,22.26
CLM024770,BILL033094,PAT02391,FAC004,DEP001,HDFC ERGO,2025-09-16,1120.21,Denied,Policy Exclusion,2025-09-26,0.0,1120.21
CLM024773,BILL033097,PAT08935,FAC003,DEP005,ICICI Lombard,2025-11-19,579.07,Under Review,Not Applicable,2025-12-26,0.0,579.07
CLM024775,BILL033099,PAT08952,FAC001,DEP002,ICICI Lombard,2025-02-13,796.42,Paid,Not Applicable,2025-03-11,781.18,15.24
CLM024776,BILL033100,PAT03214,FAC002,DEP007,Star Health,2025-07-03,702.99,Paid,Not Applicable,2025-07-22,667.91,35.08
CLM024777,BILL033101,PAT03102,FAC001,DEP001,Care Health,2025-08-28,1390.18,Paid,Not Applicable,2025-09-02,1385.33,4.85
CLM024778,BILL033102,PAT09296,FAC001,DEP001,ICICI Lombard,2025-01-13,1190.36,Approved,Not Applicable,2025-01-19,1148.65,41.71
CLM024779,BILL033103,PAT07573,FAC002,DEP007,HDFC ERGO,2025-09-08,841.79,Under Review,Not Applicable,2025-10-23,0.0,841.79
CLM024782,BILL033106,PAT04748,FAC002,DEP006,Star Health,2025-08-05,887.27,Paid,Not Applicable,2025-08-15,847.89,39.38
CLM024785,BILL033111,PAT08958,FAC001,DEP002,Care Health,2025-03-10,735.29,Under Review,Not Applicable,2025-04-11,0.0,735.29
CLM024787,BILL033113,PAT07529,FAC002,DEP007,Star Health,2025-06-11,696.69,Pending,Not Applicable,2025-07-25,0.0,696.69
CLM024788,BILL033114,PAT04922,FAC005,DEP008,Niva Bupa,2025-11-03,1754.86,Pending,Not Applicable,2025-12-06,0.0,1754.86
CLM024798,BILL033129,PAT02754,FAC002,DEP006,Niva Bupa,2026-01-03,922.28,Approved,Not Applicable,2026-01-18,825.95,96.33
CLM024802,BILL033134,PAT08529,FAC004,DEP005,HDFC ERGO,2025-09-19,696.64,Approved,Not Applicable,2025-09-26,679.26,17.38
CLM024805,BILL033137,PAT02885,FAC003,DEP005,HDFC ERGO,2025-02-27,515.49,Under Review,Not Applicable,2025-04-10,0.0,515.49
CLM024809,BILL033141,PAT00069,FAC004,DEP002,HDFC ERGO,2025-09-24,666.42,Approved,Not Applicable,2025-10-05,599.49,66.93
CLM024811,BILL033145,PAT00612,FAC005,DEP001,Star Health,2025-11-28,1704.72,Denied,Authorization Missing,2025-12-05,0.0,1704.72
CLM024815,BILL033150,PAT08002,FAC003,DEP003,HDFC ERGO,2025-11-12,312.42,Pending,Not Applicable,2025-12-16,0.0,312.42
CLM024820,BILL033159,PAT01958,FAC003,DEP003,Niva Bupa,2025-07-13,440.18,Paid,Not Applicable,2025-08-11,414.86,25.32
CLM024828,BILL033170,PAT02316,FAC005,DEP003,Care Health,2025-03-26,1134.78,Paid,Not Applicable,2025-04-05,1117.75,17.03
CLM024838,BILL033182,PAT01431,FAC004,DEP004,Niva Bupa,2025-02-15,838.58,Paid,Not Applicable,2025-03-08,776.54,62.04
CLM024839,BILL033183,PAT03121,FAC003,DEP003,Care Health,2025-11-18,653.08,Approved,Not Applicable,2025-11-26,649.8,3.28
CLM024840,BILL033184,PAT05864,FAC003,DEP005,HDFC ERGO,2025-08-24,275.24,Pending,Not Applicable,2025-09-07,0.0,275.24
CLM024845,BILL033190,PAT05505,FAC002,DEP002,Niva Bupa,2025-06-07,880.42,Approved,Not Applicable,2025-06-17,825.31,55.11
CLM024848,BILL033194,PAT02928,FAC003,DEP001,Niva Bupa,2025-02-05,1889.82,Approved,Not Applicable,2025-02-26,1874.68,15.14
CLM024852,BILL033200,PAT03801,FAC005,DEP003,ICICI Lombard,2025-10-27,1084.91,Approved,Not Applicable,2025-11-03,949.96,134.95
CLM024858,BILL033208,PAT05175,FAC005,DEP007,HDFC ERGO,2025-09-12,711.9,Denied,Policy Exclusion,2025-09-27,0.0,711.9
CLM024865,BILL033218,PAT04951,FAC001,DEP002,Star Health,2025-04-08,904.41,Approved,Not Applicable,2025-04-19,851.74,52.67
CLM024871,BILL033226,PAT08109,FAC005,DEP001,HDFC ERGO,2025-10-31,1409.56,Paid,Not Applicable,2025-11-18,1318.45,91.11
CLM024882,BILL033239,PAT09820,FAC004,DEP005,HDFC ERGO,2025-06-25,815.51,Pending,Not Applicable,2025-07-25,0.0,815.51
CLM024886,BILL033246,PAT00389,FAC003,DEP007,Niva Bupa,2025-06-16,640.67,Paid,Not Applicable,2025-07-15,627.84,12.83
CLM024892,BILL033255,PAT05684,FAC005,DEP005,Star Health,2025-01-04,385.18,Paid,Not Applicable,2025-01-11,382.7,2.48
CLM024901,BILL033267,PAT07771,FAC001,DEP005,Niva Bupa,2025-06-24,322.7,Approved,Not Applicable,2025-06-30,279.63,43.07
CLM024908,BILL033275,PAT00748,FAC004,DEP005,Niva Bupa,2025-04-24,260.86,Approved,Not Applicable,2025-05-23,231.54,29.32
CLM024910,BILL033277,PAT07794,FAC002,DEP001,HDFC ERGO,2025-08-21,2474.34,Under Review,Not Applicable,2025-10-04,0.0,2474.34
CLM024912,BILL033279,PAT05082,FAC005,DEP001,HDFC ERGO,2025-05-15,1228.39,Approved,Not Applicable,2025-06-11,1098.68,129.71
CLM024920,BILL033292,PAT06138,FAC005,DEP008,ICICI Lombard,2025-07-04,1326.74,Approved,Not Applicable,2025-07-29,1240.52,86.22
CLM024931,BILL033307,PAT09146,FAC005,DEP001,Care Health,2025-06-21,920.65,Under Review,Not Applicable,2025-07-16,0.0,920.65
CLM024935,BILL033312,PAT08747,FAC002,DEP001,Care Health,2025-09-10,1696.13,Paid,Not Applicable,2025-10-08,1572.91,123.22
CLM024939,BILL033318,PAT00328,FAC003,DEP008,Star Health,2025-08-08,1229.82,Approved,Not Applicable,2025-08-15,1200.14,29.68
CLM024946,BILL033327,PAT04375,FAC002,DEP005,HDFC ERGO,2025-05-09,391.94,Paid,Not Applicable,2025-06-03,390.54,1.4
CLM024950,BILL033332,PAT02158,FAC001,DEP002,Star Health,2025-02-13,1210.51,Under Review,Not Applicable,2025-02-23,0.0,1210.51
CLM024951,BILL033333,PAT07403,FAC004,DEP006,Niva Bupa,2025-09-20,914.98,Under Review,Not Applicable,2025-10-16,0.0,914.98
CLM024957,BILL033341,PAT05479,FAC003,DEP005,HDFC ERGO,2025-08-06,726.24,Denied,Coding Error,2025-08-14,0.0,726.24
CLM024959,BILL033343,PAT04849,FAC004,DEP005,Star Health,2025-09-09,412.26,Approved,Not Applicable,2025-09-25,394.5,17.76
CLM024969,BILL033356,PAT07880,FAC003,DEP005,ICICI Lombard,2025-02-02,620.68,Paid,Not Applicable,2025-02-27,610.82,9.86
CLM024971,BILL033358,PAT08150,FAC003,DEP003,Care Health,2025-05-30,692.94,Under Review,Not Applicable,2025-06-09,0.0,692.94
CLM024984,BILL033376,PAT02627,FAC002,DEP006,ICICI Lombard,2025-05-27,708.46,Under Review,Not Applicable,2025-06-22,0.0,708.46
CLM024986,BILL033378,PAT03823,FAC005,DEP007,Star Health,2025-04-28,556.0,Pending,Not Applicable,2025-05-12,0.0,556.0
CLM025006,BILL033406,PAT09286,FAC005,DEP007,Star Health,2025-07-10,788.29,Approved,Not Applicable,2025-07-26,768.74,19.55
CLM025012,BILL033415,PAT08262,FAC001,DEP002,Star Health,2025-11-15,798.15,Approved,Not Applicable,2025-11-26,697.34,100.81
CLM025020,BILL033428,PAT01471,FAC001,DEP005,ICICI Lombard,2025-07-19,375.88,Pending,Not Applicable,2025-08-05,0.0,375.88
CLM025021,BILL033429,PAT09843,FAC003,DEP005,Niva Bupa,2025-11-06,508.61,Paid,Not Applicable,2025-12-06,500.1,8.51
CLM025023,BILL033432,PAT04345,FAC004,DEP004,Star Health,2025-08-15,1507.28,Paid,Not Applicable,2025-08-29,1411.5,95.78
CLM025025,BILL033435,PAT04076,FAC001,DEP005,HDFC ERGO,2025-08-28,605.46,Under Review,Not Applicable,2025-09-25,0.0,605.46
CLM025032,BILL033443,PAT05565,FAC004,DEP001,Niva Bupa,2025-10-31,2002.54,Paid,Not Applicable,2025-11-27,1931.3,71.24
CLM025035,BILL033448,PAT08695,FAC002,DEP002,HDFC ERGO,2025-02-13,876.0,Approved,Not Applicable,2025-02-28,866.48,9.52
CLM025036,BILL033449,PAT01227,FAC005,DEP003,Niva Bupa,2025-11-06,464.55,Under Review,Not Applicable,2025-12-21,0.0,464.55
CLM025038,BILL033452,PAT05837,FAC004,DEP001,Care Health,2025-09-06,1241.97,Pending,Not Applicable,2025-09-22,0.0,1241.97
CLM025042,BILL033456,PAT03195,FAC003,DEP001,ICICI Lombard,2025-03-11,1491.89,Approved,Not Applicable,2025-04-02,1421.64,70.25
CLM025044,BILL033459,PAT06282,FAC001,DEP008,HDFC ERGO,2025-08-04,1339.34,Paid,Not Applicable,2025-08-21,1337.04,2.3
CLM025045,BILL033460,PAT05272,FAC002,DEP001,Niva Bupa,2025-04-01,792.87,Pending,Not Applicable,2025-05-10,0.0,792.87
CLM025049,BILL033464,PAT01254,FAC005,DEP003,Care Health,2025-05-26,776.04,Approved,Not Applicable,2025-06-22,692.95,83.09
CLM025056,BILL033471,PAT01624,FAC005,DEP005,Star Health,2025-10-28,744.91,Approved,Not Applicable,2025-11-14,667.34,77.57
CLM025062,BILL033479,PAT03614,FAC003,DEP001,HDFC ERGO,2025-09-13,755.28,Paid,Not Applicable,2025-10-10,702.26,53.02
CLM025064,BILL033483,PAT02479,FAC003,DEP007,Care Health,2025-02-19,434.69,Approved,Not Applicable,2025-03-21,414.06,20.63
CLM025067,BILL033486,PAT05782,FAC002,DEP001,ICICI Lombard,2025-03-27,1060.32,Approved,Not Applicable,2025-04-26,933.82,126.5
CLM025085,BILL033511,PAT04829,FAC004,DEP002,ICICI Lombard,2025-09-10,626.84,Pending,Not Applicable,2025-10-12,0.0,626.84
CLM025099,BILL033533,PAT02184,FAC002,DEP005,Star Health,2025-07-05,774.78,Approved,Not Applicable,2025-07-18,723.52,51.26
CLM025109,BILL033544,PAT04744,FAC003,DEP003,Star Health,2025-03-14,503.41,Approved,Not Applicable,2025-03-20,459.29,44.12
CLM025110,BILL033545,PAT05713,FAC001,DEP001,Niva Bupa,2025-06-14,1186.44,Under Review,Not Applicable,2025-06-24,0.0,1186.44
CLM025112,BILL033548,PAT03679,FAC003,DEP007,HDFC ERGO,2025-01-14,717.46,Paid,Not Applicable,2025-02-07,710.15,7.31
CLM025113,BILL033549,PAT04951,FAC004,DEP002,HDFC ERGO,2025-05-11,1029.45,Approved,Not Applicable,2025-06-01,941.16,88.29
CLM025115,BILL033553,PAT01715,FAC001,DEP001,Care Health,2025-02-01,1028.87,Pending,Not Applicable,2025-03-13,0.0,1028.87
CLM025117,BILL033555,PAT09238,FAC003,DEP003,ICICI Lombard,2025-08-22,603.46,Denied,Missing Documentation,2025-09-03,0.0,603.46
CLM025129,BILL033571,PAT03600,FAC004,DEP002,HDFC ERGO,2025-03-22,483.96,Paid,Not Applicable,2025-04-17,458.63,25.33
CLM025150,BILL033600,PAT07337,FAC003,DEP003,ICICI Lombard,2025-05-05,830.51,Paid,Not Applicable,2025-05-27,812.93,17.58
CLM025154,BILL033607,PAT03388,FAC002,DEP002,HDFC ERGO,2025-09-01,1441.02,Approved,Not Applicable,2025-09-27,1346.11,94.91
CLM025159,BILL033613,PAT08608,FAC002,DEP005,Star Health,2025-09-11,645.26,Pending,Not Applicable,2025-10-06,0.0,645.26
CLM025162,BILL033620,PAT09750,FAC003,DEP008,Niva Bupa,2025-11-28,1959.32,Paid,Not Applicable,2025-12-10,1872.45,86.87
CLM025175,BILL033635,PAT05703,FAC004,DEP006,HDFC ERGO,2025-03-15,789.42,Paid,Not Applicable,2025-04-05,730.12,59.3
CLM025178,BILL033640,PAT03324,FAC004,DEP001,Niva Bupa,2025-11-14,1323.82,Paid,Not Applicable,2025-11-26,1274.71,49.11
CLM025183,BILL033646,PAT00304,FAC002,DEP002,ICICI Lombard,2025-02-08,935.9,Denied,Eligibility Issue,2025-02-28,0.0,935.9
CLM025190,BILL033654,PAT06934,FAC005,DEP006,Star Health,2025-01-03,706.75,Pending,Not Applicable,2025-02-02,0.0,706.75
CLM025204,BILL033675,PAT04979,FAC003,DEP007,Care Health,2025-11-07,622.45,Denied,Authorization Missing,2025-11-22,0.0,622.45
CLM025207,BILL033678,PAT07413,FAC003,DEP005,HDFC ERGO,2025-12-07,674.6,Pending,Not Applicable,2026-01-10,0.0,674.6
CLM025235,BILL033714,PAT04130,FAC004,DEP007,ICICI Lombard,2025-10-21,714.47,Pending,Not Applicable,2025-11-08,0.0,714.47
CLM025245,BILL033725,PAT05031,FAC003,DEP008,ICICI Lombard,2025-06-17,1776.9,Under Review,Not Applicable,2025-06-27,0.0,1776.9
CLM025246,BILL033726,PAT07682,FAC001,DEP004,Care Health,2025-10-10,1053.34,Approved,Not Applicable,2025-11-08,1011.07,42.27
CLM025250,BILL033730,PAT02969,FAC003,DEP005,Niva Bupa,2025-05-04,384.28,Paid,Not Applicable,2025-05-17,360.29,23.99
CLM025260,BILL033741,PAT06595,FAC005,DEP001,HDFC ERGO,2025-10-11,1528.23,Paid,Not Applicable,2025-10-30,1499.51,28.72
CLM025262,BILL033747,PAT07920,FAC002,DEP001,Star Health,2025-03-16,849.82,Approved,Not Applicable,2025-04-10,726.1,123.72
CLM025279,BILL033772,PAT00028,FAC005,DEP008,ICICI Lombard,2025-09-14,1438.95,Paid,Not Applicable,2025-10-09,1331.27,107.68
CLM025280,BILL033773,PAT05782,FAC003,DEP003,ICICI Lombard,2025-12-17,618.53,Paid,Not Applicable,2026-01-05,584.83,33.7
CLM025286,BILL033780,PAT06827,FAC001,DEP001,HDFC ERGO,2025-05-17,1012.51,Paid,Not Applicable,2025-06-11,956.79,55.72
CLM025295,BILL033791,PAT09160,FAC001,DEP004,HDFC ERGO,2025-05-05,1825.5,Under Review,Not Applicable,2025-06-02,0.0,1825.5
CLM025297,BILL033795,PAT02026,FAC003,DEP003,Care Health,2025-05-21,712.66,Approved,Not Applicable,2025-06-05,657.2,55.46
CLM025298,BILL033796,PAT02532,FAC004,DEP005,ICICI Lombard,2025-02-18,325.54,Approved,Not Applicable,2025-02-24,294.14,31.4
CLM025299,BILL033797,PAT09297,FAC004,DEP002,ICICI Lombard,2025-03-26,1218.97,Approved,Not Applicable,2025-04-18,1053.6,165.37
CLM025300,BILL033798,PAT08133,FAC002,DEP006,Care Health,2025-07-09,615.99,Denied,Eligibility Issue,2025-07-28,0.0,615.99
CLM025307,BILL033806,PAT07535,FAC005,DEP003,Star Health,2025-07-23,287.1,Approved,Not Applicable,2025-08-16,274.78,12.32
CLM025309,BILL033808,PAT08680,FAC005,DEP003,ICICI Lombard,2025-05-21,693.92,Paid,Not Applicable,2025-06-19,686.74,7.18
CLM025317,BILL033821,PAT04415,FAC003,DEP005,ICICI Lombard,2025-12-15,621.81,Paid,Not Applicable,2026-01-07,573.95,47.86
CLM025323,BILL033829,PAT05196,FAC004,DEP001,Star Health,2025-10-06,926.76,Paid,Not Applicable,2025-10-30,911.89,14.87
CLM025339,BILL033849,PAT02761,FAC001,DEP002,Care Health,2025-12-13,1484.11,Approved,Not Applicable,2025-12-25,1263.0,221.11
CLM025340,BILL033850,PAT03356,FAC002,DEP001,ICICI Lombard,2025-11-21,587.4,Approved,Not Applicable,2025-12-16,508.57,78.83
CLM025357,BILL033870,PAT01706,FAC004,DEP001,ICICI Lombard,2025-03-17,1248.81,Approved,Not Applicable,2025-04-08,1135.87,112.94
CLM025366,BILL033882,PAT04059,FAC003,DEP007,ICICI Lombard,2025-11-03,467.75,Paid,Not Applicable,2025-11-19,440.91,26.84
CLM025370,BILL033887,PAT00312,FAC001,DEP003,ICICI Lombard,2025-04-18,452.79,Under Review,Not Applicable,2025-05-17,0.0,452.79
CLM025372,BILL033890,PAT09779,FAC002,DEP005,Care Health,2025-03-21,665.64,Paid,Not Applicable,2025-04-20,652.88,12.76
CLM025381,BILL033900,PAT07111,FAC001,DEP002,ICICI Lombard,2025-01-12,643.2,Approved,Not Applicable,2025-02-05,638.51,4.69
CLM025399,BILL033924,PAT02405,FAC005,DEP003,ICICI Lombard,2025-04-21,856.38,Approved,Not Applicable,2025-05-01,792.0,64.38
CLM025400,BILL033925,PAT09188,FAC005,DEP006,Care Health,2025-11-17,467.82,Under Review,Not Applicable,2025-12-04,0.0,467.82
CLM025402,BILL033927,PAT02056,FAC001,DEP001,Star Health,2025-04-15,1042.44,Approved,Not Applicable,2025-05-05,953.94,88.5
CLM025417,BILL033948,PAT06215,FAC001,DEP001,Niva Bupa,2025-01-12,1254.76,Under Review,Not Applicable,2025-01-25,0.0,1254.76
CLM025419,BILL033954,PAT00047,FAC005,DEP003,Star Health,2025-11-23,654.67,Paid,Not Applicable,2025-12-09,616.72,37.95
CLM025424,BILL033960,PAT03782,FAC005,DEP007,HDFC ERGO,2025-01-13,704.84,Under Review,Not Applicable,2025-02-06,0.0,704.84
CLM025429,BILL033966,PAT00189,FAC002,DEP006,Care Health,2025-05-08,758.96,Pending,Not Applicable,2025-06-16,0.0,758.96
CLM025433,BILL033971,PAT03657,FAC003,DEP005,Niva Bupa,2025-12-27,332.86,Approved,Not Applicable,2026-01-12,293.66,39.2
CLM025438,BILL033981,PAT05873,FAC005,DEP006,Star Health,2025-05-17,1037.66,Pending,Not Applicable,2025-06-01,0.0,1037.66
CLM025440,BILL033983,PAT09680,FAC005,DEP003,Star Health,2025-01-16,789.92,Pending,Not Applicable,2025-02-08,0.0,789.92
CLM025444,BILL033988,PAT04016,FAC001,DEP004,Star Health,2025-11-26,1121.95,Under Review,Not Applicable,2025-12-15,0.0,1121.95
CLM025448,BILL033993,PAT04879,FAC001,DEP003,ICICI Lombard,2025-07-17,700.79,Approved,Not Applicable,2025-08-01,648.73,52.06
CLM025451,BILL033997,PAT00377,FAC004,DEP002,ICICI Lombard,2025-02-24,648.42,Paid,Not Applicable,2025-03-03,606.78,41.64
CLM025453,BILL033999,PAT04035,FAC002,DEP007,ICICI Lombard,2025-06-02,627.24,Approved,Not Applicable,2025-06-20,601.91,25.33
CLM025455,BILL034001,PAT01955,FAC003,DEP001,HDFC ERGO,2025-03-04,1003.29,Paid,Not Applicable,2025-03-20,988.68,14.61
CLM025456,BILL034003,PAT00104,FAC003,DEP005,Niva Bupa,2025-04-09,736.84,Paid,Not Applicable,2025-04-23,686.21,50.63
CLM025458,BILL034005,PAT09913,FAC003,DEP003,Star Health,2025-07-01,920.37,Approved,Not Applicable,2025-07-14,836.83,83.54
CLM025469,BILL034020,PAT07096,FAC005,DEP006,Care Health,2025-08-22,577.26,Pending,Not Applicable,2025-09-04,0.0,577.26
CLM025472,BILL034023,PAT09932,FAC003,DEP003,Star Health,2025-01-06,581.49,Approved,Not Applicable,2025-01-31,521.57,59.92
CLM025486,BILL034037,PAT07170,FAC003,DEP003,Star Health,2025-03-15,511.96,Under Review,Not Applicable,2025-04-19,0.0,511.96
CLM025492,BILL034045,PAT05921,FAC005,DEP007,Star Health,2025-07-10,534.19,Paid,Not Applicable,2025-07-20,520.76,13.43
CLM025493,BILL034050,PAT06335,FAC004,DEP002,Niva Bupa,2025-02-03,1424.7,Paid,Not Applicable,2025-02-22,1394.97,29.73
CLM025499,BILL034058,PAT00796,FAC005,DEP003,Star Health,2025-06-01,745.39,Pending,Not Applicable,2025-06-15,0.0,745.39
CLM025507,BILL034067,PAT04245,FAC003,DEP007,Star Health,2025-07-06,416.74,Paid,Not Applicable,2025-08-01,388.25,28.49
CLM025509,BILL034070,PAT06336,FAC003,DEP003,ICICI Lombard,2025-09-08,500.0,Paid,Not Applicable,2025-09-29,464.5,35.5
CLM025511,BILL034072,PAT06088,FAC005,DEP001,Star Health,2025-12-15,1808.34,Under Review,Not Applicable,2026-01-10,0.0,1808.34
CLM025512,BILL034073,PAT09782,FAC001,DEP002,Star Health,2025-03-21,626.48,Pending,Not Applicable,2025-04-11,0.0,626.48
CLM025514,BILL034075,PAT06221,FAC004,DEP001,Care Health,2025-07-13,1579.66,Paid,Not Applicable,2025-07-18,1466.36,113.3
CLM025515,BILL034076,PAT09566,FAC001,DEP002,ICICI Lombard,2025-09-26,1174.58,Pending,Not Applicable,2025-10-07,0.0,1174.58
CLM025517,BILL034080,PAT09626,FAC002,DEP006,Star Health,2025-11-10,629.62,Pending,Not Applicable,2025-11-30,0.0,629.62
CLM025521,BILL034086,PAT04338,FAC003,DEP003,Care Health,2025-08-19,577.79,Denied,Missing Documentation,2025-09-01,0.0,577.79
CLM025523,BILL034088,PAT03939,FAC005,DEP005,Star Health,2025-11-11,234.64,Under Review,Not Applicable,2025-11-24,0.0,234.64
CLM025525,BILL034092,PAT08385,FAC002,DEP006,Star Health,2025-06-10,797.42,Approved,Not Applicable,2025-06-24,695.22,102.2
CLM025529,BILL034098,PAT02479,FAC004,DEP006,Star Health,2025-01-25,629.14,Paid,Not Applicable,2025-02-21,627.14,2.0
CLM025532,BILL034101,PAT04591,FAC001,DEP003,HDFC ERGO,2025-09-06,493.21,Approved,Not Applicable,2025-09-27,431.76,61.45
CLM025545,BILL034121,PAT00287,FAC004,DEP007,Care Health,2025-10-15,751.25,Pending,Not Applicable,2025-11-19,0.0,751.25
CLM025548,BILL034124,PAT00451,FAC005,DEP006,Care Health,2025-07-07,951.88,Paid,Not Applicable,2025-07-17,943.81,8.07
CLM025552,BILL034130,PAT09124,FAC005,DEP001,Star Health,2025-12-12,1474.54,Under Review,Not Applicable,2025-12-22,0.0,1474.54
CLM025556,BILL034134,PAT02532,FAC004,DEP006,HDFC ERGO,2025-10-01,408.04,Under Review,Not Applicable,2025-10-29,0.0,408.04
CLM025563,BILL034143,PAT07059,FAC005,DEP003,ICICI Lombard,2025-05-31,596.87,Paid,Not Applicable,2025-06-06,553.59,43.28
CLM025566,BILL034146,PAT09895,FAC003,DEP003,Care Health,2025-04-29,625.23,Under Review,Not Applicable,2025-05-18,0.0,625.23
CLM025571,BILL034151,PAT04686,FAC001,DEP003,ICICI Lombard,2025-02-18,579.38,Paid,Not Applicable,2025-03-04,540.38,39.0
CLM025601,BILL034186,PAT09680,FAC004,DEP002,Care Health,2025-03-08,1322.96,Under Review,Not Applicable,2025-04-12,0.0,1322.96
CLM025602,BILL034188,PAT03071,FAC005,DEP003,Star Health,2025-11-30,460.5,Approved,Not Applicable,2025-12-26,449.59,10.91
CLM025606,BILL034193,PAT00380,FAC001,DEP002,HDFC ERGO,2025-11-20,948.39,Paid,Not Applicable,2025-12-06,896.84,51.55
CLM025608,BILL034196,PAT06046,FAC001,DEP002,ICICI Lombard,2025-12-18,681.15,Under Review,Not Applicable,2026-01-06,0.0,681.15
CLM025622,BILL034215,PAT07895,FAC001,DEP004,Niva Bupa,2025-09-04,1050.94,Under Review,Not Applicable,2025-10-16,0.0,1050.94
CLM025627,BILL034221,PAT04430,FAC004,DEP001,Star Health,2025-03-09,708.88,Denied,Eligibility Issue,2025-03-18,0.0,708.88
CLM025630,BILL034228,PAT08170,FAC003,DEP007,Star Health,2025-05-03,661.51,Approved,Not Applicable,2025-05-24,615.45,46.06
CLM025631,BILL034229,PAT02255,FAC002,DEP005,Care Health,2025-03-20,483.46,Paid,Not Applicable,2025-04-17,445.83,37.63
CLM025641,BILL034241,PAT08994,FAC003,DEP001,Care Health,2025-10-24,973.92,Paid,Not Applicable,2025-11-03,972.12,1.8
CLM025643,BILL034243,PAT04975,FAC002,DEP001,Care Health,2025-07-10,1470.92,Paid,Not Applicable,2025-07-28,1372.54,98.38
CLM025647,BILL034250,PAT05373,FAC001,DEP003,HDFC ERGO,2025-10-28,694.24,Approved,Not Applicable,2025-11-11,594.62,99.62
CLM025655,BILL034260,PAT00904,FAC002,DEP007,HDFC ERGO,2025-10-26,519.87,Pending,Not Applicable,2025-11-25,0.0,519.87
CLM025656,BILL034261,PAT00060,FAC001,DEP001,HDFC ERGO,2025-06-15,1691.06,Paid,Not Applicable,2025-07-05,1561.72,129.34
CLM025663,BILL034271,PAT09560,FAC002,DEP007,HDFC ERGO,2025-06-01,499.32,Denied,Policy Exclusion,2025-06-19,0.0,499.32
CLM025664,BILL034272,PAT09996,FAC003,DEP001,HDFC ERGO,2025-07-29,982.41,Denied,Policy Exclusion,2025-08-06,0.0,982.41
CLM025672,BILL034281,PAT02814,FAC002,DEP002,HDFC ERGO,2025-02-04,1642.2,Paid,Not Applicable,2025-02-17,1606.31,35.89
CLM025676,BILL034286,PAT04035,FAC001,DEP004,ICICI Lombard,2025-09-02,1240.22,Paid,Not Applicable,2025-09-24,1175.43,64.79
CLM025680,BILL034291,PAT08226,FAC004,DEP001,Niva Bupa,2025-07-26,1745.79,Approved,Not Applicable,2025-08-17,1681.6,64.19
CLM025687,BILL034299,PAT04305,FAC002,DEP006,Star Health,2025-11-21,623.14,Approved,Not Applicable,2025-12-11,604.95,18.19
CLM025695,BILL034308,PAT03690,FAC003,DEP001,HDFC ERGO,2025-02-16,1612.65,Paid,Not Applicable,2025-03-12,1548.53,64.12
CLM025702,BILL034316,PAT06934,FAC003,DEP005,Care Health,2025-06-21,418.68,Paid,Not Applicable,2025-07-05,391.46,27.22
CLM025703,BILL034317,PAT04095,FAC002,DEP005,HDFC ERGO,2025-07-25,510.58,Paid,Not Applicable,2025-08-23,490.55,20.03
CLM025714,BILL034339,PAT04016,FAC005,DEP007,Care Health,2025-10-25,825.02,Approved,Not Applicable,2025-10-30,810.98,14.04
CLM025718,BILL034343,PAT09055,FAC001,DEP001,Star Health,2025-06-20,1383.31,Paid,Not Applicable,2025-07-05,1369.41,13.9
CLM025720,BILL034345,PAT04818,FAC004,DEP001,Star Health,2025-03-21,1329.07,Pending,Not Applicable,2025-05-04,0.0,1329.07
CLM025727,BILL034355,PAT01154,FAC005,DEP008,Star Health,2025-11-10,778.79,Paid,Not Applicable,2025-11-25,729.99,48.8
CLM025733,BILL034362,PAT04070,FAC002,DEP005,Niva Bupa,2025-01-29,466.3,Paid,Not Applicable,2025-02-23,462.89,3.41
CLM025735,BILL034365,PAT07059,FAC005,DEP003,HDFC ERGO,2025-09-02,665.18,Approved,Not Applicable,2025-09-12,628.51,36.67
CLM025744,BILL034377,PAT09071,FAC001,DEP003,ICICI Lombard,2025-07-25,708.47,Approved,Not Applicable,2025-08-21,603.98,104.49
CLM025745,BILL034378,PAT00432,FAC005,DEP001,ICICI Lombard,2025-12-22,1336.05,Pending,Not Applicable,2026-01-27,0.0,1336.05
CLM025753,BILL034387,PAT04123,FAC001,DEP008,HDFC ERGO,2025-10-01,1860.28,Approved,Not Applicable,2025-10-20,1747.93,112.35
CLM025758,BILL034392,PAT01184,FAC005,DEP006,HDFC ERGO,2025-06-13,681.2,Denied,Missing Documentation,2025-07-02,0.0,681.2
CLM025762,BILL034396,PAT02022,FAC003,DEP005,ICICI Lombard,2025-12-05,364.05,Paid,Not Applicable,2025-12-14,346.69,17.36
CLM025765,BILL034399,PAT01057,FAC004,DEP006,Star Health,2025-01-15,428.39,Approved,Not Applicable,2025-02-08,378.19,50.2
CLM025767,BILL034402,PAT08736,FAC002,DEP002,Niva Bupa,2025-06-03,1081.68,Pending,Not Applicable,2025-06-28,0.0,1081.68
CLM025771,BILL034408,PAT02944,FAC003,DEP003,Niva Bupa,2025-03-10,541.48,Approved,Not Applicable,2025-04-01,508.9,32.58
CLM025806,BILL034455,PAT07029,FAC001,DEP002,Niva Bupa,2025-07-29,913.75,Paid,Not Applicable,2025-08-24,889.08,24.67
CLM025813,BILL034464,PAT03039,FAC004,DEP007,Niva Bupa,2025-09-29,543.49,Paid,Not Applicable,2025-10-24,538.7,4.79
CLM025825,BILL034477,PAT05951,FAC001,DEP004,Star Health,2025-02-08,851.99,Approved,Not Applicable,2025-03-08,759.65,92.34
CLM025826,BILL034479,PAT01373,FAC001,DEP002,ICICI Lombard,2025-08-10,1199.4,Approved,Not Applicable,2025-08-30,1101.88,97.52
CLM025834,BILL034489,PAT00543,FAC002,DEP001,Star Health,2025-01-05,935.57,Approved,Not Applicable,2025-01-15,922.79,12.78
CLM025840,BILL034496,PAT08427,FAC001,DEP001,Star Health,2025-03-26,1395.29,Approved,Not Applicable,2025-04-18,1368.07,27.22
CLM025848,BILL034505,PAT02022,FAC005,DEP008,HDFC ERGO,2025-12-10,1012.3,Approved,Not Applicable,2025-12-31,875.75,136.55
CLM025868,BILL034536,PAT02348,FAC002,DEP002,Star Health,2025-07-09,767.06,Approved,Not Applicable,2025-07-21,671.49,95.57
CLM025872,BILL034540,PAT06614,FAC005,DEP005,HDFC ERGO,2025-06-28,452.69,Approved,Not Applicable,2025-07-28,440.05,12.64
CLM025873,BILL034541,PAT01115,FAC005,DEP001,HDFC ERGO,2025-07-07,1001.38,Denied,Duplicate Claim,2025-07-15,0.0,1001.38
CLM025875,BILL034543,PAT05051,FAC002,DEP005,Star Health,2025-02-21,615.87,Approved,Not Applicable,2025-03-14,600.42,15.45
CLM025885,BILL034556,PAT03144,FAC002,DEP001,Niva Bupa,2025-09-26,1430.49,Denied,Duplicate Claim,2025-10-17,0.0,1430.49
CLM025888,BILL034559,PAT04408,FAC002,DEP002,ICICI Lombard,2025-12-12,748.1,Approved,Not Applicable,2026-01-07,724.45,23.65
CLM025891,BILL034562,PAT08635,FAC005,DEP007,Niva Bupa,2025-09-05,746.79,Pending,Not Applicable,2025-10-06,0.0,746.79
CLM025896,BILL034567,PAT04345,FAC001,DEP008,Niva Bupa,2025-05-12,915.08,Denied,Duplicate Claim,2025-05-27,0.0,915.08
CLM025900,BILL034572,PAT05596,FAC003,DEP001,Care Health,2025-10-25,1567.98,Pending,Not Applicable,2025-11-22,0.0,1567.98
CLM025906,BILL034580,PAT06114,FAC003,DEP001,HDFC ERGO,2025-03-10,872.17,Approved,Not Applicable,2025-03-21,837.52,34.65
CLM025908,BILL034583,PAT06598,FAC003,DEP005,HDFC ERGO,2025-02-21,526.78,Approved,Not Applicable,2025-03-14,514.35,12.43
CLM025919,BILL034597,PAT04744,FAC003,DEP007,Care Health,2025-09-05,485.97,Pending,Not Applicable,2025-09-17,0.0,485.97
CLM025921,BILL034600,PAT09346,FAC004,DEP007,Niva Bupa,2025-12-30,505.22,Paid,Not Applicable,2026-01-06,485.2,20.02
CLM025924,BILL034603,PAT09553,FAC003,DEP005,Star Health,2025-06-28,547.48,Paid,Not Applicable,2025-07-17,517.07,30.41
CLM025925,BILL034604,PAT04851,FAC003,DEP001,Care Health,2025-11-23,1563.16,Approved,Not Applicable,2025-12-11,1455.98,107.18
CLM025931,BILL034610,PAT02537,FAC001,DEP002,Star Health,2025-07-02,617.81,Pending,Not Applicable,2025-07-17,0.0,617.81
CLM025932,BILL034611,PAT09626,FAC002,DEP002,Niva Bupa,2025-03-24,1021.97,Paid,Not Applicable,2025-04-20,976.2,45.77
CLM025933,BILL034612,PAT09647,FAC001,DEP001,Care Health,2025-11-12,936.96,Approved,Not Applicable,2025-11-18,885.6,51.36
CLM025936,BILL034618,PAT01098,FAC002,DEP002,Star Health,2025-08-30,854.52,Approved,Not Applicable,2025-09-24,790.53,63.99
CLM025943,BILL034628,PAT08994,FAC003,DEP007,HDFC ERGO,2025-11-23,720.62,Under Review,Not Applicable,2025-12-28,0.0,720.62
CLM025947,BILL034634,PAT06408,FAC001,DEP008,ICICI Lombard,2025-07-14,1602.26,Denied,Coding Error,2025-08-03,0.0,1602.26
CLM025948,BILL034636,PAT01179,FAC002,DEP002,Care Health,2025-08-19,994.62,Under Review,Not Applicable,2025-09-12,0.0,994.62
CLM025949,BILL034637,PAT07692,FAC001,DEP002,Care Health,2025-09-18,1105.5,Under Review,Not Applicable,2025-09-28,0.0,1105.5
CLM025951,BILL034640,PAT00903,FAC005,DEP006,Star Health,2025-10-08,564.37,Paid,Not Applicable,2025-10-24,556.96,7.41
CLM025952,BILL034644,PAT07727,FAC004,DEP002,Niva Bupa,2025-11-18,962.68,Paid,Not Applicable,2025-11-27,896.07,66.61
CLM025954,BILL034646,PAT05660,FAC005,DEP006,ICICI Lombard,2025-12-16,818.19,Paid,Not Applicable,2025-12-27,809.87,8.32
CLM025955,BILL034647,PAT02255,FAC004,DEP002,ICICI Lombard,2025-11-14,1071.01,Under Review,Not Applicable,2025-12-14,0.0,1071.01
CLM025957,BILL034650,PAT07959,FAC003,DEP001,Star Health,2025-06-21,937.48,Paid,Not Applicable,2025-07-13,932.48,5.0
CLM025960,BILL034655,PAT04039,FAC004,DEP001,ICICI Lombard,2025-07-20,1510.3,Approved,Not Applicable,2025-08-16,1372.29,138.01
CLM025964,BILL034662,PAT03290,FAC004,DEP002,Niva Bupa,2025-10-20,731.19,Approved,Not Applicable,2025-11-04,685.84,45.35
CLM025968,BILL034667,PAT08991,FAC005,DEP007,Care Health,2025-02-22,633.41,Approved,Not Applicable,2025-03-01,600.29,33.12
CLM025979,BILL034682,PAT04844,FAC003,DEP005,ICICI Lombard,2025-11-29,517.98,Approved,Not Applicable,2025-12-10,489.6,28.38
CLM025988,BILL034696,PAT01086,FAC001,DEP002,Star Health,2025-04-29,758.24,Paid,Not Applicable,2025-05-22,730.16,28.08
CLM025994,BILL034708,PAT06078,FAC003,DEP001,ICICI Lombard,2025-07-22,1083.2,Paid,Not Applicable,2025-08-14,1045.7,37.5
CLM025999,BILL034717,PAT03017,FAC002,DEP007,Niva Bupa,2025-12-17,465.24,Denied,Policy Exclusion,2025-12-22,0.0,465.24
CLM026014,BILL034738,PAT09459,FAC005,DEP001,Care Health,2025-07-30,625.96,Denied,Authorization Missing,2025-08-18,0.0,625.96
CLM026024,BILL034753,PAT04011,FAC005,DEP001,Star Health,2025-04-21,1008.58,Under Review,Not Applicable,2025-05-03,0.0,1008.58
CLM026035,BILL034768,PAT02716,FAC005,DEP006,Star Health,2025-09-07,942.31,Under Review,Not Applicable,2025-10-12,0.0,942.31
CLM026043,BILL034779,PAT04039,FAC001,DEP001,Care Health,2025-07-27,1015.39,Pending,Not Applicable,2025-08-08,0.0,1015.39
CLM026044,BILL034780,PAT09852,FAC005,DEP003,Care Health,2025-05-06,768.11,Paid,Not Applicable,2025-06-04,748.31,19.8
CLM026058,BILL034801,PAT05939,FAC001,DEP002,Star Health,2025-06-15,1143.72,Pending,Not Applicable,2025-07-06,0.0,1143.72
CLM026062,BILL034809,PAT01115,FAC002,DEP002,Star Health,2025-01-22,943.88,Under Review,Not Applicable,2025-02-13,0.0,943.88
CLM026064,BILL034811,PAT00201,FAC001,DEP004,HDFC ERGO,2025-04-17,1125.3,Paid,Not Applicable,2025-04-26,1076.91,48.39
CLM026069,BILL034818,PAT07338,FAC002,DEP001,Star Health,2025-06-03,1275.22,Denied,Eligibility Issue,2025-06-07,0.0,1275.22
CLM026082,BILL034834,PAT08823,FAC002,DEP002,Care Health,2025-02-28,720.73,Paid,Not Applicable,2025-03-25,677.34,43.39
CLM026083,BILL034837,PAT03711,FAC005,DEP007,HDFC ERGO,2025-11-17,620.78,Paid,Not Applicable,2025-12-03,592.99,27.79
CLM026088,BILL034843,PAT07912,FAC002,DEP006,HDFC ERGO,2025-02-25,492.94,Paid,Not Applicable,2025-03-20,483.44,9.5
CLM026090,BILL034846,PAT09244,FAC002,DEP002,Niva Bupa,2025-11-07,1169.78,Paid,Not Applicable,2025-11-19,1120.27,49.51
CLM026091,BILL034847,PAT07884,FAC005,DEP003,Star Health,2025-05-13,503.15,Paid,Not Applicable,2025-06-06,476.31,26.84
CLM026104,BILL034863,PAT09839,FAC005,DEP007,HDFC ERGO,2025-05-06,516.1,Paid,Not Applicable,2025-06-05,478.24,37.86
CLM026113,BILL034874,PAT07999,FAC005,DEP001,ICICI Lombard,2025-06-10,1224.27,Pending,Not Applicable,2025-07-04,0.0,1224.27
CLM026114,BILL034879,PAT09566,FAC003,DEP007,Niva Bupa,2025-04-25,842.48,Approved,Not Applicable,2025-05-18,840.46,2.02
CLM026123,BILL034890,PAT04193,FAC005,DEP006,Niva Bupa,2025-04-16,309.02,Denied,Missing Documentation,2025-05-04,0.0,309.02
CLM026124,BILL034891,PAT06046,FAC004,DEP004,Care Health,2025-07-13,1281.86,Approved,Not Applicable,2025-07-29,1192.9,88.96
CLM026132,BILL034902,PAT00388,FAC004,DEP007,ICICI Lombard,2025-12-27,539.47,Paid,Not Applicable,2026-01-16,519.05,20.42
CLM026134,BILL034905,PAT02969,FAC002,DEP002,HDFC ERGO,2025-01-25,848.83,Under Review,Not Applicable,2025-03-04,0.0,848.83
CLM026135,BILL034906,PAT09297,FAC005,DEP003,Star Health,2025-07-22,455.69,Under Review,Not Applicable,2025-08-17,0.0,455.69
CLM026138,BILL034909,PAT03959,FAC004,DEP004,HDFC ERGO,2025-05-20,1217.81,Paid,Not Applicable,2025-06-05,1131.35,86.46
CLM026140,BILL034911,PAT03284,FAC005,DEP001,ICICI Lombard,2025-02-10,1782.9,Under Review,Not Applicable,2025-03-06,0.0,1782.9
CLM026148,BILL034919,PAT08028,FAC004,DEP005,Star Health,2025-09-09,605.23,Paid,Not Applicable,2025-09-27,556.92,48.31
CLM026160,BILL034936,PAT09842,FAC001,DEP001,Care Health,2025-04-21,1018.12,Approved,Not Applicable,2025-04-28,944.59,73.53
CLM026161,BILL034937,PAT00248,FAC004,DEP001,HDFC ERGO,2025-12-31,1168.41,Under Review,Not Applicable,2026-01-12,0.0,1168.41
CLM026166,BILL034944,PAT02817,FAC005,DEP001,Star Health,2025-07-27,722.9,Under Review,Not Applicable,2025-09-08,0.0,722.9
CLM026170,BILL034948,PAT05401,FAC001,DEP004,Star Health,2025-05-31,1121.66,Approved,Not Applicable,2025-06-07,987.61,134.05
CLM026172,BILL034950,PAT00980,FAC005,DEP006,Care Health,2025-11-07,559.47,Paid,Not Applicable,2025-11-13,555.19,4.28
CLM026177,BILL034958,PAT00395,FAC001,DEP008,Star Health,2025-04-21,1848.79,Paid,Not Applicable,2025-04-29,1827.62,21.17
CLM026179,BILL034960,PAT09390,FAC001,DEP004,ICICI Lombard,2025-08-14,1327.17,Approved,Not Applicable,2025-08-28,1217.51,109.66
CLM026194,BILL034980,PAT08911,FAC004,DEP007,Niva Bupa,2025-02-09,912.72,Approved,Not Applicable,2025-02-21,838.73,73.99
CLM026199,BILL034986,PAT07773,FAC002,DEP005,ICICI Lombard,2025-08-02,760.54,Approved,Not Applicable,2025-08-27,681.96,78.58
CLM026203,BILL034990,PAT06006,FAC005,DEP003,Care Health,2025-07-17,447.88,Approved,Not Applicable,2025-07-23,426.65,21.23
CLM026206,BILL034994,PAT03753,FAC002,DEP002,Care Health,2025-03-15,1360.37,Paid,Not Applicable,2025-04-09,1261.57,98.8
CLM026207,BILL034995,PAT03602,FAC001,DEP003,ICICI Lombard,2025-04-01,682.6,Under Review,Not Applicable,2025-04-19,0.0,682.6
CLM026210,BILL034998,PAT08642,FAC005,DEP006,Star Health,2025-09-10,733.42,Paid,Not Applicable,2025-09-30,731.24,2.18
CLM026225,BILL035018,PAT08901,FAC001,DEP005,HDFC ERGO,2025-06-09,514.11,Denied,Duplicate Claim,2025-06-21,0.0,514.11
CLM026229,BILL035024,PAT09535,FAC004,DEP002,Niva Bupa,2025-06-04,816.24,Approved,Not Applicable,2025-06-30,746.85,69.39
CLM026233,BILL035030,PAT06339,FAC003,DEP005,ICICI Lombard,2025-10-10,587.3,Pending,Not Applicable,2025-10-27,0.0,587.3
CLM026253,BILL035053,PAT07454,FAC004,DEP001,Star Health,2025-06-27,862.81,Under Review,Not Applicable,2025-08-03,0.0,862.81
CLM026254,BILL035054,PAT03071,FAC002,DEP005,Niva Bupa,2025-07-15,280.52,Approved,Not Applicable,2025-08-12,268.64,11.88
CLM026267,BILL035075,PAT02993,FAC002,DEP002,Care Health,2025-02-20,977.94,Pending,Not Applicable,2025-04-02,0.0,977.94
CLM026275,BILL035088,PAT00411,FAC001,DEP008,ICICI Lombard,2025-05-18,1376.15,Pending,Not Applicable,2025-06-16,0.0,1376.15
CLM026278,BILL035091,PAT06001,FAC005,DEP007,Niva Bupa,2025-10-02,448.42,Pending,Not Applicable,2025-10-26,0.0,448.42
CLM026282,BILL035095,PAT04070,FAC005,DEP003,Star Health,2025-10-12,557.02,Denied,Coding Error,2025-10-18,0.0,557.02
CLM026283,BILL035097,PAT08028,FAC004,DEP002,HDFC ERGO,2025-12-17,829.21,Approved,Not Applicable,2025-12-24,751.95,77.26
CLM026287,BILL035101,PAT05235,FAC002,DEP002,Niva Bupa,2025-03-12,1079.91,Pending,Not Applicable,2025-03-27,0.0,1079.91
CLM026294,BILL035111,PAT06073,FAC002,DEP005,ICICI Lombard,2025-08-20,641.18,Approved,Not Applicable,2025-08-28,625.51,15.67
CLM026297,BILL035114,PAT06714,FAC002,DEP001,HDFC ERGO,2025-03-01,1056.52,Approved,Not Applicable,2025-03-29,1037.88,18.64
CLM026299,BILL035116,PAT00316,FAC003,DEP001,ICICI Lombard,2025-12-17,1193.63,Paid,Not Applicable,2026-01-15,1181.53,12.1
CLM026300,BILL035117,PAT09190,FAC003,DEP003,HDFC ERGO,2025-06-04,578.58,Paid,Not Applicable,2025-07-04,565.64,12.94
CLM026301,BILL035118,PAT05894,FAC001,DEP008,HDFC ERGO,2025-03-16,937.42,Under Review,Not Applicable,2025-04-24,0.0,937.42
CLM026308,BILL035128,PAT03121,FAC002,DEP001,Niva Bupa,2025-01-23,1263.82,Approved,Not Applicable,2025-02-12,1091.48,172.34
CLM026311,BILL035131,PAT07306,FAC002,DEP001,ICICI Lombard,2025-08-05,1282.93,Pending,Not Applicable,2025-08-29,0.0,1282.93
CLM026316,BILL035136,PAT01625,FAC003,DEP005,HDFC ERGO,2025-08-08,619.35,Paid,Not Applicable,2025-08-15,611.37,7.98
CLM026318,BILL035140,PAT06799,FAC004,DEP002,Care Health,2025-07-28,395.88,Approved,Not Applicable,2025-08-08,363.59,32.29
CLM026320,BILL035142,PAT06919,FAC001,DEP004,ICICI Lombard,2025-04-18,678.01,Approved,Not Applicable,2025-05-09,579.56,98.45
CLM026327,BILL035150,PAT08355,FAC001,DEP001,Care Health,2025-08-05,1317.86,Under Review,Not Applicable,2025-08-30,0.0,1317.86
CLM026333,BILL044025,PAT11101,FAC004,DEP005,Star Health,2021-11-13,420.6,Approved,Not Applicable,2021-11-25,391.97,28.63
CLM026334,BILL038644,PAT02975,FAC005,DEP003,ICICI Lombard,2026-02-13,371.82,Pending,Not Applicable,2026-02-28,20.65,351.17
CLM026336,BILL036188,PAT08050,FAC001,DEP004,HDFC ERGO,2026-12-14,1194.46,Paid,Not Applicable,2026-12-24,1077.43,117.03
CLM026339,BILL035158,PAT01905,FAC005,DEP001,Star Health,2024-08-04,1391.68,Paid,Not Applicable,2024-08-13,1266.04,125.64
CLM026348,BILL039673,PAT14594,FAC005,DEP007,HDFC ERGO,2023-05-26,589.86,Pending,Not Applicable,2023-06-23,36.33,553.53
CLM026357,BILL038628,PAT02118,FAC004,DEP005,Niva Bupa,2026-07-26,489.23,Paid,Not Applicable,2026-08-11,432.77,56.46
CLM026358,BILL039579,PAT14888,FAC003,DEP007,Star Health,2022-06-28,678.28,Pending,Not Applicable,2022-07-14,92.21,586.07
CLM026359,BILL042896,PAT04191,FAC005,DEP006,HDFC ERGO,2021-07-16,914.82,Under Review,Not Applicable,2021-07-22,389.42,525.4
CLM026360,BILL043810,PAT01924,FAC003,DEP008,ICICI Lombard,2023-12-12,1700.76,Pending,Not Applicable,2024-01-11,197.64,1503.12
CLM026369,BILL044220,PAT09595,FAC005,DEP001,Care Health,2026-04-04,1236.53,Approved,Not Applicable,2026-05-10,1137.96,98.57
CLM026372,BILL039527,PAT01414,FAC002,DEP005,ICICI Lombard,2023-06-26,398.5,Pending,Not Applicable,2023-07-06,6.84,391.66
CLM026373,BILL044085,PAT02334,FAC005,DEP006,Star Health,2025-11-28,972.26,Denied,Authorization Missing,2025-12-12,0.0,972.26
CLM026374,BILL036000,PAT10550,FAC001,DEP001,HDFC ERGO,2022-03-24,890.43,Pending,Not Applicable,2022-04-12,105.69,784.74
CLM026378,BILL035979,PAT08582,FAC002,DEP005,Niva Bupa,2025-06-28,373.79,Paid,Not Applicable,2025-07-13,368.95,4.84
CLM026381,BILL040040,PAT04270,FAC005,DEP008,Care Health,2023-01-17,2104.0,Paid,Not Applicable,2023-02-19,2075.78,28.22
CLM026384,BILL040741,PAT05533,FAC005,DEP006,Care Health,2021-06-21,833.76,Denied,Duplicate Claim,2021-06-28,0.0,833.76
CLM026390,BILL043073,PAT09902,FAC003,DEP008,Star Health,2022-04-29,1738.99,Under Review,Not Applicable,2022-05-08,65.51,1673.48
CLM026414,BILL037082,PAT14571,FAC005,DEP008,Care Health,2022-02-12,1401.3,Paid,Not Applicable,2022-03-12,1369.26,32.04
CLM026418,BILL038805,PAT12829,FAC003,DEP001,HDFC ERGO,2022-04-04,1368.71,Approved,Not Applicable,2022-04-28,1366.85,1.86
CLM026422,BILL044887,PAT13049,FAC003,DEP005,HDFC ERGO,2023-12-21,429.37,Paid,Not Applicable,2024-01-18,402.3,27.07
CLM026429,BILL039707,PAT08881,FAC004,DEP005,ICICI Lombard,2021-08-21,434.87,Approved,Not Applicable,2021-09-04,420.06,14.81
CLM026430,BILL038670,PAT02499,FAC003,DEP008,Niva Bupa,2025-03-31,1845.14,Paid,Not Applicable,2025-05-02,1808.29,36.85
CLM026431,BILL044172,PAT11445,FAC005,DEP001,Star Health,2026-02-26,1093.01,Approved,Not Applicable,2026-03-12,935.4,157.61
CLM026436,BILL037913,PAT10632,FAC001,DEP002,HDFC ERGO,2025-03-19,1417.56,Approved,Not Applicable,2025-03-30,1279.63,137.93
CLM026447,BILL039748,PAT02158,FAC001,DEP001,ICICI Lombard,2025-06-27,1338.72,Pending,Not Applicable,2025-07-17,210.35,1128.37
CLM026455,BILL040593,PAT13144,FAC002,DEP007,HDFC ERGO,2025-06-09,368.34,Paid,Not Applicable,2025-07-14,353.31,15.03
CLM026457,BILL037524,PAT03276,FAC002,DEP007,HDFC ERGO,2023-11-30,467.38,Approved,Not Applicable,2024-01-04,414.61,52.77
CLM026461,BILL042006,PAT07108,FAC002,DEP005,Star Health,2024-09-13,381.32,Denied,Policy Exclusion,2024-09-29,0.0,381.32
CLM026464,BILL042375,PAT09965,FAC003,DEP005,ICICI Lombard,2025-04-24,496.82,Paid,Not Applicable,2025-05-23,485.2,11.62
CLM026478,BILL044955,PAT13834,FAC002,DEP005,ICICI Lombard,2025-11-27,358.09,Pending,Not Applicable,2025-12-26,91.52,266.57
CLM026479,BILL038006,PAT07631,FAC003,DEP003,ICICI Lombard,2023-07-30,763.16,Approved,Not Applicable,2023-08-10,739.82,23.34
CLM026481,BILL044234,PAT09056,FAC004,DEP002,HDFC ERGO,2023-12-18,1226.44,Paid,Not Applicable,2023-12-25,1190.63,35.81
CLM026488,BILL036608,PAT09149,FAC002,DEP002,Niva Bupa,2026-04-22,1093.23,Under Review,Not Applicable,2026-05-12,138.96,954.27
CLM026490,BILL044544,PAT02901,FAC002,DEP005,Care Health,2025-02-28,533.32,Paid,Not Applicable,2025-04-13,508.51,24.81
CLM026496,BILL036396,PAT11276,FAC004,DEP006,Care Health,2026-11-05,857.02,Denied,Duplicate Claim,2026-11-11,0.0,857.02
CLM026507,BILL040383,PAT06585,FAC003,DEP003,Niva Bupa,2021-02-26,469.82,Pending,Not Applicable,2021-03-26,57.61,412.21
CLM026513,BILL037573,PAT13989,FAC005,DEP007,Niva Bupa,2024-05-14,579.73,Paid,Not Applicable,2024-05-25,518.33,61.4
CLM026515,BILL042206,PAT02875,FAC004,DEP002,Care Health,2026-07-21,673.81,Paid,Not Applicable,2026-08-01,602.96,70.85
CLM026531,BILL042398,PAT10156,FAC002,DEP005,Niva Bupa,2022-12-18,527.66,Paid,Not Applicable,2023-01-04,491.27,36.39
CLM026536,BILL040938,PAT13445,FAC004,DEP007,Star Health,2025-12-26,720.86,Pending,Not Applicable,2026-01-01,23.5,697.36
CLM026544,BILL035875,PAT11879,FAC002,DEP002,ICICI Lombard,2024-01-08,1033.06,Under Review,Not Applicable,2024-01-23,347.44,685.62
CLM026548,BILL035440,PAT07111,FAC004,DEP001,ICICI Lombard,2024-10-05,1286.31,Paid,Not Applicable,2024-11-02,1281.75,4.56
CLM026551,BILL044048,PAT14189,FAC004,DEP004,HDFC ERGO,2025-12-14,1534.71,Under Review,Not Applicable,2026-01-10,57.22,1477.49
CLM026552,BILL044635,PAT14748,FAC004,DEP001,Star Health,2026-04-01,2007.51,Approved,Not Applicable,2026-04-20,1739.26,268.25
CLM026560,BILL038681,PAT01218,FAC005,DEP007,HDFC ERGO,2022-11-02,764.9,Denied,Eligibility Issue,2022-12-02,0.0,764.9
CLM026570,BILL035553,PAT13145,FAC001,DEP001,Niva Bupa,2023-06-09,1024.02,Paid,Not Applicable,2023-06-24,922.92,101.1
CLM026571,BILL037776,PAT10784,FAC004,DEP007,Niva Bupa,2025-02-11,456.95,Approved,Not Applicable,2025-02-25,409.02,47.93
CLM026575,BILL039956,PAT10932,FAC005,DEP008,Care Health,2026-07-14,1442.89,Pending,Not Applicable,2026-08-04,257.04,1185.85
CLM026576,BILL044312,PAT09056,FAC001,DEP002,Care Health,2021-07-16,596.04,Paid,Not Applicable,2021-08-16,584.99,11.05
CLM026577,BILL035810,PAT06282,FAC001,DEP001,Care Health,2026-12-20,1244.4,Under Review,Not Applicable,2027-01-18,145.77,1098.63
CLM026580,BILL039708,PAT12288,FAC002,DEP006,HDFC ERGO,2024-11-22,794.46,Paid,Not Applicable,2024-12-21,710.24,84.22
CLM026582,BILL043371,PAT07400,FAC001,DEP005,Star Health,2022-11-25,391.88,Pending,Not Applicable,2023-01-08,116.24,275.64
CLM026588,BILL041398,PAT10521,FAC002,DEP007,Star Health,2022-04-26,680.62,Paid,Not Applicable,2022-05-10,631.26,49.36
CLM026592,BILL044237,PAT09482,FAC002,DEP002,ICICI Lombard,2026-02-09,655.9,Pending,Not Applicable,2026-03-01,113.75,542.15
CLM026609,BILL043383,PAT04982,FAC005,DEP001,Care Health,2022-01-02,1730.07,Under Review,Not Applicable,2022-01-17,364.33,1365.74
CLM026611,BILL040022,PAT07337,FAC005,DEP006,HDFC ERGO,2024-03-13,831.62,Approved,Not Applicable,2024-04-11,760.36,71.26
CLM026612,BILL044514,PAT05643,FAC003,DEP001,Care Health,2026-07-11,1343.8,Denied,Authorization Missing,2026-08-19,0.0,1343.8
CLM026616,BILL043031,PAT05909,FAC002,DEP005,ICICI Lombard,2024-07-28,299.61,Under Review,Not Applicable,2024-08-27,104.66,194.95
CLM026618,BILL040054,PAT03612,FAC003,DEP001,Star Health,2026-08-29,1090.09,Paid,Not Applicable,2026-09-22,1088.89,1.2
CLM026621,BILL043168,PAT01003,FAC003,DEP001,Star Health,2025-05-09,1365.33,Denied,Missing Documentation,2025-05-23,0.0,1365.33
CLM026626,BILL043888,PAT05763,FAC005,DEP006,Niva Bupa,2026-03-25,941.37,Paid,Not Applicable,2026-04-18,919.36,22.01
CLM026629,BILL035729,PAT08109,FAC001,DEP004,Star Health,2026-11-10,1379.99,Paid,Not Applicable,2026-11-15,1203.76,176.23
CLM026643,BILL036622,PAT13672,FAC001,DEP002,Star Health,2022-09-20,1031.77,Pending,Not Applicable,2022-10-23,76.94,954.83
CLM026646,BILL036941,PAT06182,FAC003,DEP008,Star Health,2021-01-07,1562.24,Paid,Not Applicable,2021-01-14,1422.81,139.43
CLM026661,BILL043539,PAT02003,FAC002,DEP005,Care Health,2025-11-13,513.54,Denied,Missing Documentation,2025-11-24,0.0,513.54
CLM026665,BILL037185,PAT09842,FAC003,DEP003,Care Health,2024-05-20,681.97,Pending,Not Applicable,2024-06-15,56.68,625.29
CLM026669,BILL043713,PAT05422,FAC002,DEP007,Care Health,2023-03-11,582.95,Approved,Not Applicable,2023-04-07,580.91,2.04
CLM026671,BILL040933,PAT05583,FAC002,DEP006,Star Health,2026-12-12,771.18,Denied,Policy Exclusion,2026-12-25,0.0,771.18
CLM026677,BILL038044,PAT11779,FAC005,DEP001,Care Health,2026-07-10,1128.06,Approved,Not Applicable,2026-07-15,1074.37,53.69
CLM026681,BILL044008,PAT07835,FAC003,DEP008,ICICI Lombard,2021-12-15,1238.6,Under Review,Not Applicable,2022-01-01,302.5,936.1
CLM026689,BILL041463,PAT14835,FAC002,DEP005,Niva Bupa,2023-06-19,542.17,Under Review,Not Applicable,2023-07-18,210.17,332.0
CLM026694,BILL042823,PAT14741,FAC003,DEP005,HDFC ERGO,2023-04-26,411.19,Paid,Not Applicable,2023-06-02,370.2,40.99
CLM026705,BILL041114,PAT04562,FAC004,DEP005,Care Health,2023-10-24,349.19,Denied,Missing Documentation,2023-11-04,0.0,349.19
CLM026719,BILL044469,PAT10060,FAC005,DEP006,Niva Bupa,2022-02-01,651.78,Under Review,Not Applicable,2022-02-07,88.19,563.59
CLM026720,BILL040200,PAT13644,FAC003,DEP003,HDFC ERGO,2025-09-12,425.84,Paid,Not Applicable,2025-10-15,379.12,46.72
CLM026725,BILL044489,PAT02992,FAC003,DEP003,Star Health,2024-03-15,685.94,Approved,Not Applicable,2024-04-09,616.63,69.31
CLM026726,BILL036083,PAT10219,FAC003,DEP005,HDFC ERGO,2021-05-28,341.14,Under Review,Not Applicable,2021-06-06,168.19,172.95
CLM026727,BILL040674,PAT03887,FAC002,DEP005,Care Health,2025-08-26,464.62,Denied,Policy Exclusion,2025-09-10,0.0,464.62
CLM026741,BILL041815,PAT14460,FAC005,DEP008,ICICI Lombard,2025-07-20,1140.8,Paid,Not Applicable,2025-08-02,1121.31,19.49
CLM026742,BILL038987,PAT05293,FAC005,DEP003,HDFC ERGO,2025-04-08,679.6,Approved,Not Applicable,2025-04-30,610.55,69.05
CLM026743,BILL040409,PAT05658,FAC003,DEP005,Care Health,2022-05-13,581.54,Pending,Not Applicable,2022-05-24,41.16,540.38
CLM026744,BILL041362,PAT04245,FAC005,DEP008,HDFC ERGO,2026-12-24,1584.37,Under Review,Not Applicable,2027-01-14,748.51,835.86
CLM026745,BILL035279,PAT08296,FAC001,DEP001,Care Health,2022-03-30,772.38,Approved,Not Applicable,2022-04-07,709.32,63.06
CLM026749,BILL042698,PAT11324,FAC004,DEP002,Care Health,2022-08-09,717.92,Approved,Not Applicable,2022-09-20,622.58,95.34
CLM026751,BILL042460,PAT00764,FAC003,DEP005,HDFC ERGO,2024-11-16,467.51,Under Review,Not Applicable,2024-11-30,193.58,273.93
CLM026775,BILL041529,PAT08992,FAC003,DEP003,HDFC ERGO,2023-06-18,353.49,Approved,Not Applicable,2023-07-06,346.18,7.31
CLM026777,BILL035576,PAT00466,FAC002,DEP002,ICICI Lombard,2023-05-06,1062.3,Denied,Missing Documentation,2023-06-03,0.0,1062.3
CLM026783,BILL038113,PAT05427,FAC001,DEP002,HDFC ERGO,2024-03-08,733.57,Paid,Not Applicable,2024-03-13,637.82,95.75
CLM026799,BILL042264,PAT13835,FAC001,DEP005,Star Health,2024-12-29,295.87,Paid,Not Applicable,2025-01-27,280.21,15.66
CLM026804,BILL036354,PAT06344,FAC002,DEP007,ICICI Lombard,2026-07-02,726.54,Pending,Not Applicable,2026-07-18,126.4,600.14
CLM026811,BILL041995,PAT04230,FAC004,DEP002,HDFC ERGO,2026-10-12,668.68,Pending,Not Applicable,2026-10-23,154.25,514.43
CLM026812,BILL037939,PAT09738,FAC001,DEP002,ICICI Lombard,2025-08-26,1332.83,Denied,Duplicate Claim,2025-09-10,0.0,1332.83
CLM026819,BILL040881,PAT12211,FAC004,DEP001,ICICI Lombard,2023-08-05,1028.68,Under Review,Not Applicable,2023-08-13,131.24,897.44
CLM026828,BILL035835,PAT06114,FAC003,DEP003,Star Health,2024-07-01,732.38,Denied,Coding Error,2024-07-31,0.0,732.38
CLM026831,BILL039375,PAT01656,FAC001,DEP001,HDFC ERGO,2024-05-07,1656.19,Approved,Not Applicable,2024-05-26,1625.39,30.8
CLM026832,BILL039997,PAT06927,FAC001,DEP001,Care Health,2024-10-25,662.6,Paid,Not Applicable,2024-11-04,656.06,6.54
CLM026834,BILL042095,PAT14439,FAC002,DEP002,Star Health,2022-02-10,1385.16,Paid,Not Applicable,2022-03-05,1179.7,205.46
CLM026839,BILL043751,PAT02311,FAC005,DEP008,Star Health,2025-10-22,1218.71,Denied,Missing Documentation,2025-11-04,0.0,1218.71
CLM026857,BILL040379,PAT14172,FAC002,DEP001,Star Health,2022-01-14,1404.94,Under Review,Not Applicable,2022-02-06,486.97,917.97
CLM026861,BILL041282,PAT02020,FAC003,DEP005,Niva Bupa,2023-04-26,449.84,Paid,Not Applicable,2023-05-23,390.17,59.67
CLM026864,BILL044777,PAT02232,FAC004,DEP007,ICICI Lombard,2026-06-13,685.45,Paid,Not Applicable,2026-07-12,601.38,84.07
CLM026869,BILL043667,PAT04851,FAC001,DEP001,Star Health,2026-03-10,1281.35,Paid,Not Applicable,2026-03-27,1164.07,117.28
CLM026881,BILL036148,PAT02630,FAC004,DEP006,HDFC ERGO,2022-04-08,861.38,Paid,Not Applicable,2022-04-19,826.09,35.29
CLM026885,BILL040327,PAT00432,FAC002,DEP005,HDFC ERGO,2024-09-30,708.31,Paid,Not Applicable,2024-10-11,644.57,63.74
CLM026892,BILL041064,PAT12379,FAC004,DEP001,Care Health,2026-08-06,1081.38,Approved,Not Applicable,2026-08-20,978.85,102.53
CLM026898,BILL042302,PAT14985,FAC003,DEP003,ICICI Lombard,2025-06-28,467.1,Pending,Not Applicable,2025-07-06,66.68,400.42
CLM026908,BILL038184,PAT11325,FAC001,DEP002,ICICI Lombard,2025-10-01,1138.61,Approved,Not Applicable,2025-10-15,1107.39,31.22
CLM026914,BILL044173,PAT03509,FAC001,DEP002,Niva Bupa,2024-03-18,1128.81,Approved,Not Applicable,2024-04-17,1062.51,66.3
CLM026918,BILL041054,PAT09956,FAC001,DEP002,ICICI Lombard,2023-12-19,632.83,Approved,Not Applicable,2023-12-29,590.79,42.04
CLM026926,BILL042456,PAT14681,FAC005,DEP001,Care Health,2023-02-27,1211.13,Under Review,Not Applicable,2023-03-12,422.97,788.16
CLM026939,BILL039054,PAT13442,FAC003,DEP003,Star Health,2025-06-01,542.63,Pending,Not Applicable,2025-07-01,9.43,533.2
CLM026940,BILL043943,PAT03324,FAC003,DEP005,Star Health,2024-12-24,482.38,Approved,Not Applicable,2025-01-27,457.55,24.83
CLM026944,BILL039758,PAT02479,FAC005,DEP007,HDFC ERGO,2026-01-25,381.6,Paid,Not Applicable,2026-02-01,359.06,22.54
CLM026946,BILL043797,PAT11621,FAC002,DEP001,ICICI Lombard,2022-06-06,928.2,Paid,Not Applicable,2022-06-20,791.59,136.61
CLM026949,BILL042879,PAT06581,FAC004,DEP002,ICICI Lombard,2025-01-12,1422.54,Paid,Not Applicable,2025-01-29,1358.52,64.02
CLM026958,BILL043699,PAT08066,FAC005,DEP003,Niva Bupa,2025-11-28,589.46,Paid,Not Applicable,2025-12-08,555.85,33.61
CLM026960,BILL044456,PAT00399,FAC004,DEP006,ICICI Lombard,2021-12-28,812.51,Denied,Eligibility Issue,2022-01-29,0.0,812.51
CLM026961,BILL036062,PAT11497,FAC001,DEP002,Star Health,2025-04-03,1138.55,Paid,Not Applicable,2025-04-08,1065.19,73.36
CLM026962,BILL035523,PAT11401,FAC002,DEP005,Star Health,2024-12-17,401.29,Paid,Not Applicable,2024-12-22,363.47,37.82
CLM026965,BILL036296,PAT13994,FAC001,DEP001,ICICI Lombard,2024-09-06,1397.07,Paid,Not Applicable,2024-10-06,1393.62,3.45
CLM026969,BILL043352,PAT08325,FAC002,DEP002,Care Health,2022-05-08,1376.28,Denied,Duplicate Claim,2022-05-20,0.0,1376.28
CLM026976,BILL039036,PAT11806,FAC004,DEP005,Niva Bupa,2022-02-04,303.14,Pending,Not Applicable,2022-03-19,85.48,217.66
CLM026993,BILL044106,PAT01311,FAC002,DEP006,ICICI Lombard,2023-08-01,615.78,Under Review,Not Applicable,2023-08-18,70.48,545.3
CLM026994,BILL035911,PAT00451,FAC003,DEP008,ICICI Lombard,2024-06-16,1719.32,Paid,Not Applicable,2024-07-12,1603.49,115.83
CLM027001,BILL037826,PAT00512,FAC004,DEP007,HDFC ERGO,2023-09-06,734.72,Paid,Not Applicable,2023-09-29,637.8,96.92
CLM027002,BILL037212,PAT03308,FAC003,DEP001,ICICI Lombard,2026-01-22,1882.93,Paid,Not Applicable,2026-02-10,1762.24,120.69
CLM027006,BILL040158,PAT07653,FAC001,DEP001,ICICI Lombard,2024-11-08,1659.54,Denied,Missing Documentation,2024-11-19,0.0,1659.54
CLM027008,BILL036405,PAT08939,FAC005,DEP006,Care Health,2026-01-22,989.47,Under Review,Not Applicable,2026-01-30,458.82,530.65
CLM027009,BILL037025,PAT02520,FAC002,DEP007,Niva Bupa,2026-04-10,888.3,Approved,Not Applicable,2026-04-21,887.23,1.07
CLM027015,BILL040589,PAT04591,FAC003,DEP001,HDFC ERGO,2025-09-12,1606.38,Pending,Not Applicable,2025-10-08,203.32,1403.06
CLM027021,BILL038201,PAT04171,FAC002,DEP005,Niva Bupa,2021-02-19,551.88,Paid,Not Applicable,2021-03-12,538.59,13.29
CLM027022,BILL043769,PAT03821,FAC005,DEP006,Care Health,2024-07-19,651.8,Paid,Not Applicable,2024-08-18,554.77,97.03
CLM027028,BILL039799,PAT14746,FAC005,DEP001,ICICI Lombard,2024-10-21,1009.11,Approved,Not Applicable,2024-11-10,881.99,127.12
CLM027034,BILL036213,PAT13409,FAC001,DEP001,Care Health,2026-01-25,1303.24,Approved,Not Applicable,2026-01-31,1123.61,179.63
CLM027039,BILL044339,PAT11994,FAC005,DEP006,Care Health,2025-02-25,879.21,Denied,Eligibility Issue,2025-03-13,0.0,879.21
CLM027045,BILL042358,PAT08511,FAC001,DEP001,HDFC ERGO,2024-08-29,1030.21,Pending,Not Applicable,2024-09-19,13.04,1017.17
CLM027046,BILL041233,PAT10684,FAC001,DEP002,Star Health,2025-08-14,557.72,Denied,Policy Exclusion,2025-08-20,0.0,557.72
CLM027063,BILL043078,PAT01248,FAC003,DEP001,Star Health,2026-02-07,1370.89,Paid,Not Applicable,2026-02-20,1344.16,26.73
CLM027065,BILL041454,PAT05130,FAC002,DEP002,Star Health,2024-01-07,1084.01,Denied,Eligibility Issue,2024-02-10,0.0,1084.01
CLM027075,BILL044331,PAT00863,FAC003,DEP001,ICICI Lombard,2024-11-05,1330.27,Approved,Not Applicable,2024-11-19,1237.97,92.3
CLM027077,BILL037849,PAT08727,FAC003,DEP005,Care Health,2022-08-31,311.22,Pending,Not Applicable,2022-09-12,71.97,239.25
CLM027084,BILL037989,PAT08188,FAC003,DEP008,Niva Bupa,2025-10-23,1537.31,Approved,Not Applicable,2025-11-02,1483.75,53.56
CLM027085,BILL044345,PAT12226,FAC003,DEP005,Star Health,2022-09-29,488.38,Paid,Not Applicable,2022-10-07,421.59,66.79
CLM027086,BILL038070,PAT05340,FAC001,DEP004,Star Health,2025-12-18,886.62,Approved,Not Applicable,2026-01-02,848.39,38.23
CLM027098,BILL037083,PAT00968,FAC002,DEP001,Star Health,2023-04-28,1500.38,Paid,Not Applicable,2023-05-19,1445.6,54.78
CLM027100,BILL040209,PAT14942,FAC004,DEP001,Care Health,2025-12-04,1331.02,Under Review,Not Applicable,2025-12-14,373.3,957.72
CLM027108,BILL041116,PAT07223,FAC001,DEP001,Care Health,2026-08-09,774.76,Under Review,Not Applicable,2026-08-16,25.19,749.57
CLM027110,BILL036704,PAT01706,FAC003,DEP008,Star Health,2025-04-22,1926.68,Pending,Not Applicable,2025-05-04,421.8,1504.88
CLM027111,BILL043201,PAT02271,FAC005,DEP008,Care Health,2024-04-04,1862.65,Pending,Not Applicable,2024-04-28,484.07,1378.58
CLM027133,BILL037915,PAT09895,FAC001,DEP001,Care Health,2022-03-16,1043.0,Paid,Not Applicable,2022-03-22,939.91,103.09
CLM027139,BILL040175,PAT14682,FAC003,DEP001,Star Health,2023-12-06,1394.44,Pending,Not Applicable,2024-01-05,399.32,995.12
CLM027140,BILL038450,PAT12715,FAC005,DEP006,HDFC ERGO,2023-02-02,662.63,Approved,Not Applicable,2023-02-17,574.61,88.02
CLM027141,BILL043202,PAT12558,FAC003,DEP001,HDFC ERGO,2022-12-17,1326.51,Paid,Not Applicable,2023-01-13,1217.12,109.39
CLM027147,BILL044245,PAT08285,FAC005,DEP005,HDFC ERGO,2026-10-31,536.16,Denied,Duplicate Claim,2026-11-24,0.0,536.16
CLM027151,BILL041484,PAT06071,FAC004,DEP006,Star Health,2021-11-06,490.1,Paid,Not Applicable,2021-11-14,424.43,65.67
CLM027153,BILL036377,PAT02326,FAC005,DEP001,Niva Bupa,2024-03-28,1539.77,Paid,Not Applicable,2024-04-23,1455.79,83.98
CLM027164,BILL043030,PAT09255,FAC005,DEP001,Star Health,2024-04-18,1294.46,Approved,Not Applicable,2024-04-23,1123.32,171.14
CLM027165,BILL039822,PAT10578,FAC005,DEP006,Care Health,2025-01-13,689.36,Paid,Not Applicable,2025-02-01,626.78,62.58
CLM027211,BILL038927,PAT00654,FAC001,DEP005,Star Health,2022-01-21,487.21,Approved,Not Applicable,2022-01-26,462.52,24.69
CLM027218,BILL038742,PAT00120,FAC004,DEP007,HDFC ERGO,2022-11-23,720.81,Under Review,Not Applicable,2022-12-16,329.32,391.49
CLM027233,BILL036639,PAT03102,FAC003,DEP001,Star Health,2021-07-28,1360.28,Under Review,Not Applicable,2021-08-25,77.37,1282.91
CLM027234,BILL039867,PAT14622,FAC001,DEP002,Star Health,2025-11-12,983.18,Approved,Not Applicable,2025-12-02,890.73,92.45
CLM027238,BILL039992,PAT07029,FAC002,DEP005,HDFC ERGO,2026-10-10,450.94,Paid,Not Applicable,2026-11-03,420.29,30.65
CLM027247,BILL037512,PAT12515,FAC003,DEP008,Niva Bupa,2025-03-05,1562.59,Paid,Not Applicable,2025-03-16,1439.74,122.85
CLM027248,BILL038005,PAT01521,FAC004,DEP002,Star Health,2025-03-05,1037.02,Approved,Not Applicable,2025-03-26,983.43,53.59
CLM027258,BILL039961,PAT00316,FAC002,DEP005,ICICI Lombard,2024-11-16,570.03,Approved,Not Applicable,2024-11-29,563.71,6.32
CLM027261,BILL042338,PAT07108,FAC003,DEP003,Niva Bupa,2025-07-29,481.74,Approved,Not Applicable,2025-08-24,426.19,55.55
CLM027265,BILL038384,PAT05569,FAC002,DEP005,Niva Bupa,2024-12-05,482.49,Paid,Not Applicable,2024-12-13,463.03,19.46
CLM027267,BILL036628,PAT06622,FAC004,DEP004,HDFC ERGO,2025-04-11,995.75,Paid,Not Applicable,2025-05-20,908.2,87.55
CLM027268,BILL044775,PAT11586,FAC004,DEP004,Niva Bupa,2023-11-22,1417.04,Pending,Not Applicable,2023-12-20,52.2,1364.84
CLM027288,BILL036945,PAT09738,FAC002,DEP005,ICICI Lombard,2025-07-03,370.17,Paid,Not Applicable,2025-08-10,318.75,51.42
CLM027297,BILL042492,PAT07717,FAC003,DEP003,Niva Bupa,2021-06-01,769.29,Paid,Not Applicable,2021-06-23,744.93,24.36
CLM027304,BILL042570,PAT02215,FAC004,DEP005,ICICI Lombard,2025-09-19,637.03,Under Review,Not Applicable,2025-09-28,83.65,553.38
CLM027313,BILL039269,PAT06348,FAC004,DEP007,HDFC ERGO,2024-03-01,494.84,Pending,Not Applicable,2024-04-03,83.7,411.14
CLM027322,BILL044749,PAT08837,FAC002,DEP005,Star Health,2023-11-05,359.25,Paid,Not Applicable,2023-12-10,325.54,33.71
CLM027324,BILL040858,PAT06128,FAC004,DEP002,HDFC ERGO,2023-08-26,593.54,Paid,Not Applicable,2023-08-31,542.75,50.79
CLM027329,BILL041335,PAT06132,FAC002,DEP006,Niva Bupa,2022-12-16,716.92,Denied,Missing Documentation,2023-01-07,0.0,716.92
CLM027330,BILL039686,PAT05837,FAC002,DEP005,HDFC ERGO,2027-01-03,792.58,Under Review,Not Applicable,2027-01-26,333.63,458.95
CLM027331,BILL039599,PAT01399,FAC002,DEP001,Niva Bupa,2026-12-12,1209.53,Pending,Not Applicable,2026-12-31,177.12,1032.41
CLM027336,BILL042782,PAT14748,FAC003,DEP001,Care Health,2024-10-21,1116.88,Under Review,Not Applicable,2024-11-10,177.23,939.65
CLM027338,BILL042540,PAT01124,FAC002,DEP002,Niva Bupa,2025-11-30,712.98,Approved,Not Applicable,2025-12-09,668.88,44.1
CLM027346,BILL042996,PAT12012,FAC004,DEP007,Care Health,2025-03-21,490.27,Approved,Not Applicable,2025-05-02,460.31,29.96
CLM027355,BILL037805,PAT01143,FAC004,DEP007,Niva Bupa,2022-02-09,711.2,Paid,Not Applicable,2022-02-23,698.4,12.8
CLM027360,BILL035635,PAT05031,FAC005,DEP006,Care Health,2026-10-26,628.12,Under Review,Not Applicable,2026-12-07,259.07,369.05
CLM027363,BILL037349,PAT05951,FAC003,DEP001,Niva Bupa,2026-07-15,1345.46,Paid,Not Applicable,2026-07-31,1200.24,145.22
CLM027369,BILL037184,PAT11414,FAC005,DEP001,Care Health,2026-04-21,791.1,Approved,Not Applicable,2026-05-02,763.79,27.31
CLM027377,BILL041707,PAT02958,FAC005,DEP006,Care Health,2023-10-04,571.91,Pending,Not Applicable,2023-10-14,91.87,480.04
CLM027381,BILL044686,PAT13819,FAC005,DEP006,HDFC ERGO,2024-12-23,1094.68,Approved,Not Applicable,2025-01-05,933.02,161.66
CLM027385,BILL036700,PAT07493,FAC001,DEP002,Star Health,2024-07-01,736.36,Paid,Not Applicable,2024-07-20,646.57,89.79
CLM027395,BILL039211,PAT14632,FAC003,DEP003,Star Health,2021-11-08,624.29,Approved,Not Applicable,2021-11-24,604.16,20.13
CLM027396,BILL040977,PAT05045,FAC005,DEP003,Star Health,2022-02-02,588.9,Denied,Authorization Missing,2022-02-23,0.0,588.9
CLM027406,BILL039832,PAT02237,FAC002,DEP005,ICICI Lombard,2026-11-23,331.23,Paid,Not Applicable,2026-12-22,311.16,20.07
CLM027413,BILL040466,PAT01689,FAC003,DEP005,Niva Bupa,2025-12-13,631.71,Approved,Not Applicable,2025-12-31,578.46,53.25
CLM027417,BILL043530,PAT04238,FAC005,DEP001,Care Health,2025-03-04,1322.63,Pending,Not Applicable,2025-03-15,154.82,1167.81
CLM027421,BILL043394,PAT00834,FAC004,DEP001,Star Health,2025-09-30,1867.37,Approved,Not Applicable,2025-10-12,1696.04,171.33
CLM027441,BILL037280,PAT08980,FAC004,DEP002,Star Health,2026-01-05,750.79,Paid,Not Applicable,2026-02-16,661.95,88.84
CLM027447,BILL043938,PAT02535,FAC005,DEP001,ICICI Lombard,2022-10-05,1099.55,Under Review,Not Applicable,2022-10-31,71.18,1028.37
CLM027457,BILL044790,PAT04348,FAC003,DEP001,Care Health,2025-05-23,1428.74,Approved,Not Applicable,2025-06-08,1282.65,146.09
CLM027464,BILL038470,PAT10476,FAC005,DEP008,Niva Bupa,2024-05-15,1377.44,Paid,Not Applicable,2024-06-12,1235.95,141.49
CLM027465,BILL044490,PAT13869,FAC001,DEP004,HDFC ERGO,2025-06-05,1155.88,Approved,Not Applicable,2025-07-11,1131.22,24.66
CLM027469,BILL039108,PAT06193,FAC001,DEP003,Star Health,2022-07-13,432.5,Under Review,Not Applicable,2022-08-09,112.53,319.97
CLM027474,BILL040946,PAT07529,FAC002,DEP001,Star Health,2022-08-19,812.96,Under Review,Not Applicable,2022-09-16,124.53,688.43
CLM027478,BILL038854,PAT08619,FAC003,DEP003,ICICI Lombard,2026-02-20,625.75,Under Review,Not Applicable,2026-03-07,141.99,483.76
CLM027481,BILL042303,PAT07744,FAC005,DEP003,HDFC ERGO,2021-01-05,563.81,Paid,Not Applicable,2021-01-13,501.28,62.53
CLM027490,BILL043541,PAT04873,FAC002,DEP001,Niva Bupa,2026-08-16,1142.83,Approved,Not Applicable,2026-08-25,1062.16,80.67
CLM027503,BILL037167,PAT00908,FAC003,DEP008,HDFC ERGO,2026-12-20,1495.16,Denied,Missing Documentation,2027-01-07,0.0,1495.16
CLM027504,BILL043994,PAT00034,FAC005,DEP006,Niva Bupa,2025-06-03,813.54,Denied,Policy Exclusion,2025-06-29,0.0,813.54
CLM027509,BILL040071,PAT11159,FAC003,DEP003,ICICI Lombard,2026-03-03,611.33,Paid,Not Applicable,2026-03-08,548.37,62.96
CLM027514,BILL044078,PAT09626,FAC005,DEP003,Niva Bupa,2025-11-06,608.34,Denied,Duplicate Claim,2025-11-20,0.0,608.34
CLM027518,BILL039939,PAT11875,FAC004,DEP001,Star Health,2024-02-28,1482.59,Approved,Not Applicable,2024-03-26,1400.93,81.66
CLM027522,BILL039936,PAT04101,FAC005,DEP007,HDFC ERGO,2021-12-09,469.43,Under Review,Not Applicable,2021-12-20,66.34,403.09
CLM027526,BILL038534,PAT11360,FAC003,DEP008,Care Health,2026-10-31,1778.44,Pending,Not Applicable,2026-11-05,27.71,1750.73
CLM027527,BILL044667,PAT05285,FAC005,DEP006,Care Health,2026-01-09,756.89,Denied,Coding Error,2026-02-10,0.0,756.89
CLM027528,BILL036464,PAT05565,FAC003,DEP003,Niva Bupa,2026-06-11,763.3,Pending,Not Applicable,2026-07-11,2.76,760.54
CLM027530,BILL036624,PAT13077,FAC005,DEP006,Star Health,2023-10-25,667.37,Under Review,Not Applicable,2023-11-23,318.35,349.02
CLM027532,BILL043096,PAT13888,FAC004,DEP002,Care Health,2023-12-29,743.4,Approved,Not Applicable,2024-01-23,737.59,5.81
CLM027533,BILL043792,PAT02040,FAC001,DEP005,Star Health,2022-09-05,451.56,Paid,Not Applicable,2022-09-12,407.43,44.13
CLM027539,BILL035495,PAT13948,FAC002,DEP001,ICICI Lombard,2024-02-09,1618.17,Under Review,Not Applicable,2024-03-01,667.71,950.46
CLM027544,BILL038500,PAT02865,FAC003,DEP003,Star Health,2026-01-10,862.95,Approved,Not Applicable,2026-01-25,834.26,28.69
CLM027550,BILL035760,PAT13239,FAC002,DEP001,Niva Bupa,2025-02-06,1706.31,Pending,Not Applicable,2025-03-01,488.85,1217.46
CLM027553,BILL037311,PAT04388,FAC004,DEP004,Star Health,2025-11-29,1066.91,Paid,Not Applicable,2025-12-15,941.53,125.38
CLM027557,BILL036855,PAT10157,FAC004,DEP004,Star Health,2023-10-14,780.24,Paid,Not Applicable,2023-11-11,744.45,35.79
CLM027558,BILL040101,PAT03888,FAC004,DEP006,Care Health,2027-01-01,388.7,Paid,Not Applicable,2027-01-12,354.33,34.37
CLM027560,BILL038259,PAT07360,FAC005,DEP001,Care Health,2021-04-27,1902.19,Paid,Not Applicable,2021-05-04,1628.03,274.16
CLM027578,BILL040793,PAT05415,FAC003,DEP003,Care Health,2022-04-23,440.24,Under Review,Not Applicable,2022-05-14,44.68,395.56
CLM027582,BILL035631,PAT02185,FAC003,DEP008,ICICI Lombard,2024-08-22,1408.48,Paid,Not Applicable,2024-08-31,1370.4,38.08
CLM027592,BILL043237,PAT03782,FAC004,DEP001,Star Health,2021-05-21,904.18,Approved,Not Applicable,2021-06-07,874.26,29.92
CLM027598,BILL042984,PAT08402,FAC005,DEP007,Care Health,2022-03-10,833.83,Approved,Not Applicable,2022-03-26,797.68,36.15
CLM027600,BILL040978,PAT05915,FAC004,DEP001,HDFC ERGO,2022-07-20,1221.17,Approved,Not Applicable,2022-07-26,1099.46,121.71
CLM027604,BILL040693,PAT05577,FAC001,DEP003,ICICI Lombard,2024-07-04,425.84,Paid,Not Applicable,2024-07-31,369.06,56.78
CLM027612,BILL038126,PAT01112,FAC002,DEP005,Care Health,2021-02-11,724.36,Approved,Not Applicable,2021-02-22,656.02,68.34
CLM027619,BILL035467,PAT00863,FAC002,DEP005,Niva Bupa,2024-09-18,759.73,Denied,Policy Exclusion,2024-10-07,0.0,759.73
CLM027620,BILL044540,PAT04820,FAC002,DEP001,Niva Bupa,2026-12-04,1527.74,Approved,Not Applicable,2027-01-02,1321.04,206.7
CLM027627,BILL037898,PAT05684,FAC005,DEP006,HDFC ERGO,2026-04-18,516.38,Paid,Not Applicable,2026-05-02,465.02,51.36
CLM027629,BILL037111,PAT00051,FAC005,DEP006,Care Health,2023-01-14,1045.03,Denied,Duplicate Claim,2023-02-06,0.0,1045.03
CLM027631,BILL043538,PAT02068,FAC001,DEP005,Star Health,2025-01-02,621.84,Approved,Not Applicable,2025-01-15,534.34,87.5
CLM027636,BILL038521,PAT09955,FAC004,DEP007,Star Health,2026-03-30,508.92,Paid,Not Applicable,2026-04-11,478.14,30.78
CLM027637,BILL035309,PAT01600,FAC005,DEP001,Care Health,2023-05-08,1561.78,Paid,Not Applicable,2023-05-18,1349.15,212.63
CLM027652,BILL038759,PAT08331,FAC004,DEP002,Star Health,2025-09-14,1324.34,Pending,Not Applicable,2025-09-26,19.52,1304.82
CLM027653,BILL043977,PAT14253,FAC003,DEP001,ICICI Lombard,2024-03-28,1013.96,Under Review,Not Applicable,2024-04-25,224.89,789.07
CLM027660,BILL037463,PAT12812,FAC003,DEP003,HDFC ERGO,2025-12-13,797.14,Pending,Not Applicable,2026-01-25,140.14,657.0
CLM027667,BILL037817,PAT02544,FAC002,DEP001,Star Health,2026-01-21,1065.38,Under Review,Not Applicable,2026-02-12,101.04,964.34
CLM027673,BILL037112,PAT02865,FAC003,DEP003,Care Health,2026-08-02,449.34,Pending,Not Applicable,2026-08-12,65.05,384.29
CLM027674,BILL038537,PAT03602,FAC004,DEP002,Star Health,2026-10-26,1127.32,Under Review,Not Applicable,2026-11-25,163.43,963.89
CLM027679,BILL040695,PAT14717,FAC001,DEP002,HDFC ERGO,2026-08-30,1230.88,Pending,Not Applicable,2026-09-22,323.67,907.21
CLM027680,BILL044196,PAT06909,FAC005,DEP001,Care Health,2025-07-04,1303.33,Paid,Not Applicable,2025-08-03,1174.54,128.79
CLM027681,BILL035487,PAT03828,FAC002,DEP001,ICICI Lombard,2024-01-13,1490.45,Paid,Not Applicable,2024-02-24,1437.27,53.18
CLM027692,BILL036220,PAT07972,FAC003,DEP001,Care Health,2025-09-30,1162.71,Pending,Not Applicable,2025-10-07,289.89,872.82
CLM027696,BILL036666,PAT04660,FAC005,DEP003,HDFC ERGO,2024-05-31,759.66,Pending,Not Applicable,2024-06-16,69.19,690.47
CLM027708,BILL040098,PAT06267,FAC004,DEP002,Care Health,2024-02-26,1000.88,Paid,Not Applicable,2024-03-11,865.18,135.7
CLM027709,BILL037133,PAT13488,FAC005,DEP006,Niva Bupa,2021-05-18,1129.26,Paid,Not Applicable,2021-05-28,962.84,166.42
CLM027711,BILL041058,PAT04190,FAC002,DEP006,Care Health,2026-06-18,1028.35,Denied,Policy Exclusion,2026-07-13,0.0,1028.35
CLM027726,BILL039238,PAT05958,FAC005,DEP001,Star Health,2022-02-27,1140.56,Under Review,Not Applicable,2022-03-21,332.98,807.58
CLM027729,BILL044547,PAT00818,FAC001,DEP002,HDFC ERGO,2023-04-11,1458.24,Approved,Not Applicable,2023-04-21,1303.77,154.47
CLM027735,BILL044321,PAT01731,FAC001,DEP002,Care Health,2025-12-13,1200.89,Approved,Not Applicable,2025-12-29,1026.89,174.0
CLM027742,BILL037729,PAT03590,FAC001,DEP003,Care Health,2027-01-01,816.29,Paid,Not Applicable,2027-01-27,722.47,93.82
CLM027745,BILL039952,PAT04833,FAC001,DEP005,HDFC ERGO,2025-11-12,631.46,Approved,Not Applicable,2025-11-27,588.44,43.02
CLM027755,BILL037017,PAT10237,FAC003,DEP001,Care Health,2024-08-29,1492.48,Pending,Not Applicable,2024-09-12,187.93,1304.55
CLM027757,BILL038073,PAT08621,FAC003,DEP008,HDFC ERGO,2024-03-21,1389.85,Pending,Not Applicable,2024-03-28,28.41,1361.44
CLM027758,BILL039747,PAT10370,FAC004,DEP001,Star Health,2023-06-23,1482.15,Pending,Not Applicable,2023-07-22,16.09,1466.06
CLM027759,BILL042661,PAT00174,FAC005,DEP001,Star Health,2026-09-25,853.98,Approved,Not Applicable,2026-10-29,786.54,67.44
CLM027771,BILL040663,PAT12211,FAC004,DEP001,ICICI Lombard,2024-03-13,1271.99,Pending,Not Applicable,2024-04-03,201.44,1070.55
CLM027777,BILL044981,PAT01618,FAC001,DEP001,Star Health,2026-08-16,1527.46,Approved,Not Applicable,2026-08-27,1371.05,156.41
CLM027783,BILL044616,PAT04871,FAC002,DEP005,ICICI Lombard,2022-03-15,306.92,Paid,Not Applicable,2022-04-09,298.55,8.37
CLM027784,BILL043110,PAT14748,FAC004,DEP002,Care Health,2024-04-07,607.49,Paid,Not Applicable,2024-04-29,571.32,36.17
CLM027790,BILL039103,PAT03801,FAC003,DEP008,ICICI Lombard,2024-12-25,1297.54,Pending,Not Applicable,2025-01-16,38.95,1258.59
CLM027792,BILL038867,PAT04257,FAC001,DEP003,Star Health,2026-08-07,702.99,Under Review,Not Applicable,2026-08-19,93.27,609.72
CLM027799,BILL036088,PAT08274,FAC005,DEP006,Star Health,2023-06-18,633.67,Paid,Not Applicable,2023-06-27,551.19,82.48
CLM027809,BILL042541,PAT07972,FAC001,DEP003,ICICI Lombard,2024-10-14,740.05,Paid,Not Applicable,2024-11-04,701.54,38.51
CLM027811,BILL035265,PAT14482,FAC003,DEP001,Care Health,2026-01-21,1433.95,Pending,Not Applicable,2026-02-26,43.48,1390.47
CLM027812,BILL040294,PAT10925,FAC002,DEP001,HDFC ERGO,2023-03-14,1208.49,Denied,Duplicate Claim,2023-04-13,0.0,1208.49
CLM027826,BILL044567,PAT10925,FAC004,DEP001,HDFC ERGO,2021-11-02,2817.04,Paid,Not Applicable,2021-11-30,2739.16,77.88
CLM027846,BILL036434,PAT05095,FAC003,DEP005,ICICI Lombard,2025-06-12,571.82,Approved,Not Applicable,2025-07-04,512.96,58.86
CLM027851,BILL044263,PAT08304,FAC002,DEP007,ICICI Lombard,2024-11-26,523.56,Approved,Not Applicable,2024-12-11,458.17,65.39
CLM027853,BILL040406,PAT08635,FAC004,DEP001,ICICI Lombard,2021-08-18,993.45,Paid,Not Applicable,2021-09-15,864.51,128.94
CLM027859,BILL040441,PAT10307,FAC003,DEP001,Care Health,2024-06-08,1510.39,Approved,Not Applicable,2024-07-06,1508.25,2.14
CLM027871,BILL040089,PAT01979,FAC002,DEP007,Care Health,2026-11-23,566.78,Paid,Not Applicable,2026-12-09,499.8,66.98
CLM027876,BILL043035,PAT08701,FAC004,DEP007,Star Health,2022-03-09,454.3,Denied,Authorization Missing,2022-03-27,0.0,454.3
CLM027883,BILL040475,PAT05837,FAC005,DEP001,Niva Bupa,2023-04-24,1105.33,Denied,Coding Error,2023-05-12,0.0,1105.33
CLM027886,BILL039432,PAT08216,FAC001,DEP002,HDFC ERGO,2023-05-11,918.88,Approved,Not Applicable,2023-06-04,864.57,54.31
CLM027896,BILL037921,PAT10320,FAC005,DEP007,Care Health,2021-02-04,589.1,Paid,Not Applicable,2021-02-12,540.57,48.53
CLM027897,BILL037954,PAT04041,FAC002,DEP006,Star Health,2021-06-06,760.06,Paid,Not Applicable,2021-07-07,706.0,54.06
CLM027903,BILL038616,PAT00170,FAC005,DEP001,Star Health,2023-01-04,1325.69,Pending,Not Applicable,2023-01-24,32.1,1293.59
CLM027904,BILL037021,PAT13651,FAC002,DEP005,HDFC ERGO,2025-01-07,348.94,Approved,Not Applicable,2025-02-09,346.92,2.02
CLM027924,BILL044310,PAT10505,FAC002,DEP007,Niva Bupa,2022-10-02,717.77,Paid,Not Applicable,2022-11-01,663.6,54.17
CLM027934,BILL038095,PAT11716,FAC005,DEP006,Star Health,2025-02-17,722.3,Approved,Not Applicable,2025-03-10,645.09,77.21
CLM027936,BILL039642,PAT13691,FAC003,DEP001,ICICI Lombard,2022-12-26,1281.41,Paid,Not Applicable,2023-01-03,1190.91,90.5
CLM027948,BILL037130,PAT10680,FAC003,DEP003,HDFC ERGO,2024-10-06,597.19,Denied,Missing Documentation,2024-10-13,0.0,597.19
CLM027950,BILL043524,PAT00622,FAC004,DEP005,HDFC ERGO,2025-09-14,462.64,Paid,Not Applicable,2025-09-21,423.2,39.44
CLM027951,BILL040905,PAT12350,FAC004,DEP006,Care Health,2026-02-12,888.69,Under Review,Not Applicable,2026-03-18,407.36,481.33
CLM027952,BILL040309,PAT05932,FAC001,DEP001,HDFC ERGO,2022-03-24,1151.77,Under Review,Not Applicable,2022-04-02,486.95,664.82
CLM027954,BILL041820,PAT05377,FAC003,DEP005,Star Health,2022-07-20,587.57,Paid,Not Applicable,2022-08-27,578.12,9.45
CLM027957,BILL035858,PAT14963,FAC003,DEP007,Niva Bupa,2021-07-18,458.91,Paid,Not Applicable,2021-08-03,420.64,38.27
CLM027961,BILL039440,PAT11283,FAC005,DEP006,ICICI Lombard,2024-04-03,887.21,Paid,Not Applicable,2024-04-27,848.91,38.3
CLM027962,BILL038705,PAT03261,FAC002,DEP005,Star Health,2026-04-01,736.59,Paid,Not Applicable,2026-04-08,655.56,81.03
CLM027965,BILL036810,PAT00837,FAC001,DEP002,Star Health,2023-08-19,846.74,Denied,Coding Error,2023-09-12,0.0,846.74
CLM027969,BILL044039,PAT10669,FAC003,DEP003,ICICI Lombard,2023-02-06,755.8,Denied,Authorization Missing,2023-03-01,0.0,755.8
CLM027984,BILL036227,PAT14429,FAC002,DEP007,ICICI Lombard,2024-12-13,871.36,Pending,Not Applicable,2025-01-01,44.54,826.82
CLM027986,BILL041521,PAT06886,FAC001,DEP003,Care Health,2025-04-11,472.16,Approved,Not Applicable,2025-04-22,451.46,20.7
CLM027989,BILL044446,PAT05364,FAC003,DEP003,Care Health,2025-09-13,513.17,Pending,Not Applicable,2025-09-21,70.23,442.94
CLM028002,BILL037844,PAT07110,FAC003,DEP003,Star Health,2025-12-06,631.32,Under Review,Not Applicable,2025-12-13,228.83,402.49
CLM028003,BILL039600,PAT12685,FAC002,DEP001,Star Health,2021-07-25,729.03,Under Review,Not Applicable,2021-08-23,328.98,400.05
CLM028014,BILL041960,PAT01007,FAC002,DEP001,Care Health,2024-07-08,1451.7,Paid,Not Applicable,2024-07-27,1271.11,180.59
CLM028020,BILL036063,PAT12793,FAC002,DEP005,ICICI Lombard,2026-05-21,506.69,Pending,Not Applicable,2026-06-12,23.09,483.6
CLM028028,BILL039838,PAT08642,FAC005,DEP006,Niva Bupa,2023-05-13,726.34,Paid,Not Applicable,2023-06-12,682.7,43.64
CLM028034,BILL038764,PAT09341,FAC004,DEP002,Niva Bupa,2023-12-24,960.55,Denied,Duplicate Claim,2024-01-07,0.0,960.55
CLM028035,BILL040750,PAT11573,FAC005,DEP008,Care Health,2024-02-02,1300.19,Under Review,Not Applicable,2024-02-22,45.08,1255.11
CLM028055,BILL043290,PAT12680,FAC001,DEP002,Star Health,2025-04-10,882.99,Paid,Not Applicable,2025-05-01,871.54,11.45
CLM028057,BILL035715,PAT13549,FAC005,DEP006,Care Health,2023-06-25,827.05,Approved,Not Applicable,2023-06-30,813.78,13.27
CLM028062,BILL040846,PAT07768,FAC003,DEP005,Star Health,2023-01-11,680.45,Paid,Not Applicable,2023-02-04,680.32,0.13
CLM028065,BILL035550,PAT06026,FAC003,DEP001,Star Health,2021-09-16,1385.64,Paid,Not Applicable,2021-10-07,1230.34,155.3
CLM028072,BILL035989,PAT05624,FAC005,DEP006,Star Health,2024-01-29,563.88,Approved,Not Applicable,2024-02-19,527.93,35.95
CLM028078,BILL037227,PAT11815,FAC001,DEP001,Care Health,2026-04-18,750.36,Paid,Not Applicable,2026-05-14,700.51,49.85
CLM028090,BILL044465,PAT14888,FAC004,DEP004,Care Health,2026-09-05,1570.04,Paid,Not Applicable,2026-10-02,1468.08,101.96
CLM028091,BILL036867,PAT08283,FAC002,DEP007,Care Health,2024-06-08,638.06,Denied,Duplicate Claim,2024-06-26,0.0,638.06
CLM028097,BILL037564,PAT12822,FAC003,DEP001,Care Health,2026-05-11,1433.32,Paid,Not Applicable,2026-05-16,1334.65,98.67
CLM028103,BILL043796,PAT13821,FAC002,DEP006,HDFC ERGO,2025-08-08,497.77,Paid,Not Applicable,2025-08-28,429.78,67.99
CLM028105,BILL038245,PAT10884,FAC004,DEP002,Care Health,2025-12-08,742.01,Denied,Authorization Missing,2025-12-17,0.0,742.01
CLM028123,BILL042496,PAT03644,FAC004,DEP006,HDFC ERGO,2025-10-05,908.24,Pending,Not Applicable,2025-10-29,39.19,869.05
CLM028126,BILL043593,PAT05310,FAC005,DEP001,ICICI Lombard,2024-08-24,1557.12,Approved,Not Applicable,2024-09-10,1399.65,157.47
CLM028127,BILL040873,PAT05099,FAC003,DEP005,Star Health,2025-01-07,349.76,Approved,Not Applicable,2025-02-09,317.05,32.71
CLM028128,BILL043602,PAT08285,FAC001,DEP005,Care Health,2021-08-26,528.28,Approved,Not Applicable,2021-09-03,455.36,72.92
CLM028140,BILL044036,PAT05921,FAC004,DEP004,ICICI Lombard,2022-01-16,1111.38,Denied,Coding Error,2022-02-12,0.0,1111.38
CLM028153,BILL036505,PAT10313,FAC005,DEP007,Niva Bupa,2023-02-08,390.27,Approved,Not Applicable,2023-02-24,333.75,56.52
CLM028155,BILL038002,PAT11255,FAC004,DEP006,ICICI Lombard,2026-07-06,733.76,Approved,Not Applicable,2026-08-05,709.58,24.18
CLM028156,BILL036557,PAT10320,FAC004,DEP006,Care Health,2022-07-16,766.98,Approved,Not Applicable,2022-08-03,660.63,106.35
CLM028159,BILL042912,PAT02134,FAC004,DEP001,Care Health,2026-04-29,1632.61,Approved,Not Applicable,2026-06-08,1509.62,122.99
CLM028160,BILL041329,PAT08577,FAC002,DEP005,HDFC ERGO,2025-06-26,786.06,Denied,Coding Error,2025-07-06,0.0,786.06
CLM028170,BILL035697,PAT11806,FAC001,DEP004,HDFC ERGO,2026-06-18,1198.46,Approved,Not Applicable,2026-07-23,1184.86,13.6
CLM028176,BILL042921,PAT09053,FAC002,DEP006,Star Health,2025-11-11,1020.44,Approved,Not Applicable,2025-12-25,1010.9,9.54
CLM028181,BILL044967,PAT01603,FAC004,DEP007,Care Health,2024-06-30,452.32,Pending,Not Applicable,2024-08-12,90.14,362.18
CLM028184,BILL035658,PAT04234,FAC003,DEP005,Care Health,2024-08-06,624.61,Paid,Not Applicable,2024-08-21,549.39,75.22
CLM028187,BILL043105,PAT01027,FAC005,DEP001,HDFC ERGO,2024-09-25,846.19,Pending,Not Applicable,2024-10-15,149.02,697.17
CLM028193,BILL035462,PAT13555,FAC003,DEP005,Care Health,2021-05-20,635.51,Paid,Not Applicable,2021-06-17,551.69,83.82
CLM028202,BILL041323,PAT02474,FAC005,DEP001,Care Health,2023-04-25,541.98,Approved,Not Applicable,2023-05-03,535.54,6.44
CLM028203,BILL043037,PAT11387,FAC004,DEP001,HDFC ERGO,2023-06-29,1496.05,Approved,Not Applicable,2023-07-04,1333.95,162.1
CLM028209,BILL044104,PAT11059,FAC003,DEP001,ICICI Lombard,2025-01-19,1413.82,Approved,Not Applicable,2025-01-25,1228.16,185.66
CLM028216,BILL042732,PAT01990,FAC005,DEP006,HDFC ERGO,2022-10-07,516.04,Paid,Not Applicable,2022-10-30,470.38,45.66
CLM028264,BILL039856,PAT07364,FAC005,DEP005,Star Health,2023-04-16,516.61,Approved,Not Applicable,2023-05-22,499.31,17.3
CLM028268,BILL035817,PAT04975,FAC004,DEP006,Care Health,2024-06-11,740.14,Approved,Not Applicable,2024-06-20,657.87,82.27
CLM028286,BILL037481,PAT00813,FAC004,DEP004,Care Health,2023-03-19,1105.11,Approved,Not Applicable,2023-04-06,1017.4,87.71
CLM028287,BILL044486,PAT08485,FAC001,DEP003,Care Health,2026-12-04,730.97,Pending,Not Applicable,2026-12-11,28.6,702.37
CLM028288,BILL042595,PAT13247,FAC003,DEP003,Care Health,2025-09-12,797.06,Paid,Not Applicable,2025-09-23,712.38,84.68
CLM028290,BILL038996,PAT07579,FAC004,DEP002,Star Health,2026-09-16,1002.67,Approved,Not Applicable,2026-10-07,883.6,119.07
CLM028295,BILL041220,PAT00028,FAC003,DEP008,ICICI Lombard,2026-08-18,1436.16,Approved,Not Applicable,2026-09-02,1305.86,130.3
CLM028300,BILL043230,PAT00933,FAC003,DEP001,HDFC ERGO,2026-10-25,1945.63,Approved,Not Applicable,2026-11-10,1711.0,234.63
CLM028301,BILL036124,PAT06843,FAC003,DEP001,HDFC ERGO,2026-04-23,1696.33,Denied,Eligibility Issue,2026-05-02,0.0,1696.33
CLM028306,BILL041986,PAT14134,FAC003,DEP001,Niva Bupa,2021-03-05,1045.07,Paid,Not Applicable,2021-03-18,1039.89,5.18
CLM028312,BILL043479,PAT11060,FAC005,DEP001,Niva Bupa,2026-11-06,1155.64,Denied,Authorization Missing,2026-11-16,0.0,1155.64
CLM028320,BILL044578,PAT07457,FAC002,DEP005,Niva Bupa,2025-08-23,602.9,Approved,Not Applicable,2025-09-20,587.24,15.66
CLM028326,BILL044307,PAT12265,FAC004,DEP004,Care Health,2025-12-19,728.08,Approved,Not Applicable,2026-01-18,619.42,108.66
CLM028327,BILL039413,PAT05475,FAC001,DEP005,Care Health,2021-02-19,498.89,Paid,Not Applicable,2021-03-20,469.93,28.96
CLM028332,BILL044347,PAT06078,FAC004,DEP005,Care Health,2025-02-07,502.95,Under Review,Not Applicable,2025-03-23,87.62,415.33
CLM028337,BILL039344,PAT04016,FAC003,DEP001,ICICI Lombard,2026-11-29,1409.9,Pending,Not Applicable,2026-12-18,384.2,1025.7
CLM028349,BILL043125,PAT07781,FAC001,DEP001,Star Health,2025-09-21,1253.18,Paid,Not Applicable,2025-10-18,1086.1,167.08
CLM028351,BILL037285,PAT07013,FAC001,DEP003,ICICI Lombard,2026-04-13,644.29,Approved,Not Applicable,2026-05-24,557.51,86.78
CLM028353,BILL042931,PAT07454,FAC004,DEP004,ICICI Lombard,2025-06-03,1225.78,Approved,Not Applicable,2025-07-08,1175.5,50.28
CLM028367,BILL038062,PAT14868,FAC001,DEP003,ICICI Lombard,2023-04-13,523.17,Pending,Not Applicable,2023-05-12,44.25,478.92
CLM028368,BILL039027,PAT08671,FAC004,DEP007,Care Health,2023-05-19,753.48,Under Review,Not Applicable,2023-06-28,18.49,734.99
CLM028372,BILL036046,PAT07748,FAC005,DEP001,HDFC ERGO,2023-01-09,850.73,Paid,Not Applicable,2023-01-19,845.79,4.94
CLM028373,BILL036803,PAT14039,FAC002,DEP005,Star Health,2025-05-01,467.59,Denied,Coding Error,2025-05-21,0.0,467.59
CLM028374,BILL043231,PAT06622,FAC003,DEP008,HDFC ERGO,2024-01-25,1823.44,Paid,Not Applicable,2024-02-11,1776.61,46.83
CLM028380,BILL036181,PAT00569,FAC001,DEP001,Niva Bupa,2025-09-09,1519.03,Under Review,Not Applicable,2025-09-21,405.61,1113.42
CLM028382,BILL036272,PAT11298,FAC003,DEP003,HDFC ERGO,2026-08-23,362.79,Approved,Not Applicable,2026-10-07,316.64,46.15
CLM028383,BILL038622,PAT11022,FAC005,DEP006,Star Health,2025-05-16,706.3,Pending,Not Applicable,2025-06-23,139.49,566.81
CLM028385,BILL037749,PAT06432,FAC005,DEP003,ICICI Lombard,2021-04-26,527.03,Denied,Missing Documentation,2021-05-25,0.0,527.03
CLM028399,BILL042314,PAT03990,FAC002,DEP005,Niva Bupa,2024-02-07,382.09,Pending,Not Applicable,2024-02-28,73.21,308.88
CLM028400,BILL038429,PAT11563,FAC003,DEP001,Niva Bupa,2022-06-17,939.57,Approved,Not Applicable,2022-07-08,912.43,27.14
CLM028403,BILL042890,PAT05577,FAC001,DEP001,Niva Bupa,2023-09-15,1198.16,Paid,Not Applicable,2023-10-26,1164.26,33.9
CLM028407,BILL039384,PAT08002,FAC001,DEP003,Niva Bupa,2024-06-20,781.11,Paid,Not Applicable,2024-06-27,697.02,84.09
CLM028422,BILL039877,PAT11420,FAC005,DEP007,ICICI Lombard,2026-12-23,635.96,Approved,Not Applicable,2027-01-06,581.08,54.88
CLM028428,BILL041568,PAT01227,FAC004,DEP001,Star Health,2024-10-18,1834.15,Under Review,Not Applicable,2024-10-29,92.46,1741.69
CLM028434,BILL044861,PAT09323,FAC003,DEP003,Care Health,2023-10-12,682.84,Pending,Not Applicable,2023-10-31,179.83,503.01
CLM028438,BILL041886,PAT04831,FAC004,DEP007,Star Health,2024-02-28,408.76,Paid,Not Applicable,2024-03-14,376.44,32.32
CLM028439,BILL037350,PAT10784,FAC001,DEP004,ICICI Lombard,2024-02-01,751.42,Approved,Not Applicable,2024-03-16,723.81,27.61
CLM028448,BILL039240,PAT05235,FAC001,DEP005,HDFC ERGO,2022-07-04,530.28,Pending,Not Applicable,2022-07-20,47.91,482.37
CLM028451,BILL043775,PAT07045,FAC002,DEP001,Star Health,2022-10-26,1278.98,Approved,Not Applicable,2022-11-15,1171.92,107.06
CLM028455,BILL043209,PAT09020,FAC003,DEP001,Care Health,2026-05-01,1956.3,Under Review,Not Applicable,2026-05-14,186.71,1769.59
CLM028462,BILL035276,PAT04873,FAC005,DEP006,Niva Bupa,2025-08-07,958.0,Approved,Not Applicable,2025-08-22,912.06,45.94
CLM028469,BILL038577,PAT06422,FAC002,DEP002,Star Health,2025-12-01,993.92,Paid,Not Applicable,2026-01-15,893.63,100.29
CLM028472,BILL040755,PAT07059,FAC003,DEP003,Star Health,2021-12-25,675.42,Denied,Missing Documentation,2022-01-01,0.0,675.42
CLM028473,BILL044093,PAT04951,FAC001,DEP001,ICICI Lombard,2025-02-14,1172.34,Under Review,Not Applicable,2025-02-23,318.86,853.48
CLM028482,BILL035882,PAT08373,FAC002,DEP005,ICICI Lombard,2026-08-10,599.12,Paid,Not Applicable,2026-08-23,574.23,24.89
CLM028486,BILL039655,PAT08383,FAC004,DEP006,HDFC ERGO,2025-12-12,569.11,Approved,Not Applicable,2025-12-22,491.49,77.62
CLM028494,BILL043657,PAT11888,FAC003,DEP005,ICICI Lombard,2026-05-09,525.86,Under Review,Not Applicable,2026-05-18,256.47,269.39
CLM028508,BILL037537,PAT12277,FAC003,DEP003,ICICI Lombard,2022-02-06,596.72,Under Review,Not Applicable,2022-03-04,94.51,502.21
CLM028510,BILL042593,PAT10561,FAC003,DEP001,Care Health,2024-01-09,1011.13,Under Review,Not Applicable,2024-01-30,153.26,857.87
CLM028515,BILL042580,PAT03296,FAC002,DEP005,Star Health,2022-08-29,344.71,Pending,Not Applicable,2022-09-15,0.28,344.43
CLM028524,BILL039407,PAT07912,FAC001,DEP003,HDFC ERGO,2023-11-09,320.32,Denied,Missing Documentation,2023-11-26,0.0,320.32
CLM028527,BILL044574,PAT11777,FAC002,DEP002,ICICI Lombard,2023-07-06,1259.26,Paid,Not Applicable,2023-07-13,1216.63,42.63
CLM028534,BILL042936,PAT14398,FAC004,DEP002,HDFC ERGO,2026-02-12,1283.18,Denied,Missing Documentation,2026-03-13,0.0,1283.18
CLM028546,BILL039594,PAT05423,FAC005,DEP001,Care Health,2026-03-11,1725.27,Paid,Not Applicable,2026-04-13,1545.33,179.94
CLM028549,BILL039982,PAT09726,FAC005,DEP007,ICICI Lombard,2023-08-12,542.64,Under Review,Not Applicable,2023-09-11,197.85,344.79
CLM028554,BILL036673,PAT07400,FAC004,DEP007,Star Health,2025-07-17,390.5,Paid,Not Applicable,2025-08-22,340.99,49.51
CLM028558,BILL041859,PAT00806,FAC001,DEP004,HDFC ERGO,2023-05-16,1509.17,Denied,Missing Documentation,2023-06-17,0.0,1509.17
CLM028562,BILL043646,PAT05590,FAC002,DEP001,ICICI Lombard,2023-08-18,1720.36,Approved,Not Applicable,2023-09-01,1572.71,147.65
CLM028563,BILL036112,PAT11148,FAC001,DEP008,Care Health,2024-11-24,1024.35,Denied,Duplicate Claim,2024-12-21,0.0,1024.35
CLM028564,BILL044309,PAT13012,FAC003,DEP008,ICICI Lombard,2023-09-08,946.43,Paid,Not Applicable,2023-10-06,898.61,47.82
CLM028583,BILL044278,PAT09249,FAC002,DEP005,ICICI Lombard,2021-01-10,576.78,Paid,Not Applicable,2021-02-05,552.86,23.92
CLM028586,BILL042198,PAT07912,FAC005,DEP005,Star Health,2026-03-31,415.19,Approved,Not Applicable,2026-04-09,367.8,47.39
CLM028587,BILL036888,PAT11902,FAC002,DEP001,ICICI Lombard,2022-02-16,1381.66,Under Review,Not Applicable,2022-03-05,456.21,925.45
CLM028588,BILL042254,PAT02665,FAC003,DEP005,Niva Bupa,2023-04-12,506.3,Under Review,Not Applicable,2023-05-01,162.67,343.63
CLM028589,BILL037480,PAT10320,FAC002,DEP005,HDFC ERGO,2022-05-20,726.98,Approved,Not Applicable,2022-06-11,713.59,13.39
CLM028599,BILL038891,PAT08726,FAC003,DEP008,Star Health,2026-07-06,1038.27,Pending,Not Applicable,2026-07-14,152.25,886.02
CLM028602,BILL043838,PAT13919,FAC002,DEP002,HDFC ERGO,2025-12-31,1057.79,Under Review,Not Applicable,2026-01-05,98.03,959.76
CLM028607,BILL037926,PAT06850,FAC005,DEP001,Niva Bupa,2026-04-19,978.85,Paid,Not Applicable,2026-05-19,978.33,0.52
CLM028610,BILL035571,PAT05291,FAC003,DEP007,ICICI Lombard,2026-01-25,746.55,Approved,Not Applicable,2026-02-19,642.32,104.23
CLM028613,BILL037591,PAT05660,FAC003,DEP003,HDFC ERGO,2022-01-24,574.85,Pending,Not Applicable,2022-01-30,172.45,402.4
CLM028618,BILL040916,PAT05693,FAC004,DEP007,Niva Bupa,2022-07-22,675.13,Denied,Duplicate Claim,2022-08-08,0.0,675.13
CLM028620,BILL044972,PAT06152,FAC004,DEP006,Niva Bupa,2026-01-20,571.4,Approved,Not Applicable,2026-02-11,527.89,43.51
CLM028625,BILL035428,PAT03144,FAC002,DEP002,HDFC ERGO,2021-11-16,1365.99,Approved,Not Applicable,2021-11-28,1284.16,81.83
CLM028626,BILL038223,PAT05035,FAC004,DEP001,Niva Bupa,2026-09-29,800.05,Approved,Not Applicable,2026-10-10,740.88,59.17
CLM028628,BILL043533,PAT03485,FAC001,DEP003,ICICI Lombard,2024-12-12,618.74,Pending,Not Applicable,2025-01-13,164.32,454.42
CLM028629,BILL035408,PAT02118,FAC005,DEP001,Niva Bupa,2021-10-28,894.22,Pending,Not Applicable,2021-11-25,163.04,731.18
CLM028631,BILL040055,PAT03290,FAC002,DEP005,HDFC ERGO,2025-02-20,485.19,Paid,Not Applicable,2025-03-22,434.7,50.49
CLM028638,BILL039405,PAT05528,FAC001,DEP002,Star Health,2021-02-03,956.4,Pending,Not Applicable,2021-03-18,108.31,848.09
CLM028641,BILL040496,PAT14454,FAC005,DEP006,HDFC ERGO,2024-05-15,509.36,Under Review,Not Applicable,2024-06-07,99.94,409.42
CLM028649,BILL038234,PAT01115,FAC003,DEP003,Star Health,2025-03-15,508.18,Approved,Not Applicable,2025-03-26,450.4,57.78
CLM028654,BILL042219,PAT00334,FAC005,DEP006,ICICI Lombard,2022-12-28,750.05,Paid,Not Applicable,2023-01-30,650.52,99.53
CLM028655,BILL039239,PAT05737,FAC002,DEP005,ICICI Lombard,2026-11-14,536.1,Paid,Not Applicable,2026-12-08,459.04,77.06
CLM028663,BILL044725,PAT03044,FAC004,DEP007,ICICI Lombard,2026-02-07,762.62,Approved,Not Applicable,2026-03-09,680.33,82.29
CLM028668,BILL041275,PAT04360,FAC005,DEP006,ICICI Lombard,2025-08-30,518.43,Pending,Not Applicable,2025-09-24,71.2,447.23
CLM028670,BILL040153,PAT12189,FAC005,DEP006,HDFC ERGO,2021-07-10,603.5,Denied,Policy Exclusion,2021-08-01,0.0,603.5
CLM028685,BILL042004,PAT04035,FAC003,DEP008,Niva Bupa,2022-09-03,1007.9,Pending,Not Applicable,2022-09-20,82.12,925.78
CLM028687,BILL038808,PAT00484,FAC005,DEP006,ICICI Lombard,2024-07-27,822.01,Pending,Not Applicable,2024-08-13,91.28,730.73
CLM028688,BILL043848,PAT10899,FAC004,DEP002,ICICI Lombard,2025-01-17,742.43,Approved,Not Applicable,2025-01-25,645.58,96.85
CLM028693,BILL041542,PAT06606,FAC004,DEP002,Star Health,2023-09-02,603.78,Approved,Not Applicable,2023-09-17,554.63,49.15
CLM028699,BILL044855,PAT07832,FAC003,DEP003,Niva Bupa,2024-10-07,813.48,Denied,Coding Error,2024-10-19,0.0,813.48
CLM028703,BILL042532,PAT04044,FAC002,DEP005,Star Health,2024-01-26,493.09,Pending,Not Applicable,2024-02-10,59.63,433.46
CLM028704,BILL040015,PAT03078,FAC001,DEP002,Care Health,2023-06-21,1030.78,Approved,Not Applicable,2023-07-12,882.22,148.56
CLM028705,BILL039412,PAT08109,FAC005,DEP006,Star Health,2026-11-10,707.57,Approved,Not Applicable,2026-12-04,667.16,40.41
CLM028707,BILL040740,PAT00765,FAC003,DEP003,Niva Bupa,2024-07-05,423.16,Approved,Not Applicable,2024-07-26,415.96,7.2
CLM028710,BILL038030,PAT13477,FAC002,DEP007,ICICI Lombard,2022-01-21,296.07,Under Review,Not Applicable,2022-02-10,75.78,220.29
CLM028713,BILL044414,PAT13370,FAC005,DEP007,Care Health,2023-01-06,183.45,Paid,Not Applicable,2023-02-16,169.55,13.9
CLM028716,BILL038526,PAT12479,FAC001,DEP003,Care Health,2022-11-28,676.54,Under Review,Not Applicable,2022-12-07,149.18,527.36
CLM028720,BILL036506,PAT03616,FAC003,DEP001,Star Health,2021-02-10,1145.9,Pending,Not Applicable,2021-02-23,63.74,1082.16
CLM028722,BILL043161,PAT11853,FAC003,DEP005,Star Health,2025-11-13,381.57,Paid,Not Applicable,2025-12-11,379.43,2.14
CLM028723,BILL037790,PAT13077,FAC002,DEP005,ICICI Lombard,2025-06-14,382.85,Under Review,Not Applicable,2025-07-01,185.33,197.52
CLM028746,BILL041311,PAT04780,FAC004,DEP002,Care Health,2021-04-25,592.36,Approved,Not Applicable,2021-05-16,537.11,55.25
CLM028748,BILL037856,PAT07206,FAC002,DEP005,Star Health,2026-11-29,292.58,Paid,Not Applicable,2026-12-06,260.77,31.81
CLM028750,BILL041946,PAT03533,FAC001,DEP004,Star Health,2024-07-29,1521.84,Paid,Not Applicable,2024-08-11,1417.85,103.99
CLM028755,BILL043448,PAT04922,FAC005,DEP007,Star Health,2026-04-09,581.5,Pending,Not Applicable,2026-05-13,75.39,506.11
CLM028756,BILL043475,PAT00425,FAC005,DEP007,Star Health,2026-12-04,774.14,Paid,Not Applicable,2027-01-08,723.35,50.79
CLM028760,BILL036079,PAT05505,FAC002,DEP006,Star Health,2024-09-23,594.41,Pending,Not Applicable,2024-10-19,153.36,441.05
CLM028771,BILL042555,PAT10287,FAC002,DEP001,Star Health,2021-02-14,1322.61,Paid,Not Applicable,2021-03-01,1142.2,180.41
CLM028773,BILL036435,PAT13672,FAC003,DEP008,Star Health,2025-10-28,1713.3,Under Review,Not Applicable,2025-11-11,626.15,1087.15
CLM028787,BILL044886,PAT12172,FAC001,DEP002,HDFC ERGO,2024-02-15,1203.16,Pending,Not Applicable,2024-03-09,300.55,902.61
CLM028804,BILL042604,PAT12935,FAC002,DEP002,Niva Bupa,2023-01-09,1098.94,Pending,Not Applicable,2023-02-08,59.3,1039.64
CLM028807,BILL035567,PAT04747,FAC002,DEP005,HDFC ERGO,2025-12-26,439.7,Paid,Not Applicable,2026-02-04,419.06,20.64
CLM028816,BILL039248,PAT10548,FAC001,DEP002,Niva Bupa,2025-01-05,855.18,Paid,Not Applicable,2025-02-15,842.88,12.3
CLM028819,BILL037602,PAT12168,FAC002,DEP007,ICICI Lombard,2022-10-30,339.62,Pending,Not Applicable,2022-11-09,70.63,268.99
CLM028820,BILL042100,PAT14043,FAC001,DEP002,Niva Bupa,2026-01-28,854.97,Approved,Not Applicable,2026-02-10,762.27,92.7
CLM028825,BILL041918,PAT08279,FAC001,DEP001,Niva Bupa,2023-02-25,1011.67,Paid,Not Applicable,2023-03-17,954.86,56.81
CLM028830,BILL040798,PAT06435,FAC001,DEP002,Care Health,2021-04-28,754.24,Approved,Not Applicable,2021-05-08,692.62,61.62
CLM028832,BILL040658,PAT08145,FAC001,DEP004,Care Health,2023-07-01,1200.59,Approved,Not Applicable,2023-07-08,1119.88,80.71
CLM028833,BILL041811,PAT12437,FAC004,DEP004,Niva Bupa,2024-07-27,1109.44,Denied,Authorization Missing,2024-08-16,0.0,1109.44
CLM028836,BILL035224,PAT09843,FAC002,DEP006,Star Health,2021-04-19,537.05,Approved,Not Applicable,2021-04-27,467.89,69.16
CLM028842,BILL038263,PAT13168,FAC001,DEP002,Star Health,2021-09-04,1354.34,Paid,Not Applicable,2021-09-09,1268.86,85.48
CLM028845,BILL042235,PAT06487,FAC002,DEP002,Care Health,2024-06-24,742.81,Approved,Not Applicable,2024-07-18,699.91,42.9
CLM028846,BILL035233,PAT03679,FAC004,DEP006,Niva Bupa,2026-05-20,432.42,Under Review,Not Applicable,2026-05-26,124.02,308.4
CLM028848,BILL039860,PAT05021,FAC002,DEP001,Care Health,2025-11-08,1401.11,Pending,Not Applicable,2025-11-13,179.88,1221.23
CLM028854,BILL041538,PAT13107,FAC005,DEP001,ICICI Lombard,2024-05-19,1213.74,Denied,Missing Documentation,2024-06-10,0.0,1213.74
CLM028856,BILL041720,PAT00873,FAC003,DEP003,Care Health,2023-10-09,644.66,Paid,Not Applicable,2023-10-16,609.23,35.43
CLM028860,BILL037701,PAT07748,FAC005,DEP005,ICICI Lombard,2023-12-30,573.06,Approved,Not Applicable,2024-02-05,540.64,32.42
CLM028862,BILL038563,PAT02999,FAC001,DEP005,Niva Bupa,2026-03-09,439.8,Paid,Not Applicable,2026-03-23,411.81,27.99
CLM028868,BILL036382,PAT07029,FAC003,DEP001,Care Health,2022-06-10,1398.9,Paid,Not Applicable,2022-06-17,1351.53,47.37
CLM028871,BILL038403,PAT05334,FAC005,DEP006,Care Health,2023-06-27,1050.67,Paid,Not Applicable,2023-07-09,923.02,127.65
CLM028872,BILL037360,PAT10769,FAC003,DEP003,Niva Bupa,2023-06-26,635.97,Approved,Not Applicable,2023-07-22,595.69,40.28
CLM028876,BILL039671,PAT05362,FAC001,DEP002,ICICI Lombard,2023-01-05,583.94,Approved,Not Applicable,2023-01-31,548.53,35.41
CLM028881,BILL035585,PAT13116,FAC003,DEP003,ICICI Lombard,2024-06-21,493.5,Paid,Not Applicable,2024-07-13,465.15,28.35
CLM028898,BILL038327,PAT05932,FAC005,DEP003,Care Health,2022-07-15,979.94,Under Review,Not Applicable,2022-07-31,293.26,686.68
CLM028914,BILL036325,PAT11810,FAC003,DEP003,Care Health,2023-11-27,677.0,Pending,Not Applicable,2023-12-20,156.57,520.43
CLM028915,BILL041504,PAT01003,FAC002,DEP001,Care Health,2024-01-14,1193.43,Paid,Not Applicable,2024-02-05,1016.63,176.8
CLM028933,BILL038952,PAT14085,FAC003,DEP008,Star Health,2025-05-06,1170.0,Under Review,Not Applicable,2025-05-11,127.95,1042.05
CLM028936,BILL039709,PAT06320,FAC003,DEP001,Star Health,2024-01-26,1427.48,Paid,Not Applicable,2024-02-06,1304.92,122.56
CLM028939,BILL042744,PAT08094,FAC003,DEP005,Star Health,2025-09-06,782.85,Approved,Not Applicable,2025-09-16,765.37,17.48
CLM028941,BILL044782,PAT03249,FAC005,DEP003,ICICI Lombard,2026-09-27,488.46,Paid,Not Applicable,2026-10-06,484.96,3.5
CLM028960,BILL044015,PAT06215,FAC004,DEP004,HDFC ERGO,2023-05-23,1815.64,Approved,Not Applicable,2023-07-04,1812.42,3.22
CLM028967,BILL042788,PAT02272,FAC004,DEP002,Niva Bupa,2024-05-27,717.96,Paid,Not Applicable,2024-06-06,694.27,23.69
CLM028972,BILL035379,PAT13437,FAC003,DEP007,Star Health,2021-08-07,392.45,Paid,Not Applicable,2021-08-27,356.46,35.99
CLM028974,BILL044364,PAT02349,FAC005,DEP006,Care Health,2026-06-04,733.82,Under Review,Not Applicable,2026-06-10,84.16,649.66
CLM028977,BILL044614,PAT12528,FAC003,DEP001,ICICI Lombard,2026-12-08,1793.05,Pending,Not Applicable,2027-01-10,456.13,1336.92
CLM028981,BILL035649,PAT07306,FAC005,DEP001,HDFC ERGO,2022-12-15,963.36,Approved,Not Applicable,2023-01-01,876.69,86.67
CLM028987,BILL039964,PAT03438,FAC005,DEP006,Care Health,2025-11-29,427.33,Approved,Not Applicable,2025-12-11,394.47,32.86
CLM029000,BILL041498,PAT10846,FAC003,DEP007,Care Health,2025-09-07,769.1,Approved,Not Applicable,2025-09-24,735.59,33.51
CLM029012,BILL037052,PAT00374,FAC004,DEP002,Care Health,2021-09-06,744.82,Denied,Authorization Missing,2021-09-21,0.0,744.82
CLM029016,BILL044061,PAT12330,FAC005,DEP006,Niva Bupa,2024-11-29,496.95,Denied,Coding Error,2024-12-05,0.0,496.95
CLM029027,BILL036566,PAT02819,FAC004,DEP002,Niva Bupa,2021-07-25,922.4,Approved,Not Applicable,2021-08-01,835.72,86.68
CLM029029,BILL035501,PAT00980,FAC005,DEP006,Star Health,2022-05-02,995.59,Pending,Not Applicable,2022-05-29,95.53,900.06
CLM029040,BILL040856,PAT02993,FAC002,DEP005,ICICI Lombard,2024-11-19,402.26,Under Review,Not Applicable,2024-12-11,48.68,353.58
CLM029044,BILL036609,PAT12587,FAC001,DEP001,Care Health,2022-02-18,622.0,Pending,Not Applicable,2022-03-29,48.55,573.45
CLM029055,BILL041176,PAT00328,FAC005,DEP003,Niva Bupa,2023-06-29,882.46,Approved,Not Applicable,2023-07-17,761.53,120.93
CLM029056,BILL039701,PAT13251,FAC003,DEP007,ICICI Lombard,2021-05-09,590.12,Approved,Not Applicable,2021-05-23,506.99,83.13
CLM029060,BILL037755,PAT04960,FAC005,DEP007,Niva Bupa,2023-04-08,491.69,Under Review,Not Applicable,2023-05-23,219.92,271.77
CLM029063,BILL038408,PAT02907,FAC002,DEP002,Star Health,2022-08-01,1241.13,Under Review,Not Applicable,2022-08-25,524.17,716.96
CLM029067,BILL036163,PAT12315,FAC003,DEP008,Care Health,2021-09-09,936.72,Paid,Not Applicable,2021-09-18,873.18,63.54
CLM029068,BILL040510,PAT06331,FAC003,DEP001,Star Health,2023-02-10,723.48,Approved,Not Applicable,2023-02-28,660.34,63.14
CLM029069,BILL042225,PAT11627,FAC001,DEP001,Star Health,2026-07-19,1514.89,Under Review,Not Applicable,2026-08-08,518.89,996.0
CLM029070,BILL035289,PAT11806,FAC005,DEP007,Niva Bupa,2021-03-11,788.27,Pending,Not Applicable,2021-03-19,48.85,739.42
CLM029073,BILL038905,PAT08998,FAC005,DEP007,Star Health,2024-04-25,697.8,Denied,Duplicate Claim,2024-05-22,0.0,697.8
CLM029076,BILL040268,PAT01936,FAC001,DEP005,ICICI Lombard,2023-08-16,366.33,Under Review,Not Applicable,2023-08-23,121.08,245.25
CLM029079,BILL042858,PAT01787,FAC001,DEP003,ICICI Lombard,2026-08-28,944.46,Under Review,Not Applicable,2026-09-16,265.81,678.65
CLM029080,BILL043877,PAT08274,FAC003,DEP003,Star Health,2026-04-17,499.36,Pending,Not Applicable,2026-05-07,61.43,437.93
CLM029081,BILL038882,PAT08994,FAC003,DEP003,HDFC ERGO,2022-05-02,642.7,Paid,Not Applicable,2022-05-07,635.53,7.17
CLM029088,BILL038916,PAT01922,FAC003,DEP008,Care Health,2024-04-05,1317.23,Paid,Not Applicable,2024-04-19,1125.99,191.24
CLM029089,BILL035558,PAT06683,FAC002,DEP001,ICICI Lombard,2022-02-19,1124.54,Pending,Not Applicable,2022-03-07,259.08,865.46
CLM029091,BILL044565,PAT14922,FAC002,DEP005,Star Health,2025-09-12,752.27,Paid,Not Applicable,2025-10-02,698.62,53.65
CLM029092,BILL036961,PAT09249,FAC004,DEP006,HDFC ERGO,2026-06-04,538.29,Under Review,Not Applicable,2026-06-17,221.19,317.1
CLM029095,BILL043036,PAT08279,FAC005,DEP005,Niva Bupa,2026-03-04,318.99,Paid,Not Applicable,2026-03-13,277.68,41.31
CLM029101,BILL040943,PAT03692,FAC003,DEP008,Star Health,2024-10-04,1568.72,Paid,Not Applicable,2024-11-03,1337.31,231.41
CLM029102,BILL044282,PAT06886,FAC005,DEP005,HDFC ERGO,2021-06-20,243.24,Approved,Not Applicable,2021-07-10,221.44,21.8
CLM029103,BILL040227,PAT00122,FAC003,DEP005,Care Health,2024-01-25,567.7,Paid,Not Applicable,2024-02-14,552.08,15.62
CLM029104,BILL038547,PAT13992,FAC003,DEP001,ICICI Lombard,2024-05-09,1348.0,Approved,Not Applicable,2024-05-26,1214.82,133.18
CLM029115,BILL042808,PAT08133,FAC001,DEP003,HDFC ERGO,2026-07-02,392.46,Under Review,Not Applicable,2026-07-21,88.66,303.8
CLM029123,BILL044091,PAT00938,FAC005,DEP006,HDFC ERGO,2022-07-05,577.85,Under Review,Not Applicable,2022-07-20,222.55,355.3
CLM029130,BILL044788,PAT10793,FAC001,DEP003,Care Health,2021-02-22,828.42,Paid,Not Applicable,2021-03-23,742.39,86.03
CLM029139,BILL039690,PAT02500,FAC003,DEP005,Care Health,2026-02-12,424.92,Paid,Not Applicable,2026-03-08,406.1,18.82
CLM029144,BILL036907,PAT07045,FAC005,DEP007,Niva Bupa,2022-05-01,406.51,Paid,Not Applicable,2022-05-27,367.91,38.6
CLM029146,BILL036294,PAT06889,FAC005,DEP006,Star Health,2026-03-12,762.7,Under Review,Not Applicable,2026-03-29,313.1,449.6
CLM029154,BILL044747,PAT07535,FAC004,DEP007,Care Health,2026-04-27,636.46,Under Review,Not Applicable,2026-05-03,294.92,341.54
CLM029160,BILL038598,PAT05514,FAC005,DEP006,Niva Bupa,2021-02-26,452.08,Paid,Not Applicable,2021-03-09,439.52,12.56
CLM029165,BILL042016,PAT01428,FAC004,DEP004,Star Health,2021-11-18,1140.57,Paid,Not Applicable,2021-12-16,1026.62,113.95
CLM029175,BILL038017,PAT04388,FAC003,DEP003,Star Health,2021-08-11,771.15,Denied,Coding Error,2021-09-08,0.0,771.15
CLM029179,BILL038054,PAT04756,FAC001,DEP001,Niva Bupa,2025-07-11,805.62,Paid,Not Applicable,2025-08-01,773.67,31.95
CLM029199,BILL041563,PAT10287,FAC001,DEP002,ICICI Lombard,2024-09-15,1134.9,Denied,Authorization Missing,2024-10-04,0.0,1134.9
CLM029205,BILL036421,PAT13204,FAC004,DEP005,ICICI Lombard,2024-08-14,462.54,Approved,Not Applicable,2024-09-13,416.67,45.87
CLM029209,BILL041816,PAT02806,FAC005,DEP001,HDFC ERGO,2025-09-01,1103.5,Pending,Not Applicable,2025-09-13,120.1,983.4
CLM029211,BILL039438,PAT11621,FAC004,DEP005,Star Health,2024-11-13,427.1,Approved,Not Applicable,2024-11-24,384.9,42.2
CLM029216,BILL039435,PAT13325,FAC004,DEP001,Care Health,2023-02-01,886.15,Paid,Not Applicable,2023-03-03,869.17,16.98
CLM029218,BILL041743,PAT05915,FAC002,DEP005,Care Health,2021-01-30,592.11,Under Review,Not Applicable,2021-02-11,213.45,378.66
CLM029226,BILL044247,PAT02936,FAC005,DEP003,ICICI Lombard,2023-12-20,467.67,Paid,Not Applicable,2024-01-30,410.46,57.21
CLM029227,BILL043170,PAT05602,FAC004,DEP006,Care Health,2024-12-06,786.13,Paid,Not Applicable,2025-01-06,683.01,103.12
CLM029229,BILL040419,PAT13959,FAC005,DEP006,Niva Bupa,2026-12-26,864.19,Under Review,Not Applicable,2026-12-31,158.97,705.22
CLM029232,BILL036277,PAT07170,FAC001,DEP001,Star Health,2026-01-23,1123.9,Paid,Not Applicable,2026-02-11,1111.41,12.49
CLM029234,BILL041845,PAT09027,FAC003,DEP001,ICICI Lombard,2021-09-20,1328.93,Paid,Not Applicable,2021-10-03,1289.51,39.42
CLM029236,BILL043577,PAT10516,FAC002,DEP001,ICICI Lombard,2025-12-04,1473.41,Denied,Duplicate Claim,2026-01-08,0.0,1473.41
CLM029238,BILL043972,PAT14233,FAC005,DEP001,ICICI Lombard,2021-10-05,1319.32,Paid,Not Applicable,2021-11-05,1290.05,29.27
CLM029248,BILL037389,PAT05051,FAC005,DEP005,ICICI Lombard,2021-04-01,605.33,Pending,Not Applicable,2021-05-11,30.16,575.17
CLM029249,BILL042397,PAT11147,FAC002,DEP001,Care Health,2023-10-29,1384.01,Denied,Policy Exclusion,2023-11-24,0.0,1384.01
CLM029262,BILL043692,PAT06073,FAC003,DEP001,ICICI Lombard,2023-04-22,1321.23,Denied,Missing Documentation,2023-05-21,0.0,1321.23
CLM029264,BILL036331,PAT14233,FAC005,DEP006,Star Health,2025-11-06,334.44,Approved,Not Applicable,2025-12-01,304.04,30.4
CLM029266,BILL040818,PAT00004,FAC005,DEP006,Care Health,2026-05-18,636.4,Under Review,Not Applicable,2026-06-11,99.48,536.92
CLM029267,BILL044186,PAT06696,FAC005,DEP001,ICICI Lombard,2025-03-06,1056.94,Pending,Not Applicable,2025-03-13,22.02,1034.92
CLM029270,BILL039503,PAT12456,FAC002,DEP005,Star Health,2024-01-30,506.02,Approved,Not Applicable,2024-02-29,504.82,1.2
CLM029277,BILL040331,PAT06730,FAC002,DEP001,Care Health,2026-01-04,1555.24,Approved,Not Applicable,2026-01-10,1535.69,19.55
CLM029280,BILL041059,PAT03548,FAC003,DEP007,HDFC ERGO,2024-02-08,646.61,Approved,Not Applicable,2024-03-12,582.95,63.66
CLM029291,BILL037559,PAT10110,FAC002,DEP001,HDFC ERGO,2024-04-04,1179.38,Approved,Not Applicable,2024-04-14,1045.18,134.2
CLM029302,BILL042573,PAT10973,FAC001,DEP002,Niva Bupa,2022-09-13,1209.68,Paid,Not Applicable,2022-09-21,1144.32,65.36
CLM029305,BILL039214,PAT12181,FAC003,DEP003,ICICI Lombard,2024-01-06,598.09,Paid,Not Applicable,2024-01-28,529.76,68.33
CLM029306,BILL041925,PAT06949,FAC004,DEP002,ICICI Lombard,2026-11-14,1086.03,Paid,Not Applicable,2026-11-19,1038.9,47.13
CLM029310,BILL036909,PAT00352,FAC003,DEP008,Care Health,2022-08-07,1272.47,Paid,Not Applicable,2022-08-17,1251.83,20.64
CLM029315,BILL042952,PAT12663,FAC001,DEP005,HDFC ERGO,2026-10-09,306.48,Paid,Not Applicable,2026-11-14,295.64,10.84
CLM029317,BILL037105,PAT06714,FAC004,DEP005,ICICI Lombard,2025-08-03,676.29,Paid,Not Applicable,2025-08-20,591.52,84.77
CLM029323,BILL036446,PAT10191,FAC005,DEP006,Care Health,2026-07-03,479.55,Paid,Not Applicable,2026-07-28,417.19,62.36
CLM029324,BILL040161,PAT13652,FAC004,DEP007,Care Health,2023-09-22,249.89,Paid,Not Applicable,2023-10-06,248.52,1.37
CLM029344,BILL035209,PAT12318,FAC003,DEP003,HDFC ERGO,2022-12-14,881.06,Approved,Not Applicable,2023-01-06,834.44,46.62
CLM029347,BILL042891,PAT12037,FAC003,DEP007,Care Health,2024-03-13,522.59,Approved,Not Applicable,2024-04-20,474.88,47.71
CLM029349,BILL038240,PAT14041,FAC001,DEP001,ICICI Lombard,2024-05-03,918.74,Paid,Not Applicable,2024-05-27,832.44,86.3
CLM029351,BILL042860,PAT07250,FAC002,DEP005,Niva Bupa,2023-10-22,565.42,Pending,Not Applicable,2023-11-07,82.59,482.83
CLM029354,BILL042547,PAT04709,FAC003,DEP003,Star Health,2023-09-15,807.54,Paid,Not Applicable,2023-10-10,796.75,10.79
CLM029361,BILL041826,PAT11663,FAC004,DEP001,Niva Bupa,2022-05-13,1303.42,Under Review,Not Applicable,2022-05-29,87.0,1216.42
CLM029362,BILL042189,PAT11070,FAC001,DEP008,Care Health,2025-08-23,1639.14,Under Review,Not Applicable,2025-09-25,799.39,839.75
CLM029364,BILL040375,PAT04961,FAC004,DEP002,Care Health,2025-03-06,646.25,Pending,Not Applicable,2025-03-15,10.65,635.6
CLM029382,BILL044496,PAT13030,FAC002,DEP001,Niva Bupa,2021-02-25,1414.78,Paid,Not Applicable,2021-03-30,1231.41,183.37
CLM029387,BILL043214,PAT02129,FAC005,DEP006,Star Health,2025-11-06,760.38,Paid,Not Applicable,2025-11-24,760.31,0.07
CLM029390,BILL037532,PAT08145,FAC004,DEP006,Star Health,2024-08-06,368.51,Paid,Not Applicable,2024-08-25,314.74,53.77
CLM029401,BILL042513,PAT11779,FAC004,DEP007,Care Health,2022-04-26,470.51,Paid,Not Applicable,2022-05-22,429.15,41.36
CLM029404,BILL042765,PAT10335,FAC001,DEP001,Niva Bupa,2025-02-16,708.77,Approved,Not Applicable,2025-03-08,628.17,80.6
CLM029405,BILL044593,PAT12535,FAC001,DEP003,HDFC ERGO,2021-09-16,520.84,Approved,Not Applicable,2021-10-06,456.77,64.07
CLM029406,BILL042144,PAT11218,FAC001,DEP003,Star Health,2026-09-02,253.32,Denied,Eligibility Issue,2026-09-18,0.0,253.32
CLM029412,BILL038970,PAT14134,FAC001,DEP008,Care Health,2025-06-11,1750.94,Pending,Not Applicable,2025-06-23,31.81,1719.13
CLM029417,BILL038957,PAT11324,FAC005,DEP008,Niva Bupa,2024-01-21,1739.82,Pending,Not Applicable,2024-02-03,142.23,1597.59
CLM029420,BILL037492,PAT11875,FAC002,DEP005,ICICI Lombard,2021-07-12,621.52,Approved,Not Applicable,2021-08-26,551.16,70.36
CLM029422,BILL041328,PAT03955,FAC005,DEP003,ICICI Lombard,2025-03-03,443.24,Paid,Not Applicable,2025-03-30,435.29,7.95
CLM029430,BILL038424,PAT14478,FAC005,DEP001,Star Health,2021-07-23,1116.0,Paid,Not Applicable,2021-08-16,1018.54,97.46
CLM029436,BILL040252,PAT04696,FAC003,DEP001,Care Health,2023-01-03,898.34,Paid,Not Applicable,2023-01-21,789.61,108.73
CLM029440,BILL043407,PAT06456,FAC003,DEP001,Niva Bupa,2024-11-27,672.35,Approved,Not Applicable,2024-12-10,616.7,55.65
CLM029446,BILL038633,PAT13675,FAC001,DEP002,HDFC ERGO,2024-12-03,1175.0,Paid,Not Applicable,2024-12-30,1065.34,109.66
CLM029448,BILL037321,PAT14947,FAC001,DEP008,Star Health,2022-11-20,1428.7,Paid,Not Applicable,2022-12-14,1269.12,159.58
CLM029450,BILL036818,PAT07972,FAC005,DEP006,Niva Bupa,2025-11-30,601.58,Paid,Not Applicable,2025-12-18,573.88,27.7
CLM029453,BILL043970,PAT13394,FAC005,DEP006,Care Health,2024-07-29,580.01,Approved,Not Applicable,2024-08-12,549.35,30.66
CLM029471,BILL037990,PAT07742,FAC001,DEP008,Star Health,2022-05-03,1045.79,Paid,Not Applicable,2022-06-14,1044.9,0.89
CLM029472,BILL041588,PAT09474,FAC003,DEP005,ICICI Lombard,2022-07-23,423.32,Pending,Not Applicable,2022-08-09,106.69,316.63
CLM029473,BILL043414,PAT09021,FAC005,DEP001,Star Health,2022-09-20,1270.65,Under Review,Not Applicable,2022-09-30,482.05,788.6
CLM029484,BILL038600,PAT13550,FAC004,DEP002,HDFC ERGO,2021-12-30,1089.82,Paid,Not Applicable,2022-01-28,942.15,147.67
CLM029488,BILL040526,PAT00909,FAC002,DEP001,Star Health,2025-04-19,1078.29,Paid,Not Applicable,2025-05-14,1012.49,65.8
CLM029492,BILL044241,PAT02803,FAC001,DEP002,Star Health,2025-05-31,829.9,Approved,Not Applicable,2025-07-08,718.46,111.44
CLM029496,BILL039389,PAT11673,FAC004,DEP001,Star Health,2024-11-07,1073.04,Denied,Authorization Missing,2024-11-28,0.0,1073.04
CLM029497,BILL036239,PAT14194,FAC003,DEP001,HDFC ERGO,2026-07-22,1112.22,Approved,Not Applicable,2026-08-30,1103.99,8.23
CLM029498,BILL041728,PAT11417,FAC003,DEP005,ICICI Lombard,2024-01-24,504.08,Pending,Not Applicable,2024-02-01,62.53,441.55
CLM029500,BILL037720,PAT03820,FAC003,DEP008,Care Health,2023-12-28,643.44,Pending,Not Applicable,2024-01-19,82.11,561.33
CLM029501,BILL041409,PAT05939,FAC002,DEP005,Star Health,2023-02-24,427.34,Under Review,Not Applicable,2023-03-23,154.79,272.55
CLM029505,BILL035311,PAT04661,FAC005,DEP006,Care Health,2025-11-10,405.69,Approved,Not Applicable,2025-11-21,366.76,38.93
CLM029507,BILL039334,PAT05385,FAC004,DEP001,HDFC ERGO,2023-03-15,1851.25,Approved,Not Applicable,2023-04-11,1717.66,133.59
CLM029512,BILL041125,PAT13708,FAC002,DEP002,Care Health,2024-11-10,1231.46,Paid,Not Applicable,2024-11-27,1113.93,117.53
CLM029513,BILL041023,PAT04922,FAC001,DEP001,ICICI Lombard,2023-06-29,1073.65,Approved,Not Applicable,2023-07-14,967.48,106.17
CLM029519,BILL041343,PAT07542,FAC005,DEP003,ICICI Lombard,2022-06-02,757.88,Pending,Not Applicable,2022-06-19,94.72,663.16
CLM029534,BILL042020,PAT14687,FAC003,DEP001,Niva Bupa,2022-10-26,1378.75,Pending,Not Applicable,2022-10-31,251.69,1127.06
CLM029535,BILL035429,PAT11645,FAC002,DEP006,ICICI Lombard,2022-02-13,687.44,Approved,Not Applicable,2022-03-27,660.41,27.03
CLM029539,BILL038182,PAT03323,FAC003,DEP005,Star Health,2023-08-05,457.35,Denied,Authorization Missing,2023-09-13,0.0,457.35
CLM029540,BILL039609,PAT03992,FAC001,DEP001,ICICI Lombard,2022-10-24,1422.89,Under Review,Not Applicable,2022-11-20,164.84,1258.05
CLM029543,BILL044753,PAT06845,FAC003,DEP007,Care Health,2024-12-10,414.62,Denied,Authorization Missing,2024-12-24,0.0,414.62
CLM029547,BILL042558,PAT11545,FAC005,DEP005,Care Health,2025-09-24,329.16,Paid,Not Applicable,2025-11-05,322.69,6.47
CLM029548,BILL037337,PAT12450,FAC001,DEP005,Care Health,2026-03-11,635.9,Approved,Not Applicable,2026-04-15,542.54,93.36
CLM029553,BILL036443,PAT01167,FAC001,DEP001,HDFC ERGO,2023-04-04,1448.48,Paid,Not Applicable,2023-05-04,1298.41,150.07
CLM029569,BILL035915,PAT03060,FAC005,DEP008,ICICI Lombard,2023-08-01,1453.19,Under Review,Not Applicable,2023-08-20,614.31,838.88
CLM029575,BILL044110,PAT09689,FAC001,DEP005,Niva Bupa,2026-03-06,518.3,Paid,Not Applicable,2026-03-17,461.63,56.67
CLM029584,BILL041881,PAT03703,FAC001,DEP008,Star Health,2021-05-01,1820.86,Approved,Not Applicable,2021-05-10,1794.93,25.93
CLM029585,BILL039998,PAT10660,FAC002,DEP002,Star Health,2021-02-26,1012.46,Denied,Policy Exclusion,2021-03-29,0.0,1012.46
CLM029586,BILL041897,PAT10060,FAC003,DEP001,HDFC ERGO,2026-05-22,869.9,Paid,Not Applicable,2026-05-29,844.46,25.44
CLM029592,BILL043442,PAT14645,FAC003,DEP005,Niva Bupa,2023-04-13,405.54,Paid,Not Applicable,2023-05-04,379.66,25.88
CLM029603,BILL040074,PAT02883,FAC005,DEP005,ICICI Lombard,2024-05-24,614.62,Paid,Not Applicable,2024-05-29,589.74,24.88
CLM029611,BILL035947,PAT04765,FAC004,DEP001,Star Health,2023-03-14,1169.54,Under Review,Not Applicable,2023-04-17,181.33,988.21
CLM029615,BILL040599,PAT13010,FAC001,DEP002,Star Health,2021-08-01,1024.9,Approved,Not Applicable,2021-08-21,894.96,129.94
CLM029624,BILL042549,PAT13754,FAC001,DEP002,ICICI Lombard,2022-10-08,1019.82,Denied,Eligibility Issue,2022-11-03,0.0,1019.82
CLM029638,BILL039014,PAT09051,FAC003,DEP005,ICICI Lombard,2023-01-05,521.46,Paid,Not Applicable,2023-01-28,519.73,1.73
CLM029640,BILL044673,PAT04063,FAC001,DEP002,Niva Bupa,2024-11-01,1156.94,Paid,Not Applicable,2024-11-23,1013.04,143.9
CLM029643,BILL043392,PAT00028,FAC003,DEP008,ICICI Lombard,2025-06-25,1473.94,Paid,Not Applicable,2025-07-20,1471.74,2.2
CLM029654,BILL044292,PAT05655,FAC001,DEP005,HDFC ERGO,2022-12-22,483.45,Approved,Not Applicable,2023-02-03,460.36,23.09
CLM029657,BILL043293,PAT09293,FAC001,DEP008,ICICI Lombard,2024-07-29,1883.27,Paid,Not Applicable,2024-08-08,1605.12,278.15
CLM029660,BILL042971,PAT08488,FAC003,DEP005,Star Health,2024-02-11,425.19,Under Review,Not Applicable,2024-03-06,125.14,300.05
CLM029669,BILL042930,PAT03106,FAC003,DEP001,Care Health,2022-01-16,1568.83,Approved,Not Applicable,2022-01-22,1418.28,150.55
CLM029684,BILL036596,PAT05782,FAC004,DEP006,ICICI Lombard,2025-05-18,686.06,Approved,Not Applicable,2025-06-04,595.24,90.82
CLM029685,BILL040887,PAT07226,FAC004,DEP007,Care Health,2025-09-19,596.86,Approved,Not Applicable,2025-09-29,582.28,14.58
CLM029686,BILL040974,PAT11740,FAC003,DEP003,Star Health,2022-12-11,513.1,Approved,Not Applicable,2022-12-29,459.01,54.09
CLM029688,BILL044322,PAT05091,FAC002,DEP002,Niva Bupa,2024-06-09,970.41,Approved,Not Applicable,2024-06-25,881.87,88.54
CLM029690,BILL042400,PAT03705,FAC005,DEP003,Star Health,2024-07-27,981.03,Denied,Authorization Missing,2024-08-14,0.0,981.03
CLM029693,BILL040962,PAT04863,FAC005,DEP008,ICICI Lombard,2024-06-10,1556.14,Paid,Not Applicable,2024-07-05,1458.62,97.52
CLM029703,BILL037287,PAT13790,FAC005,DEP005,ICICI Lombard,2023-10-22,540.24,Pending,Not Applicable,2023-11-14,6.36,533.88
CLM029705,BILL038114,PAT03992,FAC003,DEP001,Niva Bupa,2023-03-11,680.41,Paid,Not Applicable,2023-03-21,604.23,76.18
CLM029708,BILL038715,PAT14835,FAC004,DEP006,ICICI Lombard,2023-07-03,679.35,Approved,Not Applicable,2023-07-13,593.97,85.38
CLM029711,BILL042087,PAT08381,FAC001,DEP003,HDFC ERGO,2026-08-14,370.51,Denied,Policy Exclusion,2026-08-23,0.0,370.51
CLM029712,BILL041736,PAT08621,FAC004,DEP002,Star Health,2021-07-13,1084.48,Under Review,Not Applicable,2021-07-20,187.71,896.77
CLM029726,BILL044050,PAT05359,FAC003,DEP003,Care Health,2026-05-19,730.58,Paid,Not Applicable,2026-06-21,685.52,45.06
CLM029735,BILL036887,PAT07786,FAC001,DEP001,Star Health,2023-09-27,874.88,Approved,Not Applicable,2023-10-15,874.02,0.86
CLM029738,BILL035291,PAT02615,FAC002,DEP002,Care Health,2023-12-20,1061.86,Paid,Not Applicable,2024-01-10,1053.76,8.1
CLM029747,BILL044710,PAT02391,FAC003,DEP008,ICICI Lombard,2026-05-23,1826.27,Paid,Not Applicable,2026-05-30,1763.07,63.2
CLM029755,BILL036444,PAT04354,FAC005,DEP007,Star Health,2022-10-26,786.89,Under Review,Not Applicable,2022-11-17,33.61,753.28
CLM029759,BILL043919,PAT09786,FAC004,DEP004,Niva Bupa,2026-10-31,1100.13,Paid,Not Applicable,2026-11-25,939.46,160.67
CLM029760,BILL037135,PAT13678,FAC005,DEP006,Star Health,2023-03-27,776.69,Pending,Not Applicable,2023-04-15,195.74,580.95
CLM029763,BILL044576,PAT04305,FAC001,DEP002,Star Health,2021-12-24,1344.44,Approved,Not Applicable,2022-01-10,1184.66,159.78
CLM029769,BILL039790,PAT05565,FAC005,DEP006,Niva Bupa,2025-11-26,733.43,Pending,Not Applicable,2025-12-11,16.2,717.23
CLM029774,BILL037632,PAT04505,FAC005,DEP003,Care Health,2026-02-17,521.29,Paid,Not Applicable,2026-02-28,519.96,1.33
CLM029775,BILL043365,PAT04348,FAC004,DEP002,Niva Bupa,2021-11-02,990.27,Approved,Not Applicable,2021-12-06,877.25,113.02
CLM029782,BILL042910,PAT09187,FAC003,DEP007,HDFC ERGO,2023-11-10,778.61,Paid,Not Applicable,2023-12-20,675.02,103.59
CLM029786,BILL041414,PAT02702,FAC004,DEP002,Star Health,2026-03-13,681.76,Denied,Eligibility Issue,2026-04-25,0.0,681.76
CLM029795,BILL041210,PAT14748,FAC005,DEP006,HDFC ERGO,2025-06-09,592.14,Approved,Not Applicable,2025-07-24,554.53,37.61
CLM029800,BILL037680,PAT08052,FAC003,DEP005,Care Health,2023-06-02,430.03,Pending,Not Applicable,2023-06-22,43.34,386.69
CLM029802,BILL036923,PAT12513,FAC005,DEP003,Care Health,2021-03-12,567.2,Paid,Not Applicable,2021-03-24,535.23,31.97
CLM029803,BILL037967,PAT14287,FAC004,DEP001,ICICI Lombard,2025-05-31,1409.06,Approved,Not Applicable,2025-06-06,1299.86,109.2
CLM029808,BILL037809,PAT09566,FAC003,DEP005,Star Health,2025-02-06,475.27,Paid,Not Applicable,2025-03-06,416.37,58.9
CLM029818,BILL040926,PAT05441,FAC002,DEP005,Star Health,2022-05-08,461.89,Paid,Not Applicable,2022-05-26,415.48,46.41
CLM029827,BILL044584,PAT14687,FAC001,DEP001,HDFC ERGO,2023-02-05,1475.51,Under Review,Not Applicable,2023-02-18,416.79,1058.72
CLM029838,BILL040318,PAT06181,FAC003,DEP005,Care Health,2024-12-14,554.16,Under Review,Not Applicable,2025-01-14,61.53,492.63
CLM029840,BILL039009,PAT08325,FAC003,DEP001,Niva Bupa,2021-01-16,918.58,Paid,Not Applicable,2021-01-22,829.95,88.63
CLM029841,BILL041315,PAT10906,FAC004,DEP007,HDFC ERGO,2025-01-20,216.96,Approved,Not Applicable,2025-02-15,198.57,18.39
CLM029842,BILL037520,PAT09400,FAC003,DEP008,Care Health,2022-01-14,2375.4,Denied,Authorization Missing,2022-02-01,0.0,2375.4
CLM029845,BILL041691,PAT13409,FAC003,DEP008,Care Health,2022-07-03,1041.68,Pending,Not Applicable,2022-08-15,212.1,829.58
CLM029846,BILL040448,PAT04668,FAC004,DEP007,Care Health,2021-02-18,433.18,Paid,Not Applicable,2021-03-01,395.39,37.79
CLM029848,BILL039754,PAT07269,FAC004,DEP001,ICICI Lombard,2025-06-08,1442.86,Pending,Not Applicable,2025-06-27,419.81,1023.05
CLM029857,BILL043504,PAT02958,FAC001,DEP001,Star Health,2025-10-12,807.54,Approved,Not Applicable,2025-10-23,733.53,74.01
CLM029867,BILL038963,PAT06028,FAC002,DEP005,Niva Bupa,2021-03-03,448.45,Approved,Not Applicable,2021-03-11,424.98,23.47
CLM029869,BILL044123,PAT09726,FAC004,DEP002,Star Health,2025-03-14,938.19,Paid,Not Applicable,2025-04-04,829.7,108.49
CLM029885,BILL037244,PAT02532,FAC002,DEP005,Star Health,2022-01-24,264.3,Paid,Not Applicable,2022-02-02,247.69,16.61
CLM029889,BILL040677,PAT09591,FAC002,DEP002,HDFC ERGO,2026-12-05,1235.45,Under Review,Not Applicable,2027-01-19,102.54,1132.91
CLM029891,BILL039055,PAT12999,FAC001,DEP003,Star Health,2022-02-11,571.27,Approved,Not Applicable,2022-03-11,500.9,70.37
CLM029894,BILL044946,PAT13651,FAC004,DEP006,HDFC ERGO,2026-09-06,577.21,Paid,Not Applicable,2026-09-12,545.21,32.0
CLM029895,BILL035956,PAT00189,FAC002,DEP005,Star Health,2026-01-08,469.99,Pending,Not Applicable,2026-01-27,59.43,410.56
CLM029903,BILL035924,PAT12734,FAC002,DEP005,HDFC ERGO,2025-12-22,619.32,Under Review,Not Applicable,2026-02-02,170.99,448.33
CLM029905,BILL036212,PAT12437,FAC005,DEP006,Care Health,2024-09-03,928.98,Paid,Not Applicable,2024-09-12,840.98,88.0
CLM029918,BILL035761,PAT07448,FAC005,DEP001,HDFC ERGO,2022-04-02,800.08,Under Review,Not Applicable,2022-04-30,246.79,553.29
CLM029920,BILL035367,PAT12680,FAC005,DEP007,ICICI Lombard,2021-11-02,929.74,Approved,Not Applicable,2021-12-16,819.18,110.56
CLM029929,BILL035539,PAT08577,FAC003,DEP001,Care Health,2024-10-17,1297.5,Under Review,Not Applicable,2024-11-26,104.63,1192.87
CLM029949,BILL041722,PAT11083,FAC004,DEP002,Star Health,2022-07-29,1016.34,Pending,Not Applicable,2022-08-14,44.03,972.31
CLM029952,BILL035842,PAT01489,FAC002,DEP006,Star Health,2024-11-21,659.61,Paid,Not Applicable,2024-11-28,649.92,9.69
CLM029956,BILL043987,PAT11148,FAC004,DEP005,Care Health,2022-08-08,281.04,Approved,Not Applicable,2022-09-06,244.7,36.34
CLM029966,BILL035991,PAT12808,FAC005,DEP001,Care Health,2025-05-19,1451.11,Approved,Not Applicable,2025-06-09,1286.81,164.3
CLM029976,BILL037818,PAT13611,FAC005,DEP001,HDFC ERGO,2022-05-15,1004.09,Paid,Not Applicable,2022-05-23,887.27,116.82
CLM029979,BILL041602,PAT01660,FAC002,DEP002,ICICI Lombard,2026-10-09,734.66,Approved,Not Applicable,2026-10-19,665.76,68.9
CLM029980,BILL043914,PAT07794,FAC001,DEP004,ICICI Lombard,2025-02-06,1114.77,Under Review,Not Applicable,2025-02-17,428.11,686.66
CLM029982,BILL044350,PAT03144,FAC003,DEP008,Care Health,2021-11-14,1140.02,Paid,Not Applicable,2021-11-30,1057.81,82.21
CLM029984,BILL036429,PAT12642,FAC004,DEP007,HDFC ERGO,2024-01-25,317.44,Approved,Not Applicable,2024-02-08,298.04,19.4
CLM029988,BILL040719,PAT09028,FAC001,DEP008,Care Health,2026-02-13,1620.46,Under Review,Not Applicable,2026-02-28,58.18,1562.28
CLM029993,BILL041104,PAT03624,FAC003,DEP003,ICICI Lombard,2022-12-17,597.38,Paid,Not Applicable,2023-01-10,544.96,52.42
CLM029999,BILL036160,PAT06689,FAC004,DEP004,Care Health,2022-02-10,1301.1,Approved,Not Applicable,2022-03-01,1180.17,120.93
