discharge_id,patient_id,admission_id,facility_id,department_id,planned_discharge_date,actual_discharge_date,discharge_type,discharge_delay_hours,discharge_barrier,follow_up_required
DIS000007,PAT12479,ADM014707,FAC003,DEP003,2026-03-17,2026-03-18,Routine,19,Medical Instability,Yes
DIS000015,PAT03853,ADM004098,FAC002,DEP006,2025-07-25,2025-07-25,Routine,0,Not Applicable,Yes
DIS000016,PAT02348,ADM004100,FAC003,DEP007,2025-09-26,2025-09-26,Referral,0,Not Applicable,No
DIS000018,PAT06502,ADM000885,FAC005,DEP003,2025-09-26,2025-09-26,Routine,0,Not Applicable,No
DIS000028,PAT05362,ADM001274,FAC004,DEP005,2025-12-23,2025-12-23,Routine,0,Not Applicable,No
DIS000031,PAT08962,ADM005265,FAC005,DEP008,2025-09-20,2025-09-20,Routine,0,Not Applicable,Yes
DIS000038,PAT08188,ADM006561,FAC003,DEP001,2025-05-06,2025-05-07,Routine,7,Documentation Pending,No
DIS000046,PAT00543,ADM010277,FAC002,DEP001,2026-07-25,2026-07-25,Routine,0,Not Applicable,No
DIS000051,PAT01990,ADM012492,FAC002,DEP007,2026-06-06,2026-06-06,Routine,0,Not Applicable,Yes
DIS000052,PAT14085,ADM014103,FAC002,DEP006,2025-05-21,2025-05-22,Routine,1,Family Not Available,Yes
DIS000053,PAT00151,ADM010884,FAC002,DEP005,2026-08-25,2026-08-25,Routine,0,Not Applicable,No
DIS000058,PAT08370,ADM000616,FAC003,DEP008,2025-12-09,2025-12-09,Routine,0,Not Applicable,Yes
DIS000068,PAT09560,ADM008915,FAC004,DEP005,2021-10-29,2021-10-29,Routine,0,Not Applicable,No
DIS000077,PAT13857,ADM013898,FAC001,DEP002,2024-07-27,2024-07-27,Routine,0,Not Applicable,Yes
DIS000087,PAT09895,ADM005005,FAC003,DEP001,2025-05-16,2025-05-16,Routine,0,Not Applicable,Yes
DIS000108,PAT01328,ADM010955,FAC002,DEP006,2021-05-17,2021-05-17,Routine,0,Not Applicable,Yes
DIS000120,PAT13270,ADM012115,FAC002,DEP001,2023-11-04,2023-11-04,Referral,0,Not Applicable,No
DIS000121,PAT01651,ADM002986,FAC001,DEP008,2025-04-13,2025-04-13,Routine,0,Not Applicable,No
DIS000127,PAT06159,ADM008093,FAC002,DEP006,2025-06-24,2025-06-24,Routine,0,Not Applicable,Yes
DIS000134,PAT09050,ADM002335,FAC004,DEP007,2025-12-06,2025-12-06,Routine,0,Not Applicable,No
DIS000140,PAT09202,ADM014553,FAC005,DEP001,2023-04-13,2023-04-13,Routine,0,Not Applicable,Yes
DIS000141,PAT00104,ADM000129,FAC005,DEP006,2025-11-09,2025-11-10,Routine,2,Awaiting Transport,No
DIS000143,PAT12685,ADM013504,FAC003,DEP001,2022-07-23,2022-07-23,Routine,0,Not Applicable,Yes
DIS000144,PAT07086,ADM001706,FAC001,DEP008,2025-11-21,2025-11-21,Transfer,0,Not Applicable,Yes
DIS000148,PAT09482,ADM000609,FAC004,DEP004,2025-09-15,2025-09-15,Routine,0,Not Applicable,Yes
DIS000151,PAT02560,ADM006203,FAC005,DEP008,2025-01-25,2025-01-25,Routine,0,Not Applicable,No
DIS000153,PAT09218,ADM000281,FAC001,DEP004,2025-08-29,2025-08-30,Routine,6,Insurance Clearance Pending,No
DIS000158,PAT01963,ADM013586,FAC001,DEP004,2026-05-25,2026-05-25,Routine,0,Not Applicable,Yes
DIS000163,PAT06897,ADM006063,FAC002,DEP006,2025-06-24,2025-06-25,Routine,13,Medical Instability,Yes
DIS000175,PAT00009,ADM006747,FAC001,DEP004,2025-11-29,2025-11-29,Routine,0,Not Applicable,Yes
DIS000179,PAT02663,ADM008026,FAC005,DEP006,2025-02-07,2025-02-07,Routine,0,Not Applicable,Yes
DIS000186,PAT04792,ADM005496,FAC004,DEP004,2025-07-15,2025-07-15,Routine,0,Not Applicable,Yes
DIS000199,PAT02035,ADM000596,FAC004,DEP002,2025-03-02,2025-03-02,Routine,0,Not Applicable,Yes
DIS000200,PAT06730,ADM002140,FAC003,DEP005,2025-04-16,2025-04-17,Routine,6,Insurance Clearance Pending,No
DIS000211,PAT01431,ADM007096,FAC003,DEP007,2025-05-10,2025-05-10,Routine,0,Not Applicable,No
DIS000215,PAT01088,ADM011340,FAC001,DEP002,2025-12-25,2025-12-25,Routine,0,Not Applicable,Yes
DIS000230,PAT08012,ADM012682,FAC005,DEP006,2023-11-05,2023-11-05,Routine,0,Not Applicable,Yes
DIS000233,PAT08169,ADM005019,FAC005,DEP001,2025-04-30,2025-05-01,Routine,7,Family Not Available,Yes
DIS000243,PAT13984,ADM011216,FAC005,DEP005,2021-04-05,2021-04-05,AMA,0,Not Applicable,Yes
DIS000246,PAT01922,ADM014756,FAC003,DEP008,2022-03-05,2022-03-05,Referral,0,Not Applicable,Yes
DIS000247,PAT08073,ADM007395,FAC005,DEP006,2025-10-23,2025-10-24,Referral,23,Insurance Clearance Pending,Yes
DIS000255,PAT02343,ADM013084,FAC004,DEP004,2025-08-04,2025-08-04,Routine,0,Not Applicable,Yes
DIS000267,PAT08374,ADM012017,FAC003,DEP001,2025-04-06,2025-04-08,Transfer,27,Awaiting Transport,Yes
DIS000268,PAT14811,ADM014867,FAC003,DEP008,2023-07-14,2023-07-14,Routine,0,Not Applicable,No
DIS000274,PAT03300,ADM012438,FAC001,DEP003,2026-11-03,2026-11-03,Routine,0,Not Applicable,Yes
DIS000291,PAT05181,ADM007951,FAC005,DEP005,2025-05-07,2025-05-07,Routine,0,Not Applicable,No
DIS000307,PAT00132,ADM003632,FAC001,DEP001,2025-04-13,2025-04-13,Routine,0,Not Applicable,Yes
DIS000309,PAT07999,ADM005676,FAC001,DEP008,2025-11-12,2025-11-12,AMA,0,Not Applicable,Yes
DIS000311,PAT04863,ADM010952,FAC001,DEP008,2025-05-05,2025-05-05,Routine,0,Not Applicable,Yes
DIS000312,PAT02535,ADM004207,FAC001,DEP003,2025-04-12,2025-04-12,Transfer,0,Not Applicable,Yes
DIS000315,PAT01455,ADM009338,FAC003,DEP003,2024-04-21,2024-04-21,Routine,0,Not Applicable,No
DIS000318,PAT07158,ADM006924,FAC001,DEP003,2025-09-21,2025-09-21,Routine,0,Not Applicable,Yes
DIS000325,PAT05059,ADM002615,FAC003,DEP001,2025-01-12,2025-01-12,Referral,0,Not Applicable,No
DIS000328,PAT04116,ADM008043,FAC003,DEP007,2025-10-09,2025-10-09,Routine,0,Not Applicable,No
DIS000330,PAT05454,ADM011621,FAC004,DEP002,2021-09-10,2021-09-10,Routine,0,Not Applicable,No
DIS000331,PAT03959,ADM013885,FAC002,DEP007,2026-01-29,2026-01-29,Routine,0,Not Applicable,No
DIS000336,PAT00174,ADM008212,FAC002,DEP001,2025-03-28,2025-03-28,Referral,0,Not Applicable,Yes
DIS000344,PAT05599,ADM007429,FAC002,DEP002,2025-04-17,2025-04-18,Routine,1,Awaiting Transport,Yes
DIS000345,PAT12823,ADM012223,FAC003,DEP003,2023-09-21,2023-09-21,Referral,0,Not Applicable,No
DIS000347,PAT12490,ADM014735,FAC004,DEP002,2024-09-05,2024-09-05,Routine,0,Not Applicable,Yes
DIS000349,PAT04124,ADM001827,FAC002,DEP002,2025-03-02,2025-03-02,Transfer,0,Not Applicable,Yes
DIS000351,PAT00340,ADM002493,FAC004,DEP005,2025-07-06,2025-07-06,Routine,0,Not Applicable,No
DIS000355,PAT03324,ADM004389,FAC002,DEP006,2025-04-04,2025-04-04,Routine,0,Not Applicable,Yes
DIS000361,PAT04289,ADM002288,FAC001,DEP001,2025-07-03,2025-07-04,Routine,6,Insurance Clearance Pending,Yes
DIS000370,PAT09965,ADM001766,FAC003,DEP008,2025-09-04,2025-09-04,Transfer,0,Not Applicable,No
DIS000381,PAT04829,ADM001958,FAC001,DEP004,2025-03-18,2025-03-18,Routine,0,Not Applicable,Yes
DIS000384,PAT11966,ADM013792,FAC003,DEP008,2026-12-27,2026-12-27,Routine,0,Not Applicable,Yes
DIS000391,PAT03956,ADM009218,FAC005,DEP008,2026-10-31,2026-11-01,Routine,14,Awaiting Transport,Yes
DIS000400,PAT14287,ADM012274,FAC004,DEP006,2022-07-24,2022-07-24,Referral,0,Not Applicable,Yes
DIS000403,PAT13089,ADM014724,FAC004,DEP005,2021-05-09,2021-05-10,Routine,1,Insurance Clearance Pending,No
DIS000404,PAT07498,ADM002700,FAC002,DEP002,2025-10-25,2025-10-25,Routine,0,Not Applicable,No
DIS000417,PAT07880,ADM002711,FAC001,DEP002,2025-02-18,2025-02-18,AMA,0,Not Applicable,Yes
DIS000418,PAT01945,ADM014807,FAC002,DEP001,2024-09-23,2024-09-23,Routine,0,Not Applicable,No
DIS000428,PAT05684,ADM000854,FAC005,DEP006,2025-12-03,2025-12-03,Routine,0,Not Applicable,No
DIS000434,PAT06157,ADM002284,FAC003,DEP005,2025-10-24,2025-10-24,Routine,0,Not Applicable,No
DIS000441,PAT04668,ADM004657,FAC003,DEP003,2025-09-08,2025-09-08,Referral,0,Not Applicable,Yes
DIS000445,PAT02440,ADM010641,FAC003,DEP007,2025-11-08,2025-11-08,Routine,0,Not Applicable,No
DIS000448,PAT01859,ADM013285,FAC004,DEP006,2026-04-13,2026-04-13,AMA,0,Not Applicable,Yes
DIS000449,PAT05923,ADM001226,FAC001,DEP002,2025-08-15,2025-08-15,Routine,0,Not Applicable,Yes
DIS000450,PAT09508,ADM011959,FAC004,DEP007,2021-08-26,2021-08-26,Routine,0,Not Applicable,No
DIS000453,PAT08726,ADM004151,FAC002,DEP007,2025-02-23,2025-02-23,Routine,0,Not Applicable,Yes
DIS000457,PAT00466,ADM002674,FAC002,DEP005,2025-10-13,2025-10-13,Routine,0,Not Applicable,No
DIS000459,PAT05035,ADM012015,FAC002,DEP001,2023-04-20,2023-04-20,Routine,0,Not Applicable,Yes
DIS000466,PAT04098,ADM013915,FAC002,DEP002,2026-06-30,2026-06-30,Routine,0,Not Applicable,Yes
DIS000471,PAT13030,ADM009030,FAC004,DEP002,2025-10-07,2025-10-07,Routine,0,Not Applicable,Yes
DIS000476,PAT11990,ADM010579,FAC005,DEP005,2022-08-05,2022-08-05,Routine,0,Not Applicable,No
DIS000482,PAT06731,ADM014110,FAC004,DEP004,2026-02-21,2026-02-22,Routine,1,Awaiting Transport,No
DIS000489,PAT05235,ADM000476,FAC001,DEP001,2025-12-28,2025-12-28,Routine,0,Not Applicable,No
DIS000495,PAT05454,ADM002131,FAC004,DEP004,2025-01-23,2025-01-24,AMA,7,Awaiting Transport,Yes
DIS000502,PAT01954,ADM002195,FAC003,DEP008,2025-07-09,2025-07-09,Routine,0,Not Applicable,Yes
DIS000510,PAT00316,ADM006377,FAC001,DEP005,2025-12-31,2025-12-31,Routine,0,Not Applicable,Yes
DIS000515,PAT03548,ADM011112,FAC003,DEP008,2023-07-17,2023-07-18,Routine,9,Family Not Available,No
DIS000524,PAT03858,ADM008486,FAC003,DEP005,2025-01-29,2025-01-29,Routine,0,Not Applicable,Yes
DIS000531,PAT12364,ADM012577,FAC004,DEP005,2021-12-18,2021-12-18,Routine,0,Not Applicable,No
DIS000533,PAT03496,ADM000241,FAC002,DEP006,2025-02-16,2025-02-16,Routine,0,Not Applicable,Yes
DIS000535,PAT11875,ADM013870,FAC004,DEP007,2021-07-09,2021-07-09,Routine,0,Not Applicable,No
DIS000538,PAT02996,ADM009128,FAC005,DEP005,2026-12-12,2026-12-13,Routine,1,Awaiting Transport,Yes
DIS000542,PAT00477,ADM000670,FAC003,DEP001,2025-04-07,2025-04-08,Routine,1,Family Not Available,No
DIS000547,PAT01748,ADM005651,FAC003,DEP005,2025-06-11,2025-06-11,Transfer,0,Not Applicable,Yes
DIS000551,PAT14662,ADM012856,FAC004,DEP002,2025-04-17,2025-04-17,Routine,0,Not Applicable,Yes
DIS000555,PAT03546,ADM006015,FAC002,DEP007,2025-02-18,2025-02-18,Routine,0,Not Applicable,No
DIS000559,PAT00201,ADM011780,FAC001,DEP008,2022-09-24,2022-09-24,Routine,0,Not Applicable,No
DIS000560,PAT02656,ADM012573,FAC005,DEP006,2021-11-04,2021-11-04,Routine,0,Not Applicable,No
DIS000561,PAT05901,ADM012050,FAC001,DEP003,2022-04-21,2022-04-22,Routine,12,Medical Instability,Yes
DIS000575,PAT09218,ADM007822,FAC004,DEP007,2025-05-25,2025-05-25,Routine,0,Not Applicable,No
DIS000578,PAT11814,ADM010389,FAC005,DEP005,2022-04-15,2022-04-15,Routine,0,Not Applicable,No
DIS000580,PAT08385,ADM008000,FAC001,DEP004,2025-05-27,2025-05-27,Referral,0,Not Applicable,Yes
DIS000588,PAT04251,ADM013810,FAC005,DEP003,2025-01-14,2025-01-14,Routine,0,Not Applicable,Yes
DIS000599,PAT09884,ADM003907,FAC005,DEP007,2025-02-23,2025-02-23,Routine,0,Not Applicable,Yes
DIS000601,PAT01784,ADM014025,FAC004,DEP001,2026-05-14,2026-05-14,Routine,0,Not Applicable,No
DIS000604,PAT02123,ADM003956,FAC002,DEP007,2025-12-26,2025-12-26,Routine,0,Not Applicable,Yes
DIS000616,PAT04955,ADM007777,FAC003,DEP005,2025-04-15,2025-04-15,Routine,0,Not Applicable,No
DIS000619,PAT09989,ADM006826,FAC004,DEP002,2025-07-11,2025-07-11,Routine,0,Not Applicable,Yes
DIS000622,PAT11829,ADM012607,FAC005,DEP006,2024-09-06,2024-09-06,Transfer,0,Not Applicable,No
DIS000623,PAT13466,ADM011119,FAC003,DEP007,2025-01-10,2025-01-10,Routine,0,Not Applicable,No
DIS000625,PAT00151,ADM009637,FAC003,DEP005,2026-10-31,2026-10-31,Routine,0,Not Applicable,No
DIS000626,PAT01011,ADM000599,FAC005,DEP006,2025-05-26,2025-05-27,Routine,3,Insurance Clearance Pending,No
DIS000630,PAT10916,ADM010168,FAC003,DEP005,2022-03-06,2022-03-06,Routine,0,Not Applicable,Yes
DIS000631,PAT01714,ADM001165,FAC002,DEP007,2025-10-09,2025-10-09,Routine,0,Not Applicable,No
DIS000633,PAT14084,ADM010415,FAC002,DEP001,2025-04-19,2025-04-19,Routine,0,Not Applicable,No
DIS000637,PAT06460,ADM013290,FAC002,DEP005,2022-06-15,2022-06-15,Routine,0,Not Applicable,Yes
DIS000647,PAT07637,ADM005532,FAC005,DEP005,2025-02-24,2025-02-24,Referral,0,Not Applicable,Yes
DIS000649,PAT08305,ADM004451,FAC004,DEP006,2025-02-12,2025-02-12,Routine,0,Not Applicable,Yes
DIS000652,PAT07976,ADM001947,FAC001,DEP001,2025-12-25,2025-12-26,Routine,2,Family Not Available,No
DIS000658,PAT04709,ADM008540,FAC002,DEP006,2024-08-27,2024-08-27,Routine,0,Not Applicable,Yes
DIS000660,PAT05847,ADM014834,FAC004,DEP002,2023-10-21,2023-10-21,Referral,0,Not Applicable,No
DIS000671,PAT06352,ADM001406,FAC001,DEP002,2025-06-06,2025-06-07,Routine,13,Medical Instability,Yes
DIS000674,PAT06078,ADM000965,FAC002,DEP001,2025-07-12,2025-07-13,Routine,7,Medical Instability,No
DIS000676,PAT06751,ADM008342,FAC001,DEP008,2025-01-25,2025-01-25,Routine,0,Not Applicable,No
DIS000688,PAT06706,ADM012867,FAC005,DEP008,2023-09-08,2023-09-08,Routine,0,Not Applicable,Yes
DIS000694,PAT10451,ADM013968,FAC003,DEP008,2022-04-07,2022-04-08,Routine,5,Insurance Clearance Pending,Yes
DIS000695,PAT09071,ADM007979,FAC003,DEP007,2025-06-16,2025-06-16,Routine,0,Not Applicable,Yes
DIS000700,PAT05218,ADM001545,FAC004,DEP007,2025-08-19,2025-08-19,Routine,0,Not Applicable,No
DIS000704,PAT00004,ADM005244,FAC003,DEP005,2025-05-28,2025-05-28,Routine,0,Not Applicable,No
DIS000706,PAT07634,ADM012139,FAC004,DEP004,2026-08-13,2026-08-13,Routine,0,Not Applicable,No
DIS000709,PAT07624,ADM001549,FAC005,DEP008,2025-01-18,2025-01-18,Routine,0,Not Applicable,No
DIS000711,PAT09053,ADM011247,FAC003,DEP008,2022-02-25,2022-02-25,Transfer,0,Not Applicable,Yes
DIS000721,PAT10363,ADM011764,FAC005,DEP005,2021-04-29,2021-04-30,Routine,16,Insurance Clearance Pending,Yes
DIS000729,PAT04861,ADM013364,FAC004,DEP001,2026-12-29,2026-12-29,Routine,0,Not Applicable,Yes
DIS000734,PAT02088,ADM000081,FAC003,DEP001,2025-05-31,2025-05-31,Routine,0,Not Applicable,Yes
DIS000735,PAT07827,ADM003630,FAC001,DEP008,2026-01-02,2026-01-02,Routine,0,Not Applicable,Yes
DIS000738,PAT02309,ADM012014,FAC003,DEP005,2025-09-21,2025-09-21,Routine,0,Not Applicable,No
DIS000745,PAT04871,ADM005546,FAC005,DEP008,2025-05-02,2025-05-02,Routine,0,Not Applicable,No
DIS000746,PAT05334,ADM005681,FAC004,DEP006,2025-12-13,2025-12-14,Routine,2,Documentation Pending,No
DIS000762,PAT02272,ADM007771,FAC005,DEP006,2025-04-23,2025-04-23,Routine,0,Not Applicable,Yes
DIS000765,PAT08590,ADM012468,FAC001,DEP008,2024-04-12,2024-04-13,Routine,11,Awaiting Transport,Yes
DIS000770,PAT06595,ADM004475,FAC005,DEP005,2025-01-31,2025-01-31,Routine,0,Not Applicable,No
DIS000774,PAT05338,ADM014788,FAC003,DEP001,2021-04-28,2021-04-28,Routine,0,Not Applicable,Yes
DIS000785,PAT06992,ADM006634,FAC002,DEP005,2025-03-11,2025-03-12,Routine,2,Awaiting Transport,Yes
DIS000786,PAT07151,ADM006714,FAC004,DEP006,2025-12-05,2025-12-05,Routine,0,Not Applicable,Yes
DIS000790,PAT01509,ADM000521,FAC001,DEP008,2025-08-15,2025-08-16,Routine,6,Family Not Available,Yes
DIS000794,PAT11712,ADM012957,FAC001,DEP004,2022-12-03,2022-12-04,Transfer,1,Family Not Available,Yes
DIS000798,PAT08635,ADM003776,FAC005,DEP007,2025-02-20,2025-02-20,Routine,0,Not Applicable,Yes
DIS000801,PAT04873,ADM007685,FAC003,DEP005,2025-04-18,2025-04-18,Routine,0,Not Applicable,No
DIS000805,PAT04047,ADM014174,FAC004,DEP002,2024-01-12,2024-01-13,Routine,1,Documentation Pending,No
DIS000810,PAT09233,ADM011192,FAC001,DEP003,2024-12-19,2024-12-19,Routine,0,Not Applicable,No
DIS000817,PAT02663,ADM012513,FAC003,DEP003,2021-06-13,2021-06-14,Transfer,3,Insurance Clearance Pending,No
DIS000826,PAT12120,ADM009594,FAC005,DEP001,2024-04-11,2024-04-11,Routine,0,Not Applicable,No
DIS000829,PAT03951,ADM008806,FAC004,DEP004,2021-12-21,2021-12-21,Routine,0,Not Applicable,Yes
DIS000834,PAT00531,ADM007813,FAC004,DEP005,2025-10-06,2025-10-06,Routine,0,Not Applicable,No
DIS000839,PAT00829,ADM001903,FAC005,DEP001,2025-02-03,2025-02-04,Routine,4,Documentation Pending,Yes
DIS000842,PAT13488,ADM012474,FAC002,DEP005,2025-03-14,2025-03-15,Routine,7,Awaiting Transport,Yes
DIS000846,PAT03469,ADM007441,FAC004,DEP001,2025-07-17,2025-07-17,Routine,0,Not Applicable,Yes
DIS000859,PAT05707,ADM001591,FAC004,DEP004,2025-11-07,2025-11-07,Routine,0,Not Applicable,Yes
DIS000863,PAT05795,ADM014028,FAC001,DEP005,2025-09-20,2025-09-21,Routine,1,Insurance Clearance Pending,No
DIS000865,PAT10753,ADM011257,FAC003,DEP008,2022-08-15,2022-08-15,Routine,0,Not Applicable,No
DIS000867,PAT00411,ADM006074,FAC004,DEP005,2025-12-18,2025-12-18,Routine,0,Not Applicable,Yes
DIS000879,PAT08577,ADM013365,FAC003,DEP003,2023-03-27,2023-03-27,Routine,0,Not Applicable,Yes
DIS000883,PAT09648,ADM014203,FAC005,DEP007,2024-07-27,2024-07-27,Routine,0,Not Applicable,Yes
DIS000888,PAT06336,ADM003394,FAC001,DEP003,2025-09-15,2025-09-15,Routine,0,Not Applicable,Yes
DIS000893,PAT14951,ADM010167,FAC003,DEP005,2022-07-04,2022-07-04,Routine,0,Not Applicable,Yes
DIS000896,PAT04844,ADM004096,FAC001,DEP005,2025-12-02,2025-12-02,Routine,0,Not Applicable,No
DIS000900,PAT10974,ADM014188,FAC002,DEP005,2021-08-21,2021-08-22,Routine,1,Family Not Available,No
DIS000902,PAT03012,ADM012206,FAC002,DEP007,2026-02-03,2026-02-03,Routine,0,Not Applicable,Yes
DIS000911,PAT07051,ADM013274,FAC003,DEP003,2026-07-30,2026-07-30,Routine,0,Not Applicable,Yes
DIS000916,PAT02901,ADM010290,FAC002,DEP002,2026-07-10,2026-07-11,Transfer,9,Insurance Clearance Pending,Yes
DIS000918,PAT14652,ADM013024,FAC004,DEP001,2024-12-19,2024-12-19,Routine,0,Not Applicable,Yes
DIS000926,PAT01663,ADM003528,FAC005,DEP005,2025-05-04,2025-05-04,Routine,0,Not Applicable,Yes
DIS000934,PAT05752,ADM006645,FAC003,DEP001,2025-07-31,2025-08-01,Referral,1,Awaiting Transport,No
DIS000935,PAT02021,ADM002690,FAC001,DEP001,2025-02-13,2025-02-13,Transfer,0,Not Applicable,Yes
DIS000951,PAT03438,ADM012779,FAC003,DEP003,2025-05-19,2025-05-19,Routine,0,Not Applicable,Yes
DIS000952,PAT03669,ADM002866,FAC005,DEP005,2025-06-28,2025-06-28,Routine,0,Not Applicable,No
DIS000956,PAT08392,ADM004388,FAC003,DEP001,2025-05-12,2025-05-12,Routine,0,Not Applicable,No
DIS000966,PAT08731,ADM001718,FAC001,DEP008,2025-06-30,2025-06-30,Routine,0,Not Applicable,Yes
DIS000969,PAT00931,ADM005734,FAC001,DEP008,2025-01-11,2025-01-11,Transfer,0,Not Applicable,Yes
DIS000971,PAT00745,ADM000968,FAC002,DEP007,2025-08-17,2025-08-17,Routine,0,Not Applicable,Yes
DIS000978,PAT03324,ADM004040,FAC001,DEP005,2025-02-12,2025-02-13,Transfer,23,Awaiting Transport,No
DIS000979,PAT10156,ADM014026,FAC005,DEP007,2024-02-16,2024-02-16,Routine,0,Not Applicable,Yes
DIS000980,PAT07634,ADM003384,FAC005,DEP006,2025-07-12,2025-07-12,Routine,0,Not Applicable,Yes
DIS000990,PAT03903,ADM000519,FAC001,DEP005,2025-07-02,2025-07-03,Routine,8,Awaiting Transport,Yes
DIS000998,PAT05454,ADM011898,FAC004,DEP002,2021-05-12,2021-05-12,Routine,0,Not Applicable,No
DIS001002,PAT01702,ADM013849,FAC001,DEP008,2024-07-08,2024-07-08,Routine,0,Not Applicable,Yes
DIS001013,PAT00813,ADM004430,FAC005,DEP007,2025-06-17,2025-06-18,Routine,1,Documentation Pending,Yes
DIS001016,PAT05693,ADM001395,FAC005,DEP008,2025-08-21,2025-08-21,Routine,0,Not Applicable,No
DIS001029,PAT00331,ADM008181,FAC004,DEP004,2025-09-27,2025-09-27,Routine,0,Not Applicable,No
DIS001038,PAT13918,ADM011295,FAC002,DEP001,2025-01-24,2025-01-25,Routine,22,Insurance Clearance Pending,Yes
DIS001041,PAT04790,ADM000217,FAC001,DEP005,2025-06-28,2025-06-28,Routine,0,Not Applicable,Yes
DIS001042,PAT05283,ADM001935,FAC001,DEP005,2025-09-14,2025-09-14,Routine,0,Not Applicable,No
DIS001046,PAT08274,ADM006934,FAC001,DEP001,2025-05-25,2025-05-25,Transfer,0,Not Applicable,Yes
DIS001054,PAT08133,ADM000018,FAC002,DEP006,2025-06-16,2025-06-17,Routine,6,Awaiting Transport,Yes
DIS001056,PAT00275,ADM002782,FAC001,DEP008,2025-04-24,2025-04-24,Routine,0,Not Applicable,No
DIS001062,PAT01140,ADM007594,FAC003,DEP003,2025-03-09,2025-03-09,Routine,0,Not Applicable,Yes
DIS001068,PAT06706,ADM008914,FAC005,DEP005,2021-08-04,2021-08-07,Routine,50,Family Not Available,Yes
DIS001077,PAT09664,ADM004192,FAC001,DEP005,2025-01-24,2025-01-24,Routine,0,Not Applicable,No
DIS001080,PAT13260,ADM011081,FAC001,DEP003,2024-08-25,2024-08-25,Routine,0,Not Applicable,Yes
DIS001090,PAT09724,ADM010233,FAC001,DEP004,2026-09-10,2026-09-10,Routine,0,Not Applicable,No
DIS001099,PAT00285,ADM010601,FAC001,DEP008,2025-10-08,2025-10-08,Transfer,0,Not Applicable,Yes
DIS001100,PAT02612,ADM005949,FAC005,DEP001,2025-06-11,2025-06-12,Routine,1,Medical Instability,No
DIS001101,PAT08726,ADM012283,FAC005,DEP008,2024-10-21,2024-10-21,Routine,0,Not Applicable,No
DIS001109,PAT11356,ADM013836,FAC005,DEP003,2026-09-04,2026-09-04,Routine,0,Not Applicable,Yes
DIS001113,PAT05548,ADM014169,FAC005,DEP003,2022-12-12,2022-12-12,Transfer,0,Not Applicable,Yes
DIS001118,PAT07376,ADM005212,FAC001,DEP002,2025-07-12,2025-07-13,Transfer,1,Insurance Clearance Pending,Yes
DIS001119,PAT08766,ADM003072,FAC005,DEP007,2025-12-19,2025-12-19,Routine,0,Not Applicable,Yes
DIS001122,PAT03680,ADM005064,FAC001,DEP005,2025-09-27,2025-09-27,Routine,0,Not Applicable,Yes
DIS001125,PAT06827,ADM004310,FAC003,DEP001,2025-07-12,2025-07-13,Routine,20,Medical Instability,Yes
DIS001137,PAT13905,ADM011714,FAC002,DEP006,2023-10-27,2023-10-27,Routine,0,Not Applicable,No
DIS001146,PAT09648,ADM008277,FAC003,DEP007,2025-08-10,2025-08-10,Routine,0,Not Applicable,No
DIS001151,PAT08488,ADM009606,FAC004,DEP004,2024-06-06,2024-06-06,Routine,0,Not Applicable,No
DIS001162,PAT07272,ADM001074,FAC004,DEP006,2025-01-18,2025-01-18,Routine,0,Not Applicable,No
DIS001171,PAT14005,ADM014738,FAC003,DEP008,2025-08-30,2025-08-30,Routine,0,Not Applicable,Yes
DIS001177,PAT06046,ADM006992,FAC005,DEP008,2025-01-29,2025-01-29,Routine,0,Not Applicable,Yes
DIS001189,PAT02630,ADM000322,FAC005,DEP003,2025-08-24,2025-08-24,Routine,0,Not Applicable,Yes
DIS001196,PAT08701,ADM004681,FAC001,DEP004,2025-11-25,2025-11-25,Routine,0,Not Applicable,No
DIS001199,PAT02358,ADM006632,FAC004,DEP004,2025-01-18,2025-01-18,Routine,0,Not Applicable,Yes
DIS001200,PAT00178,ADM009552,FAC004,DEP001,2025-04-17,2025-04-17,Transfer,0,Not Applicable,Yes
DIS001201,PAT11275,ADM010767,FAC004,DEP002,2024-02-22,2024-02-24,Routine,30,Insurance Clearance Pending,Yes
DIS001202,PAT13651,ADM009204,FAC002,DEP005,2023-11-23,2023-11-23,Routine,0,Not Applicable,Yes
DIS001210,PAT08991,ADM002867,FAC001,DEP002,2025-02-24,2025-02-24,Transfer,0,Not Applicable,No
DIS001217,PAT06685,ADM006575,FAC001,DEP002,2025-02-21,2025-02-21,Routine,0,Not Applicable,Yes
DIS001219,PAT05505,ADM007845,FAC005,DEP003,2025-10-20,2025-10-21,Routine,2,Family Not Available,Yes
DIS001237,PAT01198,ADM007074,FAC001,DEP004,2025-07-23,2025-07-23,Routine,0,Not Applicable,Yes
DIS001247,PAT07096,ADM012762,FAC002,DEP006,2021-04-28,2021-04-28,Routine,0,Not Applicable,Yes
DIS001270,PAT08628,ADM001922,FAC003,DEP008,2025-02-05,2025-02-05,Routine,0,Not Applicable,No
DIS001277,PAT00796,ADM001831,FAC004,DEP007,2025-03-11,2025-03-11,AMA,0,Not Applicable,Yes
DIS001278,PAT00979,ADM012330,FAC005,DEP006,2023-10-14,2023-10-15,Routine,16,Medical Instability,Yes
DIS001279,PAT09233,ADM011151,FAC005,DEP006,2026-01-06,2026-01-06,Routine,0,Not Applicable,No
DIS001285,PAT01946,ADM011044,FAC004,DEP006,2026-10-23,2026-10-24,Routine,3,Documentation Pending,No
DIS001286,PAT07732,ADM008711,FAC001,DEP002,2022-04-03,2022-04-04,Routine,16,Awaiting Transport,No
DIS001299,PAT09262,ADM013643,FAC004,DEP001,2025-04-04,2025-04-04,Routine,0,Not Applicable,Yes
DIS001300,PAT04666,ADM007681,FAC001,DEP001,2025-01-17,2025-01-17,Routine,0,Not Applicable,No
DIS001314,PAT06909,ADM010749,FAC002,DEP001,2026-06-26,2026-06-27,Routine,3,Documentation Pending,No
DIS001315,PAT01721,ADM001254,FAC004,DEP006,2025-05-01,2025-05-01,Routine,0,Not Applicable,No
DIS001320,PAT07811,ADM012495,FAC004,DEP001,2024-12-04,2024-12-05,Routine,4,Insurance Clearance Pending,Yes
DIS001322,PAT04129,ADM004719,FAC001,DEP005,2025-09-07,2025-09-07,Routine,0,Not Applicable,Yes
DIS001323,PAT01523,ADM014350,FAC002,DEP001,2024-08-11,2024-08-11,Routine,0,Not Applicable,Yes
DIS001328,PAT09902,ADM014968,FAC003,DEP003,2026-10-26,2026-10-27,Routine,1,Awaiting Transport,Yes
DIS001329,PAT03548,ADM014162,FAC004,DEP002,2023-03-02,2023-03-03,Routine,1,Insurance Clearance Pending,Yes
DIS001333,PAT01800,ADM009880,FAC004,DEP004,2024-01-17,2024-01-18,Transfer,5,Documentation Pending,No
DIS001334,PAT00591,ADM000605,FAC002,DEP005,2025-04-07,2025-04-07,Routine,0,Not Applicable,Yes
DIS001347,PAT04448,ADM006698,FAC004,DEP006,2025-12-11,2025-12-11,Routine,0,Not Applicable,Yes
DIS001359,PAT01633,ADM005222,FAC004,DEP001,2025-12-13,2025-12-13,Referral,0,Not Applicable,No
DIS001376,PAT12824,ADM011988,FAC004,DEP002,2024-07-22,2024-07-22,Routine,0,Not Applicable,Yes
DIS001378,PAT05801,ADM010043,FAC004,DEP002,2024-06-04,2024-06-05,Referral,1,Awaiting Transport,Yes
DIS001379,PAT02426,ADM009484,FAC005,DEP003,2026-09-25,2026-09-25,Routine,0,Not Applicable,Yes
DIS001382,PAT06492,ADM007715,FAC002,DEP007,2025-04-08,2025-04-09,Routine,24,Medical Instability,Yes
DIS001387,PAT10366,ADM009809,FAC003,DEP008,2025-06-30,2025-06-30,Routine,0,Not Applicable,Yes
DIS001388,PAT00395,ADM006138,FAC002,DEP006,2025-10-29,2025-10-29,Referral,0,Not Applicable,No
DIS001389,PAT08262,ADM009951,FAC002,DEP005,2024-04-24,2024-04-24,Routine,0,Not Applicable,Yes
DIS001391,PAT06649,ADM001259,FAC005,DEP003,2025-12-22,2025-12-22,Routine,0,Not Applicable,Yes
DIS001397,PAT00096,ADM001521,FAC004,DEP005,2025-05-08,2025-05-09,Routine,9,Family Not Available,No
DIS001401,PAT06537,ADM013322,FAC005,DEP003,2023-11-26,2023-11-26,Routine,0,Not Applicable,Yes
DIS001406,PAT09262,ADM008161,FAC002,DEP007,2025-01-27,2025-01-27,Routine,0,Not Applicable,No
DIS001408,PAT01804,ADM000082,FAC005,DEP003,2025-08-31,2025-09-01,Routine,4,Awaiting Transport,No
DIS001409,PAT09346,ADM001510,FAC003,DEP001,2025-04-27,2025-04-28,Routine,1,Medical Instability,Yes
DIS001413,PAT05675,ADM009259,FAC002,DEP006,2025-10-12,2025-10-12,Routine,0,Not Applicable,Yes
DIS001416,PAT06919,ADM010022,FAC005,DEP007,2023-03-31,2023-04-01,Routine,9,Awaiting Transport,Yes
DIS001422,PAT07913,ADM013708,FAC004,DEP001,2026-11-15,2026-11-16,Routine,7,Family Not Available,No
DIS001426,PAT02875,ADM005192,FAC005,DEP008,2025-02-26,2025-02-26,Routine,0,Not Applicable,Yes
DIS001427,PAT08935,ADM010537,FAC004,DEP002,2022-11-11,2022-11-11,Routine,0,Not Applicable,Yes
DIS001428,PAT09862,ADM000937,FAC004,DEP001,2025-01-04,2025-01-04,Routine,0,Not Applicable,No
DIS001430,PAT08150,ADM007304,FAC001,DEP003,2025-01-17,2025-01-17,Routine,0,Not Applicable,No
DIS001432,PAT09825,ADM008311,FAC004,DEP001,2025-09-12,2025-09-12,Transfer,0,Not Applicable,Yes
DIS001436,PAT09361,ADM010516,FAC004,DEP006,2022-12-21,2022-12-21,Routine,0,Not Applicable,No
DIS001442,PAT03882,ADM007943,FAC003,DEP008,2025-03-23,2025-03-23,Routine,0,Not Applicable,Yes
DIS001443,PAT09028,ADM010677,FAC001,DEP001,2021-10-28,2021-10-28,Routine,0,Not Applicable,No
DIS001444,PAT06561,ADM014484,FAC002,DEP007,2021-11-30,2021-11-30,Routine,0,Not Applicable,Yes
DIS001450,PAT00928,ADM002857,FAC005,DEP007,2025-06-11,2025-06-11,Routine,0,Not Applicable,Yes
DIS001473,PAT12015,ADM011378,FAC005,DEP003,2026-11-06,2026-11-06,Routine,0,Not Applicable,Yes
DIS001481,PAT08262,ADM014932,FAC003,DEP003,2024-04-23,2024-04-24,Routine,20,Family Not Available,No
DIS001482,PAT14717,ADM011147,FAC003,DEP007,2021-11-06,2021-11-07,Routine,15,Family Not Available,No
DIS001483,PAT14287,ADM013357,FAC003,DEP001,2022-01-22,2022-01-22,Transfer,0,Not Applicable,Yes
DIS001485,PAT09870,ADM006941,FAC001,DEP005,2025-04-10,2025-04-11,Routine,5,Medical Instability,Yes
DIS001486,PAT06951,ADM013633,FAC002,DEP007,2023-08-28,2023-08-28,Routine,0,Not Applicable,No
DIS001488,PAT00114,ADM006146,FAC005,DEP003,2025-06-11,2025-06-11,Transfer,0,Not Applicable,No
DIS001490,PAT03485,ADM002060,FAC003,DEP001,2025-06-16,2025-06-16,Routine,0,Not Applicable,No
DIS001491,PAT06460,ADM005409,FAC004,DEP001,2025-04-12,2025-04-13,Routine,4,Insurance Clearance Pending,Yes
DIS001510,PAT10183,ADM010035,FAC005,DEP001,2026-04-15,2026-04-15,Routine,0,Not Applicable,No
DIS001514,PAT03064,ADM003277,FAC004,DEP005,2025-10-11,2025-10-11,Routine,0,Not Applicable,Yes
DIS001515,PAT09190,ADM003155,FAC005,DEP003,2025-11-21,2025-11-21,Routine,0,Not Applicable,No
DIS001521,PAT00980,ADM007622,FAC005,DEP001,2025-07-04,2025-07-04,Transfer,0,Not Applicable,Yes
DIS001522,PAT01618,ADM009033,FAC005,DEP008,2024-07-10,2024-07-10,Routine,0,Not Applicable,Yes
DIS001523,PAT08881,ADM010274,FAC002,DEP001,2022-07-05,2022-07-06,AMA,1,Medical Instability,Yes
DIS001527,PAT06799,ADM004215,FAC002,DEP001,2025-12-19,2025-12-20,Routine,14,Family Not Available,Yes
DIS001528,PAT01787,ADM012443,FAC002,DEP005,2025-04-21,2025-04-21,Routine,0,Not Applicable,Yes
DIS001543,PAT07293,ADM012645,FAC003,DEP008,2023-08-16,2023-08-16,Routine,0,Not Applicable,No
DIS001547,PAT06424,ADM004422,FAC002,DEP005,2025-05-15,2025-05-15,Routine,0,Not Applicable,Yes
DIS001561,PAT07959,ADM011797,FAC003,DEP005,2023-09-03,2023-09-03,Routine,0,Not Applicable,Yes
DIS001562,PAT08385,ADM001697,FAC001,DEP008,2025-03-04,2025-03-04,Routine,0,Not Applicable,Yes
DIS001566,PAT09122,ADM009180,FAC001,DEP001,2022-04-06,2022-04-07,Routine,6,Insurance Clearance Pending,Yes
DIS001577,PAT03284,ADM014992,FAC001,DEP004,2021-06-16,2021-06-17,Routine,11,Awaiting Transport,Yes
DIS001584,PAT04085,ADM001649,FAC004,DEP002,2025-04-28,2025-04-30,Routine,25,Insurance Clearance Pending,No
DIS001587,PAT00032,ADM004162,FAC002,DEP006,2025-03-13,2025-03-13,Routine,0,Not Applicable,No
DIS001590,PAT03703,ADM000531,FAC001,DEP005,2025-04-27,2025-04-27,Routine,0,Not Applicable,Yes
DIS001591,PAT01394,ADM009487,FAC004,DEP007,2024-08-03,2024-08-04,Routine,2,Medical Instability,No
DIS001596,PAT10857,ADM011571,FAC003,DEP003,2024-02-03,2024-02-03,Routine,0,Not Applicable,Yes
DIS001600,PAT06193,ADM003190,FAC005,DEP005,2025-12-25,2025-12-26,Routine,1,Awaiting Transport,Yes
DIS001606,PAT04668,ADM005504,FAC002,DEP005,2025-02-18,2025-02-18,Referral,0,Not Applicable,No
DIS001611,PAT03469,ADM014107,FAC002,DEP005,2025-01-08,2025-01-08,Routine,0,Not Applicable,No
DIS001625,PAT06851,ADM007225,FAC005,DEP008,2025-07-29,2025-07-30,Routine,9,Family Not Available,Yes
DIS001630,PAT00625,ADM009201,FAC004,DEP005,2024-09-01,2024-09-01,Routine,0,Not Applicable,No
DIS001642,PAT00733,ADM002475,FAC001,DEP005,2025-08-29,2025-08-29,Routine,0,Not Applicable,Yes
DIS001643,PAT04537,ADM010526,FAC005,DEP007,2021-11-12,2021-11-13,Routine,10,Medical Instability,Yes
DIS001647,PAT06922,ADM011185,FAC003,DEP007,2021-10-22,2021-10-23,Routine,1,Documentation Pending,Yes
DIS001658,PAT08185,ADM012041,FAC005,DEP003,2023-04-14,2023-04-14,Routine,0,Not Applicable,Yes
DIS001660,PAT01476,ADM002541,FAC004,DEP006,2025-01-07,2025-01-07,Transfer,0,Not Applicable,Yes
DIS001664,PAT06436,ADM007376,FAC005,DEP006,2025-07-08,2025-07-09,Transfer,1,Medical Instability,Yes
DIS001667,PAT06135,ADM007068,FAC005,DEP007,2025-04-26,2025-04-26,Routine,0,Not Applicable,No
DIS001668,PAT06707,ADM012297,FAC002,DEP006,2022-12-27,2022-12-27,Routine,0,Not Applicable,Yes
DIS001676,PAT07863,ADM007566,FAC003,DEP007,2025-05-14,2025-05-15,Routine,4,Awaiting Transport,Yes
DIS001678,PAT10521,ADM011482,FAC003,DEP001,2026-01-29,2026-01-29,Routine,0,Not Applicable,Yes
DIS001679,PAT14513,ADM010390,FAC001,DEP008,2022-10-18,2022-10-18,Routine,0,Not Applicable,No
DIS001682,PAT03405,ADM002181,FAC002,DEP002,2025-01-16,2025-01-16,Routine,0,Not Applicable,Yes
DIS001689,PAT01054,ADM005837,FAC005,DEP003,2025-03-16,2025-03-16,Routine,0,Not Applicable,Yes
DIS001700,PAT02059,ADM010543,FAC003,DEP003,2024-10-02,2024-10-02,Routine,0,Not Applicable,Yes
DIS001702,PAT02120,ADM003435,FAC001,DEP002,2025-09-21,2025-09-21,Routine,0,Not Applicable,No
DIS001708,PAT06476,ADM008124,FAC005,DEP007,2025-04-04,2025-04-04,Routine,0,Not Applicable,Yes
DIS001715,PAT09726,ADM006553,FAC004,DEP007,2025-01-16,2025-01-17,Routine,3,Medical Instability,No
DIS001716,PAT06320,ADM008488,FAC004,DEP001,2025-05-15,2025-05-15,Routine,0,Not Applicable,Yes
DIS001720,PAT08980,ADM014505,FAC005,DEP001,2026-12-03,2026-12-03,Routine,0,Not Applicable,No
DIS001724,PAT02620,ADM003236,FAC003,DEP005,2025-02-26,2025-02-26,Routine,0,Not Applicable,No
DIS001728,PAT02975,ADM006166,FAC004,DEP005,2025-06-23,2025-06-23,Routine,0,Not Applicable,Yes
DIS001755,PAT03469,ADM007053,FAC002,DEP006,2025-11-28,2025-11-28,Routine,0,Not Applicable,Yes
DIS001757,PAT04154,ADM012661,FAC001,DEP005,2022-06-26,2022-06-27,Routine,2,Awaiting Transport,No
DIS001763,PAT02678,ADM000735,FAC002,DEP002,2025-01-02,2025-01-03,Routine,12,Documentation Pending,No
DIS001776,PAT00089,ADM007337,FAC001,DEP008,2025-02-26,2025-02-26,Routine,0,Not Applicable,Yes
DIS001784,PAT04818,ADM004790,FAC003,DEP005,2025-07-31,2025-07-31,Routine,0,Not Applicable,Yes
DIS001793,PAT03121,ADM005357,FAC005,DEP003,2025-09-24,2025-09-24,Transfer,0,Not Applicable,Yes
DIS001799,PAT05156,ADM001725,FAC005,DEP001,2025-08-26,2025-08-26,Routine,0,Not Applicable,No
DIS001801,PAT08626,ADM007125,FAC003,DEP007,2025-05-22,2025-05-22,Routine,0,Not Applicable,Yes
DIS001803,PAT02184,ADM000780,FAC001,DEP005,2025-09-15,2025-09-15,Routine,0,Not Applicable,No
DIS001805,PAT07111,ADM007620,FAC004,DEP006,2025-03-14,2025-03-14,Routine,0,Not Applicable,No
DIS001807,PAT01633,ADM007710,FAC005,DEP008,2025-10-01,2025-10-02,Routine,12,Family Not Available,No
DIS001809,PAT04129,ADM000834,FAC001,DEP004,2025-12-26,2025-12-26,Transfer,0,Not Applicable,No
DIS001819,PAT05569,ADM012511,FAC003,DEP007,2024-01-20,2024-01-20,Routine,0,Not Applicable,No
DIS001826,PAT00132,ADM004642,FAC001,DEP001,2025-11-17,2025-11-18,Transfer,1,Insurance Clearance Pending,No
DIS001838,PAT00480,ADM013478,FAC004,DEP007,2025-08-06,2025-08-06,Routine,0,Not Applicable,Yes
DIS001841,PAT00004,ADM002460,FAC005,DEP007,2025-09-13,2025-09-13,Routine,0,Not Applicable,Yes
DIS001842,PAT06649,ADM000126,FAC002,DEP006,2025-07-24,2025-07-24,Routine,0,Not Applicable,Yes
DIS001843,PAT07579,ADM013358,FAC005,DEP008,2026-12-27,2026-12-27,Routine,0,Not Applicable,No
DIS001849,PAT01036,ADM004483,FAC002,DEP007,2025-09-23,2025-09-23,Routine,0,Not Applicable,No
DIS001852,PAT07008,ADM000438,FAC005,DEP003,2025-04-02,2025-04-02,Routine,0,Not Applicable,Yes
DIS001853,PAT00285,ADM006896,FAC003,DEP005,2025-10-08,2025-10-09,Routine,5,Awaiting Transport,Yes
DIS001857,PAT05153,ADM000715,FAC002,DEP005,2025-12-08,2025-12-08,Routine,0,Not Applicable,No
DIS001869,PAT06761,ADM009650,FAC002,DEP002,2026-04-07,2026-04-07,Routine,0,Not Applicable,Yes
DIS001877,PAT09293,ADM001561,FAC001,DEP008,2025-03-23,2025-03-23,Routine,0,Not Applicable,No
DIS001880,PAT08583,ADM006319,FAC004,DEP006,2025-11-19,2025-11-20,Routine,1,Family Not Available,Yes
DIS001884,PAT07110,ADM004848,FAC004,DEP005,2025-11-19,2025-11-19,Routine,0,Not Applicable,No
DIS001885,PAT08472,ADM013007,FAC004,DEP006,2023-12-13,2023-12-13,AMA,0,Not Applicable,No
DIS001887,PAT02486,ADM006898,FAC001,DEP001,2025-09-12,2025-09-12,Routine,0,Not Applicable,Yes
DIS001889,PAT06546,ADM012028,FAC001,DEP001,2023-09-13,2023-09-14,Routine,20,Insurance Clearance Pending,No
DIS001890,PAT10674,ADM011228,FAC004,DEP001,2023-01-24,2023-01-26,Routine,25,Documentation Pending,No
DIS001891,PAT14814,ADM009996,FAC004,DEP007,2025-05-02,2025-05-02,Routine,0,Not Applicable,Yes
DIS001893,PAT02334,ADM006018,FAC004,DEP004,2025-10-01,2025-10-01,Routine,0,Not Applicable,Yes
DIS001897,PAT14365,ADM013378,FAC002,DEP001,2022-12-16,2022-12-17,Routine,1,Awaiting Transport,No
DIS001898,PAT06803,ADM013010,FAC005,DEP005,2023-02-19,2023-02-20,Routine,22,Awaiting Transport,Yes
DIS001906,PAT03117,ADM011535,FAC003,DEP005,2026-05-23,2026-05-23,Routine,0,Not Applicable,Yes
DIS001909,PAT03685,ADM004143,FAC001,DEP004,2025-08-05,2025-08-05,Routine,0,Not Applicable,No
DIS001914,PAT03600,ADM002607,FAC003,DEP005,2025-05-29,2025-05-29,Routine,0,Not Applicable,Yes
DIS001919,PAT07530,ADM007816,FAC001,DEP004,2025-01-14,2025-01-14,Routine,0,Not Applicable,Yes
DIS001921,PAT00300,ADM012764,FAC001,DEP004,2022-05-26,2022-05-27,Routine,2,Insurance Clearance Pending,Yes
DIS001924,PAT03099,ADM008458,FAC002,DEP007,2025-09-12,2025-09-13,Routine,2,Awaiting Transport,Yes
DIS001930,PAT07014,ADM006709,FAC002,DEP001,2025-06-28,2025-06-28,Routine,0,Not Applicable,Yes
DIS001937,PAT08608,ADM002095,FAC003,DEP003,2025-06-04,2025-06-04,Transfer,0,Not Applicable,No
DIS001938,PAT10505,ADM010832,FAC003,DEP005,2023-02-12,2023-02-13,Transfer,9,Documentation Pending,Yes
DIS001939,PAT04230,ADM003413,FAC004,DEP004,2025-02-21,2025-02-21,Routine,0,Not Applicable,Yes
DIS001949,PAT02679,ADM003990,FAC001,DEP003,2025-06-24,2025-06-24,Routine,0,Not Applicable,Yes
DIS001956,PAT02526,ADM005959,FAC001,DEP002,2025-03-08,2025-03-08,Routine,0,Not Applicable,No
DIS001957,PAT05023,ADM010011,FAC005,DEP008,2022-01-22,2022-01-22,Routine,0,Not Applicable,Yes
DIS001969,PAT13216,ADM011370,FAC003,DEP005,2024-04-08,2024-04-08,Routine,0,Not Applicable,Yes
DIS001971,PAT06978,ADM002831,FAC005,DEP008,2025-01-12,2025-01-12,Routine,0,Not Applicable,Yes
DIS001973,PAT08169,ADM005387,FAC004,DEP001,2025-02-06,2025-02-06,Referral,0,Not Applicable,No
DIS001976,PAT02443,ADM005621,FAC001,DEP008,2025-04-17,2025-04-17,Routine,0,Not Applicable,No
DIS001978,PAT08133,ADM008474,FAC002,DEP001,2025-11-05,2025-11-05,Routine,0,Not Applicable,No
DIS001986,PAT14165,ADM012338,FAC003,DEP005,2022-01-17,2022-01-17,Routine,0,Not Applicable,Yes
DIS001998,PAT04955,ADM006082,FAC003,DEP003,2025-09-28,2025-09-29,Routine,1,Insurance Clearance Pending,Yes
DIS002008,PAT04032,ADM014454,FAC005,DEP003,2026-11-21,2026-11-21,Transfer,0,Not Applicable,Yes
DIS002011,PAT04329,ADM010170,FAC004,DEP006,2024-05-23,2024-05-23,Routine,0,Not Applicable,No
DIS002013,PAT10629,ADM012801,FAC005,DEP008,2024-11-09,2024-11-10,Routine,5,Documentation Pending,Yes
DIS002020,PAT06148,ADM007213,FAC002,DEP007,2025-06-17,2025-06-18,Routine,5,Medical Instability,Yes
DIS002030,PAT01386,ADM004179,FAC002,DEP002,2025-12-11,2025-12-11,Routine,0,Not Applicable,Yes
DIS002036,PAT09159,ADM014165,FAC003,DEP003,2022-06-01,2022-06-02,Routine,12,Insurance Clearance Pending,Yes
DIS002050,PAT04520,ADM012311,FAC005,DEP003,2026-01-10,2026-01-10,Referral,0,Not Applicable,Yes
DIS002053,PAT02040,ADM008305,FAC002,DEP006,2025-10-03,2025-10-03,Routine,0,Not Applicable,No
DIS002061,PAT06144,ADM003789,FAC001,DEP001,2025-08-27,2025-08-28,Routine,4,Documentation Pending,No
DIS002065,PAT08601,ADM010417,FAC003,DEP007,2022-10-07,2022-10-08,Routine,4,Awaiting Transport,No
DIS002085,PAT07529,ADM012678,FAC001,DEP001,2026-11-07,2026-11-07,Routine,0,Not Applicable,No
DIS002087,PAT00625,ADM007210,FAC001,DEP004,2025-10-02,2025-10-02,Routine,0,Not Applicable,No
DIS002089,PAT05943,ADM001214,FAC003,DEP007,2025-05-24,2025-05-24,Routine,0,Not Applicable,No
DIS002094,PAT03380,ADM010320,FAC001,DEP003,2022-11-11,2022-11-12,Transfer,3,Documentation Pending,No
DIS002101,PAT01706,ADM005185,FAC001,DEP004,2025-08-14,2025-08-15,Routine,2,Documentation Pending,Yes
DIS002111,PAT01454,ADM006947,FAC002,DEP005,2025-03-05,2025-03-05,Routine,0,Not Applicable,No
DIS002117,PAT08014,ADM005973,FAC001,DEP008,2025-11-26,2025-11-26,Transfer,0,Not Applicable,No
DIS002120,PAT07835,ADM010518,FAC004,DEP006,2021-07-18,2021-07-18,Routine,0,Not Applicable,No
DIS002121,PAT08115,ADM005971,FAC001,DEP005,2025-01-31,2025-01-31,Routine,0,Not Applicable,No
DIS002137,PAT01859,ADM011180,FAC002,DEP001,2021-05-01,2021-05-02,Routine,20,Documentation Pending,Yes
DIS002140,PAT03261,ADM008517,FAC001,DEP004,2026-09-26,2026-09-26,Routine,0,Not Applicable,Yes
DIS002145,PAT08969,ADM006362,FAC002,DEP005,2025-02-21,2025-02-21,AMA,0,Not Applicable,Yes
DIS002147,PAT07342,ADM001178,FAC003,DEP008,2025-02-20,2025-02-20,Routine,0,Not Applicable,Yes
DIS002148,PAT08938,ADM008929,FAC002,DEP007,2023-09-29,2023-09-29,Routine,0,Not Applicable,Yes
DIS002151,PAT00380,ADM008042,FAC004,DEP007,2025-07-26,2025-07-27,Routine,9,Insurance Clearance Pending,Yes
DIS002158,PAT06845,ADM009728,FAC005,DEP005,2025-06-03,2025-06-04,Routine,3,Medical Instability,Yes
DIS002160,PAT05528,ADM004041,FAC001,DEP001,2025-10-15,2025-10-15,Routine,0,Not Applicable,No
DIS002164,PAT08789,ADM001830,FAC004,DEP007,2025-03-10,2025-03-12,AMA,32,Family Not Available,No
DIS002172,PAT01990,ADM005026,FAC001,DEP002,2025-06-28,2025-06-28,Routine,0,Not Applicable,No
DIS002180,PAT11966,ADM010141,FAC003,DEP008,2026-11-27,2026-11-28,Referral,12,Family Not Available,Yes
DIS002182,PAT13445,ADM011422,FAC004,DEP001,2021-08-19,2021-08-19,Routine,0,Not Applicable,Yes
DIS002185,PAT08072,ADM014695,FAC004,DEP005,2024-06-03,2024-06-04,Routine,18,Medical Instability,Yes
DIS002195,PAT02513,ADM004357,FAC005,DEP001,2025-09-05,2025-09-06,Routine,1,Medical Instability,No
DIS002207,PAT06408,ADM003488,FAC005,DEP001,2025-01-11,2025-01-11,Routine,0,Not Applicable,No
DIS002209,PAT07276,ADM008166,FAC004,DEP005,2025-10-31,2025-11-01,Routine,23,Medical Instability,No
DIS002214,PAT03257,ADM008199,FAC005,DEP005,2025-12-26,2025-12-26,Routine,0,Not Applicable,Yes
DIS002215,PAT01890,ADM002590,FAC001,DEP008,2025-12-04,2025-12-04,Routine,0,Not Applicable,Yes
DIS002241,PAT00721,ADM008585,FAC001,DEP002,2021-08-09,2021-08-10,Routine,2,Family Not Available,No
DIS002243,PAT02630,ADM013830,FAC003,DEP003,2026-02-17,2026-02-18,Routine,1,Family Not Available,Yes
DIS002245,PAT05986,ADM009237,FAC005,DEP007,2025-12-07,2025-12-07,Routine,0,Not Applicable,No
DIS002248,PAT05764,ADM008350,FAC004,DEP005,2025-06-26,2025-06-26,Routine,0,Not Applicable,No
DIS002256,PAT05175,ADM003858,FAC001,DEP002,2025-09-13,2025-09-13,Routine,0,Not Applicable,No
DIS002261,PAT03308,ADM003353,FAC003,DEP005,2025-11-06,2025-11-07,Routine,5,Awaiting Transport,Yes
DIS002265,PAT05749,ADM010973,FAC002,DEP001,2024-11-27,2024-11-27,Transfer,0,Not Applicable,Yes
DIS002266,PAT04879,ADM014570,FAC005,DEP008,2023-07-05,2023-07-05,Routine,0,Not Applicable,No
DIS002274,PAT08904,ADM005653,FAC005,DEP003,2025-04-23,2025-04-23,Routine,0,Not Applicable,Yes
DIS002292,PAT01027,ADM008689,FAC002,DEP006,2023-07-06,2023-07-06,Routine,0,Not Applicable,Yes
DIS002295,PAT08014,ADM001590,FAC003,DEP008,2025-08-23,2025-08-24,Referral,9,Medical Instability,Yes
DIS002301,PAT07976,ADM012815,FAC002,DEP006,2022-07-08,2022-07-08,Routine,0,Not Applicable,Yes
DIS002306,PAT04088,ADM000421,FAC004,DEP004,2025-01-12,2025-01-12,Routine,0,Not Applicable,No
DIS002308,PAT08723,ADM012908,FAC004,DEP001,2023-09-07,2023-09-07,Routine,0,Not Applicable,Yes
DIS002314,PAT04338,ADM000877,FAC001,DEP008,2025-04-12,2025-04-12,Routine,0,Not Applicable,No
DIS002320,PAT02555,ADM006218,FAC005,DEP001,2025-09-06,2025-09-06,Routine,0,Not Applicable,Yes
DIS002323,PAT08991,ADM006114,FAC004,DEP004,2025-05-08,2025-05-08,Routine,0,Not Applicable,No
DIS002330,PAT08803,ADM003315,FAC004,DEP002,2025-10-04,2025-10-05,Routine,14,Family Not Available,Yes
DIS002334,PAT00122,ADM003656,FAC001,DEP003,2025-10-07,2025-10-07,Referral,0,Not Applicable,No
DIS002347,PAT08138,ADM008063,FAC001,DEP002,2025-11-23,2025-11-24,Transfer,2,Family Not Available,Yes
DIS002348,PAT03269,ADM005684,FAC001,DEP008,2025-10-16,2025-10-16,Routine,0,Not Applicable,No
DIS002349,PAT02678,ADM003163,FAC005,DEP001,2025-04-21,2025-04-22,Routine,7,Medical Instability,Yes
DIS002355,PAT12621,ADM009716,FAC005,DEP005,2026-12-09,2026-12-09,Transfer,0,Not Applicable,Yes
DIS002366,PAT00151,ADM001228,FAC004,DEP002,2025-10-07,2025-10-08,Routine,1,Awaiting Transport,Yes
DIS002370,PAT08875,ADM008632,FAC004,DEP006,2021-10-28,2021-10-29,Transfer,2,Insurance Clearance Pending,Yes
DIS002390,PAT06956,ADM003308,FAC002,DEP001,2025-07-31,2025-07-31,Routine,0,Not Applicable,No
DIS002402,PAT02216,ADM012842,FAC003,DEP005,2024-09-10,2024-09-10,Routine,0,Not Applicable,Yes
DIS002406,PAT07508,ADM010589,FAC005,DEP008,2022-07-09,2022-07-09,Routine,0,Not Applicable,Yes
DIS002408,PAT05660,ADM013361,FAC001,DEP001,2026-06-12,2026-06-13,Routine,9,Awaiting Transport,No
DIS002411,PAT08789,ADM004636,FAC005,DEP007,2025-05-30,2025-05-30,Routine,0,Not Applicable,Yes
DIS002412,PAT07540,ADM002707,FAC003,DEP008,2025-06-19,2025-06-20,Referral,9,Awaiting Transport,Yes
DIS002417,PAT12802,ADM012219,FAC005,DEP007,2024-08-05,2024-08-05,Routine,0,Not Applicable,No
DIS002420,PAT00448,ADM000964,FAC002,DEP002,2025-06-23,2025-06-24,Routine,1,Awaiting Transport,Yes
DIS002427,PAT01108,ADM002066,FAC001,DEP003,2025-10-03,2025-10-03,Routine,0,Not Applicable,No
DIS002428,PAT11671,ADM014793,FAC004,DEP007,2024-06-10,2024-06-11,Routine,18,Medical Instability,Yes
DIS002429,PAT02092,ADM006136,FAC004,DEP004,2025-11-06,2025-11-06,Routine,0,Not Applicable,Yes
DIS002435,PAT11246,ADM010600,FAC001,DEP002,2025-09-20,2025-09-20,Routine,0,Not Applicable,Yes
DIS002446,PAT11391,ADM011862,FAC001,DEP005,2021-03-13,2021-03-13,Routine,0,Not Applicable,Yes
DIS002448,PAT09038,ADM010728,FAC003,DEP005,2021-08-13,2021-08-13,Routine,0,Not Applicable,Yes
DIS002450,PAT01512,ADM009146,FAC001,DEP004,2023-03-24,2023-03-25,Referral,1,Family Not Available,No
DIS002458,PAT04982,ADM001005,FAC004,DEP006,2025-04-16,2025-04-17,Transfer,4,Documentation Pending,No
DIS002462,PAT04345,ADM001722,FAC005,DEP006,2025-01-05,2025-01-06,Routine,16,Awaiting Transport,No
DIS002463,PAT05221,ADM014721,FAC001,DEP008,2021-04-16,2021-04-16,Routine,0,Not Applicable,No
DIS002467,PAT05702,ADM002687,FAC003,DEP005,2025-06-19,2025-06-19,Routine,0,Not Applicable,No
DIS002486,PAT04901,ADM011990,FAC004,DEP006,2023-05-14,2023-05-15,Routine,11,Family Not Available,Yes
DIS002490,PAT09394,ADM009200,FAC001,DEP002,2023-05-15,2023-05-15,Routine,0,Not Applicable,No
DIS002493,PAT06299,ADM006457,FAC001,DEP001,2025-06-21,2025-06-21,Routine,0,Not Applicable,No
DIS002504,PAT08137,ADM004735,FAC005,DEP005,2025-06-24,2025-06-24,Routine,0,Not Applicable,Yes
DIS002514,PAT05100,ADM010658,FAC005,DEP008,2022-04-06,2022-04-07,Routine,5,Family Not Available,No
DIS002516,PAT02586,ADM012025,FAC001,DEP003,2025-10-04,2025-10-04,Routine,0,Not Applicable,No
DIS002523,PAT10466,ADM011623,FAC003,DEP005,2022-03-13,2022-03-13,Routine,0,Not Applicable,Yes
DIS002524,PAT04360,ADM006471,FAC005,DEP003,2025-10-17,2025-10-17,Routine,0,Not Applicable,No
DIS002536,PAT04829,ADM003900,FAC001,DEP001,2025-11-29,2025-11-29,Routine,0,Not Applicable,No
DIS002537,PAT05081,ADM004321,FAC004,DEP006,2025-12-14,2025-12-15,Routine,5,Family Not Available,Yes
DIS002550,PAT13173,ADM012983,FAC004,DEP002,2022-11-27,2022-11-27,Referral,0,Not Applicable,Yes
DIS002552,PAT05872,ADM007446,FAC003,DEP005,2025-11-08,2025-11-08,Routine,0,Not Applicable,Yes
DIS002555,PAT02413,ADM013549,FAC002,DEP007,2023-08-18,2023-08-18,Routine,0,Not Applicable,No
DIS002556,PAT04345,ADM001783,FAC001,DEP005,2025-03-23,2025-03-23,Routine,0,Not Applicable,No
DIS002565,PAT12190,ADM013070,FAC003,DEP003,2025-04-03,2025-04-04,Routine,20,Medical Instability,Yes
DIS002571,PAT02639,ADM011573,FAC005,DEP001,2024-12-07,2024-12-09,Routine,39,Awaiting Transport,Yes
DIS002575,PAT01431,ADM008232,FAC002,DEP007,2025-03-05,2025-03-06,Routine,1,Insurance Clearance Pending,No
DIS002580,PAT05445,ADM003718,FAC003,DEP005,2025-10-16,2025-10-16,Routine,0,Not Applicable,No
DIS002582,PAT02358,ADM009524,FAC001,DEP004,2022-01-19,2022-01-19,Routine,0,Not Applicable,Yes
DIS002588,PAT09146,ADM010919,FAC005,DEP001,2022-07-10,2022-07-10,Routine,0,Not Applicable,No
DIS002589,PAT05099,ADM005572,FAC005,DEP003,2025-03-18,2025-03-18,Routine,0,Not Applicable,Yes
DIS002591,PAT04949,ADM001690,FAC005,DEP001,2025-07-29,2025-07-29,Routine,0,Not Applicable,Yes
DIS002598,PAT06951,ADM009914,FAC005,DEP005,2023-11-15,2023-11-15,Routine,0,Not Applicable,Yes
DIS002599,PAT06558,ADM004055,FAC001,DEP005,2025-01-07,2025-01-07,Routine,0,Not Applicable,Yes
DIS002600,PAT12133,ADM013040,FAC004,DEP002,2026-12-31,2026-12-31,Routine,0,Not Applicable,Yes
DIS002601,PAT04191,ADM010605,FAC002,DEP006,2021-05-20,2021-05-21,Routine,12,Documentation Pending,Yes
DIS002610,PAT04554,ADM003175,FAC004,DEP007,2025-09-28,2025-09-29,Transfer,4,Medical Instability,Yes
DIS002613,PAT05964,ADM007483,FAC005,DEP005,2025-09-06,2025-09-06,Routine,0,Not Applicable,Yes
DIS002618,PAT02217,ADM011553,FAC004,DEP006,2025-09-05,2025-09-05,Routine,0,Not Applicable,Yes
DIS002622,PAT06587,ADM008637,FAC001,DEP001,2023-02-18,2023-02-19,Routine,23,Insurance Clearance Pending,No
DIS002627,PAT04065,ADM002520,FAC004,DEP002,2025-03-23,2025-03-23,Routine,0,Not Applicable,No
DIS002630,PAT03515,ADM007400,FAC001,DEP004,2025-01-21,2025-01-21,Routine,0,Not Applicable,No
DIS002648,PAT03290,ADM013958,FAC003,DEP001,2024-05-18,2024-05-18,Routine,0,Not Applicable,No
DIS002649,PAT03509,ADM009982,FAC002,DEP002,2026-04-26,2026-04-26,Routine,0,Not Applicable,Yes
DIS002650,PAT02956,ADM014552,FAC004,DEP007,2023-01-08,2023-01-09,Routine,3,Awaiting Transport,No
DIS002652,PAT00170,ADM007382,FAC005,DEP001,2025-09-15,2025-09-15,Routine,0,Not Applicable,Yes
DIS002657,PAT07111,ADM007474,FAC003,DEP003,2025-10-26,2025-10-26,Routine,0,Not Applicable,No
DIS002665,PAT08841,ADM012034,FAC005,DEP003,2024-07-03,2024-07-03,Routine,0,Not Applicable,No
DIS002667,PAT06825,ADM001037,FAC003,DEP003,2025-05-10,2025-05-10,Routine,0,Not Applicable,No
DIS002670,PAT03821,ADM002204,FAC004,DEP001,2025-01-23,2025-01-24,Routine,9,Medical Instability,Yes
DIS002677,PAT07999,ADM001874,FAC005,DEP003,2025-07-07,2025-07-08,Routine,8,Documentation Pending,Yes
DIS002684,PAT04867,ADM013899,FAC004,DEP002,2021-08-20,2021-08-21,Routine,9,Documentation Pending,Yes
DIS002697,PAT11068,ADM012163,FAC004,DEP004,2021-12-21,2021-12-21,Routine,0,Not Applicable,Yes
DIS002698,PAT09245,ADM005089,FAC005,DEP007,2025-04-28,2025-04-28,Routine,0,Not Applicable,Yes
DIS002700,PAT06336,ADM003836,FAC001,DEP004,2025-08-29,2025-08-30,Routine,13,Family Not Available,No
DIS002702,PAT07717,ADM002364,FAC001,DEP008,2025-03-06,2025-03-06,Routine,0,Not Applicable,Yes
DIS002708,PAT00115,ADM003441,FAC003,DEP001,2025-01-03,2025-01-03,Routine,0,Not Applicable,Yes
DIS002717,PAT01226,ADM007538,FAC003,DEP007,2025-01-13,2025-01-13,Routine,0,Not Applicable,Yes
DIS002723,PAT02440,ADM001169,FAC004,DEP004,2025-09-19,2025-09-19,Routine,0,Not Applicable,Yes
DIS002732,PAT04149,ADM004064,FAC003,DEP001,2025-09-04,2025-09-04,Routine,0,Not Applicable,Yes
DIS002733,PAT04195,ADM004462,FAC001,DEP008,2025-09-21,2025-09-22,Routine,14,Insurance Clearance Pending,No
DIS002742,PAT01452,ADM005037,FAC005,DEP008,2025-08-08,2025-08-08,Routine,0,Not Applicable,Yes
DIS002748,PAT00170,ADM007716,FAC001,DEP002,2025-09-18,2025-09-18,Routine,0,Not Applicable,Yes
DIS002755,PAT06622,ADM009098,FAC004,DEP006,2024-07-26,2024-07-27,Routine,2,Awaiting Transport,No
DIS002756,PAT01744,ADM002145,FAC001,DEP005,2025-08-05,2025-08-05,Routine,0,Not Applicable,Yes
DIS002759,PAT02596,ADM014678,FAC004,DEP007,2025-07-22,2025-07-22,Routine,0,Not Applicable,Yes
DIS002769,PAT07151,ADM013025,FAC004,DEP004,2024-09-04,2024-09-04,Transfer,0,Not Applicable,Yes
DIS002770,PAT01316,ADM000649,FAC001,DEP002,2025-10-26,2025-10-26,Routine,0,Not Applicable,Yes
DIS002773,PAT10679,ADM014478,FAC002,DEP007,2024-02-11,2024-02-12,AMA,18,Documentation Pending,No
DIS002782,PAT01796,ADM006152,FAC002,DEP002,2025-08-27,2025-08-28,Routine,5,Insurance Clearance Pending,No
DIS002784,PAT05598,ADM013204,FAC001,DEP001,2024-05-21,2024-05-22,Routine,4,Medical Instability,Yes
DIS002792,PAT14426,ADM012179,FAC001,DEP005,2024-03-14,2024-03-15,Routine,2,Awaiting Transport,No
DIS002794,PAT00745,ADM013388,FAC005,DEP001,2025-07-22,2025-07-22,Routine,0,Not Applicable,Yes
DIS002796,PAT06182,ADM004196,FAC002,DEP007,2025-06-21,2025-06-22,Routine,16,Awaiting Transport,Yes
DIS002797,PAT07820,ADM006323,FAC004,DEP007,2025-03-20,2025-03-20,Routine,0,Not Applicable,Yes
DIS002808,PAT08780,ADM011940,FAC004,DEP005,2022-06-25,2022-06-25,Routine,0,Not Applicable,Yes
DIS002811,PAT08731,ADM006682,FAC005,DEP001,2025-03-27,2025-03-28,Routine,4,Insurance Clearance Pending,Yes
DIS002814,PAT03356,ADM003825,FAC001,DEP002,2025-12-04,2025-12-04,Routine,0,Not Applicable,No
DIS002823,PAT00264,ADM008696,FAC005,DEP008,2021-08-10,2021-08-10,Routine,0,Not Applicable,Yes
DIS002825,PAT04748,ADM001529,FAC004,DEP002,2025-02-18,2025-02-18,Routine,0,Not Applicable,Yes
DIS002829,PAT02100,ADM012960,FAC005,DEP007,2024-09-20,2024-09-21,Routine,1,Insurance Clearance Pending,Yes
DIS002831,PAT12062,ADM011861,FAC004,DEP004,2025-10-02,2025-10-02,Routine,0,Not Applicable,Yes
DIS002837,PAT06282,ADM005321,FAC001,DEP001,2025-12-25,2025-12-25,Routine,0,Not Applicable,No
DIS002839,PAT08123,ADM000739,FAC001,DEP003,2025-02-17,2025-02-18,Routine,8,Awaiting Transport,No
DIS002844,PAT01356,ADM006375,FAC004,DEP004,2025-09-10,2025-09-12,Routine,47,Insurance Clearance Pending,No
DIS002851,PAT07448,ADM011423,FAC005,DEP005,2021-06-05,2021-06-05,Transfer,0,Not Applicable,No
DIS002857,PAT08268,ADM005687,FAC005,DEP001,2025-01-07,2025-01-07,Routine,0,Not Applicable,No
DIS002859,PAT01808,ADM005947,FAC001,DEP005,2025-08-31,2025-08-31,Routine,0,Not Applicable,Yes
DIS002872,PAT11789,ADM014320,FAC004,DEP005,2025-03-07,2025-03-07,Routine,0,Not Applicable,No
DIS002875,PAT00020,ADM000719,FAC002,DEP005,2025-10-08,2025-10-08,Routine,0,Not Applicable,Yes
DIS002876,PAT08490,ADM009704,FAC005,DEP003,2025-03-08,2025-03-08,Routine,0,Not Applicable,Yes
DIS002877,PAT09786,ADM006726,FAC002,DEP002,2025-11-02,2025-11-02,AMA,0,Not Applicable,Yes
DIS002883,PAT03496,ADM005020,FAC003,DEP003,2025-09-25,2025-09-26,Routine,1,Medical Instability,Yes
DIS002906,PAT07696,ADM008343,FAC002,DEP001,2025-05-30,2025-05-30,Routine,0,Not Applicable,No
DIS002920,PAT05340,ADM002461,FAC003,DEP001,2025-05-20,2025-05-21,Routine,17,Family Not Available,Yes
DIS002949,PAT01419,ADM011444,FAC001,DEP002,2023-03-20,2023-03-20,Referral,0,Not Applicable,No
DIS002958,PAT07999,ADM009475,FAC005,DEP006,2024-12-16,2024-12-16,Routine,0,Not Applicable,No
DIS002965,PAT01254,ADM005277,FAC005,DEP003,2025-11-09,2025-11-09,Routine,0,Not Applicable,No
DIS002967,PAT09056,ADM004618,FAC004,DEP007,2025-05-31,2025-05-31,Routine,0,Not Applicable,No
DIS002969,PAT03088,ADM011197,FAC001,DEP003,2022-01-29,2022-01-29,Routine,0,Not Applicable,Yes
DIS002970,PAT07342,ADM007862,FAC002,DEP006,2025-08-29,2025-08-30,Routine,4,Awaiting Transport,Yes
DIS002974,PAT07088,ADM002854,FAC003,DEP001,2025-06-09,2025-06-09,Routine,0,Not Applicable,Yes
DIS002981,PAT11301,ADM014638,FAC001,DEP002,2026-07-31,2026-07-31,Routine,0,Not Applicable,No
DIS002989,PAT03422,ADM000287,FAC002,DEP007,2025-10-05,2025-10-06,Referral,1,Awaiting Transport,No
DIS002992,PAT00171,ADM007025,FAC003,DEP005,2025-03-14,2025-03-15,Routine,19,Medical Instability,Yes
DIS002999,PAT07041,ADM012829,FAC004,DEP007,2023-12-24,2023-12-25,Routine,24,Insurance Clearance Pending,Yes
DIS003008,PAT09255,ADM002242,FAC002,DEP006,2025-07-26,2025-07-26,Routine,0,Not Applicable,Yes
DIS003010,PAT00933,ADM000457,FAC003,DEP001,2025-03-01,2025-03-01,Routine,0,Not Applicable,No
DIS003020,PAT06787,ADM004566,FAC004,DEP001,2025-06-17,2025-06-18,Referral,8,Insurance Clearance Pending,No
DIS003025,PAT11360,ADM012394,FAC005,DEP006,2025-08-01,2025-08-02,Routine,2,Insurance Clearance Pending,No
DIS003026,PAT01011,ADM007100,FAC005,DEP001,2025-08-31,2025-09-01,Routine,1,Documentation Pending,Yes
DIS003030,PAT09973,ADM001724,FAC001,DEP008,2025-07-28,2025-07-29,Routine,3,Documentation Pending,Yes
DIS003033,PAT02271,ADM006224,FAC003,DEP001,2025-11-21,2025-11-21,Routine,0,Not Applicable,No
DIS003034,PAT00274,ADM004568,FAC001,DEP004,2025-02-19,2025-02-19,Routine,0,Not Applicable,Yes
DIS003040,PAT05175,ADM003924,FAC004,DEP001,2025-04-12,2025-04-12,Routine,0,Not Applicable,Yes
DIS003041,PAT09069,ADM000048,FAC004,DEP004,2025-01-03,2025-01-04,Routine,2,Family Not Available,No
DIS003044,PAT08098,ADM006093,FAC001,DEP002,2025-06-28,2025-06-28,Routine,0,Not Applicable,No
DIS003045,PAT06432,ADM002045,FAC001,DEP004,2025-12-22,2025-12-23,Routine,1,Insurance Clearance Pending,No
DIS003046,PAT01237,ADM012390,FAC003,DEP005,2025-01-31,2025-01-31,Routine,0,Not Applicable,Yes
DIS003047,PAT04985,ADM000960,FAC005,DEP008,2025-12-12,2025-12-13,Routine,1,Insurance Clearance Pending,Yes
DIS003048,PAT03060,ADM004105,FAC004,DEP001,2025-11-08,2025-11-09,Routine,4,Insurance Clearance Pending,No
DIS003055,PAT09160,ADM005904,FAC002,DEP001,2025-05-30,2025-05-31,Routine,3,Insurance Clearance Pending,Yes
DIS003056,PAT02217,ADM004022,FAC004,DEP007,2025-05-23,2025-05-24,Routine,5,Family Not Available,Yes
DIS003060,PAT04123,ADM001280,FAC005,DEP007,2025-01-15,2025-01-15,Routine,0,Not Applicable,Yes
DIS003070,PAT07825,ADM013601,FAC001,DEP005,2025-08-28,2025-08-29,Routine,1,Awaiting Transport,Yes
DIS003072,PAT03609,ADM012522,FAC005,DEP006,2022-09-28,2022-09-28,Routine,0,Not Applicable,No
DIS003076,PAT03456,ADM001107,FAC001,DEP003,2025-07-17,2025-07-18,Routine,1,Awaiting Transport,Yes
DIS003080,PAT05051,ADM004393,FAC001,DEP004,2025-08-28,2025-08-28,Referral,0,Not Applicable,No
DIS003084,PAT04661,ADM002279,FAC002,DEP007,2025-04-05,2025-04-06,Routine,11,Documentation Pending,No
DIS003085,PAT03269,ADM007676,FAC004,DEP006,2025-06-24,2025-06-24,Routine,0,Not Applicable,Yes
DIS003090,PAT06804,ADM003715,FAC004,DEP005,2025-12-20,2025-12-20,Routine,0,Not Applicable,Yes
DIS003092,PAT06178,ADM002451,FAC004,DEP001,2025-01-05,2025-01-06,Routine,8,Insurance Clearance Pending,Yes
DIS003098,PAT02118,ADM007637,FAC004,DEP004,2025-11-20,2025-11-20,Routine,0,Not Applicable,Yes
DIS003102,PAT07582,ADM008657,FAC001,DEP004,2026-09-11,2026-09-11,Routine,0,Not Applicable,No
DIS003106,PAT09510,ADM011545,FAC003,DEP003,2026-09-08,2026-09-08,Routine,0,Not Applicable,No
DIS003115,PAT00908,ADM007137,FAC003,DEP001,2025-05-12,2025-05-12,Routine,0,Not Applicable,Yes
DIS003120,PAT01594,ADM011851,FAC005,DEP003,2023-10-27,2023-10-28,Routine,16,Awaiting Transport,Yes
DIS003126,PAT13545,ADM010500,FAC004,DEP004,2026-01-30,2026-01-30,Transfer,0,Not Applicable,Yes
DIS003139,PAT02338,ADM004011,FAC005,DEP007,2025-04-09,2025-04-09,Routine,0,Not Applicable,Yes
DIS003141,PAT08100,ADM003827,FAC005,DEP001,2025-03-31,2025-04-01,Routine,19,Insurance Clearance Pending,Yes
DIS003142,PAT09970,ADM002847,FAC002,DEP002,2025-05-24,2025-05-24,Routine,0,Not Applicable,Yes
DIS003145,PAT01607,ADM005097,FAC001,DEP004,2025-05-15,2025-05-16,Routine,9,Documentation Pending,Yes
DIS003148,PAT06088,ADM002973,FAC005,DEP008,2025-12-26,2025-12-27,Routine,4,Documentation Pending,Yes
DIS003153,PAT11683,ADM013082,FAC002,DEP006,2025-06-16,2025-06-17,Routine,7,Awaiting Transport,No
DIS003155,PAT04897,ADM002649,FAC002,DEP002,2025-02-28,2025-03-01,Routine,2,Awaiting Transport,Yes
DIS003160,PAT03372,ADM002668,FAC005,DEP006,2025-01-14,2025-01-14,Routine,0,Not Applicable,No
DIS003161,PAT02596,ADM002327,FAC004,DEP001,2025-11-06,2025-11-06,Routine,0,Not Applicable,No
DIS003167,PAT03510,ADM006591,FAC001,DEP005,2025-12-26,2025-12-27,Routine,8,Medical Instability,Yes
DIS003173,PAT03699,ADM005430,FAC003,DEP007,2025-02-12,2025-02-13,Routine,1,Insurance Clearance Pending,Yes
DIS003184,PAT04076,ADM006755,FAC003,DEP007,2025-11-14,2025-11-14,Routine,0,Not Applicable,Yes
DIS003199,PAT06670,ADM007300,FAC004,DEP005,2025-11-10,2025-11-11,Routine,7,Awaiting Transport,Yes
DIS003204,PAT04082,ADM013356,FAC001,DEP005,2023-03-15,2023-03-16,Routine,1,Documentation Pending,No
DIS003207,PAT03345,ADM002828,FAC001,DEP008,2025-11-20,2025-11-21,Routine,21,Insurance Clearance Pending,Yes
DIS003213,PAT13872,ADM008842,FAC003,DEP008,2025-04-08,2025-04-09,Routine,1,Documentation Pending,Yes
DIS003220,PAT02407,ADM012503,FAC001,DEP005,2024-02-05,2024-02-05,Routine,0,Not Applicable,No
DIS003233,PAT10857,ADM013841,FAC003,DEP008,2023-11-22,2023-11-22,Routine,0,Not Applicable,No
DIS003238,PAT01954,ADM006252,FAC002,DEP006,2025-05-14,2025-05-15,Routine,6,Family Not Available,Yes
DIS003239,PAT03308,ADM012362,FAC004,DEP005,2023-04-11,2023-04-11,Routine,0,Not Applicable,Yes
DIS003243,PAT09591,ADM001486,FAC005,DEP006,2025-02-19,2025-02-19,Routine,0,Not Applicable,Yes
DIS003250,PAT01036,ADM006008,FAC004,DEP006,2025-09-15,2025-09-15,Routine,0,Not Applicable,No
DIS003256,PAT08918,ADM006333,FAC001,DEP003,2025-08-25,2025-08-25,Routine,0,Not Applicable,No
DIS003260,PAT04550,ADM005092,FAC005,DEP008,2025-03-13,2025-03-14,Routine,2,Documentation Pending,Yes
DIS003265,PAT00104,ADM009634,FAC005,DEP006,2026-09-20,2026-09-20,Referral,0,Not Applicable,Yes
DIS003274,PAT13857,ADM011762,FAC004,DEP007,2026-02-03,2026-02-03,Routine,0,Not Applicable,No
DIS003283,PAT00352,ADM000275,FAC003,DEP001,2025-07-03,2025-07-03,Routine,0,Not Applicable,No
DIS003290,PAT04610,ADM011226,FAC002,DEP007,2021-12-20,2021-12-20,Routine,0,Not Applicable,Yes
DIS003298,PAT01663,ADM006936,FAC001,DEP003,2025-07-09,2025-07-10,Routine,23,Documentation Pending,No
DIS003303,PAT01238,ADM012373,FAC004,DEP002,2025-10-20,2025-10-20,Routine,0,Not Applicable,Yes
DIS003308,PAT00466,ADM002900,FAC005,DEP005,2025-06-04,2025-06-05,Routine,1,Insurance Clearance Pending,No
DIS003310,PAT04076,ADM000891,FAC003,DEP008,2025-12-06,2025-12-07,Routine,9,Family Not Available,No
DIS003313,PAT09069,ADM004531,FAC005,DEP008,2025-12-02,2025-12-03,Transfer,9,Medical Instability,Yes
DIS003320,PAT00374,ADM001600,FAC005,DEP005,2025-08-08,2025-08-10,Routine,37,Awaiting Transport,Yes
DIS003334,PAT08030,ADM002243,FAC001,DEP004,2025-02-26,2025-02-26,Routine,0,Not Applicable,Yes
DIS003336,PAT05380,ADM003766,FAC001,DEP004,2025-08-23,2025-08-23,Routine,0,Not Applicable,No
DIS003339,PAT06424,ADM006824,FAC002,DEP001,2025-11-15,2025-11-15,Routine,0,Not Applicable,Yes
DIS003358,PAT06850,ADM014843,FAC002,DEP005,2023-10-16,2023-10-17,Routine,4,Insurance Clearance Pending,No
DIS003364,PAT13754,ADM014436,FAC001,DEP002,2022-11-12,2022-11-12,Routine,0,Not Applicable,No
DIS003373,PAT01483,ADM007396,FAC003,DEP005,2025-02-27,2025-02-28,Routine,1,Medical Instability,No
DIS003378,PAT09202,ADM006601,FAC003,DEP003,2025-07-16,2025-07-16,Routine,0,Not Applicable,Yes
DIS003381,PAT09553,ADM006135,FAC005,DEP003,2025-06-27,2025-06-27,Routine,0,Not Applicable,No
DIS003383,PAT01689,ADM014770,FAC003,DEP005,2022-10-21,2022-10-22,Routine,5,Family Not Available,Yes
DIS003388,PAT13464,ADM010325,FAC001,DEP004,2021-06-26,2021-06-26,Routine,0,Not Applicable,Yes
DIS003395,PAT06283,ADM008845,FAC002,DEP001,2022-06-26,2022-06-26,Routine,0,Not Applicable,No
DIS003400,PAT05837,ADM008101,FAC003,DEP003,2025-05-12,2025-05-12,Routine,0,Not Applicable,Yes
DIS003401,PAT04076,ADM003920,FAC005,DEP003,2025-03-03,2025-03-04,Routine,2,Insurance Clearance Pending,No
DIS003402,PAT05072,ADM013022,FAC005,DEP007,2026-10-15,2026-10-15,Referral,0,Not Applicable,Yes
DIS003408,PAT10070,ADM010188,FAC002,DEP002,2022-04-05,2022-04-06,Routine,9,Medical Instability,No
DIS003410,PAT00151,ADM012355,FAC002,DEP001,2023-08-19,2023-08-20,Routine,22,Documentation Pending,No
DIS003417,PAT06851,ADM011534,FAC001,DEP002,2025-04-19,2025-04-19,Routine,0,Not Applicable,No
DIS003418,PAT03493,ADM009242,FAC003,DEP001,2026-06-06,2026-06-06,Routine,0,Not Applicable,No
DIS003422,PAT05427,ADM003310,FAC002,DEP001,2025-06-28,2025-06-28,Routine,0,Not Applicable,No
DIS003426,PAT04124,ADM005338,FAC004,DEP005,2025-03-27,2025-03-27,Routine,0,Not Applicable,No
DIS003431,PAT08086,ADM005768,FAC002,DEP005,2025-04-21,2025-04-21,Routine,0,Not Applicable,Yes
DIS003449,PAT05872,ADM001306,FAC001,DEP001,2025-08-23,2025-08-23,Transfer,0,Not Applicable,No
DIS003463,PAT03046,ADM000378,FAC003,DEP005,2025-06-02,2025-06-03,Routine,19,Family Not Available,Yes
DIS003478,PAT01237,ADM008410,FAC001,DEP002,2025-04-30,2025-04-30,Routine,0,Not Applicable,Yes
DIS003487,PAT08181,ADM000177,FAC005,DEP001,2025-08-29,2025-08-29,Routine,0,Not Applicable,Yes
DIS003491,PAT02928,ADM012305,FAC001,DEP008,2022-05-15,2022-05-15,Routine,0,Not Applicable,Yes
DIS003495,PAT07086,ADM014962,FAC004,DEP005,2023-07-15,2023-07-16,Routine,23,Family Not Available,Yes
DIS003496,PAT07912,ADM000137,FAC005,DEP003,2025-02-28,2025-02-28,Referral,0,Not Applicable,No
DIS003507,PAT09560,ADM014542,FAC002,DEP002,2023-12-21,2023-12-21,Routine,0,Not Applicable,Yes
DIS003512,PAT13251,ADM010218,FAC002,DEP006,2025-02-03,2025-02-04,Routine,12,Awaiting Transport,No
DIS003513,PAT00543,ADM013248,FAC005,DEP008,2026-03-28,2026-03-28,Routine,0,Not Applicable,Yes
DIS003516,PAT01534,ADM005281,FAC001,DEP002,2025-10-19,2025-10-19,Routine,0,Not Applicable,Yes
DIS003517,PAT02770,ADM002063,FAC004,DEP006,2025-11-08,2025-11-08,Transfer,0,Not Applicable,Yes
DIS003519,PAT02367,ADM006419,FAC002,DEP002,2025-06-08,2025-06-08,Routine,0,Not Applicable,Yes
DIS003533,PAT06078,ADM010864,FAC005,DEP007,2024-02-29,2024-02-29,Routine,0,Not Applicable,No
DIS003537,PAT07252,ADM007434,FAC004,DEP006,2025-12-12,2025-12-12,Routine,0,Not Applicable,No
DIS003539,PAT00625,ADM003256,FAC001,DEP003,2025-02-23,2025-02-24,Routine,1,Medical Instability,Yes
DIS003550,PAT02474,ADM014912,FAC002,DEP007,2024-06-09,2024-06-09,Routine,0,Not Applicable,Yes
DIS003554,PAT00796,ADM004561,FAC002,DEP001,2025-03-27,2025-03-27,Routine,0,Not Applicable,Yes
DIS003558,PAT09516,ADM012444,FAC001,DEP005,2026-01-20,2026-01-20,Routine,0,Not Applicable,Yes
DIS003564,PAT13783,ADM012462,FAC001,DEP001,2021-12-11,2021-12-12,Routine,3,Medical Instability,Yes
DIS003565,PAT02617,ADM014780,FAC001,DEP008,2024-05-01,2024-05-01,Routine,0,Not Applicable,Yes
DIS003568,PAT02862,ADM010209,FAC003,DEP007,2025-04-29,2025-04-29,Routine,0,Not Applicable,No
DIS003576,PAT03959,ADM005984,FAC005,DEP006,2025-04-30,2025-04-30,Transfer,0,Not Applicable,Yes
DIS003578,PAT07229,ADM004405,FAC002,DEP002,2025-07-19,2025-07-19,Routine,0,Not Applicable,No
DIS003585,PAT07151,ADM004401,FAC004,DEP001,2025-03-08,2025-03-09,Routine,7,Awaiting Transport,Yes
DIS003589,PAT01984,ADM013639,FAC004,DEP002,2025-07-26,2025-07-26,Routine,0,Not Applicable,No
DIS003590,PAT03707,ADM000023,FAC003,DEP003,2025-04-28,2025-04-28,Referral,0,Not Applicable,Yes
DIS003598,PAT02381,ADM010895,FAC001,DEP004,2024-04-08,2024-04-08,Routine,0,Not Applicable,No
DIS003619,PAT09469,ADM002380,FAC003,DEP003,2025-12-16,2025-12-16,Routine,0,Not Applicable,No
DIS003620,PAT09682,ADM002135,FAC001,DEP004,2025-09-03,2025-09-03,Routine,0,Not Applicable,No
DIS003625,PAT00334,ADM002944,FAC002,DEP006,2025-05-27,2025-05-27,Routine,0,Not Applicable,Yes
DIS003630,PAT04014,ADM005227,FAC004,DEP004,2025-03-09,2025-03-11,Routine,28,Medical Instability,No
DIS003646,PAT01666,ADM002961,FAC002,DEP007,2025-10-28,2025-10-28,Routine,0,Not Applicable,Yes
DIS003647,PAT14520,ADM014595,FAC003,DEP005,2026-04-14,2026-04-14,Routine,0,Not Applicable,No
DIS003654,PAT08938,ADM004991,FAC002,DEP007,2025-08-06,2025-08-06,Routine,0,Not Applicable,Yes
DIS003655,PAT08604,ADM001215,FAC001,DEP001,2025-05-15,2025-05-16,Routine,2,Insurance Clearance Pending,Yes
DIS003656,PAT03882,ADM005032,FAC001,DEP001,2025-04-16,2025-04-16,Routine,0,Not Applicable,Yes
DIS003658,PAT02806,ADM004960,FAC005,DEP005,2025-09-22,2025-09-23,Routine,1,Documentation Pending,Yes
DIS003659,PAT08830,ADM001752,FAC002,DEP002,2025-10-22,2025-10-23,Routine,6,Medical Instability,Yes
DIS003663,PAT13827,ADM009772,FAC001,DEP008,2026-12-16,2026-12-16,Routine,0,Not Applicable,No
DIS003667,PAT06071,ADM006086,FAC001,DEP002,2025-08-03,2025-08-03,Routine,0,Not Applicable,Yes
DIS003676,PAT01905,ADM013981,FAC002,DEP007,2026-04-25,2026-04-25,Routine,0,Not Applicable,No
DIS003680,PAT04537,ADM007983,FAC004,DEP001,2025-08-23,2025-08-23,Routine,0,Not Applicable,Yes
DIS003696,PAT06148,ADM001729,FAC005,DEP007,2025-01-21,2025-01-21,Routine,0,Not Applicable,No
DIS003697,PAT01409,ADM005379,FAC004,DEP001,2025-03-30,2025-04-01,Routine,25,Medical Instability,Yes
DIS003700,PAT06352,ADM004668,FAC004,DEP001,2025-02-09,2025-02-09,Routine,0,Not Applicable,Yes
DIS003702,PAT02526,ADM011254,FAC002,DEP005,2022-05-06,2022-05-06,Routine,0,Not Applicable,Yes
DIS003705,PAT06139,ADM004163,FAC005,DEP005,2025-11-04,2025-11-05,Routine,3,Documentation Pending,Yes
DIS003713,PAT06336,ADM012469,FAC004,DEP002,2021-05-05,2021-05-06,Routine,6,Medical Instability,No
DIS003715,PAT00462,ADM004236,FAC001,DEP004,2025-03-04,2025-03-04,Routine,0,Not Applicable,No
DIS003718,PAT00048,ADM006959,FAC002,DEP006,2025-05-01,2025-05-01,Transfer,0,Not Applicable,No
DIS003726,PAT09286,ADM002884,FAC003,DEP001,2025-10-28,2025-10-30,Routine,42,Family Not Available,No
DIS003727,PAT04951,ADM010275,FAC005,DEP003,2021-09-12,2021-09-12,Routine,0,Not Applicable,No
DIS003736,PAT02993,ADM007727,FAC004,DEP001,2025-04-18,2025-04-19,Routine,7,Awaiting Transport,Yes
DIS003742,PAT02118,ADM006608,FAC002,DEP005,2025-03-05,2025-03-06,Routine,9,Insurance Clearance Pending,Yes
DIS003743,PAT13253,ADM010769,FAC001,DEP004,2026-08-30,2026-08-30,Routine,0,Not Applicable,No
DIS003756,PAT03403,ADM003022,FAC005,DEP006,2025-02-20,2025-02-20,Routine,0,Not Applicable,No
DIS003758,PAT01509,ADM011463,FAC002,DEP006,2026-07-18,2026-07-18,Routine,0,Not Applicable,No
DIS003763,PAT06159,ADM008409,FAC003,DEP001,2025-09-20,2025-09-20,Routine,0,Not Applicable,Yes
DIS003764,PAT05095,ADM012748,FAC002,DEP001,2021-06-27,2021-06-27,Routine,0,Not Applicable,Yes
DIS003767,PAT08890,ADM006905,FAC005,DEP001,2025-04-16,2025-04-16,Routine,0,Not Applicable,Yes
DIS003770,PAT05014,ADM004660,FAC004,DEP005,2025-05-06,2025-05-06,Transfer,0,Not Applicable,Yes
DIS003777,PAT01218,ADM003905,FAC004,DEP004,2025-01-31,2025-02-01,Routine,3,Insurance Clearance Pending,Yes
DIS003779,PAT06693,ADM013646,FAC003,DEP005,2026-05-20,2026-05-20,Routine,0,Not Applicable,Yes
DIS003780,PAT07041,ADM006672,FAC001,DEP002,2025-04-06,2025-04-06,Routine,0,Not Applicable,Yes
DIS003783,PAT06052,ADM014403,FAC003,DEP003,2022-06-14,2022-06-15,Routine,5,Medical Instability,No
DIS003786,PAT09887,ADM013311,FAC002,DEP007,2024-09-23,2024-09-23,Routine,0,Not Applicable,No
DIS003798,PAT01025,ADM013419,FAC001,DEP001,2024-01-04,2024-01-04,Routine,0,Not Applicable,Yes
DIS003799,PAT12488,ADM011205,FAC001,DEP005,2025-05-25,2025-05-25,Routine,0,Not Applicable,Yes
DIS003805,PAT02003,ADM001757,FAC005,DEP008,2025-03-20,2025-03-20,Referral,0,Not Applicable,Yes
DIS003820,PAT00174,ADM005704,FAC003,DEP008,2025-10-27,2025-10-28,Routine,1,Awaiting Transport,Yes
DIS003822,PAT03099,ADM005718,FAC004,DEP007,2025-01-17,2025-01-18,Routine,10,Awaiting Transport,Yes
DIS003826,PAT07064,ADM002491,FAC002,DEP007,2025-03-17,2025-03-17,Routine,0,Not Applicable,No
DIS003829,PAT14742,ADM013539,FAC005,DEP008,2024-10-15,2024-10-15,Routine,0,Not Applicable,No
DIS003831,PAT01618,ADM008221,FAC001,DEP008,2025-10-02,2025-10-02,Routine,0,Not Applicable,Yes
DIS003834,PAT00300,ADM001093,FAC002,DEP002,2025-07-21,2025-07-21,Routine,0,Not Applicable,Yes
DIS003837,PAT01492,ADM012685,FAC005,DEP006,2021-06-10,2021-06-10,Routine,0,Not Applicable,No
DIS003840,PAT06670,ADM008986,FAC001,DEP002,2021-03-26,2021-03-27,AMA,5,Insurance Clearance Pending,Yes
DIS003844,PAT11563,ADM008883,FAC005,DEP007,2023-05-11,2023-05-11,Routine,0,Not Applicable,Yes
DIS003848,PAT09433,ADM001238,FAC002,DEP006,2025-10-06,2025-10-07,Routine,22,Family Not Available,No
DIS003849,PAT05460,ADM007099,FAC002,DEP006,2025-05-16,2025-05-16,Routine,0,Not Applicable,Yes
DIS003850,PAT08269,ADM009166,FAC003,DEP003,2025-07-27,2025-07-28,Routine,1,Insurance Clearance Pending,Yes
DIS003852,PAT02047,ADM012930,FAC001,DEP008,2024-05-22,2024-05-22,AMA,0,Not Applicable,Yes
DIS003855,PAT04123,ADM013379,FAC003,DEP005,2025-11-15,2025-11-15,Transfer,0,Not Applicable,No
DIS003858,PAT04297,ADM010108,FAC001,DEP003,2021-05-12,2021-05-12,Routine,0,Not Applicable,Yes
DIS003860,PAT00389,ADM002054,FAC001,DEP008,2025-10-26,2025-10-26,Referral,0,Not Applicable,No
DIS003861,PAT06408,ADM005980,FAC004,DEP007,2025-12-15,2025-12-16,Routine,5,Documentation Pending,Yes
DIS003865,PAT13335,ADM013676,FAC001,DEP004,2021-09-05,2021-09-05,Routine,0,Not Applicable,Yes
DIS003866,PAT09782,ADM014698,FAC001,DEP008,2021-09-18,2021-09-18,Referral,0,Not Applicable,No
DIS003867,PAT04338,ADM014908,FAC004,DEP001,2022-04-14,2022-04-14,Routine,0,Not Applicable,Yes
DIS003876,PAT08120,ADM004082,FAC001,DEP003,2025-10-15,2025-10-16,Routine,1,Awaiting Transport,Yes
DIS003877,PAT01311,ADM006706,FAC004,DEP002,2025-06-01,2025-06-01,Routine,0,Not Applicable,Yes
DIS003885,PAT06282,ADM009446,FAC002,DEP005,2024-03-26,2024-03-26,Routine,0,Not Applicable,No
DIS003890,PAT11879,ADM014647,FAC002,DEP002,2026-10-14,2026-10-14,AMA,0,Not Applicable,Yes
DIS003897,PAT10070,ADM011494,FAC004,DEP007,2022-12-21,2022-12-21,Routine,0,Not Applicable,No
DIS003908,PAT04305,ADM013950,FAC004,DEP001,2021-12-31,2021-12-31,Routine,0,Not Applicable,No
DIS003910,PAT01143,ADM014493,FAC005,DEP006,2026-02-03,2026-02-03,Routine,0,Not Applicable,No
DIS003915,PAT02609,ADM007293,FAC005,DEP008,2025-04-13,2025-04-14,Routine,1,Family Not Available,Yes
DIS003918,PAT07781,ADM012606,FAC002,DEP002,2021-11-11,2021-11-12,Routine,1,Medical Instability,Yes
DIS003937,PAT09459,ADM008499,FAC004,DEP002,2025-07-23,2025-07-23,Routine,0,Not Applicable,Yes
DIS003938,PAT03703,ADM004316,FAC001,DEP005,2025-09-11,2025-09-11,Routine,0,Not Applicable,Yes
DIS003951,PAT05479,ADM007751,FAC005,DEP001,2025-04-18,2025-04-18,Referral,0,Not Applicable,Yes
DIS003953,PAT05407,ADM002613,FAC002,DEP006,2025-01-22,2025-01-22,Routine,0,Not Applicable,Yes
DIS003959,PAT08407,ADM001299,FAC004,DEP007,2025-11-05,2025-11-06,Routine,1,Awaiting Transport,Yes
DIS003963,PAT04047,ADM013286,FAC002,DEP006,2021-11-12,2021-11-13,Routine,2,Insurance Clearance Pending,Yes
DIS003964,PAT03903,ADM007608,FAC001,DEP001,2025-02-10,2025-02-10,Routine,0,Not Applicable,No
DIS003969,PAT14750,ADM008628,FAC005,DEP006,2023-08-23,2023-08-23,Transfer,0,Not Applicable,Yes
DIS003977,PAT04402,ADM010918,FAC003,DEP005,2024-10-15,2024-10-15,Transfer,0,Not Applicable,Yes
DIS003982,PAT03025,ADM012770,FAC005,DEP003,2022-05-15,2022-05-15,Transfer,0,Not Applicable,Yes
DIS003984,PAT06152,ADM001446,FAC005,DEP005,2025-11-23,2025-11-24,Routine,1,Documentation Pending,Yes
DIS003985,PAT08241,ADM000582,FAC001,DEP001,2025-12-22,2025-12-22,Routine,0,Not Applicable,Yes
DIS003993,PAT08956,ADM002338,FAC003,DEP008,2025-03-31,2025-03-31,Routine,0,Not Applicable,Yes
DIS003995,PAT01787,ADM013471,FAC003,DEP007,2023-07-06,2023-07-06,Referral,0,Not Applicable,Yes
DIS004006,PAT08402,ADM003429,FAC001,DEP002,2025-02-11,2025-02-12,Routine,6,Awaiting Transport,Yes
DIS004007,PAT07064,ADM004984,FAC002,DEP002,2025-03-07,2025-03-08,Routine,15,Family Not Available,No
DIS004011,PAT04849,ADM012518,FAC001,DEP002,2025-03-09,2025-03-09,Transfer,0,Not Applicable,No
DIS004035,PAT06152,ADM010787,FAC002,DEP002,2021-02-13,2021-02-13,Routine,0,Not Applicable,No
DIS004040,PAT01007,ADM004297,FAC005,DEP007,2025-06-15,2025-06-15,Routine,0,Not Applicable,Yes
DIS004043,PAT04430,ADM011004,FAC001,DEP001,2021-05-18,2021-05-18,Routine,0,Not Applicable,No
DIS004044,PAT05222,ADM009831,FAC003,DEP005,2024-05-29,2024-05-30,Routine,10,Insurance Clearance Pending,Yes
DIS004048,PAT01179,ADM005568,FAC005,DEP003,2025-11-24,2025-11-24,Routine,0,Not Applicable,Yes
DIS004049,PAT03647,ADM013337,FAC003,DEP007,2025-09-27,2025-09-29,Referral,35,Medical Instability,Yes
DIS004050,PAT02955,ADM004119,FAC003,DEP007,2025-09-18,2025-09-19,Routine,4,Documentation Pending,No
DIS004053,PAT01924,ADM003819,FAC001,DEP004,2025-06-21,2025-06-22,Routine,1,Family Not Available,Yes
DIS004064,PAT14305,ADM008660,FAC001,DEP002,2023-07-04,2023-07-04,Routine,0,Not Applicable,No
DIS004065,PAT01414,ADM008610,FAC002,DEP001,2023-07-12,2023-07-12,Routine,0,Not Applicable,No
DIS004073,PAT03316,ADM010067,FAC005,DEP003,2023-06-08,2023-06-08,Routine,0,Not Applicable,No
DIS004078,PAT01965,ADM009037,FAC005,DEP001,2025-12-23,2025-12-23,Transfer,0,Not Applicable,Yes
DIS004079,PAT03060,ADM005777,FAC002,DEP002,2025-02-14,2025-02-14,Routine,0,Not Applicable,No
DIS004091,PAT01769,ADM000929,FAC004,DEP007,2025-01-17,2025-01-17,Routine,0,Not Applicable,No
DIS004095,PAT02967,ADM002371,FAC002,DEP007,2025-09-23,2025-09-23,Routine,0,Not Applicable,Yes
DIS004098,PAT09732,ADM003282,FAC004,DEP005,2025-03-02,2025-03-02,Routine,0,Not Applicable,No
DIS004111,PAT03892,ADM005952,FAC004,DEP002,2025-05-11,2025-05-11,Routine,0,Not Applicable,Yes
DIS004114,PAT05100,ADM005797,FAC001,DEP002,2025-11-24,2025-11-24,Routine,0,Not Applicable,No
DIS004117,PAT03835,ADM006614,FAC001,DEP004,2025-10-02,2025-10-02,Routine,0,Not Applicable,Yes
DIS004119,PAT10837,ADM010886,FAC002,DEP002,2021-03-06,2021-03-06,Routine,0,Not Applicable,Yes
DIS004130,PAT05217,ADM006479,FAC004,DEP004,2025-09-15,2025-09-15,Routine,0,Not Applicable,No
DIS004134,PAT07783,ADM002013,FAC005,DEP001,2025-09-19,2025-09-20,Routine,9,Documentation Pending,Yes
DIS004138,PAT07269,ADM012914,FAC004,DEP007,2024-01-18,2024-01-18,Routine,0,Not Applicable,Yes
DIS004139,PAT06706,ADM002239,FAC003,DEP005,2025-02-02,2025-02-02,Routine,0,Not Applicable,No
DIS004141,PAT09773,ADM004429,FAC004,DEP001,2025-05-31,2025-06-02,Routine,27,Awaiting Transport,Yes
DIS004144,PAT06670,ADM008238,FAC002,DEP002,2025-09-06,2025-09-07,Routine,8,Documentation Pending,Yes
DIS004146,PAT00938,ADM007778,FAC001,DEP003,2026-01-01,2026-01-02,Routine,11,Family Not Available,Yes
DIS004148,PAT13702,ADM008525,FAC001,DEP004,2021-12-28,2021-12-29,Routine,24,Insurance Clearance Pending,No
DIS004158,PAT07504,ADM003062,FAC004,DEP004,2025-02-23,2025-02-24,Routine,1,Awaiting Transport,No
DIS004159,PAT08268,ADM002898,FAC002,DEP006,2025-12-03,2025-12-04,Routine,3,Awaiting Transport,Yes
DIS004171,PAT04116,ADM010448,FAC002,DEP006,2023-02-09,2023-02-09,Routine,0,Not Applicable,Yes
DIS004174,PAT03685,ADM003183,FAC001,DEP003,2025-03-28,2025-03-30,Routine,25,Documentation Pending,Yes
DIS004175,PAT03502,ADM004438,FAC003,DEP005,2025-10-20,2025-10-21,Routine,14,Insurance Clearance Pending,Yes
DIS004180,PAT00945,ADM008217,FAC004,DEP002,2025-01-16,2025-01-17,Routine,20,Insurance Clearance Pending,Yes
DIS004181,PAT02496,ADM009463,FAC005,DEP006,2022-04-30,2022-04-30,Routine,0,Not Applicable,Yes
DIS004186,PAT02544,ADM009074,FAC001,DEP001,2022-08-09,2022-08-09,Routine,0,Not Applicable,Yes
DIS004189,PAT08952,ADM013109,FAC003,DEP003,2026-01-19,2026-01-19,Routine,0,Not Applicable,Yes
DIS004194,PAT00737,ADM007905,FAC003,DEP003,2025-01-28,2025-01-28,Routine,0,Not Applicable,No
DIS004199,PAT00634,ADM010245,FAC003,DEP001,2022-11-25,2022-11-25,Routine,0,Not Applicable,No
DIS004207,PAT06844,ADM000448,FAC005,DEP006,2025-09-06,2025-09-06,Routine,0,Not Applicable,No
DIS004209,PAT06730,ADM014343,FAC001,DEP002,2023-03-04,2023-03-05,Transfer,1,Family Not Available,Yes
DIS004219,PAT03275,ADM001846,FAC001,DEP003,2025-05-16,2025-05-16,Routine,0,Not Applicable,Yes
DIS004228,PAT07880,ADM011651,FAC003,DEP005,2024-02-28,2024-02-29,Routine,6,Family Not Available,Yes
DIS004229,PAT07913,ADM002819,FAC003,DEP003,2025-09-02,2025-09-02,Routine,0,Not Applicable,Yes
DIS004231,PAT04717,ADM002915,FAC004,DEP006,2025-11-14,2025-11-14,Routine,0,Not Applicable,Yes
DIS004243,PAT08006,ADM005706,FAC003,DEP007,2025-04-14,2025-04-14,Routine,0,Not Applicable,Yes
DIS004244,PAT11366,ADM014645,FAC005,DEP001,2024-11-04,2024-11-04,Routine,0,Not Applicable,Yes
DIS004247,PAT08789,ADM009209,FAC003,DEP001,2023-01-21,2023-01-21,Routine,0,Not Applicable,Yes
DIS004252,PAT01740,ADM005830,FAC002,DEP002,2025-11-26,2025-11-27,Routine,22,Documentation Pending,Yes
DIS004255,PAT08381,ADM011416,FAC005,DEP001,2026-10-04,2026-10-04,Routine,0,Not Applicable,Yes
DIS004260,PAT02289,ADM010412,FAC001,DEP002,2024-03-03,2024-03-03,Routine,0,Not Applicable,No
DIS004262,PAT13997,ADM014886,FAC003,DEP008,2025-11-13,2025-11-13,Routine,0,Not Applicable,Yes
DIS004268,PAT07723,ADM004839,FAC001,DEP002,2025-12-26,2025-12-28,Routine,32,Family Not Available,No
DIS004272,PAT02907,ADM011468,FAC003,DEP008,2022-03-31,2022-03-31,Routine,0,Not Applicable,Yes
DIS004275,PAT14316,ADM011831,FAC003,DEP001,2026-10-18,2026-10-19,Routine,5,Documentation Pending,No
DIS004276,PAT09293,ADM004885,FAC003,DEP005,2025-10-31,2025-11-01,Routine,9,Documentation Pending,No
DIS004279,PAT06886,ADM002474,FAC005,DEP006,2025-02-03,2025-02-03,Routine,0,Not Applicable,Yes
DIS004285,PAT02443,ADM001943,FAC004,DEP006,2025-11-26,2025-11-26,Routine,0,Not Applicable,No
DIS004288,PAT06804,ADM013909,FAC001,DEP001,2023-11-12,2023-11-12,Routine,0,Not Applicable,Yes
DIS004289,PAT03972,ADM011893,FAC003,DEP003,2025-09-20,2025-09-20,Routine,0,Not Applicable,Yes
DIS004302,PAT09823,ADM002449,FAC004,DEP007,2025-07-02,2025-07-02,AMA,0,Not Applicable,No
DIS004312,PAT09515,ADM006244,FAC002,DEP005,2025-05-01,2025-05-01,Routine,0,Not Applicable,Yes
DIS004317,PAT07454,ADM004981,FAC004,DEP004,2025-01-15,2025-01-15,Transfer,0,Not Applicable,No
DIS004320,PAT06265,ADM006707,FAC004,DEP007,2025-04-29,2025-04-29,Routine,0,Not Applicable,No
DIS004324,PAT09648,ADM008321,FAC001,DEP008,2025-08-09,2025-08-10,Routine,9,Awaiting Transport,No
DIS004326,PAT08628,ADM003018,FAC001,DEP002,2025-03-13,2025-03-13,Routine,0,Not Applicable,Yes
DIS004328,PAT13187,ADM014338,FAC003,DEP005,2026-05-06,2026-05-06,Routine,0,Not Applicable,Yes
DIS004343,PAT09361,ADM001006,FAC001,DEP005,2025-04-10,2025-04-10,Routine,0,Not Applicable,Yes
DIS004344,PAT00903,ADM010819,FAC001,DEP001,2026-06-19,2026-06-20,Routine,15,Family Not Available,No
DIS004345,PAT03036,ADM005107,FAC003,DEP005,2025-07-11,2025-07-11,Routine,0,Not Applicable,No
DIS004357,PAT09239,ADM000180,FAC004,DEP005,2025-10-13,2025-10-13,Routine,0,Not Applicable,Yes
DIS004358,PAT09791,ADM012440,FAC001,DEP004,2022-02-09,2022-02-09,Routine,0,Not Applicable,Yes
DIS004368,PAT09724,ADM005323,FAC004,DEP006,2025-09-04,2025-09-04,Routine,0,Not Applicable,No
DIS004379,PAT00742,ADM012720,FAC001,DEP001,2026-07-17,2026-07-17,Referral,0,Not Applicable,No
DIS004381,PAT02617,ADM014413,FAC005,DEP008,2022-04-28,2022-04-28,Routine,0,Not Applicable,Yes
DIS004385,PAT08841,ADM010816,FAC003,DEP005,2024-01-04,2024-01-05,Referral,9,Insurance Clearance Pending,No
DIS004393,PAT02880,ADM000620,FAC003,DEP007,2025-09-26,2025-09-26,Routine,0,Not Applicable,No
DIS004397,PAT06108,ADM006844,FAC003,DEP005,2025-09-02,2025-09-03,Referral,2,Medical Instability,Yes
DIS004399,PAT02418,ADM003096,FAC005,DEP005,2025-04-30,2025-05-01,Routine,11,Documentation Pending,Yes
DIS004400,PAT02920,ADM000847,FAC005,DEP003,2025-03-18,2025-03-19,Routine,6,Documentation Pending,Yes
DIS004401,PAT03300,ADM013891,FAC003,DEP003,2024-04-07,2024-04-08,Referral,8,Awaiting Transport,Yes
DIS004403,PAT02716,ADM003300,FAC005,DEP003,2025-08-25,2025-08-25,Routine,0,Not Applicable,Yes
DIS004414,PAT09692,ADM002071,FAC001,DEP004,2025-04-21,2025-04-21,Routine,0,Not Applicable,Yes
DIS004420,PAT04756,ADM011561,FAC005,DEP001,2025-08-25,2025-08-26,Routine,4,Insurance Clearance Pending,Yes
DIS004421,PAT00462,ADM007257,FAC003,DEP007,2025-11-16,2025-11-16,Routine,0,Not Applicable,Yes
DIS004427,PAT13918,ADM014175,FAC001,DEP003,2025-01-20,2025-01-21,Routine,16,Family Not Available,No
DIS004431,PAT08461,ADM007026,FAC002,DEP007,2025-05-01,2025-05-01,Routine,0,Not Applicable,Yes
DIS004432,PAT01745,ADM008224,FAC002,DEP006,2025-06-23,2025-06-24,Routine,10,Family Not Available,No
DIS004436,PAT11194,ADM014805,FAC003,DEP007,2026-08-18,2026-08-18,Routine,0,Not Applicable,No
DIS004445,PAT03036,ADM006357,FAC001,DEP005,2025-04-07,2025-04-07,Routine,0,Not Applicable,Yes
DIS004451,PAT07418,ADM004737,FAC005,DEP005,2025-06-14,2025-06-14,Routine,0,Not Applicable,Yes
DIS004466,PAT11157,ADM014622,FAC003,DEP008,2024-06-12,2024-06-12,Routine,0,Not Applicable,Yes
DIS004472,PAT05059,ADM003621,FAC002,DEP007,2025-04-04,2025-04-04,Routine,0,Not Applicable,Yes
DIS004476,PAT07959,ADM001269,FAC005,DEP005,2025-04-23,2025-04-24,Routine,24,Medical Instability,Yes
DIS004488,PAT04863,ADM001952,FAC003,DEP005,2025-02-15,2025-02-15,Routine,0,Not Applicable,Yes
DIS004489,PAT03782,ADM002483,FAC001,DEP003,2025-02-11,2025-02-12,Routine,2,Medical Instability,Yes
DIS004495,PAT08371,ADM006870,FAC005,DEP007,2025-02-14,2025-02-14,Routine,0,Not Applicable,Yes
DIS004497,PAT05943,ADM001261,FAC002,DEP005,2025-12-04,2025-12-05,Routine,11,Awaiting Transport,Yes
DIS004501,PAT00742,ADM014131,FAC005,DEP007,2025-01-04,2025-01-05,Routine,4,Family Not Available,Yes
DIS004505,PAT08371,ADM008338,FAC005,DEP006,2025-04-10,2025-04-10,Routine,0,Not Applicable,No
DIS004507,PAT11072,ADM014685,FAC001,DEP008,2026-11-20,2026-11-21,Routine,1,Family Not Available,Yes
DIS004510,PAT01298,ADM006648,FAC005,DEP007,2025-04-30,2025-04-30,Referral,0,Not Applicable,Yes
DIS004511,PAT10235,ADM010321,FAC005,DEP006,2024-04-15,2024-04-15,Routine,0,Not Applicable,No
DIS004514,PAT06889,ADM009890,FAC001,DEP002,2023-06-23,2023-06-24,Routine,1,Insurance Clearance Pending,No
DIS004518,PAT06322,ADM013090,FAC004,DEP001,2023-03-24,2023-03-24,AMA,0,Not Applicable,Yes
DIS004520,PAT11875,ADM011935,FAC002,DEP002,2026-04-03,2026-04-03,Referral,0,Not Applicable,Yes
DIS004524,PAT07922,ADM000391,FAC005,DEP001,2025-02-24,2025-02-24,Routine,0,Not Applicable,No
DIS004526,PAT10261,ADM008712,FAC002,DEP001,2022-01-27,2022-01-27,Routine,0,Not Applicable,Yes
DIS004527,PAT01922,ADM011952,FAC004,DEP001,2025-10-27,2025-10-27,Routine,0,Not Applicable,Yes
DIS004529,PAT03782,ADM001919,FAC003,DEP003,2025-02-19,2025-02-19,Routine,0,Not Applicable,Yes
DIS004533,PAT07717,ADM003964,FAC003,DEP005,2025-04-26,2025-04-27,Transfer,20,Documentation Pending,No
DIS004538,PAT01622,ADM012554,FAC002,DEP006,2023-04-29,2023-04-30,Transfer,15,Family Not Available,No
DIS004543,PAT05602,ADM010068,FAC003,DEP005,2024-01-02,2024-01-02,Routine,0,Not Applicable,No
DIS004546,PAT09616,ADM000728,FAC003,DEP005,2025-07-08,2025-07-09,Transfer,3,Insurance Clearance Pending,No
DIS004548,PAT09738,ADM009682,FAC004,DEP007,2026-10-17,2026-10-18,Routine,4,Documentation Pending,Yes
DIS004551,PAT14041,ADM012510,FAC003,DEP007,2023-05-05,2023-05-06,Routine,1,Awaiting Transport,Yes
DIS004554,PAT08673,ADM013251,FAC004,DEP006,2023-11-07,2023-11-07,Routine,0,Not Applicable,No
DIS004560,PAT04986,ADM005473,FAC005,DEP003,2025-03-15,2025-03-15,Routine,0,Not Applicable,No
DIS004564,PAT06726,ADM000064,FAC001,DEP004,2025-03-25,2025-03-25,Routine,0,Not Applicable,No
DIS004568,PAT00931,ADM011169,FAC005,DEP007,2026-08-27,2026-08-28,Routine,16,Awaiting Transport,No
DIS004585,PAT00274,ADM013242,FAC005,DEP001,2023-03-29,2023-03-30,Routine,15,Family Not Available,No
DIS004586,PAT05184,ADM012625,FAC004,DEP002,2026-10-31,2026-11-01,Routine,5,Documentation Pending,Yes
DIS004588,PAT04922,ADM007870,FAC004,DEP002,2025-08-04,2025-08-05,Routine,1,Insurance Clearance Pending,No
DIS004591,PAT06316,ADM007250,FAC004,DEP007,2025-08-09,2025-08-10,Routine,16,Insurance Clearance Pending,No
DIS004600,PAT05385,ADM009247,FAC003,DEP001,2026-06-07,2026-06-07,Routine,0,Not Applicable,Yes
DIS004602,PAT06791,ADM014769,FAC005,DEP007,2022-03-30,2022-03-31,Routine,15,Insurance Clearance Pending,Yes
DIS004606,PAT01523,ADM013211,FAC003,DEP008,2024-06-04,2024-06-04,Routine,0,Not Applicable,Yes
DIS004608,PAT01990,ADM003599,FAC005,DEP003,2025-10-09,2025-10-10,Routine,2,Awaiting Transport,No
DIS004609,PAT00430,ADM008330,FAC002,DEP002,2025-09-18,2025-09-19,Transfer,1,Insurance Clearance Pending,Yes
DIS004612,PAT01965,ADM008541,FAC002,DEP005,2023-07-06,2023-07-06,Routine,0,Not Applicable,Yes
DIS004613,PAT04257,ADM008975,FAC001,DEP004,2026-10-14,2026-10-15,Routine,14,Insurance Clearance Pending,No
DIS004617,PAT06282,ADM000683,FAC001,DEP002,2025-02-06,2025-02-08,Routine,26,Documentation Pending,Yes
DIS004621,PAT02513,ADM006454,FAC002,DEP005,2025-01-16,2025-01-16,Routine,0,Not Applicable,Yes
DIS004624,PAT02681,ADM005196,FAC004,DEP007,2025-07-10,2025-07-10,Routine,0,Not Applicable,No
DIS004625,PAT04004,ADM006817,FAC005,DEP006,2025-06-21,2025-06-21,Routine,0,Not Applicable,No
DIS004630,PAT05613,ADM014179,FAC001,DEP003,2026-09-11,2026-09-12,Routine,6,Medical Instability,No
DIS004631,PAT05272,ADM006391,FAC004,DEP004,2025-03-19,2025-03-20,Routine,4,Family Not Available,Yes
DIS004639,PAT02914,ADM003147,FAC003,DEP001,2025-09-29,2025-09-29,Routine,0,Not Applicable,Yes
DIS004644,PAT14278,ADM012793,FAC005,DEP008,2025-09-06,2025-09-06,Routine,0,Not Applicable,Yes
DIS004654,PAT01088,ADM012859,FAC002,DEP006,2024-11-14,2024-11-14,Routine,0,Not Applicable,No
DIS004658,PAT02326,ADM013610,FAC001,DEP002,2024-09-15,2024-09-15,Routine,0,Not Applicable,No
DIS004661,PAT06432,ADM008096,FAC003,DEP005,2025-04-29,2025-04-29,Routine,0,Not Applicable,No
DIS004665,PAT09751,ADM002128,FAC001,DEP003,2025-03-10,2025-03-10,Routine,0,Not Applicable,Yes
DIS004667,PAT08006,ADM007371,FAC004,DEP001,2025-04-21,2025-04-22,AMA,7,Awaiting Transport,No
DIS004668,PAT10217,ADM014069,FAC002,DEP002,2022-12-06,2022-12-06,Routine,0,Not Applicable,No
DIS004685,PAT04955,ADM010425,FAC004,DEP005,2025-10-02,2025-10-03,Routine,2,Insurance Clearance Pending,No
DIS004693,PAT13240,ADM013412,FAC003,DEP007,2022-11-10,2022-11-11,Routine,1,Awaiting Transport,No
DIS004700,PAT00377,ADM006791,FAC003,DEP005,2025-10-28,2025-10-29,Routine,5,Documentation Pending,No
DIS004701,PAT02502,ADM013454,FAC003,DEP008,2023-04-20,2023-04-21,Routine,4,Medical Instability,Yes
DIS004706,PAT11735,ADM014586,FAC003,DEP001,2026-02-03,2026-02-05,Routine,29,Awaiting Transport,No
DIS004708,PAT05768,ADM002129,FAC002,DEP001,2025-06-30,2025-06-30,Routine,0,Not Applicable,No
DIS004709,PAT04792,ADM005413,FAC004,DEP001,2025-09-23,2025-09-23,Routine,0,Not Applicable,Yes
DIS004731,PAT04949,ADM004833,FAC002,DEP001,2025-04-11,2025-04-12,Routine,2,Insurance Clearance Pending,No
DIS004743,PAT10207,ADM011963,FAC003,DEP005,2023-11-21,2023-11-22,Transfer,3,Family Not Available,No
DIS004747,PAT00745,ADM012347,FAC003,DEP001,2022-07-09,2022-07-10,Routine,4,Insurance Clearance Pending,No
DIS004749,PAT02168,ADM002303,FAC001,DEP008,2025-06-10,2025-06-10,Routine,0,Not Applicable,Yes
DIS004751,PAT00151,ADM010314,FAC002,DEP002,2023-02-10,2023-02-10,Routine,0,Not Applicable,Yes
DIS004756,PAT10981,ADM011675,FAC005,DEP008,2023-06-24,2023-06-24,Transfer,0,Not Applicable,Yes
DIS004759,PAT04740,ADM004145,FAC003,DEP007,2025-01-11,2025-01-11,Transfer,0,Not Applicable,No
DIS004788,PAT04437,ADM005917,FAC001,DEP008,2025-09-08,2025-09-08,Routine,0,Not Applicable,No
DIS004796,PAT04063,ADM013198,FAC001,DEP008,2023-05-19,2023-05-19,Routine,0,Not Applicable,No
DIS004797,PAT13325,ADM013333,FAC003,DEP007,2025-08-31,2025-08-31,Routine,0,Not Applicable,Yes
DIS004800,PAT04673,ADM007185,FAC003,DEP005,2025-03-21,2025-03-22,Routine,8,Awaiting Transport,Yes
DIS004808,PAT01492,ADM004250,FAC002,DEP005,2025-07-11,2025-07-11,Transfer,0,Not Applicable,Yes
DIS004810,PAT05050,ADM001587,FAC004,DEP006,2025-03-18,2025-03-18,Routine,0,Not Applicable,Yes
DIS004816,PAT03046,ADM006758,FAC004,DEP007,2025-11-26,2025-11-26,Routine,0,Not Applicable,Yes
DIS004820,PAT06696,ADM001634,FAC001,DEP005,2025-04-15,2025-04-16,Routine,1,Family Not Available,No
DIS004823,PAT08030,ADM001343,FAC004,DEP004,2025-10-06,2025-10-06,Routine,0,Not Applicable,Yes
DIS004827,PAT01912,ADM007212,FAC005,DEP007,2025-09-20,2025-09-20,Routine,0,Not Applicable,No
DIS004830,PAT03036,ADM004727,FAC002,DEP006,2025-07-02,2025-07-02,Routine,0,Not Applicable,No
DIS004831,PAT12189,ADM011092,FAC004,DEP002,2022-05-13,2022-05-14,Routine,18,Awaiting Transport,No
DIS004837,PAT04748,ADM012677,FAC003,DEP001,2023-02-25,2023-02-25,Routine,0,Not Applicable,Yes
DIS004838,PAT03775,ADM014850,FAC002,DEP005,2022-01-24,2022-01-24,Routine,0,Not Applicable,Yes
DIS004844,PAT01012,ADM007947,FAC003,DEP008,2025-02-16,2025-02-16,Routine,0,Not Applicable,No
DIS004845,PAT10408,ADM013877,FAC004,DEP006,2025-09-09,2025-09-09,Routine,0,Not Applicable,Yes
DIS004846,PAT04871,ADM012505,FAC004,DEP005,2023-05-08,2023-05-09,Transfer,21,Insurance Clearance Pending,No
DIS004848,PAT03509,ADM002277,FAC001,DEP003,2025-08-30,2025-08-30,Routine,0,Not Applicable,Yes
DIS004849,PAT02792,ADM000936,FAC003,DEP005,2025-01-07,2025-01-08,Routine,1,Insurance Clearance Pending,No
DIS004850,PAT04148,ADM013118,FAC002,DEP007,2025-10-05,2025-10-05,Routine,0,Not Applicable,Yes
DIS004865,PAT05095,ADM007760,FAC003,DEP001,2025-03-27,2025-03-27,Routine,0,Not Applicable,No
DIS004871,PAT09074,ADM008447,FAC005,DEP007,2025-10-31,2025-11-01,Routine,12,Medical Instability,No
DIS004873,PAT03166,ADM010789,FAC002,DEP007,2025-02-09,2025-02-09,AMA,0,Not Applicable,No
DIS004876,PAT08747,ADM004127,FAC001,DEP001,2025-10-22,2025-10-23,Routine,1,Awaiting Transport,No
DIS004884,PAT05035,ADM004233,FAC004,DEP006,2025-12-02,2025-12-02,Routine,0,Not Applicable,Yes
DIS004897,PAT00408,ADM013632,FAC003,DEP005,2024-10-28,2024-10-29,Transfer,15,Insurance Clearance Pending,No
DIS004900,PAT11750,ADM008896,FAC002,DEP006,2023-08-02,2023-08-04,Routine,32,Family Not Available,No
DIS004901,PAT01635,ADM012592,FAC001,DEP001,2022-07-18,2022-07-18,Routine,0,Not Applicable,No
DIS004907,PAT03509,ADM005824,FAC003,DEP003,2025-11-28,2025-11-28,Routine,0,Not Applicable,Yes
DIS004909,PAT10391,ADM014533,FAC003,DEP008,2022-12-05,2022-12-05,Routine,0,Not Applicable,No
DIS004914,PAT09442,ADM006587,FAC005,DEP008,2025-04-16,2025-04-16,Routine,0,Not Applicable,Yes
DIS004916,PAT09146,ADM003935,FAC004,DEP005,2025-04-20,2025-04-21,Routine,4,Documentation Pending,Yes
DIS004923,PAT05041,ADM002698,FAC005,DEP001,2025-09-24,2025-09-24,Routine,0,Not Applicable,Yes
DIS004933,PAT04709,ADM011211,FAC002,DEP006,2025-12-29,2025-12-29,Routine,0,Not Applicable,Yes
DIS004952,PAT06689,ADM006202,FAC004,DEP005,2025-01-19,2025-01-20,Transfer,1,Documentation Pending,No
DIS004960,PAT10973,ADM011716,FAC003,DEP008,2025-09-23,2025-09-23,Routine,0,Not Applicable,Yes
DIS004963,PAT00922,ADM012417,FAC001,DEP001,2026-01-31,2026-01-31,Routine,0,Not Applicable,Yes
DIS004978,PAT06313,ADM001826,FAC001,DEP005,2025-09-04,2025-09-04,Routine,0,Not Applicable,No
DIS004982,PAT11439,ADM011804,FAC003,DEP001,2026-05-14,2026-05-14,Routine,0,Not Applicable,Yes
DIS004985,PAT11362,ADM014139,FAC001,DEP002,2025-07-27,2025-07-27,Routine,0,Not Applicable,Yes
DIS004987,PAT03070,ADM003364,FAC003,DEP005,2025-10-27,2025-10-27,Routine,0,Not Applicable,No
DIS004992,PAT04046,ADM001031,FAC002,DEP001,2025-08-29,2025-08-29,Routine,0,Not Applicable,Yes
DIS004994,PAT00725,ADM008952,FAC002,DEP006,2024-01-20,2024-01-20,Routine,0,Not Applicable,No
DIS004995,PAT10741,ADM013293,FAC005,DEP003,2023-11-14,2023-11-14,Referral,0,Not Applicable,Yes
DIS004998,PAT06316,ADM006102,FAC005,DEP008,2025-02-22,2025-02-24,Routine,25,Awaiting Transport,No
DIS004999,PAT09452,ADM007347,FAC004,DEP002,2025-03-18,2025-03-18,Routine,0,Not Applicable,No
DIS005000,PAT04154,ADM014853,FAC003,DEP007,2023-08-18,2023-08-19,Routine,3,Documentation Pending,Yes
DIS005007,PAT08381,ADM001330,FAC004,DEP004,2025-11-23,2025-11-23,Routine,0,Not Applicable,No
DIS005008,PAT07291,ADM000931,FAC004,DEP005,2025-06-30,2025-06-30,Routine,0,Not Applicable,Yes
DIS005009,PAT12405,ADM013822,FAC003,DEP001,2025-10-12,2025-10-12,Routine,0,Not Applicable,No
DIS005016,PAT01581,ADM004658,FAC004,DEP004,2025-09-17,2025-09-17,Routine,0,Not Applicable,Yes
DIS005040,PAT02127,ADM000899,FAC004,DEP005,2025-05-26,2025-05-26,Referral,0,Not Applicable,No
DIS005042,PAT01563,ADM006526,FAC004,DEP002,2025-02-20,2025-02-20,Routine,0,Not Applicable,No
DIS005045,PAT12272,ADM009560,FAC003,DEP005,2024-04-24,2024-04-24,Routine,0,Not Applicable,Yes
DIS005046,PAT00219,ADM002550,FAC004,DEP006,2025-05-16,2025-05-16,Referral,0,Not Applicable,Yes
DIS005051,PAT08529,ADM006804,FAC001,DEP003,2025-02-21,2025-02-21,Routine,0,Not Applicable,No
DIS005054,PAT11606,ADM009078,FAC005,DEP003,2026-07-14,2026-07-15,Routine,20,Medical Instability,Yes
DIS005056,PAT09903,ADM001869,FAC004,DEP005,2025-12-31,2025-12-31,Routine,0,Not Applicable,Yes
DIS005057,PAT12498,ADM014293,FAC003,DEP008,2026-01-30,2026-01-31,Routine,9,Documentation Pending,No
DIS005059,PAT13077,ADM009761,FAC004,DEP002,2022-09-11,2022-09-11,Routine,0,Not Applicable,No
DIS005068,PAT08325,ADM006584,FAC005,DEP001,2025-02-22,2025-02-22,Routine,0,Not Applicable,Yes
DIS005069,PAT05889,ADM010996,FAC004,DEP005,2023-02-02,2023-02-03,Routine,12,Insurance Clearance Pending,No
DIS005076,PAT09333,ADM006610,FAC004,DEP001,2025-06-26,2025-06-26,Routine,0,Not Applicable,No
DIS005086,PAT02456,ADM009388,FAC003,DEP007,2022-11-15,2022-11-15,Routine,0,Not Applicable,Yes
DIS005088,PAT06331,ADM006399,FAC004,DEP002,2025-08-12,2025-08-12,Referral,0,Not Applicable,No
DIS005095,PAT03046,ADM004358,FAC002,DEP001,2025-10-06,2025-10-08,Routine,38,Insurance Clearance Pending,Yes
DIS005105,PAT03659,ADM007211,FAC005,DEP001,2025-01-14,2025-01-14,Routine,0,Not Applicable,No
DIS005106,PAT06344,ADM000310,FAC004,DEP007,2025-03-16,2025-03-16,Routine,0,Not Applicable,Yes
DIS005112,PAT11361,ADM011207,FAC002,DEP001,2022-09-08,2022-09-09,Routine,2,Awaiting Transport,Yes
DIS005121,PAT05222,ADM010413,FAC002,DEP007,2023-01-11,2023-01-11,Routine,0,Not Applicable,Yes
DIS005128,PAT13675,ADM009353,FAC005,DEP007,2024-04-04,2024-04-04,Routine,0,Not Applicable,Yes
DIS005130,PAT08452,ADM014152,FAC004,DEP002,2023-10-17,2023-10-17,AMA,0,Not Applicable,Yes
DIS005140,PAT01140,ADM009106,FAC001,DEP001,2021-04-06,2021-04-06,Transfer,0,Not Applicable,No
DIS005142,PAT04011,ADM014847,FAC001,DEP002,2021-12-30,2021-12-30,Routine,0,Not Applicable,Yes
DIS005151,PAT06073,ADM001176,FAC005,DEP007,2025-02-17,2025-02-18,AMA,17,Family Not Available,No
DIS005159,PAT07717,ADM007114,FAC004,DEP006,2025-09-17,2025-09-18,Routine,2,Documentation Pending,No
DIS005167,PAT06187,ADM000437,FAC003,DEP001,2025-04-29,2025-04-29,Routine,0,Not Applicable,No
DIS005171,PAT07029,ADM014030,FAC002,DEP006,2024-01-14,2024-01-14,Referral,0,Not Applicable,No
DIS005177,PAT03947,ADM005834,FAC005,DEP005,2025-10-21,2025-10-22,Routine,1,Awaiting Transport,Yes
DIS005178,PAT06889,ADM014237,FAC004,DEP007,2025-05-06,2025-05-06,Transfer,0,Not Applicable,Yes
DIS005181,PAT13994,ADM013191,FAC004,DEP006,2023-12-31,2023-12-31,Routine,0,Not Applicable,No
DIS005184,PAT05894,ADM003870,FAC001,DEP003,2025-10-27,2025-10-28,Routine,16,Medical Instability,No
DIS005185,PAT10207,ADM012117,FAC005,DEP001,2022-12-21,2022-12-21,Transfer,0,Not Applicable,No
DIS005193,PAT09549,ADM005334,FAC001,DEP004,2025-02-14,2025-02-14,Referral,0,Not Applicable,No
DIS005207,PAT06144,ADM002453,FAC005,DEP001,2025-01-15,2025-01-15,Routine,0,Not Applicable,Yes
DIS005209,PAT01512,ADM010096,FAC003,DEP003,2021-03-12,2021-03-12,Routine,0,Not Applicable,No
DIS005211,PAT06890,ADM011517,FAC005,DEP005,2025-01-19,2025-01-19,Routine,0,Not Applicable,No
DIS005213,PAT07827,ADM009470,FAC001,DEP004,2024-03-02,2024-03-03,Routine,18,Medical Instability,No
DIS005224,PAT04405,ADM007403,FAC001,DEP008,2025-05-12,2025-05-13,Routine,5,Medical Instability,No
DIS005228,PAT06555,ADM003585,FAC004,DEP007,2025-02-01,2025-02-01,Routine,0,Not Applicable,No
DIS005234,PAT07999,ADM004186,FAC004,DEP006,2025-06-11,2025-06-11,Routine,0,Not Applicable,No
DIS005236,PAT02817,ADM000717,FAC003,DEP007,2025-11-19,2025-11-20,Transfer,1,Awaiting Transport,Yes
DIS005237,PAT06622,ADM014249,FAC003,DEP001,2022-11-16,2022-11-16,Routine,0,Not Applicable,No
DIS005239,PAT07269,ADM002093,FAC001,DEP002,2025-01-05,2025-01-05,Routine,0,Not Applicable,Yes
DIS005241,PAT07656,ADM003184,FAC001,DEP004,2025-12-15,2025-12-15,Routine,0,Not Applicable,Yes
DIS005242,PAT03066,ADM000604,FAC005,DEP006,2025-02-12,2025-02-12,Routine,0,Not Applicable,Yes
DIS005243,PAT01415,ADM001094,FAC001,DEP008,2025-01-19,2025-01-19,Routine,0,Not Applicable,No
DIS005251,PAT13911,ADM009501,FAC003,DEP007,2026-02-02,2026-02-03,Routine,4,Documentation Pending,No
DIS005253,PAT01476,ADM000005,FAC002,DEP002,2025-08-20,2025-08-21,AMA,14,Medical Instability,Yes
DIS005255,PAT09797,ADM000796,FAC005,DEP005,2025-12-12,2025-12-13,Routine,12,Documentation Pending,Yes
DIS005257,PAT04305,ADM006514,FAC002,DEP006,2025-09-12,2025-09-12,Routine,0,Not Applicable,Yes
DIS005262,PAT10000,ADM012621,FAC003,DEP007,2025-05-08,2025-05-09,Routine,1,Documentation Pending,Yes
DIS005264,PAT12609,ADM011592,FAC003,DEP005,2025-03-19,2025-03-21,Routine,36,Medical Instability,Yes
DIS005274,PAT11157,ADM012055,FAC001,DEP002,2022-06-13,2022-06-13,Routine,0,Not Applicable,No
DIS005276,PAT06850,ADM006099,FAC003,DEP001,2025-08-26,2025-08-27,Routine,8,Awaiting Transport,Yes
DIS005277,PAT09919,ADM004019,FAC005,DEP001,2025-06-03,2025-06-04,Routine,2,Medical Instability,Yes
DIS005279,PAT08635,ADM002812,FAC002,DEP005,2025-10-27,2025-10-28,Routine,1,Insurance Clearance Pending,Yes
DIS005286,PAT12822,ADM011132,FAC004,DEP002,2023-07-02,2023-07-02,Routine,0,Not Applicable,Yes
DIS005292,PAT02933,ADM013077,FAC003,DEP005,2023-02-14,2023-02-14,Routine,0,Not Applicable,No
DIS005299,PAT09503,ADM012574,FAC001,DEP002,2026-09-01,2026-09-02,Routine,1,Documentation Pending,No
DIS005303,PAT01403,ADM006176,FAC001,DEP005,2025-04-09,2025-04-09,Routine,0,Not Applicable,Yes
DIS005308,PAT00020,ADM004798,FAC003,DEP001,2025-05-04,2025-05-05,Routine,1,Awaiting Transport,Yes
DIS005312,PAT00536,ADM004827,FAC005,DEP006,2025-06-16,2025-06-16,Referral,0,Not Applicable,Yes
DIS005313,PAT03064,ADM014078,FAC002,DEP001,2021-08-31,2021-09-01,Routine,18,Insurance Clearance Pending,Yes
DIS005318,PAT07306,ADM000727,FAC002,DEP007,2025-08-17,2025-08-17,Routine,0,Not Applicable,Yes
DIS005319,PAT09606,ADM002281,FAC004,DEP001,2025-08-30,2025-08-30,Transfer,0,Not Applicable,No
DIS005320,PAT00169,ADM002543,FAC005,DEP006,2025-03-23,2025-03-23,Routine,0,Not Applicable,Yes
DIS005321,PAT00705,ADM001876,FAC002,DEP002,2025-04-28,2025-04-28,Routine,0,Not Applicable,No
DIS005324,PAT04790,ADM011854,FAC004,DEP001,2023-07-28,2023-07-29,AMA,1,Family Not Available,Yes
DIS005325,PAT09954,ADM004344,FAC004,DEP002,2025-11-15,2025-11-16,AMA,3,Insurance Clearance Pending,Yes
DIS005328,PAT14314,ADM011390,FAC001,DEP003,2021-03-21,2021-03-22,Transfer,8,Medical Instability,No
DIS005329,PAT09726,ADM003496,FAC004,DEP006,2025-01-12,2025-01-12,Routine,0,Not Applicable,Yes
DIS005330,PAT07629,ADM014974,FAC001,DEP004,2026-12-22,2026-12-22,Routine,0,Not Applicable,Yes
DIS005338,PAT04465,ADM004063,FAC002,DEP002,2025-01-30,2025-01-31,Routine,10,Awaiting Transport,No
DIS005348,PAT04193,ADM011837,FAC002,DEP006,2024-11-25,2024-11-25,Routine,0,Not Applicable,Yes
DIS005351,PAT07574,ADM009649,FAC002,DEP006,2023-01-02,2023-01-02,Routine,0,Not Applicable,Yes
DIS005353,PAT14979,ADM010279,FAC005,DEP003,2021-02-08,2021-02-08,Transfer,0,Not Applicable,No
DIS005356,PAT01115,ADM014837,FAC004,DEP001,2026-05-21,2026-05-22,Routine,10,Awaiting Transport,Yes
DIS005359,PAT00426,ADM009956,FAC004,DEP005,2026-06-05,2026-06-05,Routine,0,Not Applicable,Yes
DIS005365,PAT04405,ADM002730,FAC001,DEP003,2025-04-16,2025-04-20,Routine,87,Family Not Available,Yes
DIS005369,PAT01985,ADM010851,FAC004,DEP004,2023-10-27,2023-10-28,Routine,5,Medical Instability,No
DIS005377,PAT02563,ADM014827,FAC002,DEP002,2023-12-26,2023-12-26,Routine,0,Not Applicable,Yes
DIS005379,PAT04392,ADM006981,FAC004,DEP004,2025-05-11,2025-05-11,Referral,0,Not Applicable,Yes
DIS005383,PAT06897,ADM010770,FAC002,DEP001,2026-07-29,2026-07-30,Routine,2,Medical Instability,Yes
DIS005393,PAT00474,ADM006917,FAC004,DEP006,2025-02-16,2025-02-17,Routine,14,Documentation Pending,Yes
DIS005405,PAT01098,ADM000489,FAC001,DEP002,2025-08-18,2025-08-18,Routine,0,Not Applicable,Yes
DIS005408,PAT01721,ADM010564,FAC004,DEP006,2022-08-31,2022-08-31,Routine,0,Not Applicable,Yes
DIS005410,PAT00915,ADM008859,FAC002,DEP005,2022-04-09,2022-04-09,Routine,0,Not Applicable,No
DIS005411,PAT03144,ADM008273,FAC001,DEP002,2025-06-07,2025-06-07,Routine,0,Not Applicable,No
DIS005413,PAT02761,ADM000461,FAC004,DEP002,2025-02-26,2025-02-27,Transfer,1,Documentation Pending,Yes
DIS005414,PAT05569,ADM003273,FAC003,DEP005,2025-05-18,2025-05-19,Routine,5,Family Not Available,Yes
DIS005415,PAT07641,ADM011681,FAC002,DEP002,2026-11-05,2026-11-05,Routine,0,Not Applicable,Yes
DIS005416,PAT00274,ADM014310,FAC002,DEP005,2026-11-01,2026-11-01,Routine,0,Not Applicable,Yes
DIS005418,PAT07064,ADM014012,FAC005,DEP006,2025-07-20,2025-07-20,Routine,0,Not Applicable,Yes
DIS005425,PAT02309,ADM002139,FAC004,DEP007,2025-10-28,2025-10-28,Routine,0,Not Applicable,No
DIS005436,PAT09038,ADM012840,FAC005,DEP006,2021-02-26,2021-02-26,Routine,0,Not Applicable,Yes
DIS005437,PAT13315,ADM013955,FAC005,DEP001,2025-02-24,2025-02-25,Routine,8,Insurance Clearance Pending,Yes
DIS005442,PAT07502,ADM008353,FAC004,DEP007,2025-03-06,2025-03-07,Transfer,15,Awaiting Transport,No
DIS005444,PAT03107,ADM013937,FAC004,DEP004,2022-02-15,2022-02-16,Routine,1,Medical Instability,No
DIS005450,PAT09122,ADM000898,FAC003,DEP003,2025-03-11,2025-03-11,Routine,0,Not Applicable,No
DIS005455,PAT05959,ADM007016,FAC002,DEP005,2025-12-07,2025-12-07,Routine,0,Not Applicable,No
DIS005456,PAT07641,ADM014732,FAC001,DEP001,2022-03-07,2022-03-08,Routine,5,Awaiting Transport,No
DIS005457,PAT04744,ADM005429,FAC004,DEP004,2025-05-17,2025-05-17,Routine,0,Not Applicable,No
DIS005458,PAT07223,ADM009036,FAC001,DEP005,2021-08-15,2021-08-15,Routine,0,Not Applicable,No
DIS005459,PAT00938,ADM013119,FAC003,DEP007,2021-01-11,2021-01-13,Routine,35,Awaiting Transport,Yes
DIS005461,PAT03781,ADM005893,FAC001,DEP002,2025-04-20,2025-04-21,Routine,8,Insurance Clearance Pending,No
DIS005473,PAT04352,ADM011235,FAC005,DEP007,2026-11-03,2026-11-03,AMA,0,Not Applicable,No
DIS005484,PAT02059,ADM004982,FAC002,DEP007,2025-08-29,2025-08-29,Routine,0,Not Applicable,Yes
DIS005487,PAT08937,ADM008701,FAC003,DEP007,2024-10-25,2024-10-25,Routine,0,Not Applicable,Yes
DIS005496,PAT03025,ADM010890,FAC004,DEP005,2023-03-26,2023-03-26,Routine,0,Not Applicable,No
DIS005502,PAT11108,ADM008936,FAC002,DEP005,2026-01-12,2026-01-13,Routine,4,Documentation Pending,No
DIS005504,PAT04013,ADM003508,FAC005,DEP008,2025-05-25,2025-05-25,Routine,0,Not Applicable,Yes
DIS005506,PAT08122,ADM011972,FAC001,DEP005,2021-01-24,2021-01-24,Routine,0,Not Applicable,Yes
DIS005509,PAT10881,ADM013773,FAC002,DEP006,2024-09-26,2024-09-26,Routine,0,Not Applicable,Yes
DIS005512,PAT03249,ADM005314,FAC002,DEP005,2025-12-07,2025-12-07,Transfer,0,Not Applicable,Yes
DIS005515,PAT05513,ADM013989,FAC004,DEP001,2023-04-17,2023-04-18,Routine,24,Documentation Pending,No
DIS005523,PAT09682,ADM007570,FAC004,DEP004,2025-08-22,2025-08-22,Routine,0,Not Applicable,Yes
DIS005527,PAT07013,ADM003652,FAC004,DEP001,2025-08-09,2025-08-09,Routine,0,Not Applicable,Yes
DIS005529,PAT03624,ADM013130,FAC004,DEP004,2024-11-13,2024-11-13,Transfer,0,Not Applicable,Yes
DIS005545,PAT07347,ADM008335,FAC001,DEP005,2025-11-08,2025-11-08,Routine,0,Not Applicable,No
DIS005546,PAT08770,ADM010802,FAC003,DEP007,2025-09-14,2025-09-15,Routine,1,Medical Instability,Yes
DIS005547,PAT00773,ADM001973,FAC005,DEP001,2025-01-17,2025-01-18,Routine,4,Medical Instability,No
DIS005549,PAT00764,ADM010908,FAC002,DEP007,2024-07-31,2024-08-01,Routine,13,Family Not Available,No
DIS005553,PAT08823,ADM011733,FAC003,DEP005,2024-04-22,2024-04-22,Routine,0,Not Applicable,Yes
DIS005555,PAT01624,ADM002173,FAC004,DEP006,2025-07-09,2025-07-09,Routine,0,Not Applicable,Yes
DIS005559,PAT06265,ADM002689,FAC003,DEP005,2025-05-13,2025-05-13,Routine,0,Not Applicable,No
DIS005560,PAT06138,ADM000447,FAC004,DEP002,2025-03-27,2025-03-27,Routine,0,Not Applicable,No
DIS005562,PAT09469,ADM003931,FAC005,DEP006,2025-05-13,2025-05-14,Routine,7,Awaiting Transport,No
DIS005563,PAT14422,ADM011398,FAC003,DEP005,2021-06-28,2021-06-28,Routine,0,Not Applicable,Yes
DIS005570,PAT00480,ADM011961,FAC001,DEP002,2022-11-27,2022-11-28,Referral,4,Medical Instability,No
DIS005572,PAT09744,ADM007202,FAC004,DEP007,2025-04-09,2025-04-09,Routine,0,Not Applicable,Yes
DIS005578,PAT08603,ADM004748,FAC001,DEP008,2025-11-12,2025-11-12,Routine,0,Not Applicable,No
DIS005580,PAT03996,ADM012943,FAC001,DEP003,2023-05-09,2023-05-10,Routine,9,Insurance Clearance Pending,No
DIS005586,PAT03647,ADM000613,FAC004,DEP002,2025-04-19,2025-04-19,AMA,0,Not Applicable,No
DIS005588,PAT01521,ADM000230,FAC004,DEP007,2025-01-14,2025-01-14,Routine,0,Not Applicable,Yes
DIS005595,PAT02251,ADM008171,FAC002,DEP005,2025-02-27,2025-02-27,Routine,0,Not Applicable,No
DIS005597,PAT07915,ADM005438,FAC001,DEP008,2025-02-07,2025-02-07,Routine,0,Not Applicable,Yes
DIS005599,PAT03438,ADM007112,FAC001,DEP001,2025-04-07,2025-04-07,Routine,0,Not Applicable,No
DIS005600,PAT09293,ADM013990,FAC003,DEP003,2024-05-28,2024-05-28,Routine,0,Not Applicable,No
DIS005606,PAT04630,ADM005849,FAC002,DEP005,2025-09-05,2025-09-05,Routine,0,Not Applicable,Yes
DIS005614,PAT00220,ADM008001,FAC001,DEP002,2025-06-22,2025-06-23,Routine,5,Insurance Clearance Pending,No
DIS005615,PAT08279,ADM003642,FAC001,DEP003,2025-09-09,2025-09-10,Routine,9,Insurance Clearance Pending,Yes
DIS005620,PAT13941,ADM010196,FAC003,DEP005,2026-04-14,2026-04-14,Routine,0,Not Applicable,No
DIS005626,PAT10521,ADM014666,FAC002,DEP002,2024-07-17,2024-07-17,Routine,0,Not Applicable,Yes
DIS005630,PAT02022,ADM009576,FAC002,DEP001,2025-08-20,2025-08-21,Transfer,1,Family Not Available,Yes
DIS005631,PAT01905,ADM001982,FAC003,DEP007,2025-10-13,2025-10-13,Routine,0,Not Applicable,Yes
DIS005635,PAT05059,ADM004625,FAC001,DEP001,2025-04-02,2025-04-03,Routine,21,Family Not Available,Yes
DIS005636,PAT09788,ADM004794,FAC001,DEP002,2025-07-15,2025-07-15,Routine,0,Not Applicable,No
DIS005638,PAT05024,ADM002362,FAC002,DEP001,2025-03-04,2025-03-04,Routine,0,Not Applicable,No
DIS005651,PAT07904,ADM011308,FAC002,DEP007,2025-07-17,2025-07-17,Routine,0,Not Applicable,No
DIS005655,PAT04747,ADM008112,FAC005,DEP007,2025-07-22,2025-07-22,Routine,0,Not Applicable,Yes
DIS005675,PAT08938,ADM000312,FAC001,DEP004,2025-07-06,2025-07-07,Transfer,1,Documentation Pending,Yes
DIS005681,PAT05490,ADM002816,FAC005,DEP007,2025-05-15,2025-05-15,Routine,0,Not Applicable,Yes
DIS005684,PAT13445,ADM008523,FAC004,DEP005,2023-03-31,2023-03-31,Routine,0,Not Applicable,Yes
DIS005692,PAT00837,ADM005953,FAC003,DEP005,2025-06-21,2025-06-21,Routine,0,Not Applicable,No
DIS005699,PAT08658,ADM004651,FAC004,DEP002,2025-07-21,2025-07-21,Routine,0,Not Applicable,Yes
DIS005700,PAT06322,ADM007641,FAC002,DEP007,2025-09-20,2025-09-20,Routine,0,Not Applicable,Yes
DIS005707,PAT14527,ADM014485,FAC002,DEP007,2022-04-07,2022-04-07,Referral,0,Not Applicable,Yes
DIS005713,PAT11441,ADM014146,FAC001,DEP001,2023-10-01,2023-10-02,Referral,1,Insurance Clearance Pending,No
DIS005727,PAT03843,ADM005059,FAC003,DEP001,2025-04-01,2025-04-01,Routine,0,Not Applicable,Yes
DIS005733,PAT06850,ADM008850,FAC005,DEP005,2025-12-30,2025-12-31,Referral,3,Medical Instability,Yes
DIS005734,PAT09732,ADM006635,FAC001,DEP002,2025-08-06,2025-08-06,Routine,0,Not Applicable,Yes
DIS005743,PAT14020,ADM009919,FAC002,DEP006,2021-10-18,2021-10-18,Routine,0,Not Applicable,No
DIS005744,PAT04961,ADM008598,FAC003,DEP007,2021-10-04,2021-10-06,Routine,29,Family Not Available,Yes
DIS005752,PAT07783,ADM014839,FAC004,DEP001,2024-11-24,2024-11-24,AMA,0,Not Applicable,Yes
DIS005755,PAT01176,ADM001434,FAC001,DEP002,2025-01-30,2025-01-30,Routine,0,Not Applicable,No
DIS005758,PAT07829,ADM004597,FAC002,DEP006,2025-01-28,2025-01-28,Routine,0,Not Applicable,Yes
DIS005763,PAT09150,ADM007341,FAC001,DEP003,2025-05-16,2025-05-16,Routine,0,Not Applicable,No
DIS005772,PAT01012,ADM003355,FAC002,DEP001,2025-09-10,2025-09-11,Routine,8,Awaiting Transport,Yes
DIS005785,PAT09071,ADM000232,FAC005,DEP005,2025-07-31,2025-08-01,Routine,9,Insurance Clearance Pending,No
DIS005786,PAT13315,ADM011214,FAC001,DEP003,2023-02-23,2023-02-23,Routine,0,Not Applicable,Yes
DIS005791,PAT07802,ADM011005,FAC005,DEP001,2021-04-24,2021-04-25,Routine,10,Family Not Available,Yes
DIS005792,PAT06502,ADM012386,FAC005,DEP006,2026-09-15,2026-09-15,Routine,0,Not Applicable,Yes
DIS005795,PAT00115,ADM007310,FAC002,DEP001,2025-07-18,2025-07-18,Routine,0,Not Applicable,Yes
DIS005803,PAT08331,ADM006556,FAC002,DEP006,2025-01-13,2025-01-13,Routine,0,Not Applicable,Yes
DIS005804,PAT06907,ADM000347,FAC002,DEP001,2025-06-29,2025-06-29,Routine,0,Not Applicable,Yes
DIS005810,PAT11445,ADM014819,FAC002,DEP007,2026-01-24,2026-01-24,Routine,0,Not Applicable,No
DIS005817,PAT05024,ADM001862,FAC003,DEP008,2025-11-12,2025-11-12,Routine,0,Not Applicable,Yes
DIS005826,PAT01191,ADM001245,FAC003,DEP001,2025-10-21,2025-10-21,Routine,0,Not Applicable,Yes
DIS005838,PAT06546,ADM009633,FAC001,DEP001,2021-10-26,2021-10-26,Routine,0,Not Applicable,Yes
DIS005849,PAT06509,ADM013488,FAC002,DEP001,2024-12-07,2024-12-07,Referral,0,Not Applicable,No
DIS005850,PAT10561,ADM012763,FAC003,DEP007,2024-07-07,2024-07-07,Routine,0,Not Applicable,No
DIS005868,PAT14954,ADM010977,FAC001,DEP002,2023-02-23,2023-02-23,Routine,0,Not Applicable,No
DIS005871,PAT04150,ADM006286,FAC002,DEP001,2025-09-01,2025-09-01,Referral,0,Not Applicable,Yes
DIS005877,PAT06804,ADM008472,FAC001,DEP003,2025-11-04,2025-11-04,Routine,0,Not Applicable,Yes
DIS005888,PAT11270,ADM009547,FAC004,DEP006,2023-02-12,2023-02-12,Routine,0,Not Applicable,No
DIS005897,PAT06714,ADM001344,FAC001,DEP002,2025-11-28,2025-11-28,Transfer,0,Not Applicable,Yes
DIS005908,PAT14335,ADM012314,FAC002,DEP007,2024-03-07,2024-03-07,Routine,0,Not Applicable,Yes
DIS005911,PAT05624,ADM006899,FAC002,DEP001,2025-11-15,2025-11-16,Routine,11,Documentation Pending,No
DIS005919,PAT04011,ADM009720,FAC005,DEP006,2026-06-04,2026-06-04,Routine,0,Not Applicable,No
DIS005923,PAT02519,ADM008564,FAC004,DEP005,2021-07-26,2021-07-27,Routine,7,Medical Instability,No
DIS005934,PAT01374,ADM001873,FAC002,DEP007,2025-10-23,2025-10-24,Routine,1,Insurance Clearance Pending,Yes
DIS005935,PAT04339,ADM002827,FAC002,DEP001,2025-10-17,2025-10-17,Routine,0,Not Applicable,Yes
DIS005942,PAT11973,ADM013807,FAC002,DEP006,2024-06-23,2024-06-23,Routine,0,Not Applicable,No
DIS005968,PAT10069,ADM008863,FAC005,DEP001,2022-08-15,2022-08-16,Routine,15,Insurance Clearance Pending,Yes
DIS005972,PAT02183,ADM001607,FAC001,DEP004,2025-04-18,2025-04-19,Transfer,3,Documentation Pending,Yes
DIS005975,PAT01122,ADM003470,FAC005,DEP003,2025-07-01,2025-07-01,Routine,0,Not Applicable,No
DIS005976,PAT04041,ADM003711,FAC004,DEP007,2025-08-05,2025-08-06,Routine,11,Awaiting Transport,No
DIS005977,PAT07725,ADM002110,FAC004,DEP005,2025-04-04,2025-04-05,Routine,5,Medical Instability,Yes
DIS005980,PAT02158,ADM005063,FAC002,DEP002,2025-08-13,2025-08-14,Routine,1,Documentation Pending,Yes
DIS005981,PAT04660,ADM008800,FAC005,DEP006,2022-08-17,2022-08-17,Transfer,0,Not Applicable,Yes
DIS006010,PAT08787,ADM003143,FAC003,DEP005,2025-03-24,2025-03-25,Routine,1,Medical Instability,No
DIS006020,PAT08105,ADM011433,FAC001,DEP003,2022-03-07,2022-03-07,Routine,0,Not Applicable,No
DIS006022,PAT03039,ADM008538,FAC003,DEP005,2025-03-14,2025-03-14,Transfer,0,Not Applicable,No
DIS006025,PAT06558,ADM006913,FAC005,DEP007,2025-12-13,2025-12-13,Routine,0,Not Applicable,Yes
DIS006026,PAT06891,ADM002995,FAC002,DEP007,2025-11-29,2025-11-29,Routine,0,Not Applicable,No
DIS006037,PAT06927,ADM011032,FAC002,DEP006,2023-05-27,2023-05-27,Routine,0,Not Applicable,Yes
DIS006038,PAT09190,ADM009310,FAC002,DEP007,2024-10-01,2024-10-01,Routine,0,Not Applicable,No
DIS006043,PAT08939,ADM003151,FAC001,DEP005,2025-09-03,2025-09-04,Referral,10,Awaiting Transport,No
DIS006051,PAT04059,ADM008716,FAC003,DEP007,2026-07-27,2026-07-28,Routine,16,Family Not Available,No
DIS006060,PAT08383,ADM012533,FAC005,DEP006,2024-04-05,2024-04-05,Routine,0,Not Applicable,Yes
DIS006063,PAT12012,ADM011770,FAC002,DEP002,2022-09-18,2022-09-18,Routine,0,Not Applicable,No
DIS006072,PAT05933,ADM000456,FAC001,DEP005,2025-01-27,2025-01-27,Routine,0,Not Applicable,No
DIS006087,PAT04607,ADM007295,FAC005,DEP005,2025-09-08,2025-09-09,Routine,20,Family Not Available,Yes
DIS006088,PAT08257,ADM014711,FAC001,DEP005,2022-10-07,2022-10-07,Routine,0,Not Applicable,No
DIS006096,PAT08635,ADM007255,FAC001,DEP004,2025-05-16,2025-05-16,Routine,0,Not Applicable,Yes
DIS006097,PAT05423,ADM013919,FAC004,DEP001,2022-04-07,2022-04-07,Routine,0,Not Applicable,No
DIS006100,PAT06919,ADM014502,FAC005,DEP006,2024-06-02,2024-06-03,Routine,1,Medical Instability,No
DIS006102,PAT02272,ADM005490,FAC001,DEP003,2025-01-22,2025-01-22,Routine,0,Not Applicable,Yes
DIS006103,PAT03016,ADM008287,FAC005,DEP003,2025-07-21,2025-07-21,Routine,0,Not Applicable,Yes
DIS006107,PAT04128,ADM001098,FAC001,DEP005,2025-07-16,2025-07-16,Routine,0,Not Applicable,No
DIS006109,PAT10466,ADM011153,FAC004,DEP001,2023-09-14,2023-09-14,Routine,0,Not Applicable,No
DIS006113,PAT03121,ADM009614,FAC005,DEP005,2025-05-02,2025-05-02,Routine,0,Not Applicable,Yes
DIS006123,PAT00829,ADM001192,FAC001,DEP004,2025-10-20,2025-10-20,Routine,0,Not Applicable,No
DIS006131,PAT06537,ADM006205,FAC005,DEP007,2025-09-27,2025-09-27,Routine,0,Not Applicable,No
DIS006142,PAT14084,ADM012496,FAC001,DEP002,2024-10-30,2024-10-30,Routine,0,Not Applicable,No
DIS006144,PAT00274,ADM005356,FAC003,DEP008,2025-08-16,2025-08-16,Routine,0,Not Applicable,Yes
DIS006151,PAT06680,ADM009495,FAC002,DEP006,2022-06-25,2022-06-26,Routine,16,Awaiting Transport,No
DIS006168,PAT06374,ADM002047,FAC001,DEP001,2025-09-22,2025-09-22,Routine,0,Not Applicable,No
DIS006182,PAT07338,ADM004866,FAC003,DEP001,2025-06-23,2025-06-23,Routine,0,Not Applicable,No
DIS006186,PAT01685,ADM002109,FAC005,DEP001,2025-08-03,2025-08-04,Routine,1,Family Not Available,Yes
DIS006195,PAT14029,ADM013132,FAC005,DEP003,2025-10-16,2025-10-17,Routine,3,Awaiting Transport,No
DIS006196,PAT06845,ADM014060,FAC003,DEP007,2025-03-15,2025-03-15,Routine,0,Not Applicable,Yes
DIS006207,PAT10881,ADM011074,FAC004,DEP006,2021-12-25,2021-12-25,Routine,0,Not Applicable,No
DIS006213,PAT00818,ADM007614,FAC003,DEP007,2025-06-10,2025-06-10,Routine,0,Not Applicable,No
DIS006214,PAT01523,ADM005795,FAC005,DEP008,2025-02-07,2025-02-07,Routine,0,Not Applicable,No
DIS006215,PAT03367,ADM009023,FAC004,DEP001,2022-03-29,2022-03-29,Routine,0,Not Applicable,Yes
DIS006227,PAT13445,ADM014388,FAC004,DEP001,2026-06-01,2026-06-01,Routine,0,Not Applicable,No
DIS006232,PAT00285,ADM004181,FAC004,DEP007,2025-04-17,2025-04-17,Routine,0,Not Applicable,No
DIS006235,PAT03044,ADM005066,FAC004,DEP004,2025-03-27,2025-03-27,Referral,0,Not Applicable,No
DIS006239,PAT00249,ADM005480,FAC001,DEP001,2025-10-01,2025-10-01,Routine,0,Not Applicable,Yes
DIS006240,PAT09319,ADM004645,FAC005,DEP006,2025-11-22,2025-11-22,Transfer,0,Not Applicable,Yes
DIS006242,PAT08521,ADM009208,FAC003,DEP003,2021-04-26,2021-04-26,Transfer,0,Not Applicable,No
DIS006248,PAT00115,ADM002729,FAC002,DEP007,2025-12-22,2025-12-23,Routine,3,Medical Instability,Yes
DIS006256,PAT01945,ADM007102,FAC005,DEP008,2025-03-13,2025-03-13,Routine,0,Not Applicable,No
DIS006262,PAT05741,ADM010329,FAC001,DEP002,2025-02-09,2025-02-09,Routine,0,Not Applicable,No
DIS006264,PAT00294,ADM005349,FAC003,DEP001,2025-02-03,2025-02-03,Routine,0,Not Applicable,Yes
DIS006267,PAT08137,ADM003322,FAC005,DEP001,2025-09-03,2025-09-03,Routine,0,Not Applicable,No
DIS006269,PAT09020,ADM014228,FAC002,DEP007,2026-07-06,2026-07-06,Routine,0,Not Applicable,Yes
DIS006277,PAT07502,ADM006592,FAC005,DEP005,2025-06-14,2025-06-15,Routine,1,Awaiting Transport,Yes
DIS006280,PAT00275,ADM007153,FAC005,DEP008,2025-08-28,2025-08-28,Routine,0,Not Applicable,No
DIS006281,PAT14563,ADM011544,FAC003,DEP007,2024-11-08,2024-11-09,Routine,5,Insurance Clearance Pending,No
DIS006282,PAT01603,ADM007571,FAC001,DEP008,2025-06-18,2025-06-18,Routine,0,Not Applicable,Yes
DIS006284,PAT05903,ADM014758,FAC003,DEP003,2025-06-11,2025-06-12,Routine,5,Insurance Clearance Pending,No
DIS006292,PAT02302,ADM008318,FAC003,DEP003,2025-03-11,2025-03-11,Routine,0,Not Applicable,Yes
DIS006293,PAT03039,ADM001134,FAC002,DEP002,2025-07-17,2025-07-18,Routine,6,Medical Instability,No
DIS006295,PAT04016,ADM003015,FAC002,DEP006,2025-03-02,2025-03-02,AMA,0,Not Applicable,No
DIS006298,PAT01084,ADM003586,FAC001,DEP008,2025-08-26,2025-08-26,Routine,0,Not Applicable,No
DIS006300,PAT03548,ADM005065,FAC001,DEP002,2025-08-13,2025-08-13,Routine,0,Not Applicable,Yes
DIS006308,PAT10057,ADM012916,FAC005,DEP007,2026-12-05,2026-12-06,Routine,15,Family Not Available,Yes
DIS006311,PAT03563,ADM006951,FAC001,DEP005,2025-06-04,2025-06-04,Routine,0,Not Applicable,Yes
DIS006314,PAT11840,ADM010643,FAC004,DEP002,2022-02-25,2022-02-25,Routine,0,Not Applicable,No
DIS006321,PAT04537,ADM014944,FAC002,DEP006,2021-03-22,2021-03-22,Routine,0,Not Applicable,Yes
DIS006322,PAT06960,ADM004452,FAC004,DEP005,2025-08-21,2025-08-21,Routine,0,Not Applicable,Yes
DIS006326,PAT05181,ADM012326,FAC001,DEP005,2026-10-03,2026-10-03,Routine,0,Not Applicable,No
DIS006332,PAT03070,ADM013139,FAC004,DEP002,2023-08-25,2023-08-26,Routine,11,Documentation Pending,No
DIS006333,PAT06680,ADM007976,FAC003,DEP008,2025-09-19,2025-09-19,Routine,0,Not Applicable,No
DIS006339,PAT04296,ADM000507,FAC004,DEP005,2025-06-09,2025-06-09,Routine,0,Not Applicable,Yes
DIS006358,PAT13012,ADM010441,FAC002,DEP007,2026-11-06,2026-11-06,Routine,0,Not Applicable,Yes
DIS006359,PAT04979,ADM001016,FAC005,DEP008,2025-12-10,2025-12-10,Routine,0,Not Applicable,Yes
DIS006362,PAT06988,ADM001258,FAC005,DEP006,2025-04-01,2025-04-01,Routine,0,Not Applicable,Yes
DIS006368,PAT03922,ADM007965,FAC003,DEP005,2025-09-03,2025-09-04,Routine,11,Family Not Available,No
DIS006373,PAT05373,ADM004698,FAC001,DEP003,2025-08-31,2025-08-31,Referral,0,Not Applicable,Yes
DIS006377,PAT07303,ADM012895,FAC001,DEP008,2025-02-04,2025-02-05,Routine,2,Medical Instability,No
DIS006378,PAT00837,ADM000323,FAC002,DEP001,2025-03-20,2025-03-20,Routine,0,Not Applicable,No
DIS006380,PAT00812,ADM001461,FAC001,DEP003,2025-02-23,2025-02-23,Routine,0,Not Applicable,No
DIS006381,PAT12976,ADM012323,FAC001,DEP004,2026-04-13,2026-04-13,Routine,0,Not Applicable,Yes
DIS006386,PAT08169,ADM010483,FAC002,DEP006,2023-01-28,2023-01-29,Referral,4,Documentation Pending,Yes
DIS006391,PAT03121,ADM004116,FAC001,DEP004,2025-10-30,2025-10-30,Routine,0,Not Applicable,Yes
DIS006392,PAT14396,ADM011360,FAC003,DEP005,2024-07-15,2024-07-15,Routine,0,Not Applicable,Yes
DIS006395,PAT07766,ADM008866,FAC002,DEP007,2025-01-06,2025-01-07,Routine,7,Insurance Clearance Pending,No
DIS006402,PAT04748,ADM012008,FAC002,DEP007,2025-07-23,2025-07-24,Routine,12,Family Not Available,No
DIS006416,PAT09616,ADM008109,FAC003,DEP001,2025-10-22,2025-10-22,Routine,0,Not Applicable,Yes
DIS006418,PAT00069,ADM000677,FAC004,DEP002,2025-06-23,2025-06-23,Routine,0,Not Applicable,No
DIS006419,PAT06476,ADM001454,FAC004,DEP006,2025-08-20,2025-08-20,Transfer,0,Not Applicable,No
DIS006421,PAT04375,ADM008901,FAC001,DEP003,2026-11-10,2026-11-11,Routine,17,Documentation Pending,Yes
DIS006422,PAT08577,ADM013997,FAC005,DEP008,2022-08-12,2022-08-13,Routine,1,Family Not Available,No
DIS006427,PAT00677,ADM002298,FAC003,DEP005,2025-12-06,2025-12-07,Routine,12,Awaiting Transport,Yes
DIS006440,PAT10473,ADM013682,FAC001,DEP001,2025-11-21,2025-11-21,Routine,0,Not Applicable,Yes
DIS006443,PAT12670,ADM014999,FAC003,DEP005,2025-01-19,2025-01-20,Routine,6,Documentation Pending,No
DIS006449,PAT14223,ADM014539,FAC005,DEP008,2025-08-28,2025-08-29,Routine,1,Insurance Clearance Pending,No
DIS006454,PAT09323,ADM012888,FAC004,DEP004,2024-01-25,2024-01-25,Routine,0,Not Applicable,No
DIS006464,PAT07309,ADM010133,FAC005,DEP008,2024-08-07,2024-08-08,Routine,6,Awaiting Transport,No
DIS006468,PAT05036,ADM003611,FAC001,DEP005,2025-10-08,2025-10-08,Routine,0,Not Applicable,Yes
DIS006469,PAT00096,ADM002161,FAC003,DEP007,2025-07-04,2025-07-04,Routine,0,Not Applicable,No
DIS006470,PAT11059,ADM009680,FAC004,DEP004,2026-09-17,2026-09-17,Routine,0,Not Applicable,Yes
DIS006482,PAT01483,ADM012578,FAC005,DEP008,2024-01-15,2024-01-15,Routine,0,Not Applicable,No
DIS006484,PAT02549,ADM000844,FAC004,DEP001,2025-08-08,2025-08-09,Referral,4,Insurance Clearance Pending,Yes
DIS006492,PAT12684,ADM009090,FAC001,DEP004,2023-09-17,2023-09-18,Routine,6,Insurance Clearance Pending,No
DIS006500,PAT07206,ADM012823,FAC005,DEP006,2026-06-01,2026-06-01,Routine,0,Not Applicable,No
DIS006507,PAT09884,ADM007386,FAC004,DEP007,2025-02-24,2025-02-25,Routine,11,Medical Instability,Yes
DIS006508,PAT13470,ADM012579,FAC004,DEP006,2024-02-27,2024-02-27,Routine,0,Not Applicable,Yes
DIS006509,PAT07530,ADM004667,FAC003,DEP005,2025-12-02,2025-12-02,Routine,0,Not Applicable,No
DIS006515,PAT10925,ADM010734,FAC004,DEP005,2026-12-09,2026-12-09,Routine,0,Not Applicable,Yes
DIS006517,PAT07827,ADM008290,FAC003,DEP007,2025-04-11,2025-04-12,Routine,6,Documentation Pending,No
DIS006518,PAT09692,ADM006359,FAC003,DEP005,2025-09-02,2025-09-03,Routine,1,Awaiting Transport,No
DIS006520,PAT10382,ADM009365,FAC003,DEP001,2022-10-31,2022-10-31,Referral,0,Not Applicable,Yes
DIS006530,PAT08541,ADM010216,FAC001,DEP005,2024-10-20,2024-10-21,Transfer,10,Documentation Pending,No
DIS006532,PAT05101,ADM006171,FAC001,DEP002,2025-08-14,2025-08-14,Routine,0,Not Applicable,No
DIS006537,PAT04203,ADM013485,FAC002,DEP007,2021-05-16,2021-05-17,Transfer,9,Medical Instability,Yes
DIS006545,PAT12650,ADM011875,FAC005,DEP005,2026-07-26,2026-07-26,Routine,0,Not Applicable,Yes
DIS006546,PAT03209,ADM012772,FAC003,DEP003,2025-12-03,2025-12-03,Routine,0,Not Applicable,Yes
DIS006550,PAT00380,ADM005858,FAC001,DEP004,2025-11-25,2025-11-25,Routine,0,Not Applicable,Yes
DIS006558,PAT00322,ADM008798,FAC002,DEP001,2023-09-06,2023-09-06,Routine,0,Not Applicable,No
DIS006562,PAT01748,ADM004400,FAC001,DEP008,2025-03-13,2025-03-14,Routine,3,Insurance Clearance Pending,Yes
DIS006568,PAT09080,ADM003524,FAC002,DEP006,2025-05-27,2025-05-27,Routine,0,Not Applicable,No
DIS006573,PAT09842,ADM004087,FAC005,DEP005,2025-05-05,2025-05-06,Routine,2,Medical Instability,Yes
DIS006575,PAT03438,ADM013074,FAC005,DEP005,2026-02-05,2026-02-05,Routine,0,Not Applicable,No
DIS006577,PAT06951,ADM005157,FAC003,DEP007,2025-09-28,2025-09-28,Transfer,0,Not Applicable,No
DIS006579,PAT00114,ADM006016,FAC001,DEP008,2025-09-30,2025-09-30,Routine,0,Not Applicable,No
DIS006588,PAT06922,ADM001087,FAC005,DEP006,2025-04-03,2025-04-03,Routine,0,Not Applicable,No
DIS006595,PAT04792,ADM009349,FAC004,DEP006,2023-04-10,2023-04-10,Routine,0,Not Applicable,Yes
DIS006597,PAT09530,ADM000869,FAC001,DEP003,2025-10-25,2025-10-25,Routine,0,Not Applicable,Yes
DIS006598,PAT12194,ADM014185,FAC003,DEP005,2025-05-03,2025-05-03,Routine,0,Not Applicable,Yes
DIS006600,PAT08599,ADM004552,FAC003,DEP005,2025-06-06,2025-06-06,Routine,0,Not Applicable,No
DIS006602,PAT09797,ADM004225,FAC001,DEP005,2025-03-12,2025-03-12,Routine,0,Not Applicable,No
DIS006609,PAT04330,ADM012697,FAC002,DEP006,2025-08-15,2025-08-16,Routine,2,Family Not Available,No
DIS006611,PAT11325,ADM010676,FAC003,DEP008,2026-08-02,2026-08-02,Transfer,0,Not Applicable,Yes
DIS006613,PAT03612,ADM007662,FAC004,DEP005,2025-11-22,2025-11-23,Routine,11,Medical Instability,Yes
DIS006620,PAT02118,ADM002686,FAC001,DEP001,2025-11-05,2025-11-06,AMA,1,Medical Instability,No
DIS006621,PAT08049,ADM007897,FAC001,DEP008,2025-01-09,2025-01-10,Routine,11,Medical Instability,No
DIS006624,PAT05839,ADM004975,FAC001,DEP004,2025-06-20,2025-06-20,Routine,0,Not Applicable,No
DIS006625,PAT13869,ADM011329,FAC002,DEP007,2023-07-28,2023-07-29,Routine,3,Family Not Available,Yes
DIS006626,PAT09071,ADM002143,FAC003,DEP001,2025-08-05,2025-08-06,Routine,21,Family Not Available,No
DIS006630,PAT00334,ADM006606,FAC001,DEP003,2025-07-21,2025-07-22,Routine,3,Insurance Clearance Pending,No
DIS006634,PAT06313,ADM009811,FAC004,DEP006,2021-08-18,2021-08-19,Routine,12,Documentation Pending,No
DIS006640,PAT02875,ADM009071,FAC004,DEP007,2021-12-10,2021-12-12,Routine,25,Insurance Clearance Pending,No
DIS006652,PAT00399,ADM003425,FAC003,DEP007,2025-01-25,2025-01-25,Routine,0,Not Applicable,Yes
DIS006658,PAT07051,ADM002091,FAC003,DEP007,2025-12-23,2025-12-23,Routine,0,Not Applicable,No
DIS006665,PAT02975,ADM004494,FAC005,DEP003,2025-04-04,2025-04-04,Routine,0,Not Applicable,No
DIS006671,PAT00931,ADM010574,FAC005,DEP008,2024-08-05,2024-08-05,Routine,0,Not Applicable,Yes
DIS006678,PAT02151,ADM000080,FAC003,DEP007,2025-12-27,2025-12-28,Routine,8,Medical Instability,Yes
DIS006683,PAT08521,ADM011187,FAC003,DEP007,2022-07-31,2022-07-31,Routine,0,Not Applicable,Yes
DIS006687,PAT08724,ADM007647,FAC003,DEP005,2025-01-23,2025-01-24,Routine,1,Documentation Pending,Yes
DIS006693,PAT05222,ADM002873,FAC004,DEP002,2025-05-07,2025-05-08,Routine,8,Family Not Available,Yes
DIS006697,PAT01412,ADM008656,FAC001,DEP004,2024-08-08,2024-08-09,Routine,2,Documentation Pending,Yes
DIS006698,PAT04275,ADM010231,FAC005,DEP003,2022-02-17,2022-02-17,Routine,0,Not Applicable,No
DIS006702,PAT14378,ADM012256,FAC004,DEP006,2025-08-23,2025-08-25,Routine,32,Awaiting Transport,Yes
DIS006706,PAT07169,ADM007856,FAC004,DEP005,2025-06-28,2025-06-29,Transfer,5,Insurance Clearance Pending,No
DIS006715,PAT05550,ADM006950,FAC004,DEP007,2025-06-25,2025-06-25,Routine,0,Not Applicable,No
DIS006718,PAT05624,ADM009185,FAC002,DEP001,2021-05-09,2021-05-10,Transfer,11,Medical Instability,Yes
DIS006725,PAT09245,ADM006739,FAC005,DEP006,2025-11-01,2025-11-02,Transfer,7,Medical Instability,Yes
DIS006726,PAT06249,ADM000128,FAC001,DEP005,2025-12-04,2025-12-05,Routine,1,Documentation Pending,Yes
DIS006729,PAT06897,ADM005425,FAC005,DEP001,2025-08-26,2025-08-26,Routine,0,Not Applicable,Yes
DIS006730,PAT11934,ADM010266,FAC004,DEP007,2021-06-13,2021-06-13,Routine,0,Not Applicable,Yes
DIS006732,PAT09390,ADM000673,FAC004,DEP007,2025-06-01,2025-06-01,Routine,0,Not Applicable,Yes
DIS006733,PAT03276,ADM010375,FAC005,DEP008,2024-07-18,2024-07-18,Routine,0,Not Applicable,Yes
DIS006735,PAT08383,ADM009321,FAC003,DEP005,2022-03-26,2022-03-27,Transfer,6,Insurance Clearance Pending,No
DIS006739,PAT04063,ADM006669,FAC001,DEP005,2025-07-31,2025-08-02,Routine,36,Awaiting Transport,Yes
DIS006744,PAT00274,ADM004263,FAC001,DEP001,2025-04-01,2025-04-03,Routine,30,Insurance Clearance Pending,No
DIS006747,PAT05136,ADM002737,FAC004,DEP001,2025-06-05,2025-06-06,Referral,1,Insurance Clearance Pending,Yes
DIS006755,PAT01218,ADM004608,FAC001,DEP005,2025-12-11,2025-12-12,Routine,21,Family Not Available,No
DIS006764,PAT04769,ADM003495,FAC001,DEP008,2025-08-11,2025-08-11,Routine,0,Not Applicable,Yes
DIS006794,PAT09467,ADM005524,FAC005,DEP006,2025-02-09,2025-02-09,Routine,0,Not Applicable,Yes
DIS006798,PAT08271,ADM003719,FAC005,DEP003,2025-07-22,2025-07-22,Routine,0,Not Applicable,Yes
DIS006805,PAT10921,ADM009763,FAC001,DEP003,2025-08-24,2025-08-24,Routine,0,Not Applicable,Yes
DIS006811,PAT03617,ADM008677,FAC005,DEP005,2022-05-13,2022-05-13,Routine,0,Not Applicable,Yes
DIS006813,PAT05156,ADM004171,FAC001,DEP001,2025-05-07,2025-05-07,Routine,0,Not Applicable,Yes
DIS006818,PAT00252,ADM014469,FAC002,DEP007,2023-08-27,2023-08-28,Routine,1,Awaiting Transport,No
DIS006823,PAT05839,ADM002387,FAC005,DEP006,2025-01-23,2025-01-23,Transfer,0,Not Applicable,Yes
DIS006827,PAT02705,ADM004889,FAC003,DEP007,2025-09-06,2025-09-06,Routine,0,Not Applicable,No
DIS006833,PAT02020,ADM001201,FAC001,DEP003,2025-11-10,2025-11-10,Routine,0,Not Applicable,Yes
DIS006834,PAT04082,ADM013276,FAC004,DEP001,2026-08-07,2026-08-09,Routine,29,Documentation Pending,Yes
DIS006851,PAT03775,ADM012051,FAC002,DEP002,2026-01-25,2026-01-25,Routine,0,Not Applicable,No
DIS006856,PAT06299,ADM009394,FAC003,DEP005,2023-02-14,2023-02-15,Routine,4,Insurance Clearance Pending,No
DIS006861,PAT08488,ADM005437,FAC003,DEP008,2025-12-17,2025-12-18,Routine,1,Insurance Clearance Pending,No
DIS006864,PAT07991,ADM008192,FAC005,DEP001,2025-10-26,2025-10-26,Routine,0,Not Applicable,No
DIS006870,PAT04751,ADM000160,FAC002,DEP006,2025-10-03,2025-10-04,Routine,4,Documentation Pending,Yes
DIS006875,PAT05386,ADM012475,FAC004,DEP007,2023-10-15,2023-10-15,Routine,0,Not Applicable,Yes
DIS006887,PAT08586,ADM008750,FAC001,DEP002,2022-07-05,2022-07-05,Transfer,0,Not Applicable,Yes
DIS006888,PAT01369,ADM010102,FAC001,DEP004,2023-01-06,2023-01-06,Routine,0,Not Applicable,Yes
DIS006901,PAT01254,ADM006660,FAC003,DEP005,2025-11-01,2025-11-02,Routine,3,Insurance Clearance Pending,Yes
DIS006915,PAT06713,ADM004854,FAC004,DEP007,2025-03-21,2025-03-21,Referral,0,Not Applicable,Yes
DIS006916,PAT03208,ADM011243,FAC004,DEP002,2025-04-15,2025-04-16,Routine,24,Family Not Available,No
DIS006932,PAT00425,ADM008363,FAC004,DEP001,2025-11-06,2025-11-06,Routine,0,Not Applicable,No
DIS006938,PAT02010,ADM004037,FAC001,DEP005,2025-12-06,2025-12-06,Routine,0,Not Applicable,Yes
DIS006945,PAT05999,ADM013366,FAC001,DEP002,2025-08-26,2025-08-27,Transfer,11,Insurance Clearance Pending,No
DIS006950,PAT00677,ADM003775,FAC004,DEP002,2025-01-20,2025-01-20,Routine,0,Not Applicable,Yes
DIS006954,PAT02484,ADM009589,FAC004,DEP001,2022-04-14,2022-04-14,Routine,0,Not Applicable,No
DIS006957,PAT09981,ADM012658,FAC004,DEP005,2024-07-28,2024-07-28,Routine,0,Not Applicable,Yes
DIS006963,PAT10669,ADM009702,FAC002,DEP006,2021-02-26,2021-02-26,Routine,0,Not Applicable,No
DIS006970,PAT01098,ADM014382,FAC002,DEP002,2022-10-28,2022-10-29,Transfer,5,Medical Instability,Yes
DIS006974,PAT03781,ADM009764,FAC004,DEP005,2026-06-15,2026-06-17,AMA,31,Medical Instability,Yes
DIS006981,PAT05359,ADM006335,FAC002,DEP005,2025-05-08,2025-05-08,Routine,0,Not Applicable,Yes
DIS006987,PAT06435,ADM012795,FAC003,DEP007,2024-06-20,2024-06-20,Routine,0,Not Applicable,Yes
DIS006989,PAT06713,ADM006887,FAC001,DEP001,2025-01-29,2025-01-29,AMA,0,Not Applicable,No
DIS006993,PAT09510,ADM000568,FAC003,DEP003,2025-09-02,2025-09-02,Routine,0,Not Applicable,Yes
DIS006998,PAT03503,ADM004376,FAC005,DEP008,2025-06-26,2025-06-26,Transfer,0,Not Applicable,Yes
DIS007010,PAT01955,ADM014226,FAC003,DEP003,2021-10-20,2021-10-20,Routine,0,Not Applicable,Yes
DIS007016,PAT08185,ADM004747,FAC001,DEP008,2025-10-21,2025-10-22,Routine,3,Insurance Clearance Pending,Yes
DIS007020,PAT07732,ADM014564,FAC002,DEP001,2026-11-01,2026-11-01,Routine,0,Not Applicable,No
DIS007021,PAT00469,ADM009597,FAC001,DEP001,2021-05-17,2021-05-17,Routine,0,Not Applicable,Yes
DIS007022,PAT00009,ADM010465,FAC004,DEP005,2022-02-04,2022-02-04,Referral,0,Not Applicable,Yes
DIS007028,PAT09675,ADM001470,FAC002,DEP007,2025-10-27,2025-10-27,Referral,0,Not Applicable,Yes
DIS007029,PAT10797,ADM014588,FAC005,DEP006,2021-07-26,2021-07-27,Routine,4,Documentation Pending,Yes
DIS007037,PAT09141,ADM005305,FAC005,DEP006,2025-03-31,2025-03-31,Routine,0,Not Applicable,No
DIS007041,PAT02020,ADM002368,FAC005,DEP006,2025-12-10,2025-12-10,Routine,0,Not Applicable,No
DIS007054,PAT03853,ADM005619,FAC005,DEP006,2025-05-15,2025-05-16,Routine,4,Family Not Available,Yes
DIS007059,PAT06851,ADM002150,FAC002,DEP007,2025-11-02,2025-11-03,Routine,1,Documentation Pending,No
DIS007069,PAT12581,ADM011943,FAC001,DEP001,2022-02-03,2022-02-03,Routine,0,Not Applicable,No
DIS007082,PAT12963,ADM009624,FAC003,DEP008,2023-05-12,2023-05-13,Routine,13,Family Not Available,No
DIS007086,PAT04334,ADM006539,FAC003,DEP008,2025-02-20,2025-02-20,Routine,0,Not Applicable,No
DIS007088,PAT07013,ADM002659,FAC003,DEP003,2025-08-23,2025-08-23,Routine,0,Not Applicable,Yes
DIS007091,PAT08210,ADM008360,FAC005,DEP001,2025-02-14,2025-02-14,Routine,0,Not Applicable,No
DIS007094,PAT05744,ADM000790,FAC001,DEP002,2025-01-11,2025-01-12,Routine,14,Insurance Clearance Pending,No
DIS007097,PAT05684,ADM011442,FAC003,DEP003,2025-08-27,2025-08-28,Routine,20,Family Not Available,Yes
DIS007105,PAT05804,ADM005818,FAC001,DEP001,2025-09-22,2025-09-23,Routine,5,Medical Instability,No
DIS007128,PAT01702,ADM013576,FAC001,DEP003,2024-03-03,2024-03-04,Routine,12,Documentation Pending,Yes
DIS007130,PAT07710,ADM014480,FAC003,DEP007,2021-12-23,2021-12-23,Routine,0,Not Applicable,Yes
DIS007134,PAT10052,ADM010016,FAC005,DEP003,2025-01-25,2025-01-26,Routine,24,Documentation Pending,Yes
DIS007138,PAT04102,ADM010975,FAC003,DEP001,2024-01-06,2024-01-07,Routine,3,Awaiting Transport,Yes
DIS007142,PAT05334,ADM002489,FAC003,DEP005,2025-06-04,2025-06-05,Routine,1,Documentation Pending,No
DIS007143,PAT02324,ADM006466,FAC003,DEP003,2025-09-01,2025-09-01,Routine,0,Not Applicable,No
DIS007144,PAT01499,ADM000637,FAC001,DEP001,2025-02-20,2025-02-20,Routine,0,Not Applicable,No
DIS007149,PAT08723,ADM001575,FAC005,DEP008,2025-01-03,2025-01-04,Routine,1,Family Not Available,Yes
DIS007151,PAT04591,ADM004571,FAC005,DEP006,2025-01-11,2025-01-12,Routine,3,Awaiting Transport,No
DIS007154,PAT04085,ADM011090,FAC003,DEP005,2026-03-05,2026-03-06,Routine,17,Awaiting Transport,No
DIS007160,PAT01721,ADM007959,FAC001,DEP005,2025-01-21,2025-01-21,Routine,0,Not Applicable,Yes
DIS007165,PAT09842,ADM008519,FAC001,DEP004,2026-04-10,2026-04-11,Routine,9,Medical Instability,No
DIS007172,PAT14619,ADM008950,FAC001,DEP008,2024-04-02,2024-04-03,Routine,2,Documentation Pending,No
DIS007178,PAT01369,ADM006177,FAC005,DEP006,2025-10-11,2025-10-11,Routine,0,Not Applicable,No
DIS007189,PAT02056,ADM010307,FAC005,DEP005,2024-01-25,2024-01-25,Routine,0,Not Applicable,No
DIS007192,PAT04430,ADM014047,FAC001,DEP005,2022-04-27,2022-04-28,Routine,3,Insurance Clearance Pending,Yes
DIS007193,PAT06561,ADM003581,FAC005,DEP001,2025-08-15,2025-08-16,Routine,11,Medical Instability,No
DIS007200,PAT08073,ADM002580,FAC001,DEP008,2025-08-25,2025-08-26,Routine,3,Medical Instability,Yes
DIS007202,PAT12552,ADM011983,FAC005,DEP008,2026-10-03,2026-10-04,Routine,1,Awaiting Transport,No
DIS007210,PAT08461,ADM005326,FAC002,DEP001,2025-01-16,2025-01-16,Transfer,0,Not Applicable,Yes
DIS007218,PAT06435,ADM001948,FAC001,DEP001,2025-09-26,2025-09-26,Routine,0,Not Applicable,Yes
DIS007224,PAT01374,ADM001496,FAC004,DEP002,2025-09-15,2025-09-16,Routine,10,Insurance Clearance Pending,Yes
DIS007234,PAT05514,ADM004825,FAC004,DEP007,2025-03-14,2025-03-14,Routine,0,Not Applicable,No
DIS007253,PAT05763,ADM004750,FAC005,DEP003,2025-05-22,2025-05-22,Routine,0,Not Applicable,No
DIS007255,PAT07338,ADM000971,FAC001,DEP004,2025-05-20,2025-05-20,Routine,0,Not Applicable,No
DIS007256,PAT03039,ADM006629,FAC002,DEP007,2025-04-14,2025-04-14,Routine,0,Not Applicable,Yes
DIS007258,PAT04833,ADM001420,FAC003,DEP007,2025-06-09,2025-06-09,Routine,0,Not Applicable,No
DIS007259,PAT03834,ADM012424,FAC005,DEP008,2025-11-18,2025-11-18,Routine,0,Not Applicable,No
DIS007260,PAT08531,ADM010490,FAC002,DEP002,2021-12-17,2021-12-17,Routine,0,Not Applicable,Yes
DIS007264,PAT02129,ADM003251,FAC004,DEP001,2025-09-17,2025-09-17,Routine,0,Not Applicable,Yes
DIS007265,PAT04966,ADM011048,FAC002,DEP007,2025-09-09,2025-09-09,Routine,0,Not Applicable,Yes
DIS007271,PAT02922,ADM010625,FAC001,DEP004,2026-07-25,2026-07-25,Routine,0,Not Applicable,Yes
DIS007278,PAT14429,ADM008530,FAC001,DEP003,2023-04-28,2023-04-28,Routine,0,Not Applicable,Yes
DIS007294,PAT12723,ADM013460,FAC003,DEP001,2022-07-02,2022-07-04,Routine,28,Awaiting Transport,No
DIS007300,PAT07502,ADM006676,FAC005,DEP008,2025-06-21,2025-06-21,Routine,0,Not Applicable,Yes
DIS007303,PAT10157,ADM010300,FAC004,DEP002,2025-02-12,2025-02-12,Routine,0,Not Applicable,Yes
DIS007304,PAT07170,ADM000747,FAC003,DEP005,2025-04-27,2025-04-27,Routine,0,Not Applicable,No
DIS007311,PAT08590,ADM007061,FAC005,DEP003,2025-02-08,2025-02-09,Routine,1,Family Not Available,Yes
DIS007312,PAT07413,ADM001464,FAC004,DEP004,2025-12-01,2025-12-01,Routine,0,Not Applicable,Yes
DIS007337,PAT10421,ADM014275,FAC001,DEP005,2022-01-02,2022-01-02,Routine,0,Not Applicable,No
DIS007344,PAT02586,ADM014278,FAC001,DEP003,2023-10-11,2023-10-12,Routine,5,Insurance Clearance Pending,Yes
DIS007349,PAT02070,ADM005599,FAC001,DEP005,2025-05-11,2025-05-11,Routine,0,Not Applicable,Yes
DIS007350,PAT14467,ADM012665,FAC002,DEP007,2025-12-17,2025-12-17,Routine,0,Not Applicable,Yes
DIS007356,PAT06424,ADM000511,FAC001,DEP008,2025-09-14,2025-09-14,Routine,0,Not Applicable,Yes
DIS007368,PAT12986,ADM009157,FAC005,DEP007,2026-11-11,2026-11-11,Routine,0,Not Applicable,No
DIS007371,PAT02693,ADM006649,FAC001,DEP005,2025-05-07,2025-05-07,Routine,0,Not Applicable,Yes
DIS007375,PAT05986,ADM014623,FAC003,DEP007,2026-01-02,2026-01-02,Routine,0,Not Applicable,No
DIS007378,PAT00915,ADM004615,FAC005,DEP005,2025-11-20,2025-11-20,Routine,0,Not Applicable,Yes
DIS007384,PAT03834,ADM004123,FAC005,DEP003,2025-01-12,2025-01-12,Routine,0,Not Applicable,Yes
DIS007386,PAT07170,ADM012100,FAC005,DEP006,2024-10-27,2024-10-27,Routine,0,Not Applicable,No
DIS007391,PAT04112,ADM014332,FAC002,DEP007,2022-09-09,2022-09-09,Routine,0,Not Applicable,Yes
DIS007394,PAT00304,ADM004863,FAC004,DEP002,2025-07-26,2025-07-26,Routine,0,Not Applicable,Yes
DIS007397,PAT02056,ADM001782,FAC003,DEP001,2025-08-05,2025-08-06,Routine,9,Family Not Available,Yes
DIS007401,PAT00096,ADM007755,FAC005,DEP007,2025-08-04,2025-08-04,Routine,0,Not Applicable,Yes
DIS007402,PAT09484,ADM012094,FAC002,DEP001,2021-02-09,2021-02-09,Routine,0,Not Applicable,No
DIS007404,PAT04817,ADM013258,FAC004,DEP006,2021-03-06,2021-03-07,Routine,2,Documentation Pending,Yes
DIS007415,PAT07582,ADM013733,FAC004,DEP002,2026-10-30,2026-10-31,Routine,7,Insurance Clearance Pending,No
DIS007427,PAT01124,ADM006429,FAC003,DEP005,2025-03-05,2025-03-05,Transfer,0,Not Applicable,No
DIS007430,PAT03729,ADM009498,FAC004,DEP002,2022-03-27,2022-03-27,Transfer,0,Not Applicable,No
DIS007436,PAT03315,ADM000123,FAC004,DEP007,2025-11-19,2025-11-19,Routine,0,Not Applicable,Yes
DIS007455,PAT04297,ADM008630,FAC002,DEP007,2023-10-27,2023-10-28,Routine,1,Insurance Clearance Pending,Yes
DIS007466,PAT02479,ADM005041,FAC004,DEP001,2025-01-19,2025-01-20,Routine,2,Insurance Clearance Pending,Yes
DIS007469,PAT01740,ADM004418,FAC005,DEP007,2025-03-24,2025-03-25,Routine,12,Family Not Available,Yes
DIS007471,PAT04520,ADM011302,FAC002,DEP005,2022-01-09,2022-01-09,Referral,0,Not Applicable,No
DIS007480,PAT09913,ADM004175,FAC002,DEP007,2025-11-24,2025-11-24,Routine,0,Not Applicable,Yes
DIS007481,PAT02228,ADM014649,FAC001,DEP003,2023-09-13,2023-09-14,Routine,2,Documentation Pending,Yes
DIS007489,PAT12556,ADM010678,FAC001,DEP005,2022-05-11,2022-05-11,Routine,0,Not Applicable,No
DIS007490,PAT03777,ADM004593,FAC005,DEP008,2025-03-17,2025-03-17,Routine,0,Not Applicable,No
DIS007491,PAT00252,ADM003407,FAC001,DEP001,2025-12-29,2025-12-29,Routine,0,Not Applicable,No
DIS007496,PAT08789,ADM008520,FAC002,DEP002,2026-09-09,2026-09-09,Routine,0,Not Applicable,Yes
DIS007502,PAT11511,ADM014488,FAC003,DEP008,2021-04-22,2021-04-22,Routine,0,Not Applicable,No
DIS007503,PAT06422,ADM014246,FAC004,DEP001,2024-02-07,2024-02-08,Routine,11,Awaiting Transport,No
DIS007504,PAT02817,ADM001519,FAC005,DEP003,2025-10-31,2025-10-31,Transfer,0,Not Applicable,Yes
DIS007510,PAT05763,ADM005388,FAC003,DEP008,2025-02-18,2025-02-19,Transfer,1,Awaiting Transport,No
DIS007516,PAT09001,ADM005327,FAC004,DEP006,2025-01-02,2025-01-03,Routine,5,Documentation Pending,No
DIS007518,PAT03679,ADM002235,FAC003,DEP001,2025-11-16,2025-11-16,Routine,0,Not Applicable,Yes
DIS007520,PAT12072,ADM012586,FAC005,DEP003,2022-09-21,2022-09-21,Routine,0,Not Applicable,No
DIS007525,PAT11110,ADM011513,FAC004,DEP006,2024-07-19,2024-07-20,Routine,8,Awaiting Transport,Yes
DIS007529,PAT00104,ADM003646,FAC003,DEP001,2025-10-22,2025-10-23,Routine,2,Documentation Pending,Yes
DIS007530,PAT14991,ADM011002,FAC002,DEP002,2022-09-28,2022-09-29,Routine,9,Medical Instability,Yes
DIS007540,PAT05307,ADM006062,FAC003,DEP003,2025-04-14,2025-04-14,Routine,0,Not Applicable,No
DIS007541,PAT03990,ADM011369,FAC002,DEP006,2023-09-13,2023-09-13,Referral,0,Not Applicable,Yes
DIS007546,PAT04468,ADM014667,FAC003,DEP005,2025-04-05,2025-04-06,Routine,3,Medical Instability,No
DIS007548,PAT00748,ADM011069,FAC005,DEP001,2026-06-23,2026-06-23,Routine,0,Not Applicable,Yes
DIS007554,PAT13793,ADM010731,FAC005,DEP005,2022-03-22,2022-03-22,Routine,0,Not Applicable,Yes
DIS007555,PAT00285,ADM004537,FAC004,DEP004,2025-05-01,2025-05-01,Routine,0,Not Applicable,No
DIS007556,PAT04591,ADM007787,FAC005,DEP005,2025-06-30,2025-07-01,Routine,1,Awaiting Transport,Yes
DIS007558,PAT08162,ADM000804,FAC001,DEP002,2025-02-12,2025-02-13,Routine,17,Documentation Pending,Yes
DIS007565,PAT05380,ADM002573,FAC002,DEP002,2025-09-07,2025-09-07,Routine,0,Not Applicable,Yes
DIS007570,PAT03659,ADM000752,FAC004,DEP006,2025-03-17,2025-03-17,Routine,0,Not Applicable,Yes
DIS007572,PAT01386,ADM004077,FAC004,DEP007,2025-11-23,2025-11-24,Routine,22,Medical Instability,Yes
DIS007579,PAT05513,ADM003577,FAC005,DEP007,2025-05-19,2025-05-19,Routine,0,Not Applicable,No
DIS007590,PAT08050,ADM013961,FAC005,DEP008,2022-01-25,2022-01-25,Routine,0,Not Applicable,Yes
DIS007591,PAT07303,ADM003997,FAC003,DEP001,2025-09-11,2025-09-11,Routine,0,Not Applicable,Yes
DIS007593,PAT12927,ADM011872,FAC003,DEP001,2024-06-21,2024-06-21,Routine,0,Not Applicable,Yes
DIS007594,PAT07559,ADM002157,FAC004,DEP001,2025-11-29,2025-11-30,Routine,1,Family Not Available,No
DIS007596,PAT09605,ADM003179,FAC003,DEP003,2025-09-22,2025-09-23,Routine,22,Family Not Available,Yes
DIS007600,PAT09341,ADM006085,FAC001,DEP008,2025-12-30,2025-12-31,Transfer,17,Documentation Pending,No
DIS007602,PAT07827,ADM005581,FAC003,DEP008,2025-11-17,2025-11-17,AMA,0,Not Applicable,Yes
DIS007609,PAT02443,ADM004791,FAC005,DEP008,2025-03-28,2025-03-28,Routine,0,Not Applicable,Yes
DIS007613,PAT06316,ADM009958,FAC003,DEP008,2022-03-19,2022-03-20,Routine,6,Awaiting Transport,No
DIS007618,PAT07959,ADM013277,FAC002,DEP001,2024-08-20,2024-08-21,Routine,3,Medical Instability,No
DIS007619,PAT13675,ADM012860,FAC005,DEP003,2021-07-26,2021-07-26,Routine,0,Not Applicable,No
DIS007620,PAT10165,ADM012331,FAC005,DEP001,2022-01-03,2022-01-03,Routine,0,Not Applicable,Yes
DIS007625,PAT05181,ADM014121,FAC001,DEP005,2021-03-03,2021-03-03,Routine,0,Not Applicable,Yes
DIS007637,PAT09040,ADM009991,FAC003,DEP003,2022-05-15,2022-05-16,Routine,13,Awaiting Transport,Yes
DIS007640,PAT00638,ADM001731,FAC002,DEP005,2025-05-03,2025-05-03,Routine,0,Not Applicable,No
DIS007642,PAT02185,ADM008766,FAC003,DEP001,2024-01-15,2024-01-16,Routine,2,Documentation Pending,Yes
DIS007643,PAT04035,ADM001746,FAC003,DEP005,2025-11-02,2025-11-03,Transfer,7,Documentation Pending,No
DIS007644,PAT01012,ADM004653,FAC004,DEP002,2025-03-18,2025-03-18,Routine,0,Not Applicable,No
DIS007648,PAT09314,ADM010356,FAC002,DEP006,2026-04-06,2026-04-06,Routine,0,Not Applicable,Yes
DIS007652,PAT09544,ADM011466,FAC005,DEP007,2023-06-06,2023-06-07,Routine,9,Awaiting Transport,Yes
DIS007654,PAT14506,ADM012190,FAC002,DEP007,2025-06-04,2025-06-04,Routine,0,Not Applicable,No
DIS007656,PAT05465,ADM006849,FAC004,DEP007,2025-11-08,2025-11-08,Routine,0,Not Applicable,Yes
DIS007661,PAT07334,ADM003703,FAC005,DEP008,2025-12-04,2025-12-04,Routine,0,Not Applicable,Yes
DIS007668,PAT00477,ADM003259,FAC001,DEP001,2025-10-26,2025-10-26,Routine,0,Not Applicable,Yes
DIS007670,PAT00304,ADM001077,FAC005,DEP006,2025-06-30,2025-07-01,Routine,1,Medical Instability,No
DIS007675,PAT01698,ADM013368,FAC005,DEP007,2025-05-06,2025-05-07,Routine,4,Documentation Pending,Yes
DIS007680,PAT12359,ADM009084,FAC002,DEP002,2024-04-26,2024-04-26,Routine,0,Not Applicable,Yes
DIS007690,PAT06537,ADM000928,FAC003,DEP003,2025-04-20,2025-04-20,Routine,0,Not Applicable,Yes
DIS007693,PAT12558,ADM009335,FAC001,DEP004,2024-03-14,2024-03-14,Routine,0,Not Applicable,Yes
DIS007696,PAT13948,ADM014013,FAC001,DEP003,2026-04-29,2026-04-29,Routine,0,Not Applicable,Yes
DIS007699,PAT07111,ADM000242,FAC004,DEP007,2025-05-15,2025-05-15,Routine,0,Not Applicable,Yes
DIS007701,PAT14029,ADM012681,FAC001,DEP003,2024-01-05,2024-01-05,Transfer,0,Not Applicable,Yes
DIS007704,PAT13869,ADM011330,FAC003,DEP003,2022-07-08,2022-07-09,Routine,4,Awaiting Transport,Yes
DIS007711,PAT12949,ADM011806,FAC004,DEP004,2026-02-18,2026-02-19,Routine,1,Family Not Available,Yes
DIS007712,PAT02272,ADM001100,FAC001,DEP008,2025-12-19,2025-12-19,Routine,0,Not Applicable,No
DIS007723,PAT03600,ADM013418,FAC004,DEP005,2022-09-18,2022-09-18,Routine,0,Not Applicable,Yes
DIS007731,PAT00813,ADM014190,FAC005,DEP001,2021-10-12,2021-10-12,Routine,0,Not Applicable,No
DIS007740,PAT06770,ADM009758,FAC004,DEP007,2023-01-24,2023-01-25,Routine,7,Insurance Clearance Pending,No
DIS007747,PAT01214,ADM002591,FAC003,DEP005,2025-11-06,2025-11-07,Routine,8,Family Not Available,Yes
DIS007750,PAT10592,ADM014919,FAC002,DEP006,2026-01-31,2026-02-01,Routine,24,Insurance Clearance Pending,Yes
DIS007755,PAT05501,ADM011674,FAC003,DEP007,2021-11-13,2021-11-13,Routine,0,Not Applicable,No
DIS007761,PAT06979,ADM007550,FAC005,DEP003,2025-03-17,2025-03-17,Routine,0,Not Applicable,No
DIS007766,PAT07540,ADM012721,FAC005,DEP005,2025-01-13,2025-01-14,Routine,4,Documentation Pending,No
DIS007769,PAT03756,ADM010693,FAC002,DEP001,2022-12-05,2022-12-05,Referral,0,Not Applicable,Yes
DIS007776,PAT01990,ADM005330,FAC001,DEP005,2025-04-07,2025-04-08,Referral,2,Family Not Available,Yes
DIS007780,PAT07325,ADM001038,FAC003,DEP003,2025-06-25,2025-06-25,Routine,0,Not Applicable,Yes
DIS007784,PAT05528,ADM002905,FAC003,DEP008,2025-09-20,2025-09-20,Routine,0,Not Applicable,Yes
DIS007792,PAT13161,ADM012481,FAC002,DEP002,2024-02-02,2024-02-02,Routine,0,Not Applicable,No
DIS007794,PAT09515,ADM003612,FAC004,DEP002,2025-01-08,2025-01-08,Routine,0,Not Applicable,No
DIS007802,PAT01329,ADM004896,FAC001,DEP005,2025-11-25,2025-11-25,Routine,0,Not Applicable,No
DIS007808,PAT04514,ADM003390,FAC001,DEP008,2025-01-24,2025-01-25,Routine,7,Medical Instability,No
DIS007812,PAT03014,ADM002169,FAC003,DEP008,2025-10-29,2025-10-29,Routine,0,Not Applicable,No
DIS007813,PAT02997,ADM008692,FAC005,DEP003,2023-08-06,2023-08-06,Routine,0,Not Applicable,Yes
DIS007817,PAT08736,ADM005874,FAC001,DEP002,2025-11-11,2025-11-11,Routine,0,Not Applicable,Yes
DIS007818,PAT01787,ADM009366,FAC002,DEP002,2025-08-18,2025-08-18,AMA,0,Not Applicable,No
DIS007827,PAT03300,ADM003312,FAC001,DEP002,2025-11-16,2025-11-16,Routine,0,Not Applicable,No
DIS007834,PAT04790,ADM000976,FAC004,DEP001,2025-09-03,2025-09-03,Routine,0,Not Applicable,No
DIS007836,PAT04191,ADM006145,FAC001,DEP005,2025-06-10,2025-06-11,Routine,14,Insurance Clearance Pending,Yes
DIS007840,PAT13267,ADM014144,FAC001,DEP002,2023-06-11,2023-06-11,Referral,0,Not Applicable,No
DIS007850,PAT06424,ADM004689,FAC001,DEP004,2025-06-19,2025-06-19,Routine,0,Not Applicable,Yes
DIS007859,PAT02110,ADM014306,FAC001,DEP004,2025-04-23,2025-04-24,Routine,1,Documentation Pending,No
DIS007860,PAT14221,ADM013094,FAC004,DEP001,2021-07-09,2021-07-09,Routine,0,Not Applicable,No
DIS007875,PAT09970,ADM009599,FAC002,DEP002,2026-08-07,2026-08-07,Routine,0,Not Applicable,No
DIS007876,PAT06949,ADM012778,FAC004,DEP001,2022-05-30,2022-05-30,Routine,0,Not Applicable,Yes
DIS007881,PAT13811,ADM008815,FAC004,DEP004,2026-06-26,2026-06-26,Routine,0,Not Applicable,No
DIS007882,PAT03129,ADM013380,FAC002,DEP001,2023-09-04,2023-09-04,Routine,0,Not Applicable,Yes
DIS007897,PAT04721,ADM004814,FAC002,DEP006,2025-01-04,2025-01-04,Routine,0,Not Applicable,Yes
DIS007899,PAT02880,ADM000252,FAC001,DEP008,2025-09-30,2025-09-30,Routine,0,Not Applicable,Yes
DIS007914,PAT06078,ADM005531,FAC001,DEP003,2026-01-01,2026-01-02,Routine,5,Documentation Pending,Yes
DIS007920,PAT08105,ADM011495,FAC001,DEP004,2026-07-31,2026-07-31,Routine,0,Not Applicable,Yes
DIS007940,PAT05422,ADM001157,FAC004,DEP007,2025-01-05,2025-01-06,AMA,12,Awaiting Transport,No
DIS007944,PAT03059,ADM010147,FAC005,DEP003,2024-07-26,2024-07-26,Routine,0,Not Applicable,Yes
DIS007955,PAT06787,ADM003864,FAC004,DEP007,2025-08-02,2025-08-02,Routine,0,Not Applicable,Yes
DIS007962,PAT02859,ADM005555,FAC004,DEP004,2025-01-11,2025-01-11,Routine,0,Not Applicable,No
DIS007987,PAT01394,ADM009651,FAC002,DEP001,2025-07-06,2025-07-06,Routine,0,Not Applicable,Yes
DIS007991,PAT11417,ADM011721,FAC001,DEP005,2023-09-14,2023-09-14,Routine,0,Not Applicable,No
DIS008004,PAT04915,ADM006214,FAC001,DEP005,2025-03-28,2025-03-28,Routine,0,Not Applicable,No
DIS008009,PAT07361,ADM004565,FAC003,DEP005,2025-03-08,2025-03-08,Routine,0,Not Applicable,No
DIS008015,PAT06694,ADM007205,FAC005,DEP008,2025-08-05,2025-08-06,Routine,2,Medical Instability,Yes
DIS008018,PAT11793,ADM012870,FAC003,DEP008,2023-01-14,2023-01-14,Routine,0,Not Applicable,Yes
DIS008020,PAT03602,ADM001629,FAC004,DEP001,2025-01-17,2025-01-18,Routine,14,Family Not Available,No
DIS008026,PAT00684,ADM006494,FAC005,DEP003,2025-09-11,2025-09-11,Routine,0,Not Applicable,Yes
DIS008027,PAT06487,ADM003453,FAC001,DEP005,2025-07-30,2025-07-30,Routine,0,Not Applicable,Yes
DIS008030,PAT08274,ADM004797,FAC001,DEP005,2025-10-02,2025-10-02,Routine,0,Not Applicable,No
DIS008032,PAT11497,ADM008875,FAC005,DEP001,2022-06-23,2022-06-23,Referral,0,Not Applicable,Yes
DIS008035,PAT06351,ADM013199,FAC002,DEP002,2023-03-18,2023-03-19,Routine,1,Family Not Available,No
DIS008041,PAT07820,ADM006985,FAC004,DEP001,2025-07-13,2025-07-13,Routine,0,Not Applicable,No
DIS008042,PAT02681,ADM001392,FAC002,DEP001,2025-08-16,2025-08-17,Routine,5,Awaiting Transport,Yes
DIS008050,PAT11010,ADM008773,FAC004,DEP001,2021-05-05,2021-05-05,Routine,0,Not Applicable,Yes
DIS008052,PAT11325,ADM013977,FAC001,DEP004,2024-05-24,2024-05-24,Routine,0,Not Applicable,Yes
DIS008061,PAT07413,ADM014050,FAC005,DEP006,2025-02-24,2025-02-25,Transfer,2,Awaiting Transport,Yes
DIS008073,PAT04251,ADM012646,FAC002,DEP006,2023-10-10,2023-10-10,Routine,0,Not Applicable,No
DIS008074,PAT03261,ADM014675,FAC002,DEP001,2026-01-14,2026-01-14,Referral,0,Not Applicable,Yes
DIS008076,PAT02797,ADM001889,FAC003,DEP001,2025-08-08,2025-08-08,Routine,0,Not Applicable,No
DIS008079,PAT04329,ADM001148,FAC005,DEP001,2025-03-11,2025-03-11,Routine,0,Not Applicable,Yes
DIS008082,PAT04111,ADM007196,FAC001,DEP001,2025-09-27,2025-09-28,Routine,20,Awaiting Transport,Yes
DIS008086,PAT08243,ADM001001,FAC001,DEP003,2025-09-25,2025-09-25,Routine,0,Not Applicable,Yes
DIS008087,PAT09297,ADM003416,FAC003,DEP003,2025-10-10,2025-10-11,Routine,5,Medical Instability,Yes
DIS008101,PAT00182,ADM010348,FAC001,DEP001,2022-11-17,2022-11-17,Routine,0,Not Applicable,Yes
DIS008108,PAT09001,ADM006428,FAC005,DEP006,2025-02-27,2025-02-27,Routine,0,Not Applicable,No
DIS008111,PAT14588,ADM013171,FAC003,DEP007,2025-02-01,2025-02-02,Routine,11,Awaiting Transport,No
DIS008117,PAT03729,ADM012335,FAC001,DEP004,2022-06-12,2022-06-12,Routine,0,Not Applicable,Yes
DIS008129,PAT08758,ADM001901,FAC001,DEP002,2025-02-23,2025-02-23,Routine,0,Not Applicable,Yes
DIS008132,PAT00425,ADM001918,FAC003,DEP005,2025-06-05,2025-06-06,Routine,1,Family Not Available,No
DIS008145,PAT08009,ADM002417,FAC005,DEP001,2025-04-28,2025-04-29,Routine,20,Medical Instability,No
DIS008151,PAT05901,ADM004059,FAC001,DEP004,2025-06-05,2025-06-05,Routine,0,Not Applicable,Yes
DIS008152,PAT02413,ADM000841,FAC002,DEP005,2025-11-02,2025-11-02,Routine,0,Not Applicable,Yes
DIS008162,PAT06505,ADM014580,FAC001,DEP004,2026-06-04,2026-06-04,Routine,0,Not Applicable,Yes
DIS008163,PAT00534,ADM010709,FAC001,DEP001,2023-04-26,2023-04-26,Routine,0,Not Applicable,No
DIS008165,PAT05655,ADM000009,FAC004,DEP002,2025-11-07,2025-11-07,Transfer,0,Not Applicable,No
DIS008167,PAT09535,ADM008870,FAC002,DEP006,2023-02-09,2023-02-09,Referral,0,Not Applicable,No
DIS008178,PAT07088,ADM003961,FAC005,DEP001,2025-11-11,2025-11-11,Routine,0,Not Applicable,Yes
DIS008185,PAT05861,ADM013148,FAC005,DEP005,2025-05-10,2025-05-10,Routine,0,Not Applicable,No
DIS008186,PAT00352,ADM002221,FAC005,DEP005,2025-11-30,2025-11-30,Routine,0,Not Applicable,Yes
DIS008195,PAT09270,ADM008933,FAC005,DEP006,2021-03-12,2021-03-13,Routine,4,Awaiting Transport,No
DIS008199,PAT02474,ADM009317,FAC003,DEP003,2023-12-20,2023-12-21,Routine,1,Documentation Pending,No
DIS008204,PAT07829,ADM006180,FAC005,DEP008,2025-07-30,2025-08-01,Routine,33,Medical Instability,Yes
DIS008208,PAT04275,ADM002042,FAC002,DEP006,2025-11-20,2025-11-21,Routine,2,Insurance Clearance Pending,No
DIS008212,PAT09190,ADM014376,FAC001,DEP004,2021-05-07,2021-05-08,Routine,2,Family Not Available,No
DIS008213,PAT02086,ADM013313,FAC005,DEP001,2024-09-30,2024-09-30,Transfer,0,Not Applicable,No
DIS008216,PAT01509,ADM003622,FAC001,DEP005,2025-10-28,2025-10-28,Referral,0,Not Applicable,Yes
DIS008228,PAT05707,ADM010226,FAC004,DEP002,2026-09-16,2026-09-17,Routine,1,Family Not Available,Yes
DIS008231,PAT02335,ADM009706,FAC003,DEP008,2026-09-21,2026-09-21,Routine,0,Not Applicable,No
DIS008232,PAT04171,ADM000158,FAC001,DEP004,2025-05-02,2025-05-03,Routine,8,Insurance Clearance Pending,Yes
DIS008234,PAT10060,ADM011763,FAC004,DEP006,2026-10-12,2026-10-13,Routine,3,Family Not Available,Yes
DIS008236,PAT01731,ADM008730,FAC004,DEP001,2023-03-01,2023-03-02,Routine,14,Documentation Pending,Yes
DIS008239,PAT02956,ADM002064,FAC001,DEP002,2025-11-10,2025-11-10,Routine,0,Not Applicable,No
DIS008246,PAT05793,ADM009303,FAC002,DEP005,2024-10-15,2024-10-16,Routine,21,Awaiting Transport,No
DIS008247,PAT02035,ADM002085,FAC001,DEP004,2025-07-06,2025-07-06,Routine,0,Not Applicable,No
DIS008254,PAT01489,ADM000932,FAC004,DEP007,2025-09-20,2025-09-21,Routine,3,Family Not Available,Yes
DIS008256,PAT08410,ADM002153,FAC004,DEP007,2025-12-17,2025-12-17,Routine,0,Not Applicable,Yes
DIS008258,PAT05050,ADM014292,FAC003,DEP003,2022-03-11,2022-03-11,Referral,0,Not Applicable,Yes
DIS008263,PAT09333,ADM005352,FAC001,DEP002,2025-07-16,2025-07-16,Routine,0,Not Applicable,No
DIS008269,PAT04966,ADM004968,FAC003,DEP007,2025-02-08,2025-02-08,AMA,0,Not Applicable,No
DIS008272,PAT02320,ADM000684,FAC001,DEP004,2025-10-16,2025-10-17,Routine,3,Insurance Clearance Pending,Yes
DIS008283,PAT04234,ADM009156,FAC002,DEP005,2026-08-31,2026-08-31,Transfer,0,Not Applicable,Yes
DIS008288,PAT03546,ADM009491,FAC002,DEP006,2025-01-25,2025-01-26,Routine,15,Medical Instability,No
DIS008295,PAT07832,ADM004996,FAC004,DEP002,2025-11-29,2025-11-29,Routine,0,Not Applicable,Yes
DIS008298,PAT12181,ADM012745,FAC005,DEP003,2021-10-19,2021-10-21,Routine,30,Family Not Available,Yes
DIS008301,PAT09418,ADM003207,FAC005,DEP001,2025-11-10,2025-11-10,Routine,0,Not Applicable,Yes
DIS008305,PAT11190,ADM014943,FAC002,DEP005,2026-05-13,2026-05-14,Routine,1,Documentation Pending,Yes
DIS008310,PAT01912,ADM005187,FAC001,DEP003,2025-10-16,2025-10-16,Routine,0,Not Applicable,Yes
DIS008312,PAT09114,ADM000794,FAC004,DEP007,2025-05-04,2025-05-04,Routine,0,Not Applicable,Yes
DIS008321,PAT06502,ADM002226,FAC002,DEP006,2025-11-26,2025-11-26,Routine,0,Not Applicable,No
DIS008327,PAT11779,ADM011334,FAC001,DEP005,2026-06-13,2026-06-14,Routine,17,Insurance Clearance Pending,Yes
DIS008334,PAT05490,ADM008652,FAC001,DEP008,2023-11-18,2023-11-18,Routine,0,Not Applicable,Yes
DIS008336,PAT02146,ADM004275,FAC001,DEP001,2025-11-02,2025-11-03,Transfer,2,Awaiting Transport,No
DIS008339,PAT04130,ADM009306,FAC005,DEP005,2025-11-19,2025-11-20,Routine,5,Medical Instability,Yes
DIS008344,PAT01415,ADM007439,FAC001,DEP008,2025-06-15,2025-06-15,Transfer,0,Not Applicable,No
DIS008348,PAT07540,ADM002719,FAC004,DEP006,2025-10-31,2025-10-31,Transfer,0,Not Applicable,No
DIS008353,PAT08701,ADM008031,FAC003,DEP003,2025-03-07,2025-03-07,Transfer,0,Not Applicable,Yes
DIS008356,PAT06923,ADM000131,FAC003,DEP003,2025-09-28,2025-09-28,Routine,0,Not Applicable,Yes
DIS008358,PAT04639,ADM004367,FAC002,DEP007,2025-11-14,2025-11-15,Routine,2,Awaiting Transport,Yes
DIS008359,PAT07364,ADM008067,FAC001,DEP008,2025-04-25,2025-04-25,Routine,0,Not Applicable,No
DIS008363,PAT07650,ADM006989,FAC005,DEP001,2025-06-30,2025-06-30,Routine,0,Not Applicable,Yes
DIS008367,PAT06978,ADM009266,FAC002,DEP006,2023-03-05,2023-03-05,Routine,0,Not Applicable,Yes
DIS008372,PAT02910,ADM002300,FAC004,DEP004,2025-12-28,2025-12-28,Routine,0,Not Applicable,Yes
DIS008374,PAT14305,ADM011473,FAC001,DEP008,2021-07-21,2021-07-22,Routine,12,Documentation Pending,No
DIS008376,PAT11360,ADM008788,FAC002,DEP002,2021-05-01,2021-05-01,Routine,0,Not Applicable,No
DIS008380,PAT01489,ADM002880,FAC003,DEP005,2025-09-02,2025-09-02,Routine,0,Not Applicable,Yes
DIS008381,PAT01143,ADM001122,FAC004,DEP001,2025-05-18,2025-05-19,Routine,22,Awaiting Transport,Yes
DIS008387,PAT12556,ADM010757,FAC001,DEP005,2026-04-16,2026-04-16,Routine,0,Not Applicable,No
DIS008392,PAT08150,ADM004507,FAC001,DEP004,2025-08-08,2025-08-09,Routine,15,Insurance Clearance Pending,No
DIS008393,PAT01787,ADM002741,FAC005,DEP007,2025-09-02,2025-09-03,Routine,19,Medical Instability,No
DIS008398,PAT08100,ADM008968,FAC001,DEP004,2025-09-29,2025-09-29,Routine,0,Not Applicable,Yes
DIS008417,PAT07637,ADM012961,FAC004,DEP005,2023-07-14,2023-07-14,AMA,0,Not Applicable,Yes
DIS008430,PAT09114,ADM001843,FAC004,DEP004,2025-10-09,2025-10-11,Routine,32,Documentation Pending,Yes
DIS008444,PAT02590,ADM011460,FAC001,DEP008,2021-07-31,2021-08-01,Routine,13,Awaiting Transport,No
DIS008447,PAT02526,ADM007176,FAC001,DEP005,2025-06-02,2025-06-02,Routine,0,Not Applicable,No
DIS008449,PAT01262,ADM013444,FAC003,DEP005,2026-05-30,2026-05-30,Routine,0,Not Applicable,No
DIS008458,PAT05583,ADM011577,FAC002,DEP007,2025-03-05,2025-03-05,Routine,0,Not Applicable,Yes
DIS008466,PAT13212,ADM010313,FAC005,DEP006,2025-12-01,2025-12-01,Routine,0,Not Applicable,Yes
DIS008469,PAT08798,ADM011036,FAC001,DEP002,2025-02-11,2025-02-11,Routine,0,Not Applicable,Yes
DIS008473,PAT08216,ADM007916,FAC001,DEP008,2025-05-17,2025-05-18,Routine,9,Family Not Available,No
DIS008478,PAT07710,ADM011677,FAC004,DEP007,2023-08-06,2023-08-06,Routine,0,Not Applicable,No
DIS008486,PAT03895,ADM002931,FAC005,DEP007,2025-04-29,2025-04-30,Routine,7,Documentation Pending,No
DIS008488,PAT00885,ADM008145,FAC004,DEP006,2025-05-06,2025-05-07,Routine,2,Awaiting Transport,No
DIS008489,PAT01191,ADM005955,FAC001,DEP008,2025-08-31,2025-08-31,Transfer,0,Not Applicable,No
DIS008493,PAT03502,ADM002266,FAC002,DEP007,2025-03-23,2025-03-23,Routine,0,Not Applicable,No
DIS008499,PAT08210,ADM014616,FAC004,DEP002,2024-07-21,2024-07-21,Referral,0,Not Applicable,No
DIS008506,PAT12166,ADM011127,FAC005,DEP006,2023-08-07,2023-08-07,Routine,0,Not Applicable,Yes
DIS008508,PAT00625,ADM013318,FAC005,DEP006,2023-11-08,2023-11-08,Transfer,0,Not Applicable,Yes
DIS008513,PAT02520,ADM000420,FAC002,DEP007,2025-04-03,2025-04-04,Routine,11,Medical Instability,Yes
DIS008518,PAT06148,ADM007914,FAC001,DEP005,2025-08-07,2025-08-07,Routine,0,Not Applicable,Yes
DIS008520,PAT06188,ADM014473,FAC004,DEP002,2021-01-13,2021-01-13,Routine,0,Not Applicable,No
DIS008529,PAT14438,ADM009969,FAC005,DEP006,2023-12-19,2023-12-19,Routine,0,Not Applicable,Yes
DIS008534,PAT08607,ADM000563,FAC002,DEP007,2025-03-08,2025-03-10,Routine,33,Family Not Available,No
DIS008549,PAT02715,ADM002427,FAC004,DEP001,2025-08-08,2025-08-08,Routine,0,Not Applicable,No
DIS008556,PAT09567,ADM013648,FAC003,DEP001,2021-11-18,2021-11-18,Routine,0,Not Applicable,Yes
DIS008561,PAT00725,ADM006611,FAC004,DEP002,2025-04-21,2025-04-21,Referral,0,Not Applicable,No
DIS008565,PAT00765,ADM004644,FAC003,DEP005,2025-07-27,2025-07-27,Routine,0,Not Applicable,Yes
DIS008568,PAT09239,ADM010637,FAC004,DEP004,2022-10-19,2022-10-19,Routine,0,Not Applicable,No
DIS008570,PAT03617,ADM003942,FAC003,DEP003,2025-07-13,2025-07-13,Referral,0,Not Applicable,Yes
DIS008573,PAT08837,ADM008160,FAC005,DEP005,2025-05-01,2025-05-01,Routine,0,Not Applicable,Yes
DIS008574,PAT09080,ADM003299,FAC001,DEP003,2025-09-19,2025-09-21,AMA,26,Documentation Pending,No
DIS008587,PAT04686,ADM013844,FAC004,DEP004,2026-11-11,2026-11-11,Routine,0,Not Applicable,No
DIS008588,PAT09660,ADM007123,FAC001,DEP004,2025-10-12,2025-10-12,Routine,0,Not Applicable,Yes
DIS008590,PAT07059,ADM014876,FAC001,DEP001,2026-09-11,2026-09-11,Routine,0,Not Applicable,Yes
DIS008606,PAT12873,ADM013871,FAC005,DEP006,2023-08-26,2023-08-26,Transfer,0,Not Applicable,Yes
DIS008607,PAT08803,ADM001276,FAC005,DEP006,2025-04-29,2025-04-29,Routine,0,Not Applicable,Yes
DIS008608,PAT06632,ADM006925,FAC004,DEP006,2025-06-02,2025-06-03,Routine,7,Medical Instability,Yes
DIS008623,PAT12517,ADM011365,FAC004,DEP005,2024-02-17,2024-02-17,Routine,0,Not Applicable,Yes
DIS008627,PAT09286,ADM000539,FAC003,DEP005,2025-05-31,2025-05-31,Routine,0,Not Applicable,No
DIS008636,PAT03430,ADM002213,FAC001,DEP001,2025-10-22,2025-10-23,Routine,3,Family Not Available,Yes
DIS008637,PAT14272,ADM008926,FAC004,DEP001,2024-04-16,2024-04-16,Routine,0,Not Applicable,Yes
DIS008638,PAT07404,ADM002258,FAC003,DEP003,2025-09-25,2025-09-25,Routine,0,Not Applicable,No
DIS008644,PAT09970,ADM011318,FAC001,DEP001,2024-04-17,2024-04-18,Routine,4,Documentation Pending,Yes
DIS008646,PAT00614,ADM003368,FAC005,DEP006,2025-06-30,2025-06-30,Routine,0,Not Applicable,No
DIS008653,PAT03647,ADM013672,FAC005,DEP003,2025-12-04,2025-12-04,AMA,0,Not Applicable,No
DIS008661,PAT03016,ADM009050,FAC003,DEP005,2022-08-14,2022-08-14,Routine,0,Not Applicable,No
DIS008678,PAT05381,ADM009765,FAC004,DEP007,2025-08-01,2025-08-01,Routine,0,Not Applicable,Yes
DIS008680,PAT04694,ADM004371,FAC003,DEP001,2025-10-31,2025-10-31,Routine,0,Not Applicable,No
DIS008689,PAT08671,ADM001883,FAC005,DEP007,2025-06-13,2025-06-14,Routine,6,Insurance Clearance Pending,No
DIS008695,PAT03502,ADM000876,FAC001,DEP005,2025-09-08,2025-09-09,Routine,3,Family Not Available,Yes
DIS008701,PAT00274,ADM009613,FAC001,DEP004,2022-10-03,2022-10-03,Routine,0,Not Applicable,No
DIS008717,PAT05533,ADM004411,FAC003,DEP001,2025-08-24,2025-08-25,Routine,1,Documentation Pending,No
DIS008719,PAT02612,ADM010778,FAC004,DEP006,2024-05-17,2024-05-17,Routine,0,Not Applicable,Yes
DIS008724,PAT04897,ADM001895,FAC005,DEP003,2025-12-24,2025-12-24,Routine,0,Not Applicable,No
DIS008728,PAT12691,ADM013345,FAC002,DEP007,2026-11-27,2026-11-29,Routine,30,Awaiting Transport,Yes
DIS008731,PAT10320,ADM011171,FAC005,DEP003,2022-05-08,2022-05-08,Routine,0,Not Applicable,No
DIS008737,PAT07146,ADM003899,FAC001,DEP005,2025-04-11,2025-04-11,Routine,0,Not Applicable,Yes
DIS008745,PAT03257,ADM001137,FAC001,DEP002,2025-06-17,2025-06-17,Routine,0,Not Applicable,Yes
DIS008750,PAT09459,ADM005145,FAC005,DEP007,2025-12-01,2025-12-02,Routine,13,Awaiting Transport,Yes
DIS008751,PAT06006,ADM001131,FAC002,DEP007,2025-08-06,2025-08-07,Routine,12,Documentation Pending,No
DIS008756,PAT05564,ADM005133,FAC001,DEP005,2025-10-21,2025-10-21,Routine,0,Not Applicable,No
DIS008768,PAT04951,ADM005171,FAC001,DEP001,2025-05-05,2025-05-06,Routine,22,Insurance Clearance Pending,Yes
DIS008769,PAT09442,ADM011779,FAC001,DEP003,2023-07-05,2023-07-05,Routine,0,Not Applicable,Yes
DIS008786,PAT02268,ADM009908,FAC005,DEP001,2026-04-15,2026-04-15,Routine,0,Not Applicable,No
DIS008787,PAT05717,ADM005234,FAC004,DEP007,2025-11-19,2025-11-19,Routine,0,Not Applicable,No
DIS008792,PAT07075,ADM007963,FAC001,DEP003,2026-01-01,2026-01-01,Routine,0,Not Applicable,No
DIS008793,PAT01979,ADM013135,FAC004,DEP001,2025-08-16,2025-08-16,Routine,0,Not Applicable,Yes
DIS008812,PAT00009,ADM002777,FAC005,DEP008,2025-10-07,2025-10-07,Routine,0,Not Applicable,Yes
DIS008813,PAT00477,ADM000783,FAC002,DEP007,2025-01-04,2025-01-04,Routine,0,Not Applicable,No
DIS008815,PAT05951,ADM012956,FAC003,DEP003,2026-07-02,2026-07-02,Routine,0,Not Applicable,No
DIS008820,PAT09187,ADM011921,FAC004,DEP002,2025-04-14,2025-04-14,Routine,0,Not Applicable,No
DIS008822,PAT05861,ADM005308,FAC001,DEP004,2025-10-21,2025-10-21,Referral,0,Not Applicable,Yes
DIS008825,PAT00252,ADM011057,FAC003,DEP007,2026-08-28,2026-08-29,Routine,5,Awaiting Transport,No
DIS008842,PAT03547,ADM000073,FAC005,DEP008,2025-12-19,2025-12-19,Routine,0,Not Applicable,No
DIS008843,PAT14383,ADM012896,FAC002,DEP006,2023-06-02,2023-06-02,Transfer,0,Not Applicable,Yes
DIS008845,PAT08696,ADM009025,FAC002,DEP002,2022-08-30,2022-08-31,Routine,1,Documentation Pending,Yes
DIS008848,PAT04013,ADM003830,FAC005,DEP008,2025-06-20,2025-06-20,Routine,0,Not Applicable,No
DIS008849,PAT09028,ADM009206,FAC001,DEP005,2026-04-22,2026-04-22,Routine,0,Not Applicable,Yes
DIS008852,PAT02997,ADM005255,FAC004,DEP006,2025-03-26,2025-03-27,Routine,3,Insurance Clearance Pending,Yes
DIS008854,PAT07043,ADM009403,FAC001,DEP002,2022-01-01,2022-01-01,Routine,0,Not Applicable,No
DIS008863,PAT05643,ADM005541,FAC005,DEP003,2025-07-02,2025-07-02,Routine,0,Not Applicable,Yes
DIS008869,PAT04476,ADM006222,FAC001,DEP008,2025-08-27,2025-08-27,Routine,0,Not Applicable,No
DIS008871,PAT09973,ADM000942,FAC005,DEP005,2025-10-16,2025-10-17,Routine,5,Medical Instability,Yes
DIS008872,PAT05804,ADM011196,FAC005,DEP001,2024-07-02,2024-07-02,Routine,0,Not Applicable,Yes
DIS008873,PAT07972,ADM010941,FAC003,DEP008,2026-11-06,2026-11-07,Routine,12,Family Not Available,Yes
DIS008875,PAT05310,ADM005848,FAC001,DEP003,2025-09-27,2025-09-27,Routine,0,Not Applicable,Yes
DIS008879,PAT08818,ADM007794,FAC001,DEP004,2025-08-19,2025-08-19,Routine,0,Not Applicable,Yes
DIS008882,PAT09680,ADM013780,FAC005,DEP006,2021-01-30,2021-01-30,AMA,0,Not Applicable,Yes
DIS008883,PAT05768,ADM012174,FAC002,DEP006,2026-11-17,2026-11-17,Transfer,0,Not Applicable,No
DIS008891,PAT07696,ADM006723,FAC001,DEP002,2025-08-16,2025-08-16,Routine,0,Not Applicable,Yes
DIS008895,PAT09839,ADM001530,FAC005,DEP006,2025-12-09,2025-12-10,Routine,9,Family Not Available,No
DIS008899,PAT03756,ADM004605,FAC003,DEP008,2025-09-21,2025-09-22,Routine,7,Medical Instability,No
DIS008903,PAT03269,ADM008387,FAC003,DEP001,2025-06-15,2025-06-16,Routine,8,Medical Instability,Yes
DIS008906,PAT08736,ADM007687,FAC004,DEP004,2025-09-22,2025-09-23,Routine,1,Documentation Pending,No
DIS008907,PAT09286,ADM012819,FAC001,DEP008,2025-04-28,2025-04-28,Routine,0,Not Applicable,Yes
DIS008918,PAT00132,ADM014965,FAC002,DEP006,2025-02-23,2025-02-23,Routine,0,Not Applicable,No
DIS008919,PAT04915,ADM010489,FAC004,DEP001,2022-10-12,2022-10-13,Routine,1,Insurance Clearance Pending,Yes
DIS008920,PAT09750,ADM005461,FAC001,DEP001,2025-10-04,2025-10-04,Routine,0,Not Applicable,Yes
DIS008921,PAT08938,ADM012143,FAC001,DEP004,2021-08-26,2021-08-26,Routine,0,Not Applicable,No
DIS008940,PAT05959,ADM003074,FAC005,DEP001,2025-07-31,2025-08-01,Routine,1,Insurance Clearance Pending,Yes
DIS008941,PAT11387,ADM010039,FAC001,DEP003,2026-02-01,2026-02-02,Routine,20,Awaiting Transport,Yes
DIS008952,PAT10665,ADM008557,FAC001,DEP001,2024-06-25,2024-06-25,Routine,0,Not Applicable,Yes
DIS008956,PAT09296,ADM004966,FAC005,DEP007,2025-10-24,2025-10-24,Routine,0,Not Applicable,No
DIS008966,PAT06378,ADM004073,FAC002,DEP001,2025-03-29,2025-03-29,Referral,0,Not Applicable,Yes
DIS008967,PAT07804,ADM012831,FAC002,DEP007,2026-12-10,2026-12-10,Routine,0,Not Applicable,Yes
DIS008974,PAT13260,ADM009313,FAC002,DEP006,2026-12-17,2026-12-17,Routine,0,Not Applicable,Yes
DIS008978,PAT00275,ADM013677,FAC005,DEP006,2026-11-03,2026-11-03,Routine,0,Not Applicable,Yes
DIS008987,PAT09813,ADM004021,FAC002,DEP007,2025-02-25,2025-02-25,Routine,0,Not Applicable,No
DIS008991,PAT09069,ADM002753,FAC004,DEP002,2025-10-01,2025-10-02,Routine,1,Medical Instability,Yes
DIS009001,PAT08619,ADM003644,FAC001,DEP002,2025-11-02,2025-11-02,Routine,0,Not Applicable,No
DIS009004,PAT03670,ADM000897,FAC003,DEP008,2025-04-14,2025-04-15,Routine,8,Awaiting Transport,Yes
DIS009005,PAT05934,ADM007001,FAC004,DEP001,2025-04-19,2025-04-19,Routine,0,Not Applicable,Yes
DIS009011,PAT04342,ADM003169,FAC001,DEP001,2025-05-14,2025-05-14,Routine,0,Not Applicable,Yes
DIS009016,PAT00089,ADM005441,FAC005,DEP006,2025-11-06,2025-11-06,Routine,0,Not Applicable,Yes
DIS009035,PAT09516,ADM007188,FAC003,DEP001,2025-07-06,2025-07-06,Transfer,0,Not Applicable,Yes
DIS009036,PAT00300,ADM007289,FAC005,DEP003,2025-05-16,2025-05-16,Routine,0,Not Applicable,Yes
DIS009043,PAT14990,ADM013812,FAC001,DEP001,2025-08-20,2025-08-20,Transfer,0,Not Applicable,No
DIS009047,PAT00015,ADM008558,FAC001,DEP005,2024-02-20,2024-02-21,Referral,5,Family Not Available,No
DIS009050,PAT05614,ADM000558,FAC004,DEP006,2025-04-26,2025-04-27,Transfer,7,Insurance Clearance Pending,Yes
DIS009054,PAT04343,ADM003925,FAC005,DEP008,2025-10-09,2025-10-09,Routine,0,Not Applicable,Yes
DIS009056,PAT02202,ADM000071,FAC002,DEP007,2025-07-07,2025-07-08,Routine,3,Medical Instability,Yes
DIS009066,PAT09616,ADM003974,FAC001,DEP004,2025-10-07,2025-10-07,Routine,0,Not Applicable,No
DIS009068,PAT08493,ADM006643,FAC004,DEP001,2025-05-09,2025-05-09,Routine,0,Not Applicable,No
DIS009072,PAT10256,ADM010525,FAC002,DEP005,2026-09-18,2026-09-18,Routine,0,Not Applicable,No
DIS009079,PAT06804,ADM002733,FAC004,DEP001,2025-06-27,2025-06-27,Routine,0,Not Applicable,No
DIS009082,PAT01179,ADM007470,FAC001,DEP003,2025-09-06,2025-09-06,Routine,0,Not Applicable,Yes
DIS009087,PAT04195,ADM004460,FAC004,DEP004,2025-03-23,2025-03-23,Routine,0,Not Applicable,Yes
DIS009092,PAT04490,ADM007668,FAC002,DEP007,2025-08-21,2025-08-21,Routine,0,Not Applicable,No
DIS009101,PAT09202,ADM004193,FAC001,DEP003,2025-08-11,2025-08-11,Referral,0,Not Applicable,Yes
DIS009108,PAT05901,ADM003055,FAC005,DEP006,2025-03-18,2025-03-19,Routine,3,Medical Instability,Yes
DIS009122,PAT02324,ADM007357,FAC004,DEP004,2025-04-01,2025-04-02,Routine,4,Insurance Clearance Pending,No
DIS009126,PAT02460,ADM000342,FAC001,DEP001,2025-12-21,2025-12-21,Routine,0,Not Applicable,Yes
DIS009129,PAT06522,ADM011498,FAC003,DEP007,2023-10-07,2023-10-08,AMA,1,Documentation Pending,Yes
DIS009136,PAT09238,ADM007130,FAC004,DEP006,2025-01-13,2025-01-13,Routine,0,Not Applicable,Yes
DIS009138,PAT05166,ADM005662,FAC001,DEP008,2025-02-23,2025-02-23,Routine,0,Not Applicable,Yes
DIS009141,PAT07174,ADM006122,FAC005,DEP005,2025-04-14,2025-04-14,Routine,0,Not Applicable,Yes
DIS009147,PAT07945,ADM006037,FAC001,DEP005,2025-12-30,2025-12-30,Routine,0,Not Applicable,Yes
DIS009150,PAT12052,ADM010609,FAC002,DEP006,2023-05-10,2023-05-10,Routine,0,Not Applicable,Yes
DIS009152,PAT08937,ADM014701,FAC001,DEP001,2024-07-10,2024-07-11,Referral,17,Family Not Available,No
DIS009159,PAT02003,ADM008619,FAC005,DEP001,2022-12-23,2022-12-24,Routine,8,Family Not Available,Yes
DIS009160,PAT06652,ADM011554,FAC005,DEP001,2026-08-28,2026-08-28,Routine,0,Not Applicable,Yes
DIS009167,PAT03036,ADM004523,FAC005,DEP007,2025-06-03,2025-06-05,Routine,32,Medical Instability,No
DIS009168,PAT04337,ADM003855,FAC001,DEP003,2025-05-11,2025-05-11,Referral,0,Not Applicable,Yes
DIS009177,PAT04194,ADM000701,FAC003,DEP005,2025-01-25,2025-01-25,Routine,0,Not Applicable,Yes
DIS009195,PAT08618,ADM002044,FAC004,DEP007,2025-11-13,2025-11-13,Transfer,0,Not Applicable,No
DIS009206,PAT00331,ADM001334,FAC002,DEP007,2025-07-08,2025-07-09,Routine,1,Awaiting Transport,Yes
DIS009209,PAT13835,ADM012488,FAC005,DEP005,2025-03-12,2025-03-12,Routine,0,Not Applicable,Yes
DIS009213,PAT01946,ADM004437,FAC005,DEP008,2025-10-11,2025-10-11,Referral,0,Not Applicable,Yes
DIS009216,PAT07945,ADM006282,FAC003,DEP003,2025-04-28,2025-04-29,Routine,5,Medical Instability,No
DIS009217,PAT04337,ADM011233,FAC004,DEP007,2021-05-28,2021-05-28,Referral,0,Not Applicable,Yes
DIS009226,PAT05380,ADM008302,FAC003,DEP008,2025-10-10,2025-10-10,Routine,0,Not Applicable,Yes
DIS009228,PAT11414,ADM014181,FAC005,DEP003,2023-04-22,2023-04-22,Referral,0,Not Applicable,Yes
DIS009233,PAT02849,ADM013835,FAC005,DEP008,2026-06-30,2026-06-30,Routine,0,Not Applicable,No
DIS009248,PAT05156,ADM006508,FAC004,DEP002,2025-01-13,2025-01-13,Routine,0,Not Applicable,Yes
DIS009250,PAT08399,ADM003347,FAC005,DEP005,2025-08-21,2025-08-22,Routine,14,Insurance Clearance Pending,Yes
DIS009274,PAT07151,ADM001618,FAC004,DEP004,2025-11-17,2025-11-17,Routine,0,Not Applicable,Yes
DIS009275,PAT02129,ADM009217,FAC005,DEP007,2026-07-21,2026-07-22,Referral,15,Awaiting Transport,Yes
DIS009276,PAT06880,ADM008577,FAC004,DEP006,2025-11-12,2025-11-12,Routine,0,Not Applicable,Yes
DIS009280,PAT14954,ADM012922,FAC002,DEP001,2022-06-07,2022-06-07,Routine,0,Not Applicable,No
DIS009282,PAT00994,ADM002853,FAC001,DEP004,2025-09-06,2025-09-06,Routine,0,Not Applicable,Yes
DIS009288,PAT00089,ADM000831,FAC004,DEP006,2025-08-20,2025-08-20,Routine,0,Not Applicable,No
DIS009289,PAT06335,ADM006772,FAC003,DEP008,2025-02-03,2025-02-04,Routine,1,Family Not Available,No
DIS009290,PAT11387,ADM009726,FAC001,DEP003,2026-12-18,2026-12-18,Routine,0,Not Applicable,Yes
DIS009292,PAT07309,ADM000315,FAC004,DEP002,2025-03-07,2025-03-07,Transfer,0,Not Applicable,Yes
DIS009295,PAT06602,ADM008334,FAC001,DEP003,2025-11-15,2025-11-15,Routine,0,Not Applicable,Yes
DIS009297,PAT08050,ADM003359,FAC004,DEP007,2025-01-29,2025-01-29,Transfer,0,Not Applicable,Yes
DIS009298,PAT10973,ADM013326,FAC005,DEP008,2024-04-01,2024-04-01,Routine,0,Not Applicable,Yes
DIS009302,PAT00922,ADM004551,FAC001,DEP003,2025-10-28,2025-10-28,Routine,0,Not Applicable,No
DIS009303,PAT07714,ADM007035,FAC005,DEP007,2025-10-12,2025-10-12,Routine,0,Not Applicable,Yes
DIS009305,PAT09056,ADM005780,FAC001,DEP003,2025-10-29,2025-10-30,Routine,8,Documentation Pending,No
DIS009307,PAT08601,ADM001262,FAC002,DEP006,2025-02-08,2025-02-08,Routine,0,Not Applicable,No
DIS009315,PAT04257,ADM006292,FAC001,DEP002,2025-12-05,2025-12-05,Routine,0,Not Applicable,No
DIS009316,PAT03796,ADM006142,FAC005,DEP001,2025-12-10,2025-12-10,Transfer,0,Not Applicable,No
DIS009331,PAT04112,ADM011399,FAC004,DEP007,2023-06-22,2023-06-22,Routine,0,Not Applicable,Yes
DIS009338,PAT08066,ADM002114,FAC001,DEP005,2025-08-20,2025-08-20,Routine,0,Not Applicable,No
DIS009348,PAT02716,ADM008578,FAC005,DEP005,2025-02-03,2025-02-04,Routine,15,Insurance Clearance Pending,Yes
DIS009354,PAT07360,ADM010286,FAC001,DEP001,2023-06-18,2023-06-18,Routine,0,Not Applicable,No
DIS009362,PAT06587,ADM010301,FAC003,DEP001,2023-06-29,2023-06-29,Routine,0,Not Applicable,No
DIS009365,PAT07638,ADM010922,FAC003,DEP003,2021-03-29,2021-03-30,Routine,8,Insurance Clearance Pending,Yes
DIS009369,PAT03335,ADM011080,FAC004,DEP005,2023-01-09,2023-01-09,Routine,0,Not Applicable,Yes
DIS009370,PAT06934,ADM005457,FAC002,DEP005,2025-06-21,2025-06-21,Routine,0,Not Applicable,No
DIS009371,PAT00938,ADM004702,FAC003,DEP005,2025-07-30,2025-07-30,Routine,0,Not Applicable,No
DIS009383,PAT08986,ADM000556,FAC002,DEP005,2025-03-06,2025-03-07,Routine,2,Awaiting Transport,Yes
DIS009397,PAT02055,ADM000320,FAC005,DEP001,2025-04-12,2025-04-13,Routine,7,Insurance Clearance Pending,No
DIS009410,PAT09405,ADM002775,FAC005,DEP008,2025-01-21,2025-01-21,Routine,0,Not Applicable,Yes
DIS009413,PAT06561,ADM004121,FAC004,DEP002,2025-08-25,2025-08-26,AMA,13,Medical Instability,No
DIS009423,PAT00606,ADM013359,FAC005,DEP008,2021-12-22,2021-12-23,Referral,1,Documentation Pending,Yes
DIS009425,PAT09895,ADM004208,FAC005,DEP008,2025-11-20,2025-11-21,Routine,4,Documentation Pending,Yes
DIS009436,PAT13077,ADM011560,FAC001,DEP005,2026-12-28,2026-12-28,Routine,0,Not Applicable,No
DIS009441,PAT07111,ADM009901,FAC004,DEP004,2026-02-04,2026-02-04,Routine,0,Not Applicable,Yes
DIS009456,PAT05479,ADM006463,FAC001,DEP005,2025-06-10,2025-06-12,Routine,28,Insurance Clearance Pending,No
DIS009457,PAT00327,ADM005994,FAC001,DEP003,2025-06-08,2025-06-09,Routine,1,Documentation Pending,Yes
DIS009464,PAT04468,ADM007866,FAC003,DEP003,2025-05-14,2025-05-14,Routine,0,Not Applicable,No
DIS009466,PAT06956,ADM009493,FAC003,DEP008,2022-08-28,2022-08-28,Routine,0,Not Applicable,Yes
DIS009469,PAT02895,ADM010250,FAC002,DEP001,2026-08-28,2026-08-29,Routine,10,Insurance Clearance Pending,Yes
DIS009471,PAT06283,ADM011884,FAC001,DEP005,2024-05-01,2024-05-02,Routine,21,Documentation Pending,Yes
DIS009472,PAT03861,ADM011440,FAC002,DEP002,2022-02-28,2022-03-01,Routine,1,Documentation Pending,No
DIS009473,PAT02309,ADM001121,FAC005,DEP001,2025-04-02,2025-04-02,Routine,0,Not Applicable,No
DIS009478,PAT03533,ADM007551,FAC004,DEP005,2025-02-26,2025-02-26,Routine,0,Not Applicable,Yes
DIS009479,PAT01745,ADM000626,FAC002,DEP007,2025-07-02,2025-07-04,Routine,34,Medical Instability,No
DIS009480,PAT00908,ADM010795,FAC005,DEP007,2025-07-06,2025-07-06,Routine,0,Not Applicable,Yes
DIS009485,PAT09405,ADM014055,FAC005,DEP005,2025-01-19,2025-01-19,Routine,0,Not Applicable,No
DIS009488,PAT04765,ADM007924,FAC001,DEP003,2025-04-07,2025-04-07,Routine,0,Not Applicable,No
DIS009489,PAT10666,ADM013383,FAC002,DEP002,2024-11-16,2024-11-16,Routine,0,Not Applicable,Yes
DIS009496,PAT01787,ADM005648,FAC002,DEP001,2026-01-01,2026-01-02,Routine,9,Family Not Available,No
DIS009500,PAT06335,ADM003162,FAC005,DEP008,2025-05-10,2025-05-10,Routine,0,Not Applicable,Yes
DIS009502,PAT01324,ADM012727,FAC005,DEP007,2025-01-12,2025-01-12,Routine,0,Not Applicable,Yes
DIS009503,PAT09645,ADM002429,FAC003,DEP005,2025-08-17,2025-08-17,Routine,0,Not Applicable,Yes
DIS009504,PAT00765,ADM001765,FAC002,DEP006,2025-05-23,2025-05-24,Routine,6,Awaiting Transport,Yes
DIS009506,PAT08300,ADM000569,FAC004,DEP005,2025-10-23,2025-10-23,Routine,0,Not Applicable,Yes
DIS009507,PAT04352,ADM001415,FAC003,DEP001,2025-03-24,2025-03-24,Routine,0,Not Applicable,Yes
DIS009510,PAT09682,ADM003532,FAC003,DEP005,2025-10-13,2025-10-13,Routine,0,Not Applicable,Yes
DIS009516,PAT13470,ADM012172,FAC001,DEP002,2025-11-10,2025-11-10,Routine,0,Not Applicable,No
DIS009525,PAT00316,ADM004564,FAC001,DEP004,2025-08-06,2025-08-06,AMA,0,Not Applicable,Yes
DIS009526,PAT08243,ADM004081,FAC005,DEP008,2025-10-31,2025-11-01,Routine,4,Medical Instability,Yes
DIS009532,PAT07597,ADM008118,FAC002,DEP007,2025-11-08,2025-11-09,Routine,1,Awaiting Transport,Yes
DIS009533,PAT03296,ADM006401,FAC004,DEP004,2025-04-22,2025-04-22,Routine,0,Not Applicable,No
DIS009534,PAT08262,ADM000169,FAC003,DEP007,2025-01-28,2025-01-28,Routine,0,Not Applicable,Yes
DIS009538,PAT12368,ADM008905,FAC005,DEP001,2026-11-24,2026-11-25,Routine,2,Documentation Pending,No
DIS009546,PAT02685,ADM010182,FAC004,DEP004,2021-09-03,2021-09-03,Routine,0,Not Applicable,No
DIS009551,PAT08288,ADM013694,FAC005,DEP001,2024-08-27,2024-08-27,Routine,0,Not Applicable,Yes
DIS009553,PAT04955,ADM004509,FAC002,DEP001,2025-02-15,2025-02-16,Routine,7,Family Not Available,Yes
DIS009554,PAT01870,ADM007960,FAC005,DEP001,2025-02-15,2025-02-16,Routine,8,Awaiting Transport,No
DIS009560,PAT03372,ADM003537,FAC003,DEP001,2025-12-03,2025-12-03,Routine,0,Not Applicable,Yes
DIS009569,PAT06726,ADM007888,FAC001,DEP002,2025-10-07,2025-10-07,Routine,0,Not Applicable,Yes
DIS009577,PAT04915,ADM002048,FAC002,DEP002,2025-07-09,2025-07-09,Routine,0,Not Applicable,No
DIS009579,PAT06293,ADM012724,FAC003,DEP007,2025-08-14,2025-08-15,Routine,17,Medical Instability,No
DIS009580,PAT04505,ADM006767,FAC001,DEP002,2025-08-21,2025-08-21,Routine,0,Not Applicable,No
DIS009587,PAT03563,ADM011443,FAC005,DEP008,2024-11-16,2024-11-16,Routine,0,Not Applicable,No
DIS009594,PAT13888,ADM013213,FAC001,DEP008,2021-07-29,2021-07-29,Routine,0,Not Applicable,No
DIS009611,PAT08262,ADM006559,FAC004,DEP002,2025-11-30,2025-11-30,Routine,0,Not Applicable,Yes
DIS009612,PAT04418,ADM000152,FAC004,DEP002,2025-07-08,2025-07-08,Routine,0,Not Applicable,Yes
DIS009615,PAT08197,ADM010894,FAC003,DEP005,2025-07-16,2025-07-17,Referral,1,Family Not Available,Yes
DIS009618,PAT09508,ADM004725,FAC002,DEP002,2025-07-14,2025-07-15,Routine,14,Insurance Clearance Pending,Yes
DIS009633,PAT05708,ADM011490,FAC003,DEP001,2025-06-06,2025-06-07,Routine,4,Insurance Clearance Pending,No
DIS009636,PAT13675,ADM011427,FAC005,DEP007,2025-11-28,2025-11-29,Transfer,4,Family Not Available,Yes
DIS009637,PAT05793,ADM011811,FAC004,DEP004,2024-07-02,2024-07-02,Routine,0,Not Applicable,Yes
DIS009647,PAT03858,ADM003303,FAC004,DEP007,2025-07-16,2025-07-16,Routine,0,Not Applicable,Yes
DIS009653,PAT06689,ADM002928,FAC004,DEP001,2025-06-20,2025-06-20,Routine,0,Not Applicable,No
DIS009654,PAT11263,ADM010107,FAC002,DEP007,2025-05-20,2025-05-20,Routine,0,Not Applicable,Yes
DIS009655,PAT04922,ADM002123,FAC001,DEP008,2025-03-13,2025-03-13,Referral,0,Not Applicable,No
DIS009662,PAT04217,ADM007589,FAC002,DEP001,2025-11-05,2025-11-05,Routine,0,Not Applicable,No
DIS009666,PAT04609,ADM000062,FAC005,DEP001,2025-10-21,2025-10-22,Routine,3,Medical Instability,No
DIS009690,PAT04342,ADM012515,FAC005,DEP007,2023-09-19,2023-09-20,Routine,4,Awaiting Transport,No
DIS009696,PAT02022,ADM008615,FAC001,DEP005,2024-04-17,2024-04-19,Transfer,30,Documentation Pending,Yes
DIS009697,PAT06505,ADM002006,FAC004,DEP001,2025-03-23,2025-03-24,Routine,12,Documentation Pending,No
DIS009702,PAT05934,ADM007906,FAC002,DEP006,2026-01-02,2026-01-02,Routine,0,Not Applicable,Yes
DIS009707,PAT07347,ADM009490,FAC002,DEP005,2026-04-24,2026-04-24,Routine,0,Not Applicable,No
DIS009708,PAT02056,ADM000039,FAC004,DEP004,2025-11-21,2025-11-21,Routine,0,Not Applicable,Yes
DIS009713,PAT07938,ADM005484,FAC004,DEP005,2025-02-25,2025-02-26,AMA,2,Medical Instability,Yes
DIS009717,PAT07052,ADM009315,FAC004,DEP007,2025-09-23,2025-09-23,Routine,0,Not Applicable,Yes
DIS009728,PAT06135,ADM005140,FAC002,DEP005,2025-06-21,2025-06-21,Routine,0,Not Applicable,Yes
DIS009729,PAT05793,ADM000681,FAC005,DEP008,2025-01-12,2025-01-12,Routine,0,Not Applicable,Yes
DIS009732,PAT00593,ADM011979,FAC001,DEP003,2026-10-07,2026-10-08,Routine,2,Insurance Clearance Pending,No
DIS009737,PAT04430,ADM012970,FAC005,DEP003,2025-07-26,2025-07-27,Transfer,15,Family Not Available,Yes
DIS009752,PAT07597,ADM003773,FAC003,DEP007,2025-02-26,2025-02-26,Routine,0,Not Applicable,Yes
DIS009765,PAT05872,ADM000500,FAC004,DEP005,2025-04-16,2025-04-16,Transfer,0,Not Applicable,Yes
DIS009775,PAT05938,ADM012074,FAC005,DEP005,2026-06-03,2026-06-05,Routine,30,Medical Instability,No
DIS009779,PAT04099,ADM014582,FAC004,DEP007,2025-01-05,2025-01-05,Routine,0,Not Applicable,No
DIS009783,PAT09535,ADM011995,FAC005,DEP003,2024-06-09,2024-06-09,Routine,0,Not Applicable,Yes
DIS009786,PAT08661,ADM014043,FAC004,DEP002,2021-11-07,2021-11-07,Routine,0,Not Applicable,Yes
DIS009790,PAT04904,ADM003017,FAC002,DEP005,2025-12-09,2025-12-09,Routine,0,Not Applicable,Yes
DIS009792,PAT02407,ADM012419,FAC005,DEP003,2021-04-14,2021-04-15,Referral,20,Documentation Pending,No
DIS009795,PAT09188,ADM004738,FAC004,DEP002,2025-06-28,2025-06-28,Transfer,0,Not Applicable,Yes
DIS009796,PAT03777,ADM001622,FAC001,DEP008,2025-04-30,2025-04-30,Routine,0,Not Applicable,Yes
DIS009800,PAT04216,ADM002218,FAC004,DEP001,2025-02-03,2025-02-03,Transfer,0,Not Applicable,No
DIS009805,PAT05307,ADM000194,FAC002,DEP007,2025-11-16,2025-11-16,Routine,0,Not Applicable,Yes
DIS009809,PAT08374,ADM007048,FAC005,DEP008,2025-09-28,2025-09-28,Routine,0,Not Applicable,Yes
DIS009833,PAT08980,ADM006537,FAC003,DEP008,2025-10-25,2025-10-26,Routine,4,Family Not Available,No
DIS009837,PAT04192,ADM012508,FAC003,DEP001,2022-10-10,2022-10-10,Routine,0,Not Applicable,Yes
DIS009846,PAT01584,ADM000120,FAC005,DEP003,2025-09-05,2025-09-06,Routine,4,Documentation Pending,Yes
DIS009849,PAT07774,ADM012958,FAC001,DEP004,2026-09-02,2026-09-04,Routine,40,Medical Instability,Yes
DIS009854,PAT07096,ADM008324,FAC003,DEP005,2025-03-10,2025-03-11,Routine,2,Medical Instability,No
DIS009859,PAT05307,ADM007725,FAC001,DEP008,2025-12-03,2025-12-04,Routine,14,Awaiting Transport,Yes
DIS009888,PAT04668,ADM011512,FAC001,DEP008,2025-04-08,2025-04-09,Routine,5,Medical Instability,Yes
DIS009894,PAT05555,ADM007806,FAC002,DEP005,2025-07-08,2025-07-08,Routine,0,Not Applicable,No
DIS009895,PAT00462,ADM001497,FAC005,DEP005,2025-10-17,2025-10-18,Routine,21,Awaiting Transport,Yes
DIS009906,PAT02702,ADM000154,FAC002,DEP001,2025-09-17,2025-09-17,Routine,0,Not Applicable,Yes
DIS009913,PAT08061,ADM013590,FAC004,DEP004,2023-07-15,2023-07-16,Routine,4,Insurance Clearance Pending,Yes
DIS009914,PAT00305,ADM006652,FAC002,DEP005,2025-11-18,2025-11-19,Routine,16,Documentation Pending,No
DIS009917,PAT04270,ADM009327,FAC005,DEP007,2022-01-08,2022-01-08,Transfer,0,Not Applicable,No
DIS009918,PAT00305,ADM000745,FAC001,DEP002,2025-06-14,2025-06-16,Routine,26,Documentation Pending,Yes
DIS009931,PAT09391,ADM010261,FAC001,DEP003,2023-05-14,2023-05-14,Routine,0,Not Applicable,No
DIS009941,PAT09932,ADM008174,FAC003,DEP001,2025-11-26,2025-11-26,Routine,0,Not Applicable,Yes
DIS009951,PAT06096,ADM005654,FAC003,DEP008,2025-09-11,2025-09-11,Routine,0,Not Applicable,Yes
DIS009953,PAT13262,ADM008900,FAC004,DEP002,2025-02-04,2025-02-04,Routine,0,Not Applicable,Yes
DIS009958,PAT00539,ADM007430,FAC002,DEP006,2025-03-28,2025-03-28,Routine,0,Not Applicable,No
DIS009971,PAT11958,ADM014027,FAC003,DEP008,2024-09-25,2024-09-26,Routine,5,Documentation Pending,No
DIS009987,PAT06897,ADM004390,FAC002,DEP005,2025-03-10,2025-03-11,Routine,11,Documentation Pending,Yes
DIS009991,PAT01979,ADM006019,FAC005,DEP005,2025-10-02,2025-10-03,Routine,4,Medical Instability,No
DIS009993,PAT02519,ADM005016,FAC005,DEP007,2025-04-10,2025-04-10,Routine,0,Not Applicable,No
DIS009997,PAT06148,ADM005365,FAC001,DEP001,2025-07-09,2025-07-09,Referral,0,Not Applicable,Yes
DIS010004,PAT02996,ADM011618,FAC004,DEP002,2022-10-24,2022-10-24,Routine,0,Not Applicable,Yes
DIS010007,PAT05220,ADM007820,FAC003,DEP001,2025-09-01,2025-09-01,Routine,0,Not Applicable,No
DIS010013,PAT04683,ADM010915,FAC003,DEP003,2024-12-27,2024-12-27,Transfer,0,Not Applicable,Yes
DIS010015,PAT09823,ADM013514,FAC005,DEP007,2021-04-13,2021-04-14,Routine,4,Family Not Available,Yes
DIS010022,PAT06189,ADM004963,FAC003,DEP001,2025-12-05,2025-12-06,Routine,5,Awaiting Transport,Yes
DIS010029,PAT08831,ADM008722,FAC005,DEP007,2022-07-06,2022-07-06,Routine,0,Not Applicable,Yes
DIS010030,PAT03448,ADM003088,FAC002,DEP001,2025-02-10,2025-02-11,Routine,1,Awaiting Transport,Yes
DIS010037,PAT06283,ADM005699,FAC003,DEP008,2025-07-29,2025-07-30,Routine,24,Family Not Available,Yes
DIS010038,PAT06886,ADM011585,FAC005,DEP005,2023-03-15,2023-03-15,Routine,0,Not Applicable,No
DIS010039,PAT01600,ADM014574,FAC005,DEP008,2025-09-01,2025-09-01,Routine,0,Not Applicable,No
DIS010040,PAT02237,ADM014316,FAC004,DEP002,2024-04-17,2024-04-17,Routine,0,Not Applicable,Yes
DIS010046,PAT03711,ADM007191,FAC001,DEP002,2025-03-07,2025-03-08,Transfer,5,Insurance Clearance Pending,Yes
DIS010051,PAT13116,ADM013799,FAC002,DEP005,2024-04-05,2024-04-05,Routine,0,Not Applicable,No
DIS010052,PAT10165,ADM012845,FAC003,DEP007,2026-04-05,2026-04-06,Routine,3,Insurance Clearance Pending,Yes
DIS010054,PAT07043,ADM006840,FAC003,DEP008,2025-08-16,2025-08-17,Routine,11,Medical Instability,Yes
DIS010056,PAT03752,ADM004504,FAC002,DEP005,2025-04-11,2025-04-12,Routine,10,Medical Instability,Yes
DIS010059,PAT01796,ADM012903,FAC003,DEP008,2026-05-22,2026-05-22,Routine,0,Not Applicable,Yes
DIS010060,PAT08726,ADM006317,FAC005,DEP003,2025-01-21,2025-01-22,Routine,9,Documentation Pending,Yes
DIS010065,PAT12069,ADM010099,FAC003,DEP008,2026-02-10,2026-02-10,Routine,0,Not Applicable,Yes
DIS010066,PAT08642,ADM005319,FAC005,DEP003,2025-02-09,2025-02-09,Routine,0,Not Applicable,No
DIS010076,PAT04468,ADM006238,FAC003,DEP005,2025-10-01,2025-10-01,Routine,0,Not Applicable,No
DIS010081,PAT06551,ADM006034,FAC005,DEP001,2025-08-10,2025-08-10,Referral,0,Not Applicable,No
DIS010092,PAT05894,ADM008819,FAC003,DEP007,2022-06-02,2022-06-02,Routine,0,Not Applicable,No
DIS010097,PAT12587,ADM009927,FAC002,DEP001,2023-03-01,2023-03-03,Referral,25,Documentation Pending,Yes
DIS010100,PAT03979,ADM002248,FAC001,DEP002,2025-11-21,2025-11-21,Routine,0,Not Applicable,Yes
DIS010106,PAT12319,ADM011781,FAC005,DEP006,2021-09-03,2021-09-03,Routine,0,Not Applicable,Yes
DIS010122,PAT06339,ADM010869,FAC005,DEP005,2024-03-14,2024-03-14,Routine,0,Not Applicable,Yes
DIS010130,PAT13751,ADM009488,FAC004,DEP002,2025-09-19,2025-09-20,Routine,1,Insurance Clearance Pending,No
DIS010144,PAT07641,ADM000787,FAC004,DEP007,2025-01-14,2025-01-15,Routine,3,Insurance Clearance Pending,No
DIS010165,PAT07370,ADM000208,FAC002,DEP005,2025-06-14,2025-06-15,Routine,4,Family Not Available,Yes
DIS010169,PAT07226,ADM010335,FAC001,DEP008,2026-12-10,2026-12-10,Routine,0,Not Applicable,No
DIS010171,PAT08586,ADM000213,FAC003,DEP003,2025-06-09,2025-06-09,Transfer,0,Not Applicable,Yes
DIS010175,PAT08115,ADM009980,FAC003,DEP008,2026-05-04,2026-05-05,Routine,16,Awaiting Transport,Yes
DIS010185,PAT01744,ADM004810,FAC004,DEP005,2025-05-01,2025-05-01,Referral,0,Not Applicable,Yes
DIS010187,PAT08100,ADM001323,FAC001,DEP003,2025-10-02,2025-10-02,Routine,0,Not Applicable,Yes
DIS010188,PAT06823,ADM008200,FAC003,DEP001,2025-05-08,2025-05-08,Routine,0,Not Applicable,No
DIS010190,PAT06934,ADM005101,FAC001,DEP008,2025-05-19,2025-05-19,Routine,0,Not Applicable,Yes
DIS010210,PAT03284,ADM001582,FAC001,DEP001,2025-02-09,2025-02-09,Routine,0,Not Applicable,No
DIS010217,PAT03997,ADM003515,FAC004,DEP002,2025-10-08,2025-10-08,Routine,0,Not Applicable,Yes
DIS010222,PAT12801,ADM013518,FAC003,DEP005,2024-11-26,2024-11-26,Routine,0,Not Applicable,Yes
DIS010226,PAT11147,ADM014300,FAC005,DEP001,2024-01-16,2024-01-16,Routine,0,Not Applicable,Yes
DIS010233,PAT13247,ADM013105,FAC002,DEP005,2021-03-23,2021-03-23,Routine,0,Not Applicable,No
DIS010234,PAT13939,ADM008893,FAC004,DEP001,2026-02-09,2026-02-09,Routine,0,Not Applicable,No
DIS010240,PAT09238,ADM009135,FAC003,DEP003,2025-03-20,2025-03-20,Referral,0,Not Applicable,No
DIS010241,PAT03300,ADM002225,FAC001,DEP004,2025-08-07,2025-08-07,Routine,0,Not Applicable,Yes
DIS010243,PAT02440,ADM003463,FAC004,DEP002,2025-08-27,2025-08-27,Routine,0,Not Applicable,Yes
DIS010244,PAT00579,ADM011596,FAC001,DEP001,2026-09-24,2026-09-24,Referral,0,Not Applicable,No
DIS010247,PAT02486,ADM000633,FAC003,DEP007,2025-07-12,2025-07-12,Routine,0,Not Applicable,No
DIS010257,PAT06804,ADM000058,FAC002,DEP005,2025-08-12,2025-08-13,Routine,15,Family Not Available,No
DIS010270,PAT07863,ADM003787,FAC001,DEP003,2025-02-01,2025-02-02,Routine,5,Insurance Clearance Pending,Yes
DIS010273,PAT11840,ADM013151,FAC005,DEP006,2024-11-09,2024-11-10,Routine,23,Family Not Available,Yes
DIS010277,PAT02096,ADM001265,FAC004,DEP004,2025-06-30,2025-07-01,Routine,2,Insurance Clearance Pending,Yes
DIS010278,PAT06959,ADM001940,FAC005,DEP005,2025-01-22,2025-01-23,Transfer,4,Awaiting Transport,Yes
DIS010280,PAT02127,ADM001923,FAC005,DEP003,2025-07-26,2025-07-27,Routine,16,Documentation Pending,Yes
DIS010281,PAT05810,ADM012077,FAC004,DEP006,2023-03-16,2023-03-16,Routine,0,Not Applicable,No
DIS010283,PAT01324,ADM013226,FAC002,DEP001,2023-06-26,2023-06-26,Routine,0,Not Applicable,Yes
DIS010284,PAT09159,ADM004381,FAC005,DEP003,2025-05-08,2025-05-08,Routine,0,Not Applicable,No
DIS010286,PAT03486,ADM013702,FAC002,DEP001,2026-07-23,2026-07-23,Routine,0,Not Applicable,Yes
DIS010301,PAT02020,ADM013635,FAC004,DEP004,2022-07-17,2022-07-17,Routine,0,Not Applicable,No
DIS010305,PAT11491,ADM013939,FAC003,DEP001,2024-08-03,2024-08-04,Routine,22,Documentation Pending,Yes
DIS010306,PAT03609,ADM002119,FAC004,DEP001,2025-09-13,2025-09-13,Routine,0,Not Applicable,Yes
DIS010316,PAT03222,ADM011075,FAC002,DEP005,2024-04-23,2024-04-23,Routine,0,Not Applicable,Yes
DIS010318,PAT03370,ADM009093,FAC005,DEP007,2023-07-03,2023-07-03,Routine,0,Not Applicable,No
DIS010328,PAT06992,ADM006260,FAC001,DEP003,2025-10-26,2025-10-27,Routine,9,Awaiting Transport,Yes
DIS010336,PAT00901,ADM004964,FAC004,DEP002,2025-08-18,2025-08-18,Routine,0,Not Applicable,No
DIS010338,PAT05407,ADM004771,FAC004,DEP005,2025-02-21,2025-02-23,Routine,28,Documentation Pending,Yes
DIS010342,PAT04065,ADM006942,FAC001,DEP001,2025-06-02,2025-06-02,Routine,0,Not Applicable,No
DIS010345,PAT05533,ADM013013,FAC003,DEP003,2023-09-22,2023-09-23,Routine,5,Documentation Pending,No
DIS010374,PAT03188,ADM012534,FAC004,DEP001,2021-07-09,2021-07-09,AMA,0,Not Applicable,No
DIS010381,PAT04721,ADM005474,FAC001,DEP001,2025-09-15,2025-09-15,Routine,0,Not Applicable,Yes
DIS010384,PAT07454,ADM009789,FAC004,DEP001,2026-10-21,2026-10-21,Routine,0,Not Applicable,No
DIS010386,PAT01348,ADM004412,FAC003,DEP003,2025-01-23,2025-01-24,Routine,6,Family Not Available,No
DIS010388,PAT00285,ADM004402,FAC005,DEP006,2025-05-31,2025-05-31,Routine,0,Not Applicable,No
DIS010396,PAT06694,ADM004153,FAC002,DEP006,2025-01-24,2025-01-24,Routine,0,Not Applicable,Yes
DIS010397,PAT01958,ADM008148,FAC004,DEP006,2025-06-17,2025-06-17,Referral,0,Not Applicable,Yes
DIS010398,PAT01499,ADM005332,FAC002,DEP007,2025-07-28,2025-07-28,Routine,0,Not Applicable,Yes
DIS010402,PAT12683,ADM011805,FAC004,DEP004,2021-02-12,2021-02-12,Routine,0,Not Applicable,Yes
DIS010410,PAT08150,ADM004117,FAC005,DEP001,2025-07-12,2025-07-12,Routine,0,Not Applicable,Yes
DIS010413,PAT06322,ADM014953,FAC004,DEP001,2022-04-07,2022-04-08,Routine,12,Medical Instability,Yes
DIS010415,PAT03680,ADM004341,FAC001,DEP003,2025-03-10,2025-03-10,Routine,0,Not Applicable,Yes
DIS010421,PAT01721,ADM000390,FAC003,DEP001,2025-07-07,2025-07-07,Routine,0,Not Applicable,No
DIS010424,PAT00440,ADM009431,FAC003,DEP005,2022-05-27,2022-05-28,Routine,14,Awaiting Transport,Yes
DIS010425,PAT11400,ADM012336,FAC005,DEP005,2023-07-30,2023-07-30,Routine,0,Not Applicable,Yes
DIS010428,PAT11110,ADM009601,FAC005,DEP006,2022-02-23,2022-02-24,Routine,24,Medical Instability,No
DIS010429,PAT03659,ADM005756,FAC002,DEP002,2025-01-11,2025-01-12,Routine,6,Awaiting Transport,No
DIS010430,PAT04803,ADM010254,FAC003,DEP001,2022-08-02,2022-08-02,Routine,0,Not Applicable,Yes
DIS010434,PAT04106,ADM012966,FAC002,DEP001,2022-05-21,2022-05-21,Routine,0,Not Applicable,Yes
DIS010438,PAT03858,ADM008735,FAC002,DEP005,2023-04-26,2023-04-27,Routine,4,Medical Instability,No
DIS010439,PAT11914,ADM008871,FAC004,DEP005,2023-04-12,2023-04-13,Routine,2,Family Not Available,No
DIS010445,PAT07827,ADM001546,FAC001,DEP004,2025-01-02,2025-01-03,Routine,13,Insurance Clearance Pending,Yes
DIS010446,PAT08388,ADM006403,FAC005,DEP007,2025-07-09,2025-07-10,Routine,13,Medical Instability,Yes
DIS010448,PAT05583,ADM005416,FAC002,DEP006,2025-12-10,2025-12-10,Routine,0,Not Applicable,Yes
DIS010455,PAT11258,ADM011384,FAC004,DEP007,2021-08-04,2021-08-05,Transfer,2,Insurance Clearance Pending,Yes
DIS010458,PAT05013,ADM001596,FAC005,DEP005,2025-06-07,2025-06-07,Routine,0,Not Applicable,No
DIS010460,PAT04112,ADM010727,FAC001,DEP008,2022-09-12,2022-09-12,Routine,0,Not Applicable,Yes
DIS010465,PAT01451,ADM007494,FAC005,DEP005,2025-10-08,2025-10-08,Referral,0,Not Applicable,Yes
DIS010472,PAT08497,ADM008207,FAC001,DEP003,2025-08-06,2025-08-06,Routine,0,Not Applicable,Yes
DIS010483,PAT12873,ADM009699,FAC003,DEP003,2024-11-27,2024-11-27,Routine,0,Not Applicable,Yes
DIS010485,PAT06662,ADM007935,FAC003,DEP005,2025-09-01,2025-09-01,Routine,0,Not Applicable,No
DIS010490,PAT08875,ADM010082,FAC002,DEP005,2021-02-17,2021-02-18,Routine,7,Family Not Available,Yes
DIS010495,PAT05206,ADM010563,FAC003,DEP005,2026-01-03,2026-01-04,Routine,5,Awaiting Transport,No
DIS010497,PAT07052,ADM001161,FAC005,DEP007,2025-03-05,2025-03-05,Routine,0,Not Applicable,No
DIS010502,PAT05218,ADM007695,FAC001,DEP003,2025-02-01,2025-02-01,Routine,0,Not Applicable,No
DIS010503,PAT00851,ADM008482,FAC005,DEP001,2025-01-14,2025-01-14,Referral,0,Not Applicable,Yes
DIS010509,PAT11432,ADM014861,FAC001,DEP001,2025-04-10,2025-04-11,Routine,16,Family Not Available,Yes
DIS010511,PAT03480,ADM008141,FAC001,DEP003,2025-12-17,2025-12-17,Routine,0,Not Applicable,Yes
DIS010520,PAT02792,ADM001568,FAC005,DEP005,2025-07-03,2025-07-03,Routine,0,Not Applicable,Yes
DIS010528,PAT03121,ADM001551,FAC004,DEP002,2025-08-18,2025-08-19,Routine,17,Documentation Pending,Yes
DIS010533,PAT13821,ADM013607,FAC002,DEP006,2026-05-31,2026-05-31,Routine,0,Not Applicable,No
DIS010544,PAT07111,ADM000134,FAC002,DEP001,2025-11-18,2025-11-19,Routine,1,Documentation Pending,No
DIS010548,PAT04979,ADM000426,FAC001,DEP005,2025-01-06,2025-01-06,Routine,0,Not Applicable,No
DIS010556,PAT09027,ADM009858,FAC004,DEP007,2025-04-28,2025-04-29,Routine,10,Family Not Available,Yes
DIS010560,PAT02597,ADM011663,FAC005,DEP005,2024-02-03,2024-02-03,Routine,0,Not Applicable,No
DIS010568,PAT11319,ADM013477,FAC005,DEP003,2026-11-29,2026-12-02,Routine,60,Medical Instability,Yes
DIS010576,PAT12038,ADM008556,FAC003,DEP007,2024-05-20,2024-05-20,Routine,0,Not Applicable,No
DIS010578,PAT01651,ADM014846,FAC001,DEP008,2023-10-10,2023-10-11,Routine,19,Insurance Clearance Pending,Yes
DIS010580,PAT00474,ADM001642,FAC005,DEP005,2025-12-06,2025-12-07,Routine,3,Medical Instability,Yes
DIS010600,PAT09433,ADM001042,FAC005,DEP001,2025-05-21,2025-05-21,Referral,0,Not Applicable,No
DIS010601,PAT10878,ADM010331,FAC005,DEP007,2021-02-25,2021-02-25,Routine,0,Not Applicable,No
DIS010604,PAT00764,ADM000598,FAC001,DEP002,2025-11-09,2025-11-10,Transfer,1,Medical Instability,No
DIS010612,PAT09736,ADM009080,FAC003,DEP005,2023-09-26,2023-09-27,Routine,16,Documentation Pending,Yes
DIS010613,PAT14627,ADM011631,FAC004,DEP004,2026-07-10,2026-07-10,Routine,0,Not Applicable,No
DIS010614,PAT00400,ADM005412,FAC003,DEP005,2025-03-28,2025-03-28,Transfer,0,Not Applicable,Yes
DIS010616,PAT03121,ADM000679,FAC002,DEP007,2025-03-02,2025-03-02,Routine,0,Not Applicable,No
DIS010619,PAT03546,ADM002790,FAC005,DEP006,2025-10-24,2025-10-25,Routine,1,Family Not Available,Yes
DIS010621,PAT03406,ADM013897,FAC002,DEP005,2026-05-13,2026-05-13,Routine,0,Not Applicable,Yes
DIS010623,PAT07376,ADM005868,FAC004,DEP004,2025-11-01,2025-11-02,Routine,12,Insurance Clearance Pending,No
DIS010629,PAT09913,ADM013037,FAC004,DEP002,2022-06-14,2022-06-14,Routine,0,Not Applicable,No
DIS010631,PAT03315,ADM012650,FAC005,DEP003,2021-04-13,2021-04-13,Routine,0,Not Applicable,No
DIS010634,PAT03711,ADM006026,FAC004,DEP005,2025-05-10,2025-05-11,Routine,1,Family Not Available,Yes
DIS010636,PAT03018,ADM007531,FAC004,DEP002,2025-11-21,2025-11-21,Routine,0,Not Applicable,Yes
DIS010651,PAT07815,ADM004695,FAC003,DEP008,2025-12-22,2025-12-22,Routine,0,Not Applicable,Yes
DIS010652,PAT08392,ADM007928,FAC004,DEP004,2025-02-08,2025-02-09,Routine,1,Medical Instability,No
DIS010659,PAT04148,ADM014427,FAC001,DEP008,2025-06-06,2025-06-07,Referral,16,Family Not Available,Yes
DIS010670,PAT11740,ADM014885,FAC001,DEP005,2021-05-20,2021-05-20,Routine,0,Not Applicable,Yes
DIS010677,PAT10973,ADM014548,FAC002,DEP001,2026-04-20,2026-04-20,Routine,0,Not Applicable,No
DIS010678,PAT04044,ADM004315,FAC002,DEP006,2025-01-30,2025-01-31,Transfer,11,Insurance Clearance Pending,No
DIS010680,PAT05387,ADM001604,FAC001,DEP005,2025-12-16,2025-12-16,AMA,0,Not Applicable,Yes
DIS010692,PAT02502,ADM002268,FAC001,DEP002,2025-08-30,2025-08-30,Routine,0,Not Applicable,No
DIS010702,PAT13863,ADM014108,FAC003,DEP008,2021-10-13,2021-10-14,Routine,10,Insurance Clearance Pending,Yes
DIS010703,PAT09954,ADM001305,FAC004,DEP006,2025-12-19,2025-12-19,Routine,0,Not Applicable,No
DIS010713,PAT09346,ADM014289,FAC005,DEP007,2022-04-11,2022-04-11,Routine,0,Not Applicable,No
DIS010716,PAT05774,ADM009267,FAC005,DEP007,2024-01-09,2024-01-09,Routine,0,Not Applicable,Yes
DIS010728,PAT05764,ADM011470,FAC005,DEP007,2025-05-24,2025-05-24,Routine,0,Not Applicable,No
DIS010731,PAT06135,ADM000726,FAC001,DEP001,2025-08-18,2025-08-18,Routine,0,Not Applicable,No
DIS010733,PAT09567,ADM000325,FAC005,DEP006,2025-01-28,2025-01-28,Routine,0,Not Applicable,No
DIS010734,PAT12072,ADM011563,FAC001,DEP004,2023-04-30,2023-05-02,Routine,28,Family Not Available,Yes
DIS010738,PAT06978,ADM009904,FAC005,DEP005,2024-01-31,2024-01-31,Routine,0,Not Applicable,No
DIS010739,PAT00215,ADM000850,FAC002,DEP001,2025-10-23,2025-10-23,Referral,0,Not Applicable,No
DIS010740,PAT03571,ADM002286,FAC004,DEP002,2025-05-03,2025-05-03,Routine,0,Not Applicable,Yes
DIS010756,PAT07276,ADM014109,FAC001,DEP001,2023-08-11,2023-08-11,Routine,0,Not Applicable,Yes
DIS010758,PAT13702,ADM013892,FAC001,DEP002,2021-10-26,2021-10-26,Routine,0,Not Applicable,No
DIS010765,PAT01656,ADM007136,FAC004,DEP004,2025-05-18,2025-05-18,Routine,0,Not Applicable,No
DIS010771,PAT03102,ADM006209,FAC004,DEP006,2025-06-17,2025-06-17,Referral,0,Not Applicable,No
DIS010773,PAT07517,ADM008478,FAC001,DEP001,2025-12-21,2025-12-23,Routine,28,Documentation Pending,Yes
DIS010784,PAT08086,ADM006182,FAC002,DEP007,2025-03-08,2025-03-08,Routine,0,Not Applicable,Yes
DIS010789,PAT03520,ADM004200,FAC005,DEP007,2025-01-16,2025-01-17,Routine,7,Medical Instability,Yes
DIS010791,PAT03071,ADM000176,FAC001,DEP002,2025-07-18,2025-07-19,Routine,17,Awaiting Transport,No
DIS010792,PAT02583,ADM001504,FAC004,DEP006,2025-11-19,2025-11-19,Routine,0,Not Applicable,Yes
DIS010795,PAT05362,ADM001127,FAC004,DEP001,2025-05-16,2025-05-16,Routine,0,Not Applicable,Yes
DIS010797,PAT03205,ADM014358,FAC003,DEP005,2022-02-16,2022-02-17,Routine,1,Documentation Pending,No
DIS010810,PAT07062,ADM013544,FAC005,DEP006,2026-04-02,2026-04-02,Routine,0,Not Applicable,Yes
DIS010814,PAT09732,ADM010072,FAC005,DEP008,2025-06-19,2025-06-19,Routine,0,Not Applicable,Yes
DIS010836,PAT05136,ADM002170,FAC004,DEP001,2025-12-04,2025-12-04,Routine,0,Not Applicable,No
DIS010840,PAT05305,ADM007023,FAC003,DEP008,2025-05-07,2025-05-08,Routine,1,Family Not Available,Yes
DIS010850,PAT05903,ADM007658,FAC003,DEP005,2025-02-23,2025-02-25,Routine,25,Family Not Available,Yes
DIS010862,PAT04849,ADM007175,FAC005,DEP006,2025-12-14,2025-12-14,Routine,0,Not Applicable,No
DIS010865,PAT09405,ADM006926,FAC004,DEP001,2025-06-09,2025-06-09,Routine,0,Not Applicable,No
DIS010867,PAT10906,ADM012543,FAC003,DEP007,2026-01-23,2026-01-23,Routine,0,Not Applicable,Yes
DIS010871,PAT01399,ADM013060,FAC003,DEP005,2025-10-25,2025-10-25,Routine,0,Not Applicable,Yes
DIS010879,PAT10898,ADM010774,FAC001,DEP004,2025-02-21,2025-02-22,Routine,4,Documentation Pending,No
DIS010884,PAT04607,ADM002467,FAC005,DEP001,2025-10-04,2025-10-04,Routine,0,Not Applicable,Yes
DIS010901,PAT12515,ADM010552,FAC003,DEP007,2023-11-28,2023-11-29,Routine,2,Documentation Pending,No
DIS010913,PAT04915,ADM000505,FAC001,DEP008,2025-08-01,2025-08-01,Routine,0,Not Applicable,Yes
DIS010914,PAT08789,ADM003926,FAC002,DEP005,2025-01-14,2025-01-14,Referral,0,Not Applicable,No
DIS010917,PAT08803,ADM004510,FAC005,DEP008,2025-04-29,2025-04-30,Routine,8,Awaiting Transport,Yes
DIS010922,PAT10391,ADM014659,FAC002,DEP007,2023-11-27,2023-11-27,Routine,0,Not Applicable,Yes
DIS010923,PAT09702,ADM006571,FAC001,DEP002,2025-05-03,2025-05-04,Routine,17,Family Not Available,Yes
DIS010924,PAT07075,ADM000808,FAC002,DEP001,2025-01-14,2025-01-15,Routine,6,Medical Instability,No
DIS010925,PAT09913,ADM007655,FAC001,DEP002,2025-10-16,2025-10-17,Routine,4,Documentation Pending,Yes
DIS010926,PAT08374,ADM013195,FAC001,DEP001,2022-10-06,2022-10-06,Routine,0,Not Applicable,No
DIS010932,PAT09902,ADM008853,FAC001,DEP002,2026-04-15,2026-04-16,Routine,11,Medical Instability,Yes
DIS010936,PAT02118,ADM003333,FAC005,DEP001,2025-08-17,2025-08-17,AMA,0,Not Applicable,No
DIS010938,PAT04721,ADM000961,FAC001,DEP004,2025-01-14,2025-01-14,Routine,0,Not Applicable,Yes
DIS010941,PAT06097,ADM000229,FAC005,DEP006,2025-01-15,2025-01-15,Routine,0,Not Applicable,No
DIS010943,PAT12597,ADM009387,FAC005,DEP005,2026-03-28,2026-03-28,Routine,0,Not Applicable,No
DIS010951,PAT09458,ADM012040,FAC005,DEP008,2025-08-08,2025-08-08,Transfer,0,Not Applicable,No
DIS010957,PAT10339,ADM014993,FAC003,DEP008,2022-11-17,2022-11-18,Routine,1,Family Not Available,Yes
DIS010958,PAT03209,ADM009696,FAC004,DEP007,2026-03-22,2026-03-22,Routine,0,Not Applicable,No
DIS010963,PAT05737,ADM011993,FAC004,DEP005,2023-07-11,2023-07-11,Routine,0,Not Applicable,Yes
DIS010966,PAT01990,ADM010976,FAC002,DEP002,2026-06-19,2026-06-19,Routine,0,Not Applicable,No
DIS010970,PAT12236,ADM013837,FAC001,DEP001,2022-11-05,2022-11-05,Routine,0,Not Applicable,Yes
DIS010992,PAT04059,ADM005819,FAC003,DEP003,2025-07-22,2025-07-22,Routine,0,Not Applicable,Yes
DIS010996,PAT00361,ADM008978,FAC005,DEP006,2023-06-18,2023-06-19,Routine,5,Family Not Available,No
DIS010998,PAT09405,ADM008069,FAC004,DEP004,2025-03-28,2025-03-29,Transfer,4,Family Not Available,No
DIS011003,PAT01990,ADM014224,FAC005,DEP003,2021-10-17,2021-10-17,Routine,0,Not Applicable,Yes
DIS011012,PAT05684,ADM001432,FAC005,DEP005,2025-10-25,2025-10-25,Referral,0,Not Applicable,No
DIS011015,PAT09660,ADM010203,FAC005,DEP006,2021-02-21,2021-02-21,Routine,0,Not Applicable,Yes
DIS011016,PAT02597,ADM006798,FAC002,DEP005,2025-03-17,2025-03-17,Transfer,0,Not Applicable,No
DIS011025,PAT09459,ADM014459,FAC003,DEP001,2021-05-30,2021-05-31,Routine,23,Family Not Available,Yes
DIS011033,PAT12556,ADM013474,FAC002,DEP005,2024-03-29,2024-03-31,Routine,38,Family Not Available,No
DIS011035,PAT00028,ADM006462,FAC003,DEP008,2025-04-14,2025-04-15,Routine,14,Awaiting Transport,Yes
DIS011042,PAT12890,ADM009351,FAC004,DEP006,2021-05-12,2021-05-13,Routine,2,Insurance Clearance Pending,No
DIS011043,PAT02040,ADM012231,FAC001,DEP004,2025-08-16,2025-08-16,Routine,0,Not Applicable,No
DIS011053,PAT02418,ADM006101,FAC001,DEP008,2025-01-12,2025-01-13,Routine,1,Family Not Available,Yes
DIS011058,PAT14750,ADM010029,FAC002,DEP002,2025-09-12,2025-09-12,Routine,0,Not Applicable,No
DIS011064,PAT03211,ADM000884,FAC002,DEP007,2025-09-01,2025-09-01,Routine,0,Not Applicable,No
DIS011066,PAT04334,ADM003609,FAC001,DEP003,2025-04-19,2025-04-20,Routine,10,Awaiting Transport,Yes
DIS011069,PAT01548,ADM004440,FAC004,DEP006,2025-07-01,2025-07-01,Routine,0,Not Applicable,No
DIS011075,PAT06283,ADM005802,FAC004,DEP006,2025-04-04,2025-04-05,Routine,22,Awaiting Transport,No
DIS011076,PAT04046,ADM000693,FAC003,DEP001,2025-11-07,2025-11-07,Referral,0,Not Applicable,No
DIS011082,PAT03617,ADM007553,FAC005,DEP005,2025-05-19,2025-05-19,Referral,0,Not Applicable,No
DIS011085,PAT06551,ADM009104,FAC002,DEP006,2024-07-29,2024-07-30,Routine,1,Insurance Clearance Pending,No
DIS011086,PAT02332,ADM013654,FAC005,DEP007,2023-03-27,2023-03-28,Routine,1,Documentation Pending,No
DIS011094,PAT08727,ADM009283,FAC005,DEP006,2026-05-03,2026-05-03,Referral,0,Not Applicable,Yes
DIS011099,PAT03708,ADM003760,FAC003,DEP003,2025-01-22,2025-01-23,Routine,24,Insurance Clearance Pending,No
DIS011145,PAT04106,ADM009737,FAC001,DEP004,2025-08-12,2025-08-13,Routine,2,Documentation Pending,No
DIS011146,PAT07052,ADM003332,FAC003,DEP001,2025-12-05,2025-12-05,Routine,0,Not Applicable,No
DIS011147,PAT05810,ADM011303,FAC003,DEP005,2025-05-20,2025-05-20,Routine,0,Not Applicable,Yes
DIS011152,PAT03835,ADM005530,FAC004,DEP004,2025-07-27,2025-07-28,Routine,3,Awaiting Transport,Yes
DIS011153,PAT03572,ADM006051,FAC001,DEP003,2025-04-29,2025-04-30,Routine,3,Awaiting Transport,No
DIS011164,PAT07226,ADM003659,FAC001,DEP008,2025-07-11,2025-07-12,Routine,1,Medical Instability,No
DIS011168,PAT01108,ADM001701,FAC005,DEP006,2025-02-27,2025-02-28,Routine,1,Insurance Clearance Pending,Yes
DIS011172,PAT03823,ADM008239,FAC001,DEP005,2025-07-15,2025-07-15,Routine,0,Not Applicable,Yes
DIS011177,PAT05737,ADM011389,FAC002,DEP001,2026-12-02,2026-12-02,Routine,0,Not Applicable,No
DIS011188,PAT07637,ADM004273,FAC005,DEP003,2025-11-27,2025-11-27,Routine,0,Not Applicable,Yes
DIS011189,PAT11882,ADM010395,FAC005,DEP001,2026-09-02,2026-09-03,Routine,1,Family Not Available,Yes
DIS011190,PAT01007,ADM011312,FAC003,DEP008,2026-11-11,2026-11-11,Routine,0,Not Applicable,No
DIS011196,PAT07223,ADM012975,FAC001,DEP002,2023-12-08,2023-12-08,Routine,0,Not Applicable,Yes
DIS011199,PAT04352,ADM008420,FAC002,DEP002,2025-05-04,2025-05-05,Routine,3,Medical Instability,No
DIS011201,PAT12723,ADM008555,FAC003,DEP005,2024-04-06,2024-04-06,Routine,0,Not Applicable,Yes
DIS011204,PAT00885,ADM008241,FAC001,DEP008,2025-12-24,2025-12-25,Routine,11,Medical Instability,Yes
DIS011207,PAT07573,ADM003704,FAC003,DEP007,2025-03-03,2025-03-04,Routine,10,Documentation Pending,Yes
DIS011211,PAT08780,ADM000385,FAC002,DEP006,2025-12-19,2025-12-19,Routine,0,Not Applicable,No
DIS011213,PAT01804,ADM003865,FAC005,DEP006,2025-07-08,2025-07-09,Routine,10,Medical Instability,Yes
DIS011214,PAT07043,ADM014814,FAC001,DEP004,2024-08-26,2024-08-27,Routine,1,Documentation Pending,No
DIS011215,PAT08736,ADM009326,FAC002,DEP001,2023-04-11,2023-04-11,Routine,0,Not Applicable,No
DIS011222,PAT00534,ADM007084,FAC001,DEP005,2025-09-28,2025-09-28,Routine,0,Not Applicable,No
DIS011224,PAT01513,ADM000345,FAC001,DEP001,2025-12-24,2025-12-24,Routine,0,Not Applicable,Yes
DIS011226,PAT01214,ADM009133,FAC001,DEP004,2022-11-07,2022-11-07,Routine,0,Not Applicable,Yes
DIS011231,PAT00818,ADM004167,FAC001,DEP002,2025-05-28,2025-05-29,Transfer,3,Family Not Available,No
DIS011233,PAT03099,ADM002643,FAC005,DEP005,2025-02-14,2025-02-15,Routine,1,Medical Instability,Yes
DIS011235,PAT09069,ADM003854,FAC003,DEP001,2025-10-11,2025-10-12,Routine,3,Family Not Available,Yes
DIS011244,PAT02082,ADM000270,FAC004,DEP007,2025-12-02,2025-12-02,Routine,0,Not Applicable,No
DIS011251,PAT05909,ADM001025,FAC001,DEP004,2025-03-22,2025-03-23,Routine,8,Awaiting Transport,No
DIS011256,PAT05853,ADM005130,FAC001,DEP002,2025-06-09,2025-06-10,Routine,16,Awaiting Transport,No
DIS011258,PAT03170,ADM008770,FAC004,DEP006,2024-06-17,2024-06-18,Routine,22,Documentation Pending,No
DIS011266,PAT02003,ADM005348,FAC005,DEP006,2025-11-13,2025-11-14,Routine,10,Family Not Available,Yes
DIS011279,PAT09190,ADM007930,FAC002,DEP001,2025-10-10,2025-10-10,Routine,0,Not Applicable,Yes
DIS011285,PAT01494,ADM000631,FAC005,DEP007,2025-07-07,2025-07-07,Routine,0,Not Applicable,Yes
DIS011288,PAT02035,ADM007172,FAC004,DEP001,2025-08-12,2025-08-12,Routine,0,Not Applicable,No
DIS011296,PAT05423,ADM001845,FAC005,DEP008,2025-10-09,2025-10-09,Routine,0,Not Applicable,Yes
DIS011297,PAT00466,ADM004545,FAC001,DEP001,2025-06-29,2025-06-30,Routine,3,Awaiting Transport,No
DIS011299,PAT03372,ADM014501,FAC005,DEP001,2025-12-17,2025-12-17,AMA,0,Not Applicable,Yes
DIS011309,PAT04011,ADM003673,FAC003,DEP008,2025-08-07,2025-08-07,Referral,0,Not Applicable,No
DIS011318,PAT05933,ADM012611,FAC004,DEP002,2026-12-23,2026-12-23,Routine,0,Not Applicable,Yes
DIS011332,PAT05465,ADM004518,FAC004,DEP004,2025-09-08,2025-09-08,Routine,0,Not Applicable,Yes
DIS011340,PAT08490,ADM014002,FAC004,DEP005,2024-11-04,2024-11-04,Routine,0,Not Applicable,Yes
DIS011358,PAT01451,ADM001639,FAC002,DEP001,2025-01-04,2025-01-04,Routine,0,Not Applicable,No
DIS011361,PAT08243,ADM002357,FAC004,DEP004,2025-11-18,2025-11-18,Routine,0,Not Applicable,Yes
DIS011368,PAT03185,ADM007541,FAC001,DEP001,2025-12-06,2025-12-07,Routine,10,Medical Instability,Yes
DIS011374,PAT03911,ADM010387,FAC002,DEP005,2023-08-31,2023-08-31,AMA,0,Not Applicable,Yes
DIS011375,PAT02914,ADM005663,FAC002,DEP002,2025-08-14,2025-08-14,Routine,0,Not Applicable,No
DIS011376,PAT04415,ADM002600,FAC005,DEP007,2025-03-12,2025-03-14,Routine,26,Medical Instability,Yes
DIS011384,PAT06927,ADM009536,FAC001,DEP003,2026-02-21,2026-02-21,Routine,0,Not Applicable,Yes
DIS011385,PAT13830,ADM013910,FAC004,DEP006,2025-09-25,2025-09-25,Routine,0,Not Applicable,Yes
DIS011387,PAT11362,ADM011098,FAC005,DEP007,2025-01-27,2025-01-28,Routine,7,Awaiting Transport,No
DIS011395,PAT04112,ADM005009,FAC002,DEP005,2025-08-27,2025-08-27,Routine,0,Not Applicable,Yes
DIS011405,PAT05401,ADM004322,FAC001,DEP008,2025-07-28,2025-07-28,Routine,0,Not Applicable,No
DIS011409,PAT09535,ADM002508,FAC002,DEP001,2025-08-22,2025-08-22,Transfer,0,Not Applicable,No
DIS011412,PAT09485,ADM004971,FAC004,DEP005,2025-01-18,2025-01-19,Routine,13,Documentation Pending,Yes
DIS011416,PAT07064,ADM000294,FAC001,DEP008,2025-08-19,2025-08-19,Routine,0,Not Applicable,Yes
DIS011427,PAT09262,ADM010409,FAC002,DEP005,2021-07-27,2021-07-28,Routine,3,Insurance Clearance Pending,Yes
DIS011433,PAT06889,ADM007654,FAC001,DEP005,2025-04-24,2025-04-24,Routine,0,Not Applicable,Yes
DIS011445,PAT10510,ADM009523,FAC003,DEP008,2021-06-14,2021-06-15,Referral,1,Family Not Available,Yes
DIS011450,PAT03323,ADM000905,FAC002,DEP002,2025-11-17,2025-11-17,Routine,0,Not Applicable,Yes
DIS011453,PAT09779,ADM009302,FAC003,DEP001,2025-08-04,2025-08-05,Transfer,1,Insurance Clearance Pending,Yes
DIS011466,PAT01327,ADM009620,FAC005,DEP003,2021-08-11,2021-08-11,Routine,0,Not Applicable,No
DIS011469,PAT00904,ADM014040,FAC002,DEP007,2023-10-16,2023-10-16,Routine,0,Not Applicable,Yes
DIS011474,PAT06162,ADM009308,FAC002,DEP001,2026-03-26,2026-03-26,Routine,0,Not Applicable,No
DIS011475,PAT05782,ADM008764,FAC004,DEP005,2025-11-08,2025-11-08,Routine,0,Not Applicable,Yes
DIS011483,PAT11545,ADM014217,FAC004,DEP005,2025-08-26,2025-08-26,Routine,0,Not Applicable,No
DIS011484,PAT09361,ADM001588,FAC003,DEP001,2025-12-24,2025-12-26,Routine,32,Medical Instability,Yes
DIS011488,PAT11981,ADM013168,FAC005,DEP005,2022-07-08,2022-07-09,Routine,1,Insurance Clearance Pending,Yes
DIS011502,PAT07515,ADM013150,FAC005,DEP008,2025-03-21,2025-03-22,Routine,10,Insurance Clearance Pending,Yes
DIS011505,PAT03223,ADM014223,FAC002,DEP005,2022-06-28,2022-06-28,Routine,0,Not Applicable,Yes
DIS011512,PAT04338,ADM011888,FAC005,DEP005,2021-09-14,2021-09-14,Routine,0,Not Applicable,No
DIS011519,PAT08137,ADM007259,FAC001,DEP003,2025-01-06,2025-01-06,Routine,0,Not Applicable,Yes
DIS011523,PAT07579,ADM014157,FAC005,DEP003,2024-01-27,2024-01-27,Routine,0,Not Applicable,Yes
DIS011526,PAT06880,ADM013596,FAC001,DEP005,2026-04-06,2026-04-06,Routine,0,Not Applicable,Yes
DIS011527,PAT10370,ADM014014,FAC003,DEP003,2022-07-07,2022-07-08,Routine,12,Family Not Available,No
DIS011531,PAT09566,ADM002554,FAC001,DEP008,2025-03-30,2025-03-30,Routine,0,Not Applicable,No
DIS011535,PAT03670,ADM005291,FAC002,DEP002,2025-07-02,2025-07-03,Routine,11,Documentation Pending,Yes
DIS011538,PAT09318,ADM003983,FAC005,DEP005,2025-11-11,2025-11-12,Routine,4,Documentation Pending,Yes
DIS011550,PAT07146,ADM000809,FAC002,DEP005,2025-05-05,2025-05-05,Routine,0,Not Applicable,No
DIS011551,PAT13173,ADM014450,FAC004,DEP005,2023-03-23,2023-03-24,Transfer,17,Documentation Pending,Yes
DIS011553,PAT10541,ADM011346,FAC003,DEP001,2025-10-13,2025-10-13,Routine,0,Not Applicable,Yes
DIS011559,PAT07041,ADM002954,FAC005,DEP003,2025-11-25,2025-11-25,Routine,0,Not Applicable,No
DIS011563,PAT14482,ADM011246,FAC004,DEP006,2026-11-29,2026-11-29,Routine,0,Not Applicable,Yes
DIS011565,PAT06152,ADM005769,FAC005,DEP006,2025-11-13,2025-11-14,Routine,5,Family Not Available,Yes
DIS011569,PAT04289,ADM013298,FAC005,DEP001,2023-03-09,2023-03-09,Routine,0,Not Applicable,Yes
DIS011573,PAT01328,ADM005569,FAC005,DEP008,2025-03-28,2025-03-28,Routine,0,Not Applicable,No
DIS011579,PAT01227,ADM012825,FAC001,DEP003,2025-04-03,2025-04-03,Routine,0,Not Applicable,No
DIS011580,PAT09843,ADM000262,FAC005,DEP003,2025-02-20,2025-02-21,Routine,2,Family Not Available,No
DIS011588,PAT03548,ADM000672,FAC001,DEP005,2025-03-24,2025-03-24,Routine,0,Not Applicable,Yes
DIS011592,PAT01492,ADM005385,FAC002,DEP006,2025-08-22,2025-08-22,Routine,0,Not Applicable,Yes
DIS011598,PAT08725,ADM003923,FAC005,DEP008,2025-06-04,2025-06-04,Routine,0,Not Applicable,No
DIS011602,PAT10495,ADM012178,FAC001,DEP002,2022-04-16,2022-04-17,Routine,1,Awaiting Transport,Yes
DIS011610,PAT07665,ADM002845,FAC002,DEP001,2025-09-25,2025-09-26,Routine,13,Documentation Pending,No
DIS011615,PAT04986,ADM000424,FAC005,DEP003,2025-03-01,2025-03-02,Routine,2,Insurance Clearance Pending,Yes
DIS011621,PAT13464,ADM014315,FAC001,DEP004,2023-05-08,2023-05-08,Routine,0,Not Applicable,Yes
DIS011634,PAT04230,ADM008889,FAC002,DEP007,2024-10-21,2024-10-21,Routine,0,Not Applicable,Yes
DIS011637,PAT09319,ADM000641,FAC005,DEP006,2025-09-15,2025-09-15,Routine,0,Not Applicable,No
DIS011638,PAT09431,ADM007163,FAC001,DEP002,2025-02-26,2025-02-27,Routine,1,Family Not Available,Yes
DIS011639,PAT09989,ADM010560,FAC003,DEP005,2025-11-15,2025-11-15,Routine,0,Not Applicable,Yes
DIS011640,PAT05021,ADM004239,FAC001,DEP002,2025-02-13,2025-02-13,Routine,0,Not Applicable,Yes
DIS011641,PAT02381,ADM008345,FAC002,DEP007,2025-11-26,2025-11-26,Routine,0,Not Applicable,Yes
DIS011651,PAT08094,ADM008164,FAC005,DEP007,2025-09-29,2025-09-29,Routine,0,Not Applicable,No
DIS011654,PAT03448,ADM011736,FAC001,DEP004,2026-11-11,2026-11-11,Routine,0,Not Applicable,Yes
DIS011659,PAT08884,ADM007468,FAC005,DEP001,2025-04-29,2025-04-30,Routine,16,Medical Instability,Yes
DIS011661,PAT00274,ADM004576,FAC005,DEP007,2025-05-17,2025-05-19,Routine,29,Awaiting Transport,No
DIS011664,PAT02217,ADM001159,FAC001,DEP003,2025-07-10,2025-07-11,Routine,10,Awaiting Transport,No
DIS011667,PAT03014,ADM014070,FAC005,DEP001,2024-01-02,2024-01-03,Transfer,4,Insurance Clearance Pending,No
DIS011670,PAT01311,ADM001727,FAC005,DEP001,2025-08-31,2025-08-31,Routine,0,Not Applicable,Yes
DIS011671,PAT00971,ADM002965,FAC001,DEP001,2025-01-29,2025-01-29,Routine,0,Not Applicable,Yes
DIS011672,PAT04515,ADM001714,FAC005,DEP006,2025-08-02,2025-08-02,Transfer,0,Not Applicable,Yes
DIS011676,PAT03609,ADM001222,FAC004,DEP005,2025-06-17,2025-06-17,Routine,0,Not Applicable,Yes
DIS011678,PAT00634,ADM003336,FAC001,DEP002,2025-06-04,2025-06-04,Routine,0,Not Applicable,Yes
DIS011685,PAT01167,ADM000514,FAC003,DEP007,2025-03-02,2025-03-03,Transfer,10,Family Not Available,Yes
DIS011687,PAT05332,ADM004688,FAC001,DEP005,2025-06-13,2025-06-14,Routine,1,Awaiting Transport,Yes
DIS011690,PAT10057,ADM011493,FAC002,DEP006,2021-06-16,2021-06-16,Referral,0,Not Applicable,Yes
DIS011697,PAT09981,ADM010234,FAC001,DEP004,2023-09-24,2023-09-25,Routine,9,Medical Instability,No
DIS011699,PAT09388,ADM009340,FAC005,DEP008,2023-12-15,2023-12-15,Routine,0,Not Applicable,Yes
DIS011707,PAT00818,ADM007302,FAC005,DEP005,2025-10-04,2025-10-05,Routine,12,Family Not Available,Yes
DIS011714,PAT08452,ADM010812,FAC005,DEP005,2023-11-14,2023-11-15,Routine,14,Medical Instability,Yes
DIS011716,PAT10310,ADM013717,FAC001,DEP008,2023-12-31,2023-12-31,Routine,0,Not Applicable,Yes
DIS011731,PAT07634,ADM010780,FAC001,DEP001,2021-04-17,2021-04-17,Routine,0,Not Applicable,Yes
DIS011732,PAT04097,ADM002000,FAC001,DEP001,2025-04-01,2025-04-02,Routine,2,Medical Instability,Yes
DIS011740,PAT03308,ADM011525,FAC004,DEP004,2026-07-23,2026-07-23,Routine,0,Not Applicable,No
DIS011751,PAT01384,ADM004030,FAC005,DEP006,2025-02-22,2025-02-23,Routine,19,Medical Instability,Yes
DIS011758,PAT07226,ADM002526,FAC001,DEP001,2025-09-30,2025-10-02,AMA,26,Insurance Clearance Pending,Yes
DIS011763,PAT07696,ADM010015,FAC003,DEP007,2026-07-06,2026-07-07,Routine,18,Medical Instability,No
DIS011772,PAT09202,ADM000304,FAC004,DEP007,2025-06-20,2025-06-20,Routine,0,Not Applicable,Yes
DIS011778,PAT04058,ADM009655,FAC004,DEP002,2025-08-23,2025-08-23,Routine,0,Not Applicable,Yes
DIS011787,PAT08291,ADM000565,FAC003,DEP003,2025-10-19,2025-10-19,Referral,0,Not Applicable,No
DIS011801,PAT13911,ADM009464,FAC003,DEP003,2026-01-30,2026-01-31,Routine,19,Family Not Available,Yes
DIS011802,PAT03270,ADM009467,FAC004,DEP001,2026-12-14,2026-12-14,Routine,0,Not Applicable,Yes
DIS011805,PAT10676,ADM010650,FAC004,DEP001,2023-03-05,2023-03-05,Routine,0,Not Applicable,Yes
DIS011815,PAT08658,ADM009223,FAC002,DEP006,2021-07-15,2021-07-15,Routine,0,Not Applicable,Yes
DIS011816,PAT03188,ADM007938,FAC001,DEP005,2025-01-28,2025-01-29,Routine,8,Insurance Clearance Pending,No
DIS011817,PAT07013,ADM006386,FAC005,DEP001,2025-11-18,2025-11-18,Routine,0,Not Applicable,Yes
DIS011822,PAT06299,ADM002197,FAC001,DEP005,2025-11-18,2025-11-18,Routine,0,Not Applicable,Yes
DIS011824,PAT14891,ADM010505,FAC003,DEP003,2022-11-05,2022-11-05,Routine,0,Not Applicable,Yes
DIS011826,PAT12407,ADM012221,FAC002,DEP005,2021-03-04,2021-03-04,Routine,0,Not Applicable,Yes
DIS011832,PAT01584,ADM003432,FAC005,DEP005,2025-10-26,2025-10-27,Routine,3,Awaiting Transport,No
DIS011839,PAT03503,ADM005075,FAC003,DEP008,2025-10-19,2025-10-19,Routine,0,Not Applicable,Yes
DIS011844,PAT00928,ADM004172,FAC004,DEP001,2025-02-20,2025-02-20,Transfer,0,Not Applicable,Yes
DIS011845,PAT05788,ADM001928,FAC001,DEP008,2025-10-23,2025-10-23,Routine,0,Not Applicable,Yes
DIS011855,PAT08210,ADM003895,FAC004,DEP004,2025-08-02,2025-08-03,Routine,3,Insurance Clearance Pending,No
DIS011862,PAT06265,ADM010682,FAC002,DEP005,2024-01-11,2024-01-12,Transfer,19,Family Not Available,No
DIS011866,PAT03835,ADM012988,FAC001,DEP005,2023-12-10,2023-12-11,Routine,16,Medical Instability,No
DIS011867,PAT01890,ADM013538,FAC002,DEP007,2024-06-11,2024-06-11,Routine,0,Not Applicable,Yes
DIS011883,PAT09080,ADM013746,FAC005,DEP007,2022-08-15,2022-08-15,Routine,0,Not Applicable,No
DIS011886,PAT05744,ADM006003,FAC002,DEP002,2025-10-07,2025-10-07,Routine,0,Not Applicable,Yes
DIS011898,PAT06265,ADM007545,FAC001,DEP005,2025-01-21,2025-01-21,Routine,0,Not Applicable,No
DIS011901,PAT03861,ADM002658,FAC002,DEP007,2025-03-15,2025-03-15,Routine,0,Not Applicable,No
DIS011902,PAT04418,ADM001105,FAC002,DEP007,2025-09-24,2025-09-24,Routine,0,Not Applicable,Yes
DIS011910,PAT07771,ADM013113,FAC005,DEP008,2025-10-02,2025-10-02,Routine,0,Not Applicable,No
DIS011911,PAT07418,ADM010189,FAC002,DEP002,2022-04-25,2022-04-26,Routine,9,Documentation Pending,Yes
DIS011915,PAT09141,ADM014412,FAC003,DEP001,2026-03-16,2026-03-16,Routine,0,Not Applicable,No
DIS011922,PAT06909,ADM011625,FAC005,DEP001,2022-07-24,2022-07-25,Referral,13,Insurance Clearance Pending,Yes
DIS011926,PAT03992,ADM001390,FAC005,DEP008,2025-11-12,2025-11-13,Routine,22,Insurance Clearance Pending,No
DIS011932,PAT02345,ADM003558,FAC003,DEP001,2025-08-13,2025-08-14,Routine,18,Insurance Clearance Pending,No
DIS011933,PAT08391,ADM011068,FAC004,DEP004,2023-09-14,2023-09-14,Routine,0,Not Applicable,Yes
DIS011934,PAT05036,ADM014978,FAC004,DEP005,2023-02-18,2023-02-19,Transfer,11,Documentation Pending,Yes
DIS011944,PAT03685,ADM001072,FAC001,DEP005,2025-04-02,2025-04-02,Routine,0,Not Applicable,Yes
DIS011945,PAT00609,ADM005845,FAC004,DEP002,2025-02-01,2025-02-02,Routine,3,Family Not Available,No
DIS011949,PAT08723,ADM003144,FAC005,DEP008,2025-02-03,2025-02-03,Routine,0,Not Applicable,No
DIS011954,PAT00555,ADM011660,FAC003,DEP003,2023-04-16,2023-04-17,Routine,1,Family Not Available,No
DIS011964,PAT06378,ADM010874,FAC003,DEP003,2024-04-25,2024-04-25,Routine,0,Not Applicable,Yes
DIS011966,PAT13723,ADM008949,FAC003,DEP007,2021-02-03,2021-02-05,Routine,42,Medical Instability,Yes
DIS011977,PAT05501,ADM009482,FAC002,DEP001,2024-05-03,2024-05-03,Routine,0,Not Applicable,Yes
DIS011986,PAT03059,ADM006265,FAC001,DEP002,2025-04-25,2025-04-26,Routine,1,Family Not Available,No
