workload_id,doctor_id,facility_id,department_id,date,appointments_handled,emergency_cases,surgeries_performed,inpatient_rounds,working_hours,overtime_hours,workload_score,utilization_pct
DWL011500,DOC053,FAC005,DEP007,2025-04-02,6,1,0,3,8.8,1.5,13.8,58.9
DWL006476,DOC018,FAC003,DEP007,2024-06-18,6,0,0,5,7.6,0.8,12.4,84.7
DWL013168,DOC054,FAC003,DEP003,2026-11-18,7,1,0,3,8.3,2.1,16.0,98.1
DWL000863,DOC004,FAC004,DEP001,2022-11-19,8,2,0,1,6.8,1.4,16.5,24.2
DWL005971,DOC034,FAC004,DEP001,2026-01-09,6,1,0,5,9.7,1.9,16.0,91.4
DWL006707,DOC041,FAC005,DEP001,2024-05-10,7,1,0,2,11.1,1.3,13.9,80.6
DWL003018,DOC037,FAC002,DEP005,2024-07-09,12,0,0,2,6.7,0.9,17.3,102.9
DWL003782,DOC007,FAC002,DEP002,2023-07-12,3,0,0,3,10.9,1.4,8.1,59.4
DWL003899,DOC041,FAC005,DEP001,2025-08-28,11,1,0,3,6.9,2.5,21.4,83.9
DWL002251,DOC021,FAC001,DEP005,2025-12-10,16,4,1,3,9.0,1.9,36.5,99.0
DWL000543,DOC021,FAC001,DEP005,2021-09-25,11,1,1,3,6.4,0.0,21.6,43.4
DWL004352,DOC031,FAC001,DEP001,2026-09-15,10,1,0,4,9.0,0.7,18.2,92.2
DWL012808,DOC027,FAC002,DEP001,2023-10-06,5,0,0,1,6.3,2.3,10.2,88.8
DWL006632,DOC004,FAC004,DEP001,2026-02-05,6,2,0,4,7.3,2.3,17.8,99.0
DWL006706,DOC020,FAC005,DEP006,2024-09-23,11,0,0,1,7.6,1.4,16.1,55.0
DWL006979,DOC035,FAC005,DEP001,2025-12-14,7,1,0,5,9.6,0.1,14.6,39.2
DWL007400,DOC059,FAC005,DEP006,2026-12-15,9,2,0,3,8.5,1.1,18.8,93.5
DWL011120,DOC053,FAC005,DEP007,2022-01-04,4,0,0,7,7.6,1.4,12.5,103.4
DWL012666,DOC015,FAC005,DEP005,2023-01-29,8,2,0,1,9.4,0.0,14.4,21.6
DWL005305,DOC029,FAC004,DEP007,2023-01-06,11,1,0,7,8.8,1.6,23.2,83.3
DWL002313,DOC014,FAC004,DEP004,2026-07-13,9,0,0,4,8.2,1.6,16.4,96.0
DWL007041,DOC049,FAC003,DEP001,2024-06-20,16,0,1,4,8.1,0.6,27.3,58.4
DWL001890,DOC012,FAC002,DEP005,2021-04-27,8,1,0,6,9.6,1.8,19.1,65.5
DWL008992,DOC007,FAC002,DEP002,2025-10-22,8,1,0,2,7.4,0.1,13.3,62.5
DWL000170,DOC045,FAC004,DEP007,2026-11-17,9,3,1,3,6.8,0.0,23.2,86.2
DWL001796,DOC018,FAC003,DEP007,2025-09-30,6,1,2,0,7.0,0.6,18.1,65.2
DWL003976,DOC041,FAC005,DEP001,2022-11-25,7,3,0,3,10.5,2.0,19.8,51.2
DWL006821,DOC029,FAC004,DEP007,2022-10-28,7,1,0,2,7.9,1.7,14.6,48.0
DWL007827,DOC010,FAC005,DEP003,2022-08-08,3,2,0,1,9.0,1.0,9.9,86.2
DWL011810,DOC048,FAC001,DEP002,2023-04-20,7,1,0,3,8.6,0.0,12.8,73.5
DWL001040,DOC011,FAC001,DEP003,2024-11-05,14,1,0,4,7.4,2.4,25.6,63.1
DWL002849,DOC012,FAC002,DEP005,2025-11-26,8,0,0,6,9.5,0.6,15.3,75.1
DWL003372,DOC055,FAC004,DEP006,2025-01-11,7,1,0,3,7.8,0.1,13.0,36.9
DWL008830,DOC034,FAC004,DEP001,2021-01-11,12,2,1,6,5.9,1.4,29.3,76.8
DWL010350,DOC004,FAC004,DEP001,2021-04-21,8,1,0,4,7.9,1.6,17.2,73.5
DWL008798,DOC011,FAC001,DEP003,2024-03-06,10,0,0,1,9.3,2.1,16.0,55.6
DWL000765,DOC028,FAC003,DEP001,2024-09-12,6,0,0,6,9.5,1.2,13.8,47.1
DWL001594,DOC040,FAC005,DEP003,2026-02-03,9,1,1,5,6.0,0.6,21.7,68.8
DWL014233,DOC015,FAC005,DEP005,2026-09-02,14,1,0,4,5.8,1.0,23.5,75.3
DWL005873,DOC035,FAC005,DEP001,2026-10-27,10,1,0,6,8.5,1.3,20.8,76.5
DWL009941,DOC005,FAC005,DEP001,2022-10-07,7,1,1,7,8.7,1.0,21.5,49.9
DWL005170,DOC053,FAC005,DEP007,2026-09-25,10,0,1,7,7.8,1.7,24.2,73.8
DWL010910,DOC018,FAC003,DEP007,2023-04-29,6,4,0,6,9.1,0.0,20.0,40.8
DWL004123,DOC017,FAC002,DEP006,2024-04-27,7,0,0,5,6.8,0.9,13.8,40.2
DWL012949,DOC058,FAC004,DEP001,2026-04-24,9,2,0,6,8.5,0.7,20.7,73.2
DWL014483,DOC019,FAC004,DEP005,2022-02-16,6,1,0,2,9.2,1.2,12.6,86.5
DWL000150,DOC047,FAC005,DEP006,2024-11-20,9,3,0,4,7.2,1.7,22.5,93.2
DWL011737,DOC053,FAC005,DEP007,2026-05-15,16,3,0,3,8.7,2.5,31.4,77.0
DWL000388,DOC018,FAC003,DEP007,2023-07-08,8,1,1,5,8.2,1.1,21.2,26.1
DWL003947,DOC020,FAC005,DEP006,2025-03-23,5,0,0,0,8.1,0.9,7.3,28.4
DWL013403,DOC010,FAC005,DEP003,2025-02-04,9,0,1,8,8.2,1.0,22.7,70.2
DWL001374,DOC033,FAC003,DEP003,2021-09-17,3,0,0,2,7.5,0.3,5.6,61.7
DWL002885,DOC058,FAC004,DEP001,2026-01-27,12,2,0,2,8.3,2.0,23.0,89.2
DWL014043,DOC009,FAC004,DEP002,2024-08-28,5,0,0,2,8.4,1.5,9.8,87.9
DWL011361,DOC008,FAC003,DEP003,2022-04-27,9,1,0,2,9.2,2.2,17.7,66.1
DWL002992,DOC043,FAC003,DEP008,2024-01-31,13,2,0,4,9.3,2.3,26.2,66.2
DWL011596,DOC059,FAC005,DEP006,2023-05-31,7,1,0,3,8.8,2.5,16.6,78.4
DWL010582,DOC013,FAC003,DEP005,2023-09-25,9,1,1,4,8.0,1.7,22.5,50.6
DWL014868,DOC017,FAC002,DEP006,2024-06-17,11,1,1,0,10.2,0.6,20.1,76.7
DWL014425,DOC021,FAC001,DEP005,2025-01-22,7,2,1,4,7.0,2.2,22.9,94.8
DWL003025,DOC038,FAC003,DEP005,2026-08-03,12,0,1,4,4.6,1.1,23.2,76.9
DWL000252,DOC017,FAC002,DEP006,2026-12-24,9,1,0,3,7.6,2.1,18.4,112.4
DWL012147,DOC051,FAC002,DEP005,2021-09-20,11,2,0,0,6.7,0.1,17.3,58.7
DWL011439,DOC023,FAC003,DEP008,2026-05-24,9,1,1,1,8.2,0.5,18.3,44.1
DWL007093,DOC057,FAC002,DEP001,2024-03-09,7,0,0,4,9.6,1.0,13.1,62.0
DWL000933,DOC013,FAC003,DEP005,2023-06-06,10,3,0,3,10.1,1.1,22.0,31.1
DWL007218,DOC044,FAC002,DEP005,2023-09-05,8,1,0,3,7.5,1.1,15.7,65.6
DWL003685,DOC004,FAC004,DEP001,2024-10-01,4,0,0,7,9.0,1.4,12.5,55.7
DWL008369,DOC017,FAC002,DEP006,2024-12-22,8,0,0,2,9.5,0.0,11.2,20.9
DWL009479,DOC009,FAC004,DEP002,2026-03-31,6,2,0,3,6.1,1.7,16.1,82.5
DWL011725,DOC032,FAC002,DEP002,2026-12-24,4,0,0,3,8.6,0.3,7.7,116.4
DWL007418,DOC045,FAC004,DEP007,2021-02-24,10,0,0,0,10.1,2.6,15.9,39.7
DWL010505,DOC016,FAC001,DEP004,2025-06-29,10,0,0,3,7.2,1.0,15.9,14.8
DWL010516,DOC016,FAC001,DEP004,2024-05-04,7,1,0,1,5.2,2.3,14.7,73.7
DWL013510,DOC016,FAC001,DEP004,2025-02-04,13,1,0,8,9.5,2.6,27.9,80.0
DWL007173,DOC058,FAC004,DEP001,2025-07-02,10,0,0,7,9.0,0.8,18.8,80.0
DWL003329,DOC054,FAC003,DEP003,2023-03-03,8,2,0,5,7.9,0.7,18.7,65.7
DWL005024,DOC023,FAC003,DEP008,2023-12-02,2,1,0,2,10.5,0.6,6.9,25.8
DWL002215,DOC023,FAC003,DEP008,2024-03-07,8,1,1,6,8.6,0.7,21.4,67.3
DWL002217,DOC015,FAC005,DEP005,2025-08-22,9,4,0,3,10.8,1.4,23.3,57.3
DWL014796,DOC050,FAC003,DEP005,2024-04-23,7,0,0,1,6.4,1.3,11.2,65.4
DWL002860,DOC058,FAC004,DEP001,2025-04-08,8,0,0,2,8.0,1.1,12.8,55.4
DWL004025,DOC022,FAC002,DEP007,2024-02-28,9,1,0,3,8.7,2.3,18.6,81.7
DWL002761,DOC029,FAC004,DEP007,2025-02-28,10,0,0,3,9.4,0.9,15.8,92.2
DWL003291,DOC019,FAC004,DEP005,2025-07-05,2,4,0,2,8.4,0.9,13.3,74.2
DWL010044,DOC011,FAC001,DEP003,2024-06-06,8,3,0,5,8.2,1.1,21.2,34.6
DWL002627,DOC004,FAC004,DEP001,2024-04-04,7,0,0,3,9.5,0.0,10.8,96.4
DWL004610,DOC009,FAC004,DEP002,2026-07-23,11,1,0,4,9.5,1.0,19.9,77.7
DWL013284,DOC023,FAC003,DEP008,2023-03-02,11,1,0,5,7.6,0.0,19.2,60.9
DWL012473,DOC007,FAC002,DEP002,2022-01-04,6,1,0,4,5.6,1.2,14.2,73.2
DWL011740,DOC035,FAC005,DEP001,2025-10-31,7,1,0,3,7.0,1.1,14.5,47.3
DWL006662,DOC001,FAC001,DEP001,2024-02-15,8,1,0,2,8.7,0.6,14.1,102.4
DWL013940,DOC033,FAC003,DEP003,2021-06-26,7,0,1,4,7.5,1.6,18.0,42.5
DWL007360,DOC015,FAC005,DEP005,2025-09-09,8,4,0,0,10.5,1.8,20.3,97.7
DWL003205,DOC012,FAC002,DEP005,2024-03-25,11,0,0,2,10.4,1.1,16.4,70.1
DWL011753,DOC039,FAC004,DEP002,2026-03-31,8,0,1,4,8.3,0.6,17.7,103.6
DWL006127,DOC053,FAC005,DEP007,2023-12-13,11,1,0,4,9.8,1.3,20.3,72.8
DWL014630,DOC026,FAC001,DEP008,2026-08-02,6,2,1,5,7.2,0.0,19.2,46.5
DWL002679,DOC052,FAC004,DEP002,2023-03-30,4,3,0,3,12.1,0.2,13.5,69.1
DWL003709,DOC008,FAC003,DEP003,2021-02-07,9,0,0,5,9.5,0.0,14.8,24.5
DWL009988,DOC024,FAC004,DEP006,2024-12-17,8,1,0,6,8.4,1.0,17.9,65.1
DWL002806,DOC023,FAC003,DEP008,2023-10-30,10,1,0,4,6.9,1.7,19.8,41.4
DWL001454,DOC008,FAC003,DEP003,2026-06-22,10,1,0,4,10.4,0.0,17.2,47.1
DWL014422,DOC019,FAC004,DEP005,2026-11-29,7,1,1,5,11.0,0.0,18.4,51.1
DWL010000,DOC020,FAC005,DEP006,2021-04-24,5,4,2,3,7.7,0.9,25.8,14.3
DWL002320,DOC021,FAC001,DEP005,2024-04-17,13,2,0,0,7.8,1.6,22.0,75.6
DWL013883,DOC048,FAC001,DEP002,2024-08-14,8,2,0,6,5.9,1.6,20.8,93.8
DWL012609,DOC024,FAC004,DEP006,2026-04-29,9,1,0,0,8.1,1.5,15.0,93.5
DWL007334,DOC024,FAC004,DEP006,2021-07-04,8,1,0,2,7.9,0.6,14.1,45.2
DWL003652,DOC050,FAC003,DEP005,2023-10-09,8,1,0,2,7.1,0.0,13.2,60.3
DWL002289,DOC038,FAC003,DEP005,2025-07-04,8,4,0,4,9.3,1.7,23.4,83.1
DWL003624,DOC033,FAC003,DEP003,2024-07-02,9,5,0,4,10.0,1.9,26.8,83.2
DWL013619,DOC044,FAC002,DEP005,2022-12-20,8,0,1,3,9.5,0.5,16.8,73.2
DWL004879,DOC022,FAC002,DEP007,2026-09-07,5,2,0,0,10.3,0.4,10.6,76.9
DWL001714,DOC038,FAC003,DEP005,2024-07-02,5,1,2,0,6.5,1.9,18.9,115.5
DWL014506,DOC046,FAC001,DEP001,2024-09-25,12,0,0,5,10.0,2.2,21.7,86.0
DWL003590,DOC041,FAC005,DEP001,2024-02-29,6,1,0,5,9.5,0.8,14.4,81.4
DWL009467,DOC021,FAC001,DEP005,2022-01-18,9,3,0,3,9.8,0.0,19.2,60.2
DWL005156,DOC042,FAC003,DEP003,2022-11-08,8,2,0,3,9.3,0.1,16.1,63.9
DWL012595,DOC040,FAC005,DEP003,2024-11-22,8,1,0,3,7.0,1.2,15.8,65.7
DWL013674,DOC036,FAC001,DEP002,2023-10-05,3,1,0,4,9.7,0.7,9.9,70.5
DWL003670,DOC050,FAC003,DEP005,2021-04-09,6,3,0,0,7.2,1.1,14.8,80.7
DWL014325,DOC001,FAC001,DEP001,2023-12-29,6,0,0,1,6.6,2.2,11.3,50.8
DWL013525,DOC042,FAC003,DEP003,2026-05-10,11,1,0,1,6.5,1.1,17.6,39.3
DWL008385,DOC007,FAC002,DEP002,2025-01-09,11,1,1,3,10.7,2.3,25.1,87.9
DWL014211,DOC008,FAC003,DEP003,2023-09-14,10,0,0,4,7.6,1.4,17.3,71.4
DWL004388,DOC042,FAC003,DEP003,2026-02-01,15,0,0,6,9.2,0.0,22.8,34.9
DWL009124,DOC050,FAC003,DEP005,2024-07-22,12,3,0,4,9.1,1.1,25.2,84.5
DWL007895,DOC015,FAC005,DEP005,2024-11-20,11,3,1,3,10.4,1.4,27.7,64.0
DWL001490,DOC009,FAC004,DEP002,2023-05-28,5,1,0,4,7.6,0.6,12.1,49.2
DWL001607,DOC040,FAC005,DEP003,2021-05-01,1,0,0,7,8.5,0.0,6.8,28.4
DWL008595,DOC040,FAC005,DEP003,2022-02-22,6,2,0,3,6.6,2.0,16.6,32.9
DWL008529,DOC025,FAC005,DEP007,2024-12-16,10,3,0,5,7.8,1.5,24.2,101.2
DWL001403,DOC028,FAC003,DEP001,2021-08-23,11,3,0,0,9.3,1.5,21.4,33.4
DWL009388,DOC043,FAC003,DEP008,2024-08-07,10,2,0,5,6.4,1.8,22.7,70.2
DWL003520,DOC014,FAC004,DEP004,2025-09-12,6,0,0,0,8.4,0.5,7.9,64.2
DWL003298,DOC015,FAC005,DEP005,2024-02-12,7,0,0,7,8.0,1.7,16.6,83.3
DWL001007,DOC004,FAC004,DEP001,2026-08-20,8,4,0,3,7.9,1.9,22.9,107.2
DWL002792,DOC040,FAC005,DEP003,2023-11-05,7,1,0,4,9.6,0.4,14.2,66.9
DWL002705,DOC045,FAC004,DEP007,2022-04-20,9,1,0,4,8.0,0.0,16.0,76.8
DWL005614,DOC028,FAC003,DEP001,2025-11-27,10,2,0,3,10.5,0.8,19.6,73.9
DWL014031,DOC042,FAC003,DEP003,2026-03-27,11,0,0,4,6.7,1.9,19.2,78.7
DWL005684,DOC015,FAC005,DEP005,2026-02-02,11,2,0,4,9.6,1.0,21.9,99.0
DWL012288,DOC031,FAC001,DEP001,2025-06-17,7,1,0,6,9.2,1.8,17.9,84.7
DWL005401,DOC034,FAC004,DEP001,2026-08-24,16,1,0,6,8.2,1.6,28.4,96.1
DWL002358,DOC036,FAC001,DEP002,2023-10-04,10,3,0,2,7.2,1.0,21.1,71.0
DWL014681,DOC015,FAC005,DEP005,2021-07-28,12,2,0,2,12.8,0.3,20.4,60.6
DWL000291,DOC034,FAC004,DEP001,2025-11-04,12,1,0,6,6.8,0.1,21.3,99.1
DWL012535,DOC037,FAC002,DEP005,2022-11-28,10,1,0,1,7.9,1.1,16.4,62.8
DWL005909,DOC053,FAC005,DEP007,2026-11-21,10,1,0,3,5.9,1.1,18.0,63.6
DWL013819,DOC050,FAC003,DEP005,2024-10-22,9,0,0,4,9.0,1.3,15.9,93.5
DWL006595,DOC008,FAC003,DEP003,2022-06-28,13,1,1,5,7.0,2.5,29.4,58.8
DWL000089,DOC040,FAC005,DEP003,2026-09-24,7,1,1,2,7.5,1.6,18.4,78.1
DWL012999,DOC037,FAC002,DEP005,2024-07-05,7,0,1,9,11.6,0.4,20.2,67.1
DWL002233,DOC025,FAC005,DEP007,2024-05-03,14,2,0,2,8.3,1.2,24.2,72.4
DWL008274,DOC036,FAC001,DEP002,2025-07-02,14,1,1,1,6.4,1.5,25.9,75.0
DWL009323,DOC019,FAC004,DEP005,2026-02-17,12,1,0,4,6.0,1.1,21.2,101.6
DWL007965,DOC019,FAC004,DEP005,2023-03-31,7,0,0,2,9.3,1.6,12.4,77.8
DWL009038,DOC013,FAC003,DEP005,2023-08-25,11,0,0,1,6.6,0.0,14.0,78.5
DWL011409,DOC038,FAC003,DEP005,2024-06-04,7,1,1,2,8.8,0.0,16.0,80.8
DWL008392,DOC029,FAC004,DEP007,2025-04-07,12,3,1,2,11.8,0.0,26.0,86.9
DWL011750,DOC014,FAC004,DEP004,2024-07-08,6,0,1,3,5.6,1.4,15.7,93.7
DWL001057,DOC016,FAC001,DEP004,2026-05-06,10,0,1,2,8.6,0.4,18.2,51.3
DWL000904,DOC005,FAC005,DEP001,2023-10-24,7,1,0,4,9.0,0.0,13.6,75.5
DWL014221,DOC050,FAC003,DEP005,2025-10-04,4,1,1,3,9.3,1.4,15.3,61.7
DWL013627,DOC025,FAC005,DEP007,2023-01-20,5,1,0,0,8.0,1.7,10.6,88.6
DWL002040,DOC052,FAC004,DEP002,2023-05-21,6,0,0,5,6.6,1.6,13.6,42.3
DWL001612,DOC040,FAC005,DEP003,2026-12-21,9,1,0,4,9.3,1.7,18.6,80.3
DWL014520,DOC046,FAC001,DEP001,2023-02-13,8,1,0,5,8.2,2.0,18.6,84.8
DWL000737,DOC047,FAC005,DEP006,2024-08-30,15,3,0,4,6.8,1.7,29.8,95.8
DWL005964,DOC044,FAC002,DEP005,2021-01-08,9,2,0,3,12.2,1.2,19.0,42.1
DWL011876,DOC039,FAC004,DEP002,2022-08-11,11,1,0,4,8.5,1.5,20.6,77.4
DWL007309,DOC048,FAC001,DEP002,2025-07-30,12,1,0,5,10.4,1.5,22.6,72.6
DWL009053,DOC052,FAC004,DEP002,2022-05-16,7,0,0,4,8.0,1.2,13.4,71.8
DWL006178,DOC038,FAC003,DEP005,2024-06-05,11,1,0,6,10.9,1.3,21.9,76.0
DWL013556,DOC025,FAC005,DEP007,2021-11-23,10,1,0,5,9.5,1.4,20.1,74.6
DWL002865,DOC038,FAC003,DEP005,2026-03-06,9,1,0,2,9.1,0.8,15.6,90.9
DWL010057,DOC023,FAC003,DEP008,2024-03-06,7,0,0,2,7.9,1.3,11.9,67.9
DWL001419,DOC026,FAC001,DEP008,2022-09-10,9,1,0,5,9.1,0.9,18.1,10.0
DWL005915,DOC029,FAC004,DEP007,2023-11-01,4,3,0,6,9.6,2.9,20.0,78.9
DWL004149,DOC046,FAC001,DEP001,2021-02-10,10,1,0,4,10.6,1.1,18.8,80.7
DWL013110,DOC029,FAC004,DEP007,2026-09-07,9,1,0,6,9.6,1.3,19.6,51.8
DWL013686,DOC033,FAC003,DEP003,2025-10-23,7,2,1,1,12.0,0.0,17.2,87.4
DWL001011,DOC054,FAC003,DEP003,2023-03-03,10,1,0,1,5.7,1.9,17.6,64.0
DWL008635,DOC014,FAC004,DEP004,2026-06-27,11,1,0,2,7.9,0.0,16.8,36.3
DWL007589,DOC001,FAC001,DEP001,2024-05-18,9,0,1,2,8.5,0.9,17.8,64.1
DWL004190,DOC056,FAC003,DEP001,2024-07-23,6,0,0,3,7.6,1.6,12.0,103.0
DWL014954,DOC044,FAC002,DEP005,2026-01-13,9,1,0,2,7.7,1.3,16.3,108.3
DWL010529,DOC023,FAC003,DEP008,2025-11-20,9,1,1,3,11.2,1.8,21.9,87.6
DWL009825,DOC012,FAC002,DEP005,2021-09-06,14,0,0,5,6.5,0.0,20.8,71.8
DWL005146,DOC018,FAC003,DEP007,2024-06-24,13,3,1,3,8.0,1.4,30.1,73.7
DWL008938,DOC057,FAC002,DEP001,2025-10-18,9,1,0,3,7.1,0.7,16.2,44.1
DWL009616,DOC001,FAC001,DEP001,2023-03-24,4,2,0,2,6.7,1.2,12.2,65.7
DWL008701,DOC017,FAC002,DEP006,2025-11-12,6,0,0,6,5.8,1.8,14.7,80.0
DWL003801,DOC047,FAC005,DEP006,2023-03-15,9,1,0,4,7.4,1.7,18.6,65.9
DWL010382,DOC060,FAC005,DEP006,2021-12-12,7,1,1,0,8.5,0.7,15.4,23.8
DWL003746,DOC041,FAC005,DEP001,2021-06-22,7,0,0,5,11.2,1.5,14.7,32.6
DWL009074,DOC035,FAC005,DEP001,2026-06-23,12,2,0,3,6.7,2.4,24.4,98.1
DWL011362,DOC033,FAC003,DEP003,2023-02-20,9,1,1,5,5.4,1.1,22.4,67.9
DWL008049,DOC058,FAC004,DEP001,2024-03-09,5,0,0,5,7.3,0.0,10.0,64.3
DWL001386,DOC022,FAC002,DEP007,2021-07-29,8,0,0,4,9.3,1.4,14.9,72.3
DWL010183,DOC052,FAC004,DEP002,2023-12-21,13,2,0,5,7.3,0.0,23.6,96.6
DWL004873,DOC030,FAC005,DEP008,2024-01-08,14,3,0,0,7.3,0.0,22.8,116.1
DWL000736,DOC060,FAC005,DEP006,2021-07-09,10,1,0,0,9.4,0.3,14.4,67.6
DWL005713,DOC002,FAC002,DEP001,2022-12-27,12,0,0,3,6.1,1.7,19.3,68.3
DWL005423,DOC039,FAC004,DEP002,2023-11-10,9,0,0,5,8.8,0.9,16.1,61.9
DWL004013,DOC048,FAC001,DEP002,2024-03-18,11,1,0,0,9.3,1.4,17.3,104.1
DWL002859,DOC010,FAC005,DEP003,2021-09-25,4,0,0,0,8.2,0.0,4.8,56.2
DWL009897,DOC035,FAC005,DEP001,2021-05-18,10,0,0,1,8.5,0.7,13.9,61.9
DWL004537,DOC007,FAC002,DEP002,2026-03-06,9,2,0,7,8.2,1.4,22.5,75.5
DWL004581,DOC012,FAC002,DEP005,2021-10-24,5,0,0,6,8.2,1.2,12.6,11.7
DWL007656,DOC056,FAC003,DEP001,2022-06-07,9,0,0,2,7.5,0.4,13.0,62.6
DWL005999,DOC004,FAC004,DEP001,2023-07-11,11,1,0,3,10.2,1.6,20.0,55.3
DWL000885,DOC039,FAC004,DEP002,2021-01-15,4,0,2,4,9.0,0.7,17.1,77.9
DWL009027,DOC028,FAC003,DEP001,2021-02-10,3,0,0,3,8.4,0.8,7.2,60.9
DWL003234,DOC012,FAC002,DEP005,2022-06-01,9,1,0,4,9.2,0.9,17.4,76.0
DWL005602,DOC026,FAC001,DEP008,2024-08-13,13,1,0,1,11.0,1.5,20.7,83.9
DWL002418,DOC016,FAC001,DEP004,2025-06-17,15,0,2,5,9.8,1.2,31.8,72.5
DWL005359,DOC022,FAC002,DEP007,2023-07-25,10,1,1,2,8.8,1.0,21.1,43.0
DWL011010,DOC023,FAC003,DEP008,2024-01-04,3,2,1,6,8.4,1.5,18.6,83.9
DWL004949,DOC030,FAC005,DEP008,2023-05-11,8,1,1,3,10.4,0.9,19.4,47.2
DWL005934,DOC014,FAC004,DEP004,2024-04-24,8,1,2,6,9.0,1.3,26.4,81.3
DWL002920,DOC038,FAC003,DEP005,2026-06-19,9,6,1,1,6.9,0.6,28.5,77.2
DWL010839,DOC028,FAC003,DEP001,2023-01-05,13,2,1,4,8.5,1.2,28.6,78.2
DWL005599,DOC023,FAC003,DEP008,2024-02-03,9,1,0,6,8.6,0.8,18.8,40.5
DWL003699,DOC026,FAC001,DEP008,2025-03-15,9,1,0,1,8.4,0.1,13.8,75.0
DWL012168,DOC024,FAC004,DEP006,2022-04-26,12,1,2,5,10.3,2.6,32.3,71.7
DWL009956,DOC055,FAC004,DEP006,2022-01-25,6,1,0,5,9.7,0.7,14.2,81.6
DWL014085,DOC044,FAC002,DEP005,2022-12-30,8,4,0,7,7.4,0.0,23.2,99.4
DWL006881,DOC011,FAC001,DEP003,2026-01-23,12,1,0,0,6.8,1.8,19.1,99.9
DWL009159,DOC036,FAC001,DEP002,2021-07-13,14,0,0,6,7.1,0.0,21.6,81.2
DWL010217,DOC042,FAC003,DEP003,2022-02-05,5,3,0,5,6.0,0.0,16.0,50.1
DWL004402,DOC051,FAC002,DEP005,2024-03-09,12,0,0,2,9.2,1.5,18.2,46.4
DWL010805,DOC007,FAC002,DEP002,2025-02-06,8,1,0,5,12.6,1.7,18.1,107.7
DWL005932,DOC006,FAC001,DEP002,2022-07-27,11,1,0,3,9.4,0.7,18.7,51.7
DWL001523,DOC003,FAC003,DEP001,2026-09-05,6,2,1,0,8.1,0.7,16.2,53.7
DWL011307,DOC004,FAC004,DEP001,2026-07-03,8,0,0,5,7.8,1.9,16.4,66.6
DWL002563,DOC013,FAC003,DEP005,2022-07-27,7,1,0,5,9.3,0.6,15.3,76.0
DWL002129,DOC019,FAC004,DEP005,2024-11-21,10,3,0,0,7.5,0.0,18.0,71.3
DWL001087,DOC042,FAC003,DEP003,2023-12-03,7,0,0,3,10.0,1.3,12.8,51.9
DWL001963,DOC037,FAC002,DEP005,2024-11-14,4,1,0,2,7.6,0.1,8.6,29.2
DWL005621,DOC049,FAC003,DEP001,2022-07-12,10,0,0,1,8.0,2.8,17.0,79.5
DWL014991,DOC025,FAC005,DEP007,2023-06-09,11,1,0,4,10.5,0.9,19.8,60.5
DWL012838,DOC001,FAC001,DEP001,2025-06-30,13,0,1,6,9.0,0.4,25.0,59.3
DWL003066,DOC015,FAC005,DEP005,2026-10-21,14,1,1,7,6.2,0.6,29.3,77.0
DWL012723,DOC014,FAC004,DEP004,2022-08-30,13,2,1,7,10.5,1.5,31.5,45.4
DWL013287,DOC041,FAC005,DEP001,2021-07-02,10,2,1,4,10.0,0.9,24.6,79.1
DWL003616,DOC030,FAC005,DEP008,2026-02-10,5,1,0,4,8.9,0.5,11.9,87.8
DWL011374,DOC017,FAC002,DEP006,2026-11-11,10,2,0,3,8.1,0.0,18.4,97.6
DWL012364,DOC015,FAC005,DEP005,2024-05-15,5,0,0,6,10.0,1.0,12.3,75.2
DWL008291,DOC019,FAC004,DEP005,2022-07-22,9,2,1,4,5.2,1.9,24.8,43.0
DWL009069,DOC050,FAC003,DEP005,2025-03-03,12,0,0,5,7.7,0.9,19.8,53.4
DWL001347,DOC010,FAC005,DEP003,2021-02-12,5,2,0,7,6.5,0.4,16.2,50.5
DWL008770,DOC035,FAC005,DEP001,2026-04-07,9,1,1,5,7.0,1.6,23.2,92.4
DWL011194,DOC008,FAC003,DEP003,2025-10-10,8,0,0,5,8.5,1.2,15.4,97.8
DWL003571,DOC045,FAC004,DEP007,2025-10-17,4,3,0,5,8.6,0.0,14.8,88.4
DWL001122,DOC055,FAC004,DEP006,2026-11-10,9,1,0,4,11.8,2.6,19.9,90.7
DWL001534,DOC051,FAC002,DEP005,2026-03-12,15,1,0,5,7.0,1.6,26.4,85.1
DWL002944,DOC028,FAC003,DEP001,2026-02-08,8,0,0,4,11.4,0.9,14.2,63.4
DWL011829,DOC058,FAC004,DEP001,2025-10-04,10,1,0,3,7.8,1.0,17.9,95.5
DWL009361,DOC034,FAC004,DEP001,2021-09-17,10,1,0,2,8.6,1.4,17.7,71.7
DWL007013,DOC038,FAC003,DEP005,2023-04-28,5,1,0,6,8.4,1.5,15.1,67.2
DWL006889,DOC005,FAC005,DEP001,2022-03-18,13,1,0,4,8.3,0.0,20.8,34.4
DWL011337,DOC026,FAC001,DEP008,2025-06-06,12,3,1,2,9.8,2.0,29.0,99.5
DWL012465,DOC055,FAC004,DEP006,2022-04-23,7,0,1,1,8.2,0.4,13.8,40.6
DWL014943,DOC051,FAC002,DEP005,2024-10-16,11,0,1,7,8.5,0.1,22.9,53.6
DWL004246,DOC004,FAC004,DEP001,2026-09-23,9,2,0,4,7.9,0.1,18.1,87.1
DWL001633,DOC037,FAC002,DEP005,2025-08-26,13,3,0,7,8.3,2.6,31.1,105.9
DWL004063,DOC010,FAC005,DEP003,2025-09-15,9,0,0,2,10.4,0.0,12.4,50.3
DWL009376,DOC002,FAC002,DEP001,2024-12-08,4,1,0,4,10.5,0.1,10.2,52.5
DWL013010,DOC017,FAC002,DEP006,2025-10-26,8,0,2,1,8.2,0.0,18.4,29.8
DWL011888,DOC044,FAC002,DEP005,2025-03-31,11,4,0,2,10.3,1.5,25.1,41.3
DWL012460,DOC047,FAC005,DEP006,2022-11-17,9,1,0,8,8.0,0.8,20.4,81.2
DWL005768,DOC050,FAC003,DEP005,2021-03-27,13,1,0,4,8.5,0.0,20.8,65.1
DWL003015,DOC010,FAC005,DEP003,2025-03-21,9,3,0,2,10.0,0.0,18.4,93.7
DWL010472,DOC026,FAC001,DEP008,2025-05-08,9,1,0,5,7.8,1.9,19.6,76.8
DWL003729,DOC003,FAC003,DEP001,2026-02-13,6,2,0,4,10.1,1.6,16.8,78.1
DWL013318,DOC017,FAC002,DEP006,2024-07-04,9,1,1,0,8.0,0.9,18.1,105.9
DWL003853,DOC023,FAC003,DEP008,2025-02-05,12,1,2,2,9.3,2.3,29.4,90.3
DWL006162,DOC053,FAC005,DEP007,2026-12-16,7,0,1,0,8.4,1.7,14.9,67.9
DWL000100,DOC035,FAC005,DEP001,2022-08-15,7,0,0,2,8.3,0.8,11.2,29.7
DWL012062,DOC012,FAC002,DEP005,2026-09-19,3,3,1,6,8.8,1.3,20.3,59.8
DWL008123,DOC006,FAC001,DEP002,2026-08-12,16,1,0,3,8.4,1.6,26.0,111.5
DWL014316,DOC054,FAC003,DEP003,2021-09-18,9,0,0,4,9.1,0.4,14.6,31.7
DWL011821,DOC039,FAC004,DEP002,2026-05-29,11,1,1,4,8.9,0.8,23.6,104.1
DWL008374,DOC017,FAC002,DEP006,2022-08-20,8,2,0,3,9.4,1.1,17.6,30.0
DWL001036,DOC059,FAC005,DEP006,2024-02-03,5,0,0,3,10.2,0.7,9.4,38.4
DWL014618,DOC038,FAC003,DEP005,2025-06-30,5,1,1,1,10.7,0.0,12.8,85.7
DWL001745,DOC038,FAC003,DEP005,2025-02-02,13,1,0,4,8.5,0.6,21.7,52.1
DWL004897,DOC024,FAC004,DEP006,2024-01-08,10,3,1,5,5.7,1.8,28.7,82.6
DWL010476,DOC027,FAC002,DEP001,2021-06-14,15,2,0,4,8.0,0.6,26.1,47.1
DWL004011,DOC018,FAC003,DEP007,2022-01-27,10,1,0,5,8.6,0.2,18.3,92.6
DWL003920,DOC019,FAC004,DEP005,2026-09-20,8,0,0,3,9.1,1.8,14.7,46.3
DWL001587,DOC023,FAC003,DEP008,2025-05-29,6,0,0,5,9.7,1.3,13.1,72.4
DWL008901,DOC003,FAC003,DEP001,2022-08-26,12,1,1,4,9.4,1.6,26.0,62.7
DWL004666,DOC039,FAC004,DEP002,2025-09-20,9,1,1,4,8.4,1.8,22.7,55.4
DWL009605,DOC053,FAC005,DEP007,2024-06-02,8,3,1,5,8.8,0.3,24.1,28.2
DWL006551,DOC028,FAC003,DEP001,2022-10-14,10,0,0,1,9.8,1.9,15.7,60.0
DWL000287,DOC036,FAC001,DEP002,2024-05-11,12,0,0,5,11.7,0.0,18.4,42.2
DWL013776,DOC019,FAC004,DEP005,2024-07-02,10,3,0,5,7.7,1.1,23.6,95.0
DWL013464,DOC025,FAC005,DEP007,2026-06-23,5,5,1,1,6.1,1.2,22.6,88.5
DWL014750,DOC031,FAC001,DEP001,2024-11-02,7,0,1,2,8.1,0.2,14.3,38.0
DWL010950,DOC002,FAC002,DEP001,2021-12-24,12,2,0,3,9.3,0.7,21.8,79.7
DWL013325,DOC042,FAC003,DEP003,2025-10-03,6,2,0,6,8.7,1.0,17.5,76.7
DWL014439,DOC051,FAC002,DEP005,2026-11-06,10,1,0,7,8.4,0.0,19.6,91.2
DWL001624,DOC030,FAC005,DEP008,2024-08-13,14,1,0,5,9.0,0.4,23.4,71.0
DWL013414,DOC055,FAC004,DEP006,2025-03-21,8,4,1,3,8.0,1.2,25.8,61.0
DWL000352,DOC012,FAC002,DEP005,2026-06-04,9,0,0,9,9.8,1.0,19.5,71.8
DWL014354,DOC036,FAC001,DEP002,2026-05-03,4,0,0,1,8.3,1.8,8.3,39.8
DWL003617,DOC027,FAC002,DEP001,2022-05-08,6,1,0,3,8.6,0.4,12.2,20.7
DWL000567,DOC025,FAC005,DEP007,2021-12-12,6,3,0,1,7.9,0.4,14.6,10.0
DWL000915,DOC023,FAC003,DEP008,2026-12-04,4,2,1,3,6.9,0.0,15.2,71.7
DWL004550,DOC038,FAC003,DEP005,2024-07-08,11,3,0,6,7.1,1.2,25.8,72.1
DWL005782,DOC049,FAC003,DEP001,2025-07-04,8,1,1,2,9.1,0.9,18.6,70.5
DWL002958,DOC021,FAC001,DEP005,2026-03-04,15,2,0,5,8.5,1.3,27.9,63.9
DWL009225,DOC040,FAC005,DEP003,2026-10-04,7,1,1,1,11.4,0.0,15.2,54.2
DWL007835,DOC011,FAC001,DEP003,2023-11-28,4,1,1,2,7.2,0.1,12.6,70.5
DWL011002,DOC033,FAC003,DEP003,2025-07-15,6,0,0,4,7.9,0.0,10.4,103.2
DWL013959,DOC053,FAC005,DEP007,2025-01-09,8,0,0,4,5.8,0.5,13.6,85.7
DWL007744,DOC059,FAC005,DEP006,2023-05-10,3,1,0,4,8.2,0.8,10.0,67.5
DWL001580,DOC030,FAC005,DEP008,2023-02-09,12,2,0,3,8.0,0.0,20.8,78.1
DWL013888,DOC050,FAC003,DEP005,2025-10-11,8,0,1,4,8.2,0.9,18.2,37.5
DWL001399,DOC013,FAC003,DEP005,2023-12-02,4,3,0,0,7.6,1.1,12.5,31.2
DWL001531,DOC017,FAC002,DEP006,2026-07-03,10,0,0,4,10.6,1.5,17.4,102.9
DWL013881,DOC058,FAC004,DEP001,2024-05-29,8,0,0,0,9.0,1.2,11.4,69.3
DWL007794,DOC059,FAC005,DEP006,2021-07-01,14,1,0,2,10.0,1.3,22.4,65.2
DWL005351,DOC002,FAC002,DEP001,2022-02-06,8,1,0,4,9.2,0.0,14.8,10.0
DWL001625,DOC012,FAC002,DEP005,2024-10-31,8,0,0,2,9.5,1.2,13.0,73.1
DWL002526,DOC057,FAC002,DEP001,2026-09-30,5,2,1,7,9.1,0.8,20.8,93.2
DWL002228,DOC022,FAC002,DEP007,2025-10-11,13,1,0,8,7.4,1.7,26.6,53.0
DWL000488,DOC056,FAC003,DEP001,2024-04-23,10,4,0,5,8.7,1.5,26.2,83.8
DWL003290,DOC039,FAC004,DEP002,2024-02-24,8,2,0,4,9.7,1.2,18.6,51.4
DWL012693,DOC028,FAC003,DEP001,2026-05-11,13,3,1,4,8.7,1.5,31.1,92.5
DWL000380,DOC040,FAC005,DEP003,2021-04-29,8,0,0,4,10.1,0.9,14.2,63.2
DWL011276,DOC016,FAC001,DEP004,2021-03-29,9,2,1,6,8.2,1.0,25.1,88.9
DWL002969,DOC009,FAC004,DEP002,2023-09-16,7,0,0,3,9.0,0.5,11.6,66.8
DWL005041,DOC052,FAC004,DEP002,2021-11-08,8,0,0,2,9.7,0.0,11.2,64.3
DWL014594,DOC008,FAC003,DEP003,2025-02-14,9,0,0,6,7.3,0.8,16.8,84.4
DWL007306,DOC037,FAC002,DEP005,2022-04-29,9,1,0,3,8.7,1.2,17.0,99.4
DWL000358,DOC059,FAC005,DEP006,2022-01-27,13,0,2,1,9.0,1.8,27.1,55.5
DWL010158,DOC011,FAC001,DEP003,2021-02-17,8,0,1,4,10.7,1.6,19.2,33.0
DWL008300,DOC011,FAC001,DEP003,2025-08-11,14,1,0,4,8.7,0.8,23.2,123.3
DWL010876,DOC024,FAC004,DEP006,2024-10-09,5,0,0,4,9.2,0.0,9.2,103.0
DWL000048,DOC002,FAC002,DEP001,2024-09-11,11,3,0,2,6.2,0.0,20.8,61.9
DWL006313,DOC001,FAC001,DEP001,2026-02-27,12,1,0,2,11.5,0.1,18.1,95.3
DWL011657,DOC044,FAC002,DEP005,2026-11-10,7,1,0,5,9.6,1.4,16.5,69.2
DWL013568,DOC019,FAC004,DEP005,2023-05-18,10,0,0,4,10.2,2.2,18.5,56.0
DWL000709,DOC010,FAC005,DEP003,2021-07-14,10,1,1,0,9.4,2.1,21.1,49.7
DWL006299,DOC046,FAC001,DEP001,2025-12-10,12,1,1,8,6.7,1.2,28.6,81.9
DWL003955,DOC046,FAC001,DEP001,2021-03-19,8,1,1,5,9.6,1.3,21.6,39.3
DWL000837,DOC038,FAC003,DEP005,2023-10-28,4,0,0,4,5.3,1.0,9.5,54.1
DWL011545,DOC017,FAC002,DEP006,2025-11-16,5,0,0,3,11.2,0.3,8.8,81.1
DWL002343,DOC052,FAC004,DEP002,2021-06-07,14,0,0,3,8.6,1.1,20.9,24.7
DWL005730,DOC025,FAC005,DEP007,2023-06-08,7,0,0,3,8.6,0.6,11.7,65.8
DWL012131,DOC036,FAC001,DEP002,2025-12-30,9,1,0,4,5.5,0.4,16.6,93.5
DWL012437,DOC016,FAC001,DEP004,2026-04-23,11,2,0,6,10.4,1.5,24.2,79.1
DWL007542,DOC029,FAC004,DEP007,2025-08-29,9,0,0,3,6.9,2.5,16.9,87.2
DWL007404,DOC026,FAC001,DEP008,2022-02-18,6,1,0,2,9.4,0.0,10.8,85.3
DWL006339,DOC052,FAC004,DEP002,2023-05-29,14,0,0,6,8.9,2.8,25.8,67.3
DWL004961,DOC044,FAC002,DEP005,2026-05-11,9,4,0,4,10.0,1.4,24.1,77.4
DWL012361,DOC031,FAC001,DEP001,2024-06-23,9,1,0,8,9.6,0.9,20.6,34.5
DWL013620,DOC040,FAC005,DEP003,2025-05-16,10,1,0,3,8.8,2.1,19.5,67.8
DWL014571,DOC022,FAC002,DEP007,2025-07-08,11,2,0,2,9.0,0.8,20.0,105.7
DWL010369,DOC014,FAC004,DEP004,2025-11-19,6,4,0,1,10.0,1.5,18.2,79.8
DWL012588,DOC014,FAC004,DEP004,2026-03-17,9,2,0,0,6.7,0.8,16.0,103.8
DWL004392,DOC043,FAC003,DEP008,2024-06-28,7,0,0,2,7.3,1.6,12.4,94.5
DWL008133,DOC038,FAC003,DEP005,2022-10-13,9,2,0,4,8.0,2.1,21.1,57.3
DWL013437,DOC017,FAC002,DEP006,2024-12-20,6,1,0,4,5.7,1.3,14.3,97.8
DWL004901,DOC059,FAC005,DEP006,2025-03-21,8,0,1,0,6.3,1.1,15.2,84.6
DWL008608,DOC026,FAC001,DEP008,2025-12-16,13,0,0,3,7.0,0.8,19.2,96.1
DWL006082,DOC031,FAC001,DEP001,2022-11-09,11,0,0,2,8.9,0.7,15.8,29.7
DWL007014,DOC012,FAC002,DEP005,2026-09-25,15,1,0,6,7.4,1.3,26.8,67.6
DWL004059,DOC020,FAC005,DEP006,2026-01-17,5,1,0,1,5.1,2.5,12.6,97.4
DWL006770,DOC046,FAC001,DEP001,2021-09-15,4,1,0,8,8.5,1.8,15.9,54.3
DWL004922,DOC037,FAC002,DEP005,2021-08-07,12,0,1,2,7.6,0.1,20.1,33.4
DWL010991,DOC009,FAC004,DEP002,2022-03-21,7,0,0,0,7.0,1.1,10.1,59.8
DWL011493,DOC037,FAC002,DEP005,2026-10-26,6,3,1,6,7.7,3.1,26.6,99.4
DWL008684,DOC037,FAC002,DEP005,2024-12-17,14,1,0,3,8.7,1.5,23.5,67.4
DWL004316,DOC003,FAC003,DEP001,2026-02-12,6,3,0,5,9.2,0.1,17.3,72.4
DWL004744,DOC015,FAC005,DEP005,2022-02-02,8,2,0,3,7.1,1.3,17.9,76.4
DWL013930,DOC040,FAC005,DEP003,2023-01-04,9,2,0,4,12.1,1.2,19.8,84.6
DWL003839,DOC013,FAC003,DEP005,2025-04-11,10,0,0,1,9.9,2.5,16.6,71.6
DWL001255,DOC040,FAC005,DEP003,2023-05-23,7,1,0,1,9.5,1.4,13.3,74.3
DWL004756,DOC046,FAC001,DEP001,2025-10-08,3,0,0,5,7.9,1.0,9.1,50.6
DWL001476,DOC004,FAC004,DEP001,2025-07-23,6,2,2,1,7.0,0.3,20.4,64.6
DWL014383,DOC050,FAC003,DEP005,2023-02-02,8,0,0,4,7.9,0.8,14.0,78.1
DWL012315,DOC003,FAC003,DEP001,2023-05-24,6,2,0,1,8.7,1.7,14.6,82.1
DWL013925,DOC013,FAC003,DEP005,2025-07-14,13,6,1,3,7.2,1.5,36.2,78.7
DWL004867,DOC035,FAC005,DEP001,2023-09-06,6,4,0,3,6.4,0.9,19.0,87.2
DWL011157,DOC053,FAC005,DEP007,2022-06-21,12,1,0,2,9.1,0.8,19.2,47.7
DWL014343,DOC022,FAC002,DEP007,2022-08-07,6,3,0,4,8.0,0.7,17.4,36.4
DWL011095,DOC011,FAC001,DEP003,2025-06-02,10,1,0,5,9.7,1.7,20.6,91.9
DWL003939,DOC042,FAC003,DEP003,2025-07-16,6,0,1,4,7.7,0.8,15.6,89.3
DWL010664,DOC036,FAC001,DEP002,2025-05-29,8,2,2,4,10.0,1.2,26.6,64.1
DWL000305,DOC004,FAC004,DEP001,2025-02-18,6,2,0,8,8.7,2.1,20.8,87.9
DWL002324,DOC028,FAC003,DEP001,2025-10-11,10,0,1,6,6.7,1.5,23.1,26.5
DWL008994,DOC046,FAC001,DEP001,2025-07-12,8,0,0,4,9.0,1.4,14.9,64.2
DWL010916,DOC024,FAC004,DEP006,2021-11-16,7,1,1,2,6.3,1.7,18.6,74.0
DWL014413,DOC028,FAC003,DEP001,2021-07-13,12,0,1,2,8.4,0.8,21.2,73.0
DWL006487,DOC008,FAC003,DEP003,2024-05-18,14,1,0,4,8.5,1.9,24.9,22.6
DWL014473,DOC060,FAC005,DEP006,2025-03-19,6,1,0,3,7.8,2.3,15.0,65.8
DWL013218,DOC029,FAC004,DEP007,2026-12-24,8,0,0,1,8.4,1.7,12.9,80.9
DWL011793,DOC007,FAC002,DEP002,2024-05-02,10,0,0,3,7.9,1.0,15.9,69.6
DWL006260,DOC007,FAC002,DEP002,2023-11-30,1,1,2,4,10.5,0.8,15.6,57.6
DWL001740,DOC025,FAC005,DEP007,2021-01-04,10,1,0,4,8.1,1.4,19.3,77.9
DWL013157,DOC054,FAC003,DEP003,2026-11-09,9,1,0,5,7.6,2.3,20.2,112.5
DWL012670,DOC059,FAC005,DEP006,2021-07-18,6,2,0,4,8.0,1.8,17.1,14.4
DWL006581,DOC014,FAC004,DEP004,2021-06-21,10,1,1,5,7.2,1.3,23.9,34.7
DWL013994,DOC015,FAC005,DEP005,2024-01-14,10,2,0,3,8.2,0.3,18.8,30.7
DWL003275,DOC026,FAC001,DEP008,2025-12-21,2,1,0,8,8.8,0.0,10.8,46.3
DWL010846,DOC053,FAC005,DEP007,2025-11-30,8,0,0,7,9.7,0.0,15.2,38.1
DWL002168,DOC021,FAC001,DEP005,2026-09-06,10,3,0,2,9.9,0.0,19.6,47.0
DWL001394,DOC006,FAC001,DEP002,2025-09-27,11,1,1,4,9.5,1.2,24.2,50.0
DWL005525,DOC057,FAC002,DEP001,2021-04-05,10,1,1,1,6.5,1.7,21.4,66.2
DWL002544,DOC016,FAC001,DEP004,2024-06-13,13,2,1,3,7.2,2.1,29.1,73.4
DWL012802,DOC038,FAC003,DEP005,2025-01-21,12,0,0,1,6.9,0.0,15.2,79.1
DWL007521,DOC001,FAC001,DEP001,2021-09-26,6,0,0,2,11.8,0.0,8.8,16.0
DWL006007,DOC058,FAC004,DEP001,2022-09-22,8,0,0,4,8.4,0.9,14.2,48.7
DWL001271,DOC049,FAC003,DEP001,2026-07-06,13,1,1,5,7.4,0.0,25.6,98.4
DWL002141,DOC054,FAC003,DEP003,2023-01-21,7,1,0,3,10.1,0.9,14.2,53.4
DWL013550,DOC017,FAC002,DEP006,2023-06-07,9,0,0,2,7.5,0.9,13.7,61.0
DWL006804,DOC040,FAC005,DEP003,2025-10-21,12,2,1,6,5.8,2.0,30.2,80.9
DWL013562,DOC017,FAC002,DEP006,2023-09-15,6,1,0,1,7.0,2.0,13.0,75.5
DWL006265,DOC033,FAC003,DEP003,2023-02-16,13,2,0,4,8.4,0.0,22.8,65.5
DWL014712,DOC055,FAC004,DEP006,2024-10-06,10,1,0,2,8.8,0.1,15.8,28.3
DWL006787,DOC010,FAC005,DEP003,2025-12-29,5,2,0,5,7.7,1.4,16.1,86.7
DWL009943,DOC023,FAC003,DEP008,2023-02-06,8,2,0,4,7.8,1.4,18.9,86.7
DWL006905,DOC048,FAC001,DEP002,2024-01-02,10,2,0,5,11.2,1.7,22.6,77.0
DWL011710,DOC029,FAC004,DEP007,2022-02-22,8,0,0,3,5.7,0.2,12.3,71.0
DWL011275,DOC053,FAC005,DEP007,2024-09-26,6,0,0,2,7.4,0.9,10.1,82.5
DWL008935,DOC050,FAC003,DEP005,2024-06-14,3,0,0,4,6.3,1.5,9.1,58.8
DWL014785,DOC014,FAC004,DEP004,2026-03-30,6,1,0,2,8.4,0.7,11.8,94.9
DWL008599,DOC010,FAC005,DEP003,2025-03-09,8,1,1,6,7.7,0.3,20.8,32.9
DWL014469,DOC034,FAC004,DEP001,2021-10-14,9,2,0,2,11.6,0.8,17.6,74.6
DWL007945,DOC058,FAC004,DEP001,2024-12-31,9,2,0,2,7.4,0.8,17.6,84.1
DWL002391,DOC046,FAC001,DEP001,2025-05-28,11,5,0,3,7.6,1.7,28.2,90.7
DWL009484,DOC049,FAC003,DEP001,2021-07-23,6,0,2,2,9.9,1.8,19.5,38.1
DWL007064,DOC013,FAC003,DEP005,2021-06-21,11,1,0,6,8.2,0.4,20.6,85.1
DWL009560,DOC030,FAC005,DEP008,2022-08-08,8,2,0,3,9.0,0.8,17.2,85.9
DWL013919,DOC037,FAC002,DEP005,2026-11-26,11,1,1,5,5.6,2.1,26.4,102.8
DWL009932,DOC016,FAC001,DEP004,2025-12-29,7,1,0,2,8.0,1.5,14.2,86.6
DWL007043,DOC058,FAC004,DEP001,2026-08-25,12,2,1,3,7.3,1.0,26.3,112.4
DWL012521,DOC031,FAC001,DEP001,2026-03-17,7,1,0,0,8.8,0.8,11.6,91.0
DWL012405,DOC004,FAC004,DEP001,2022-01-03,5,1,0,1,6.3,0.5,9.6,66.3
DWL008216,DOC025,FAC005,DEP007,2025-12-18,10,1,0,4,8.8,0.0,17.2,76.5
DWL006052,DOC040,FAC005,DEP003,2024-07-06,6,1,1,2,8.1,0.6,15.7,81.1
DWL006978,DOC059,FAC005,DEP006,2025-12-26,8,2,0,4,7.8,0.9,18.2,82.3
DWL013302,DOC018,FAC003,DEP007,2023-04-24,4,4,0,5,8.0,0.0,16.8,106.3
DWL006271,DOC036,FAC001,DEP002,2026-08-27,12,1,0,3,6.3,1.0,20.3,76.6
DWL007454,DOC022,FAC002,DEP007,2022-09-24,10,1,0,1,9.5,0.6,15.7,54.2
DWL007272,DOC010,FAC005,DEP003,2026-10-30,15,1,0,5,10.9,2.2,27.3,97.1
DWL012369,DOC057,FAC002,DEP001,2022-12-18,9,0,1,1,7.6,0.0,15.6,10.0
DWL004124,DOC002,FAC002,DEP001,2024-10-18,5,1,0,2,8.0,1.1,11.2,75.9
DWL001140,DOC054,FAC003,DEP003,2023-03-11,6,1,0,2,6.8,1.0,12.3,52.4
DWL005293,DOC043,FAC003,DEP008,2021-07-16,5,1,0,5,8.0,1.2,13.8,58.1
DWL007748,DOC045,FAC004,DEP007,2025-01-08,9,4,0,4,10.4,1.7,24.5,83.6
DWL012715,DOC043,FAC003,DEP008,2026-10-19,10,2,0,4,8.9,1.9,22.0,87.5
DWL010264,DOC052,FAC004,DEP002,2025-07-28,15,6,0,3,11.0,1.6,34.8,113.9
DWL011274,DOC006,FAC001,DEP002,2024-12-30,5,2,0,2,7.2,1.6,14.0,89.0
DWL005529,DOC023,FAC003,DEP008,2026-12-29,13,0,0,0,5.4,3.0,20.1,97.8
DWL000829,DOC053,FAC005,DEP007,2026-01-21,9,2,1,6,10.0,2.3,27.0,80.3
DWL014683,DOC031,FAC001,DEP001,2026-04-23,10,2,1,4,7.9,2.1,26.4,102.3
DWL003754,DOC015,FAC005,DEP005,2025-01-10,10,2,0,6,8.4,3.5,26.1,77.1
DWL007641,DOC058,FAC004,DEP001,2022-09-30,3,1,0,1,7.1,1.9,9.2,51.7
DWL012037,DOC036,FAC001,DEP002,2022-03-26,4,0,0,3,7.2,0.0,7.2,39.2
DWL012215,DOC028,FAC003,DEP001,2022-03-02,9,2,0,1,9.2,1.8,18.3,67.0
DWL001262,DOC036,FAC001,DEP002,2021-11-18,1,0,0,4,6.9,0.2,4.7,42.8
DWL004442,DOC008,FAC003,DEP003,2025-11-26,11,0,1,1,9.2,0.7,19.1,63.9
DWL008582,DOC041,FAC005,DEP001,2026-11-02,7,0,0,1,10.2,1.3,11.2,60.6
DWL007248,DOC015,FAC005,DEP005,2021-09-11,5,1,0,5,8.4,1.0,13.5,31.3
DWL011624,DOC040,FAC005,DEP003,2025-07-12,5,1,1,1,6.9,0.5,13.6,67.4
DWL009821,DOC007,FAC002,DEP002,2023-11-21,4,2,1,3,10.4,1.9,18.1,86.2
DWL011514,DOC017,FAC002,DEP006,2024-07-24,10,1,0,3,7.1,1.6,18.8,72.6
DWL014428,DOC038,FAC003,DEP005,2025-08-31,6,0,0,0,8.8,0.0,7.2,31.8
DWL002590,DOC051,FAC002,DEP005,2022-08-30,11,0,1,4,7.9,1.8,23.1,82.9
DWL014005,DOC031,FAC001,DEP001,2026-02-19,9,1,1,4,12.2,2.0,23.0,56.8
DWL007325,DOC001,FAC001,DEP001,2025-10-12,13,1,0,6,6.0,0.3,22.9,20.1
DWL009404,DOC016,FAC001,DEP004,2023-11-01,11,2,2,2,7.5,3.6,32.2,63.5
DWL011844,DOC036,FAC001,DEP002,2021-04-28,8,1,2,4,10.2,0.0,22.8,83.9
DWL005407,DOC020,FAC005,DEP006,2023-06-28,10,2,0,4,5.8,0.2,19.5,92.2
DWL002803,DOC040,FAC005,DEP003,2023-08-20,8,1,0,4,4.6,2.1,18.0,55.8
DWL006424,DOC016,FAC001,DEP004,2026-11-09,12,2,0,3,5.8,0.0,20.8,67.8
DWL005795,DOC040,FAC005,DEP003,2025-01-10,9,2,0,5,5.7,2.5,22.5,96.4
DWL002685,DOC032,FAC002,DEP002,2024-07-22,2,0,0,3,5.8,1.6,7.2,77.6
DWL009903,DOC060,FAC005,DEP006,2026-01-17,7,2,0,5,7.6,0.3,16.8,56.7
DWL008818,DOC038,FAC003,DEP005,2023-11-30,6,1,0,3,8.1,1.6,14.0,70.1
DWL003308,DOC012,FAC002,DEP005,2025-07-25,14,2,0,3,6.8,1.7,25.8,91.6
DWL013899,DOC047,FAC005,DEP006,2021-03-03,5,0,1,3,9.6,1.2,14.2,49.6
DWL004863,DOC057,FAC002,DEP001,2024-11-10,9,2,0,7,8.0,0.2,20.7,30.3
DWL009738,DOC047,FAC005,DEP006,2023-05-03,13,3,1,4,8.7,0.7,29.9,61.6
DWL000477,DOC031,FAC001,DEP001,2021-07-01,9,0,0,4,9.7,1.7,16.6,90.7
DWL011397,DOC021,FAC001,DEP005,2021-10-04,11,2,0,0,8.7,1.5,19.4,40.6
DWL004562,DOC036,FAC001,DEP002,2025-03-31,12,0,0,4,7.3,1.8,20.3,66.6
DWL008197,DOC043,FAC003,DEP008,2023-05-28,9,1,0,4,7.3,1.7,18.6,62.4
DWL002010,DOC034,FAC004,DEP001,2025-01-09,8,3,0,3,7.8,2.4,21.6,96.3
DWL004116,DOC022,FAC002,DEP007,2021-11-03,6,1,0,7,8.6,1.6,17.2,48.3
DWL009595,DOC043,FAC003,DEP008,2021-12-28,10,1,1,7,8.7,1.1,25.2,110.5
DWL008789,DOC038,FAC003,DEP005,2024-05-09,7,2,0,1,9.2,1.6,15.6,78.6
DWL004707,DOC028,FAC003,DEP001,2024-05-01,10,1,1,3,8.4,0.5,21.1,33.4
DWL000340,DOC027,FAC002,DEP001,2026-12-01,4,2,0,3,10.3,0.4,11.8,93.8
DWL003805,DOC030,FAC005,DEP008,2024-12-11,13,1,0,4,11.2,1.5,23.1,69.3
DWL007515,DOC056,FAC003,DEP001,2023-09-07,5,1,0,2,8.5,2.0,12.6,71.2
DWL001684,DOC057,FAC002,DEP001,2022-10-18,8,0,1,1,7.6,1.4,16.5,64.6
DWL004985,DOC044,FAC002,DEP005,2022-11-07,3,1,2,0,8.9,1.7,16.1,70.0
DWL000795,DOC017,FAC002,DEP006,2022-04-06,13,1,0,2,7.4,1.3,21.2,65.4
DWL010042,DOC026,FAC001,DEP008,2024-07-26,15,1,2,4,9.1,1.8,33.9,82.6
DWL014443,DOC036,FAC001,DEP002,2025-12-07,4,0,1,5,8.8,0.9,14.2,50.2
DWL010310,DOC046,FAC001,DEP001,2026-09-12,5,2,0,4,8.0,1.8,15.9,46.8
DWL001035,DOC012,FAC002,DEP005,2025-09-20,8,2,0,4,8.4,0.5,17.6,62.6
DWL001455,DOC032,FAC002,DEP002,2024-07-12,9,0,0,9,5.9,0.0,18.0,100.9
DWL011147,DOC047,FAC005,DEP006,2023-12-05,5,1,1,0,9.0,1.5,14.2,95.8
DWL001535,DOC048,FAC001,DEP002,2023-02-08,10,0,0,4,10.8,1.4,17.3,74.9
DWL008930,DOC028,FAC003,DEP001,2026-05-12,16,1,1,4,8.5,1.3,30.3,82.4
DWL009354,DOC001,FAC001,DEP001,2023-08-27,8,0,0,4,8.9,0.9,14.2,33.4
DWL007485,DOC045,FAC004,DEP007,2024-01-24,8,2,0,7,8.5,0.0,19.2,81.3
DWL010328,DOC045,FAC004,DEP007,2026-04-28,7,1,0,7,7.8,1.5,18.2,96.2
DWL005050,DOC058,FAC004,DEP001,2022-09-14,6,2,0,3,5.1,1.7,16.1,70.6
DWL003099,DOC051,FAC002,DEP005,2026-05-08,8,5,1,4,7.2,2.3,30.2,100.0
DWL000169,DOC052,FAC004,DEP002,2024-08-28,13,2,0,6,8.8,1.4,26.5,89.8
DWL009842,DOC021,FAC001,DEP005,2026-05-28,7,1,0,3,5.8,1.1,14.5,104.8
DWL001494,DOC014,FAC004,DEP004,2022-09-25,4,0,0,7,6.2,0.0,10.4,39.4
DWL007059,DOC016,FAC001,DEP004,2022-10-15,12,1,1,4,11.3,0.4,24.2,53.3
DWL009090,DOC020,FAC005,DEP006,2021-10-10,8,0,0,2,8.6,1.1,12.8,18.0
DWL002967,DOC004,FAC004,DEP001,2024-03-20,7,0,0,6,8.8,1.6,15.6,57.4
DWL000435,DOC044,FAC002,DEP005,2026-09-15,6,3,0,1,5.8,0.9,15.3,71.7
DWL013845,DOC031,FAC001,DEP001,2021-10-13,7,2,1,5,8.6,0.0,20.4,52.0
DWL013998,DOC017,FAC002,DEP006,2021-07-13,10,2,1,0,5.5,1.1,21.6,42.5
DWL010841,DOC002,FAC002,DEP001,2025-01-07,11,1,1,8,9.4,3.1,30.2,90.0
DWL004314,DOC027,FAC002,DEP001,2023-10-30,12,0,1,4,9.8,1.7,24.1,52.8
DWL011815,DOC014,FAC004,DEP004,2024-08-14,13,2,0,1,9.6,1.6,22.8,93.4
DWL013442,DOC047,FAC005,DEP006,2021-05-07,5,3,0,2,8.3,0.0,13.6,61.2
DWL004078,DOC008,FAC003,DEP003,2026-10-30,9,2,1,4,6.8,0.4,22.6,97.2
DWL014563,DOC015,FAC005,DEP005,2026-04-28,12,4,0,6,10.1,2.1,30.4,90.8
DWL013394,DOC024,FAC004,DEP006,2026-01-20,11,1,0,4,5.6,1.5,20.6,96.8
DWL003781,DOC008,FAC003,DEP003,2022-04-02,9,2,0,4,9.1,0.9,19.4,53.0
DWL005387,DOC054,FAC003,DEP003,2022-02-02,3,2,0,7,7.8,0.4,13.8,62.0
DWL007535,DOC010,FAC005,DEP003,2024-08-30,9,1,0,5,9.2,1.6,19.2,94.1
DWL000926,DOC005,FAC005,DEP001,2023-07-11,10,2,0,3,6.7,2.7,22.4,109.3
DWL009103,DOC042,FAC003,DEP003,2021-05-17,10,1,0,5,12.7,1.4,20.1,89.7
DWL007337,DOC034,FAC004,DEP001,2022-03-03,13,2,0,1,10.2,0.9,21.8,73.7
DWL013573,DOC019,FAC004,DEP005,2025-09-05,13,1,0,2,8.3,1.1,20.9,60.6
DWL011098,DOC054,FAC003,DEP003,2023-01-29,10,0,1,6,10.5,0.0,20.8,42.5
DWL009101,DOC037,FAC002,DEP005,2025-12-24,13,4,0,3,10.7,1.2,27.8,98.0
DWL001108,DOC017,FAC002,DEP006,2021-06-17,5,1,0,3,10.2,0.3,10.8,59.1
DWL001054,DOC006,FAC001,DEP002,2026-01-16,12,3,0,6,7.2,2.9,29.5,90.7
DWL008607,DOC054,FAC003,DEP003,2026-08-17,15,0,1,5,6.3,0.7,27.1,124.2
DWL004216,DOC020,FAC005,DEP006,2021-06-28,9,0,1,3,7.3,0.0,17.2,45.4
DWL013830,DOC037,FAC002,DEP005,2024-11-27,3,3,1,4,9.4,0.0,16.8,74.3
DWL010897,DOC020,FAC005,DEP006,2021-01-08,5,3,2,0,7.7,2.2,23.3,54.7
DWL001023,DOC058,FAC004,DEP001,2025-04-01,9,0,0,5,8.8,0.9,16.1,113.2
DWL014702,DOC006,FAC001,DEP002,2024-04-15,7,2,0,3,5.3,0.0,14.8,62.3
DWL010674,DOC059,FAC005,DEP006,2026-04-13,11,4,0,4,9.2,2.1,27.5,102.4
DWL006670,DOC030,FAC005,DEP008,2021-09-28,7,0,1,3,9.2,0.6,15.7,63.1
DWL005026,DOC059,FAC005,DEP006,2022-07-21,9,1,1,5,8.0,0.8,22.0,67.5
DWL008604,DOC037,FAC002,DEP005,2021-08-31,9,2,0,6,10.2,2.4,23.2,76.1
DWL006078,DOC026,FAC001,DEP008,2025-12-24,10,3,0,5,9.8,1.9,24.9,96.4
DWL002513,DOC048,FAC001,DEP002,2026-01-15,12,1,0,4,11.3,3.4,24.7,52.6
DWL004245,DOC028,FAC003,DEP001,2021-10-30,5,1,2,2,9.1,0.0,17.6,53.8
DWL006422,DOC050,FAC003,DEP005,2026-03-05,17,1,0,4,11.4,1.7,28.1,63.0
DWL002202,DOC052,FAC004,DEP002,2023-06-15,4,0,0,4,8.5,0.7,9.1,98.1
DWL007822,DOC035,FAC005,DEP001,2024-05-24,15,0,0,3,8.7,1.6,22.8,48.5
DWL014007,DOC058,FAC004,DEP001,2024-10-31,14,1,1,1,8.2,2.2,26.9,58.1
DWL007979,DOC024,FAC004,DEP006,2023-10-14,0,1,0,7,7.7,0.0,7.6,39.2
DWL004514,DOC027,FAC002,DEP001,2024-08-21,12,1,0,1,10.4,0.5,17.9,59.1
DWL004673,DOC035,FAC005,DEP001,2023-03-31,7,1,1,3,6.9,1.6,19.2,81.4
DWL012528,DOC004,FAC004,DEP001,2024-05-24,9,2,0,6,10.7,1.9,22.5,75.3
DWL009751,DOC036,FAC001,DEP002,2023-06-20,7,1,1,2,10.4,0.7,17.1,79.1
DWL000469,DOC015,FAC005,DEP005,2022-05-27,8,0,0,2,8.7,0.7,12.2,83.1
DWL003370,DOC054,FAC003,DEP003,2022-12-16,9,2,0,2,7.9,0.6,17.3,73.4
DWL013153,DOC043,FAC003,DEP008,2026-03-02,10,3,0,8,10.7,2.2,27.7,79.4
DWL011104,DOC001,FAC001,DEP001,2024-11-20,12,0,1,4,9.3,1.8,24.3,74.2
DWL013779,DOC012,FAC002,DEP005,2024-01-22,9,1,0,5,8.7,2.8,21.0,81.2
DWL013409,DOC001,FAC001,DEP001,2021-09-19,7,0,1,3,7.9,0.4,15.4,25.2
DWL004979,DOC012,FAC002,DEP005,2024-04-09,9,0,0,2,8.0,0.0,12.4,91.5
DWL013138,DOC003,FAC003,DEP001,2025-12-30,13,4,0,4,7.8,0.0,26.8,89.0
DWL006283,DOC045,FAC004,DEP007,2024-12-29,8,2,0,1,8.1,1.4,16.5,40.6
DWL006598,DOC043,FAC003,DEP008,2026-03-14,13,0,0,3,7.5,0.2,18.3,59.3
DWL003480,DOC052,FAC004,DEP002,2026-10-27,6,2,0,1,6.5,0.7,13.1,91.5
DWL012880,DOC019,FAC004,DEP005,2025-05-23,13,3,2,0,7.6,1.6,32.0,77.9
DWL005793,DOC012,FAC002,DEP005,2025-07-18,6,1,0,2,6.5,1.0,12.3,96.4
DWL014075,DOC033,FAC003,DEP003,2024-07-25,9,1,0,5,5.7,1.9,19.6,112.0
DWL013216,DOC005,FAC005,DEP001,2026-09-10,9,0,0,3,11.0,1.2,15.0,79.6
DWL006726,DOC044,FAC002,DEP005,2021-06-29,11,0,0,6,8.8,0.5,18.8,88.5
DWL005196,DOC026,FAC001,DEP008,2023-01-18,9,5,0,3,7.9,0.9,24.5,83.6
DWL000519,DOC040,FAC005,DEP003,2021-11-05,5,2,0,4,7.1,0.3,13.6,88.0
DWL000440,DOC025,FAC005,DEP007,2024-08-13,11,3,0,1,7.4,2.7,24.1,77.6
DWL002862,DOC054,FAC003,DEP003,2025-08-04,10,1,1,4,8.6,1.3,23.1,97.2
DWL011145,DOC025,FAC005,DEP007,2025-04-28,8,2,1,3,8.9,0.5,20.8,83.6
DWL011286,DOC021,FAC001,DEP005,2021-12-21,12,2,1,4,8.1,1.2,27.4,73.0
DWL012573,DOC024,FAC004,DEP006,2025-12-03,12,3,0,4,6.7,1.3,25.5,96.8
DWL014382,DOC058,FAC004,DEP001,2022-06-17,5,1,1,0,7.9,0.5,12.8,95.7
DWL009939,DOC033,FAC003,DEP003,2025-01-10,12,1,0,0,10.4,0.7,17.4,90.2
DWL014482,DOC013,FAC003,DEP005,2021-08-25,9,2,0,5,7.5,1.8,21.5,43.2
DWL008383,DOC037,FAC002,DEP005,2026-06-30,10,3,0,3,9.7,1.2,22.2,122.1
DWL010110,DOC028,FAC003,DEP001,2023-12-13,5,1,0,0,6.0,2.0,11.0,84.5
DWL002381,DOC012,FAC002,DEP005,2025-07-13,3,2,1,4,9.8,0.0,14.8,44.1
DWL000028,DOC009,FAC004,DEP002,2026-09-17,9,2,0,2,7.9,2.1,19.5,100.2
DWL011627,DOC041,FAC005,DEP001,2025-05-17,11,2,1,5,11.0,1.5,27.4,46.3
DWL006956,DOC005,FAC005,DEP001,2023-08-10,12,1,1,2,10.0,2.1,25.1,45.6
DWL000903,DOC023,FAC003,DEP008,2026-05-22,13,3,0,1,7.5,1.7,25.0,84.4
DWL005036,DOC016,FAC001,DEP004,2025-05-06,8,1,1,5,8.1,2.3,23.1,65.3
DWL004852,DOC014,FAC004,DEP004,2024-09-14,4,0,1,5,9.0,0.0,12.8,91.4
DWL013790,DOC055,FAC004,DEP006,2023-06-02,12,1,0,1,7.2,1.7,19.8,56.6
DWL002609,DOC033,FAC003,DEP003,2026-09-23,14,2,0,3,7.4,0.9,24.6,94.9
DWL011966,DOC057,FAC002,DEP001,2021-12-16,13,1,0,3,5.8,2.3,23.4,70.7
DWL009233,DOC040,FAC005,DEP003,2023-02-23,13,4,0,5,6.7,0.0,27.6,74.9
DWL012194,DOC028,FAC003,DEP001,2022-01-29,15,0,0,3,9.2,1.0,21.9,52.1
DWL002532,DOC046,FAC001,DEP001,2025-01-08,8,0,0,2,7.2,1.6,13.6,93.5
DWL003703,DOC030,FAC005,DEP008,2026-03-20,7,2,1,4,9.0,2.0,22.6,67.5
DWL012849,DOC005,FAC005,DEP001,2022-02-07,14,1,1,3,9.7,0.4,25.8,63.4
DWL002110,DOC012,FAC002,DEP005,2021-10-31,10,1,0,5,9.7,0.0,18.0,10.0
DWL011414,DOC014,FAC004,DEP004,2023-05-19,6,0,0,4,10.5,0.8,11.6,61.7
DWL006221,DOC041,FAC005,DEP001,2025-08-18,8,0,1,5,9.8,1.8,20.3,98.9
DWL002345,DOC025,FAC005,DEP007,2024-04-20,13,0,0,0,7.4,2.7,19.6,26.2
DWL014666,DOC010,FAC005,DEP003,2021-02-18,7,0,0,6,6.8,1.1,14.9,37.0
DWL007884,DOC009,FAC004,DEP002,2026-07-11,13,1,1,4,7.3,0.0,24.8,86.9
DWL011319,DOC054,FAC003,DEP003,2026-04-21,10,3,1,3,10.3,1.0,25.9,90.9
DWL008086,DOC026,FAC001,DEP008,2026-08-20,10,3,0,1,8.7,2.1,22.0,87.3
DWL002413,DOC003,FAC003,DEP001,2022-06-03,6,0,1,3,6.9,1.4,15.7,73.0
DWL012927,DOC039,FAC004,DEP002,2024-11-03,4,3,0,2,9.3,0.7,13.4,22.2
DWL001062,DOC015,FAC005,DEP005,2026-04-15,15,2,0,2,8.7,1.3,25.6,97.1
DWL006587,DOC003,FAC003,DEP001,2026-11-27,19,4,0,1,7.7,1.4,33.7,75.9
DWL002716,DOC024,FAC004,DEP006,2024-09-02,13,2,0,4,9.5,0.9,24.2,78.6
DWL014875,DOC048,FAC001,DEP002,2024-07-11,7,3,0,2,8.8,1.8,18.7,81.3
DWL007096,DOC018,FAC003,DEP007,2021-01-06,3,2,0,2,7.8,0.0,9.2,82.4
DWL005385,DOC054,FAC003,DEP003,2025-02-14,9,1,0,3,9.6,1.6,17.6,79.7
DWL012133,DOC008,FAC003,DEP003,2025-04-08,6,3,0,5,8.6,2.7,21.2,82.8
DWL003509,DOC029,FAC004,DEP007,2021-12-31,8,5,0,4,8.8,1.7,25.4,80.3
DWL011989,DOC019,FAC004,DEP005,2023-06-05,6,3,0,4,6.7,0.7,17.4,77.7
DWL005338,DOC006,FAC001,DEP002,2024-08-31,6,2,0,3,7.7,2.7,17.6,29.9
DWL009296,DOC048,FAC001,DEP002,2022-08-25,11,3,0,5,9.1,1.8,25.9,68.5
DWL005222,DOC035,FAC005,DEP001,2025-07-30,10,1,0,4,8.3,1.0,18.7,80.4
DWL007991,DOC016,FAC001,DEP004,2023-12-27,7,1,0,5,10.4,0.9,15.8,83.8
DWL006791,DOC001,FAC001,DEP001,2022-06-18,10,0,0,5,6.5,2.3,19.4,51.0
DWL003144,DOC020,FAC005,DEP006,2025-06-20,10,1,0,0,8.3,0.4,14.6,86.1
DWL014720,DOC051,FAC002,DEP005,2025-02-20,11,1,0,8,7.9,2.0,24.6,67.3
DWL005466,DOC046,FAC001,DEP001,2023-11-29,5,2,0,1,7.7,0.8,12.0,67.6
DWL003861,DOC028,FAC003,DEP001,2024-02-09,5,0,2,6,7.5,0.0,18.8,55.8
DWL005454,DOC057,FAC002,DEP001,2021-09-29,6,2,0,2,9.2,2.9,17.1,83.5
DWL008958,DOC053,FAC005,DEP007,2023-03-27,9,1,0,3,8.0,1.1,16.8,76.5
DWL014158,DOC035,FAC005,DEP001,2026-02-13,12,2,0,1,7.1,1.4,21.3,95.6
DWL002013,DOC047,FAC005,DEP006,2026-05-25,4,2,1,7,8.0,1.8,21.1,83.3
DWL005864,DOC050,FAC003,DEP005,2024-10-04,10,1,0,4,7.5,0.9,18.6,55.0
DWL006843,DOC055,FAC004,DEP006,2021-11-08,3,1,0,6,7.4,0.1,10.6,62.1
DWL000124,DOC049,FAC003,DEP001,2022-10-08,5,0,0,4,6.8,0.0,9.2,73.8
DWL011563,DOC040,FAC005,DEP003,2023-11-23,7,0,1,5,11.1,0.7,17.4,61.3
DWL010658,DOC060,FAC005,DEP006,2024-05-04,7,2,0,1,8.8,0.2,13.5,31.0
DWL002933,DOC019,FAC004,DEP005,2023-10-31,7,2,1,5,5.7,2.0,23.4,93.9
DWL012407,DOC024,FAC004,DEP006,2026-11-11,9,1,0,1,9.8,2.6,17.5,67.5
DWL011263,DOC023,FAC003,DEP008,2024-06-10,14,1,0,4,7.9,0.5,22.8,72.7
DWL008125,DOC045,FAC004,DEP007,2022-09-21,1,2,0,6,8.4,0.4,10.6,67.0
DWL000274,DOC040,FAC005,DEP003,2024-07-30,10,3,1,2,9.4,1.5,25.9,62.6
DWL003563,DOC022,FAC002,DEP007,2026-01-15,9,2,0,5,6.9,0.5,19.5,73.8
DWL003039,DOC047,FAC005,DEP006,2024-09-04,11,1,0,0,8.1,1.6,17.6,72.8
DWL003648,DOC021,FAC001,DEP005,2025-12-19,8,0,0,6,9.5,0.7,15.4,113.1
DWL002630,DOC047,FAC005,DEP006,2024-02-23,10,1,0,3,9.5,1.8,19.1,65.9
DWL009293,DOC015,FAC005,DEP005,2026-03-09,9,1,0,1,6.8,2.3,17.1,82.1
DWL005981,DOC056,FAC003,DEP001,2023-08-10,16,0,1,3,9.0,2.0,28.6,103.5
DWL004818,DOC019,FAC004,DEP005,2023-05-31,5,1,0,8,7.8,1.8,17.1,83.9
DWL002610,DOC009,FAC004,DEP002,2023-09-01,10,0,0,6,10.8,0.6,17.7,38.2
DWL011958,DOC019,FAC004,DEP005,2024-02-23,7,2,0,5,9.3,0.5,17.1,70.9
DWL004851,DOC033,FAC003,DEP003,2024-06-28,7,1,0,4,9.1,0.2,13.9,52.6
DWL003647,DOC050,FAC003,DEP005,2025-10-29,6,1,0,1,7.3,1.2,11.8,74.3
DWL014699,DOC051,FAC002,DEP005,2023-07-21,6,0,0,5,9.0,0.4,11.8,71.6
DWL004631,DOC054,FAC003,DEP003,2026-09-18,7,1,0,3,11.1,0.5,13.6,104.3
DWL008226,DOC039,FAC004,DEP002,2021-08-13,6,1,0,3,10.7,1.3,13.6,86.2
DWL014041,DOC011,FAC001,DEP003,2026-03-25,7,1,0,2,11.8,1.2,13.8,69.3
DWL010307,DOC018,FAC003,DEP007,2023-08-30,14,0,1,7,9.3,1.0,27.9,76.3
DWL010729,DOC047,FAC005,DEP006,2023-01-26,6,1,0,8,6.8,0.0,15.6,29.8
DWL010735,DOC002,FAC002,DEP001,2025-01-28,10,2,0,5,11.8,0.9,21.4,76.4
DWL005577,DOC057,FAC002,DEP001,2021-11-10,8,1,0,4,8.1,0.0,14.8,58.9
DWL011258,DOC039,FAC004,DEP002,2022-07-13,8,0,0,3,7.8,1.4,14.1,70.1
DWL006128,DOC002,FAC002,DEP001,2023-04-18,6,1,1,4,6.2,0.2,16.7,76.9
DWL002754,DOC024,FAC004,DEP006,2022-04-15,9,1,1,3,8.5,1.0,20.7,67.7
DWL000020,DOC059,FAC005,DEP006,2023-06-05,6,0,1,6,9.8,2.0,19.0,86.6
DWL009675,DOC020,FAC005,DEP006,2024-12-19,9,4,0,7,7.9,0.0,24.4,101.2
DWL013918,DOC053,FAC005,DEP007,2026-05-06,8,1,0,5,10.0,1.2,17.4,121.9
DWL008680,DOC005,FAC005,DEP001,2026-10-07,11,0,0,4,9.0,0.6,17.3,84.4
DWL013867,DOC032,FAC002,DEP002,2022-04-19,7,3,1,5,8.4,0.5,23.1,79.2
DWL002361,DOC010,FAC005,DEP003,2024-01-02,8,2,1,7,7.0,1.5,25.5,89.5
DWL006144,DOC033,FAC003,DEP003,2021-08-11,9,2,0,4,9.1,1.4,20.1,102.4
DWL007912,DOC047,FAC005,DEP006,2024-09-05,8,0,0,5,8.3,1.2,15.4,59.5
DWL011980,DOC005,FAC005,DEP001,2026-11-04,19,0,0,4,8.6,0.9,27.4,72.4
DWL014999,DOC037,FAC002,DEP005,2025-04-09,9,1,1,3,8.4,1.9,22.0,70.6
DWL001804,DOC041,FAC005,DEP001,2023-02-08,7,4,0,0,6.8,0.0,16.4,73.3
DWL008288,DOC027,FAC002,DEP001,2024-04-09,11,3,0,1,8.2,0.7,21.1,87.4
DWL000908,DOC026,FAC001,DEP008,2024-02-07,7,1,0,1,6.9,0.9,12.6,90.0
DWL009239,DOC043,FAC003,DEP008,2023-11-25,5,0,0,3,7.4,1.0,9.9,42.7
DWL012792,DOC004,FAC004,DEP001,2023-01-18,11,2,1,2,5.7,0.6,23.7,59.1
DWL010550,DOC035,FAC005,DEP001,2021-11-22,8,1,0,4,6.3,1.8,17.5,38.9
DWL011299,DOC034,FAC004,DEP001,2026-12-06,6,3,0,5,8.4,1.6,19.6,56.2
DWL002086,DOC046,FAC001,DEP001,2023-06-15,9,0,1,5,7.6,1.2,20.6,92.0
DWL011645,DOC011,FAC001,DEP003,2023-03-13,13,3,0,5,12.3,0.9,27.0,54.9
DWL009268,DOC016,FAC001,DEP004,2026-04-18,6,0,0,6,8.6,1.3,13.9,57.6
DWL002216,DOC007,FAC002,DEP002,2026-04-13,14,1,0,6,9.8,0.8,24.8,112.5
DWL001576,DOC021,FAC001,DEP005,2024-01-05,6,3,1,0,7.7,0.6,18.1,87.2
DWL009318,DOC056,FAC003,DEP001,2023-12-26,10,0,0,2,7.8,1.5,15.8,89.7
DWL011290,DOC018,FAC003,DEP007,2025-04-30,13,0,0,1,7.3,1.9,19.2,76.9
DWL010304,DOC033,FAC003,DEP003,2026-07-17,15,2,1,7,7.8,0.8,32.8,90.8
DWL008410,DOC016,FAC001,DEP004,2023-12-01,10,3,0,3,10.8,1.7,22.9,89.5
DWL005533,DOC004,FAC004,DEP001,2025-12-15,5,1,0,4,6.7,1.0,12.7,119.2
DWL001248,DOC049,FAC003,DEP001,2025-11-07,10,1,0,1,11.2,1.2,16.6,70.3
DWL002520,DOC055,FAC004,DEP006,2024-11-14,14,0,0,2,7.4,0.1,18.6,12.8
DWL007299,DOC049,FAC003,DEP001,2021-03-09,8,0,0,6,8.7,0.0,14.4,96.9
DWL007582,DOC030,FAC005,DEP008,2022-04-22,9,1,1,7,7.6,0.1,22.5,63.9
DWL005624,DOC021,FAC001,DEP005,2021-03-02,3,2,0,5,6.4,2.3,15.0,68.7
DWL003289,DOC015,FAC005,DEP005,2022-07-14,11,3,0,4,8.2,0.7,23.4,69.3
DWL003323,DOC040,FAC005,DEP003,2022-05-03,10,1,0,4,8.7,0.8,18.4,60.7
DWL013579,DOC047,FAC005,DEP006,2021-05-19,7,1,0,3,8.6,0.9,14.2,64.7
DWL011283,DOC027,FAC002,DEP001,2025-03-05,9,1,0,2,6.7,0.6,15.3,77.2
DWL012850,DOC036,FAC001,DEP002,2024-12-05,10,0,1,1,7.7,1.8,19.5,95.2
DWL009863,DOC026,FAC001,DEP008,2022-09-21,9,0,0,0,9.0,1.1,12.4,102.1
DWL006833,DOC041,FAC005,DEP001,2023-08-08,6,3,0,0,9.3,0.8,14.4,79.6
DWL005091,DOC050,FAC003,DEP005,2024-09-12,12,2,0,4,10.0,1.1,23.2,75.5
DWL009188,DOC056,FAC003,DEP001,2021-12-01,7,1,1,4,9.6,0.3,18.1,78.8
DWL012388,DOC025,FAC005,DEP007,2023-11-20,8,2,0,1,5.0,0.0,14.4,79.1
DWL011387,DOC019,FAC004,DEP005,2024-03-17,12,0,0,7,12.2,1.8,22.7,40.4
DWL000609,DOC046,FAC001,DEP001,2022-12-25,8,0,0,4,8.6,0.0,12.8,30.2
DWL006349,DOC039,FAC004,DEP002,2022-06-16,1,1,0,0,9.9,0.7,4.2,74.3
DWL013982,DOC017,FAC002,DEP006,2023-03-21,10,1,0,4,10.1,2.1,20.4,53.1
DWL012472,DOC002,FAC002,DEP001,2022-07-26,4,1,1,4,6.5,0.4,14.6,77.8
DWL012826,DOC018,FAC003,DEP007,2022-11-25,4,2,2,6,7.8,0.8,22.8,54.7
DWL003479,DOC041,FAC005,DEP001,2025-09-03,8,2,0,1,8.9,1.4,16.5,84.6
DWL012513,DOC032,FAC002,DEP002,2023-01-24,13,0,0,3,6.0,0.2,18.3,78.6
DWL000219,DOC060,FAC005,DEP006,2026-10-15,5,2,0,6,7.7,0.9,16.2,68.9
DWL005490,DOC031,FAC001,DEP001,2024-12-20,7,2,0,2,9.7,2.1,17.1,71.5
DWL010634,DOC018,FAC003,DEP007,2021-07-29,8,3,0,7,8.4,1.6,23.6,67.5
DWL010977,DOC036,FAC001,DEP002,2024-01-24,10,1,0,2,9.9,1.2,17.4,83.7
DWL008371,DOC002,FAC002,DEP001,2025-09-12,10,1,1,4,8.5,1.5,23.4,88.4
DWL013277,DOC021,FAC001,DEP005,2023-03-14,9,2,0,4,8.3,1.8,20.7,58.2
DWL000328,DOC035,FAC005,DEP001,2024-11-19,8,2,1,3,7.1,1.1,21.6,57.2
DWL011455,DOC043,FAC003,DEP008,2022-08-23,11,5,0,0,7.8,2.2,26.5,89.0
DWL012348,DOC057,FAC002,DEP001,2025-10-27,9,2,0,6,10.3,1.3,21.6,81.4
DWL007637,DOC035,FAC005,DEP001,2024-06-11,17,0,0,5,6.5,0.0,24.4,85.9
DWL003949,DOC032,FAC002,DEP002,2026-07-29,8,0,0,2,8.6,1.9,14.0,88.3
DWL005636,DOC036,FAC001,DEP002,2023-05-27,9,4,1,5,9.5,0.9,28.1,45.8
DWL008673,DOC058,FAC004,DEP001,2024-10-16,14,3,0,3,9.4,0.2,25.5,84.2
DWL002158,DOC058,FAC004,DEP001,2025-12-06,10,1,0,4,7.7,2.2,20.5,74.6
DWL006293,DOC049,FAC003,DEP001,2026-02-03,6,0,0,8,8.5,0.4,14.2,88.4
DWL008512,DOC038,FAC003,DEP005,2023-03-21,7,1,1,1,5.7,0.2,15.5,77.0
DWL014555,DOC043,FAC003,DEP008,2022-03-17,11,2,0,6,8.9,1.6,24.4,42.6
DWL012754,DOC038,FAC003,DEP005,2026-03-13,7,1,1,4,7.4,2.1,20.8,81.9
DWL005951,DOC048,FAC001,DEP002,2021-08-14,7,1,1,7,10.4,0.0,20.0,45.4
DWL001770,DOC019,FAC004,DEP005,2021-05-21,10,0,0,2,10.2,1.5,15.8,65.1
DWL012318,DOC018,FAC003,DEP007,2026-03-07,10,0,0,1,8.8,0.2,13.1,41.0
DWL009662,DOC044,FAC002,DEP005,2021-09-09,13,3,0,5,7.7,1.4,27.7,62.0
DWL003964,DOC014,FAC004,DEP004,2024-12-27,5,0,0,7,8.6,1.0,13.1,100.9
DWL013204,DOC049,FAC003,DEP001,2024-03-07,9,1,1,1,6.7,0.7,18.6,92.7
DWL009020,DOC059,FAC005,DEP006,2022-09-30,13,2,0,2,8.7,1.0,22.7,47.1
DWL002272,DOC037,FAC002,DEP005,2026-10-16,9,1,1,5,10.0,0.4,21.4,67.9
DWL005764,DOC022,FAC002,DEP007,2025-08-29,8,1,3,1,8.4,2.7,28.5,91.7
DWL006890,DOC003,FAC003,DEP001,2023-04-10,12,0,0,1,6.3,1.2,17.0,76.8
DWL013121,DOC007,FAC002,DEP002,2026-09-27,2,0,0,4,7.6,0.3,6.0,54.2
DWL009680,DOC020,FAC005,DEP006,2021-03-27,11,0,0,3,5.8,1.0,17.1,13.1
DWL009213,DOC034,FAC004,DEP001,2024-10-24,4,1,0,7,10.2,1.8,15.1,92.6
DWL003711,DOC011,FAC001,DEP003,2023-10-14,14,1,0,5,10.5,1.1,24.4,65.8
DWL004541,DOC038,FAC003,DEP005,2021-07-29,8,1,2,3,8.4,1.9,24.9,58.7
DWL005810,DOC037,FAC002,DEP005,2021-07-28,9,2,1,8,5.5,0.4,25.8,75.5
DWL001124,DOC032,FAC002,DEP002,2025-03-17,8,0,0,2,8.3,1.8,13.9,97.6
DWL012581,DOC042,FAC003,DEP003,2024-10-26,6,2,0,3,7.5,0.8,14.8,66.7
DWL001324,DOC039,FAC004,DEP002,2026-03-12,11,2,0,0,9.8,0.6,18.1,95.0
DWL008890,DOC034,FAC004,DEP001,2026-05-03,7,0,0,5,5.3,0.8,13.6,58.4
DWL013606,DOC020,FAC005,DEP006,2022-04-18,16,1,1,3,10.0,0.6,28.5,64.3
DWL012358,DOC039,FAC004,DEP002,2022-10-01,8,0,0,3,9.6,1.7,14.6,65.0
DWL006148,DOC045,FAC004,DEP007,2026-06-24,9,0,0,5,10.5,0.0,14.8,75.3
DWL007904,DOC015,FAC005,DEP005,2023-11-30,9,4,1,8,9.9,0.0,29.2,52.6
DWL010890,DOC046,FAC001,DEP001,2026-06-04,9,2,1,1,8.4,1.4,21.7,85.0
DWL003121,DOC030,FAC005,DEP008,2024-12-23,10,0,0,4,9.0,1.8,17.9,96.3
DWL000189,DOC027,FAC002,DEP001,2026-09-07,9,2,0,3,9.6,2.2,20.5,71.4
DWL014922,DOC008,FAC003,DEP003,2025-09-11,13,5,0,7,10.3,0.9,32.6,60.7
DWL007498,DOC023,FAC003,DEP008,2026-04-10,7,0,1,4,10.3,1.4,17.7,96.1
DWL014360,DOC051,FAC002,DEP005,2025-01-05,8,0,0,3,8.4,1.5,14.2,42.4
DWL005475,DOC017,FAC002,DEP006,2022-05-11,7,0,0,6,7.8,0.9,14.6,81.5
DWL006649,DOC060,FAC005,DEP006,2022-12-12,6,0,0,7,9.7,0.2,13.1,93.9
DWL004203,DOC037,FAC002,DEP005,2023-05-10,12,4,0,5,8.5,0.4,27.0,68.1
DWL004234,DOC017,FAC002,DEP006,2023-03-06,8,0,0,3,9.6,0.4,12.6,62.6
DWL012205,DOC010,FAC005,DEP003,2023-09-29,14,0,0,7,6.9,1.9,25.2,64.0
DWL013436,DOC044,FAC002,DEP005,2022-01-04,5,1,0,3,10.1,0.0,10.4,73.5
DWL003215,DOC016,FAC001,DEP004,2021-11-16,8,2,0,1,9.2,0.7,15.4,68.0
DWL008185,DOC019,FAC004,DEP005,2026-10-13,11,4,1,2,6.4,0.6,27.7,76.5
DWL002677,DOC050,FAC003,DEP005,2024-04-03,7,1,0,5,9.4,1.9,17.2,75.8
DWL010491,DOC048,FAC001,DEP002,2023-02-11,6,0,0,4,9.3,1.3,12.3,31.1
DWL004041,DOC018,FAC003,DEP007,2021-10-11,8,2,1,3,7.5,0.8,21.2,50.3
DWL013030,DOC010,FAC005,DEP003,2023-04-05,3,1,1,5,8.4,0.0,13.6,57.6
DWL006897,DOC005,FAC005,DEP001,2023-10-20,11,2,0,4,9.9,0.8,21.6,60.0
DWL010753,DOC048,FAC001,DEP002,2026-08-04,11,2,1,0,8.8,1.4,23.3,77.8
DWL002326,DOC003,FAC003,DEP001,2023-02-21,9,1,0,4,7.5,1.1,17.6,73.4
DWL000374,DOC013,FAC003,DEP005,2025-12-12,11,2,0,2,8.4,1.8,21.5,101.7
DWL004830,DOC021,FAC001,DEP005,2021-11-04,6,2,0,3,8.6,0.0,13.6,81.2
DWL002316,DOC051,FAC002,DEP005,2024-01-19,11,1,0,5,9.3,0.6,20.1,71.1
DWL003356,DOC016,FAC001,DEP004,2022-12-12,11,1,0,3,6.9,2.2,20.9,74.2
DWL009319,DOC031,FAC001,DEP001,2025-08-18,9,2,0,0,7.2,1.1,16.4,81.6
DWL002502,DOC047,FAC005,DEP006,2024-05-21,10,3,0,5,10.0,1.6,24.4,73.1
DWL010156,DOC003,FAC003,DEP001,2023-07-24,11,1,0,3,7.7,0.0,17.6,82.6
DWL012983,DOC020,FAC005,DEP006,2021-06-17,5,1,0,2,8.2,1.7,12.1,56.7
DWL007804,DOC005,FAC005,DEP001,2025-05-12,11,3,0,1,7.4,3.1,24.6,90.0
DWL003257,DOC042,FAC003,DEP003,2023-12-30,8,3,1,5,9.0,0.1,23.8,62.2
DWL011218,DOC033,FAC003,DEP003,2025-02-28,12,2,0,3,7.7,2.0,23.8,69.5
DWL007361,DOC050,FAC003,DEP005,2022-09-07,8,0,1,4,10.8,1.1,18.4,64.8
DWL008564,DOC023,FAC003,DEP008,2023-01-17,9,3,0,3,6.4,2.0,22.2,78.9
DWL002770,DOC029,FAC004,DEP007,2026-06-29,13,4,2,0,8.9,1.7,34.1,41.3
DWL004831,DOC055,FAC004,DEP006,2023-07-18,6,1,0,4,5.9,1.2,14.2,81.2
DWL003166,DOC020,FAC005,DEP006,2023-09-16,6,0,2,4,8.1,0.3,18.8,50.3
DWL005345,DOC003,FAC003,DEP001,2022-07-06,9,3,0,1,8.3,1.6,20.0,71.7
DWL005404,DOC026,FAC001,DEP008,2026-04-27,8,1,0,1,7.8,0.6,13.3,100.8
DWL007786,DOC023,FAC003,DEP008,2026-11-22,5,1,0,2,8.4,0.7,10.6,34.7
DWL006988,DOC059,FAC005,DEP006,2024-11-10,7,0,1,3,7.2,0.0,14.8,64.3
DWL003858,DOC049,FAC003,DEP001,2024-12-12,10,0,0,6,7.0,1.1,18.4,105.3
DWL014495,DOC009,FAC004,DEP002,2023-05-29,4,0,0,1,8.4,1.4,7.7,71.4
DWL005660,DOC034,FAC004,DEP001,2026-04-27,11,2,0,10,6.9,1.4,27.3,100.6
DWL004047,DOC053,FAC005,DEP007,2024-03-06,12,0,0,4,10.5,0.0,17.6,56.1
DWL001088,DOC058,FAC004,DEP001,2026-06-25,7,4,0,5,11.7,0.1,20.5,96.8
DWL009744,DOC022,FAC002,DEP007,2025-11-28,8,1,1,4,5.7,1.9,21.6,79.7
DWL004217,DOC042,FAC003,DEP003,2024-05-15,13,1,2,1,8.0,1.9,29.2,87.5
DWL009567,DOC012,FAC002,DEP005,2021-05-12,10,1,0,3,9.8,0.6,17.3,74.4
DWL013077,DOC025,FAC005,DEP007,2024-05-30,14,3,0,0,11.0,1.2,24.6,33.9
DWL007727,DOC024,FAC004,DEP006,2021-10-23,8,0,1,1,8.4,0.0,14.4,52.9
DWL014223,DOC050,FAC003,DEP005,2024-08-19,11,3,0,4,6.4,2.0,25.4,71.9
DWL004004,DOC013,FAC003,DEP005,2023-09-03,9,1,0,1,8.5,1.5,15.8,25.7
DWL001548,DOC058,FAC004,DEP001,2025-05-09,6,1,0,1,7.0,1.4,12.1,88.1
DWL005082,DOC003,FAC003,DEP001,2023-12-09,7,1,0,3,9.5,0.4,13.4,47.8
DWL006492,DOC034,FAC004,DEP001,2026-05-06,11,2,0,2,7.9,2.2,22.1,94.6
DWL007634,DOC044,FAC002,DEP005,2026-07-01,13,2,0,0,10.1,2.8,23.8,93.8
DWL001226,DOC007,FAC002,DEP002,2025-01-04,5,1,0,2,8.2,1.6,12.0,60.3
DWL001359,DOC051,FAC002,DEP005,2022-02-15,5,1,1,5,6.3,1.1,17.6,53.2
DWL003209,DOC002,FAC002,DEP001,2022-10-20,10,1,0,7,8.7,0.3,20.1,67.2
DWL001721,DOC015,FAC005,DEP005,2023-06-11,3,0,0,3,10.3,0.9,7.3,23.7
DWL008301,DOC005,FAC005,DEP001,2025-07-29,9,0,0,5,9.4,4.5,21.5,111.5
DWL011008,DOC043,FAC003,DEP008,2025-05-08,15,1,0,2,6.7,0.1,21.8,106.5
DWL010708,DOC025,FAC005,DEP007,2023-03-24,15,1,0,2,8.6,0.0,21.6,50.8
DWL009606,DOC020,FAC005,DEP006,2025-12-08,5,0,0,5,9.3,0.8,11.2,93.1
DWL009249,DOC026,FAC001,DEP008,2022-08-31,9,0,0,5,8.9,1.3,16.8,79.9
DWL004991,DOC045,FAC004,DEP007,2021-12-03,6,2,0,7,9.5,0.9,18.2,77.9
DWL010857,DOC036,FAC001,DEP002,2025-06-28,8,1,0,6,8.8,0.9,17.8,70.9
DWL008355,DOC049,FAC003,DEP001,2025-07-24,8,1,0,7,10.4,2.0,20.2,112.9
DWL000386,DOC059,FAC005,DEP006,2024-03-17,14,0,0,7,6.1,0.5,23.2,35.0
DWL014952,DOC047,FAC005,DEP006,2023-03-14,9,2,1,5,6.8,1.4,24.9,65.3
DWL005693,DOC053,FAC005,DEP007,2022-07-22,10,1,0,2,10.1,2.6,19.5,36.5
DWL009823,DOC012,FAC002,DEP005,2025-12-15,3,0,0,1,6.8,0.7,5.4,97.5
DWL008461,DOC042,FAC003,DEP003,2026-06-03,14,0,0,7,9.3,0.5,23.2,87.0
DWL002022,DOC025,FAC005,DEP007,2023-03-07,8,3,0,4,7.7,1.4,20.9,56.6
DWL010363,DOC047,FAC005,DEP006,2025-03-12,4,1,0,6,8.2,2.6,15.5,53.4
DWL000312,DOC055,FAC004,DEP006,2024-08-31,8,2,0,6,7.9,1.4,20.5,60.3
DWL005901,DOC053,FAC005,DEP007,2021-12-09,7,4,0,5,6.7,1.6,22.8,50.2
DWL008884,DOC041,FAC005,DEP001,2022-06-25,8,1,1,3,10.8,1.2,19.8,41.7
DWL011000,DOC007,FAC002,DEP002,2021-01-14,12,1,0,2,10.0,1.9,20.9,75.9
DWL011251,DOC021,FAC001,DEP005,2023-07-12,9,1,0,3,9.2,0.7,16.2,80.7
DWL013538,DOC020,FAC005,DEP006,2021-11-25,7,1,0,2,10.3,0.5,12.8,69.7
DWL010135,DOC008,FAC003,DEP003,2021-12-23,7,0,0,4,8.4,1.2,13.4,63.2
DWL013523,DOC012,FAC002,DEP005,2021-04-02,6,0,0,1,8.1,0.6,8.9,56.1
DWL007525,DOC003,FAC003,DEP001,2025-08-10,3,0,0,6,8.3,0.4,9.0,31.0
DWL003847,DOC027,FAC002,DEP001,2024-03-29,9,1,0,5,8.6,0.0,16.8,65.3
DWL011913,DOC009,FAC004,DEP002,2026-09-03,9,3,1,2,9.3,1.2,24.2,68.0
DWL000931,DOC007,FAC002,DEP002,2024-09-11,9,4,0,0,7.3,0.5,19.5,103.6
DWL008002,DOC054,FAC003,DEP003,2023-10-23,11,4,0,5,8.2,0.5,25.9,37.9
DWL007146,DOC025,FAC005,DEP007,2024-03-03,3,1,0,1,7.4,1.1,8.0,10.0
DWL010570,DOC043,FAC003,DEP008,2024-03-29,9,2,1,5,6.6,0.0,22.8,78.9
DWL002821,DOC028,FAC003,DEP001,2026-09-17,8,2,0,3,7.2,0.8,17.2,91.5
DWL002232,DOC003,FAC003,DEP001,2025-12-14,9,1,1,2,11.4,1.3,20.3,39.6
DWL014527,DOC009,FAC004,DEP002,2025-09-30,9,3,1,4,7.5,1.6,26.4,104.7
DWL013621,DOC010,FAC005,DEP003,2021-12-17,10,1,0,1,6.9,1.8,17.5,84.3
DWL011298,DOC025,FAC005,DEP007,2022-10-09,9,0,1,2,9.6,0.5,17.1,18.5
DWL000151,DOC058,FAC004,DEP001,2022-06-16,12,2,0,3,9.8,0.7,21.8,63.3
DWL011671,DOC033,FAC003,DEP003,2023-03-15,6,2,0,3,6.8,2.0,16.6,73.1
DWL013421,DOC035,FAC005,DEP001,2021-04-05,6,1,0,2,9.5,1.1,12.4,57.0
DWL008115,DOC047,FAC005,DEP006,2023-05-26,2,1,1,4,6.0,1.2,13.4,60.4
DWL009913,DOC053,FAC005,DEP007,2026-07-30,10,1,0,5,5.9,1.3,19.9,115.5
DWL001351,DOC030,FAC005,DEP008,2024-09-11,10,0,0,2,9.0,1.6,16.0,72.9
DWL014272,DOC006,FAC001,DEP002,2024-10-15,4,3,0,6,7.9,1.8,18.3,76.9
DWL003106,DOC044,FAC002,DEP005,2024-05-11,7,0,0,3,7.3,0.5,11.6,71.6
DWL003222,DOC003,FAC003,DEP001,2024-05-31,10,4,0,8,10.4,0.7,27.4,87.6
DWL001954,DOC005,FAC005,DEP001,2023-07-13,13,3,0,0,6.9,2.1,24.8,95.7
DWL005220,DOC006,FAC001,DEP002,2021-06-18,11,2,0,2,9.0,0.0,18.8,44.2
DWL000354,DOC014,FAC004,DEP004,2021-01-11,4,0,0,6,8.1,0.6,10.5,66.5
DWL002681,DOC020,FAC005,DEP006,2024-07-27,6,0,0,5,8.7,0.0,11.2,51.2
DWL012190,DOC055,FAC004,DEP006,2024-03-14,3,2,0,3,9.6,2.9,14.3,55.3
DWL013164,DOC002,FAC002,DEP001,2022-01-02,6,0,0,1,8.5,0.1,8.1,17.0
DWL006181,DOC004,FAC004,DEP001,2024-04-22,7,3,0,0,9.6,0.5,15.2,76.8
DWL008099,DOC029,FAC004,DEP007,2022-08-29,5,2,0,4,10.2,2.0,16.2,73.3
DWL001715,DOC056,FAC003,DEP001,2026-11-16,8,0,0,5,9.8,2.7,17.6,76.6
DWL014039,DOC036,FAC001,DEP002,2026-01-16,6,2,0,4,9.4,0.7,15.4,76.8
DWL010444,DOC030,FAC005,DEP008,2022-07-02,11,0,0,4,6.6,0.8,17.6,61.4
DWL009921,DOC055,FAC004,DEP006,2025-02-20,16,0,0,6,7.6,3.2,28.8,71.5
DWL013445,DOC004,FAC004,DEP001,2022-02-12,9,1,0,4,7.5,0.9,17.4,26.1
DWL007088,DOC008,FAC003,DEP003,2024-02-15,13,0,0,5,5.4,1.2,21.4,95.4
DWL012630,DOC012,FAC002,DEP005,2024-04-11,7,3,1,2,9.3,1.5,22.2,44.9
DWL014811,DOC006,FAC001,DEP002,2022-01-21,7,0,0,6,9.3,2.6,17.1,62.6
DWL010288,DOC046,FAC001,DEP001,2021-10-11,11,0,0,7,10.2,2.0,21.8,56.0
DWL000015,DOC003,FAC003,DEP001,2021-11-04,8,1,0,7,9.2,1.2,19.0,69.2
DWL013468,DOC011,FAC001,DEP003,2021-11-28,5,2,0,3,8.3,0.0,12.4,12.4
DWL011875,DOC030,FAC005,DEP008,2022-05-11,7,2,0,6,6.6,0.3,17.7,67.8
DWL012389,DOC042,FAC003,DEP003,2021-04-19,5,1,0,3,8.6,0.3,10.8,82.5
DWL000534,DOC006,FAC001,DEP002,2026-01-19,8,4,0,1,11.1,1.1,20.1,86.4
DWL007529,DOC018,FAC003,DEP007,2025-06-13,12,2,1,0,5.7,1.3,24.3,74.0
DWL002454,DOC056,FAC003,DEP001,2026-10-04,6,2,0,2,7.7,1.0,14.3,19.5
DWL003208,DOC002,FAC002,DEP001,2021-10-31,6,0,3,1,6.2,0.4,20.6,39.2
DWL008048,DOC017,FAC002,DEP006,2026-12-11,8,1,1,1,10.1,0.0,16.4,86.3
DWL004334,DOC027,FAC002,DEP001,2025-05-31,9,2,1,4,10.2,0.0,22.0,54.3
DWL006460,DOC027,FAC002,DEP001,2021-12-30,7,1,0,5,8.0,0.7,15.4,59.0
DWL003680,DOC022,FAC002,DEP007,2026-07-03,6,3,1,3,7.2,2.1,22.8,140.0
DWL001744,DOC019,FAC004,DEP005,2022-03-20,11,0,0,3,7.0,0.0,15.6,25.9
DWL004672,DOC056,FAC003,DEP001,2026-03-10,8,3,1,4,7.6,0.9,24.2,88.2
DWL008296,DOC026,FAC001,DEP008,2025-04-30,11,2,0,5,7.8,2.0,24.2,78.4
DWL003367,DOC055,FAC004,DEP006,2022-08-19,11,1,0,6,9.7,1.2,21.8,54.0
DWL005364,DOC008,FAC003,DEP003,2026-07-28,11,1,1,7,7.0,3.2,29.6,108.6
DWL004951,DOC029,FAC004,DEP007,2025-05-26,9,1,1,6,9.2,0.0,21.6,71.9
DWL013071,DOC020,FAC005,DEP006,2025-10-28,9,0,2,4,7.9,0.2,22.3,75.3
DWL009555,DOC021,FAC001,DEP005,2024-08-30,7,2,1,3,5.6,1.8,21.5,75.2
DWL000569,DOC017,FAC002,DEP006,2026-09-13,13,2,1,3,9.5,1.0,27.5,26.9
DWL010541,DOC051,FAC002,DEP005,2021-09-17,6,3,0,1,8.0,0.0,14.0,68.6
DWL000032,DOC054,FAC003,DEP003,2023-06-23,8,1,0,5,7.1,0.0,15.6,57.0
DWL012468,DOC049,FAC003,DEP001,2024-12-18,14,1,0,4,7.4,0.8,23.2,55.0
DWL000122,DOC019,FAC004,DEP005,2022-01-09,8,1,0,5,5.6,0.3,16.1,21.1
DWL002817,DOC056,FAC003,DEP001,2022-06-07,6,3,0,3,8.4,0.5,16.4,50.0
DWL012426,DOC041,FAC005,DEP001,2026-08-04,14,2,0,3,9.5,0.0,23.2,93.6
DWL001471,DOC056,FAC003,DEP001,2026-04-11,6,1,0,3,8.0,0.2,11.9,65.3
DWL014172,DOC054,FAC003,DEP003,2024-02-09,7,0,1,5,8.6,1.5,18.6,55.8
DWL006211,DOC011,FAC001,DEP003,2021-12-05,9,0,0,6,7.4,0.0,15.6,10.7
DWL013667,DOC056,FAC003,DEP001,2023-01-05,9,1,1,7,8.1,2.3,25.8,69.1
DWL012059,DOC028,FAC003,DEP001,2023-06-16,12,0,0,5,6.5,0.0,18.4,100.9
DWL012515,DOC031,FAC001,DEP001,2025-03-14,4,3,0,2,6.0,0.9,13.8,94.5
DWL000928,DOC017,FAC002,DEP006,2025-02-09,10,0,0,0,10.4,0.0,12.0,47.8
DWL000361,DOC045,FAC004,DEP007,2026-12-15,8,2,1,0,5.9,2.1,20.8,99.7
DWL014002,DOC011,FAC001,DEP003,2024-12-26,5,1,0,3,7.6,0.7,11.4,82.0
DWL014608,DOC028,FAC003,DEP001,2026-09-01,2,2,2,3,10.6,1.5,19.1,86.9
DWL010552,DOC013,FAC003,DEP005,2026-03-02,5,2,0,4,7.8,0.6,14.1,70.1
DWL000733,DOC016,FAC001,DEP004,2021-05-09,6,1,0,5,8.1,0.0,13.2,38.5
DWL002814,DOC055,FAC004,DEP006,2025-12-11,4,2,0,4,10.2,0.8,13.2,103.9
DWL002985,DOC049,FAC003,DEP001,2025-08-15,8,2,0,3,8.7,0.0,16.0,11.5
DWL009245,DOC013,FAC003,DEP005,2022-05-05,4,2,2,4,9.2,2.0,23.0,81.5
DWL000080,DOC030,FAC005,DEP008,2021-02-06,5,3,0,5,9.4,1.4,18.1,32.1
DWL003821,DOC034,FAC004,DEP001,2025-11-26,5,0,1,5,8.2,2.2,17.3,122.2
DWL002335,DOC056,FAC003,DEP001,2022-06-02,7,0,0,3,8.6,0.9,12.2,80.8
DWL000411,DOC004,FAC004,DEP001,2021-10-04,7,1,0,5,8.9,1.1,16.1,44.7
DWL008122,DOC019,FAC004,DEP005,2026-02-27,3,2,0,3,10.7,0.7,11.1,78.5
DWL004266,DOC018,FAC003,DEP007,2021-07-31,6,0,0,4,6.8,0.3,10.8,39.5
DWL012015,DOC023,FAC003,DEP008,2026-12-01,9,3,0,2,9.7,1.1,20.0,129.5
DWL003523,DOC016,FAC001,DEP004,2021-07-16,8,4,1,1,9.6,2.9,26.8,73.8
DWL005889,DOC052,FAC004,DEP002,2022-06-09,15,1,0,4,8.7,1.0,24.7,74.4
DWL003997,DOC057,FAC002,DEP001,2023-11-03,6,1,0,0,6.7,1.1,10.8,76.8
DWL002499,DOC005,FAC005,DEP001,2025-09-05,13,0,1,3,9.1,2.2,25.3,65.7
DWL004194,DOC033,FAC003,DEP003,2025-05-26,9,2,0,5,8.7,2.3,22.2,81.3
DWL001748,DOC020,FAC005,DEP006,2025-02-14,4,0,0,6,9.3,1.3,11.6,64.3
DWL007551,DOC013,FAC003,DEP005,2025-01-16,12,2,1,4,7.7,1.3,27.5,79.9
DWL010165,DOC001,FAC001,DEP001,2026-03-19,8,0,2,3,9.2,1.5,22.2,86.0
DWL003059,DOC044,FAC002,DEP005,2025-04-24,11,0,1,2,6.1,1.4,20.9,95.3
DWL009218,DOC004,FAC004,DEP001,2026-10-03,10,2,0,3,9.2,0.0,18.4,79.2
DWL006157,DOC031,FAC001,DEP001,2025-03-09,5,2,0,1,6.9,2.2,14.1,33.1
DWL009150,DOC059,FAC005,DEP006,2024-04-18,11,1,1,1,8.3,1.7,22.6,50.8
DWL011195,DOC002,FAC002,DEP001,2025-06-19,8,5,0,4,8.1,0.1,22.9,137.5
DWL004128,DOC003,FAC003,DEP001,2024-07-13,4,1,0,5,8.8,1.6,13.2,78.2
DWL013797,DOC043,FAC003,DEP008,2021-04-10,4,0,0,6,8.0,0.5,10.4,63.3
DWL009286,DOC006,FAC001,DEP002,2025-08-21,13,0,1,0,10.7,0.6,20.5,91.9
DWL009490,DOC025,FAC005,DEP007,2024-09-20,3,0,0,3,8.7,2.3,9.4,76.1
DWL000102,DOC049,FAC003,DEP001,2026-04-15,14,3,0,3,9.0,1.9,28.1,95.0
DWL002120,DOC041,FAC005,DEP001,2022-11-03,11,3,1,4,8.3,0.9,27.8,48.4
DWL011060,DOC047,FAC005,DEP006,2025-01-16,9,0,0,3,7.4,1.5,15.4,94.8
DWL013675,DOC058,FAC004,DEP001,2021-05-12,8,2,0,3,8.5,0.1,16.1,92.2
DWL008359,DOC008,FAC003,DEP003,2025-07-15,9,2,0,4,7.6,0.8,19.2,92.6
DWL007820,DOC015,FAC005,DEP005,2023-07-31,10,5,1,7,8.3,1.8,34.3,76.8
DWL003380,DOC036,FAC001,DEP002,2022-10-29,9,1,0,3,7.6,1.6,17.6,61.5
DWL004102,DOC017,FAC002,DEP006,2024-05-30,12,0,0,0,6.2,0.3,14.8,73.8
DWL004468,DOC032,FAC002,DEP002,2023-03-25,7,2,1,1,8.5,0.5,17.9,43.4
DWL005829,DOC042,FAC003,DEP003,2023-11-02,9,1,0,5,7.6,1.0,18.3,61.2
DWL013145,DOC001,FAC001,DEP001,2025-05-10,8,2,1,6,11.9,0.1,22.6,38.6
DWL000281,DOC042,FAC003,DEP003,2023-08-18,10,2,0,1,8.2,0.7,17.9,48.5
DWL009734,DOC055,FAC004,DEP006,2025-11-21,9,2,0,3,8.7,1.4,19.3,102.0
DWL012353,DOC056,FAC003,DEP001,2026-08-27,4,0,0,8,9.0,1.0,12.7,90.3
DWL002100,DOC003,FAC003,DEP001,2025-05-16,11,2,0,4,6.7,1.4,22.5,86.3
DWL003612,DOC055,FAC004,DEP006,2024-01-15,14,2,0,4,8.1,2.5,27.8,78.0
DWL011391,DOC058,FAC004,DEP001,2025-11-07,7,4,0,6,6.9,1.8,23.9,81.5
DWL011777,DOC026,FAC001,DEP008,2022-11-08,3,1,0,4,7.0,0.4,9.4,68.1
DWL002302,DOC028,FAC003,DEP001,2022-05-11,9,0,0,2,8.6,1.2,14.2,73.5
DWL003116,DOC043,FAC003,DEP008,2025-05-05,12,2,1,5,8.0,2.1,29.5,90.6
DWL011375,DOC027,FAC002,DEP001,2025-06-02,10,3,0,4,7.1,0.5,21.9,65.7
DWL004337,DOC016,FAC001,DEP004,2024-05-28,9,1,0,6,8.1,1.0,19.1,100.7
DWL009086,DOC046,FAC001,DEP001,2024-07-11,11,0,0,3,6.3,0.3,16.1,54.6
DWL001227,DOC052,FAC004,DEP002,2021-06-22,2,0,0,2,5.2,1.4,6.1,67.7
DWL001723,DOC005,FAC005,DEP001,2024-03-11,12,1,0,2,8.2,0.6,18.9,77.3
DWL005788,DOC013,FAC003,DEP005,2023-08-27,9,0,2,0,8.6,1.1,20.4,31.2
DWL008285,DOC052,FAC004,DEP002,2023-02-22,1,2,0,0,10.9,0.3,5.7,94.1
DWL003078,DOC024,FAC004,DEP006,2025-11-20,8,1,1,4,8.3,1.2,20.6,77.0
DWL011074,DOC008,FAC003,DEP003,2024-01-25,10,1,0,5,10.7,1.2,19.8,93.4
DWL009482,DOC013,FAC003,DEP005,2021-06-23,10,2,1,2,8.9,1.3,23.6,67.9
DWL009515,DOC058,FAC004,DEP001,2026-01-23,14,0,0,1,7.8,2.8,21.8,77.5
DWL001870,DOC031,FAC001,DEP001,2021-10-28,6,3,0,3,8.5,2.6,19.5,76.5
DWL000103,DOC017,FAC002,DEP006,2024-12-11,16,4,0,2,8.2,0.8,30.0,103.4
DWL001731,DOC015,FAC005,DEP005,2021-07-14,9,0,0,2,8.9,0.8,13.6,82.1
DWL008745,DOC015,FAC005,DEP005,2021-11-07,9,0,1,5,7.3,0.9,20.1,28.4
DWL005099,DOC022,FAC002,DEP007,2026-04-22,5,1,1,3,5.8,0.2,14.7,50.2
DWL007773,DOC027,FAC002,DEP001,2022-06-14,5,0,0,0,6.7,2.0,9.0,28.9
DWL008823,DOC017,FAC002,DEP006,2022-03-27,7,0,0,0,7.5,1.2,10.2,40.6
DWL006713,DOC022,FAC002,DEP007,2022-03-10,10,0,0,0,9.0,0.7,13.1,91.8
DWL004890,DOC056,FAC003,DEP001,2026-04-24,9,2,0,5,7.6,2.8,23.0,99.7
DWL003036,DOC054,FAC003,DEP003,2026-03-13,12,0,0,5,10.6,1.8,21.1,90.8
DWL010695,DOC057,FAC002,DEP001,2025-09-17,7,1,0,6,8.5,2.5,19.0,108.4
DWL013793,DOC026,FAC001,DEP008,2022-12-29,9,1,0,2,9.3,2.2,17.7,48.2
DWL013863,DOC013,FAC003,DEP005,2024-03-21,13,0,0,4,8.3,1.7,21.4,76.5
DWL000456,DOC035,FAC005,DEP001,2022-11-11,11,1,0,5,6.9,0.4,19.8,65.2
DWL009141,DOC029,FAC004,DEP007,2023-06-02,10,0,0,5,6.9,2.7,20.1,63.9
DWL013144,DOC006,FAC001,DEP002,2025-11-29,9,0,0,1,7.8,0.9,12.9,49.8
DWL005235,DOC059,FAC005,DEP006,2024-06-22,9,1,0,4,12.2,0.0,16.0,44.1
DWL011148,DOC042,FAC003,DEP003,2026-11-24,14,3,1,4,11.4,1.4,32.1,87.5
DWL012793,DOC030,FAC005,DEP008,2024-10-25,10,1,1,2,8.4,0.6,20.5,66.1
DWL003593,DOC057,FAC002,DEP001,2025-10-29,14,1,0,5,8.0,0.0,22.8,94.1
DWL013944,DOC048,FAC001,DEP002,2024-05-20,7,4,1,3,10.0,1.8,25.5,53.7
DWL009238,DOC005,FAC005,DEP001,2023-01-17,8,1,0,1,10.7,0.7,13.4,77.6
DWL009902,DOC005,FAC005,DEP001,2022-09-14,11,1,0,2,8.9,0.9,18.2,53.4
DWL006909,DOC023,FAC003,DEP008,2024-06-28,7,1,0,5,9.9,1.0,15.9,79.5
DWL005613,DOC033,FAC003,DEP003,2024-10-03,10,2,0,0,10.9,0.7,17.1,77.5
DWL007920,DOC001,FAC001,DEP001,2022-07-27,7,0,0,4,8.2,0.0,11.6,58.4
DWL002752,DOC038,FAC003,DEP005,2023-04-25,7,1,1,3,7.8,2.2,20.1,85.4
DWL005505,DOC033,FAC003,DEP003,2022-07-11,13,1,0,0,9.7,1.1,19.2,64.9
DWL004032,DOC014,FAC004,DEP004,2025-12-22,5,1,0,4,7.1,1.2,13.0,96.7
DWL012226,DOC008,FAC003,DEP003,2021-07-31,11,2,0,3,6.7,1.5,21.9,37.7
DWL012625,DOC049,FAC003,DEP001,2022-11-23,6,0,0,0,8.3,2.5,10.9,55.2
DWL004561,DOC005,FAC005,DEP001,2026-12-14,9,1,0,4,8.4,2.1,19.1,70.9
DWL010623,DOC034,FAC004,DEP001,2024-11-09,8,3,0,5,9.4,0.4,20.2,24.8
DWL006378,DOC039,FAC004,DEP002,2021-03-18,9,1,0,3,6.6,0.0,15.2,64.1
DWL012311,DOC025,FAC005,DEP007,2024-08-23,8,1,1,5,9.0,0.6,20.5,80.4
DWL012319,DOC017,FAC002,DEP006,2023-07-27,5,0,0,2,8.1,2.1,10.8,87.0
DWL011324,DOC015,FAC005,DEP005,2021-02-26,10,1,0,4,8.0,0.9,18.6,68.3
DWL003992,DOC024,FAC004,DEP006,2024-04-09,16,4,0,6,8.9,0.8,33.2,75.8
DWL001581,DOC049,FAC003,DEP001,2026-11-12,2,4,0,2,6.2,0.7,13.1,53.2
DWL001214,DOC004,FAC004,DEP001,2025-07-31,12,2,0,2,8.0,1.3,21.9,90.6
DWL004070,DOC004,FAC004,DEP001,2026-02-07,7,0,1,7,7.3,0.7,19.1,19.0
DWL000174,DOC020,FAC005,DEP006,2026-05-06,4,0,1,4,8.8,2.0,15.0,81.5
DWL000051,DOC043,FAC003,DEP008,2024-10-10,10,5,0,3,6.7,0.9,25.8,81.0
DWL004193,DOC006,FAC001,DEP002,2022-12-22,5,3,1,5,6.1,0.7,21.1,73.7
DWL004465,DOC001,FAC001,DEP001,2023-09-27,4,0,1,8,8.8,1.7,17.8,79.7
DWL010595,DOC050,FAC003,DEP005,2022-11-05,11,0,0,4,11.5,1.2,18.2,49.6
DWL000400,DOC058,FAC004,DEP001,2022-05-30,8,1,0,6,9.6,0.7,17.4,90.2
DWL000750,DOC007,FAC002,DEP002,2023-02-27,5,1,0,3,8.9,0.8,11.6,48.9
DWL010653,DOC029,FAC004,DEP007,2021-12-10,11,1,1,2,8.6,2.1,24.0,70.9
DWL005959,DOC026,FAC001,DEP008,2024-12-18,10,0,0,4,7.1,0.9,16.6,100.6
DWL010392,DOC012,FAC002,DEP005,2026-06-16,8,1,2,3,9.1,1.9,24.9,61.6
DWL005894,DOC036,FAC001,DEP002,2024-10-11,10,0,0,2,9.0,0.4,14.2,65.1
DWL008344,DOC042,FAC003,DEP003,2022-08-19,9,2,0,7,9.7,1.4,22.5,61.2
DWL003475,DOC059,FAC005,DEP006,2026-10-06,11,3,1,1,8.6,0.7,25.1,59.0
DWL005307,DOC027,FAC002,DEP001,2024-04-13,2,1,0,2,7.2,1.3,8.0,78.8
DWL003533,DOC057,FAC002,DEP001,2023-05-22,10,1,0,3,9.0,2.2,19.7,83.9
DWL014226,DOC001,FAC001,DEP001,2023-02-22,9,2,0,6,5.6,1.3,21.6,63.6
DWL008541,DOC012,FAC002,DEP005,2026-09-15,4,6,0,4,8.4,1.1,21.6,94.1
DWL012685,DOC024,FAC004,DEP006,2024-02-01,9,1,2,6,10.1,1.7,28.1,76.6
DWL012498,DOC024,FAC004,DEP006,2026-08-14,7,5,0,5,7.9,1.7,24.9,106.0
DWL010058,DOC011,FAC001,DEP003,2026-02-26,9,2,0,6,8.2,2.0,22.6,73.2
DWL012277,DOC035,FAC005,DEP001,2021-02-23,10,1,0,1,6.9,0.0,14.8,67.4
DWL006254,DOC032,FAC002,DEP002,2023-04-14,5,1,1,3,8.4,0.9,15.8,39.0
DWL007697,DOC042,FAC003,DEP003,2026-03-18,12,1,0,5,9.1,0.7,21.4,92.2
DWL004112,DOC006,FAC001,DEP002,2023-07-24,9,2,0,7,5.3,1.8,23.1,65.6
DWL001767,DOC013,FAC003,DEP005,2024-03-21,11,1,1,4,8.0,2.0,25.4,72.2
DWL007624,DOC015,FAC005,DEP005,2025-09-15,12,3,0,2,10.8,1.2,23.8,86.8
DWL005350,DOC028,FAC003,DEP001,2026-08-26,13,2,1,6,7.3,0.2,28.7,109.6
DWL004953,DOC045,FAC004,DEP007,2022-06-24,10,3,1,2,8.8,1.0,25.1,87.7
DWL005717,DOC036,FAC001,DEP002,2021-10-13,12,0,0,2,7.2,1.3,17.9,49.9
DWL003602,DOC022,FAC002,DEP007,2026-06-20,6,0,0,2,6.1,0.9,10.1,61.8
DWL006316,DOC028,FAC003,DEP001,2021-11-17,7,0,0,6,9.6,0.0,13.2,19.3
DWL014243,DOC023,FAC003,DEP008,2026-04-15,7,2,0,4,8.7,2.7,19.7,117.8
DWL013708,DOC022,FAC002,DEP007,2023-09-14,10,1,1,3,7.7,0.0,20.4,37.3
DWL010878,DOC009,FAC004,DEP002,2023-04-25,9,0,1,3,7.5,0.4,17.8,95.6
DWL005839,DOC011,FAC001,DEP003,2023-04-30,13,1,1,5,6.2,2.5,29.4,31.2
DWL002922,DOC037,FAC002,DEP005,2025-05-10,4,2,0,0,6.9,1.0,10.3,44.7
DWL005567,DOC007,FAC002,DEP002,2021-10-28,5,2,0,3,6.9,1.9,15.2,68.3
DWL010171,DOC053,FAC005,DEP007,2024-07-18,16,4,1,3,7.9,0.9,35.0,62.2
DWL003828,DOC059,FAC005,DEP006,2024-06-04,12,2,0,5,9.8,0.0,22.4,76.8
DWL009566,DOC011,FAC001,DEP003,2022-08-03,3,2,0,3,7.4,1.1,11.7,89.4
DWL003071,DOC010,FAC005,DEP003,2024-08-23,14,1,0,4,9.0,2.3,25.4,89.7
DWL003775,DOC038,FAC003,DEP005,2024-09-27,6,1,0,5,10.9,1.5,15.4,84.9
DWL008105,DOC020,FAC005,DEP006,2026-02-18,14,1,1,4,10.5,0.8,27.2,75.7
DWL003345,DOC010,FAC005,DEP003,2024-10-10,15,1,0,2,9.6,1.9,24.5,49.8
DWL007866,DOC006,FAC001,DEP002,2025-06-16,14,0,0,5,5.9,0.7,21.9,74.0
DWL013811,DOC038,FAC003,DEP005,2022-05-19,8,2,0,4,7.2,0.1,16.9,38.5
DWL002496,DOC056,FAC003,DEP001,2023-09-07,7,1,0,5,7.3,1.0,15.9,66.7
DWL008109,DOC035,FAC005,DEP001,2023-02-09,7,0,0,3,9.3,0.0,10.8,110.8
DWL005872,DOC020,FAC005,DEP006,2025-02-28,9,2,0,0,6.2,1.4,16.9,90.2
DWL003207,DOC052,FAC004,DEP002,2022-02-16,9,0,0,5,9.0,0.7,15.8,73.4
DWL005043,DOC036,FAC001,DEP002,2026-04-14,7,1,0,1,9.2,0.3,11.7,33.7
DWL008162,DOC027,FAC002,DEP001,2023-07-12,12,1,0,4,8.1,0.0,19.6,105.9
DWL002082,DOC027,FAC002,DEP001,2026-04-12,5,0,0,2,7.6,0.7,8.6,43.8
DWL003064,DOC051,FAC002,DEP005,2023-04-02,6,0,1,4,9.5,0.5,15.1,24.8
DWL014748,DOC049,FAC003,DEP001,2024-12-08,10,1,0,3,8.5,1.1,18.0,34.5
DWL005101,DOC001,FAC001,DEP001,2026-05-15,9,0,1,2,9.7,1.1,18.0,89.9
DWL014438,DOC012,FAC002,DEP005,2026-08-04,9,0,0,4,7.1,0.0,14.0,93.5
DWL014622,DOC026,FAC001,DEP008,2021-11-03,8,0,0,7,10.2,1.7,17.8,39.6
DWL007781,DOC043,FAC003,DEP008,2025-05-20,13,4,0,5,10.2,2.0,30.6,83.9
DWL014936,DOC022,FAC002,DEP007,2026-02-21,10,2,0,2,5.8,1.4,19.7,56.7
DWL001651,DOC037,FAC002,DEP005,2025-08-15,8,1,1,5,7.8,1.2,21.4,42.9
DWL010562,DOC047,FAC005,DEP006,2022-05-05,7,1,0,7,11.5,0.0,16.0,100.4
DWL004871,DOC012,FAC002,DEP005,2024-03-21,9,2,0,3,9.9,0.3,17.6,59.6
DWL014985,DOC017,FAC002,DEP006,2022-12-20,9,0,1,1,10.8,0.0,15.6,62.3
DWL000625,DOC052,FAC004,DEP002,2024-08-24,10,0,0,2,8.5,0.2,13.9,65.3
DWL014540,DOC049,FAC003,DEP001,2022-07-12,8,2,0,6,8.0,2.9,22.8,38.2
DWL012756,DOC004,FAC004,DEP001,2024-10-10,12,3,0,1,8.9,0.3,21.6,39.5
DWL003446,DOC028,FAC003,DEP001,2024-01-29,9,0,0,0,9.8,1.9,13.6,79.4
DWL009995,DOC039,FAC004,DEP002,2025-12-24,8,1,0,2,7.9,0.4,13.8,114.8
DWL005031,DOC059,FAC005,DEP006,2021-02-22,7,1,0,5,7.2,0.9,15.8,60.1
DWL009021,DOC036,FAC001,DEP002,2026-02-16,5,2,0,0,7.2,0.5,10.8,92.9
DWL002678,DOC047,FAC005,DEP006,2023-10-06,12,0,0,6,7.2,0.0,19.2,45.5
DWL008841,DOC008,FAC003,DEP003,2024-07-04,9,1,0,4,10.9,2.2,19.3,81.1
DWL009489,DOC031,FAC001,DEP001,2024-10-16,15,2,0,2,9.9,1.7,26.2,64.7
DWL008188,DOC004,FAC004,DEP001,2024-12-02,8,4,1,2,8.2,1.8,25.9,86.5
DWL003911,DOC045,FAC004,DEP007,2023-11-23,6,1,1,2,10.8,2.1,17.9,61.1
DWL003112,DOC025,FAC005,DEP007,2024-05-12,6,1,0,5,7.1,0.9,14.5,68.3
DWL007376,DOC032,FAC002,DEP002,2024-10-24,7,0,0,6,7.1,1.1,14.9,74.1
DWL000009,DOC058,FAC004,DEP001,2021-05-31,15,1,0,1,6.9,0.2,21.1,44.3
DWL002797,DOC035,FAC005,DEP001,2022-12-08,6,0,0,4,9.0,1.6,12.8,59.3
DWL002190,DOC048,FAC001,DEP002,2024-01-07,12,0,0,4,8.4,0.5,18.3,27.9
DWL008388,DOC058,FAC004,DEP001,2026-05-10,13,1,1,5,7.8,0.0,25.6,29.0
DWL002500,DOC029,FAC004,DEP007,2022-06-29,7,0,0,4,9.9,1.7,14.2,72.7
DWL000451,DOC057,FAC002,DEP001,2025-06-10,6,2,0,4,6.3,0.5,15.1,73.8
DWL010147,DOC028,FAC003,DEP001,2026-04-13,7,3,0,6,7.0,0.8,20.4,94.5
DWL006867,DOC045,FAC004,DEP007,2022-05-14,7,0,1,4,7.7,1.2,17.4,41.2
DWL004029,DOC058,FAC004,DEP001,2026-11-01,4,1,0,1,8.8,0.4,8.2,40.1
DWL003403,DOC020,FAC005,DEP006,2023-06-21,4,0,0,5,7.5,0.6,9.7,57.3
DWL014460,DOC010,FAC005,DEP003,2022-07-22,3,1,0,3,9.3,0.0,8.0,87.4
DWL004348,DOC015,FAC005,DEP005,2021-05-05,5,0,0,3,9.1,2.4,12.0,38.7
DWL002299,DOC008,FAC003,DEP003,2026-11-29,12,0,0,5,6.8,0.9,19.8,36.6
DWL000182,DOC047,FAC005,DEP006,2023-12-15,12,0,0,4,8.8,0.7,18.6,78.1
DWL014092,DOC032,FAC002,DEP002,2022-03-15,10,1,1,3,8.1,0.0,20.4,82.4
DWL003316,DOC004,FAC004,DEP001,2026-08-04,7,1,0,4,9.2,0.6,14.5,97.7
DWL014230,DOC019,FAC004,DEP005,2021-11-01,14,0,0,7,9.6,1.1,24.1,85.5
DWL012550,DOC037,FAC002,DEP005,2025-04-22,7,1,0,5,9.9,1.8,17.1,89.9
DWL005702,DOC055,FAC004,DEP006,2024-02-04,12,0,0,0,9.9,0.0,14.4,41.5
DWL008619,DOC015,FAC005,DEP005,2026-07-29,14,1,1,0,9.3,1.2,24.6,84.2
DWL014194,DOC015,FAC005,DEP005,2024-01-22,13,3,0,3,8.3,0.6,24.9,93.1
DWL010885,DOC055,FAC004,DEP006,2026-06-13,1,0,1,5,7.8,1.2,11.0,40.1
DWL001321,DOC029,FAC004,DEP007,2023-10-13,7,0,0,5,9.7,0.7,13.4,59.3
DWL011674,DOC038,FAC003,DEP005,2026-12-30,13,1,0,4,7.5,1.3,22.8,97.6
DWL010816,DOC048,FAC001,DEP002,2021-11-24,8,1,2,2,10.4,1.3,23.2,71.9
DWL004591,DOC017,FAC002,DEP006,2025-07-25,9,0,1,5,6.7,1.9,21.6,85.9
DWL011246,DOC042,FAC003,DEP003,2024-04-22,9,1,0,4,8.7,1.2,17.8,82.5
DWL004722,DOC042,FAC003,DEP003,2025-07-02,8,0,1,5,8.0,2.2,20.9,83.6
DWL013089,DOC006,FAC001,DEP002,2026-10-01,9,1,0,4,10.1,2.1,19.1,77.1
DWL004130,DOC018,FAC003,DEP007,2022-03-31,8,1,0,4,9.6,1.2,16.6,54.8
DWL000773,DOC015,FAC005,DEP005,2024-07-11,13,1,0,1,8.9,1.0,19.9,90.2
DWL010339,DOC029,FAC004,DEP007,2024-05-31,10,1,2,7,8.5,0.6,28.5,85.8
DWL013633,DOC012,FAC002,DEP005,2023-12-29,13,3,0,5,7.7,0.9,27.0,83.2
DWL000285,DOC012,FAC002,DEP005,2026-04-12,8,1,0,1,10.7,0.0,12.4,46.6
DWL010442,DOC054,FAC003,DEP003,2024-02-19,5,1,0,0,7.6,1.9,10.8,105.5
DWL014652,DOC005,FAC005,DEP001,2021-05-05,7,3,0,3,9.3,1.1,18.4,44.7
DWL006648,DOC031,FAC001,DEP001,2021-01-26,10,0,0,4,11.1,0.0,15.2,39.7
DWL000327,DOC036,FAC001,DEP002,2026-11-17,11,0,0,5,7.2,0.5,17.9,70.7
DWL008271,DOC001,FAC001,DEP001,2026-02-16,7,1,1,5,9.0,0.7,19.4,104.7
DWL013941,DOC058,FAC004,DEP001,2025-06-25,8,0,0,1,9.8,0.0,10.4,124.9
DWL010342,DOC044,FAC002,DEP005,2023-03-13,9,0,0,2,6.4,1.1,14.0,75.4
DWL001492,DOC034,FAC004,DEP001,2024-01-17,14,1,0,3,7.9,1.2,23.0,72.7
DWL005707,DOC053,FAC005,DEP007,2023-05-21,9,0,0,0,10.8,1.6,13.2,27.7
DWL004099,DOC047,FAC005,DEP006,2023-07-03,13,3,1,4,9.2,0.5,29.6,78.8
DWL005647,DOC009,FAC004,DEP002,2023-07-15,9,0,1,1,8.6,1.5,17.9,74.2
DWL005514,DOC041,FAC005,DEP001,2024-04-30,12,3,0,4,8.0,0.2,23.9,41.4
DWL006730,DOC007,FAC002,DEP002,2022-10-20,4,2,0,4,7.9,1.3,13.9,71.7
DWL012429,DOC055,FAC004,DEP006,2022-11-16,6,1,1,7,11.2,1.9,21.6,66.0
DWL011914,DOC016,FAC001,DEP004,2026-10-06,9,3,1,6,9.2,0.7,26.6,94.4
DWL008061,DOC052,FAC004,DEP002,2026-07-19,10,0,0,5,6.2,0.0,16.0,37.6
DWL014246,DOC017,FAC002,DEP006,2025-03-31,3,0,1,3,11.0,1.2,11.8,59.7
DWL003044,DOC017,FAC002,DEP006,2024-11-23,3,1,0,2,5.2,0.0,7.2,73.7
DWL004895,DOC027,FAC002,DEP001,2023-02-26,6,2,1,1,8.1,0.1,16.1,18.8
DWL006792,DOC055,FAC004,DEP006,2024-12-21,10,1,1,4,7.0,1.5,23.4,67.3
DWL008411,DOC022,FAC002,DEP007,2025-05-26,9,1,0,4,6.8,0.3,16.4,87.2
DWL004547,DOC002,FAC002,DEP001,2022-02-15,5,1,0,3,8.4,1.3,12.4,72.2
DWL002484,DOC016,FAC001,DEP004,2026-10-06,10,0,1,5,7.3,0.0,20.0,82.3
DWL004963,DOC030,FAC005,DEP008,2024-10-11,9,0,0,1,7.9,1.8,14.3,65.2
DWL014314,DOC034,FAC004,DEP001,2023-03-12,9,1,0,6,9.0,1.2,19.4,74.6
DWL003548,DOC011,FAC001,DEP003,2022-01-24,4,4,0,1,8.9,0.5,14.4,41.9
DWL004554,DOC047,FAC005,DEP006,2021-04-28,8,2,2,3,7.6,0.6,24.9,39.2
DWL003014,DOC021,FAC001,DEP005,2025-07-21,6,1,0,2,10.8,2.0,13.8,68.3
DWL008723,DOC014,FAC004,DEP004,2026-12-06,4,0,0,3,9.1,1.2,9.0,32.7
DWL006126,DOC053,FAC005,DEP007,2024-01-17,12,5,1,3,10.0,1.1,32.4,113.5
DWL001912,DOC015,FAC005,DEP005,2021-02-11,11,0,1,4,8.9,0.2,20.7,81.8
DWL008911,DOC050,FAC003,DEP005,2021-01-07,12,1,1,4,8.4,2.5,27.3,58.9
DWL011051,DOC029,FAC004,DEP007,2024-12-04,6,3,0,1,6.5,1.4,16.1,112.9
DWL001936,DOC029,FAC004,DEP007,2026-07-07,10,1,2,2,11.0,1.5,25.9,101.3
DWL004376,DOC047,FAC005,DEP006,2023-02-06,8,1,0,1,6.8,0.6,13.3,73.8
DWL008787,DOC034,FAC004,DEP001,2026-02-16,12,0,0,3,9.0,1.7,19.3,91.6
DWL003195,DOC043,FAC003,DEP008,2024-08-26,9,2,1,3,7.7,1.3,23.1,71.6
DWL008350,DOC060,FAC005,DEP006,2023-09-26,6,0,0,6,6.8,0.0,12.0,46.0
DWL004630,DOC047,FAC005,DEP006,2025-09-27,7,1,0,0,8.2,0.9,11.8,46.5
DWL006844,DOC006,FAC001,DEP002,2021-07-21,7,2,1,5,10.1,0.0,20.4,70.6
DWL000978,DOC038,FAC003,DEP005,2024-12-07,12,1,0,5,6.9,0.0,20.4,61.7
DWL006683,DOC004,FAC004,DEP001,2022-04-13,9,1,0,3,9.5,0.9,16.6,60.6
DWL014818,DOC016,FAC001,DEP004,2025-07-21,9,2,1,6,7.6,2.2,26.9,80.5
DWL012964,DOC017,FAC002,DEP006,2023-11-21,7,1,0,6,6.1,0.7,16.2,86.6
DWL010639,DOC004,FAC004,DEP001,2025-10-07,5,1,1,4,8.9,0.7,16.2,82.3
DWL013107,DOC049,FAC003,DEP001,2022-12-01,9,0,2,0,7.1,1.0,20.3,72.3
DWL009614,DOC009,FAC004,DEP002,2025-03-26,7,5,0,2,9.3,0.9,21.4,78.2
DWL009202,DOC039,FAC004,DEP002,2022-06-27,11,0,0,5,8.9,1.3,19.1,72.9
DWL009442,DOC014,FAC004,DEP004,2026-04-13,7,0,0,5,8.1,1.2,14.2,94.2
DWL003456,DOC019,FAC004,DEP005,2022-11-13,3,0,1,2,10.8,1.3,11.1,35.7
DWL008318,DOC028,FAC003,DEP001,2023-10-29,6,1,1,3,10.1,0.0,15.6,12.6
DWL011472,DOC045,FAC004,DEP007,2022-06-08,8,3,0,5,8.3,2.1,22.8,80.1
DWL009028,DOC017,FAC002,DEP006,2023-12-26,8,3,0,1,8.5,2.5,20.1,79.4
DWL013100,DOC027,FAC002,DEP001,2026-09-03,11,2,0,6,6.4,0.8,23.2,90.4
DWL003483,DOC023,FAC003,DEP008,2022-08-12,12,0,1,0,7.2,1.1,20.0,61.8
DWL003326,DOC054,FAC003,DEP003,2024-01-11,8,0,0,5,8.3,0.8,14.8,63.6
DWL010629,DOC049,FAC003,DEP001,2026-04-27,13,3,0,5,7.5,1.8,28.3,84.8
DWL012824,DOC054,FAC003,DEP003,2022-04-11,7,0,0,4,8.8,1.1,13.3,84.8
DWL003488,DOC007,FAC002,DEP002,2022-06-13,15,0,0,2,8.6,1.1,21.2,52.2
DWL013821,DOC058,FAC004,DEP001,2026-05-08,9,4,0,5,7.4,0.6,23.7,79.0
DWL011712,DOC037,FAC002,DEP005,2023-08-11,11,2,0,4,11.1,0.5,21.1,94.8
DWL005206,DOC026,FAC001,DEP008,2026-02-17,6,0,0,1,7.3,2.6,11.9,101.6
DWL014802,DOC039,FAC004,DEP002,2021-09-16,4,3,2,4,7.8,1.5,24.2,68.5
DWL014855,DOC035,FAC005,DEP001,2021-01-27,15,0,0,2,9.3,1.7,22.2,73.2
DWL009244,DOC023,FAC003,DEP008,2022-09-23,4,1,0,2,6.2,2.9,12.8,79.9
DWL008969,DOC004,FAC004,DEP001,2026-08-30,5,2,1,3,9.1,1.2,18.2,60.1
DWL005923,DOC023,FAC003,DEP008,2024-02-26,11,2,1,7,8.5,1.6,29.2,72.0
DWL006046,DOC030,FAC005,DEP008,2021-02-06,11,2,0,7,7.5,0.0,22.8,17.7
DWL006877,DOC022,FAC002,DEP007,2023-03-06,2,0,0,7,9.0,1.9,10.8,67.3
DWL008257,DOC039,FAC004,DEP002,2024-12-17,12,3,1,4,10.8,0.0,27.6,67.0
DWL003823,DOC042,FAC003,DEP003,2026-08-26,11,0,1,3,9.5,1.5,21.9,106.3
DWL001434,DOC003,FAC003,DEP001,2024-06-05,7,1,0,2,7.3,2.0,15.0,77.5
DWL012558,DOC002,FAC002,DEP001,2026-02-24,8,3,0,4,7.9,1.1,20.4,98.2
DWL014146,DOC043,FAC003,DEP008,2026-01-29,8,0,2,1,7.7,1.2,20.2,83.8
DWL003510,DOC054,FAC003,DEP003,2022-10-13,12,0,0,2,9.5,1.3,17.9,77.1
DWL008531,DOC017,FAC002,DEP006,2026-02-06,9,4,0,6,9.1,1.1,25.2,78.1
DWL011949,DOC030,FAC005,DEP008,2022-08-26,9,0,0,4,7.9,0.6,14.9,55.5
DWL009645,DOC049,FAC003,DEP001,2021-05-28,10,0,1,4,8.6,1.7,21.8,44.8
DWL009508,DOC019,FAC004,DEP005,2022-06-17,8,1,0,1,9.0,1.9,15.2,41.6
DWL004342,DOC051,FAC002,DEP005,2022-05-18,8,5,0,3,8.2,0.0,22.0,71.3
DWL005501,DOC035,FAC005,DEP001,2021-11-16,6,1,0,0,7.7,0.3,9.6,41.2
DWL014396,DOC050,FAC003,DEP005,2026-12-08,9,1,0,0,7.7,0.9,14.1,104.8
DWL012749,DOC038,FAC003,DEP005,2026-08-14,10,1,1,5,6.6,0.5,22.8,94.7
DWL011733,DOC007,FAC002,DEP002,2024-02-08,16,1,0,2,7.9,0.2,23.1,66.5
DWL001218,DOC028,FAC003,DEP001,2024-04-29,8,0,1,5,10.0,2.2,20.9,61.9
DWL001311,DOC021,FAC001,DEP005,2025-02-12,9,0,0,6,10.8,0.0,15.6,80.4
DWL009333,DOC024,FAC004,DEP006,2024-07-12,8,2,0,3,8.7,0.6,16.9,106.6
DWL007291,DOC039,FAC004,DEP002,2025-05-15,8,1,1,4,8.1,1.8,21.5,87.8
DWL004650,DOC039,FAC004,DEP002,2022-09-15,16,1,1,2,9.4,0.0,26.8,57.7
DWL005415,DOC051,FAC002,DEP005,2026-01-26,8,0,0,4,9.0,0.0,12.8,24.2
DWL011728,DOC019,FAC004,DEP005,2026-05-02,8,2,0,4,7.6,0.1,16.9,86.8
DWL003486,DOC016,FAC001,DEP004,2025-06-15,12,0,0,5,10.7,0.0,18.4,34.6
DWL000178,DOC060,FAC005,DEP006,2021-07-14,8,2,0,6,7.8,1.9,21.2,73.4
DWL002352,DOC051,FAC002,DEP005,2023-12-08,4,6,2,4,8.7,1.6,30.4,93.0
DWL007496,DOC016,FAC001,DEP004,2021-09-21,10,0,0,4,7.7,0.7,16.2,53.6
DWL000458,DOC034,FAC004,DEP001,2022-09-29,7,2,0,3,10.2,2.1,18.0,48.8
DWL005095,DOC005,FAC005,DEP001,2021-04-02,2,0,1,3,7.2,0.0,8.8,48.3
DWL010826,DOC041,FAC005,DEP001,2025-04-29,7,2,0,2,10.2,1.1,15.7,87.7
DWL001698,DOC060,FAC005,DEP006,2021-02-01,12,3,0,3,8.6,1.2,24.6,26.8
DWL000064,DOC041,FAC005,DEP001,2025-04-08,10,1,0,5,10.0,0.8,19.2,72.6
DWL011068,DOC003,FAC003,DEP001,2025-11-05,12,2,0,4,8.7,1.8,24.3,72.0
DWL012272,DOC036,FAC001,DEP002,2026-08-27,5,1,0,4,8.1,2.2,14.5,94.3
DWL006196,DOC004,FAC004,DEP001,2023-05-23,6,0,0,4,7.6,0.8,11.6,85.2
DWL011101,DOC038,FAC003,DEP005,2026-05-27,9,1,1,2,7.7,0.5,19.1,82.8
DWL012994,DOC025,FAC005,DEP007,2021-08-13,9,2,0,0,8.5,0.0,14.8,43.1
DWL006680,DOC055,FAC004,DEP006,2026-03-17,6,1,1,4,7.0,1.8,19.1,77.9
DWL008948,DOC001,FAC001,DEP001,2025-08-08,9,3,0,1,8.2,2.2,20.9,96.3
DWL004982,DOC060,FAC005,DEP006,2025-09-09,12,2,0,3,8.3,1.4,22.9,68.1
DWL006001,DOC042,FAC003,DEP003,2024-02-17,4,1,0,1,7.6,2.1,10.8,31.6
DWL006138,DOC019,FAC004,DEP005,2024-02-19,10,2,1,5,9.1,0.9,25.4,71.4
DWL010069,DOC050,FAC003,DEP005,2021-08-08,10,0,0,5,8.4,0.7,17.1,42.0
DWL010298,DOC001,FAC001,DEP001,2021-03-16,10,1,0,6,9.8,0.7,19.9,50.4
DWL004849,DOC045,FAC004,DEP007,2023-08-18,9,3,0,1,10.0,1.1,19.2,74.9
DWL009544,DOC009,FAC004,DEP002,2023-08-12,9,1,0,3,10.2,1.6,17.6,72.8
DWL006685,DOC040,FAC005,DEP003,2021-01-21,11,1,0,7,8.6,2.6,24.7,71.0
DWL005291,DOC008,FAC003,DEP003,2021-04-29,7,0,0,3,9.1,0.0,10.8,90.4
DWL008795,DOC016,FAC001,DEP004,2022-10-28,9,1,0,0,6.9,2.8,17.0,51.5
DWL003493,DOC028,FAC003,DEP001,2025-12-27,9,0,1,3,9.5,3.2,22.0,80.2
DWL011640,DOC012,FAC002,DEP005,2025-07-07,11,0,0,1,6.1,1.0,15.5,107.5
DWL001685,DOC018,FAC003,DEP007,2023-09-05,6,1,1,4,8.7,1.2,18.2,83.2
DWL012166,DOC051,FAC002,DEP005,2024-11-09,4,0,0,3,9.8,0.2,7.5,49.3
DWL000796,DOC036,FAC001,DEP002,2025-02-19,14,0,0,3,8.6,0.9,20.6,81.0
DWL007342,DOC007,FAC002,DEP002,2024-06-03,5,3,0,1,6.3,1.6,15.2,78.9
DWL010784,DOC037,FAC002,DEP005,2023-01-19,7,0,0,3,8.9,1.9,13.7,82.2
DWL006689,DOC016,FAC001,DEP004,2025-12-04,12,0,0,3,7.0,1.8,19.5,99.2
DWL003388,DOC022,FAC002,DEP007,2026-06-05,10,2,0,5,6.4,0.7,21.1,98.2
DWL007303,DOC026,FAC001,DEP008,2021-03-16,8,2,0,2,10.5,0.1,15.3,58.1
DWL000634,DOC015,FAC005,DEP005,2022-06-18,6,2,0,5,10.5,0.0,15.2,36.2
DWL000564,DOC045,FAC004,DEP007,2024-05-28,5,3,0,6,10.2,0.0,16.8,79.2
DWL011889,DOC048,FAC001,DEP002,2024-08-14,7,0,1,1,7.4,1.2,15.0,101.8
DWL004415,DOC006,FAC001,DEP002,2023-04-19,11,2,0,3,7.5,1.3,21.6,61.8
DWL003107,DOC010,FAC005,DEP003,2025-03-29,6,0,0,4,7.8,1.5,12.6,55.8
DWL008269,DOC015,FAC005,DEP005,2026-04-23,13,2,0,8,8.2,2.4,29.6,101.6
DWL014398,DOC028,FAC003,DEP001,2023-06-06,9,0,1,0,7.2,0.3,15.2,82.0
DWL001412,DOC007,FAC002,DEP002,2021-09-25,12,0,0,8,8.0,0.6,21.7,24.5
DWL005021,DOC056,FAC003,DEP001,2026-07-24,7,0,0,3,9.6,2.4,14.4,110.1
DWL008009,DOC053,FAC005,DEP007,2025-07-10,10,4,0,5,8.2,2.1,27.1,116.6
DWL006097,DOC014,FAC004,DEP004,2023-03-14,4,1,0,6,8.5,2.9,16.0,92.6
DWL004862,DOC035,FAC005,DEP001,2021-11-17,11,1,0,2,8.7,1.9,19.6,53.2
DWL004360,DOC052,FAC004,DEP002,2024-06-23,8,0,0,4,8.9,0.2,13.1,24.7
DWL013650,DOC028,FAC003,DEP001,2025-08-14,10,3,0,0,7.6,1.6,20.4,93.3
DWL011697,DOC031,FAC001,DEP001,2026-10-26,8,0,0,4,6.5,0.8,14.0,86.7
DWL014967,DOC005,FAC005,DEP001,2024-03-25,9,1,1,3,7.0,1.5,21.4,93.9
DWL009626,DOC040,FAC005,DEP003,2023-02-13,12,1,0,1,8.8,1.1,18.8,75.0
DWL007235,DOC031,FAC001,DEP001,2022-05-30,12,2,0,0,6.6,2.4,22.0,70.0
DWL006106,DOC023,FAC003,DEP008,2025-08-06,11,1,0,6,9.7,1.4,22.1,85.1
DWL006139,DOC051,FAC002,DEP005,2025-06-16,9,1,0,6,9.0,2.0,20.6,80.7
DWL011663,DOC026,FAC001,DEP008,2024-02-07,2,1,0,5,9.7,0.0,8.4,69.5
DWL012023,DOC060,FAC005,DEP006,2025-08-04,12,0,0,7,7.3,2.5,23.8,91.3
DWL012651,DOC038,FAC003,DEP005,2022-03-04,3,0,0,6,7.6,0.0,8.4,79.9
DWL011132,DOC059,FAC005,DEP006,2022-04-01,8,1,1,7,11.2,0.3,21.6,48.3
DWL002956,DOC038,FAC003,DEP005,2022-02-15,5,1,1,5,11.8,0.0,16.0,40.0
DWL006282,DOC017,FAC002,DEP006,2026-09-05,7,2,0,4,7.2,2.7,19.7,37.7
DWL004607,DOC054,FAC003,DEP003,2023-03-16,10,1,0,0,7.8,0.2,14.3,102.7
DWL006537,DOC017,FAC002,DEP006,2026-11-26,7,2,0,8,10.3,1.3,20.8,105.5
DWL000408,DOC015,FAC005,DEP005,2025-10-24,7,0,2,4,8.3,1.4,21.7,55.2
DWL009001,DOC051,FAC002,DEP005,2026-06-01,17,2,1,4,8.1,0.4,32.2,57.5
DWL013827,DOC018,FAC003,DEP007,2022-06-01,7,1,0,2,7.8,1.2,13.8,78.1
DWL003046,DOC021,FAC001,DEP005,2025-09-11,2,2,0,6,8.3,2.1,14.4,80.7
DWL006809,DOC029,FAC004,DEP007,2026-12-03,8,1,2,7,10.0,1.0,26.7,93.8
DWL007650,DOC003,FAC003,DEP001,2026-07-02,13,3,1,4,7.6,2.2,32.1,75.9
DWL013694,DOC014,FAC004,DEP004,2022-01-02,5,0,0,1,8.6,0.2,7.1,21.4
DWL012844,DOC035,FAC005,DEP001,2023-12-22,7,2,0,4,7.0,1.3,17.6,59.2
DWL005921,DOC017,FAC002,DEP006,2021-12-03,13,2,1,4,5.7,1.4,28.9,79.3
DWL004654,DOC022,FAC002,DEP007,2024-12-14,9,1,1,3,9.0,0.2,19.5,79.6
DWL002406,DOC003,FAC003,DEP001,2023-10-07,8,2,0,4,8.2,1.1,18.4,49.8
DWL009535,DOC024,FAC004,DEP006,2023-07-13,9,2,0,1,7.7,1.2,17.4,79.4
DWL002877,DOC041,FAC005,DEP001,2026-09-04,11,1,1,3,10.0,0.7,22.7,84.8
DWL009297,DOC016,FAC001,DEP004,2022-11-15,12,1,0,4,10.4,0.5,20.3,68.6
DWL007815,DOC011,FAC001,DEP003,2025-01-10,13,3,0,2,8.5,0.5,24.0,97.7
DWL005703,DOC018,FAC003,DEP007,2023-06-13,3,1,0,3,8.7,0.0,8.0,76.5
DWL010714,DOC039,FAC004,DEP002,2023-12-10,7,0,0,4,8.7,0.7,12.7,67.4
DWL000684,DOC014,FAC004,DEP004,2023-11-07,9,2,0,5,7.6,2.0,21.8,64.7
DWL004748,DOC029,FAC004,DEP007,2025-04-27,8,0,0,1,9.4,0.0,10.4,58.5
DWL001079,DOC036,FAC001,DEP002,2025-05-31,7,3,1,3,9.3,2.0,23.8,44.9
DWL014199,DOC007,FAC002,DEP002,2022-05-14,2,0,1,3,10.8,0.0,8.8,40.7
DWL009346,DOC034,FAC004,DEP001,2026-09-17,12,0,0,3,4.8,1.9,19.6,97.4
DWL013905,DOC035,FAC005,DEP001,2026-04-10,11,2,1,0,8.3,0.9,22.6,109.1
DWL003707,DOC048,FAC001,DEP002,2026-12-08,9,1,0,2,9.2,0.4,15.0,80.6
DWL013992,DOC034,FAC004,DEP001,2022-09-02,10,0,0,3,8.6,0.6,15.3,55.0
DWL012167,DOC050,FAC003,DEP005,2021-05-11,6,2,0,2,9.9,0.2,13.1,68.3
DWL013080,DOC058,FAC004,DEP001,2025-12-17,11,2,0,5,9.6,2.5,24.9,79.8
DWL000748,DOC045,FAC004,DEP007,2022-02-19,8,1,1,0,9.6,0.4,16.2,35.5
DWL004408,DOC010,FAC005,DEP003,2022-12-08,9,0,0,3,10.2,1.0,14.7,69.0
DWL007682,DOC001,FAC001,DEP001,2026-01-16,10,1,1,1,6.3,1.5,21.1,92.7
DWL012692,DOC024,FAC004,DEP006,2025-07-31,8,0,1,3,9.6,1.2,17.8,86.6
DWL007714,DOC049,FAC003,DEP001,2024-07-09,8,2,0,3,7.4,0.1,16.1,64.6
DWL004820,DOC043,FAC003,DEP008,2023-08-09,5,3,1,3,7.4,0.8,19.6,96.0
DWL000591,DOC021,FAC001,DEP005,2026-10-14,7,2,1,3,9.1,2.3,22.2,78.1
DWL006827,DOC005,FAC005,DEP001,2026-05-24,7,1,0,4,9.0,0.2,13.9,23.5
DWL002021,DOC005,FAC005,DEP001,2025-10-31,5,3,1,1,10.9,1.7,19.4,79.9
DWL006182,DOC015,FAC005,DEP005,2021-09-09,7,1,0,4,7.6,2.0,16.6,51.1
DWL011080,DOC047,FAC005,DEP006,2022-04-02,10,1,0,1,7.6,1.7,17.4,60.6
DWL006851,DOC021,FAC001,DEP005,2022-03-09,9,2,0,1,9.0,0.8,16.8,35.8
DWL008904,DOC012,FAC002,DEP005,2024-12-26,11,0,0,5,9.5,0.0,17.2,83.6
DWL007108,DOC049,FAC003,DEP001,2024-04-22,13,0,0,2,10.8,2.5,20.9,94.2
DWL006432,DOC027,FAC002,DEP001,2025-12-18,9,2,0,1,8.6,1.4,17.7,86.8
DWL011981,DOC054,FAC003,DEP003,2021-05-11,13,1,0,3,9.0,0.0,20.0,87.3
DWL002450,DOC042,FAC003,DEP003,2022-01-14,17,1,0,3,4.1,1.4,26.9,78.6
DWL001945,DOC002,FAC002,DEP001,2021-04-09,10,0,0,0,9.1,0.1,12.2,32.5
DWL011357,DOC059,FAC005,DEP006,2024-01-16,9,1,0,5,6.8,1.9,19.6,77.6
DWL005986,DOC053,FAC005,DEP007,2024-12-19,6,3,0,4,5.8,1.4,18.5,81.9
DWL009469,DOC051,FAC002,DEP005,2021-08-27,0,1,0,3,8.0,0.0,4.4,63.0
DWL013087,DOC045,FAC004,DEP007,2025-10-01,13,1,0,4,7.6,2.1,24.0,58.2
DWL000474,DOC003,FAC003,DEP001,2026-02-23,5,2,0,0,8.4,2.3,13.4,98.0
DWL002596,DOC022,FAC002,DEP007,2023-11-10,11,0,0,2,8.6,0.8,16.0,69.1
DWL011718,DOC057,FAC002,DEP001,2024-12-21,7,0,1,3,10.2,1.1,16.4,57.0
DWL003903,DOC050,FAC003,DEP005,2021-08-19,10,0,0,5,10.8,0.9,17.4,54.0
DWL006215,DOC042,FAC003,DEP003,2024-08-29,8,1,0,0,12.0,1.0,13.1,66.8
DWL008998,DOC045,FAC004,DEP007,2025-03-13,11,1,0,3,10.9,0.9,19.0,94.5
DWL009394,DOC034,FAC004,DEP001,2021-12-21,12,2,2,9,6.8,0.5,34.4,59.1
DWL012642,DOC045,FAC004,DEP007,2026-08-02,14,1,0,6,9.8,0.3,24.1,51.3
DWL013871,DOC024,FAC004,DEP006,2025-07-10,5,2,0,1,11.6,1.7,13.4,96.7
DWL011062,DOC003,FAC003,DEP001,2024-08-11,8,0,0,6,6.1,0.0,14.4,32.4
DWL008178,DOC048,FAC001,DEP002,2022-06-24,9,2,0,0,8.8,0.7,15.8,84.4
DWL011020,DOC033,FAC003,DEP003,2025-12-01,9,0,1,6,8.0,1.2,21.4,92.6
DWL009055,DOC054,FAC003,DEP003,2021-01-18,12,1,0,2,6.6,0.5,18.8,49.3
DWL002096,DOC048,FAC001,DEP002,2025-01-05,12,1,1,6,9.5,0.3,25.6,42.4
DWL005100,DOC011,FAC001,DEP003,2024-07-03,16,1,0,4,5.9,2.3,27.8,63.8
DWL002928,DOC057,FAC002,DEP001,2023-08-17,5,2,0,1,9.2,1.6,13.2,88.0
DWL000587,DOC058,FAC004,DEP001,2025-05-22,10,2,0,4,9.8,1.3,21.1,106.3
DWL005386,DOC024,FAC004,DEP006,2024-12-16,12,2,1,0,7.9,1.0,23.9,86.2
DWL011656,DOC001,FAC001,DEP001,2024-05-25,12,1,2,3,7.6,0.0,26.8,48.3
DWL001845,DOC051,FAC002,DEP005,2026-11-08,12,1,0,5,9.3,2.4,24.0,54.3
DWL011606,DOC037,FAC002,DEP005,2025-02-24,5,2,0,7,5.6,1.6,18.0,69.5
DWL014723,DOC017,FAC002,DEP006,2024-02-25,7,0,1,5,9.8,0.0,16.4,23.4
DWL012695,DOC048,FAC001,DEP002,2025-12-03,11,1,1,4,7.1,2.4,26.0,124.6
DWL014701,DOC026,FAC001,DEP008,2022-08-09,13,1,0,3,9.4,0.0,20.0,71.8
DWL004639,DOC046,FAC001,DEP001,2026-05-04,12,0,1,2,7.3,1.9,22.9,103.7
DWL002237,DOC031,FAC001,DEP001,2025-12-01,12,1,0,5,9.7,0.8,21.6,85.8
DWL010364,DOC009,FAC004,DEP002,2025-10-16,7,2,0,2,9.5,0.9,15.3,61.1
DWL007223,DOC029,FAC004,DEP007,2026-07-17,9,4,0,3,9.3,2.3,24.6,117.2
DWL005108,DOC011,FAC001,DEP003,2025-12-13,10,0,0,2,7.5,0.0,13.6,57.2
DWL010495,DOC054,FAC003,DEP003,2023-07-27,4,1,0,6,8.8,1.3,13.6,63.9
DWL008299,DOC039,FAC004,DEP002,2026-01-14,9,0,0,6,11.0,2.0,18.6,87.1
DWL011814,DOC020,FAC005,DEP006,2022-08-26,5,0,1,3,6.5,1.3,14.4,62.3
DWL014170,DOC005,FAC005,DEP001,2021-07-28,2,1,0,2,9.6,0.7,7.0,76.6
DWL014942,DOC042,FAC003,DEP003,2023-09-12,5,1,0,2,7.8,1.8,12.3,51.9
DWL010237,DOC020,FAC005,DEP006,2024-07-05,12,2,1,4,7.6,1.1,27.2,94.1
DWL009954,DOC020,FAC005,DEP006,2021-07-05,8,0,0,4,8.5,0.5,13.6,72.7
DWL004829,DOC023,FAC003,DEP008,2022-09-25,10,1,0,2,6.6,0.0,15.6,57.1
DWL005816,DOC003,FAC003,DEP001,2025-03-07,6,1,0,5,5.9,1.8,15.9,92.2
DWL011318,DOC038,FAC003,DEP005,2026-07-02,8,2,0,6,6.8,0.9,19.8,79.1
DWL004792,DOC056,FAC003,DEP001,2021-08-02,5,1,0,4,7.4,0.7,12.2,60.0
DWL009989,DOC016,FAC001,DEP004,2022-07-28,11,2,0,3,8.4,1.7,22.2,67.1
DWL006919,DOC055,FAC004,DEP006,2024-01-16,14,1,0,2,7.9,0.6,21.3,85.4
DWL000994,DOC032,FAC002,DEP002,2025-08-18,15,1,0,3,8.7,1.0,23.9,89.3
DWL003996,DOC023,FAC003,DEP008,2023-06-10,9,3,0,6,9.2,0.5,22.3,62.5
DWL004960,DOC044,FAC002,DEP005,2023-11-29,3,1,0,5,7.1,1.2,11.4,82.2
DWL003188,DOC057,FAC002,DEP001,2025-05-23,10,0,0,2,10.2,0.8,14.8,81.1
DWL001922,DOC016,FAC001,DEP004,2026-08-18,8,2,0,2,8.7,1.9,18.0,95.9
DWL006348,DOC046,FAC001,DEP001,2024-08-06,15,2,0,4,9.0,2.6,29.1,104.2
DWL006135,DOC024,FAC004,DEP006,2026-12-10,8,1,0,2,10.1,2.2,16.5,61.1
DWL012271,DOC029,FAC004,DEP007,2025-06-04,12,1,0,5,9.6,1.9,23.2,88.1
DWL004827,DOC048,FAC001,DEP002,2025-03-05,7,3,1,5,7.1,1.9,25.2,77.4
DWL000812,DOC024,FAC004,DEP006,2023-03-05,5,0,0,4,7.6,1.1,10.8,25.0
DWL010585,DOC010,FAC005,DEP003,2021-12-17,10,1,1,4,6.1,1.2,23.0,43.4
DWL007029,DOC043,FAC003,DEP008,2026-07-16,10,2,0,1,8.7,2.0,19.8,103.2
DWL006073,DOC041,FAC005,DEP001,2022-05-09,10,1,0,3,8.8,0.8,17.6,65.5
DWL008331,DOC016,FAC001,DEP004,2024-11-11,9,1,0,3,9.6,0.2,15.5,66.9
DWL014822,DOC043,FAC003,DEP008,2024-05-02,8,0,1,3,10.3,0.4,16.6,83.7
DWL007530,DOC007,FAC002,DEP002,2025-12-16,10,1,1,3,7.4,1.2,22.2,109.0
DWL014084,DOC051,FAC002,DEP005,2022-04-08,7,1,0,5,9.5,0.8,15.6,63.8
DWL006960,DOC038,FAC003,DEP005,2024-01-19,15,1,0,4,7.9,0.6,24.1,106.3
DWL007924,DOC052,FAC004,DEP002,2026-06-21,0,1,0,2,7.8,1.5,5.8,56.0
DWL007540,DOC024,FAC004,DEP006,2023-01-15,6,1,3,3,7.4,0.4,24.2,59.0
DWL009951,DOC003,FAC003,DEP001,2022-01-24,5,3,0,4,11.4,0.2,15.5,77.9
DWL013824,DOC052,FAC004,DEP002,2026-07-14,8,2,0,3,7.2,1.5,18.2,105.2
DWL004058,DOC029,FAC004,DEP007,2026-08-26,9,2,1,6,10.6,1.5,25.8,69.9
DWL001663,DOC028,FAC003,DEP001,2026-08-13,16,1,0,4,10.6,1.3,26.3,84.1
DWL014814,DOC012,FAC002,DEP005,2022-02-27,6,2,0,2,11.0,0.1,12.9,10.0
DWL005853,DOC040,FAC005,DEP003,2022-08-25,7,0,0,4,9.1,2.5,15.4,78.7
DWL005059,DOC007,FAC002,DEP002,2023-05-11,8,0,1,4,11.3,0.6,17.7,42.4
DWL011931,DOC034,FAC004,DEP001,2021-03-18,6,0,1,2,5.3,1.2,14.6,75.7
DWL008952,DOC001,FAC001,DEP001,2024-06-08,11,2,0,3,8.5,0.0,19.6,54.9
DWL008939,DOC003,FAC003,DEP001,2022-11-04,10,2,0,2,9.3,1.0,19.1,78.6
DWL013766,DOC021,FAC001,DEP005,2024-08-13,10,4,1,4,11.2,0.8,28.4,98.5
DWL003496,DOC034,FAC004,DEP001,2022-05-11,12,3,0,4,4.9,0.0,23.6,59.5
DWL011902,DOC045,FAC004,DEP007,2024-11-21,9,2,0,2,7.5,0.6,17.3,51.0
DWL009773,DOC005,FAC005,DEP001,2024-09-18,6,1,0,3,8.1,1.0,13.1,58.6
DWL012018,DOC018,FAC003,DEP007,2025-10-30,5,0,0,4,6.5,1.2,11.0,68.7
DWL002309,DOC041,FAC005,DEP001,2021-12-30,11,2,0,3,10.3,1.3,21.6,104.4
DWL007517,DOC044,FAC002,DEP005,2026-01-04,11,0,1,3,6.6,0.6,20.5,37.2
DWL006352,DOC026,FAC001,DEP008,2024-04-11,5,2,1,3,9.1,1.5,18.6,63.2
DWL001656,DOC006,FAC001,DEP002,2021-09-16,11,2,1,6,10.1,1.0,27.5,31.6
DWL005847,DOC050,FAC003,DEP005,2023-07-03,1,1,0,4,9.7,1.1,8.1,95.2
DWL013398,DOC010,FAC005,DEP003,2025-12-15,12,2,0,5,9.3,1.2,24.2,76.5
DWL008695,DOC028,FAC003,DEP001,2024-09-13,11,0,0,6,8.1,1.1,19.6,57.3
DWL008571,DOC029,FAC004,DEP007,2023-08-01,8,2,0,1,10.7,0.7,15.4,85.2
DWL005334,DOC044,FAC002,DEP005,2022-05-19,9,1,1,4,10.1,2.4,23.6,79.9
DWL006959,DOC036,FAC001,DEP002,2024-11-02,4,0,2,3,10.6,1.9,18.1,46.6
DWL013911,DOC057,FAC002,DEP001,2021-01-29,11,0,0,5,6.7,2.9,21.5,55.6
DWL014019,DOC035,FAC005,DEP001,2025-08-10,7,0,1,4,8.5,0.6,16.5,55.8
DWL002955,DOC020,FAC005,DEP006,2023-06-11,10,1,0,2,9.4,0.7,16.6,46.0
DWL007976,DOC047,FAC005,DEP006,2025-03-14,8,0,0,2,10.5,1.0,12.7,79.8
DWL014588,DOC054,FAC003,DEP003,2025-10-14,11,5,0,4,9.8,1.9,29.2,88.4
DWL011692,DOC025,FAC005,DEP007,2023-09-26,9,2,0,2,6.1,1.8,19.1,62.6
DWL012375,DOC007,FAC002,DEP002,2022-10-08,11,1,0,3,10.9,1.6,20.0,68.7
DWL004097,DOC009,FAC004,DEP002,2021-10-28,8,0,0,7,8.2,1.6,17.6,62.5
DWL002127,DOC016,FAC001,DEP004,2023-10-11,11,1,0,1,9.9,1.2,17.8,66.6
DWL009051,DOC006,FAC001,DEP002,2022-08-03,13,2,1,4,8.2,0.8,28.0,101.9
DWL013751,DOC007,FAC002,DEP002,2023-09-20,8,0,0,1,9.7,0.2,10.7,43.0
DWL008671,DOC047,FAC005,DEP006,2025-12-28,11,1,1,2,10.4,0.0,20.8,32.5
DWL010592,DOC037,FAC002,DEP005,2023-10-19,11,0,0,3,8.6,0.0,15.6,62.5
DWL005555,DOC021,FAC001,DEP005,2024-09-26,10,3,1,1,9.1,1.2,24.6,72.6
DWL003843,DOC059,FAC005,DEP006,2025-03-11,11,2,1,1,7.8,0.1,22.1,84.8
DWL008179,DOC008,FAC003,DEP003,2021-11-26,10,0,0,1,9.4,0.2,13.1,63.5
DWL009791,DOC051,FAC002,DEP005,2024-11-13,15,3,0,6,10.0,2.4,32.4,46.3
DWL007631,DOC021,FAC001,DEP005,2024-06-21,15,2,0,3,9.0,2.4,28.0,68.3
DWL004515,DOC009,FAC004,DEP002,2026-04-08,9,3,1,0,9.2,1.5,23.0,106.5
DWL009549,DOC022,FAC002,DEP007,2026-09-24,11,1,0,3,7.2,1.4,19.7,82.7
DWL000004,DOC025,FAC005,DEP007,2022-10-26,12,0,0,5,6.0,2.3,21.8,49.2
DWL014183,DOC002,FAC002,DEP001,2025-07-18,10,0,0,5,7.9,0.2,16.3,105.1
DWL007483,DOC010,FAC005,DEP003,2022-03-22,12,2,0,4,10.8,1.5,23.8,85.8
DWL009782,DOC011,FAC001,DEP003,2026-12-09,14,2,1,3,9.1,2.2,30.5,111.4
DWL006028,DOC038,FAC003,DEP005,2022-06-08,9,1,1,2,8.1,0.5,19.1,65.4
DWL002184,DOC022,FAC002,DEP007,2023-03-28,10,0,0,0,8.8,1.7,14.6,85.8
DWL014869,DOC018,FAC003,DEP007,2025-02-06,6,2,1,5,7.4,1.6,21.6,87.2
DWL014523,DOC015,FAC005,DEP005,2025-09-17,7,0,0,3,8.1,2.2,14.1,63.2
DWL011270,DOC027,FAC002,DEP001,2025-01-06,8,4,0,3,9.6,1.6,22.4,82.5
DWL002035,DOC045,FAC004,DEP007,2025-10-23,14,1,0,4,10.6,0.6,22.9,97.6
DWL008279,DOC032,FAC002,DEP002,2021-06-10,7,2,0,6,8.5,0.5,18.0,82.0
DWL006344,DOC043,FAC003,DEP008,2022-08-25,8,1,1,2,6.5,0.1,17.3,71.8
DWL009587,DOC007,FAC002,DEP002,2025-07-07,13,0,1,3,7.1,2.0,25.0,96.9
DWL006585,DOC021,FAC001,DEP005,2026-10-25,7,1,0,4,8.0,1.3,15.6,43.1
DWL012026,DOC059,FAC005,DEP006,2023-01-28,7,0,1,3,10.8,0.8,16.0,37.0
DWL014397,DOC033,FAC003,DEP003,2024-06-04,12,1,1,4,7.5,1.0,25.1,53.8
DWL011401,DOC060,FAC005,DEP006,2025-07-09,9,1,2,1,10.6,0.5,22.3,98.2
DWL013105,DOC025,FAC005,DEP007,2025-08-24,12,3,0,4,8.5,0.0,23.6,66.8
DWL005145,DOC039,FAC004,DEP002,2025-10-17,13,4,0,4,10.2,0.4,27.4,98.3
DWL002255,DOC056,FAC003,DEP001,2023-06-09,5,1,0,7,9.9,0.7,14.7,72.9
DWL004221,DOC022,FAC002,DEP007,2021-03-19,9,2,0,4,10.1,1.3,19.9,63.0
DWL012129,DOC036,FAC001,DEP002,2026-11-10,9,1,2,4,10.9,1.6,26.4,102.9
DWL005218,DOC039,FAC004,DEP002,2022-09-20,10,3,0,2,5.9,0.8,20.8,61.0
DWL009870,DOC018,FAC003,DEP007,2022-08-24,8,3,0,3,5.6,0.4,18.6,74.2
DWL009023,DOC009,FAC004,DEP002,2024-08-28,7,4,0,3,8.1,1.8,21.5,113.3
DWL005377,DOC032,FAC002,DEP002,2022-03-10,14,4,0,4,9.7,1.0,29.5,36.1
DWL010669,DOC023,FAC003,DEP008,2025-07-07,7,1,0,0,7.8,0.1,10.6,110.1
DWL007825,DOC001,FAC001,DEP001,2023-12-23,8,3,0,6,8.3,1.9,23.2,53.3
DWL006799,DOC048,FAC001,DEP002,2022-07-17,5,0,0,2,5.0,1.0,9.1,58.7
DWL002857,DOC051,FAC002,DEP005,2023-11-09,3,0,0,2,9.8,0.3,5.6,107.1
DWL008222,DOC015,FAC005,DEP005,2022-07-01,6,3,0,5,8.2,0.0,17.2,62.3
DWL014299,DOC028,FAC003,DEP001,2024-06-24,9,0,0,3,8.7,0.5,13.9,68.2
DWL004148,DOC003,FAC003,DEP001,2025-10-23,10,0,0,5,8.6,0.4,16.6,45.0
DWL008962,DOC059,FAC005,DEP006,2026-03-22,12,3,1,8,8.1,1.9,33.6,39.9
DWL003609,DOC021,FAC001,DEP005,2023-11-18,8,0,1,10,8.3,0.6,22.5,40.0
DWL010122,DOC012,FAC002,DEP005,2021-12-09,15,1,0,5,10.3,0.0,24.0,79.7
DWL005181,DOC022,FAC002,DEP007,2021-03-15,6,1,1,4,4.1,1.2,18.2,60.1
DWL005643,DOC004,FAC004,DEP001,2026-02-28,13,2,0,3,6.8,1.3,23.9,58.0
DWL006435,DOC001,FAC001,DEP001,2026-10-29,13,1,0,4,8.2,0.9,22.2,97.9
DWL003435,DOC030,FAC005,DEP008,2024-10-07,11,2,0,3,8.9,0.4,20.2,86.1
DWL013460,DOC044,FAC002,DEP005,2025-03-14,13,1,1,6,9.2,1.6,28.8,92.3
DWL005749,DOC026,FAC001,DEP008,2026-06-30,8,1,0,0,7.7,1.4,13.7,93.4
DWL009122,DOC001,FAC001,DEP001,2023-07-27,7,2,0,5,7.7,1.3,18.3,121.6
DWL005081,DOC030,FAC005,DEP008,2021-05-16,3,2,0,6,7.1,0.0,12.4,10.0
DWL002070,DOC037,FAC002,DEP005,2026-02-10,11,1,1,2,8.2,1.4,22.9,78.1
DWL010899,DOC011,FAC001,DEP003,2021-05-31,7,0,0,2,7.8,0.2,10.3,40.9
DWL002656,DOC045,FAC004,DEP007,2025-02-03,12,3,0,3,6.1,1.1,24.4,103.5
DWL011673,DOC059,FAC005,DEP006,2021-01-24,9,0,0,6,8.2,1.8,18.3,35.1
DWL008991,DOC020,FAC005,DEP006,2024-11-20,14,4,0,4,8.3,1.0,29.5,94.1
DWL008518,DOC025,FAC005,DEP007,2023-12-08,10,1,1,4,10.5,1.4,23.3,93.8
DWL013493,DOC049,FAC003,DEP001,2022-04-27,8,1,0,3,7.4,1.0,15.5,104.7
DWL011811,DOC044,FAC002,DEP005,2022-08-06,8,0,0,6,9.1,0.0,14.4,48.4
DWL000971,DOC030,FAC005,DEP008,2022-09-29,8,0,1,1,6.5,1.4,16.5,73.4
DWL001599,DOC008,FAC003,DEP003,2025-09-11,12,5,1,2,9.2,1.4,32.1,70.8
DWL011806,DOC055,FAC004,DEP006,2022-12-22,12,1,0,2,10.6,0.8,19.2,90.0
DWL002583,DOC028,FAC003,DEP001,2022-08-30,12,0,1,3,6.8,1.5,23.0,77.0
DWL001985,DOC040,FAC005,DEP003,2022-06-16,12,2,1,6,10.8,0.1,27.3,59.6
DWL011076,DOC041,FAC005,DEP001,2023-04-05,10,2,1,4,6.2,2.3,26.6,86.0
DWL009593,DOC009,FAC004,DEP002,2023-09-01,9,1,3,5,9.6,2.0,31.8,44.2
DWL000389,DOC059,FAC005,DEP006,2023-08-07,7,0,0,2,8.5,0.3,10.4,81.0
DWL004769,DOC016,FAC001,DEP004,2021-03-04,7,0,0,1,8.9,2.9,13.6,88.7
DWL007692,DOC021,FAC001,DEP005,2022-10-11,7,0,0,0,8.8,0.0,8.4,35.7
DWL005023,DOC035,FAC005,DEP001,2025-02-22,5,0,0,4,7.6,1.3,11.1,62.2
DWL009682,DOC006,FAC001,DEP002,2024-08-30,7,1,0,1,8.5,2.0,14.2,60.5
DWL000316,DOC029,FAC004,DEP007,2025-09-09,9,1,0,4,8.4,2.7,20.1,66.1
DWL006071,DOC001,FAC001,DEP001,2026-04-17,13,1,0,4,6.8,1.7,23.4,69.5
DWL013555,DOC045,FAC004,DEP007,2024-09-10,11,0,0,3,6.4,1.4,17.7,91.4
DWL012012,DOC048,FAC001,DEP002,2025-05-13,7,3,0,8,8.3,0.0,20.8,88.1
DWL001329,DOC015,FAC005,DEP005,2024-06-19,6,0,0,3,8.3,1.4,11.7,79.6
DWL013997,DOC035,FAC005,DEP001,2024-08-09,12,0,2,6,11.0,1.1,28.8,105.9
DWL005136,DOC054,FAC003,DEP003,2022-12-12,7,1,1,3,9.5,1.7,19.4,76.0
DWL008488,DOC054,FAC003,DEP003,2021-09-04,11,1,1,5,10.5,1.1,24.8,25.8
DWL014134,DOC016,FAC001,DEP004,2026-08-16,11,1,0,0,10.0,0.4,15.8,69.4
DWL012211,DOC055,FAC004,DEP006,2022-06-08,8,1,0,3,7.5,1.8,16.7,71.2
DWL003705,DOC016,FAC001,DEP004,2022-07-21,8,3,1,4,8.2,0.8,24.0,63.9
DWL000606,DOC007,FAC002,DEP002,2026-09-22,13,2,0,2,7.8,0.3,21.7,80.5
DWL013411,DOC021,FAC001,DEP005,2025-06-25,6,2,0,3,8.1,1.3,15.6,75.0
DWL011754,DOC004,FAC004,DEP001,2026-03-31,13,0,0,3,11.2,2.2,21.3,80.3
DWL003468,DOC038,FAC003,DEP005,2021-09-09,6,2,0,3,7.7,2.4,17.2,59.8
DWL004505,DOC015,FAC005,DEP005,2024-08-17,4,2,0,6,7.8,1.4,15.7,66.4
DWL005763,DOC039,FAC004,DEP002,2021-04-05,12,2,0,1,7.4,1.3,21.1,86.8
DWL013439,DOC024,FAC004,DEP006,2023-10-11,12,2,0,5,5.2,2.0,25.4,112.3
DWL011325,DOC036,FAC001,DEP002,2025-11-06,6,0,0,0,11.4,0.8,8.4,91.9
DWL007174,DOC035,FAC005,DEP001,2026-01-17,8,1,0,4,6.4,2.2,18.1,56.4
DWL001369,DOC001,FAC001,DEP001,2026-09-02,16,2,0,6,9.3,2.0,31.0,93.8
DWL009160,DOC035,FAC005,DEP001,2025-04-21,11,1,0,2,8.8,0.8,18.0,76.3
DWL001254,DOC025,FAC005,DEP007,2022-01-15,9,1,2,7,6.4,0.7,27.4,31.5
DWL013212,DOC026,FAC001,DEP008,2025-03-28,10,0,1,5,8.4,1.8,22.7,94.3
DWL004456,DOC014,FAC004,DEP004,2024-06-17,8,2,1,2,10.0,1.1,20.9,69.6
DWL010679,DOC026,FAC001,DEP008,2022-02-04,10,2,0,5,10.2,0.0,20.0,79.1
DWL008137,DOC007,FAC002,DEP002,2025-07-13,7,1,1,4,6.3,0.3,18.1,31.7
DWL006652,DOC054,FAC003,DEP003,2023-01-03,8,2,1,4,9.0,1.4,22.9,54.4
DWL010624,DOC012,FAC002,DEP005,2024-03-11,3,0,0,2,7.6,0.3,5.6,61.5
DWL009510,DOC021,FAC001,DEP005,2026-11-30,3,1,0,2,8.9,1.3,9.1,53.8
DWL002113,DOC019,FAC004,DEP005,2025-07-16,8,3,0,4,10.1,1.1,20.4,84.3
DWL010924,DOC032,FAC002,DEP002,2024-02-24,10,2,0,3,11.4,0.9,19.8,36.6
DWL008050,DOC004,FAC004,DEP001,2023-08-31,8,1,0,1,10.6,1.0,13.9,82.9
DWL000426,DOC021,FAC001,DEP005,2023-10-06,7,0,0,5,7.8,0.2,12.7,78.7
DWL005933,DOC003,FAC003,DEP001,2024-12-28,7,0,1,5,8.2,1.4,18.5,44.1
DWL006751,DOC012,FAC002,DEP005,2023-01-02,17,2,1,0,8.3,0.6,29.3,68.2
DWL011456,DOC042,FAC003,DEP003,2024-11-11,7,0,0,4,6.8,1.3,13.6,112.9
DWL001112,DOC029,FAC004,DEP007,2025-11-13,7,2,0,2,11.0,2.4,17.6,83.9
DWL005221,DOC044,FAC002,DEP005,2023-11-10,12,1,0,5,11.2,1.2,22.2,82.7
DWL013872,DOC054,FAC003,DEP003,2022-02-12,13,0,1,6,7.2,0.0,24.4,26.7
DWL000638,DOC034,FAC004,DEP001,2024-02-05,14,2,1,4,9.1,0.0,28.0,63.5
DWL000249,DOC023,FAC003,DEP008,2025-01-02,13,2,2,5,10.3,2.2,34.9,68.2
DWL005217,DOC022,FAC002,DEP007,2022-01-29,8,2,1,6,8.2,0.2,22.7,52.0
DWL001808,DOC001,FAC001,DEP001,2025-03-04,13,1,0,4,7.8,1.2,22.6,77.7
DWL012650,DOC051,FAC002,DEP005,2021-11-17,6,2,0,3,7.3,0.7,14.6,63.2
DWL010303,DOC034,FAC004,DEP001,2022-02-22,10,2,0,1,9.5,1.0,18.3,49.9
DWL000697,DOC026,FAC001,DEP008,2025-09-17,1,3,1,5,7.1,0.5,15.9,88.4
DWL006189,DOC056,FAC003,DEP001,2023-07-22,1,2,0,3,8.5,0.9,9.0,72.8
DWL006374,DOC022,FAC002,DEP007,2025-11-04,10,1,0,4,10.0,1.1,18.8,57.6
DWL001237,DOC013,FAC003,DEP005,2025-07-03,9,0,0,3,6.4,0.4,13.8,119.7
DWL005862,DOC026,FAC001,DEP008,2026-07-02,16,0,0,1,8.9,2.2,23.3,111.5
DWL001517,DOC040,FAC005,DEP003,2022-05-02,12,1,0,1,9.3,1.3,19.1,58.5
DWL013508,DOC032,FAC002,DEP002,2024-04-19,6,2,0,4,10.6,0.2,14.7,70.3
DWL008780,DOC017,FAC002,DEP006,2024-04-05,9,1,0,3,6.0,1.0,16.7,76.3
DWL014616,DOC015,FAC005,DEP005,2024-02-23,3,1,0,4,8.4,0.1,9.0,57.4
DWL001012,DOC060,FAC005,DEP006,2025-11-26,6,0,1,2,6.8,1.1,14.4,86.9
DWL000071,DOC051,FAC002,DEP005,2025-08-21,7,2,0,3,8.0,1.9,17.6,94.5
DWL004937,DOC011,FAC001,DEP003,2025-10-08,14,1,1,5,9.3,1.3,28.8,101.6
DWL004106,DOC003,FAC003,DEP001,2022-11-25,6,2,0,2,7.9,1.0,14.3,85.6
DWL001179,DOC033,FAC003,DEP003,2021-12-07,14,1,0,2,8.7,0.0,20.4,83.2
DWL010656,DOC014,FAC004,DEP004,2025-03-28,14,2,0,3,6.5,0.5,24.0,68.0
DWL006949,DOC025,FAC005,DEP007,2023-02-04,6,0,0,1,9.9,0.2,8.3,51.3
DWL009431,DOC057,FAC002,DEP001,2022-03-03,6,2,1,5,8.2,0.1,19.3,76.7
DWL005381,DOC047,FAC005,DEP006,2026-12-28,10,2,0,4,9.1,2.7,23.2,73.1
DWL003249,DOC002,FAC002,DEP001,2024-08-21,6,2,1,1,8.6,0.2,16.3,99.8
DWL001800,DOC051,FAC002,DEP005,2023-12-10,5,0,1,2,5.9,0.2,11.9,42.8
DWL010670,DOC010,FAC005,DEP003,2023-10-05,9,2,0,4,7.6,1.1,19.6,53.9
DWL014079,DOC012,FAC002,DEP005,2026-06-09,6,2,0,1,7.9,2.0,15.0,83.9
DWL011511,DOC026,FAC001,DEP008,2024-08-16,10,3,0,2,7.6,0.4,20.2,74.8
DWL004405,DOC034,FAC004,DEP001,2025-10-17,8,3,0,0,9.5,0.5,16.4,81.9
DWL012679,DOC040,FAC005,DEP003,2026-01-15,8,2,0,3,11.1,1.4,18.1,84.8
DWL010795,DOC022,FAC002,DEP007,2025-12-27,9,2,0,4,8.9,2.8,22.2,80.1
DWL000042,DOC058,FAC004,DEP001,2024-12-26,7,1,0,4,6.1,1.3,15.6,107.4
DWL005051,DOC001,FAC001,DEP001,2025-12-10,7,0,0,2,8.2,0.0,10.0,140.0
DWL007086,DOC034,FAC004,DEP001,2023-07-02,8,0,0,5,8.6,0.7,14.6,17.3
DWL004794,DOC002,FAC002,DEP001,2021-01-03,6,1,0,2,8.0,0.0,10.8,49.9
DWL006437,DOC028,FAC003,DEP001,2021-11-12,5,1,0,4,7.0,1.8,13.9,68.5
DWL006825,DOC008,FAC003,DEP003,2022-09-08,14,1,0,4,8.2,0.6,22.9,41.7
DWL009862,DOC016,FAC001,DEP004,2026-04-23,7,0,0,3,8.1,1.2,12.6,76.5
DWL009080,DOC038,FAC003,DEP005,2026-11-03,6,1,0,2,10.1,2.6,14.7,83.2
DWL009813,DOC038,FAC003,DEP005,2021-07-01,3,2,2,3,8.3,1.0,19.5,71.4
DWL004005,DOC003,FAC003,DEP001,2022-11-10,8,2,0,5,9.4,1.1,19.2,87.3
DWL009692,DOC033,FAC003,DEP003,2022-12-20,9,2,0,3,6.9,2.2,20.5,64.5
DWL002003,DOC052,FAC004,DEP002,2023-05-27,12,0,0,5,6.9,1.5,20.6,35.8
DWL007075,DOC043,FAC003,DEP008,2025-08-11,8,5,1,2,6.9,2.3,28.7,115.1
DWL008918,DOC055,FAC004,DEP006,2025-01-13,15,1,1,2,8.6,1.3,27.6,105.8
DWL000806,DOC046,FAC001,DEP001,2025-11-25,4,3,0,4,10.2,3.7,19.6,75.9
DWL003887,DOC029,FAC004,DEP007,2022-02-23,9,0,0,0,9.6,0.7,11.8,35.3
DWL013166,DOC003,FAC003,DEP001,2024-05-30,4,1,2,3,9.6,2.2,20.5,57.4
DWL012259,DOC013,FAC003,DEP005,2026-02-09,10,4,0,1,5.6,2.1,24.0,86.3
DWL011366,DOC028,FAC003,DEP001,2024-08-12,7,5,1,2,8.1,1.6,26.4,107.2
DWL002453,DOC058,FAC004,DEP001,2023-02-07,5,0,2,1,8.0,0.0,14.8,73.8
DWL004076,DOC017,FAC002,DEP006,2025-12-29,8,1,0,7,8.5,1.0,18.7,82.4
DWL005804,DOC038,FAC003,DEP005,2026-12-22,9,2,0,3,7.0,3.2,22.0,102.0
DWL012745,DOC035,FAC005,DEP001,2023-08-21,9,3,0,1,8.9,2.7,21.6,73.5
DWL002338,DOC058,FAC004,DEP001,2026-10-22,13,0,0,4,7.7,0.7,19.9,85.6
DWL002472,DOC024,FAC004,DEP006,2024-10-05,8,3,0,3,11.6,0.1,18.1,55.6
DWL008621,DOC018,FAC003,DEP007,2024-01-16,5,2,0,6,9.9,0.0,14.8,64.4
DWL003669,DOC009,FAC004,DEP002,2025-11-06,9,1,0,1,7.5,0.5,14.3,88.5
DWL004030,DOC033,FAC003,DEP003,2023-03-11,7,2,0,7,6.9,0.6,18.9,51.1
DWL008490,DOC042,FAC003,DEP003,2025-02-11,5,1,0,7,7.5,1.0,15.1,65.5
DWL002026,DOC003,FAC003,DEP001,2021-01-14,11,0,0,0,9.9,0.2,13.5,69.5
DWL013549,DOC021,FAC001,DEP005,2024-10-10,11,0,1,6,7.7,1.6,24.4,119.6
DWL012330,DOC039,FAC004,DEP002,2026-02-11,7,1,1,3,8.6,0.0,16.8,64.8
DWL004833,DOC043,FAC003,DEP008,2026-01-15,6,3,1,2,9.7,1.5,21.1,94.5
DWL003012,DOC025,FAC005,DEP007,2025-09-10,14,1,0,1,4.8,1.6,22.0,112.2
DWL012930,DOC016,FAC001,DEP004,2023-05-04,9,1,0,3,11.3,2.8,19.4,84.8
DWL010377,DOC053,FAC005,DEP007,2024-04-20,4,1,0,0,8.6,2.1,9.9,64.2
DWL005465,DOC002,FAC002,DEP001,2022-07-26,8,0,1,3,6.6,0.0,16.0,89.0
DWL007665,DOC028,FAC003,DEP001,2025-06-11,8,1,1,6,8.6,1.0,21.9,71.5
DWL014287,DOC036,FAC001,DEP002,2023-10-08,7,0,0,5,8.9,1.8,15.1,44.6
DWL006836,DOC045,FAC004,DEP007,2023-02-15,11,2,0,4,9.2,1.4,22.5,94.0
DWL011621,DOC011,FAC001,DEP003,2026-06-13,10,2,0,3,6.2,0.0,18.4,28.5
DWL014619,DOC030,FAC005,DEP008,2025-04-16,11,2,1,2,9.3,2.8,27.0,88.8
DWL014365,DOC044,FAC002,DEP005,2025-05-07,15,0,0,1,11.4,1.6,21.2,97.4
DWL000171,DOC052,FAC004,DEP002,2024-07-02,7,1,0,5,10.0,0.1,14.6,66.5
DWL008262,DOC034,FAC004,DEP001,2025-06-07,6,1,0,2,10.5,1.9,13.6,62.5
DWL000218,DOC038,FAC003,DEP005,2023-10-18,7,1,1,3,9.6,0.8,18.0,69.1
DWL013161,DOC040,FAC005,DEP003,2024-06-06,11,3,0,1,9.9,1.0,21.5,63.3
DWL008497,DOC013,FAC003,DEP005,2022-01-29,12,1,0,3,7.9,0.0,18.8,51.9
DWL012490,DOC049,FAC003,DEP001,2023-08-16,6,1,0,4,9.0,0.0,12.4,97.1
DWL008875,DOC047,FAC005,DEP006,2024-06-05,7,1,0,6,10.0,0.4,15.8,86.5
DWL010881,DOC047,FAC005,DEP006,2025-11-18,15,2,1,5,8.1,1.4,32.1,42.9
DWL007045,DOC004,FAC004,DEP001,2021-06-11,8,2,0,2,8.9,2.4,18.8,79.9
DWL008880,DOC040,FAC005,DEP003,2022-12-16,6,1,0,8,8.1,1.3,17.6,69.8
DWL009114,DOC027,FAC002,DEP001,2022-02-16,9,2,0,3,7.4,0.6,18.1,98.0
DWL010111,DOC055,FAC004,DEP006,2024-02-28,6,1,0,3,7.9,1.1,13.2,74.8
DWL010169,DOC033,FAC003,DEP003,2023-09-07,10,3,0,6,9.4,0.8,24.0,80.0
DWL005565,DOC031,FAC001,DEP001,2026-07-04,8,0,1,2,7.2,0.0,15.2,71.4
DWL004338,DOC044,FAC002,DEP005,2023-06-16,5,0,0,6,8.1,1.4,12.9,104.7
DWL014880,DOC022,FAC002,DEP007,2023-01-16,8,2,0,5,9.4,0.9,19.0,70.7
DWL013031,DOC028,FAC003,DEP001,2026-10-08,8,1,1,1,7.0,1.6,18.8,75.9
DWL013957,DOC052,FAC004,DEP002,2025-04-01,9,0,0,2,10.6,1.8,15.1,83.3
DWL000901,DOC016,FAC001,DEP004,2025-08-10,3,1,0,4,7.5,1.3,10.8,21.3
DWL000185,DOC030,FAC005,DEP008,2023-12-16,10,2,0,0,9.2,1.5,18.2,78.3
DWL013835,DOC060,FAC005,DEP006,2026-09-01,10,4,0,4,6.9,0.7,24.2,100.0
DWL002914,DOC048,FAC001,DEP002,2021-07-25,11,0,0,3,6.1,0.0,15.6,34.6
DWL007250,DOC004,FAC004,DEP001,2025-01-27,7,1,0,4,8.0,1.8,16.3,84.5
DWL002146,DOC052,FAC004,DEP002,2025-06-12,8,1,0,4,7.9,0.3,15.2,79.5
DWL012867,DOC007,FAC002,DEP002,2023-07-09,5,1,0,6,7.6,0.0,12.8,34.6
DWL002089,DOC026,FAC001,DEP008,2023-06-25,9,2,0,3,9.9,0.9,18.6,40.4
DWL007051,DOC040,FAC005,DEP003,2023-09-21,11,1,1,0,8.9,1.0,20.7,45.1
DWL009648,DOC037,FAC002,DEP005,2021-04-30,9,2,0,0,8.6,0.3,15.2,51.7
DWL004694,DOC016,FAC001,DEP004,2023-05-09,10,0,1,7,8.6,0.7,22.7,79.5
DWL001689,DOC059,FAC005,DEP006,2023-11-15,7,1,0,3,6.6,1.6,15.2,71.3
DWL007751,DOC008,FAC003,DEP003,2024-10-15,7,2,0,2,10.0,1.2,15.8,44.9
DWL012734,DOC036,FAC001,DEP002,2021-04-26,6,1,0,5,7.3,1.2,15.0,69.1
DWL001769,DOC003,FAC003,DEP001,2024-03-22,5,0,0,3,7.6,1.3,10.4,67.4
DWL000593,DOC053,FAC005,DEP007,2025-07-01,14,0,1,7,10.1,0.1,26.6,96.4
DWL001924,DOC003,FAC003,DEP001,2021-06-03,10,0,0,2,8.5,0.0,13.6,79.5
DWL014746,DOC012,FAC002,DEP005,2023-12-19,11,3,0,6,8.6,1.2,25.8,65.7
DWL001618,DOC017,FAC002,DEP006,2021-01-08,5,1,0,5,9.2,1.6,14.4,82.5
DWL014831,DOC016,FAC001,DEP004,2024-03-07,10,1,0,2,9.2,0.0,15.6,83.9
DWL013984,DOC058,FAC004,DEP001,2025-05-08,8,2,1,4,7.5,1.3,22.8,84.3
DWL001115,DOC045,FAC004,DEP007,2025-08-23,5,0,0,6,8.7,0.3,11.2,67.8
DWL003405,DOC010,FAC005,DEP003,2026-06-25,13,4,0,1,10.3,1.5,26.7,75.9
DWL000539,DOC057,FAC002,DEP001,2024-12-18,12,1,0,4,7.4,3.3,24.5,95.4
DWL012418,DOC048,FAC001,DEP002,2026-09-03,13,4,3,2,8.8,3.4,42.3,62.2
DWL011976,DOC039,FAC004,DEP002,2022-05-19,5,1,0,4,9.9,1.1,12.8,103.3
DWL009050,DOC016,FAC001,DEP004,2026-11-06,6,2,0,5,7.0,2.1,18.4,136.9
DWL010070,DOC014,FAC004,DEP004,2025-01-31,9,0,0,6,7.9,2.1,18.8,86.0
DWL004790,DOC013,FAC003,DEP005,2024-11-21,12,2,0,3,8.9,0.9,22.1,75.8
DWL010376,DOC044,FAC002,DEP005,2024-03-27,10,2,0,6,8.3,1.8,23.5,109.7
DWL008304,DOC004,FAC004,DEP001,2022-01-25,13,0,0,3,8.0,1.2,19.8,51.6
DWL012408,DOC037,FAC002,DEP005,2023-07-07,9,1,0,4,10.8,2.5,19.8,122.1
DWL004039,DOC028,FAC003,DEP001,2024-08-19,9,2,0,4,8.9,0.0,18.0,82.1
DWL010898,DOC055,FAC004,DEP006,2024-06-04,6,2,0,2,8.2,1.7,15.3,80.9
DWL008399,DOC028,FAC003,DEP001,2026-12-21,9,1,0,9,8.1,1.3,21.9,73.0
DWL000395,DOC037,FAC002,DEP005,2026-10-20,6,1,0,4,7.4,0.9,13.7,100.5
DWL004343,DOC050,FAC003,DEP005,2022-05-12,11,1,1,4,9.5,0.6,23.3,70.2
DWL000294,DOC007,FAC002,DEP002,2022-08-11,9,0,0,3,6.8,1.5,15.4,66.8
DWL006436,DOC042,FAC003,DEP003,2022-04-13,11,1,0,4,7.0,1.4,20.5,92.9
DWL003080,DOC035,FAC005,DEP001,2023-01-07,5,3,0,5,6.0,0.5,16.8,35.6
DWL014995,DOC047,FAC005,DEP006,2024-04-08,7,1,0,3,8.7,0.0,12.8,84.6
DWL005175,DOC056,FAC003,DEP001,2023-07-25,12,0,1,1,9.2,2.4,22.8,78.8
DWL014426,DOC018,FAC003,DEP007,2021-06-24,9,1,1,2,11.5,0.7,19.4,51.9
DWL008066,DOC003,FAC003,DEP001,2025-04-02,9,1,1,3,5.5,0.8,20.4,97.1
DWL006691,DOC023,FAC003,DEP008,2026-01-20,10,2,0,5,9.6,0.9,21.4,99.1
DWL011586,DOC028,FAC003,DEP001,2026-06-09,9,6,1,5,6.1,0.4,31.4,108.1
DWL006614,DOC028,FAC003,DEP001,2024-03-17,4,0,0,3,8.2,2.0,10.2,14.7
DWL006320,DOC027,FAC002,DEP001,2025-03-30,6,1,1,4,9.9,0.0,16.4,37.6
DWL009255,DOC021,FAC001,DEP005,2024-02-03,7,0,0,2,8.4,0.2,10.3,32.4
DWL009369,DOC037,FAC002,DEP005,2026-11-04,14,2,0,8,9.0,1.9,30.1,79.9
DWL008241,DOC002,FAC002,DEP001,2022-06-03,6,0,0,2,10.4,0.0,8.8,69.5
DWL009195,DOC039,FAC004,DEP002,2023-02-28,5,1,0,5,9.8,1.2,13.8,94.1
DWL013834,DOC024,FAC004,DEP006,2021-08-23,7,3,0,2,8.7,1.5,18.2,77.2
DWL004717,DOC023,FAC003,DEP008,2025-12-31,8,1,0,3,10.6,0.0,14.0,84.2
DWL012968,DOC035,FAC005,DEP001,2022-03-06,7,0,0,3,9.5,0.5,11.6,16.2
DWL014515,DOC020,FAC005,DEP006,2022-01-30,9,0,0,6,10.3,1.0,17.1,44.6
DWL012559,DOC036,FAC001,DEP002,2022-08-16,11,0,0,3,9.3,1.2,17.4,45.6
DWL014278,DOC054,FAC003,DEP003,2026-04-03,11,0,0,2,9.1,0.3,15.2,73.7
DWL010190,DOC026,FAC001,DEP008,2023-09-05,5,2,0,7,8.7,0.9,17.0,58.1
DWL009553,DOC023,FAC003,DEP008,2025-01-31,17,1,1,6,7.4,1.8,33.9,119.1
DWL003448,DOC031,FAC001,DEP001,2022-11-28,9,2,1,8,5.5,1.3,27.1,97.7
DWL001741,DOC035,FAC005,DEP001,2023-11-15,11,1,1,3,8.8,0.0,21.6,80.0
DWL011460,DOC034,FAC004,DEP001,2025-06-05,3,4,0,3,7.2,1.7,16.6,85.6
DWL008142,DOC055,FAC004,DEP006,2024-08-23,7,1,1,1,8.2,0.9,16.6,83.0
DWL010861,DOC013,FAC003,DEP005,2024-10-12,7,2,0,5,9.6,0.7,17.4,38.3
DWL013333,DOC014,FAC004,DEP004,2022-03-23,3,0,1,4,8.7,2.5,14.6,54.7
DWL002185,DOC017,FAC002,DEP006,2022-10-04,14,0,0,2,7.4,0.0,18.4,40.9
DWL005445,DOC019,FAC004,DEP005,2024-09-17,8,0,0,2,8.3,0.7,12.2,59.1
DWL013637,DOC047,FAC005,DEP006,2023-05-08,10,1,0,1,9.7,0.7,15.9,72.4
DWL006951,DOC040,FAC005,DEP003,2026-10-04,10,1,0,3,10.3,0.0,16.4,20.3
DWL014030,DOC055,FAC004,DEP006,2021-04-02,12,1,0,4,8.9,1.0,21.1,61.8
DWL010466,DOC018,FAC003,DEP007,2025-06-05,10,4,0,2,8.1,2.0,24.6,92.5
DWL011400,DOC005,FAC005,DEP001,2025-04-28,13,3,0,3,7.2,0.7,25.1,74.4
DWL000466,DOC025,FAC005,DEP007,2022-02-01,6,1,0,2,10.0,0.5,11.5,91.9
DWL014135,DOC002,FAC002,DEP001,2021-08-14,2,0,1,3,9.3,1.3,10.8,69.7
DWL009040,DOC016,FAC001,DEP004,2025-07-30,10,0,0,5,7.8,2.8,20.2,97.0
DWL007460,DOC034,FAC004,DEP001,2026-07-10,10,1,1,3,9.1,1.7,22.9,104.4
DWL000114,DOC003,FAC003,DEP001,2022-07-12,10,2,1,2,6.5,0.3,22.1,35.9
DWL009220,DOC011,FAC001,DEP003,2021-07-15,10,0,0,4,8.8,2.5,18.9,69.4
DWL002088,DOC013,FAC003,DEP005,2026-08-03,5,4,0,4,9.9,1.9,20.0,85.7
DWL012115,DOC017,FAC002,DEP006,2026-05-24,6,0,1,4,9.6,0.3,14.8,34.6
DWL001749,DOC028,FAC003,DEP001,2025-12-01,9,0,0,2,9.3,1.6,14.8,98.8
DWL012244,DOC030,FAC005,DEP008,2022-04-27,6,4,0,0,8.9,1.2,17.0,68.1
DWL007276,DOC025,FAC005,DEP007,2021-10-05,6,0,1,4,7.6,0.0,14.4,45.0
DWL011882,DOC011,FAC001,DEP003,2026-12-03,11,1,0,3,10.3,1.4,19.7,106.0
DWL003214,DOC048,FAC001,DEP002,2024-10-24,7,1,0,1,9.9,2.1,14.4,75.6
DWL000036,DOC055,FAC004,DEP006,2021-04-05,8,4,0,3,8.1,0.7,21.1,56.8
DWL014645,DOC028,FAC003,DEP001,2023-04-05,10,2,0,2,8.2,0.5,18.4,74.6
DWL008601,DOC005,FAC005,DEP001,2026-01-31,4,1,1,5,8.8,0.2,15.1,41.4
DWL013611,DOC038,FAC003,DEP005,2023-02-01,7,2,1,6,8.7,3.2,26.0,48.5
DWL002880,DOC017,FAC002,DEP006,2023-08-19,5,3,0,4,11.6,0.2,15.5,53.5
DWL008485,DOC046,FAC001,DEP001,2025-11-28,9,0,0,2,10.0,1.2,14.2,45.2
DWL010797,DOC027,FAC002,DEP001,2023-05-29,14,1,1,4,9.2,1.2,27.8,68.3
DWL006331,DOC051,FAC002,DEP005,2026-10-22,5,1,0,4,10.5,0.0,11.2,99.3
DWL009955,DOC022,FAC002,DEP007,2026-06-12,6,1,0,3,8.1,0.8,12.8,89.5
DWL001373,DOC058,FAC004,DEP001,2022-04-17,6,0,0,1,9.2,1.2,9.8,22.0
DWL008974,DOC059,FAC005,DEP006,2022-03-03,12,1,0,5,6.4,0.2,20.7,66.1
DWL013074,DOC043,FAC003,DEP008,2023-12-09,11,2,0,4,8.1,0.4,21.0,37.0
DWL010793,DOC008,FAC003,DEP003,2024-04-11,14,3,0,6,9.1,0.2,27.9,62.2
DWL002271,DOC016,FAC001,DEP004,2025-04-22,8,1,2,3,5.8,2.2,25.3,75.4
DWL003387,DOC038,FAC003,DEP005,2021-03-14,6,0,1,3,4.9,1.2,15.4,43.1
DWL013032,DOC035,FAC005,DEP001,2026-10-28,8,3,1,3,8.3,1.2,23.8,101.6
DWL014180,DOC050,FAC003,DEP005,2026-10-17,8,0,0,3,10.8,1.1,13.7,50.5
DWL000869,DOC037,FAC002,DEP005,2024-06-13,6,1,0,6,7.1,1.4,16.1,98.3
DWL006030,DOC039,FAC004,DEP002,2021-02-23,10,0,1,0,7.1,0.3,16.4,54.7
DWL006761,DOC006,FAC001,DEP002,2025-08-02,6,0,1,5,9.3,0.1,15.3,83.2
DWL000016,DOC015,FAC005,DEP005,2024-08-16,8,0,0,8,9.9,1.2,17.8,91.5
DWL009852,DOC010,FAC005,DEP003,2026-12-19,8,1,0,5,8.8,0.5,16.4,39.4
DWL006886,DOC044,FAC002,DEP005,2026-04-28,3,1,0,6,8.6,2.1,13.6,63.6
DWL002772,DOC001,FAC001,DEP001,2021-05-14,10,0,0,2,6.9,0.9,14.9,69.8
DWL004082,DOC027,FAC002,DEP001,2023-02-20,8,1,1,3,10.3,1.6,20.4,73.6
DWL008662,DOC060,FAC005,DEP006,2024-09-29,2,0,0,4,7.1,1.7,8.1,39.8
DWL013901,DOC034,FAC004,DEP001,2026-03-23,9,2,0,4,9.6,1.5,20.2,93.4
DWL013270,DOC020,FAC005,DEP006,2026-08-25,12,3,1,0,8.3,3.2,29.2,90.7
DWL012307,DOC002,FAC002,DEP001,2025-07-03,8,3,1,4,8.8,2.6,26.7,105.6
DWL004154,DOC030,FAC005,DEP008,2024-10-25,7,2,0,4,8.5,0.0,15.6,82.0
DWL011990,DOC016,FAC001,DEP004,2022-12-01,14,3,0,4,9.0,1.6,28.4,76.8
DWL005835,DOC060,FAC005,DEP006,2025-08-05,11,0,0,5,6.3,1.3,19.1,89.2
DWL007111,DOC003,FAC003,DEP001,2022-07-22,9,1,0,1,8.8,0.4,14.2,98.2
DWL011491,DOC019,FAC004,DEP005,2022-08-09,12,0,0,3,7.9,0.0,16.8,51.6
DWL007573,DOC014,FAC004,DEP004,2021-06-16,7,2,0,2,5.6,0.7,15.1,45.7
DWL008577,DOC001,FAC001,DEP001,2022-02-18,3,1,1,6,6.6,0.8,15.6,87.5
DWL004035,DOC054,FAC003,DEP003,2023-10-06,8,3,1,4,10.8,1.9,25.6,82.3
DWL012350,DOC046,FAC001,DEP001,2025-01-14,11,1,0,3,8.7,1.4,19.7,107.4
DWL004339,DOC007,FAC002,DEP002,2021-04-16,3,4,0,1,9.6,0.8,13.6,55.5
DWL009750,DOC011,FAC001,DEP003,2022-06-22,11,1,1,1,6.9,1.8,22.7,72.1
DWL007938,DOC012,FAC002,DEP005,2024-05-12,10,0,0,4,8.4,1.4,17.3,32.5
DWL007169,DOC018,FAC003,DEP007,2026-01-05,11,4,0,1,8.8,1.0,23.5,98.5
DWL014689,DOC003,FAC003,DEP001,2025-04-18,13,1,1,3,9.4,0.4,24.6,78.9
DWL012621,DOC015,FAC005,DEP005,2023-05-10,13,0,0,2,7.2,1.6,19.6,78.9
DWL007913,DOC060,FAC005,DEP006,2022-02-19,7,2,1,6,7.4,0.0,21.2,35.2
DWL012052,DOC040,FAC005,DEP003,2021-10-05,7,0,0,5,10.7,0.7,13.4,53.8
DWL008145,DOC045,FAC004,DEP007,2022-05-09,10,1,0,2,10.8,0.8,16.8,53.3
DWL011168,DOC033,FAC003,DEP003,2022-06-09,6,1,1,5,10.3,1.4,19.3,58.6
DWL006731,DOC021,FAC001,DEP005,2024-09-11,9,0,0,3,8.8,0.5,13.9,77.1
DWL001563,DOC038,FAC003,DEP005,2023-07-10,10,2,2,4,8.3,1.4,29.3,57.3
DWL009503,DOC027,FAC002,DEP001,2021-07-01,10,0,0,2,6.8,1.8,16.3,67.8
DWL004085,DOC044,FAC002,DEP005,2025-01-15,10,3,0,2,8.1,2.6,23.5,85.6
DWL008980,DOC049,FAC003,DEP001,2021-11-08,9,1,0,2,8.9,0.0,14.4,44.3
DWL009820,DOC047,FAC005,DEP006,2025-08-06,13,1,0,5,7.9,1.0,23.1,100.7
DWL002460,DOC034,FAC004,DEP001,2021-04-26,12,1,0,3,8.6,0.5,19.5,36.5
DWL011378,DOC024,FAC004,DEP006,2022-11-21,8,0,0,3,6.8,1.1,13.7,75.0
DWL014931,DOC023,FAC003,DEP008,2026-11-15,11,0,0,4,9.2,2.6,20.3,47.3
DWL007229,DOC001,FAC001,DEP001,2026-10-11,9,0,1,10,10.0,0.7,23.8,10.0
DWL010877,DOC030,FAC005,DEP008,2023-12-11,7,0,0,5,8.7,0.7,13.4,53.6
DWL012680,DOC037,FAC002,DEP005,2025-05-22,5,1,0,3,8.9,1.4,12.5,81.2
DWL012976,DOC048,FAC001,DEP002,2023-07-10,9,1,0,5,9.5,2.3,20.2,88.7
DWL001660,DOC026,FAC001,DEP008,2025-10-01,7,3,2,4,6.8,1.6,28.0,78.4
DWL007158,DOC056,FAC003,DEP001,2024-01-29,8,2,0,0,8.2,1.7,16.1,95.3
DWL001371,DOC024,FAC004,DEP006,2021-09-11,8,1,0,4,6.1,0.7,15.9,18.8
DWL004919,DOC056,FAC003,DEP001,2023-05-02,14,1,1,3,5.0,2.3,28.7,71.1
DWL012085,DOC038,FAC003,DEP005,2025-04-30,11,1,0,2,9.2,2.3,20.2,56.6
DWL006878,DOC055,FAC004,DEP006,2026-07-25,5,5,0,0,7.1,1.7,18.6,59.8
DWL003796,DOC042,FAC003,DEP003,2026-07-17,7,1,1,5,5.8,1.2,20.2,86.3
DWL002883,DOC021,FAC001,DEP005,2024-05-29,12,3,0,4,8.6,1.8,26.3,71.0
DWL012675,DOC057,FAC002,DEP001,2023-01-15,4,0,0,4,6.9,0.0,8.0,37.5
DWL012684,DOC023,FAC003,DEP008,2026-07-29,15,0,0,2,8.3,1.6,22.0,111.9
DWL000658,DOC034,FAC004,DEP001,2021-11-25,11,0,0,3,9.6,0.1,15.8,42.7
DWL011764,DOC022,FAC002,DEP007,2021-11-07,11,1,1,4,8.6,0.5,23.1,46.6
DWL009717,DOC036,FAC001,DEP002,2023-11-27,14,2,0,7,8.3,0.9,27.8,53.0
DWL012381,DOC032,FAC002,DEP002,2026-10-01,6,0,0,4,6.6,1.4,12.5,88.8
DWL006089,DOC048,FAC001,DEP002,2021-07-19,13,0,0,3,9.4,0.4,18.6,82.5
DWL010921,DOC055,FAC004,DEP006,2025-04-15,9,0,0,5,11.2,1.3,16.8,93.9
DWL005528,DOC021,FAC001,DEP005,2026-07-20,6,2,0,6,6.3,2.5,19.8,74.0
DWL014615,DOC008,FAC003,DEP003,2022-10-05,6,1,0,3,9.6,0.0,11.6,92.3
DWL002478,DOC047,FAC005,DEP006,2021-12-11,5,0,0,3,7.4,2.0,11.4,41.6
DWL012056,DOC056,FAC003,DEP001,2024-05-27,3,2,1,4,7.3,2.2,18.1,92.8
DWL010060,DOC013,FAC003,DEP005,2023-12-28,7,1,0,4,8.4,2.5,17.4,97.1
DWL003547,DOC041,FAC005,DEP001,2022-02-15,11,3,0,5,8.8,0.7,24.2,64.9
DWL010974,DOC044,FAC002,DEP005,2026-03-20,16,1,1,0,5.8,0.3,25.6,79.7
DWL008243,DOC007,FAC002,DEP002,2022-10-10,8,0,1,1,9.0,1.5,16.6,68.5
DWL013292,DOC054,FAC003,DEP003,2022-12-27,12,2,0,3,11.0,0.5,21.5,60.1
DWL002407,DOC008,FAC003,DEP003,2024-02-16,9,1,0,2,6.6,1.7,16.9,64.0
DWL002479,DOC058,FAC004,DEP001,2025-08-27,13,1,0,0,5.4,0.3,18.1,113.2
DWL002663,DOC028,FAC003,DEP001,2021-01-22,9,1,0,5,6.8,0.8,18.0,50.8
DWL003034,DOC002,FAC002,DEP001,2023-11-08,9,1,0,8,8.5,0.7,20.2,58.1
DWL008373,DOC030,FAC005,DEP008,2021-08-10,10,3,0,4,8.1,0.7,22.2,78.9
DWL006811,DOC011,FAC001,DEP003,2026-01-07,7,1,0,10,9.4,1.7,20.9,92.8
DWL003269,DOC012,FAC002,DEP005,2025-12-29,10,0,0,1,9.0,0.7,13.9,83.7
DWL014741,DOC013,FAC003,DEP005,2026-06-28,4,1,0,3,10.0,0.4,9.8,27.1
DWL010087,DOC036,FAC001,DEP002,2023-03-28,5,2,0,4,9.1,1.0,14.7,82.8
DWL007364,DOC004,FAC004,DEP001,2026-09-23,11,1,0,4,8.0,2.2,21.7,80.5
DWL013096,DOC026,FAC001,DEP008,2025-09-05,13,2,0,2,4.5,1.0,22.7,87.2
DWL000084,DOC007,FAC002,DEP002,2024-02-15,14,2,2,3,11.0,1.4,33.3,102.1
DWL001027,DOC036,FAC001,DEP002,2026-05-06,11,1,0,2,9.0,1.1,18.4,78.0
DWL006132,DOC039,FAC004,DEP002,2022-08-28,12,0,0,9,6.6,0.3,22.0,33.6
DWL010660,DOC033,FAC003,DEP003,2023-03-20,7,0,0,5,10.6,2.1,15.6,37.3
DWL003373,DOC004,FAC004,DEP001,2026-06-29,3,1,0,4,7.0,1.5,11.1,75.5
DWL007559,DOC033,FAC003,DEP003,2026-04-19,5,0,0,2,10.5,0.9,8.9,48.6
DWL002151,DOC052,FAC004,DEP002,2026-12-22,10,2,1,3,8.8,3.1,27.0,85.4
DWL010448,DOC049,FAC003,DEP001,2025-04-24,11,2,0,4,11.0,1.7,22.9,61.8
DWL009485,DOC047,FAC005,DEP006,2022-01-24,6,2,0,6,9.4,0.2,16.3,104.1
DWL008547,DOC027,FAC002,DEP001,2024-11-20,7,0,0,5,10.4,1.4,14.5,95.4
DWL012456,DOC004,FAC004,DEP001,2025-02-15,7,2,0,6,10.1,0.0,17.2,72.9
DWL005774,DOC013,FAC003,DEP005,2025-08-22,10,1,0,3,8.1,1.0,17.9,74.3
DWL010510,DOC047,FAC005,DEP006,2025-03-24,5,1,0,0,7.6,0.9,9.3,60.8
DWL003659,DOC047,FAC005,DEP006,2025-03-31,9,0,0,5,8.9,0.8,16.0,72.5
DWL001003,DOC023,FAC003,DEP008,2021-03-12,15,0,0,3,9.5,1.9,23.2,37.6
DWL011721,DOC018,FAC003,DEP007,2026-09-12,3,2,0,6,10.4,0.5,13.2,53.0
DWL010548,DOC008,FAC003,DEP003,2021-04-30,3,0,0,2,10.0,2.0,8.2,30.8
DWL012071,DOC054,FAC003,DEP003,2023-06-12,8,2,0,5,9.4,2.4,21.2,50.6
DWL014717,DOC028,FAC003,DEP001,2026-09-28,10,3,0,4,9.2,2.3,24.6,60.1
DWL004251,DOC045,FAC004,DEP007,2023-07-26,8,4,0,5,6.2,0.0,21.6,97.1
DWL012124,DOC057,FAC002,DEP001,2025-10-11,5,0,0,0,7.9,0.2,6.3,56.6
DWL012963,DOC008,FAC003,DEP003,2026-09-02,5,2,0,2,9.0,3.1,16.2,70.6
DWL014947,DOC001,FAC001,DEP001,2026-07-14,8,0,0,2,8.1,2.4,14.8,128.4
DWL011432,DOC020,FAC005,DEP006,2025-03-18,6,2,0,5,8.4,0.1,15.3,64.0
DWL003820,DOC058,FAC004,DEP001,2023-07-23,8,1,1,0,11.3,1.1,17.2,44.1
DWL002055,DOC056,FAC003,DEP001,2023-12-06,5,2,0,5,5.9,1.2,15.8,85.7
DWL004131,DOC013,FAC003,DEP005,2022-11-23,6,1,0,0,9.6,0.5,9.9,70.6
DWL000168,DOC016,FAC001,DEP004,2025-11-20,4,5,1,0,7.9,1.7,21.4,68.8
DWL008758,DOC032,FAC002,DEP002,2026-01-15,7,4,1,4,6.4,1.7,26.1,94.1
DWL000851,DOC025,FAC005,DEP007,2021-04-26,6,1,0,4,11.9,1.3,14.3,57.3
DWL006267,DOC034,FAC004,DEP001,2022-12-19,12,1,1,7,9.0,1.0,27.5,75.0
DWL000536,DOC024,FAC004,DEP006,2023-10-05,3,3,0,4,7.8,0.4,13.4,61.7
DWL002367,DOC012,FAC002,DEP005,2022-04-04,9,2,0,6,7.9,3.5,24.9,74.8
DWL002123,DOC045,FAC004,DEP007,2022-12-21,11,0,0,6,8.8,2.3,21.4,86.0
DWL001483,DOC026,FAC001,DEP008,2022-07-01,3,4,0,6,11.1,1.8,19.1,80.5
DWL009146,DOC022,FAC002,DEP007,2023-04-04,10,2,0,4,8.5,2.4,22.8,76.9
DWL007574,DOC041,FAC005,DEP001,2025-07-30,5,3,0,0,7.1,2.8,16.2,94.4
DWL012130,DOC055,FAC004,DEP006,2022-05-12,6,0,1,5,10.7,1.5,17.4,88.0
DWL000896,DOC040,FAC005,DEP003,2024-04-09,6,1,1,2,8.9,1.6,17.2,80.8
DWL002178,DOC033,FAC003,DEP003,2026-06-08,12,4,1,0,11.0,0.8,27.6,66.6
DWL005174,DOC039,FAC004,DEP002,2023-09-10,10,1,0,1,8.3,1.4,16.9,16.6
DWL001984,DOC037,FAC002,DEP005,2025-10-01,8,1,0,5,9.5,2.5,19.4,89.4
DWL013691,DOC032,FAC002,DEP002,2026-05-27,11,3,0,2,10.7,0.7,21.9,70.5
DWL009664,DOC023,FAC003,DEP008,2025-08-21,6,2,0,8,7.9,1.9,20.5,74.8
DWL001484,DOC038,FAC003,DEP005,2023-12-18,11,0,0,6,9.7,2.0,21.0,74.3
DWL002519,DOC051,FAC002,DEP005,2023-05-15,11,0,0,4,5.5,0.4,17.0,77.8
DWL009732,DOC012,FAC002,DEP005,2021-06-10,4,3,1,3,9.7,1.0,18.7,29.6
DWL003296,DOC055,FAC004,DEP006,2024-05-24,11,0,0,3,10.2,3.5,20.9,88.0
DWL004966,DOC024,FAC004,DEP006,2023-02-17,10,2,0,1,7.5,1.6,19.2,87.5
DWL011466,DOC017,FAC002,DEP006,2021-12-30,8,2,0,4,7.9,1.5,19.1,65.8
DWL009797,DOC018,FAC003,DEP007,2024-07-18,6,3,0,6,6.1,3.0,22.5,77.5
DWL007802,DOC057,FAC002,DEP001,2023-04-29,5,2,1,3,8.8,0.7,17.4,58.2
DWL007638,DOC041,FAC005,DEP001,2025-10-03,13,2,2,7,7.5,0.0,33.2,41.6
DWL008726,DOC035,FAC005,DEP001,2023-07-25,9,2,0,4,10.2,2.0,21.0,97.6
DWL003653,DOC029,FAC004,DEP007,2025-06-17,12,2,2,5,10.0,0.6,31.3,64.9
DWL005958,DOC050,FAC003,DEP005,2023-05-10,2,1,0,4,8.8,1.2,9.4,89.2
DWL004904,DOC017,FAC002,DEP006,2022-06-21,8,0,0,2,7.8,1.3,13.1,86.6
DWL010666,DOC011,FAC001,DEP003,2021-11-18,8,1,0,0,9.3,2.3,15.0,55.4
DWL008072,DOC053,FAC005,DEP007,2021-05-04,10,2,0,3,11.9,0.0,18.4,45.2
DWL012305,DOC037,FAC002,DEP005,2021-04-22,4,1,0,6,6.7,1.7,14.2,76.9
DWL013782,DOC056,FAC003,DEP001,2024-10-26,10,0,1,6,8.0,0.5,21.6,48.8
DWL007008,DOC007,FAC002,DEP002,2024-12-20,7,1,0,3,7.3,0.7,13.9,82.0
DWL009058,DOC035,FAC005,DEP001,2023-01-05,15,0,1,2,7.1,1.5,25.9,83.4
DWL011716,DOC038,FAC003,DEP005,2024-06-17,7,3,0,4,8.0,0.7,18.7,81.6
DWL001859,DOC047,FAC005,DEP006,2024-08-13,6,1,0,2,8.5,2.2,14.1,80.7
DWL001200,DOC009,FAC004,DEP002,2024-07-16,8,5,2,1,9.5,0.5,29.2,129.2
DWL004986,DOC030,FAC005,DEP008,2024-10-28,8,2,0,4,8.3,1.4,18.9,55.2
DWL007110,DOC038,FAC003,DEP005,2026-07-31,6,1,1,4,7.8,0.0,16.4,108.0
DWL004709,DOC028,FAC003,DEP001,2022-01-14,17,0,0,3,5.1,0.4,23.4,88.2
DWL000248,DOC060,FAC005,DEP006,2025-05-28,12,0,1,7,8.0,2.3,27.4,67.0
DWL011855,DOC059,FAC005,DEP006,2021-03-17,5,1,0,6,9.5,1.4,14.9,64.9
DWL007783,DOC040,FAC005,DEP003,2024-10-25,6,2,0,1,8.2,1.0,13.5,73.2
DWL014467,DOC022,FAC002,DEP007,2026-09-30,3,1,0,3,7.2,1.9,10.8,93.8
DWL011402,DOC035,FAC005,DEP001,2025-11-07,11,3,0,3,6.8,2.3,25.1,60.5
DWL011703,DOC006,FAC001,DEP002,2022-05-31,8,1,0,2,7.3,2.1,16.4,78.6
DWL002620,DOC046,FAC001,DEP001,2021-05-12,12,0,1,3,9.5,0.1,20.9,57.9
DWL008452,DOC016,FAC001,DEP004,2021-10-22,13,0,2,3,6.7,0.0,26.0,43.1
DWL010803,DOC051,FAC002,DEP005,2021-07-20,8,0,0,0,8.9,0.3,10.0,67.6
DWL003551,DOC002,FAC002,DEP001,2021-10-13,11,0,1,3,7.0,0.0,19.6,37.3
DWL000047,DOC057,FAC002,DEP001,2026-10-08,11,0,0,2,8.0,1.3,16.8,88.5
DWL000512,DOC030,FAC005,DEP008,2025-09-17,9,5,1,6,9.1,1.0,31.1,69.2
DWL002617,DOC020,FAC005,DEP006,2023-04-24,5,3,0,5,6.2,1.5,18.2,91.7
DWL003959,DOC051,FAC002,DEP005,2025-10-16,7,3,0,5,10.2,0.0,18.4,46.7
DWL014521,DOC018,FAC003,DEP007,2021-08-17,6,1,0,2,7.5,2.9,15.1,65.4
DWL013702,DOC018,FAC003,DEP007,2022-09-06,9,3,1,3,9.3,1.6,25.6,88.3
DWL006922,DOC031,FAC001,DEP001,2023-01-04,5,1,1,0,6.8,1.2,13.8,57.0
DWL009149,DOC043,FAC003,DEP008,2024-08-07,11,2,0,3,9.8,0.6,20.5,77.3
DWL013869,DOC008,FAC003,DEP003,2025-01-20,11,6,0,5,8.0,0.9,30.6,93.3
DWL014017,DOC052,FAC004,DEP002,2023-07-27,6,4,0,4,8.9,1.5,20.6,65.7
DWL009017,DOC053,FAC005,DEP007,2023-12-11,16,2,0,3,8.7,2.7,29.7,56.6
DWL010561,DOC059,FAC005,DEP006,2022-02-09,7,1,0,1,9.0,0.0,11.2,85.6
DWL013466,DOC056,FAC003,DEP001,2023-10-19,10,0,0,2,8.4,0.4,14.2,49.6
DWL008521,DOC014,FAC004,DEP004,2024-07-25,12,0,0,3,7.4,1.6,19.2,49.6
DWL003657,DOC047,FAC005,DEP006,2025-12-20,7,1,0,3,9.8,0.8,14.0,59.8
DWL008730,DOC016,FAC001,DEP004,2026-10-16,11,1,1,5,5.5,1.6,25.6,91.3
DWL001990,DOC012,FAC002,DEP005,2023-02-10,12,0,0,4,6.4,1.8,20.3,98.5
DWL009973,DOC040,FAC005,DEP003,2025-12-05,17,5,0,0,7.1,0.4,31.0,82.2
DWL003376,DOC026,FAC001,DEP008,2025-01-30,9,0,0,2,9.3,0.6,13.3,108.7
DWL006312,DOC022,FAC002,DEP007,2022-05-02,11,0,1,3,7.7,2.0,22.6,58.3
DWL011859,DOC042,FAC003,DEP003,2024-01-31,5,2,0,3,10.9,0.0,12.4,93.1
DWL000136,DOC021,FAC001,DEP005,2026-12-29,9,4,0,1,11.4,0.1,19.7,79.0
DWL000432,DOC039,FAC004,DEP002,2025-01-18,9,2,1,5,6.5,1.7,25.3,43.9
DWL002936,DOC026,FAC001,DEP008,2025-05-07,11,4,0,4,8.8,1.9,27.2,38.2
DWL009591,DOC059,FAC005,DEP006,2025-12-28,8,0,0,0,9.1,1.3,11.6,29.8
DWL004296,DOC006,FAC001,DEP002,2023-10-05,8,2,0,0,8.7,0.8,14.8,62.7
DWL014131,DOC043,FAC003,DEP008,2023-10-25,9,0,0,4,10.3,2.0,17.0,71.5
DWL010981,DOC028,FAC003,DEP001,2025-12-01,7,1,0,5,7.8,1.4,16.5,98.6
DWL001044,DOC023,FAC003,DEP008,2023-03-10,6,1,0,1,10.6,2.4,13.6,88.0
DWL013953,DOC016,FAC001,DEP004,2023-01-26,9,0,0,7,9.2,0.6,17.3,35.7
DWL001958,DOC012,FAC002,DEP005,2025-12-01,12,0,1,4,7.2,2.4,25.2,92.7
DWL012986,DOC002,FAC002,DEP001,2025-06-07,2,1,0,6,7.2,1.0,10.7,75.7
DWL001086,DOC014,FAC004,DEP004,2022-06-20,10,0,0,5,6.1,0.9,17.4,63.7
DWL009452,DOC041,FAC005,DEP001,2026-07-13,9,2,1,6,10.4,2.4,27.2,94.9
DWL002989,DOC040,FAC005,DEP003,2021-02-09,9,0,0,7,8.8,1.8,19.1,57.5
DWL006606,DOC033,FAC003,DEP003,2023-07-11,14,1,0,3,5.6,1.0,22.7,81.7
DWL009458,DOC050,FAC003,DEP005,2023-09-03,11,2,0,2,8.2,0.4,19.4,19.3
DWL014327,DOC049,FAC003,DEP001,2021-09-09,8,0,1,1,8.2,0.8,15.6,50.3
DWL008696,DOC047,FAC005,DEP006,2026-08-29,7,0,0,6,8.1,0.4,13.8,65.5
DWL010435,DOC005,FAC005,DEP001,2023-05-02,6,1,1,2,12.5,2.1,17.9,63.7
DWL005801,DOC006,FAC001,DEP002,2024-04-18,6,2,0,5,7.2,1.7,17.8,46.7
DWL001352,DOC022,FAC002,DEP007,2026-07-23,10,3,0,2,8.0,1.4,21.7,86.3
DWL010586,DOC048,FAC001,DEP002,2022-01-20,9,3,0,5,6.7,1.8,23.5,102.0
DWL007922,DOC054,FAC003,DEP003,2024-08-16,5,1,1,6,6.3,1.4,18.9,75.3
DWL001489,DOC058,FAC004,DEP001,2024-07-06,10,0,1,0,8.0,2.0,19.0,54.2
DWL006845,DOC056,FAC003,DEP001,2026-12-16,14,1,0,6,7.5,1.4,25.7,94.7
DWL004238,DOC036,FAC001,DEP002,2021-04-16,9,0,0,1,9.2,0.0,11.6,66.9
DWL003922,DOC023,FAC003,DEP008,2025-04-22,11,3,0,4,10.4,0.7,23.4,60.6
DWL002020,DOC042,FAC003,DEP003,2026-07-15,3,0,0,2,6.7,2.5,8.9,80.2
DWL003022,DOC012,FAC002,DEP005,2023-01-06,9,1,0,1,9.0,0.0,13.6,72.9
DWL009887,DOC024,FAC004,DEP006,2024-08-18,10,0,0,1,8.7,1.9,15.7,24.1
DWL010741,DOC056,FAC003,DEP001,2024-04-12,9,1,1,5,7.3,1.3,22.7,94.9
DWL000275,DOC051,FAC002,DEP005,2022-06-06,10,2,0,5,9.6,1.7,22.6,61.6
DWL007202,DOC018,FAC003,DEP007,2022-03-07,9,0,1,4,8.9,0.0,18.0,65.1
DWL005413,DOC052,FAC004,DEP002,2026-07-24,6,5,1,3,8.6,0.9,25.0,73.2
DWL012189,DOC030,FAC005,DEP008,2022-08-20,3,1,0,1,7.0,1.1,8.0,53.7
DWL000201,DOC028,FAC003,DEP001,2024-09-10,7,0,0,4,7.7,1.0,13.1,77.2
DWL011735,DOC004,FAC004,DEP001,2025-04-19,5,4,0,4,9.5,0.6,18.1,53.7
DWL005380,DOC045,FAC004,DEP007,2021-03-26,8,1,0,2,9.2,1.9,16.0,53.8
DWL004095,DOC026,FAC001,DEP008,2026-08-19,14,1,1,6,8.4,2.5,31.4,117.8
DWL005340,DOC002,FAC002,DEP001,2026-07-04,5,5,0,0,8.4,1.1,17.6,64.4
DWL007832,DOC011,FAC001,DEP003,2022-08-26,12,0,0,0,10.2,1.0,15.9,47.7
DWL002405,DOC040,FAC005,DEP003,2025-11-22,5,1,0,2,9.3,0.5,10.3,50.8
DWL002440,DOC060,FAC005,DEP006,2024-05-31,7,0,0,6,7.7,2.1,16.4,77.2
DWL006077,DOC036,FAC001,DEP002,2023-08-29,8,2,0,2,8.0,0.1,15.3,68.0
DWL003335,DOC034,FAC004,DEP001,2024-09-16,11,1,0,2,7.8,0.8,18.0,73.1
DWL012906,DOC001,FAC001,DEP001,2024-01-23,7,3,0,1,10.1,1.2,17.0,75.5
DWL010191,DOC032,FAC002,DEP002,2026-07-19,7,1,1,3,5.8,0.9,18.2,79.6
DWL003422,DOC024,FAC004,DEP006,2026-09-01,7,1,1,6,9.4,0.8,20.4,98.8
DWL002819,DOC051,FAC002,DEP005,2021-11-16,10,0,0,5,7.0,1.1,17.6,67.5
DWL008586,DOC006,FAC001,DEP002,2026-06-05,10,2,2,4,9.4,1.5,29.4,98.6
DWL002999,DOC016,FAC001,DEP004,2024-06-08,10,2,0,5,8.1,0.2,20.3,56.7
DWL008887,DOC053,FAC005,DEP007,2021-03-04,5,2,0,5,6.2,0.6,14.9,67.8
DWL007448,DOC048,FAC001,DEP002,2025-04-02,14,2,0,2,7.7,1.6,24.8,72.7
DWL000938,DOC019,FAC004,DEP005,2026-07-18,17,1,0,4,7.7,1.1,27.2,50.1
DWL001905,DOC042,FAC003,DEP003,2025-05-07,11,1,0,2,7.7,0.9,18.2,33.1
DWL005741,DOC032,FAC002,DEP002,2022-08-10,11,0,0,0,9.1,1.8,15.9,87.1
DWL000834,DOC028,FAC003,DEP001,2021-05-07,3,2,0,4,5.9,0.0,10.8,57.7
DWL012070,DOC021,FAC001,DEP005,2024-08-04,11,0,0,4,9.9,0.0,16.4,55.7
DWL008381,DOC004,FAC004,DEP001,2024-12-31,8,1,0,4,11.1,2.1,18.0,80.1
DWL009660,DOC009,FAC004,DEP002,2022-11-18,6,0,0,4,9.4,1.2,12.2,59.2
DWL000873,DOC048,FAC001,DEP002,2021-12-16,11,0,1,7,9.2,0.5,23.6,78.8
DWL010347,DOC022,FAC002,DEP007,2023-09-25,8,0,0,3,7.3,1.7,14.6,56.4
DWL010219,DOC033,FAC003,DEP003,2026-03-02,10,1,0,3,7.8,0.0,16.4,87.4
DWL003155,DOC012,FAC002,DEP005,2026-11-20,14,0,0,3,6.3,1.3,21.2,69.7
DWL013730,DOC051,FAC002,DEP005,2025-10-24,15,1,0,4,9.5,2.0,26.2,124.3
DWL001176,DOC050,FAC003,DEP005,2025-12-01,10,3,0,7,10.2,2.0,26.6,111.2
DWL008391,DOC011,FAC001,DEP003,2021-11-15,11,1,1,3,7.6,0.1,21.8,90.2
DWL010250,DOC051,FAC002,DEP005,2023-12-16,6,2,0,3,7.8,1.6,16.0,49.0
DWL012822,DOC016,FAC001,DEP004,2023-01-29,6,0,0,0,7.8,0.4,7.8,33.9
DWL009474,DOC015,FAC005,DEP005,2022-05-23,2,1,1,7,9.7,0.8,15.2,67.6
DWL014824,DOC058,FAC004,DEP001,2026-03-10,10,0,0,2,9.2,1.7,16.1,85.3
DWL007052,DOC014,FAC004,DEP004,2021-06-28,4,1,1,3,11.4,1.7,15.8,67.5
DWL011382,DOC014,FAC004,DEP004,2026-11-22,10,0,1,2,9.9,0.2,17.9,36.6
DWL001084,DOC016,FAC001,DEP004,2026-11-09,5,1,1,4,7.5,0.8,16.4,56.1
DWL006134,DOC047,FAC005,DEP006,2025-08-27,5,2,0,3,7.1,1.9,15.2,82.0
DWL012547,DOC021,FAC001,DEP005,2024-01-04,10,0,0,2,10.9,1.5,15.8,90.9
DWL004270,DOC009,FAC004,DEP002,2021-07-17,4,0,0,1,5.7,0.6,6.5,32.7
DWL002268,DOC003,FAC003,DEP001,2023-03-21,9,2,0,2,11.2,1.4,18.5,74.6
DWL013783,DOC025,FAC005,DEP007,2024-11-22,6,3,0,0,8.8,1.2,15.0,55.9
DWL008837,DOC045,FAC004,DEP007,2024-09-30,8,1,0,2,6.6,1.1,14.8,60.3
DWL005744,DOC055,FAC004,DEP006,2026-08-29,7,1,0,0,6.4,1.6,12.8,61.5
DWL004195,DOC058,FAC004,DEP001,2026-08-28,12,5,0,2,7.4,0.2,26.3,101.8
DWL014990,DOC055,FAC004,DEP006,2024-11-27,7,1,0,4,8.2,1.9,16.5,69.3
DWL007732,DOC004,FAC004,DEP001,2025-04-18,8,1,1,2,7.6,2.0,20.2,97.6
DWL000412,DOC048,FAC001,DEP002,2022-01-16,9,1,0,1,8.4,0.0,13.6,35.3
DWL001198,DOC019,FAC004,DEP005,2024-08-29,16,0,0,2,8.2,1.8,23.5,63.0
DWL008658,DOC007,FAC002,DEP002,2024-03-29,7,1,0,6,8.3,0.2,15.5,101.1
DWL009786,DOC037,FAC002,DEP005,2023-04-07,14,2,1,0,8.9,0.9,26.2,78.7
DWL000430,DOC003,FAC003,DEP001,2022-10-05,9,1,0,1,8.2,1.9,16.4,71.5
DWL012479,DOC018,FAC003,DEP007,2024-06-24,4,2,1,1,9.9,0.9,15.0,81.8
DWL006923,DOC024,FAC004,DEP006,2022-11-24,6,2,0,3,8.1,0.2,13.9,90.7
DWL005708,DOC001,FAC001,DEP001,2025-08-09,10,0,0,4,10.6,1.3,17.1,42.8
DWL008100,DOC046,FAC001,DEP001,2025-10-20,10,0,0,3,9.7,0.4,15.0,86.8
DWL004191,DOC023,FAC003,DEP008,2024-07-22,14,2,0,4,7.6,2.0,27.0,77.5
DWL000721,DOC057,FAC002,DEP001,2026-01-18,6,1,1,2,7.7,0.0,14.8,58.5
DWL005130,DOC050,FAC003,DEP005,2023-04-24,9,1,1,4,7.2,1.5,22.2,58.1
DWL006635,DOC032,FAC002,DEP002,2022-07-25,11,1,0,2,8.1,0.4,17.4,88.9
DWL010422,DOC020,FAC005,DEP006,2023-10-10,11,0,0,6,6.2,0.8,19.2,95.4
DWL004437,DOC025,FAC005,DEP007,2022-06-30,8,0,0,4,9.8,0.7,13.9,50.0
DWL008937,DOC018,FAC003,DEP007,2021-11-27,6,1,0,3,9.2,0.0,11.6,56.7
DWL003834,DOC042,FAC003,DEP003,2026-08-26,7,1,1,1,8.6,2.1,18.4,113.5
DWL008370,DOC012,FAC002,DEP005,2023-03-29,10,2,0,5,8.2,0.8,21.2,60.6
DWL013033,DOC027,FAC002,DEP001,2022-01-01,6,1,0,5,9.1,0.9,14.5,11.3
DWL010067,DOC033,FAC003,DEP003,2026-11-20,12,2,1,5,8.4,1.0,27.9,90.0
DWL004706,DOC040,FAC005,DEP003,2021-06-25,6,2,1,1,9.8,0.0,16.0,74.8
DWL007403,DOC024,FAC004,DEP006,2025-11-11,7,0,0,6,7.8,0.0,13.2,100.4
DWL003882,DOC053,FAC005,DEP007,2023-03-06,10,1,1,5,7.8,1.6,24.4,101.2
DWL001965,DOC014,FAC004,DEP004,2021-03-01,7,0,0,9,10.8,0.8,16.8,82.5
DWL007269,DOC014,FAC004,DEP004,2023-12-22,8,0,0,2,7.4,1.8,13.9,75.7
DWL006463,DOC020,FAC005,DEP006,2021-04-21,13,1,0,3,9.3,0.7,21.1,65.9
DWL014610,DOC056,FAC003,DEP001,2021-07-16,18,0,0,4,6.6,0.0,24.8,87.6
DWL003419,DOC036,FAC001,DEP002,2025-03-07,9,0,1,4,9.2,0.4,18.6,85.6
DWL003026,DOC051,FAC002,DEP005,2023-07-15,6,1,0,3,9.1,1.8,14.3,66.6
DWL014727,DOC041,FAC005,DEP001,2026-08-11,15,2,1,1,9.0,2.0,29.8,106.3
DWL001327,DOC004,FAC004,DEP001,2025-11-20,16,2,1,0,12.8,1.0,28.7,72.4
DWL004955,DOC002,FAC002,DEP001,2025-12-20,9,0,0,2,9.0,1.3,14.3,106.3
DWL008831,DOC043,FAC003,DEP008,2021-03-09,10,1,1,2,7.4,0.7,20.7,65.1
DWL008618,DOC034,FAC004,DEP001,2026-05-01,6,0,0,6,7.3,0.7,13.1,39.0
DWL007182,DOC054,FAC003,DEP003,2024-01-15,11,3,0,1,10.6,0.4,20.6,75.0
DWL006891,DOC031,FAC001,DEP001,2022-12-19,5,2,1,5,8.3,1.9,20.9,91.3
DWL000300,DOC056,FAC003,DEP001,2022-04-25,5,0,0,3,6.6,1.1,10.1,52.3
DWL008098,DOC004,FAC004,DEP001,2021-08-27,5,2,0,5,5.9,0.6,14.9,54.3
DWL006159,DOC041,FAC005,DEP001,2021-02-07,4,1,0,4,8.4,1.5,12.2,42.7
DWL008181,DOC042,FAC003,DEP003,2024-02-19,7,0,0,5,6.6,1.1,14.1,74.4
DWL003017,DOC058,FAC004,DEP001,2023-02-24,7,3,0,4,8.6,0.3,18.1,69.1
DWL004861,DOC013,FAC003,DEP005,2022-12-29,7,0,0,2,5.4,0.5,10.8,84.0
DWL008740,DOC038,FAC003,DEP005,2026-11-01,9,3,0,5,4.9,2.3,24.2,60.9
DWL010105,DOC005,FAC005,DEP001,2023-03-16,12,4,0,6,6.5,1.9,30.0,96.5
DWL002537,DOC002,FAC002,DEP001,2021-06-10,8,2,0,4,10.9,1.8,19.5,58.7
DWL010973,DOC019,FAC004,DEP005,2021-05-24,10,1,1,5,6.5,0.0,22.0,85.8
DWL010906,DOC018,FAC003,DEP007,2024-08-14,12,3,0,4,8.8,0.4,24.2,82.5
DWL001191,DOC001,FAC001,DEP001,2025-07-01,12,1,0,3,8.1,0.0,18.8,88.0
DWL012322,DOC058,FAC004,DEP001,2023-09-28,7,2,1,3,6.2,1.6,21.2,44.0
DWL012527,DOC002,FAC002,DEP001,2025-04-03,4,2,0,6,8.1,0.4,14.2,72.5
DWL000120,DOC040,FAC005,DEP003,2021-03-18,9,0,1,2,7.8,2.8,20.6,60.5
DWL013239,DOC011,FAC001,DEP003,2025-07-21,6,1,0,2,7.8,2.0,13.8,106.9
DWL012888,DOC001,FAC001,DEP001,2026-10-22,9,1,0,6,8.7,1.4,19.7,55.9
DWL014963,DOC011,FAC001,DEP003,2021-02-19,10,0,0,4,7.1,1.1,16.8,44.7
DWL002715,DOC008,FAC003,DEP003,2022-09-14,11,3,1,3,10.5,3.6,31.0,51.2
DWL001724,DOC001,FAC001,DEP001,2025-09-10,9,4,0,4,9.0,0.3,22.4,92.6
DWL013045,DOC055,FAC004,DEP006,2021-03-25,7,0,0,2,6.4,0.0,10.0,50.6
DWL006558,DOC029,FAC004,DEP007,2022-12-24,13,0,0,3,7.3,0.2,18.3,48.7
DWL003315,DOC022,FAC002,DEP007,2025-08-02,7,0,1,3,6.7,0.0,14.8,76.5
DWL008584,DOC034,FAC004,DEP001,2026-08-17,8,1,1,0,11.6,0.7,16.6,113.0
DWL012532,DOC034,FAC004,DEP001,2022-01-09,8,2,1,1,8.5,0.0,18.4,29.1
DWL009391,DOC039,FAC004,DEP002,2025-07-17,9,1,1,6,6.9,0.7,22.6,75.3
DWL011973,DOC030,FAC005,DEP008,2025-06-14,11,1,0,4,9.0,1.8,21.1,40.9
DWL003956,DOC010,FAC005,DEP003,2023-11-10,11,3,1,5,8.7,1.5,29.4,71.9
DWL008094,DOC003,FAC003,DEP001,2025-07-31,7,3,0,6,6.6,2.5,23.0,102.2
DWL007710,DOC043,FAC003,DEP008,2021-10-05,11,1,0,4,8.9,0.6,19.3,82.3
DWL000377,DOC019,FAC004,DEP005,2026-10-13,8,1,0,2,6.3,1.0,14.7,96.1
DWL013323,DOC039,FAC004,DEP002,2024-06-07,11,1,0,2,9.1,1.0,18.3,75.0
DWL006823,DOC056,FAC003,DEP001,2023-03-24,10,1,0,6,8.6,0.8,20.0,59.5
DWL000705,DOC035,FAC005,DEP001,2023-07-03,10,1,0,2,7.4,1.6,18.0,81.7
DWL014016,DOC042,FAC003,DEP003,2023-07-14,10,0,0,3,8.8,1.2,16.2,84.2
DWL011935,DOC042,FAC003,DEP003,2021-06-16,13,1,1,3,9.2,1.1,25.6,53.1
DWL002349,DOC009,FAC004,DEP002,2025-11-10,13,0,0,6,10.0,2.6,24.3,72.9
DWL007717,DOC048,FAC001,DEP002,2025-10-25,7,1,0,7,9.9,0.6,16.9,43.0
DWL007502,DOC049,FAC003,DEP001,2024-01-29,4,2,0,3,7.0,0.7,12.2,85.7
DWL010287,DOC040,FAC005,DEP003,2022-02-10,11,1,2,2,10.0,1.5,27.1,81.2
DWL007771,DOC015,FAC005,DEP005,2023-07-18,10,1,1,5,8.0,0.6,22.9,83.1
DWL010492,DOC031,FAC001,DEP001,2026-04-09,13,2,0,3,8.5,0.1,22.1,75.5
DWL001451,DOC043,FAC003,DEP008,2026-08-13,9,0,0,5,8.1,1.3,16.8,102.7
DWL005548,DOC056,FAC003,DEP001,2021-02-02,10,3,1,2,8.5,0.7,24.7,51.7
DWL007338,DOC013,FAC003,DEP005,2022-04-05,11,2,0,2,7.2,1.6,21.2,81.7
DWL004751,DOC045,FAC004,DEP007,2026-05-29,7,2,1,4,7.2,1.3,21.5,91.3
DWL013458,DOC050,FAC003,DEP005,2026-02-10,8,2,0,1,8.6,0.7,15.4,98.9
DWL010620,DOC001,FAC001,DEP001,2026-01-27,12,2,0,3,9.0,1.7,23.3,99.0
DWL003979,DOC023,FAC003,DEP008,2026-12-08,11,4,0,6,8.3,2.3,29.4,102.9
DWL014767,DOC031,FAC001,DEP001,2021-05-20,9,3,0,5,4.7,0.6,21.7,51.5
DWL011064,DOC037,FAC002,DEP005,2022-10-01,5,1,0,3,10.5,0.3,10.8,29.7
DWL007104,DOC046,FAC001,DEP001,2023-04-13,11,1,0,0,7.2,2.3,18.6,84.8
DWL011445,DOC008,FAC003,DEP003,2021-07-22,5,0,0,4,6.8,0.9,10.5,80.4
DWL004683,DOC044,FAC002,DEP005,2024-06-18,10,2,0,2,9.1,1.1,19.2,90.6
DWL006177,DOC014,FAC004,DEP004,2023-08-03,6,4,0,2,11.7,1.9,19.6,75.6
DWL003753,DOC020,FAC005,DEP006,2025-01-10,7,1,0,6,9.1,1.0,16.7,86.0
DWL013112,DOC057,FAC002,DEP001,2024-03-07,9,0,0,7,9.9,0.0,16.4,81.3
DWL001635,DOC009,FAC004,DEP002,2023-10-27,10,1,0,1,8.1,1.2,16.6,69.0
DWL004354,DOC060,FAC005,DEP006,2023-05-23,8,0,0,3,6.3,1.0,13.5,56.3
DWL003170,DOC056,FAC003,DEP001,2026-05-07,9,1,0,4,10.0,1.7,18.6,81.4
DWL001431,DOC058,FAC004,DEP001,2021-07-05,12,0,0,6,4.8,1.0,20.7,55.7
DWL004992,DOC002,FAC002,DEP001,2025-09-23,9,1,1,2,9.1,0.3,18.8,80.0
DWL002311,DOC032,FAC002,DEP002,2022-09-17,8,2,1,4,12.7,1.1,22.4,30.8
DWL003706,DOC027,FAC002,DEP001,2026-10-16,8,1,2,8,9.3,1.0,27.5,68.4
DWL011995,DOC021,FAC001,DEP005,2024-10-25,9,1,0,3,6.9,1.5,17.4,60.4
DWL013240,DOC047,FAC005,DEP006,2026-02-25,11,2,1,2,8.1,2.9,27.1,84.0
DWL010235,DOC016,FAC001,DEP004,2026-02-02,4,2,0,0,8.2,1.3,10.8,86.8
DWL011604,DOC004,FAC004,DEP001,2026-07-11,10,3,0,1,8.7,1.0,20.3,82.9
DWL013188,DOC041,FAC005,DEP001,2026-08-30,0,1,0,4,6.8,0.3,5.7,28.2
DWL004297,DOC047,FAC005,DEP006,2021-01-31,6,1,0,3,5.6,1.3,13.6,25.5
DWL000034,DOC037,FAC002,DEP005,2025-03-24,8,3,0,2,7.1,2.7,21.2,93.4
DWL002125,DOC004,FAC004,DEP001,2023-10-15,7,0,0,6,9.1,0.6,14.1,23.1
DWL011038,DOC036,FAC001,DEP002,2024-04-04,2,4,0,0,10.4,1.6,12.8,82.4
DWL003892,DOC040,FAC005,DEP003,2025-11-15,11,1,0,5,7.9,1.5,21.4,52.4
DWL011360,DOC020,FAC005,DEP006,2021-04-12,4,0,0,3,7.9,1.0,8.7,60.7
DWL003785,DOC040,FAC005,DEP003,2024-08-14,9,1,1,2,7.5,1.0,19.9,95.6
DWL005479,DOC038,FAC003,DEP005,2023-12-13,7,0,0,9,8.4,1.1,17.2,74.3
DWL003342,DOC052,FAC004,DEP002,2023-12-21,12,2,0,2,9.0,0.0,20.0,62.2
DWL002808,DOC018,FAC003,DEP007,2021-03-28,5,0,0,0,8.8,0.5,6.8,20.3
DWL008493,DOC011,FAC001,DEP003,2025-11-11,10,3,0,7,7.4,0.4,24.2,99.6
DWL001298,DOC010,FAC005,DEP003,2024-03-08,8,0,0,0,8.9,0.5,10.3,19.9
DWL006694,DOC046,FAC001,DEP001,2024-01-19,5,3,0,4,6.3,1.3,17.1,104.3
DWL007230,DOC009,FAC004,DEP002,2024-10-05,8,1,0,6,8.0,0.3,16.8,34.0
DWL011201,DOC057,FAC002,DEP001,2023-06-19,8,3,2,1,8.4,1.7,27.0,84.8
DWL004747,DOC047,FAC005,DEP006,2025-11-25,11,0,0,6,9.8,0.6,18.9,72.6
DWL000909,DOC023,FAC003,DEP008,2026-10-28,13,1,0,0,8.4,1.6,20.0,82.5
DWL012172,DOC022,FAC002,DEP007,2026-10-12,12,1,0,3,7.9,1.4,20.9,73.5
DWL010400,DOC002,FAC002,DEP001,2023-09-06,12,2,0,6,10.4,0.0,23.2,69.0
DWL014498,DOC018,FAC003,DEP007,2023-05-31,8,1,0,3,7.2,0.8,15.2,49.7
DWL010366,DOC026,FAC001,DEP008,2022-10-28,13,4,0,3,7.9,0.9,27.4,36.4
DWL004192,DOC052,FAC004,DEP002,2023-10-30,13,1,1,0,8.6,1.5,23.9,99.2
DWL014429,DOC013,FAC003,DEP005,2026-10-09,9,1,0,3,9.0,2.1,18.4,89.5
DWL002555,DOC036,FAC001,DEP002,2024-12-18,10,2,2,0,10.3,0.5,24.8,97.8
DWL007725,DOC008,FAC003,DEP003,2022-06-01,11,2,0,3,8.0,1.0,21.1,47.8
DWL010925,DOC035,FAC005,DEP001,2025-04-19,9,3,0,5,7.1,0.3,21.2,35.4
DWL004302,DOC037,FAC002,DEP005,2024-07-27,8,1,1,5,10.2,1.4,21.7,65.6
DWL000112,DOC037,FAC002,DEP005,2025-08-06,13,1,0,3,9.4,2.1,23.1,88.9
DWL003502,DOC002,FAC002,DEP001,2024-04-21,10,0,0,5,9.8,0.7,17.1,14.2
DWL001702,DOC031,FAC001,DEP001,2021-08-04,6,2,0,9,6.7,2.7,22.4,86.2
DWL001784,DOC036,FAC001,DEP002,2024-11-07,7,2,1,2,11.4,0.8,19.2,72.0
DWL005398,DOC054,FAC003,DEP003,2025-12-01,9,3,0,4,10.7,1.3,21.9,74.8
DWL002907,DOC037,FAC002,DEP005,2021-12-14,9,1,0,2,11.2,0.4,15.0,39.8
DWL000979,DOC022,FAC002,DEP007,2023-01-11,6,1,0,0,8.6,1.3,11.1,89.3
DWL003972,DOC007,FAC002,DEP002,2026-11-07,11,2,0,0,7.0,0.1,17.3,61.2
DWL005272,DOC054,FAC003,DEP003,2024-02-25,8,0,1,2,10.6,0.0,15.2,12.1
DWL003469,DOC016,FAC001,DEP004,2024-07-31,10,1,0,2,5.6,1.8,18.3,102.2
DWL005370,DOC011,FAC001,DEP003,2026-05-04,6,0,1,0,9.4,2.3,14.6,95.3
DWL009726,DOC010,FAC005,DEP003,2022-09-25,4,0,0,3,9.5,0.4,7.8,43.5
DWL005332,DOC057,FAC002,DEP001,2024-03-11,8,0,0,3,8.3,2.0,15.0,77.3
DWL010052,DOC053,FAC005,DEP007,2025-04-20,9,0,1,6,8.9,0.4,20.2,44.3
DWL014598,DOC019,FAC004,DEP005,2023-09-17,13,0,0,2,6.3,0.1,17.3,10.0
DWL002895,DOC011,FAC001,DEP003,2025-06-29,8,2,1,5,8.3,1.1,23.2,36.1
DWL006456,DOC057,FAC002,DEP001,2024-04-17,1,1,1,0,9.6,0.5,8.0,63.2
DWL009382,DOC011,FAC001,DEP003,2025-03-04,9,3,0,3,8.5,0.2,19.5,74.2
DWL001409,DOC032,FAC002,DEP002,2021-02-09,8,1,2,6,7.9,0.7,25.5,59.1
DWL002702,DOC054,FAC003,DEP003,2024-11-15,7,1,0,7,6.8,2.7,20.1,46.0
DWL009261,DOC009,FAC004,DEP002,2022-09-26,11,3,1,3,7.8,0.8,26.8,78.2
DWL010157,DOC039,FAC004,DEP002,2022-10-01,9,0,1,4,12.0,0.2,18.3,29.0
DWL003102,DOC054,FAC003,DEP003,2022-09-05,6,1,0,2,8.4,1.1,12.4,65.6
DWL008956,DOC012,FAC002,DEP005,2024-08-05,10,1,0,3,7.4,0.7,17.4,63.5
DWL005373,DOC015,FAC005,DEP005,2022-06-06,8,2,0,3,7.2,1.5,18.2,70.4
DWL012753,DOC045,FAC004,DEP007,2026-09-19,6,1,0,8,5.4,2.8,19.8,57.2
DWL007742,DOC003,FAC003,DEP001,2021-04-23,11,2,1,3,10.2,0.7,24.7,75.5
DWL003600,DOC052,FAC004,DEP002,2026-08-04,11,2,1,3,6.1,2.8,27.8,96.8
DWL003690,DOC045,FAC004,DEP007,2021-11-04,3,1,1,4,10.7,0.0,12.8,61.3
DWL007252,DOC058,FAC004,DEP001,2025-01-24,16,1,0,6,8.9,1.7,28.6,83.1
DWL013488,DOC018,FAC003,DEP007,2025-05-02,9,1,0,7,7.3,2.2,21.7,73.2
DWL008590,DOC002,FAC002,DEP001,2026-11-01,6,2,0,2,10.1,1.3,14.8,24.9
DWL000397,DOC017,FAC002,DEP006,2026-11-20,5,1,0,3,10.7,2.5,14.2,107.3
DWL014742,DOC021,FAC001,DEP005,2024-09-13,11,2,0,5,12.1,0.8,22.4,77.0
DWL008030,DOC003,FAC003,DEP001,2026-07-13,14,1,1,3,10.2,2.4,28.8,102.7
DWL002639,DOC029,FAC004,DEP007,2025-03-13,9,3,0,6,8.9,2.2,24.9,95.7
DWL011568,DOC005,FAC005,DEP001,2026-04-15,7,1,1,7,7.8,0.8,21.2,90.2
DWL005283,DOC042,FAC003,DEP003,2021-10-01,11,1,1,2,10.1,1.8,23.5,35.4
DWL005035,DOC031,FAC001,DEP001,2025-01-29,8,0,1,5,10.6,1.3,19.6,89.5
DWL010313,DOC024,FAC004,DEP006,2025-02-11,10,1,0,2,7.0,1.8,18.3,93.6
DWL001600,DOC040,FAC005,DEP003,2026-02-06,14,2,0,5,11.1,1.7,27.4,71.4
DWL008724,DOC030,FAC005,DEP008,2021-08-31,12,1,0,3,11.2,0.2,19.1,46.0
DWL013843,DOC024,FAC004,DEP006,2026-07-20,10,3,0,3,11.6,2.7,24.4,91.3
DWL000818,DOC022,FAC002,DEP007,2023-07-19,11,0,0,5,8.5,1.2,19.0,86.5
DWL007206,DOC026,FAC001,DEP008,2024-09-15,12,1,0,8,6.6,0.2,23.1,51.3
DWL006481,DOC055,FAC004,DEP006,2024-02-16,10,3,0,5,6.7,1.9,24.9,57.7
DWL012275,DOC016,FAC001,DEP004,2024-07-29,10,2,0,2,10.6,0.1,17.8,95.1
DWL004464,DOC003,FAC003,DEP001,2024-05-31,10,1,0,8,9.0,1.4,22.5,86.7
DWL007493,DOC024,FAC004,DEP006,2022-05-28,5,2,0,5,7.7,0.9,15.3,23.0
DWL004014,DOC008,FAC003,DEP003,2026-06-17,12,2,0,3,8.0,1.5,23.0,79.0
DWL012935,DOC052,FAC004,DEP002,2026-07-28,8,1,0,3,5.9,3.3,18.9,103.1
DWL005390,DOC032,FAC002,DEP002,2021-08-14,14,1,0,3,8.6,2.0,24.2,35.2
DWL007766,DOC053,FAC005,DEP007,2022-05-08,3,1,0,3,5.0,0.6,8.9,12.2
DWL014632,DOC020,FAC005,DEP006,2022-01-17,12,1,0,4,8.6,0.0,19.6,89.3
DWL010789,DOC007,FAC002,DEP002,2024-12-04,9,5,0,5,8.6,1.8,27.5,75.6
DWL000612,DOC047,FAC005,DEP006,2021-10-10,6,1,0,1,6.1,1.2,11.8,36.9
DWL001513,DOC022,FAC002,DEP007,2024-04-18,7,2,0,2,9.3,0.8,15.2,92.4
DWL011273,DOC052,FAC004,DEP002,2022-09-01,11,1,0,0,8.4,1.3,17.1,73.5
DWL002560,DOC013,FAC003,DEP005,2021-03-10,5,2,1,2,9.0,0.0,15.6,49.6
DWL009187,DOC010,FAC005,DEP003,2026-05-07,8,0,0,4,6.2,0.2,13.1,106.1
DWL009282,DOC025,FAC005,DEP007,2022-12-03,9,0,0,3,8.6,0.0,13.2,42.4
DWL013644,DOC051,FAC002,DEP005,2025-05-13,4,4,0,3,8.1,2.2,18.5,87.7
DWL014537,DOC027,FAC002,DEP001,2021-05-21,13,1,1,5,6.5,1.2,27.4,37.4
DWL002586,DOC020,FAC005,DEP006,2023-07-07,13,2,0,3,7.5,0.7,23.1,70.3
DWL009856,DOC027,FAC002,DEP001,2024-11-12,9,0,1,5,9.0,2.6,22.7,69.0
DWL007837,DOC020,FAC005,DEP006,2021-03-11,7,0,0,2,7.7,1.1,11.7,26.8
DWL004448,DOC026,FAC001,DEP008,2022-01-30,6,0,0,0,10.5,0.7,8.2,38.6
DWL004275,DOC047,FAC005,DEP006,2021-06-29,7,1,0,4,8.7,0.0,13.6,23.8
DWL000764,DOC052,FAC004,DEP002,2023-05-11,11,1,0,4,9.2,1.9,21.2,81.6
DWL002474,DOC056,FAC003,DEP001,2022-01-27,5,1,0,1,7.1,0.0,8.8,63.8
DWL010154,DOC003,FAC003,DEP001,2023-08-16,9,2,0,6,7.9,1.2,21.4,55.2
DWL005422,DOC005,FAC005,DEP001,2026-03-13,6,1,0,1,6.4,0.0,10.0,69.8
DWL007321,DOC009,FAC004,DEP002,2023-02-28,6,2,0,1,7.6,0.3,12.4,70.5
DWL009970,DOC041,FAC005,DEP001,2022-11-11,4,1,0,3,7.6,1.3,11.1,92.0
DWL007586,DOC022,FAC002,DEP007,2024-06-13,7,2,2,3,8.7,2.1,25.9,92.6
DWL003777,DOC045,FAC004,DEP007,2026-01-22,8,2,0,8,10.3,2.3,23.4,108.8
DWL007723,DOC051,FAC002,DEP005,2023-10-26,7,3,0,4,7.7,1.3,19.6,77.0
DWL008014,DOC044,FAC002,DEP005,2022-12-20,8,3,0,2,9.1,1.5,19.4,77.8
DWL001622,DOC020,FAC005,DEP006,2026-02-14,9,1,0,3,9.3,0.3,15.6,64.2
DWL013635,DOC007,FAC002,DEP002,2021-12-07,9,1,0,4,8.5,1.1,17.6,69.2
DWL003945,DOC050,FAC003,DEP005,2022-12-16,7,2,0,2,11.3,0.8,15.2,62.1
DWL006163,DOC011,FAC001,DEP003,2025-03-18,8,1,0,2,7.4,2.5,16.9,54.9
DWL003070,DOC046,FAC001,DEP001,2026-01-03,8,0,0,7,6.9,0.8,16.4,56.9
DWL012873,DOC018,FAC003,DEP007,2024-08-16,6,3,0,6,7.7,1.5,20.2,77.5
DWL006509,DOC046,FAC001,DEP001,2024-04-02,9,1,1,4,9.2,1.8,22.7,86.1
DWL004975,DOC011,FAC001,DEP003,2024-07-22,6,0,0,3,7.3,0.9,10.9,81.2
DWL014321,DOC018,FAC003,DEP007,2023-12-11,5,2,1,3,8.2,0.8,17.6,86.7
DWL013247,DOC007,FAC002,DEP002,2022-08-13,10,2,0,1,11.7,0.5,17.6,49.5
DWL007518,DOC055,FAC004,DEP006,2026-08-20,11,2,0,6,7.8,0.6,22.9,90.9
DWL006992,DOC028,FAC003,DEP001,2024-04-10,7,2,0,5,9.4,2.1,19.5,97.9
DWL005045,DOC050,FAC003,DEP005,2023-08-11,11,1,0,2,7.9,0.8,18.0,112.3
DWL004527,DOC051,FAC002,DEP005,2026-05-24,3,0,0,3,9.3,0.0,6.0,31.7
DWL002535,DOC007,FAC002,DEP002,2026-01-28,11,2,1,6,8.9,1.9,28.9,115.7
DWL011433,DOC003,FAC003,DEP001,2025-09-01,11,0,1,6,10.3,1.7,24.6,79.1
DWL006914,DOC045,FAC004,DEP007,2021-01-27,6,1,0,6,8.0,0.0,14.0,65.8
DWL007170,DOC054,FAC003,DEP003,2024-10-03,12,1,0,5,9.7,1.0,21.9,81.4
DWL014420,DOC024,FAC004,DEP006,2025-07-19,5,1,1,3,10.1,1.2,16.2,68.7
DWL003276,DOC020,FAC005,DEP006,2024-03-09,6,2,0,10,8.0,0.0,19.2,60.0
DWL000654,DOC005,FAC005,DEP001,2025-01-21,12,0,1,1,9.2,1.5,21.4,104.7
DWL004305,DOC027,FAC002,DEP001,2021-03-25,10,3,0,6,10.5,1.1,24.4,38.9
DWL012396,DOC005,FAC005,DEP001,2025-04-06,7,0,0,6,7.6,0.0,13.2,43.5
DWL006880,DOC039,FAC004,DEP002,2025-06-07,5,4,0,0,8.0,1.9,16.9,83.4
DWL014951,DOC057,FAC002,DEP001,2021-05-30,9,0,1,0,8.9,0.0,14.8,38.7
DWL013791,DOC041,FAC005,DEP001,2021-02-12,9,3,0,3,7.2,0.0,19.2,55.5
DWL011468,DOC033,FAC003,DEP003,2026-01-26,10,2,0,3,7.5,0.0,18.4,10.0
DWL003252,DOC047,FAC005,DEP006,2023-01-15,10,0,0,1,7.5,0.9,14.2,39.9
DWL014513,DOC013,FAC003,DEP005,2023-07-18,9,1,0,2,6.9,2.4,18.0,70.7
DWL013718,DOC012,FAC002,DEP005,2024-08-14,14,0,0,5,7.2,2.7,24.9,115.9
DWL000480,DOC050,FAC003,DEP005,2025-08-27,9,1,0,2,7.7,0.6,15.3,113.7
DWL009190,DOC030,FAC005,DEP008,2026-06-15,10,1,0,6,7.5,2.6,22.7,72.9
DWL005903,DOC049,FAC003,DEP001,2023-01-21,9,1,0,5,7.7,0.7,17.8,46.8
DWL005658,DOC048,FAC001,DEP002,2022-10-21,12,4,0,2,8.3,1.3,25.9,58.3
DWL000104,DOC035,FAC005,DEP001,2022-05-21,6,2,0,5,7.5,0.7,16.2,59.9
DWL001158,DOC031,FAC001,DEP001,2024-06-05,4,0,1,5,9.0,1.9,15.7,63.7
DWL001384,DOC026,FAC001,DEP008,2025-11-28,8,1,1,2,10.8,0.0,17.2,64.5
DWL011846,DOC036,FAC001,DEP002,2021-01-22,11,0,1,3,5.9,0.2,19.9,54.0
DWL004289,DOC014,FAC004,DEP004,2021-02-25,6,1,1,6,10.1,1.6,20.4,50.1
DWL010130,DOC044,FAC002,DEP005,2025-10-17,8,1,1,2,9.2,0.7,18.2,73.5
DWL007413,DOC019,FAC004,DEP005,2025-11-27,12,0,0,7,8.7,1.7,22.6,73.3
DWL002997,DOC048,FAC001,DEP002,2022-07-17,11,0,2,6,8.9,0.1,26.1,11.3
DWL003088,DOC059,FAC005,DEP006,2021-07-14,9,2,0,4,11.1,0.0,18.0,70.1
DWL000648,DOC013,FAC003,DEP005,2022-12-07,7,1,1,0,8.9,0.9,15.8,64.1
DWL007294,DOC035,FAC005,DEP001,2026-05-23,11,1,0,4,7.9,1.6,20.8,65.7
DWL008052,DOC008,FAC003,DEP003,2025-07-21,21,0,0,5,9.5,1.3,31.1,106.1
DWL008427,DOC029,FAC004,DEP007,2021-06-29,13,1,0,5,9.0,1.2,23.4,67.8
DWL008120,DOC017,FAC002,DEP006,2024-07-11,10,4,0,1,6.3,2.8,25.0,85.2
DWL001458,DOC029,FAC004,DEP007,2022-01-17,8,0,0,3,8.1,2.3,15.4,65.4
DWL011711,DOC026,FAC001,DEP008,2024-12-06,13,2,1,5,11.1,1.2,29.4,90.7
DWL013545,DOC008,FAC003,DEP003,2025-10-29,8,2,0,3,8.0,0.7,17.1,72.8
DWL010292,DOC037,FAC002,DEP005,2025-09-07,9,1,1,3,9.3,1.2,21.0,56.0
DWL013319,DOC005,FAC005,DEP001,2026-09-25,6,2,0,3,7.8,0.5,14.3,81.9
DWL013780,DOC018,FAC003,DEP007,2025-07-28,14,1,1,2,7.6,1.3,26.4,79.3
DWL013272,DOC007,FAC002,DEP002,2023-03-13,8,0,0,4,8.8,0.7,13.9,82.9
DWL013628,DOC060,FAC005,DEP006,2026-09-29,8,3,0,6,7.4,1.8,23.1,82.6
DWL002615,DOC036,FAC001,DEP002,2025-04-30,7,3,0,4,8.6,3.7,23.2,84.6
DWL000544,DOC059,FAC005,DEP006,2024-11-06,7,2,0,7,7.6,1.2,19.8,79.9
DWL013200,DOC006,FAC001,DEP002,2022-07-30,12,1,0,2,9.1,0.9,19.4,35.6
DWL010429,DOC014,FAC004,DEP004,2025-06-13,10,2,1,0,9.4,0.8,21.2,86.0
DWL003406,DOC039,FAC004,DEP002,2025-09-11,15,1,0,4,7.4,0.4,23.8,97.9
DWL011083,DOC058,FAC004,DEP001,2021-08-24,10,3,1,3,8.6,0.6,25.3,82.2
DWL003261,DOC047,FAC005,DEP006,2026-07-26,11,0,1,9,9.6,0.0,24.4,37.4
DWL011953,DOC018,FAC003,DEP007,2023-12-19,9,4,1,4,9.3,1.6,28.4,71.8
DWL003185,DOC007,FAC002,DEP002,2021-12-30,6,1,0,0,8.7,0.8,10.4,83.4
DWL000742,DOC058,FAC004,DEP001,2022-07-05,11,0,0,4,8.7,1.7,18.9,62.8
DWL011356,DOC052,FAC004,DEP002,2024-01-22,11,5,0,3,10.5,0.6,26.5,108.1
DWL005362,DOC043,FAC003,DEP008,2023-01-03,7,4,1,5,10.0,0.8,25.6,61.9
DWL007457,DOC011,FAC001,DEP003,2025-05-30,17,2,1,2,8.2,1.8,32.7,89.9
DWL008650,DOC033,FAC003,DEP003,2025-03-09,4,0,0,2,9.4,0.5,7.2,38.2
DWL002145,DOC007,FAC002,DEP002,2022-09-20,8,0,0,5,6.9,1.9,16.4,72.1
DWL001881,DOC018,FAC003,DEP007,2026-08-19,6,0,0,6,6.4,0.4,12.6,84.1
DWL011072,DOC040,FAC005,DEP003,2022-04-08,5,2,0,1,7.3,1.5,13.1,71.9
DWL003692,DOC032,FAC002,DEP002,2024-10-20,2,0,0,0,10.5,2.0,5.4,15.1
DWL012141,DOC049,FAC003,DEP001,2024-05-20,8,2,1,3,8.5,1.3,21.9,60.8
DWL000334,DOC006,FAC001,DEP002,2024-07-15,12,2,0,2,10.0,1.2,21.8,80.9
DWL013672,DOC012,FAC002,DEP005,2025-02-25,6,2,0,5,6.4,0.8,16.4,75.9
DWL002287,DOC040,FAC005,DEP003,2025-05-18,10,0,0,6,7.1,0.6,17.7,41.4
DWL009843,DOC028,FAC003,DEP001,2022-01-02,8,0,0,1,9.5,0.0,10.4,29.0
DWL000715,DOC043,FAC003,DEP008,2026-04-01,7,1,1,3,9.7,1.6,19.2,110.6
DWL002993,DOC051,FAC002,DEP005,2026-07-31,8,1,0,4,5.4,1.6,17.2,100.0
DWL013857,DOC027,FAC002,DEP001,2021-07-19,13,1,0,3,10.4,0.9,21.4,71.2
DWL005904,DOC034,FAC004,DEP001,2026-11-08,3,1,0,3,7.5,0.0,8.0,18.1
DWL014133,DOC012,FAC002,DEP005,2026-09-03,10,1,1,5,7.4,1.8,24.7,71.8
DWL011108,DOC042,FAC003,DEP003,2022-11-16,8,4,2,1,7.3,0.0,26.4,40.0
DWL004817,DOC058,FAC004,DEP001,2024-08-09,10,1,0,3,9.0,0.7,17.4,58.5
DWL010632,DOC007,FAC002,DEP002,2024-11-25,7,1,1,3,8.7,0.9,18.2,50.7
DWL004230,DOC056,FAC003,DEP001,2025-02-20,7,3,0,3,7.8,1.4,18.9,97.9
DWL008983,DOC052,FAC004,DEP002,2026-11-08,9,0,0,9,10.4,0.5,18.8,31.4
DWL013187,DOC057,FAC002,DEP001,2026-08-20,8,4,0,3,9.7,0.6,20.9,90.2
DWL009530,DOC015,FAC005,DEP005,2022-01-18,9,0,0,3,9.2,1.1,14.8,55.2
DWL011773,DOC040,FAC005,DEP003,2022-02-07,7,1,0,4,11.0,0.7,14.7,82.8
DWL000840,DOC018,FAC003,DEP007,2026-02-20,8,1,3,1,9.5,1.1,26.1,70.7
DWL012645,DOC029,FAC004,DEP007,2023-02-18,8,1,0,2,8.6,0.0,13.2,51.3
DWL010676,DOC045,FAC004,DEP007,2021-12-30,10,2,0,1,8.5,2.2,20.1,47.4
DWL013652,DOC059,FAC005,DEP006,2021-09-06,4,1,0,4,10.1,1.0,11.5,31.7
DWL006546,DOC005,FAC005,DEP001,2025-12-12,10,1,0,1,9.2,1.9,17.6,86.8
DWL012450,DOC049,FAC003,DEP001,2022-07-08,9,1,1,0,8.7,1.6,19.2,48.1
DWL005728,DOC023,FAC003,DEP008,2023-06-10,4,2,0,3,10.1,0.1,11.4,49.9
DWL011031,DOC046,FAC001,DEP001,2025-11-24,10,4,0,3,6.5,0.6,23.3,74.0
DWL008603,DOC011,FAC001,DEP003,2023-06-21,5,1,0,5,10.4,1.8,14.7,82.5
DWL007730,DOC012,FAC002,DEP005,2024-01-09,15,0,1,5,8.2,0.7,27.1,98.5
DWL014454,DOC005,FAC005,DEP001,2025-08-04,9,0,1,4,8.4,0.8,19.2,92.2
DWL000745,DOC038,FAC003,DEP005,2022-07-27,9,2,1,3,7.7,1.1,22.8,85.3
DWL001966,DOC028,FAC003,DEP001,2024-09-04,9,1,0,4,9.3,0.0,16.0,56.1
DWL005427,DOC017,FAC002,DEP006,2021-07-17,12,2,0,4,8.5,0.9,22.9,78.4
DWL006193,DOC041,FAC005,DEP001,2021-12-27,7,0,0,4,9.9,1.0,13.1,65.3
DWL001143,DOC015,FAC005,DEP005,2025-11-03,13,4,1,6,6.1,0.9,33.8,75.0
DWL011734,DOC001,FAC001,DEP001,2023-06-06,9,1,0,0,5.3,0.7,13.8,76.9
DWL008661,DOC058,FAC004,DEP001,2023-10-09,11,0,0,0,9.5,0.9,14.5,44.4
DWL011496,DOC004,FAC004,DEP001,2025-05-09,12,1,1,6,7.5,1.2,27.0,66.7
DWL014478,DOC011,FAC001,DEP003,2024-12-03,7,2,0,4,7.4,0.1,15.8,83.9
DWL014189,DOC057,FAC002,DEP001,2026-03-24,13,2,0,5,8.9,0.8,24.8,94.8
DWL014549,DOC039,FAC004,DEP002,2021-10-11,10,0,1,4,8.1,1.7,21.8,59.0
DWL009400,DOC009,FAC004,DEP002,2026-12-28,11,1,1,3,8.0,1.9,24.5,94.1
DWL005943,DOC015,FAC005,DEP005,2026-06-23,11,3,0,1,9.2,1.4,22.1,82.2
DWL007320,DOC034,FAC004,DEP001,2023-07-04,8,0,0,5,8.1,0.3,14.0,80.3
DWL004768,DOC044,FAC002,DEP005,2022-11-17,9,3,1,0,8.4,2.4,24.4,70.2
DWL000531,DOC043,FAC003,DEP008,2022-01-05,9,1,0,3,11.0,2.5,18.9,63.6
DWL004101,DOC005,FAC005,DEP001,2023-07-24,10,2,0,6,9.7,2.0,23.8,75.0
DWL004098,DOC026,FAC001,DEP008,2025-12-16,9,2,0,0,7.5,0.9,16.1,90.0
DWL012890,DOC058,FAC004,DEP001,2024-06-12,8,2,0,3,5.9,0.4,16.6,96.9
DWL006502,DOC025,FAC005,DEP007,2025-02-20,7,2,0,10,6.5,1.3,22.3,79.3
DWL006026,DOC047,FAC005,DEP006,2024-12-28,11,1,0,4,7.7,0.2,18.7,33.8
DWL009270,DOC008,FAC003,DEP003,2026-08-13,9,0,0,4,8.1,0.1,14.2,87.4
DWL010578,DOC039,FAC004,DEP002,2021-11-22,8,0,0,2,10.9,1.1,12.8,38.6
DWL005184,DOC053,FAC005,DEP007,2022-05-21,8,1,0,1,8.6,2.0,15.4,44.3
DWL013617,DOC015,FAC005,DEP005,2024-07-30,10,2,1,3,11.5,2.2,25.7,112.8
DWL005083,DOC019,FAC004,DEP005,2025-08-21,10,1,0,4,8.0,0.5,17.9,82.6
DWL005767,DOC015,FAC005,DEP005,2022-08-02,12,2,3,5,6.9,2.1,37.5,98.5
DWL004171,DOC050,FAC003,DEP005,2021-03-16,9,0,0,0,7.2,2.1,13.9,69.5
DWL011573,DOC024,FAC004,DEP006,2023-12-03,5,1,0,2,9.0,1.7,12.1,58.3
DWL012833,DOC044,FAC002,DEP005,2025-08-18,11,3,0,3,9.4,1.1,23.2,83.9
DWL009314,DOC028,FAC003,DEP001,2026-09-11,7,1,0,6,8.9,0.7,16.2,92.5
DWL007829,DOC017,FAC002,DEP006,2022-10-21,12,0,0,3,8.6,0.3,17.2,39.0
DWL007629,DOC006,FAC001,DEP002,2025-08-23,10,0,0,4,7.4,1.0,16.7,66.3
DWL012279,DOC023,FAC003,DEP008,2022-04-16,7,0,2,3,7.9,0.3,19.2,34.6
DWL012552,DOC046,FAC001,DEP001,2026-01-29,12,1,1,2,6.9,1.1,23.6,91.4
DWL012181,DOC026,FAC001,DEP008,2023-01-17,8,0,0,5,10.5,2.0,16.6,59.7
DWL005590,DOC004,FAC004,DEP001,2021-03-18,8,0,1,4,10.1,0.4,17.4,58.9
DWL006249,DOC056,FAC003,DEP001,2026-07-23,11,2,0,6,10.1,1.9,24.9,112.6
DWL010391,DOC016,FAC001,DEP004,2023-01-05,12,2,0,3,8.7,1.6,23.2,85.7
DWL002449,DOC016,FAC001,DEP004,2026-09-30,5,2,0,4,7.6,2.2,16.5,84.4
DWL007757,DOC044,FAC002,DEP005,2026-09-29,9,1,0,0,6.3,1.3,14.8,99.9
DWL009456,DOC003,FAC003,DEP001,2025-12-25,6,0,0,1,7.7,0.0,8.0,26.0
DWL002118,DOC011,FAC001,DEP003,2021-05-12,4,3,0,5,6.6,1.2,16.6,82.7
DWL011070,DOC009,FAC004,DEP002,2022-03-18,9,0,1,1,7.2,0.7,16.6,69.9
DWL003636,DOC037,FAC002,DEP005,2023-03-07,8,3,0,1,7.3,0.0,16.4,65.0
DWL002457,DOC058,FAC004,DEP001,2024-02-07,10,2,0,1,12.9,0.3,17.2,72.5
DWL008626,DOC031,FAC001,DEP001,2023-01-16,8,2,0,7,9.1,0.2,19.5,66.7
DWL001184,DOC005,FAC005,DEP001,2025-08-31,8,1,0,1,7.6,1.3,14.4,53.8
DWL011159,DOC007,FAC002,DEP002,2024-12-02,7,3,1,2,9.2,0.6,20.9,58.5
DWL006206,DOC009,FAC004,DEP002,2022-12-06,8,4,0,4,11.6,0.9,22.2,66.1
DWL012503,DOC004,FAC004,DEP001,2025-05-14,5,0,1,6,7.4,0.5,15.6,86.1
DWL004330,DOC054,FAC003,DEP003,2023-04-17,9,0,0,3,5.1,0.7,14.2,65.1
DWL008150,DOC009,FAC004,DEP002,2023-08-07,13,2,0,3,7.3,1.9,24.9,73.0
DWL004696,DOC040,FAC005,DEP003,2022-02-17,6,1,0,3,7.1,1.4,13.7,91.2
DWL014115,DOC030,FAC005,DEP008,2024-08-14,12,1,0,5,8.3,1.6,22.8,79.2
DWL013267,DOC025,FAC005,DEP007,2024-03-25,11,1,0,4,6.0,0.6,19.3,57.4
DWL011792,DOC016,FAC001,DEP004,2026-03-17,9,3,2,3,9.5,1.5,29.4,82.1
DWL004046,DOC003,FAC003,DEP001,2024-03-06,10,1,0,4,8.6,2.1,20.4,76.0
DWL007062,DOC002,FAC002,DEP001,2026-08-19,9,2,1,1,8.7,2.3,23.0,102.8
DWL004740,DOC031,FAC001,DEP001,2021-06-08,4,1,0,9,10.5,0.2,14.3,53.3
DWL003546,DOC058,FAC004,DEP001,2022-11-15,12,3,0,3,10.0,1.3,24.7,60.8
DWL012683,DOC043,FAC003,DEP008,2025-05-29,7,2,0,2,5.8,0.9,15.3,88.8
DWL000622,DOC046,FAC001,DEP001,2025-08-08,6,2,0,6,7.7,1.7,18.6,101.5
DWL008642,DOC040,FAC005,DEP003,2025-05-08,8,2,0,3,11.0,0.0,16.0,90.4
DWL009800,DOC005,FAC005,DEP001,2024-05-07,8,1,0,6,8.3,0.9,17.8,53.1
DWL005938,DOC021,FAC001,DEP005,2025-09-11,12,1,0,3,7.2,2.6,22.7,66.9
DWL013194,DOC030,FAC005,DEP008,2023-05-08,3,1,0,0,7.0,1.7,8.1,84.5
DWL004815,DOC055,FAC004,DEP006,2022-08-09,10,2,0,4,6.8,1.2,21.0,80.8
DWL002445,DOC002,FAC002,DEP001,2023-11-18,8,1,0,4,10.8,0.5,15.6,33.7
DWL010511,DOC038,FAC003,DEP005,2026-01-12,7,0,1,1,6.6,1.1,14.9,119.5
DWL009310,DOC035,FAC005,DEP001,2024-05-24,10,1,0,0,7.0,0.8,15.2,95.5
DWL007992,DOC007,FAC002,DEP002,2024-09-11,7,2,0,3,9.7,0.9,16.2,84.4
DWL013370,DOC012,FAC002,DEP005,2026-09-28,13,3,0,6,9.9,1.5,28.7,95.2
DWL005655,DOC026,FAC001,DEP008,2022-09-09,5,2,0,3,7.6,0.7,13.4,71.2
DWL014378,DOC005,FAC005,DEP001,2025-02-14,1,0,0,3,7.8,0.9,5.0,74.5
DWL010711,DOC057,FAC002,DEP001,2025-11-05,10,0,0,3,9.2,1.0,15.9,65.1
DWL007221,DOC001,FAC001,DEP001,2023-12-16,8,0,0,7,10.2,1.5,17.4,46.0
DWL008803,DOC053,FAC005,DEP007,2024-03-22,9,2,0,3,8.6,0.8,18.4,54.4
DWL013723,DOC031,FAC001,DEP001,2023-12-04,12,1,0,5,12.9,0.9,21.8,73.1
DWL000186,DOC055,FAC004,DEP006,2024-10-31,6,1,0,2,8.0,1.1,12.4,56.3
DWL014816,DOC024,FAC004,DEP006,2021-04-04,6,0,0,8,10.0,1.4,15.7,12.7
DWL012706,DOC037,FAC002,DEP005,2022-01-22,7,1,0,4,10.6,1.6,16.0,58.4
DWL014627,DOC037,FAC002,DEP005,2022-10-08,5,2,0,5,5.6,1.8,16.7,50.2
DWL008927,DOC028,FAC003,DEP001,2024-03-19,6,2,0,3,9.3,0.6,14.5,91.9
DWL009779,DOC031,FAC001,DEP001,2026-03-24,8,0,0,4,9.5,1.6,15.2,83.3
DWL002910,DOC032,FAC002,DEP002,2025-06-09,7,2,1,5,9.5,0.8,21.6,68.4
DWL003450,DOC049,FAC003,DEP001,2026-03-07,4,2,0,4,6.6,1.8,14.7,47.6
DWL008725,DOC035,FAC005,DEP001,2025-03-31,11,1,2,0,7.3,0.8,24.4,92.8
DWL011067,DOC027,FAC002,DEP001,2023-09-23,7,0,0,3,8.6,2.0,13.8,62.2
DWL008305,DOC006,FAC001,DEP002,2023-09-04,13,1,1,3,8.1,2.2,27.3,71.6
DWL012273,DOC058,FAC004,DEP001,2023-10-17,10,2,1,3,7.9,0.4,23.0,64.8
DWL013116,DOC033,FAC003,DEP003,2024-03-22,4,1,2,1,7.6,0.0,15.6,89.5
DWL014142,DOC034,FAC004,DEP001,2024-07-31,8,5,0,4,11.2,0.0,22.8,85.0
DWL008170,DOC043,FAC003,DEP008,2022-12-31,8,1,0,4,9.1,0.8,16.0,32.0
DWL009433,DOC040,FAC005,DEP003,2024-12-04,8,3,0,3,6.9,1.8,20.7,82.6
DWL012368,DOC004,FAC004,DEP001,2021-11-12,7,1,0,2,10.3,0.3,12.4,48.9
DWL013825,DOC011,FAC001,DEP003,2022-11-18,18,2,1,5,8.4,2.1,36.7,67.5
DWL012633,DOC050,FAC003,DEP005,2021-02-23,6,1,0,4,9.2,1.5,14.6,81.0
DWL003895,DOC042,FAC003,DEP003,2023-11-07,2,2,0,5,7.6,2.0,13.4,47.1
DWL014662,DOC054,FAC003,DEP003,2026-05-04,8,0,0,5,8.2,1.8,16.3,96.5
DWL006696,DOC020,FAC005,DEP006,2022-03-13,6,0,0,0,9.5,1.5,9.4,41.6
DWL012267,DOC049,FAC003,DEP001,2025-04-05,8,2,0,3,5.1,2.2,19.3,62.7
DWL000677,DOC027,FAC002,DEP001,2025-11-12,10,2,1,4,10.3,1.3,25.1,70.6
DWL010314,DOC012,FAC002,DEP005,2023-08-09,13,0,0,3,10.3,1.3,19.9,115.9
DWL013049,DOC027,FAC002,DEP001,2023-12-21,7,1,0,2,10.2,0.2,12.3,87.9
DWL009405,DOC051,FAC002,DEP005,2025-09-05,11,1,0,6,6.7,2.1,23.1,74.0
DWL000922,DOC016,FAC001,DEP004,2023-05-31,11,0,0,3,8.3,1.7,18.1,62.3
DWL007999,DOC006,FAC001,DEP002,2023-11-07,6,0,1,6,11.3,1.6,18.4,91.4
DWL001183,DOC040,FAC005,DEP003,2025-02-20,11,2,0,1,5.4,0.5,18.8,112.2
DWL007504,DOC004,FAC004,DEP001,2022-01-16,4,1,1,1,6.9,1.5,13.9,39.8
DWL007277,DOC004,FAC004,DEP001,2026-01-08,10,2,0,6,9.1,2.3,24.2,92.6
DWL003752,DOC058,FAC004,DEP001,2021-05-29,2,0,0,0,9.7,0.0,2.4,54.9
DWL000222,DOC007,FAC002,DEP002,2026-09-05,16,0,1,5,9.8,1.9,30.0,50.2
DWL000559,DOC020,FAC005,DEP006,2024-12-26,9,1,0,9,10.2,1.9,22.9,83.8
DWL011420,DOC047,FAC005,DEP006,2022-02-16,9,1,0,5,8.1,1.5,19.0,81.1
DWL001328,DOC050,FAC003,DEP005,2026-12-21,15,0,0,3,9.2,2.5,24.1,82.9
DWL007177,DOC045,FAC004,DEP007,2021-06-23,7,0,0,4,8.8,0.1,11.8,37.3
DWL009341,DOC008,FAC003,DEP003,2025-08-19,12,4,0,0,7.3,0.3,22.8,86.7
DWL011022,DOC053,FAC005,DEP007,2026-04-02,13,2,0,8,8.1,0.6,26.9,98.5
DWL004983,DOC060,FAC005,DEP006,2023-06-08,17,0,0,5,11.3,0.3,24.8,83.5
DWL011244,DOC001,FAC001,DEP001,2026-06-16,9,1,0,3,7.0,0.0,15.2,86.1
DWL010372,DOC049,FAC003,DEP001,2026-02-12,5,2,0,2,10.6,2.7,15.7,104.2
DWL013991,DOC050,FAC003,DEP005,2025-08-13,11,1,1,5,8.2,0.8,24.4,87.3
DWL003060,DOC051,FAC002,DEP005,2026-08-08,7,1,1,0,9.8,1.1,16.1,75.5
DWL002332,DOC024,FAC004,DEP006,2025-05-27,16,4,1,2,8.6,0.3,33.2,104.6
DWL004375,DOC060,FAC005,DEP006,2022-05-26,2,2,1,1,9.1,0.8,12.4,53.3
DWL008268,DOC019,FAC004,DEP005,2026-10-22,9,0,0,6,9.4,1.9,18.4,64.7
DWL011994,DOC010,FAC005,DEP003,2023-07-23,7,1,1,2,8.1,0.0,16.0,26.4
DWL000579,DOC055,FAC004,DEP006,2023-07-30,6,1,0,2,7.2,0.0,10.8,37.2
DWL010320,DOC013,FAC003,DEP005,2023-11-08,13,2,0,5,10.5,2.1,26.8,88.0
DWL014165,DOC011,FAC001,DEP003,2022-02-21,7,1,0,2,8.6,1.2,13.8,47.5
DWL013469,DOC039,FAC004,DEP002,2026-04-29,12,1,0,3,7.6,1.9,21.6,83.6
DWL011441,DOC004,FAC004,DEP001,2023-06-14,6,1,0,5,11.8,1.1,14.8,59.2
DWL013262,DOC006,FAC001,DEP002,2022-08-28,0,0,0,5,6.1,1.5,6.2,43.2
DWL001666,DOC055,FAC004,DEP006,2022-02-07,10,1,0,3,8.5,0.6,17.3,58.3
DWL004016,DOC023,FAC003,DEP008,2021-02-15,11,0,1,3,9.7,1.3,21.6,53.4
DWL006322,DOC041,FAC005,DEP001,2022-02-19,7,1,0,6,10.8,0.0,15.2,43.3
DWL004520,DOC001,FAC001,DEP001,2025-06-09,13,1,0,1,8.9,2.5,22.2,85.1
DWL014029,DOC012,FAC002,DEP005,2023-12-20,7,3,0,3,8.6,2.8,21.0,87.8
DWL000725,DOC013,FAC003,DEP005,2022-01-20,7,0,0,7,8.6,0.6,14.9,84.5
DWL008035,DOC015,FAC005,DEP005,2024-02-09,17,0,0,4,8.6,2.2,26.9,75.7
DWL004915,DOC043,FAC003,DEP008,2024-10-19,5,2,0,9,8.8,1.5,19.4,46.1
DWL011639,DOC023,FAC003,DEP008,2026-11-26,10,1,0,0,7.1,1.2,15.8,79.3
DWL001154,DOC042,FAC003,DEP003,2026-04-11,5,2,0,6,6.2,0.0,14.8,74.6
DWL009390,DOC022,FAC002,DEP007,2025-12-13,8,3,0,1,11.9,0.0,16.4,86.1
DWL012382,DOC057,FAC002,DEP001,2023-02-01,9,2,2,3,8.2,0.0,25.2,56.2
DWL004329,DOC046,FAC001,DEP001,2021-06-04,9,0,0,2,10.2,0.9,13.7,38.5
DWL000448,DOC006,FAC001,DEP002,2024-02-23,6,2,0,2,9.7,1.3,14.8,90.0
DWL001792,DOC032,FAC002,DEP002,2026-02-27,12,2,0,5,8.4,1.6,24.8,79.3
DWL013593,DOC060,FAC005,DEP006,2023-02-23,7,1,0,0,8.2,1.4,12.5,67.4
DWL010200,DOC035,FAC005,DEP001,2024-01-04,14,0,1,4,6.5,0.8,25.2,81.4
DWL011862,DOC043,FAC003,DEP008,2026-10-01,3,1,1,1,6.0,0.7,11.4,81.2
DWL008511,DOC060,FAC005,DEP006,2024-10-01,6,1,0,2,9.8,2.1,13.9,71.7
DWL000945,DOC010,FAC005,DEP003,2024-10-22,6,1,0,2,4.8,1.0,12.3,80.1
DWL002169,DOC036,FAC001,DEP002,2026-04-09,7,1,0,4,8.1,0.0,13.6,94.6
DWL005164,DOC046,FAC001,DEP001,2024-04-28,12,1,0,2,8.5,1.5,20.2,54.9
DWL002334,DOC013,FAC003,DEP005,2023-01-09,14,1,1,3,10.0,2.0,28.2,66.3
DWL013251,DOC003,FAC003,DEP001,2025-05-12,10,1,0,4,8.0,2.6,21.1,86.4
DWL000876,DOC030,FAC005,DEP008,2026-09-27,10,1,2,3,7.1,0.8,25.6,42.1
DWL013470,DOC048,FAC001,DEP002,2022-09-29,4,1,0,9,8.4,0.8,15.2,55.4
DWL005752,DOC048,FAC001,DEP002,2026-07-03,11,2,1,1,9.1,0.9,23.4,96.4
DWL006096,DOC025,FAC005,DEP007,2024-03-30,4,0,0,2,7.3,1.0,7.9,83.2
DWL014179,DOC025,FAC005,DEP007,2025-03-12,13,1,0,5,8.2,0.0,21.6,77.5
DWL001316,DOC030,FAC005,DEP008,2026-01-13,15,2,0,4,9.5,1.5,27.4,103.1
DWL010521,DOC052,FAC004,DEP002,2025-05-17,5,0,0,1,9.9,0.6,7.7,44.7
DWL008138,DOC004,FAC004,DEP001,2021-01-29,9,1,0,1,7.3,0.8,14.8,82.0
DWL009071,DOC027,FAC002,DEP001,2023-10-22,7,0,1,6,9.2,0.0,17.2,46.5
DWL004844,DOC009,FAC004,DEP002,2025-09-29,7,2,0,2,9.1,1.6,16.4,76.6
DWL012038,DOC054,FAC003,DEP003,2023-03-06,3,0,1,6,7.2,1.4,14.5,43.1
DWL013939,DOC015,FAC005,DEP005,2025-03-21,8,1,0,4,10.1,1.0,16.3,85.3
DWL006561,DOC005,FAC005,DEP001,2024-11-03,7,0,0,2,11.9,0.7,11.1,41.9
DWL012812,DOC038,FAC003,DEP005,2022-03-03,11,0,0,0,8.1,0.0,13.2,49.0
DWL003990,DOC032,FAC002,DEP002,2022-07-05,8,3,0,3,8.6,0.9,19.4,70.3
DWL003860,DOC050,FAC003,DEP005,2025-09-03,11,4,1,4,8.7,1.7,30.9,54.7
DWL010605,DOC047,FAC005,DEP006,2023-01-25,13,0,0,2,8.6,0.9,18.6,72.0
DWL005737,DOC027,FAC002,DEP001,2022-04-02,9,0,0,5,8.9,1.2,16.6,63.3
DWL013817,DOC022,FAC002,DEP007,2026-09-08,12,1,0,4,9.7,1.6,22.0,78.8
DWL002901,DOC046,FAC001,DEP001,2021-04-23,11,1,0,5,8.7,1.8,21.9,67.9
DWL002134,DOC023,FAC003,DEP008,2023-08-31,7,3,0,3,7.8,1.7,19.4,45.4
DWL010006,DOC054,FAC003,DEP003,2026-04-12,10,1,0,2,7.3,0.0,15.6,50.5
DWL006408,DOC034,FAC004,DEP001,2022-03-01,6,1,1,5,4.5,1.2,19.0,85.3
DWL001627,DOC004,FAC004,DEP001,2022-11-29,12,1,1,5,8.6,2.0,27.4,82.8
DWL014335,DOC034,FAC004,DEP001,2022-07-15,5,1,0,7,7.8,0.2,13.9,86.0
DWL010932,DOC051,FAC002,DEP005,2026-03-01,16,3,0,4,8.5,0.6,29.3,43.0
DWL001238,DOC039,FAC004,DEP002,2026-04-02,8,2,2,2,9.8,1.7,25.8,62.3
DWL011497,DOC006,FAC001,DEP002,2024-08-23,5,2,0,1,7.3,0.7,11.9,94.6
DWL005776,DOC008,FAC003,DEP003,2026-01-16,10,3,1,4,8.5,2.3,28.6,85.8
DWL009884,DOC043,FAC003,DEP008,2026-08-05,16,1,0,3,6.1,2.0,26.6,111.0
DWL009516,DOC017,FAC002,DEP006,2021-11-15,5,1,0,6,10.6,1.4,14.9,31.0
DWL011138,DOC028,FAC003,DEP001,2024-01-03,16,2,0,4,8.6,2.2,29.7,74.8
DWL010964,DOC033,FAC003,DEP003,2025-01-08,10,2,0,3,7.2,1.3,20.3,99.8
DWL007151,DOC024,FAC004,DEP006,2024-08-16,16,2,0,0,10.2,0.1,23.3,87.1
DWL008986,DOC035,FAC005,DEP001,2024-09-09,13,3,0,3,8.9,1.6,26.4,99.5
DWL001356,DOC048,FAC001,DEP002,2022-12-07,7,1,0,5,8.8,0.0,14.4,110.3
DWL000980,DOC038,FAC003,DEP005,2023-01-09,13,1,1,4,7.7,1.3,26.8,54.3
DWL007253,DOC058,FAC004,DEP001,2024-11-13,10,2,0,6,8.5,0.8,22.0,62.0
DWL001098,DOC009,FAC004,DEP002,2023-10-12,6,3,0,6,9.6,0.7,19.1,87.7
DWL004685,DOC024,FAC004,DEP006,2025-07-23,3,1,0,3,7.8,0.9,9.3,111.6
DWL001019,DOC048,FAC001,DEP002,2023-08-28,10,2,2,6,10.5,1.1,30.4,66.3
DWL005861,DOC058,FAC004,DEP001,2021-11-30,8,1,0,2,9.2,0.2,13.5,56.8
DWL013253,DOC037,FAC002,DEP005,2025-08-19,11,4,0,7,9.0,2.0,29.8,100.2
DWL001706,DOC021,FAC001,DEP005,2024-06-30,9,1,1,4,6.9,0.0,20.0,37.9
DWL003108,DOC018,FAC003,DEP007,2021-07-16,11,1,0,5,5.7,0.5,19.9,107.6
DWL009301,DOC057,FAC002,DEP001,2026-08-26,9,4,0,4,7.9,1.2,23.8,77.6
DWL007863,DOC005,FAC005,DEP001,2022-04-04,8,0,0,5,9.7,0.9,14.9,72.0
DWL013350,DOC007,FAC002,DEP002,2026-10-24,6,0,0,3,7.9,1.9,12.4,66.0
DWL010769,DOC032,FAC002,DEP002,2023-11-05,6,0,0,6,6.5,0.4,12.6,41.4
DWL002076,DOC052,FAC004,DEP002,2025-05-12,9,2,0,5,9.1,0.0,18.8,85.5
DWL009895,DOC028,FAC003,DEP001,2024-12-10,8,1,1,3,10.2,0.3,18.4,66.7
DWL005628,DOC038,FAC003,DEP005,2023-02-28,6,1,1,4,11.8,1.3,18.3,70.1
DWL003211,DOC017,FAC002,DEP006,2025-08-01,11,2,1,5,8.6,1.1,26.8,121.3
DWL013020,DOC030,FAC005,DEP008,2024-10-12,5,1,0,5,8.5,0.8,13.2,61.5
DWL006088,DOC008,FAC003,DEP003,2022-12-04,9,1,0,4,8.5,0.2,16.3,24.0
DWL010837,DOC008,FAC003,DEP003,2026-02-12,11,0,0,5,10.8,1.4,19.3,75.9
DWL010568,DOC003,FAC003,DEP001,2022-01-25,11,1,0,5,9.8,0.7,20.2,58.7
DWL002068,DOC050,FAC003,DEP005,2022-03-26,7,1,0,0,7.8,1.1,12.1,31.7
DWL001509,DOC052,FAC004,DEP002,2026-09-10,11,2,0,4,8.6,2.0,23.4,84.7
DWL010884,DOC022,FAC002,DEP007,2025-08-08,14,1,0,4,6.7,2.4,25.6,81.3
DWL009996,DOC044,FAC002,DEP005,2025-02-05,6,0,0,4,9.1,1.4,12.5,44.6
DWL009262,DOC028,FAC003,DEP001,2021-04-03,9,0,1,8,8.2,2.6,25.1,53.9
DWL001567,DOC041,FAC005,DEP001,2021-11-18,8,1,0,7,8.7,0.5,17.9,70.6
DWL008169,DOC033,FAC003,DEP003,2026-02-09,7,2,0,6,10.2,0.1,17.4,69.4
DWL006693,DOC023,FAC003,DEP008,2022-12-13,10,0,0,1,8.1,1.8,15.5,72.3
DWL001603,DOC010,FAC005,DEP003,2022-03-17,2,2,0,6,10.8,0.8,12.4,76.6
DWL000322,DOC005,FAC005,DEP001,2022-11-11,7,0,0,0,9.4,1.2,10.2,64.2
DWL009459,DOC060,FAC005,DEP006,2022-05-07,3,1,0,3,7.9,2.3,11.4,59.9
DWL010473,DOC032,FAC002,DEP002,2025-09-22,12,1,1,1,6.6,2.2,24.5,74.4
DWL003464,DOC047,FAC005,DEP006,2022-05-24,4,1,0,10,9.2,1.4,16.9,67.1
DWL014983,DOC016,FAC001,DEP004,2026-09-28,7,1,0,5,6.9,1.8,17.1,86.7
DWL006336,DOC034,FAC004,DEP001,2023-03-06,8,2,0,3,8.3,1.3,17.9,80.3
DWL010256,DOC033,FAC003,DEP003,2026-10-14,0,0,2,1,9.7,2.1,12.0,81.4
DWL004150,DOC032,FAC002,DEP002,2026-08-18,6,3,0,2,8.5,1.4,16.9,73.2
DWL008012,DOC055,FAC004,DEP006,2025-07-07,6,2,0,4,8.0,1.4,16.5,86.6
DWL003438,DOC058,FAC004,DEP001,2024-12-09,7,4,0,2,8.8,2.1,21.1,95.3
DWL005285,DOC025,FAC005,DEP007,2026-07-18,9,1,0,1,8.3,2.3,17.1,53.9
DWL011934,DOC025,FAC005,DEP007,2026-05-22,10,3,0,8,8.2,2.5,28.1,106.6
DWL011848,DOC015,FAC005,DEP005,2026-04-04,15,3,1,3,8.1,0.0,30.4,59.1
DWL000264,DOC041,FAC005,DEP001,2026-03-03,6,0,0,4,8.9,0.3,10.8,99.9
DWL013260,DOC038,FAC003,DEP005,2025-08-21,11,0,0,3,9.9,2.7,19.6,101.9
DWL003284,DOC028,FAC003,DEP001,2024-07-22,11,3,0,7,12.7,1.5,27.1,94.8
DWL008731,DOC022,FAC002,DEP007,2026-12-06,10,2,1,4,10.0,0.0,23.2,45.6
DWL014979,DOC032,FAC002,DEP002,2026-10-13,12,1,0,1,10.3,1.1,18.8,95.4
DWL009965,DOC017,FAC002,DEP006,2023-07-31,5,0,0,3,5.8,0.3,8.8,68.8
DWL003489,DOC032,FAC002,DEP002,2021-09-27,10,0,0,7,10.0,1.3,19.6,58.1
DWL012296,DOC032,FAC002,DEP002,2025-03-07,11,1,0,5,9.2,2.5,22.9,63.6
DWL006108,DOC009,FAC004,DEP002,2026-11-28,10,0,1,4,8.4,2.0,22.2,43.8
DWL007145,DOC054,FAC003,DEP003,2023-08-16,9,2,1,3,11.1,2.2,24.5,96.1
DWL008325,DOC031,FAC001,DEP001,2026-12-04,10,0,0,5,9.7,1.3,17.9,86.9
DWL012566,DOC032,FAC002,DEP002,2022-12-07,8,3,1,7,10.1,0.5,26.0,47.2
DWL000132,DOC047,FAC005,DEP006,2026-12-14,9,0,0,3,8.9,1.1,14.8,82.0
DWL005013,DOC017,FAC002,DEP006,2021-08-02,7,1,2,2,9.5,1.1,21.6,54.2
DWL014529,DOC054,FAC003,DEP003,2024-03-19,8,1,0,5,7.5,1.4,17.7,58.1
DWL012425,DOC008,FAC003,DEP003,2021-08-05,13,3,0,3,7.9,2.3,27.4,70.9
DWL005598,DOC018,FAC003,DEP007,2023-08-10,9,5,0,5,10.0,0.8,26.0,84.4
DWL010335,DOC043,FAC003,DEP008,2026-11-07,12,1,0,2,7.7,0.0,18.0,77.3
DWL013651,DOC059,FAC005,DEP006,2023-12-06,7,2,2,3,9.1,1.0,24.3,74.0
DWL002092,DOC011,FAC001,DEP003,2025-06-06,8,2,0,4,6.2,1.3,18.8,94.2
DWL013477,DOC006,FAC001,DEP002,2022-12-06,13,1,0,0,6.6,2.3,21.1,87.8
DWL007972,DOC035,FAC005,DEP001,2022-06-08,6,2,0,3,10.3,1.4,15.7,55.9
DWL011683,DOC056,FAC003,DEP001,2023-11-28,7,1,0,7,11.3,0.0,16.0,47.8
DWL001025,DOC033,FAC003,DEP003,2021-10-09,7,0,0,5,6.4,0.0,12.4,47.0
DWL009724,DOC005,FAC005,DEP001,2021-06-15,11,2,0,6,10.0,1.1,23.6,46.5
DWL005153,DOC034,FAC004,DEP001,2021-07-10,5,0,0,3,8.6,2.1,11.6,39.0
DWL013158,DOC045,FAC004,DEP007,2021-04-05,5,1,0,2,7.9,0.9,10.9,71.9
DWL012236,DOC026,FAC001,DEP008,2024-02-06,8,1,1,3,8.9,0.1,18.1,71.7
DWL011629,DOC004,FAC004,DEP001,2025-06-12,12,0,0,3,9.7,1.5,19.0,84.0
DWL012488,DOC040,FAC005,DEP003,2023-10-30,8,1,1,4,9.0,2.0,21.8,79.1
DWL009418,DOC035,FAC005,DEP001,2021-10-22,6,3,0,4,9.4,1.1,18.0,76.9
DWL010026,DOC038,FAC003,DEP005,2024-04-18,7,0,0,4,9.2,1.1,13.3,92.5
DWL010665,DOC022,FAC002,DEP007,2024-07-15,9,3,0,3,11.4,2.6,23.1,65.0
DWL013335,DOC009,FAC004,DEP002,2026-09-30,8,0,0,0,7.4,0.3,10.0,68.1
DWL014453,DOC040,FAC005,DEP003,2026-01-03,6,1,0,4,9.7,0.7,13.4,72.6
DWL006835,DOC025,FAC005,DEP007,2026-09-05,6,2,0,6,7.1,0.7,17.1,55.0
DWL005748,DOC028,FAC003,DEP001,2023-02-20,9,1,0,3,7.6,1.6,17.6,76.9
DWL000111,DOC045,FAC004,DEP007,2022-03-30,8,1,0,4,7.9,0.0,14.8,67.8
DWL002443,DOC040,FAC005,DEP003,2023-02-17,12,0,0,1,8.5,0.9,16.6,104.3
DWL009689,DOC033,FAC003,DEP003,2023-11-16,13,0,0,4,8.7,1.0,20.3,50.7
DWL002523,DOC058,FAC004,DEP001,2025-12-03,8,3,1,3,8.0,1.3,23.9,108.9
DWL008747,DOC010,FAC005,DEP003,2025-11-26,6,1,0,0,6.4,0.9,10.5,74.7
DWL012120,DOC052,FAC004,DEP002,2024-04-24,6,3,0,5,9.3,0.7,18.2,94.1
DWL011649,DOC016,FAC001,DEP004,2023-11-07,6,2,0,6,8.1,1.5,18.2,41.9
DWL009702,DOC014,FAC004,DEP004,2022-01-03,12,3,1,4,7.5,1.6,30.0,61.7
DWL004396,DOC055,FAC004,DEP006,2023-08-01,9,3,0,3,9.1,0.0,19.2,87.1
DWL010848,DOC045,FAC004,DEP007,2021-01-08,9,0,0,6,8.4,2.4,19.2,88.5
DWL012402,DOC049,FAC003,DEP001,2026-11-04,7,1,0,5,8.5,1.2,16.2,75.4
DWL012746,DOC059,FAC005,DEP006,2021-10-24,7,0,0,4,10.2,0.3,12.1,32.6
DWL005072,DOC045,FAC004,DEP007,2026-07-16,10,3,0,4,8.4,1.8,23.9,72.1
DWL000968,DOC017,FAC002,DEP006,2025-06-18,12,0,0,2,8.9,1.2,17.8,92.6
DWL012632,DOC029,FAC004,DEP007,2023-05-02,7,2,0,5,8.3,1.7,18.9,43.5
DWL001946,DOC011,FAC001,DEP003,2023-01-31,11,0,0,8,10.4,0.2,19.9,86.0
DWL012829,DOC054,FAC003,DEP003,2023-10-09,5,1,0,1,9.4,0.2,9.1,65.1
DWL004088,DOC033,FAC003,DEP003,2024-09-26,9,0,0,6,10.5,0.6,16.5,72.7
DWL000096,DOC015,FAC005,DEP005,2026-10-12,14,0,1,1,8.8,1.7,24.2,81.1
DWL003644,DOC038,FAC003,DEP005,2023-09-06,7,1,0,1,10.6,1.8,13.9,74.7
DWL007774,DOC021,FAC001,DEP005,2024-07-24,14,0,0,5,7.8,2.2,24.1,65.6
DWL002612,DOC042,FAC003,DEP003,2026-08-26,13,1,0,4,8.0,0.0,20.8,127.3
DWL012517,DOC057,FAC002,DEP001,2022-07-24,10,0,1,4,8.1,0.4,19.8,21.5
DWL008889,DOC003,FAC003,DEP001,2024-10-16,9,3,0,3,10.8,0.7,20.2,69.7
DWL000220,DOC007,FAC002,DEP002,2026-05-07,12,1,0,1,7.4,0.9,18.6,80.6
DWL003904,DOC034,FAC004,DEP001,2023-06-13,4,1,0,4,8.5,1.3,11.9,69.4
DWL000060,DOC036,FAC001,DEP002,2024-05-05,11,0,0,3,8.6,0.0,15.6,41.6
DWL014033,DOC041,FAC005,DEP001,2026-06-05,14,0,1,6,5.5,1.3,27.6,114.5
DWL002549,DOC018,FAC003,DEP007,2025-08-08,9,0,0,2,7.2,0.7,13.4,80.3
DWL003194,DOC014,FAC004,DEP004,2021-07-21,10,1,0,4,10.8,0.2,17.5,48.5
DWL013315,DOC048,FAC001,DEP002,2024-09-10,10,0,0,5,6.2,2.2,19.3,53.5
DWL007387,DOC059,FAC005,DEP006,2026-10-05,10,0,1,4,8.0,2.2,22.5,66.9
DWL006441,DOC038,FAC003,DEP005,2024-05-16,8,2,0,4,8.7,1.4,18.9,102.3
DWL007915,DOC028,FAC003,DEP001,2025-11-04,7,1,1,2,4.7,1.6,18.4,52.5
DWL006934,DOC024,FAC004,DEP006,2024-06-11,6,1,0,4,9.4,1.6,14.8,85.0
DWL000462,DOC007,FAC002,DEP002,2023-07-25,13,5,0,2,8.7,2.2,30.5,86.0
DWL012691,DOC013,FAC003,DEP005,2023-05-30,4,0,0,5,9.0,1.2,10.6,52.7
DWL003661,DOC011,FAC001,DEP003,2024-10-10,6,3,0,4,4.4,2.0,19.4,57.4
DWL009386,DOC034,FAC004,DEP001,2022-06-09,11,2,1,6,8.9,0.1,26.1,71.7
DWL014820,DOC002,FAC002,DEP001,2024-12-17,11,0,1,5,7.1,1.0,22.7,82.3
DWL012359,DOC010,FAC005,DEP003,2026-01-09,8,2,1,0,10.1,0.9,19.0,71.5
DWL007811,DOC023,FAC003,DEP008,2024-12-12,10,2,0,2,11.6,1.6,20.0,94.5
DWL010969,DOC007,FAC002,DEP002,2023-06-06,10,1,0,8,10.6,1.9,23.2,78.4
DWL004765,DOC030,FAC005,DEP008,2023-04-18,10,1,0,6,9.5,1.1,20.4,60.3
DWL003117,DOC056,FAC003,DEP001,2023-05-12,4,1,0,2,7.9,1.3,10.4,63.3
DWL000399,DOC047,FAC005,DEP006,2025-02-04,7,3,0,4,7.1,0.6,18.5,84.9
DWL003596,DOC059,FAC005,DEP006,2024-05-20,5,3,0,6,6.2,1.8,19.5,94.6
DWL013250,DOC046,FAC001,DEP001,2024-01-23,5,0,0,5,10.1,1.2,11.8,94.8
DWL013173,DOC043,FAC003,DEP008,2026-12-07,12,1,1,4,9.7,1.0,25.1,100.0
DWL002376,DOC048,FAC001,DEP002,2024-12-30,9,1,1,3,7.2,0.1,19.3,83.2
DWL005550,DOC019,FAC004,DEP005,2021-04-19,17,2,0,2,5.6,0.0,26.0,64.6
DWL009539,DOC045,FAC004,DEP007,2025-08-19,8,3,0,5,8.4,1.2,21.4,99.7
DWL012587,DOC028,FAC003,DEP001,2023-07-02,8,1,0,7,8.8,1.7,19.8,35.8
DWL010293,DOC015,FAC005,DEP005,2024-02-11,8,0,0,6,8.1,0.8,15.6,44.7
DWL002875,DOC012,FAC002,DEP005,2022-11-23,13,1,0,0,9.8,0.6,18.5,66.6
DWL005815,DOC033,FAC003,DEP003,2021-04-20,8,0,0,4,7.4,0.8,14.0,48.6
DWL006423,DOC043,FAC003,DEP008,2021-02-11,10,3,0,2,5.7,0.0,19.6,78.7
DWL012862,DOC052,FAC004,DEP002,2026-08-12,8,3,0,4,9.7,1.9,21.6,89.8
DWL008472,DOC031,FAC001,DEP001,2025-07-04,8,1,1,5,8.6,0.5,20.4,100.0
DWL000331,DOC060,FAC005,DEP006,2026-08-12,5,3,0,4,6.8,2.0,18.2,61.3
DWL001787,DOC037,FAC002,DEP005,2021-12-22,7,1,0,6,9.6,1.7,17.8,70.3
DWL000813,DOC022,FAC002,DEP007,2023-09-17,1,0,0,8,6.9,0.7,8.7,57.7
DWL001979,DOC018,FAC003,DEP007,2022-02-05,9,1,1,3,8.7,2.1,22.3,49.8
DWL014888,DOC006,FAC001,DEP002,2023-04-17,10,2,1,9,8.7,0.3,27.6,73.4
DWL000614,DOC015,FAC005,DEP005,2023-06-19,13,0,1,3,10.4,1.0,23.5,65.7
DWL001283,DOC055,FAC004,DEP006,2024-02-23,5,2,1,5,10.1,2.3,21.4,75.1
DWL007347,DOC014,FAC004,DEP004,2025-05-05,10,2,0,0,7.6,1.4,18.1,79.7
DWL013184,DOC002,FAC002,DEP001,2024-10-11,6,0,0,3,7.8,1.0,11.1,74.8
DWL005675,DOC018,FAC003,DEP007,2024-11-18,5,1,0,0,8.1,0.9,9.3,50.1
DWL008766,DOC002,FAC002,DEP001,2022-04-23,10,1,0,5,11.0,0.7,19.1,26.6
DWL004418,DOC014,FAC004,DEP004,2025-01-09,14,0,0,0,8.4,1.8,19.5,99.8
DWL006006,DOC030,FAC005,DEP008,2026-12-20,5,0,0,4,11.0,1.0,10.7,36.6
DWL008628,DOC037,FAC002,DEP005,2022-09-08,8,3,0,4,8.1,0.4,19.4,74.3
DWL012072,DOC004,FAC004,DEP001,2026-06-03,15,3,0,3,10.3,1.7,28.9,88.4
DWL003614,DOC059,FAC005,DEP006,2025-05-02,4,0,0,5,9.3,3.6,14.2,93.5
DWL014253,DOC056,FAC003,DEP001,2024-03-07,2,2,0,3,9.1,0.8,10.0,94.2
DWL008210,DOC025,FAC005,DEP007,2026-05-13,11,2,1,6,10.0,1.6,28.4,70.5
DWL008407,DOC053,FAC005,DEP007,2026-10-01,11,1,0,2,10.1,0.6,17.7,107.4
DWL012265,DOC012,FAC002,DEP005,2024-06-10,9,3,0,2,7.3,0.0,18.4,62.7
DWL011234,DOC057,FAC002,DEP001,2023-08-04,11,1,0,4,8.0,1.2,20.2,81.6
DWL004490,DOC055,FAC004,DEP006,2026-01-19,8,1,0,11,6.9,1.8,23.1,99.8
DWL003572,DOC003,FAC003,DEP001,2022-07-23,8,2,0,0,4.8,2.3,17.1,59.6
DWL010939,DOC041,FAC005,DEP001,2022-08-22,8,1,0,4,7.7,0.1,15.0,66.8
DWL003129,DOC022,FAC002,DEP007,2021-02-05,14,1,1,0,12.0,0.0,22.8,71.4
DWL011853,DOC038,FAC003,DEP005,2024-05-25,8,0,0,3,8.4,1.9,14.8,51.5
DWL004257,DOC026,FAC001,DEP008,2021-04-16,9,0,0,1,8.1,1.2,13.4,49.0
DWL014891,DOC039,FAC004,DEP002,2021-05-02,5,1,0,2,9.0,0.5,10.3,46.4
DWL002030,DOC018,FAC003,DEP007,2026-02-12,8,2,1,1,10.0,2.2,21.7,88.9
DWL007121,DOC046,FAC001,DEP001,2024-12-13,7,0,0,6,5.6,0.4,13.8,87.6
DWL005014,DOC053,FAC005,DEP007,2026-07-14,12,2,1,6,7.3,0.8,28.4,80.0
DWL012510,DOC058,FAC004,DEP001,2024-07-12,14,1,0,0,10.0,0.8,20.0,67.1
DWL003485,DOC043,FAC003,DEP008,2022-03-23,11,0,2,3,10.1,1.9,26.5,77.3
DWL012301,DOC049,FAC003,DEP001,2021-03-16,4,0,0,6,6.6,0.1,9.8,64.7
DWL000336,DOC022,FAC002,DEP007,2022-07-13,5,1,0,2,7.5,0.1,9.8,84.9
DWL012801,DOC058,FAC004,DEP001,2025-10-27,2,2,0,2,9.6,2.1,11.2,90.8
DWL004281,DOC039,FAC004,DEP002,2021-05-03,5,1,0,1,8.3,0.3,9.2,51.6
DWL002693,DOC029,FAC004,DEP007,2022-02-10,12,1,1,5,10.9,0.0,24.4,33.2
DWL007959,DOC007,FAC002,DEP002,2025-03-21,14,1,0,4,4.0,1.3,23.9,95.9
DWL007768,DOC028,FAC003,DEP001,2021-03-05,14,1,0,1,9.7,0.0,19.6,61.8
DWL007349,DOC055,FAC004,DEP006,2025-01-03,9,0,0,7,8.6,0.2,16.7,89.9
DWL012461,DOC056,FAC003,DEP001,2025-07-18,9,2,0,2,8.4,1.1,18.0,64.2
DWL010680,DOC009,FAC004,DEP002,2025-11-01,11,2,0,2,10.5,0.5,19.6,49.5
DWL002996,DOC012,FAC002,DEP005,2025-09-17,12,2,1,5,10.3,2.1,29.5,88.3
DWL014020,DOC017,FAC002,DEP006,2026-09-07,7,0,0,6,9.8,0.4,13.8,73.0
DWL003223,DOC012,FAC002,DEP005,2021-04-12,8,1,1,7,8.9,0.6,22.1,54.1
DWL009056,DOC002,FAC002,DEP001,2025-12-11,13,1,0,2,10.7,1.2,21.0,80.1
DWL011059,DOC055,FAC004,DEP006,2024-01-15,4,2,1,3,8.4,1.0,16.7,106.7
DWL002665,DOC043,FAC003,DEP008,2022-07-24,9,0,1,2,9.2,1.6,18.8,20.1
DWL006803,DOC009,FAC004,DEP002,2022-05-02,8,3,1,5,9.4,0.5,24.4,76.3
DWL003693,DOC058,FAC004,DEP001,2025-09-17,5,0,0,5,9.1,1.3,11.9,66.9
DWL008283,DOC009,FAC004,DEP002,2023-08-24,7,1,2,5,8.3,0.4,23.0,96.4
DWL001732,DOC058,FAC004,DEP001,2026-08-12,11,2,0,3,7.3,2.0,22.6,106.9
DWL002623,DOC056,FAC003,DEP001,2021-12-07,10,3,1,5,9.8,2.6,29.9,83.7
DWL003835,DOC015,FAC005,DEP005,2026-08-31,10,1,2,3,10.8,0.0,24.4,93.2
DWL004140,DOC046,FAC001,DEP001,2021-12-18,8,1,0,2,6.5,0.9,14.5,52.5
DWL008583,DOC032,FAC002,DEP002,2025-12-29,8,1,1,6,8.3,0.0,20.4,111.8
DWL002799,DOC040,FAC005,DEP003,2021-04-12,12,1,0,7,8.9,0.6,22.9,72.4
DWL012980,DOC029,FAC004,DEP007,2022-02-26,10,0,0,4,7.1,0.0,15.2,41.2
DWL006907,DOC035,FAC005,DEP001,2024-07-12,6,1,2,4,7.0,2.6,24.3,93.5
DWL001167,DOC038,FAC003,DEP005,2022-02-01,9,2,1,1,8.5,0.8,20.8,85.3
DWL001452,DOC031,FAC001,DEP001,2022-11-17,13,3,0,2,10.8,1.1,24.9,65.4
DWL007370,DOC054,FAC003,DEP003,2022-10-24,8,1,0,1,6.7,0.6,13.3,71.5
DWL004780,DOC021,FAC001,DEP005,2021-04-25,11,1,0,5,9.6,0.0,19.2,24.0
DWL011190,DOC013,FAC003,DEP005,2025-10-15,8,1,2,6,10.1,2.2,27.7,107.0
DWL008741,DOC013,FAC003,DEP005,2022-09-23,5,1,1,1,4.8,0.1,13.0,53.6
DWL011301,DOC057,FAC002,DEP001,2024-05-08,6,0,0,3,6.9,1.6,12.0,117.1
DWL003679,DOC006,FAC001,DEP002,2022-08-25,5,1,2,4,7.6,1.2,21.0,63.4
DWL008814,DOC037,FAC002,DEP005,2021-08-30,5,2,0,5,10.4,0.7,15.1,89.5
DWL001944,DOC032,FAC002,DEP002,2024-09-18,9,3,0,6,8.6,2.2,24.9,82.3
DWL011160,DOC031,FAC001,DEP001,2022-09-20,12,0,0,7,6.4,0.2,20.3,54.5
DWL006188,DOC005,FAC005,DEP001,2024-08-26,7,3,0,7,7.1,0.1,20.1,111.1
DWL006187,DOC057,FAC002,DEP001,2024-12-06,11,1,0,2,8.7,2.0,19.8,82.5
DWL010900,DOC060,FAC005,DEP006,2023-09-23,5,2,0,5,9.0,1.3,15.9,76.0
DWL001348,DOC029,FAC004,DEP007,2021-01-09,5,1,0,3,7.6,0.5,11.2,51.1
DWL002975,DOC017,FAC002,DEP006,2025-06-07,7,0,1,3,10.4,0.5,15.6,46.8
DWL003888,DOC006,FAC001,DEP002,2026-06-18,5,1,0,3,8.1,1.1,12.1,66.3
DWL010371,DOC031,FAC001,DEP001,2024-06-24,10,2,0,3,9.1,0.2,18.7,44.9
DWL005166,DOC026,FAC001,DEP008,2022-07-10,9,2,1,2,9.5,1.2,22.2,28.9
DWL014682,DOC047,FAC005,DEP006,2025-02-24,13,0,0,4,7.8,1.5,21.1,68.2
DWL001209,DOC006,FAC001,DEP002,2024-06-11,11,0,0,2,10.0,1.0,16.3,76.7
DWL012069,DOC013,FAC003,DEP005,2025-06-27,7,1,0,5,7.0,0.0,14.4,99.2
DWL000425,DOC027,FAC002,DEP001,2026-03-04,9,1,1,1,10.5,0.9,18.9,87.4
DWL000555,DOC018,FAC003,DEP007,2025-07-04,7,1,0,3,6.6,1.0,14.3,98.7
DWL001955,DOC001,FAC001,DEP001,2022-03-10,9,2,1,3,9.0,0.7,22.2,26.8
DWL007653,DOC058,FAC004,DEP001,2023-01-13,4,1,0,3,8.5,1.7,11.8,81.2
DWL011779,DOC032,FAC002,DEP002,2026-07-02,12,2,0,7,9.2,0.2,24.3,97.6
DWL001512,DOC033,FAC003,DEP003,2025-01-10,11,1,1,1,8.6,1.0,21.5,108.6
DWL005310,DOC055,FAC004,DEP006,2024-12-04,8,1,1,6,6.3,1.4,22.5,89.3
DWL009627,DOC022,FAC002,DEP007,2023-01-19,5,0,0,6,10.1,1.0,12.3,104.5
DWL008881,DOC047,FAC005,DEP006,2023-07-19,2,2,0,1,8.5,1.0,8.7,68.8
DWL011757,DOC015,FAC005,DEP005,2026-11-09,14,3,1,7,10.2,0.0,32.4,99.6
DWL003430,DOC012,FAC002,DEP005,2021-07-16,2,2,0,2,8.5,2.0,11.0,62.3
DWL012795,DOC054,FAC003,DEP003,2025-05-14,17,3,0,0,8.7,1.5,28.6,95.8
DWL008736,DOC059,FAC005,DEP006,2021-09-16,7,2,0,4,8.6,1.3,17.6,64.3
DWL003515,DOC037,FAC002,DEP005,2021-12-17,8,0,0,0,9.0,1.9,12.4,56.2
DWL010159,DOC010,FAC005,DEP003,2025-10-31,6,3,2,1,8.6,0.6,22.9,75.4
DWL005513,DOC052,FAC004,DEP002,2022-06-06,14,0,0,4,8.4,2.3,23.4,46.9
DWL014111,DOC008,FAC003,DEP003,2024-07-07,7,0,0,3,7.1,0.0,10.8,43.5
DWL002597,DOC057,FAC002,DEP001,2022-04-18,12,2,0,4,8.0,3.2,26.4,85.2
DWL007226,DOC042,FAC003,DEP003,2025-11-30,12,1,1,2,7.9,0.2,22.3,24.8
DWL000574,DOC042,FAC003,DEP003,2026-12-28,13,0,0,1,9.1,1.9,19.2,94.0
DWL012663,DOC047,FAC005,DEP006,2026-06-22,10,2,0,1,7.9,1.8,19.5,87.3
DWL007002,DOC033,FAC003,DEP003,2025-01-25,12,0,0,5,8.0,1.3,20.3,62.9
DWL011653,DOC035,FAC005,DEP001,2025-10-06,9,1,0,4,7.2,1.8,18.7,90.1
DWL003951,DOC019,FAC004,DEP005,2021-04-02,10,1,0,1,8.1,1.2,16.6,68.2
DWL003708,DOC018,FAC003,DEP007,2025-12-26,7,5,0,5,8.5,0.7,23.4,91.4
DWL011542,DOC030,FAC005,DEP008,2024-04-15,10,1,0,4,7.7,1.8,19.9,48.0
DWL012357,DOC040,FAC005,DEP003,2023-09-13,10,0,0,4,7.8,1.5,17.4,55.0
DWL005569,DOC009,FAC004,DEP002,2025-10-24,11,2,0,0,7.2,0.0,17.2,97.4
DWL005596,DOC058,FAC004,DEP001,2023-03-03,9,0,0,1,5.9,0.3,12.0,71.0
DWL001584,DOC020,FAC005,DEP006,2024-09-05,10,0,0,1,8.2,2.3,16.2,91.5
DWL000069,DOC036,FAC001,DEP002,2022-10-15,3,0,0,5,8.4,2.2,10.9,10.0
DWL008402,DOC041,FAC005,DEP001,2025-01-20,9,2,1,7,8.1,2.8,28.6,109.1
DWL011954,DOC037,FAC002,DEP005,2026-02-28,8,0,0,3,8.3,2.2,15.3,65.9
DWL010207,DOC001,FAC001,DEP001,2026-04-26,6,3,0,3,6.8,0.0,15.6,44.6
DWL003270,DOC055,FAC004,DEP006,2025-01-24,14,1,0,0,7.6,0.9,20.2,96.1
DWL009839,DOC016,FAC001,DEP004,2022-07-29,6,2,1,6,8.6,1.4,22.1,89.6
DWL002456,DOC049,FAC003,DEP001,2022-02-07,6,0,0,3,8.1,1.3,11.6,62.9
DWL001596,DOC017,FAC002,DEP006,2022-05-25,7,1,0,6,9.3,0.9,16.6,84.2
DWL010370,DOC054,FAC003,DEP003,2025-04-19,6,1,0,5,9.0,1.0,14.7,53.1
DWL004680,DOC003,FAC003,DEP001,2025-09-22,11,4,0,2,7.9,0.0,22.8,74.9
DWL008028,DOC036,FAC001,DEP002,2024-10-09,15,1,1,5,10.5,2.7,32.0,62.0
DWL004609,DOC054,FAC003,DEP003,2026-12-31,7,1,0,1,9.0,1.9,14.1,96.2
DWL011011,DOC054,FAC003,DEP003,2026-04-13,12,3,0,5,10.9,2.6,28.3,94.4
DWL005814,DOC004,FAC004,DEP001,2025-03-14,9,3,0,3,8.3,1.0,20.7,80.3
DWL000246,DOC001,FAC001,DEP001,2022-09-09,8,3,0,3,7.5,0.8,19.2,59.7
DWL003426,DOC021,FAC001,DEP005,2021-01-31,5,2,0,7,10.6,0.6,16.5,25.1
DWL004721,DOC014,FAC004,DEP004,2024-08-05,11,1,0,6,8.3,1.3,21.9,85.8
DWL003618,DOC016,FAC001,DEP004,2026-06-18,11,3,0,5,9.7,2.8,27.4,67.1
DWL004129,DOC049,FAC003,DEP001,2026-11-04,9,0,1,2,8.7,1.5,18.6,97.9
DWL004803,DOC056,FAC003,DEP001,2021-05-15,6,0,0,2,8.4,0.2,9.1,29.8
DWL010109,DOC036,FAC001,DEP002,2026-05-05,8,3,0,1,9.9,1.1,18.0,92.7
DWL010684,DOC021,FAC001,DEP005,2023-12-21,15,1,0,2,10.8,1.2,23.4,86.0
DWL006714,DOC005,FAC005,DEP001,2024-07-17,10,1,0,3,8.4,1.9,19.2,104.2
DWL000674,DOC030,FAC005,DEP008,2022-05-24,13,1,1,3,9.9,0.7,25.1,63.3
DWL005939,DOC049,FAC003,DEP001,2022-02-21,8,0,0,4,6.1,1.8,15.5,61.6
DWL012823,DOC025,FAC005,DEP007,2021-12-24,5,2,0,3,8.1,0.6,13.3,62.8
DWL010452,DOC030,FAC005,DEP008,2021-09-18,10,1,0,2,7.4,0.0,15.6,24.9
DWL007579,DOC001,FAC001,DEP001,2025-02-19,10,1,1,6,8.5,1.2,24.6,59.7
DWL013093,DOC036,FAC001,DEP002,2026-01-06,11,0,0,3,7.7,2.6,19.5,84.6
DWL011659,DOC043,FAC003,DEP008,2022-01-31,11,1,0,5,6.8,2.2,22.5,82.5
DWL012114,DOC030,FAC005,DEP008,2021-12-01,11,0,0,3,11.0,1.7,18.1,68.2
DWL002426,DOC023,FAC003,DEP008,2023-10-26,11,1,0,4,9.2,1.4,20.5,59.2
DWL004462,DOC056,FAC003,DEP001,2025-07-01,10,0,1,1,7.9,2.0,19.8,81.2
DWL013449,DOC040,FAC005,DEP003,2024-12-30,15,2,0,3,8.0,0.5,25.1,101.9
DWL010261,DOC053,FAC005,DEP007,2022-07-21,9,2,0,4,11.0,0.0,18.0,73.3
DWL014305,DOC004,FAC004,DEP001,2023-05-27,4,2,1,5,8.5,1.5,19.1,40.3
DWL009919,DOC024,FAC004,DEP006,2023-01-03,7,0,0,4,7.9,1.1,13.3,66.6
DWL011320,DOC053,FAC005,DEP007,2026-06-11,12,3,1,3,7.7,0.1,26.9,70.4
DWL013989,DOC010,FAC005,DEP003,2026-12-07,9,6,0,0,7.6,0.0,22.8,102.8
DWL003462,DOC052,FAC004,DEP002,2024-08-30,7,1,0,2,9.6,1.6,14.4,80.0
DWL009678,DOC022,FAC002,DEP007,2024-03-12,9,2,0,2,8.2,0.9,17.8,77.2
DWL014813,DOC055,FAC004,DEP006,2022-08-31,6,2,0,5,7.0,0.8,16.4,72.0
DWL014687,DOC037,FAC002,DEP005,2025-10-30,11,0,0,4,7.7,1.4,18.5,91.0
DWL004924,DOC005,FAC005,DEP001,2026-11-21,7,1,1,6,8.0,0.0,19.2,61.5
DWL014801,DOC008,FAC003,DEP003,2026-01-08,6,3,0,5,12.6,2.3,20.6,72.4
DWL005564,DOC031,FAC001,DEP001,2025-07-24,9,3,3,1,6.7,1.2,31.4,93.4
DWL002037,DOC055,FAC004,DEP006,2022-12-19,9,3,0,2,8.5,0.8,19.6,61.0
DWL011879,DOC044,FAC002,DEP005,2024-11-08,10,0,0,3,7.4,0.0,14.4,65.0
DWL005837,DOC050,FAC003,DEP005,2023-08-28,10,1,0,3,9.2,0.1,16.5,89.6
DWL003016,DOC041,FAC005,DEP001,2023-05-24,13,0,0,3,8.7,1.2,19.8,55.3
DWL013775,DOC017,FAC002,DEP006,2021-06-19,8,0,0,6,7.9,1.5,16.6,46.7
DWL012599,DOC010,FAC005,DEP003,2023-11-28,15,1,1,4,8.7,0.6,28.1,70.0
DWL001428,DOC057,FAC002,DEP001,2025-08-12,10,1,0,3,5.9,1.7,18.9,93.7
DWL003503,DOC007,FAC002,DEP002,2022-10-07,10,4,0,4,7.8,1.0,24.7,48.1
DWL007536,DOC021,FAC001,DEP005,2025-03-29,7,0,0,3,8.1,0.4,11.4,44.5
DWL009981,DOC056,FAC003,DEP001,2026-06-22,11,2,0,5,9.0,3.0,25.7,75.9
DWL013754,DOC021,FAC001,DEP005,2026-02-23,11,3,0,6,8.2,1.1,25.6,87.1
DWL013012,DOC020,FAC005,DEP006,2023-07-29,10,0,0,1,5.2,1.5,15.1,60.2
DWL001414,DOC012,FAC002,DEP005,2023-03-31,11,2,0,5,7.0,1.2,23.0,62.5
DWL000115,DOC015,FAC005,DEP005,2021-09-22,10,0,1,3,9.2,1.5,20.6,43.4
DWL008006,DOC052,FAC004,DEP002,2026-06-10,10,4,0,6,9.7,1.6,27.2,95.6
DWL010389,DOC051,FAC002,DEP005,2024-06-30,6,0,0,2,11.2,0.8,10.0,24.4
DWL000231,DOC052,FAC004,DEP002,2022-05-20,7,1,0,8,7.6,0.0,16.8,52.5
DWL009060,DOC007,FAC002,DEP002,2023-05-04,7,0,0,5,9.3,1.0,13.9,85.8
DWL004111,DOC009,FAC004,DEP002,2021-12-31,14,0,0,3,8.4,2.4,22.8,58.5
DWL010421,DOC025,FAC005,DEP007,2024-01-08,3,4,0,6,11.5,0.0,16.4,94.3
DWL002747,DOC007,FAC002,DEP002,2025-04-16,8,3,0,1,7.8,2.4,20.0,65.1
DWL011288,DOC035,FAC005,DEP001,2026-11-23,9,1,2,4,10.3,0.4,24.6,105.0
DWL004668,DOC026,FAC001,DEP008,2023-08-18,7,0,1,7,7.7,1.9,20.9,87.9
DWL001521,DOC055,FAC004,DEP006,2026-02-03,8,2,0,4,7.4,1.5,19.1,71.5
DWL008975,DOC019,FAC004,DEP005,2026-12-14,9,0,0,7,9.7,1.9,19.2,121.1
DWL014707,DOC034,FAC004,DEP001,2022-10-24,8,0,0,4,10.9,0.9,14.2,82.8
DWL000215,DOC032,FAC002,DEP002,2026-12-05,6,1,0,4,9.1,0.1,12.5,73.8
DWL014110,DOC026,FAC001,DEP008,2023-01-16,10,2,0,3,11.4,0.8,19.6,76.8
DWL007597,DOC001,FAC001,DEP001,2023-01-06,7,1,0,5,8.2,1.8,17.1,84.4
DWL013607,DOC016,FAC001,DEP004,2026-09-17,7,0,1,3,8.3,1.2,16.6,103.9
DWL014788,DOC047,FAC005,DEP006,2025-01-12,11,2,0,4,8.0,0.2,20.7,44.1
DWL013886,DOC040,FAC005,DEP003,2024-06-13,11,0,0,3,10.3,1.4,17.7,70.0
DWL002488,DOC004,FAC004,DEP001,2025-03-22,8,0,0,4,8.6,0.4,13.4,42.9
DWL008073,DOC015,FAC005,DEP005,2024-11-05,5,1,0,3,10.3,1.2,12.2,73.4
DWL012480,DOC033,FAC003,DEP003,2025-05-22,6,3,0,4,9.1,0.8,17.6,69.3
DWL002183,DOC050,FAC003,DEP005,2022-07-22,7,1,0,4,5.4,0.5,14.4,110.0
DWL005997,DOC032,FAC002,DEP002,2022-05-16,11,3,0,5,6.2,0.9,24.6,104.3
DWL012556,DOC024,FAC004,DEP006,2021-05-26,8,1,0,6,9.8,0.4,17.0,28.5
DWL006335,DOC035,FAC005,DEP001,2026-05-19,11,0,0,1,7.7,0.6,14.9,91.2
DWL011498,DOC058,FAC004,DEP001,2024-08-13,4,2,0,5,8.6,1.1,14.5,111.8
DWL003300,DOC007,FAC002,DEP002,2025-01-13,11,1,0,5,8.6,2.7,23.2,95.7
DWL005441,DOC013,FAC003,DEP005,2025-10-16,9,3,0,4,7.3,1.9,22.8,43.8
DWL006152,DOC038,FAC003,DEP005,2022-04-29,6,0,2,3,9.6,1.1,19.2,52.9
DWL006522,DOC030,FAC005,DEP008,2025-09-27,4,0,0,2,8.5,0.0,6.4,70.8
DWL013678,DOC009,FAC004,DEP002,2025-11-07,8,5,0,3,9.9,0.7,23.1,52.7
DWL004345,DOC047,FAC005,DEP006,2026-01-06,9,2,0,2,9.1,0.8,17.6,96.6
DWL006602,DOC004,FAC004,DEP001,2023-10-27,9,1,0,2,6.9,1.4,16.5,75.6
DWL004044,DOC036,FAC001,DEP002,2024-07-20,8,0,0,4,11.2,1.4,14.9,51.1
DWL011417,DOC047,FAC005,DEP006,2026-09-20,8,0,0,6,9.8,0.4,15.0,43.5
DWL010008,DOC047,FAC005,DEP006,2022-07-22,12,2,0,4,5.9,0.8,22.8,63.0
DWL004065,DOC049,FAC003,DEP001,2025-12-04,9,1,0,3,10.0,3.2,20.0,73.4
DWL014643,DOC029,FAC004,DEP007,2025-03-04,11,3,1,4,7.0,0.9,27.8,102.5
DWL009807,DOC027,FAC002,DEP001,2024-12-17,12,3,0,2,6.0,1.1,23.6,96.2
DWL001499,DOC059,FAC005,DEP006,2024-05-04,8,3,0,6,9.7,0.8,21.6,53.3
DWL006555,DOC020,FAC005,DEP006,2024-02-14,5,0,0,5,10.6,1.1,11.7,101.0
DWL010063,DOC014,FAC004,DEP004,2025-09-17,7,2,0,0,8.2,1.4,14.5,59.0
DWL009521,DOC046,FAC001,DEP001,2022-12-07,10,0,1,1,9.0,0.7,17.9,80.2
DWL012597,DOC009,FAC004,DEP002,2026-04-24,9,3,0,1,11.0,2.6,21.5,86.0
DWL013581,DOC005,FAC005,DEP001,2025-04-06,4,0,0,5,10.3,1.5,11.1,40.7
DWL006622,DOC048,FAC001,DEP002,2026-12-14,11,1,0,5,7.1,0.5,19.9,94.1
DWL007880,DOC053,FAC005,DEP007,2021-03-27,7,0,0,4,8.0,0.5,12.4,39.0
DWL011789,DOC001,FAC001,DEP001,2024-04-02,13,2,0,4,9.9,0.9,24.2,84.5
DWL002056,DOC016,FAC001,DEP004,2021-12-01,3,1,0,4,10.3,0.0,8.8,81.0
DWL014361,DOC023,FAC003,DEP008,2025-08-13,9,0,2,2,8.5,0.0,20.4,99.1
DWL002059,DOC020,FAC005,DEP006,2021-06-02,9,2,2,4,6.6,1.4,28.1,51.6
DWL012379,DOC010,FAC005,DEP003,2025-03-29,10,1,0,0,6.1,1.0,15.5,56.1
DWL009647,DOC020,FAC005,DEP006,2026-07-30,11,0,0,3,8.3,1.5,17.9,115.0
DWL004430,DOC022,FAC002,DEP007,2025-02-22,6,2,0,1,8.6,2.1,15.2,38.0
DWL006927,DOC033,FAC003,DEP003,2026-04-07,9,0,2,5,8.7,2.1,25.9,93.0
DWL009736,DOC044,FAC002,DEP005,2026-03-06,8,0,0,5,8.9,0.0,13.6,73.0
DWL014763,DOC034,FAC004,DEP001,2025-05-20,11,1,0,6,5.8,1.9,22.9,80.6
DWL003324,DOC051,FAC002,DEP005,2025-08-10,13,0,0,0,7.1,0.0,15.6,40.8
DWL006114,DOC005,FAC005,DEP001,2024-06-28,13,0,0,4,8.6,0.0,18.8,68.8
DWL013762,DOC058,FAC004,DEP001,2022-05-27,10,1,1,0,9.6,2.2,21.3,71.2
DWL000484,DOC024,FAC004,DEP006,2025-12-16,5,5,0,7,7.2,2.3,25.1,93.1
DWL005383,DOC034,FAC004,DEP001,2025-01-05,11,0,1,6,9.7,0.7,23.1,36.0
DWL011255,DOC031,FAC001,DEP001,2022-05-19,7,2,1,4,6.4,2.1,22.8,49.8
DWL002994,DOC013,FAC003,DEP005,2026-09-16,8,5,0,0,7.1,1.7,22.2,110.2
DWL006505,DOC008,FAC003,DEP003,2024-03-12,8,2,0,4,8.5,0.0,16.8,84.6
DWL012738,DOC055,FAC004,DEP006,2026-05-18,12,0,1,3,9.7,1.7,23.3,84.6
DWL014835,DOC036,FAC001,DEP002,2025-06-02,12,0,0,3,6.2,1.4,18.9,116.5
DWL009280,DOC011,FAC001,DEP003,2025-03-14,10,2,0,4,8.5,1.3,21.1,85.9
DWL004731,DOC008,FAC003,DEP003,2022-10-10,7,1,1,4,7.7,0.7,18.7,76.7
DWL011682,DOC049,FAC003,DEP001,2021-02-16,11,2,0,7,7.7,1.8,25.5,58.0
DWL006129,DOC015,FAC005,DEP005,2022-03-14,6,0,0,5,10.8,1.5,13.4,48.7
DWL002047,DOC049,FAC003,DEP001,2023-07-11,10,4,0,1,6.7,1.5,23.1,74.0
DWL005460,DOC036,FAC001,DEP002,2021-10-30,12,2,0,2,10.3,0.1,20.1,14.4
DWL011840,DOC022,FAC002,DEP007,2022-10-22,6,0,2,3,8.8,1.3,19.6,25.3
DWL014768,DOC004,FAC004,DEP001,2025-08-27,9,0,1,2,8.8,1.8,19.1,94.7
DWL013948,DOC029,FAC004,DEP007,2024-09-09,12,1,0,5,10.3,2.6,24.3,59.1
DWL006850,DOC059,FAC005,DEP006,2024-09-09,13,2,1,2,7.6,1.2,27.0,90.9
DWL004661,DOC052,FAC004,DEP002,2022-10-12,13,2,0,2,7.8,0.7,22.3,58.9
DWL013580,DOC024,FAC004,DEP006,2021-05-07,9,0,0,2,9.2,0.8,13.6,61.7
DWL002348,DOC034,FAC004,DEP001,2024-05-30,10,3,1,1,8.3,0.3,23.2,64.2
DWL011110,DOC036,FAC001,DEP002,2026-10-09,16,2,0,6,8.7,1.3,29.9,76.2
DWL007696,DOC040,FAC005,DEP003,2026-05-28,6,1,0,5,7.0,0.3,13.6,81.8
DWL008727,DOC041,FAC005,DEP001,2024-12-22,8,0,0,2,7.9,0.2,11.5,34.0
DWL005583,DOC001,FAC001,DEP001,2025-01-08,4,1,0,2,8.6,2.1,11.6,62.2
DWL010408,DOC024,FAC004,DEP006,2022-08-02,6,1,0,3,8.0,0.6,12.5,75.1
DWL014934,DOC053,FAC005,DEP007,2022-10-27,6,3,0,4,9.3,0.3,16.8,77.8
DWL009788,DOC007,FAC002,DEP002,2026-12-24,11,0,1,4,8.0,1.3,22.3,81.4
DWL001415,DOC028,FAC003,DEP001,2022-12-07,14,2,1,4,9.7,0.9,29.4,71.5
DWL000500,DOC047,FAC005,DEP006,2026-01-20,10,2,0,5,7.0,2.1,23.1,73.0
DWL000669,DOC018,FAC003,DEP007,2024-12-17,7,0,0,5,9.7,1.5,14.7,104.4
DWL012594,DOC051,FAC002,DEP005,2026-02-05,7,4,0,4,6.8,1.8,22.3,72.3
DWL012157,DOC026,FAC001,DEP008,2024-07-12,8,0,0,4,7.3,1.3,14.8,87.4
DWL004686,DOC030,FAC005,DEP008,2025-07-12,8,2,2,3,6.2,0.4,24.6,62.5
DWL007293,DOC002,FAC002,DEP001,2023-07-22,10,5,0,3,9.7,0.7,25.4,46.4
DWL004476,DOC033,FAC003,DEP003,2023-05-10,7,0,1,5,6.3,0.7,17.4,69.4
DWL002486,DOC011,FAC001,DEP003,2024-10-31,11,3,0,2,7.8,0.5,21.6,69.8
DWL006351,DOC041,FAC005,DEP001,2024-07-20,11,1,1,1,5.7,0.0,20.0,67.4
DWL011358,DOC003,FAC003,DEP001,2026-07-22,11,2,3,3,8.8,1.6,34.0,84.3
DWL000304,DOC008,FAC003,DEP003,2023-10-21,11,2,0,4,7.7,0.0,20.4,68.7
DWL004660,DOC019,FAC004,DEP005,2024-12-10,6,2,0,4,8.0,0.7,15.4,75.8
DWL001704,DOC020,FAC005,DEP006,2021-12-08,7,3,2,4,7.4,1.0,27.1,68.0
DWL003756,DOC032,FAC002,DEP002,2024-06-16,11,1,0,5,8.0,2.3,22.6,39.1
DWL011893,DOC039,FAC004,DEP002,2025-11-24,5,1,0,3,9.1,0.0,10.4,74.9
DWL007508,DOC039,FAC004,DEP002,2026-06-29,9,1,0,5,7.2,1.6,19.2,97.2
DWL010451,DOC037,FAC002,DEP005,2022-10-28,12,3,0,2,9.7,1.4,24.1,57.7
DWL005924,DOC028,FAC003,DEP001,2026-08-20,8,0,0,5,10.8,1.3,15.6,87.6
