emergency_visit_id,patient_id,facility_id,department_id,arrival_datetime,arrival_mode,triage_level,chief_complaint,waiting_time_minutes,treatment_duration_minutes,disposition,admission_required,discharge_datetime
EV000003,PAT02472,FAC003,DEP008,2023-12-02 14:29:00,Walk-in,5,Allergic Reaction,88,51,Admitted,Yes,2023-12-02 16:48:00
EV000010,PAT14622,FAC001,DEP008,2023-04-23 16:47:00,Referral,3,Abdominal Pain,35,92,Discharged,No,2023-04-23 18:54:00
EV000013,PAT12793,FAC004,DEP004,2021-08-04 20:34:00,Walk-in,4,Seizure,52,46,Discharged,No,2021-08-04 22:12:00
EV000034,PAT08100,FAC004,DEP004,2022-12-01 23:27:00,Walk-in,4,Abdominal Pain,60,67,Discharged,No,2022-12-02 01:34:00
EV000035,PAT00574,FAC001,DEP008,2026-12-29 19:58:00,Ambulance,3,Fever,19,113,Admitted,Yes,2026-12-29 22:10:00
EV000039,PAT13957,FAC003,DEP008,2023-09-19 00:44:00,Walk-in,2,Poisoning,21,53,Admitted,Yes,2023-09-19 01:58:00
EV000045,PAT12968,FAC004,DEP001,2026-07-31 14:09:00,Walk-in,5,Poisoning,62,26,LWBS,No,2026-07-31 15:37:00
EV000054,PAT02146,FAC002,DEP006,2023-03-10 00:10:00,Walk-in,4,Abdominal Pain,57,66,Admitted,Yes,2023-03-10 02:13:00
EV000057,PAT12465,FAC003,DEP008,2021-05-23 19:17:00,Referral,3,Fever,10,136,Admitted,Yes,2021-05-23 21:43:00
EV000058,PAT06949,FAC005,DEP008,2021-12-09 03:36:00,Ambulance,3,Trauma/Injury,26,97,Admitted,Yes,2021-12-09 05:39:00
EV000067,PAT01143,FAC002,DEP005,2025-10-15 08:09:00,Referral,4,Abdominal Pain,96,79,Discharged,No,2025-10-15 11:04:00
EV000075,PAT10264,FAC005,DEP008,2024-04-11 11:56:00,Walk-in,4,Laceration,60,59,Discharged,No,2024-04-11 13:55:00
EV000079,PAT06267,FAC005,DEP008,2026-04-20 02:57:00,Walk-in,1,Stroke Symptoms,5,196,Transferred,No,2026-04-20 06:18:00
EV000082,PAT14802,FAC003,DEP008,2023-06-24 04:13:00,Walk-in,3,Seizure,25,100,Discharged,No,2023-06-24 06:18:00
EV000091,PAT04195,FAC005,DEP008,2026-03-06 17:01:00,Ambulance,3,Chest Pain,42,111,Transferred,No,2026-03-06 19:34:00
EV000100,PAT13667,FAC001,DEP008,2025-12-22 10:11:00,Walk-in,4,Breathing Difficulty,31,41,Discharged,No,2025-12-22 11:23:00
EV000105,PAT04405,FAC002,DEP002,2026-07-14 22:34:00,Walk-in,3,Seizure,60,91,Discharged,No,2026-07-15 01:05:00
EV000110,PAT13477,FAC003,DEP008,2025-01-12 06:45:00,Ambulance,2,Stroke Symptoms,15,155,Discharged,No,2025-01-12 09:35:00
EV000124,PAT03015,FAC003,DEP008,2023-05-26 14:52:00,Walk-in,4,Allergic Reaction,62,72,Discharged,No,2023-05-26 17:06:00
EV000132,PAT04717,FAC005,DEP008,2026-11-15 15:56:00,Walk-in,4,Laceration,47,56,Discharged,No,2026-11-15 17:39:00
EV000133,PAT12190,FAC002,DEP005,2022-07-11 23:26:00,Walk-in,1,Seizure,5,168,Discharged,No,2022-07-12 02:19:00
EV000135,PAT02086,FAC005,DEP008,2021-03-26 11:54:00,Walk-in,3,Allergic Reaction,37,106,LWBS,No,2021-03-26 14:17:00
EV000149,PAT02426,FAC001,DEP008,2026-12-08 09:43:00,Referral,3,Chest Pain,34,59,Admitted,Yes,2026-12-08 11:16:00
EV000153,PAT03070,FAC004,DEP007,2021-07-27 07:56:00,Ambulance,3,Fever,25,73,Transferred,No,2021-07-27 09:34:00
EV000155,PAT11409,FAC002,DEP007,2022-11-08 14:04:00,Ambulance,5,Laceration,55,54,Discharged,No,2022-11-08 15:53:00
EV000157,PAT10382,FAC004,DEP005,2026-01-19 14:02:00,Walk-in,3,Chest Pain,34,151,Discharged,No,2026-01-19 17:07:00
EV000163,PAT00928,FAC004,DEP001,2026-08-12 03:08:00,Walk-in,4,Allergic Reaction,54,68,Transferred,No,2026-08-12 05:10:00
EV000165,PAT02035,FAC005,DEP008,2024-04-17 05:13:00,Walk-in,3,Seizure,43,106,Admitted,Yes,2024-04-17 07:42:00
EV000171,PAT00411,FAC003,DEP008,2021-09-08 23:34:00,Walk-in,5,Abdominal Pain,41,48,Admitted,Yes,2021-09-09 01:03:00
EV000174,PAT11074,FAC001,DEP008,2025-01-23 23:40:00,Ambulance,4,Laceration,68,64,Discharged,No,2025-01-24 01:52:00
EV000189,PAT08992,FAC004,DEP006,2022-07-06 14:21:00,Referral,4,Seizure,63,77,Discharged,No,2022-07-06 16:41:00
EV000193,PAT14075,FAC004,DEP004,2021-03-22 05:15:00,Walk-in,4,Allergic Reaction,41,73,Discharged,No,2021-03-22 07:09:00
EV000201,PAT11711,FAC001,DEP008,2025-03-17 18:27:00,Walk-in,4,Laceration,34,53,LWBS,No,2025-03-17 19:54:00
EV000204,PAT10899,FAC004,DEP002,2023-11-09 09:31:00,Walk-in,4,Breathing Difficulty,77,66,Admitted,Yes,2023-11-09 11:54:00
EV000205,PAT06408,FAC001,DEP008,2026-02-06 02:22:00,Ambulance,3,Trauma/Injury,27,80,Discharged,No,2026-02-06 04:09:00
EV000212,PAT06907,FAC001,DEP008,2022-06-18 00:00:00,Referral,4,Laceration,53,77,Admitted,Yes,2022-06-18 02:10:00
EV000213,PAT05744,FAC004,DEP002,2025-09-01 15:44:00,Police/Public,4,Fever,76,38,Discharged,No,2025-09-01 17:38:00
EV000216,PAT01870,FAC001,DEP008,2024-01-20 04:37:00,Walk-in,1,Allergic Reaction,9,191,Discharged,No,2024-01-20 07:57:00
EV000217,PAT11432,FAC001,DEP008,2026-05-06 03:33:00,Referral,3,Abdominal Pain,30,97,Discharged,No,2026-05-06 05:40:00
EV000221,PAT04901,FAC004,DEP004,2024-11-24 18:41:00,Walk-in,1,Stroke Symptoms,2,130,Discharged,No,2024-11-24 20:53:00
EV000240,PAT09553,FAC001,DEP008,2021-08-05 23:19:00,Walk-in,3,Stroke Symptoms,37,71,LWBS,No,2021-08-06 01:07:00
EV000244,PAT00458,FAC002,DEP005,2024-05-18 04:52:00,Police/Public,3,Chest Pain,34,89,Admitted,Yes,2024-05-18 06:55:00
EV000249,PAT08726,FAC002,DEP006,2025-11-11 13:09:00,Walk-in,3,Allergic Reaction,29,89,Discharged,No,2025-11-11 15:07:00
EV000255,PAT10328,FAC001,DEP008,2025-04-11 02:46:00,Walk-in,2,Seizure,20,160,Admitted,Yes,2025-04-11 05:46:00
EV000258,PAT00737,FAC005,DEP008,2021-08-10 10:01:00,Walk-in,4,Abdominal Pain,53,44,Transferred,No,2021-08-10 11:38:00
EV000261,PAT03548,FAC004,DEP006,2024-08-03 13:18:00,Walk-in,3,Trauma/Injury,32,72,Discharged,No,2024-08-03 15:02:00
EV000265,PAT02502,FAC002,DEP001,2024-09-23 22:53:00,Ambulance,4,Fever,44,86,Admitted,Yes,2024-09-24 01:03:00
EV000266,PAT09954,FAC003,DEP008,2022-06-18 13:38:00,Ambulance,2,Laceration,10,147,Deceased,No,2022-06-18 16:15:00
EV000267,PAT00411,FAC002,DEP007,2022-10-03 10:26:00,Referral,4,Fracture,56,7,Discharged,No,2022-10-03 11:29:00
EV000271,PAT01036,FAC002,DEP001,2026-05-21 12:18:00,Ambulance,3,Seizure,42,92,Discharged,No,2026-05-21 14:32:00
EV000273,PAT06949,FAC004,DEP006,2024-01-19 02:17:00,Referral,3,Laceration,43,82,Discharged,No,2024-01-19 04:22:00
EV000275,PAT01112,FAC004,DEP001,2024-09-24 17:42:00,Walk-in,3,Fever,24,120,Admitted,Yes,2024-09-24 20:06:00
EV000288,PAT02022,FAC004,DEP002,2023-07-09 23:10:00,Ambulance,2,Poisoning,8,164,Admitted,Yes,2023-07-10 02:02:00
EV000295,PAT10472,FAC001,DEP008,2023-08-03 22:21:00,Ambulance,5,Fracture,66,56,Discharged,No,2023-08-04 00:23:00
EV000302,PAT14498,FAC004,DEP005,2021-01-01 15:04:00,Ambulance,3,Laceration,9,73,Admitted,Yes,2021-01-01 16:26:00
EV000305,PAT03547,FAC004,DEP006,2021-09-04 20:40:00,Referral,4,Laceration,57,57,LWBS,No,2021-09-04 22:34:00
EV000308,PAT07252,FAC003,DEP008,2022-10-24 17:51:00,Referral,3,Stroke Symptoms,46,114,Discharged,No,2022-10-24 20:31:00
EV000315,PAT06881,FAC001,DEP008,2023-09-20 03:19:00,Walk-in,4,Chest Pain,82,33,Transferred,No,2023-09-20 05:14:00
EV000316,PAT11779,FAC002,DEP006,2026-03-03 23:12:00,Walk-in,4,Trauma/Injury,76,72,Admitted,Yes,2026-03-04 01:40:00
EV000317,PAT02324,FAC001,DEP008,2021-07-28 08:36:00,Police/Public,5,Breathing Difficulty,54,51,Discharged,No,2021-07-28 10:21:00
EV000336,PAT04230,FAC001,DEP008,2026-03-03 19:32:00,Walk-in,3,Laceration,36,116,Admitted,Yes,2026-03-03 22:04:00
EV000344,PAT05621,FAC005,DEP008,2025-02-06 08:02:00,Ambulance,4,Trauma/Injury,53,67,LWBS,No,2025-02-06 10:02:00
EV000345,PAT04744,FAC002,DEP002,2024-07-13 02:22:00,Ambulance,3,Fever,26,77,LWBS,No,2024-07-13 04:05:00
EV000346,PAT13045,FAC001,DEP008,2025-06-22 03:10:00,Ambulance,4,Allergic Reaction,50,66,Discharged,No,2025-06-22 05:06:00
EV000349,PAT09319,FAC004,DEP007,2026-11-05 14:59:00,Referral,5,Laceration,88,40,Discharged,No,2026-11-05 17:07:00
EV000360,PAT13779,FAC001,DEP008,2026-10-19 11:10:00,Walk-in,4,Poisoning,44,47,Transferred,No,2026-10-19 12:41:00
EV000363,PAT10190,FAC005,DEP008,2024-04-27 00:20:00,Walk-in,4,Allergic Reaction,37,65,Transferred,No,2024-04-27 02:02:00
EV000365,PAT07111,FAC001,DEP008,2025-07-30 21:38:00,Walk-in,5,Allergic Reaction,85,32,Discharged,No,2025-07-30 23:35:00
EV000368,PAT02610,FAC001,DEP008,2023-10-06 10:47:00,Referral,3,Chest Pain,39,107,Discharged,No,2023-10-06 13:13:00
EV000370,PAT08241,FAC003,DEP008,2026-11-01 01:02:00,Ambulance,4,Poisoning,80,53,Discharged,No,2026-11-01 03:15:00
EV000376,PAT04803,FAC001,DEP008,2026-02-28 18:43:00,Ambulance,4,Poisoning,55,95,Admitted,Yes,2026-02-28 21:13:00
EV000378,PAT14478,FAC003,DEP008,2021-08-05 04:29:00,Walk-in,4,Seizure,56,71,Discharged,No,2021-08-05 06:36:00
EV000381,PAT01158,FAC001,DEP008,2025-11-29 18:49:00,Ambulance,1,Trauma/Injury,6,219,Discharged,No,2025-11-29 22:34:00
EV000396,PAT09626,FAC002,DEP006,2026-09-26 13:13:00,Ambulance,4,Laceration,49,74,Admitted,Yes,2026-09-26 15:16:00
EV000406,PAT12288,FAC002,DEP007,2021-06-12 15:41:00,Referral,5,Fracture,93,34,Admitted,Yes,2021-06-12 17:48:00
EV000409,PAT11101,FAC001,DEP008,2026-09-08 07:55:00,Ambulance,4,Laceration,67,53,Discharged,No,2026-09-08 09:55:00
EV000410,PAT05164,FAC001,DEP008,2022-01-13 15:01:00,Referral,3,Poisoning,38,71,Admitted,Yes,2022-01-13 16:50:00
EV000412,PAT14594,FAC004,DEP006,2022-02-11 15:36:00,Walk-in,5,Fracture,52,21,Discharged,No,2022-02-11 16:49:00
EV000413,PAT05567,FAC001,DEP008,2023-11-04 11:12:00,Walk-in,4,Poisoning,67,44,Discharged,No,2023-11-04 13:03:00
EV000414,PAT10292,FAC002,DEP007,2025-12-14 10:28:00,Police/Public,4,Breathing Difficulty,54,73,Discharged,No,2025-12-14 12:35:00
EV000415,PAT04879,FAC002,DEP002,2022-05-24 22:27:00,Ambulance,4,Breathing Difficulty,70,47,Discharged,No,2022-05-25 00:24:00
EV000416,PAT06114,FAC003,DEP008,2024-05-25 05:16:00,Walk-in,3,Poisoning,18,97,Discharged,No,2024-05-25 07:11:00
EV000423,PAT07540,FAC001,DEP008,2025-09-18 03:56:00,Police/Public,3,Fracture,36,101,Transferred,No,2025-09-18 06:13:00
EV000424,PAT08318,FAC003,DEP008,2021-06-20 01:41:00,Ambulance,4,Laceration,58,66,LWBS,No,2021-06-20 03:45:00
EV000433,PAT11110,FAC003,DEP008,2025-08-13 18:45:00,Walk-in,3,Poisoning,36,71,Admitted,Yes,2025-08-13 20:32:00
EV000435,PAT07325,FAC004,DEP004,2026-10-23 16:20:00,Walk-in,4,Poisoning,46,69,LWBS,No,2026-10-23 18:15:00
EV000443,PAT02158,FAC004,DEP005,2021-04-05 13:23:00,Ambulance,2,Chest Pain,16,139,Discharged,No,2021-04-05 15:58:00
EV000445,PAT07502,FAC005,DEP008,2023-01-20 10:06:00,Walk-in,2,Fever,13,112,Discharged,No,2023-01-20 12:11:00
EV000450,PAT04150,FAC001,DEP008,2026-12-08 10:31:00,Referral,4,Seizure,71,55,Transferred,No,2026-12-08 12:37:00
EV000451,PAT05684,FAC005,DEP008,2023-02-04 20:03:00,Walk-in,2,Fever,17,110,Discharged,No,2023-02-04 22:10:00
EV000454,PAT02693,FAC001,DEP008,2024-06-03 15:33:00,Walk-in,4,Breathing Difficulty,62,62,Discharged,No,2024-06-03 17:37:00
EV000462,PAT13939,FAC002,DEP007,2025-01-30 14:55:00,Ambulance,4,Fracture,36,74,Discharged,No,2025-01-30 16:45:00
EV000465,PAT02454,FAC005,DEP008,2024-06-15 03:06:00,Ambulance,2,Fracture,13,148,Discharged,No,2024-06-15 05:47:00
EV000468,PAT03669,FAC002,DEP005,2025-04-16 15:55:00,Walk-in,3,Allergic Reaction,58,100,LWBS,No,2025-04-16 18:33:00
EV000471,PAT11060,FAC002,DEP001,2025-07-22 21:50:00,Walk-in,5,Trauma/Injury,68,10,Transferred,No,2025-07-22 23:08:00
EV000475,PAT01356,FAC004,DEP005,2022-01-24 06:58:00,Walk-in,3,Laceration,37,82,Discharged,No,2022-01-24 08:57:00
EV000478,PAT04047,FAC003,DEP008,2026-03-24 06:20:00,Walk-in,3,Laceration,33,65,Discharged,No,2026-03-24 07:58:00
EV000479,PAT14199,FAC005,DEP008,2024-08-12 22:13:00,Walk-in,2,Allergic Reaction,20,186,Admitted,Yes,2024-08-13 01:39:00
EV000483,PAT06267,FAC003,DEP008,2022-09-26 18:20:00,Ambulance,3,Stroke Symptoms,30,103,Transferred,No,2022-09-26 20:33:00
EV000490,PAT02082,FAC003,DEP008,2022-06-29 04:04:00,Walk-in,4,Fever,49,59,Discharged,No,2022-06-29 05:52:00
EV000493,PAT00032,FAC002,DEP001,2022-01-24 09:19:00,Police/Public,4,Poisoning,58,81,Discharged,No,2022-01-24 11:38:00
EV000494,PAT12642,FAC001,DEP008,2024-03-21 18:24:00,Walk-in,4,Abdominal Pain,49,68,Discharged,No,2024-03-21 20:21:00
EV000495,PAT01327,FAC005,DEP008,2023-07-31 21:18:00,Referral,4,Abdominal Pain,74,73,Discharged,No,2023-07-31 23:45:00
EV000496,PAT04937,FAC002,DEP001,2024-06-11 23:08:00,Walk-in,3,Fracture,18,101,Discharged,No,2024-06-12 01:07:00
EV000501,PAT05684,FAC003,DEP008,2022-07-20 08:43:00,Referral,3,Fracture,51,74,Admitted,Yes,2022-07-20 10:48:00
EV000511,PAT04815,FAC004,DEP004,2023-02-06 06:02:00,Ambulance,3,Poisoning,26,100,Discharged,No,2023-02-06 08:08:00
EV000512,PAT11417,FAC002,DEP005,2026-03-29 05:38:00,Walk-in,4,Stroke Symptoms,44,40,Admitted,Yes,2026-03-29 07:02:00
EV000514,PAT12513,FAC002,DEP006,2023-01-14 20:17:00,Referral,5,Poisoning,70,49,Discharged,No,2023-01-14 22:16:00
EV000515,PAT06352,FAC001,DEP008,2026-03-03 23:40:00,Walk-in,4,Breathing Difficulty,62,89,Discharged,No,2026-03-04 02:11:00
EV000516,PAT01513,FAC001,DEP008,2022-11-07 03:02:00,Walk-in,3,Seizure,11,90,Discharged,No,2022-11-07 04:43:00
EV000518,PAT03708,FAC005,DEP008,2024-07-28 08:42:00,Police/Public,5,Seizure,76,35,Discharged,No,2024-07-28 10:33:00
EV000522,PAT05933,FAC001,DEP008,2023-07-06 06:36:00,Walk-in,3,Stroke Symptoms,40,71,Admitted,Yes,2023-07-06 08:27:00
EV000525,PAT14382,FAC002,DEP002,2025-01-30 20:20:00,Police/Public,4,Seizure,69,50,Discharged,No,2025-01-30 22:19:00
EV000528,PAT09515,FAC003,DEP008,2021-10-28 00:16:00,Ambulance,3,Fever,47,84,Discharged,No,2021-10-28 02:27:00
EV000535,PAT13791,FAC004,DEP002,2024-07-23 02:50:00,Walk-in,3,Seizure,45,111,Discharged,No,2024-07-23 05:26:00
EV000537,PAT09490,FAC001,DEP008,2025-09-13 22:24:00,Police/Public,4,Abdominal Pain,38,64,Discharged,No,2025-09-14 00:06:00
EV000540,PAT14017,FAC005,DEP008,2022-07-12 09:40:00,Walk-in,4,Abdominal Pain,84,61,Discharged,No,2022-07-12 12:05:00
EV000545,PAT01954,FAC002,DEP007,2025-11-16 08:53:00,Walk-in,5,Breathing Difficulty,87,41,Transferred,No,2025-11-16 11:01:00
EV000549,PAT08061,FAC002,DEP001,2022-03-25 04:04:00,Walk-in,3,Chest Pain,28,68,Discharged,No,2022-03-25 05:40:00
EV000551,PAT12573,FAC002,DEP001,2023-09-09 23:13:00,Ambulance,4,Chest Pain,39,77,Discharged,No,2023-09-10 01:09:00
EV000552,PAT04392,FAC001,DEP008,2026-01-13 08:50:00,Referral,5,Laceration,105,38,Admitted,Yes,2026-01-13 11:13:00
EV000553,PAT04112,FAC001,DEP008,2022-05-06 06:33:00,Ambulance,4,Chest Pain,40,75,Discharged,No,2022-05-06 08:28:00
EV000555,PAT01627,FAC003,DEP008,2024-02-20 10:32:00,Ambulance,2,Stroke Symptoms,24,161,Admitted,Yes,2024-02-20 13:37:00
EV000558,PAT04924,FAC002,DEP007,2023-10-07 02:13:00,Ambulance,3,Fever,26,68,Discharged,No,2023-10-07 03:47:00
EV000560,PAT10452,FAC004,DEP004,2021-02-26 12:03:00,Walk-in,4,Trauma/Injury,67,77,LWBS,No,2021-02-26 14:27:00
EV000562,PAT09591,FAC004,DEP006,2026-11-12 17:15:00,Walk-in,4,Poisoning,49,40,Discharged,No,2026-11-12 18:44:00
EV000565,PAT00397,FAC004,DEP002,2023-12-15 01:14:00,Walk-in,4,Fever,55,34,Discharged,No,2023-12-15 02:43:00
EV000570,PAT02693,FAC003,DEP008,2025-08-01 15:19:00,Ambulance,4,Breathing Difficulty,84,71,Transferred,No,2025-08-01 17:54:00
EV000572,PAT13905,FAC005,DEP008,2026-11-09 07:26:00,Walk-in,3,Fever,51,96,Discharged,No,2026-11-09 09:53:00
EV000583,PAT08628,FAC001,DEP008,2023-03-14 03:51:00,Ambulance,3,Stroke Symptoms,46,111,Discharged,No,2023-03-14 06:28:00
EV000584,PAT01471,FAC003,DEP008,2026-05-28 14:17:00,Walk-in,4,Allergic Reaction,85,75,Discharged,No,2026-05-28 16:57:00
EV000592,PAT00036,FAC003,DEP008,2025-12-11 10:16:00,Walk-in,3,Breathing Difficulty,52,65,Discharged,No,2025-12-11 12:13:00
EV000609,PAT05101,FAC003,DEP008,2021-12-24 09:25:00,Ambulance,3,Fever,40,54,Discharged,No,2021-12-24 10:59:00
EV000610,PAT14115,FAC004,DEP002,2026-11-10 02:15:00,Walk-in,3,Laceration,32,40,Discharged,No,2026-11-10 03:27:00
EV000612,PAT05026,FAC001,DEP008,2023-11-04 17:27:00,Walk-in,4,Fever,33,63,Discharged,No,2023-11-04 19:03:00
EV000623,PAT08770,FAC005,DEP008,2025-07-30 09:58:00,Ambulance,3,Fever,45,76,Admitted,Yes,2025-07-30 11:59:00
EV000624,PAT13272,FAC003,DEP008,2024-01-20 15:56:00,Walk-in,3,Stroke Symptoms,37,156,Discharged,No,2024-01-20 19:09:00
EV000626,PAT13982,FAC004,DEP004,2024-02-15 09:10:00,Ambulance,3,Poisoning,60,86,Discharged,No,2024-02-15 11:36:00
EV000630,PAT10932,FAC003,DEP008,2026-05-24 13:40:00,Walk-in,5,Breathing Difficulty,93,32,Admitted,Yes,2026-05-24 15:45:00
EV000632,PAT14246,FAC001,DEP008,2026-09-20 00:37:00,Ambulance,5,Allergic Reaction,43,29,Discharged,No,2026-09-20 01:49:00
EV000635,PAT12147,FAC004,DEP007,2022-11-27 05:48:00,Referral,4,Abdominal Pain,56,38,Transferred,No,2022-11-27 07:22:00
EV000648,PAT09897,FAC002,DEP005,2023-04-09 00:30:00,Police/Public,3,Laceration,28,74,Admitted,Yes,2023-04-09 02:12:00
EV000658,PAT07771,FAC004,DEP007,2024-04-30 14:28:00,Walk-in,4,Poisoning,53,41,Discharged,No,2024-04-30 16:02:00
EV000676,PAT05643,FAC005,DEP008,2025-02-11 10:14:00,Walk-in,3,Stroke Symptoms,45,98,Admitted,Yes,2025-02-11 12:37:00
EV000681,PAT12130,FAC005,DEP008,2026-02-19 18:13:00,Ambulance,3,Poisoning,10,59,Discharged,No,2026-02-19 19:22:00
EV000683,PAT02716,FAC002,DEP007,2023-12-04 02:15:00,Walk-in,3,Fracture,44,105,Discharged,No,2023-12-04 04:44:00
EV000685,PAT08818,FAC005,DEP008,2022-03-08 06:17:00,Walk-in,4,Laceration,19,54,Admitted,Yes,2022-03-08 07:30:00
EV000689,PAT01656,FAC005,DEP008,2026-09-23 15:01:00,Referral,5,Chest Pain,90,63,Admitted,Yes,2026-09-23 17:34:00
EV000691,PAT11862,FAC004,DEP004,2025-08-23 11:46:00,Ambulance,4,Trauma/Injury,71,27,Discharged,No,2025-08-23 13:24:00
EV000692,PAT14979,FAC002,DEP006,2025-06-05 22:10:00,Police/Public,3,Allergic Reaction,39,60,Transferred,No,2025-06-05 23:49:00
EV000703,PAT05943,FAC001,DEP008,2025-02-12 06:31:00,Walk-in,5,Fever,117,53,Admitted,Yes,2025-02-12 09:21:00
EV000707,PAT08120,FAC004,DEP005,2023-04-19 20:58:00,Ambulance,1,Abdominal Pain,8,208,LWBS,No,2023-04-20 00:34:00
EV000713,PAT02806,FAC002,DEP005,2024-12-11 07:45:00,Walk-in,3,Allergic Reaction,28,63,Discharged,No,2024-12-11 09:16:00
EV000716,PAT12124,FAC002,DEP001,2023-04-07 23:00:00,Police/Public,5,Allergic Reaction,80,30,Discharged,No,2023-04-08 00:50:00
EV000721,PAT06546,FAC002,DEP002,2021-12-16 14:31:00,Ambulance,3,Chest Pain,30,56,Discharged,No,2021-12-16 15:57:00
EV000726,PAT03214,FAC004,DEP007,2023-03-22 19:22:00,Police/Public,3,Stroke Symptoms,25,62,Discharged,No,2023-03-22 20:49:00
EV000730,PAT09645,FAC002,DEP002,2021-05-02 20:17:00,Walk-in,3,Breathing Difficulty,34,109,LWBS,No,2021-05-02 22:40:00
EV000731,PAT04983,FAC004,DEP005,2023-06-26 15:31:00,Walk-in,4,Stroke Symptoms,48,42,Admitted,Yes,2023-06-26 17:01:00
EV000733,PAT12190,FAC001,DEP008,2021-02-22 21:33:00,Walk-in,3,Seizure,30,110,Admitted,Yes,2021-02-22 23:53:00
EV000734,PAT09870,FAC004,DEP004,2024-01-12 22:14:00,Ambulance,5,Allergic Reaction,24,44,Admitted,Yes,2024-01-12 23:22:00
EV000737,PAT00004,FAC005,DEP008,2026-08-12 20:30:00,Ambulance,4,Laceration,55,69,Admitted,Yes,2026-08-12 22:34:00
EV000742,PAT14199,FAC005,DEP008,2026-08-14 22:03:00,Ambulance,4,Seizure,90,55,Admitted,Yes,2026-08-15 00:28:00
EV000772,PAT13194,FAC004,DEP002,2026-05-08 10:32:00,Referral,4,Breathing Difficulty,63,67,Discharged,No,2026-05-08 12:42:00
EV000776,PAT12114,FAC004,DEP002,2023-07-22 10:49:00,Police/Public,4,Allergic Reaction,22,26,Admitted,Yes,2023-07-22 11:37:00
EV000783,PAT04937,FAC003,DEP008,2021-09-03 05:14:00,Walk-in,5,Seizure,84,39,Admitted,Yes,2021-09-03 07:17:00
EV000785,PAT13793,FAC004,DEP002,2025-08-31 16:42:00,Walk-in,2,Laceration,7,180,Discharged,No,2025-08-31 19:49:00
EV000787,PAT10190,FAC004,DEP007,2026-10-10 06:55:00,Walk-in,2,Laceration,13,106,Discharged,No,2026-10-10 08:54:00
EV000792,PAT02343,FAC001,DEP008,2025-06-28 08:44:00,Ambulance,3,Fever,18,80,Discharged,No,2025-06-28 10:22:00
EV000793,PAT09233,FAC005,DEP008,2021-08-01 06:34:00,Referral,4,Breathing Difficulty,28,52,Discharged,No,2021-08-01 07:54:00
EV000798,PAT12288,FAC003,DEP008,2024-01-08 16:01:00,Walk-in,5,Laceration,116,54,Discharged,No,2024-01-08 18:51:00
EV000801,PAT14683,FAC005,DEP008,2024-04-21 14:23:00,Walk-in,3,Laceration,42,87,Admitted,Yes,2024-04-21 16:32:00
EV000803,PAT12826,FAC005,DEP008,2022-07-30 01:37:00,Ambulance,2,Seizure,6,200,Discharged,No,2022-07-30 05:03:00
EV000810,PAT05445,FAC004,DEP002,2024-09-15 06:35:00,Walk-in,3,Fever,18,79,Discharged,No,2024-09-15 08:12:00
EV000817,PAT04195,FAC002,DEP007,2022-09-21 06:04:00,Police/Public,5,Breathing Difficulty,77,31,Admitted,Yes,2022-09-21 07:52:00
EV000833,PAT01958,FAC002,DEP001,2026-10-13 03:39:00,Walk-in,4,Fracture,62,70,Discharged,No,2026-10-13 05:51:00
EV000844,PAT11074,FAC005,DEP008,2022-06-18 16:15:00,Ambulance,4,Fever,83,66,Discharged,No,2022-06-18 18:44:00
EV000846,PAT02348,FAC002,DEP001,2021-08-20 08:48:00,Walk-in,4,Trauma/Injury,63,64,Discharged,No,2021-08-20 10:55:00
EV000848,PAT03335,FAC002,DEP006,2026-06-19 10:03:00,Walk-in,1,Fracture,7,137,Discharged,No,2026-06-19 12:27:00
EV000858,PAT06905,FAC002,DEP001,2023-05-13 04:10:00,Walk-in,3,Seizure,45,85,Discharged,No,2023-05-13 06:20:00
EV000873,PAT14142,FAC001,DEP008,2023-10-16 00:40:00,Walk-in,4,Trauma/Injury,39,78,Admitted,Yes,2023-10-16 02:37:00
EV000874,PAT06282,FAC002,DEP006,2026-08-15 02:06:00,Ambulance,4,Breathing Difficulty,61,67,Discharged,No,2026-08-15 04:14:00
EV000875,PAT03406,FAC003,DEP008,2024-11-15 01:11:00,Ambulance,3,Breathing Difficulty,42,91,Discharged,No,2024-11-15 03:24:00
EV000879,PAT02345,FAC004,DEP005,2021-08-31 08:01:00,Walk-in,4,Abdominal Pain,64,59,Discharged,No,2021-08-31 10:04:00
EV000882,PAT12259,FAC002,DEP007,2023-09-13 13:37:00,Walk-in,3,Fracture,46,124,Discharged,No,2023-09-13 16:27:00
EV000886,PAT04844,FAC001,DEP008,2021-03-25 20:13:00,Walk-in,2,Stroke Symptoms,12,142,Discharged,No,2021-03-25 22:47:00
EV000888,PAT11994,FAC004,DEP002,2021-04-18 15:24:00,Walk-in,5,Seizure,54,44,Discharged,No,2021-04-18 17:02:00
EV000897,PAT11692,FAC004,DEP001,2021-06-21 10:45:00,Walk-in,5,Fracture,69,53,Admitted,Yes,2021-06-21 12:47:00
EV000905,PAT01044,FAC004,DEP007,2023-10-30 08:40:00,Walk-in,2,Fracture,26,138,Discharged,No,2023-10-30 11:24:00
EV000907,PAT12888,FAC004,DEP006,2026-11-22 15:28:00,Walk-in,4,Fracture,44,71,Discharged,No,2026-11-22 17:23:00
EV000924,PAT08285,FAC005,DEP008,2024-07-29 08:00:00,Ambulance,3,Fever,18,84,Discharged,No,2024-07-29 09:42:00
EV000925,PAT05334,FAC003,DEP008,2023-01-13 03:03:00,Walk-in,3,Allergic Reaction,46,79,Discharged,No,2023-01-13 05:08:00
EV000926,PAT02059,FAC004,DEP002,2026-03-23 20:40:00,Walk-in,3,Poisoning,37,102,Discharged,No,2026-03-23 22:59:00
EV000929,PAT06089,FAC002,DEP002,2022-10-10 05:13:00,Walk-in,3,Laceration,34,73,Discharged,No,2022-10-10 07:00:00
EV000943,PAT05909,FAC004,DEP006,2021-08-13 18:42:00,Referral,2,Trauma/Injury,24,121,Discharged,No,2021-08-13 21:07:00
EV000950,PAT14814,FAC005,DEP008,2024-07-19 11:03:00,Walk-in,3,Allergic Reaction,43,80,Transferred,No,2024-07-19 13:06:00
EV000965,PAT07008,FAC001,DEP008,2023-02-09 18:17:00,Police/Public,4,Seizure,49,49,Discharged,No,2023-02-09 19:55:00
EV000975,PAT02326,FAC002,DEP002,2021-08-22 18:03:00,Ambulance,3,Stroke Symptoms,27,56,Transferred,No,2021-08-22 19:26:00
EV000989,PAT04354,FAC002,DEP007,2023-01-01 11:48:00,Ambulance,4,Allergic Reaction,52,75,Admitted,Yes,2023-01-01 13:55:00
EV001001,PAT02358,FAC004,DEP007,2024-05-29 14:34:00,Ambulance,3,Allergic Reaction,27,105,Discharged,No,2024-05-29 16:46:00
EV001005,PAT01023,FAC004,DEP004,2026-10-16 06:13:00,Walk-in,2,Trauma/Injury,13,172,Discharged,No,2026-10-16 09:18:00
EV001007,PAT02772,FAC004,DEP006,2022-12-22 07:07:00,Ambulance,4,Fracture,55,56,Discharged,No,2022-12-22 08:58:00
EV001015,PAT13827,FAC004,DEP001,2021-04-10 15:32:00,Walk-in,4,Abdominal Pain,51,47,Discharged,No,2021-04-10 17:10:00
EV001016,PAT13754,FAC005,DEP008,2024-11-06 19:07:00,Walk-in,3,Poisoning,27,77,Discharged,No,2024-11-06 20:51:00
EV001017,PAT08582,FAC002,DEP005,2026-01-05 14:14:00,Walk-in,2,Seizure,15,171,Discharged,No,2026-01-05 17:20:00
EV001018,PAT14299,FAC002,DEP006,2026-12-04 21:09:00,Ambulance,5,Breathing Difficulty,51,36,Admitted,Yes,2026-12-04 22:36:00
EV001020,PAT10660,FAC005,DEP008,2025-12-28 10:31:00,Police/Public,2,Trauma/Injury,17,164,Discharged,No,2025-12-28 13:32:00
EV001026,PAT14194,FAC002,DEP005,2021-12-30 23:05:00,Walk-in,4,Chest Pain,56,57,Admitted,Yes,2021-12-31 00:58:00
EV001033,PAT14689,FAC003,DEP008,2026-02-16 02:06:00,Walk-in,4,Abdominal Pain,57,72,Discharged,No,2026-02-16 04:15:00
EV001043,PAT09856,FAC005,DEP008,2025-04-21 11:56:00,Police/Public,3,Laceration,31,164,Discharged,No,2025-04-21 15:11:00
EV001050,PAT03972,FAC001,DEP008,2024-09-18 20:45:00,Walk-in,4,Laceration,72,93,Transferred,No,2024-09-18 23:30:00
EV001051,PAT00064,FAC004,DEP004,2023-11-28 00:29:00,Walk-in,3,Allergic Reaction,38,94,Admitted,Yes,2023-11-28 02:41:00
EV001052,PAT08673,FAC003,DEP008,2025-05-23 22:15:00,Ambulance,4,Trauma/Injury,54,48,Admitted,Yes,2025-05-23 23:57:00
EV001056,PAT04154,FAC004,DEP005,2025-01-30 04:50:00,Walk-in,5,Breathing Difficulty,102,31,Transferred,No,2025-01-30 07:03:00
EV001058,PAT14712,FAC001,DEP008,2025-10-14 22:29:00,Walk-in,2,Chest Pain,16,135,Discharged,No,2025-10-15 01:00:00
EV001059,PAT04707,FAC003,DEP008,2026-11-27 13:10:00,Walk-in,5,Laceration,60,44,Discharged,No,2026-11-27 14:54:00
EV001060,PAT06178,FAC004,DEP007,2023-08-08 06:30:00,Walk-in,4,Breathing Difficulty,38,28,Discharged,No,2023-08-08 07:36:00
EV001063,PAT02665,FAC001,DEP008,2025-07-04 23:10:00,Walk-in,3,Fever,31,90,Admitted,Yes,2025-07-05 01:11:00
EV001066,PAT13619,FAC004,DEP007,2026-10-24 18:57:00,Walk-in,4,Allergic Reaction,59,32,Discharged,No,2026-10-24 20:28:00
EV001070,PAT05675,FAC003,DEP008,2023-12-30 02:36:00,Referral,3,Fracture,34,104,Discharged,No,2023-12-30 04:54:00
EV001073,PAT01881,FAC001,DEP008,2024-02-21 10:19:00,Ambulance,4,Allergic Reaction,53,39,Discharged,No,2024-02-21 11:51:00
EV001083,PAT09913,FAC005,DEP008,2023-03-16 23:27:00,Police/Public,4,Trauma/Injury,50,35,Discharged,No,2023-03-17 00:52:00
EV001089,PAT06108,FAC004,DEP002,2025-01-02 12:56:00,Walk-in,4,Breathing Difficulty,46,69,Discharged,No,2025-01-02 14:51:00
EV001100,PAT14699,FAC003,DEP008,2025-05-08 06:01:00,Ambulance,5,Fracture,87,50,Admitted,Yes,2025-05-08 08:18:00
EV001103,PAT05555,FAC005,DEP008,2026-06-02 11:08:00,Walk-in,2,Fracture,10,92,Discharged,No,2026-06-02 12:50:00
EV001115,PAT11573,FAC004,DEP007,2021-05-27 17:56:00,Ambulance,4,Stroke Symptoms,53,31,Discharged,No,2021-05-27 19:20:00
EV001117,PAT03483,FAC005,DEP008,2021-01-15 17:17:00,Walk-in,4,Fracture,43,55,Discharged,No,2021-01-15 18:55:00
EV001121,PAT02617,FAC004,DEP004,2024-08-19 17:35:00,Walk-in,4,Seizure,67,67,Discharged,No,2024-08-19 19:49:00
EV001132,PAT03108,FAC001,DEP008,2024-12-11 07:18:00,Walk-in,3,Seizure,39,73,Discharged,No,2024-12-11 09:10:00
EV001138,PAT07043,FAC004,DEP006,2026-03-12 00:43:00,Walk-in,3,Poisoning,11,71,Discharged,No,2026-03-12 02:05:00
EV001142,PAT01489,FAC005,DEP008,2026-12-10 23:53:00,Referral,5,Laceration,134,24,Transferred,No,2026-12-11 02:31:00
EV001146,PAT14610,FAC002,DEP005,2023-04-07 23:26:00,Ambulance,2,Laceration,20,163,Admitted,Yes,2023-04-08 02:29:00
EV001147,PAT08635,FAC002,DEP001,2026-03-01 11:37:00,Walk-in,4,Fracture,53,47,Discharged,No,2026-03-01 13:17:00
EV001148,PAT12754,FAC004,DEP001,2022-08-29 01:55:00,Walk-in,5,Fracture,74,23,Discharged,No,2022-08-29 03:32:00
EV001151,PAT14520,FAC005,DEP008,2026-11-26 13:35:00,Ambulance,3,Trauma/Injury,26,131,Discharged,No,2026-11-26 16:12:00
EV001152,PAT13414,FAC003,DEP008,2025-11-02 03:40:00,Walk-in,3,Poisoning,20,83,Discharged,No,2025-11-02 05:23:00
EV001167,PAT03155,FAC004,DEP006,2022-05-03 03:00:00,Walk-in,3,Fracture,47,115,Discharged,No,2022-05-03 05:42:00
EV001172,PAT08884,FAC005,DEP008,2021-10-24 10:34:00,Walk-in,4,Chest Pain,41,44,LWBS,No,2021-10-24 11:59:00
EV001176,PAT07086,FAC005,DEP008,2024-04-10 11:35:00,Referral,4,Fever,35,55,Discharged,No,2024-04-10 13:05:00
EV001177,PAT01298,FAC004,DEP005,2022-07-25 04:36:00,Walk-in,3,Fever,15,130,Discharged,No,2022-07-25 07:01:00
EV001180,PAT07895,FAC003,DEP008,2023-01-07 13:57:00,Walk-in,5,Seizure,110,33,Discharged,No,2023-01-07 16:20:00
EV001181,PAT03515,FAC003,DEP008,2024-09-04 16:41:00,Police/Public,1,Chest Pain,3,172,Discharged,No,2024-09-04 19:36:00
EV001182,PAT07629,FAC004,DEP002,2023-08-14 06:27:00,Walk-in,3,Trauma/Injury,37,96,Discharged,No,2023-08-14 08:40:00
EV001188,PAT12114,FAC003,DEP008,2025-08-31 18:28:00,Walk-in,3,Chest Pain,31,84,Discharged,No,2025-08-31 20:23:00
EV001190,PAT09988,FAC004,DEP005,2026-04-14 23:39:00,Walk-in,3,Breathing Difficulty,28,86,Admitted,Yes,2026-04-15 01:33:00
EV001197,PAT00903,FAC002,DEP006,2021-04-10 11:44:00,Ambulance,3,Poisoning,35,69,Discharged,No,2021-04-10 13:28:00
EV001201,PAT06714,FAC003,DEP008,2026-11-10 04:03:00,Referral,4,Poisoning,45,63,Discharged,No,2026-11-10 05:51:00
EV001205,PAT13394,FAC003,DEP008,2025-05-09 04:19:00,Ambulance,4,Poisoning,41,56,Admitted,Yes,2025-05-09 05:56:00
EV001209,PAT12980,FAC003,DEP008,2022-06-10 03:10:00,Ambulance,4,Laceration,74,49,Transferred,No,2022-06-10 05:13:00
EV001210,PAT11815,FAC001,DEP008,2023-11-19 17:28:00,Police/Public,2,Allergic Reaction,14,91,Discharged,No,2023-11-19 19:13:00
EV001211,PAT02059,FAC004,DEP006,2026-08-31 01:18:00,Walk-in,3,Abdominal Pain,25,111,Discharged,No,2026-08-31 03:34:00
EV001212,PAT04790,FAC002,DEP005,2023-05-25 18:48:00,Ambulance,2,Laceration,22,92,Admitted,Yes,2023-05-25 20:42:00
EV001213,PAT11439,FAC002,DEP007,2023-12-26 16:29:00,Referral,2,Fever,22,159,Discharged,No,2023-12-26 19:30:00
EV001214,PAT07912,FAC003,DEP008,2026-07-27 19:22:00,Ambulance,5,Seizure,117,44,Discharged,No,2026-07-27 22:03:00
EV001217,PAT03612,FAC003,DEP008,2026-12-06 19:03:00,Walk-in,2,Allergic Reaction,9,142,Discharged,No,2026-12-06 21:34:00
EV001221,PAT00873,FAC002,DEP002,2022-08-09 20:11:00,Ambulance,1,Trauma/Injury,4,119,Transferred,No,2022-08-09 22:14:00
EV001232,PAT14869,FAC004,DEP007,2025-08-08 13:59:00,Walk-in,3,Seizure,45,104,Transferred,No,2025-08-08 16:28:00
EV001233,PAT07145,FAC002,DEP007,2025-09-18 17:56:00,Ambulance,4,Seizure,49,59,Discharged,No,2025-09-18 19:44:00
EV001246,PAT07320,FAC003,DEP008,2024-05-19 18:41:00,Ambulance,3,Allergic Reaction,55,65,Admitted,Yes,2024-05-19 20:41:00
EV001275,PAT04316,FAC004,DEP001,2025-12-05 17:56:00,Walk-in,3,Stroke Symptoms,44,58,Admitted,Yes,2025-12-05 19:38:00
EV001278,PAT01027,FAC005,DEP008,2022-04-17 06:45:00,Ambulance,3,Fracture,36,103,Discharged,No,2022-04-17 09:04:00
EV001279,PAT04302,FAC002,DEP006,2025-01-23 05:05:00,Walk-in,3,Allergic Reaction,46,55,Discharged,No,2025-01-23 06:46:00
EV001282,PAT08370,FAC004,DEP001,2026-08-15 19:25:00,Walk-in,4,Abdominal Pain,39,45,Discharged,No,2026-08-15 20:49:00
EV001288,PAT08301,FAC004,DEP001,2024-03-26 04:28:00,Police/Public,3,Seizure,33,126,Discharged,No,2024-03-26 07:07:00
EV001291,PAT13239,FAC003,DEP008,2024-01-11 22:06:00,Police/Public,4,Seizure,51,36,Discharged,No,2024-01-11 23:33:00
EV001296,PAT07938,FAC001,DEP008,2026-02-20 18:40:00,Walk-in,4,Poisoning,51,67,Discharged,No,2026-02-20 20:38:00
EV001299,PAT00469,FAC004,DEP004,2024-02-11 09:03:00,Referral,3,Laceration,44,108,Admitted,Yes,2024-02-11 11:35:00
EV001303,PAT06907,FAC005,DEP008,2024-07-03 19:14:00,Ambulance,4,Fever,68,57,Discharged,No,2024-07-03 21:19:00
EV001304,PAT10377,FAC004,DEP001,2026-11-02 16:57:00,Walk-in,4,Trauma/Injury,29,46,Discharged,No,2026-11-02 18:12:00
EV001317,PAT11934,FAC002,DEP007,2025-04-08 21:10:00,Walk-in,5,Abdominal Pain,72,42,Discharged,No,2025-04-08 23:04:00
EV001321,PAT04975,FAC003,DEP008,2022-08-07 21:33:00,Referral,3,Stroke Symptoms,18,75,Discharged,No,2022-08-07 23:06:00
EV001322,PAT14498,FAC003,DEP008,2022-02-01 20:39:00,Walk-in,5,Abdominal Pain,74,38,Discharged,No,2022-02-01 22:31:00
EV001331,PAT08072,FAC002,DEP005,2025-02-16 10:44:00,Ambulance,4,Laceration,19,78,Admitted,Yes,2025-02-16 12:21:00
EV001336,PAT03060,FAC003,DEP008,2025-02-25 07:43:00,Walk-in,2,Breathing Difficulty,17,84,Discharged,No,2025-02-25 09:24:00
EV001344,PAT00733,FAC005,DEP008,2025-07-04 01:49:00,Ambulance,5,Stroke Symptoms,38,29,Discharged,No,2025-07-04 02:56:00
EV001345,PAT03117,FAC001,DEP008,2021-01-24 20:47:00,Ambulance,4,Poisoning,51,64,Admitted,Yes,2021-01-24 22:42:00
EV001346,PAT14643,FAC005,DEP008,2025-03-15 13:38:00,Walk-in,4,Laceration,42,45,Discharged,No,2025-03-15 15:05:00
EV001350,PAT05684,FAC003,DEP008,2025-03-04 18:45:00,Walk-in,5,Fever,122,36,Discharged,No,2025-03-04 21:23:00
EV001353,PAT09346,FAC003,DEP008,2021-11-26 09:17:00,Ambulance,3,Trauma/Injury,34,112,Admitted,Yes,2021-11-26 11:43:00
EV001355,PAT10006,FAC001,DEP008,2026-02-21 05:25:00,Referral,3,Fracture,40,100,Transferred,No,2026-02-21 07:45:00
EV001359,PAT01770,FAC005,DEP008,2026-11-09 02:55:00,Walk-in,4,Stroke Symptoms,41,51,Discharged,No,2026-11-09 04:27:00
EV001369,PAT13240,FAC005,DEP008,2023-02-20 21:49:00,Walk-in,3,Laceration,23,84,Transferred,No,2023-02-20 23:36:00
EV001377,PAT14354,FAC001,DEP008,2026-10-16 14:56:00,Walk-in,2,Seizure,17,181,Discharged,No,2026-10-16 18:14:00
EV001379,PAT03679,FAC003,DEP008,2026-02-12 19:51:00,Walk-in,2,Allergic Reaction,18,170,Discharged,No,2026-02-12 22:59:00
EV001385,PAT14527,FAC001,DEP008,2022-10-29 15:08:00,Walk-in,4,Fracture,62,67,Discharged,No,2022-10-29 17:17:00
EV001395,PAT06792,FAC001,DEP008,2024-01-23 22:36:00,Walk-in,4,Poisoning,48,55,Discharged,No,2024-01-24 00:19:00
EV001397,PAT14802,FAC004,DEP004,2024-01-12 13:14:00,Police/Public,4,Allergic Reaction,52,65,Admitted,Yes,2024-01-12 15:11:00
EV001401,PAT03659,FAC001,DEP008,2021-07-23 08:08:00,Walk-in,3,Breathing Difficulty,47,65,Discharged,No,2021-07-23 10:00:00
EV001406,PAT04985,FAC004,DEP001,2024-08-17 16:09:00,Ambulance,3,Trauma/Injury,26,84,Discharged,No,2024-08-17 17:59:00
EV001415,PAT06707,FAC004,DEP007,2023-03-27 06:07:00,Ambulance,4,Laceration,62,55,Admitted,Yes,2023-03-27 08:04:00
EV001416,PAT08607,FAC004,DEP001,2021-12-31 22:04:00,Ambulance,1,Breathing Difficulty,5,279,Discharged,No,2022-01-01 02:48:00
EV001420,PAT08300,FAC002,DEP001,2024-07-07 20:41:00,Referral,3,Seizure,17,89,Discharged,No,2024-07-07 22:27:00
EV001423,PAT05479,FAC002,DEP001,2024-04-02 22:48:00,Ambulance,2,Allergic Reaction,18,116,Transferred,No,2024-04-03 01:02:00
EV001431,PAT07086,FAC005,DEP008,2026-05-22 14:12:00,Referral,3,Chest Pain,22,74,Transferred,No,2026-05-22 15:48:00
EV001435,PAT10408,FAC002,DEP007,2026-07-15 19:12:00,Ambulance,3,Abdominal Pain,28,109,Admitted,Yes,2026-07-15 21:29:00
EV001443,PAT01702,FAC005,DEP008,2024-09-09 00:54:00,Walk-in,4,Chest Pain,57,43,Discharged,No,2024-09-09 02:34:00
EV001445,PAT01044,FAC001,DEP008,2024-08-22 22:48:00,Walk-in,3,Breathing Difficulty,32,132,Admitted,Yes,2024-08-23 01:32:00
EV001447,PAT05377,FAC001,DEP008,2022-07-26 17:09:00,Police/Public,3,Fracture,50,98,Discharged,No,2022-07-26 19:37:00
EV001448,PAT09539,FAC002,DEP001,2026-10-14 14:53:00,Walk-in,3,Fracture,39,57,Transferred,No,2026-10-14 16:29:00
EV001452,PAT05305,FAC004,DEP007,2023-10-29 15:47:00,Walk-in,3,Abdominal Pain,31,95,Admitted,Yes,2023-10-29 17:53:00
EV001461,PAT07912,FAC005,DEP008,2024-10-20 14:59:00,Walk-in,3,Laceration,39,111,Discharged,No,2024-10-20 17:29:00
EV001462,PAT13510,FAC004,DEP004,2026-12-09 00:52:00,Walk-in,2,Abdominal Pain,11,84,Discharged,No,2026-12-09 02:27:00
EV001470,PAT03450,FAC004,DEP005,2025-05-01 20:10:00,Walk-in,5,Fever,79,45,LWBS,No,2025-05-01 22:14:00
EV001480,PAT09902,FAC004,DEP004,2025-04-03 03:29:00,Walk-in,4,Allergic Reaction,41,50,LWBS,No,2025-04-03 05:00:00
EV001488,PAT11674,FAC003,DEP008,2022-11-13 03:52:00,Ambulance,4,Stroke Symptoms,93,68,Transferred,No,2022-11-13 06:33:00
EV001490,PAT11656,FAC004,DEP007,2024-08-01 03:38:00,Walk-in,2,Seizure,10,116,Discharged,No,2024-08-01 05:44:00
EV001492,PAT05624,FAC005,DEP008,2023-02-20 10:24:00,Walk-in,3,Breathing Difficulty,40,105,Discharged,No,2023-02-20 12:49:00
EV001493,PAT12130,FAC003,DEP008,2024-07-25 12:55:00,Walk-in,3,Laceration,38,101,Discharged,No,2024-07-25 15:14:00
EV001501,PAT03261,FAC002,DEP006,2025-06-22 05:13:00,Referral,3,Laceration,12,85,Transferred,No,2025-06-22 06:50:00
EV001503,PAT04343,FAC003,DEP008,2026-03-21 13:57:00,Walk-in,4,Laceration,57,66,Transferred,No,2026-03-21 16:00:00
EV001506,PAT08100,FAC005,DEP008,2024-08-17 14:58:00,Walk-in,3,Poisoning,49,113,Discharged,No,2024-08-17 17:40:00
EV001509,PAT06505,FAC001,DEP008,2026-07-08 12:05:00,Walk-in,3,Chest Pain,37,74,Discharged,No,2026-07-08 13:56:00
EV001520,PAT07230,FAC001,DEP008,2026-01-28 06:00:00,Walk-in,4,Fracture,43,52,Discharged,No,2026-01-28 07:35:00
EV001522,PAT00182,FAC002,DEP001,2022-11-30 14:10:00,Referral,3,Poisoning,40,86,Transferred,No,2022-11-30 16:16:00
EV001524,PAT12532,FAC001,DEP008,2023-10-21 01:27:00,Referral,4,Fever,52,56,Discharged,No,2023-10-21 03:15:00
EV001526,PAT11276,FAC004,DEP004,2022-09-11 09:44:00,Walk-in,3,Laceration,40,81,Discharged,No,2022-09-11 11:45:00
EV001531,PAT08049,FAC003,DEP008,2021-05-09 20:41:00,Police/Public,5,Trauma/Injury,82,39,Admitted,Yes,2021-05-09 22:42:00
EV001532,PAT09750,FAC004,DEP005,2024-09-08 07:40:00,Walk-in,4,Allergic Reaction,45,36,Discharged,No,2024-09-08 09:01:00
EV001534,PAT13107,FAC005,DEP008,2022-05-29 11:16:00,Walk-in,5,Seizure,43,31,Discharged,No,2022-05-29 12:30:00
EV001538,PAT04337,FAC005,DEP008,2025-10-25 05:16:00,Walk-in,3,Abdominal Pain,52,48,Admitted,Yes,2025-10-25 06:56:00
EV001541,PAT06344,FAC002,DEP002,2023-12-29 06:47:00,Police/Public,5,Breathing Difficulty,52,64,Discharged,No,2023-12-29 08:43:00
EV001546,PAT09738,FAC001,DEP008,2025-10-25 11:06:00,Walk-in,3,Stroke Symptoms,31,95,Discharged,No,2025-10-25 13:12:00
EV001553,PAT01535,FAC002,DEP007,2024-11-13 06:48:00,Walk-in,2,Fracture,18,145,Transferred,No,2024-11-13 09:31:00
EV001564,PAT14942,FAC005,DEP008,2021-04-18 11:35:00,Police/Public,5,Allergic Reaction,62,50,Admitted,Yes,2021-04-18 13:27:00
EV001567,PAT08181,FAC003,DEP008,2024-04-30 21:51:00,Ambulance,4,Seizure,66,76,Admitted,Yes,2024-05-01 00:13:00
EV001570,PAT03670,FAC003,DEP008,2023-11-01 09:11:00,Walk-in,4,Allergic Reaction,53,47,Discharged,No,2023-11-01 10:51:00
EV001572,PAT11750,FAC003,DEP008,2025-08-27 05:06:00,Walk-in,3,Seizure,40,59,Discharged,No,2025-08-27 06:45:00
EV001578,PAT12307,FAC003,DEP008,2021-12-09 22:39:00,Walk-in,3,Trauma/Injury,46,120,Discharged,No,2021-12-10 01:25:00
EV001595,PAT12437,FAC004,DEP007,2026-03-21 16:43:00,Ambulance,4,Breathing Difficulty,71,44,Discharged,No,2026-03-21 18:38:00
EV001608,PAT06148,FAC004,DEP004,2021-10-07 08:53:00,Referral,4,Fever,60,63,Admitted,Yes,2021-10-07 10:56:00
EV001613,PAT00519,FAC002,DEP002,2025-08-28 01:28:00,Walk-in,3,Laceration,19,128,Discharged,No,2025-08-28 03:55:00
EV001625,PAT07822,FAC002,DEP001,2025-12-10 21:16:00,Ambulance,3,Trauma/Injury,32,107,LWBS,No,2025-12-10 23:35:00
EV001634,PAT07104,FAC001,DEP008,2024-09-15 06:51:00,Walk-in,4,Fracture,44,64,Discharged,No,2024-09-15 08:39:00
EV001642,PAT04668,FAC003,DEP008,2023-04-05 08:33:00,Walk-in,4,Poisoning,38,60,Discharged,No,2023-04-05 10:11:00
EV001643,PAT02993,FAC002,DEP006,2025-05-06 13:59:00,Ambulance,4,Poisoning,47,41,Discharged,No,2025-05-06 15:27:00
EV001644,PAT09485,FAC001,DEP008,2024-10-21 17:29:00,Walk-in,5,Fever,95,15,Discharged,No,2024-10-21 19:19:00
EV001648,PAT03834,FAC002,DEP007,2023-05-27 09:02:00,Police/Public,3,Laceration,30,111,Discharged,No,2023-05-27 11:23:00
EV001657,PAT13200,FAC001,DEP008,2026-04-02 20:05:00,Walk-in,3,Stroke Symptoms,44,83,Discharged,No,2026-04-02 22:12:00
EV001659,PAT07529,FAC003,DEP008,2021-07-31 08:01:00,Ambulance,4,Poisoning,45,65,Discharged,No,2021-07-31 09:51:00
EV001665,PAT03315,FAC003,DEP008,2021-11-02 13:24:00,Walk-in,3,Abdominal Pain,36,132,LWBS,No,2021-11-02 16:12:00
EV001667,PAT05933,FAC002,DEP007,2026-08-11 02:29:00,Ambulance,4,Trauma/Injury,24,55,Discharged,No,2026-08-11 03:48:00
EV001670,PAT10376,FAC004,DEP006,2025-08-20 00:51:00,Walk-in,3,Seizure,19,122,LWBS,No,2025-08-20 03:12:00
EV001671,PAT13138,FAC002,DEP001,2024-12-17 20:43:00,Walk-in,3,Laceration,50,78,Discharged,No,2024-12-17 22:51:00
EV001672,PAT11497,FAC003,DEP008,2024-10-13 17:16:00,Walk-in,4,Poisoning,59,83,Discharged,No,2024-10-13 19:38:00
EV001673,PAT11497,FAC004,DEP006,2022-01-23 16:00:00,Police/Public,2,Abdominal Pain,9,165,Admitted,Yes,2022-01-23 18:54:00
EV001675,PAT07551,FAC004,DEP006,2023-11-09 15:47:00,Walk-in,5,Fever,67,51,Discharged,No,2023-11-09 17:45:00
EV001676,PAT03493,FAC004,DEP005,2023-01-17 11:46:00,Walk-in,4,Breathing Difficulty,41,57,Discharged,No,2023-01-17 13:24:00
EV001677,PAT06787,FAC005,DEP008,2021-06-20 19:06:00,Walk-in,4,Abdominal Pain,26,51,Discharged,No,2021-06-20 20:23:00
EV001680,PAT14005,FAC002,DEP007,2024-10-01 07:33:00,Walk-in,4,Chest Pain,53,41,Discharged,No,2024-10-01 09:07:00
EV001681,PAT09391,FAC002,DEP005,2026-12-16 13:39:00,Walk-in,3,Breathing Difficulty,37,89,Admitted,Yes,2026-12-16 15:45:00
EV001682,PAT09560,FAC002,DEP002,2024-01-31 20:33:00,Referral,3,Chest Pain,51,93,Admitted,Yes,2024-01-31 22:57:00
EV001683,PAT14316,FAC002,DEP002,2024-06-04 14:49:00,Ambulance,3,Abdominal Pain,34,101,Discharged,No,2024-06-04 17:04:00
EV001686,PAT02215,FAC002,DEP001,2024-06-13 23:59:00,Walk-in,3,Fracture,24,105,Discharged,No,2024-06-14 02:08:00
EV001691,PAT01513,FAC002,DEP005,2021-11-03 02:46:00,Walk-in,3,Stroke Symptoms,36,96,Discharged,No,2021-11-03 04:58:00
EV001694,PAT05465,FAC004,DEP002,2023-12-22 13:40:00,Walk-in,3,Trauma/Injury,39,96,Transferred,No,2023-12-22 15:55:00
EV001695,PAT10328,FAC001,DEP008,2024-08-28 17:19:00,Walk-in,4,Abdominal Pain,39,38,Discharged,No,2024-08-28 18:36:00
EV001703,PAT10586,FAC002,DEP006,2025-10-06 07:19:00,Walk-in,5,Fracture,87,43,Admitted,Yes,2025-10-06 09:29:00
EV001706,PAT11098,FAC003,DEP008,2025-02-16 01:31:00,Referral,4,Stroke Symptoms,38,53,Discharged,No,2025-02-16 03:02:00
EV001710,PAT05643,FAC005,DEP008,2026-07-03 11:06:00,Referral,2,Stroke Symptoms,18,136,Discharged,No,2026-07-03 13:40:00
EV001714,PAT02555,FAC005,DEP008,2024-09-04 21:06:00,Walk-in,4,Fracture,48,62,LWBS,No,2024-09-04 22:56:00
EV001724,PAT02100,FAC004,DEP005,2024-10-24 17:53:00,Ambulance,5,Breathing Difficulty,65,39,Discharged,No,2024-10-24 19:37:00
EV001725,PAT09442,FAC004,DEP001,2025-07-05 23:31:00,Referral,4,Trauma/Injury,75,69,Discharged,No,2025-07-06 01:55:00
EV001729,PAT11468,FAC004,DEP007,2024-10-02 10:55:00,Ambulance,3,Laceration,44,106,Admitted,Yes,2024-10-02 13:25:00
EV001732,PAT06827,FAC002,DEP007,2026-05-05 15:24:00,Ambulance,3,Abdominal Pain,49,51,Discharged,No,2026-05-05 17:04:00
EV001737,PAT01476,FAC005,DEP008,2022-03-04 00:24:00,Referral,5,Fracture,88,41,Discharged,No,2022-03-04 02:33:00
EV001743,PAT03430,FAC004,DEP001,2025-04-22 15:19:00,Walk-in,2,Allergic Reaction,14,74,Admitted,Yes,2025-04-22 16:47:00
EV001746,PAT14005,FAC005,DEP008,2025-12-01 10:42:00,Ambulance,4,Chest Pain,63,39,Discharged,No,2025-12-01 12:24:00
EV001751,PAT08373,FAC004,DEP002,2022-03-20 10:33:00,Walk-in,3,Stroke Symptoms,48,51,Admitted,Yes,2022-03-20 12:12:00
EV001752,PAT13886,FAC003,DEP008,2023-12-27 23:11:00,Referral,2,Trauma/Injury,23,115,Discharged,No,2023-12-28 01:29:00
EV001754,PAT01255,FAC004,DEP002,2021-12-05 13:50:00,Referral,4,Chest Pain,56,65,LWBS,No,2021-12-05 15:51:00
EV001762,PAT00395,FAC003,DEP008,2026-11-30 04:14:00,Walk-in,3,Seizure,26,62,Discharged,No,2026-11-30 05:42:00
EV001771,PAT11545,FAC005,DEP008,2021-07-25 18:12:00,Ambulance,4,Laceration,38,43,Transferred,No,2021-07-25 19:33:00
EV001774,PAT05099,FAC005,DEP008,2024-05-08 21:36:00,Walk-in,4,Allergic Reaction,67,65,Discharged,No,2024-05-08 23:48:00
EV001776,PAT06960,FAC005,DEP008,2026-06-25 17:29:00,Police/Public,4,Laceration,65,100,Discharged,No,2026-06-25 20:14:00
EV001785,PAT02343,FAC004,DEP005,2022-08-31 22:32:00,Ambulance,3,Fever,52,75,Admitted,Yes,2022-09-01 00:39:00
EV001788,PAT05024,FAC004,DEP001,2025-03-27 04:58:00,Walk-in,3,Fever,35,94,Admitted,Yes,2025-03-27 07:07:00
EV001800,PAT09988,FAC005,DEP008,2024-10-14 04:03:00,Walk-in,3,Abdominal Pain,39,85,Discharged,No,2024-10-14 06:07:00
EV001815,PAT01122,FAC003,DEP008,2023-01-25 22:58:00,Ambulance,4,Chest Pain,42,93,Discharged,No,2023-01-26 01:13:00
EV001818,PAT07582,FAC002,DEP005,2024-10-12 10:23:00,Walk-in,3,Stroke Symptoms,32,73,Discharged,No,2024-10-12 12:08:00
EV001824,PAT14529,FAC004,DEP001,2025-07-26 08:14:00,Walk-in,3,Chest Pain,37,119,Discharged,No,2025-07-26 10:50:00
EV001829,PAT08452,FAC002,DEP006,2026-10-02 15:37:00,Walk-in,3,Stroke Symptoms,30,67,Discharged,No,2026-10-02 17:14:00
EV001831,PAT04014,FAC002,DEP002,2021-03-15 09:28:00,Walk-in,5,Chest Pain,39,32,Discharged,No,2021-03-15 10:39:00
EV001843,PAT00466,FAC005,DEP008,2022-10-02 22:17:00,Walk-in,4,Fracture,59,37,Deceased,No,2022-10-02 23:53:00
EV001850,PAT12645,FAC005,DEP008,2025-09-06 00:30:00,Ambulance,2,Laceration,18,165,Admitted,Yes,2025-09-06 03:33:00
EV001851,PAT05810,FAC001,DEP008,2023-03-19 23:50:00,Walk-in,2,Seizure,13,116,Admitted,Yes,2023-03-20 01:59:00
EV001860,PAT03211,FAC004,DEP007,2025-10-19 10:14:00,Walk-in,3,Laceration,37,102,Discharged,No,2025-10-19 12:33:00
EV001866,PAT12999,FAC004,DEP005,2022-10-11 10:33:00,Walk-in,3,Fever,38,92,Discharged,No,2022-10-11 12:43:00
EV001872,PAT01656,FAC001,DEP008,2023-06-27 22:13:00,Walk-in,5,Laceration,140,36,Admitted,Yes,2023-06-28 01:09:00
EV001878,PAT06602,FAC005,DEP008,2021-04-05 12:49:00,Walk-in,3,Fever,40,121,Discharged,No,2021-04-05 15:30:00
EV001883,PAT06082,FAC004,DEP006,2022-09-15 07:37:00,Walk-in,4,Seizure,59,67,Discharged,No,2022-09-15 09:43:00
EV001884,PAT14855,FAC003,DEP008,2023-01-25 23:06:00,Walk-in,4,Breathing Difficulty,75,69,Admitted,Yes,2023-01-26 01:30:00
EV001890,PAT07573,FAC005,DEP008,2022-04-10 17:43:00,Walk-in,3,Breathing Difficulty,27,74,Discharged,No,2022-04-10 19:24:00
EV001894,PAT03446,FAC001,DEP008,2026-06-06 07:54:00,Walk-in,4,Seizure,34,56,Admitted,Yes,2026-06-06 09:24:00
EV001896,PAT06561,FAC004,DEP005,2026-10-18 07:04:00,Ambulance,2,Chest Pain,19,105,Discharged,No,2026-10-18 09:08:00
EV001900,PAT05768,FAC002,DEP007,2024-12-23 12:25:00,Walk-in,4,Fracture,43,41,Transferred,No,2024-12-23 13:49:00
EV001903,PAT03781,FAC003,DEP008,2022-11-05 03:29:00,Referral,1,Fracture,4,175,Admitted,Yes,2022-11-05 06:28:00
EV001909,PAT11357,FAC004,DEP006,2025-02-08 12:55:00,Walk-in,4,Seizure,51,60,Admitted,Yes,2025-02-08 14:46:00
EV001910,PAT08170,FAC002,DEP001,2021-08-24 23:06:00,Police/Public,5,Seizure,52,32,Transferred,No,2021-08-25 00:30:00
EV001917,PAT14230,FAC003,DEP008,2023-01-25 14:06:00,Ambulance,3,Allergic Reaction,37,75,Admitted,Yes,2023-01-25 15:58:00
EV001920,PAT03693,FAC002,DEP005,2022-09-28 03:28:00,Walk-in,3,Abdominal Pain,47,99,Admitted,Yes,2022-09-28 05:54:00
EV001930,PAT09682,FAC001,DEP008,2026-01-04 16:24:00,Ambulance,4,Abdominal Pain,82,34,Discharged,No,2026-01-04 18:20:00
EV001931,PAT09965,FAC001,DEP008,2021-02-08 13:40:00,Walk-in,3,Trauma/Injury,37,73,Discharged,No,2021-02-08 15:30:00
EV001932,PAT11697,FAC001,DEP008,2022-02-10 07:52:00,Walk-in,4,Chest Pain,32,37,Admitted,Yes,2022-02-10 09:01:00
EV001933,PAT11728,FAC002,DEP006,2026-02-04 02:49:00,Walk-in,5,Trauma/Injury,102,44,Discharged,No,2026-02-04 05:15:00
EV001941,PAT03612,FAC004,DEP001,2025-08-31 04:25:00,Referral,2,Chest Pain,10,154,Discharged,No,2025-08-31 07:09:00
EV001964,PAT01666,FAC002,DEP002,2025-12-23 15:45:00,Police/Public,2,Laceration,14,170,Discharged,No,2025-12-23 18:49:00
EV001968,PAT09262,FAC004,DEP004,2021-05-08 23:39:00,Walk-in,4,Fever,6,76,Admitted,Yes,2021-05-09 01:01:00
EV001975,PAT05904,FAC002,DEP006,2026-01-23 04:24:00,Walk-in,3,Poisoning,28,81,LWBS,No,2026-01-23 06:13:00
EV001979,PAT07448,FAC002,DEP005,2024-01-08 13:51:00,Referral,2,Fracture,15,65,Discharged,No,2024-01-08 15:11:00
EV001981,PAT13325,FAC005,DEP008,2025-12-12 00:59:00,Walk-in,5,Abdominal Pain,59,37,Discharged,No,2025-12-12 02:35:00
EV001996,PAT10660,FAC003,DEP008,2026-08-30 21:20:00,Police/Public,3,Chest Pain,50,90,Discharged,No,2026-08-30 23:40:00
EV002003,PAT12873,FAC004,DEP007,2026-06-18 09:21:00,Ambulance,4,Laceration,81,65,Discharged,No,2026-06-18 11:47:00
EV002009,PAT11844,FAC002,DEP005,2021-07-27 00:07:00,Walk-in,3,Fever,30,140,Admitted,Yes,2021-07-27 02:57:00
EV002025,PAT03252,FAC001,DEP008,2026-12-03 00:06:00,Ambulance,5,Poisoning,109,52,Discharged,No,2026-12-03 02:47:00
EV002028,PAT14135,FAC003,DEP008,2026-07-01 21:23:00,Walk-in,3,Trauma/Injury,47,80,Discharged,No,2026-07-01 23:30:00
EV002033,PAT06992,FAC003,DEP008,2026-06-10 17:40:00,Walk-in,4,Trauma/Injury,32,70,Discharged,No,2026-06-10 19:22:00
EV002036,PAT14335,FAC005,DEP008,2025-07-04 14:34:00,Walk-in,3,Allergic Reaction,42,97,Admitted,Yes,2025-07-04 16:53:00
EV002037,PAT13827,FAC003,DEP008,2023-05-03 08:35:00,Walk-in,5,Poisoning,74,27,Discharged,No,2023-05-03 10:16:00
EV002038,PAT02268,FAC001,DEP008,2024-12-22 03:30:00,Walk-in,5,Abdominal Pain,84,37,Admitted,Yes,2024-12-22 05:31:00
EV002045,PAT07991,FAC001,DEP008,2022-02-23 09:47:00,Walk-in,5,Breathing Difficulty,115,23,LWBS,No,2022-02-23 12:05:00
EV002046,PAT05528,FAC004,DEP001,2025-05-05 12:39:00,Walk-in,3,Laceration,45,111,LWBS,No,2025-05-05 15:15:00
EV002047,PAT10674,FAC005,DEP008,2021-12-03 00:59:00,Walk-in,2,Trauma/Injury,24,159,Admitted,Yes,2021-12-03 04:02:00
EV002050,PAT08730,FAC004,DEP001,2022-07-13 14:06:00,Walk-in,4,Chest Pain,77,25,Discharged,No,2022-07-13 15:48:00
EV002052,PAT12588,FAC003,DEP008,2026-07-04 21:49:00,Walk-in,4,Seizure,63,40,Discharged,No,2026-07-04 23:32:00
EV002060,PAT03920,FAC002,DEP001,2024-08-24 16:12:00,Referral,3,Stroke Symptoms,33,101,Admitted,Yes,2024-08-24 18:26:00
EV002067,PAT14622,FAC004,DEP007,2026-09-22 18:07:00,Walk-in,4,Seizure,67,52,Discharged,No,2026-09-22 20:06:00
EV002070,PAT13872,FAC001,DEP008,2024-12-01 08:58:00,Referral,4,Laceration,4,71,Discharged,No,2024-12-01 10:13:00
EV002072,PAT14622,FAC005,DEP008,2024-04-15 01:52:00,Walk-in,5,Breathing Difficulty,119,44,Discharged,No,2024-04-15 04:35:00
EV002074,PAT12808,FAC001,DEP008,2026-04-13 18:02:00,Ambulance,4,Trauma/Injury,78,43,Discharged,No,2026-04-13 20:03:00
EV002080,PAT10669,FAC005,DEP008,2024-05-10 07:43:00,Police/Public,2,Allergic Reaction,19,119,Admitted,Yes,2024-05-10 10:01:00
EV002085,PAT09017,FAC004,DEP002,2021-03-30 06:45:00,Walk-in,2,Trauma/Injury,13,130,Transferred,No,2021-03-30 09:08:00
EV002086,PAT08391,FAC005,DEP008,2025-04-18 08:15:00,Walk-in,4,Fever,60,78,Discharged,No,2025-04-18 10:33:00
EV002089,PAT11286,FAC003,DEP008,2021-04-30 11:18:00,Police/Public,4,Abdominal Pain,73,54,Discharged,No,2021-04-30 13:25:00
EV002091,PAT03185,FAC001,DEP008,2025-07-19 04:12:00,Walk-in,4,Abdominal Pain,48,87,Discharged,No,2025-07-19 06:27:00
EV002096,PAT08904,FAC003,DEP008,2021-04-09 16:02:00,Ambulance,4,Poisoning,26,52,Discharged,No,2021-04-09 17:20:00
EV002100,PAT06206,FAC001,DEP008,2026-01-28 04:47:00,Walk-in,3,Abdominal Pain,26,85,Discharged,No,2026-01-28 06:38:00
EV002110,PAT04581,FAC004,DEP002,2024-06-30 15:00:00,Walk-in,2,Seizure,12,213,Discharged,No,2024-06-30 18:45:00
EV002115,PAT00042,FAC004,DEP001,2024-11-24 11:24:00,Walk-in,4,Seizure,57,67,Discharged,No,2024-11-24 13:28:00
EV002119,PAT05839,FAC002,DEP006,2026-01-26 03:26:00,Walk-in,4,Laceration,78,73,Admitted,Yes,2026-01-26 05:57:00
EV002130,PAT10105,FAC003,DEP008,2022-02-07 15:20:00,Walk-in,4,Breathing Difficulty,49,68,Discharged,No,2022-02-07 17:17:00
EV002133,PAT12120,FAC002,DEP005,2021-04-12 02:47:00,Walk-in,4,Trauma/Injury,64,56,Discharged,No,2021-04-12 04:47:00
EV002138,PAT13691,FAC003,DEP008,2023-09-13 04:39:00,Ambulance,4,Stroke Symptoms,60,44,Admitted,Yes,2023-09-13 06:23:00
EV002147,PAT09951,FAC004,DEP002,2026-10-16 19:09:00,Walk-in,5,Poisoning,97,31,Discharged,No,2026-10-16 21:17:00
EV002148,PAT14211,FAC001,DEP008,2024-02-06 00:51:00,Walk-in,3,Allergic Reaction,31,83,Admitted,Yes,2024-02-06 02:45:00
EV002151,PAT02141,FAC005,DEP008,2026-10-01 20:51:00,Walk-in,3,Poisoning,35,71,Discharged,No,2026-10-01 22:37:00
EV002152,PAT10057,FAC001,DEP008,2025-01-13 23:54:00,Walk-in,4,Stroke Symptoms,70,49,Discharged,No,2025-01-14 01:53:00
EV002155,PAT12130,FAC001,DEP008,2023-09-06 22:43:00,Walk-in,5,Laceration,92,28,Discharged,No,2023-09-07 00:43:00
EV002156,PAT14478,FAC003,DEP008,2023-03-25 17:20:00,Walk-in,2,Fracture,19,112,Discharged,No,2023-03-25 19:31:00
EV002157,PAT01167,FAC002,DEP001,2025-11-23 00:25:00,Police/Public,4,Stroke Symptoms,29,68,Discharged,No,2025-11-23 02:02:00
EV002165,PAT02500,FAC004,DEP006,2026-01-04 18:15:00,Walk-in,3,Allergic Reaction,24,33,Admitted,Yes,2026-01-04 19:12:00
EV002166,PAT05613,FAC003,DEP008,2024-01-01 17:32:00,Walk-in,3,Seizure,39,42,Discharged,No,2024-01-01 18:53:00
EV002167,PAT10217,FAC003,DEP008,2023-10-11 20:22:00,Walk-in,4,Stroke Symptoms,75,73,Admitted,Yes,2023-10-11 22:50:00
EV002174,PAT03290,FAC003,DEP008,2025-08-22 16:20:00,Walk-in,4,Abdominal Pain,75,43,Admitted,Yes,2025-08-22 18:18:00
EV002188,PAT01965,FAC005,DEP008,2024-02-12 06:13:00,Walk-in,3,Laceration,21,90,Discharged,No,2024-02-12 08:04:00
EV002192,PAT03012,FAC004,DEP001,2026-02-06 12:54:00,Walk-in,3,Allergic Reaction,42,39,Discharged,No,2026-02-06 14:15:00
EV002194,PAT12330,FAC005,DEP008,2022-09-17 08:18:00,Ambulance,4,Breathing Difficulty,54,55,Discharged,No,2022-09-17 10:07:00
EV002195,PAT12691,FAC004,DEP006,2024-08-06 05:09:00,Police/Public,3,Fever,42,78,Admitted,Yes,2024-08-06 07:09:00
EV002196,PAT08197,FAC002,DEP005,2024-08-05 19:18:00,Walk-in,4,Chest Pain,36,53,Discharged,No,2024-08-05 20:47:00
EV002199,PAT13105,FAC004,DEP001,2023-07-29 18:56:00,Walk-in,3,Laceration,56,87,Discharged,No,2023-07-29 21:19:00
EV002201,PAT06436,FAC003,DEP008,2026-06-03 16:44:00,Walk-in,3,Trauma/Injury,35,98,Admitted,Yes,2026-06-03 18:57:00
EV002202,PAT10977,FAC004,DEP005,2023-05-01 02:04:00,Walk-in,3,Abdominal Pain,17,60,Discharged,No,2023-05-01 03:21:00
EV002206,PAT03821,FAC002,DEP007,2022-11-30 16:31:00,Walk-in,5,Fracture,80,54,Discharged,No,2022-11-30 18:45:00
EV002209,PAT10372,FAC002,DEP006,2022-03-28 03:03:00,Walk-in,4,Trauma/Injury,47,78,Discharged,No,2022-03-28 05:08:00
EV002211,PAT01490,FAC005,DEP008,2024-05-15 15:05:00,Ambulance,3,Stroke Symptoms,38,96,Discharged,No,2024-05-15 17:19:00
EV002212,PAT05156,FAC004,DEP002,2021-07-07 09:25:00,Walk-in,3,Poisoning,23,62,Admitted,Yes,2021-07-07 10:50:00
EV002214,PAT06713,FAC005,DEP008,2026-04-06 03:00:00,Walk-in,3,Poisoning,47,86,Discharged,No,2026-04-06 05:13:00
EV002217,PAT09386,FAC004,DEP001,2021-05-01 12:01:00,Ambulance,3,Abdominal Pain,36,84,Discharged,No,2021-05-01 14:01:00
EV002218,PAT11718,FAC003,DEP008,2021-06-03 14:36:00,Walk-in,4,Breathing Difficulty,46,57,Discharged,No,2021-06-03 16:19:00
EV002222,PAT05923,FAC004,DEP006,2022-12-26 06:51:00,Referral,3,Laceration,43,81,Discharged,No,2022-12-26 08:55:00
EV002231,PAT13886,FAC001,DEP008,2021-09-26 07:10:00,Referral,2,Trauma/Injury,8,110,Transferred,No,2021-09-26 09:08:00
EV002233,PAT02754,FAC002,DEP006,2024-11-21 13:22:00,Walk-in,3,Trauma/Injury,21,52,Discharged,No,2024-11-21 14:35:00
EV002239,PAT06602,FAC003,DEP008,2024-04-13 23:50:00,Referral,3,Trauma/Injury,20,91,Admitted,Yes,2024-04-14 01:41:00
EV002244,PAT06189,FAC002,DEP007,2022-10-05 04:46:00,Walk-in,4,Poisoning,18,55,Admitted,Yes,2022-10-05 05:59:00
EV002250,PAT06352,FAC002,DEP006,2023-07-18 20:31:00,Walk-in,4,Fracture,63,74,Discharged,No,2023-07-18 22:48:00
EV002257,PAT04405,FAC005,DEP008,2025-12-06 21:17:00,Walk-in,5,Allergic Reaction,55,39,Discharged,No,2025-12-06 22:51:00
EV002285,PAT04128,FAC003,DEP008,2023-08-14 13:32:00,Walk-in,3,Seizure,43,95,Discharged,No,2023-08-14 15:50:00
EV002287,PAT01328,FAC004,DEP004,2022-06-01 07:42:00,Walk-in,2,Breathing Difficulty,15,127,Discharged,No,2022-06-01 10:04:00
EV002289,PAT12599,FAC001,DEP008,2024-03-28 10:12:00,Ambulance,2,Seizure,17,164,Admitted,Yes,2024-03-28 13:13:00
EV002296,PAT03039,FAC003,DEP008,2022-06-04 18:46:00,Police/Public,2,Poisoning,13,113,Discharged,No,2022-06-04 20:52:00
EV002299,PAT13302,FAC001,DEP008,2025-06-29 15:31:00,Walk-in,2,Poisoning,11,152,Transferred,No,2025-06-29 18:14:00
EV002305,PAT14868,FAC004,DEP006,2025-03-09 00:51:00,Ambulance,3,Seizure,24,135,Admitted,Yes,2025-03-09 03:30:00
EV002307,PAT05938,FAC002,DEP001,2022-02-07 15:08:00,Ambulance,4,Poisoning,30,48,Admitted,Yes,2022-02-07 16:26:00
EV002309,PAT07460,FAC005,DEP008,2023-11-14 18:43:00,Ambulance,1,Allergic Reaction,3,146,Discharged,No,2023-11-14 21:12:00
EV002310,PAT04744,FAC004,DEP002,2024-07-13 18:45:00,Walk-in,4,Fracture,56,70,Discharged,No,2024-07-13 20:51:00
EV002314,PAT03448,FAC002,DEP007,2023-05-20 03:35:00,Ambulance,5,Seizure,78,23,Discharged,No,2023-05-20 05:16:00
EV002319,PAT07272,FAC003,DEP008,2025-04-15 13:53:00,Ambulance,2,Breathing Difficulty,16,164,Discharged,No,2025-04-15 16:53:00
EV002329,PAT00328,FAC002,DEP007,2022-04-10 22:16:00,Police/Public,3,Breathing Difficulty,29,96,Discharged,No,2022-04-11 00:21:00
EV002331,PAT02233,FAC004,DEP007,2024-09-09 05:01:00,Referral,3,Poisoning,43,70,Admitted,Yes,2024-09-09 06:54:00
EV002338,PAT10183,FAC001,DEP008,2025-01-11 12:46:00,Walk-in,2,Laceration,18,128,Admitted,Yes,2025-01-11 15:12:00
EV002342,PAT08197,FAC005,DEP008,2024-10-16 03:20:00,Walk-in,5,Fracture,81,37,Discharged,No,2024-10-16 05:18:00
EV002345,PAT09456,FAC002,DEP006,2026-07-13 02:28:00,Walk-in,5,Allergic Reaction,93,41,Discharged,No,2026-07-13 04:42:00
EV002348,PAT08241,FAC005,DEP008,2026-08-03 16:55:00,Referral,3,Poisoning,44,59,Discharged,No,2026-08-03 18:38:00
EV002349,PAT10382,FAC004,DEP005,2024-08-17 01:00:00,Walk-in,2,Stroke Symptoms,24,170,Admitted,Yes,2024-08-17 04:14:00
EV002353,PAT01954,FAC005,DEP008,2022-01-27 07:24:00,Walk-in,4,Chest Pain,48,39,Admitted,Yes,2022-01-27 08:51:00
EV002354,PAT10797,FAC004,DEP002,2026-09-22 11:28:00,Walk-in,3,Trauma/Injury,29,47,Admitted,Yes,2026-09-22 12:44:00
EV002355,PAT10521,FAC005,DEP008,2021-07-30 18:44:00,Referral,5,Stroke Symptoms,52,35,Discharged,No,2021-07-30 20:11:00
EV002362,PAT01492,FAC002,DEP001,2026-04-08 22:05:00,Referral,2,Abdominal Pain,20,140,Admitted,Yes,2026-04-09 00:45:00
EV002365,PAT05628,FAC005,DEP008,2022-06-12 07:53:00,Ambulance,4,Allergic Reaction,57,47,Discharged,No,2022-06-12 09:37:00
EV002370,PAT09323,FAC003,DEP008,2025-10-25 19:48:00,Walk-in,3,Breathing Difficulty,32,104,Transferred,No,2025-10-25 22:04:00
EV002373,PAT10793,FAC004,DEP005,2025-07-12 09:52:00,Walk-in,5,Trauma/Injury,108,33,Transferred,No,2025-07-12 12:13:00
EV002395,PAT04707,FAC002,DEP006,2026-06-25 14:11:00,Walk-in,2,Fever,16,198,Discharged,No,2026-06-25 17:45:00
EV002399,PAT02134,FAC005,DEP008,2025-09-05 10:38:00,Walk-in,4,Fracture,60,48,Discharged,No,2025-09-05 12:26:00
EV002408,PAT04462,FAC002,DEP005,2026-01-18 14:22:00,Referral,4,Breathing Difficulty,38,56,Transferred,No,2026-01-18 15:56:00
EV002409,PAT01748,FAC005,DEP008,2021-06-03 04:47:00,Walk-in,3,Poisoning,42,92,Discharged,No,2021-06-03 07:01:00
EV002410,PAT10797,FAC001,DEP008,2026-08-04 01:51:00,Walk-in,4,Fracture,48,60,Discharged,No,2026-08-04 03:39:00
EV002415,PAT12236,FAC005,DEP008,2025-01-01 11:20:00,Ambulance,3,Abdominal Pain,31,71,Admitted,Yes,2025-01-01 13:02:00
EV002419,PAT14397,FAC002,DEP007,2022-03-07 03:02:00,Referral,4,Chest Pain,72,43,LWBS,No,2022-03-07 04:57:00
EV002420,PAT10669,FAC001,DEP008,2025-07-28 05:56:00,Police/Public,3,Seizure,36,89,Discharged,No,2025-07-28 08:01:00
EV002424,PAT04520,FAC004,DEP001,2026-06-26 21:54:00,Walk-in,3,Abdominal Pain,51,73,Admitted,Yes,2026-06-26 23:58:00
EV002428,PAT14343,FAC003,DEP008,2025-05-05 18:13:00,Walk-in,3,Stroke Symptoms,63,123,Discharged,No,2025-05-05 21:19:00
EV002430,PAT14453,FAC002,DEP001,2023-05-28 16:29:00,Ambulance,3,Fracture,37,89,Admitted,Yes,2023-05-28 18:35:00
EV002435,PAT00648,FAC001,DEP008,2023-04-19 12:21:00,Walk-in,5,Allergic Reaction,51,48,Admitted,Yes,2023-04-19 14:00:00
EV002436,PAT05031,FAC004,DEP001,2026-03-20 14:48:00,Walk-in,5,Fracture,96,51,Discharged,No,2026-03-20 17:15:00
EV002443,PAT11792,FAC003,DEP008,2025-07-28 18:14:00,Walk-in,4,Trauma/Injury,52,43,Discharged,No,2025-07-28 19:49:00
EV002448,PAT06460,FAC004,DEP005,2022-09-08 05:09:00,Referral,4,Breathing Difficulty,44,55,Discharged,No,2022-09-08 06:48:00
EV002450,PAT12550,FAC002,DEP006,2021-07-27 20:57:00,Walk-in,5,Allergic Reaction,69,26,Discharged,No,2021-07-27 22:32:00
EV002461,PAT08222,FAC004,DEP007,2025-12-20 00:32:00,Walk-in,2,Chest Pain,20,134,LWBS,No,2025-12-20 03:06:00
EV002463,PAT11378,FAC001,DEP008,2021-03-23 03:14:00,Walk-in,4,Fracture,24,53,Discharged,No,2021-03-23 04:31:00
EV002474,PAT09724,FAC003,DEP008,2025-05-17 05:42:00,Walk-in,5,Fever,81,53,Discharged,No,2025-05-17 07:56:00
EV002476,PAT12498,FAC002,DEP005,2026-03-27 05:15:00,Ambulance,3,Fracture,66,112,Discharged,No,2026-03-27 08:13:00
EV002480,PAT10541,FAC004,DEP001,2026-07-29 04:02:00,Ambulance,5,Fracture,68,52,Discharged,No,2026-07-29 06:02:00
EV002481,PAT01534,FAC003,DEP008,2023-04-30 10:14:00,Walk-in,4,Stroke Symptoms,51,49,Transferred,No,2023-04-30 11:54:00
EV002495,PAT00136,FAC004,DEP002,2025-12-29 10:31:00,Referral,3,Abdominal Pain,29,139,Discharged,No,2025-12-29 13:19:00
EV002496,PAT12685,FAC005,DEP008,2025-11-25 04:33:00,Walk-in,3,Breathing Difficulty,40,52,Discharged,No,2025-11-25 06:05:00
EV002503,PAT10932,FAC003,DEP008,2024-08-17 17:01:00,Ambulance,4,Poisoning,52,56,Discharged,No,2024-08-17 18:49:00
EV002526,PAT04342,FAC005,DEP008,2022-03-19 03:27:00,Ambulance,2,Abdominal Pain,19,200,Discharged,No,2022-03-19 07:06:00
EV002529,PAT00818,FAC002,DEP002,2024-01-01 15:36:00,Walk-in,3,Abdominal Pain,25,160,Discharged,No,2024-01-01 18:41:00
EV002535,PAT04130,FAC004,DEP005,2026-01-06 21:58:00,Referral,5,Allergic Reaction,85,50,Discharged,No,2026-01-07 00:13:00
EV002537,PAT00765,FAC003,DEP008,2025-07-22 04:21:00,Walk-in,4,Poisoning,79,71,Admitted,Yes,2025-07-22 06:51:00
EV002539,PAT02190,FAC001,DEP008,2025-09-14 04:08:00,Walk-in,4,Poisoning,38,53,Discharged,No,2025-09-14 05:39:00
EV002551,PAT09296,FAC003,DEP008,2021-04-21 07:18:00,Referral,4,Abdominal Pain,60,56,Discharged,No,2021-04-21 09:14:00
EV002555,PAT08531,FAC001,DEP008,2022-05-10 18:38:00,Ambulance,2,Breathing Difficulty,11,129,Discharged,No,2022-05-10 20:58:00
EV002559,PAT08890,FAC005,DEP008,2026-08-05 11:58:00,Walk-in,3,Abdominal Pain,36,108,Admitted,Yes,2026-08-05 14:22:00
EV002560,PAT05728,FAC003,DEP008,2025-07-21 20:35:00,Walk-in,2,Fracture,10,182,Discharged,No,2025-07-21 23:47:00
EV002563,PAT01471,FAC005,DEP008,2021-09-06 04:29:00,Referral,4,Fever,78,53,LWBS,No,2021-09-06 06:40:00
EV002569,PAT12556,FAC002,DEP001,2025-04-01 20:03:00,Ambulance,2,Fever,21,138,Admitted,Yes,2025-04-01 22:42:00
EV002571,PAT12691,FAC004,DEP001,2022-04-15 07:09:00,Ambulance,4,Fracture,47,65,Discharged,No,2022-04-15 09:01:00
EV002575,PAT10067,FAC002,DEP006,2026-06-24 09:33:00,Ambulance,5,Stroke Symptoms,75,37,Discharged,No,2026-06-24 11:25:00
EV002576,PAT10492,FAC005,DEP008,2025-05-13 11:25:00,Walk-in,5,Fever,91,26,Admitted,Yes,2025-05-13 13:22:00
EV002584,PAT04329,FAC002,DEP006,2024-05-29 07:41:00,Walk-in,5,Stroke Symptoms,82,27,Discharged,No,2024-05-29 09:30:00
EV002586,PAT11876,FAC002,DEP001,2023-02-08 15:36:00,Walk-in,4,Fracture,49,65,Admitted,Yes,2023-02-08 17:30:00
EV002591,PAT10335,FAC005,DEP008,2023-11-15 05:37:00,Police/Public,4,Fever,63,44,Discharged,No,2023-11-15 07:24:00
EV002594,PAT08927,FAC004,DEP006,2022-01-14 23:04:00,Ambulance,4,Poisoning,45,43,Discharged,No,2022-01-15 00:32:00
EV002599,PAT12473,FAC005,DEP008,2024-10-18 01:20:00,Referral,3,Fever,37,83,Discharged,No,2024-10-18 03:20:00
EV002603,PAT08795,FAC001,DEP008,2026-10-07 15:59:00,Referral,5,Fever,73,43,Discharged,No,2026-10-07 17:55:00
EV002607,PAT11735,FAC005,DEP008,2023-07-21 22:30:00,Referral,4,Fever,56,38,Admitted,Yes,2023-07-22 00:04:00
EV002615,PAT13819,FAC004,DEP005,2025-10-22 17:35:00,Walk-in,3,Fever,45,62,Transferred,No,2025-10-22 19:22:00
EV002616,PAT12715,FAC003,DEP008,2023-08-25 13:34:00,Walk-in,3,Chest Pain,32,87,Discharged,No,2023-08-25 15:33:00
EV002618,PAT08724,FAC003,DEP008,2025-09-30 19:35:00,Walk-in,5,Fever,87,49,Discharged,No,2025-09-30 21:51:00
EV002619,PAT13031,FAC003,DEP008,2023-04-30 16:44:00,Police/Public,4,Trauma/Injury,43,57,Discharged,No,2023-04-30 18:24:00
EV002626,PAT13863,FAC002,DEP002,2026-06-26 22:09:00,Ambulance,2,Laceration,21,189,Discharged,No,2026-06-27 01:39:00
EV002628,PAT11954,FAC005,DEP008,2026-11-28 08:48:00,Referral,5,Breathing Difficulty,47,62,Discharged,No,2026-11-28 10:37:00
EV002629,PAT10476,FAC001,DEP008,2026-09-27 22:49:00,Police/Public,3,Seizure,24,61,Discharged,No,2026-09-28 00:14:00
EV002631,PAT03323,FAC001,DEP008,2025-02-12 05:18:00,Ambulance,1,Fracture,6,151,Admitted,Yes,2025-02-12 07:55:00
EV002633,PAT01594,FAC005,DEP008,2024-03-20 21:24:00,Walk-in,1,Fever,5,177,Admitted,Yes,2024-03-21 00:26:00
EV002644,PAT07573,FAC002,DEP002,2024-04-29 10:42:00,Walk-in,3,Trauma/Injury,48,108,Discharged,No,2024-04-29 13:18:00
EV002652,PAT04112,FAC002,DEP007,2026-12-28 12:14:00,Walk-in,5,Trauma/Injury,89,48,Discharged,No,2026-12-28 14:31:00
EV002658,PAT10147,FAC004,DEP004,2022-11-02 02:09:00,Walk-in,2,Abdominal Pain,8,149,Admitted,Yes,2022-11-02 04:46:00
EV002666,PAT13414,FAC001,DEP008,2022-06-16 01:09:00,Referral,4,Chest Pain,56,59,Transferred,No,2022-06-16 03:04:00
EV002672,PAT12456,FAC004,DEP006,2025-04-14 04:09:00,Walk-in,1,Abdominal Pain,4,147,Discharged,No,2025-04-14 06:40:00
EV002679,PAT10964,FAC003,DEP008,2024-04-01 05:32:00,Walk-in,4,Seizure,58,101,Admitted,Yes,2024-04-01 08:11:00
EV002683,PAT00060,FAC005,DEP008,2022-08-11 01:56:00,Police/Public,2,Abdominal Pain,25,181,Admitted,Yes,2022-08-11 05:22:00
EV002686,PAT02453,FAC003,DEP008,2023-01-01 20:00:00,Referral,3,Trauma/Injury,42,75,Discharged,No,2023-01-01 21:57:00
EV002695,PAT02975,FAC002,DEP007,2026-03-14 18:50:00,Ambulance,3,Poisoning,33,74,Deceased,No,2026-03-14 20:37:00
EV002705,PAT07825,FAC001,DEP008,2021-06-16 03:25:00,Walk-in,4,Stroke Symptoms,16,88,Admitted,Yes,2021-06-16 05:09:00
EV002713,PAT07252,FAC003,DEP008,2025-04-20 07:13:00,Walk-in,4,Chest Pain,55,49,Discharged,No,2025-04-20 08:57:00
EV002716,PAT05164,FAC005,DEP008,2023-12-11 22:40:00,Walk-in,4,Chest Pain,34,54,Discharged,No,2023-12-12 00:08:00
EV002721,PAT02639,FAC004,DEP002,2021-07-28 04:37:00,Walk-in,4,Seizure,67,95,Admitted,Yes,2021-07-28 07:19:00
EV002725,PAT10371,FAC002,DEP005,2025-08-22 12:13:00,Ambulance,3,Fever,43,83,Discharged,No,2025-08-22 14:19:00
EV002727,PAT11468,FAC003,DEP008,2025-09-26 12:10:00,Walk-in,3,Stroke Symptoms,15,71,Transferred,No,2025-09-26 13:36:00
EV002729,PAT14662,FAC002,DEP007,2022-04-20 03:29:00,Walk-in,4,Stroke Symptoms,86,74,Discharged,No,2022-04-20 06:09:00
EV002732,PAT00971,FAC003,DEP008,2021-11-17 11:46:00,Walk-in,1,Chest Pain,2,58,Discharged,No,2021-11-17 12:46:00
EV002736,PAT02184,FAC005,DEP008,2024-06-14 20:40:00,Walk-in,4,Seizure,59,68,Discharged,No,2024-06-14 22:47:00
EV002738,PAT14194,FAC005,DEP008,2022-05-02 09:41:00,Ambulance,2,Breathing Difficulty,17,181,Admitted,Yes,2022-05-02 12:59:00
EV002740,PAT03289,FAC001,DEP008,2022-11-01 04:34:00,Walk-in,3,Abdominal Pain,33,112,Discharged,No,2022-11-01 06:59:00
EV002743,PAT11976,FAC005,DEP008,2023-07-26 23:56:00,Walk-in,4,Fracture,60,67,Admitted,Yes,2023-07-27 02:03:00
EV002746,PAT06097,FAC003,DEP008,2024-11-08 07:12:00,Walk-in,1,Poisoning,1,118,Discharged,No,2024-11-08 09:11:00
EV002760,PAT08795,FAC005,DEP008,2022-11-24 20:34:00,Referral,3,Breathing Difficulty,33,86,Discharged,No,2022-11-24 22:33:00
EV002763,PAT00863,FAC004,DEP002,2023-06-28 13:08:00,Walk-in,2,Laceration,18,80,Discharged,No,2023-06-28 14:46:00
EV002767,PAT10670,FAC005,DEP008,2024-02-19 08:13:00,Walk-in,4,Fracture,51,35,Admitted,Yes,2024-02-19 09:39:00
EV002768,PAT10592,FAC004,DEP002,2026-04-16 17:42:00,Walk-in,4,Trauma/Injury,62,32,Discharged,No,2026-04-16 19:16:00
EV002777,PAT03207,FAC004,DEP004,2022-05-19 02:31:00,Walk-in,4,Seizure,94,52,Discharged,No,2022-05-19 04:57:00
EV002790,PAT01990,FAC005,DEP008,2025-08-01 01:23:00,Referral,4,Fever,76,35,Discharged,No,2025-08-01 03:14:00
EV002791,PAT11064,FAC002,DEP005,2024-01-16 10:02:00,Walk-in,5,Seizure,105,39,Admitted,Yes,2024-01-16 12:26:00
EV002802,PAT13793,FAC004,DEP004,2021-06-06 20:23:00,Walk-in,3,Abdominal Pain,34,60,Discharged,No,2021-06-06 21:57:00
EV002812,PAT04949,FAC004,DEP005,2025-12-10 19:27:00,Walk-in,4,Abdominal Pain,51,74,Discharged,No,2025-12-10 21:32:00
EV002814,PAT05921,FAC001,DEP008,2025-07-09 18:20:00,Referral,4,Poisoning,77,38,Transferred,No,2025-07-09 20:15:00
EV002822,PAT04515,FAC001,DEP008,2025-06-07 18:47:00,Walk-in,3,Stroke Symptoms,43,106,Discharged,No,2025-06-07 21:16:00
EV002824,PAT10313,FAC003,DEP008,2021-01-25 15:18:00,Walk-in,3,Fever,10,100,Discharged,No,2021-01-25 17:08:00
EV002825,PAT11472,FAC003,DEP008,2023-06-12 23:41:00,Police/Public,3,Laceration,40,84,Discharged,No,2023-06-13 01:45:00
EV002826,PAT13779,FAC004,DEP005,2022-04-04 04:57:00,Walk-in,5,Trauma/Injury,112,26,Discharged,No,2022-04-04 07:15:00
EV002838,PAT10303,FAC001,DEP008,2021-04-18 11:52:00,Police/Public,4,Allergic Reaction,25,78,Discharged,No,2021-04-18 13:35:00
EV002841,PAT14818,FAC004,DEP001,2026-05-21 15:05:00,Walk-in,4,Seizure,57,53,LWBS,No,2026-05-21 16:55:00
EV002847,PAT03166,FAC004,DEP006,2026-03-12 19:53:00,Walk-in,3,Breathing Difficulty,18,41,Admitted,Yes,2026-03-12 20:52:00
EV002855,PAT07041,FAC003,DEP008,2023-02-28 09:03:00,Ambulance,3,Allergic Reaction,49,85,LWBS,No,2023-02-28 11:17:00
EV002862,PAT07145,FAC004,DEP002,2021-08-16 12:23:00,Police/Public,3,Allergic Reaction,54,68,Discharged,No,2021-08-16 14:25:00
EV002870,PAT02326,FAC004,DEP001,2025-02-05 00:53:00,Walk-in,3,Breathing Difficulty,58,120,Discharged,No,2025-02-05 03:51:00
EV002876,PAT10890,FAC003,DEP008,2023-01-23 22:07:00,Referral,2,Stroke Symptoms,15,157,Discharged,No,2023-01-24 00:59:00
EV002877,PAT01936,FAC001,DEP008,2026-12-12 18:04:00,Referral,2,Seizure,10,105,Discharged,No,2026-12-12 19:59:00
EV002880,PAT09386,FAC002,DEP002,2026-04-04 08:01:00,Police/Public,4,Poisoning,82,54,LWBS,No,2026-04-04 10:17:00
EV002889,PAT00448,FAC002,DEP001,2025-04-13 21:44:00,Walk-in,3,Poisoning,28,71,Discharged,No,2025-04-13 23:23:00
EV002891,PAT11629,FAC001,DEP008,2022-01-20 17:10:00,Walk-in,3,Fracture,44,63,Admitted,Yes,2022-01-20 18:57:00
EV002897,PAT07221,FAC005,DEP008,2022-10-27 19:13:00,Ambulance,4,Seizure,53,41,Transferred,No,2022-10-27 20:47:00
EV002899,PAT03403,FAC003,DEP008,2024-08-28 06:44:00,Walk-in,4,Chest Pain,50,54,Discharged,No,2024-08-28 08:28:00
EV002900,PAT02123,FAC002,DEP006,2025-04-09 09:30:00,Walk-in,5,Stroke Symptoms,91,59,Admitted,Yes,2025-04-09 12:00:00
EV002908,PAT03326,FAC002,DEP007,2021-07-17 07:43:00,Walk-in,4,Abdominal Pain,81,61,Discharged,No,2021-07-17 10:05:00
EV002913,PAT12059,FAC005,DEP008,2024-11-22 01:52:00,Walk-in,3,Fracture,28,82,Discharged,No,2024-11-22 03:42:00
EV002922,PAT02320,FAC002,DEP006,2023-04-06 08:30:00,Referral,3,Breathing Difficulty,31,108,Discharged,No,2023-04-06 10:49:00
EV002923,PAT11810,FAC001,DEP008,2021-12-11 05:01:00,Walk-in,5,Laceration,35,40,Discharged,No,2021-12-11 06:16:00
EV002929,PAT01191,FAC005,DEP008,2024-11-01 19:28:00,Police/Public,2,Laceration,14,123,Discharged,No,2024-11-01 21:45:00
EV002940,PAT02013,FAC002,DEP002,2021-07-07 11:31:00,Walk-in,4,Fever,61,59,Discharged,No,2021-07-07 13:31:00
EV002954,PAT12418,FAC003,DEP008,2023-09-17 04:22:00,Walk-in,5,Fever,56,44,Transferred,No,2023-09-17 06:02:00
EV002957,PAT10805,FAC002,DEP007,2026-10-01 06:54:00,Walk-in,3,Chest Pain,44,88,Discharged,No,2026-10-01 09:06:00
EV002958,PAT13675,FAC003,DEP008,2026-06-03 07:05:00,Ambulance,2,Laceration,23,100,Discharged,No,2026-06-03 09:08:00
EV002963,PAT12756,FAC005,DEP008,2025-08-24 21:22:00,Walk-in,4,Stroke Symptoms,30,48,Discharged,No,2025-08-24 22:40:00
EV002975,PAT10570,FAC002,DEP002,2022-09-24 23:11:00,Ambulance,5,Poisoning,25,31,Discharged,No,2022-09-25 00:07:00
EV002978,PAT07043,FAC002,DEP007,2022-06-10 18:09:00,Police/Public,5,Fever,46,42,Admitted,Yes,2022-06-10 19:37:00
EV002983,PAT09939,FAC002,DEP007,2023-09-16 02:03:00,Ambulance,3,Laceration,28,81,Admitted,Yes,2023-09-16 03:52:00
EV003005,PAT08962,FAC005,DEP008,2023-07-30 17:15:00,Referral,4,Breathing Difficulty,54,74,Admitted,Yes,2023-07-30 19:23:00
EV003006,PAT00358,FAC003,DEP008,2022-08-24 12:45:00,Referral,4,Laceration,72,37,LWBS,No,2022-08-24 14:34:00
EV003009,PAT05108,FAC005,DEP008,2026-12-12 01:14:00,Walk-in,4,Chest Pain,37,32,Discharged,No,2026-12-12 02:23:00
EV003013,PAT08006,FAC002,DEP001,2022-10-28 18:18:00,Police/Public,5,Seizure,93,38,Discharged,No,2022-10-28 20:29:00
EV003030,PAT11934,FAC002,DEP002,2022-04-27 11:58:00,Walk-in,4,Fever,61,64,Discharged,No,2022-04-27 14:03:00
EV003035,PAT03012,FAC004,DEP004,2021-03-14 08:01:00,Ambulance,2,Fracture,12,107,Discharged,No,2021-03-14 10:00:00
EV003038,PAT01804,FAC003,DEP008,2021-06-04 16:44:00,Walk-in,3,Seizure,17,96,Discharged,No,2021-06-04 18:37:00
EV003039,PAT02975,FAC003,DEP008,2024-08-16 07:57:00,Walk-in,4,Seizure,58,68,Transferred,No,2024-08-16 10:03:00
EV003040,PAT02821,FAC001,DEP008,2026-09-04 18:32:00,Referral,5,Trauma/Injury,105,44,Discharged,No,2026-09-04 21:01:00
EV003042,PAT03533,FAC005,DEP008,2026-07-15 07:20:00,Walk-in,4,Abdominal Pain,60,89,Discharged,No,2026-07-15 09:49:00
EV003047,PAT12632,FAC005,DEP008,2022-01-31 06:14:00,Walk-in,4,Allergic Reaction,40,75,Admitted,Yes,2022-01-31 08:09:00
EV003051,PAT08730,FAC001,DEP008,2026-07-30 16:54:00,Walk-in,4,Chest Pain,51,72,Admitted,Yes,2026-07-30 18:57:00
EV003052,PAT04430,FAC001,DEP008,2022-01-02 06:06:00,Referral,4,Allergic Reaction,41,78,Discharged,No,2022-01-02 08:05:00
EV003053,PAT13702,FAC004,DEP007,2021-01-18 03:18:00,Referral,2,Stroke Symptoms,5,138,Discharged,No,2021-01-18 05:41:00
EV003054,PAT01124,FAC003,DEP008,2024-07-30 12:27:00,Referral,5,Fracture,35,32,Admitted,Yes,2024-07-30 13:34:00
EV003059,PAT04392,FAC005,DEP008,2026-04-02 01:58:00,Walk-in,3,Seizure,55,78,Discharged,No,2026-04-02 04:11:00
EV003063,PAT01922,FAC003,DEP008,2022-06-05 20:55:00,Police/Public,2,Fever,14,123,Discharged,No,2022-06-05 23:12:00
EV003065,PAT05218,FAC002,DEP007,2024-06-17 04:12:00,Referral,2,Trauma/Injury,15,116,Admitted,Yes,2024-06-17 06:23:00
EV003071,PAT14134,FAC004,DEP007,2024-05-26 11:01:00,Walk-in,3,Breathing Difficulty,29,133,Discharged,No,2024-05-26 13:43:00
EV003076,PAT01612,FAC005,DEP008,2026-12-16 17:45:00,Ambulance,3,Chest Pain,24,72,Discharged,No,2026-12-16 19:21:00
EV003080,PAT01062,FAC005,DEP008,2026-07-07 00:02:00,Walk-in,4,Breathing Difficulty,67,60,Admitted,Yes,2026-07-07 02:09:00
EV003082,PAT11888,FAC001,DEP008,2022-06-16 06:01:00,Police/Public,2,Fever,19,153,Admitted,Yes,2022-06-16 08:53:00
EV003084,PAT11876,FAC003,DEP008,2025-02-22 10:01:00,Referral,4,Fever,76,74,Transferred,No,2025-02-22 12:31:00
EV003087,PAT05835,FAC002,DEP006,2022-05-25 10:38:00,Referral,5,Fever,86,36,Discharged,No,2022-05-25 12:40:00
EV003088,PAT14991,FAC005,DEP008,2024-09-16 17:36:00,Referral,2,Chest Pain,14,110,Deceased,No,2024-09-16 19:40:00
EV003096,PAT07748,FAC003,DEP008,2022-09-21 09:09:00,Walk-in,3,Laceration,20,102,Discharged,No,2022-09-21 11:11:00
EV003097,PAT07835,FAC005,DEP008,2024-01-15 02:15:00,Referral,2,Breathing Difficulty,20,102,Discharged,No,2024-01-15 04:17:00
EV003104,PAT08002,FAC003,DEP008,2024-05-21 22:17:00,Walk-in,3,Allergic Reaction,51,99,Admitted,Yes,2024-05-22 00:47:00
EV003105,PAT01740,FAC003,DEP008,2026-12-23 00:54:00,Walk-in,4,Fracture,103,56,Admitted,Yes,2026-12-23 03:33:00
EV003109,PAT05959,FAC004,DEP001,2024-03-09 14:59:00,Walk-in,4,Breathing Difficulty,71,26,Discharged,No,2024-03-09 16:36:00
EV003113,PAT05475,FAC004,DEP007,2024-11-21 18:01:00,Walk-in,3,Poisoning,44,94,LWBS,No,2024-11-21 20:19:00
EV003118,PAT01567,FAC002,DEP007,2021-11-21 11:38:00,Walk-in,4,Fracture,51,56,Transferred,No,2021-11-21 13:25:00
EV003120,PAT14443,FAC005,DEP008,2023-03-01 16:46:00,Walk-in,4,Fracture,32,77,Discharged,No,2023-03-01 18:35:00
EV003124,PAT12691,FAC001,DEP008,2026-08-12 05:48:00,Ambulance,4,Fracture,49,41,Discharged,No,2026-08-12 07:18:00
EV003139,PAT10925,FAC001,DEP008,2026-04-20 04:50:00,Police/Public,4,Allergic Reaction,54,43,Admitted,Yes,2026-04-20 06:27:00
EV003144,PAT13637,FAC003,DEP008,2026-01-05 15:29:00,Ambulance,5,Fracture,83,34,Admitted,Yes,2026-01-05 17:26:00
EV003151,PAT04330,FAC002,DEP002,2024-04-10 21:23:00,Ambulance,2,Breathing Difficulty,14,111,Discharged,No,2024-04-10 23:28:00
EV003153,PAT09627,FAC002,DEP005,2022-06-07 16:57:00,Walk-in,4,Breathing Difficulty,63,52,Discharged,No,2022-06-07 18:52:00
EV003159,PAT05529,FAC003,DEP008,2025-03-11 14:35:00,Walk-in,4,Fracture,57,62,Discharged,No,2025-03-11 16:34:00
EV003160,PAT01098,FAC003,DEP008,2021-05-12 20:47:00,Walk-in,3,Abdominal Pain,35,98,Admitted,Yes,2021-05-12 23:00:00
EV003161,PAT07075,FAC001,DEP008,2022-08-28 08:11:00,Walk-in,4,Allergic Reaction,44,27,Discharged,No,2022-08-28 09:22:00
EV003175,PAT10154,FAC004,DEP001,2025-04-18 00:35:00,Walk-in,4,Trauma/Injury,64,51,Discharged,No,2025-04-18 02:30:00
EV003179,PAT02020,FAC001,DEP008,2022-12-04 15:10:00,Ambulance,2,Fever,14,138,Discharged,No,2022-12-04 17:42:00
EV003180,PAT14746,FAC002,DEP006,2026-07-19 00:41:00,Ambulance,4,Breathing Difficulty,42,58,LWBS,No,2026-07-19 02:21:00
EV003188,PAT05684,FAC005,DEP008,2023-01-16 10:36:00,Walk-in,4,Stroke Symptoms,34,47,Admitted,Yes,2023-01-16 11:57:00
EV003193,PAT11949,FAC001,DEP008,2023-10-07 18:30:00,Walk-in,5,Abdominal Pain,83,36,Transferred,No,2023-10-07 20:29:00
EV003194,PAT04827,FAC003,DEP008,2024-01-16 02:42:00,Police/Public,2,Laceration,16,135,Discharged,No,2024-01-16 05:13:00
EV003195,PAT09970,FAC001,DEP008,2023-09-17 20:36:00,Walk-in,5,Trauma/Injury,55,43,LWBS,No,2023-09-17 22:14:00
EV003199,PAT07815,FAC004,DEP007,2026-02-10 18:32:00,Ambulance,3,Allergic Reaction,27,69,Discharged,No,2026-02-10 20:08:00
EV003202,PAT07744,FAC003,DEP008,2026-01-16 05:04:00,Ambulance,5,Allergic Reaction,100,32,Discharged,No,2026-01-16 07:16:00
EV003206,PAT10906,FAC002,DEP005,2024-03-31 09:59:00,Ambulance,4,Trauma/Injury,84,61,Discharged,No,2024-03-31 12:24:00
EV003214,PAT12535,FAC003,DEP008,2024-08-16 06:56:00,Walk-in,3,Fever,26,118,Discharged,No,2024-08-16 09:20:00
EV003216,PAT06907,FAC004,DEP004,2023-01-27 20:45:00,Ambulance,2,Trauma/Injury,20,123,Discharged,No,2023-01-27 23:08:00
EV003217,PAT03661,FAC004,DEP002,2026-08-17 01:53:00,Walk-in,4,Seizure,52,82,Admitted,Yes,2026-08-17 04:07:00
EV003218,PAT08009,FAC001,DEP008,2025-10-26 07:12:00,Referral,4,Seizure,59,51,Admitted,Yes,2025-10-26 09:02:00
EV003219,PAT08105,FAC002,DEP001,2023-07-13 14:43:00,Walk-in,1,Allergic Reaction,4,178,Admitted,Yes,2023-07-13 17:45:00
EV003222,PAT04505,FAC003,DEP008,2025-07-06 04:41:00,Referral,3,Stroke Symptoms,47,73,Discharged,No,2025-07-06 06:41:00
EV003223,PAT04955,FAC002,DEP001,2023-01-08 05:18:00,Walk-in,4,Stroke Symptoms,52,41,Discharged,No,2023-01-08 06:51:00
EV003225,PAT05636,FAC003,DEP008,2024-08-15 05:55:00,Ambulance,3,Stroke Symptoms,15,90,Discharged,No,2024-08-15 07:40:00
EV003239,PAT14170,FAC002,DEP005,2022-04-28 21:15:00,Walk-in,4,Abdominal Pain,75,83,Deceased,No,2022-04-28 23:53:00
EV003247,PAT04830,FAC002,DEP005,2026-07-14 18:00:00,Referral,3,Trauma/Injury,22,118,Discharged,No,2026-07-14 20:20:00
EV003248,PAT10964,FAC003,DEP008,2022-05-06 19:39:00,Police/Public,1,Chest Pain,2,178,Discharged,No,2022-05-06 22:39:00
EV003254,PAT14687,FAC003,DEP008,2025-07-22 13:07:00,Ambulance,5,Breathing Difficulty,71,42,LWBS,No,2025-07-22 15:00:00
EV003261,PAT11734,FAC003,DEP008,2026-06-12 13:11:00,Walk-in,5,Seizure,61,37,Admitted,Yes,2026-06-12 14:49:00
EV003263,PAT13843,FAC002,DEP001,2024-01-16 17:16:00,Ambulance,4,Fever,64,75,Admitted,Yes,2024-01-16 19:35:00
EV003266,PAT03367,FAC003,DEP008,2022-05-07 13:12:00,Walk-in,4,Seizure,35,61,Admitted,Yes,2022-05-07 14:48:00
EV003268,PAT13161,FAC001,DEP008,2024-08-08 18:40:00,Referral,2,Laceration,10,166,Discharged,No,2024-08-08 21:36:00
EV003282,PAT04505,FAC001,DEP008,2025-08-15 16:01:00,Police/Public,2,Allergic Reaction,12,125,Discharged,No,2025-08-15 18:18:00
EV003283,PAT03706,FAC003,DEP008,2024-12-27 07:28:00,Ambulance,3,Fracture,48,53,Discharged,No,2024-12-27 09:09:00
EV003291,PAT05903,FAC003,DEP008,2024-11-23 21:00:00,Walk-in,5,Poisoning,28,37,Discharged,No,2024-11-23 22:05:00
EV003292,PAT14888,FAC003,DEP008,2023-03-23 18:19:00,Walk-in,3,Laceration,28,80,Discharged,No,2023-03-23 20:07:00
EV003296,PAT01548,FAC003,DEP008,2023-11-10 05:36:00,Walk-in,4,Poisoning,48,76,Discharged,No,2023-11-10 07:40:00
EV003297,PAT03955,FAC004,DEP007,2023-11-18 21:43:00,Walk-in,4,Chest Pain,57,64,Discharged,No,2023-11-18 23:44:00
EV003305,PAT00543,FAC004,DEP006,2024-03-07 22:38:00,Walk-in,5,Fever,88,42,Transferred,No,2024-03-08 00:48:00
EV003319,PAT07361,FAC004,DEP005,2024-01-10 02:20:00,Ambulance,3,Laceration,27,132,Discharged,No,2024-01-10 04:59:00
EV003323,PAT09390,FAC002,DEP006,2026-08-06 10:23:00,Walk-in,2,Breathing Difficulty,14,139,Discharged,No,2026-08-06 12:56:00
EV003339,PAT11682,FAC001,DEP008,2024-01-12 02:56:00,Ambulance,4,Stroke Symptoms,83,63,Discharged,No,2024-01-12 05:22:00
EV003345,PAT13573,FAC001,DEP008,2025-08-22 18:15:00,Walk-in,3,Laceration,55,85,Discharged,No,2025-08-22 20:35:00
EV003348,PAT03692,FAC004,DEP006,2023-10-14 11:09:00,Ambulance,4,Seizure,35,52,Admitted,Yes,2023-10-14 12:36:00
EV003367,PAT12693,FAC005,DEP008,2022-07-03 18:59:00,Referral,3,Breathing Difficulty,31,86,Discharged,No,2022-07-03 20:56:00
EV003372,PAT12756,FAC005,DEP008,2026-08-08 14:26:00,Police/Public,3,Fever,48,72,Discharged,No,2026-08-08 16:26:00
EV003377,PAT13138,FAC002,DEP005,2026-02-19 03:04:00,Walk-in,5,Fracture,77,37,Discharged,No,2026-02-19 04:58:00
EV003384,PAT08901,FAC002,DEP002,2023-08-17 15:20:00,Walk-in,3,Fracture,44,97,Discharged,No,2023-08-17 17:41:00
EV003390,PAT08410,FAC005,DEP008,2024-09-18 15:16:00,Referral,3,Fracture,33,78,Admitted,Yes,2024-09-18 17:07:00
EV003395,PAT00978,FAC001,DEP008,2025-10-18 05:31:00,Ambulance,4,Fever,58,69,Admitted,Yes,2025-10-18 07:38:00
EV003400,PAT11953,FAC005,DEP008,2024-09-14 12:54:00,Walk-in,3,Poisoning,22,54,LWBS,No,2024-09-14 14:10:00
EV003401,PAT01386,FAC002,DEP006,2024-04-21 16:20:00,Police/Public,1,Trauma/Injury,4,182,Admitted,Yes,2024-04-21 19:26:00
EV003404,PAT14527,FAC003,DEP008,2021-10-24 10:52:00,Walk-in,4,Fever,28,46,Discharged,No,2021-10-24 12:06:00
EV003407,PAT12558,FAC001,DEP008,2021-06-10 23:05:00,Referral,4,Breathing Difficulty,65,30,Admitted,Yes,2021-06-11 00:40:00
EV003409,PAT06821,FAC001,DEP008,2021-08-21 00:59:00,Walk-in,4,Poisoning,35,60,Discharged,No,2021-08-21 02:34:00
EV003419,PAT12595,FAC005,DEP008,2021-07-03 21:23:00,Ambulance,5,Allergic Reaction,104,34,Discharged,No,2021-07-03 23:41:00
EV003422,PAT14727,FAC005,DEP008,2025-03-05 03:17:00,Walk-in,4,Abdominal Pain,46,71,Transferred,No,2025-03-05 05:14:00
EV003424,PAT06694,FAC003,DEP008,2024-04-29 09:55:00,Ambulance,5,Fever,88,34,Discharged,No,2024-04-29 11:57:00
EV003427,PAT10624,FAC003,DEP008,2024-05-25 20:57:00,Walk-in,3,Breathing Difficulty,25,97,LWBS,No,2024-05-25 22:59:00
EV003430,PAT11663,FAC005,DEP008,2021-04-13 12:39:00,Walk-in,4,Poisoning,40,62,Admitted,Yes,2021-04-13 14:21:00
EV003432,PAT10342,FAC002,DEP005,2025-01-25 19:25:00,Referral,4,Breathing Difficulty,45,61,Discharged,No,2025-01-25 21:11:00
EV003444,PAT04830,FAC003,DEP008,2022-01-26 00:32:00,Walk-in,5,Breathing Difficulty,118,33,Discharged,No,2022-01-26 03:03:00
EV003448,PAT03388,FAC003,DEP008,2022-11-26 06:14:00,Referral,2,Poisoning,14,140,Discharged,No,2022-11-26 08:48:00
EV003453,PAT04985,FAC004,DEP006,2021-09-25 21:51:00,Walk-in,4,Laceration,51,72,Discharged,No,2021-09-25 23:54:00
EV003462,PAT03102,FAC002,DEP006,2022-05-29 09:55:00,Ambulance,2,Trauma/Injury,21,154,LWBS,No,2022-05-29 12:50:00
EV003467,PAT11888,FAC002,DEP006,2023-05-18 12:52:00,Referral,4,Allergic Reaction,63,28,Deceased,No,2023-05-18 14:23:00
EV003468,PAT05837,FAC005,DEP008,2021-08-18 13:29:00,Police/Public,3,Seizure,39,71,Discharged,No,2021-08-18 15:19:00
EV003469,PAT11981,FAC001,DEP008,2026-06-09 00:55:00,Walk-in,2,Allergic Reaction,15,108,Admitted,Yes,2026-06-09 02:58:00
EV003474,PAT14717,FAC005,DEP008,2023-04-13 18:56:00,Walk-in,2,Poisoning,18,200,Discharged,No,2023-04-13 22:34:00
EV003478,PAT04581,FAC002,DEP001,2024-11-09 01:24:00,Walk-in,2,Poisoning,16,115,Discharged,No,2024-11-09 03:35:00
EV003493,PAT13793,FAC004,DEP006,2023-09-15 23:32:00,Walk-in,4,Fracture,52,70,Discharged,No,2023-09-16 01:34:00
EV003494,PAT09390,FAC001,DEP008,2024-12-26 20:54:00,Walk-in,2,Fever,10,195,LWBS,No,2024-12-27 00:19:00
EV003495,PAT10008,FAC002,DEP006,2022-06-24 03:43:00,Referral,5,Fever,129,69,Admitted,Yes,2022-06-24 07:01:00
EV003503,PAT02457,FAC005,DEP008,2024-07-12 02:32:00,Walk-in,3,Abdominal Pain,41,105,Discharged,No,2024-07-12 04:58:00
EV003508,PAT02228,FAC004,DEP004,2025-05-16 18:56:00,Walk-in,5,Poisoning,68,39,Discharged,No,2025-05-16 20:43:00
EV003509,PAT08488,FAC005,DEP008,2021-06-18 02:07:00,Referral,4,Laceration,65,46,Discharged,No,2021-06-18 03:58:00
EV003511,PAT12350,FAC004,DEP001,2026-07-17 02:04:00,Referral,3,Allergic Reaction,29,70,Admitted,Yes,2026-07-17 03:43:00
EV003517,PAT04005,FAC003,DEP008,2024-02-25 19:27:00,Walk-in,3,Abdominal Pain,44,90,Admitted,Yes,2024-02-25 21:41:00
EV003518,PAT06408,FAC004,DEP006,2021-07-24 12:51:00,Walk-in,3,Allergic Reaction,13,111,Admitted,Yes,2021-07-24 14:55:00
EV003553,PAT03372,FAC004,DEP004,2023-06-01 19:09:00,Referral,4,Laceration,53,62,Discharged,No,2023-06-01 21:04:00
EV003564,PAT13138,FAC001,DEP008,2026-06-22 23:13:00,Walk-in,4,Chest Pain,72,61,Discharged,No,2026-06-23 01:26:00
EV003567,PAT00742,FAC004,DEP007,2025-12-20 06:49:00,Referral,2,Laceration,20,128,Discharged,No,2025-12-20 09:17:00
EV003569,PAT09566,FAC004,DEP007,2021-10-02 05:54:00,Ambulance,3,Stroke Symptoms,42,99,Discharged,No,2021-10-02 08:15:00
EV003571,PAT01209,FAC003,DEP008,2023-01-04 12:34:00,Walk-in,3,Fever,43,90,Admitted,Yes,2023-01-04 14:47:00
EV003574,PAT08030,FAC001,DEP008,2023-08-01 05:36:00,Walk-in,3,Laceration,60,77,Admitted,Yes,2023-08-01 07:53:00
EV003582,PAT11101,FAC005,DEP008,2025-07-27 10:05:00,Ambulance,3,Stroke Symptoms,20,100,Admitted,Yes,2025-07-27 12:05:00
EV003585,PAT12515,FAC003,DEP008,2026-10-06 14:06:00,Referral,3,Abdominal Pain,29,117,Transferred,No,2026-10-06 16:32:00
EV003598,PAT13458,FAC003,DEP008,2025-06-30 18:26:00,Referral,2,Seizure,22,55,Discharged,No,2025-06-30 19:43:00
EV003603,PAT01328,FAC003,DEP008,2023-05-28 23:49:00,Walk-in,4,Trauma/Injury,47,42,Admitted,Yes,2023-05-29 01:18:00
EV003605,PAT08671,FAC004,DEP004,2025-02-16 11:19:00,Walk-in,5,Allergic Reaction,78,37,Discharged,No,2025-02-16 13:14:00
EV003608,PAT13164,FAC003,DEP008,2023-05-08 01:31:00,Referral,3,Laceration,20,61,Discharged,No,2023-05-08 02:52:00
EV003618,PAT10885,FAC003,DEP008,2023-07-27 17:36:00,Walk-in,2,Laceration,9,177,Transferred,No,2023-07-27 20:42:00
EV003621,PAT01749,FAC003,DEP008,2022-12-26 11:10:00,Walk-in,3,Breathing Difficulty,37,94,Discharged,No,2022-12-26 13:21:00
EV003629,PAT08488,FAC005,DEP008,2023-12-27 07:50:00,Walk-in,4,Laceration,72,34,Discharged,No,2023-12-27 09:36:00
EV003632,PAT08823,FAC005,DEP008,2026-11-30 12:07:00,Referral,5,Laceration,64,37,LWBS,No,2026-11-30 13:48:00
EV003634,PAT14943,FAC002,DEP005,2021-08-14 02:26:00,Walk-in,4,Trauma/Injury,46,65,Discharged,No,2021-08-14 04:17:00
EV003636,PAT03887,FAC002,DEP002,2026-11-05 09:43:00,Police/Public,4,Poisoning,71,67,Discharged,No,2026-11-05 12:01:00
EV003641,PAT07404,FAC003,DEP008,2026-12-21 11:08:00,Ambulance,4,Abdominal Pain,42,48,Discharged,No,2026-12-21 12:38:00
EV003645,PAT12812,FAC001,DEP008,2022-08-22 09:27:00,Ambulance,3,Fracture,54,78,Discharged,No,2022-08-22 11:39:00
EV003650,PAT02803,FAC002,DEP002,2022-01-01 07:35:00,Referral,3,Laceration,25,84,Discharged,No,2022-01-01 09:24:00
EV003654,PAT11022,FAC004,DEP002,2023-09-18 15:00:00,Referral,3,Breathing Difficulty,56,84,Discharged,No,2023-09-18 17:20:00
EV003657,PAT02985,FAC002,DEP007,2021-10-05 23:24:00,Referral,4,Trauma/Injury,35,69,Discharged,No,2021-10-06 01:08:00
EV003659,PAT09146,FAC002,DEP007,2025-05-14 11:56:00,Walk-in,4,Abdominal Pain,53,53,LWBS,No,2025-05-14 13:42:00
EV003661,PAT10552,FAC005,DEP008,2024-09-30 05:29:00,Walk-in,5,Allergic Reaction,67,52,Discharged,No,2024-09-30 07:28:00
EV003672,PAT01458,FAC002,DEP005,2026-08-25 07:14:00,Walk-in,3,Fever,40,84,Discharged,No,2026-08-25 09:18:00
EV003675,PAT04442,FAC003,DEP008,2023-04-03 15:11:00,Walk-in,4,Trauma/Injury,56,60,Discharged,No,2023-04-03 17:07:00
EV003682,PAT12418,FAC005,DEP008,2025-09-28 21:59:00,Ambulance,2,Chest Pain,1,166,Transferred,No,2025-09-29 00:46:00
EV003683,PAT04867,FAC002,DEP007,2024-11-22 10:14:00,Referral,4,Fever,86,73,Transferred,No,2024-11-22 12:53:00
EV003687,PAT08243,FAC002,DEP006,2025-03-10 02:38:00,Walk-in,4,Fracture,53,73,Discharged,No,2025-03-10 04:44:00
EV003691,PAT00567,FAC001,DEP008,2025-09-21 10:42:00,Referral,4,Allergic Reaction,46,60,Admitted,Yes,2025-09-21 12:28:00
EV003693,PAT10676,FAC004,DEP001,2025-09-07 22:05:00,Ambulance,4,Poisoning,57,53,Discharged,No,2025-09-07 23:55:00
EV003699,PAT08604,FAC003,DEP008,2023-07-30 23:05:00,Ambulance,3,Chest Pain,22,108,Admitted,Yes,2023-07-31 01:15:00
EV003703,PAT10067,FAC002,DEP006,2022-12-15 05:46:00,Walk-in,4,Breathing Difficulty,36,79,Admitted,Yes,2022-12-15 07:41:00
EV003707,PAT04131,FAC004,DEP004,2022-01-08 02:41:00,Walk-in,5,Fever,69,50,Discharged,No,2022-01-08 04:40:00
EV003717,PAT01298,FAC002,DEP005,2026-12-22 16:05:00,Walk-in,3,Breathing Difficulty,47,93,Discharged,No,2026-12-22 18:25:00
EV003719,PAT06028,FAC003,DEP008,2026-06-18 12:18:00,Walk-in,3,Poisoning,47,56,Discharged,No,2026-06-18 14:01:00
EV003723,PAT09773,FAC003,DEP008,2021-07-31 23:07:00,Ambulance,4,Allergic Reaction,71,70,Discharged,No,2021-08-01 01:28:00
EV003724,PAT14438,FAC002,DEP006,2021-03-29 13:26:00,Walk-in,4,Breathing Difficulty,55,48,Discharged,No,2021-03-29 15:09:00
EV003737,PAT03252,FAC004,DEP004,2024-09-29 23:50:00,Ambulance,4,Fracture,34,49,Transferred,No,2024-09-30 01:13:00
EV003744,PAT12976,FAC003,DEP008,2026-07-15 07:34:00,Ambulance,4,Trauma/Injury,45,62,Discharged,No,2026-07-15 09:21:00
EV003745,PAT14016,FAC001,DEP008,2026-01-05 10:32:00,Walk-in,3,Breathing Difficulty,25,119,Admitted,Yes,2026-01-05 12:56:00
EV003746,PAT06787,FAC002,DEP007,2022-10-29 22:04:00,Ambulance,3,Stroke Symptoms,33,101,Discharged,No,2022-10-30 00:18:00
EV003753,PAT06492,FAC002,DEP002,2025-04-08 20:17:00,Walk-in,3,Breathing Difficulty,42,68,Admitted,Yes,2025-04-08 22:07:00
EV003756,PAT11064,FAC001,DEP008,2026-07-14 20:27:00,Police/Public,4,Chest Pain,30,92,Discharged,No,2026-07-14 22:29:00
EV003770,PAT01154,FAC001,DEP008,2023-10-11 12:30:00,Walk-in,4,Allergic Reaction,50,79,Admitted,Yes,2023-10-11 14:39:00
EV003778,PAT10910,FAC002,DEP006,2022-11-07 22:31:00,Walk-in,4,Fever,61,26,Admitted,Yes,2022-11-07 23:58:00
EV003789,PAT02358,FAC003,DEP008,2022-01-14 10:22:00,Walk-in,4,Fever,71,76,Admitted,Yes,2022-01-14 12:49:00
EV003791,PAT00796,FAC005,DEP008,2021-03-12 14:49:00,Walk-in,5,Chest Pain,48,29,LWBS,No,2021-03-12 16:06:00
EV003793,PAT00579,FAC005,DEP008,2021-08-08 03:39:00,Police/Public,3,Poisoning,3,116,Discharged,No,2021-08-08 05:38:00
EV003797,PAT07863,FAC005,DEP008,2022-04-23 21:54:00,Ambulance,3,Abdominal Pain,24,78,Discharged,No,2022-04-23 23:36:00
EV003798,PAT00564,FAC001,DEP008,2026-12-28 09:01:00,Ambulance,2,Chest Pain,11,174,Discharged,No,2026-12-28 12:06:00
EV003799,PAT12318,FAC001,DEP008,2026-05-30 18:23:00,Police/Public,4,Breathing Difficulty,64,70,Transferred,No,2026-05-30 20:37:00
EV003810,PAT02526,FAC004,DEP005,2026-06-10 02:44:00,Walk-in,2,Seizure,20,100,Admitted,Yes,2026-06-10 04:44:00
EV003811,PAT04955,FAC004,DEP001,2026-05-31 08:05:00,Referral,2,Laceration,9,115,Discharged,No,2026-05-31 10:09:00
EV003814,PAT03955,FAC003,DEP008,2026-07-12 03:22:00,Walk-in,3,Chest Pain,25,119,Discharged,No,2026-07-12 05:46:00
EV003816,PAT11674,FAC001,DEP008,2022-06-18 01:54:00,Walk-in,3,Chest Pain,31,83,Transferred,No,2022-06-18 03:48:00
EV003820,PAT13793,FAC004,DEP006,2021-02-28 17:28:00,Walk-in,5,Stroke Symptoms,47,45,LWBS,No,2021-02-28 19:00:00
EV003821,PAT08383,FAC002,DEP002,2024-07-18 04:44:00,Walk-in,5,Laceration,82,42,LWBS,No,2024-07-18 06:48:00
EV003823,PAT03515,FAC001,DEP008,2024-06-16 03:09:00,Walk-in,4,Trauma/Injury,22,92,Discharged,No,2024-06-16 05:03:00
EV003837,PAT01936,FAC005,DEP008,2021-03-04 17:05:00,Police/Public,4,Seizure,62,52,Discharged,No,2021-03-04 18:59:00
EV003841,PAT00246,FAC004,DEP005,2025-12-12 06:35:00,Ambulance,4,Abdominal Pain,82,76,Discharged,No,2025-12-12 09:13:00
EV003842,PAT10505,FAC004,DEP007,2023-03-13 17:12:00,Police/Public,3,Trauma/Injury,33,74,Discharged,No,2023-03-13 18:59:00
EV003846,PAT09823,FAC004,DEP006,2023-11-10 00:27:00,Walk-in,2,Trauma/Injury,24,71,Discharged,No,2023-11-10 02:02:00
EV003853,PAT00150,FAC001,DEP008,2022-09-09 01:35:00,Police/Public,3,Abdominal Pain,35,56,LWBS,No,2022-09-09 03:06:00
EV003857,PAT02596,FAC004,DEP007,2023-12-07 02:31:00,Walk-in,5,Stroke Symptoms,98,12,Discharged,No,2023-12-07 04:21:00
EV003870,PAT09555,FAC002,DEP007,2022-05-14 17:53:00,Ambulance,5,Laceration,110,42,Discharged,No,2022-05-14 20:25:00
EV003873,PAT02859,FAC005,DEP008,2025-03-12 06:31:00,Police/Public,5,Abdominal Pain,94,39,Admitted,Yes,2025-03-12 08:44:00
EV003874,PAT07521,FAC004,DEP006,2024-01-12 08:51:00,Walk-in,5,Breathing Difficulty,103,47,Discharged,No,2024-01-12 11:21:00
EV003875,PAT09779,FAC004,DEP004,2023-04-30 00:04:00,Walk-in,3,Stroke Symptoms,23,89,Transferred,No,2023-04-30 01:56:00
EV003879,PAT01214,FAC005,DEP008,2023-07-08 01:29:00,Walk-in,2,Fracture,15,59,Transferred,No,2023-07-08 02:43:00
EV003885,PAT08452,FAC003,DEP008,2026-01-06 00:16:00,Ambulance,3,Chest Pain,52,75,Transferred,No,2026-01-06 02:23:00
EV003886,PAT09921,FAC005,DEP008,2022-07-05 04:58:00,Police/Public,4,Seizure,56,59,LWBS,No,2022-07-05 06:53:00
EV003894,PAT01359,FAC004,DEP005,2026-06-05 10:38:00,Police/Public,5,Poisoning,66,31,Discharged,No,2026-06-05 12:15:00
EV003897,PAT00812,FAC005,DEP008,2025-02-07 16:23:00,Walk-in,3,Abdominal Pain,47,85,Admitted,Yes,2025-02-07 18:35:00
EV003898,PAT12822,FAC002,DEP005,2023-03-18 18:48:00,Walk-in,4,Seizure,43,73,Discharged,No,2023-03-18 20:44:00
EV003906,PAT07252,FAC005,DEP008,2025-07-19 01:09:00,Walk-in,4,Stroke Symptoms,60,69,Admitted,Yes,2025-07-19 03:18:00
EV003915,PAT13493,FAC001,DEP008,2025-04-14 01:09:00,Ambulance,4,Fracture,38,40,Discharged,No,2025-04-14 02:27:00
EV003916,PAT01122,FAC004,DEP001,2023-01-18 18:26:00,Police/Public,3,Allergic Reaction,27,88,LWBS,No,2023-01-18 20:21:00
EV003926,PAT04348,FAC003,DEP008,2022-03-04 01:56:00,Referral,5,Chest Pain,65,37,Discharged,No,2022-03-04 03:38:00
EV003929,PAT01348,FAC005,DEP008,2025-05-07 00:42:00,Walk-in,2,Fracture,16,153,Discharged,No,2025-05-07 03:31:00
EV003932,PAT10190,FAC004,DEP005,2026-08-29 02:30:00,Walk-in,3,Allergic Reaction,26,90,Discharged,No,2026-08-29 04:26:00
EV003934,PAT06587,FAC002,DEP002,2026-10-12 01:06:00,Walk-in,5,Fracture,34,37,Discharged,No,2026-10-12 02:17:00
EV003941,PAT10408,FAC005,DEP008,2025-05-17 14:02:00,Walk-in,3,Stroke Symptoms,35,52,Discharged,No,2025-05-17 15:29:00
EV003942,PAT02233,FAC003,DEP008,2026-09-04 22:22:00,Walk-in,5,Trauma/Injury,91,44,Admitted,Yes,2026-09-05 00:37:00
EV003952,PAT13644,FAC002,DEP006,2026-08-15 08:34:00,Walk-in,5,Abdominal Pain,71,25,Discharged,No,2026-08-15 10:10:00
EV003953,PAT13674,FAC001,DEP008,2025-01-01 16:09:00,Walk-in,3,Breathing Difficulty,35,90,LWBS,No,2025-01-01 18:14:00
EV003954,PAT04654,FAC004,DEP005,2024-04-15 21:29:00,Walk-in,4,Chest Pain,81,61,Discharged,No,2024-04-15 23:51:00
EV003957,PAT09286,FAC001,DEP008,2022-02-24 00:11:00,Walk-in,5,Abdominal Pain,95,40,Discharged,No,2022-02-24 02:26:00
EV003971,PAT08547,FAC004,DEP006,2023-12-10 03:35:00,Police/Public,3,Stroke Symptoms,26,39,Discharged,No,2023-12-10 04:40:00
EV003978,PAT03648,FAC004,DEP005,2025-12-19 02:19:00,Ambulance,3,Chest Pain,40,106,Discharged,No,2025-12-19 04:45:00
EV003990,PAT12318,FAC005,DEP008,2023-08-03 20:12:00,Ambulance,2,Poisoning,25,137,Admitted,Yes,2023-08-03 22:54:00
EV004006,PAT05466,FAC005,DEP008,2023-01-19 13:52:00,Walk-in,1,Trauma/Injury,5,99,Admitted,Yes,2023-01-19 15:36:00
EV004007,PAT08304,FAC005,DEP008,2022-11-14 16:27:00,Walk-in,4,Poisoning,58,60,Discharged,No,2022-11-14 18:25:00
EV004010,PAT12844,FAC001,DEP008,2024-12-11 19:18:00,Walk-in,3,Allergic Reaction,34,72,Discharged,No,2024-12-11 21:04:00
EV004019,PAT05206,FAC002,DEP006,2021-05-29 01:24:00,Referral,4,Trauma/Injury,62,50,Discharged,No,2021-05-29 03:16:00
EV004021,PAT05861,FAC003,DEP008,2025-07-14 09:14:00,Ambulance,3,Breathing Difficulty,47,110,Admitted,Yes,2025-07-14 11:51:00
EV004022,PAT04901,FAC005,DEP008,2024-07-12 00:08:00,Walk-in,1,Laceration,3,259,LWBS,No,2024-07-12 04:30:00
EV004050,PAT11062,FAC004,DEP002,2022-10-16 08:09:00,Walk-in,2,Seizure,15,167,Discharged,No,2022-10-16 11:11:00
EV004051,PAT02326,FAC002,DEP006,2021-12-31 14:16:00,Walk-in,4,Allergic Reaction,44,30,Transferred,No,2021-12-31 15:30:00
EV004052,PAT02123,FAC003,DEP008,2026-07-23 00:43:00,Walk-in,5,Chest Pain,103,15,Discharged,No,2026-07-23 02:41:00
EV004071,PAT04514,FAC002,DEP002,2025-05-25 01:35:00,Police/Public,3,Poisoning,15,62,Discharged,No,2025-05-25 02:52:00
EV004073,PAT07638,FAC005,DEP008,2026-07-03 06:45:00,Referral,3,Allergic Reaction,33,40,Discharged,No,2026-07-03 07:58:00
EV004080,PAT06923,FAC003,DEP008,2021-04-18 22:52:00,Walk-in,3,Breathing Difficulty,34,85,Discharged,No,2021-04-19 00:51:00
EV004085,PAT02367,FAC001,DEP008,2026-05-27 09:29:00,Walk-in,4,Fever,54,54,Discharged,No,2026-05-27 11:17:00
EV004086,PAT10042,FAC005,DEP008,2021-08-22 22:35:00,Referral,4,Laceration,45,51,Discharged,No,2021-08-23 00:11:00
EV004087,PAT13168,FAC005,DEP008,2025-03-11 17:36:00,Ambulance,3,Seizure,51,62,Discharged,No,2025-03-11 19:29:00
EV004090,PAT02287,FAC004,DEP004,2021-04-03 00:36:00,Walk-in,3,Seizure,27,115,Discharged,No,2021-04-03 02:58:00
EV004094,PAT06352,FAC002,DEP002,2023-07-24 21:32:00,Ambulance,2,Breathing Difficulty,15,154,Discharged,No,2023-07-25 00:21:00
EV004100,PAT02975,FAC003,DEP008,2021-09-11 16:05:00,Walk-in,3,Seizure,49,112,Discharged,No,2021-09-11 18:46:00
EV004105,PAT07413,FAC001,DEP008,2023-10-30 14:31:00,Police/Public,5,Stroke Symptoms,82,38,Admitted,Yes,2023-10-30 16:31:00
EV004106,PAT07293,FAC001,DEP008,2026-06-11 22:15:00,Walk-in,5,Stroke Symptoms,66,63,Admitted,Yes,2026-06-12 00:24:00
EV004110,PAT03600,FAC003,DEP008,2021-04-11 10:10:00,Ambulance,2,Stroke Symptoms,11,138,Discharged,No,2021-04-11 12:39:00
EV004113,PAT05350,FAC004,DEP004,2025-01-06 01:17:00,Walk-in,3,Laceration,49,66,Discharged,No,2025-01-06 03:12:00
EV004117,PAT05707,FAC003,DEP008,2021-07-14 18:08:00,Walk-in,5,Stroke Symptoms,89,31,Admitted,Yes,2021-07-14 20:08:00
EV004120,PAT10376,FAC004,DEP002,2021-12-19 10:19:00,Walk-in,4,Chest Pain,33,61,Discharged,No,2021-12-19 11:53:00
EV004127,PAT10680,FAC005,DEP008,2025-06-12 03:26:00,Ambulance,4,Poisoning,73,42,Discharged,No,2025-06-12 05:21:00
EV004129,PAT00426,FAC004,DEP001,2025-12-18 06:56:00,Walk-in,4,Fever,65,85,Discharged,No,2025-12-18 09:26:00
EV004140,PAT03547,FAC003,DEP008,2026-09-22 00:44:00,Walk-in,2,Allergic Reaction,10,191,Discharged,No,2026-09-22 04:05:00
EV004141,PAT08724,FAC002,DEP002,2023-11-06 13:02:00,Police/Public,4,Stroke Symptoms,55,64,Transferred,No,2023-11-06 15:01:00
EV004143,PAT11853,FAC003,DEP008,2022-07-10 23:14:00,Walk-in,4,Breathing Difficulty,31,31,Discharged,No,2022-07-11 00:16:00
EV004154,PAT02070,FAC001,DEP008,2026-11-12 10:06:00,Police/Public,4,Laceration,50,68,Discharged,No,2026-11-12 12:04:00
EV004156,PAT08991,FAC005,DEP008,2025-05-01 09:49:00,Walk-in,4,Allergic Reaction,43,76,Admitted,Yes,2025-05-01 11:48:00
EV004158,PAT07540,FAC005,DEP008,2021-01-13 22:10:00,Ambulance,4,Laceration,21,55,Admitted,Yes,2021-01-13 23:26:00
EV004164,PAT12071,FAC004,DEP001,2025-11-08 03:35:00,Walk-in,4,Stroke Symptoms,56,69,Discharged,No,2025-11-08 05:40:00
EV004168,PAT09160,FAC001,DEP008,2022-11-06 17:49:00,Ambulance,3,Trauma/Injury,29,71,Discharged,No,2022-11-06 19:29:00
EV004171,PAT10339,FAC001,DEP008,2022-12-31 21:50:00,Walk-in,3,Poisoning,37,107,Discharged,No,2023-01-01 00:14:00
EV004174,PAT04873,FAC004,DEP002,2021-08-25 11:34:00,Walk-in,4,Poisoning,36,36,Transferred,No,2021-08-25 12:46:00
EV004178,PAT09549,FAC004,DEP007,2025-09-30 18:17:00,Ambulance,5,Chest Pain,73,16,Admitted,Yes,2025-09-30 19:46:00
EV004189,PAT08680,FAC001,DEP008,2021-01-30 10:12:00,Police/Public,2,Fever,7,105,Transferred,No,2021-01-30 12:04:00
EV004193,PAT10841,FAC003,DEP008,2024-09-13 19:16:00,Walk-in,3,Abdominal Pain,38,65,Discharged,No,2024-09-13 20:59:00
EV004199,PAT00609,FAC005,DEP008,2025-10-12 11:52:00,Ambulance,5,Poisoning,47,28,Discharged,No,2025-10-12 13:07:00
EV004204,PAT07535,FAC003,DEP008,2025-09-12 12:23:00,Referral,4,Fever,36,34,Discharged,No,2025-09-12 13:33:00
EV004210,PAT08137,FAC001,DEP008,2026-01-25 12:53:00,Ambulance,3,Chest Pain,48,95,Discharged,No,2026-01-25 15:16:00
EV004212,PAT09297,FAC004,DEP005,2021-11-03 15:46:00,Referral,4,Fracture,81,65,Discharged,No,2021-11-03 18:12:00
EV004213,PAT12194,FAC005,DEP008,2024-05-22 15:04:00,Ambulance,5,Laceration,111,49,Discharged,No,2024-05-22 17:44:00
EV004215,PAT09314,FAC004,DEP004,2021-07-04 11:44:00,Walk-in,4,Chest Pain,36,69,LWBS,No,2021-07-04 13:29:00
EV004222,PAT13112,FAC001,DEP008,2023-10-15 20:15:00,Ambulance,4,Poisoning,51,60,Discharged,No,2023-10-15 22:06:00
EV004227,PAT10451,FAC002,DEP001,2023-03-21 03:41:00,Walk-in,3,Chest Pain,22,68,Discharged,No,2023-03-21 05:11:00
EV004229,PAT08301,FAC003,DEP008,2023-11-25 15:38:00,Walk-in,4,Poisoning,72,40,Discharged,No,2023-11-25 17:30:00
EV004237,PAT07277,FAC005,DEP008,2024-04-10 12:12:00,Referral,4,Stroke Symptoms,64,70,Discharged,No,2024-04-10 14:26:00
EV004240,PAT07976,FAC004,DEP004,2021-02-23 06:03:00,Walk-in,4,Fracture,62,39,Discharged,No,2021-02-23 07:44:00
EV004245,PAT02367,FAC005,DEP008,2022-12-13 10:12:00,Referral,2,Stroke Symptoms,17,121,Admitted,Yes,2022-12-13 12:30:00
EV004251,PAT00896,FAC001,DEP008,2022-10-03 06:47:00,Referral,3,Allergic Reaction,20,118,Discharged,No,2022-10-03 09:05:00
EV004258,PAT08274,FAC002,DEP002,2025-02-16 14:55:00,Referral,3,Trauma/Injury,17,104,Admitted,Yes,2025-02-16 16:56:00
EV004259,PAT11990,FAC002,DEP005,2025-07-30 18:02:00,Walk-in,3,Abdominal Pain,34,100,Discharged,No,2025-07-30 20:16:00
EV004270,PAT11721,FAC005,DEP008,2021-07-13 23:25:00,Walk-in,3,Breathing Difficulty,35,95,LWBS,No,2021-07-14 01:35:00
EV004271,PAT06437,FAC003,DEP008,2026-01-09 02:08:00,Walk-in,2,Breathing Difficulty,15,140,Discharged,No,2026-01-09 04:43:00
EV004273,PAT03446,FAC004,DEP001,2026-01-28 04:23:00,Walk-in,4,Fracture,34,56,Discharged,No,2026-01-28 05:53:00
EV004276,PAT03291,FAC004,DEP002,2022-06-18 07:37:00,Walk-in,4,Poisoning,54,52,Admitted,Yes,2022-06-18 09:23:00
EV004277,PAT03729,FAC002,DEP007,2024-06-11 23:36:00,Walk-in,3,Allergic Reaction,23,81,Discharged,No,2024-06-12 01:20:00
EV004279,PAT05810,FAC001,DEP008,2023-04-26 11:19:00,Walk-in,3,Stroke Symptoms,27,70,Admitted,Yes,2023-04-26 12:56:00
EV004283,PAT14439,FAC004,DEP004,2021-09-09 13:08:00,Walk-in,3,Trauma/Injury,28,98,Discharged,No,2021-09-09 15:14:00
EV004284,PAT12461,FAC004,DEP005,2022-09-26 03:29:00,Walk-in,5,Seizure,83,38,Admitted,Yes,2022-09-26 05:30:00
EV004285,PAT07811,FAC001,DEP008,2023-10-22 15:10:00,Walk-in,3,Poisoning,29,87,Discharged,No,2023-10-22 17:06:00
EV004290,PAT06097,FAC003,DEP008,2025-06-20 18:41:00,Walk-in,3,Breathing Difficulty,46,52,LWBS,No,2025-06-20 20:19:00
EV004296,PAT13905,FAC004,DEP007,2024-07-29 04:38:00,Walk-in,4,Seizure,74,57,Discharged,No,2024-07-29 06:49:00
EV004297,PAT02123,FAC001,DEP008,2024-08-18 11:29:00,Walk-in,2,Poisoning,3,174,Discharged,No,2024-08-18 14:26:00
EV004298,PAT09261,FAC003,DEP008,2021-08-06 08:27:00,Walk-in,4,Chest Pain,54,54,Discharged,No,2021-08-06 10:15:00
EV004305,PAT06889,FAC003,DEP008,2021-11-11 06:04:00,Referral,3,Abdominal Pain,38,134,Admitted,Yes,2021-11-11 08:56:00
EV004307,PAT09431,FAC003,DEP008,2022-02-04 17:03:00,Ambulance,3,Breathing Difficulty,33,74,Discharged,No,2022-02-04 18:50:00
EV004308,PAT02237,FAC002,DEP001,2025-08-22 14:28:00,Ambulance,4,Laceration,31,75,Admitted,Yes,2025-08-22 16:14:00
EV004310,PAT02761,FAC002,DEP007,2026-06-12 21:26:00,Police/Public,4,Laceration,27,59,Discharged,No,2026-06-12 22:52:00
EV004317,PAT06509,FAC002,DEP006,2024-06-05 07:28:00,Ambulance,3,Seizure,58,65,Discharged,No,2024-06-05 09:31:00
EV004329,PAT11573,FAC002,DEP001,2023-05-10 23:51:00,Ambulance,3,Stroke Symptoms,43,117,Transferred,No,2023-05-11 02:31:00
EV004340,PAT07820,FAC004,DEP007,2022-12-12 17:41:00,Walk-in,3,Breathing Difficulty,34,84,Admitted,Yes,2022-12-12 19:39:00
EV004343,PAT12632,FAC001,DEP008,2024-10-26 00:00:00,Walk-in,5,Fracture,47,39,Admitted,Yes,2024-10-26 01:26:00
EV004346,PAT11498,FAC002,DEP002,2025-06-12 02:26:00,Walk-in,4,Breathing Difficulty,65,60,Admitted,Yes,2025-06-12 04:31:00
EV004350,PAT04078,FAC004,DEP007,2026-10-16 05:41:00,Walk-in,3,Fracture,63,69,Discharged,No,2026-10-16 07:53:00
EV004359,PAT00028,FAC005,DEP008,2023-01-21 03:12:00,Walk-in,4,Fracture,46,24,Admitted,Yes,2023-01-21 04:22:00
EV004360,PAT03821,FAC002,DEP007,2025-12-08 11:59:00,Referral,1,Poisoning,6,177,Transferred,No,2025-12-08 15:02:00
EV004362,PAT07321,FAC001,DEP008,2022-07-22 19:52:00,Walk-in,5,Chest Pain,82,34,Admitted,Yes,2022-07-22 21:48:00
EV004365,PAT12402,FAC004,DEP001,2026-09-03 11:34:00,Walk-in,3,Laceration,20,102,Admitted,Yes,2026-09-03 13:36:00
EV004366,PAT07536,FAC005,DEP008,2022-01-19 10:20:00,Ambulance,3,Trauma/Injury,15,76,Discharged,No,2022-01-19 11:51:00
EV004380,PAT01689,FAC001,DEP008,2021-01-21 14:40:00,Referral,3,Allergic Reaction,23,80,Admitted,Yes,2021-01-21 16:23:00
EV004394,PAT02992,FAC005,DEP008,2021-03-03 07:50:00,Walk-in,4,Abdominal Pain,71,88,Discharged,No,2021-03-03 10:29:00
EV004401,PAT01732,FAC003,DEP008,2021-06-06 21:54:00,Walk-in,5,Laceration,38,48,Discharged,No,2021-06-06 23:20:00
EV004402,PAT12980,FAC001,DEP008,2024-07-11 15:36:00,Referral,3,Allergic Reaction,29,84,Admitted,Yes,2024-07-11 17:29:00
EV004413,PAT01476,FAC002,DEP006,2026-01-02 18:19:00,Walk-in,3,Laceration,42,83,Discharged,No,2026-01-02 20:24:00
EV004415,PAT06949,FAC001,DEP008,2025-05-13 16:59:00,Police/Public,3,Chest Pain,32,101,Discharged,No,2025-05-13 19:12:00
EV004416,PAT12556,FAC003,DEP008,2024-11-09 13:28:00,Walk-in,4,Breathing Difficulty,94,53,Discharged,No,2024-11-09 15:55:00
EV004422,PAT14683,FAC005,DEP008,2021-05-19 23:54:00,Ambulance,1,Fever,2,196,Admitted,Yes,2021-05-20 03:12:00
EV004425,PAT06827,FAC001,DEP008,2026-06-22 00:02:00,Walk-in,4,Laceration,58,63,Discharged,No,2026-06-22 02:03:00
EV004427,PAT06934,FAC005,DEP008,2024-06-05 18:22:00,Walk-in,4,Allergic Reaction,27,30,Discharged,No,2024-06-05 19:19:00
EV004428,PAT02146,FAC001,DEP008,2024-03-25 18:00:00,Ambulance,4,Stroke Symptoms,12,72,Admitted,Yes,2024-03-25 19:24:00
EV004440,PAT09591,FAC005,DEP008,2023-06-06 18:48:00,Walk-in,3,Allergic Reaction,32,62,Discharged,No,2023-06-06 20:22:00
EV004450,PAT07321,FAC003,DEP008,2024-02-01 11:43:00,Walk-in,5,Trauma/Injury,68,21,Discharged,No,2024-02-01 13:12:00
EV004454,PAT13469,FAC001,DEP008,2023-01-12 08:59:00,Police/Public,2,Stroke Symptoms,24,147,Discharged,No,2023-01-12 11:50:00
EV004463,PAT02590,FAC005,DEP008,2026-07-20 09:14:00,Ambulance,2,Seizure,18,164,Discharged,No,2026-07-20 12:16:00
EV004475,PAT05413,FAC001,DEP008,2024-09-15 12:10:00,Walk-in,4,Laceration,46,88,Discharged,No,2024-09-15 14:24:00
EV004476,PAT01044,FAC004,DEP001,2023-09-10 19:49:00,Referral,3,Seizure,35,108,Discharged,No,2023-09-10 22:12:00
EV004477,PAT01622,FAC001,DEP008,2025-05-29 23:40:00,Walk-in,4,Chest Pain,60,43,Admitted,Yes,2025-05-30 01:23:00
EV004480,PAT08150,FAC005,DEP008,2022-08-15 10:03:00,Referral,3,Trauma/Injury,19,98,Discharged,No,2022-08-15 12:00:00
EV004488,PAT08066,FAC005,DEP008,2022-03-10 09:59:00,Ambulance,3,Fever,20,91,Discharged,No,2022-03-10 11:50:00
EV004490,PAT04514,FAC002,DEP006,2026-01-19 10:15:00,Walk-in,2,Fever,15,134,Discharged,No,2026-01-19 12:44:00
EV004492,PAT10105,FAC003,DEP008,2025-09-23 17:32:00,Referral,5,Laceration,46,53,Discharged,No,2025-09-23 19:11:00
EV004498,PAT02110,FAC002,DEP007,2025-02-21 17:07:00,Walk-in,4,Fever,60,75,Transferred,No,2025-02-21 19:22:00
EV004500,PAT05788,FAC003,DEP008,2025-08-25 18:55:00,Walk-in,5,Chest Pain,99,36,Discharged,No,2025-08-25 21:10:00
EV004503,PAT02349,FAC003,DEP008,2026-01-02 02:28:00,Walk-in,3,Fracture,33,67,Discharged,No,2026-01-02 04:08:00
EV004508,PAT05621,FAC001,DEP008,2025-03-19 00:20:00,Walk-in,4,Fever,48,55,Discharged,No,2025-03-19 02:03:00
EV004513,PAT00750,FAC005,DEP008,2026-10-06 18:14:00,Walk-in,4,Seizure,76,54,Discharged,No,2026-10-06 20:24:00
EV004517,PAT09813,FAC005,DEP008,2023-01-30 14:49:00,Referral,3,Allergic Reaction,56,95,Discharged,No,2023-01-30 17:20:00
EV004518,PAT01607,FAC004,DEP005,2026-07-12 19:07:00,Police/Public,3,Chest Pain,26,122,Admitted,Yes,2026-07-12 21:35:00
EV004520,PAT14816,FAC003,DEP008,2024-04-25 17:46:00,Walk-in,4,Allergic Reaction,78,82,Transferred,No,2024-04-25 20:26:00
EV004529,PAT00047,FAC001,DEP008,2022-04-26 19:07:00,Ambulance,5,Chest Pain,101,15,Discharged,No,2022-04-26 21:03:00
EV004538,PAT04111,FAC002,DEP007,2022-05-31 08:34:00,Walk-in,4,Laceration,18,56,Discharged,No,2022-05-31 09:48:00
EV004539,PAT02089,FAC002,DEP002,2021-09-24 06:39:00,Walk-in,3,Fracture,44,97,Discharged,No,2021-09-24 09:00:00
EV004558,PAT11283,FAC002,DEP007,2022-12-14 23:55:00,Walk-in,3,Laceration,33,107,Discharged,No,2022-12-15 02:15:00
EV004560,PAT10444,FAC001,DEP008,2022-02-20 08:18:00,Walk-in,2,Seizure,7,162,Admitted,Yes,2022-02-20 11:07:00
EV004562,PAT03515,FAC004,DEP006,2024-10-09 02:30:00,Referral,4,Trauma/Injury,34,56,Discharged,No,2024-10-09 04:00:00
EV004570,PAT04537,FAC004,DEP001,2022-12-26 08:25:00,Ambulance,4,Poisoning,36,50,Discharged,No,2022-12-26 09:51:00
EV004579,PAT13323,FAC003,DEP008,2021-03-23 11:51:00,Walk-in,3,Abdominal Pain,26,88,Discharged,No,2021-03-23 13:45:00
EV004593,PAT02391,FAC003,DEP008,2022-05-23 08:50:00,Walk-in,3,Poisoning,43,102,Transferred,No,2022-05-23 11:15:00
EV004594,PAT11246,FAC001,DEP008,2021-09-04 14:16:00,Walk-in,4,Stroke Symptoms,46,60,Discharged,No,2021-09-04 16:02:00
EV004595,PAT02449,FAC002,DEP005,2025-01-15 18:49:00,Walk-in,4,Poisoning,77,68,Discharged,No,2025-01-15 21:14:00
EV004599,PAT03370,FAC004,DEP001,2024-11-11 20:49:00,Ambulance,3,Allergic Reaction,49,116,Discharged,No,2024-11-11 23:34:00
EV004604,PAT02129,FAC005,DEP008,2026-03-08 14:31:00,Police/Public,4,Stroke Symptoms,38,48,Discharged,No,2026-03-08 15:57:00
EV004606,PAT01184,FAC004,DEP001,2021-05-15 10:04:00,Walk-in,4,Chest Pain,79,62,Discharged,No,2021-05-15 12:25:00
EV004611,PAT02920,FAC004,DEP007,2021-03-22 23:01:00,Walk-in,3,Breathing Difficulty,38,110,Discharged,No,2021-03-23 01:29:00
EV004618,PAT04111,FAC003,DEP008,2026-02-04 16:43:00,Walk-in,3,Fever,24,136,Transferred,No,2026-02-04 19:23:00
EV004651,PAT03475,FAC005,DEP008,2024-05-25 06:19:00,Police/Public,4,Fever,33,26,LWBS,No,2024-05-25 07:18:00
EV004654,PAT08789,FAC001,DEP008,2024-05-10 06:53:00,Ambulance,4,Stroke Symptoms,95,56,LWBS,No,2024-05-10 09:24:00
EV004655,PAT06249,FAC005,DEP008,2025-01-05 13:50:00,Walk-in,4,Fracture,40,77,Discharged,No,2025-01-05 15:47:00
EV004662,PAT02406,FAC005,DEP008,2024-12-23 13:41:00,Walk-in,1,Abdominal Pain,5,188,Admitted,Yes,2024-12-23 16:54:00
EV004663,PAT07573,FAC005,DEP008,2025-11-15 22:31:00,Referral,4,Abdominal Pain,23,73,Discharged,No,2025-11-16 00:07:00
EV004665,PAT02456,FAC002,DEP005,2025-05-11 13:41:00,Referral,4,Trauma/Injury,41,36,LWBS,No,2025-05-11 14:58:00
EV004672,PAT04234,FAC005,DEP008,2021-03-27 08:15:00,Ambulance,3,Laceration,54,90,Discharged,No,2021-03-27 10:39:00
EV004678,PAT10391,FAC002,DEP007,2025-12-31 16:46:00,Walk-in,3,Trauma/Injury,34,92,Admitted,Yes,2025-12-31 18:52:00
EV004683,PAT08969,FAC004,DEP005,2024-08-16 18:09:00,Walk-in,4,Allergic Reaction,53,54,Discharged,No,2024-08-16 19:56:00
EV004695,PAT04683,FAC004,DEP004,2023-02-18 13:16:00,Ambulance,3,Breathing Difficulty,40,58,Discharged,No,2023-02-18 14:54:00
EV004697,PAT11855,FAC001,DEP008,2025-03-18 03:00:00,Walk-in,4,Allergic Reaction,63,57,Discharged,No,2025-03-18 05:00:00
EV004701,PAT02677,FAC004,DEP007,2026-06-02 06:44:00,Referral,3,Laceration,55,78,Admitted,Yes,2026-06-02 08:57:00
EV004704,PAT03847,FAC002,DEP005,2021-09-14 08:02:00,Walk-in,4,Seizure,29,74,Discharged,No,2021-09-14 09:45:00
EV004713,PAT04337,FAC003,DEP008,2025-10-10 10:53:00,Ambulance,5,Fever,111,41,Admitted,Yes,2025-10-10 13:25:00
EV004718,PAT09249,FAC002,DEP005,2025-05-06 15:20:00,Ambulance,3,Trauma/Injury,28,64,Discharged,No,2025-05-06 16:52:00
EV004721,PAT07529,FAC002,DEP005,2022-08-08 06:07:00,Ambulance,3,Stroke Symptoms,37,121,Discharged,No,2022-08-08 08:45:00
EV004726,PAT00474,FAC004,DEP001,2025-11-12 17:34:00,Walk-in,4,Abdominal Pain,43,55,Discharged,No,2025-11-12 19:12:00
EV004727,PAT12350,FAC002,DEP002,2023-05-30 08:24:00,Walk-in,3,Allergic Reaction,50,44,Transferred,No,2023-05-30 09:58:00
EV004730,PAT03252,FAC002,DEP007,2023-02-24 01:37:00,Walk-in,4,Abdominal Pain,54,32,Discharged,No,2023-02-24 03:03:00
EV004738,PAT03947,FAC005,DEP008,2026-02-12 04:30:00,Ambulance,4,Trauma/Injury,85,60,Discharged,No,2026-02-12 06:55:00
EV004746,PAT03746,FAC003,DEP008,2023-02-03 23:03:00,Referral,4,Fracture,78,64,Transferred,No,2023-02-04 01:25:00
EV004747,PAT14529,FAC002,DEP001,2023-05-29 20:17:00,Ambulance,3,Fever,41,108,Admitted,Yes,2023-05-29 22:46:00
EV004759,PAT03078,FAC002,DEP001,2024-08-08 20:55:00,Walk-in,3,Allergic Reaction,52,64,Discharged,No,2024-08-08 22:51:00
EV004762,PAT14243,FAC002,DEP005,2025-11-06 04:18:00,Ambulance,4,Chest Pain,93,72,Admitted,Yes,2025-11-06 07:03:00
EV004763,PAT02092,FAC003,DEP008,2023-10-05 06:52:00,Walk-in,4,Fever,60,27,Discharged,No,2023-10-05 08:19:00
EV004770,PAT14537,FAC002,DEP002,2022-10-28 00:07:00,Referral,2,Laceration,16,197,Discharged,No,2022-10-28 03:40:00
EV004782,PAT00048,FAC002,DEP007,2024-06-24 20:03:00,Ambulance,2,Fever,10,156,Discharged,No,2024-06-24 22:49:00
EV004786,PAT10795,FAC002,DEP005,2023-01-22 16:33:00,Walk-in,4,Fracture,59,49,Discharged,No,2023-01-22 18:21:00
EV004787,PAT01769,FAC004,DEP006,2026-10-26 17:11:00,Police/Public,1,Seizure,3,242,LWBS,No,2026-10-26 21:16:00
EV004795,PAT03493,FAC005,DEP008,2023-08-12 19:24:00,Referral,3,Allergic Reaction,32,104,Transferred,No,2023-08-12 21:40:00
EV004798,PAT08599,FAC004,DEP005,2023-09-15 18:16:00,Walk-in,3,Laceration,38,61,Discharged,No,2023-09-15 19:55:00
EV004806,PAT08006,FAC005,DEP008,2025-09-30 03:36:00,Referral,3,Fever,28,37,Discharged,No,2025-09-30 04:41:00
EV004814,PAT12829,FAC002,DEP007,2021-08-06 07:27:00,Referral,4,Stroke Symptoms,62,69,Admitted,Yes,2021-08-06 09:38:00
EV004815,PAT14361,FAC005,DEP008,2025-05-08 09:41:00,Referral,3,Fever,31,87,Discharged,No,2025-05-08 11:39:00
EV004822,PAT09319,FAC002,DEP001,2023-03-14 22:32:00,Police/Public,5,Fever,77,60,Discharged,No,2023-03-15 00:49:00
EV004825,PAT01792,FAC001,DEP008,2024-07-18 09:07:00,Walk-in,4,Fever,35,83,Discharged,No,2024-07-18 11:05:00
EV004832,PAT07837,FAC003,DEP008,2026-06-25 06:46:00,Walk-in,3,Abdominal Pain,41,76,Discharged,No,2026-06-25 08:43:00
EV004833,PAT04099,FAC001,DEP008,2025-04-07 00:32:00,Referral,3,Fever,31,79,Discharged,No,2025-04-07 02:22:00
EV004834,PAT03858,FAC004,DEP002,2022-01-01 11:12:00,Walk-in,4,Abdominal Pain,56,77,Admitted,Yes,2022-01-01 13:25:00
EV004837,PAT11083,FAC002,DEP005,2026-06-15 13:27:00,Walk-in,5,Fracture,65,59,Discharged,No,2026-06-15 15:31:00
EV004839,PAT14007,FAC001,DEP008,2023-06-30 10:53:00,Walk-in,5,Fracture,88,42,LWBS,No,2023-06-30 13:03:00
EV004841,PAT06073,FAC004,DEP001,2023-11-17 13:15:00,Ambulance,3,Chest Pain,28,120,Discharged,No,2023-11-17 15:43:00
EV004843,PAT11627,FAC004,DEP006,2025-05-12 08:33:00,Walk-in,3,Breathing Difficulty,35,80,LWBS,No,2025-05-12 10:28:00
EV004866,PAT09825,FAC001,DEP008,2022-05-03 02:14:00,Ambulance,4,Trauma/Injury,59,73,Deceased,No,2022-05-03 04:26:00
EV004870,PAT09616,FAC002,DEP002,2024-01-05 19:02:00,Walk-in,1,Fracture,4,167,Discharged,No,2024-01-05 21:53:00
EV004876,PAT10060,FAC003,DEP008,2023-09-12 11:14:00,Walk-in,3,Stroke Symptoms,47,35,Discharged,No,2023-09-12 12:36:00
EV004887,PAT06934,FAC002,DEP001,2022-04-26 14:40:00,Walk-in,5,Trauma/Injury,80,33,Discharged,No,2022-04-26 16:33:00
EV004891,PAT10382,FAC002,DEP007,2022-10-27 13:26:00,Walk-in,3,Trauma/Injury,14,88,Discharged,No,2022-10-27 15:08:00
EV004892,PAT08399,FAC002,DEP005,2023-03-04 08:04:00,Walk-in,5,Trauma/Injury,47,44,Admitted,Yes,2023-03-04 09:35:00
EV004897,PAT08388,FAC002,DEP001,2026-10-09 08:29:00,Walk-in,4,Laceration,56,44,Discharged,No,2026-10-09 10:09:00
EV004908,PAT01471,FAC004,DEP007,2021-12-25 19:04:00,Walk-in,4,Abdominal Pain,26,73,Discharged,No,2021-12-25 20:43:00
EV004910,PAT12999,FAC005,DEP008,2022-02-13 02:53:00,Ambulance,4,Breathing Difficulty,77,75,Admitted,Yes,2022-02-13 05:25:00
EV004914,PAT04392,FAC002,DEP002,2022-07-21 19:38:00,Walk-in,4,Laceration,75,68,Discharged,No,2022-07-21 22:01:00
EV004916,PAT02443,FAC004,DEP006,2025-04-13 02:35:00,Ambulance,3,Trauma/Injury,33,86,Discharged,No,2025-04-13 04:34:00
EV004917,PAT07364,FAC003,DEP008,2024-06-08 17:35:00,Ambulance,2,Poisoning,16,104,Admitted,Yes,2024-06-08 19:35:00
EV004922,PAT03821,FAC004,DEP006,2023-06-22 10:14:00,Ambulance,3,Seizure,28,78,Discharged,No,2023-06-22 12:00:00
EV004923,PAT11472,FAC004,DEP002,2024-06-03 16:02:00,Walk-in,3,Stroke Symptoms,34,124,Admitted,Yes,2024-06-03 18:40:00
EV004924,PAT04541,FAC003,DEP008,2022-01-24 05:12:00,Walk-in,2,Fever,10,160,Discharged,No,2022-01-24 08:02:00
EV004930,PAT06339,FAC005,DEP008,2022-11-01 23:52:00,Walk-in,3,Chest Pain,10,108,Discharged,No,2022-11-02 01:50:00
EV004940,PAT03951,FAC003,DEP008,2026-12-13 03:55:00,Walk-in,4,Breathing Difficulty,6,54,Discharged,No,2026-12-13 04:55:00
EV004942,PAT04514,FAC002,DEP006,2023-01-13 09:19:00,Walk-in,5,Seizure,74,22,LWBS,No,2023-01-13 10:55:00
EV004953,PAT06730,FAC004,DEP006,2022-04-11 02:54:00,Walk-in,3,Fracture,22,64,Admitted,Yes,2022-04-11 04:20:00
EV004962,PAT03129,FAC003,DEP008,2021-07-18 13:06:00,Referral,4,Fracture,21,60,Discharged,No,2021-07-18 14:27:00
EV004963,PAT12120,FAC002,DEP006,2021-12-06 09:09:00,Walk-in,4,Allergic Reaction,47,64,Deceased,No,2021-12-06 11:00:00
EV004982,PAT00430,FAC004,DEP006,2026-01-10 02:46:00,Walk-in,2,Fever,5,140,Discharged,No,2026-01-10 05:11:00
EV004984,PAT01845,FAC003,DEP008,2026-06-26 05:20:00,Ambulance,4,Fracture,46,58,Discharged,No,2026-06-26 07:04:00
EV004987,PAT09268,FAC001,DEP008,2026-03-22 06:29:00,Walk-in,3,Stroke Symptoms,65,64,Discharged,No,2026-03-22 08:38:00
EV004999,PAT02302,FAC004,DEP006,2025-04-06 16:02:00,Walk-in,2,Breathing Difficulty,11,145,Discharged,No,2025-04-06 18:38:00
EV005012,PAT01019,FAC004,DEP005,2024-11-06 04:46:00,Ambulance,4,Fracture,70,65,Admitted,Yes,2024-11-06 07:01:00
EV005014,PAT11573,FAC003,DEP008,2025-03-31 08:10:00,Walk-in,4,Stroke Symptoms,64,73,Discharged,No,2025-03-31 10:27:00
EV005018,PAT14398,FAC003,DEP008,2025-12-03 21:49:00,Walk-in,1,Trauma/Injury,6,164,Discharged,No,2025-12-04 00:39:00
EV005021,PAT12693,FAC003,DEP008,2025-04-08 08:17:00,Walk-in,1,Chest Pain,5,174,Transferred,No,2025-04-08 11:16:00
EV005022,PAT08488,FAC005,DEP008,2022-07-21 16:30:00,Walk-in,4,Trauma/Injury,45,84,Discharged,No,2022-07-21 18:39:00
EV005028,PAT09056,FAC005,DEP008,2025-01-27 07:45:00,Ambulance,4,Fever,84,57,Transferred,No,2025-01-27 10:06:00
EV005032,PAT11656,FAC002,DEP007,2022-10-11 21:02:00,Referral,3,Allergic Reaction,27,103,Transferred,No,2022-10-11 23:12:00
EV005043,PAT01227,FAC003,DEP008,2024-03-31 18:26:00,Walk-in,4,Abdominal Pain,49,52,Discharged,No,2024-03-31 20:07:00
EV005044,PAT06007,FAC003,DEP008,2022-01-11 06:50:00,Ambulance,4,Fracture,29,68,Discharged,No,2022-01-11 08:27:00
EV005055,PAT01214,FAC003,DEP008,2026-01-11 15:22:00,Walk-in,4,Stroke Symptoms,48,68,Admitted,Yes,2026-01-11 17:18:00
EV005057,PAT12407,FAC001,DEP008,2025-07-21 19:11:00,Walk-in,4,Seizure,63,58,Transferred,No,2025-07-21 21:12:00
EV005068,PAT14383,FAC004,DEP006,2021-05-24 04:21:00,Referral,5,Abdominal Pain,117,26,Discharged,No,2021-05-24 06:44:00
EV005084,PAT03703,FAC002,DEP005,2025-02-16 19:42:00,Walk-in,3,Poisoning,30,78,Admitted,Yes,2025-02-16 21:30:00
EV005086,PAT04101,FAC005,DEP008,2025-01-12 00:18:00,Walk-in,3,Allergic Reaction,40,131,Discharged,No,2025-01-12 03:09:00
EV005090,PAT04095,FAC002,DEP005,2023-11-11 18:15:00,Walk-in,3,Breathing Difficulty,30,66,Discharged,No,2023-11-11 19:51:00
EV005092,PAT14029,FAC003,DEP008,2024-09-29 04:36:00,Walk-in,4,Breathing Difficulty,63,57,Admitted,Yes,2024-09-29 06:36:00
EV005095,PAT05628,FAC002,DEP005,2025-01-20 19:51:00,Police/Public,3,Chest Pain,17,78,Discharged,No,2025-01-20 21:26:00
EV005102,PAT10235,FAC001,DEP008,2026-11-23 18:28:00,Walk-in,4,Allergic Reaction,80,84,Admitted,Yes,2026-11-23 21:12:00
EV005111,PAT08770,FAC004,DEP005,2026-11-19 15:16:00,Referral,3,Stroke Symptoms,13,58,Discharged,No,2026-11-19 16:27:00
EV005112,PAT14702,FAC003,DEP008,2022-07-11 22:49:00,Walk-in,3,Stroke Symptoms,22,68,Transferred,No,2022-07-12 00:19:00
EV005114,PAT00120,FAC001,DEP008,2023-07-31 18:57:00,Police/Public,3,Abdominal Pain,38,76,LWBS,No,2023-07-31 20:51:00
EV005118,PAT01787,FAC002,DEP002,2021-11-07 05:00:00,Walk-in,3,Stroke Symptoms,30,69,Discharged,No,2021-11-07 06:39:00
EV005119,PAT05997,FAC002,DEP005,2023-12-21 09:22:00,Ambulance,3,Allergic Reaction,41,94,Admitted,Yes,2023-12-21 11:37:00
EV005128,PAT10060,FAC001,DEP008,2021-07-30 05:13:00,Ambulance,4,Stroke Symptoms,87,71,Discharged,No,2021-07-30 07:51:00
EV005135,PAT13477,FAC004,DEP007,2024-01-25 19:05:00,Walk-in,5,Allergic Reaction,66,43,Discharged,No,2024-01-25 20:54:00
EV005139,PAT09981,FAC003,DEP008,2023-03-06 23:04:00,Walk-in,2,Fracture,22,153,Discharged,No,2023-03-07 01:59:00
EV005140,PAT10857,FAC004,DEP006,2022-11-17 03:24:00,Police/Public,5,Allergic Reaction,51,35,Admitted,Yes,2022-11-17 04:50:00
EV005149,PAT06809,FAC005,DEP008,2022-03-07 12:06:00,Walk-in,4,Abdominal Pain,52,56,Transferred,No,2022-03-07 13:54:00
EV005152,PAT01531,FAC005,DEP008,2023-02-06 02:16:00,Walk-in,5,Laceration,100,48,Discharged,No,2023-02-06 04:44:00
EV005155,PAT10595,FAC003,DEP008,2023-06-13 07:38:00,Walk-in,5,Fever,107,36,Discharged,No,2023-06-13 10:01:00
EV005156,PAT07586,FAC001,DEP008,2025-12-13 13:43:00,Ambulance,3,Breathing Difficulty,34,128,LWBS,No,2025-12-13 16:25:00
EV005171,PAT00248,FAC002,DEP007,2023-01-29 08:56:00,Walk-in,4,Fracture,50,35,Discharged,No,2023-01-29 10:21:00
EV005172,PAT01936,FAC004,DEP004,2025-07-01 13:04:00,Ambulance,1,Seizure,5,171,Discharged,No,2025-07-01 16:00:00
EV005173,PAT12369,FAC004,DEP002,2022-07-20 13:54:00,Walk-in,5,Seizure,90,32,Discharged,No,2022-07-20 15:56:00
EV005183,PAT12129,FAC002,DEP005,2026-07-20 14:23:00,Walk-in,4,Chest Pain,47,56,Admitted,Yes,2026-07-20 16:06:00
EV005195,PAT06707,FAC004,DEP006,2021-01-26 08:41:00,Walk-in,3,Trauma/Injury,39,75,Discharged,No,2021-01-26 10:35:00
EV005196,PAT02969,FAC005,DEP008,2022-10-12 01:51:00,Walk-in,5,Chest Pain,96,44,Admitted,Yes,2022-10-12 04:11:00
EV005205,PAT09973,FAC004,DEP005,2026-02-17 11:45:00,Walk-in,3,Abdominal Pain,52,104,Transferred,No,2026-02-17 14:21:00
EV005210,PAT14019,FAC002,DEP006,2021-12-31 18:41:00,Ambulance,5,Fracture,95,28,Discharged,No,2021-12-31 20:44:00
EV005221,PAT10111,FAC003,DEP008,2026-04-04 03:48:00,Ambulance,5,Fracture,57,31,Transferred,No,2026-04-04 05:16:00
EV005229,PAT09280,FAC001,DEP008,2023-12-31 07:39:00,Walk-in,4,Breathing Difficulty,53,56,Discharged,No,2023-12-31 09:28:00
EV005230,PAT02178,FAC002,DEP002,2025-09-29 07:16:00,Walk-in,3,Fracture,36,43,Discharged,No,2025-09-29 08:35:00
EV005244,PAT06378,FAC001,DEP008,2022-10-26 05:37:00,Walk-in,4,Poisoning,28,72,Admitted,Yes,2022-10-26 07:17:00
EV005245,PAT01124,FAC004,DEP007,2022-09-06 05:58:00,Ambulance,3,Breathing Difficulty,22,90,Discharged,No,2022-09-06 07:50:00
EV005248,PAT07248,FAC003,DEP008,2021-03-07 20:22:00,Walk-in,3,Fever,34,102,Discharged,No,2021-03-07 22:38:00
EV005250,PAT03257,FAC004,DEP006,2024-07-01 12:20:00,Police/Public,4,Fracture,74,53,Discharged,No,2024-07-01 14:27:00
EV005255,PAT08485,FAC004,DEP005,2025-08-17 20:14:00,Referral,3,Breathing Difficulty,34,82,Discharged,No,2025-08-17 22:10:00
EV005259,PAT11624,FAC003,DEP008,2025-06-30 10:43:00,Ambulance,4,Fever,55,39,Admitted,Yes,2025-06-30 12:17:00
EV005260,PAT07151,FAC004,DEP007,2025-09-09 10:06:00,Ambulance,3,Seizure,32,60,Admitted,Yes,2025-09-09 11:38:00
EV005270,PAT06606,FAC001,DEP008,2021-12-22 06:59:00,Walk-in,4,Fever,61,63,Discharged,No,2021-12-22 09:03:00
EV005277,PAT09895,FAC004,DEP007,2022-10-25 22:22:00,Walk-in,3,Trauma/Injury,26,62,Admitted,Yes,2022-10-25 23:50:00
EV005280,PAT12822,FAC005,DEP008,2022-07-19 23:19:00,Ambulance,5,Seizure,57,39,Discharged,No,2022-07-20 00:55:00
EV005282,PAT03479,FAC004,DEP005,2026-06-01 05:25:00,Police/Public,3,Trauma/Injury,25,81,Admitted,Yes,2026-06-01 07:11:00
EV005295,PAT11683,FAC003,DEP008,2021-08-04 19:20:00,Walk-in,4,Chest Pain,52,71,Admitted,Yes,2021-08-04 21:23:00
EV005298,PAT14316,FAC005,DEP008,2021-10-14 06:53:00,Referral,3,Fever,21,79,Discharged,No,2021-10-14 08:33:00
EV005300,PAT10695,FAC003,DEP008,2025-12-18 22:22:00,Referral,5,Seizure,91,50,Admitted,Yes,2025-12-19 00:43:00
EV005303,PAT03496,FAC005,DEP008,2025-01-28 04:37:00,Referral,4,Abdominal Pain,41,62,Admitted,Yes,2025-01-28 06:20:00
EV005324,PAT06689,FAC005,DEP008,2023-02-14 16:18:00,Walk-in,3,Laceration,38,70,Discharged,No,2023-02-14 18:06:00
EV005330,PAT13791,FAC001,DEP008,2025-05-22 02:05:00,Walk-in,4,Breathing Difficulty,26,68,Admitted,Yes,2025-05-22 03:39:00
EV005348,PAT01209,FAC001,DEP008,2024-01-10 03:54:00,Ambulance,5,Chest Pain,68,27,Discharged,No,2024-01-10 05:29:00
EV005355,PAT04275,FAC003,DEP008,2025-06-13 00:01:00,Walk-in,4,Allergic Reaction,60,67,Admitted,Yes,2025-06-13 02:08:00
EV005362,PAT03426,FAC005,DEP008,2021-10-13 10:59:00,Ambulance,3,Abdominal Pain,47,117,Discharged,No,2021-10-13 13:43:00
EV005363,PAT04342,FAC004,DEP002,2025-02-06 18:03:00,Walk-in,2,Breathing Difficulty,21,152,Discharged,No,2025-02-06 20:56:00
EV005368,PAT05479,FAC004,DEP002,2022-02-23 03:54:00,Ambulance,1,Fracture,4,229,Admitted,Yes,2022-02-23 07:47:00
EV005371,PAT02859,FAC004,DEP005,2026-06-03 01:56:00,Ambulance,3,Fever,44,88,Discharged,No,2026-06-03 04:08:00
EV005372,PAT11712,FAC001,DEP008,2023-08-14 21:10:00,Referral,4,Trauma/Injury,51,63,Discharged,No,2023-08-14 23:04:00
EV005373,PAT00281,FAC003,DEP008,2024-05-06 21:05:00,Walk-in,5,Abdominal Pain,96,31,Discharged,No,2024-05-06 23:12:00
EV005375,PAT11031,FAC001,DEP008,2024-07-13 21:28:00,Walk-in,5,Trauma/Injury,79,30,Discharged,No,2024-07-13 23:17:00
EV005382,PAT14473,FAC004,DEP002,2024-08-30 03:47:00,Walk-in,4,Trauma/Injury,102,56,Admitted,Yes,2024-08-30 06:25:00
EV005389,PAT05741,FAC003,DEP008,2026-05-04 12:00:00,Ambulance,3,Fracture,41,87,Admitted,Yes,2026-05-04 14:08:00
EV005399,PAT12850,FAC004,DEP004,2021-04-27 20:49:00,Walk-in,4,Seizure,35,61,Discharged,No,2021-04-27 22:25:00
EV005400,PAT10429,FAC004,DEP002,2023-09-29 00:17:00,Walk-in,3,Fever,34,135,Discharged,No,2023-09-29 03:06:00
EV005406,PAT01209,FAC005,DEP008,2025-01-12 21:15:00,Referral,3,Breathing Difficulty,39,96,Discharged,No,2025-01-12 23:30:00
EV005410,PAT01035,FAC001,DEP008,2025-06-11 17:35:00,Ambulance,4,Stroke Symptoms,62,73,Discharged,No,2025-06-11 19:50:00
EV005418,PAT06129,FAC004,DEP007,2026-01-10 21:19:00,Referral,4,Fracture,57,18,Admitted,Yes,2026-01-10 22:34:00
EV005420,PAT11954,FAC005,DEP008,2025-02-20 02:52:00,Referral,5,Breathing Difficulty,89,33,Discharged,No,2025-02-20 04:54:00
EV005437,PAT14723,FAC004,DEP007,2022-02-03 02:28:00,Walk-in,4,Laceration,73,49,LWBS,No,2022-02-03 04:30:00
EV005442,PAT01476,FAC005,DEP008,2022-03-05 14:08:00,Ambulance,1,Chest Pain,2,209,Discharged,No,2022-03-05 17:39:00
EV005456,PAT06635,FAC003,DEP008,2022-10-29 22:05:00,Walk-in,4,Fracture,49,35,Discharged,No,2022-10-29 23:29:00
EV005459,PAT06106,FAC002,DEP001,2025-11-15 23:12:00,Walk-in,4,Fever,99,50,Discharged,No,2025-11-16 01:41:00
EV005460,PAT12888,FAC004,DEP001,2026-10-22 05:08:00,Police/Public,2,Trauma/Injury,13,164,Discharged,No,2026-10-22 08:05:00
EV005463,PAT05793,FAC003,DEP008,2025-07-25 08:24:00,Walk-in,4,Fever,80,48,Discharged,No,2025-07-25 10:32:00
EV005472,PAT04059,FAC003,DEP008,2025-11-14 07:35:00,Ambulance,5,Allergic Reaction,74,39,Discharged,No,2025-11-14 09:28:00
EV005476,PAT05971,FAC002,DEP006,2021-06-09 20:06:00,Walk-in,4,Fever,59,70,Admitted,Yes,2021-06-09 22:15:00
EV005477,PAT12059,FAC005,DEP008,2025-05-22 08:48:00,Walk-in,5,Fever,96,40,Admitted,Yes,2025-05-22 11:04:00
EV005484,PAT03644,FAC005,DEP008,2021-11-28 05:56:00,Police/Public,2,Fracture,10,94,Admitted,Yes,2021-11-28 07:40:00
EV005486,PAT10476,FAC004,DEP005,2025-12-20 21:53:00,Ambulance,5,Fever,83,39,Admitted,Yes,2025-12-20 23:55:00
EV005487,PAT12120,FAC005,DEP008,2025-10-29 02:57:00,Walk-in,4,Abdominal Pain,37,68,Transferred,No,2025-10-29 04:42:00
EV005492,PAT03657,FAC005,DEP008,2026-02-17 16:47:00,Walk-in,2,Chest Pain,18,124,Admitted,Yes,2026-02-17 19:09:00
EV005499,PAT09020,FAC004,DEP002,2021-07-13 04:26:00,Walk-in,3,Laceration,44,102,Discharged,No,2021-07-13 06:52:00
EV005503,PAT08619,FAC004,DEP007,2026-10-09 23:07:00,Walk-in,5,Poisoning,38,41,Discharged,No,2026-10-10 00:26:00
EV005507,PAT13678,FAC005,DEP008,2024-03-02 16:37:00,Police/Public,2,Stroke Symptoms,12,155,Discharged,No,2024-03-02 19:24:00
EV005510,PAT13138,FAC005,DEP008,2026-11-08 06:54:00,Walk-in,4,Poisoning,24,48,Admitted,Yes,2026-11-08 08:06:00
EV005516,PAT12396,FAC001,DEP008,2026-01-27 15:57:00,Walk-in,4,Chest Pain,74,69,LWBS,No,2026-01-27 18:20:00
EV005520,PAT14689,FAC004,DEP005,2024-09-25 12:16:00,Walk-in,4,Fracture,44,53,Discharged,No,2024-09-25 13:53:00
EV005537,PAT11640,FAC004,DEP007,2024-10-10 09:41:00,Walk-in,5,Fracture,105,38,Discharged,No,2024-10-10 12:04:00
EV005538,PAT07121,FAC001,DEP008,2026-12-30 00:36:00,Walk-in,4,Fracture,78,80,LWBS,No,2026-12-30 03:14:00
EV005545,PAT12906,FAC003,DEP008,2025-01-09 05:41:00,Walk-in,4,Chest Pain,65,53,Discharged,No,2025-01-09 07:39:00
EV005546,PAT09405,FAC004,DEP007,2021-11-15 18:55:00,Ambulance,5,Poisoning,97,50,Admitted,Yes,2021-11-15 21:22:00
EV005547,PAT06188,FAC001,DEP008,2021-09-21 17:14:00,Walk-in,4,Laceration,59,69,Discharged,No,2021-09-21 19:22:00
EV005554,PAT14746,FAC002,DEP006,2025-11-27 05:51:00,Walk-in,4,Stroke Symptoms,61,68,Admitted,Yes,2025-11-27 08:00:00
EV005555,PAT01702,FAC004,DEP005,2022-08-23 17:07:00,Ambulance,4,Allergic Reaction,72,68,Admitted,Yes,2022-08-23 19:27:00
EV005556,PAT02849,FAC001,DEP008,2022-02-28 09:12:00,Ambulance,3,Seizure,23,100,Discharged,No,2022-02-28 11:15:00
EV005557,PAT02754,FAC004,DEP006,2022-04-14 23:28:00,Ambulance,5,Chest Pain,43,39,Discharged,No,2022-04-15 00:50:00
EV005560,PAT07922,FAC005,DEP008,2026-05-22 15:45:00,Ambulance,4,Stroke Symptoms,71,45,Discharged,No,2026-05-22 17:41:00
EV005562,PAT11319,FAC002,DEP005,2021-07-05 16:36:00,Walk-in,4,Chest Pain,58,67,Discharged,No,2021-07-05 18:41:00
EV005563,PAT02663,FAC001,DEP008,2022-11-24 18:52:00,Ambulance,4,Chest Pain,31,46,Discharged,No,2022-11-24 20:09:00
EV005565,PAT12838,FAC005,DEP008,2023-11-24 08:38:00,Ambulance,3,Breathing Difficulty,31,84,Admitted,Yes,2023-11-24 10:33:00
EV005566,PAT00246,FAC003,DEP008,2024-07-16 02:57:00,Walk-in,4,Seizure,59,57,Discharged,No,2024-07-16 04:53:00
EV005570,PAT06159,FAC004,DEP001,2026-02-07 13:03:00,Ambulance,3,Seizure,43,112,Admitted,Yes,2026-02-07 15:38:00
EV005571,PAT14378,FAC005,DEP008,2024-11-16 23:23:00,Walk-in,4,Laceration,39,86,Discharged,No,2024-11-17 01:28:00
EV005572,PAT10510,FAC002,DEP005,2026-06-17 21:48:00,Walk-in,3,Seizure,35,83,Discharged,No,2026-06-17 23:46:00
EV005580,PAT11234,FAC005,DEP008,2023-01-24 14:04:00,Ambulance,2,Fracture,14,161,Discharged,No,2023-01-24 16:59:00
EV005582,PAT02021,FAC001,DEP008,2023-08-03 08:51:00,Ambulance,4,Fever,55,64,Admitted,Yes,2023-08-03 10:50:00
EV005585,PAT06598,FAC005,DEP008,2024-03-24 08:51:00,Referral,1,Allergic Reaction,2,201,Admitted,Yes,2024-03-24 12:14:00
EV005586,PAT05924,FAC004,DEP005,2025-05-09 10:09:00,Walk-in,3,Abdominal Pain,53,79,Admitted,Yes,2025-05-09 12:21:00
EV005588,PAT00634,FAC004,DEP005,2022-02-02 13:58:00,Ambulance,4,Laceration,73,48,Discharged,No,2022-02-02 15:59:00
EV005589,PAT12754,FAC005,DEP008,2022-12-29 23:12:00,Walk-in,4,Fever,75,86,Discharged,No,2022-12-30 01:53:00
EV005590,PAT09474,FAC005,DEP008,2023-11-30 22:41:00,Walk-in,5,Poisoning,52,33,Discharged,No,2023-12-01 00:06:00
EV005594,PAT14033,FAC004,DEP004,2025-04-14 20:45:00,Walk-in,5,Fracture,33,33,Discharged,No,2025-04-14 21:51:00
EV005606,PAT04154,FAC003,DEP008,2025-10-25 21:08:00,Police/Public,3,Fever,26,76,Admitted,Yes,2025-10-25 22:50:00
EV005611,PAT00795,FAC001,DEP008,2025-08-31 13:22:00,Referral,4,Fever,25,49,Discharged,No,2025-08-31 14:36:00
EV005613,PAT04897,FAC002,DEP001,2023-06-21 23:49:00,Walk-in,4,Abdominal Pain,58,45,Discharged,No,2023-06-22 01:32:00
EV005621,PAT00896,FAC001,DEP008,2025-08-13 22:48:00,Walk-in,3,Abdominal Pain,48,71,Admitted,Yes,2025-08-14 00:47:00
EV005622,PAT12826,FAC004,DEP007,2025-07-06 19:56:00,Walk-in,4,Poisoning,45,48,Discharged,No,2025-07-06 21:29:00
EV005623,PAT02920,FAC003,DEP008,2026-06-01 01:04:00,Walk-in,3,Seizure,23,98,Discharged,No,2026-06-01 03:05:00
EV005626,PAT12062,FAC004,DEP002,2026-07-28 12:18:00,Police/Public,1,Breathing Difficulty,4,152,Discharged,No,2026-07-28 14:54:00
EV005631,PAT06349,FAC003,DEP008,2025-06-07 06:31:00,Walk-in,4,Fever,64,71,Discharged,No,2025-06-07 08:46:00
EV005638,PAT01254,FAC004,DEP005,2023-09-28 13:45:00,Walk-in,4,Poisoning,87,91,Admitted,Yes,2023-09-28 16:43:00
EV005641,PAT13790,FAC004,DEP005,2021-09-14 23:34:00,Walk-in,2,Trauma/Injury,15,143,Discharged,No,2021-09-15 02:12:00
EV005644,PAT11468,FAC003,DEP008,2022-01-20 11:56:00,Walk-in,4,Chest Pain,85,80,Discharged,No,2022-01-20 14:41:00
EV005652,PAT01924,FAC002,DEP006,2021-10-31 00:34:00,Ambulance,3,Allergic Reaction,28,92,Discharged,No,2021-10-31 02:34:00
EV005655,PAT00174,FAC004,DEP005,2026-05-27 06:27:00,Walk-in,2,Allergic Reaction,12,213,Admitted,Yes,2026-05-27 10:12:00
EV005658,PAT14999,FAC005,DEP008,2025-05-31 11:09:00,Walk-in,4,Allergic Reaction,59,63,Admitted,Yes,2025-05-31 13:11:00
EV005659,PAT04270,FAC003,DEP008,2024-05-21 05:47:00,Walk-in,3,Allergic Reaction,36,93,Admitted,Yes,2024-05-21 07:56:00
EV005662,PAT11318,FAC001,DEP008,2022-01-11 19:31:00,Walk-in,4,Abdominal Pain,33,42,Discharged,No,2022-01-11 20:46:00
EV005663,PAT07692,FAC005,DEP008,2021-11-29 07:30:00,Walk-in,2,Trauma/Injury,11,179,LWBS,No,2021-11-29 10:40:00
EV005675,PAT10939,FAC003,DEP008,2025-11-20 09:15:00,Walk-in,5,Seizure,64,42,Discharged,No,2025-11-20 11:01:00
EV005683,PAT03972,FAC004,DEP007,2026-02-20 16:43:00,Walk-in,5,Breathing Difficulty,78,51,Discharged,No,2026-02-20 18:52:00
EV005710,PAT03071,FAC005,DEP008,2022-04-20 15:53:00,Walk-in,3,Stroke Symptoms,18,75,Discharged,No,2022-04-20 17:26:00
EV005727,PAT12381,FAC001,DEP008,2022-10-30 00:51:00,Ambulance,3,Allergic Reaction,31,115,Admitted,Yes,2022-10-30 03:17:00
EV005732,PAT12621,FAC005,DEP008,2025-03-23 09:18:00,Walk-in,4,Laceration,52,53,Discharged,No,2025-03-23 11:03:00
EV005734,PAT10156,FAC004,DEP006,2026-07-04 04:58:00,Walk-in,5,Abdominal Pain,45,56,Admitted,Yes,2026-07-04 06:39:00
EV005736,PAT01214,FAC002,DEP007,2026-06-03 03:18:00,Walk-in,4,Fever,58,64,Discharged,No,2026-06-03 05:20:00
EV005739,PAT03298,FAC002,DEP005,2022-11-13 14:10:00,Referral,4,Breathing Difficulty,57,31,Discharged,No,2022-11-13 15:38:00
EV005740,PAT04831,FAC004,DEP004,2025-07-24 04:02:00,Walk-in,4,Fever,82,52,Discharged,No,2025-07-24 06:16:00
EV005751,PAT00432,FAC004,DEP007,2023-01-08 11:04:00,Referral,4,Fever,50,44,Discharged,No,2023-01-08 12:38:00
EV005753,PAT04065,FAC004,DEP002,2026-06-09 19:29:00,Referral,4,Fracture,67,46,Transferred,No,2026-06-09 21:22:00
EV005768,PAT11378,FAC001,DEP008,2021-05-16 10:08:00,Walk-in,3,Fracture,35,79,Admitted,Yes,2021-05-16 12:02:00
EV005771,PAT03964,FAC002,DEP005,2022-09-03 11:35:00,Walk-in,2,Allergic Reaction,16,127,Discharged,No,2022-09-03 13:58:00
EV005775,PAT14549,FAC001,DEP008,2025-01-04 17:56:00,Walk-in,4,Fracture,53,72,Discharged,No,2025-01-04 20:01:00
EV005778,PAT08383,FAC002,DEP001,2021-12-31 09:24:00,Walk-in,4,Chest Pain,74,68,Admitted,Yes,2021-12-31 11:46:00
EV005781,PAT13824,FAC002,DEP007,2026-10-17 17:39:00,Walk-in,4,Fracture,71,43,Discharged,No,2026-10-17 19:33:00
EV005796,PAT10884,FAC005,DEP008,2021-01-31 02:09:00,Walk-in,4,Breathing Difficulty,36,61,Transferred,No,2021-01-31 03:46:00
EV005815,PAT05816,FAC001,DEP008,2026-09-25 00:43:00,Ambulance,4,Fever,71,69,Admitted,Yes,2026-09-25 03:03:00
EV005821,PAT10369,FAC005,DEP008,2023-01-13 23:27:00,Referral,4,Chest Pain,61,48,Transferred,No,2023-01-14 01:16:00
EV005822,PAT05647,FAC001,DEP008,2025-01-01 07:41:00,Police/Public,3,Poisoning,39,84,Discharged,No,2025-01-01 09:44:00
EV005824,PAT04639,FAC004,DEP002,2022-01-14 00:24:00,Police/Public,4,Seizure,70,63,Discharged,No,2022-01-14 02:37:00
EV005831,PAT08607,FAC004,DEP001,2022-08-23 06:45:00,Walk-in,3,Breathing Difficulty,51,77,Admitted,Yes,2022-08-23 08:53:00
EV005843,PAT00426,FAC003,DEP008,2024-12-31 11:26:00,Referral,3,Fever,56,105,Discharged,No,2024-12-31 14:07:00
EV005846,PAT08061,FAC001,DEP008,2025-07-03 01:34:00,Ambulance,3,Seizure,42,95,Discharged,No,2025-07-03 03:51:00
EV005848,PAT09388,FAC002,DEP001,2022-11-02 14:55:00,Walk-in,3,Seizure,13,108,Admitted,Yes,2022-11-02 16:56:00
EV005858,PAT05590,FAC003,DEP008,2026-08-11 16:07:00,Ambulance,3,Breathing Difficulty,51,88,Admitted,Yes,2026-08-11 18:26:00
EV005860,PAT10795,FAC002,DEP007,2024-08-18 13:08:00,Walk-in,3,Fracture,35,80,Admitted,Yes,2024-08-18 15:03:00
EV005866,PAT08628,FAC004,DEP002,2024-09-01 16:11:00,Police/Public,3,Fever,29,94,Discharged,No,2024-09-01 18:14:00
EV005867,PAT09595,FAC004,DEP001,2023-02-16 17:12:00,Ambulance,3,Allergic Reaction,53,119,Discharged,No,2023-02-16 20:04:00
EV005868,PAT00136,FAC003,DEP008,2023-11-27 22:27:00,Walk-in,4,Breathing Difficulty,72,75,Discharged,No,2023-11-28 00:54:00
EV005884,PAT02110,FAC004,DEP001,2023-08-29 07:00:00,Walk-in,3,Breathing Difficulty,55,110,Discharged,No,2023-08-29 09:45:00
EV005885,PAT07291,FAC003,DEP008,2023-12-31 10:32:00,Walk-in,4,Laceration,74,62,Discharged,No,2023-12-31 12:48:00
EV005886,PAT05091,FAC004,DEP002,2024-09-13 04:52:00,Police/Public,4,Seizure,49,49,Transferred,No,2024-09-13 06:30:00
EV005887,PAT14179,FAC004,DEP005,2026-05-29 06:40:00,Walk-in,3,Fracture,54,58,Discharged,No,2026-05-29 08:32:00
EV005894,PAT06648,FAC005,DEP008,2023-04-24 03:43:00,Walk-in,3,Abdominal Pain,25,106,Discharged,No,2023-04-24 05:54:00
EV005896,PAT11545,FAC004,DEP004,2025-01-15 00:41:00,Ambulance,4,Abdominal Pain,90,59,Discharged,No,2025-01-15 03:10:00
EV005902,PAT11420,FAC005,DEP008,2023-08-06 01:42:00,Walk-in,4,Seizure,46,54,Admitted,Yes,2023-08-06 03:22:00
EV005903,PAT04610,FAC002,DEP005,2025-09-10 09:29:00,Walk-in,4,Abdominal Pain,10,39,Discharged,No,2025-09-10 10:18:00
EV005909,PAT01359,FAC003,DEP008,2022-12-18 18:11:00,Walk-in,5,Fracture,46,30,Admitted,Yes,2022-12-18 19:27:00
EV005919,PAT10303,FAC005,DEP008,2026-10-21 13:33:00,Walk-in,5,Breathing Difficulty,111,32,Discharged,No,2026-10-21 15:56:00
EV005920,PAT02092,FAC002,DEP006,2025-03-24 14:24:00,Walk-in,2,Trauma/Injury,23,103,Admitted,Yes,2025-03-24 16:30:00
EV005922,PAT03945,FAC004,DEP006,2024-11-09 01:05:00,Walk-in,3,Abdominal Pain,25,66,Admitted,Yes,2024-11-09 02:36:00
EV005925,PAT05528,FAC002,DEP001,2026-08-09 01:05:00,Walk-in,5,Allergic Reaction,86,44,Discharged,No,2026-08-09 03:15:00
EV005934,PAT04130,FAC001,DEP008,2024-02-12 14:16:00,Walk-in,4,Fracture,59,44,Admitted,Yes,2024-02-12 15:59:00
EV005942,PAT02544,FAC004,DEP006,2025-08-03 20:10:00,Walk-in,2,Laceration,11,119,Discharged,No,2025-08-03 22:20:00
EV005945,PAT11201,FAC005,DEP008,2025-10-29 11:26:00,Walk-in,4,Chest Pain,33,63,Admitted,Yes,2025-10-29 13:02:00
EV005950,PAT03616,FAC001,DEP008,2024-03-16 19:54:00,Walk-in,5,Stroke Symptoms,105,27,Transferred,No,2024-03-16 22:06:00
EV005952,PAT01958,FAC005,DEP008,2025-05-07 08:35:00,Walk-in,3,Breathing Difficulty,26,85,Admitted,Yes,2025-05-07 10:26:00
EV005953,PAT05153,FAC001,DEP008,2026-04-10 12:19:00,Ambulance,4,Poisoning,47,35,Admitted,Yes,2026-04-10 13:41:00
EV005957,PAT13523,FAC003,DEP008,2025-07-25 07:26:00,Referral,1,Seizure,5,194,Admitted,Yes,2025-07-25 10:45:00
EV005970,PAT00248,FAC002,DEP006,2022-10-02 01:47:00,Ambulance,1,Abdominal Pain,4,244,Admitted,Yes,2022-10-02 05:55:00
EV005981,PAT10303,FAC005,DEP008,2025-02-04 23:04:00,Ambulance,3,Trauma/Injury,25,85,Discharged,No,2025-02-05 00:54:00
EV005984,PAT12307,FAC001,DEP008,2022-07-31 16:47:00,Walk-in,5,Fracture,40,33,Discharged,No,2022-07-31 18:00:00
EV005988,PAT13077,FAC003,DEP008,2023-10-22 03:42:00,Referral,4,Fracture,54,82,Admitted,Yes,2023-10-22 05:58:00
EV005993,PAT00488,FAC002,DEP006,2026-09-29 18:53:00,Police/Public,4,Abdominal Pain,79,65,Transferred,No,2026-09-29 21:17:00
EV005994,PAT11815,FAC004,DEP001,2026-08-15 16:06:00,Walk-in,2,Poisoning,13,131,Transferred,No,2026-08-15 18:30:00
EV005995,PAT02338,FAC001,DEP008,2026-09-01 22:19:00,Walk-in,4,Laceration,110,53,Discharged,No,2026-09-02 01:02:00
EV006013,PAT00124,FAC003,DEP008,2026-05-11 03:42:00,Police/Public,2,Fracture,10,115,Discharged,No,2026-05-11 05:47:00
EV006014,PAT11031,FAC003,DEP008,2024-08-01 06:41:00,Ambulance,3,Trauma/Injury,34,91,Discharged,No,2024-08-01 08:46:00
EV006031,PAT13957,FAC001,DEP008,2026-10-19 14:25:00,Walk-in,2,Chest Pain,15,147,Admitted,Yes,2026-10-19 17:07:00
EV006039,PAT12968,FAC001,DEP008,2024-03-24 12:51:00,Referral,4,Fracture,26,55,Admitted,Yes,2024-03-24 14:12:00
EV006042,PAT03016,FAC003,DEP008,2024-11-29 23:49:00,Police/Public,2,Breathing Difficulty,7,120,Discharged,No,2024-11-30 01:56:00
EV006046,PAT02026,FAC001,DEP008,2025-09-30 11:51:00,Referral,5,Laceration,85,35,Admitted,Yes,2025-09-30 13:51:00
EV006047,PAT06271,FAC001,DEP008,2024-06-12 21:50:00,Police/Public,3,Stroke Symptoms,16,120,Discharged,No,2024-06-13 00:06:00
EV006054,PAT13694,FAC003,DEP008,2025-09-11 01:41:00,Walk-in,5,Fracture,117,53,Discharged,No,2025-09-11 04:31:00
EV006057,PAT01298,FAC001,DEP008,2026-02-24 05:20:00,Walk-in,3,Chest Pain,45,123,Transferred,No,2026-02-24 08:08:00
EV006059,PAT12873,FAC004,DEP005,2022-06-26 04:27:00,Ambulance,3,Breathing Difficulty,26,96,Discharged,No,2022-06-26 06:29:00
EV006061,PAT14712,FAC002,DEP007,2022-04-29 19:26:00,Walk-in,4,Stroke Symptoms,100,37,Admitted,Yes,2022-04-29 21:43:00
EV006064,PAT09122,FAC004,DEP002,2021-11-18 04:28:00,Referral,3,Stroke Symptoms,37,69,Transferred,No,2021-11-18 06:14:00
EV006074,PAT10042,FAC002,DEP002,2023-12-09 22:18:00,Referral,3,Seizure,29,90,Admitted,Yes,2023-12-10 00:17:00
EV006075,PAT06089,FAC005,DEP008,2022-02-12 18:28:00,Referral,4,Fracture,26,72,Discharged,No,2022-02-12 20:06:00
EV006098,PAT00606,FAC005,DEP008,2025-09-03 03:50:00,Police/Public,4,Fracture,26,62,Discharged,No,2025-09-03 05:18:00
EV006112,PAT14253,FAC002,DEP006,2021-12-14 22:17:00,Ambulance,4,Abdominal Pain,64,51,LWBS,No,2021-12-15 00:12:00
EV006113,PAT10183,FAC003,DEP008,2025-03-03 00:41:00,Police/Public,4,Poisoning,67,70,Discharged,No,2025-03-03 02:58:00
EV006117,PAT02754,FAC003,DEP008,2022-05-06 03:22:00,Walk-in,4,Fever,79,39,Admitted,Yes,2022-05-06 05:20:00
EV006118,PAT13436,FAC005,DEP008,2023-04-16 22:53:00,Walk-in,4,Trauma/Injury,53,49,Discharged,No,2023-04-17 00:35:00
EV006128,PAT04030,FAC003,DEP008,2026-05-06 09:47:00,Ambulance,3,Seizure,34,97,Discharged,No,2026-05-06 11:58:00
EV006133,PAT01200,FAC005,DEP008,2025-01-06 04:35:00,Walk-in,2,Laceration,8,159,LWBS,No,2025-01-06 07:22:00
EV006134,PAT02609,FAC001,DEP008,2022-04-28 17:09:00,Ambulance,5,Allergic Reaction,36,36,Discharged,No,2022-04-28 18:21:00
EV006135,PAT13718,FAC003,DEP008,2026-11-12 18:54:00,Walk-in,3,Trauma/Injury,27,92,Discharged,No,2026-11-12 20:53:00
EV006136,PAT02895,FAC001,DEP008,2024-10-05 17:03:00,Ambulance,2,Allergic Reaction,15,125,Admitted,Yes,2024-10-05 19:23:00
EV006144,PAT06927,FAC002,DEP001,2021-05-13 21:06:00,Referral,5,Chest Pain,48,46,Admitted,Yes,2021-05-13 22:40:00
EV006147,PAT03405,FAC002,DEP006,2022-09-23 11:35:00,Police/Public,3,Laceration,31,82,Discharged,No,2022-09-23 13:28:00
EV006148,PAT12823,FAC005,DEP008,2026-01-21 07:39:00,Referral,4,Seizure,47,50,Admitted,Yes,2026-01-21 09:16:00
EV006152,PAT13998,FAC005,DEP008,2024-11-20 22:44:00,Police/Public,3,Chest Pain,47,86,Discharged,No,2024-11-21 00:57:00
EV006161,PAT09954,FAC004,DEP006,2021-11-29 15:29:00,Walk-in,5,Fever,101,22,Discharged,No,2021-11-29 17:32:00
EV006164,PAT02216,FAC001,DEP008,2022-01-24 08:36:00,Walk-in,5,Breathing Difficulty,69,38,Admitted,Yes,2022-01-24 10:23:00
EV006167,PAT06320,FAC004,DEP006,2024-06-03 15:23:00,Walk-in,4,Seizure,62,62,Transferred,No,2024-06-03 17:27:00
EV006174,PAT14947,FAC003,DEP008,2021-01-03 17:46:00,Police/Public,4,Fever,52,53,Discharged,No,2021-01-03 19:31:00
EV006175,PAT02895,FAC001,DEP008,2022-12-13 00:16:00,Ambulance,4,Fracture,54,44,Discharged,No,2022-12-13 01:54:00
EV006177,PAT09606,FAC001,DEP008,2023-03-23 03:27:00,Walk-in,2,Laceration,18,97,Discharged,No,2023-03-23 05:22:00
EV006181,PAT08050,FAC002,DEP007,2025-09-09 12:27:00,Ambulance,3,Stroke Symptoms,26,116,Admitted,Yes,2025-09-09 14:49:00
EV006187,PAT08392,FAC005,DEP008,2026-06-02 21:40:00,Walk-in,3,Fracture,26,83,Discharged,No,2026-06-02 23:29:00
EV006190,PAT00904,FAC004,DEP002,2026-09-14 07:23:00,Walk-in,3,Poisoning,49,95,Admitted,Yes,2026-09-14 09:47:00
EV006192,PAT12085,FAC002,DEP002,2023-05-02 12:20:00,Referral,3,Chest Pain,47,108,Discharged,No,2023-05-02 14:55:00
EV006196,PAT07448,FAC003,DEP008,2026-10-03 05:48:00,Walk-in,3,Laceration,26,84,Admitted,Yes,2026-10-03 07:38:00
EV006202,PAT07454,FAC004,DEP001,2026-03-27 18:46:00,Ambulance,3,Chest Pain,45,71,Discharged,No,2026-03-27 20:42:00
EV006203,PAT08628,FAC005,DEP008,2024-04-01 00:23:00,Referral,5,Allergic Reaction,74,24,Admitted,Yes,2024-04-01 02:01:00
EV006204,PAT03270,FAC001,DEP008,2023-02-01 21:13:00,Ambulance,5,Seizure,76,61,Discharged,No,2023-02-01 23:30:00
EV006208,PAT02456,FAC001,DEP008,2026-09-16 03:06:00,Walk-in,2,Abdominal Pain,19,110,Admitted,Yes,2026-09-16 05:15:00
EV006210,PAT07634,FAC001,DEP008,2024-05-30 11:24:00,Walk-in,2,Abdominal Pain,15,154,Admitted,Yes,2024-05-30 14:13:00
EV006211,PAT12552,FAC002,DEP001,2025-01-13 22:40:00,Referral,4,Allergic Reaction,90,50,Discharged,No,2025-01-14 01:00:00
EV006212,PAT10884,FAC005,DEP008,2024-04-29 14:30:00,Walk-in,1,Trauma/Injury,3,152,LWBS,No,2024-04-29 17:05:00
EV006213,PAT10890,FAC002,DEP001,2023-09-10 07:39:00,Walk-in,2,Seizure,12,155,Discharged,No,2023-09-10 10:26:00
EV006216,PAT01721,FAC001,DEP008,2026-02-23 00:54:00,Walk-in,5,Abdominal Pain,74,32,Transferred,No,2026-02-23 02:40:00
EV006220,PAT08601,FAC005,DEP008,2022-08-03 18:59:00,Walk-in,5,Fever,106,36,Admitted,Yes,2022-08-03 21:21:00
EV006228,PAT14947,FAC002,DEP006,2022-08-23 15:13:00,Walk-in,4,Stroke Symptoms,66,33,Discharged,No,2022-08-23 16:52:00
EV006229,PAT02332,FAC004,DEP004,2021-11-19 05:07:00,Walk-in,1,Laceration,5,131,Admitted,Yes,2021-11-19 07:23:00
EV006231,PAT11441,FAC005,DEP008,2026-07-17 07:45:00,Walk-in,4,Stroke Symptoms,86,44,Discharged,No,2026-07-17 09:55:00
EV006233,PAT05156,FAC001,DEP008,2025-06-22 07:30:00,Walk-in,4,Abdominal Pain,45,64,Admitted,Yes,2025-06-22 09:19:00
EV006236,PAT02814,FAC005,DEP008,2026-03-06 21:54:00,Walk-in,2,Allergic Reaction,18,105,Discharged,No,2026-03-06 23:57:00
EV006239,PAT09750,FAC003,DEP008,2022-01-21 05:47:00,Walk-in,4,Fever,90,72,Admitted,Yes,2022-01-21 08:29:00
EV006243,PAT11639,FAC002,DEP001,2024-12-31 16:28:00,Walk-in,3,Abdominal Pain,43,124,Discharged,No,2024-12-31 19:15:00
EV006250,PAT03956,FAC004,DEP006,2023-09-27 12:53:00,Walk-in,3,Stroke Symptoms,34,113,Discharged,No,2023-09-27 15:20:00
EV006251,PAT07376,FAC005,DEP008,2021-04-22 11:04:00,Referral,2,Stroke Symptoms,19,172,Discharged,No,2021-04-22 14:15:00
EV006252,PAT03261,FAC001,DEP008,2026-01-06 07:42:00,Walk-in,3,Chest Pain,19,47,Discharged,No,2026-01-06 08:48:00
EV006254,PAT09386,FAC002,DEP001,2024-05-17 03:40:00,Ambulance,5,Breathing Difficulty,78,44,Discharged,No,2024-05-17 05:42:00
EV006257,PAT10042,FAC003,DEP008,2026-08-14 21:45:00,Walk-in,3,Abdominal Pain,49,92,Discharged,No,2026-08-15 00:06:00
EV006259,PAT11378,FAC001,DEP008,2026-10-26 23:49:00,Ambulance,5,Fracture,96,34,Discharged,No,2026-10-27 01:59:00
EV006264,PAT02047,FAC004,DEP005,2021-06-02 00:53:00,Referral,4,Trauma/Injury,63,20,Discharged,No,2021-06-02 02:16:00
EV006268,PAT00469,FAC003,DEP008,2021-07-24 10:23:00,Ambulance,4,Breathing Difficulty,24,45,Discharged,No,2021-07-24 11:32:00
EV006269,PAT01666,FAC003,DEP008,2024-04-10 19:17:00,Walk-in,3,Stroke Symptoms,24,91,Discharged,No,2024-04-10 21:12:00
EV006273,PAT10382,FAC005,DEP008,2023-11-18 00:54:00,Police/Public,3,Chest Pain,25,101,Transferred,No,2023-11-18 03:00:00
EV006281,PAT07771,FAC005,DEP008,2022-03-02 11:05:00,Walk-in,4,Trauma/Injury,59,64,Admitted,Yes,2022-03-02 13:08:00
EV006283,PAT02338,FAC004,DEP001,2025-07-19 07:37:00,Ambulance,4,Fracture,44,36,LWBS,No,2025-07-19 08:57:00
EV006284,PAT06770,FAC004,DEP002,2025-11-20 10:52:00,Ambulance,3,Breathing Difficulty,38,80,Discharged,No,2025-11-20 12:50:00
EV006286,PAT00721,FAC003,DEP008,2025-08-01 02:42:00,Walk-in,2,Stroke Symptoms,15,200,Discharged,No,2025-08-01 06:17:00
EV006287,PAT05628,FAC005,DEP008,2025-06-16 13:27:00,Walk-in,4,Fever,36,49,Discharged,No,2025-06-16 14:52:00
EV006292,PAT02454,FAC005,DEP008,2021-02-16 01:27:00,Walk-in,5,Fever,60,34,Admitted,Yes,2021-02-16 03:01:00
EV006301,PAT00060,FAC005,DEP008,2026-05-02 08:28:00,Referral,4,Fever,17,91,Admitted,Yes,2026-05-02 10:16:00
EV006303,PAT14299,FAC002,DEP002,2022-06-17 08:44:00,Ambulance,3,Breathing Difficulty,28,96,Discharged,No,2022-06-17 10:48:00
EV006309,PAT07170,FAC002,DEP007,2023-05-07 04:38:00,Walk-in,4,Abdominal Pain,41,61,Discharged,No,2023-05-07 06:20:00
EV006310,PAT11083,FAC004,DEP006,2025-07-24 15:29:00,Ambulance,4,Laceration,79,84,Deceased,No,2025-07-24 18:12:00
EV006314,PAT14967,FAC001,DEP008,2025-06-22 18:07:00,Ambulance,5,Chest Pain,73,61,Discharged,No,2025-06-22 20:21:00
EV006319,PAT03515,FAC004,DEP002,2025-04-23 19:34:00,Ambulance,4,Abdominal Pain,60,70,Transferred,No,2025-04-23 21:44:00
EV006320,PAT13888,FAC005,DEP008,2025-11-17 04:01:00,Referral,5,Poisoning,96,38,Discharged,No,2025-11-17 06:15:00
EV006333,PAT08402,FAC004,DEP006,2024-10-23 09:57:00,Walk-in,1,Abdominal Pain,4,148,Discharged,No,2024-10-23 12:29:00
EV006334,PAT03729,FAC005,DEP008,2023-08-20 09:49:00,Police/Public,3,Abdominal Pain,30,125,Discharged,No,2023-08-20 12:24:00
EV006347,PAT01666,FAC004,DEP005,2021-04-19 02:41:00,Ambulance,4,Laceration,53,47,Discharged,No,2021-04-19 04:21:00
EV006348,PAT01698,FAC005,DEP008,2024-09-22 02:23:00,Police/Public,5,Abdominal Pain,39,28,Discharged,No,2024-09-22 03:30:00
EV006351,PAT09060,FAC004,DEP006,2023-11-17 01:30:00,Walk-in,4,Poisoning,82,63,Discharged,No,2023-11-17 03:55:00
EV006365,PAT09751,FAC001,DEP008,2024-07-21 16:37:00,Walk-in,4,Breathing Difficulty,32,65,Discharged,No,2024-07-21 18:14:00
EV006367,PAT12359,FAC004,DEP007,2021-12-19 01:37:00,Police/Public,4,Laceration,66,64,Admitted,Yes,2021-12-19 03:47:00
EV006380,PAT03422,FAC002,DEP006,2022-11-13 07:28:00,Walk-in,3,Fever,12,31,Admitted,Yes,2022-11-13 08:11:00
EV006384,PAT05924,FAC005,DEP008,2026-01-09 11:26:00,Walk-in,3,Allergic Reaction,38,85,Discharged,No,2026-01-09 13:29:00
EV006390,PAT08374,FAC004,DEP007,2026-02-18 03:21:00,Referral,3,Allergic Reaction,36,89,Discharged,No,2026-02-18 05:26:00
EV006397,PAT01311,FAC001,DEP008,2026-05-01 08:21:00,Ambulance,3,Stroke Symptoms,21,67,LWBS,No,2026-05-01 09:49:00
EV006399,PAT00426,FAC005,DEP008,2025-07-07 21:08:00,Walk-in,3,Trauma/Injury,51,121,Discharged,No,2025-07-08 00:00:00
EV006400,PAT05872,FAC005,DEP008,2023-12-09 07:58:00,Walk-in,5,Seizure,74,30,Discharged,No,2023-12-09 09:42:00
EV006401,PAT06148,FAC001,DEP008,2023-02-10 16:55:00,Walk-in,4,Allergic Reaction,44,64,Discharged,No,2023-02-10 18:43:00
EV006411,PAT14931,FAC001,DEP008,2022-02-23 02:49:00,Ambulance,2,Fracture,12,226,Discharged,No,2022-02-23 06:47:00
EV006414,PAT04098,FAC005,DEP008,2023-02-27 01:36:00,Referral,4,Poisoning,52,53,Discharged,No,2023-02-27 03:21:00
EV006416,PAT01963,FAC002,DEP002,2023-04-03 19:16:00,Referral,4,Poisoning,83,85,Discharged,No,2023-04-03 22:04:00
EV006417,PAT07496,FAC004,DEP005,2023-11-29 05:23:00,Police/Public,4,Abdominal Pain,84,77,Discharged,No,2023-11-29 08:04:00
EV006418,PAT14723,FAC003,DEP008,2025-04-26 09:27:00,Walk-in,3,Laceration,44,92,Discharged,No,2025-04-26 11:43:00
EV006444,PAT09361,FAC005,DEP008,2024-10-24 07:51:00,Walk-in,3,Abdominal Pain,17,98,Admitted,Yes,2024-10-24 09:46:00
EV006455,PAT05235,FAC001,DEP008,2024-01-30 14:24:00,Police/Public,3,Fracture,38,55,Discharged,No,2024-01-30 15:57:00
EV006459,PAT09744,FAC005,DEP008,2024-07-12 19:29:00,Police/Public,3,Breathing Difficulty,53,137,Discharged,No,2024-07-12 22:39:00
EV006461,PAT01409,FAC004,DEP004,2026-05-05 01:37:00,Walk-in,4,Seizure,81,68,Discharged,No,2026-05-05 04:06:00
EV006469,PAT06693,FAC004,DEP007,2026-05-01 01:42:00,Referral,4,Chest Pain,15,44,Discharged,No,2026-05-01 02:41:00
EV006471,PAT07276,FAC003,DEP008,2024-05-10 16:29:00,Walk-in,4,Laceration,43,42,Admitted,Yes,2024-05-10 17:54:00
EV006475,PAT04963,FAC004,DEP007,2025-12-19 16:19:00,Ambulance,5,Chest Pain,38,48,Admitted,Yes,2025-12-19 17:45:00
EV006484,PAT07582,FAC004,DEP002,2022-12-14 07:17:00,Walk-in,4,Laceration,74,45,Transferred,No,2022-12-14 09:16:00
EV006487,PAT07624,FAC001,DEP008,2021-05-22 07:24:00,Walk-in,4,Trauma/Injury,38,34,Discharged,No,2021-05-22 08:36:00
EV006490,PAT07965,FAC004,DEP006,2026-06-06 14:38:00,Walk-in,5,Chest Pain,69,48,Discharged,No,2026-06-06 16:35:00
EV006504,PAT11068,FAC005,DEP008,2026-04-10 11:14:00,Referral,4,Poisoning,81,64,Discharged,No,2026-04-10 13:39:00
EV006507,PAT10130,FAC003,DEP008,2022-04-06 23:50:00,Ambulance,4,Seizure,64,68,LWBS,No,2022-04-07 02:02:00
EV006509,PAT12587,FAC002,DEP006,2024-12-16 12:37:00,Ambulance,4,Poisoning,38,73,Discharged,No,2024-12-16 14:28:00
EV006513,PAT06177,FAC001,DEP008,2021-07-23 22:10:00,Walk-in,3,Chest Pain,45,110,Discharged,No,2021-07-24 00:45:00
EV006518,PAT04833,FAC002,DEP006,2023-08-23 18:19:00,Ambulance,4,Fracture,91,37,Discharged,No,2023-08-23 20:27:00
EV006535,PAT13957,FAC002,DEP006,2024-10-02 05:19:00,Walk-in,3,Fracture,35,81,Discharged,No,2024-10-02 07:15:00
EV006545,PAT06558,FAC004,DEP007,2022-07-10 00:52:00,Ambulance,4,Fracture,84,41,Admitted,Yes,2022-07-10 02:57:00
EV006549,PAT10797,FAC004,DEP006,2024-08-08 17:47:00,Ambulance,3,Fracture,48,74,Transferred,No,2024-08-08 19:49:00
EV006553,PAT08991,FAC004,DEP002,2024-04-07 11:33:00,Walk-in,4,Fracture,62,63,LWBS,No,2024-04-07 13:38:00
EV006560,PAT13793,FAC002,DEP006,2025-08-16 03:46:00,Walk-in,3,Laceration,27,74,Discharged,No,2025-08-16 05:27:00
EV006571,PAT12488,FAC005,DEP008,2022-08-04 14:22:00,Ambulance,3,Trauma/Injury,1,80,Discharged,No,2022-08-04 15:43:00
EV006572,PAT09060,FAC004,DEP004,2025-08-24 21:45:00,Referral,4,Poisoning,44,75,Discharged,No,2025-08-24 23:44:00
EV006575,PAT05814,FAC005,DEP008,2021-07-19 21:09:00,Ambulance,5,Chest Pain,116,43,Discharged,No,2021-07-19 23:48:00
EV006578,PAT00448,FAC005,DEP008,2024-01-30 22:37:00,Referral,3,Seizure,33,131,Discharged,No,2024-01-31 01:21:00
EV006580,PAT10421,FAC005,DEP008,2023-12-18 20:48:00,Police/Public,4,Breathing Difficulty,79,60,Discharged,No,2023-12-18 23:07:00
EV006585,PAT12190,FAC002,DEP007,2021-03-24 18:51:00,Walk-in,2,Fever,13,164,Discharged,No,2021-03-24 21:48:00
EV006587,PAT06052,FAC001,DEP008,2023-08-06 11:38:00,Ambulance,3,Fracture,29,92,Discharged,No,2023-08-06 13:39:00
EV006596,PAT04862,FAC002,DEP002,2026-08-13 08:50:00,Referral,1,Stroke Symptoms,6,153,LWBS,No,2026-08-13 11:29:00
EV006599,PAT00435,FAC003,DEP008,2026-07-12 23:12:00,Referral,4,Fever,47,34,LWBS,No,2026-07-13 00:33:00
EV006603,PAT12131,FAC002,DEP001,2023-11-07 03:15:00,Referral,1,Chest Pain,4,152,Admitted,Yes,2023-11-07 05:51:00
EV006604,PAT00715,FAC004,DEP005,2021-05-30 23:58:00,Walk-in,5,Abdominal Pain,47,37,Discharged,No,2021-05-31 01:22:00
EV006621,PAT11740,FAC005,DEP008,2021-02-25 02:34:00,Referral,4,Breathing Difficulty,34,55,Discharged,No,2021-02-25 04:03:00
EV006625,PAT11401,FAC005,DEP008,2021-07-30 02:05:00,Walk-in,4,Trauma/Injury,39,51,Admitted,Yes,2021-07-30 03:35:00
EV006627,PAT11218,FAC004,DEP002,2026-05-22 09:09:00,Walk-in,3,Seizure,48,99,Discharged,No,2026-05-22 11:36:00
EV006632,PAT12691,FAC005,DEP008,2021-11-03 06:05:00,Walk-in,3,Abdominal Pain,33,64,Discharged,No,2021-11-03 07:42:00
EV006638,PAT06835,FAC004,DEP005,2023-06-25 04:45:00,Walk-in,2,Fever,13,149,Discharged,No,2023-06-25 07:27:00
EV006639,PAT11779,FAC005,DEP008,2026-12-24 04:20:00,Referral,4,Fracture,84,52,Admitted,Yes,2026-12-24 06:36:00
EV006641,PAT12375,FAC002,DEP006,2025-05-31 13:39:00,Referral,3,Fracture,48,72,Admitted,Yes,2025-05-31 15:39:00
EV006644,PAT08392,FAC005,DEP008,2021-12-20 06:40:00,Ambulance,3,Seizure,30,62,Discharged,No,2021-12-20 08:12:00
EV006645,PAT14523,FAC001,DEP008,2024-12-24 03:41:00,Referral,2,Trauma/Injury,20,118,Discharged,No,2024-12-24 05:59:00
EV006650,PAT12999,FAC004,DEP007,2025-12-28 18:02:00,Ambulance,5,Abdominal Pain,55,48,Discharged,No,2025-12-28 19:45:00
EV006651,PAT13830,FAC005,DEP008,2026-11-10 18:48:00,Ambulance,4,Trauma/Injury,53,66,Discharged,No,2026-11-10 20:47:00
EV006652,PAT07979,FAC004,DEP002,2025-05-19 12:45:00,Walk-in,4,Fracture,84,75,Deceased,No,2025-05-19 15:24:00
EV006655,PAT11357,FAC001,DEP008,2023-07-13 19:16:00,Walk-in,4,Chest Pain,71,44,Deceased,No,2023-07-13 21:11:00
EV006660,PAT03208,FAC001,DEP008,2022-03-04 09:14:00,Walk-in,5,Allergic Reaction,95,27,LWBS,No,2022-03-04 11:16:00
EV006670,PAT05901,FAC003,DEP008,2025-06-22 21:04:00,Referral,2,Stroke Symptoms,15,138,Discharged,No,2025-06-22 23:37:00
EV006678,PAT02821,FAC003,DEP008,2025-06-19 21:24:00,Walk-in,3,Laceration,35,99,Admitted,Yes,2025-06-19 23:38:00
EV006684,PAT12405,FAC001,DEP008,2022-01-10 12:06:00,Walk-in,5,Seizure,97,49,Transferred,No,2022-01-10 14:32:00
EV006687,PAT06424,FAC001,DEP008,2022-08-22 05:37:00,Walk-in,5,Fracture,38,48,Admitted,Yes,2022-08-22 07:03:00
EV006690,PAT14478,FAC002,DEP005,2023-01-08 10:48:00,Referral,4,Trauma/Injury,42,55,Discharged,No,2023-01-08 12:25:00
EV006693,PAT12826,FAC004,DEP002,2025-07-08 14:19:00,Walk-in,5,Fracture,97,29,Transferred,No,2025-07-08 16:25:00
EV006697,PAT08285,FAC002,DEP006,2024-08-14 19:56:00,Walk-in,3,Fever,42,56,Discharged,No,2024-08-14 21:34:00
EV006700,PAT07230,FAC001,DEP008,2026-11-07 07:23:00,Walk-in,4,Abdominal Pain,46,49,Discharged,No,2026-11-07 08:58:00
EV006711,PAT05815,FAC005,DEP008,2022-04-04 12:38:00,Walk-in,3,Trauma/Injury,28,83,Discharged,No,2022-04-04 14:29:00
EV006715,PAT13145,FAC005,DEP008,2025-08-02 04:23:00,Walk-in,4,Seizure,47,63,Transferred,No,2025-08-02 06:13:00
EV006717,PAT06188,FAC005,DEP008,2021-01-08 15:31:00,Referral,4,Abdominal Pain,59,64,Discharged,No,2021-01-08 17:34:00
EV006719,PAT12822,FAC002,DEP005,2024-12-15 12:20:00,Walk-in,3,Fracture,21,72,Transferred,No,2024-12-15 13:53:00
EV006723,PAT09981,FAC002,DEP006,2026-04-13 07:47:00,Walk-in,3,Stroke Symptoms,51,98,Admitted,Yes,2026-04-13 10:16:00
EV006728,PAT13260,FAC005,DEP008,2024-08-14 19:53:00,Ambulance,4,Seizure,83,62,Discharged,No,2024-08-14 22:18:00
EV006744,PAT00737,FAC001,DEP008,2024-07-22 07:43:00,Ambulance,4,Fracture,34,53,Discharged,No,2024-07-22 09:10:00
EV006752,PAT00931,FAC005,DEP008,2025-02-26 06:31:00,Police/Public,5,Poisoning,69,41,Discharged,No,2025-02-26 08:21:00
EV006753,PAT01316,FAC001,DEP008,2024-10-02 09:51:00,Walk-in,3,Abdominal Pain,33,92,Discharged,No,2024-10-02 11:56:00
EV006758,PAT14588,FAC004,DEP005,2022-08-07 03:33:00,Walk-in,2,Poisoning,16,151,Discharged,No,2022-08-07 06:20:00
EV006760,PAT05373,FAC005,DEP008,2021-01-10 08:38:00,Ambulance,3,Trauma/Injury,17,65,Admitted,Yes,2021-01-10 10:00:00
EV006761,PAT09791,FAC004,DEP004,2024-01-10 16:20:00,Ambulance,3,Breathing Difficulty,38,126,Discharged,No,2024-01-10 19:04:00
EV006773,PAT07361,FAC003,DEP008,2022-07-21 18:46:00,Walk-in,4,Allergic Reaction,44,49,Admitted,Yes,2022-07-21 20:19:00
EV006780,PAT02910,FAC001,DEP008,2021-10-13 03:35:00,Referral,3,Fracture,27,75,Deceased,No,2021-10-13 05:17:00
EV006788,PAT13607,FAC002,DEP007,2022-09-03 06:49:00,Referral,2,Fracture,20,85,Discharged,No,2022-09-03 08:34:00
EV006789,PAT09433,FAC003,DEP008,2023-07-16 11:52:00,Walk-in,4,Allergic Reaction,28,65,Transferred,No,2023-07-16 13:25:00
EV006795,PAT13239,FAC004,DEP002,2026-12-12 15:23:00,Walk-in,3,Stroke Symptoms,26,93,Discharged,No,2026-12-12 17:22:00
EV006807,PAT07637,FAC002,DEP007,2023-11-09 14:26:00,Walk-in,2,Abdominal Pain,5,237,Discharged,No,2023-11-09 18:28:00
EV006812,PAT12305,FAC004,DEP004,2022-11-10 03:21:00,Walk-in,4,Stroke Symptoms,33,56,Discharged,No,2022-11-10 04:50:00
EV006815,PAT06960,FAC004,DEP002,2026-10-21 17:34:00,Referral,3,Allergic Reaction,25,44,Admitted,Yes,2026-10-21 18:43:00
EV006822,PAT02407,FAC003,DEP008,2026-11-13 06:51:00,Walk-in,3,Trauma/Injury,47,77,Discharged,No,2026-11-13 08:55:00
EV006831,PAT04171,FAC001,DEP008,2024-11-30 13:40:00,Walk-in,4,Fever,54,60,Transferred,No,2024-11-30 15:34:00
EV006837,PAT01011,FAC003,DEP008,2023-10-12 16:11:00,Walk-in,5,Seizure,104,24,Discharged,No,2023-10-12 18:19:00
EV006838,PAT03060,FAC002,DEP005,2026-01-10 05:41:00,Walk-in,3,Stroke Symptoms,42,66,Discharged,No,2026-01-10 07:29:00
EV006842,PAT02040,FAC003,DEP008,2025-09-06 02:44:00,Referral,1,Fever,5,249,Discharged,No,2025-09-06 06:58:00
EV006843,PAT06833,FAC001,DEP008,2025-07-05 14:29:00,Ambulance,5,Stroke Symptoms,54,18,Admitted,Yes,2025-07-05 15:41:00
EV006844,PAT08100,FAC005,DEP008,2024-10-13 09:55:00,Walk-in,1,Laceration,3,223,Discharged,No,2024-10-13 13:41:00
EV006851,PAT13580,FAC004,DEP005,2024-12-31 22:52:00,Walk-in,3,Chest Pain,32,82,Discharged,No,2025-01-01 00:46:00
EV006860,PAT11624,FAC003,DEP008,2025-06-29 23:36:00,Referral,5,Chest Pain,48,45,Discharged,No,2025-06-30 01:09:00
EV006863,PAT00654,FAC004,DEP002,2024-10-06 06:09:00,Walk-in,3,Fever,36,64,Discharged,No,2024-10-06 07:49:00
EV006867,PAT07938,FAC002,DEP001,2021-09-12 03:10:00,Walk-in,3,Stroke Symptoms,35,98,Admitted,Yes,2021-09-12 05:23:00
EV006871,PAT01003,FAC002,DEP006,2026-02-14 11:19:00,Walk-in,4,Breathing Difficulty,39,52,Discharged,No,2026-02-14 12:50:00
EV006872,PAT00440,FAC004,DEP006,2025-10-18 15:41:00,Walk-in,4,Laceration,51,85,Transferred,No,2025-10-18 17:57:00
EV006874,PAT06978,FAC003,DEP008,2026-01-24 21:15:00,Referral,4,Abdominal Pain,18,92,Discharged,No,2026-01-24 23:05:00
EV006875,PAT13493,FAC004,DEP006,2022-07-23 00:10:00,Walk-in,3,Fracture,40,86,Discharged,No,2022-07-23 02:16:00
EV006878,PAT12194,FAC002,DEP002,2021-06-09 06:48:00,Walk-in,4,Fever,64,58,Discharged,No,2021-06-09 08:50:00
EV006879,PAT02457,FAC003,DEP008,2022-09-01 03:42:00,Walk-in,3,Seizure,18,85,Discharged,No,2022-09-01 05:25:00
EV006880,PAT02151,FAC002,DEP006,2024-07-11 00:10:00,Walk-in,3,Poisoning,40,95,Admitted,Yes,2024-07-11 02:25:00
EV006883,PAT05815,FAC002,DEP002,2021-12-16 19:06:00,Walk-in,2,Breathing Difficulty,14,123,Discharged,No,2021-12-16 21:23:00
EV006888,PAT07682,FAC003,DEP008,2025-05-21 01:39:00,Walk-in,4,Breathing Difficulty,31,80,Discharged,No,2025-05-21 03:30:00
EV006890,PAT13568,FAC005,DEP008,2023-12-18 14:20:00,Walk-in,5,Allergic Reaction,123,43,Discharged,No,2023-12-18 17:06:00
EV006892,PAT04078,FAC005,DEP008,2024-07-19 16:49:00,Ambulance,4,Fever,66,53,Discharged,No,2024-07-19 18:48:00
EV006895,PAT14814,FAC005,DEP008,2022-02-19 18:02:00,Walk-in,2,Seizure,15,233,Admitted,Yes,2022-02-19 22:10:00
EV006897,PAT01787,FAC002,DEP002,2022-10-07 01:18:00,Walk-in,4,Stroke Symptoms,48,60,Transferred,No,2022-10-07 03:06:00
EV006899,PAT10042,FAC004,DEP004,2025-09-05 16:42:00,Walk-in,3,Poisoning,50,85,LWBS,No,2025-09-05 18:57:00
EV006902,PAT06635,FAC003,DEP008,2026-09-25 11:12:00,Police/Public,3,Fracture,27,47,Discharged,No,2026-09-25 12:26:00
EV006906,PAT04654,FAC001,DEP008,2024-05-05 23:51:00,Walk-in,1,Laceration,4,202,Discharged,No,2024-05-06 03:17:00
EV006907,PAT05861,FAC002,DEP005,2021-05-26 03:15:00,Walk-in,4,Poisoning,57,41,Discharged,No,2021-05-26 04:53:00
EV006915,PAT09744,FAC002,DEP007,2024-07-02 05:45:00,Walk-in,3,Stroke Symptoms,30,99,Admitted,Yes,2024-07-02 07:54:00
EV006918,PAT01415,FAC002,DEP007,2025-08-24 04:10:00,Ambulance,2,Fracture,11,163,Discharged,No,2025-08-24 07:04:00
EV006930,PAT01158,FAC003,DEP008,2026-08-30 09:41:00,Walk-in,3,Fracture,29,142,Discharged,No,2026-08-30 12:32:00
EV006935,PAT09028,FAC002,DEP006,2021-11-07 08:46:00,Walk-in,5,Allergic Reaction,32,37,Discharged,No,2021-11-07 09:55:00
EV006939,PAT11008,FAC004,DEP006,2025-07-30 19:31:00,Walk-in,4,Laceration,65,80,Transferred,No,2025-07-30 21:56:00
EV006940,PAT09293,FAC003,DEP008,2022-03-31 02:16:00,Walk-in,3,Fever,30,94,Discharged,No,2022-03-31 04:20:00
EV006941,PAT04456,FAC001,DEP008,2021-07-03 06:08:00,Police/Public,5,Laceration,60,50,Discharged,No,2021-07-03 07:58:00
EV006946,PAT09863,FAC001,DEP008,2022-03-17 05:20:00,Ambulance,3,Laceration,39,86,Admitted,Yes,2022-03-17 07:25:00
EV006959,PAT11194,FAC003,DEP008,2021-12-01 02:31:00,Referral,3,Poisoning,44,79,Admitted,Yes,2021-12-01 04:34:00
EV006961,PAT03012,FAC001,DEP008,2023-06-14 18:10:00,Walk-in,3,Fever,35,83,Discharged,No,2023-06-14 20:08:00
EV006964,PAT12070,FAC005,DEP008,2021-11-17 19:42:00,Walk-in,4,Breathing Difficulty,49,82,Admitted,Yes,2021-11-17 21:53:00
EV006968,PAT04097,FAC002,DEP006,2021-04-24 00:57:00,Walk-in,3,Abdominal Pain,21,80,Transferred,No,2021-04-24 02:38:00
EV006976,PAT13260,FAC002,DEP007,2022-12-22 14:53:00,Walk-in,5,Seizure,78,42,Discharged,No,2022-12-22 16:53:00
EV006978,PAT12473,FAC005,DEP008,2022-09-14 08:47:00,Walk-in,4,Breathing Difficulty,48,64,Transferred,No,2022-09-14 10:39:00
EV006983,PAT14233,FAC004,DEP006,2021-12-22 18:19:00,Referral,4,Abdominal Pain,38,60,Discharged,No,2021-12-22 19:57:00
EV007000,PAT11735,FAC002,DEP002,2023-02-06 09:32:00,Ambulance,3,Trauma/Injury,46,80,Transferred,No,2023-02-06 11:38:00
EV007007,PAT06555,FAC003,DEP008,2022-07-03 23:36:00,Walk-in,4,Breathing Difficulty,33,24,Transferred,No,2022-07-04 00:33:00
EV007018,PAT06696,FAC005,DEP008,2024-05-10 21:32:00,Police/Public,5,Stroke Symptoms,88,39,Admitted,Yes,2024-05-10 23:39:00
EV007019,PAT12550,FAC005,DEP008,2023-08-01 18:32:00,Walk-in,3,Trauma/Injury,47,101,LWBS,No,2023-08-01 21:00:00
EV007021,PAT03596,FAC002,DEP002,2026-10-15 14:38:00,Police/Public,3,Fever,47,141,Discharged,No,2026-10-15 17:46:00
EV007029,PAT13863,FAC003,DEP008,2024-10-28 12:13:00,Walk-in,4,Abdominal Pain,54,49,Discharged,No,2024-10-28 13:56:00
EV007038,PAT09255,FAC004,DEP002,2026-10-29 12:32:00,Walk-in,4,Poisoning,63,62,LWBS,No,2026-10-29 14:37:00
EV007039,PAT13678,FAC002,DEP006,2025-04-20 19:01:00,Walk-in,2,Breathing Difficulty,7,100,Discharged,No,2025-04-20 20:48:00
EV007040,PAT01184,FAC003,DEP008,2024-03-02 18:59:00,Walk-in,4,Seizure,34,58,LWBS,No,2024-03-02 20:31:00
EV007050,PAT00477,FAC004,DEP006,2023-08-19 10:56:00,Walk-in,5,Allergic Reaction,44,40,Discharged,No,2023-08-19 12:20:00
EV007064,PAT11362,FAC005,DEP008,2026-06-23 14:17:00,Walk-in,1,Fracture,5,184,Discharged,No,2026-06-23 17:26:00
EV007083,PAT12695,FAC005,DEP008,2024-12-07 11:01:00,Ambulance,2,Fracture,15,149,Admitted,Yes,2024-12-07 13:45:00
EV007086,PAT00028,FAC001,DEP008,2026-06-20 15:40:00,Ambulance,1,Chest Pain,4,144,Transferred,No,2026-06-20 18:08:00
EV007087,PAT02232,FAC003,DEP008,2023-07-01 09:02:00,Walk-in,4,Fever,45,75,Discharged,No,2023-07-01 11:02:00
EV007093,PAT12850,FAC002,DEP007,2021-01-08 23:11:00,Walk-in,4,Fracture,52,58,Discharged,No,2021-01-09 01:01:00
EV007105,PAT10521,FAC004,DEP005,2025-09-27 16:08:00,Police/Public,2,Laceration,19,135,LWBS,No,2025-09-27 18:42:00
EV007122,PAT05981,FAC004,DEP002,2026-08-21 05:43:00,Walk-in,3,Stroke Symptoms,46,84,Admitted,Yes,2026-08-21 07:53:00
EV007124,PAT02549,FAC002,DEP005,2026-12-28 14:49:00,Ambulance,3,Fracture,37,102,Admitted,Yes,2026-12-28 17:08:00
EV007129,PAT14084,FAC001,DEP008,2021-11-29 00:02:00,Walk-in,4,Poisoning,48,31,Discharged,No,2021-11-29 01:21:00
EV007130,PAT12275,FAC001,DEP008,2022-01-26 05:25:00,Walk-in,4,Trauma/Injury,36,69,Admitted,Yes,2022-01-26 07:10:00
EV007136,PAT07732,FAC003,DEP008,2026-08-23 23:20:00,Ambulance,3,Allergic Reaction,19,86,Discharged,No,2026-08-24 01:05:00
EV007140,PAT11889,FAC005,DEP008,2024-04-20 21:32:00,Walk-in,2,Trauma/Injury,13,194,Discharged,No,2024-04-21 00:59:00
EV007141,PAT09090,FAC002,DEP002,2024-02-22 03:34:00,Walk-in,4,Abdominal Pain,54,55,Admitted,Yes,2024-02-22 05:23:00
EV007146,PAT12396,FAC003,DEP008,2024-08-05 17:11:00,Walk-in,3,Laceration,44,102,Admitted,Yes,2024-08-05 19:37:00
EV007147,PAT08035,FAC003,DEP008,2024-04-02 06:55:00,Ambulance,2,Chest Pain,23,113,Discharged,No,2024-04-02 09:11:00
EV007150,PAT04991,FAC003,DEP008,2022-07-06 11:58:00,Walk-in,4,Chest Pain,70,66,Discharged,No,2022-07-06 14:14:00
EV007151,PAT08109,FAC001,DEP008,2025-06-29 21:02:00,Ambulance,2,Laceration,15,196,Discharged,No,2025-06-30 00:33:00
EV007154,PAT03834,FAC002,DEP005,2024-02-10 02:56:00,Ambulance,2,Abdominal Pain,13,138,Discharged,No,2024-02-10 05:27:00
EV007159,PAT10803,FAC004,DEP002,2021-07-22 19:37:00,Walk-in,5,Fever,31,42,Discharged,No,2021-07-22 20:50:00
EV007175,PAT09530,FAC001,DEP008,2021-02-23 06:52:00,Walk-in,4,Abdominal Pain,56,53,Discharged,No,2021-02-23 08:41:00
EV007183,PAT05490,FAC004,DEP005,2025-03-01 05:56:00,Referral,3,Stroke Symptoms,40,77,Admitted,Yes,2025-03-01 07:53:00
EV007184,PAT14943,FAC004,DEP004,2023-06-21 04:14:00,Walk-in,2,Breathing Difficulty,12,110,Discharged,No,2023-06-21 06:16:00
EV007186,PAT06349,FAC002,DEP005,2023-10-17 08:41:00,Police/Public,2,Allergic Reaction,13,133,Discharged,No,2023-10-17 11:07:00
EV007193,PAT07448,FAC002,DEP005,2026-02-26 02:45:00,Ambulance,5,Allergic Reaction,88,44,Discharged,No,2026-02-26 04:57:00
EV007197,PAT09973,FAC004,DEP005,2026-04-11 20:00:00,Walk-in,2,Chest Pain,11,143,Discharged,No,2026-04-11 22:34:00
EV007207,PAT08385,FAC004,DEP002,2026-05-07 11:18:00,Walk-in,4,Trauma/Injury,99,67,Transferred,No,2026-05-07 14:04:00
EV007217,PAT00795,FAC001,DEP008,2021-06-13 06:05:00,Police/Public,5,Seizure,110,31,Transferred,No,2021-06-13 08:26:00
EV007218,PAT05024,FAC001,DEP008,2024-12-11 16:07:00,Walk-in,4,Seizure,41,63,Discharged,No,2024-12-11 17:51:00
EV007219,PAT13267,FAC004,DEP005,2025-05-01 21:42:00,Walk-in,4,Poisoning,16,66,Discharged,No,2025-05-01 23:04:00
EV007230,PAT01580,FAC005,DEP008,2022-10-08 02:18:00,Police/Public,5,Fracture,26,33,Discharged,No,2022-10-08 03:17:00
EV007231,PAT05614,FAC004,DEP006,2023-10-06 09:02:00,Referral,3,Laceration,39,61,Discharged,No,2023-10-06 10:42:00
EV007242,PAT10711,FAC004,DEP005,2026-10-28 12:21:00,Referral,5,Seizure,85,38,Discharged,No,2026-10-28 14:24:00
EV007249,PAT07277,FAC003,DEP008,2023-04-28 17:21:00,Walk-in,4,Chest Pain,32,79,Discharged,No,2023-04-28 19:12:00
EV007252,PAT12322,FAC001,DEP008,2024-09-23 22:11:00,Walk-in,5,Stroke Symptoms,102,39,Transferred,No,2024-09-24 00:32:00
EV007257,PAT07525,FAC004,DEP002,2026-12-31 11:33:00,Walk-in,4,Allergic Reaction,41,86,Discharged,No,2026-12-31 13:40:00
EV007261,PAT12986,FAC004,DEP001,2024-12-14 01:50:00,Police/Public,4,Fracture,60,47,Admitted,Yes,2024-12-14 03:37:00
EV007263,PAT14683,FAC002,DEP005,2021-05-09 09:36:00,Referral,4,Trauma/Injury,31,51,Discharged,No,2021-05-09 10:58:00
EV007267,PAT04195,FAC003,DEP008,2023-12-14 18:53:00,Ambulance,3,Poisoning,32,102,Admitted,Yes,2023-12-14 21:07:00
EV007268,PAT03345,FAC001,DEP008,2025-01-12 23:02:00,Walk-in,3,Allergic Reaction,27,100,Transferred,No,2025-01-13 01:09:00
EV007269,PAT02549,FAC004,DEP007,2026-01-18 00:07:00,Ambulance,3,Seizure,24,65,Admitted,Yes,2026-01-18 01:36:00
EV007274,PAT00715,FAC004,DEP004,2021-04-23 08:36:00,Ambulance,1,Seizure,4,143,Discharged,No,2021-04-23 11:03:00
EV007277,PAT10171,FAC005,DEP008,2022-03-03 06:46:00,Walk-in,2,Fracture,9,170,Discharged,No,2022-03-03 09:45:00
EV007281,PAT01079,FAC003,DEP008,2026-09-12 00:07:00,Walk-in,4,Trauma/Injury,36,52,Discharged,No,2026-09-12 01:35:00
EV007293,PAT04639,FAC004,DEP002,2024-03-09 22:15:00,Walk-in,4,Abdominal Pain,45,48,LWBS,No,2024-03-09 23:48:00
EV007296,PAT14616,FAC004,DEP006,2023-01-19 02:27:00,Walk-in,4,Chest Pain,65,58,Discharged,No,2023-01-19 04:30:00
EV007299,PAT00748,FAC002,DEP006,2022-12-02 13:02:00,Ambulance,4,Abdominal Pain,58,35,Discharged,No,2022-12-02 14:35:00
EV007303,PAT01431,FAC001,DEP008,2022-05-02 09:44:00,Walk-in,3,Laceration,30,99,Discharged,No,2022-05-02 11:53:00
EV007305,PAT00648,FAC003,DEP008,2025-04-12 11:34:00,Walk-in,3,Fever,45,132,Discharged,No,2025-04-12 14:31:00
EV007316,PAT06897,FAC002,DEP006,2024-08-22 18:02:00,Ambulance,4,Fever,87,29,LWBS,No,2024-08-22 19:58:00
EV007328,PAT12059,FAC004,DEP006,2022-11-23 19:54:00,Ambulance,4,Breathing Difficulty,51,37,Transferred,No,2022-11-23 21:22:00
EV007329,PAT00806,FAC001,DEP008,2021-11-11 09:08:00,Walk-in,3,Trauma/Injury,25,69,Admitted,Yes,2021-11-11 10:42:00
EV007335,PAT11844,FAC005,DEP008,2023-10-14 03:57:00,Police/Public,5,Fever,93,44,Discharged,No,2023-10-14 06:14:00
EV007339,PAT11596,FAC004,DEP004,2021-10-23 03:47:00,Police/Public,4,Chest Pain,37,68,Admitted,Yes,2021-10-23 05:32:00
EV007342,PAT11846,FAC001,DEP008,2025-12-28 05:30:00,Walk-in,5,Breathing Difficulty,66,40,Discharged,No,2025-12-28 07:16:00
EV007345,PAT11074,FAC005,DEP008,2025-05-04 20:35:00,Ambulance,3,Poisoning,33,87,Transferred,No,2025-05-04 22:35:00
EV007356,PAT11640,FAC003,DEP008,2023-09-25 14:15:00,Ambulance,4,Stroke Symptoms,70,26,Deceased,No,2023-09-25 15:51:00
EV007359,PAT05362,FAC002,DEP007,2023-06-11 10:11:00,Walk-in,3,Fracture,22,66,Discharged,No,2023-06-11 11:39:00
EV007363,PAT00287,FAC003,DEP008,2023-10-27 07:08:00,Ambulance,2,Chest Pain,13,131,Discharged,No,2023-10-27 09:32:00
EV007367,PAT02145,FAC001,DEP008,2023-09-25 14:07:00,Ambulance,3,Fever,44,57,Discharged,No,2023-09-25 15:48:00
EV007369,PAT02443,FAC002,DEP006,2026-12-26 02:52:00,Walk-in,5,Allergic Reaction,77,44,Discharged,No,2026-12-26 04:53:00
EV007381,PAT01191,FAC004,DEP004,2023-12-10 19:27:00,Walk-in,3,Seizure,28,122,Transferred,No,2023-12-10 21:57:00
EV007383,PAT09902,FAC002,DEP005,2022-08-01 04:45:00,Referral,3,Breathing Difficulty,52,95,Admitted,Yes,2022-08-01 07:12:00
EV007389,PAT05370,FAC003,DEP008,2025-03-28 01:15:00,Police/Public,4,Abdominal Pain,47,76,Transferred,No,2025-03-28 03:18:00
EV007393,PAT05291,FAC005,DEP008,2024-12-15 00:37:00,Walk-in,4,Poisoning,49,46,Discharged,No,2024-12-15 02:12:00
EV007400,PAT12723,FAC002,DEP001,2025-01-31 10:28:00,Walk-in,2,Trauma/Injury,18,147,Discharged,No,2025-01-31 13:13:00
EV007402,PAT07235,FAC005,DEP008,2022-12-13 13:57:00,Walk-in,4,Fever,46,53,Admitted,Yes,2022-12-13 15:36:00
EV007403,PAT14643,FAC001,DEP008,2026-05-01 02:59:00,Police/Public,4,Stroke Symptoms,36,64,Discharged,No,2026-05-01 04:39:00
EV007412,PAT01218,FAC001,DEP008,2023-04-24 20:22:00,Police/Public,5,Abdominal Pain,63,37,Admitted,Yes,2023-04-24 22:02:00
EV007418,PAT01714,FAC004,DEP007,2023-02-16 20:53:00,Ambulance,3,Allergic Reaction,36,67,Discharged,No,2023-02-16 22:36:00
EV007420,PAT04830,FAC003,DEP008,2026-11-22 09:30:00,Walk-in,3,Seizure,42,45,Discharged,No,2026-11-22 10:57:00
EV007426,PAT05703,FAC005,DEP008,2023-11-05 15:53:00,Walk-in,4,Seizure,22,62,Deceased,No,2023-11-05 17:17:00
EV007434,PAT06602,FAC004,DEP001,2025-03-23 03:12:00,Walk-in,4,Breathing Difficulty,46,43,Discharged,No,2025-03-23 04:41:00
EV007439,PAT11299,FAC005,DEP008,2021-08-25 16:40:00,Ambulance,4,Poisoning,73,49,Discharged,No,2021-08-25 18:42:00
EV007444,PAT00219,FAC002,DEP005,2024-12-29 17:31:00,Walk-in,4,Poisoning,63,51,Transferred,No,2024-12-29 19:25:00
EV007457,PAT01374,FAC002,DEP005,2026-07-22 00:28:00,Walk-in,4,Fever,68,29,Discharged,No,2026-07-22 02:05:00
EV007464,PAT02413,FAC001,DEP008,2023-02-10 03:58:00,Ambulance,3,Stroke Symptoms,41,98,Discharged,No,2023-02-10 06:17:00
EV007466,PAT13116,FAC004,DEP006,2025-03-29 15:59:00,Ambulance,3,Allergic Reaction,32,103,Discharged,No,2025-03-29 18:14:00
EV007474,PAT14720,FAC004,DEP006,2025-03-08 06:27:00,Walk-in,3,Trauma/Injury,29,58,Discharged,No,2025-03-08 07:54:00
EV007475,PAT10561,FAC002,DEP002,2025-12-10 01:07:00,Walk-in,3,Stroke Symptoms,41,61,Discharged,No,2025-12-10 02:49:00
EV007482,PAT07337,FAC004,DEP002,2023-06-28 11:16:00,Referral,4,Seizure,34,61,Discharged,No,2023-06-28 12:51:00
EV007484,PAT12236,FAC005,DEP008,2022-04-26 06:39:00,Walk-in,3,Allergic Reaction,38,85,Admitted,Yes,2022-04-26 08:42:00
EV007501,PAT00634,FAC005,DEP008,2023-11-17 03:00:00,Referral,3,Breathing Difficulty,51,108,Discharged,No,2023-11-17 05:39:00
EV007503,PAT04983,FAC005,DEP008,2026-03-07 01:32:00,Walk-in,4,Allergic Reaction,41,70,Admitted,Yes,2026-03-07 03:23:00
EV007508,PAT06114,FAC002,DEP006,2023-05-24 08:27:00,Walk-in,3,Allergic Reaction,28,68,Discharged,No,2023-05-24 10:03:00
EV007517,PAT02819,FAC004,DEP004,2025-11-18 13:20:00,Walk-in,2,Chest Pain,24,144,Discharged,No,2025-11-18 16:08:00
EV007538,PAT03572,FAC003,DEP008,2022-04-20 14:50:00,Police/Public,5,Fever,94,35,Admitted,Yes,2022-04-20 16:59:00
EV007554,PAT10421,FAC001,DEP008,2026-06-24 04:09:00,Ambulance,3,Fever,31,110,Admitted,Yes,2026-06-24 06:30:00
EV007555,PAT14321,FAC004,DEP007,2026-03-23 14:02:00,Walk-in,5,Fracture,100,46,Discharged,No,2026-03-23 16:28:00
EV007557,PAT11624,FAC002,DEP002,2024-12-27 21:04:00,Ambulance,4,Fever,55,56,Discharged,No,2024-12-27 22:55:00
EV007558,PAT02169,FAC005,DEP008,2023-12-06 01:59:00,Walk-in,3,Chest Pain,27,38,Discharged,No,2023-12-06 03:04:00
EV007559,PAT01209,FAC004,DEP007,2024-02-09 03:16:00,Walk-in,3,Abdominal Pain,51,77,Discharged,No,2024-02-09 05:24:00
EV007564,PAT06833,FAC005,DEP008,2022-02-11 16:35:00,Ambulance,5,Fever,80,33,Discharged,No,2022-02-11 18:28:00
EV007565,PAT10207,FAC005,DEP008,2022-04-16 10:46:00,Police/Public,4,Stroke Symptoms,46,73,Admitted,Yes,2022-04-16 12:45:00
EV007568,PAT08935,FAC004,DEP007,2023-10-26 01:26:00,Referral,4,Fever,39,65,Discharged,No,2023-10-26 03:10:00
EV007569,PAT01984,FAC001,DEP008,2026-04-24 05:55:00,Ambulance,3,Chest Pain,23,152,Discharged,No,2026-04-24 08:50:00
EV007575,PAT00120,FAC003,DEP008,2025-04-16 06:39:00,Walk-in,4,Trauma/Injury,76,71,Discharged,No,2025-04-16 09:06:00
EV007577,PAT09593,FAC002,DEP006,2024-10-19 15:33:00,Walk-in,3,Stroke Symptoms,10,89,Admitted,Yes,2024-10-19 17:12:00
EV007581,PAT12015,FAC001,DEP008,2025-03-11 20:17:00,Walk-in,5,Fracture,97,56,Discharged,No,2025-03-11 22:50:00
EV007582,PAT07682,FAC004,DEP001,2026-03-17 09:28:00,Police/Public,4,Fracture,68,38,Discharged,No,2026-03-17 11:14:00
EV007583,PAT04668,FAC002,DEP006,2022-04-04 11:43:00,Walk-in,3,Trauma/Injury,31,84,Transferred,No,2022-04-04 13:38:00
EV007591,PAT06951,FAC004,DEP007,2022-01-09 00:59:00,Walk-in,3,Seizure,24,101,Discharged,No,2022-01-09 03:04:00
EV007593,PAT05332,FAC001,DEP008,2023-07-07 18:56:00,Walk-in,4,Breathing Difficulty,78,49,Admitted,Yes,2023-07-07 21:03:00
EV007594,PAT07170,FAC005,DEP008,2023-02-13 06:49:00,Walk-in,4,Chest Pain,51,52,Admitted,Yes,2023-02-13 08:32:00
EV007598,PAT14979,FAC005,DEP008,2023-01-05 09:12:00,Walk-in,4,Allergic Reaction,45,40,Discharged,No,2023-01-05 10:37:00
EV007603,PAT13702,FAC005,DEP008,2026-09-14 19:13:00,Walk-in,5,Trauma/Injury,113,35,Discharged,No,2026-09-14 21:41:00
EV007608,PAT01890,FAC002,DEP001,2021-10-26 05:21:00,Walk-in,3,Abdominal Pain,32,87,Discharged,No,2021-10-26 07:20:00
EV007609,PAT14172,FAC003,DEP008,2025-10-06 15:10:00,Ambulance,4,Trauma/Injury,51,80,Discharged,No,2025-10-06 17:21:00
EV007610,PAT03071,FAC002,DEP001,2022-01-06 18:48:00,Ambulance,3,Abdominal Pain,46,99,Discharged,No,2022-01-06 21:13:00
EV007615,PAT03705,FAC001,DEP008,2026-07-17 16:59:00,Walk-in,3,Abdominal Pain,23,85,Transferred,No,2026-07-17 18:47:00
EV007620,PAT04289,FAC001,DEP008,2022-03-01 11:55:00,Walk-in,1,Seizure,5,148,Admitted,Yes,2022-03-01 14:28:00
EV007636,PAT06622,FAC003,DEP008,2024-10-11 06:04:00,Ambulance,4,Stroke Symptoms,59,55,Discharged,No,2024-10-11 07:58:00
EV007638,PAT13436,FAC002,DEP002,2025-08-27 05:39:00,Ambulance,5,Poisoning,34,59,Discharged,No,2025-08-27 07:12:00
EV007644,PAT13635,FAC005,DEP008,2026-01-11 04:52:00,Ambulance,3,Laceration,24,145,Discharged,No,2026-01-11 07:41:00
EV007647,PAT09682,FAC003,DEP008,2024-05-10 00:43:00,Ambulance,3,Seizure,36,83,Admitted,Yes,2024-05-10 02:42:00
EV007648,PAT12588,FAC002,DEP001,2026-05-18 01:25:00,Walk-in,4,Chest Pain,64,66,Discharged,No,2026-05-18 03:35:00
EV007651,PAT03308,FAC005,DEP008,2025-04-13 05:48:00,Walk-in,2,Fever,16,147,Discharged,No,2025-04-13 08:31:00
EV007666,PAT07151,FAC003,DEP008,2022-12-17 19:51:00,Ambulance,3,Breathing Difficulty,23,92,Transferred,No,2022-12-17 21:46:00
EV007669,PAT11846,FAC001,DEP008,2021-05-21 09:42:00,Walk-in,1,Seizure,4,199,Discharged,No,2021-05-21 13:05:00
EV007674,PAT01517,FAC002,DEP001,2025-03-25 07:39:00,Walk-in,3,Abdominal Pain,40,78,Admitted,Yes,2025-03-25 09:37:00
EV007678,PAT05100,FAC004,DEP004,2025-09-19 12:08:00,Ambulance,4,Chest Pain,39,69,Discharged,No,2025-09-19 13:56:00
EV007680,PAT04116,FAC005,DEP008,2023-05-18 16:01:00,Walk-in,4,Poisoning,68,70,Discharged,No,2023-05-18 18:19:00
EV007685,PAT06052,FAC001,DEP008,2022-08-08 22:22:00,Walk-in,3,Breathing Difficulty,29,124,Discharged,No,2022-08-09 00:55:00
EV007688,PAT05564,FAC005,DEP008,2026-11-19 10:00:00,Walk-in,4,Chest Pain,30,51,Discharged,No,2026-11-19 11:21:00
EV007690,PAT08650,FAC004,DEP004,2025-05-16 01:05:00,Walk-in,3,Chest Pain,33,98,Discharged,No,2025-05-16 03:16:00
EV007707,PAT10044,FAC003,DEP008,2021-07-21 15:55:00,Walk-in,4,Fracture,53,60,Admitted,Yes,2021-07-21 17:48:00
EV007709,PAT09856,FAC002,DEP005,2025-03-29 17:22:00,Police/Public,4,Poisoning,78,61,LWBS,No,2025-03-29 19:41:00
EV007716,PAT13827,FAC005,DEP008,2026-10-09 11:07:00,Police/Public,3,Allergic Reaction,38,88,Discharged,No,2026-10-09 13:13:00
EV007719,PAT00222,FAC004,DEP002,2023-02-11 20:30:00,Walk-in,4,Seizure,81,50,Discharged,No,2023-02-11 22:41:00
EV007732,PAT09386,FAC003,DEP008,2026-05-11 04:09:00,Walk-in,4,Breathing Difficulty,54,55,Discharged,No,2026-05-11 05:58:00
EV007734,PAT05835,FAC002,DEP006,2025-01-15 10:41:00,Referral,4,Laceration,91,66,Discharged,No,2025-01-15 13:18:00
EV007736,PAT13718,FAC002,DEP001,2024-07-22 16:38:00,Walk-in,4,Fever,72,57,Discharged,No,2024-07-22 18:47:00
EV007742,PAT12670,FAC002,DEP002,2022-06-10 10:54:00,Ambulance,3,Chest Pain,30,72,Discharged,No,2022-06-10 12:36:00
EV007744,PAT04765,FAC005,DEP008,2025-08-24 17:49:00,Walk-in,4,Trauma/Injury,100,61,Admitted,Yes,2025-08-24 20:30:00
EV007751,PAT08371,FAC002,DEP007,2022-07-08 09:51:00,Walk-in,3,Allergic Reaction,43,106,Discharged,No,2022-07-08 12:20:00
EV007758,PAT03653,FAC001,DEP008,2026-08-03 18:45:00,Ambulance,2,Fever,13,121,Discharged,No,2026-08-03 20:59:00
EV007759,PAT08105,FAC002,DEP005,2024-04-21 08:31:00,Walk-in,4,Stroke Symptoms,68,46,Admitted,Yes,2024-04-21 10:25:00
EV007767,PAT07064,FAC001,DEP008,2023-07-21 06:20:00,Police/Public,4,Poisoning,59,56,Admitted,Yes,2023-07-21 08:15:00
EV007777,PAT00638,FAC005,DEP008,2025-04-01 22:50:00,Walk-in,3,Abdominal Pain,19,102,Discharged,No,2025-04-02 00:51:00
EV007781,PAT14995,FAC001,DEP008,2023-04-03 03:06:00,Walk-in,5,Laceration,88,43,Discharged,No,2023-04-03 05:17:00
EV007784,PAT06089,FAC005,DEP008,2024-02-04 15:12:00,Referral,5,Chest Pain,65,34,Discharged,No,2024-02-04 16:51:00
EV007800,PAT06652,FAC005,DEP008,2023-03-08 02:47:00,Walk-in,5,Fracture,77,43,Discharged,No,2023-03-08 04:47:00
EV007805,PAT02413,FAC003,DEP008,2025-07-05 01:16:00,Referral,2,Abdominal Pain,9,171,Discharged,No,2025-07-05 04:16:00
EV007806,PAT12375,FAC005,DEP008,2024-01-19 06:59:00,Walk-in,4,Breathing Difficulty,87,50,Admitted,Yes,2024-01-19 09:16:00
EV007807,PAT14682,FAC001,DEP008,2023-11-12 17:46:00,Ambulance,4,Abdominal Pain,31,71,Discharged,No,2023-11-12 19:28:00
EV007811,PAT03099,FAC005,DEP008,2021-12-01 00:55:00,Walk-in,3,Stroke Symptoms,39,82,Discharged,No,2021-12-01 02:56:00
EV007814,PAT09508,FAC003,DEP008,2022-06-11 19:04:00,Police/Public,3,Stroke Symptoms,18,92,Discharged,No,2022-06-11 20:54:00
EV007816,PAT11456,FAC003,DEP008,2024-05-13 18:18:00,Ambulance,4,Seizure,69,57,Discharged,No,2024-05-13 20:24:00
EV007818,PAT07361,FAC004,DEP006,2025-03-31 06:45:00,Police/Public,3,Seizure,33,84,Transferred,No,2025-03-31 08:42:00
EV007824,PAT06652,FAC003,DEP008,2024-06-15 22:07:00,Ambulance,3,Chest Pain,20,118,Discharged,No,2024-06-16 00:25:00
EV007826,PAT12795,FAC004,DEP006,2022-06-16 05:33:00,Walk-in,2,Laceration,19,104,Transferred,No,2022-06-16 07:36:00
EV007832,PAT13020,FAC002,DEP002,2022-03-11 20:13:00,Walk-in,2,Chest Pain,20,109,Discharged,No,2022-03-11 22:22:00
EV007833,PAT11022,FAC004,DEP001,2026-08-11 14:41:00,Ambulance,4,Stroke Symptoms,39,67,Admitted,Yes,2026-08-11 16:27:00
EV007850,PAT07774,FAC004,DEP002,2025-01-21 06:01:00,Walk-in,5,Abdominal Pain,107,46,Discharged,No,2025-01-21 08:34:00
EV007853,PAT00945,FAC005,DEP008,2022-04-14 11:22:00,Walk-in,2,Chest Pain,8,134,Discharged,No,2022-04-14 13:44:00
EV007856,PAT07413,FAC004,DEP006,2024-06-17 15:01:00,Walk-in,5,Trauma/Injury,81,45,Discharged,No,2024-06-17 17:07:00
EV007857,PAT13469,FAC005,DEP008,2025-07-04 14:32:00,Walk-in,2,Breathing Difficulty,23,140,Discharged,No,2025-07-04 17:15:00
EV007862,PAT11568,FAC005,DEP008,2025-02-24 17:37:00,Walk-in,2,Seizure,18,157,Discharged,No,2025-02-24 20:32:00
EV007863,PAT02994,FAC003,DEP008,2022-12-07 17:39:00,Ambulance,5,Seizure,85,42,Discharged,No,2022-12-07 19:46:00
EV007866,PAT00151,FAC005,DEP008,2025-07-10 02:37:00,Referral,3,Stroke Symptoms,50,106,Discharged,No,2025-07-10 05:13:00
EV007891,PAT11110,FAC003,DEP008,2025-05-17 20:18:00,Referral,2,Allergic Reaction,15,199,Admitted,Yes,2025-05-17 23:52:00
EV007893,PAT00096,FAC005,DEP008,2023-09-14 18:09:00,Walk-in,5,Seizure,79,31,Discharged,No,2023-09-14 19:59:00
EV007896,PAT04949,FAC001,DEP008,2022-05-29 06:53:00,Walk-in,3,Allergic Reaction,28,101,Discharged,No,2022-05-29 09:02:00
EV007900,PAT02426,FAC003,DEP008,2026-09-01 02:12:00,Ambulance,3,Chest Pain,28,64,Admitted,Yes,2026-09-01 03:44:00
EV007902,PAT11414,FAC004,DEP002,2025-03-31 08:12:00,Ambulance,5,Trauma/Injury,78,20,Discharged,No,2025-03-31 09:50:00
EV007920,PAT10669,FAC003,DEP008,2023-08-15 00:30:00,Walk-in,5,Laceration,34,40,Discharged,No,2023-08-15 01:44:00
EV007925,PAT11542,FAC001,DEP008,2024-06-24 03:57:00,Walk-in,3,Abdominal Pain,35,90,Discharged,No,2024-06-24 06:02:00
EV007926,PAT03834,FAC004,DEP007,2025-05-12 18:28:00,Ambulance,2,Stroke Symptoms,15,99,Admitted,Yes,2025-05-12 20:22:00
EV007934,PAT14226,FAC001,DEP008,2021-08-09 18:34:00,Walk-in,4,Trauma/Injury,73,62,Admitted,Yes,2021-08-09 20:49:00
EV007935,PAT01684,FAC005,DEP008,2026-08-09 11:28:00,Ambulance,3,Trauma/Injury,28,102,Admitted,Yes,2026-08-09 13:38:00
EV007959,PAT02535,FAC005,DEP008,2023-02-23 11:46:00,Walk-in,2,Laceration,12,173,Discharged,No,2023-02-23 14:51:00
EV007961,PAT07979,FAC002,DEP007,2026-12-01 04:50:00,Ambulance,5,Laceration,45,47,Discharged,No,2026-12-01 06:22:00
EV007964,PAT09090,FAC004,DEP002,2022-11-15 03:02:00,Police/Public,5,Abdominal Pain,52,39,Admitted,Yes,2022-11-15 04:33:00
EV007975,PAT00285,FAC001,DEP008,2023-08-30 20:19:00,Walk-in,5,Chest Pain,106,44,Transferred,No,2023-08-30 22:49:00
EV007985,PAT05293,FAC005,DEP008,2024-06-07 07:13:00,Walk-in,5,Fracture,54,53,Admitted,Yes,2024-06-07 09:00:00
EV007991,PAT04769,FAC002,DEP006,2022-01-14 21:03:00,Walk-in,3,Abdominal Pain,35,129,Discharged,No,2022-01-14 23:47:00
EV007992,PAT04672,FAC005,DEP008,2021-01-08 20:34:00,Walk-in,3,Fracture,32,78,Discharged,No,2021-01-08 22:24:00
EV008005,PAT14134,FAC002,DEP007,2021-05-04 10:44:00,Walk-in,4,Seizure,25,48,Discharged,No,2021-05-04 11:57:00
EV008006,PAT05332,FAC005,DEP008,2025-09-17 01:12:00,Walk-in,5,Abdominal Pain,107,34,Discharged,No,2025-09-17 03:33:00
EV008012,PAT02309,FAC001,DEP008,2026-11-25 13:17:00,Police/Public,5,Fever,92,42,Discharged,No,2026-11-25 15:31:00
EV008015,PAT14802,FAC003,DEP008,2022-08-11 17:04:00,Police/Public,3,Trauma/Injury,46,140,Discharged,No,2022-08-11 20:10:00
EV008022,PAT02627,FAC003,DEP008,2026-02-12 15:47:00,Walk-in,3,Abdominal Pain,41,116,Discharged,No,2026-02-12 18:24:00
EV008031,PAT04915,FAC001,DEP008,2021-11-07 15:34:00,Walk-in,3,Chest Pain,38,65,Discharged,No,2021-11-07 17:17:00
EV008032,PAT01513,FAC001,DEP008,2025-07-16 17:52:00,Walk-in,3,Fracture,45,105,Admitted,Yes,2025-07-16 20:22:00
EV008034,PAT02747,FAC004,DEP002,2025-08-24 10:44:00,Walk-in,5,Chest Pain,64,36,Discharged,No,2025-08-24 12:24:00
EV008037,PAT04490,FAC003,DEP008,2024-05-19 06:22:00,Walk-in,5,Chest Pain,48,30,Discharged,No,2024-05-19 07:40:00
EV008041,PAT09060,FAC003,DEP008,2024-09-06 17:12:00,Walk-in,4,Abdominal Pain,36,31,Discharged,No,2024-09-06 18:19:00
EV008046,PAT01452,FAC001,DEP008,2022-11-17 02:21:00,Walk-in,4,Laceration,90,66,Discharged,No,2022-11-17 04:57:00
EV008047,PAT09354,FAC001,DEP008,2024-04-22 00:40:00,Referral,4,Allergic Reaction,47,59,Discharged,No,2024-04-22 02:26:00
EV008051,PAT03548,FAC003,DEP008,2026-02-26 04:29:00,Referral,3,Laceration,45,85,Transferred,No,2026-02-26 06:39:00
EV008052,PAT00904,FAC004,DEP005,2026-07-25 12:09:00,Ambulance,3,Trauma/Injury,27,76,Transferred,No,2026-07-25 13:52:00
EV008053,PAT11366,FAC002,DEP007,2021-11-25 17:47:00,Walk-in,3,Fracture,27,99,Discharged,No,2021-11-25 19:53:00
EV008054,PAT05764,FAC003,DEP008,2023-08-29 22:39:00,Walk-in,3,Laceration,51,92,Discharged,No,2023-08-30 01:02:00
EV008057,PAT09090,FAC004,DEP002,2024-01-04 16:30:00,Walk-in,3,Fracture,43,62,Discharged,No,2024-01-04 18:15:00
EV008063,PAT02772,FAC003,DEP008,2021-09-17 05:44:00,Ambulance,3,Chest Pain,40,76,Discharged,No,2021-09-17 07:40:00
EV008065,PAT12418,FAC001,DEP008,2023-10-05 16:00:00,Walk-in,2,Chest Pain,13,129,Admitted,Yes,2023-10-05 18:22:00
EV008067,PAT14158,FAC003,DEP008,2023-01-26 05:24:00,Ambulance,4,Fracture,34,45,Discharged,No,2023-01-26 06:43:00
EV008072,PAT03904,FAC003,DEP008,2022-08-25 15:08:00,Referral,3,Allergic Reaction,25,112,Discharged,No,2022-08-25 17:25:00
EV008075,PAT13477,FAC002,DEP001,2024-12-28 12:50:00,Referral,3,Chest Pain,26,104,Discharged,No,2024-12-28 15:00:00
EV008077,PAT09233,FAC002,DEP005,2021-12-31 14:55:00,Ambulance,1,Seizure,1,232,Admitted,Yes,2021-12-31 18:48:00
EV008081,PAT11441,FAC003,DEP008,2025-10-11 00:43:00,Ambulance,4,Fracture,52,47,Admitted,Yes,2025-10-11 02:22:00
EV008085,PAT07815,FAC003,DEP008,2026-01-20 20:54:00,Walk-in,1,Seizure,6,123,Discharged,No,2026-01-20 23:03:00
EV008091,PAT11298,FAC003,DEP008,2021-04-03 19:11:00,Referral,2,Breathing Difficulty,15,201,Discharged,No,2021-04-03 22:47:00
EV008095,PAT09319,FAC001,DEP008,2025-03-30 00:02:00,Walk-in,3,Seizure,34,63,Discharged,No,2025-03-30 01:39:00
EV008097,PAT14165,FAC003,DEP008,2026-01-13 22:02:00,Walk-in,4,Chest Pain,81,68,Admitted,Yes,2026-01-14 00:31:00
EV008099,PAT03920,FAC001,DEP008,2025-02-21 03:00:00,Walk-in,3,Fever,32,88,Discharged,No,2025-02-21 05:00:00
EV008105,PAT01476,FAC001,DEP008,2023-06-22 13:08:00,Walk-in,3,Fracture,40,117,Discharged,No,2023-06-22 15:45:00
EV008107,PAT00287,FAC002,DEP001,2021-05-08 01:57:00,Walk-in,2,Breathing Difficulty,23,132,Discharged,No,2021-05-08 04:32:00
EV008113,PAT00745,FAC004,DEP001,2021-07-17 07:10:00,Ambulance,3,Laceration,14,91,Admitted,Yes,2021-07-17 08:55:00
EV008114,PAT06844,FAC005,DEP008,2026-08-08 00:26:00,Walk-in,3,Fever,29,118,Transferred,No,2026-08-08 02:53:00
EV008121,PAT13436,FAC001,DEP008,2026-05-20 07:30:00,Ambulance,4,Abdominal Pain,56,72,Admitted,Yes,2026-05-20 09:38:00
EV008128,PAT12059,FAC002,DEP006,2022-07-20 04:47:00,Referral,3,Allergic Reaction,40,117,Discharged,No,2022-07-20 07:24:00
EV008134,PAT02070,FAC005,DEP008,2024-07-03 02:49:00,Walk-in,4,Fracture,48,33,Discharged,No,2024-07-03 04:10:00
EV008136,PAT13556,FAC003,DEP008,2025-12-02 05:26:00,Walk-in,3,Allergic Reaction,32,119,Discharged,No,2025-12-02 07:57:00
EV008144,PAT12833,FAC004,DEP001,2022-11-04 20:16:00,Ambulance,3,Fracture,32,100,Discharged,No,2022-11-04 22:28:00
EV008152,PAT02617,FAC005,DEP008,2026-11-01 20:54:00,Ambulance,2,Poisoning,13,125,LWBS,No,2026-11-01 23:12:00
EV008158,PAT13458,FAC002,DEP007,2026-11-23 14:04:00,Ambulance,3,Laceration,38,115,Discharged,No,2026-11-23 16:37:00
EV008159,PAT07360,FAC003,DEP008,2025-05-21 12:26:00,Walk-in,3,Fracture,28,116,Discharged,No,2025-05-21 14:50:00
EV008164,PAT05222,FAC004,DEP004,2021-03-01 01:21:00,Ambulance,4,Poisoning,30,52,Admitted,Yes,2021-03-01 02:43:00
EV008170,PAT06436,FAC004,DEP005,2025-04-28 13:51:00,Walk-in,5,Breathing Difficulty,109,40,Deceased,No,2025-04-28 16:20:00
EV008176,PAT03489,FAC005,DEP008,2026-04-02 04:49:00,Police/Public,2,Trauma/Injury,12,87,Admitted,Yes,2026-04-02 06:28:00
EV008192,PAT01966,FAC001,DEP008,2025-10-06 04:47:00,Police/Public,5,Trauma/Injury,89,35,Discharged,No,2025-10-06 06:51:00
EV008196,PAT02819,FAC003,DEP008,2024-05-04 00:32:00,Walk-in,4,Trauma/Injury,61,63,LWBS,No,2024-05-04 02:36:00
EV008200,PAT05175,FAC004,DEP002,2026-07-05 02:42:00,Police/Public,2,Abdominal Pain,16,183,Deceased,No,2026-07-05 06:01:00
EV008203,PAT05862,FAC002,DEP005,2025-12-20 19:33:00,Walk-in,3,Laceration,38,123,Admitted,Yes,2025-12-20 22:14:00
EV008204,PAT01745,FAC004,DEP007,2026-06-04 09:58:00,Ambulance,3,Poisoning,21,60,Discharged,No,2026-06-04 11:19:00
EV008212,PAT08271,FAC002,DEP001,2025-12-19 19:07:00,Referral,2,Abdominal Pain,18,87,Admitted,Yes,2025-12-19 20:52:00
EV008232,PAT06460,FAC003,DEP008,2024-02-07 05:27:00,Referral,4,Stroke Symptoms,46,65,Discharged,No,2024-02-07 07:18:00
EV008233,PAT01740,FAC004,DEP007,2023-01-24 10:25:00,Ambulance,5,Breathing Difficulty,81,47,Admitted,Yes,2023-01-24 12:33:00
EV008236,PAT12862,FAC001,DEP008,2026-12-21 05:25:00,Walk-in,1,Fever,4,189,Discharged,No,2026-12-21 08:38:00
EV008237,PAT13708,FAC003,DEP008,2021-03-29 17:57:00,Ambulance,4,Laceration,46,74,Discharged,No,2021-03-29 19:57:00
EV008239,PAT01689,FAC005,DEP008,2026-12-19 01:38:00,Walk-in,3,Poisoning,31,71,Discharged,No,2026-12-19 03:20:00
EV008242,PAT06128,FAC004,DEP005,2024-11-04 17:45:00,Walk-in,2,Stroke Symptoms,6,149,Admitted,Yes,2024-11-04 20:20:00
EV008248,PAT08002,FAC005,DEP008,2026-05-31 06:56:00,Walk-in,3,Fracture,28,118,Discharged,No,2026-05-31 09:22:00
EV008252,PAT00316,FAC005,DEP008,2021-08-07 04:34:00,Walk-in,3,Stroke Symptoms,28,85,Discharged,No,2021-08-07 06:27:00
EV008255,PAT08766,FAC002,DEP001,2023-09-23 14:05:00,Walk-in,4,Stroke Symptoms,73,72,Discharged,No,2023-09-23 16:30:00
EV008260,PAT01580,FAC005,DEP008,2021-02-07 03:02:00,Walk-in,5,Stroke Symptoms,88,33,Discharged,No,2021-02-07 05:03:00
EV008263,PAT10026,FAC005,DEP008,2021-10-18 17:00:00,Police/Public,2,Chest Pain,22,132,Discharged,No,2021-10-18 19:34:00
EV008270,PAT12595,FAC002,DEP007,2022-05-21 02:04:00,Ambulance,3,Laceration,32,99,Discharged,No,2022-05-21 04:15:00
EV008279,PAT08795,FAC004,DEP007,2025-04-28 11:48:00,Walk-in,3,Breathing Difficulty,45,81,Discharged,No,2025-04-28 13:54:00
EV008286,PAT09149,FAC005,DEP008,2022-06-29 18:36:00,Ambulance,5,Laceration,97,70,Admitted,Yes,2022-06-29 21:23:00
EV008287,PAT03949,FAC005,DEP008,2026-12-13 23:32:00,Referral,3,Fever,30,121,Discharged,No,2026-12-14 02:03:00
EV008288,PAT06097,FAC002,DEP005,2023-05-05 16:59:00,Ambulance,4,Fever,62,88,Admitted,Yes,2023-05-05 19:29:00
EV008292,PAT02118,FAC004,DEP006,2022-07-09 02:59:00,Walk-in,4,Breathing Difficulty,53,66,Admitted,Yes,2022-07-09 04:58:00
EV008304,PAT12357,FAC002,DEP001,2021-04-04 02:41:00,Referral,4,Laceration,32,36,Admitted,Yes,2021-04-04 03:49:00
EV008306,PAT01912,FAC004,DEP001,2026-03-07 08:38:00,Walk-in,2,Trauma/Injury,10,110,Admitted,Yes,2026-03-07 10:38:00
EV008313,PAT02862,FAC001,DEP008,2023-09-19 09:01:00,Ambulance,3,Chest Pain,19,93,Discharged,No,2023-09-19 10:53:00
EV008319,PAT08564,FAC004,DEP002,2024-01-09 20:09:00,Walk-in,4,Breathing Difficulty,89,71,Discharged,No,2024-01-09 22:49:00
EV008324,PAT06352,FAC004,DEP001,2022-04-08 03:38:00,Walk-in,3,Laceration,30,96,Discharged,No,2022-04-08 05:44:00
EV008331,PAT12012,FAC001,DEP008,2024-02-04 04:49:00,Walk-in,3,Trauma/Injury,21,49,Admitted,Yes,2024-02-04 05:59:00
EV008332,PAT11270,FAC003,DEP008,2022-06-18 01:34:00,Ambulance,4,Breathing Difficulty,37,63,Discharged,No,2022-06-18 03:14:00
EV008333,PAT07637,FAC002,DEP005,2025-01-09 11:31:00,Walk-in,3,Abdominal Pain,34,85,Admitted,Yes,2025-01-09 13:30:00
EV008342,PAT03376,FAC003,DEP008,2026-06-13 21:15:00,Walk-in,1,Allergic Reaction,4,234,Discharged,No,2026-06-14 01:13:00
EV008352,PAT09736,FAC004,DEP002,2023-02-14 16:34:00,Walk-in,3,Allergic Reaction,50,85,Discharged,No,2023-02-14 18:49:00
EV008360,PAT02003,FAC004,DEP006,2024-06-14 19:18:00,Police/Public,3,Chest Pain,28,116,Discharged,No,2024-06-14 21:42:00
EV008361,PAT06905,FAC005,DEP008,2023-01-25 13:12:00,Referral,3,Laceration,28,71,Discharged,No,2023-01-25 14:51:00
EV008366,PAT01035,FAC004,DEP007,2026-10-11 05:03:00,Ambulance,3,Trauma/Injury,26,94,Discharged,No,2026-10-11 07:03:00
EV008369,PAT09268,FAC004,DEP002,2022-03-06 12:12:00,Ambulance,5,Abdominal Pain,74,40,Discharged,No,2022-03-06 14:06:00
EV008370,PAT04890,FAC005,DEP008,2025-07-27 19:19:00,Walk-in,3,Seizure,22,76,Admitted,Yes,2025-07-27 20:57:00
EV008372,PAT14043,FAC001,DEP008,2026-06-21 00:56:00,Referral,5,Seizure,58,29,Discharged,No,2026-06-21 02:23:00
EV008377,PAT12389,FAC003,DEP008,2026-12-07 17:47:00,Referral,3,Abdominal Pain,53,87,Discharged,No,2026-12-07 20:07:00
EV008379,PAT05164,FAC004,DEP002,2022-08-14 13:57:00,Ambulance,3,Fracture,39,78,Discharged,No,2022-08-14 15:54:00
EV008381,PAT01483,FAC003,DEP008,2026-08-08 16:18:00,Walk-in,2,Allergic Reaction,20,146,Discharged,No,2026-08-08 19:04:00
EV008391,PAT14425,FAC001,DEP008,2023-02-18 13:51:00,Walk-in,4,Fracture,44,59,Discharged,No,2023-02-18 15:34:00
EV008395,PAT07014,FAC001,DEP008,2026-08-10 00:06:00,Walk-in,4,Laceration,33,58,Discharged,No,2026-08-10 01:37:00
EV008396,PAT03729,FAC001,DEP008,2024-04-27 03:44:00,Walk-in,2,Trauma/Injury,16,154,Admitted,Yes,2024-04-27 06:34:00
EV008398,PAT03290,FAC004,DEP001,2025-05-29 05:56:00,Ambulance,3,Fracture,29,95,Discharged,No,2025-05-29 08:00:00
EV008401,PAT14115,FAC002,DEP006,2021-09-04 16:23:00,Ambulance,4,Allergic Reaction,70,35,Admitted,Yes,2021-09-04 18:08:00
EV008402,PAT14750,FAC002,DEP002,2025-12-11 01:49:00,Walk-in,4,Stroke Symptoms,52,77,Discharged,No,2025-12-11 03:58:00
EV008403,PAT00185,FAC003,DEP008,2024-03-05 15:23:00,Walk-in,4,Abdominal Pain,55,33,Discharged,No,2024-03-05 16:51:00
EV008410,PAT11711,FAC005,DEP008,2022-02-23 19:35:00,Walk-in,4,Abdominal Pain,48,58,Admitted,Yes,2022-02-23 21:21:00
EV008421,PAT09146,FAC001,DEP008,2025-07-30 22:21:00,Ambulance,1,Fever,5,162,Discharged,No,2025-07-31 01:08:00
EV008430,PAT13573,FAC004,DEP006,2024-04-09 09:30:00,Ambulance,5,Poisoning,82,42,Discharged,No,2024-04-09 11:34:00
EV008449,PAT01512,FAC001,DEP008,2023-12-20 16:03:00,Police/Public,2,Trauma/Injury,15,136,Discharged,No,2023-12-20 18:34:00
EV008453,PAT03222,FAC005,DEP008,2024-02-01 15:55:00,Referral,5,Fever,26,45,Discharged,No,2024-02-01 17:06:00
EV008457,PAT08388,FAC005,DEP008,2023-12-05 01:14:00,Ambulance,3,Poisoning,38,81,Discharged,No,2023-12-05 03:13:00
EV008458,PAT12379,FAC002,DEP005,2023-01-06 09:39:00,Ambulance,3,Abdominal Pain,31,94,Discharged,No,2023-01-06 11:44:00
EV008462,PAT09086,FAC004,DEP007,2023-04-26 11:29:00,Walk-in,5,Laceration,65,43,Discharged,No,2023-04-26 13:17:00
EV008468,PAT04490,FAC004,DEP002,2023-12-15 17:20:00,Walk-in,4,Allergic Reaction,52,67,Discharged,No,2023-12-15 19:19:00
EV008475,PAT06959,FAC002,DEP005,2024-08-24 17:48:00,Walk-in,3,Chest Pain,31,120,Transferred,No,2024-08-24 20:19:00
EV008483,PAT09101,FAC004,DEP001,2023-08-20 23:21:00,Referral,5,Abdominal Pain,24,39,Deceased,No,2023-08-21 00:24:00
EV008484,PAT08301,FAC002,DEP006,2025-09-13 23:37:00,Walk-in,4,Trauma/Injury,26,72,Transferred,No,2025-09-14 01:15:00
EV008492,PAT00715,FAC001,DEP008,2026-10-03 18:03:00,Walk-in,3,Laceration,32,138,Discharged,No,2026-10-03 20:53:00
EV008495,PAT03703,FAC001,DEP008,2026-03-28 05:22:00,Ambulance,5,Laceration,73,56,Discharged,No,2026-03-28 07:31:00
EV008511,PAT05222,FAC005,DEP008,2023-11-17 16:00:00,Police/Public,4,Abdominal Pain,58,42,Discharged,No,2023-11-17 17:40:00
EV008513,PAT10620,FAC001,DEP008,2026-07-05 15:29:00,Walk-in,5,Seizure,63,48,Discharged,No,2026-07-05 17:20:00
EV008517,PAT07938,FAC003,DEP008,2023-09-25 08:22:00,Referral,3,Poisoning,50,77,Discharged,No,2023-09-25 10:29:00
EV008522,PAT03252,FAC003,DEP008,2022-12-03 13:02:00,Ambulance,3,Laceration,34,92,Admitted,Yes,2022-12-03 15:08:00
EV008524,PAT02997,FAC004,DEP007,2026-02-02 12:23:00,Referral,3,Poisoning,40,84,Admitted,Yes,2026-02-02 14:27:00
EV008529,PAT03563,FAC004,DEP007,2021-03-20 03:05:00,Walk-in,3,Abdominal Pain,11,69,Discharged,No,2021-03-20 04:25:00
EV008531,PAT08684,FAC002,DEP007,2024-02-04 12:28:00,Police/Public,4,Stroke Symptoms,60,53,Admitted,Yes,2024-02-04 14:21:00
EV008532,PAT11821,FAC003,DEP008,2022-11-02 09:03:00,Walk-in,4,Fever,54,59,LWBS,No,2022-11-02 10:56:00
EV008533,PAT13775,FAC001,DEP008,2024-01-24 19:05:00,Walk-in,3,Fracture,40,109,Discharged,No,2024-01-24 21:34:00
EV008545,PAT07811,FAC003,DEP008,2026-04-13 22:56:00,Walk-in,3,Breathing Difficulty,32,93,Discharged,No,2026-04-14 01:01:00
EV008551,PAT02857,FAC002,DEP005,2023-05-24 05:32:00,Referral,4,Abdominal Pain,52,76,Discharged,No,2023-05-24 07:40:00
EV008557,PAT03571,FAC002,DEP001,2025-01-28 20:34:00,Police/Public,5,Seizure,124,32,Discharged,No,2025-01-28 23:10:00
EV008567,PAT00488,FAC005,DEP008,2025-07-21 02:41:00,Walk-in,3,Fracture,42,135,Discharged,No,2025-07-21 05:38:00
EV008574,PAT03064,FAC002,DEP002,2025-04-29 05:39:00,Walk-in,4,Trauma/Injury,44,68,Discharged,No,2025-04-29 07:31:00
EV008576,PAT02228,FAC005,DEP008,2024-08-15 17:31:00,Walk-in,3,Laceration,24,86,Discharged,No,2024-08-15 19:21:00
EV008577,PAT06073,FAC004,DEP007,2025-03-03 04:15:00,Walk-in,3,Trauma/Injury,33,127,Transferred,No,2025-03-03 06:55:00
EV008580,PAT04342,FAC004,DEP001,2026-01-25 22:23:00,Walk-in,3,Laceration,28,93,Discharged,No,2026-01-26 00:24:00
EV008582,PAT08100,FAC001,DEP008,2024-06-23 12:49:00,Walk-in,3,Breathing Difficulty,30,111,Discharged,No,2024-06-23 15:10:00
EV008590,PAT10964,FAC002,DEP005,2026-08-23 10:20:00,Referral,4,Chest Pain,64,36,Discharged,No,2026-08-23 12:00:00
EV008593,PAT03059,FAC001,DEP008,2021-12-09 11:12:00,Police/Public,2,Breathing Difficulty,19,184,Transferred,No,2021-12-09 14:35:00
EV008598,PAT04769,FAC004,DEP001,2023-11-17 01:30:00,Walk-in,3,Laceration,33,68,LWBS,No,2023-11-17 03:11:00
EV008600,PAT00069,FAC002,DEP001,2022-01-04 02:53:00,Walk-in,4,Seizure,57,36,Discharged,No,2022-01-04 04:26:00
EV008605,PAT02335,FAC003,DEP008,2021-09-02 01:17:00,Walk-in,4,Trauma/Injury,63,77,Discharged,No,2021-09-02 03:37:00
EV008614,PAT13872,FAC004,DEP006,2022-06-14 20:31:00,Ambulance,4,Fever,19,66,Admitted,Yes,2022-06-14 21:56:00
EV008619,PAT13031,FAC002,DEP002,2023-04-13 01:11:00,Police/Public,4,Laceration,76,83,Admitted,Yes,2023-04-13 03:50:00
EV008620,PAT06456,FAC005,DEP008,2024-11-06 17:33:00,Walk-in,4,Abdominal Pain,8,33,Discharged,No,2024-11-06 18:14:00
EV008622,PAT08875,FAC005,DEP008,2023-10-30 16:42:00,Walk-in,4,Stroke Symptoms,67,61,Discharged,No,2023-10-30 18:50:00
EV008623,PAT01706,FAC004,DEP007,2025-10-29 18:01:00,Referral,3,Fracture,11,124,Transferred,No,2025-10-29 20:16:00
EV008630,PAT05024,FAC002,DEP005,2026-12-18 19:13:00,Referral,3,Seizure,39,103,Discharged,No,2026-12-18 21:35:00
EV008633,PAT11659,FAC002,DEP002,2022-08-25 10:31:00,Walk-in,4,Trauma/Injury,61,72,Admitted,Yes,2022-08-25 12:44:00
EV008638,PAT05166,FAC002,DEP005,2024-02-27 03:31:00,Referral,4,Chest Pain,60,51,Admitted,Yes,2024-02-27 05:22:00
EV008641,PAT10568,FAC002,DEP006,2021-07-07 18:03:00,Referral,2,Abdominal Pain,20,180,LWBS,No,2021-07-07 21:23:00
EV008645,PAT00322,FAC001,DEP008,2023-03-16 05:06:00,Police/Public,4,Breathing Difficulty,91,67,Admitted,Yes,2023-03-16 07:44:00
EV008651,PAT07727,FAC004,DEP001,2021-08-24 00:46:00,Referral,3,Chest Pain,35,81,Transferred,No,2021-08-24 02:42:00
EV008654,PAT00539,FAC005,DEP008,2021-05-10 04:20:00,Ambulance,3,Trauma/Injury,20,71,Discharged,No,2021-05-10 05:51:00
EV008659,PAT04794,FAC005,DEP008,2021-02-24 09:21:00,Walk-in,3,Fever,29,99,Discharged,No,2021-02-24 11:29:00
EV008662,PAT05146,FAC005,DEP008,2025-07-12 21:00:00,Walk-in,4,Laceration,75,72,Deceased,No,2025-07-12 23:27:00
EV008663,PAT04047,FAC002,DEP006,2026-10-21 04:53:00,Walk-in,4,Allergic Reaction,23,56,Admitted,Yes,2026-10-21 06:12:00
EV008664,PAT13845,FAC004,DEP001,2026-10-14 09:16:00,Walk-in,3,Breathing Difficulty,50,63,Discharged,No,2026-10-14 11:09:00
EV008670,PAT11829,FAC003,DEP008,2021-06-08 07:02:00,Walk-in,1,Trauma/Injury,3,162,Admitted,Yes,2021-06-08 09:47:00
EV008676,PAT03997,FAC002,DEP006,2022-03-27 20:03:00,Walk-in,4,Stroke Symptoms,10,87,Discharged,No,2022-03-27 21:40:00
EV008679,PAT13941,FAC004,DEP006,2026-09-29 22:09:00,Walk-in,4,Chest Pain,91,77,Discharged,No,2026-09-30 00:57:00
EV008681,PAT05272,FAC002,DEP006,2023-06-02 08:41:00,Ambulance,4,Allergic Reaction,68,44,Discharged,No,2023-06-02 10:33:00
EV008684,PAT01787,FAC001,DEP008,2026-04-26 22:18:00,Referral,2,Laceration,15,90,Discharged,No,2026-04-27 00:03:00
EV008686,PAT14689,FAC002,DEP001,2025-07-17 01:18:00,Walk-in,2,Allergic Reaction,9,121,LWBS,No,2025-07-17 03:28:00
EV008687,PAT07725,FAC003,DEP008,2026-08-17 13:34:00,Walk-in,3,Poisoning,34,86,Discharged,No,2026-08-17 15:34:00
EV008688,PAT13957,FAC002,DEP006,2024-10-20 22:33:00,Ambulance,2,Trauma/Injury,16,146,Discharged,No,2024-10-21 01:15:00
EV008689,PAT02586,FAC001,DEP008,2025-03-16 15:34:00,Walk-in,5,Allergic Reaction,48,27,Discharged,No,2025-03-16 16:49:00
EV008691,PAT01576,FAC001,DEP008,2023-10-07 05:40:00,Police/Public,2,Chest Pain,7,211,Admitted,Yes,2023-10-07 09:18:00
EV008698,PAT13247,FAC002,DEP006,2021-11-10 21:27:00,Ambulance,4,Abdominal Pain,52,51,Discharged,No,2021-11-10 23:10:00
EV008704,PAT07272,FAC005,DEP008,2021-12-11 13:06:00,Referral,3,Breathing Difficulty,28,109,Discharged,No,2021-12-11 15:23:00
EV008705,PAT08427,FAC001,DEP008,2025-12-11 23:30:00,Referral,5,Poisoning,68,24,Admitted,Yes,2025-12-12 01:02:00
EV008726,PAT12556,FAC002,DEP005,2023-03-01 10:40:00,Ambulance,3,Stroke Symptoms,52,104,Discharged,No,2023-03-01 13:16:00
EV008730,PAT09887,FAC003,DEP008,2022-11-15 04:20:00,Ambulance,3,Seizure,44,99,Discharged,No,2022-11-15 06:43:00
EV008732,PAT02324,FAC003,DEP008,2023-07-31 01:00:00,Referral,3,Breathing Difficulty,33,108,Discharged,No,2023-07-31 03:21:00
EV008733,PAT09605,FAC004,DEP004,2024-07-02 13:22:00,Ambulance,3,Fracture,35,71,Admitted,Yes,2024-07-02 15:08:00
EV008745,PAT05934,FAC001,DEP008,2024-04-30 12:13:00,Police/Public,3,Trauma/Injury,28,97,Discharged,No,2024-04-30 14:18:00
EV008749,PAT03904,FAC005,DEP008,2025-01-02 05:46:00,Police/Public,4,Breathing Difficulty,49,65,Discharged,No,2025-01-02 07:40:00
EV008750,PAT04316,FAC001,DEP008,2022-01-23 15:04:00,Walk-in,4,Fracture,57,66,Discharged,No,2022-01-23 17:07:00
EV008762,PAT01715,FAC003,DEP008,2022-02-05 21:38:00,Walk-in,4,Fever,21,54,Discharged,No,2022-02-05 22:53:00
EV008770,PAT04047,FAC004,DEP005,2024-07-26 13:46:00,Walk-in,4,Laceration,66,82,Discharged,No,2024-07-26 16:14:00
EV008774,PAT01767,FAC004,DEP004,2024-08-20 03:02:00,Ambulance,4,Fracture,55,84,Admitted,Yes,2024-08-20 05:21:00
EV008776,PAT05958,FAC002,DEP002,2024-07-18 10:12:00,Walk-in,3,Allergic Reaction,54,65,Discharged,No,2024-07-18 12:11:00
EV008779,PAT04065,FAC005,DEP008,2026-03-31 20:18:00,Ambulance,5,Abdominal Pain,84,54,Discharged,No,2026-03-31 22:36:00
EV008793,PAT11080,FAC002,DEP002,2025-05-19 01:27:00,Ambulance,3,Fever,33,80,Transferred,No,2025-05-19 03:20:00
EV008797,PAT09724,FAC005,DEP008,2024-02-12 09:46:00,Walk-in,4,Chest Pain,65,64,Discharged,No,2024-02-12 11:55:00
EV008801,PAT00979,FAC005,DEP008,2022-01-18 23:07:00,Referral,2,Chest Pain,14,136,Discharged,No,2022-01-19 01:37:00
EV008803,PAT01084,FAC002,DEP007,2026-09-10 06:11:00,Ambulance,4,Fever,96,70,Discharged,No,2026-09-10 08:57:00
EV008807,PAT03488,FAC002,DEP005,2026-12-10 09:32:00,Referral,5,Seizure,123,40,Admitted,Yes,2026-12-10 12:15:00
EV008822,PAT08049,FAC003,DEP008,2025-05-29 20:55:00,Referral,3,Abdominal Pain,19,66,Discharged,No,2025-05-29 22:20:00
EV008830,PAT14563,FAC001,DEP008,2021-01-25 19:16:00,Ambulance,4,Chest Pain,42,80,Discharged,No,2021-01-25 21:18:00
EV008843,PAT08170,FAC005,DEP008,2025-08-19 15:00:00,Referral,1,Breathing Difficulty,3,164,Discharged,No,2025-08-19 17:47:00
EV008852,PAT14875,FAC003,DEP008,2025-02-05 16:04:00,Walk-in,4,Allergic Reaction,54,71,Discharged,No,2025-02-05 18:09:00
EV008865,PAT02685,FAC002,DEP007,2026-10-02 02:24:00,Police/Public,3,Seizure,25,100,Discharged,No,2026-10-02 04:29:00
EV008872,PAT14079,FAC002,DEP007,2026-03-04 17:41:00,Walk-in,3,Allergic Reaction,49,155,Admitted,Yes,2026-03-04 21:05:00
EV008873,PAT04216,FAC005,DEP008,2022-09-13 22:35:00,Walk-in,5,Trauma/Injury,52,29,LWBS,No,2022-09-13 23:56:00
EV008875,PAT07820,FAC001,DEP008,2022-10-24 01:01:00,Walk-in,4,Stroke Symptoms,53,76,Admitted,Yes,2022-10-24 03:10:00
EV008878,PAT08410,FAC001,DEP008,2025-02-25 06:06:00,Ambulance,3,Fever,36,100,Transferred,No,2025-02-25 08:22:00
EV008881,PAT08490,FAC004,DEP006,2025-11-27 18:51:00,Referral,4,Laceration,49,50,Discharged,No,2025-11-27 20:30:00
EV008885,PAT11935,FAC003,DEP008,2026-03-28 03:06:00,Walk-in,2,Fever,14,137,Discharged,No,2026-03-28 05:37:00
EV008887,PAT04537,FAC001,DEP008,2023-08-12 20:44:00,Ambulance,4,Trauma/Injury,66,83,Discharged,No,2023-08-12 23:13:00
EV008892,PAT10052,FAC004,DEP004,2022-11-21 23:04:00,Walk-in,5,Abdominal Pain,68,38,Discharged,No,2022-11-22 00:50:00
EV008895,PAT10695,FAC002,DEP005,2026-09-02 17:04:00,Walk-in,5,Breathing Difficulty,62,34,LWBS,No,2026-09-02 18:40:00
EV008897,PAT10122,FAC004,DEP002,2023-11-30 02:31:00,Walk-in,4,Chest Pain,39,68,Admitted,Yes,2023-11-30 04:18:00
EV008907,PAT02228,FAC005,DEP008,2021-08-13 09:19:00,Walk-in,2,Poisoning,18,165,Discharged,No,2021-08-13 12:22:00
EV008912,PAT05999,FAC005,DEP008,2024-08-12 20:00:00,Walk-in,4,Poisoning,59,67,Discharged,No,2024-08-12 22:06:00
EV008913,PAT06825,FAC001,DEP008,2022-01-23 17:12:00,Walk-in,4,Allergic Reaction,43,62,Discharged,No,2022-01-23 18:57:00
EV008917,PAT12350,FAC005,DEP008,2026-08-04 12:43:00,Walk-in,3,Allergic Reaction,55,92,Discharged,No,2026-08-04 15:10:00
EV008919,PAT06988,FAC004,DEP005,2025-02-28 19:04:00,Walk-in,3,Abdominal Pain,16,53,Discharged,No,2025-02-28 20:13:00
EV008921,PAT12259,FAC001,DEP008,2023-04-12 20:38:00,Walk-in,3,Chest Pain,32,111,Discharged,No,2023-04-12 23:01:00
EV008927,PAT11716,FAC005,DEP008,2022-08-12 19:33:00,Walk-in,4,Seizure,38,59,LWBS,No,2022-08-12 21:10:00
EV008929,PAT04191,FAC005,DEP008,2026-11-12 08:04:00,Ambulance,4,Poisoning,64,69,Discharged,No,2026-11-12 10:17:00
EV008931,PAT00189,FAC003,DEP008,2023-12-24 18:11:00,Ambulance,4,Fever,34,47,Admitted,Yes,2023-12-24 19:32:00
EV008937,PAT06811,FAC004,DEP002,2021-03-31 01:29:00,Referral,2,Seizure,18,106,Transferred,No,2021-03-31 03:33:00
EV008943,PAT05021,FAC005,DEP008,2022-05-06 14:25:00,Walk-in,5,Laceration,94,55,Admitted,Yes,2022-05-06 16:54:00
EV008954,PAT00104,FAC002,DEP001,2026-12-22 03:45:00,Walk-in,3,Fever,41,124,Admitted,Yes,2026-12-22 06:30:00
EV008956,PAT00168,FAC005,DEP008,2023-06-28 13:46:00,Walk-in,4,Laceration,40,67,Discharged,No,2023-06-28 15:33:00
EV008958,PAT06348,FAC001,DEP008,2023-11-07 05:21:00,Police/Public,4,Laceration,48,86,Discharged,No,2023-11-07 07:35:00
EV008960,PAT10304,FAC004,DEP002,2025-12-14 10:50:00,Ambulance,3,Fracture,30,101,Discharged,No,2025-12-14 13:01:00
EV008964,PAT00462,FAC005,DEP008,2025-07-30 13:11:00,Walk-in,4,Fracture,16,67,LWBS,No,2025-07-30 14:34:00
EV008968,PAT12754,FAC005,DEP008,2024-01-06 20:21:00,Police/Public,2,Stroke Symptoms,10,97,LWBS,No,2024-01-06 22:08:00
EV008975,PAT07922,FAC001,DEP008,2025-01-26 12:04:00,Walk-in,2,Breathing Difficulty,2,167,Discharged,No,2025-01-26 14:53:00
EV008977,PAT07653,FAC005,DEP008,2024-01-10 23:41:00,Police/Public,3,Abdominal Pain,30,93,Discharged,No,2024-01-11 01:44:00
EV008980,PAT04768,FAC003,DEP008,2022-06-22 11:32:00,Walk-in,5,Seizure,78,37,Admitted,Yes,2022-06-22 13:27:00
EV008987,PAT04803,FAC005,DEP008,2024-06-02 06:24:00,Walk-in,3,Poisoning,39,64,Discharged,No,2024-06-02 08:07:00
EV008991,PAT05624,FAC004,DEP005,2023-09-18 00:41:00,Walk-in,4,Abdominal Pain,70,45,Discharged,No,2023-09-18 02:36:00
EV008994,PAT05748,FAC002,DEP006,2024-11-24 07:52:00,Walk-in,2,Seizure,11,185,Admitted,Yes,2024-11-24 11:08:00
EV008996,PAT06267,FAC004,DEP007,2021-08-09 21:46:00,Police/Public,3,Fever,28,129,Admitted,Yes,2021-08-10 00:23:00
EV008997,PAT04130,FAC005,DEP008,2021-11-05 15:33:00,Walk-in,3,Fever,18,67,Admitted,Yes,2021-11-05 16:58:00
EV009001,PAT13702,FAC002,DEP006,2022-10-07 15:51:00,Referral,4,Fever,61,90,Discharged,No,2022-10-07 18:22:00
EV009015,PAT14555,FAC004,DEP005,2022-08-14 04:05:00,Ambulance,3,Abdominal Pain,31,53,Admitted,Yes,2022-08-14 05:29:00
EV009016,PAT00354,FAC002,DEP007,2022-06-07 21:40:00,Referral,3,Fracture,29,18,Discharged,No,2022-06-07 22:27:00
EV009018,PAT07306,FAC002,DEP007,2022-12-15 22:21:00,Ambulance,2,Seizure,13,209,Admitted,Yes,2022-12-16 02:03:00
EV009024,PAT08472,FAC004,DEP002,2026-07-23 22:37:00,Walk-in,4,Seizure,78,82,Discharged,No,2026-07-24 01:17:00
EV009028,PAT11374,FAC004,DEP002,2021-12-15 15:07:00,Walk-in,2,Allergic Reaction,14,124,Discharged,No,2021-12-15 17:25:00
EV009033,PAT01115,FAC005,DEP008,2024-12-03 15:40:00,Referral,4,Breathing Difficulty,27,66,Discharged,No,2024-12-03 17:13:00
EV009041,PAT12609,FAC002,DEP006,2025-01-24 02:17:00,Walk-in,2,Breathing Difficulty,14,144,Admitted,Yes,2025-01-24 04:55:00
EV009043,PAT12521,FAC002,DEP006,2025-12-22 08:40:00,Referral,2,Stroke Symptoms,9,116,Discharged,No,2025-12-22 10:45:00
EV009050,PAT05837,FAC002,DEP001,2023-10-28 03:52:00,Referral,4,Poisoning,36,38,Admitted,Yes,2023-10-28 05:06:00
EV009051,PAT06979,FAC001,DEP008,2022-12-28 00:33:00,Ambulance,2,Poisoning,12,159,Discharged,No,2022-12-28 03:24:00
EV009053,PAT13549,FAC001,DEP008,2025-02-10 12:58:00,Walk-in,3,Chest Pain,55,111,Discharged,No,2025-02-10 15:44:00
EV009054,PAT01348,FAC003,DEP008,2023-10-10 19:01:00,Ambulance,3,Chest Pain,33,90,Admitted,Yes,2023-10-10 21:04:00
EV009065,PAT14952,FAC002,DEP007,2022-03-20 01:28:00,Referral,5,Abdominal Pain,70,31,Admitted,Yes,2022-03-20 03:09:00
EV009071,PAT04245,FAC003,DEP008,2026-10-11 04:19:00,Ambulance,2,Chest Pain,5,183,Discharged,No,2026-10-11 07:27:00
EV009075,PAT12114,FAC003,DEP008,2024-02-01 12:11:00,Walk-in,3,Trauma/Injury,41,101,Discharged,No,2024-02-01 14:33:00
EV009091,PAT01633,FAC001,DEP008,2026-01-29 22:12:00,Walk-in,4,Seizure,65,36,Discharged,No,2026-01-29 23:53:00
EV009093,PAT05031,FAC004,DEP002,2025-01-04 03:19:00,Referral,2,Laceration,15,138,Admitted,Yes,2025-01-04 05:52:00
EV009097,PAT01019,FAC005,DEP008,2025-06-02 07:52:00,Walk-in,4,Fracture,68,63,Discharged,No,2025-06-02 10:03:00
EV009098,PAT14429,FAC002,DEP007,2023-03-03 08:23:00,Ambulance,4,Abdominal Pain,58,91,Discharged,No,2023-03-03 10:52:00
EV009100,PAT12754,FAC003,DEP008,2024-08-21 01:46:00,Walk-in,5,Laceration,83,43,Admitted,Yes,2024-08-21 03:52:00
EV009101,PAT07653,FAC005,DEP008,2026-01-15 11:03:00,Referral,3,Fracture,50,92,LWBS,No,2026-01-15 13:25:00
EV009122,PAT12450,FAC002,DEP005,2024-08-08 13:20:00,Walk-in,1,Stroke Symptoms,8,243,Admitted,Yes,2024-08-08 17:31:00
EV009123,PAT05220,FAC004,DEP002,2023-06-15 13:36:00,Walk-in,2,Poisoning,9,144,Admitted,Yes,2023-06-15 16:09:00
EV009124,PAT07653,FAC005,DEP008,2023-03-17 22:12:00,Ambulance,4,Fever,58,41,Discharged,No,2023-03-17 23:51:00
EV009131,PAT09458,FAC004,DEP007,2022-07-10 02:48:00,Walk-in,3,Chest Pain,30,110,Admitted,Yes,2022-07-10 05:08:00
EV009133,PAT04818,FAC005,DEP008,2025-09-29 13:09:00,Referral,5,Trauma/Injury,81,49,Discharged,No,2025-09-29 15:19:00
EV009135,PAT09813,FAC004,DEP006,2024-01-10 00:57:00,Police/Public,3,Abdominal Pain,41,65,Admitted,Yes,2024-01-10 02:43:00
EV009136,PAT05815,FAC004,DEP007,2025-03-31 18:11:00,Walk-in,4,Poisoning,57,62,Transferred,No,2025-03-31 20:10:00
EV009148,PAT11995,FAC003,DEP008,2022-12-03 23:53:00,Walk-in,4,Laceration,50,78,Discharged,No,2022-12-04 02:01:00
EV009151,PAT04696,FAC005,DEP008,2024-12-04 09:49:00,Walk-in,4,Poisoning,82,80,LWBS,No,2024-12-04 12:31:00
EV009152,PAT02168,FAC004,DEP007,2023-09-28 15:47:00,Walk-in,4,Stroke Symptoms,41,54,Transferred,No,2023-09-28 17:22:00
EV009170,PAT06827,FAC003,DEP008,2023-06-12 02:29:00,Ambulance,3,Fracture,50,56,LWBS,No,2023-06-12 04:15:00
EV009178,PAT09400,FAC004,DEP006,2026-05-21 20:30:00,Police/Public,3,Seizure,43,90,Discharged,No,2026-05-21 22:43:00
EV009180,PAT14645,FAC003,DEP008,2022-02-27 00:02:00,Referral,5,Laceration,61,45,Discharged,No,2022-02-27 01:48:00
EV009187,PAT03376,FAC003,DEP008,2025-04-05 03:46:00,Ambulance,3,Fracture,37,104,Transferred,No,2025-04-05 06:07:00
EV009194,PAT12129,FAC002,DEP002,2025-01-27 20:57:00,Walk-in,3,Poisoning,39,92,Discharged,No,2025-01-27 23:08:00
EV009196,PAT04408,FAC002,DEP007,2021-05-19 11:16:00,Walk-in,4,Trauma/Injury,62,29,Discharged,No,2021-05-19 12:47:00
EV009198,PAT10964,FAC002,DEP001,2023-04-08 00:51:00,Walk-in,2,Poisoning,11,141,Discharged,No,2023-04-08 03:23:00
EV009211,PAT02092,FAC002,DEP002,2022-06-14 20:37:00,Referral,3,Abdominal Pain,49,133,Transferred,No,2022-06-14 23:39:00
EV009215,PAT09870,FAC003,DEP008,2023-03-17 10:33:00,Referral,4,Chest Pain,46,44,Discharged,No,2023-03-17 12:03:00
EV009216,PAT05401,FAC005,DEP008,2026-07-26 06:37:00,Walk-in,4,Seizure,37,82,Discharged,No,2026-07-26 08:36:00
EV009224,PAT12824,FAC005,DEP008,2024-05-07 04:12:00,Walk-in,3,Fever,43,59,Discharged,No,2024-05-07 05:54:00
EV009231,PAT08582,FAC001,DEP008,2023-12-28 21:56:00,Ambulance,5,Poisoning,118,49,Discharged,No,2023-12-29 00:43:00
EV009234,PAT11663,FAC005,DEP008,2024-09-26 19:08:00,Walk-in,4,Chest Pain,52,57,Transferred,No,2024-09-26 20:57:00
EV009245,PAT06114,FAC005,DEP008,2025-11-29 01:19:00,Walk-in,3,Trauma/Injury,28,85,LWBS,No,2025-11-29 03:12:00
EV009258,PAT06456,FAC003,DEP008,2023-10-29 05:58:00,Walk-in,2,Fracture,8,155,Discharged,No,2023-10-29 08:41:00
EV009259,PAT14454,FAC004,DEP001,2022-11-22 12:26:00,Ambulance,3,Abdominal Pain,35,98,Discharged,No,2022-11-22 14:39:00
EV009261,PAT10570,FAC003,DEP008,2026-08-29 06:09:00,Walk-in,3,Fever,45,96,Discharged,No,2026-08-29 08:30:00
EV009265,PAT05026,FAC005,DEP008,2021-06-20 07:03:00,Walk-in,5,Breathing Difficulty,77,35,Discharged,No,2021-06-20 08:55:00
EV009267,PAT11070,FAC003,DEP008,2024-07-15 18:47:00,Ambulance,3,Chest Pain,19,112,Transferred,No,2024-07-15 20:58:00
EV009278,PAT04879,FAC004,DEP001,2022-10-10 18:12:00,Walk-in,5,Fever,99,31,Discharged,No,2022-10-10 20:22:00
EV009280,PAT08373,FAC001,DEP008,2024-12-04 08:59:00,Walk-in,5,Chest Pain,95,45,Discharged,No,2024-12-04 11:19:00
EV009281,PAT11258,FAC005,DEP008,2023-03-30 18:52:00,Walk-in,2,Chest Pain,12,126,Discharged,No,2023-03-30 21:10:00
EV009289,PAT10147,FAC001,DEP008,2023-08-18 23:39:00,Ambulance,3,Seizure,48,101,LWBS,No,2023-08-19 02:08:00
EV009291,PAT01098,FAC004,DEP005,2023-08-22 22:08:00,Referral,4,Fracture,65,63,Discharged,No,2023-08-23 00:16:00
EV009292,PAT12472,FAC001,DEP008,2024-05-09 07:15:00,Walk-in,5,Fracture,96,37,Transferred,No,2024-05-09 09:28:00
EV009304,PAT03685,FAC003,DEP008,2023-11-22 00:05:00,Walk-in,3,Stroke Symptoms,20,125,Discharged,No,2023-11-22 02:30:00
EV009308,PAT00201,FAC005,DEP008,2025-09-10 05:31:00,Ambulance,5,Allergic Reaction,100,35,Discharged,No,2025-09-10 07:46:00
EV009314,PAT03261,FAC005,DEP008,2024-06-16 14:30:00,Police/Public,5,Fracture,49,49,Discharged,No,2024-06-16 16:08:00
EV009315,PAT06007,FAC002,DEP007,2025-07-29 10:33:00,Walk-in,3,Breathing Difficulty,74,89,Discharged,No,2025-07-29 13:16:00
EV009321,PAT06792,FAC001,DEP008,2024-05-11 00:28:00,Walk-in,2,Seizure,9,166,Discharged,No,2024-05-11 03:23:00
EV009323,PAT02313,FAC005,DEP008,2023-08-25 16:51:00,Walk-in,1,Seizure,7,196,Admitted,Yes,2023-08-25 20:14:00
EV009324,PAT02228,FAC001,DEP008,2022-02-23 11:35:00,Walk-in,4,Seizure,59,50,Discharged,No,2022-02-23 13:24:00
EV009326,PAT00654,FAC001,DEP008,2025-11-29 06:09:00,Referral,3,Allergic Reaction,45,99,Admitted,Yes,2025-11-29 08:33:00
EV009330,PAT06635,FAC001,DEP008,2021-08-31 03:42:00,Walk-in,5,Seizure,120,44,Transferred,No,2021-08-31 06:26:00
EV009332,PAT09038,FAC001,DEP008,2025-12-12 12:54:00,Ambulance,5,Poisoning,59,49,Discharged,No,2025-12-12 14:42:00
EV009333,PAT01298,FAC001,DEP008,2025-04-09 05:25:00,Walk-in,3,Fever,12,93,Discharged,No,2025-04-09 07:10:00
EV009339,PAT00168,FAC002,DEP007,2025-09-18 15:00:00,Walk-in,4,Breathing Difficulty,75,26,Discharged,No,2025-09-18 16:41:00
EV009346,PAT03959,FAC003,DEP008,2021-10-14 09:43:00,Ambulance,3,Fever,31,111,Discharged,No,2021-10-14 12:05:00
EV009353,PAT01945,FAC003,DEP008,2021-06-08 11:27:00,Ambulance,3,Stroke Symptoms,15,100,Discharged,No,2021-06-08 13:22:00
EV009357,PAT03018,FAC004,DEP005,2026-10-29 12:42:00,Walk-in,5,Fracture,90,46,Admitted,Yes,2026-10-29 14:58:00
EV009364,PAT09376,FAC002,DEP006,2026-07-25 08:18:00,Walk-in,4,Seizure,58,25,Discharged,No,2026-07-25 09:41:00
EV009369,PAT01745,FAC001,DEP008,2025-03-09 03:50:00,Walk-in,3,Laceration,41,88,Discharged,No,2025-03-09 05:59:00
EV009371,PAT03308,FAC001,DEP008,2026-09-28 13:31:00,Ambulance,4,Trauma/Injury,55,84,Discharged,No,2026-09-28 15:50:00
EV009383,PAT00426,FAC002,DEP002,2021-07-07 17:13:00,Ambulance,3,Seizure,42,112,Discharged,No,2021-07-07 19:47:00
EV009386,PAT07637,FAC004,DEP006,2026-07-22 23:40:00,Walk-in,4,Poisoning,86,53,Admitted,Yes,2026-07-23 01:59:00
EV009391,PAT13164,FAC002,DEP001,2026-12-25 07:54:00,Ambulance,4,Allergic Reaction,49,60,Discharged,No,2026-12-25 09:43:00
EV009416,PAT13260,FAC003,DEP008,2026-10-29 09:20:00,Walk-in,3,Poisoning,47,85,Discharged,No,2026-10-29 11:32:00
EV009419,PAT05398,FAC004,DEP005,2025-03-24 22:12:00,Walk-in,1,Abdominal Pain,7,184,Discharged,No,2025-03-25 01:23:00
EV009424,PAT08983,FAC004,DEP007,2022-08-29 13:37:00,Ambulance,3,Seizure,31,82,Discharged,No,2022-08-29 15:30:00
EV009428,PAT03208,FAC004,DEP001,2026-10-14 19:36:00,Walk-in,4,Abdominal Pain,80,67,Discharged,No,2026-10-14 22:03:00
EV009438,PAT00488,FAC001,DEP008,2021-09-15 16:14:00,Referral,5,Abdominal Pain,43,39,Admitted,Yes,2021-09-15 17:36:00
EV009448,PAT01419,FAC003,DEP008,2023-04-27 00:35:00,Ambulance,3,Seizure,48,117,Discharged,No,2023-04-27 03:20:00
EV009464,PAT05943,FAC001,DEP008,2024-10-26 09:42:00,Walk-in,5,Laceration,43,37,Discharged,No,2024-10-26 11:02:00
EV009468,PAT14687,FAC001,DEP008,2024-12-18 11:26:00,Referral,3,Fever,33,89,Deceased,No,2024-12-18 13:28:00
EV009469,PAT05013,FAC002,DEP001,2022-01-20 03:22:00,Walk-in,4,Trauma/Injury,77,76,Discharged,No,2022-01-20 05:55:00
EV009471,PAT03485,FAC003,DEP008,2023-10-02 14:29:00,Ambulance,3,Fracture,26,103,Admitted,Yes,2023-10-02 16:38:00
EV009484,PAT09149,FAC003,DEP008,2023-02-24 08:24:00,Police/Public,3,Allergic Reaction,28,94,LWBS,No,2023-02-24 10:26:00
EV009491,PAT13644,FAC004,DEP004,2021-06-26 07:05:00,Ambulance,4,Poisoning,45,47,Discharged,No,2021-06-26 08:37:00
EV009498,PAT07757,FAC003,DEP008,2025-06-09 03:21:00,Walk-in,3,Stroke Symptoms,41,91,Transferred,No,2025-06-09 05:33:00
EV009513,PAT00015,FAC004,DEP004,2025-06-07 09:05:00,Ambulance,3,Breathing Difficulty,28,76,LWBS,No,2025-06-07 10:49:00
EV009514,PAT09843,FAC001,DEP008,2022-02-08 03:26:00,Walk-in,3,Allergic Reaction,21,90,Discharged,No,2022-02-08 05:17:00
EV009521,PAT13204,FAC001,DEP008,2025-08-13 20:19:00,Ambulance,4,Chest Pain,83,68,Transferred,No,2025-08-13 22:50:00
EV009525,PAT02335,FAC002,DEP002,2022-09-17 21:22:00,Ambulance,3,Seizure,40,131,Admitted,Yes,2022-09-18 00:13:00
EV009534,PAT02190,FAC004,DEP006,2026-08-08 22:12:00,Walk-in,4,Abdominal Pain,55,26,Admitted,Yes,2026-08-08 23:33:00
EV009535,PAT11659,FAC001,DEP008,2023-09-10 04:14:00,Ambulance,1,Trauma/Injury,6,207,Transferred,No,2023-09-10 07:47:00
EV009564,PAT14855,FAC003,DEP008,2023-10-14 17:43:00,Walk-in,3,Abdominal Pain,29,85,Discharged,No,2023-10-14 19:37:00
EV009574,PAT02287,FAC005,DEP008,2023-05-20 02:34:00,Walk-in,2,Abdominal Pain,15,148,Deceased,No,2023-05-20 05:17:00
EV009577,PAT05939,FAC002,DEP007,2026-09-11 09:47:00,Ambulance,3,Trauma/Injury,40,102,Discharged,No,2026-09-11 12:09:00
EV009590,PAT14888,FAC001,DEP008,2024-01-23 14:56:00,Walk-in,5,Fracture,51,39,Admitted,Yes,2024-01-23 16:26:00
EV009591,PAT02678,FAC005,DEP008,2026-09-19 01:33:00,Walk-in,5,Stroke Symptoms,65,53,Transferred,No,2026-09-19 03:31:00
EV009597,PAT09616,FAC003,DEP008,2026-03-23 22:13:00,Walk-in,4,Breathing Difficulty,82,68,Discharged,No,2026-03-24 00:43:00
EV009613,PAT07309,FAC005,DEP008,2022-04-16 03:11:00,Ambulance,5,Fever,73,36,Admitted,Yes,2022-04-16 05:00:00
EV009614,PAT00374,FAC001,DEP008,2021-02-15 03:31:00,Referral,4,Trauma/Injury,52,62,Discharged,No,2021-02-15 05:25:00
EV009617,PAT03222,FAC004,DEP001,2021-12-10 00:37:00,Walk-in,3,Breathing Difficulty,29,125,Discharged,No,2021-12-10 03:11:00
EV009624,PAT14869,FAC005,DEP008,2024-03-18 07:31:00,Walk-in,4,Seizure,55,74,Discharged,No,2024-03-18 09:40:00
EV009627,PAT08115,FAC003,DEP008,2021-06-28 23:09:00,Walk-in,4,Trauma/Injury,60,80,Discharged,No,2021-06-29 01:29:00
EV009630,PAT01183,FAC005,DEP008,2026-04-26 13:02:00,Walk-in,3,Fever,35,123,Discharged,No,2026-04-26 15:40:00
EV009634,PAT01200,FAC002,DEP007,2022-06-26 15:37:00,Walk-in,4,Laceration,39,43,Discharged,No,2022-06-26 16:59:00
EV009635,PAT08680,FAC001,DEP008,2026-01-13 15:56:00,Walk-in,3,Fracture,51,79,Admitted,Yes,2026-01-13 18:06:00
EV009636,PAT09280,FAC005,DEP008,2026-12-25 02:09:00,Walk-in,3,Poisoning,24,105,Discharged,No,2026-12-25 04:18:00
EV009639,PAT14727,FAC002,DEP001,2026-10-01 05:31:00,Referral,4,Allergic Reaction,44,76,Discharged,No,2026-10-01 07:31:00
EV009642,PAT00015,FAC003,DEP008,2024-12-01 15:08:00,Walk-in,3,Fracture,17,100,Admitted,Yes,2024-12-01 17:05:00
EV009647,PAT06706,FAC003,DEP008,2021-08-04 17:14:00,Ambulance,3,Laceration,20,58,LWBS,No,2021-08-04 18:32:00
EV009648,PAT14079,FAC005,DEP008,2025-12-26 22:51:00,Walk-in,4,Abdominal Pain,36,71,Admitted,Yes,2025-12-27 00:38:00
EV009650,PAT00477,FAC002,DEP002,2026-11-12 04:24:00,Walk-in,3,Breathing Difficulty,38,125,Discharged,No,2026-11-12 07:07:00
EV009651,PAT04070,FAC001,DEP008,2024-09-21 18:32:00,Walk-in,5,Poisoning,63,57,Discharged,No,2024-09-21 20:32:00
EV009656,PAT04520,FAC005,DEP008,2024-12-23 22:33:00,Police/Public,1,Fever,6,298,Discharged,No,2024-12-24 03:37:00
EV009659,PAT13045,FAC002,DEP005,2026-03-07 10:31:00,Walk-in,4,Fracture,64,75,Admitted,Yes,2026-03-07 12:50:00
EV009663,PAT00352,FAC002,DEP001,2025-08-28 04:26:00,Ambulance,4,Breathing Difficulty,63,37,Admitted,Yes,2025-08-28 06:06:00
EV009666,PAT02615,FAC001,DEP008,2025-12-27 09:36:00,Ambulance,3,Laceration,29,79,Discharged,No,2025-12-27 11:24:00
EV009681,PAT00462,FAC003,DEP008,2026-07-31 09:23:00,Ambulance,3,Allergic Reaction,39,59,Admitted,Yes,2026-07-31 11:01:00
EV009682,PAT11973,FAC004,DEP005,2021-03-06 19:50:00,Walk-in,3,Trauma/Injury,28,75,Transferred,No,2021-03-06 21:33:00
EV009688,PAT07493,FAC002,DEP005,2022-03-18 16:52:00,Referral,5,Laceration,89,51,Admitted,Yes,2022-03-18 19:12:00
EV009689,PAT02488,FAC003,DEP008,2026-04-22 11:08:00,Walk-in,3,Poisoning,25,64,Discharged,No,2026-04-22 12:37:00
EV009691,PAT09361,FAC005,DEP008,2026-08-03 06:05:00,Walk-in,3,Chest Pain,50,97,Transferred,No,2026-08-03 08:32:00
EV009693,PAT14788,FAC001,DEP008,2021-02-25 17:42:00,Walk-in,5,Breathing Difficulty,55,34,Transferred,No,2021-02-25 19:11:00
EV009694,PAT07448,FAC005,DEP008,2024-11-06 01:14:00,Walk-in,4,Fracture,75,98,Discharged,No,2024-11-06 04:07:00
EV009704,PAT12685,FAC002,DEP007,2022-12-06 21:33:00,Walk-in,5,Stroke Symptoms,69,46,Discharged,No,2022-12-06 23:28:00
EV009708,PAT06139,FAC004,DEP004,2021-11-13 19:56:00,Walk-in,3,Fracture,30,109,Discharged,No,2021-11-13 22:15:00
EV009711,PAT04246,FAC004,DEP004,2024-12-26 01:30:00,Walk-in,4,Poisoning,60,61,Discharged,No,2024-12-26 03:31:00
EV009723,PAT13905,FAC001,DEP008,2025-08-13 17:15:00,Police/Public,1,Poisoning,9,122,Discharged,No,2025-08-13 19:26:00
EV009734,PAT03480,FAC005,DEP008,2025-08-26 02:10:00,Ambulance,3,Seizure,38,106,Transferred,No,2025-08-26 04:34:00
EV009741,PAT14712,FAC002,DEP005,2026-08-20 01:49:00,Walk-in,3,Breathing Difficulty,53,65,Discharged,No,2026-08-20 03:47:00
EV009742,PAT05533,FAC005,DEP008,2021-02-27 03:09:00,Referral,2,Breathing Difficulty,11,175,Discharged,No,2021-02-27 06:15:00
EV009744,PAT10629,FAC003,DEP008,2021-01-05 01:40:00,Walk-in,4,Fever,44,59,Discharged,No,2021-01-05 03:23:00
EV009747,PAT04360,FAC003,DEP008,2023-08-30 08:44:00,Walk-in,1,Poisoning,3,146,Discharged,No,2023-08-30 11:13:00
EV009750,PAT09114,FAC005,DEP008,2023-03-24 03:35:00,Ambulance,4,Fever,58,53,Admitted,Yes,2023-03-24 05:26:00
EV009754,PAT07334,FAC004,DEP004,2026-03-16 23:09:00,Walk-in,3,Chest Pain,55,66,Discharged,No,2026-03-17 01:10:00
EV009755,PAT05221,FAC003,DEP008,2026-08-09 05:48:00,Walk-in,3,Laceration,51,122,Transferred,No,2026-08-09 08:41:00
EV009756,PAT08628,FAC004,DEP001,2021-04-29 05:40:00,Walk-in,4,Poisoning,68,79,Discharged,No,2021-04-29 08:07:00
EV009757,PAT06435,FAC003,DEP008,2026-05-17 22:31:00,Walk-in,5,Seizure,68,50,Admitted,Yes,2026-05-18 00:29:00
EV009765,PAT04609,FAC005,DEP008,2023-01-27 18:29:00,Walk-in,4,Poisoning,54,63,Discharged,No,2023-01-27 20:26:00
EV009769,PAT13166,FAC002,DEP001,2024-10-10 15:09:00,Walk-in,3,Fever,32,68,Discharged,No,2024-10-10 16:49:00
EV009776,PAT10921,FAC005,DEP008,2021-04-01 11:37:00,Walk-in,3,Fracture,7,57,Discharged,No,2021-04-01 12:41:00
EV009783,PAT02544,FAC005,DEP008,2026-11-24 09:01:00,Walk-in,2,Trauma/Injury,12,104,Discharged,No,2026-11-24 10:57:00
EV009792,PAT00104,FAC001,DEP008,2025-01-06 12:22:00,Ambulance,3,Breathing Difficulty,38,74,Admitted,Yes,2025-01-06 14:14:00
EV009795,PAT14619,FAC002,DEP006,2026-08-29 17:17:00,Walk-in,3,Fracture,56,81,Discharged,No,2026-08-29 19:34:00
EV009806,PAT10366,FAC002,DEP002,2025-12-25 15:16:00,Walk-in,4,Stroke Symptoms,64,32,Discharged,No,2025-12-25 16:52:00
EV009813,PAT02488,FAC002,DEP005,2024-09-17 07:15:00,Walk-in,5,Stroke Symptoms,65,47,Admitted,Yes,2024-09-17 09:07:00
EV009828,PAT00567,FAC003,DEP008,2022-04-11 10:34:00,Ambulance,5,Laceration,73,35,Admitted,Yes,2022-04-11 12:22:00
EV009829,PAT11110,FAC004,DEP004,2022-05-29 17:16:00,Walk-in,1,Seizure,3,190,Discharged,No,2022-05-29 20:29:00
EV009831,PAT12595,FAC003,DEP008,2022-02-28 00:47:00,Ambulance,5,Breathing Difficulty,84,33,LWBS,No,2022-02-28 02:44:00
EV009832,PAT03669,FAC004,DEP007,2022-12-12 20:44:00,Ambulance,4,Allergic Reaction,70,38,Discharged,No,2022-12-12 22:32:00
EV009834,PAT11814,FAC001,DEP008,2024-03-31 01:58:00,Walk-in,3,Stroke Symptoms,26,75,Discharged,No,2024-03-31 03:39:00
EV009843,PAT00564,FAC001,DEP008,2025-03-08 22:19:00,Referral,3,Chest Pain,23,46,Discharged,No,2025-03-08 23:28:00
EV009848,PAT12490,FAC001,DEP008,2026-10-27 01:14:00,Ambulance,4,Laceration,70,60,Transferred,No,2026-10-27 03:24:00
EV009861,PAT02334,FAC005,DEP008,2026-03-05 15:47:00,Walk-in,5,Abdominal Pain,65,41,Discharged,No,2026-03-05 17:33:00
EV009875,PAT14942,FAC001,DEP008,2021-08-06 04:03:00,Ambulance,3,Laceration,25,102,Discharged,No,2021-08-06 06:10:00
EV009881,PAT04388,FAC003,DEP008,2022-02-06 23:52:00,Police/Public,5,Chest Pain,48,21,Discharged,No,2022-02-07 01:01:00
EV009887,PAT04527,FAC003,DEP008,2026-04-23 17:38:00,Ambulance,4,Chest Pain,71,67,Discharged,No,2026-04-23 19:56:00
EV009888,PAT14934,FAC002,DEP001,2021-01-15 11:14:00,Ambulance,4,Chest Pain,43,46,Discharged,No,2021-01-15 12:43:00
EV009890,PAT13080,FAC005,DEP008,2024-08-01 19:58:00,Police/Public,4,Abdominal Pain,33,69,Transferred,No,2024-08-01 21:40:00
EV009903,PAT11735,FAC003,DEP008,2024-11-24 20:56:00,Walk-in,3,Fracture,32,115,Discharged,No,2024-11-24 23:23:00
EV009906,PAT12793,FAC002,DEP006,2021-09-20 04:16:00,Walk-in,3,Seizure,35,71,Admitted,Yes,2021-09-20 06:02:00
EV009909,PAT07979,FAC001,DEP008,2025-01-16 16:49:00,Walk-in,5,Allergic Reaction,78,43,LWBS,No,2025-01-16 18:50:00
EV009913,PAT09887,FAC005,DEP008,2026-01-12 19:33:00,Ambulance,5,Seizure,59,41,Admitted,Yes,2026-01-12 21:13:00
EV009915,PAT03373,FAC001,DEP008,2026-08-30 07:41:00,Ambulance,3,Abdominal Pain,35,59,Discharged,No,2026-08-30 09:15:00
EV009916,PAT14943,FAC003,DEP008,2026-08-14 08:44:00,Referral,4,Stroke Symptoms,67,58,Transferred,No,2026-08-14 10:49:00
EV009918,PAT02453,FAC001,DEP008,2022-06-01 09:04:00,Walk-in,2,Laceration,12,131,Discharged,No,2022-06-01 11:27:00
EV009923,PAT03781,FAC004,DEP005,2025-01-11 16:42:00,Walk-in,3,Seizure,39,87,Discharged,No,2025-01-11 18:48:00
EV009927,PAT13045,FAC005,DEP008,2025-08-05 23:26:00,Walk-in,3,Stroke Symptoms,37,95,Admitted,Yes,2025-08-06 01:38:00
EV009931,PAT13161,FAC005,DEP008,2024-10-16 03:05:00,Ambulance,2,Trauma/Injury,15,137,Discharged,No,2024-10-16 05:37:00
EV009939,PAT04005,FAC003,DEP008,2026-06-12 17:20:00,Ambulance,4,Trauma/Injury,69,80,Discharged,No,2026-06-12 19:49:00
EV009940,PAT02975,FAC002,DEP002,2021-06-10 04:29:00,Walk-in,2,Seizure,20,147,Admitted,Yes,2021-06-10 07:16:00
EV009944,PAT03922,FAC005,DEP008,2026-02-03 14:50:00,Walk-in,5,Allergic Reaction,75,29,Discharged,No,2026-02-03 16:34:00
EV009947,PAT13145,FAC002,DEP001,2026-03-02 01:33:00,Ambulance,3,Abdominal Pain,27,89,Admitted,Yes,2026-03-02 03:29:00
EV009953,PAT09369,FAC002,DEP007,2026-01-18 03:21:00,Walk-in,4,Breathing Difficulty,27,84,Discharged,No,2026-01-18 05:12:00
EV009955,PAT09702,FAC002,DEP006,2022-09-02 05:30:00,Walk-in,3,Poisoning,44,124,Discharged,No,2022-09-02 08:18:00
EV009964,PAT06707,FAC005,DEP008,2025-08-30 08:36:00,Walk-in,5,Seizure,90,35,Transferred,No,2025-08-30 10:41:00
EV009966,PAT12588,FAC004,DEP001,2026-08-11 16:55:00,Walk-in,3,Breathing Difficulty,50,71,Discharged,No,2026-08-11 18:56:00
EV009975,PAT12479,FAC001,DEP008,2026-05-26 16:44:00,Ambulance,2,Poisoning,11,130,Discharged,No,2026-05-26 19:05:00
EV009976,PAT03805,FAC002,DEP006,2021-08-02 21:13:00,Walk-in,4,Laceration,54,54,Discharged,No,2021-08-02 23:01:00
EV009979,PAT00742,FAC002,DEP005,2022-09-01 05:29:00,Referral,4,Stroke Symptoms,65,46,LWBS,No,2022-09-01 07:20:00
EV009983,PAT02895,FAC001,DEP008,2021-02-13 17:31:00,Walk-in,3,Fever,25,83,Discharged,No,2021-02-13 19:19:00
EV009993,PAT04550,FAC005,DEP008,2025-05-15 04:31:00,Walk-in,5,Fracture,73,60,Discharged,No,2025-05-15 06:44:00
EV010000,PAT06128,FAC003,DEP008,2026-07-07 18:39:00,Police/Public,3,Poisoning,43,69,Discharged,No,2026-07-07 20:31:00
EV010005,PAT08050,FAC002,DEP007,2021-01-15 08:48:00,Referral,3,Laceration,24,90,Discharged,No,2021-01-15 10:42:00
EV010015,PAT12168,FAC003,DEP008,2023-01-08 22:30:00,Walk-in,4,Allergic Reaction,72,70,Discharged,No,2023-01-09 00:52:00
EV010024,PAT02615,FAC005,DEP008,2023-10-26 18:09:00,Walk-in,3,Abdominal Pain,38,92,Discharged,No,2023-10-26 20:19:00
EV010038,PAT03729,FAC004,DEP001,2024-01-19 16:28:00,Police/Public,4,Abdominal Pain,54,29,Discharged,No,2024-01-19 17:51:00
EV010046,PAT00151,FAC003,DEP008,2022-07-10 21:58:00,Ambulance,4,Seizure,35,28,LWBS,No,2022-07-10 23:01:00
EV010061,PAT06951,FAC005,DEP008,2021-05-04 10:25:00,Walk-in,3,Chest Pain,27,67,Admitted,Yes,2021-05-04 11:59:00
EV010069,PAT03214,FAC003,DEP008,2023-12-11 17:51:00,Walk-in,5,Fever,118,43,Discharged,No,2023-12-11 20:32:00
EV010076,PAT02127,FAC002,DEP005,2025-04-10 04:18:00,Referral,5,Abdominal Pain,83,38,Discharged,No,2025-04-10 06:19:00
EV010081,PAT03215,FAC001,DEP008,2021-06-15 12:17:00,Police/Public,4,Abdominal Pain,45,69,Transferred,No,2021-06-15 14:11:00
EV010086,PAT01248,FAC001,DEP008,2023-03-27 12:28:00,Police/Public,4,Chest Pain,55,42,Discharged,No,2023-03-27 14:05:00
EV010087,PAT14814,FAC003,DEP008,2023-12-03 07:58:00,Walk-in,3,Laceration,35,45,Discharged,No,2023-12-03 09:18:00
EV010093,PAT12318,FAC004,DEP001,2023-02-22 02:00:00,Walk-in,4,Fracture,86,54,Discharged,No,2023-02-22 04:20:00
EV010099,PAT12812,FAC002,DEP005,2024-08-18 01:49:00,Ambulance,2,Fracture,15,195,Admitted,Yes,2024-08-18 05:19:00
EV010103,PAT11010,FAC004,DEP002,2022-07-02 14:05:00,Referral,3,Breathing Difficulty,30,116,Discharged,No,2022-07-02 16:31:00
EV010105,PAT02096,FAC001,DEP008,2023-12-18 12:00:00,Police/Public,3,Stroke Symptoms,41,83,LWBS,No,2023-12-18 14:04:00
EV010109,PAT14498,FAC001,DEP008,2024-03-17 08:34:00,Police/Public,5,Chest Pain,49,42,Discharged,No,2024-03-17 10:05:00
EV010114,PAT12968,FAC002,DEP002,2024-08-08 08:27:00,Walk-in,5,Abdominal Pain,125,44,LWBS,No,2024-08-08 11:16:00
EV010120,PAT02272,FAC005,DEP008,2023-01-23 13:26:00,Walk-in,3,Fracture,43,67,Admitted,Yes,2023-01-23 15:16:00
EV010122,PAT09856,FAC004,DEP001,2026-07-08 02:46:00,Referral,3,Allergic Reaction,49,80,Admitted,Yes,2026-07-08 04:55:00
EV010127,PAT10364,FAC004,DEP002,2026-06-10 04:43:00,Ambulance,4,Chest Pain,59,52,LWBS,No,2026-06-10 06:34:00
EV010130,PAT14467,FAC004,DEP006,2026-04-21 12:32:00,Referral,3,Breathing Difficulty,51,72,Admitted,Yes,2026-04-21 14:35:00
EV010133,PAT05981,FAC003,DEP008,2026-05-04 16:42:00,Walk-in,4,Trauma/Injury,82,72,Admitted,Yes,2026-05-04 19:16:00
EV010147,PAT02184,FAC005,DEP008,2024-09-17 13:19:00,Ambulance,3,Breathing Difficulty,36,52,Admitted,Yes,2024-09-17 14:47:00
EV010150,PAT01731,FAC001,DEP008,2026-07-31 23:34:00,Walk-in,5,Laceration,96,50,Admitted,Yes,2026-08-01 02:00:00
EV010155,PAT00480,FAC001,DEP008,2025-03-05 22:06:00,Walk-in,3,Chest Pain,32,65,Discharged,No,2025-03-05 23:43:00
EV010165,PAT14314,FAC001,DEP008,2025-03-03 23:23:00,Ambulance,4,Chest Pain,61,53,Discharged,No,2025-03-04 01:17:00
EV010167,PAT07829,FAC002,DEP006,2022-07-23 10:36:00,Ambulance,4,Fracture,66,65,Discharged,No,2022-07-23 12:47:00
EV010174,PAT13845,FAC004,DEP004,2023-03-15 01:56:00,Walk-in,3,Trauma/Injury,47,62,Discharged,No,2023-03-15 03:45:00
EV010177,PAT11496,FAC001,DEP008,2025-07-10 14:54:00,Walk-in,4,Abdominal Pain,68,83,Discharged,No,2025-07-10 17:25:00
EV010179,PAT07559,FAC003,DEP008,2022-05-29 17:38:00,Referral,4,Trauma/Injury,67,30,Discharged,No,2022-05-29 19:15:00
EV010181,PAT01984,FAC004,DEP007,2025-07-09 08:55:00,Ambulance,4,Fever,64,48,Discharged,No,2025-07-09 10:47:00
EV010187,PAT00215,FAC002,DEP006,2023-09-13 20:32:00,Police/Public,3,Seizure,34,94,Discharged,No,2023-09-13 22:40:00
EV010198,PAT03959,FAC001,DEP008,2021-10-02 03:41:00,Police/Public,4,Poisoning,36,44,Discharged,No,2021-10-02 05:01:00
EV010203,PAT04257,FAC004,DEP007,2026-08-06 09:01:00,Walk-in,5,Stroke Symptoms,86,44,Admitted,Yes,2026-08-06 11:11:00
EV010215,PAT06436,FAC001,DEP008,2024-06-09 07:47:00,Walk-in,3,Trauma/Injury,18,69,LWBS,No,2024-06-09 09:14:00
EV010219,PAT09736,FAC003,DEP008,2024-07-07 10:23:00,Police/Public,4,Seizure,46,79,Discharged,No,2024-07-07 12:28:00
EV010221,PAT14963,FAC001,DEP008,2026-05-10 14:51:00,Walk-in,5,Seizure,63,41,Discharged,No,2026-05-10 16:35:00
EV010222,PAT12072,FAC005,DEP008,2023-07-27 03:44:00,Walk-in,3,Trauma/Injury,31,114,Discharged,No,2023-07-27 06:09:00
EV010226,PAT09884,FAC004,DEP007,2023-11-12 21:21:00,Ambulance,4,Poisoning,50,48,Discharged,No,2023-11-12 22:59:00
EV010235,PAT05816,FAC005,DEP008,2026-05-06 00:06:00,Police/Public,3,Trauma/Injury,45,98,Admitted,Yes,2026-05-06 02:29:00
EV010238,PAT08137,FAC001,DEP008,2026-08-11 22:55:00,Ambulance,4,Fracture,69,62,Discharged,No,2026-08-12 01:06:00
EV010246,PAT03887,FAC005,DEP008,2024-09-09 19:09:00,Walk-in,3,Seizure,22,83,Transferred,No,2024-09-09 20:54:00
EV010251,PAT01248,FAC003,DEP008,2022-08-04 16:23:00,Walk-in,2,Trauma/Injury,14,142,Discharged,No,2022-08-04 18:59:00
EV010257,PAT03860,FAC003,DEP008,2023-01-09 19:16:00,Walk-in,4,Abdominal Pain,77,60,Admitted,Yes,2023-01-09 21:33:00
EV010263,PAT04059,FAC001,DEP008,2024-05-28 16:56:00,Walk-in,4,Trauma/Injury,49,61,Admitted,Yes,2024-05-28 18:46:00
EV010271,PAT03291,FAC004,DEP005,2024-07-10 15:25:00,Ambulance,4,Laceration,54,30,Discharged,No,2024-07-10 16:49:00
EV010281,PAT08529,FAC005,DEP008,2022-08-10 19:46:00,Walk-in,4,Fracture,64,75,Transferred,No,2022-08-10 22:05:00
EV010288,PAT00201,FAC001,DEP008,2024-01-15 09:56:00,Walk-in,4,Poisoning,80,69,Discharged,No,2024-01-15 12:25:00
EV010289,PAT07653,FAC001,DEP008,2024-10-31 18:51:00,Ambulance,2,Allergic Reaction,17,159,Discharged,No,2024-10-31 21:47:00
EV010321,PAT12273,FAC004,DEP005,2024-05-14 05:02:00,Walk-in,5,Allergic Reaction,43,43,Admitted,Yes,2024-05-14 06:28:00
EV010337,PAT03406,FAC003,DEP008,2026-10-06 07:24:00,Police/Public,4,Seizure,90,40,LWBS,No,2026-10-06 09:34:00
EV010340,PAT08696,FAC001,DEP008,2021-07-12 17:07:00,Walk-in,3,Fracture,43,84,Discharged,No,2021-07-12 19:14:00
EV010352,PAT07536,FAC004,DEP005,2021-12-19 23:38:00,Walk-in,5,Allergic Reaction,83,46,Admitted,Yes,2021-12-20 01:47:00
EV010362,PAT04591,FAC005,DEP008,2021-01-12 20:23:00,Walk-in,4,Fracture,44,31,Discharged,No,2021-01-12 21:38:00
EV010363,PAT06890,FAC005,DEP008,2022-12-07 15:25:00,Walk-in,3,Breathing Difficulty,38,48,Admitted,Yes,2022-12-07 16:51:00
EV010371,PAT14537,FAC002,DEP005,2025-03-08 19:46:00,Walk-in,4,Fever,25,78,Discharged,No,2025-03-08 21:29:00
EV010375,PAT13817,FAC005,DEP008,2021-08-26 04:34:00,Ambulance,3,Poisoning,33,76,Discharged,No,2021-08-26 06:23:00
EV010379,PAT11445,FAC001,DEP008,2024-01-24 03:59:00,Ambulance,1,Stroke Symptoms,7,224,Admitted,Yes,2024-01-24 07:50:00
EV010383,PAT10876,FAC003,DEP008,2025-02-06 11:41:00,Walk-in,4,Breathing Difficulty,92,61,Admitted,Yes,2025-02-06 14:14:00
EV010386,PAT06267,FAC001,DEP008,2021-11-29 16:28:00,Police/Public,5,Fever,49,43,Admitted,Yes,2021-11-29 18:00:00
EV010397,PAT08884,FAC002,DEP006,2022-04-16 00:23:00,Walk-in,3,Breathing Difficulty,32,92,Discharged,No,2022-04-16 02:27:00
EV010408,PAT12418,FAC002,DEP002,2023-11-19 16:20:00,Walk-in,2,Chest Pain,3,142,Discharged,No,2023-11-19 18:45:00
EV010417,PAT07682,FAC002,DEP002,2023-08-22 15:57:00,Walk-in,3,Allergic Reaction,29,49,Discharged,No,2023-08-22 17:15:00
EV010418,PAT09124,FAC001,DEP008,2025-02-15 21:04:00,Walk-in,4,Allergic Reaction,33,52,Discharged,No,2025-02-15 22:29:00
EV010427,PAT13466,FAC002,DEP005,2023-12-23 23:49:00,Police/Public,3,Trauma/Injury,22,103,Discharged,No,2023-12-24 01:54:00
EV010437,PAT02933,FAC001,DEP008,2021-11-20 09:29:00,Walk-in,4,Allergic Reaction,55,31,Discharged,No,2021-11-20 10:55:00
EV010438,PAT13650,FAC001,DEP008,2026-08-02 16:24:00,Referral,3,Seizure,25,116,Discharged,No,2026-08-02 18:45:00
EV010440,PAT04815,FAC004,DEP002,2026-10-28 00:05:00,Ambulance,4,Poisoning,38,70,Discharged,No,2026-10-28 01:53:00
EV010441,PAT10505,FAC003,DEP008,2024-08-03 14:08:00,Ambulance,4,Seizure,44,41,Discharged,No,2024-08-03 15:33:00
EV010443,PAT04831,FAC002,DEP007,2021-01-17 09:36:00,Referral,5,Fracture,86,40,Discharged,No,2021-01-17 11:42:00
EV010445,PAT09954,FAC002,DEP002,2024-11-17 03:14:00,Walk-in,5,Seizure,71,51,Transferred,No,2024-11-17 05:16:00
EV010448,PAT10529,FAC003,DEP008,2022-08-26 17:16:00,Ambulance,2,Fever,16,122,Admitted,Yes,2022-08-26 19:34:00
EV010451,PAT12026,FAC004,DEP001,2021-04-19 21:26:00,Walk-in,3,Breathing Difficulty,55,73,Discharged,No,2021-04-19 23:34:00
EV010454,PAT12273,FAC002,DEP005,2026-01-04 03:50:00,Ambulance,4,Seizure,58,50,Admitted,Yes,2026-01-04 05:38:00
EV010458,PAT13439,FAC004,DEP005,2023-12-06 18:57:00,Ambulance,5,Fracture,82,31,Discharged,No,2023-12-06 20:50:00
EV010463,PAT03752,FAC005,DEP008,2022-01-30 08:02:00,Walk-in,4,Fever,61,93,Discharged,No,2022-01-30 10:36:00
EV010467,PAT14398,FAC004,DEP001,2023-01-05 22:01:00,Walk-in,3,Stroke Symptoms,50,83,Discharged,No,2023-01-06 00:14:00
EV010483,PAT03661,FAC004,DEP004,2025-07-12 17:57:00,Walk-in,4,Laceration,69,62,Discharged,No,2025-07-12 20:08:00
EV010496,PAT05345,FAC001,DEP008,2024-10-23 08:16:00,Walk-in,4,Chest Pain,61,53,Admitted,Yes,2024-10-23 10:10:00
EV010497,PAT12670,FAC003,DEP008,2026-11-25 13:02:00,Walk-in,5,Seizure,85,54,Admitted,Yes,2026-11-25 15:21:00
EV010498,PAT04396,FAC005,DEP008,2025-04-30 03:13:00,Referral,5,Stroke Symptoms,88,39,Discharged,No,2025-04-30 05:20:00
EV010505,PAT00304,FAC001,DEP008,2021-09-05 08:20:00,Walk-in,4,Stroke Symptoms,53,74,Transferred,No,2021-09-05 10:27:00
EV010507,PAT06132,FAC002,DEP007,2021-12-02 03:31:00,Walk-in,4,Poisoning,43,47,Discharged,No,2021-12-02 05:01:00
EV010510,PAT06934,FAC004,DEP004,2024-06-16 02:39:00,Ambulance,4,Chest Pain,14,66,Discharged,No,2024-06-16 03:59:00
EV010512,PAT09382,FAC003,DEP008,2026-08-19 07:23:00,Walk-in,4,Laceration,35,60,Discharged,No,2026-08-19 08:58:00
EV010516,PAT04744,FAC002,DEP007,2025-07-01 19:32:00,Ambulance,3,Seizure,33,67,Admitted,Yes,2025-07-01 21:12:00
EV010518,PAT04631,FAC002,DEP005,2025-10-27 04:12:00,Police/Public,5,Allergic Reaction,55,24,Discharged,No,2025-10-27 05:31:00
EV010519,PAT14831,FAC002,DEP002,2026-05-18 13:40:00,Ambulance,4,Seizure,37,78,LWBS,No,2026-05-18 15:35:00
EV010522,PAT13100,FAC003,DEP008,2021-02-03 18:00:00,Ambulance,3,Abdominal Pain,33,94,Discharged,No,2021-02-03 20:07:00
EV010536,PAT06833,FAC002,DEP002,2026-02-03 01:34:00,Ambulance,4,Seizure,81,71,Discharged,No,2026-02-03 04:06:00
EV010544,PAT12754,FAC005,DEP008,2021-05-08 22:31:00,Ambulance,4,Seizure,72,55,Discharged,No,2021-05-09 00:38:00
EV010547,PAT06271,FAC003,DEP008,2025-12-01 10:21:00,Referral,4,Poisoning,79,56,Discharged,No,2025-12-01 12:36:00
EV010558,PAT09800,FAC001,DEP008,2025-10-08 22:05:00,Ambulance,5,Chest Pain,87,25,Discharged,No,2025-10-08 23:57:00
EV010562,PAT03796,FAC005,DEP008,2023-12-30 06:03:00,Walk-in,4,Allergic Reaction,55,39,Discharged,No,2023-12-30 07:37:00
EV010578,PAT02332,FAC005,DEP008,2022-11-24 18:05:00,Referral,3,Trauma/Injury,45,89,Discharged,No,2022-11-24 20:19:00
EV010580,PAT01054,FAC003,DEP008,2023-08-21 15:26:00,Referral,5,Allergic Reaction,45,31,Discharged,No,2023-08-21 16:42:00
EV010587,PAT08818,FAC003,DEP008,2024-10-02 03:47:00,Walk-in,3,Fever,40,106,Discharged,No,2024-10-02 06:13:00
EV010588,PAT08098,FAC001,DEP008,2025-04-18 23:37:00,Walk-in,4,Chest Pain,53,50,LWBS,No,2025-04-19 01:20:00
EV010592,PAT01633,FAC001,DEP008,2026-05-26 14:35:00,Walk-in,3,Laceration,48,111,Discharged,No,2026-05-26 17:14:00
EV010598,PAT14343,FAC003,DEP008,2023-02-28 00:31:00,Referral,2,Trauma/Injury,13,121,Discharged,No,2023-02-28 02:45:00
EV010615,PAT10899,FAC001,DEP008,2024-09-25 09:24:00,Walk-in,3,Breathing Difficulty,32,81,Discharged,No,2024-09-25 11:17:00
EV010617,PAT12147,FAC003,DEP008,2023-07-18 07:04:00,Ambulance,5,Laceration,117,43,Transferred,No,2023-07-18 09:44:00
EV010620,PAT09820,FAC002,DEP007,2024-08-08 06:46:00,Ambulance,4,Trauma/Injury,66,65,Discharged,No,2024-08-08 08:57:00
EV010627,PAT05505,FAC002,DEP006,2026-07-02 00:28:00,Police/Public,4,Allergic Reaction,53,86,Discharged,No,2026-07-02 02:47:00
EV010628,PAT11439,FAC002,DEP002,2023-12-08 05:16:00,Referral,3,Poisoning,29,118,Discharged,No,2023-12-08 07:43:00
EV010631,PAT03853,FAC005,DEP008,2023-11-24 10:20:00,Walk-in,2,Trauma/Injury,9,173,Admitted,Yes,2023-11-24 13:22:00
EV010640,PAT09913,FAC002,DEP002,2022-11-15 21:13:00,Walk-in,4,Seizure,38,47,Transferred,No,2022-11-15 22:38:00
EV010643,PAT01924,FAC004,DEP005,2023-08-28 13:34:00,Walk-in,3,Stroke Symptoms,33,67,Admitted,Yes,2023-08-28 15:14:00
EV010657,PAT07088,FAC001,DEP008,2025-08-04 01:30:00,Ambulance,2,Breathing Difficulty,16,118,Discharged,No,2025-08-04 03:44:00
EV010661,PAT02883,FAC005,DEP008,2022-10-01 23:06:00,Ambulance,4,Seizure,51,90,Transferred,No,2022-10-02 01:27:00
EV010674,PAT08381,FAC003,DEP008,2026-03-24 00:34:00,Walk-in,4,Poisoning,61,49,Discharged,No,2026-03-24 02:24:00
EV010680,PAT07002,FAC002,DEP005,2025-05-27 08:54:00,Walk-in,4,Stroke Symptoms,72,73,Discharged,No,2025-05-27 11:19:00
EV010685,PAT08529,FAC003,DEP008,2022-12-14 23:09:00,Police/Public,3,Laceration,56,106,Discharged,No,2022-12-15 01:51:00
EV010690,PAT12968,FAC001,DEP008,2025-05-22 09:11:00,Walk-in,5,Breathing Difficulty,79,28,Transferred,No,2025-05-22 10:58:00
EV010691,PAT00430,FAC004,DEP007,2026-04-18 17:29:00,Walk-in,4,Chest Pain,54,43,Discharged,No,2026-04-18 19:06:00
EV010694,PAT08512,FAC002,DEP002,2022-04-01 04:49:00,Walk-in,3,Seizure,35,89,Discharged,No,2022-04-01 06:53:00
EV010702,PAT14131,FAC002,DEP002,2022-11-15 05:32:00,Ambulance,2,Trauma/Injury,9,144,Transferred,No,2022-11-15 08:05:00
EV010708,PAT12749,FAC005,DEP008,2023-05-27 08:17:00,Referral,4,Abdominal Pain,18,64,Discharged,No,2023-05-27 09:39:00
EV010717,PAT11319,FAC004,DEP007,2026-09-26 15:01:00,Police/Public,5,Breathing Difficulty,66,40,Discharged,No,2026-09-26 16:47:00
EV010719,PAT10674,FAC001,DEP008,2023-06-04 15:07:00,Walk-in,4,Abdominal Pain,41,73,Discharged,No,2023-06-04 17:01:00
EV010725,PAT08369,FAC004,DEP006,2024-07-19 08:20:00,Referral,3,Seizure,43,89,Transferred,No,2024-07-19 10:32:00
EV010727,PAT07717,FAC004,DEP004,2022-06-29 20:46:00,Walk-in,1,Stroke Symptoms,5,234,Admitted,Yes,2022-06-30 00:45:00
EV010741,PAT07774,FAC001,DEP008,2024-11-03 06:20:00,Walk-in,4,Chest Pain,54,62,Discharged,No,2024-11-03 08:16:00
EV010744,PAT10451,FAC003,DEP008,2025-07-21 23:30:00,Ambulance,2,Allergic Reaction,20,148,Discharged,No,2025-07-22 02:18:00
EV010751,PAT11402,FAC004,DEP006,2022-07-23 11:47:00,Walk-in,4,Trauma/Injury,14,28,Discharged,No,2022-07-23 12:29:00
EV010755,PAT02316,FAC004,DEP004,2021-05-22 20:06:00,Walk-in,4,Laceration,53,67,Discharged,No,2021-05-22 22:06:00
EV010756,PAT03493,FAC001,DEP008,2021-09-22 18:19:00,Walk-in,3,Fever,42,67,LWBS,No,2021-09-22 20:08:00
EV010766,PAT01321,FAC005,DEP008,2024-09-05 17:57:00,Referral,4,Laceration,70,64,Discharged,No,2024-09-05 20:11:00
EV010770,PAT04765,FAC003,DEP008,2026-07-19 18:20:00,Ambulance,3,Fracture,26,96,Discharged,No,2026-07-19 20:22:00
EV010771,PAT02268,FAC003,DEP008,2024-01-01 06:27:00,Walk-in,4,Poisoning,19,64,Discharged,No,2024-01-01 07:50:00
EV010772,PAT08798,FAC005,DEP008,2025-06-04 02:40:00,Ambulance,2,Seizure,16,155,Admitted,Yes,2025-06-04 05:31:00
EV010775,PAT00609,FAC005,DEP008,2026-01-01 18:55:00,Walk-in,1,Breathing Difficulty,3,176,LWBS,No,2026-01-01 21:54:00
EV010778,PAT12265,FAC003,DEP008,2021-02-17 07:55:00,Referral,1,Chest Pain,5,174,Discharged,No,2021-02-17 10:54:00
EV010779,PAT03034,FAC005,DEP008,2026-01-10 04:04:00,Ambulance,5,Fracture,76,30,Discharged,No,2026-01-10 05:50:00
EV010790,PAT01012,FAC004,DEP007,2025-10-15 04:52:00,Walk-in,5,Chest Pain,41,48,Discharged,No,2025-10-15 06:21:00
EV010792,PAT07835,FAC002,DEP006,2025-05-06 19:51:00,Walk-in,1,Stroke Symptoms,3,194,Discharged,No,2025-05-06 23:08:00
EV010798,PAT05310,FAC005,DEP008,2021-06-25 08:05:00,Ambulance,3,Trauma/Injury,44,110,Discharged,No,2021-06-25 10:39:00
EV010804,PAT07597,FAC002,DEP005,2022-05-08 11:18:00,Walk-in,3,Fever,42,53,Discharged,No,2022-05-08 12:53:00
EV010824,PAT11401,FAC004,DEP001,2021-01-01 18:36:00,Police/Public,4,Allergic Reaction,58,83,Transferred,No,2021-01-01 20:57:00
EV010826,PAT13112,FAC003,DEP008,2025-01-28 17:29:00,Walk-in,3,Stroke Symptoms,34,62,Discharged,No,2025-01-28 19:05:00
EV010829,PAT08285,FAC001,DEP008,2023-01-09 17:49:00,Walk-in,4,Laceration,71,59,Transferred,No,2023-01-09 19:59:00
EV010837,PAT09490,FAC002,DEP002,2026-07-09 20:47:00,Walk-in,4,Stroke Symptoms,60,38,Discharged,No,2026-07-09 22:25:00
EV010841,PAT07104,FAC005,DEP008,2025-07-19 10:57:00,Police/Public,2,Chest Pain,7,123,Admitted,Yes,2025-07-19 13:07:00
EV010847,PAT08983,FAC001,DEP008,2024-01-14 08:21:00,Ambulance,4,Breathing Difficulty,25,44,Admitted,Yes,2024-01-14 09:30:00
EV010858,PAT05184,FAC005,DEP008,2022-01-30 20:32:00,Walk-in,2,Chest Pain,7,106,LWBS,No,2022-01-30 22:25:00
EV010867,PAT03249,FAC005,DEP008,2026-02-10 17:36:00,Ambulance,2,Laceration,17,123,Admitted,Yes,2026-02-10 19:56:00
EV010882,PAT02426,FAC003,DEP008,2022-09-20 21:43:00,Ambulance,4,Breathing Difficulty,26,66,Admitted,Yes,2022-09-20 23:15:00
EV010883,PAT02381,FAC002,DEP005,2023-02-03 11:47:00,Walk-in,4,Chest Pain,53,56,Discharged,No,2023-02-03 13:36:00
EV010887,PAT04316,FAC001,DEP008,2026-11-14 06:36:00,Walk-in,4,Fever,62,55,Discharged,No,2026-11-14 08:33:00
EV010896,PAT09863,FAC002,DEP002,2025-08-19 20:02:00,Walk-in,5,Seizure,115,57,Deceased,No,2025-08-19 22:54:00
EV010902,PAT06751,FAC005,DEP008,2023-12-02 10:14:00,Ambulance,3,Laceration,30,52,Discharged,No,2023-12-02 11:36:00
EV010910,PAT00721,FAC002,DEP006,2026-07-27 11:53:00,Police/Public,3,Fever,33,96,Admitted,Yes,2026-07-27 14:02:00
EV010918,PAT02519,FAC001,DEP008,2023-06-17 11:37:00,Walk-in,3,Trauma/Injury,58,88,Discharged,No,2023-06-17 14:03:00
EV010928,PAT08881,FAC002,DEP005,2021-06-25 09:56:00,Police/Public,2,Poisoning,13,117,Discharged,No,2021-06-25 12:06:00
EV010932,PAT05801,FAC005,DEP008,2026-12-19 16:44:00,Referral,3,Allergic Reaction,26,145,Discharged,No,2026-12-19 19:35:00
EV010934,PAT03699,FAC003,DEP008,2021-03-18 22:39:00,Walk-in,4,Poisoning,35,56,Discharged,No,2021-03-19 00:10:00
EV010936,PAT07650,FAC001,DEP008,2023-09-11 14:26:00,Walk-in,2,Stroke Symptoms,22,173,Admitted,Yes,2023-09-11 17:41:00
EV010940,PAT03997,FAC003,DEP008,2026-04-03 13:01:00,Walk-in,4,Seizure,41,67,Discharged,No,2026-04-03 14:49:00
EV010948,PAT13166,FAC005,DEP008,2024-04-20 18:56:00,Walk-in,2,Abdominal Pain,18,112,Discharged,No,2024-04-20 21:06:00
EV010950,PAT01248,FAC002,DEP002,2023-03-13 02:03:00,Police/Public,5,Allergic Reaction,85,39,Transferred,No,2023-03-13 04:07:00
EV010951,PAT06432,FAC002,DEP006,2025-01-22 09:36:00,Walk-in,5,Fracture,111,22,LWBS,No,2025-01-22 11:49:00
EV010952,PAT05285,FAC001,DEP008,2021-10-31 21:33:00,Ambulance,3,Abdominal Pain,46,72,Discharged,No,2021-10-31 23:31:00
EV010959,PAT04709,FAC005,DEP008,2023-06-11 22:50:00,Ambulance,5,Fracture,89,33,Transferred,No,2023-06-12 00:52:00
EV010961,PAT14420,FAC002,DEP007,2023-04-13 02:50:00,Walk-in,5,Chest Pain,63,37,Discharged,No,2023-04-13 04:30:00
EV010968,PAT03376,FAC001,DEP008,2026-02-02 15:52:00,Ambulance,3,Allergic Reaction,54,114,Discharged,No,2026-02-02 18:40:00
EV010974,PAT06144,FAC001,DEP008,2024-11-21 01:05:00,Walk-in,4,Breathing Difficulty,92,84,Discharged,No,2024-11-21 04:01:00
EV010976,PAT01800,FAC005,DEP008,2026-10-01 09:19:00,Ambulance,4,Stroke Symptoms,67,44,Discharged,No,2026-10-01 11:10:00
EV010985,PAT02992,FAC002,DEP005,2023-02-10 02:15:00,Walk-in,3,Fracture,27,54,Discharged,No,2023-02-10 03:36:00
EV010986,PAT06139,FAC001,DEP008,2022-09-22 00:30:00,Walk-in,4,Fever,48,65,Admitted,Yes,2022-09-22 02:23:00
EV010987,PAT12460,FAC005,DEP008,2023-12-16 20:54:00,Referral,4,Poisoning,44,69,Discharged,No,2023-12-16 22:47:00
EV010988,PAT04013,FAC001,DEP008,2021-10-06 01:54:00,Walk-in,5,Breathing Difficulty,63,63,Discharged,No,2021-10-06 04:00:00
EV010993,PAT10878,FAC001,DEP008,2022-06-05 14:23:00,Walk-in,4,Chest Pain,49,70,Discharged,No,2022-06-05 16:22:00
EV011001,PAT00705,FAC005,DEP008,2025-09-02 23:35:00,Walk-in,2,Fracture,17,147,LWBS,No,2025-09-03 02:19:00
EV011003,PAT05021,FAC005,DEP008,2025-07-20 20:05:00,Ambulance,4,Allergic Reaction,69,26,Admitted,Yes,2025-07-20 21:40:00
EV011004,PAT02358,FAC005,DEP008,2026-07-13 18:24:00,Referral,3,Breathing Difficulty,46,106,Discharged,No,2026-07-13 20:56:00
EV011010,PAT00352,FAC004,DEP001,2022-10-18 01:42:00,Walk-in,5,Poisoning,33,56,Discharged,No,2022-10-18 03:11:00
EV011019,PAT00009,FAC002,DEP006,2026-04-01 10:49:00,Walk-in,2,Chest Pain,16,190,Discharged,No,2026-04-01 14:15:00
EV011024,PAT13775,FAC005,DEP008,2021-12-10 03:33:00,Walk-in,3,Stroke Symptoms,37,114,Transferred,No,2021-12-10 06:04:00
EV011031,PAT02251,FAC005,DEP008,2024-09-05 08:36:00,Referral,4,Breathing Difficulty,34,53,Discharged,No,2024-09-05 10:03:00
EV011034,PAT11674,FAC005,DEP008,2022-09-25 08:07:00,Referral,5,Laceration,89,44,Discharged,No,2022-09-25 10:20:00
EV011038,PAT13260,FAC005,DEP008,2026-03-08 00:25:00,Walk-in,3,Fever,20,125,Admitted,Yes,2026-03-08 02:50:00
EV011045,PAT01419,FAC003,DEP008,2022-11-19 04:07:00,Walk-in,3,Poisoning,36,82,LWBS,No,2022-11-19 06:05:00
EV011047,PAT09418,FAC002,DEP001,2024-10-26 07:35:00,Walk-in,5,Breathing Difficulty,94,17,Discharged,No,2024-10-26 09:26:00
EV011051,PAT13302,FAC002,DEP005,2023-01-07 03:47:00,Ambulance,3,Breathing Difficulty,25,106,Discharged,No,2023-01-07 05:58:00
EV011057,PAT14954,FAC002,DEP001,2023-09-07 20:15:00,Walk-in,4,Laceration,70,33,Admitted,Yes,2023-09-07 21:58:00
EV011059,PAT04129,FAC001,DEP008,2021-03-07 12:48:00,Walk-in,1,Allergic Reaction,4,162,Discharged,No,2021-03-07 15:34:00
EV011065,PAT11493,FAC005,DEP008,2026-08-12 22:45:00,Ambulance,3,Breathing Difficulty,43,108,Discharged,No,2026-08-13 01:16:00
EV011076,PAT13672,FAC004,DEP001,2024-02-27 11:08:00,Police/Public,5,Chest Pain,87,31,Admitted,Yes,2024-02-27 13:06:00
EV011077,PAT03016,FAC004,DEP005,2021-10-11 20:38:00,Walk-in,4,Fever,24,55,Discharged,No,2021-10-11 21:57:00
EV011080,PAT05059,FAC002,DEP001,2024-01-14 07:53:00,Referral,4,Breathing Difficulty,46,74,Discharged,No,2024-01-14 09:53:00
EV011097,PAT09319,FAC002,DEP001,2025-01-04 22:51:00,Referral,4,Seizure,60,73,Discharged,No,2025-01-05 01:04:00
EV011098,PAT08125,FAC004,DEP007,2026-11-13 07:31:00,Referral,4,Chest Pain,35,55,Discharged,No,2026-11-13 09:01:00
EV011099,PAT06435,FAC003,DEP008,2021-09-19 03:48:00,Referral,3,Poisoning,21,129,Admitted,Yes,2021-09-19 06:18:00
EV011113,PAT13691,FAC005,DEP008,2024-12-18 12:54:00,Walk-in,3,Stroke Symptoms,39,123,Discharged,No,2024-12-18 15:36:00
EV011117,PAT04650,FAC001,DEP008,2021-12-01 23:15:00,Walk-in,1,Seizure,4,187,Discharged,No,2021-12-02 02:26:00
EV011123,PAT14327,FAC004,DEP001,2026-07-08 17:55:00,Police/Public,2,Breathing Difficulty,22,228,Admitted,Yes,2026-07-08 22:05:00
EV011132,PAT04456,FAC005,DEP008,2025-05-30 03:45:00,Walk-in,4,Seizure,58,54,Discharged,No,2025-05-30 05:37:00
EV011136,PAT12479,FAC003,DEP008,2022-05-27 00:30:00,Police/Public,3,Fracture,47,84,Discharged,No,2022-05-27 02:41:00
EV011141,PAT08918,FAC002,DEP002,2023-06-20 03:39:00,Walk-in,5,Fever,68,35,Transferred,No,2023-06-20 05:22:00
EV011143,PAT00915,FAC002,DEP001,2024-01-17 02:19:00,Referral,4,Trauma/Injury,31,86,Admitted,Yes,2024-01-17 04:16:00
EV011155,PAT12388,FAC005,DEP008,2022-12-05 15:00:00,Walk-in,3,Fever,28,63,Admitted,Yes,2022-12-05 16:31:00
EV011160,PAT08030,FAC001,DEP008,2022-09-14 13:55:00,Walk-in,2,Stroke Symptoms,12,132,Discharged,No,2022-09-14 16:19:00
EV011167,PAT02272,FAC002,DEP005,2022-07-03 15:36:00,Walk-in,4,Chest Pain,37,72,Discharged,No,2022-07-03 17:25:00
EV011181,PAT10303,FAC002,DEP001,2026-01-11 05:44:00,Walk-in,4,Chest Pain,54,47,Discharged,No,2026-01-11 07:25:00
EV011189,PAT14085,FAC001,DEP008,2022-01-26 12:44:00,Referral,1,Seizure,3,221,Admitted,Yes,2022-01-26 16:28:00
EV011192,PAT06581,FAC005,DEP008,2026-08-13 09:25:00,Walk-in,3,Fracture,35,104,Discharged,No,2026-08-13 11:44:00
EV011198,PAT02237,FAC005,DEP008,2026-12-14 07:20:00,Walk-in,2,Allergic Reaction,21,155,Discharged,No,2026-12-14 10:16:00
EV011200,PAT01324,FAC001,DEP008,2026-03-25 12:16:00,Walk-in,3,Seizure,54,126,Transferred,No,2026-03-25 15:16:00
EV011206,PAT08098,FAC002,DEP002,2022-05-26 19:41:00,Ambulance,3,Stroke Symptoms,33,104,Discharged,No,2022-05-26 21:58:00
EV011207,PAT11563,FAC003,DEP008,2021-01-10 07:55:00,Ambulance,3,Poisoning,24,70,Admitted,Yes,2021-01-10 09:29:00
EV011211,PAT01327,FAC003,DEP008,2025-01-18 10:47:00,Walk-in,2,Fracture,15,113,Discharged,No,2025-01-18 12:55:00
EV011217,PAT14555,FAC002,DEP007,2024-11-03 21:24:00,Walk-in,2,Laceration,13,75,Discharged,No,2024-11-03 22:52:00
EV011223,PAT05693,FAC003,DEP008,2023-11-29 01:21:00,Walk-in,4,Trauma/Injury,75,40,Admitted,Yes,2023-11-29 03:16:00
EV011228,PAT03099,FAC003,DEP008,2026-07-21 14:01:00,Referral,3,Allergic Reaction,30,68,Discharged,No,2026-07-21 15:39:00
EV011237,PAT06951,FAC002,DEP002,2023-09-17 04:21:00,Referral,4,Seizure,35,34,Admitted,Yes,2023-09-17 05:30:00
EV011238,PAT12166,FAC002,DEP007,2025-09-05 02:10:00,Walk-in,4,Seizure,37,71,Admitted,Yes,2025-09-05 03:58:00
EV011239,PAT09071,FAC001,DEP008,2024-05-06 03:09:00,Ambulance,3,Fever,41,114,Discharged,No,2024-05-06 05:44:00
EV011244,PAT03121,FAC001,DEP008,2023-10-13 12:00:00,Walk-in,3,Trauma/Injury,30,71,Admitted,Yes,2023-10-13 13:41:00
EV011246,PAT04337,FAC004,DEP005,2025-05-13 22:47:00,Walk-in,2,Stroke Symptoms,15,212,Admitted,Yes,2025-05-14 02:34:00
EV011249,PAT12259,FAC002,DEP006,2025-02-26 03:24:00,Walk-in,3,Abdominal Pain,50,51,Discharged,No,2025-02-26 05:05:00
EV011256,PAT11263,FAC004,DEP001,2023-09-14 14:39:00,Ambulance,4,Stroke Symptoms,63,40,Discharged,No,2023-09-14 16:22:00
EV011260,PAT14478,FAC005,DEP008,2021-09-24 14:12:00,Walk-in,3,Poisoning,28,111,Discharged,No,2021-09-24 16:31:00
EV011268,PAT12826,FAC001,DEP008,2024-09-12 11:08:00,Walk-in,4,Abdominal Pain,53,74,Discharged,No,2024-09-12 13:15:00
EV011273,PAT10392,FAC004,DEP006,2025-07-18 07:11:00,Ambulance,3,Allergic Reaction,57,107,Discharged,No,2025-07-18 09:55:00
EV011279,PAT14246,FAC005,DEP008,2025-02-10 01:14:00,Walk-in,3,Chest Pain,30,64,Discharged,No,2025-02-10 02:48:00
EV011292,PAT09058,FAC005,DEP008,2022-12-28 07:22:00,Walk-in,2,Laceration,10,89,Transferred,No,2022-12-28 09:01:00
EV011295,PAT13871,FAC004,DEP004,2026-07-22 08:17:00,Walk-in,3,Poisoning,38,82,Discharged,No,2026-07-22 10:17:00
EV011297,PAT12318,FAC004,DEP006,2026-02-10 12:57:00,Ambulance,3,Allergic Reaction,45,91,Admitted,Yes,2026-02-10 15:13:00
EV011298,PAT02996,FAC002,DEP005,2021-07-23 08:12:00,Ambulance,4,Chest Pain,54,45,Discharged,No,2021-07-23 09:51:00
EV011300,PAT00122,FAC002,DEP001,2025-05-10 22:25:00,Walk-in,5,Fracture,69,25,Transferred,No,2025-05-10 23:59:00
EV011308,PAT07504,FAC001,DEP008,2026-05-12 05:48:00,Walk-in,4,Seizure,29,72,Discharged,No,2026-05-12 07:29:00
EV011309,PAT04297,FAC004,DEP004,2022-05-26 18:49:00,Referral,2,Trauma/Injury,12,180,Discharged,No,2022-05-26 22:01:00
EV011313,PAT13030,FAC002,DEP002,2023-05-07 11:34:00,Referral,3,Fever,26,88,Admitted,Yes,2023-05-07 13:28:00
EV011316,PAT12503,FAC001,DEP008,2022-04-29 17:09:00,Police/Public,3,Stroke Symptoms,39,82,Discharged,No,2022-04-29 19:10:00
EV011317,PAT11750,FAC003,DEP008,2026-05-21 09:28:00,Police/Public,2,Seizure,11,167,Admitted,Yes,2026-05-21 12:26:00
EV011324,PAT05184,FAC001,DEP008,2026-08-19 16:54:00,Referral,4,Chest Pain,50,84,Discharged,No,2026-08-19 19:08:00
EV011337,PAT06339,FAC002,DEP001,2025-08-09 05:36:00,Ambulance,4,Fever,61,59,Discharged,No,2025-08-09 07:36:00
EV011340,PAT03708,FAC002,DEP006,2024-01-15 15:06:00,Police/Public,2,Poisoning,17,183,Discharged,No,2024-01-15 18:26:00
EV011342,PAT10805,FAC005,DEP008,2021-06-11 06:11:00,Walk-in,5,Fever,61,43,Discharged,No,2021-06-11 07:55:00
EV011352,PAT00488,FAC003,DEP008,2021-09-11 01:35:00,Ambulance,2,Chest Pain,14,110,Discharged,No,2021-09-11 03:39:00
EV011370,PAT02502,FAC002,DEP001,2023-09-04 09:27:00,Ambulance,5,Breathing Difficulty,75,43,Transferred,No,2023-09-04 11:25:00
EV011372,PAT12172,FAC005,DEP008,2025-11-03 04:03:00,Ambulance,3,Laceration,52,88,Admitted,Yes,2025-11-03 06:23:00
EV011376,PAT02472,FAC001,DEP008,2022-01-05 16:42:00,Walk-in,4,Chest Pain,61,29,Discharged,No,2022-01-05 18:12:00
EV011389,PAT05310,FAC001,DEP008,2024-08-20 18:46:00,Ambulance,3,Breathing Difficulty,21,85,Transferred,No,2024-08-20 20:32:00
EV011391,PAT09122,FAC002,DEP007,2022-02-10 17:03:00,Referral,2,Trauma/Injury,21,143,Admitted,Yes,2022-02-10 19:47:00
EV011406,PAT06889,FAC005,DEP008,2023-07-29 16:21:00,Referral,5,Allergic Reaction,101,44,Discharged,No,2023-07-29 18:46:00
EV011409,PAT07235,FAC001,DEP008,2026-08-20 05:54:00,Walk-in,4,Seizure,60,59,Admitted,Yes,2026-08-20 07:53:00
EV011410,PAT02519,FAC003,DEP008,2021-12-25 21:50:00,Ambulance,4,Poisoning,51,65,Discharged,No,2021-12-25 23:46:00
EV011412,PAT09244,FAC004,DEP002,2024-12-29 11:33:00,Referral,1,Fever,3,186,Discharged,No,2024-12-29 14:42:00
EV011415,PAT11397,FAC003,DEP008,2026-02-04 07:00:00,Ambulance,3,Breathing Difficulty,38,58,Transferred,No,2026-02-04 08:36:00
EV011425,PAT04547,FAC005,DEP008,2024-10-14 06:35:00,Referral,2,Abdominal Pain,10,141,Discharged,No,2024-10-14 09:06:00
EV011426,PAT05383,FAC001,DEP008,2023-01-06 23:06:00,Walk-in,3,Fever,19,113,Discharged,No,2023-01-07 01:18:00
EV011427,PAT01859,FAC003,DEP008,2021-12-19 23:19:00,Walk-in,4,Laceration,44,67,Discharged,No,2021-12-20 01:10:00
EV011443,PAT06129,FAC003,DEP008,2023-10-20 16:06:00,Police/Public,4,Abdominal Pain,41,60,Admitted,Yes,2023-10-20 17:47:00
EV011451,PAT10578,FAC003,DEP008,2024-01-25 20:30:00,Ambulance,3,Laceration,59,129,Discharged,No,2024-01-25 23:38:00
EV011462,PAT06299,FAC002,DEP005,2026-10-20 03:21:00,Walk-in,3,Chest Pain,44,87,Discharged,No,2026-10-20 05:32:00
EV011473,PAT13939,FAC004,DEP002,2024-06-04 16:11:00,Walk-in,2,Breathing Difficulty,8,126,Transferred,No,2024-06-04 18:25:00
EV011480,PAT13247,FAC004,DEP002,2023-04-29 16:29:00,Walk-in,3,Seizure,33,80,Admitted,Yes,2023-04-29 18:22:00
EV011481,PAT09856,FAC004,DEP002,2025-04-07 10:47:00,Referral,5,Poisoning,99,39,Discharged,No,2025-04-07 13:05:00
EV011484,PAT11138,FAC005,DEP008,2022-03-09 23:46:00,Ambulance,5,Breathing Difficulty,45,49,Admitted,Yes,2022-03-10 01:20:00
EV011485,PAT12880,FAC003,DEP008,2021-06-05 12:29:00,Walk-in,4,Breathing Difficulty,68,73,Discharged,No,2021-06-05 14:50:00
EV011486,PAT02663,FAC002,DEP001,2025-08-26 00:25:00,Ambulance,4,Seizure,52,69,Discharged,No,2025-08-26 02:26:00
EV011506,PAT12307,FAC002,DEP002,2022-11-09 19:29:00,Ambulance,4,Fever,72,60,Transferred,No,2022-11-09 21:41:00
EV011515,PAT00474,FAC004,DEP004,2025-02-01 09:40:00,Walk-in,3,Chest Pain,36,92,Discharged,No,2025-02-01 11:48:00
EV011516,PAT08170,FAC002,DEP001,2025-03-09 15:22:00,Walk-in,4,Allergic Reaction,35,57,Discharged,No,2025-03-09 16:54:00
EV011517,PAT02271,FAC004,DEP004,2021-08-19 16:03:00,Walk-in,3,Fever,27,98,Discharged,No,2021-08-19 18:08:00
EV011520,PAT04338,FAC002,DEP006,2022-12-23 01:11:00,Walk-in,2,Fever,15,125,Discharged,No,2022-12-23 03:31:00
EV011524,PAT12215,FAC005,DEP008,2023-02-25 00:43:00,Walk-in,5,Poisoning,70,52,Admitted,Yes,2023-02-25 02:45:00
EV011527,PAT09074,FAC003,DEP008,2026-09-22 00:55:00,Referral,2,Seizure,19,107,Discharged,No,2026-09-22 03:01:00
EV011531,PAT01958,FAC005,DEP008,2025-06-06 04:37:00,Ambulance,2,Poisoning,14,161,Admitted,Yes,2025-06-06 07:32:00
EV011535,PAT06811,FAC001,DEP008,2022-02-08 07:46:00,Walk-in,2,Abdominal Pain,13,147,Admitted,Yes,2022-02-08 10:26:00
EV011539,PAT02612,FAC005,DEP008,2023-07-31 19:48:00,Walk-in,3,Fever,42,106,Discharged,No,2023-07-31 22:16:00
EV011541,PAT02560,FAC001,DEP008,2024-10-19 13:46:00,Walk-in,5,Allergic Reaction,96,34,Discharged,No,2024-10-19 15:56:00
EV011544,PAT04851,FAC001,DEP008,2024-11-20 07:34:00,Walk-in,5,Fracture,55,33,Discharged,No,2024-11-20 09:02:00
EV011551,PAT11879,FAC004,DEP001,2021-06-12 12:55:00,Walk-in,3,Seizure,25,112,Admitted,Yes,2021-06-12 15:12:00
EV011554,PAT09188,FAC001,DEP008,2024-09-23 19:49:00,Walk-in,3,Laceration,46,64,Transferred,No,2024-09-23 21:39:00
EV011560,PAT03335,FAC005,DEP008,2026-12-20 20:20:00,Referral,3,Allergic Reaction,10,112,Discharged,No,2026-12-20 22:22:00
EV011571,PAT03345,FAC004,DEP004,2021-10-28 04:52:00,Ambulance,3,Chest Pain,42,90,Discharged,No,2021-10-28 07:04:00
EV011572,PAT11586,FAC001,DEP008,2023-04-03 10:37:00,Referral,2,Poisoning,18,161,Discharged,No,2023-04-03 13:36:00
EV011576,PAT07634,FAC002,DEP005,2025-05-08 05:39:00,Referral,3,Abdominal Pain,38,105,LWBS,No,2025-05-08 08:02:00
EV011582,PAT11586,FAC003,DEP008,2021-06-20 20:11:00,Ambulance,4,Seizure,26,46,Admitted,Yes,2021-06-20 21:23:00
EV011598,PAT01912,FAC003,DEP008,2021-02-09 13:42:00,Referral,4,Fracture,62,33,Transferred,No,2021-02-09 15:17:00
EV011602,PAT05475,FAC002,DEP007,2026-10-21 09:56:00,Ambulance,2,Laceration,9,142,Discharged,No,2026-10-21 12:27:00
EV011603,PAT00559,FAC005,DEP008,2024-04-29 06:06:00,Walk-in,5,Chest Pain,85,21,Discharged,No,2024-04-29 07:52:00
EV011606,PAT00231,FAC002,DEP001,2025-05-31 00:14:00,Walk-in,2,Breathing Difficulty,5,151,Discharged,No,2025-05-31 02:50:00
EV011607,PAT14645,FAC005,DEP008,2024-07-14 20:33:00,Police/Public,5,Breathing Difficulty,68,47,Discharged,No,2024-07-14 22:28:00
EV011610,PAT03249,FAC001,DEP008,2026-07-27 11:37:00,Ambulance,4,Stroke Symptoms,60,48,Discharged,No,2026-07-27 13:25:00
EV011612,PAT14985,FAC005,DEP008,2025-11-29 09:10:00,Walk-in,4,Laceration,72,38,Transferred,No,2025-11-29 11:00:00
EV011614,PAT01912,FAC002,DEP006,2024-07-14 15:53:00,Ambulance,2,Allergic Reaction,15,162,Discharged,No,2024-07-14 18:50:00
EV011615,PAT07338,FAC003,DEP008,2022-04-27 22:20:00,Ambulance,4,Trauma/Injury,36,77,Admitted,Yes,2022-04-28 00:13:00
EV011618,PAT00071,FAC003,DEP008,2026-09-14 18:03:00,Referral,4,Allergic Reaction,53,76,Admitted,Yes,2026-09-14 20:12:00
EV011619,PAT03624,FAC001,DEP008,2024-03-28 05:05:00,Referral,4,Trauma/Injury,54,65,Admitted,Yes,2024-03-28 07:04:00
EV011633,PAT07742,FAC001,DEP008,2025-03-11 22:08:00,Referral,2,Abdominal Pain,20,137,Discharged,No,2025-03-12 00:45:00
EV011644,PAT10629,FAC002,DEP001,2024-06-06 20:26:00,Ambulance,2,Abdominal Pain,16,171,Discharged,No,2024-06-06 23:33:00
EV011646,PAT03996,FAC002,DEP007,2022-12-19 00:41:00,Walk-in,4,Breathing Difficulty,90,79,Transferred,No,2022-12-19 03:30:00
EV011655,PAT10973,FAC003,DEP008,2025-09-04 22:08:00,Ambulance,3,Chest Pain,57,90,Discharged,No,2025-09-05 00:35:00
EV011657,PAT12756,FAC004,DEP004,2022-01-05 16:50:00,Walk-in,5,Stroke Symptoms,99,46,Discharged,No,2022-01-05 19:15:00
EV011668,PAT03652,FAC002,DEP007,2024-11-30 12:22:00,Ambulance,5,Fracture,71,38,Admitted,Yes,2024-11-30 14:11:00
EV011671,PAT01580,FAC002,DEP001,2023-01-04 22:11:00,Walk-in,4,Fracture,92,37,Deceased,No,2023-01-05 00:20:00
EV011675,PAT03289,FAC002,DEP002,2025-11-22 13:39:00,Walk-in,4,Seizure,66,77,Discharged,No,2025-11-22 16:02:00
EV011676,PAT09296,FAC001,DEP008,2024-08-10 00:10:00,Walk-in,4,Poisoning,81,50,Admitted,Yes,2024-08-10 02:21:00
EV011684,PAT00425,FAC004,DEP002,2025-12-16 02:39:00,Walk-in,4,Laceration,88,79,Discharged,No,2025-12-16 05:26:00
EV011687,PAT03316,FAC002,DEP002,2023-01-26 18:41:00,Walk-in,5,Fever,19,21,Admitted,Yes,2023-01-26 19:21:00
EV011691,PAT11397,FAC005,DEP008,2023-04-17 07:18:00,Referral,5,Fracture,64,42,Discharged,No,2023-04-17 09:04:00
EV011694,PAT10320,FAC002,DEP006,2025-11-16 11:30:00,Walk-in,3,Abdominal Pain,31,96,Discharged,No,2025-11-16 13:37:00
EV011704,PAT13817,FAC002,DEP001,2022-06-03 00:20:00,Ambulance,4,Poisoning,53,58,Admitted,Yes,2022-06-03 02:11:00
EV011708,PAT05804,FAC003,DEP008,2023-11-25 18:49:00,Walk-in,4,Abdominal Pain,39,74,Discharged,No,2023-11-25 20:42:00
EV011711,PAT14720,FAC004,DEP006,2025-01-07 17:11:00,Walk-in,3,Allergic Reaction,49,121,Discharged,No,2025-01-07 20:01:00
EV011718,PAT08115,FAC004,DEP007,2026-07-19 02:16:00,Walk-in,4,Poisoning,69,38,Discharged,No,2026-07-19 04:03:00
EV011721,PAT06073,FAC004,DEP007,2025-05-21 01:31:00,Referral,3,Chest Pain,28,94,Admitted,Yes,2025-05-21 03:33:00
EV011722,PAT10605,FAC001,DEP008,2021-12-28 23:47:00,Walk-in,3,Allergic Reaction,19,124,Discharged,No,2021-12-29 02:10:00
EV011732,PAT04829,FAC002,DEP005,2026-01-23 02:46:00,Walk-in,3,Poisoning,48,106,Discharged,No,2026-01-23 05:20:00
EV011740,PAT06157,FAC005,DEP008,2026-02-20 09:22:00,Referral,3,Fever,23,98,Admitted,Yes,2026-02-20 11:23:00
EV011741,PAT13253,FAC001,DEP008,2024-06-28 21:23:00,Walk-in,3,Laceration,15,103,Discharged,No,2024-06-28 23:21:00
EV011749,PAT09821,FAC004,DEP006,2023-07-27 09:38:00,Walk-in,5,Chest Pain,39,34,Discharged,No,2023-07-27 10:51:00
EV011756,PAT04924,FAC003,DEP008,2026-02-28 17:03:00,Walk-in,2,Abdominal Pain,13,158,Admitted,Yes,2026-02-28 19:54:00
EV011758,PAT12532,FAC003,DEP008,2026-07-13 14:18:00,Walk-in,3,Seizure,34,89,Admitted,Yes,2026-07-13 16:21:00
EV011759,PAT03039,FAC003,DEP008,2025-09-25 12:00:00,Referral,3,Fever,45,82,Admitted,Yes,2025-09-25 14:07:00
EV011779,PAT10472,FAC003,DEP008,2021-08-29 23:42:00,Ambulance,5,Abdominal Pain,64,49,Admitted,Yes,2021-08-30 01:35:00
EV011785,PAT03911,FAC001,DEP008,2023-01-03 10:11:00,Police/Public,3,Chest Pain,27,90,Discharged,No,2023-01-03 12:08:00
EV011796,PAT01214,FAC005,DEP008,2026-12-24 16:24:00,Ambulance,1,Seizure,7,197,Discharged,No,2026-12-24 19:48:00
EV011797,PAT09021,FAC004,DEP007,2025-09-18 09:35:00,Ambulance,4,Stroke Symptoms,53,58,Transferred,No,2025-09-18 11:26:00
EV011802,PAT01731,FAC003,DEP008,2025-11-12 12:20:00,Walk-in,5,Laceration,94,41,Discharged,No,2025-11-12 14:35:00
EV011803,PAT08974,FAC005,DEP008,2021-05-14 20:57:00,Referral,3,Poisoning,21,95,Discharged,No,2021-05-14 22:53:00
EV011805,PAT05643,FAC004,DEP007,2023-05-25 19:37:00,Walk-in,4,Fracture,31,75,Discharged,No,2023-05-25 21:23:00
EV011809,PAT13754,FAC003,DEP008,2024-03-17 12:29:00,Walk-in,4,Allergic Reaction,1,63,Discharged,No,2024-03-17 13:33:00
EV011810,PAT08747,FAC005,DEP008,2026-02-28 12:45:00,Walk-in,3,Fever,41,95,Discharged,No,2026-02-28 15:01:00
EV011813,PAT14622,FAC003,DEP008,2022-05-05 06:36:00,Referral,4,Fracture,53,71,Admitted,Yes,2022-05-05 08:40:00
EV011814,PAT07822,FAC004,DEP006,2024-08-31 08:52:00,Police/Public,3,Laceration,31,104,Discharged,No,2024-08-31 11:07:00
EV011837,PAT06073,FAC002,DEP005,2026-05-10 13:05:00,Walk-in,3,Chest Pain,28,96,LWBS,No,2026-05-10 15:09:00
EV011842,PAT03078,FAC003,DEP008,2026-05-21 02:46:00,Referral,3,Fracture,29,114,Discharged,No,2026-05-21 05:09:00
EV011848,PAT07637,FAC001,DEP008,2021-07-07 15:37:00,Walk-in,4,Breathing Difficulty,69,58,Discharged,No,2021-07-07 17:44:00
EV011856,PAT13239,FAC005,DEP008,2025-04-14 05:13:00,Walk-in,3,Allergic Reaction,3,78,Admitted,Yes,2025-04-14 06:34:00
EV011859,PAT11753,FAC003,DEP008,2021-07-25 11:51:00,Police/Public,3,Allergic Reaction,29,110,Discharged,No,2021-07-25 14:10:00
EV011867,PAT04430,FAC001,DEP008,2022-08-08 03:30:00,Walk-in,4,Breathing Difficulty,69,62,Admitted,Yes,2022-08-08 05:41:00
EV011883,PAT06187,FAC001,DEP008,2024-06-13 11:46:00,Walk-in,3,Chest Pain,45,108,Discharged,No,2024-06-13 14:19:00
EV011892,PAT01198,FAC004,DEP007,2026-10-29 12:30:00,Walk-in,3,Stroke Symptoms,36,123,Admitted,Yes,2026-10-29 15:09:00
EV011894,PAT11401,FAC005,DEP008,2021-04-12 06:15:00,Walk-in,3,Laceration,35,80,Transferred,No,2021-04-12 08:10:00
EV011905,PAT07742,FAC005,DEP008,2021-11-30 03:55:00,Walk-in,4,Chest Pain,60,64,Discharged,No,2021-11-30 05:59:00
EV011916,PAT12734,FAC004,DEP004,2024-12-31 00:39:00,Walk-in,3,Allergic Reaction,43,76,Discharged,No,2024-12-31 02:38:00
EV011925,PAT14588,FAC005,DEP008,2025-12-29 02:27:00,Walk-in,4,Allergic Reaction,60,63,Discharged,No,2025-12-29 04:30:00
EV011931,PAT08618,FAC003,DEP008,2021-09-29 15:22:00,Walk-in,1,Poisoning,5,201,Admitted,Yes,2021-09-29 18:48:00
EV011936,PAT09965,FAC004,DEP004,2024-03-08 01:56:00,Referral,3,Poisoning,20,70,Discharged,No,2024-03-08 03:26:00
EV011938,PAT01040,FAC003,DEP008,2023-01-21 08:36:00,Ambulance,3,Breathing Difficulty,45,110,Discharged,No,2023-01-21 11:11:00
EV011939,PAT03756,FAC001,DEP008,2025-08-07 06:16:00,Walk-in,3,Allergic Reaction,66,119,Discharged,No,2025-08-07 09:21:00
EV011940,PAT07692,FAC004,DEP006,2026-12-30 06:19:00,Walk-in,4,Laceration,62,46,Discharged,No,2026-12-30 08:07:00
EV011945,PAT05338,FAC001,DEP008,2021-03-07 06:25:00,Referral,3,Trauma/Injury,44,137,Admitted,Yes,2021-03-07 09:26:00
EV011955,PAT02944,FAC004,DEP002,2025-02-19 00:42:00,Referral,4,Chest Pain,45,67,Discharged,No,2025-02-19 02:34:00
EV011956,PAT06833,FAC002,DEP006,2022-08-05 18:31:00,Referral,5,Allergic Reaction,90,41,Admitted,Yes,2022-08-05 20:42:00
EV011968,PAT14934,FAC004,DEP005,2024-08-10 14:21:00,Police/Public,3,Breathing Difficulty,29,92,Discharged,No,2024-08-10 16:22:00
EV011972,PAT14831,FAC002,DEP006,2023-02-12 22:57:00,Walk-in,4,Allergic Reaction,5,59,Admitted,Yes,2023-02-13 00:01:00
EV011974,PAT09692,FAC003,DEP008,2022-06-08 16:42:00,Walk-in,3,Fracture,41,77,Admitted,Yes,2022-06-08 18:40:00
EV011978,PAT11882,FAC002,DEP005,2022-06-12 23:20:00,Walk-in,5,Laceration,19,22,Admitted,Yes,2022-06-13 00:01:00
EV011983,PAT02178,FAC001,DEP008,2025-08-01 21:20:00,Walk-in,3,Allergic Reaction,38,89,Transferred,No,2025-08-01 23:27:00
EV011988,PAT08780,FAC002,DEP005,2026-08-29 18:25:00,Walk-in,4,Trauma/Injury,58,43,Admitted,Yes,2026-08-29 20:06:00
EV011996,PAT06731,FAC001,DEP008,2026-12-18 17:09:00,Referral,3,Stroke Symptoms,23,87,LWBS,No,2026-12-18 18:59:00
EV012003,PAT07730,FAC001,DEP008,2024-06-07 00:19:00,Ambulance,3,Allergic Reaction,17,77,Admitted,Yes,2024-06-07 01:53:00
EV012009,PAT13074,FAC001,DEP008,2026-11-20 02:04:00,Ambulance,3,Allergic Reaction,20,109,Discharged,No,2026-11-20 04:13:00
EV012012,PAT09797,FAC002,DEP007,2023-12-13 03:54:00,Walk-in,5,Poisoning,70,55,Discharged,No,2023-12-13 05:59:00
EV012019,PAT11159,FAC005,DEP008,2024-07-15 09:26:00,Walk-in,3,Trauma/Injury,30,83,Discharged,No,2024-07-15 11:19:00
EV012021,PAT07725,FAC004,DEP001,2025-02-03 02:39:00,Walk-in,4,Stroke Symptoms,59,88,Discharged,No,2025-02-03 05:06:00
EV012033,PAT01108,FAC001,DEP008,2025-08-25 22:14:00,Walk-in,4,Stroke Symptoms,52,69,Discharged,No,2025-08-26 00:15:00
EV012043,PAT10669,FAC005,DEP008,2022-08-03 10:03:00,Walk-in,3,Laceration,44,84,LWBS,No,2022-08-03 12:11:00
EV012044,PAT03034,FAC005,DEP008,2026-06-19 19:38:00,Ambulance,3,Fever,45,106,Transferred,No,2026-06-19 22:09:00
EV012045,PAT14133,FAC002,DEP005,2021-12-14 10:38:00,Ambulance,3,Chest Pain,10,70,Admitted,Yes,2021-12-14 11:58:00
EV012049,PAT09027,FAC002,DEP006,2024-02-08 01:29:00,Walk-in,1,Stroke Symptoms,4,133,Discharged,No,2024-02-08 03:46:00
EV012051,PAT08178,FAC003,DEP008,2026-07-14 19:55:00,Referral,4,Fracture,65,51,Admitted,Yes,2026-07-14 21:51:00
EV012058,PAT02563,FAC001,DEP008,2025-08-27 06:05:00,Walk-in,4,Stroke Symptoms,64,74,LWBS,No,2025-08-27 08:23:00
EV012074,PAT08595,FAC001,DEP008,2026-01-29 03:13:00,Ambulance,1,Chest Pain,9,207,Discharged,No,2026-01-29 06:49:00
EV012076,PAT02289,FAC004,DEP004,2024-07-14 17:19:00,Walk-in,3,Stroke Symptoms,31,106,Admitted,Yes,2024-07-14 19:36:00
EV012084,PAT14428,FAC004,DEP002,2026-09-02 00:38:00,Referral,2,Breathing Difficulty,17,145,Discharged,No,2026-09-02 03:20:00
EV012085,PAT12330,FAC003,DEP008,2023-09-26 17:37:00,Referral,5,Poisoning,58,55,Discharged,No,2023-09-26 19:30:00
EV012092,PAT10660,FAC004,DEP002,2026-10-07 09:20:00,Walk-in,2,Chest Pain,16,70,Discharged,No,2026-10-07 10:46:00
EV012095,PAT11020,FAC004,DEP002,2024-08-08 21:10:00,Walk-in,3,Stroke Symptoms,39,112,Discharged,No,2024-08-08 23:41:00
EV012096,PAT02535,FAC001,DEP008,2026-09-18 20:37:00,Police/Public,3,Breathing Difficulty,35,124,Discharged,No,2026-09-18 23:16:00
EV012097,PAT11002,FAC001,DEP008,2025-09-22 01:40:00,Walk-in,4,Fracture,78,73,Discharged,No,2025-09-22 04:11:00
EV012098,PAT06959,FAC001,DEP008,2022-05-29 09:15:00,Walk-in,3,Breathing Difficulty,12,72,Discharged,No,2022-05-29 10:39:00
EV012100,PAT09821,FAC003,DEP008,2024-05-22 12:04:00,Ambulance,5,Poisoning,78,39,Discharged,No,2024-05-22 14:01:00
EV012102,PAT14727,FAC004,DEP006,2026-04-24 02:38:00,Ambulance,4,Poisoning,71,61,Admitted,Yes,2026-04-24 04:50:00
EV012106,PAT13984,FAC005,DEP008,2024-10-22 16:11:00,Walk-in,4,Poisoning,56,82,Transferred,No,2024-10-22 18:29:00
EV012108,PAT01732,FAC005,DEP008,2026-09-01 12:02:00,Ambulance,3,Poisoning,34,62,Discharged,No,2026-09-01 13:38:00
EV012109,PAT01787,FAC004,DEP006,2024-07-16 07:14:00,Ambulance,3,Allergic Reaction,29,83,Discharged,No,2024-07-16 09:06:00
EV012113,PAT07059,FAC003,DEP008,2025-04-17 01:43:00,Walk-in,4,Poisoning,65,52,Admitted,Yes,2025-04-17 03:40:00
EV012120,PAT04966,FAC002,DEP002,2026-01-02 02:04:00,Walk-in,5,Stroke Symptoms,55,34,Discharged,No,2026-01-02 03:33:00
EV012124,PAT07665,FAC005,DEP008,2021-11-21 08:31:00,Referral,4,Poisoning,56,97,Discharged,No,2021-11-21 11:04:00
EV012126,PAT13579,FAC005,DEP008,2025-04-19 16:28:00,Referral,2,Poisoning,12,154,Discharged,No,2025-04-19 19:14:00
EV012131,PAT14683,FAC001,DEP008,2022-12-09 12:19:00,Walk-in,1,Chest Pain,4,148,Discharged,No,2022-12-09 14:51:00
EV012139,PAT06635,FAC003,DEP008,2023-05-17 14:01:00,Ambulance,3,Stroke Symptoms,43,60,Discharged,No,2023-05-17 15:44:00
EV012145,PAT06052,FAC005,DEP008,2024-08-02 23:14:00,Walk-in,4,Breathing Difficulty,37,74,Discharged,No,2024-08-03 01:05:00
EV012153,PAT05864,FAC005,DEP008,2025-05-27 02:26:00,Ambulance,3,Fracture,34,117,Admitted,Yes,2025-05-27 04:57:00
EV012161,PAT06001,FAC005,DEP008,2024-12-22 13:54:00,Walk-in,3,Seizure,37,107,Discharged,No,2024-12-22 16:18:00
EV012163,PAT05235,FAC005,DEP008,2023-10-29 01:59:00,Referral,5,Laceration,83,30,Discharged,No,2023-10-29 03:52:00
EV012184,PAT02326,FAC001,DEP008,2023-07-26 23:51:00,Ambulance,3,Trauma/Injury,39,90,LWBS,No,2023-07-27 02:00:00
EV012185,PAT01594,FAC001,DEP008,2026-12-10 04:07:00,Ambulance,2,Laceration,10,145,Transferred,No,2026-12-10 06:42:00
EV012189,PAT06622,FAC005,DEP008,2022-01-02 02:07:00,Ambulance,5,Fracture,60,49,Discharged,No,2022-01-02 03:56:00
EV012194,PAT01356,FAC004,DEP006,2021-03-19 15:29:00,Walk-in,3,Abdominal Pain,26,41,Discharged,No,2021-03-19 16:36:00
EV012197,PAT13843,FAC002,DEP005,2023-07-11 12:51:00,Walk-in,3,Allergic Reaction,53,119,Discharged,No,2023-07-11 15:43:00
EV012201,PAT01663,FAC001,DEP008,2024-08-19 19:23:00,Ambulance,4,Chest Pain,79,69,Transferred,No,2024-08-19 21:51:00
EV012204,PAT04803,FAC001,DEP008,2026-05-15 23:58:00,Referral,3,Abdominal Pain,22,122,Admitted,Yes,2026-05-16 02:22:00
EV012210,PAT03223,FAC001,DEP008,2025-04-27 16:56:00,Ambulance,4,Breathing Difficulty,66,80,Discharged,No,2025-04-27 19:22:00
EV012214,PAT13464,FAC004,DEP002,2023-09-10 00:28:00,Referral,2,Abdominal Pain,9,152,Discharged,No,2023-09-10 03:09:00
EV012222,PAT12396,FAC002,DEP002,2025-01-25 14:12:00,Walk-in,4,Allergic Reaction,74,52,Discharged,No,2025-01-25 16:18:00
EV012230,PAT11712,FAC005,DEP008,2026-10-17 18:59:00,Ambulance,3,Abdominal Pain,30,78,Discharged,No,2026-10-17 20:47:00
EV012232,PAT14325,FAC004,DEP004,2026-04-20 10:44:00,Walk-in,3,Laceration,33,65,Discharged,No,2026-04-20 12:22:00
EV012241,PAT13200,FAC001,DEP008,2024-04-25 11:34:00,Walk-in,3,Abdominal Pain,56,78,Discharged,No,2024-04-25 13:48:00
EV012243,PAT12322,FAC004,DEP002,2022-07-03 23:05:00,Walk-in,2,Fever,10,137,Discharged,No,2022-07-04 01:32:00
EV012246,PAT01035,FAC003,DEP008,2023-06-11 10:03:00,Walk-in,3,Fracture,24,80,Discharged,No,2023-06-11 11:47:00
EV012248,PAT07325,FAC001,DEP008,2023-06-03 14:59:00,Walk-in,3,Poisoning,22,73,Discharged,No,2023-06-03 16:34:00
EV012251,PAT05422,FAC002,DEP005,2024-12-01 09:23:00,Walk-in,4,Allergic Reaction,57,63,Discharged,No,2024-12-01 11:23:00
EV012261,PAT13200,FAC004,DEP005,2022-07-15 15:49:00,Referral,5,Breathing Difficulty,70,56,Discharged,No,2022-07-15 17:55:00
EV012266,PAT05445,FAC003,DEP008,2022-11-25 02:11:00,Walk-in,3,Fever,38,86,Discharged,No,2022-11-25 04:15:00
EV012278,PAT13819,FAC002,DEP005,2024-02-26 03:41:00,Ambulance,5,Stroke Symptoms,90,26,Discharged,No,2024-02-26 05:37:00
EV012283,PAT00032,FAC005,DEP008,2022-04-26 12:37:00,Walk-in,4,Allergic Reaction,34,50,Discharged,No,2022-04-26 14:01:00
EV012289,PAT09664,FAC004,DEP004,2021-03-29 12:54:00,Walk-in,3,Stroke Symptoms,23,131,Admitted,Yes,2021-03-29 15:28:00
EV012291,PAT09995,FAC002,DEP007,2024-12-14 20:27:00,Walk-in,4,Allergic Reaction,58,61,Discharged,No,2024-12-14 22:26:00
EV012296,PAT05748,FAC003,DEP008,2026-01-22 11:07:00,Walk-in,4,Seizure,58,69,Discharged,No,2026-01-22 13:14:00
EV012305,PAT04005,FAC001,DEP008,2022-08-10 00:23:00,Ambulance,3,Abdominal Pain,39,95,Admitted,Yes,2022-08-10 02:37:00
EV012307,PAT06265,FAC001,DEP008,2024-12-12 23:14:00,Walk-in,1,Allergic Reaction,4,210,Discharged,No,2024-12-13 02:48:00
EV012313,PAT09249,FAC004,DEP004,2024-08-02 02:41:00,Walk-in,4,Poisoning,46,49,Admitted,Yes,2024-08-02 04:16:00
EV012319,PAT11076,FAC005,DEP008,2026-07-21 04:08:00,Referral,3,Seizure,38,84,Admitted,Yes,2026-07-21 06:10:00
EV012320,PAT13843,FAC002,DEP001,2026-08-16 02:14:00,Walk-in,4,Abdominal Pain,53,61,Transferred,No,2026-08-16 04:08:00
EV012322,PAT11095,FAC004,DEP002,2025-11-17 12:42:00,Walk-in,4,Fever,61,72,Admitted,Yes,2025-11-17 14:55:00
EV012325,PAT07682,FAC001,DEP008,2021-10-30 04:31:00,Ambulance,2,Allergic Reaction,12,129,Admitted,Yes,2021-10-30 06:52:00
EV012329,PAT11953,FAC004,DEP001,2025-01-25 09:41:00,Ambulance,3,Stroke Symptoms,24,81,Discharged,No,2025-01-25 11:26:00
EV012335,PAT02391,FAC005,DEP008,2024-06-19 03:14:00,Police/Public,2,Poisoning,18,145,Admitted,Yes,2024-06-19 05:57:00
EV012339,PAT09280,FAC004,DEP001,2024-02-07 06:40:00,Referral,4,Fracture,75,58,Transferred,No,2024-02-07 08:53:00
EV012344,PAT05145,FAC005,DEP008,2026-08-06 06:51:00,Ambulance,3,Seizure,41,66,Discharged,No,2026-08-06 08:38:00
EV012347,PAT00432,FAC004,DEP004,2023-03-25 02:52:00,Walk-in,4,Fracture,20,56,Discharged,No,2023-03-25 04:08:00
EV012348,PAT04794,FAC004,DEP002,2023-01-30 16:50:00,Walk-in,2,Breathing Difficulty,12,111,Discharged,No,2023-01-30 18:53:00
EV012353,PAT07832,FAC001,DEP008,2025-04-20 18:18:00,Ambulance,3,Stroke Symptoms,22,63,Discharged,No,2025-04-20 19:43:00
EV012364,PAT04275,FAC004,DEP005,2021-04-22 20:41:00,Ambulance,3,Chest Pain,39,126,Discharged,No,2021-04-22 23:26:00
EV012371,PAT06215,FAC004,DEP005,2026-02-21 15:44:00,Walk-in,3,Fracture,17,104,Admitted,Yes,2026-02-21 17:45:00
EV012383,PAT12994,FAC004,DEP002,2021-03-20 12:22:00,Walk-in,4,Abdominal Pain,29,64,Discharged,No,2021-03-20 13:55:00
EV012385,PAT11101,FAC003,DEP008,2026-01-07 15:04:00,Ambulance,4,Breathing Difficulty,85,35,Admitted,Yes,2026-01-07 17:04:00
EV012390,PAT12131,FAC002,DEP007,2024-12-20 17:30:00,Walk-in,3,Poisoning,44,98,Admitted,Yes,2024-12-20 19:52:00
EV012398,PAT03188,FAC005,DEP008,2024-10-05 18:25:00,Walk-in,5,Poisoning,96,40,Discharged,No,2024-10-05 20:41:00
EV012399,PAT04234,FAC003,DEP008,2026-03-09 10:20:00,Walk-in,4,Poisoning,77,38,Admitted,Yes,2026-03-09 12:15:00
EV012400,PAT06139,FAC002,DEP006,2025-08-28 01:59:00,Walk-in,4,Abdominal Pain,55,61,Discharged,No,2025-08-28 03:55:00
EV012406,PAT07062,FAC001,DEP008,2023-01-20 06:01:00,Referral,5,Poisoning,61,36,Discharged,No,2023-01-20 07:38:00
EV012410,PAT04924,FAC001,DEP008,2023-11-23 23:40:00,Walk-in,4,Trauma/Injury,34,58,Discharged,No,2023-11-24 01:12:00
EV012413,PAT09069,FAC002,DEP007,2024-08-02 19:30:00,Walk-in,3,Laceration,37,110,Discharged,No,2024-08-02 21:57:00
EV012414,PAT04862,FAC001,DEP008,2024-07-22 01:30:00,Walk-in,4,Breathing Difficulty,48,53,Discharged,No,2024-07-22 03:11:00
EV012417,PAT02583,FAC005,DEP008,2023-11-14 04:23:00,Walk-in,2,Seizure,11,155,Discharged,No,2023-11-14 07:09:00
EV012418,PAT03563,FAC002,DEP002,2023-10-20 01:09:00,Walk-in,4,Fever,55,78,Admitted,Yes,2023-10-20 03:22:00
EV012419,PAT03261,FAC002,DEP001,2024-06-23 20:39:00,Referral,3,Fracture,28,94,Discharged,No,2024-06-23 22:41:00
EV012422,PAT13708,FAC005,DEP008,2025-08-12 23:03:00,Walk-in,3,Stroke Symptoms,31,108,Transferred,No,2025-08-13 01:22:00
EV012426,PAT03839,FAC005,DEP008,2022-10-04 16:08:00,Walk-in,4,Fever,71,54,Admitted,Yes,2022-10-04 18:13:00
EV012427,PAT06138,FAC004,DEP005,2022-04-16 21:38:00,Walk-in,3,Chest Pain,33,109,Admitted,Yes,2022-04-17 00:00:00
EV012431,PAT08724,FAC004,DEP006,2023-08-23 05:49:00,Ambulance,2,Poisoning,15,61,Discharged,No,2023-08-23 07:05:00
EV012438,PAT02513,FAC001,DEP008,2025-11-12 07:19:00,Referral,4,Breathing Difficulty,62,91,Discharged,No,2025-11-12 09:52:00
EV012440,PAT00028,FAC003,DEP008,2025-01-30 10:12:00,Walk-in,4,Breathing Difficulty,56,64,LWBS,No,2025-01-30 12:12:00
EV012443,PAT07202,FAC003,DEP008,2026-06-10 06:22:00,Ambulance,3,Abdominal Pain,31,93,Discharged,No,2026-06-10 08:26:00
EV012460,PAT02030,FAC005,DEP008,2026-08-12 10:03:00,Walk-in,3,Fever,29,55,Discharged,No,2026-08-12 11:27:00
EV012461,PAT10070,FAC004,DEP002,2025-09-02 12:53:00,Walk-in,3,Abdominal Pain,54,130,Deceased,No,2025-09-02 15:57:00
EV012464,PAT06799,FAC004,DEP001,2022-08-08 18:09:00,Walk-in,3,Laceration,47,101,Discharged,No,2022-08-08 20:37:00
EV012466,PAT10448,FAC001,DEP008,2024-10-03 16:56:00,Referral,2,Chest Pain,17,205,Admitted,Yes,2024-10-03 20:38:00
EV012471,PAT11821,FAC003,DEP008,2022-07-12 14:09:00,Walk-in,4,Stroke Symptoms,63,79,Admitted,Yes,2022-07-12 16:31:00
EV012472,PAT11840,FAC003,DEP008,2026-12-20 05:17:00,Walk-in,3,Stroke Symptoms,27,61,Discharged,No,2026-12-20 06:45:00
EV012477,PAT12480,FAC004,DEP005,2025-02-25 18:48:00,Ambulance,3,Trauma/Injury,36,87,Discharged,No,2025-02-25 20:51:00
EV012485,PAT03996,FAC003,DEP008,2021-06-13 08:10:00,Ambulance,4,Abdominal Pain,30,40,Discharged,No,2021-06-13 09:20:00
EV012494,PAT05099,FAC002,DEP001,2023-03-14 23:34:00,Referral,3,Fracture,23,75,Transferred,No,2023-03-15 01:12:00
EV012496,PAT13780,FAC003,DEP008,2024-10-20 14:51:00,Walk-in,5,Seizure,75,57,LWBS,No,2024-10-20 17:03:00
EV012502,PAT07922,FAC002,DEP005,2025-05-16 17:45:00,Police/Public,4,Abdominal Pain,35,32,Discharged,No,2025-05-16 18:52:00
EV012505,PAT07653,FAC004,DEP006,2021-07-24 07:40:00,Ambulance,3,Stroke Symptoms,46,101,Discharged,No,2021-07-24 10:07:00
EV012508,PAT03669,FAC003,DEP008,2023-05-17 06:47:00,Ambulance,5,Trauma/Injury,57,32,Discharged,No,2023-05-17 08:16:00
EV012539,PAT07992,FAC005,DEP008,2023-03-26 11:14:00,Walk-in,3,Abdominal Pain,56,132,Discharged,No,2023-03-26 14:22:00
EV012556,PAT04194,FAC004,DEP004,2024-10-13 10:01:00,Walk-in,3,Breathing Difficulty,24,93,Discharged,No,2024-10-13 11:58:00
EV012564,PAT04044,FAC004,DEP004,2025-05-31 13:24:00,Walk-in,2,Allergic Reaction,16,170,Discharged,No,2025-05-31 16:30:00
EV012565,PAT03661,FAC004,DEP002,2022-12-21 09:02:00,Walk-in,3,Fracture,30,82,Transferred,No,2022-12-21 10:54:00
EV012567,PAT01373,FAC004,DEP007,2023-12-11 00:56:00,Ambulance,4,Stroke Symptoms,28,64,Admitted,Yes,2023-12-11 02:28:00
EV012570,PAT11735,FAC001,DEP008,2024-02-06 13:22:00,Walk-in,4,Poisoning,64,78,Discharged,No,2024-02-06 15:44:00
EV012575,PAT00904,FAC005,DEP008,2026-03-28 14:24:00,Ambulance,4,Stroke Symptoms,42,91,Transferred,No,2026-03-28 16:37:00
EV012576,PAT14002,FAC002,DEP007,2024-05-01 20:57:00,Walk-in,4,Fracture,54,60,Discharged,No,2024-05-01 22:51:00
EV012578,PAT02747,FAC004,DEP002,2024-10-17 23:34:00,Walk-in,4,Breathing Difficulty,73,56,Discharged,No,2024-10-18 01:43:00
EV012589,PAT04780,FAC004,DEP005,2022-06-25 13:37:00,Referral,3,Abdominal Pain,35,83,Discharged,No,2022-06-25 15:35:00
EV012593,PAT06595,FAC002,DEP005,2026-01-26 21:57:00,Walk-in,3,Breathing Difficulty,32,84,Discharged,No,2026-01-26 23:53:00
EV012594,PAT04375,FAC004,DEP002,2024-01-17 06:04:00,Ambulance,3,Trauma/Injury,39,107,Admitted,Yes,2024-01-17 08:30:00
EV012602,PAT14880,FAC002,DEP005,2026-04-21 16:20:00,Walk-in,3,Seizure,25,88,LWBS,No,2026-04-21 18:13:00
EV012603,PAT12168,FAC004,DEP006,2023-03-10 23:58:00,Ambulance,3,Abdominal Pain,24,96,Admitted,Yes,2023-03-11 01:58:00
EV012612,PAT05407,FAC005,DEP008,2025-11-18 19:25:00,Referral,4,Fracture,64,59,Discharged,No,2025-11-18 21:28:00
EV012621,PAT11356,FAC004,DEP002,2026-12-26 04:53:00,Ambulance,4,Poisoning,24,68,Discharged,No,2026-12-26 06:25:00
EV012623,PAT13110,FAC003,DEP008,2025-10-22 02:06:00,Referral,3,Abdominal Pain,45,102,Transferred,No,2025-10-22 04:33:00
EV012624,PAT02169,FAC001,DEP008,2022-07-06 11:05:00,Walk-in,5,Abdominal Pain,61,32,Admitted,Yes,2022-07-06 12:38:00
EV012628,PAT01567,FAC002,DEP001,2026-01-21 01:10:00,Referral,3,Breathing Difficulty,44,97,Discharged,No,2026-01-21 03:31:00
EV012633,PAT07253,FAC004,DEP007,2021-05-03 00:12:00,Referral,5,Seizure,70,36,Admitted,Yes,2021-05-03 01:58:00
EV012639,PAT13672,FAC003,DEP008,2024-03-26 22:13:00,Ambulance,4,Stroke Symptoms,65,48,Admitted,Yes,2024-03-27 00:06:00
EV012644,PAT08980,FAC001,DEP008,2022-08-07 16:24:00,Ambulance,5,Fracture,61,31,Discharged,No,2022-08-07 17:56:00
EV012649,PAT06635,FAC004,DEP004,2026-09-09 20:02:00,Ambulance,3,Fever,55,131,Discharged,No,2026-09-09 23:08:00
EV012667,PAT00773,FAC005,DEP008,2021-03-22 01:34:00,Ambulance,3,Chest Pain,46,79,Admitted,Yes,2021-03-22 03:39:00
EV012675,PAT04639,FAC005,DEP008,2026-10-22 14:36:00,Walk-in,3,Stroke Symptoms,53,106,Discharged,No,2026-10-22 17:15:00
EV012676,PAT02076,FAC001,DEP008,2021-12-11 12:30:00,Walk-in,1,Chest Pain,5,215,Admitted,Yes,2021-12-11 16:10:00
EV012679,PAT03493,FAC001,DEP008,2023-01-12 21:33:00,Walk-in,3,Poisoning,46,102,Discharged,No,2023-01-13 00:01:00
EV012684,PAT03316,FAC005,DEP008,2022-10-03 00:18:00,Referral,5,Laceration,69,29,Admitted,Yes,2022-10-03 01:56:00
EV012685,PAT10063,FAC003,DEP008,2022-01-10 16:39:00,Walk-in,4,Laceration,59,83,Discharged,No,2022-01-10 19:01:00
EV012695,PAT02026,FAC002,DEP001,2026-06-26 16:08:00,Referral,5,Stroke Symptoms,55,28,Transferred,No,2026-06-26 17:31:00
EV012698,PAT13510,FAC002,DEP005,2024-04-09 22:57:00,Walk-in,4,Fever,57,71,Discharged,No,2024-04-10 01:05:00
EV012705,PAT03551,FAC004,DEP004,2026-11-26 04:23:00,Ambulance,3,Seizure,27,59,Discharged,No,2026-11-26 05:49:00
EV012707,PAT14515,FAC003,DEP008,2026-09-19 04:45:00,Walk-in,3,Allergic Reaction,21,111,LWBS,No,2026-09-19 06:57:00
EV012712,PAT02215,FAC005,DEP008,2025-08-21 11:19:00,Walk-in,3,Seizure,38,97,Discharged,No,2025-08-21 13:34:00
EV012713,PAT14079,FAC001,DEP008,2024-09-08 18:03:00,Walk-in,2,Laceration,14,128,Discharged,No,2024-09-08 20:25:00
EV012714,PAT04890,FAC002,DEP001,2023-08-27 22:01:00,Walk-in,5,Chest Pain,26,41,Discharged,No,2023-08-27 23:08:00
EV012718,PAT09354,FAC002,DEP005,2025-08-17 21:15:00,Walk-in,3,Poisoning,22,119,Admitted,Yes,2025-08-17 23:36:00
EV012719,PAT14942,FAC002,DEP006,2025-12-06 01:16:00,Walk-in,3,Trauma/Injury,30,113,Transferred,No,2025-12-06 03:39:00
EV012723,PAT14327,FAC002,DEP005,2022-12-31 18:56:00,Ambulance,4,Chest Pain,48,47,Discharged,No,2022-12-31 20:31:00
EV012736,PAT14382,FAC002,DEP005,2025-01-13 14:21:00,Walk-in,4,Fracture,46,68,Discharged,No,2025-01-13 16:15:00
EV012737,PAT10680,FAC002,DEP005,2025-04-17 10:12:00,Police/Public,2,Allergic Reaction,18,175,Transferred,No,2025-04-17 13:25:00
EV012740,PAT13994,FAC002,DEP001,2026-11-29 10:32:00,Referral,2,Laceration,6,142,Discharged,No,2026-11-29 13:00:00
EV012743,PAT00677,FAC004,DEP007,2025-12-14 17:51:00,Walk-in,5,Breathing Difficulty,42,42,Discharged,No,2025-12-14 19:15:00
EV012745,PAT08048,FAC005,DEP008,2025-10-15 00:17:00,Police/Public,5,Poisoning,89,45,Discharged,No,2025-10-15 02:31:00
EV012749,PAT13562,FAC005,DEP008,2025-12-18 06:30:00,Walk-in,2,Stroke Symptoms,15,140,Transferred,No,2025-12-18 09:05:00
EV012750,PAT13087,FAC001,DEP008,2026-02-07 18:00:00,Ambulance,4,Fracture,34,78,Admitted,Yes,2026-02-07 19:52:00
EV012751,PAT14467,FAC003,DEP008,2026-06-08 21:04:00,Walk-in,2,Fever,21,102,Discharged,No,2026-06-08 23:07:00
EV012752,PAT11083,FAC004,DEP002,2022-08-12 05:13:00,Walk-in,4,Fracture,36,63,Discharged,No,2022-08-12 06:52:00
EV012758,PAT04873,FAC002,DEP002,2023-02-22 07:45:00,Ambulance,3,Poisoning,39,109,Transferred,No,2023-02-22 10:13:00
EV012760,PAT06799,FAC001,DEP008,2025-04-18 23:43:00,Walk-in,3,Chest Pain,36,92,Discharged,No,2025-04-19 01:51:00
EV012769,PAT03616,FAC004,DEP004,2024-10-21 17:03:00,Walk-in,4,Fracture,68,33,Discharged,No,2024-10-21 18:44:00
EV012772,PAT05804,FAC003,DEP008,2025-08-04 02:53:00,Walk-in,3,Fever,16,109,Discharged,No,2025-08-04 04:58:00
EV012774,PAT05951,FAC004,DEP006,2025-12-18 01:32:00,Ambulance,5,Stroke Symptoms,72,43,Discharged,No,2025-12-18 03:27:00
EV012775,PAT09394,FAC004,DEP004,2022-07-22 14:12:00,Walk-in,3,Stroke Symptoms,32,108,Admitted,Yes,2022-07-22 16:32:00
EV012777,PAT11441,FAC002,DEP001,2024-07-26 02:24:00,Walk-in,3,Poisoning,49,81,Discharged,No,2024-07-26 04:34:00
EV012782,PAT05999,FAC002,DEP007,2025-06-18 00:20:00,Referral,5,Breathing Difficulty,112,40,Discharged,No,2025-06-18 02:52:00
EV012789,PAT12319,FAC002,DEP002,2021-01-01 04:54:00,Referral,3,Abdominal Pain,38,98,Discharged,No,2021-01-01 07:10:00
EV012794,PAT01745,FAC001,DEP008,2021-12-12 03:24:00,Walk-in,3,Fracture,27,99,Discharged,No,2021-12-12 05:30:00
EV012803,PAT07976,FAC003,DEP008,2024-02-18 07:51:00,Referral,5,Chest Pain,63,35,Discharged,No,2024-02-18 09:29:00
EV012807,PAT12559,FAC004,DEP007,2023-12-27 19:07:00,Referral,3,Fever,33,94,Discharged,No,2023-12-27 21:14:00
EV012810,PAT13674,FAC005,DEP008,2026-03-06 02:21:00,Walk-in,3,Fever,17,71,Discharged,No,2026-03-06 03:49:00
EV012813,PAT11682,FAC001,DEP008,2022-12-09 11:26:00,Walk-in,3,Laceration,29,69,Discharged,No,2022-12-09 13:04:00
EV012823,PAT00674,FAC002,DEP005,2025-12-08 04:08:00,Walk-in,4,Poisoning,58,70,Discharged,No,2025-12-08 06:16:00
EV012826,PAT03593,FAC003,DEP008,2023-12-27 06:01:00,Referral,2,Allergic Reaction,13,163,Transferred,No,2023-12-27 08:57:00
EV012831,PAT12407,FAC003,DEP008,2026-08-10 18:14:00,Ambulance,4,Stroke Symptoms,58,70,Discharged,No,2026-08-10 20:22:00
EV012832,PAT08373,FAC005,DEP008,2025-09-16 17:19:00,Ambulance,5,Chest Pain,87,33,Discharged,No,2025-09-16 19:19:00
EV012836,PAT05909,FAC002,DEP007,2021-02-18 09:15:00,Ambulance,1,Laceration,3,151,Discharged,No,2021-02-18 11:49:00
EV012837,PAT07945,FAC002,DEP005,2022-06-28 06:11:00,Ambulance,2,Laceration,24,133,Admitted,Yes,2022-06-28 08:48:00
EV012841,PAT05466,FAC002,DEP002,2023-10-30 07:37:00,Walk-in,4,Fracture,33,29,Discharged,No,2023-10-30 08:39:00
EV012844,PAT07145,FAC002,DEP002,2024-10-20 05:29:00,Ambulance,3,Seizure,31,68,Discharged,No,2024-10-20 07:08:00
EV012846,PAT05035,FAC002,DEP002,2023-07-08 10:59:00,Ambulance,4,Allergic Reaction,91,62,Discharged,No,2023-07-08 13:32:00
EV012848,PAT11020,FAC003,DEP008,2021-10-13 06:07:00,Walk-in,3,Abdominal Pain,43,95,Admitted,Yes,2021-10-13 08:25:00
EV012852,PAT11070,FAC004,DEP006,2024-12-14 19:33:00,Walk-in,4,Seizure,64,82,Admitted,Yes,2024-12-14 21:59:00
EV012875,PAT02761,FAC005,DEP008,2026-07-04 23:21:00,Ambulance,3,Laceration,22,92,Discharged,No,2026-07-05 01:15:00
EV012883,PAT06476,FAC003,DEP008,2026-09-30 21:23:00,Ambulance,3,Fracture,28,87,Discharged,No,2026-09-30 23:18:00
EV012885,PAT09382,FAC004,DEP007,2022-12-04 07:09:00,Ambulance,2,Laceration,16,130,Discharged,No,2022-12-04 09:35:00
EV012886,PAT03680,FAC004,DEP001,2025-03-16 10:10:00,Walk-in,4,Laceration,49,82,Discharged,No,2025-03-16 12:21:00
EV012889,PAT00466,FAC003,DEP008,2022-07-27 23:53:00,Walk-in,3,Fever,15,126,LWBS,No,2022-07-28 02:14:00
EV012899,PAT08035,FAC003,DEP008,2024-04-22 07:29:00,Ambulance,4,Stroke Symptoms,64,57,Discharged,No,2024-04-22 09:30:00
EV012902,PAT14365,FAC004,DEP006,2025-02-03 00:21:00,Walk-in,3,Chest Pain,24,93,Discharged,No,2025-02-03 02:18:00
EV012904,PAT11753,FAC005,DEP008,2024-08-09 10:41:00,Referral,3,Breathing Difficulty,26,80,Admitted,Yes,2024-08-09 12:27:00
EV012906,PAT07146,FAC003,DEP008,2023-12-29 21:23:00,Ambulance,3,Laceration,36,106,Discharged,No,2023-12-29 23:45:00
EV012911,PAT05943,FAC001,DEP008,2023-10-06 09:42:00,Walk-in,4,Breathing Difficulty,38,34,Discharged,No,2023-10-06 10:54:00
EV012914,PAT11953,FAC004,DEP006,2026-03-08 08:56:00,Walk-in,4,Abdominal Pain,75,49,Discharged,No,2026-03-08 11:00:00
EV012927,PAT11290,FAC001,DEP008,2023-09-24 19:52:00,Walk-in,4,Fever,60,37,LWBS,No,2023-09-24 21:29:00
EV012936,PAT05602,FAC003,DEP008,2025-09-15 07:59:00,Ambulance,4,Breathing Difficulty,45,62,LWBS,No,2025-09-15 09:46:00
EV012941,PAT07418,FAC002,DEP006,2025-05-10 15:06:00,Walk-in,3,Fracture,51,100,Admitted,Yes,2025-05-10 17:37:00
EV012944,PAT13607,FAC001,DEP008,2026-07-19 10:14:00,Walk-in,4,Fever,50,56,Discharged,No,2026-07-19 12:00:00
EV012947,PAT09553,FAC001,DEP008,2026-03-05 19:28:00,Walk-in,2,Poisoning,15,200,Discharged,No,2026-03-05 23:03:00
EV012949,PAT11573,FAC003,DEP008,2024-12-23 20:08:00,Ambulance,4,Laceration,74,40,Transferred,No,2024-12-23 22:02:00
EV012950,PAT08402,FAC003,DEP008,2024-08-04 18:04:00,Walk-in,4,Seizure,46,47,Discharged,No,2024-08-04 19:37:00
EV012960,PAT12802,FAC001,DEP008,2021-11-07 04:34:00,Ambulance,4,Fever,34,66,Discharged,No,2021-11-07 06:14:00
EV012967,PAT12679,FAC005,DEP008,2023-08-28 11:19:00,Referral,4,Breathing Difficulty,26,57,Admitted,Yes,2023-08-28 12:42:00
EV012969,PAT06731,FAC001,DEP008,2022-01-07 11:11:00,Walk-in,4,Trauma/Injury,77,58,Discharged,No,2022-01-07 13:26:00
EV012974,PAT07976,FAC001,DEP008,2022-09-06 07:32:00,Ambulance,4,Seizure,76,49,Discharged,No,2022-09-06 09:37:00
EV012975,PAT12999,FAC002,DEP002,2025-08-26 06:09:00,Walk-in,4,Seizure,65,69,Discharged,No,2025-08-26 08:23:00
EV012976,PAT10729,FAC005,DEP008,2025-01-10 05:34:00,Ambulance,3,Breathing Difficulty,43,77,Discharged,No,2025-01-10 07:34:00
EV012992,PAT05174,FAC003,DEP008,2024-02-02 04:10:00,Walk-in,3,Allergic Reaction,27,97,Discharged,No,2024-02-02 06:14:00
EV013000,PAT14818,FAC002,DEP002,2021-11-30 02:35:00,Walk-in,3,Stroke Symptoms,49,74,Transferred,No,2021-11-30 04:38:00
EV013007,PAT10629,FAC005,DEP008,2022-07-16 11:10:00,Police/Public,4,Fracture,65,70,Discharged,No,2022-07-16 13:25:00
EV013013,PAT12666,FAC004,DEP005,2022-04-26 21:19:00,Walk-in,4,Stroke Symptoms,57,68,Discharged,No,2022-04-26 23:24:00
EV013015,PAT09297,FAC003,DEP008,2024-03-28 18:31:00,Referral,2,Allergic Reaction,10,170,LWBS,No,2024-03-28 21:31:00
EV013027,PAT13218,FAC001,DEP008,2025-05-04 07:38:00,Walk-in,4,Breathing Difficulty,48,76,Admitted,Yes,2025-05-04 09:42:00
EV013032,PAT00837,FAC004,DEP006,2025-07-19 18:44:00,Police/Public,4,Laceration,50,68,Admitted,Yes,2025-07-19 20:42:00
EV013035,PAT03326,FAC002,DEP005,2024-12-21 01:07:00,Walk-in,4,Abdominal Pain,38,64,Discharged,No,2024-12-21 02:49:00
EV013042,PAT09218,FAC005,DEP008,2025-05-13 21:13:00,Police/Public,2,Laceration,18,211,Discharged,No,2025-05-14 01:02:00
EV013043,PAT02255,FAC002,DEP005,2023-10-19 09:33:00,Walk-in,4,Seizure,77,90,Discharged,No,2023-10-19 12:20:00
EV013048,PAT07697,FAC001,DEP008,2024-06-07 15:12:00,Walk-in,4,Breathing Difficulty,67,67,Discharged,No,2024-06-07 17:26:00
EV013050,PAT06456,FAC002,DEP006,2026-09-13 19:39:00,Referral,1,Chest Pain,4,192,Transferred,No,2026-09-13 22:55:00
EV013053,PAT13173,FAC001,DEP008,2024-12-18 17:11:00,Walk-in,5,Fever,93,39,Discharged,No,2024-12-18 19:23:00
EV013055,PAT10067,FAC004,DEP005,2023-03-28 13:13:00,Ambulance,4,Chest Pain,55,23,Discharged,No,2023-03-28 14:31:00
EV013057,PAT06693,FAC004,DEP007,2025-01-20 05:35:00,Police/Public,5,Trauma/Injury,102,38,Admitted,Yes,2025-01-20 07:55:00
EV013061,PAT13905,FAC001,DEP008,2022-03-24 00:33:00,Walk-in,5,Seizure,67,26,Discharged,No,2022-03-24 02:06:00
EV013066,PAT06492,FAC002,DEP005,2024-07-06 20:59:00,Ambulance,5,Trauma/Injury,88,50,Admitted,Yes,2024-07-06 23:17:00
EV013077,PAT13549,FAC001,DEP008,2022-07-26 01:04:00,Ambulance,2,Trauma/Injury,17,123,Transferred,No,2022-07-26 03:24:00
EV013082,PAT07229,FAC004,DEP001,2021-10-21 08:10:00,Police/Public,3,Allergic Reaction,23,104,Discharged,No,2021-10-21 10:17:00
EV013093,PAT06979,FAC002,DEP005,2025-03-09 11:23:00,Walk-in,5,Allergic Reaction,99,15,Admitted,Yes,2025-03-09 13:17:00
EV013097,PAT14134,FAC003,DEP008,2024-09-13 01:06:00,Walk-in,5,Stroke Symptoms,103,32,Discharged,No,2024-09-13 03:21:00
EV013101,PAT14365,FAC002,DEP005,2022-08-03 12:54:00,Referral,4,Breathing Difficulty,65,58,Discharged,No,2022-08-03 14:57:00
EV013106,PAT10451,FAC005,DEP008,2025-01-06 15:22:00,Walk-in,4,Breathing Difficulty,93,82,Discharged,No,2025-01-06 18:17:00
EV013112,PAT04961,FAC001,DEP008,2025-06-13 10:51:00,Walk-in,3,Fever,24,111,LWBS,No,2025-06-13 13:06:00
EV013116,PAT06689,FAC002,DEP002,2021-04-09 03:40:00,Police/Public,5,Allergic Reaction,61,36,Admitted,Yes,2021-04-09 05:17:00
EV013127,PAT04707,FAC005,DEP008,2021-08-05 13:38:00,Ambulance,5,Stroke Symptoms,48,51,Discharged,No,2021-08-05 15:17:00
EV013140,PAT06283,FAC003,DEP008,2022-11-18 15:52:00,Walk-in,4,Breathing Difficulty,59,62,Admitted,Yes,2022-11-18 17:53:00
EV013157,PAT11148,FAC003,DEP008,2021-05-05 05:34:00,Walk-in,3,Trauma/Injury,34,95,Discharged,No,2021-05-05 07:43:00
EV013160,PAT12513,FAC003,DEP008,2023-05-20 15:17:00,Walk-in,3,Allergic Reaction,41,110,Discharged,No,2023-05-20 17:48:00
EV013167,PAT09786,FAC001,DEP008,2022-10-09 10:33:00,Walk-in,3,Fracture,18,95,Discharged,No,2022-10-09 12:26:00
EV013172,PAT11491,FAC002,DEP001,2022-06-08 12:03:00,Referral,4,Fracture,74,56,Discharged,No,2022-06-08 14:13:00
EV013173,PAT07945,FAC005,DEP008,2022-06-01 15:16:00,Ambulance,3,Laceration,26,88,Discharged,No,2022-06-01 17:10:00
EV013185,PAT00222,FAC005,DEP008,2025-02-28 10:08:00,Police/Public,2,Chest Pain,15,116,Discharged,No,2025-02-28 12:19:00
EV013186,PAT00047,FAC002,DEP005,2026-07-12 21:10:00,Referral,3,Abdominal Pain,13,73,Discharged,No,2026-07-12 22:36:00
EV013201,PAT00120,FAC001,DEP008,2021-09-14 03:44:00,Walk-in,4,Abdominal Pain,59,68,Discharged,No,2021-09-14 05:51:00
EV013203,PAT06960,FAC003,DEP008,2023-06-14 07:14:00,Walk-in,3,Fracture,30,116,LWBS,No,2023-06-14 09:40:00
EV013207,PAT03669,FAC003,DEP008,2026-07-07 05:12:00,Ambulance,3,Abdominal Pain,70,113,LWBS,No,2026-07-07 08:15:00
EV013238,PAT10592,FAC001,DEP008,2026-03-08 18:16:00,Ambulance,5,Stroke Symptoms,76,26,Discharged,No,2026-03-08 19:58:00
EV013239,PAT04919,FAC004,DEP002,2026-02-21 03:44:00,Walk-in,4,Stroke Symptoms,43,51,Admitted,Yes,2026-02-21 05:18:00
EV013241,PAT00474,FAC001,DEP008,2025-02-14 15:39:00,Referral,4,Trauma/Injury,72,52,Discharged,No,2025-02-14 17:43:00
EV013246,PAT14818,FAC005,DEP008,2023-08-01 10:58:00,Referral,2,Seizure,17,196,Discharged,No,2023-08-01 14:31:00
EV013248,PAT06595,FAC005,DEP008,2026-07-03 17:02:00,Walk-in,2,Fracture,8,155,Discharged,No,2026-07-03 19:45:00
EV013254,PAT05291,FAC004,DEP004,2021-12-14 03:19:00,Walk-in,3,Seizure,51,130,LWBS,No,2021-12-14 06:20:00
EV013255,PAT10298,FAC002,DEP005,2022-09-21 21:51:00,Walk-in,3,Laceration,29,81,Discharged,No,2022-09-21 23:41:00
EV013257,PAT00316,FAC002,DEP007,2025-04-21 05:30:00,Walk-in,3,Seizure,46,113,Transferred,No,2025-04-21 08:09:00
EV013264,PAT03708,FAC005,DEP008,2026-10-05 11:44:00,Ambulance,3,Stroke Symptoms,29,74,Discharged,No,2026-10-05 13:27:00
EV013267,PAT10473,FAC001,DEP008,2025-06-07 04:17:00,Walk-in,3,Stroke Symptoms,46,104,Transferred,No,2025-06-07 06:47:00
EV013284,PAT10376,FAC004,DEP006,2023-02-14 11:28:00,Walk-in,3,Stroke Symptoms,42,86,Discharged,No,2023-02-14 13:36:00
EV013301,PAT11375,FAC001,DEP008,2026-02-16 22:20:00,Walk-in,4,Chest Pain,69,38,Admitted,Yes,2026-02-17 00:07:00
EV013303,PAT12425,FAC003,DEP008,2025-05-06 18:57:00,Walk-in,2,Abdominal Pain,22,186,Admitted,Yes,2025-05-06 22:25:00
EV013304,PAT07360,FAC003,DEP008,2023-11-09 20:50:00,Walk-in,3,Laceration,37,118,Discharged,No,2023-11-09 23:25:00
EV013308,PAT10110,FAC005,DEP008,2025-10-26 11:33:00,Police/Public,2,Trauma/Injury,20,179,Discharged,No,2025-10-26 14:52:00
EV013310,PAT07342,FAC002,DEP002,2021-08-04 22:43:00,Ambulance,5,Chest Pain,46,69,Discharged,No,2021-08-05 00:38:00
EV013312,PAT01255,FAC005,DEP008,2022-09-01 22:27:00,Ambulance,3,Chest Pain,19,95,Discharged,No,2022-09-02 00:21:00
EV013314,PAT08980,FAC002,DEP002,2026-05-18 04:18:00,Ambulance,4,Poisoning,57,46,Admitted,Yes,2026-05-18 06:01:00
EV013319,PAT03657,FAC001,DEP008,2026-04-20 07:55:00,Walk-in,4,Allergic Reaction,60,64,Admitted,Yes,2026-04-20 09:59:00
EV013322,PAT03887,FAC003,DEP008,2023-11-15 12:04:00,Police/Public,3,Trauma/Injury,34,88,Admitted,Yes,2023-11-15 14:06:00
EV013323,PAT07158,FAC004,DEP005,2024-12-20 07:50:00,Police/Public,4,Poisoning,33,61,Discharged,No,2024-12-20 09:24:00
EV013326,PAT08986,FAC003,DEP008,2022-06-27 18:49:00,Walk-in,3,Allergic Reaction,33,82,Admitted,Yes,2022-06-27 20:44:00
EV013327,PAT14314,FAC001,DEP008,2025-06-04 18:49:00,Walk-in,2,Seizure,16,148,Discharged,No,2025-06-04 21:33:00
EV013329,PAT01808,FAC005,DEP008,2024-01-22 20:16:00,Walk-in,4,Allergic Reaction,100,51,Discharged,No,2024-01-22 22:47:00
EV013330,PAT10969,FAC002,DEP007,2024-02-18 18:44:00,Walk-in,3,Chest Pain,17,87,Admitted,Yes,2024-02-18 20:28:00
EV013331,PAT08789,FAC005,DEP008,2025-09-23 16:37:00,Walk-in,4,Poisoning,57,70,Discharged,No,2025-09-23 18:44:00
EV013336,PAT02560,FAC002,DEP001,2026-05-31 13:05:00,Ambulance,2,Chest Pain,4,124,Discharged,No,2026-05-31 15:13:00
EV013340,PAT12666,FAC003,DEP008,2021-07-23 01:23:00,Walk-in,4,Abdominal Pain,47,66,Discharged,No,2021-07-23 03:16:00
EV013341,PAT00748,FAC002,DEP001,2025-10-23 03:30:00,Walk-in,3,Fever,26,93,Discharged,No,2025-10-23 05:29:00
EV013351,PAT13637,FAC005,DEP008,2023-12-06 12:05:00,Walk-in,2,Chest Pain,18,132,LWBS,No,2023-12-06 14:35:00
EV013358,PAT03406,FAC004,DEP005,2023-06-15 07:34:00,Walk-in,3,Allergic Reaction,49,98,Admitted,Yes,2023-06-15 10:01:00
EV013372,PAT02597,FAC005,DEP008,2024-11-13 04:54:00,Walk-in,3,Stroke Symptoms,26,79,Discharged,No,2024-11-13 06:39:00
EV013378,PAT10219,FAC004,DEP007,2025-04-30 04:56:00,Ambulance,4,Fever,66,61,Admitted,Yes,2025-04-30 07:03:00
EV013381,PAT13100,FAC004,DEP001,2026-04-19 04:46:00,Walk-in,5,Seizure,9,40,Discharged,No,2026-04-19 05:35:00
EV013382,PAT04631,FAC003,DEP008,2025-12-16 23:00:00,Walk-in,5,Trauma/Injury,74,29,Discharged,No,2025-12-17 00:43:00
EV013395,PAT13702,FAC004,DEP005,2022-09-06 16:05:00,Walk-in,3,Breathing Difficulty,24,70,Discharged,No,2022-09-06 17:39:00
EV013396,PAT07783,FAC004,DEP002,2023-08-31 05:25:00,Walk-in,5,Allergic Reaction,65,47,Discharged,No,2023-08-31 07:17:00
EV013404,PAT01784,FAC002,DEP007,2021-04-14 19:32:00,Walk-in,3,Fracture,43,99,Admitted,Yes,2021-04-14 21:54:00
EV013406,PAT11711,FAC001,DEP008,2022-03-06 14:23:00,Ambulance,3,Trauma/Injury,29,69,Discharged,No,2022-03-06 16:01:00
EV013410,PAT08407,FAC001,DEP008,2023-02-24 17:09:00,Ambulance,4,Trauma/Injury,81,67,LWBS,No,2023-02-24 19:37:00
EV013413,PAT10366,FAC005,DEP008,2025-02-20 06:12:00,Walk-in,4,Chest Pain,37,70,Discharged,No,2025-02-20 07:59:00
EV013414,PAT08607,FAC001,DEP008,2023-01-12 13:04:00,Walk-in,1,Fracture,5,242,Admitted,Yes,2023-01-12 17:11:00
EV013421,PAT04683,FAC001,DEP008,2023-01-28 17:58:00,Ambulance,4,Allergic Reaction,66,70,Discharged,No,2023-01-28 20:14:00
EV013426,PAT12307,FAC003,DEP008,2023-07-19 11:01:00,Ambulance,3,Laceration,46,50,Discharged,No,2023-07-19 12:37:00
EV013430,PAT04562,FAC001,DEP008,2022-01-19 13:51:00,Police/Public,3,Stroke Symptoms,35,95,Discharged,No,2022-01-19 16:01:00
EV013431,PAT13888,FAC001,DEP008,2025-08-03 10:59:00,Walk-in,3,Stroke Symptoms,44,130,Discharged,No,2025-08-03 13:53:00
EV013441,PAT11789,FAC004,DEP001,2021-07-04 13:50:00,Referral,3,Breathing Difficulty,21,87,Admitted,Yes,2021-07-04 15:38:00
EV013457,PAT14506,FAC001,DEP008,2025-07-03 06:26:00,Referral,2,Breathing Difficulty,14,118,Discharged,No,2025-07-03 08:38:00
EV013470,PAT10392,FAC003,DEP008,2024-05-13 20:22:00,Referral,3,Chest Pain,44,44,LWBS,No,2024-05-13 21:50:00
EV013472,PAT12968,FAC005,DEP008,2025-01-10 20:10:00,Ambulance,4,Trauma/Injury,73,54,Discharged,No,2025-01-10 22:17:00
EV013475,PAT04541,FAC003,DEP008,2024-01-17 04:05:00,Walk-in,3,Fever,34,132,Admitted,Yes,2024-01-17 06:51:00
EV013481,PAT12632,FAC005,DEP008,2023-10-09 12:04:00,Walk-in,3,Stroke Symptoms,38,88,Admitted,Yes,2023-10-09 14:10:00
EV013488,PAT14616,FAC005,DEP008,2026-10-31 16:32:00,Walk-in,4,Fever,18,57,Discharged,No,2026-10-31 17:47:00
EV013489,PAT05861,FAC003,DEP008,2024-02-17 20:36:00,Walk-in,3,Fracture,32,99,Admitted,Yes,2024-02-17 22:47:00
EV013492,PAT04462,FAC003,DEP008,2024-03-02 05:06:00,Walk-in,4,Allergic Reaction,73,70,Discharged,No,2024-03-02 07:29:00
EV013499,PAT13628,FAC003,DEP008,2021-12-20 17:59:00,Walk-in,3,Allergic Reaction,39,106,Discharged,No,2021-12-20 20:24:00
EV013502,PAT06193,FAC002,DEP007,2026-11-30 23:54:00,Walk-in,3,Breathing Difficulty,42,106,Discharged,No,2026-12-01 02:22:00
EV013505,PAT12685,FAC003,DEP008,2021-07-13 09:56:00,Walk-in,3,Fracture,39,112,Admitted,Yes,2021-07-13 12:27:00
EV013515,PAT13819,FAC004,DEP006,2024-04-23 10:28:00,Walk-in,2,Chest Pain,11,137,Admitted,Yes,2024-04-23 12:56:00
EV013529,PAT04076,FAC003,DEP008,2022-02-11 06:32:00,Walk-in,2,Seizure,22,55,Transferred,No,2022-02-11 07:49:00
EV013532,PAT11068,FAC002,DEP005,2022-02-18 20:23:00,Referral,5,Fever,84,51,LWBS,No,2022-02-18 22:38:00
EV013536,PAT07146,FAC001,DEP008,2021-12-27 10:57:00,Walk-in,3,Abdominal Pain,47,89,Discharged,No,2021-12-27 13:13:00
EV013551,PAT08962,FAC003,DEP008,2024-10-08 00:15:00,Walk-in,2,Chest Pain,22,41,Discharged,No,2024-10-08 01:18:00
EV013560,PAT06949,FAC002,DEP006,2022-06-21 11:48:00,Ambulance,4,Allergic Reaction,32,60,Discharged,No,2022-06-21 13:20:00
EV013562,PAT05095,FAC001,DEP008,2025-11-14 15:41:00,Walk-in,4,Laceration,41,60,Discharged,No,2025-11-14 17:22:00
EV013563,PAT03801,FAC004,DEP001,2024-01-22 10:51:00,Walk-in,3,Fracture,35,99,Discharged,No,2024-01-22 13:05:00
EV013568,PAT06108,FAC002,DEP001,2025-03-12 22:11:00,Walk-in,4,Stroke Symptoms,59,77,Discharged,No,2025-03-13 00:27:00
EV013578,PAT00004,FAC002,DEP002,2023-01-12 02:28:00,Walk-in,3,Trauma/Injury,52,135,Discharged,No,2023-01-12 05:35:00
EV013579,PAT09689,FAC002,DEP007,2024-08-14 02:01:00,Walk-in,2,Poisoning,17,181,Discharged,No,2024-08-14 05:19:00
EV013582,PAT04561,FAC005,DEP008,2025-09-14 20:28:00,Walk-in,4,Breathing Difficulty,36,68,Discharged,No,2025-09-14 22:12:00
EV013583,PAT03659,FAC004,DEP002,2025-08-01 17:00:00,Walk-in,4,Trauma/Injury,69,75,Admitted,Yes,2025-08-01 19:24:00
EV013584,PAT09648,FAC004,DEP002,2022-08-22 06:02:00,Ambulance,3,Trauma/Injury,17,53,Discharged,No,2022-08-22 07:12:00
EV013586,PAT07064,FAC004,DEP007,2022-07-28 18:24:00,Walk-in,2,Fracture,13,159,Discharged,No,2022-07-28 21:16:00
EV013597,PAT13606,FAC001,DEP008,2023-03-15 02:02:00,Walk-in,3,Fracture,10,56,Discharged,No,2023-03-15 03:08:00
EV013599,PAT03121,FAC003,DEP008,2021-10-18 02:43:00,Walk-in,2,Stroke Symptoms,13,94,Discharged,No,2021-10-18 04:30:00
EV013604,PAT05933,FAC002,DEP007,2023-12-12 15:20:00,Walk-in,3,Fracture,38,109,LWBS,No,2023-12-12 17:47:00
EV013626,PAT07597,FAC001,DEP008,2023-09-06 22:59:00,Walk-in,5,Laceration,90,23,Discharged,No,2023-09-07 00:52:00
EV013635,PAT07965,FAC003,DEP008,2026-12-02 11:49:00,Walk-in,5,Abdominal Pain,34,36,Discharged,No,2026-12-02 12:59:00
EV013637,PAT09884,FAC003,DEP008,2026-02-27 18:56:00,Ambulance,5,Laceration,96,34,Admitted,Yes,2026-02-27 21:06:00
EV013639,PAT01512,FAC002,DEP006,2021-04-14 16:52:00,Ambulance,3,Laceration,28,75,Discharged,No,2021-04-14 18:35:00
EV013640,PAT03296,FAC002,DEP005,2021-09-12 16:59:00,Walk-in,2,Stroke Symptoms,16,112,Discharged,No,2021-09-12 19:07:00
EV013648,PAT04966,FAC001,DEP008,2024-02-20 00:42:00,Walk-in,3,Poisoning,56,79,Discharged,No,2024-02-20 02:57:00
EV013660,PAT13071,FAC005,DEP008,2021-05-02 13:31:00,Walk-in,4,Laceration,45,61,Discharged,No,2021-05-02 15:17:00
EV013661,PAT06162,FAC003,DEP008,2026-11-20 20:27:00,Referral,4,Fever,48,55,Discharged,No,2026-11-20 22:10:00
EV013664,PAT03693,FAC001,DEP008,2024-03-30 06:15:00,Ambulance,4,Stroke Symptoms,71,56,Deceased,No,2024-03-30 08:22:00
EV013665,PAT11879,FAC005,DEP008,2026-05-21 06:57:00,Walk-in,5,Fever,93,42,Discharged,No,2026-05-21 09:12:00
EV013670,PAT12361,FAC001,DEP008,2026-01-23 20:06:00,Walk-in,4,Abdominal Pain,60,59,Discharged,No,2026-01-23 22:05:00
EV013674,PAT06689,FAC004,DEP006,2023-06-22 03:53:00,Walk-in,3,Breathing Difficulty,31,89,Discharged,No,2023-06-22 05:53:00
EV013678,PAT10070,FAC001,DEP008,2026-09-28 14:35:00,Ambulance,4,Allergic Reaction,41,28,Discharged,No,2026-09-28 15:44:00
EV013681,PAT05768,FAC005,DEP008,2025-07-11 15:14:00,Referral,5,Seizure,105,42,Admitted,Yes,2025-07-11 17:41:00
EV013689,PAT04922,FAC003,DEP008,2022-08-31 09:41:00,Walk-in,3,Chest Pain,32,93,Discharged,No,2022-08-31 11:46:00
EV013690,PAT08061,FAC002,DEP002,2026-10-27 17:09:00,Referral,3,Trauma/Injury,42,69,Discharged,No,2026-10-27 19:00:00
EV013692,PAT05901,FAC001,DEP008,2024-09-05 22:46:00,Referral,3,Trauma/Injury,40,105,Discharged,No,2024-09-06 01:11:00
EV013693,PAT06694,FAC005,DEP008,2025-02-11 04:02:00,Walk-in,5,Breathing Difficulty,47,42,Transferred,No,2025-02-11 05:31:00
EV013694,PAT01183,FAC002,DEP002,2021-07-12 13:45:00,Walk-in,5,Seizure,92,29,Discharged,No,2021-07-12 15:46:00
EV013699,PAT05014,FAC003,DEP008,2024-03-13 23:59:00,Walk-in,2,Laceration,8,158,Discharged,No,2024-03-14 02:45:00
EV013721,PAT03861,FAC003,DEP008,2026-03-07 08:23:00,Referral,5,Abdominal Pain,65,55,Discharged,No,2026-03-07 10:23:00
EV013722,PAT01158,FAC003,DEP008,2026-03-17 17:52:00,Referral,3,Seizure,48,94,Admitted,Yes,2026-03-17 20:14:00
EV013728,PAT09051,FAC004,DEP005,2021-08-29 02:22:00,Referral,4,Chest Pain,54,75,LWBS,No,2021-08-29 04:31:00
EV013738,PAT13637,FAC002,DEP006,2022-03-07 21:52:00,Walk-in,4,Abdominal Pain,69,81,LWBS,No,2022-03-08 00:22:00
EV013744,PAT00218,FAC003,DEP008,2021-06-09 02:46:00,Police/Public,3,Fever,21,72,Discharged,No,2021-06-09 04:19:00
EV013746,PAT03949,FAC003,DEP008,2025-05-12 16:12:00,Police/Public,4,Allergic Reaction,62,77,Discharged,No,2025-05-12 18:31:00
EV013758,PAT14529,FAC001,DEP008,2023-11-11 01:47:00,Walk-in,3,Stroke Symptoms,41,119,Discharged,No,2023-11-11 04:27:00
EV013761,PAT08994,FAC003,DEP008,2024-09-14 08:49:00,Ambulance,5,Laceration,75,38,Discharged,No,2024-09-14 10:42:00
EV013764,PAT11875,FAC003,DEP008,2026-01-12 02:55:00,Walk-in,3,Chest Pain,35,100,Discharged,No,2026-01-12 05:10:00
EV013775,PAT08098,FAC004,DEP007,2023-07-22 14:39:00,Ambulance,3,Laceration,46,106,Admitted,Yes,2023-07-22 17:11:00
EV013776,PAT01744,FAC005,DEP008,2026-06-20 04:21:00,Walk-in,5,Seizure,66,44,Discharged,No,2026-06-20 06:11:00
EV013779,PAT02129,FAC004,DEP006,2023-09-25 10:55:00,Ambulance,3,Fracture,36,74,Admitted,Yes,2023-09-25 12:45:00
EV013787,PAT10656,FAC003,DEP008,2021-07-23 10:46:00,Ambulance,3,Fracture,40,61,LWBS,No,2021-07-23 12:27:00
EV013795,PAT12226,FAC005,DEP008,2021-03-09 05:45:00,Referral,3,Laceration,29,102,Discharged,No,2021-03-09 07:56:00
EV013798,PAT04696,FAC004,DEP004,2025-10-15 22:31:00,Walk-in,4,Trauma/Injury,77,53,Transferred,No,2025-10-16 00:41:00
EV013800,PAT12693,FAC002,DEP005,2026-09-04 16:14:00,Walk-in,2,Stroke Symptoms,8,128,Admitted,Yes,2026-09-04 18:30:00
EV013802,PAT06352,FAC002,DEP007,2021-08-04 05:03:00,Ambulance,5,Abdominal Pain,55,30,Discharged,No,2021-08-04 06:28:00
EV013803,PAT00425,FAC004,DEP006,2024-04-19 06:17:00,Walk-in,4,Fever,10,86,Discharged,No,2024-04-19 07:53:00
EV013813,PAT13436,FAC001,DEP008,2023-08-12 19:24:00,Walk-in,3,Poisoning,48,94,Discharged,No,2023-08-12 21:46:00
EV013816,PAT00736,FAC002,DEP005,2023-03-04 19:19:00,Referral,3,Chest Pain,43,77,Discharged,No,2023-03-04 21:19:00
EV013820,PAT00246,FAC004,DEP004,2025-03-22 17:55:00,Walk-in,5,Laceration,56,49,Discharged,No,2025-03-22 19:40:00
EV013825,PAT04769,FAC005,DEP008,2021-06-17 22:53:00,Walk-in,5,Allergic Reaction,106,34,Admitted,Yes,2021-06-18 01:13:00
EV013837,PAT13442,FAC001,DEP008,2025-07-03 07:56:00,Walk-in,5,Breathing Difficulty,96,34,Discharged,No,2025-07-03 10:06:00
EV013846,PAT11374,FAC001,DEP008,2026-01-01 23:57:00,Police/Public,4,Allergic Reaction,37,71,Discharged,No,2026-01-02 01:45:00
EV013856,PAT13464,FAC002,DEP007,2022-12-05 12:59:00,Walk-in,4,Abdominal Pain,65,56,Discharged,No,2022-12-05 15:00:00
EV013859,PAT08911,FAC004,DEP007,2023-11-21 10:23:00,Ambulance,3,Stroke Symptoms,29,83,Discharged,No,2023-11-21 12:15:00
EV013862,PAT10429,FAC002,DEP002,2024-03-02 20:47:00,Police/Public,3,Poisoning,9,31,Discharged,No,2024-03-02 21:27:00
EV013872,PAT00945,FAC005,DEP008,2026-09-29 12:14:00,Walk-in,4,Fracture,67,38,Admitted,Yes,2026-09-29 13:59:00
EV013877,PAT04044,FAC002,DEP001,2024-12-27 00:39:00,Walk-in,3,Laceration,22,80,Transferred,No,2024-12-27 02:21:00
EV013881,PAT00114,FAC005,DEP008,2023-09-11 12:18:00,Walk-in,3,Fever,43,76,Discharged,No,2023-09-11 14:17:00
EV013888,PAT01403,FAC003,DEP008,2024-02-27 04:19:00,Referral,5,Fracture,44,55,LWBS,No,2024-02-27 05:58:00
EV013895,PAT05921,FAC001,DEP008,2026-03-07 12:33:00,Walk-in,4,Poisoning,50,56,Transferred,No,2026-03-07 14:19:00
EV013897,PAT13403,FAC002,DEP002,2025-12-10 21:13:00,Ambulance,5,Laceration,65,37,Transferred,No,2025-12-10 22:55:00
EV013906,PAT09682,FAC001,DEP008,2024-02-17 01:39:00,Police/Public,5,Fever,110,28,Admitted,Yes,2024-02-17 03:57:00
EV013916,PAT08098,FAC002,DEP005,2024-01-21 23:15:00,Walk-in,5,Trauma/Injury,105,52,Discharged,No,2024-01-22 01:52:00
EV013919,PAT00352,FAC004,DEP004,2026-12-24 07:02:00,Walk-in,3,Allergic Reaction,40,95,Admitted,Yes,2026-12-24 09:17:00
EV013920,PAT10516,FAC005,DEP008,2023-02-20 18:33:00,Walk-in,4,Chest Pain,59,56,Admitted,Yes,2023-02-20 20:28:00
EV013922,PAT12350,FAC003,DEP008,2026-07-18 05:13:00,Referral,4,Fracture,74,45,Discharged,No,2026-07-18 07:12:00
EV013927,PAT13555,FAC003,DEP008,2025-06-29 12:35:00,Referral,3,Poisoning,21,117,Discharged,No,2025-06-29 14:53:00
EV013932,PAT14005,FAC004,DEP002,2021-06-12 16:05:00,Walk-in,4,Fracture,19,68,Discharged,No,2021-06-12 17:32:00
EV013942,PAT01452,FAC003,DEP008,2025-06-07 19:51:00,Walk-in,5,Fracture,65,30,Discharged,No,2025-06-07 21:26:00
EV013944,PAT14630,FAC004,DEP005,2026-01-27 06:03:00,Ambulance,1,Stroke Symptoms,6,161,Admitted,Yes,2026-01-27 08:50:00
EV013945,PAT13144,FAC003,DEP008,2023-02-20 00:48:00,Walk-in,5,Chest Pain,88,58,Admitted,Yes,2023-02-20 03:14:00
EV013948,PAT00968,FAC003,DEP008,2026-12-26 12:45:00,Ambulance,4,Poisoning,57,70,Discharged,No,2026-12-26 14:52:00
EV013952,PAT08472,FAC003,DEP008,2026-04-12 12:19:00,Ambulance,3,Fracture,19,49,Transferred,No,2026-04-12 13:27:00
EV013953,PAT00488,FAC005,DEP008,2023-03-11 11:57:00,Walk-in,4,Fever,48,87,Admitted,Yes,2023-03-11 14:12:00
EV013956,PAT00150,FAC001,DEP008,2021-07-10 05:59:00,Ambulance,3,Allergic Reaction,29,35,Discharged,No,2021-07-10 07:03:00
EV013960,PAT05660,FAC005,DEP008,2026-01-25 05:09:00,Ambulance,1,Trauma/Injury,3,94,Discharged,No,2026-01-25 06:46:00
EV013962,PAT14111,FAC002,DEP005,2026-02-19 01:10:00,Ambulance,3,Breathing Difficulty,31,73,Discharged,No,2026-02-19 02:54:00
EV013967,PAT04149,FAC005,DEP008,2026-06-23 17:33:00,Referral,2,Abdominal Pain,24,81,Admitted,Yes,2026-06-23 19:18:00
EV013975,PAT06707,FAC003,DEP008,2026-07-18 10:42:00,Walk-in,3,Allergic Reaction,47,98,Deceased,No,2026-07-18 13:07:00
EV013977,PAT05564,FAC003,DEP008,2024-09-24 14:42:00,Walk-in,2,Poisoning,17,118,Discharged,No,2024-09-24 16:57:00
EV013979,PAT07029,FAC002,DEP007,2024-01-06 09:41:00,Walk-in,5,Fracture,47,53,Discharged,No,2024-01-06 11:21:00
EV013983,PAT06114,FAC003,DEP008,2024-06-13 15:48:00,Referral,5,Chest Pain,91,51,Admitted,Yes,2024-06-13 18:10:00
EV013985,PAT04192,FAC002,DEP005,2026-10-21 18:18:00,Referral,3,Breathing Difficulty,41,93,Admitted,Yes,2026-10-21 20:32:00
EV013999,PAT14233,FAC005,DEP008,2026-02-10 16:59:00,Referral,4,Fever,71,66,Discharged,No,2026-02-10 19:16:00
EV014004,PAT03070,FAC001,DEP008,2021-11-27 04:44:00,Walk-in,2,Chest Pain,12,93,Discharged,No,2021-11-27 06:29:00
EV014005,PAT04124,FAC005,DEP008,2025-02-19 07:17:00,Walk-in,4,Breathing Difficulty,51,71,Discharged,No,2025-02-19 09:19:00
EV014008,PAT03661,FAC005,DEP008,2024-01-07 21:46:00,Walk-in,4,Fracture,67,50,Discharged,No,2024-01-07 23:43:00
EV014014,PAT01660,FAC003,DEP008,2023-11-07 16:02:00,Referral,5,Fracture,45,47,Discharged,No,2023-11-07 17:34:00
EV014015,PAT08461,FAC005,DEP008,2022-04-26 11:16:00,Police/Public,5,Allergic Reaction,31,43,Admitted,Yes,2022-04-26 12:30:00
EV014019,PAT02994,FAC001,DEP008,2026-07-28 16:26:00,Ambulance,4,Chest Pain,66,51,Discharged,No,2026-07-28 18:23:00
EV014021,PAT08461,FAC003,DEP008,2021-03-04 09:02:00,Walk-in,4,Abdominal Pain,32,73,Discharged,No,2021-03-04 10:47:00
EV014024,PAT11846,FAC002,DEP007,2023-10-02 09:33:00,Referral,3,Trauma/Injury,36,99,Discharged,No,2023-10-02 11:48:00
EV014028,PAT09535,FAC001,DEP008,2023-04-22 03:25:00,Walk-in,3,Chest Pain,23,129,Admitted,Yes,2023-04-22 05:57:00
EV014041,PAT12205,FAC001,DEP008,2025-10-20 04:01:00,Walk-in,3,Stroke Symptoms,37,55,Discharged,No,2025-10-20 05:33:00
EV014046,PAT04456,FAC002,DEP005,2022-10-14 16:35:00,Walk-in,3,Trauma/Injury,29,89,Transferred,No,2022-10-14 18:33:00
EV014047,PAT05774,FAC005,DEP008,2025-12-01 18:39:00,Walk-in,3,Stroke Symptoms,34,70,Discharged,No,2025-12-01 20:23:00
EV014050,PAT07173,FAC004,DEP005,2021-11-07 07:35:00,Referral,4,Laceration,44,71,Discharged,No,2021-11-07 09:30:00
EV014053,PAT04550,FAC003,DEP008,2025-07-20 14:08:00,Walk-in,4,Poisoning,53,70,Discharged,No,2025-07-20 16:11:00
EV014059,PAT00220,FAC005,DEP008,2025-01-09 17:18:00,Walk-in,4,Stroke Symptoms,54,59,Discharged,No,2025-01-09 19:11:00
EV014062,PAT03692,FAC003,DEP008,2022-06-04 08:42:00,Referral,5,Breathing Difficulty,109,39,Discharged,No,2022-06-04 11:10:00
EV014063,PAT03422,FAC002,DEP002,2024-01-03 00:14:00,Referral,1,Laceration,5,202,Discharged,No,2024-01-03 03:41:00
EV014065,PAT10624,FAC002,DEP002,2025-05-12 06:38:00,Walk-in,3,Allergic Reaction,37,124,Discharged,No,2025-05-12 09:19:00
EV014077,PAT07457,FAC004,DEP002,2024-07-15 20:29:00,Walk-in,3,Fever,30,138,Admitted,Yes,2024-07-15 23:17:00
EV014078,PAT01627,FAC005,DEP008,2024-04-22 17:48:00,Walk-in,5,Seizure,86,39,Admitted,Yes,2024-04-22 19:53:00
EV014081,PAT09738,FAC005,DEP008,2026-12-04 18:38:00,Referral,3,Fracture,35,66,Admitted,Yes,2026-12-04 20:19:00
EV014086,PAT03680,FAC004,DEP004,2025-12-25 08:26:00,Referral,3,Fracture,18,101,LWBS,No,2025-12-25 10:25:00
EV014090,PAT01054,FAC004,DEP007,2021-02-05 09:03:00,Walk-in,3,Fever,29,65,Discharged,No,2021-02-05 10:37:00
EV014093,PAT11301,FAC001,DEP008,2026-03-13 06:51:00,Walk-in,5,Stroke Symptoms,78,44,Discharged,No,2026-03-13 08:53:00
EV014096,PAT06177,FAC002,DEP002,2024-09-23 07:16:00,Walk-in,3,Abdominal Pain,33,77,Discharged,No,2024-09-23 09:06:00
EV014106,PAT10511,FAC003,DEP008,2023-11-06 08:28:00,Walk-in,3,Fracture,25,74,Discharged,No,2023-11-06 10:07:00
EV014108,PAT06622,FAC002,DEP001,2021-09-11 03:25:00,Walk-in,4,Laceration,37,29,Transferred,No,2021-09-11 04:31:00
EV014119,PAT03326,FAC004,DEP001,2026-05-29 12:49:00,Walk-in,3,Fever,22,69,Discharged,No,2026-05-29 14:20:00
EV014122,PAT13212,FAC002,DEP006,2026-04-26 02:54:00,Walk-in,3,Chest Pain,27,112,Discharged,No,2026-04-26 05:13:00
EV014129,PAT11606,FAC002,DEP002,2022-03-28 14:17:00,Police/Public,3,Trauma/Injury,40,73,Admitted,Yes,2022-03-28 16:10:00
EV014138,PAT09903,FAC003,DEP008,2022-03-03 08:13:00,Walk-in,4,Laceration,58,83,Discharged,No,2022-03-03 10:34:00
EV014152,PAT07229,FAC003,DEP008,2025-02-03 02:03:00,Walk-in,3,Seizure,44,90,Discharged,No,2025-02-03 04:17:00
EV014157,PAT05602,FAC005,DEP008,2021-10-26 10:36:00,Police/Public,3,Poisoning,36,53,Transferred,No,2021-10-26 12:05:00
EV014161,PAT08197,FAC005,DEP008,2022-02-18 17:59:00,Police/Public,1,Allergic Reaction,4,158,Discharged,No,2022-02-18 20:41:00
EV014162,PAT04337,FAC003,DEP008,2022-09-19 06:17:00,Walk-in,5,Poisoning,82,24,Discharged,No,2022-09-19 08:03:00
EV014173,PAT04123,FAC003,DEP008,2022-05-04 13:00:00,Walk-in,3,Fracture,39,102,Discharged,No,2022-05-04 15:21:00
EV014178,PAT09400,FAC005,DEP008,2026-06-28 03:22:00,Walk-in,4,Laceration,62,68,Transferred,No,2026-06-28 05:32:00
EV014181,PAT00291,FAC003,DEP008,2025-05-23 16:09:00,Walk-in,3,Trauma/Injury,45,48,Discharged,No,2025-05-23 17:42:00
EV014186,PAT10669,FAC001,DEP008,2026-07-11 14:50:00,Walk-in,4,Laceration,32,69,Admitted,Yes,2026-07-11 16:31:00
EV014187,PAT13579,FAC003,DEP008,2024-04-20 14:01:00,Walk-in,1,Abdominal Pain,6,141,Admitted,Yes,2024-04-20 16:28:00
EV014190,PAT11711,FAC005,DEP008,2021-10-14 16:21:00,Walk-in,4,Laceration,62,65,Admitted,Yes,2021-10-14 18:28:00
EV014201,PAT05218,FAC001,DEP008,2026-10-21 06:07:00,Walk-in,4,Laceration,62,56,LWBS,No,2026-10-21 08:05:00
EV014203,PAT11931,FAC001,DEP008,2021-06-21 16:09:00,Walk-in,3,Allergic Reaction,8,81,Admitted,Yes,2021-06-21 17:38:00
EV014207,PAT11060,FAC005,DEP008,2026-05-29 00:26:00,Walk-in,3,Poisoning,32,85,Discharged,No,2026-05-29 02:23:00
EV014221,PAT10977,FAC001,DEP008,2026-05-28 12:37:00,Walk-in,4,Poisoning,49,53,LWBS,No,2026-05-28 14:19:00
EV014222,PAT06922,FAC005,DEP008,2024-07-07 16:37:00,Walk-in,3,Seizure,30,66,Admitted,Yes,2024-07-07 18:13:00
EV014225,PAT06770,FAC003,DEP008,2025-08-25 13:53:00,Ambulance,3,Trauma/Injury,40,79,Discharged,No,2025-08-25 15:52:00
EV014238,PAT10183,FAC005,DEP008,2023-05-08 18:43:00,Referral,4,Trauma/Injury,69,49,Discharged,No,2023-05-08 20:41:00
EV014243,PAT06089,FAC005,DEP008,2022-04-02 09:56:00,Ambulance,3,Abdominal Pain,36,75,Discharged,No,2022-04-02 11:47:00
EV014252,PAT04005,FAC001,DEP008,2026-05-05 05:22:00,Referral,2,Stroke Symptoms,12,163,Discharged,No,2026-05-05 08:17:00
EV014258,PAT13619,FAC001,DEP008,2023-04-05 13:40:00,Ambulance,5,Allergic Reaction,65,54,Transferred,No,2023-04-05 15:39:00
EV014259,PAT11456,FAC003,DEP008,2024-09-23 14:29:00,Walk-in,3,Breathing Difficulty,33,79,Discharged,No,2024-09-23 16:21:00
EV014260,PAT07121,FAC005,DEP008,2022-05-10 22:07:00,Referral,3,Fracture,27,90,Discharged,No,2022-05-11 00:04:00
EV014267,PAT02358,FAC002,DEP005,2024-01-22 06:54:00,Ambulance,3,Poisoning,65,87,Discharged,No,2024-01-22 09:26:00
EV014270,PAT07291,FAC004,DEP004,2022-04-25 03:02:00,Walk-in,4,Fever,56,32,Transferred,No,2022-04-25 04:30:00
EV014272,PAT03329,FAC004,DEP004,2023-02-24 02:55:00,Walk-in,5,Allergic Reaction,107,28,Admitted,Yes,2023-02-24 05:10:00
EV014273,PAT11397,FAC001,DEP008,2023-10-14 12:59:00,Ambulance,5,Chest Pain,93,40,Discharged,No,2023-10-14 15:12:00
EV014279,PAT07013,FAC005,DEP008,2021-01-29 19:01:00,Referral,5,Breathing Difficulty,28,52,Admitted,Yes,2021-01-29 20:21:00
EV014285,PAT04879,FAC003,DEP008,2025-05-06 10:10:00,Referral,4,Chest Pain,78,55,Discharged,No,2025-05-06 12:23:00
EV014291,PAT06731,FAC005,DEP008,2023-04-21 03:24:00,Walk-in,3,Allergic Reaction,41,108,Discharged,No,2023-04-21 05:53:00
EV014308,PAT02217,FAC001,DEP008,2022-12-08 07:49:00,Walk-in,2,Abdominal Pain,19,147,Admitted,Yes,2022-12-08 10:35:00
EV014311,PAT13819,FAC002,DEP002,2021-12-30 03:07:00,Ambulance,5,Abdominal Pain,75,38,Admitted,Yes,2021-12-30 05:00:00
EV014312,PAT10674,FAC004,DEP004,2022-12-04 15:03:00,Ambulance,3,Poisoning,47,111,Admitted,Yes,2022-12-04 17:41:00
EV014315,PAT11953,FAC005,DEP008,2025-08-20 05:53:00,Referral,3,Stroke Symptoms,55,105,Admitted,Yes,2025-08-20 08:33:00
EV014319,PAT04740,FAC003,DEP008,2023-02-19 12:24:00,Walk-in,5,Stroke Symptoms,115,33,Discharged,No,2023-02-19 14:52:00
EV014329,PAT05752,FAC002,DEP001,2026-06-19 00:29:00,Ambulance,4,Chest Pain,72,59,Discharged,No,2026-06-19 02:40:00
EV014330,PAT03342,FAC002,DEP002,2026-07-23 04:04:00,Police/Public,4,Laceration,74,72,Admitted,Yes,2026-07-23 06:30:00
EV014338,PAT10605,FAC004,DEP004,2025-10-20 00:13:00,Walk-in,5,Poisoning,107,31,Transferred,No,2025-10-20 02:31:00
EV014343,PAT04686,FAC001,DEP008,2022-12-24 10:58:00,Walk-in,1,Seizure,4,108,Transferred,No,2022-12-24 12:50:00
EV014356,PAT00291,FAC003,DEP008,2022-12-14 08:54:00,Walk-in,4,Poisoning,56,71,Transferred,No,2022-12-14 11:01:00
EV014362,PAT14645,FAC001,DEP008,2025-07-15 21:10:00,Ambulance,3,Allergic Reaction,34,83,Discharged,No,2025-07-15 23:07:00
EV014364,PAT05334,FAC002,DEP006,2022-04-10 20:33:00,Walk-in,5,Trauma/Injury,78,36,Discharged,No,2022-04-10 22:27:00
EV014365,PAT13686,FAC005,DEP008,2026-01-09 12:52:00,Ambulance,3,Trauma/Injury,42,109,Discharged,No,2026-01-09 15:23:00
EV014369,PAT01489,FAC001,DEP008,2021-07-24 07:47:00,Walk-in,4,Trauma/Injury,53,66,Admitted,Yes,2021-07-24 09:46:00
EV014372,PAT11497,FAC002,DEP007,2021-09-01 07:25:00,Ambulance,5,Chest Pain,101,36,Discharged,No,2021-09-01 09:42:00
EV014378,PAT10466,FAC003,DEP008,2023-11-20 18:29:00,Referral,3,Trauma/Injury,46,66,Discharged,No,2023-11-20 20:21:00
EV014383,PAT00042,FAC001,DEP008,2025-12-30 17:10:00,Referral,5,Fracture,39,30,Admitted,Yes,2025-12-30 18:19:00
EV014391,PAT05383,FAC004,DEP005,2025-01-02 19:53:00,Ambulance,4,Allergic Reaction,59,48,Discharged,No,2025-01-02 21:40:00
EV014404,PAT08766,FAC003,DEP008,2026-12-27 00:35:00,Walk-in,3,Seizure,33,93,Discharged,No,2026-12-27 02:41:00
EV014414,PAT11629,FAC004,DEP004,2025-09-20 03:35:00,Walk-in,4,Laceration,65,36,Discharged,No,2025-09-20 05:16:00
EV014421,PAT08904,FAC004,DEP002,2021-11-06 12:45:00,Referral,4,Fracture,59,54,Discharged,No,2021-11-06 14:38:00
EV014461,PAT00051,FAC005,DEP008,2025-03-24 13:24:00,Walk-in,2,Fever,18,151,Admitted,Yes,2025-03-24 16:13:00
EV014463,PAT11441,FAC001,DEP008,2022-04-16 05:23:00,Referral,4,Fever,53,48,Transferred,No,2022-04-16 07:04:00
EV014468,PAT06331,FAC005,DEP008,2022-09-08 03:36:00,Ambulance,4,Fever,46,46,Discharged,No,2022-09-08 05:08:00
EV014476,PAT08002,FAC004,DEP004,2023-04-14 01:08:00,Ambulance,4,Fracture,65,55,Discharged,No,2023-04-14 03:08:00
EV014477,PAT02895,FAC003,DEP008,2026-10-10 13:52:00,Walk-in,3,Abdominal Pain,29,91,Admitted,Yes,2026-10-10 15:52:00
EV014481,PAT09702,FAC002,DEP002,2026-08-19 13:30:00,Police/Public,1,Seizure,5,165,Discharged,No,2026-08-19 16:20:00
EV014483,PAT13825,FAC001,DEP008,2023-10-11 16:38:00,Walk-in,4,Stroke Symptoms,68,48,Admitted,Yes,2023-10-11 18:34:00
EV014484,PAT06843,FAC003,DEP008,2025-02-09 12:06:00,Walk-in,3,Abdominal Pain,23,95,Discharged,No,2025-02-09 14:04:00
EV014485,PAT11853,FAC002,DEP001,2026-09-15 01:12:00,Walk-in,2,Trauma/Injury,20,158,Discharged,No,2026-09-15 04:10:00
EV014487,PAT01958,FAC005,DEP008,2026-02-16 12:49:00,Referral,3,Breathing Difficulty,46,67,Discharged,No,2026-02-16 14:42:00
EV014491,PAT01248,FAC001,DEP008,2022-06-27 18:29:00,Walk-in,3,Poisoning,54,70,Discharged,No,2022-06-27 20:33:00
EV014497,PAT04405,FAC004,DEP004,2021-01-27 23:25:00,Ambulance,2,Poisoning,14,94,Admitted,Yes,2021-01-28 01:13:00
EV014503,PAT07829,FAC002,DEP007,2025-04-05 05:55:00,Ambulance,3,Chest Pain,25,116,Admitted,Yes,2025-04-05 08:16:00
EV014507,PAT14115,FAC003,DEP008,2026-11-29 19:08:00,Referral,3,Allergic Reaction,25,113,Discharged,No,2026-11-29 21:26:00
EV014512,PAT03422,FAC005,DEP008,2023-10-03 01:49:00,Walk-in,4,Fracture,51,61,Discharged,No,2023-10-03 03:41:00
EV014515,PAT13138,FAC005,DEP008,2025-10-16 15:45:00,Walk-in,3,Trauma/Injury,27,70,Admitted,Yes,2025-10-16 17:22:00
EV014529,PAT08162,FAC001,DEP008,2024-06-05 05:55:00,Referral,3,Poisoning,14,71,Discharged,No,2024-06-05 07:20:00
EV014530,PAT12880,FAC004,DEP006,2021-05-08 00:29:00,Referral,3,Abdominal Pain,30,139,Discharged,No,2021-05-08 03:18:00
EV014534,PAT04668,FAC004,DEP005,2024-08-11 00:37:00,Walk-in,4,Fracture,41,23,Transferred,No,2024-08-11 01:41:00
EV014545,PAT14616,FAC004,DEP006,2023-07-17 10:42:00,Ambulance,4,Fever,57,86,LWBS,No,2023-07-17 13:05:00
EV014547,PAT12706,FAC001,DEP008,2026-04-26 09:07:00,Walk-in,3,Trauma/Injury,19,94,Discharged,No,2026-04-26 11:00:00
EV014555,PAT11716,FAC005,DEP008,2022-06-21 13:53:00,Ambulance,5,Chest Pain,67,39,Transferred,No,2022-06-21 15:39:00
EV014556,PAT06215,FAC005,DEP008,2023-07-02 14:47:00,Walk-in,4,Stroke Symptoms,57,81,Discharged,No,2023-07-02 17:05:00
EV014561,PAT07582,FAC002,DEP006,2021-02-23 05:10:00,Referral,3,Trauma/Injury,45,107,Transferred,No,2021-02-23 07:42:00
EV014566,PAT02549,FAC002,DEP007,2023-11-16 22:57:00,Walk-in,4,Poisoning,41,82,Discharged,No,2023-11-17 01:00:00
EV014568,PAT12236,FAC004,DEP004,2023-11-12 07:34:00,Walk-in,4,Chest Pain,47,83,Discharged,No,2023-11-12 09:44:00
EV014570,PAT05894,FAC002,DEP006,2023-11-04 03:16:00,Walk-in,3,Laceration,17,80,Discharged,No,2023-11-04 04:53:00
EV014573,PAT06622,FAC001,DEP008,2023-05-17 14:45:00,Referral,4,Laceration,36,66,Discharged,No,2023-05-17 16:27:00
EV014577,PAT03099,FAC001,DEP008,2021-12-19 21:02:00,Referral,4,Chest Pain,9,45,Discharged,No,2021-12-19 21:56:00
EV014588,PAT13168,FAC002,DEP005,2025-05-27 04:38:00,Walk-in,3,Abdominal Pain,51,117,Discharged,No,2025-05-27 07:26:00
EV014589,PAT00222,FAC002,DEP002,2021-08-10 16:21:00,Walk-in,3,Breathing Difficulty,26,64,Discharged,No,2021-08-10 17:51:00
EV014590,PAT07253,FAC004,DEP002,2025-12-24 20:22:00,Ambulance,3,Breathing Difficulty,57,138,Discharged,No,2025-12-24 23:37:00
EV014593,PAT01329,FAC003,DEP008,2026-02-14 20:48:00,Ambulance,4,Stroke Symptoms,50,77,Discharged,No,2026-02-14 22:55:00
EV014597,PAT06139,FAC005,DEP008,2021-01-16 00:47:00,Walk-in,4,Poisoning,58,64,Discharged,No,2021-01-16 02:49:00
EV014598,PAT09516,FAC005,DEP008,2022-11-24 11:33:00,Walk-in,3,Laceration,25,107,Discharged,No,2022-11-24 13:45:00
EV014618,PAT01704,FAC005,DEP008,2024-08-08 01:17:00,Ambulance,4,Trauma/Injury,50,35,Discharged,No,2024-08-08 02:42:00
EV014619,PAT00412,FAC005,DEP008,2021-12-14 14:40:00,Walk-in,4,Trauma/Injury,60,65,Discharged,No,2021-12-14 16:45:00
EV014620,PAT13780,FAC001,DEP008,2022-08-19 11:59:00,Walk-in,4,Trauma/Injury,46,61,Transferred,No,2022-08-19 13:46:00
EV014621,PAT12236,FAC001,DEP008,2021-11-28 11:34:00,Walk-in,4,Fever,62,77,Discharged,No,2021-11-28 13:53:00
EV014624,PAT14702,FAC001,DEP008,2023-10-09 14:18:00,Referral,4,Stroke Symptoms,48,32,Transferred,No,2023-10-09 15:38:00
EV014626,PAT08939,FAC002,DEP001,2026-03-18 10:40:00,Walk-in,3,Chest Pain,46,67,Transferred,No,2026-03-18 12:33:00
EV014632,PAT11853,FAC004,DEP002,2021-07-23 23:31:00,Walk-in,4,Seizure,66,61,Transferred,No,2021-07-24 01:38:00
EV014633,PAT14967,FAC002,DEP002,2022-07-30 11:16:00,Walk-in,2,Fracture,11,104,Admitted,Yes,2022-07-30 13:11:00
EV014636,PAT14243,FAC005,DEP008,2021-05-07 13:43:00,Walk-in,2,Stroke Symptoms,16,120,Discharged,No,2021-05-07 15:59:00
EV014637,PAT10105,FAC004,DEP006,2023-05-12 04:59:00,Walk-in,3,Stroke Symptoms,24,105,LWBS,No,2023-05-12 07:08:00
EV014638,PAT12468,FAC001,DEP008,2026-11-17 10:40:00,Referral,3,Breathing Difficulty,41,72,Discharged,No,2026-11-17 12:33:00
EV014652,PAT04154,FAC004,DEP007,2024-07-20 01:04:00,Walk-in,2,Abdominal Pain,7,105,Discharged,No,2024-07-20 02:56:00
EV014654,PAT06751,FAC004,DEP005,2021-09-17 03:27:00,Walk-in,4,Laceration,68,53,Admitted,Yes,2021-09-17 05:28:00
EV014669,PAT02070,FAC003,DEP008,2026-06-09 05:00:00,Walk-in,1,Fracture,6,136,Discharged,No,2026-06-09 07:22:00
EV014681,PAT08787,FAC001,DEP008,2021-08-22 15:03:00,Walk-in,5,Fracture,65,41,Discharged,No,2021-08-22 16:49:00
EV014687,PAT07418,FAC005,DEP008,2022-03-21 08:16:00,Walk-in,5,Breathing Difficulty,121,34,Discharged,No,2022-03-21 10:51:00
EV014693,PAT04527,FAC003,DEP008,2021-03-10 19:02:00,Referral,4,Poisoning,41,78,Discharged,No,2021-03-10 21:01:00
EV014694,PAT06351,FAC005,DEP008,2021-04-14 09:04:00,Walk-in,4,Fever,44,60,Transferred,No,2021-04-14 10:48:00
EV014700,PAT08571,FAC001,DEP008,2022-07-07 00:38:00,Walk-in,5,Breathing Difficulty,57,36,Admitted,Yes,2022-07-07 02:11:00
EV014704,PAT13488,FAC003,DEP008,2026-04-15 00:33:00,Referral,4,Stroke Symptoms,76,59,Admitted,Yes,2026-04-15 02:48:00
EV014705,PAT05658,FAC001,DEP008,2021-10-14 11:07:00,Walk-in,5,Poisoning,73,40,Deceased,No,2021-10-14 13:00:00
EV014708,PAT06441,FAC003,DEP008,2024-07-29 14:35:00,Ambulance,5,Chest Pain,35,53,Discharged,No,2024-07-29 16:03:00
EV014716,PAT13637,FAC003,DEP008,2022-12-10 00:10:00,Walk-in,2,Stroke Symptoms,10,174,Discharged,No,2022-12-10 03:14:00
EV014726,PAT12288,FAC003,DEP008,2021-11-19 07:14:00,Ambulance,2,Fever,16,137,Discharged,No,2021-11-19 09:47:00
EV014731,PAT05835,FAC002,DEP006,2024-07-23 08:53:00,Referral,4,Poisoning,48,73,Discharged,No,2024-07-23 10:54:00
EV014738,PAT10665,FAC002,DEP002,2021-06-10 18:09:00,Ambulance,3,Fracture,30,119,Discharged,No,2021-06-10 20:38:00
EV014760,PAT01660,FAC002,DEP005,2026-09-14 08:23:00,Walk-in,4,Fracture,81,67,Discharged,No,2026-09-14 10:51:00
EV014764,PAT02967,FAC004,DEP006,2026-06-03 21:58:00,Referral,4,Abdominal Pain,72,56,Discharged,No,2026-06-04 00:06:00
EV014769,PAT11640,FAC004,DEP001,2024-03-23 04:45:00,Walk-in,4,Poisoning,65,55,Admitted,Yes,2024-03-23 06:45:00
EV014770,PAT03166,FAC003,DEP008,2024-05-03 13:48:00,Walk-in,3,Chest Pain,28,87,Discharged,No,2024-05-03 15:43:00
EV014779,PAT05684,FAC004,DEP002,2026-11-16 19:24:00,Police/Public,3,Poisoning,42,63,Transferred,No,2026-11-16 21:09:00
EV014781,PAT00304,FAC002,DEP001,2026-04-03 08:50:00,Police/Public,3,Fever,31,77,Discharged,No,2026-04-03 10:38:00
EV014782,PAT14943,FAC005,DEP008,2026-06-29 02:05:00,Ambulance,3,Fever,58,75,Discharged,No,2026-06-29 04:18:00
EV014788,PAT01770,FAC005,DEP008,2024-01-27 01:49:00,Ambulance,5,Abdominal Pain,81,26,Discharged,No,2024-01-27 03:36:00
EV014789,PAT11255,FAC001,DEP008,2026-11-16 20:37:00,Walk-in,2,Fever,11,175,LWBS,No,2026-11-16 23:43:00
EV014797,PAT09820,FAC002,DEP007,2025-08-12 19:07:00,Ambulance,4,Breathing Difficulty,46,75,Admitted,Yes,2025-08-12 21:08:00
EV014800,PAT05602,FAC002,DEP007,2025-06-16 10:43:00,Ambulance,3,Allergic Reaction,51,83,Admitted,Yes,2025-06-16 12:57:00
EV014805,PAT07303,FAC002,DEP007,2025-09-06 20:23:00,Walk-in,4,Laceration,63,34,Discharged,No,2025-09-06 22:00:00
EV014810,PAT05059,FAC004,DEP004,2025-08-05 12:11:00,Walk-in,3,Stroke Symptoms,31,51,Discharged,No,2025-08-05 13:33:00
EV014814,PAT00248,FAC004,DEP004,2024-11-03 07:35:00,Walk-in,3,Trauma/Injury,42,100,Discharged,No,2024-11-03 09:57:00
EV014817,PAT10753,FAC001,DEP008,2026-09-05 22:53:00,Walk-in,2,Abdominal Pain,21,194,Admitted,Yes,2026-09-06 02:28:00
EV014819,PAT06378,FAC005,DEP008,2026-05-13 19:58:00,Ambulance,3,Chest Pain,30,82,Transferred,No,2026-05-13 21:50:00
EV014821,PAT04748,FAC005,DEP008,2022-12-10 02:45:00,Ambulance,4,Fever,61,72,Discharged,No,2022-12-10 04:58:00
EV014826,PAT13830,FAC001,DEP008,2021-03-17 16:15:00,Walk-in,4,Breathing Difficulty,42,54,Admitted,Yes,2021-03-17 17:51:00
EV014836,PAT06843,FAC005,DEP008,2023-07-08 02:08:00,Police/Public,3,Fever,22,104,Admitted,Yes,2023-07-08 04:14:00
EV014839,PAT12802,FAC005,DEP008,2026-03-28 09:31:00,Walk-in,3,Abdominal Pain,55,105,Discharged,No,2026-03-28 12:11:00
EV014841,PAT04314,FAC005,DEP008,2022-01-07 15:29:00,Walk-in,4,Trauma/Injury,77,64,Discharged,No,2022-01-07 17:50:00
EV014845,PAT04360,FAC004,DEP004,2025-11-02 04:47:00,Referral,3,Poisoning,29,103,Discharged,No,2025-11-02 06:59:00
EV014847,PAT12468,FAC005,DEP008,2023-12-30 11:50:00,Walk-in,4,Fever,47,71,Transferred,No,2023-12-30 13:48:00
EV014858,PAT12461,FAC001,DEP008,2021-04-20 20:04:00,Police/Public,4,Poisoning,41,78,LWBS,No,2021-04-20 22:03:00
EV014859,PAT11882,FAC004,DEP005,2022-08-28 07:41:00,Ambulance,3,Fracture,31,108,Discharged,No,2022-08-28 10:00:00
EV014862,PAT02499,FAC003,DEP008,2021-05-12 00:31:00,Walk-in,2,Poisoning,16,161,Admitted,Yes,2021-05-12 03:28:00
EV014870,PAT07725,FAC001,DEP008,2025-04-12 21:47:00,Walk-in,4,Abdominal Pain,57,62,LWBS,No,2025-04-12 23:46:00
EV014880,PAT03546,FAC005,DEP008,2022-04-17 17:28:00,Walk-in,4,Stroke Symptoms,34,90,Discharged,No,2022-04-17 19:32:00
EV014883,PAT09058,FAC005,DEP008,2021-05-14 20:14:00,Walk-in,3,Fever,21,29,Discharged,No,2021-05-14 21:04:00
EV014886,PAT07924,FAC004,DEP004,2025-11-25 16:14:00,Ambulance,3,Breathing Difficulty,20,61,Transferred,No,2025-11-25 17:35:00
EV014894,PAT13651,FAC003,DEP008,2023-07-03 03:58:00,Referral,4,Stroke Symptoms,45,72,Discharged,No,2023-07-03 05:55:00
EV014897,PAT00104,FAC001,DEP008,2023-11-14 07:05:00,Walk-in,4,Abdominal Pain,26,80,Discharged,No,2023-11-14 08:51:00
EV014908,PAT02857,FAC004,DEP002,2021-01-23 06:26:00,Walk-in,3,Laceration,38,83,Transferred,No,2021-01-23 08:27:00
EV014909,PAT13549,FAC002,DEP007,2026-01-05 16:15:00,Walk-in,5,Abdominal Pain,98,40,Admitted,Yes,2026-01-05 18:33:00
EV014916,PAT00462,FAC004,DEP002,2021-04-21 03:13:00,Police/Public,5,Breathing Difficulty,64,27,Discharged,No,2021-04-21 04:44:00
EV014920,PAT11973,FAC002,DEP005,2025-11-10 01:43:00,Walk-in,3,Allergic Reaction,44,32,Discharged,No,2025-11-10 02:59:00
EV014925,PAT04873,FAC003,DEP008,2023-05-08 08:00:00,Walk-in,5,Breathing Difficulty,73,45,Discharged,No,2023-05-08 09:58:00
EV014935,PAT02343,FAC004,DEP007,2023-07-03 20:53:00,Referral,3,Poisoning,48,66,Transferred,No,2023-07-03 22:47:00
EV014937,PAT11493,FAC002,DEP002,2022-04-05 05:55:00,Ambulance,4,Chest Pain,54,65,Discharged,No,2022-04-05 07:54:00
EV014939,PAT01316,FAC005,DEP008,2026-07-30 11:36:00,Walk-in,4,Fracture,66,77,Transferred,No,2026-07-30 13:59:00
EV014960,PAT01627,FAC003,DEP008,2024-03-31 14:33:00,Walk-in,5,Seizure,25,40,Admitted,Yes,2024-03-31 15:38:00
EV014961,PAT05788,FAC001,DEP008,2025-04-02 18:44:00,Walk-in,4,Fever,59,67,Discharged,No,2025-04-02 20:50:00
EV014962,PAT08049,FAC003,DEP008,2022-07-19 15:46:00,Walk-in,4,Laceration,51,72,Discharged,No,2022-07-19 17:49:00
EV014972,PAT12379,FAC001,DEP008,2021-11-27 19:00:00,Walk-in,4,Poisoning,68,84,Admitted,Yes,2021-11-27 21:32:00
EV014973,PAT07518,FAC001,DEP008,2025-04-22 13:59:00,Walk-in,4,Chest Pain,59,41,Transferred,No,2025-04-22 15:39:00
EV014977,PAT10451,FAC001,DEP008,2025-10-27 21:52:00,Referral,5,Abdominal Pain,65,38,Discharged,No,2025-10-27 23:35:00
EV014979,PAT12980,FAC002,DEP001,2024-10-02 09:42:00,Ambulance,4,Breathing Difficulty,61,98,LWBS,No,2024-10-02 12:21:00
EV014985,PAT12330,FAC005,DEP008,2024-10-18 14:21:00,Ambulance,5,Fever,114,35,Discharged,No,2024-10-18 16:50:00
EV014989,PAT14682,FAC001,DEP008,2023-02-06 19:12:00,Walk-in,4,Seizure,52,64,Discharged,No,2023-02-06 21:08:00
EV014997,PAT09262,FAC002,DEP007,2025-09-21 13:53:00,Walk-in,4,Breathing Difficulty,38,67,Admitted,Yes,2025-09-21 15:38:00
