transaction_id,facility_id,medicine_id,transaction_type,transaction_date,quantity,transaction_value,vendor_id
TXN006869,FAC004,MED0124,Dispense,2025-05-02,41,75632.29,VND005
TXN024017,FAC004,MED0051,Dispense,2025-12-20,25,43245.5,VND009
TXN009669,FAC005,MED0071,Purchase,2025-04-07,88,126205.2,VND021
TXN013641,FAC004,MED0113,Dispense,2025-08-25,1,2018.63,VND024
TXN014019,FAC002,MED0155,Adjustment,2025-07-04,35,73399.2,VND017
TXN007489,FAC005,MED0055,Adjustment,2025-01-10,51,71362.77,VND012
TXN005805,FAC001,MED0072,Purchase,2025-12-03,38,36771.08,VND029
TXN012910,FAC001,MED0108,Dispense,2025-09-22,77,131673.85,VND018
TXN003387,FAC003,MED0141,Purchase,2025-07-20,38,49839.28,VND025
TXN009568,FAC003,MED0096,Dispense,2025-04-08,1,236.76,VND014
TXN021424,FAC003,MED0001,Dispense,2025-10-25,34,62292.42,VND015
TXN003504,FAC001,MED0068,Dispense,2025-07-12,99,11549.34,VND017
TXN006658,FAC004,MED0039,Dispense,2025-09-14,80,188618.4,VND024
TXN019193,FAC004,MED0035,Dispense,2025-01-13,88,70440.48,VND025
TXN002519,FAC003,MED0119,Adjustment,2025-12-18,91,21429.59,VND019
TXN013362,FAC004,MED0128,Dispense,2025-08-22,93,34720.62,VND026
TXN021136,FAC002,MED0144,Dispense,2025-07-13,25,59410.75,VND010
TXN021081,FAC001,MED0095,Dispense,2025-09-20,42,16940.7,VND016
TXN006493,FAC001,MED0159,Dispense,2025-09-05,52,49379.2,VND010
TXN006892,FAC002,MED0039,Purchase,2025-09-25,40,94309.2,VND024
TXN007753,FAC004,MED0157,Purchase,2025-07-13,89,119223.51,VND017
TXN008615,FAC004,MED0057,Purchase,2025-02-23,18,39965.76,VND024
TXN006650,FAC003,MED0091,Return,2025-08-14,43,18913.55,VND001
TXN002228,FAC004,MED0057,Dispense,2025-06-28,12,26643.84,VND024
TXN012061,FAC004,MED0175,Dispense,2025-07-11,72,23550.48,VND023
TXN019123,FAC005,MED0025,Dispense,2025-02-06,45,75036.6,VND024
TXN009623,FAC002,MED0042,Dispense,2025-11-23,35,87302.95,VND017
TXN012280,FAC005,MED0159,Dispense,2025-10-16,40,37984.0,VND010
TXN016448,FAC004,MED0048,Return,2025-02-01,58,46828.04,VND009
TXN000424,FAC003,MED0144,Dispense,2025-10-05,5,11882.15,VND010
TXN014338,FAC005,MED0006,Dispense,2025-05-01,53,3469.91,VND012
TXN022164,FAC002,MED0107,Dispense,2025-11-20,18,9769.68,VND013
TXN019840,FAC004,MED0086,Dispense,2025-12-16,9,1986.21,VND007
TXN012457,FAC005,MED0116,Adjustment,2025-05-24,87,23053.26,VND003
TXN010278,FAC004,MED0175,Dispense,2025-08-22,20,6541.8,VND023
TXN023086,FAC003,MED0113,Dispense,2025-11-09,99,199844.37,VND024
TXN001806,FAC001,MED0168,Dispense,2025-06-06,79,109857.4,VND030
TXN002791,FAC002,MED0141,Dispense,2025-05-16,69,90497.64,VND025
TXN024428,FAC005,MED0146,Purchase,2025-11-10,35,40723.9,VND004
TXN017717,FAC005,MED0082,Purchase,2025-10-30,97,113322.19,VND019
TXN004973,FAC005,MED0139,Adjustment,2025-04-14,61,135952.53,VND015
TXN007614,FAC003,MED0096,Return,2025-07-01,72,17046.72,VND014
TXN017239,FAC004,MED0129,Dispense,2025-03-14,59,85939.99,VND019
TXN013571,FAC001,MED0030,Dispense,2025-06-16,79,100753.44,VND029
TXN007947,FAC003,MED0174,Purchase,2025-07-17,50,30322.0,VND011
TXN005101,FAC003,MED0059,Purchase,2025-11-17,88,82344.24,VND003
TXN023949,FAC002,MED0040,Purchase,2025-04-23,16,2715.36,VND017
TXN021183,FAC003,MED0043,Dispense,2025-01-09,92,94971.6,VND002
TXN000734,FAC003,MED0066,Dispense,2025-09-01,6,7563.42,VND021
TXN018405,FAC001,MED0094,Dispense,2025-03-13,92,168107.92,VND022
TXN003849,FAC001,MED0022,Dispense,2025-02-18,24,43792.56,VND008
TXN022715,FAC002,MED0062,Dispense,2025-07-23,20,11984.4,VND004
TXN009889,FAC001,MED0136,Dispense,2025-04-05,62,90628.5,VND003
TXN004406,FAC004,MED0061,Dispense,2025-01-04,46,75103.74,VND003
TXN022684,FAC003,MED0032,Purchase,2025-09-17,49,20078.24,VND019
TXN003353,FAC001,MED0147,Dispense,2025-09-16,97,19565.87,VND028
TXN015192,FAC004,MED0063,Dispense,2025-06-02,59,45765.71,VND017
TXN015695,FAC004,MED0164,Dispense,2025-05-07,30,72605.7,VND022
TXN019947,FAC001,MED0128,Dispense,2025-04-07,4,1493.36,VND026
TXN014355,FAC004,MED0067,Dispense,2025-02-27,59,34315.58,VND005
TXN021743,FAC002,MED0115,Dispense,2025-09-11,16,9641.28,VND005
TXN018354,FAC004,MED0017,Dispense,2025-07-03,92,221098.08,VND025
TXN017581,FAC005,MED0174,Return,2025-07-07,64,38812.16,VND011
TXN022489,FAC001,MED0025,Dispense,2025-05-20,99,165080.52,VND024
TXN014093,FAC005,MED0126,Dispense,2025-10-16,71,153945.04,VND012
TXN020524,FAC004,MED0055,Adjustment,2025-02-04,76,106344.52,VND012
TXN003493,FAC003,MED0024,Dispense,2025-02-07,74,83474.22,VND008
TXN019350,FAC003,MED0082,Dispense,2025-04-25,34,39721.18,VND019
TXN015658,FAC001,MED0007,Dispense,2025-12-29,20,48692.0,VND028
TXN003590,FAC003,MED0100,Purchase,2025-11-17,89,197367.29,VND005
TXN008125,FAC005,MED0139,Purchase,2025-01-18,8,17829.84,VND015
TXN018666,FAC005,MED0067,Dispense,2025-04-17,98,56998.76,VND005
TXN012043,FAC001,MED0148,Dispense,2025-11-02,19,1682.07,VND022
TXN008505,FAC003,MED0008,Purchase,2025-11-03,98,12127.5,VND025
TXN018725,FAC001,MED0045,Dispense,2025-11-06,74,182353.76,VND026
TXN006254,FAC005,MED0073,Purchase,2025-10-10,99,138159.45,VND018
TXN017245,FAC004,MED0090,Dispense,2025-07-27,25,5238.5,VND021
TXN012332,FAC003,MED0149,Purchase,2025-01-11,7,10570.91,VND020
TXN020199,FAC001,MED0030,Dispense,2025-06-07,65,82898.4,VND029
TXN000867,FAC004,MED0119,Dispense,2025-06-27,96,22607.04,VND019
TXN011507,FAC003,MED0064,Adjustment,2025-03-12,36,24079.68,VND022
TXN012891,FAC004,MED0132,Dispense,2025-09-21,3,2849.85,VND029
TXN015979,FAC005,MED0091,Dispense,2025-07-27,4,1759.4,VND001
TXN012759,FAC002,MED0047,Return,2025-04-22,45,71404.2,VND002
TXN021917,FAC003,MED0068,Dispense,2025-07-04,62,7232.92,VND017
TXN009808,FAC003,MED0024,Purchase,2025-11-22,74,83474.22,VND008
TXN005036,FAC001,MED0107,Purchase,2025-06-18,54,29309.04,VND013
TXN017519,FAC002,MED0117,Dispense,2025-09-26,87,179875.11,VND020
TXN021079,FAC005,MED0093,Dispense,2025-04-10,47,112213.44,VND001
TXN020182,FAC001,MED0121,Dispense,2025-07-13,77,63681.31,VND012
TXN024662,FAC005,MED0114,Dispense,2025-12-13,90,56793.6,VND018
TXN012147,FAC003,MED0013,Dispense,2025-08-18,90,41591.7,VND004
TXN016542,FAC001,MED0089,Dispense,2025-08-12,81,150834.15,VND028
TXN009318,FAC003,MED0136,Dispense,2025-01-26,30,43852.5,VND003
TXN015821,FAC002,MED0007,Purchase,2025-12-07,56,136337.6,VND028
TXN013953,FAC004,MED0003,Dispense,2025-02-09,92,163071.84,VND008
TXN012059,FAC004,MED0019,Dispense,2025-12-10,16,21766.4,VND028
TXN008092,FAC002,MED0166,Purchase,2025-05-25,100,160129.0,VND021
TXN023590,FAC003,MED0157,Dispense,2025-09-19,50,66979.5,VND017
TXN024420,FAC002,MED0058,Dispense,2025-08-07,34,66812.38,VND008
TXN007229,FAC003,MED0031,Purchase,2025-08-14,15,28362.45,VND015
TXN022666,FAC002,MED0041,Dispense,2025-03-18,78,135968.82,VND030
TXN013339,FAC005,MED0043,Dispense,2025-01-13,16,16516.8,VND002
TXN009516,FAC005,MED0045,Dispense,2025-03-17,67,165104.08,VND026
TXN022390,FAC004,MED0103,Dispense,2025-08-15,42,61645.5,VND028
TXN006550,FAC003,MED0060,Dispense,2025-09-14,9,6439.77,VND029
TXN005690,FAC002,MED0130,Dispense,2025-10-02,89,53205.98,VND020
TXN006516,FAC003,MED0180,Dispense,2025-06-16,2,2312.52,VND005
TXN015766,FAC005,MED0155,Dispense,2025-09-20,5,10485.6,VND017
TXN014939,FAC003,MED0148,Dispense,2025-09-06,48,4249.44,VND022
TXN003610,FAC004,MED0158,Dispense,2025-12-19,6,8797.14,VND021
TXN007887,FAC005,MED0056,Purchase,2025-12-29,80,70258.4,VND009
TXN012403,FAC003,MED0033,Dispense,2025-03-08,62,98359.28,VND030
TXN002975,FAC003,MED0043,Purchase,2025-02-11,6,6193.8,VND002
TXN001916,FAC004,MED0061,Dispense,2025-08-02,47,76736.43,VND003
TXN007812,FAC005,MED0124,Purchase,2025-06-04,50,92234.5,VND005
TXN009603,FAC003,MED0032,Purchase,2025-02-21,51,20897.76,VND019
TXN014416,FAC005,MED0034,Dispense,2025-06-02,100,47293.0,VND012
TXN020140,FAC002,MED0067,Dispense,2025-06-23,56,32570.72,VND005
TXN006096,FAC002,MED0088,Dispense,2025-01-19,27,34954.74,VND018
TXN007540,FAC005,MED0167,Purchase,2025-08-29,45,110308.95,VND028
TXN011817,FAC004,MED0147,Dispense,2025-10-19,89,17952.19,VND028
TXN010601,FAC002,MED0075,Adjustment,2025-10-20,69,24639.21,VND023
TXN014799,FAC001,MED0161,Dispense,2025-08-05,9,19768.77,VND030
TXN020480,FAC005,MED0025,Dispense,2025-03-08,36,60029.28,VND024
TXN003711,FAC002,MED0042,Adjustment,2025-10-01,62,154650.94,VND017
TXN020926,FAC004,MED0125,Purchase,2025-03-02,25,60547.0,VND018
TXN013610,FAC005,MED0174,Return,2025-02-18,97,58824.68,VND011
TXN015466,FAC001,MED0056,Dispense,2025-04-17,30,26346.9,VND009
TXN009995,FAC005,MED0102,Dispense,2025-03-26,58,89476.6,VND004
TXN007299,FAC005,MED0077,Purchase,2025-02-03,55,49711.75,VND022
TXN019854,FAC003,MED0131,Dispense,2025-01-28,75,66055.5,VND004
TXN006665,FAC005,MED0109,Dispense,2025-04-02,76,129700.08,VND026
TXN023886,FAC005,MED0057,Dispense,2025-06-21,20,44406.4,VND024
TXN001428,FAC004,MED0015,Dispense,2025-08-25,14,27154.82,VND018
TXN003078,FAC005,MED0128,Dispense,2025-12-27,74,27627.16,VND026
TXN017506,FAC003,MED0069,Purchase,2025-09-02,30,21139.8,VND029
TXN024839,FAC002,MED0114,Dispense,2025-02-19,65,41017.6,VND018
TXN003542,FAC004,MED0141,Dispense,2025-11-09,9,11804.04,VND025
TXN008183,FAC001,MED0014,Dispense,2025-02-10,6,3157.14,VND006
TXN009213,FAC002,MED0053,Return,2025-11-29,23,14968.17,VND010
TXN001347,FAC004,MED0046,Dispense,2025-02-18,20,12003.8,VND024
TXN009527,FAC003,MED0025,Dispense,2025-04-11,45,75036.6,VND024
TXN004373,FAC001,MED0001,Dispense,2025-12-15,14,25649.82,VND015
TXN001890,FAC001,MED0172,Dispense,2025-09-20,24,15637.2,VND017
TXN024672,FAC002,MED0052,Dispense,2025-05-23,12,10295.28,VND011
TXN014379,FAC002,MED0046,Dispense,2025-09-27,40,24007.6,VND024
TXN007199,FAC004,MED0109,Dispense,2025-09-21,4,6826.32,VND026
TXN004895,FAC003,MED0131,Dispense,2025-05-17,28,24660.72,VND004
TXN002906,FAC002,MED0134,Dispense,2025-07-24,45,52915.5,VND018
TXN006663,FAC001,MED0010,Dispense,2025-05-20,37,74833.61,VND014
TXN009810,FAC005,MED0089,Dispense,2025-10-25,100,186215.0,VND028
TXN005419,FAC002,MED0008,Purchase,2025-01-07,25,3093.75,VND025
TXN003548,FAC005,MED0073,Dispense,2025-04-27,30,41866.5,VND018
TXN012725,FAC001,MED0144,Dispense,2025-11-19,31,73669.33,VND010
TXN013554,FAC002,MED0103,Dispense,2025-01-23,23,33758.25,VND028
TXN024372,FAC005,MED0054,Dispense,2025-08-25,80,106231.2,VND020
TXN011128,FAC002,MED0036,Purchase,2025-03-22,1,1072.35,VND027
TXN017605,FAC001,MED0130,Dispense,2025-07-05,85,50814.7,VND020
TXN004745,FAC001,MED0090,Dispense,2025-11-22,77,16134.58,VND021
TXN018973,FAC005,MED0012,Dispense,2025-12-17,83,172998.56,VND029
TXN001476,FAC001,MED0135,Dispense,2025-06-13,77,23167.76,VND008
TXN021162,FAC002,MED0043,Dispense,2025-12-27,12,12387.6,VND002
TXN000537,FAC001,MED0012,Purchase,2025-05-13,70,145902.4,VND029
TXN016452,FAC004,MED0041,Dispense,2025-12-11,17,29634.23,VND030
TXN016428,FAC002,MED0045,Dispense,2025-12-17,77,189746.48,VND026
TXN015253,FAC004,MED0177,Dispense,2025-10-16,15,25073.25,VND027
TXN022276,FAC003,MED0125,Purchase,2025-01-11,93,225234.84,VND018
TXN018873,FAC001,MED0159,Adjustment,2025-11-16,33,31336.8,VND010
TXN002886,FAC003,MED0045,Dispense,2025-02-25,18,44356.32,VND026
TXN014588,FAC001,MED0052,Dispense,2025-04-24,70,60055.8,VND011
TXN002843,FAC004,MED0162,Dispense,2025-06-02,29,1835.12,VND008
TXN013978,FAC004,MED0133,Purchase,2025-08-21,69,57338.31,VND026
TXN024635,FAC003,MED0022,Purchase,2025-08-17,18,32844.42,VND008
TXN007118,FAC005,MED0047,Dispense,2025-06-09,44,69817.44,VND002
TXN019070,FAC002,MED0162,Dispense,2025-01-06,75,4746.0,VND008
TXN010762,FAC002,MED0095,Dispense,2025-07-08,66,26621.1,VND016
TXN010841,FAC003,MED0017,Purchase,2025-09-15,56,134581.44,VND025
TXN021480,FAC002,MED0142,Dispense,2025-08-03,1,1140.72,VND015
TXN013621,FAC005,MED0030,Dispense,2025-10-09,21,26782.56,VND029
TXN021394,FAC005,MED0049,Dispense,2025-07-01,77,63162.33,VND020
TXN007304,FAC002,MED0065,Dispense,2025-09-01,6,13385.88,VND019
TXN005326,FAC003,MED0122,Dispense,2025-09-02,54,106952.94,VND021
TXN024697,FAC003,MED0012,Dispense,2025-05-05,5,10421.6,VND029
TXN003674,FAC003,MED0043,Purchase,2025-04-13,81,83616.3,VND002
TXN016675,FAC001,MED0089,Dispense,2025-06-20,4,7448.6,VND028
TXN012366,FAC002,MED0131,Purchase,2025-06-18,37,32587.38,VND004
TXN008275,FAC003,MED0094,Dispense,2025-12-14,61,111462.86,VND022
TXN000960,FAC004,MED0017,Dispense,2025-07-13,41,98532.84,VND025
TXN012397,FAC004,MED0069,Purchase,2025-01-03,68,47916.88,VND029
TXN001819,FAC005,MED0006,Dispense,2025-02-16,44,2880.68,VND012
TXN014280,FAC003,MED0004,Purchase,2025-10-01,37,77050.65,VND024
TXN017918,FAC004,MED0018,Dispense,2025-04-10,9,18658.89,VND015
TXN005077,FAC005,MED0108,Return,2025-02-16,96,164164.8,VND018
TXN016791,FAC003,MED0101,Dispense,2025-12-19,48,112037.76,VND026
TXN001748,FAC004,MED0070,Dispense,2025-06-07,61,145366.66,VND009
TXN000324,FAC005,MED0119,Dispense,2025-06-15,48,11303.52,VND019
TXN010297,FAC003,MED0111,Dispense,2025-10-05,78,171183.48,VND011
TXN012751,FAC002,MED0143,Purchase,2025-01-12,35,78879.15,VND003
TXN010013,FAC003,MED0152,Purchase,2025-11-13,71,8568.28,VND027
TXN019763,FAC004,MED0075,Purchase,2025-11-13,5,1785.45,VND023
TXN022708,FAC002,MED0155,Purchase,2025-12-15,42,88079.04,VND017
TXN003785,FAC004,MED0094,Dispense,2025-08-27,44,80399.44,VND022
TXN020799,FAC003,MED0133,Dispense,2025-08-28,74,61493.26,VND026
TXN023769,FAC005,MED0113,Purchase,2025-07-18,38,76707.94,VND024
TXN008484,FAC001,MED0098,Dispense,2025-04-03,63,127186.29,VND016
TXN024717,FAC005,MED0001,Dispense,2025-12-01,45,82445.85,VND015
TXN013837,FAC001,MED0113,Dispense,2025-09-07,2,4037.26,VND024
TXN002282,FAC003,MED0048,Dispense,2025-03-02,18,14532.84,VND009
TXN013515,FAC001,MED0048,Dispense,2025-04-29,65,52479.7,VND009
TXN021715,FAC002,MED0093,Dispense,2025-04-18,95,226814.4,VND001
TXN024102,FAC003,MED0011,Purchase,2025-02-27,74,126770.14,VND002
TXN019000,FAC005,MED0177,Dispense,2025-05-17,58,96949.9,VND027
TXN010463,FAC005,MED0085,Dispense,2025-04-23,50,96341.0,VND008
TXN024826,FAC002,MED0096,Dispense,2025-09-30,12,2841.12,VND014
TXN006816,FAC002,MED0014,Return,2025-08-24,13,6840.47,VND006
TXN016799,FAC004,MED0141,Dispense,2025-05-01,30,39346.8,VND025
TXN007956,FAC001,MED0017,Purchase,2025-03-28,11,26435.64,VND025
TXN004294,FAC001,MED0124,Purchase,2025-04-02,20,36893.8,VND005
TXN006245,FAC001,MED0031,Dispense,2025-07-31,6,11344.98,VND015
TXN022932,FAC001,MED0069,Dispense,2025-06-12,89,62714.74,VND029
TXN004520,FAC002,MED0028,Dispense,2025-09-08,86,9353.36,VND007
TXN015260,FAC001,MED0095,Dispense,2025-07-01,93,37511.55,VND016
TXN020015,FAC003,MED0124,Dispense,2025-09-02,89,164177.41,VND005
TXN003844,FAC004,MED0114,Dispense,2025-05-19,92,58055.68,VND018
TXN023909,FAC005,MED0124,Dispense,2025-03-03,63,116215.47,VND005
TXN022928,FAC002,MED0060,Dispense,2025-07-30,14,10017.42,VND029
TXN002852,FAC004,MED0022,Dispense,2025-09-19,69,125903.61,VND008
TXN012571,FAC004,MED0068,Dispense,2025-01-29,96,11199.36,VND017
TXN013074,FAC004,MED0059,Purchase,2025-12-08,18,16843.14,VND003
TXN005816,FAC004,MED0043,Dispense,2025-08-02,75,77422.5,VND002
TXN012592,FAC005,MED0076,Dispense,2025-06-09,30,55620.0,VND026
TXN008158,FAC005,MED0091,Dispense,2025-10-26,71,31229.35,VND001
TXN009154,FAC003,MED0113,Adjustment,2025-10-03,31,62577.53,VND024
TXN006380,FAC005,MED0173,Dispense,2025-06-06,39,48188.4,VND006
TXN015444,FAC003,MED0064,Dispense,2025-12-23,93,62205.84,VND022
TXN000398,FAC001,MED0164,Dispense,2025-09-26,25,60504.75,VND022
TXN006879,FAC003,MED0119,Dispense,2025-06-13,80,18839.2,VND019
TXN021804,FAC001,MED0104,Purchase,2025-02-15,60,86209.8,VND018
TXN001202,FAC004,MED0154,Purchase,2025-09-07,75,71788.5,VND026
TXN006385,FAC005,MED0158,Dispense,2025-04-02,79,115829.01,VND021
TXN008551,FAC004,MED0086,Purchase,2025-11-24,82,18096.58,VND007
TXN000517,FAC003,MED0132,Dispense,2025-08-28,62,58896.9,VND029
TXN003589,FAC004,MED0163,Purchase,2025-10-18,10,20797.8,VND022
TXN002251,FAC005,MED0039,Purchase,2025-02-11,17,40081.41,VND024
TXN018162,FAC005,MED0002,Dispense,2025-05-09,30,7714.2,VND019
TXN001458,FAC001,MED0007,Dispense,2025-02-25,2,4869.2,VND028
TXN004557,FAC004,MED0060,Purchase,2025-11-13,11,7870.83,VND029
TXN007517,FAC004,MED0088,Purchase,2025-06-29,9,11651.58,VND018
TXN020976,FAC004,MED0112,Dispense,2025-08-07,89,63263.87,VND029
TXN018689,FAC005,MED0112,Dispense,2025-03-27,61,43360.63,VND029
TXN013759,FAC003,MED0081,Dispense,2025-09-09,3,726.6,VND002
TXN003352,FAC001,MED0100,Dispense,2025-11-12,46,102010.06,VND005
TXN019138,FAC002,MED0140,Dispense,2025-12-24,38,7292.2,VND028
TXN002169,FAC002,MED0114,Adjustment,2025-08-05,10,6310.4,VND018
TXN022512,FAC002,MED0041,Dispense,2025-10-12,73,127252.87,VND030
TXN005475,FAC004,MED0106,Purchase,2025-08-30,60,97890.0,VND001
TXN012137,FAC005,MED0179,Dispense,2025-02-03,74,33234.14,VND010
TXN006600,FAC001,MED0047,Dispense,2025-02-11,62,98379.12,VND002
TXN017356,FAC003,MED0151,Dispense,2025-07-04,13,29881.67,VND015
TXN003190,FAC002,MED0045,Purchase,2025-03-31,47,115819.28,VND026
TXN001057,FAC003,MED0109,Dispense,2025-01-31,33,56317.14,VND026
TXN016812,FAC001,MED0072,Purchase,2025-09-04,100,96766.0,VND029
TXN020028,FAC005,MED0014,Dispense,2025-05-06,45,23678.55,VND006
TXN013170,FAC003,MED0134,Purchase,2025-06-02,70,82313.0,VND018
TXN010773,FAC004,MED0091,Dispense,2025-02-14,34,14954.9,VND001
TXN008241,FAC002,MED0074,Purchase,2025-03-26,3,550.44,VND008
TXN004521,FAC004,MED0154,Dispense,2025-11-15,69,66045.42,VND026
TXN005099,FAC005,MED0015,Purchase,2025-05-22,34,65947.42,VND018
TXN013366,FAC003,MED0128,Dispense,2025-05-07,3,1120.02,VND026
TXN014418,FAC001,MED0118,Dispense,2025-08-24,24,23469.36,VND019
TXN015795,FAC005,MED0161,Dispense,2025-01-26,31,68092.43,VND030
TXN024239,FAC003,MED0132,Dispense,2025-03-17,25,23748.75,VND029
TXN003635,FAC005,MED0126,Adjustment,2025-12-02,11,23850.64,VND012
TXN007842,FAC004,MED0143,Dispense,2025-07-18,39,87893.91,VND003
TXN019588,FAC003,MED0049,Return,2025-09-22,100,82029.0,VND020
TXN023285,FAC002,MED0052,Dispense,2025-02-25,96,82362.24,VND011
TXN000853,FAC003,MED0105,Return,2025-07-02,69,141659.07,VND019
TXN020729,FAC004,MED0001,Dispense,2025-09-23,36,65956.68,VND015
TXN018009,FAC005,MED0167,Dispense,2025-11-28,73,178945.63,VND028
TXN012432,FAC003,MED0064,Dispense,2025-01-15,35,23410.8,VND022
TXN006070,FAC005,MED0024,Dispense,2025-11-23,66,74449.98,VND008
TXN024527,FAC004,MED0138,Dispense,2025-06-19,91,182624.26,VND006
TXN006875,FAC004,MED0036,Purchase,2025-10-08,83,89005.05,VND027
TXN024186,FAC002,MED0170,Dispense,2025-07-27,70,109076.8,VND030
TXN024556,FAC003,MED0141,Dispense,2025-06-04,80,104924.8,VND025
TXN005118,FAC005,MED0051,Purchase,2025-07-06,99,171252.18,VND009
TXN019635,FAC005,MED0166,Purchase,2025-12-31,97,155325.13,VND021
TXN015667,FAC001,MED0077,Purchase,2025-04-14,59,53327.15,VND022
TXN002560,FAC002,MED0135,Adjustment,2025-07-24,59,17751.92,VND008
TXN023920,FAC005,MED0010,Dispense,2025-05-25,79,159779.87,VND014
TXN002749,FAC004,MED0180,Dispense,2025-11-15,8,9250.08,VND005
TXN011989,FAC001,MED0049,Adjustment,2025-01-16,21,17226.09,VND020
TXN018928,FAC005,MED0148,Dispense,2025-11-19,78,6905.34,VND022
TXN006211,FAC004,MED0012,Dispense,2025-01-29,42,87541.44,VND029
TXN009943,FAC002,MED0008,Purchase,2025-04-02,65,8043.75,VND025
TXN020538,FAC002,MED0065,Purchase,2025-03-11,9,20078.82,VND019
TXN023809,FAC004,MED0055,Purchase,2025-10-04,9,12593.43,VND012
TXN010629,FAC003,MED0038,Purchase,2025-07-31,40,22459.6,VND030
TXN017289,FAC004,MED0083,Dispense,2025-09-20,48,4032.48,VND026
TXN005924,FAC003,MED0037,Dispense,2025-10-20,17,430.44,VND003
TXN018217,FAC002,MED0091,Dispense,2025-01-06,99,43545.15,VND001
TXN008901,FAC001,MED0133,Dispense,2025-01-29,50,41549.5,VND026
TXN018007,FAC002,MED0077,Dispense,2025-08-04,59,53327.15,VND022
TXN021114,FAC005,MED0028,Dispense,2025-01-15,17,1848.92,VND007
TXN004443,FAC003,MED0168,Dispense,2025-10-04,85,118201.0,VND030
TXN002347,FAC005,MED0117,Purchase,2025-07-08,45,93038.85,VND020
TXN002326,FAC005,MED0139,Return,2025-08-19,19,42345.87,VND015
TXN000284,FAC005,MED0056,Dispense,2025-08-06,5,4391.15,VND009
TXN018359,FAC005,MED0179,Dispense,2025-01-25,35,15718.85,VND010
TXN024769,FAC005,MED0008,Purchase,2025-12-29,30,3712.5,VND025
TXN021300,FAC003,MED0066,Dispense,2025-06-07,18,22690.26,VND021
TXN020020,FAC003,MED0141,Dispense,2025-08-19,94,123286.64,VND025
TXN001685,FAC002,MED0035,Purchase,2025-09-15,78,62435.88,VND025
TXN006626,FAC002,MED0014,Adjustment,2025-04-25,79,41569.01,VND006
TXN017009,FAC002,MED0124,Dispense,2025-11-13,59,108836.71,VND005
TXN004411,FAC005,MED0076,Purchase,2025-02-23,8,14832.0,VND026
TXN008142,FAC003,MED0005,Purchase,2025-09-13,79,122194.04,VND021
TXN008859,FAC003,MED0092,Adjustment,2025-04-02,14,3387.02,VND030
TXN023987,FAC003,MED0119,Dispense,2025-09-27,54,12716.46,VND019
TXN011243,FAC005,MED0005,Purchase,2025-11-23,44,68057.44,VND021
TXN016426,FAC001,MED0160,Adjustment,2025-10-21,21,13326.39,VND014
TXN009654,FAC002,MED0142,Dispense,2025-12-21,48,54754.56,VND015
TXN012035,FAC004,MED0120,Dispense,2025-05-12,2,2874.02,VND020
TXN022810,FAC005,MED0011,Dispense,2025-09-28,70,119917.7,VND002
TXN021135,FAC002,MED0001,Dispense,2025-09-11,62,113592.06,VND015
TXN012274,FAC004,MED0008,Purchase,2025-12-22,49,6063.75,VND025
TXN010229,FAC003,MED0084,Return,2025-04-09,50,45280.0,VND015
TXN000964,FAC004,MED0070,Purchase,2025-05-10,31,73874.86,VND009
TXN021217,FAC001,MED0112,Dispense,2025-02-11,88,62553.04,VND029
TXN012537,FAC003,MED0157,Purchase,2025-05-23,77,103148.43,VND017
TXN001104,FAC005,MED0071,Dispense,2025-11-21,15,21512.25,VND021
TXN021252,FAC004,MED0177,Adjustment,2025-10-27,25,41788.75,VND027
TXN012607,FAC001,MED0098,Purchase,2025-05-16,9,18169.47,VND016
TXN003278,FAC003,MED0054,Return,2025-08-16,31,41164.59,VND020
TXN000627,FAC005,MED0019,Return,2025-09-02,36,48974.4,VND028
TXN019986,FAC001,MED0056,Purchase,2025-02-07,58,50937.34,VND009
TXN010982,FAC004,MED0022,Dispense,2025-09-19,7,12772.83,VND008
TXN016805,FAC001,MED0165,Purchase,2025-11-15,89,107180.03,VND016
TXN006848,FAC002,MED0162,Dispense,2025-03-02,95,6011.6,VND008
TXN006309,FAC002,MED0008,Purchase,2025-03-04,32,3960.0,VND025
TXN005935,FAC005,MED0072,Dispense,2025-04-18,29,28062.14,VND029
TXN015560,FAC001,MED0171,Dispense,2025-08-26,50,18725.5,VND029
TXN020988,FAC003,MED0153,Dispense,2025-03-01,47,56638.76,VND001
TXN019450,FAC002,MED0026,Purchase,2025-09-07,42,49759.92,VND003
TXN013979,FAC003,MED0001,Dispense,2025-05-21,44,80613.72,VND015
TXN023685,FAC005,MED0124,Dispense,2025-08-25,34,62719.46,VND005
TXN022122,FAC005,MED0064,Purchase,2025-05-06,22,14715.36,VND022
TXN003464,FAC001,MED0120,Adjustment,2025-05-26,77,110649.77,VND020
TXN010753,FAC005,MED0129,Dispense,2025-10-21,48,69917.28,VND019
TXN008744,FAC003,MED0063,Dispense,2025-07-09,91,70587.79,VND017
TXN010671,FAC001,MED0086,Dispense,2025-12-11,77,16993.13,VND007
TXN011925,FAC001,MED0110,Purchase,2025-07-02,62,18753.14,VND007
TXN010423,FAC003,MED0005,Dispense,2025-06-13,82,126834.32,VND021
TXN005497,FAC002,MED0118,Dispense,2025-07-02,70,68452.3,VND019
TXN010373,FAC001,MED0068,Dispense,2025-10-02,66,7699.56,VND017
TXN002085,FAC004,MED0142,Dispense,2025-06-30,83,94679.76,VND015
TXN004085,FAC001,MED0075,Dispense,2025-08-04,98,34994.82,VND023
TXN006831,FAC001,MED0161,Dispense,2025-12-06,89,195491.17,VND030
TXN008529,FAC001,MED0135,Dispense,2025-11-23,85,25574.8,VND008
TXN002010,FAC005,MED0085,Adjustment,2025-01-13,82,157999.24,VND008
TXN018519,FAC005,MED0026,Purchase,2025-03-22,77,91226.52,VND003
TXN000260,FAC002,MED0163,Purchase,2025-10-06,31,64473.18,VND022
TXN013288,FAC001,MED0042,Dispense,2025-02-24,79,197055.23,VND017
TXN007908,FAC001,MED0143,Purchase,2025-11-15,88,198324.72,VND003
TXN023671,FAC004,MED0105,Dispense,2025-10-18,69,141659.07,VND019
TXN020191,FAC005,MED0040,Purchase,2025-06-27,13,2206.23,VND017
TXN022303,FAC005,MED0085,Dispense,2025-06-28,56,107901.92,VND008
TXN022503,FAC004,MED0124,Adjustment,2025-10-23,74,136507.06,VND005
TXN021590,FAC003,MED0053,Return,2025-04-03,27,17571.33,VND010
TXN014983,FAC002,MED0176,Adjustment,2025-10-16,69,120313.92,VND008
TXN009827,FAC003,MED0084,Dispense,2025-12-14,38,34412.8,VND015
TXN001941,FAC001,MED0173,Purchase,2025-01-16,55,67958.0,VND006
TXN010245,FAC004,MED0100,Adjustment,2025-04-14,41,90922.01,VND005
TXN013839,FAC001,MED0049,Adjustment,2025-03-08,76,62342.04,VND020
TXN023120,FAC001,MED0034,Adjustment,2025-05-13,56,26484.08,VND012
TXN019408,FAC003,MED0106,Purchase,2025-02-25,56,91364.0,VND001
TXN011317,FAC002,MED0006,Purchase,2025-12-22,93,6088.71,VND012
TXN022549,FAC001,MED0150,Dispense,2025-11-07,21,43212.96,VND003
TXN003687,FAC003,MED0069,Return,2025-02-24,11,7751.26,VND029
TXN016511,FAC003,MED0068,Dispense,2025-04-29,66,7699.56,VND017
TXN016544,FAC001,MED0021,Dispense,2025-01-04,16,348.16,VND008
TXN021461,FAC004,MED0026,Adjustment,2025-01-29,55,65161.8,VND003
TXN008342,FAC003,MED0069,Adjustment,2025-06-28,4,2818.64,VND029
TXN008011,FAC002,MED0057,Dispense,2025-08-19,29,64389.28,VND024
TXN005930,FAC001,MED0052,Purchase,2025-07-26,64,54908.16,VND011
TXN010064,FAC002,MED0003,Return,2025-02-27,5,8862.6,VND008
TXN002137,FAC005,MED0076,Purchase,2025-03-23,79,146466.0,VND026
TXN020854,FAC005,MED0097,Dispense,2025-02-20,30,52845.6,VND030
TXN017896,FAC001,MED0153,Dispense,2025-10-20,13,15666.04,VND001
TXN001835,FAC005,MED0145,Dispense,2025-06-27,21,32620.77,VND024
TXN011064,FAC002,MED0152,Dispense,2025-07-13,26,3137.68,VND027
TXN007091,FAC002,MED0060,Dispense,2025-04-28,43,30767.79,VND029
TXN016398,FAC003,MED0016,Purchase,2025-11-20,20,29959.4,VND004
TXN007707,FAC005,MED0067,Purchase,2025-04-22,79,45947.98,VND005
TXN000100,FAC001,MED0030,Dispense,2025-07-17,58,73970.88,VND029
TXN023464,FAC004,MED0108,Dispense,2025-12-12,60,102603.0,VND018
TXN013020,FAC003,MED0143,Dispense,2025-12-06,12,27044.28,VND003
TXN013996,FAC003,MED0171,Dispense,2025-03-18,40,14980.4,VND029
TXN004158,FAC002,MED0164,Dispense,2025-07-03,25,60504.75,VND022
TXN007720,FAC001,MED0119,Purchase,2025-12-24,73,17190.77,VND019
TXN020580,FAC005,MED0177,Dispense,2025-01-07,36,60175.8,VND027
TXN005628,FAC003,MED0109,Dispense,2025-05-03,81,138232.98,VND026
TXN008159,FAC005,MED0010,Dispense,2025-09-02,7,14157.71,VND014
TXN004597,FAC005,MED0135,Dispense,2025-12-31,44,13238.72,VND008
TXN008819,FAC005,MED0094,Dispense,2025-11-14,1,1827.26,VND022
TXN023361,FAC005,MED0107,Dispense,2025-06-10,12,6513.12,VND013
TXN008758,FAC001,MED0112,Adjustment,2025-01-09,3,2132.49,VND029
TXN024533,FAC005,MED0101,Purchase,2025-03-19,49,114371.88,VND026
TXN022281,FAC003,MED0169,Dispense,2025-08-07,6,8233.44,VND020
TXN024441,FAC004,MED0001,Dispense,2025-09-19,49,89774.37,VND015
TXN008994,FAC003,MED0039,Purchase,2025-10-22,42,99024.66,VND024
TXN010322,FAC001,MED0007,Return,2025-03-26,52,126599.2,VND028
TXN015798,FAC003,MED0063,Dispense,2025-11-19,37,28700.53,VND017
TXN003266,FAC003,MED0174,Purchase,2025-01-12,59,35779.96,VND011
TXN018243,FAC005,MED0151,Dispense,2025-04-12,42,96540.78,VND015
TXN006562,FAC004,MED0004,Purchase,2025-01-10,58,120782.1,VND024
TXN016277,FAC002,MED0092,Dispense,2025-05-12,9,2177.37,VND030
TXN015833,FAC005,MED0004,Dispense,2025-02-25,85,177008.25,VND024
TXN009490,FAC003,MED0167,Dispense,2025-03-20,100,245131.0,VND028
TXN020890,FAC004,MED0124,Return,2025-02-11,34,62719.46,VND005
TXN006693,FAC004,MED0161,Purchase,2025-07-20,78,171329.34,VND030
TXN019053,FAC005,MED0084,Dispense,2025-11-19,85,76976.0,VND015
TXN021958,FAC003,MED0140,Dispense,2025-04-01,12,2302.8,VND028
TXN006391,FAC002,MED0143,Dispense,2025-10-05,72,162265.68,VND003
TXN020834,FAC001,MED0126,Purchase,2025-11-10,72,156113.28,VND012
TXN000347,FAC004,MED0058,Dispense,2025-11-10,80,157205.6,VND008
TXN008204,FAC004,MED0061,Dispense,2025-09-12,94,153472.86,VND003
TXN019103,FAC001,MED0054,Purchase,2025-04-25,32,42492.48,VND020
TXN009854,FAC005,MED0097,Dispense,2025-05-23,81,142683.12,VND030
TXN011974,FAC001,MED0156,Dispense,2025-04-09,30,1262.1,VND001
TXN000251,FAC004,MED0084,Purchase,2025-08-02,60,54336.0,VND015
TXN000719,FAC005,MED0126,Dispense,2025-10-21,47,101907.28,VND012
TXN024466,FAC002,MED0063,Purchase,2025-05-24,75,58176.75,VND017
TXN004098,FAC003,MED0176,Purchase,2025-08-06,8,13949.44,VND008
TXN022647,FAC003,MED0046,Dispense,2025-03-03,25,15004.75,VND024
TXN018639,FAC003,MED0010,Adjustment,2025-11-17,94,190117.82,VND014
TXN023825,FAC005,MED0055,Dispense,2025-09-25,32,44776.64,VND012
TXN009356,FAC001,MED0157,Dispense,2025-02-13,86,115204.74,VND017
TXN010230,FAC005,MED0163,Dispense,2025-07-27,77,160143.06,VND022
TXN018184,FAC001,MED0174,Purchase,2025-11-02,42,25470.48,VND011
TXN020046,FAC002,MED0082,Dispense,2025-08-22,40,46730.8,VND019
TXN008030,FAC004,MED0157,Dispense,2025-05-07,33,44206.47,VND017
TXN023262,FAC004,MED0045,Purchase,2025-01-24,54,133068.96,VND026
TXN011754,FAC003,MED0099,Dispense,2025-10-24,6,9763.44,VND030
TXN007537,FAC002,MED0062,Purchase,2025-01-17,9,5392.98,VND004
TXN012651,FAC005,MED0079,Dispense,2025-08-28,66,1380.72,VND026
TXN001973,FAC002,MED0109,Dispense,2025-04-07,77,131406.66,VND026
TXN004565,FAC001,MED0037,Dispense,2025-04-23,83,2101.56,VND003
TXN017946,FAC002,MED0127,Adjustment,2025-12-19,39,21943.74,VND013
TXN004951,FAC004,MED0134,Dispense,2025-06-09,42,49387.8,VND018
TXN013200,FAC002,MED0108,Dispense,2025-11-23,48,82082.4,VND018
TXN009890,FAC002,MED0040,Return,2025-08-16,54,9164.34,VND017
TXN011215,FAC001,MED0059,Dispense,2025-12-24,10,9357.3,VND003
TXN000076,FAC004,MED0128,Purchase,2025-02-01,59,22027.06,VND026
TXN001148,FAC004,MED0032,Purchase,2025-02-24,7,2868.32,VND019
TXN022395,FAC004,MED0116,Dispense,2025-12-13,76,20138.48,VND003
TXN008023,FAC005,MED0013,Dispense,2025-02-14,4,1848.52,VND004
TXN024902,FAC004,MED0116,Purchase,2025-08-27,64,16958.72,VND003
TXN000035,FAC005,MED0004,Dispense,2025-06-28,90,187420.5,VND024
TXN004580,FAC004,MED0090,Adjustment,2025-11-16,30,6286.2,VND021
TXN002210,FAC003,MED0030,Dispense,2025-01-14,8,10202.88,VND029
TXN020042,FAC002,MED0146,Dispense,2025-02-15,67,77957.18,VND004
TXN008157,FAC002,MED0071,Dispense,2025-01-18,47,67405.05,VND021
TXN017790,FAC004,MED0010,Dispense,2025-12-24,84,169892.52,VND014
TXN005115,FAC001,MED0098,Dispense,2025-03-16,70,141318.1,VND016
TXN016070,FAC004,MED0080,Dispense,2025-04-04,95,17554.1,VND001
TXN009301,FAC005,MED0016,Dispense,2025-06-10,66,98866.02,VND004
TXN007364,FAC001,MED0176,Purchase,2025-10-19,40,69747.2,VND008
TXN024844,FAC003,MED0150,Return,2025-12-08,42,86425.92,VND003
TXN005054,FAC003,MED0062,Dispense,2025-02-18,15,8988.3,VND004
TXN014265,FAC003,MED0012,Adjustment,2025-10-02,36,75035.52,VND029
TXN010580,FAC005,MED0096,Purchase,2025-12-07,77,18230.52,VND014
TXN011922,FAC004,MED0032,Dispense,2025-02-13,4,1639.04,VND019
TXN018949,FAC003,MED0142,Dispense,2025-11-29,58,66161.76,VND015
TXN013011,FAC004,MED0021,Purchase,2025-12-17,86,1871.36,VND008
TXN008583,FAC003,MED0108,Dispense,2025-06-14,57,97472.85,VND018
TXN015802,FAC003,MED0048,Dispense,2025-10-31,33,26643.54,VND009
TXN009189,FAC001,MED0096,Adjustment,2025-04-17,9,2130.84,VND014
TXN003549,FAC002,MED0106,Dispense,2025-11-01,13,21209.5,VND001
TXN022422,FAC003,MED0148,Dispense,2025-09-05,60,5311.8,VND022
TXN001744,FAC004,MED0167,Dispense,2025-03-24,3,7353.93,VND028
TXN015738,FAC001,MED0119,Purchase,2025-11-07,30,7064.7,VND019
TXN021092,FAC003,MED0086,Purchase,2025-05-14,35,7724.15,VND007
TXN005091,FAC002,MED0106,Dispense,2025-11-01,27,44050.5,VND001
TXN013959,FAC005,MED0071,Dispense,2025-10-04,80,114732.0,VND021
TXN003707,FAC005,MED0029,Dispense,2025-01-29,51,26044.68,VND013
TXN009685,FAC004,MED0108,Purchase,2025-09-25,25,42751.25,VND018
TXN002389,FAC002,MED0066,Dispense,2025-05-05,54,68070.78,VND021
TXN013198,FAC001,MED0006,Purchase,2025-03-14,45,2946.15,VND012
TXN024629,FAC004,MED0005,Dispense,2025-08-07,33,51043.08,VND021
TXN003954,FAC005,MED0068,Dispense,2025-01-23,74,8632.84,VND017
TXN014525,FAC003,MED0173,Dispense,2025-01-04,11,13591.6,VND006
TXN005743,FAC005,MED0127,Purchase,2025-08-16,44,24757.04,VND013
TXN002517,FAC003,MED0030,Adjustment,2025-04-19,30,38260.8,VND029
TXN009775,FAC004,MED0058,Dispense,2025-02-17,1,1965.07,VND008
TXN004069,FAC003,MED0036,Dispense,2025-06-10,71,76136.85,VND027
TXN015583,FAC002,MED0174,Dispense,2025-04-09,95,57611.8,VND011
TXN018380,FAC002,MED0175,Dispense,2025-01-06,79,25840.11,VND023
TXN023755,FAC001,MED0145,Purchase,2025-05-30,62,96308.94,VND024
TXN012282,FAC001,MED0110,Dispense,2025-03-20,76,22987.72,VND007
TXN017958,FAC003,MED0127,Dispense,2025-08-06,48,27007.68,VND013
TXN007516,FAC002,MED0044,Dispense,2025-03-03,71,42954.29,VND001
TXN003223,FAC005,MED0041,Purchase,2025-05-09,59,102848.21,VND030
TXN018818,FAC005,MED0118,Purchase,2025-08-24,2,1955.78,VND019
TXN018037,FAC001,MED0174,Purchase,2025-12-28,32,19406.08,VND011
TXN014500,FAC002,MED0030,Dispense,2025-11-09,68,86724.48,VND029
TXN015549,FAC001,MED0129,Purchase,2025-01-08,57,83026.77,VND019
TXN015726,FAC001,MED0167,Dispense,2025-10-01,85,208361.35,VND028
TXN021732,FAC001,MED0111,Dispense,2025-08-01,37,81202.42,VND011
TXN024596,FAC001,MED0126,Return,2025-04-18,34,73720.16,VND012
TXN014229,FAC002,MED0074,Dispense,2025-10-11,25,4587.0,VND008
TXN005788,FAC005,MED0017,Purchase,2025-04-17,36,86516.64,VND025
TXN006504,FAC002,MED0108,Dispense,2025-04-07,35,59851.75,VND018
TXN004974,FAC005,MED0150,Dispense,2025-09-28,76,156389.76,VND003
TXN015506,FAC005,MED0145,Dispense,2025-01-05,76,118056.12,VND024
TXN014931,FAC003,MED0169,Purchase,2025-10-14,12,16466.88,VND020
TXN020548,FAC003,MED0114,Dispense,2025-04-12,43,27134.72,VND018
TXN016489,FAC001,MED0150,Dispense,2025-12-30,52,107003.52,VND003
TXN018761,FAC005,MED0065,Purchase,2025-10-29,84,187402.32,VND019
TXN005884,FAC004,MED0151,Dispense,2025-12-06,15,34478.85,VND015
TXN017478,FAC004,MED0123,Adjustment,2025-10-03,30,37203.0,VND021
TXN021839,FAC002,MED0124,Dispense,2025-06-02,68,125438.92,VND005
TXN006174,FAC002,MED0103,Adjustment,2025-05-11,31,45500.25,VND028
TXN003275,FAC001,MED0151,Purchase,2025-03-26,88,202275.92,VND015
TXN022480,FAC004,MED0113,Dispense,2025-08-29,64,129192.32,VND024
TXN021514,FAC003,MED0134,Dispense,2025-10-31,92,108182.8,VND018
TXN004274,FAC003,MED0140,Purchase,2025-04-13,34,6524.6,VND028
TXN002768,FAC001,MED0167,Dispense,2025-10-23,44,107857.64,VND028
TXN002588,FAC002,MED0065,Dispense,2025-08-22,26,58005.48,VND019
TXN010949,FAC002,MED0105,Dispense,2025-02-05,8,16424.24,VND019
TXN014888,FAC003,MED0011,Dispense,2025-11-10,83,142188.13,VND002
TXN012832,FAC005,MED0157,Dispense,2025-05-23,98,131279.82,VND017
TXN001484,FAC001,MED0178,Purchase,2025-06-05,16,1757.44,VND019
TXN021842,FAC003,MED0170,Purchase,2025-03-09,37,57654.88,VND030
TXN000053,FAC004,MED0116,Adjustment,2025-10-10,7,1854.86,VND003
TXN015388,FAC004,MED0150,Return,2025-01-04,73,150216.48,VND003
TXN015779,FAC003,MED0091,Dispense,2025-12-29,33,14515.05,VND001
TXN010597,FAC004,MED0032,Dispense,2025-05-25,98,40156.48,VND019
TXN003048,FAC005,MED0078,Purchase,2025-07-03,41,26505.27,VND003
TXN005534,FAC005,MED0006,Purchase,2025-08-28,60,3928.2,VND012
TXN023480,FAC002,MED0081,Dispense,2025-09-14,8,1937.6,VND002
TXN007570,FAC002,MED0033,Dispense,2025-03-21,58,92013.52,VND030
TXN020984,FAC004,MED0166,Adjustment,2025-11-30,97,155325.13,VND021
TXN018630,FAC002,MED0083,Dispense,2025-08-02,25,2100.25,VND026
TXN001457,FAC003,MED0159,Dispense,2025-06-21,18,17092.8,VND010
TXN017553,FAC001,MED0154,Purchase,2025-10-28,84,80403.12,VND026
TXN014727,FAC002,MED0162,Purchase,2025-11-26,64,4049.92,VND008
TXN008680,FAC001,MED0012,Dispense,2025-08-12,32,66698.24,VND029
TXN015880,FAC003,MED0019,Dispense,2025-02-18,6,8162.4,VND028
TXN011347,FAC003,MED0037,Return,2025-11-03,8,202.56,VND003
TXN022977,FAC005,MED0090,Adjustment,2025-03-14,55,11524.7,VND021
TXN024611,FAC004,MED0080,Dispense,2025-01-08,52,9608.56,VND001
TXN005479,FAC003,MED0081,Purchase,2025-05-08,15,3633.0,VND002
TXN012631,FAC003,MED0103,Dispense,2025-01-11,89,130629.75,VND028
TXN004680,FAC003,MED0006,Dispense,2025-12-09,41,2684.27,VND012
TXN018394,FAC005,MED0144,Dispense,2025-07-12,37,87927.91,VND010
TXN015169,FAC003,MED0040,Purchase,2025-08-20,28,4751.88,VND017
TXN000195,FAC003,MED0078,Dispense,2025-04-14,68,43959.96,VND003
TXN022755,FAC002,MED0018,Purchase,2025-02-10,45,93294.45,VND015
TXN019185,FAC002,MED0072,Dispense,2025-04-21,39,37738.74,VND029
TXN010466,FAC004,MED0048,Dispense,2025-12-02,55,44405.9,VND009
TXN005515,FAC001,MED0135,Dispense,2025-02-27,3,902.64,VND008
TXN008640,FAC002,MED0159,Dispense,2025-06-16,13,12344.8,VND010
TXN009887,FAC003,MED0059,Adjustment,2025-01-13,88,82344.24,VND003
TXN018819,FAC005,MED0098,Dispense,2025-03-14,40,80753.2,VND016
TXN013062,FAC005,MED0127,Dispense,2025-12-26,72,40511.52,VND013
TXN014215,FAC004,MED0121,Purchase,2025-08-30,60,49621.8,VND012
TXN009314,FAC002,MED0042,Adjustment,2025-06-24,60,149662.2,VND017
TXN006491,FAC003,MED0015,Adjustment,2025-07-25,73,141592.99,VND018
TXN023058,FAC003,MED0074,Dispense,2025-03-13,1,183.48,VND008
TXN003741,FAC004,MED0062,Dispense,2025-01-27,27,16178.94,VND004
TXN018232,FAC005,MED0121,Adjustment,2025-04-06,95,78567.85,VND012
TXN010281,FAC002,MED0151,Dispense,2025-03-23,92,211470.28,VND015
TXN020243,FAC001,MED0060,Adjustment,2025-06-02,29,20750.37,VND029
TXN003097,FAC004,MED0105,Dispense,2025-01-12,90,184772.7,VND019
TXN015257,FAC004,MED0120,Return,2025-08-03,39,56043.39,VND020
TXN000231,FAC003,MED0161,Dispense,2025-06-10,50,109826.5,VND030
TXN024152,FAC002,MED0020,Dispense,2025-10-12,71,3334.87,VND001
TXN000502,FAC005,MED0091,Dispense,2025-09-09,67,29469.95,VND001
TXN022863,FAC001,MED0084,Adjustment,2025-10-05,5,4528.0,VND015
TXN005684,FAC004,MED0063,Dispense,2025-12-28,18,13962.42,VND017
TXN008884,FAC005,MED0173,Dispense,2025-06-09,92,113675.2,VND006
TXN005803,FAC003,MED0156,Return,2025-07-30,49,2061.43,VND001
TXN003036,FAC002,MED0135,Purchase,2025-04-25,47,14141.36,VND008
TXN009402,FAC001,MED0083,Dispense,2025-07-02,81,6804.81,VND026
TXN023481,FAC003,MED0111,Dispense,2025-08-10,20,43893.2,VND011
TXN004992,FAC004,MED0087,Purchase,2025-07-08,98,171615.64,VND015
TXN006523,FAC002,MED0102,Dispense,2025-11-23,65,100275.5,VND004
TXN006889,FAC002,MED0058,Dispense,2025-04-01,39,76637.73,VND008
TXN020708,FAC001,MED0172,Purchase,2025-05-04,38,24758.9,VND017
TXN005928,FAC001,MED0084,Dispense,2025-10-13,91,82409.6,VND015
TXN001115,FAC003,MED0146,Dispense,2025-02-21,53,61667.62,VND004
TXN017549,FAC003,MED0180,Dispense,2025-09-22,22,25437.72,VND005
TXN017476,FAC005,MED0053,Dispense,2025-08-31,61,39698.19,VND010
TXN007305,FAC001,MED0058,Dispense,2025-12-15,32,62882.24,VND008
TXN006727,FAC001,MED0019,Purchase,2025-04-23,16,21766.4,VND028
TXN015974,FAC001,MED0176,Dispense,2025-03-12,13,22667.84,VND008
TXN015984,FAC002,MED0083,Dispense,2025-07-17,9,756.09,VND026
TXN001247,FAC003,MED0105,Purchase,2025-09-03,50,102651.5,VND019
TXN003489,FAC002,MED0086,Adjustment,2025-06-08,69,15227.61,VND007
TXN015594,FAC002,MED0128,Purchase,2025-10-11,1,373.34,VND026
TXN020062,FAC001,MED0030,Purchase,2025-02-21,62,79072.32,VND029
TXN015819,FAC001,MED0048,Dispense,2025-07-19,61,49250.18,VND009
TXN006129,FAC001,MED0084,Dispense,2025-03-21,34,30790.4,VND015
TXN000429,FAC004,MED0100,Purchase,2025-06-27,87,192932.07,VND005
TXN004179,FAC003,MED0039,Purchase,2025-05-19,41,96666.93,VND024
TXN023428,FAC002,MED0125,Dispense,2025-11-27,52,125937.76,VND018
TXN010713,FAC002,MED0175,Dispense,2025-04-27,74,24204.66,VND023
TXN019530,FAC003,MED0078,Purchase,2025-06-23,82,53010.54,VND003
TXN011713,FAC001,MED0154,Dispense,2025-07-29,26,24886.68,VND026
TXN004725,FAC005,MED0156,Dispense,2025-04-10,53,2229.71,VND001
TXN002120,FAC001,MED0083,Dispense,2025-01-04,54,4536.54,VND026
TXN020401,FAC004,MED0063,Dispense,2025-05-30,49,38008.81,VND017
TXN011179,FAC001,MED0065,Dispense,2025-09-14,26,58005.48,VND019
TXN019187,FAC005,MED0071,Dispense,2025-07-25,11,15775.65,VND021
TXN000281,FAC005,MED0131,Dispense,2025-10-24,13,11449.62,VND004
TXN010816,FAC003,MED0179,Dispense,2025-06-20,70,31437.7,VND010
TXN016464,FAC001,MED0170,Dispense,2025-12-03,52,81028.48,VND030
TXN008543,FAC005,MED0126,Dispense,2025-05-01,34,73720.16,VND012
TXN020710,FAC004,MED0034,Return,2025-06-23,27,12769.11,VND012
TXN011694,FAC003,MED0159,Dispense,2025-06-30,75,71220.0,VND010
TXN007672,FAC001,MED0146,Dispense,2025-09-16,72,83774.88,VND004
TXN021603,FAC003,MED0063,Adjustment,2025-01-27,50,38784.5,VND017
TXN009963,FAC001,MED0113,Dispense,2025-07-24,60,121117.8,VND024
TXN019449,FAC005,MED0147,Dispense,2025-04-16,7,1411.97,VND028
TXN018585,FAC001,MED0076,Dispense,2025-12-22,84,155736.0,VND026
TXN004490,FAC003,MED0125,Dispense,2025-09-10,64,155000.32,VND018
TXN009198,FAC001,MED0138,Purchase,2025-10-16,25,50171.5,VND006
TXN007841,FAC002,MED0139,Dispense,2025-08-04,71,158239.83,VND015
TXN000641,FAC003,MED0130,Dispense,2025-10-17,76,45434.32,VND020
TXN019988,FAC002,MED0084,Return,2025-05-21,46,41657.6,VND015
TXN016596,FAC004,MED0110,Dispense,2025-01-31,19,5746.93,VND007
TXN023263,FAC003,MED0089,Dispense,2025-06-07,73,135936.95,VND028
TXN013650,FAC001,MED0065,Purchase,2025-04-22,32,71391.36,VND019
TXN019074,FAC002,MED0015,Dispense,2025-07-14,26,50430.38,VND018
TXN006236,FAC002,MED0168,Dispense,2025-11-16,36,50061.6,VND030
TXN002860,FAC001,MED0026,Dispense,2025-04-12,91,107813.16,VND003
TXN006558,FAC001,MED0117,Purchase,2025-04-22,34,70296.02,VND020
TXN012464,FAC004,MED0031,Purchase,2025-02-28,3,5672.49,VND015
TXN003644,FAC003,MED0013,Adjustment,2025-03-02,29,13401.77,VND004
TXN004304,FAC004,MED0158,Dispense,2025-04-10,32,46918.08,VND021
TXN016623,FAC002,MED0180,Dispense,2025-07-20,87,100594.62,VND005
TXN020372,FAC002,MED0147,Dispense,2025-11-03,50,10085.5,VND028
TXN004716,FAC003,MED0154,Dispense,2025-11-12,93,89017.74,VND026
TXN002982,FAC004,MED0021,Purchase,2025-03-25,38,826.88,VND008
TXN007628,FAC001,MED0133,Dispense,2025-10-13,1,830.99,VND026
TXN014650,FAC005,MED0122,Dispense,2025-08-01,33,65360.13,VND021
TXN011076,FAC004,MED0036,Dispense,2025-09-04,25,26808.75,VND027
TXN024249,FAC002,MED0165,Return,2025-05-28,47,56600.69,VND016
TXN007722,FAC004,MED0164,Dispense,2025-12-04,24,58084.56,VND022
TXN019907,FAC003,MED0099,Purchase,2025-03-25,84,136688.16,VND030
TXN019570,FAC005,MED0174,Return,2025-08-15,2,1212.88,VND011
TXN018427,FAC003,MED0122,Dispense,2025-08-04,92,182216.12,VND021
TXN009993,FAC002,MED0173,Purchase,2025-05-09,43,53130.8,VND006
TXN022528,FAC003,MED0120,Purchase,2025-06-08,62,89094.62,VND020
TXN006317,FAC005,MED0082,Dispense,2025-05-22,46,53740.42,VND019
TXN006601,FAC003,MED0152,Dispense,2025-03-24,95,11464.6,VND027
TXN024872,FAC005,MED0060,Dispense,2025-07-10,22,15741.66,VND029
TXN012219,FAC002,MED0018,Dispense,2025-03-25,76,157563.96,VND015
TXN018747,FAC004,MED0130,Dispense,2025-05-17,71,42445.22,VND020
TXN006434,FAC002,MED0096,Purchase,2025-02-27,1,236.76,VND014
TXN017211,FAC005,MED0025,Dispense,2025-09-07,30,50024.4,VND024
TXN021517,FAC005,MED0128,Dispense,2025-10-12,73,27253.82,VND026
TXN011645,FAC003,MED0052,Dispense,2025-06-18,20,17158.8,VND011
TXN015005,FAC003,MED0073,Dispense,2025-07-08,7,9768.85,VND018
TXN020792,FAC005,MED0021,Dispense,2025-11-27,42,913.92,VND008
TXN008083,FAC005,MED0085,Dispense,2025-04-01,37,71292.34,VND008
TXN016307,FAC003,MED0147,Purchase,2025-12-01,89,17952.19,VND028
TXN018675,FAC004,MED0072,Dispense,2025-04-04,23,22256.18,VND029
TXN008688,FAC002,MED0156,Dispense,2025-10-30,80,3365.6,VND001
TXN024753,FAC005,MED0128,Adjustment,2025-06-03,64,23893.76,VND026
TXN011728,FAC001,MED0070,Dispense,2025-06-27,89,212092.34,VND009
TXN015756,FAC005,MED0031,Dispense,2025-08-02,27,51052.41,VND015
TXN015397,FAC004,MED0119,Dispense,2025-11-08,94,22136.06,VND019
TXN019043,FAC001,MED0089,Dispense,2025-03-15,43,80072.45,VND028
TXN005672,FAC003,MED0009,Dispense,2025-11-14,67,11397.37,VND009
TXN009579,FAC001,MED0125,Purchase,2025-12-25,14,33906.32,VND018
TXN002620,FAC005,MED0033,Dispense,2025-02-19,81,128501.64,VND030
TXN017464,FAC002,MED0058,Dispense,2025-03-16,33,64847.31,VND008
TXN007686,FAC002,MED0169,Purchase,2025-03-03,22,30189.28,VND020
TXN009713,FAC005,MED0164,Adjustment,2025-08-09,16,38723.04,VND022
TXN002196,FAC005,MED0120,Dispense,2025-11-29,30,43110.3,VND020
TXN013422,FAC005,MED0015,Purchase,2025-09-07,84,162928.92,VND018
TXN010507,FAC001,MED0180,Dispense,2025-09-13,78,90188.28,VND005
TXN000753,FAC002,MED0056,Dispense,2025-03-14,93,81675.39,VND009
TXN005200,FAC001,MED0029,Dispense,2025-04-18,67,34215.56,VND013
TXN024523,FAC004,MED0043,Dispense,2025-07-03,11,11355.3,VND002
TXN009964,FAC004,MED0033,Dispense,2025-12-29,59,93599.96,VND030
TXN016993,FAC002,MED0106,Adjustment,2025-03-22,99,161518.5,VND001
TXN004398,FAC001,MED0059,Dispense,2025-02-27,68,63629.64,VND003
TXN004937,FAC003,MED0132,Dispense,2025-10-23,38,36098.1,VND029
TXN022092,FAC002,MED0106,Purchase,2025-07-15,43,70154.5,VND001
TXN002580,FAC005,MED0165,Purchase,2025-02-19,71,85503.17,VND016
TXN022285,FAC004,MED0117,Dispense,2025-03-08,89,184010.17,VND020
TXN017184,FAC003,MED0117,Dispense,2025-06-30,18,37215.54,VND020
TXN019783,FAC002,MED0003,Purchase,2025-05-06,7,12407.64,VND008
TXN005763,FAC003,MED0060,Return,2025-02-17,32,22896.96,VND029
TXN010211,FAC002,MED0101,Dispense,2025-01-20,5,11670.6,VND026
TXN000200,FAC002,MED0089,Dispense,2025-02-11,75,139661.25,VND028
TXN009023,FAC002,MED0159,Dispense,2025-10-21,72,68371.2,VND010
TXN001053,FAC005,MED0012,Dispense,2025-12-22,24,50023.68,VND029
TXN016328,FAC002,MED0149,Purchase,2025-03-19,6,9060.78,VND020
TXN014330,FAC003,MED0064,Dispense,2025-07-03,58,38795.04,VND022
TXN008519,FAC002,MED0013,Purchase,2025-03-01,96,44364.48,VND004
TXN004385,FAC002,MED0047,Adjustment,2025-05-04,89,141221.64,VND002
TXN010169,FAC003,MED0110,Purchase,2025-03-29,47,14216.09,VND007
TXN018663,FAC004,MED0180,Purchase,2025-01-04,65,75156.9,VND005
TXN006215,FAC003,MED0124,Dispense,2025-05-24,94,173400.86,VND005
TXN016079,FAC004,MED0150,Purchase,2025-11-04,91,187256.16,VND003
TXN000513,FAC001,MED0174,Dispense,2025-09-25,30,18193.2,VND011
TXN001191,FAC003,MED0180,Dispense,2025-11-29,64,74000.64,VND005
TXN009332,FAC005,MED0126,Purchase,2025-10-27,17,36860.08,VND012
TXN016923,FAC005,MED0045,Adjustment,2025-12-21,2,4928.48,VND026
TXN003943,FAC001,MED0001,Dispense,2025-12-09,44,80613.72,VND015
TXN013036,FAC004,MED0061,Dispense,2025-08-17,47,76736.43,VND003
TXN017976,FAC001,MED0014,Dispense,2025-12-06,24,12628.56,VND006
TXN011611,FAC003,MED0067,Dispense,2025-04-17,55,31989.1,VND005
TXN015790,FAC001,MED0164,Purchase,2025-10-05,8,19361.52,VND022
TXN008317,FAC004,MED0064,Adjustment,2025-07-04,78,52172.64,VND022
TXN001203,FAC003,MED0022,Purchase,2025-04-05,47,85760.43,VND008
TXN001348,FAC002,MED0002,Dispense,2025-09-26,93,23914.02,VND019
TXN012245,FAC004,MED0156,Adjustment,2025-05-15,79,3323.53,VND001
TXN012726,FAC004,MED0117,Return,2025-08-22,34,70296.02,VND020
TXN015006,FAC004,MED0016,Purchase,2025-07-15,57,85384.29,VND004
TXN009595,FAC003,MED0050,Purchase,2025-10-12,23,46581.44,VND003
TXN019911,FAC005,MED0135,Dispense,2025-01-04,38,11433.44,VND008
TXN022260,FAC004,MED0089,Dispense,2025-01-06,44,81934.6,VND028
TXN000148,FAC003,MED0125,Purchase,2025-04-17,53,128359.64,VND018
TXN017809,FAC005,MED0092,Dispense,2025-09-08,22,5322.46,VND030
TXN014761,FAC004,MED0062,Purchase,2025-09-12,42,25167.24,VND004
TXN024608,FAC003,MED0068,Purchase,2025-07-16,90,10499.4,VND017
TXN018332,FAC001,MED0162,Dispense,2025-03-24,52,3290.56,VND008
TXN010742,FAC005,MED0008,Dispense,2025-11-06,1,123.75,VND025
TXN002534,FAC002,MED0142,Dispense,2025-10-10,65,74146.8,VND015
TXN017811,FAC005,MED0012,Return,2025-01-20,2,4168.64,VND029
TXN001123,FAC001,MED0008,Purchase,2025-04-15,34,4207.5,VND025
TXN014480,FAC004,MED0093,Adjustment,2025-04-06,68,162351.36,VND001
TXN021471,FAC004,MED0055,Purchase,2025-08-08,9,12593.43,VND012
TXN022816,FAC003,MED0133,Dispense,2025-08-15,22,18281.78,VND026
TXN004548,FAC001,MED0136,Purchase,2025-12-23,78,114016.5,VND003
TXN005552,FAC001,MED0095,Purchase,2025-03-28,19,7663.65,VND016
TXN021191,FAC001,MED0060,Dispense,2025-09-26,1,715.53,VND029
TXN008338,FAC002,MED0118,Purchase,2025-02-06,44,43027.16,VND019
TXN005585,FAC004,MED0024,Dispense,2025-05-15,21,23688.63,VND008
TXN008704,FAC003,MED0118,Dispense,2025-10-11,100,97789.0,VND019
TXN003596,FAC005,MED0002,Dispense,2025-08-27,82,21085.48,VND019
TXN022982,FAC005,MED0151,Dispense,2025-05-03,12,27583.08,VND015
TXN009151,FAC004,MED0039,Dispense,2025-02-20,89,209837.97,VND024
TXN012045,FAC001,MED0136,Purchase,2025-06-01,86,125710.5,VND003
TXN023286,FAC005,MED0041,Dispense,2025-03-22,88,153400.72,VND030
TXN005046,FAC003,MED0134,Adjustment,2025-06-23,44,51739.6,VND018
TXN019784,FAC005,MED0147,Dispense,2025-11-24,87,17548.77,VND028
TXN023564,FAC001,MED0058,Dispense,2025-09-07,36,70742.52,VND008
TXN014751,FAC002,MED0099,Dispense,2025-06-10,45,73225.8,VND030
TXN007349,FAC002,MED0095,Dispense,2025-09-13,23,9277.05,VND016
TXN011032,FAC002,MED0107,Dispense,2025-08-13,42,22795.92,VND013
TXN004535,FAC004,MED0005,Dispense,2025-06-04,26,40215.76,VND021
TXN014333,FAC004,MED0009,Adjustment,2025-05-09,65,11057.15,VND009
TXN022185,FAC004,MED0086,Dispense,2025-08-26,38,8386.22,VND007
TXN006280,FAC004,MED0017,Dispense,2025-03-09,26,62484.24,VND025
TXN009073,FAC004,MED0018,Dispense,2025-05-16,8,16585.68,VND015
TXN003845,FAC005,MED0022,Return,2025-05-24,79,144150.51,VND008
TXN015547,FAC005,MED0129,Dispense,2025-09-03,78,113615.58,VND019
TXN020392,FAC005,MED0001,Dispense,2025-06-12,75,137409.75,VND015
TXN019904,FAC003,MED0073,Dispense,2025-11-25,47,65590.85,VND018
TXN004564,FAC005,MED0160,Dispense,2025-08-06,88,55843.92,VND014
TXN023301,FAC003,MED0111,Dispense,2025-07-07,79,173378.14,VND011
TXN016878,FAC003,MED0173,Dispense,2025-01-10,36,44481.6,VND006
TXN008674,FAC001,MED0091,Dispense,2025-12-01,95,41785.75,VND001
TXN024421,FAC003,MED0175,Purchase,2025-01-10,95,31073.55,VND023
TXN013195,FAC003,MED0109,Dispense,2025-03-17,38,64850.04,VND026
TXN007807,FAC002,MED0028,Purchase,2025-02-10,55,5981.8,VND007
TXN011375,FAC003,MED0075,Dispense,2025-11-04,31,11069.79,VND023
TXN010017,FAC005,MED0038,Purchase,2025-02-17,49,27513.01,VND030
TXN006276,FAC004,MED0099,Purchase,2025-07-23,48,78107.52,VND030
TXN004060,FAC005,MED0145,Dispense,2025-02-18,100,155337.0,VND024
TXN008362,FAC004,MED0040,Purchase,2025-05-27,95,16122.45,VND017
TXN013116,FAC003,MED0075,Dispense,2025-03-18,3,1071.27,VND023
TXN012378,FAC004,MED0087,Dispense,2025-04-14,40,70047.2,VND015
TXN019403,FAC003,MED0078,Purchase,2025-11-17,37,23919.39,VND003
TXN007890,FAC005,MED0154,Dispense,2025-05-10,73,69874.14,VND026
TXN021729,FAC001,MED0117,Dispense,2025-11-17,8,16540.24,VND020
TXN020312,FAC003,MED0021,Purchase,2025-07-25,14,304.64,VND008
TXN013530,FAC004,MED0160,Dispense,2025-06-10,91,57747.69,VND014
TXN021352,FAC004,MED0067,Dispense,2025-05-16,72,41876.64,VND005
TXN005211,FAC005,MED0003,Dispense,2025-08-18,16,28360.32,VND008
TXN008966,FAC003,MED0174,Adjustment,2025-02-05,10,6064.4,VND011
TXN011407,FAC004,MED0096,Dispense,2025-09-05,62,14679.12,VND014
TXN007086,FAC004,MED0060,Dispense,2025-09-07,78,55811.34,VND029
TXN021029,FAC005,MED0098,Dispense,2025-01-16,71,143336.93,VND016
TXN006761,FAC002,MED0023,Dispense,2025-07-01,18,16223.4,VND010
TXN001228,FAC005,MED0086,Dispense,2025-05-30,38,8386.22,VND007
TXN007511,FAC001,MED0101,Dispense,2025-01-21,100,233412.0,VND026
TXN018183,FAC001,MED0125,Dispense,2025-01-06,31,75078.28,VND018
TXN017539,FAC004,MED0145,Purchase,2025-09-08,2,3106.74,VND024
TXN009299,FAC001,MED0072,Purchase,2025-08-29,32,30965.12,VND029
TXN011449,FAC004,MED0019,Dispense,2025-11-21,65,88426.0,VND028
TXN012812,FAC004,MED0102,Purchase,2025-12-12,51,78677.7,VND004
TXN021605,FAC002,MED0106,Dispense,2025-07-16,86,140309.0,VND001
TXN015286,FAC002,MED0081,Adjustment,2025-02-14,48,11625.6,VND002
TXN004903,FAC004,MED0118,Return,2025-01-30,43,42049.27,VND019
TXN010329,FAC005,MED0154,Purchase,2025-03-08,55,52644.9,VND026
TXN023808,FAC002,MED0083,Return,2025-10-21,11,924.11,VND026
TXN018716,FAC004,MED0065,Dispense,2025-11-30,71,158399.58,VND019
TXN021918,FAC001,MED0010,Dispense,2025-08-03,12,24270.36,VND014
TXN001730,FAC004,MED0170,Purchase,2025-06-03,80,124659.2,VND030
TXN001337,FAC002,MED0071,Purchase,2025-01-08,76,108995.4,VND021
TXN014273,FAC001,MED0082,Purchase,2025-12-01,36,42057.72,VND019
TXN019824,FAC003,MED0104,Dispense,2025-05-03,6,8620.98,VND018
TXN021631,FAC004,MED0043,Dispense,2025-08-22,50,51615.0,VND002
TXN019190,FAC003,MED0024,Dispense,2025-05-26,19,21432.57,VND008
TXN003170,FAC005,MED0147,Purchase,2025-10-26,95,19162.45,VND028
TXN018917,FAC002,MED0153,Purchase,2025-07-22,41,49408.28,VND001
TXN019743,FAC005,MED0028,Dispense,2025-04-21,3,326.28,VND007
TXN016028,FAC001,MED0140,Adjustment,2025-08-17,20,3838.0,VND028
TXN024498,FAC001,MED0115,Dispense,2025-08-27,60,36154.8,VND005
TXN014360,FAC003,MED0026,Dispense,2025-09-02,24,28434.24,VND003
TXN003303,FAC002,MED0113,Return,2025-03-26,31,62577.53,VND024
TXN001289,FAC002,MED0098,Dispense,2025-06-04,6,12112.98,VND016
TXN002875,FAC004,MED0116,Dispense,2025-12-22,55,14573.9,VND003
TXN007202,FAC003,MED0126,Adjustment,2025-06-08,44,95402.56,VND012
TXN005860,FAC004,MED0177,Purchase,2025-05-22,71,118680.05,VND027
TXN010991,FAC002,MED0125,Dispense,2025-06-03,92,222812.96,VND018
TXN007222,FAC005,MED0089,Dispense,2025-09-08,35,65175.25,VND028
TXN017453,FAC003,MED0086,Dispense,2025-09-02,49,10813.81,VND007
TXN019832,FAC005,MED0157,Dispense,2025-10-23,65,87073.35,VND017
TXN009110,FAC001,MED0027,Dispense,2025-04-12,94,178964.72,VND003
TXN021222,FAC004,MED0142,Dispense,2025-07-13,14,15970.08,VND015
TXN022322,FAC002,MED0058,Dispense,2025-10-12,12,23580.84,VND008
TXN023870,FAC001,MED0135,Dispense,2025-09-05,99,29787.12,VND008
TXN014511,FAC003,MED0094,Dispense,2025-03-07,10,18272.6,VND022
TXN006922,FAC001,MED0067,Dispense,2025-02-16,17,9887.54,VND005
TXN003051,FAC002,MED0092,Dispense,2025-04-30,21,5080.53,VND030
TXN023295,FAC005,MED0041,Dispense,2025-12-17,23,40093.37,VND030
TXN013003,FAC001,MED0145,Purchase,2025-07-09,4,6213.48,VND024
TXN023307,FAC002,MED0139,Dispense,2025-08-15,32,71319.36,VND015
TXN018839,FAC002,MED0022,Purchase,2025-11-25,66,120429.54,VND008
TXN000313,FAC005,MED0024,Dispense,2025-03-13,26,29328.78,VND008
TXN015539,FAC004,MED0076,Purchase,2025-08-08,78,144612.0,VND026
TXN002752,FAC003,MED0120,Dispense,2025-12-15,57,81909.57,VND020
TXN022099,FAC002,MED0168,Dispense,2025-12-03,61,84826.6,VND030
TXN015940,FAC002,MED0125,Dispense,2025-10-20,73,176797.24,VND018
TXN020666,FAC005,MED0086,Dispense,2025-04-25,23,5075.87,VND007
TXN024555,FAC005,MED0174,Return,2025-05-11,69,41844.36,VND011
TXN006770,FAC004,MED0057,Purchase,2025-09-16,63,139880.16,VND024
TXN007354,FAC003,MED0140,Dispense,2025-06-27,64,12281.6,VND028
TXN012899,FAC005,MED0106,Purchase,2025-02-12,44,71786.0,VND001
TXN020769,FAC001,MED0018,Dispense,2025-11-05,30,62196.3,VND015
TXN023143,FAC001,MED0034,Purchase,2025-12-15,4,1891.72,VND012
TXN019795,FAC004,MED0127,Purchase,2025-10-03,36,20255.76,VND013
TXN005941,FAC005,MED0040,Dispense,2025-12-28,17,2885.07,VND017
TXN023228,FAC003,MED0091,Purchase,2025-01-16,23,10116.55,VND001
TXN019527,FAC005,MED0039,Dispense,2025-02-10,71,167398.83,VND024
TXN005103,FAC005,MED0044,Adjustment,2025-05-04,10,6049.9,VND001
TXN008666,FAC001,MED0068,Dispense,2025-03-03,86,10032.76,VND017
TXN021440,FAC003,MED0102,Dispense,2025-10-28,6,9256.2,VND004
TXN020269,FAC001,MED0020,Purchase,2025-01-16,62,2912.14,VND001
TXN007764,FAC004,MED0128,Dispense,2025-04-05,84,31360.56,VND026
TXN006092,FAC005,MED0018,Dispense,2025-03-23,54,111953.34,VND015
TXN004405,FAC004,MED0043,Dispense,2025-12-24,52,53679.6,VND002
TXN008242,FAC004,MED0122,Purchase,2025-03-17,22,43573.42,VND021
TXN007883,FAC005,MED0178,Purchase,2025-10-03,87,9556.08,VND019
TXN015794,FAC005,MED0120,Dispense,2025-06-10,64,91968.64,VND020
TXN001912,FAC005,MED0091,Dispense,2025-06-06,53,23312.05,VND001
TXN023988,FAC001,MED0003,Dispense,2025-11-24,25,44313.0,VND008
TXN014616,FAC003,MED0146,Dispense,2025-06-30,85,98900.9,VND004
TXN015784,FAC003,MED0071,Return,2025-08-03,14,20078.1,VND021
TXN017813,FAC001,MED0023,Purchase,2025-07-18,10,9013.0,VND010
TXN015924,FAC003,MED0103,Dispense,2025-10-08,26,38161.5,VND028
TXN013341,FAC005,MED0032,Dispense,2025-10-23,99,40566.24,VND019
TXN002360,FAC005,MED0035,Return,2025-05-14,65,52029.9,VND025
TXN020702,FAC003,MED0087,Dispense,2025-01-16,7,12258.26,VND015
TXN003503,FAC005,MED0032,Dispense,2025-11-21,12,4917.12,VND019
TXN024004,FAC003,MED0118,Dispense,2025-06-22,41,40093.49,VND019
TXN016228,FAC003,MED0136,Dispense,2025-12-28,81,118401.75,VND003
TXN015239,FAC001,MED0113,Adjustment,2025-04-15,60,121117.8,VND024
TXN014193,FAC003,MED0096,Dispense,2025-11-14,12,2841.12,VND014
TXN010658,FAC005,MED0089,Dispense,2025-03-31,68,126626.2,VND028
TXN015842,FAC001,MED0068,Adjustment,2025-08-05,18,2099.88,VND017
TXN018003,FAC003,MED0179,Dispense,2025-05-01,17,7634.87,VND010
TXN002498,FAC002,MED0031,Dispense,2025-12-01,29,54834.07,VND015
TXN014046,FAC002,MED0082,Dispense,2025-10-18,98,114490.46,VND019
TXN010846,FAC003,MED0149,Dispense,2025-11-10,86,129871.18,VND020
TXN014757,FAC001,MED0071,Dispense,2025-03-24,94,134810.1,VND021
TXN007673,FAC005,MED0040,Dispense,2025-06-23,76,12897.96,VND017
TXN016243,FAC005,MED0005,Adjustment,2025-08-09,48,74244.48,VND021
TXN002477,FAC005,MED0106,Dispense,2025-09-20,71,115836.5,VND001
TXN007931,FAC001,MED0154,Dispense,2025-03-10,51,48816.18,VND026
TXN002255,FAC001,MED0086,Dispense,2025-08-09,37,8165.53,VND007
TXN005750,FAC001,MED0075,Dispense,2025-11-22,76,27138.84,VND023
TXN000997,FAC002,MED0093,Dispense,2025-12-20,51,121763.52,VND001
TXN012326,FAC003,MED0086,Dispense,2025-03-23,83,18317.27,VND007
TXN015221,FAC002,MED0003,Dispense,2025-05-22,65,115213.8,VND008
TXN004705,FAC005,MED0070,Dispense,2025-06-11,92,219241.52,VND009
TXN014101,FAC003,MED0175,Dispense,2025-10-28,66,21587.94,VND023
TXN019215,FAC005,MED0096,Dispense,2025-01-17,4,947.04,VND014
TXN015551,FAC001,MED0038,Dispense,2025-07-31,7,3930.43,VND030
TXN016746,FAC003,MED0004,Dispense,2025-12-19,72,149936.4,VND024
TXN008060,FAC002,MED0073,Purchase,2025-07-27,19,26515.45,VND018
TXN017403,FAC001,MED0014,Dispense,2025-05-05,19,9997.61,VND006
TXN015251,FAC003,MED0111,Dispense,2025-09-19,98,215076.68,VND011
TXN011759,FAC004,MED0027,Dispense,2025-01-11,3,5711.64,VND003
TXN008887,FAC003,MED0072,Dispense,2025-12-28,68,65800.88,VND029
TXN023045,FAC004,MED0023,Dispense,2025-04-12,77,69400.1,VND010
TXN007485,FAC003,MED0063,Dispense,2025-10-22,73,56625.37,VND017
TXN022937,FAC005,MED0014,Dispense,2025-07-15,44,23152.36,VND006
TXN003442,FAC005,MED0156,Purchase,2025-10-07,1,42.07,VND001
TXN009648,FAC004,MED0088,Purchase,2025-03-11,70,90623.4,VND018
TXN011342,FAC003,MED0170,Return,2025-06-03,4,6232.96,VND030
TXN004071,FAC001,MED0076,Purchase,2025-10-11,40,74160.0,VND026
TXN006461,FAC002,MED0058,Dispense,2025-04-26,67,131659.69,VND008
TXN018736,FAC004,MED0056,Dispense,2025-10-12,3,2634.69,VND009
TXN020241,FAC005,MED0049,Dispense,2025-03-08,34,27889.86,VND020
TXN022427,FAC004,MED0046,Dispense,2025-06-07,82,49215.58,VND024
TXN010432,FAC004,MED0081,Dispense,2025-09-03,11,2664.2,VND002
TXN004833,FAC005,MED0096,Adjustment,2025-04-18,45,10654.2,VND014
TXN002005,FAC002,MED0114,Dispense,2025-11-26,18,11358.72,VND018
TXN021383,FAC003,MED0133,Purchase,2025-08-27,40,33239.6,VND026
TXN008127,FAC002,MED0142,Dispense,2025-05-19,56,63880.32,VND015
TXN023470,FAC005,MED0007,Dispense,2025-02-06,85,206941.0,VND028
TXN024656,FAC003,MED0041,Dispense,2025-08-03,12,20918.28,VND030
TXN018026,FAC002,MED0085,Dispense,2025-04-23,24,46243.68,VND008
TXN021151,FAC005,MED0091,Purchase,2025-06-13,73,32109.05,VND001
TXN021815,FAC001,MED0081,Dispense,2025-05-28,15,3633.0,VND002
TXN024253,FAC001,MED0031,Return,2025-07-03,52,98323.16,VND015
TXN004286,FAC005,MED0085,Dispense,2025-02-06,76,146438.32,VND008
TXN012833,FAC005,MED0147,Return,2025-08-13,72,14523.12,VND028
TXN017326,FAC003,MED0075,Dispense,2025-12-23,67,23925.03,VND023
TXN011680,FAC003,MED0175,Purchase,2025-10-06,55,17989.95,VND023
TXN016718,FAC004,MED0171,Dispense,2025-01-16,91,34080.41,VND029
TXN007912,FAC002,MED0151,Dispense,2025-08-29,46,105735.14,VND015
TXN017067,FAC004,MED0025,Purchase,2025-02-25,6,10004.88,VND024
TXN022090,FAC003,MED0015,Dispense,2025-12-12,96,186204.48,VND018
TXN002154,FAC001,MED0051,Adjustment,2025-06-11,39,67462.98,VND009
TXN004551,FAC003,MED0172,Purchase,2025-04-27,98,63851.9,VND017
TXN019637,FAC001,MED0108,Dispense,2025-07-05,47,80372.35,VND018
TXN001114,FAC002,MED0111,Dispense,2025-07-15,63,138263.58,VND011
TXN011193,FAC003,MED0019,Dispense,2025-07-27,13,17685.2,VND028
TXN002636,FAC001,MED0101,Dispense,2025-06-28,57,133044.84,VND026
TXN013192,FAC002,MED0138,Dispense,2025-06-02,71,142487.06,VND006
TXN015061,FAC002,MED0101,Dispense,2025-07-24,91,212404.92,VND026
TXN011149,FAC004,MED0045,Purchase,2025-04-06,14,34499.36,VND026
TXN019691,FAC002,MED0092,Purchase,2025-02-22,27,6532.11,VND030
TXN000551,FAC002,MED0094,Dispense,2025-02-18,1,1827.26,VND022
TXN002215,FAC004,MED0176,Dispense,2025-05-25,51,88927.68,VND008
TXN011225,FAC004,MED0117,Dispense,2025-11-09,86,177807.58,VND020
TXN010688,FAC004,MED0072,Purchase,2025-01-20,53,51285.98,VND029
TXN012600,FAC003,MED0159,Purchase,2025-05-21,5,4748.0,VND010
TXN008198,FAC002,MED0035,Dispense,2025-07-16,8,6403.68,VND025
TXN018299,FAC005,MED0052,Dispense,2025-02-12,84,72066.96,VND011
TXN000521,FAC001,MED0102,Adjustment,2025-01-23,73,112617.1,VND004
TXN002593,FAC003,MED0070,Dispense,2025-07-11,67,159665.02,VND009
TXN016272,FAC003,MED0065,Dispense,2025-06-10,51,113779.98,VND019
TXN024205,FAC003,MED0004,Dispense,2025-04-30,12,24989.4,VND024
TXN003143,FAC004,MED0014,Dispense,2025-08-19,92,48409.48,VND006
TXN017919,FAC004,MED0070,Adjustment,2025-12-10,31,73874.86,VND009
TXN009072,FAC004,MED0016,Adjustment,2025-12-09,45,67408.65,VND004
TXN016945,FAC003,MED0051,Dispense,2025-04-28,13,22487.66,VND009
TXN022991,FAC002,MED0076,Dispense,2025-07-06,47,87138.0,VND026
TXN020586,FAC001,MED0050,Dispense,2025-08-03,21,42530.88,VND003
TXN014865,FAC001,MED0180,Purchase,2025-07-27,27,31219.02,VND005
TXN023936,FAC005,MED0171,Adjustment,2025-12-20,45,16852.95,VND029
TXN014448,FAC002,MED0038,Dispense,2025-01-02,47,26390.03,VND030
TXN017647,FAC003,MED0023,Dispense,2025-12-04,60,54078.0,VND010
TXN017684,FAC001,MED0073,Adjustment,2025-03-19,22,30702.1,VND018
TXN020713,FAC001,MED0086,Dispense,2025-08-29,1,220.69,VND007
TXN007593,FAC004,MED0088,Dispense,2025-02-27,21,27187.02,VND018
TXN020258,FAC005,MED0106,Dispense,2025-06-29,50,81575.0,VND001
TXN005599,FAC001,MED0001,Dispense,2025-04-27,27,49467.51,VND015
TXN017178,FAC005,MED0059,Purchase,2025-02-19,41,38364.93,VND003
TXN000439,FAC002,MED0023,Dispense,2025-01-17,61,54979.3,VND010
TXN010131,FAC003,MED0090,Dispense,2025-11-15,77,16134.58,VND021
TXN020326,FAC005,MED0119,Purchase,2025-04-24,13,3061.37,VND019
TXN015420,FAC002,MED0019,Dispense,2025-10-02,94,127877.6,VND028
TXN017099,FAC004,MED0130,Dispense,2025-01-11,90,53803.8,VND020
TXN013906,FAC003,MED0073,Purchase,2025-10-30,60,83733.0,VND018
TXN022402,FAC004,MED0162,Return,2025-07-08,96,6074.88,VND008
TXN014986,FAC004,MED0088,Dispense,2025-06-06,38,49195.56,VND018
TXN020525,FAC004,MED0081,Purchase,2025-04-13,47,11383.4,VND002
TXN010193,FAC004,MED0136,Purchase,2025-12-15,53,77472.75,VND003
TXN006651,FAC001,MED0031,Dispense,2025-03-27,18,34034.94,VND015
TXN011506,FAC002,MED0046,Dispense,2025-06-04,54,32410.26,VND024
TXN024893,FAC003,MED0007,Dispense,2025-08-01,78,189898.8,VND028
TXN003636,FAC001,MED0041,Purchase,2025-07-24,16,27891.04,VND030
TXN012953,FAC002,MED0141,Dispense,2025-02-18,61,80005.16,VND025
TXN018398,FAC001,MED0045,Dispense,2025-02-20,95,234102.8,VND026
TXN008286,FAC002,MED0113,Return,2025-04-07,16,32298.08,VND024
TXN008828,FAC002,MED0163,Purchase,2025-09-17,1,2079.78,VND022
TXN008228,FAC005,MED0147,Dispense,2025-02-20,1,201.71,VND028
TXN023383,FAC001,MED0065,Dispense,2025-09-10,65,145013.7,VND019
TXN012536,FAC001,MED0156,Adjustment,2025-12-28,10,420.7,VND001
TXN024445,FAC005,MED0101,Purchase,2025-12-12,93,217073.16,VND026
TXN023284,FAC002,MED0032,Dispense,2025-07-20,96,39336.96,VND019
TXN000682,FAC001,MED0042,Dispense,2025-09-28,71,177100.27,VND017
TXN024320,FAC004,MED0062,Dispense,2025-05-31,31,18575.82,VND004
TXN016172,FAC004,MED0095,Purchase,2025-03-02,62,25007.7,VND016
TXN002899,FAC003,MED0020,Adjustment,2025-07-08,2,93.94,VND001
TXN003397,FAC004,MED0154,Purchase,2025-02-01,44,42115.92,VND026
TXN003001,FAC001,MED0100,Dispense,2025-04-23,11,24393.71,VND005
TXN013174,FAC004,MED0132,Dispense,2025-01-14,62,58896.9,VND029
TXN019359,FAC002,MED0079,Return,2025-11-19,42,878.64,VND026
TXN019814,FAC003,MED0088,Purchase,2025-02-16,30,38838.6,VND018
TXN019809,FAC001,MED0096,Return,2025-08-13,37,8760.12,VND014
TXN002409,FAC002,MED0056,Dispense,2025-10-24,42,36885.66,VND009
TXN008897,FAC005,MED0084,Dispense,2025-08-26,22,19923.2,VND015
TXN014662,FAC002,MED0016,Purchase,2025-05-16,53,79392.41,VND004
TXN021873,FAC003,MED0133,Purchase,2025-02-23,33,27422.67,VND026
TXN003287,FAC004,MED0022,Purchase,2025-04-06,77,140501.13,VND008
TXN020736,FAC005,MED0091,Purchase,2025-05-06,28,12315.8,VND001
TXN009007,FAC004,MED0084,Return,2025-10-31,43,38940.8,VND015
TXN015066,FAC005,MED0040,Dispense,2025-10-18,72,12219.12,VND017
TXN023318,FAC002,MED0092,Dispense,2025-06-14,14,3387.02,VND030
TXN016004,FAC002,MED0139,Dispense,2025-02-10,50,111436.5,VND015
TXN014605,FAC002,MED0065,Dispense,2025-05-22,68,151706.64,VND019
TXN023429,FAC004,MED0149,Dispense,2025-02-24,80,120810.4,VND020
TXN011661,FAC005,MED0030,Adjustment,2025-11-12,88,112231.68,VND029
TXN023586,FAC002,MED0104,Dispense,2025-10-15,83,119256.89,VND018
TXN007526,FAC001,MED0011,Dispense,2025-11-06,82,140475.02,VND002
TXN024932,FAC003,MED0028,Dispense,2025-01-14,95,10332.2,VND007
TXN006625,FAC003,MED0078,Dispense,2025-07-13,46,29737.62,VND003
TXN004979,FAC001,MED0076,Dispense,2025-12-19,97,179838.0,VND026
TXN000539,FAC003,MED0053,Purchase,2025-10-20,39,25380.81,VND010
TXN022832,FAC003,MED0084,Purchase,2025-02-20,98,88748.8,VND015
TXN002509,FAC003,MED0157,Dispense,2025-10-17,81,108506.79,VND017
TXN007407,FAC001,MED0160,Dispense,2025-04-02,59,37440.81,VND014
TXN024845,FAC001,MED0035,Dispense,2025-11-17,30,24013.8,VND025
TXN006713,FAC003,MED0162,Dispense,2025-07-27,63,3986.64,VND008
TXN016883,FAC005,MED0081,Purchase,2025-06-18,52,12594.4,VND002
TXN011770,FAC005,MED0053,Dispense,2025-05-16,26,16920.54,VND010
TXN021862,FAC005,MED0136,Dispense,2025-09-28,53,77472.75,VND003
TXN024412,FAC002,MED0128,Dispense,2025-12-01,47,17546.98,VND026
TXN002301,FAC005,MED0125,Dispense,2025-03-03,53,128359.64,VND018
TXN009683,FAC005,MED0078,Dispense,2025-01-18,78,50424.66,VND003
TXN005072,FAC004,MED0006,Dispense,2025-06-12,90,5892.3,VND012
TXN024074,FAC004,MED0095,Dispense,2025-12-28,78,31461.3,VND016
TXN018082,FAC003,MED0003,Purchase,2025-02-04,1,1772.52,VND008
TXN023563,FAC004,MED0037,Dispense,2025-08-13,80,2025.6,VND003
TXN022483,FAC004,MED0168,Dispense,2025-08-12,73,101513.8,VND030
TXN011244,FAC005,MED0050,Dispense,2025-07-20,3,6075.84,VND003
TXN004706,FAC001,MED0119,Dispense,2025-06-11,21,4945.29,VND019
TXN020349,FAC004,MED0001,Purchase,2025-08-08,61,111759.93,VND015
TXN014223,FAC004,MED0153,Purchase,2025-11-09,3,3615.24,VND001
TXN008493,FAC001,MED0048,Return,2025-08-18,76,61360.88,VND009
TXN009768,FAC003,MED0162,Purchase,2025-10-27,86,5442.08,VND008
TXN004337,FAC004,MED0059,Dispense,2025-10-07,17,15907.41,VND003
TXN017689,FAC001,MED0147,Dispense,2025-02-17,95,19162.45,VND028
TXN020342,FAC004,MED0125,Dispense,2025-10-10,63,152578.44,VND018
TXN008455,FAC002,MED0004,Dispense,2025-05-20,25,52061.25,VND024
TXN007073,FAC005,MED0146,Dispense,2025-04-27,58,67485.32,VND004
TXN011093,FAC004,MED0169,Dispense,2025-03-25,45,61750.8,VND020
TXN002056,FAC002,MED0174,Dispense,2025-07-22,93,56398.92,VND011
TXN000222,FAC003,MED0168,Dispense,2025-03-03,78,108466.8,VND030
TXN017662,FAC003,MED0093,Dispense,2025-07-09,57,136088.64,VND001
TXN004673,FAC004,MED0125,Dispense,2025-02-11,15,36328.2,VND018
TXN008300,FAC003,MED0147,Purchase,2025-10-01,66,13312.86,VND028
TXN014064,FAC003,MED0078,Dispense,2025-09-09,25,16161.75,VND003
TXN015941,FAC001,MED0171,Dispense,2025-07-30,31,11609.81,VND029
TXN011800,FAC003,MED0148,Purchase,2025-10-27,28,2478.84,VND022
TXN001109,FAC001,MED0073,Dispense,2025-11-20,61,85128.55,VND018
TXN020868,FAC005,MED0175,Adjustment,2025-04-24,93,30419.37,VND023
TXN016477,FAC003,MED0053,Adjustment,2025-12-04,70,45555.3,VND010
TXN018002,FAC005,MED0036,Return,2025-06-11,19,20374.65,VND027
TXN023629,FAC002,MED0134,Purchase,2025-02-13,54,63498.6,VND018
TXN004344,FAC001,MED0117,Purchase,2025-11-18,4,8270.12,VND020
TXN003383,FAC003,MED0046,Purchase,2025-03-23,75,45014.25,VND024
TXN022974,FAC002,MED0179,Adjustment,2025-09-16,19,8533.09,VND010
TXN003733,FAC003,MED0085,Dispense,2025-02-20,13,25048.66,VND008
TXN022978,FAC001,MED0137,Dispense,2025-04-04,29,6222.53,VND017
TXN008280,FAC002,MED0142,Dispense,2025-04-14,16,18251.52,VND015
TXN002363,FAC004,MED0082,Dispense,2025-11-06,38,44394.26,VND019
TXN022931,FAC003,MED0050,Dispense,2025-03-10,11,22278.08,VND003
TXN013549,FAC002,MED0147,Dispense,2025-07-26,58,11699.18,VND028
TXN004844,FAC005,MED0158,Dispense,2025-09-02,63,92369.97,VND021
TXN003201,FAC004,MED0104,Dispense,2025-07-10,45,64657.35,VND018
TXN000874,FAC003,MED0001,Dispense,2025-12-19,10,18321.3,VND015
TXN014812,FAC005,MED0125,Dispense,2025-06-30,57,138047.16,VND018
TXN018227,FAC004,MED0155,Dispense,2025-09-18,9,18874.08,VND017
TXN016779,FAC005,MED0039,Dispense,2025-03-02,43,101382.39,VND024
TXN020364,FAC001,MED0091,Dispense,2025-08-26,96,42225.6,VND001
TXN001088,FAC001,MED0135,Dispense,2025-05-24,97,29185.36,VND008
TXN004611,FAC002,MED0147,Dispense,2025-12-16,55,11094.05,VND028
TXN009422,FAC001,MED0085,Adjustment,2025-07-16,51,98267.82,VND008
TXN022670,FAC001,MED0137,Purchase,2025-08-17,34,7295.38,VND017
TXN016798,FAC001,MED0175,Dispense,2025-09-27,28,9158.52,VND023
TXN021115,FAC003,MED0077,Dispense,2025-05-05,9,8134.65,VND022
TXN005071,FAC005,MED0099,Dispense,2025-12-31,53,86243.72,VND030
TXN004654,FAC003,MED0030,Adjustment,2025-07-14,50,63768.0,VND029
TXN019424,FAC003,MED0099,Dispense,2025-09-14,24,39053.76,VND030
TXN001669,FAC005,MED0177,Dispense,2025-02-12,98,163811.9,VND027
TXN009962,FAC002,MED0055,Dispense,2025-07-29,74,103545.98,VND012
TXN013789,FAC005,MED0024,Return,2025-11-26,40,45121.2,VND008
TXN012423,FAC001,MED0180,Dispense,2025-09-22,33,38156.58,VND005
TXN005524,FAC003,MED0048,Dispense,2025-08-21,33,26643.54,VND009
TXN023098,FAC003,MED0097,Purchase,2025-08-03,50,88076.0,VND030
TXN006137,FAC005,MED0176,Dispense,2025-10-13,32,55797.76,VND008
TXN013934,FAC001,MED0170,Dispense,2025-01-06,58,90377.92,VND030
TXN009200,FAC002,MED0027,Adjustment,2025-12-16,26,49500.88,VND003
TXN013526,FAC002,MED0178,Dispense,2025-11-28,80,8787.2,VND019
TXN010030,FAC005,MED0029,Dispense,2025-01-21,69,35236.92,VND013
TXN003994,FAC004,MED0155,Dispense,2025-10-12,15,31456.8,VND017
TXN021823,FAC002,MED0041,Dispense,2025-09-18,70,122023.3,VND030
TXN020827,FAC002,MED0136,Dispense,2025-12-24,51,74549.25,VND003
TXN007704,FAC003,MED0156,Dispense,2025-04-27,5,210.35,VND001
TXN010915,FAC002,MED0131,Purchase,2025-12-29,70,61651.8,VND004
TXN010501,FAC003,MED0102,Dispense,2025-04-14,56,86391.2,VND004
TXN024051,FAC005,MED0006,Dispense,2025-03-19,70,4582.9,VND012
TXN006843,FAC002,MED0093,Dispense,2025-08-19,80,191001.6,VND001
TXN003434,FAC004,MED0084,Dispense,2025-03-28,82,74259.2,VND015
TXN010856,FAC004,MED0065,Dispense,2025-07-19,83,185171.34,VND019
TXN015644,FAC005,MED0063,Dispense,2025-02-27,40,31027.6,VND017
TXN020895,FAC004,MED0120,Purchase,2025-08-29,100,143701.0,VND020
TXN000128,FAC005,MED0058,Dispense,2025-10-02,42,82532.94,VND008
TXN023910,FAC004,MED0007,Purchase,2025-06-15,91,221548.6,VND028
TXN001531,FAC004,MED0034,Dispense,2025-09-30,63,29794.59,VND012
TXN011586,FAC001,MED0005,Dispense,2025-12-18,46,71150.96,VND021
TXN019341,FAC003,MED0031,Purchase,2025-11-19,4,7563.32,VND015
TXN010114,FAC004,MED0058,Dispense,2025-08-27,12,23580.84,VND008
TXN023553,FAC002,MED0008,Dispense,2025-11-23,9,1113.75,VND025
TXN024045,FAC005,MED0155,Dispense,2025-11-05,77,161478.24,VND017
TXN009162,FAC004,MED0136,Dispense,2025-10-01,55,80396.25,VND003
TXN017046,FAC005,MED0151,Dispense,2025-03-21,47,108033.73,VND015
TXN024015,FAC004,MED0005,Dispense,2025-08-16,23,35575.48,VND021
TXN023555,FAC001,MED0171,Dispense,2025-11-06,31,11609.81,VND029
TXN012661,FAC002,MED0002,Dispense,2025-09-17,38,9771.32,VND019
TXN023468,FAC005,MED0133,Dispense,2025-08-29,46,38225.54,VND026
TXN017402,FAC001,MED0132,Dispense,2025-09-21,19,18049.05,VND029
TXN020447,FAC004,MED0152,Purchase,2025-06-29,27,3258.36,VND027
TXN000965,FAC001,MED0137,Dispense,2025-08-16,13,2789.41,VND017
TXN024489,FAC005,MED0016,Dispense,2025-04-09,28,41943.16,VND004
TXN002343,FAC004,MED0148,Dispense,2025-12-12,19,1682.07,VND022
TXN007213,FAC001,MED0015,Dispense,2025-09-05,4,7758.52,VND018
TXN023759,FAC004,MED0113,Dispense,2025-05-16,16,32298.08,VND024
TXN010931,FAC004,MED0007,Dispense,2025-05-08,16,38953.6,VND028
TXN011122,FAC005,MED0162,Purchase,2025-10-30,73,4619.44,VND008
TXN008716,FAC005,MED0012,Purchase,2025-11-08,95,198010.4,VND029
TXN019324,FAC002,MED0077,Purchase,2025-09-25,89,80442.65,VND022
TXN003793,FAC003,MED0178,Return,2025-06-04,44,4832.96,VND019
TXN018114,FAC004,MED0096,Purchase,2025-01-15,63,14915.88,VND014
TXN011489,FAC004,MED0169,Dispense,2025-09-30,72,98801.28,VND020
TXN021968,FAC004,MED0128,Dispense,2025-05-24,12,4480.08,VND026
TXN000504,FAC003,MED0102,Dispense,2025-05-16,38,58622.6,VND004
TXN007294,FAC002,MED0042,Adjustment,2025-12-29,41,102269.17,VND017
TXN022253,FAC001,MED0144,Return,2025-03-11,68,161597.24,VND010
TXN021708,FAC003,MED0162,Dispense,2025-09-07,13,822.64,VND008
TXN018277,FAC001,MED0175,Dispense,2025-12-19,13,4252.17,VND023
TXN016329,FAC002,MED0128,Dispense,2025-04-19,53,19787.02,VND026
TXN016797,FAC001,MED0171,Dispense,2025-05-03,67,25092.17,VND029
TXN020783,FAC003,MED0015,Dispense,2025-06-17,31,60128.53,VND018
TXN001604,FAC003,MED0163,Dispense,2025-06-10,33,68632.74,VND022
TXN005653,FAC004,MED0071,Dispense,2025-01-21,22,31551.3,VND021
TXN007582,FAC002,MED0175,Purchase,2025-03-06,38,12429.42,VND023
TXN002715,FAC003,MED0162,Dispense,2025-12-25,56,3543.68,VND008
TXN018616,FAC005,MED0074,Dispense,2025-08-04,63,11559.24,VND008
TXN022015,FAC004,MED0025,Dispense,2025-12-05,87,145070.76,VND024
TXN000929,FAC001,MED0080,Adjustment,2025-04-20,66,12195.48,VND001
TXN003269,FAC002,MED0059,Dispense,2025-11-09,85,79537.05,VND003
TXN005573,FAC003,MED0040,Dispense,2025-06-09,30,5091.3,VND017
TXN005722,FAC002,MED0142,Dispense,2025-01-09,64,73006.08,VND015
TXN001645,FAC001,MED0139,Dispense,2025-06-22,70,156011.1,VND015
TXN023932,FAC005,MED0108,Purchase,2025-09-06,18,30780.9,VND018
TXN023718,FAC002,MED0089,Return,2025-10-12,52,96831.8,VND028
TXN002112,FAC001,MED0171,Dispense,2025-02-10,62,23219.62,VND029
TXN011920,FAC003,MED0016,Dispense,2025-03-16,87,130323.39,VND004
TXN000829,FAC002,MED0059,Adjustment,2025-01-16,20,18714.6,VND003
TXN003972,FAC003,MED0063,Dispense,2025-04-24,90,69812.1,VND017
TXN007748,FAC003,MED0138,Dispense,2025-06-09,83,166569.38,VND006
TXN017941,FAC002,MED0106,Dispense,2025-03-27,24,39156.0,VND001
TXN018814,FAC003,MED0133,Dispense,2025-09-09,62,51521.38,VND026
TXN003807,FAC004,MED0145,Dispense,2025-10-04,40,62134.8,VND024
TXN002435,FAC004,MED0028,Dispense,2025-09-19,53,5764.28,VND007
TXN011969,FAC002,MED0032,Purchase,2025-09-04,58,23766.08,VND019
TXN017599,FAC004,MED0176,Dispense,2025-04-18,33,57541.44,VND008
TXN015261,FAC004,MED0061,Return,2025-04-11,6,9796.14,VND003
TXN011833,FAC005,MED0077,Return,2025-02-24,74,66884.9,VND022
TXN013208,FAC004,MED0178,Dispense,2025-01-26,78,8567.52,VND019
TXN005837,FAC001,MED0170,Dispense,2025-08-17,20,31164.8,VND030
TXN023235,FAC005,MED0165,Dispense,2025-08-26,34,40945.18,VND016
TXN003227,FAC002,MED0083,Purchase,2025-03-06,74,6216.74,VND026
TXN021579,FAC002,MED0152,Dispense,2025-01-31,72,8688.96,VND027
TXN024782,FAC005,MED0042,Dispense,2025-12-01,12,29932.44,VND017
TXN022500,FAC002,MED0105,Dispense,2025-04-18,84,172454.52,VND019
TXN014792,FAC004,MED0101,Dispense,2025-11-18,95,221741.4,VND026
TXN002905,FAC005,MED0170,Dispense,2025-03-18,30,46747.2,VND030
TXN010728,FAC001,MED0174,Purchase,2025-10-17,28,16980.32,VND011
TXN017907,FAC003,MED0081,Dispense,2025-01-26,27,6539.4,VND002
TXN014586,FAC002,MED0119,Adjustment,2025-05-29,79,18603.71,VND019
TXN010153,FAC005,MED0010,Dispense,2025-06-21,92,186072.76,VND014
TXN008511,FAC003,MED0050,Purchase,2025-04-17,17,34429.76,VND003
TXN011855,FAC002,MED0037,Dispense,2025-07-21,14,354.48,VND003
TXN018571,FAC005,MED0091,Purchase,2025-03-21,3,1319.55,VND001
TXN018416,FAC002,MED0144,Dispense,2025-10-16,96,228137.28,VND010
TXN015655,FAC001,MED0072,Dispense,2025-11-21,40,38706.4,VND029
TXN001922,FAC003,MED0072,Dispense,2025-11-01,48,46447.68,VND029
TXN013095,FAC003,MED0052,Dispense,2025-08-13,29,24880.26,VND011
TXN008978,FAC005,MED0023,Dispense,2025-01-22,27,24335.1,VND010
TXN002362,FAC001,MED0158,Dispense,2025-11-20,88,129024.72,VND021
TXN022748,FAC001,MED0135,Dispense,2025-11-18,17,5114.96,VND008
TXN007271,FAC002,MED0168,Dispense,2025-11-25,92,127935.2,VND030
TXN024125,FAC001,MED0080,Dispense,2025-11-16,10,1847.8,VND001
TXN006052,FAC002,MED0083,Dispense,2025-12-23,57,4788.57,VND026
TXN003800,FAC005,MED0040,Purchase,2025-11-25,17,2885.07,VND017
TXN008589,FAC002,MED0098,Dispense,2025-11-23,35,70659.05,VND016
TXN016183,FAC004,MED0013,Dispense,2025-09-08,40,18485.2,VND004
TXN009296,FAC003,MED0099,Dispense,2025-02-25,72,117161.28,VND030
TXN003923,FAC002,MED0159,Dispense,2025-05-09,49,46530.4,VND010
TXN006545,FAC004,MED0149,Dispense,2025-06-18,46,69465.98,VND020
TXN013556,FAC004,MED0134,Dispense,2025-04-07,19,22342.1,VND018
TXN019914,FAC004,MED0016,Purchase,2025-12-11,75,112347.75,VND004
TXN007396,FAC004,MED0035,Adjustment,2025-04-16,72,57633.12,VND025
TXN001676,FAC004,MED0006,Dispense,2025-09-13,47,3077.09,VND012
TXN023798,FAC004,MED0040,Dispense,2025-09-22,83,14085.93,VND017
TXN010313,FAC002,MED0005,Dispense,2025-11-03,99,153129.24,VND021
TXN013553,FAC002,MED0028,Dispense,2025-12-07,9,978.84,VND007
TXN012624,FAC005,MED0157,Purchase,2025-06-10,6,8037.54,VND017
TXN020572,FAC005,MED0136,Adjustment,2025-12-21,64,93552.0,VND003
TXN019708,FAC004,MED0146,Purchase,2025-04-12,86,100064.44,VND004
TXN004230,FAC001,MED0162,Dispense,2025-10-23,22,1392.16,VND008
TXN008118,FAC004,MED0016,Purchase,2025-09-02,74,110849.78,VND004
TXN007278,FAC002,MED0104,Dispense,2025-11-04,91,130751.53,VND018
TXN015051,FAC005,MED0180,Purchase,2025-06-18,21,24281.46,VND005
TXN014718,FAC002,MED0056,Dispense,2025-03-03,64,56206.72,VND009
TXN007568,FAC005,MED0075,Dispense,2025-09-10,80,28567.2,VND023
TXN020503,FAC005,MED0036,Return,2025-06-27,27,28953.45,VND027
TXN009094,FAC001,MED0166,Adjustment,2025-01-03,29,46437.41,VND021
TXN016326,FAC002,MED0082,Purchase,2025-07-26,66,77105.82,VND019
TXN003474,FAC003,MED0155,Purchase,2025-10-19,23,48233.76,VND017
TXN007998,FAC002,MED0123,Dispense,2025-07-09,100,124010.0,VND021
TXN012148,FAC003,MED0122,Dispense,2025-02-19,9,17825.49,VND021
TXN005355,FAC002,MED0035,Dispense,2025-08-03,82,65637.72,VND025
TXN006603,FAC005,MED0096,Dispense,2025-12-07,6,1420.56,VND014
TXN010909,FAC005,MED0009,Dispense,2025-02-11,15,2551.65,VND009
TXN013244,FAC002,MED0066,Dispense,2025-10-30,62,78155.34,VND021
TXN022969,FAC002,MED0164,Dispense,2025-02-13,38,91967.22,VND022
TXN013197,FAC003,MED0149,Dispense,2025-01-17,7,10570.91,VND020
TXN007072,FAC004,MED0064,Dispense,2025-05-21,28,18728.64,VND022
TXN012679,FAC003,MED0167,Purchase,2025-08-09,81,198556.11,VND028
TXN003691,FAC002,MED0156,Dispense,2025-06-07,58,2440.06,VND001
TXN022887,FAC003,MED0155,Purchase,2025-03-28,93,195032.16,VND017
TXN018247,FAC003,MED0099,Dispense,2025-07-18,68,110652.32,VND030
TXN024195,FAC002,MED0180,Dispense,2025-09-17,29,33531.54,VND005
TXN021011,FAC005,MED0102,Dispense,2025-06-04,69,106446.3,VND004
TXN017822,FAC004,MED0134,Dispense,2025-08-18,41,48211.9,VND018
TXN010736,FAC002,MED0045,Dispense,2025-07-11,50,123212.0,VND026
TXN021102,FAC005,MED0025,Dispense,2025-04-09,11,18342.28,VND024
TXN007224,FAC005,MED0077,Purchase,2025-04-01,72,65077.2,VND022
TXN007169,FAC002,MED0054,Purchase,2025-10-18,42,55771.38,VND020
TXN014005,FAC004,MED0069,Purchase,2025-09-17,70,49326.2,VND029
TXN020656,FAC004,MED0114,Dispense,2025-12-19,73,46065.92,VND018
TXN015844,FAC001,MED0072,Dispense,2025-04-19,52,50318.32,VND029
TXN014583,FAC001,MED0067,Dispense,2025-03-01,72,41876.64,VND005
TXN010456,FAC001,MED0107,Dispense,2025-08-28,43,23338.68,VND013
TXN010350,FAC001,MED0057,Adjustment,2025-08-03,4,8881.28,VND024
TXN021159,FAC001,MED0058,Return,2025-11-14,94,184716.58,VND008
TXN012287,FAC003,MED0058,Adjustment,2025-09-05,87,170961.09,VND008
TXN017095,FAC002,MED0052,Dispense,2025-12-27,4,3431.76,VND011
TXN003212,FAC002,MED0071,Purchase,2025-02-03,73,104692.95,VND021
TXN020992,FAC002,MED0131,Dispense,2025-05-13,30,26422.2,VND004
TXN021561,FAC004,MED0053,Adjustment,2025-01-31,67,43602.93,VND010
TXN000971,FAC002,MED0135,Purchase,2025-01-21,93,27981.84,VND008
TXN002436,FAC005,MED0063,Dispense,2025-06-18,69,53522.61,VND017
TXN013539,FAC003,MED0108,Dispense,2025-12-05,88,150484.4,VND018
TXN012959,FAC001,MED0072,Dispense,2025-11-19,10,9676.6,VND029
TXN009535,FAC004,MED0092,Dispense,2025-12-23,96,23225.28,VND030
TXN002267,FAC001,MED0035,Dispense,2025-04-11,78,62435.88,VND025
TXN012112,FAC003,MED0154,Dispense,2025-06-17,51,48816.18,VND026
TXN013203,FAC002,MED0023,Dispense,2025-12-15,98,88327.4,VND010
TXN022054,FAC001,MED0140,Dispense,2025-12-23,91,17462.9,VND028
TXN010735,FAC001,MED0039,Return,2025-07-23,100,235773.0,VND024
TXN011794,FAC005,MED0150,Dispense,2025-03-08,61,125523.36,VND003
TXN014536,FAC002,MED0120,Purchase,2025-07-02,45,64665.45,VND020
TXN001010,FAC004,MED0032,Dispense,2025-02-20,8,3278.08,VND019
TXN017123,FAC002,MED0158,Purchase,2025-03-14,40,58647.6,VND021
TXN000211,FAC003,MED0160,Dispense,2025-06-19,46,29191.14,VND014
TXN009645,FAC002,MED0029,Purchase,2025-10-11,33,16852.44,VND013
TXN005438,FAC002,MED0068,Purchase,2025-08-12,88,10266.08,VND017
TXN009223,FAC005,MED0073,Dispense,2025-06-23,23,32097.65,VND018
TXN013084,FAC002,MED0039,Purchase,2025-02-13,35,82520.55,VND024
TXN013021,FAC002,MED0080,Dispense,2025-01-27,11,2032.58,VND001
TXN019715,FAC001,MED0122,Return,2025-07-07,79,156468.19,VND021
TXN023130,FAC005,MED0018,Adjustment,2025-09-15,79,163783.59,VND015
TXN020197,FAC002,MED0060,Dispense,2025-12-25,66,47224.98,VND029
TXN010295,FAC004,MED0173,Dispense,2025-09-24,52,64251.2,VND006
TXN017978,FAC003,MED0158,Return,2025-10-24,27,39587.13,VND021
TXN023067,FAC001,MED0043,Dispense,2025-04-19,37,38195.1,VND002
TXN021763,FAC005,MED0161,Dispense,2025-07-23,11,24161.83,VND030
TXN002167,FAC005,MED0144,Dispense,2025-01-10,33,78422.19,VND010
TXN009756,FAC004,MED0012,Purchase,2025-05-24,59,122974.88,VND029
TXN017437,FAC003,MED0003,Dispense,2025-06-28,56,99261.12,VND008
TXN003403,FAC002,MED0168,Dispense,2025-08-29,98,136278.8,VND030
TXN012115,FAC002,MED0156,Adjustment,2025-04-01,23,967.61,VND001
TXN000650,FAC004,MED0088,Dispense,2025-10-02,17,22008.54,VND018
TXN011007,FAC004,MED0002,Purchase,2025-08-22,42,10799.88,VND019
TXN000218,FAC001,MED0039,Dispense,2025-03-17,49,115528.77,VND024
TXN010409,FAC004,MED0093,Dispense,2025-11-17,45,107438.4,VND001
TXN004276,FAC002,MED0115,Dispense,2025-05-16,20,12051.6,VND005
TXN004141,FAC003,MED0062,Dispense,2025-05-04,95,56925.9,VND004
TXN005622,FAC003,MED0035,Purchase,2025-10-20,87,69640.02,VND025
TXN019893,FAC003,MED0065,Dispense,2025-12-06,53,118241.94,VND019
TXN014071,FAC002,MED0074,Dispense,2025-05-17,1,183.48,VND008
TXN004421,FAC001,MED0049,Dispense,2025-03-06,51,41834.79,VND020
TXN007851,FAC002,MED0173,Purchase,2025-02-11,17,21005.2,VND006
TXN011468,FAC001,MED0021,Dispense,2025-11-19,35,761.6,VND008
TXN018649,FAC005,MED0136,Dispense,2025-11-15,46,67240.5,VND003
TXN010561,FAC003,MED0129,Purchase,2025-07-26,90,131094.9,VND019
TXN016362,FAC003,MED0105,Purchase,2025-07-22,57,117022.71,VND019
TXN010354,FAC004,MED0170,Dispense,2025-01-09,32,49863.68,VND030
TXN021041,FAC004,MED0126,Adjustment,2025-02-05,9,19514.16,VND012
TXN018583,FAC002,MED0082,Adjustment,2025-02-24,50,58413.5,VND019
TXN019887,FAC001,MED0040,Dispense,2025-05-09,2,339.42,VND017
TXN013338,FAC005,MED0036,Purchase,2025-01-27,78,83643.3,VND027
TXN002450,FAC002,MED0143,Dispense,2025-08-05,4,9014.76,VND003
TXN016455,FAC001,MED0030,Purchase,2025-01-08,10,12753.6,VND029
TXN016704,FAC005,MED0035,Dispense,2025-07-10,70,56032.2,VND025
TXN021904,FAC001,MED0073,Dispense,2025-03-31,3,4186.65,VND018
TXN012984,FAC004,MED0052,Dispense,2025-05-01,44,37749.36,VND011
TXN012841,FAC003,MED0098,Adjustment,2025-01-27,58,117092.14,VND016
TXN007933,FAC003,MED0033,Dispense,2025-07-27,86,136433.84,VND030
TXN022589,FAC005,MED0023,Dispense,2025-11-14,24,21631.2,VND010
TXN012625,FAC002,MED0024,Dispense,2025-07-17,84,94754.52,VND008
TXN002767,FAC002,MED0124,Dispense,2025-09-29,31,57185.39,VND005
TXN022644,FAC004,MED0111,Dispense,2025-11-19,27,59255.82,VND011
TXN009352,FAC003,MED0038,Dispense,2025-01-21,73,40988.77,VND030
TXN008478,FAC004,MED0113,Adjustment,2025-05-22,41,82763.83,VND024
TXN007340,FAC001,MED0070,Adjustment,2025-05-21,7,16681.42,VND009
TXN016041,FAC001,MED0096,Dispense,2025-06-30,41,9707.16,VND014
TXN017596,FAC005,MED0176,Purchase,2025-07-20,14,24411.52,VND008
TXN018468,FAC002,MED0170,Dispense,2025-12-18,1,1558.24,VND030
TXN022541,FAC001,MED0018,Adjustment,2025-09-16,75,155490.75,VND015
TXN015045,FAC005,MED0047,Dispense,2025-06-07,3,4760.28,VND002
TXN009974,FAC001,MED0090,Purchase,2025-07-29,37,7752.98,VND021
TXN020122,FAC003,MED0160,Adjustment,2025-08-27,22,13960.98,VND014
TXN002300,FAC003,MED0083,Purchase,2025-08-09,15,1260.15,VND026
TXN024160,FAC004,MED0109,Dispense,2025-01-27,73,124580.34,VND026
TXN011001,FAC005,MED0059,Dispense,2025-08-25,31,29007.63,VND003
TXN010160,FAC002,MED0004,Dispense,2025-09-26,74,154101.3,VND024
TXN005815,FAC003,MED0138,Dispense,2025-07-30,68,136466.48,VND006
TXN009273,FAC005,MED0053,Dispense,2025-04-22,24,15618.96,VND010
TXN019347,FAC003,MED0137,Purchase,2025-05-28,66,14161.62,VND017
TXN018805,FAC005,MED0029,Purchase,2025-03-24,86,43918.48,VND013
TXN013813,FAC004,MED0006,Adjustment,2025-12-14,89,5826.83,VND012
TXN000135,FAC004,MED0164,Dispense,2025-10-26,78,188774.82,VND022
TXN008643,FAC003,MED0126,Dispense,2025-05-02,72,156113.28,VND012
TXN008619,FAC005,MED0013,Dispense,2025-07-01,45,20795.85,VND004
TXN011118,FAC005,MED0129,Purchase,2025-08-10,88,128181.68,VND019
TXN002728,FAC002,MED0144,Dispense,2025-09-18,69,163973.67,VND010
TXN008035,FAC002,MED0068,Purchase,2025-08-26,25,2916.5,VND017
TXN019085,FAC001,MED0052,Dispense,2025-05-19,38,32601.72,VND011
TXN002642,FAC004,MED0175,Adjustment,2025-08-31,38,12429.42,VND023
TXN020483,FAC005,MED0086,Adjustment,2025-02-27,96,21186.24,VND007
TXN010334,FAC004,MED0101,Dispense,2025-11-26,22,51350.64,VND026
TXN016465,FAC001,MED0046,Dispense,2025-08-30,51,30609.69,VND024
TXN022229,FAC003,MED0007,Dispense,2025-06-15,58,141206.8,VND028
TXN010095,FAC005,MED0110,Dispense,2025-07-17,62,18753.14,VND007
TXN014254,FAC001,MED0097,Adjustment,2025-05-11,94,165582.88,VND030
TXN017615,FAC003,MED0012,Dispense,2025-05-01,37,77119.84,VND029
TXN020518,FAC005,MED0052,Dispense,2025-07-24,93,79788.42,VND011
TXN006872,FAC004,MED0172,Dispense,2025-05-10,3,1954.65,VND017
TXN016660,FAC001,MED0132,Dispense,2025-03-04,69,65546.55,VND029
TXN007572,FAC002,MED0124,Dispense,2025-08-08,22,40583.18,VND005
TXN002502,FAC001,MED0143,Return,2025-06-06,29,65357.01,VND003
TXN000147,FAC005,MED0043,Purchase,2025-02-17,96,99100.8,VND002
TXN005512,FAC005,MED0114,Dispense,2025-08-29,22,13882.88,VND018
TXN013486,FAC005,MED0149,Return,2025-10-14,86,129871.18,VND020
TXN020550,FAC002,MED0142,Dispense,2025-11-26,22,25095.84,VND015
TXN024530,FAC005,MED0058,Dispense,2025-09-14,49,96288.43,VND008
TXN013352,FAC002,MED0014,Purchase,2025-11-08,83,43673.77,VND006
TXN008133,FAC003,MED0094,Dispense,2025-01-01,90,164453.4,VND022
TXN002798,FAC001,MED0059,Purchase,2025-10-05,91,85151.43,VND003
TXN017493,FAC001,MED0047,Dispense,2025-01-29,42,66643.92,VND002
TXN012685,FAC004,MED0058,Dispense,2025-07-07,57,112008.99,VND008
TXN005325,FAC005,MED0084,Adjustment,2025-02-07,77,69731.2,VND015
TXN020597,FAC002,MED0058,Purchase,2025-10-12,38,74672.66,VND008
TXN003382,FAC005,MED0111,Purchase,2025-12-13,32,70229.12,VND011
TXN004259,FAC005,MED0114,Purchase,2025-05-30,11,6941.44,VND018
TXN010607,FAC002,MED0070,Return,2025-12-13,27,64342.62,VND009
TXN000820,FAC005,MED0026,Dispense,2025-04-22,31,36727.56,VND003
TXN023166,FAC004,MED0028,Dispense,2025-01-19,35,3806.6,VND007
TXN019374,FAC001,MED0042,Dispense,2025-10-19,85,212021.45,VND017
TXN017197,FAC002,MED0024,Dispense,2025-04-23,78,87986.34,VND008
TXN015876,FAC004,MED0063,Dispense,2025-05-29,22,17065.18,VND017
TXN008611,FAC003,MED0045,Dispense,2025-12-12,85,209460.4,VND026
TXN014205,FAC001,MED0022,Dispense,2025-04-25,98,178819.62,VND008
TXN006965,FAC001,MED0059,Adjustment,2025-09-11,85,79537.05,VND003
TXN012573,FAC004,MED0021,Dispense,2025-03-27,38,826.88,VND008
TXN013731,FAC005,MED0053,Dispense,2025-06-04,50,32539.5,VND010
TXN009562,FAC001,MED0134,Dispense,2025-03-31,81,95247.9,VND018
TXN001064,FAC003,MED0087,Dispense,2025-10-13,95,166362.1,VND015
TXN018862,FAC005,MED0078,Purchase,2025-05-23,97,62707.59,VND003
TXN008590,FAC005,MED0163,Dispense,2025-10-13,94,195499.32,VND022
TXN000092,FAC003,MED0095,Dispense,2025-10-18,57,22990.95,VND016
TXN012786,FAC002,MED0086,Dispense,2025-09-06,76,16772.44,VND007
TXN000944,FAC004,MED0006,Dispense,2025-06-10,79,5172.13,VND012
TXN004102,FAC005,MED0172,Dispense,2025-02-20,54,35183.7,VND017
TXN020732,FAC003,MED0034,Dispense,2025-04-20,22,10404.46,VND012
TXN024471,FAC003,MED0063,Purchase,2025-01-20,65,50419.85,VND017
TXN007450,FAC002,MED0079,Purchase,2025-04-26,69,1443.48,VND026
TXN016804,FAC004,MED0046,Adjustment,2025-10-25,42,25207.98,VND024
TXN015356,FAC002,MED0091,Dispense,2025-04-19,6,2639.1,VND001
TXN000448,FAC005,MED0003,Adjustment,2025-08-25,47,83308.44,VND008
TXN005406,FAC001,MED0139,Adjustment,2025-01-27,87,193899.51,VND015
TXN007800,FAC005,MED0017,Dispense,2025-01-06,26,62484.24,VND025
TXN005447,FAC001,MED0085,Adjustment,2025-03-30,94,181121.08,VND008
TXN003071,FAC002,MED0151,Purchase,2025-01-24,30,68957.7,VND015
TXN005219,FAC004,MED0112,Dispense,2025-06-10,37,26300.71,VND029
TXN021357,FAC003,MED0176,Adjustment,2025-02-08,2,3487.36,VND008
TXN009672,FAC003,MED0046,Dispense,2025-07-05,43,25808.17,VND024
TXN016866,FAC001,MED0062,Return,2025-05-31,41,24568.02,VND004
TXN010958,FAC002,MED0003,Return,2025-01-03,29,51403.08,VND008
TXN009133,FAC003,MED0096,Return,2025-01-20,19,4498.44,VND014
TXN001823,FAC001,MED0052,Purchase,2025-09-28,79,67777.26,VND011
TXN008863,FAC001,MED0168,Purchase,2025-10-06,79,109857.4,VND030
TXN024955,FAC002,MED0046,Purchase,2025-05-11,53,31810.07,VND024
TXN011823,FAC004,MED0001,Purchase,2025-07-26,48,87942.24,VND015
TXN016063,FAC004,MED0021,Dispense,2025-09-07,1,21.76,VND008
TXN009357,FAC005,MED0130,Dispense,2025-07-07,100,59782.0,VND020
TXN009750,FAC004,MED0047,Dispense,2025-02-01,66,104726.16,VND002
TXN010270,FAC002,MED0059,Dispense,2025-10-16,94,87958.62,VND003
TXN008333,FAC001,MED0023,Purchase,2025-07-10,30,27039.0,VND010
TXN000749,FAC003,MED0019,Dispense,2025-01-23,88,119715.2,VND028
TXN010891,FAC001,MED0154,Dispense,2025-08-20,55,52644.9,VND026
TXN001969,FAC005,MED0163,Dispense,2025-05-30,71,147664.38,VND022
TXN021541,FAC001,MED0151,Purchase,2025-08-07,38,87346.42,VND015
TXN011431,FAC003,MED0106,Purchase,2025-12-21,87,141940.5,VND001
TXN003211,FAC002,MED0071,Dispense,2025-09-07,49,70273.35,VND021
TXN023037,FAC001,MED0010,Dispense,2025-06-01,26,52585.78,VND014
TXN012960,FAC001,MED0043,Dispense,2025-05-27,36,37162.8,VND002
TXN010884,FAC005,MED0177,Dispense,2025-06-07,74,123694.7,VND027
TXN005533,FAC001,MED0043,Dispense,2025-03-14,33,34065.9,VND002
TXN001494,FAC002,MED0068,Dispense,2025-10-24,37,4316.42,VND017
TXN017878,FAC003,MED0172,Purchase,2025-11-21,93,60594.15,VND017
TXN021160,FAC001,MED0107,Purchase,2025-06-28,35,18996.6,VND013
TXN000120,FAC004,MED0180,Purchase,2025-04-04,50,57813.0,VND005
TXN021277,FAC004,MED0013,Dispense,2025-10-02,6,2772.78,VND004
TXN016404,FAC005,MED0150,Return,2025-03-13,37,76137.12,VND003
TXN006353,FAC003,MED0017,Dispense,2025-12-17,46,110549.04,VND025
TXN000168,FAC003,MED0106,Dispense,2025-04-30,10,16315.0,VND001
TXN014230,FAC004,MED0037,Purchase,2025-06-21,13,329.16,VND003
TXN008779,FAC002,MED0095,Dispense,2025-06-15,52,20974.2,VND016
TXN013647,FAC004,MED0048,Dispense,2025-11-13,63,50864.94,VND009
TXN006207,FAC001,MED0119,Purchase,2025-08-12,82,19310.18,VND019
TXN006012,FAC004,MED0129,Dispense,2025-04-11,47,68460.67,VND019
TXN007179,FAC002,MED0056,Dispense,2025-06-27,55,48302.65,VND009
TXN017995,FAC005,MED0091,Dispense,2025-09-14,85,37387.25,VND001
TXN012778,FAC005,MED0078,Purchase,2025-02-24,68,43959.96,VND003
TXN024181,FAC002,MED0154,Dispense,2025-11-29,4,3828.72,VND026
TXN020484,FAC004,MED0047,Dispense,2025-11-21,80,126940.8,VND002
TXN024474,FAC005,MED0178,Purchase,2025-01-05,14,1537.76,VND019
TXN005999,FAC001,MED0162,Dispense,2025-12-04,18,1139.04,VND008
TXN022673,FAC005,MED0157,Dispense,2025-06-17,90,120563.1,VND017
TXN000248,FAC003,MED0032,Dispense,2025-02-26,18,7375.68,VND019
TXN021476,FAC003,MED0058,Dispense,2025-05-07,68,133624.76,VND008
TXN023612,FAC001,MED0133,Dispense,2025-01-16,62,51521.38,VND026
TXN021402,FAC002,MED0047,Dispense,2025-02-13,24,38082.24,VND002
TXN018329,FAC005,MED0170,Dispense,2025-09-27,38,59213.12,VND030
TXN007308,FAC003,MED0082,Dispense,2025-06-23,63,73601.01,VND019
TXN002745,FAC001,MED0100,Dispense,2025-04-21,95,210672.95,VND005
TXN002865,FAC003,MED0164,Return,2025-05-23,70,169413.3,VND022
TXN009163,FAC005,MED0098,Dispense,2025-08-05,19,38357.77,VND016
TXN016900,FAC005,MED0091,Dispense,2025-01-02,94,41345.9,VND001
TXN013772,FAC003,MED0029,Dispense,2025-08-20,64,32683.52,VND013
TXN015003,FAC004,MED0101,Dispense,2025-08-21,3,7002.36,VND026
TXN008020,FAC001,MED0149,Dispense,2025-07-07,85,128361.05,VND020
TXN021580,FAC005,MED0095,Purchase,2025-05-22,70,28234.5,VND016
TXN007432,FAC002,MED0014,Dispense,2025-01-20,41,21573.79,VND006
TXN017688,FAC003,MED0054,Purchase,2025-12-24,30,39836.7,VND020
TXN010756,FAC004,MED0050,Dispense,2025-06-30,83,168098.24,VND003
TXN024989,FAC005,MED0082,Adjustment,2025-09-28,7,8177.89,VND019
TXN022595,FAC001,MED0054,Purchase,2025-01-09,87,115526.43,VND020
TXN015835,FAC005,MED0103,Dispense,2025-09-21,61,89532.75,VND028
TXN016783,FAC002,MED0050,Dispense,2025-01-16,54,109365.12,VND003
TXN017168,FAC002,MED0137,Dispense,2025-02-15,68,14590.76,VND017
TXN004814,FAC002,MED0162,Purchase,2025-10-02,61,3860.08,VND008
TXN002663,FAC005,MED0052,Purchase,2025-10-08,10,8579.4,VND011
TXN004221,FAC002,MED0054,Purchase,2025-11-19,14,18590.46,VND020
TXN003299,FAC003,MED0105,Purchase,2025-06-02,59,121128.77,VND019
TXN020052,FAC004,MED0059,Purchase,2025-03-15,42,39300.66,VND003
TXN000181,FAC002,MED0151,Dispense,2025-11-17,80,183887.2,VND015
TXN011481,FAC004,MED0014,Purchase,2025-07-14,74,38938.06,VND006
TXN000776,FAC005,MED0065,Dispense,2025-12-02,33,73622.34,VND019
TXN003736,FAC005,MED0022,Dispense,2025-03-25,99,180644.31,VND008
TXN003182,FAC001,MED0175,Dispense,2025-04-22,87,28456.83,VND023
TXN011466,FAC001,MED0016,Dispense,2025-02-15,64,95870.08,VND004
TXN013385,FAC004,MED0045,Dispense,2025-02-10,96,236567.04,VND026
TXN000470,FAC002,MED0125,Dispense,2025-04-10,67,162265.96,VND018
TXN003878,FAC005,MED0124,Return,2025-03-19,85,156798.65,VND005
TXN007487,FAC002,MED0161,Return,2025-09-29,54,118612.62,VND030
TXN011079,FAC002,MED0140,Return,2025-03-29,90,17271.0,VND028
TXN024878,FAC004,MED0130,Dispense,2025-03-21,65,38858.3,VND020
TXN015449,FAC002,MED0148,Dispense,2025-08-16,71,6285.63,VND022
TXN022089,FAC005,MED0002,Adjustment,2025-04-27,26,6685.64,VND019
TXN006449,FAC003,MED0036,Dispense,2025-06-02,52,55762.2,VND027
TXN016412,FAC005,MED0148,Dispense,2025-01-15,75,6639.75,VND022
TXN022020,FAC004,MED0059,Dispense,2025-11-01,96,89830.08,VND003
TXN017677,FAC002,MED0110,Dispense,2025-09-29,8,2419.76,VND007
TXN003975,FAC003,MED0008,Adjustment,2025-08-22,25,3093.75,VND025
TXN001513,FAC005,MED0013,Dispense,2025-08-29,22,10166.86,VND004
TXN010710,FAC001,MED0019,Purchase,2025-09-26,9,12243.6,VND028
TXN021333,FAC002,MED0080,Dispense,2025-12-22,75,13858.5,VND001
TXN007406,FAC001,MED0110,Adjustment,2025-11-07,51,15425.97,VND007
TXN024458,FAC004,MED0040,Dispense,2025-12-20,17,2885.07,VND017
TXN012779,FAC003,MED0050,Dispense,2025-08-01,14,28353.92,VND003
TXN024689,FAC002,MED0033,Return,2025-03-02,21,33315.24,VND030
TXN004045,FAC001,MED0142,Dispense,2025-08-28,72,82131.84,VND015
TXN001193,FAC004,MED0098,Dispense,2025-05-05,94,189770.02,VND016
TXN023158,FAC005,MED0135,Dispense,2025-04-25,44,13238.72,VND008
TXN009749,FAC003,MED0002,Dispense,2025-03-30,28,7199.92,VND019
TXN014827,FAC002,MED0117,Return,2025-01-31,97,200550.41,VND020
TXN012491,FAC001,MED0127,Purchase,2025-05-29,69,38823.54,VND013
TXN002763,FAC005,MED0136,Dispense,2025-02-08,13,19002.75,VND003
TXN006881,FAC004,MED0012,Dispense,2025-03-17,60,125059.2,VND029
TXN008137,FAC003,MED0167,Dispense,2025-11-08,46,112760.26,VND028
TXN014369,FAC001,MED0057,Dispense,2025-12-24,40,88812.8,VND024
TXN004144,FAC004,MED0118,Dispense,2025-11-05,47,45960.83,VND019
TXN024796,FAC003,MED0017,Dispense,2025-05-27,6,14419.44,VND025
TXN010139,FAC002,MED0149,Adjustment,2025-03-03,85,128361.05,VND020
TXN011045,FAC005,MED0044,Dispense,2025-01-24,21,12704.79,VND001
TXN006553,FAC003,MED0171,Purchase,2025-02-12,7,2621.57,VND029
TXN023551,FAC002,MED0071,Dispense,2025-07-05,20,28683.0,VND021
TXN010022,FAC001,MED0110,Dispense,2025-11-05,80,24197.6,VND007
TXN021073,FAC005,MED0141,Dispense,2025-10-10,41,53773.96,VND025
TXN012260,FAC001,MED0157,Adjustment,2025-05-10,58,77696.22,VND017
TXN017440,FAC002,MED0013,Dispense,2025-09-30,42,19409.46,VND004
TXN020549,FAC005,MED0170,Dispense,2025-10-28,70,109076.8,VND030
TXN003705,FAC005,MED0105,Return,2025-02-25,48,98545.44,VND019
TXN021939,FAC004,MED0028,Dispense,2025-10-21,25,2719.0,VND007
TXN007761,FAC002,MED0134,Dispense,2025-11-16,73,85840.7,VND018
TXN007959,FAC002,MED0089,Dispense,2025-01-05,66,122901.9,VND028
TXN023598,FAC001,MED0173,Purchase,2025-10-30,72,88963.2,VND006
TXN017712,FAC002,MED0145,Dispense,2025-03-24,51,79221.87,VND024
TXN008117,FAC003,MED0123,Dispense,2025-12-13,11,13641.1,VND021
TXN004153,FAC005,MED0052,Dispense,2025-02-21,76,65203.44,VND011
TXN008080,FAC001,MED0177,Purchase,2025-03-04,37,61847.35,VND027
TXN004038,FAC005,MED0031,Dispense,2025-05-08,43,81305.69,VND015
TXN018346,FAC004,MED0079,Dispense,2025-07-08,73,1527.16,VND026
TXN002938,FAC001,MED0020,Purchase,2025-01-10,100,4697.0,VND001
TXN001298,FAC003,MED0161,Dispense,2025-08-07,12,26358.36,VND030
TXN015972,FAC002,MED0103,Dispense,2025-06-06,99,145307.25,VND028
TXN016071,FAC004,MED0169,Dispense,2025-09-20,31,42539.44,VND020
TXN005509,FAC002,MED0045,Dispense,2025-12-22,31,76391.44,VND026
TXN014530,FAC005,MED0092,Purchase,2025-03-28,89,21531.77,VND030
TXN011765,FAC005,MED0075,Adjustment,2025-09-30,14,4999.26,VND023
TXN000636,FAC005,MED0096,Purchase,2025-04-09,42,9943.92,VND014
TXN003487,FAC004,MED0121,Dispense,2025-12-06,27,22329.81,VND012
TXN003015,FAC004,MED0027,Dispense,2025-12-13,25,47597.0,VND003
TXN023930,FAC003,MED0131,Purchase,2025-03-25,10,8807.4,VND004
TXN023888,FAC002,MED0136,Purchase,2025-01-24,71,103784.25,VND003
TXN017094,FAC005,MED0042,Purchase,2025-03-01,86,214515.82,VND017
TXN013992,FAC003,MED0024,Dispense,2025-10-28,28,31584.84,VND008
TXN010546,FAC002,MED0106,Dispense,2025-06-25,92,150098.0,VND001
TXN019735,FAC003,MED0017,Adjustment,2025-05-20,61,146597.64,VND025
TXN009166,FAC003,MED0068,Dispense,2025-05-30,92,10732.72,VND017
TXN016433,FAC005,MED0144,Dispense,2025-09-29,83,197243.69,VND010
TXN011161,FAC002,MED0034,Dispense,2025-04-17,88,41617.84,VND012
TXN006530,FAC002,MED0026,Dispense,2025-08-08,20,23695.2,VND003
TXN005549,FAC002,MED0006,Purchase,2025-01-09,74,4844.78,VND012
TXN009057,FAC005,MED0066,Dispense,2025-12-18,21,26471.97,VND021
TXN014677,FAC004,MED0026,Dispense,2025-10-18,14,16586.64,VND003
TXN003996,FAC003,MED0158,Purchase,2025-08-19,75,109964.25,VND021
TXN005260,FAC003,MED0083,Dispense,2025-01-06,53,4452.53,VND026
TXN014620,FAC001,MED0020,Purchase,2025-03-29,75,3522.75,VND001
TXN002062,FAC003,MED0073,Purchase,2025-02-12,46,64195.3,VND018
TXN009230,FAC004,MED0142,Dispense,2025-09-03,18,20532.96,VND015
TXN002908,FAC003,MED0102,Return,2025-02-25,68,104903.6,VND004
TXN014347,FAC003,MED0118,Purchase,2025-01-23,94,91921.66,VND019
TXN001046,FAC005,MED0149,Dispense,2025-05-08,62,93628.06,VND020
TXN010038,FAC002,MED0039,Dispense,2025-04-03,79,186260.67,VND024
TXN011652,FAC003,MED0024,Dispense,2025-10-29,66,74449.98,VND008
TXN006401,FAC004,MED0045,Dispense,2025-01-22,91,224245.84,VND026
TXN016877,FAC005,MED0002,Dispense,2025-04-03,6,1542.84,VND019
TXN009060,FAC003,MED0027,Dispense,2025-04-18,31,59020.28,VND003
TXN014450,FAC002,MED0009,Dispense,2025-12-18,43,7314.73,VND009
TXN003875,FAC005,MED0032,Purchase,2025-03-16,63,25814.88,VND019
TXN011861,FAC004,MED0066,Adjustment,2025-07-21,31,39077.67,VND021
TXN022151,FAC001,MED0134,Purchase,2025-02-18,5,5879.5,VND018
TXN003740,FAC003,MED0111,Dispense,2025-09-06,64,140458.24,VND011
TXN000030,FAC002,MED0146,Purchase,2025-03-08,8,9308.32,VND004
TXN018933,FAC001,MED0122,Dispense,2025-06-27,38,75263.18,VND021
TXN008844,FAC002,MED0034,Purchase,2025-09-08,39,18444.27,VND012
TXN006815,FAC005,MED0027,Dispense,2025-02-18,75,142791.0,VND003
TXN011258,FAC001,MED0061,Purchase,2025-12-12,10,16326.9,VND003
TXN015106,FAC005,MED0115,Dispense,2025-06-23,97,58450.26,VND005
TXN021746,FAC004,MED0160,Dispense,2025-10-29,56,35537.04,VND014
TXN005450,FAC002,MED0052,Dispense,2025-12-01,100,85794.0,VND011
TXN017985,FAC004,MED0064,Dispense,2025-07-24,53,35450.64,VND022
TXN007126,FAC005,MED0012,Purchase,2025-09-13,82,170914.24,VND029
TXN007137,FAC002,MED0047,Dispense,2025-09-09,65,103139.4,VND002
TXN009933,FAC002,MED0019,Purchase,2025-11-26,93,126517.2,VND028
TXN003777,FAC005,MED0100,Dispense,2025-04-18,43,95357.23,VND005
TXN011148,FAC001,MED0068,Purchase,2025-11-28,55,6416.3,VND017
TXN019472,FAC004,MED0088,Dispense,2025-09-04,14,18124.68,VND018
TXN003003,FAC005,MED0174,Return,2025-11-19,60,36386.4,VND011
TXN011290,FAC004,MED0062,Adjustment,2025-03-24,94,56326.68,VND004
TXN004878,FAC004,MED0076,Purchase,2025-12-27,65,120510.0,VND026
TXN000961,FAC002,MED0130,Purchase,2025-12-09,68,40651.76,VND020
TXN000985,FAC002,MED0135,Adjustment,2025-02-17,36,10831.68,VND008
TXN002562,FAC001,MED0063,Dispense,2025-08-02,40,31027.6,VND017
TXN015143,FAC004,MED0045,Adjustment,2025-06-24,81,199603.44,VND026
TXN012141,FAC002,MED0031,Dispense,2025-01-24,68,128576.44,VND015
TXN008320,FAC004,MED0140,Dispense,2025-11-27,44,8443.6,VND028
TXN005360,FAC003,MED0079,Adjustment,2025-12-07,93,1945.56,VND026
TXN018621,FAC001,MED0157,Dispense,2025-10-30,21,28131.39,VND017
TXN016604,FAC003,MED0080,Dispense,2025-12-24,64,11825.92,VND001
TXN009615,FAC001,MED0068,Dispense,2025-05-21,76,8866.16,VND017
TXN004203,FAC004,MED0162,Dispense,2025-03-24,66,4176.48,VND008
TXN008026,FAC004,MED0180,Return,2025-01-09,49,56656.74,VND005
TXN002727,FAC005,MED0097,Purchase,2025-08-28,60,105691.2,VND030
TXN003297,FAC004,MED0007,Purchase,2025-05-02,19,46257.4,VND028
TXN011000,FAC001,MED0088,Purchase,2025-01-05,51,66025.62,VND018
TXN008477,FAC004,MED0142,Dispense,2025-11-14,61,69583.92,VND015
TXN000342,FAC003,MED0057,Adjustment,2025-02-18,7,15542.24,VND024
TXN000292,FAC004,MED0084,Dispense,2025-10-01,5,4528.0,VND015
TXN022995,FAC004,MED0113,Dispense,2025-12-18,59,119099.17,VND024
TXN012284,FAC004,MED0068,Purchase,2025-10-30,73,8516.18,VND017
TXN001711,FAC002,MED0124,Dispense,2025-02-22,19,35049.11,VND005
TXN014920,FAC003,MED0173,Dispense,2025-09-16,3,3706.8,VND006
TXN023979,FAC001,MED0131,Purchase,2025-11-21,70,61651.8,VND004
TXN021404,FAC003,MED0023,Dispense,2025-06-23,9,8111.7,VND010
TXN019705,FAC004,MED0167,Adjustment,2025-03-08,81,198556.11,VND028
TXN001889,FAC004,MED0082,Purchase,2025-08-18,68,79442.36,VND019
TXN012435,FAC003,MED0080,Purchase,2025-09-27,59,10902.02,VND001
TXN003399,FAC002,MED0015,Dispense,2025-07-20,91,176506.33,VND018
TXN016298,FAC005,MED0019,Dispense,2025-06-05,42,57136.8,VND028
TXN017419,FAC002,MED0031,Dispense,2025-12-31,46,86978.18,VND015
TXN014492,FAC001,MED0122,Purchase,2025-06-20,44,87146.84,VND021
TXN006426,FAC004,MED0153,Purchase,2025-01-09,5,6025.4,VND001
TXN024975,FAC001,MED0145,Dispense,2025-02-26,96,149123.52,VND024
TXN004187,FAC001,MED0085,Dispense,2025-12-16,79,152218.78,VND008
TXN015580,FAC003,MED0087,Dispense,2025-10-12,42,73549.56,VND015
TXN024302,FAC005,MED0022,Dispense,2025-09-08,30,54740.7,VND008
TXN010964,FAC004,MED0129,Dispense,2025-05-05,67,97592.87,VND019
TXN023858,FAC003,MED0020,Purchase,2025-08-30,51,2395.47,VND001
TXN008395,FAC004,MED0164,Dispense,2025-09-25,4,9680.76,VND022
TXN004439,FAC002,MED0155,Purchase,2025-08-07,1,2097.12,VND017
TXN003663,FAC005,MED0074,Dispense,2025-11-24,78,14311.44,VND008
TXN007428,FAC005,MED0079,Dispense,2025-07-16,5,104.6,VND026
TXN006179,FAC005,MED0109,Purchase,2025-06-15,88,150179.04,VND026
TXN009125,FAC005,MED0018,Dispense,2025-03-17,10,20732.1,VND015
TXN024064,FAC003,MED0057,Adjustment,2025-02-09,17,37745.44,VND024
TXN012461,FAC004,MED0071,Purchase,2025-03-01,13,18643.95,VND021
TXN010706,FAC004,MED0044,Dispense,2025-07-01,32,19359.68,VND001
TXN013708,FAC001,MED0094,Dispense,2025-03-30,89,162626.14,VND022
TXN012822,FAC005,MED0106,Purchase,2025-12-18,48,78312.0,VND001
TXN023942,FAC001,MED0043,Purchase,2025-07-05,21,21678.3,VND002
TXN021612,FAC002,MED0034,Purchase,2025-05-04,54,25538.22,VND012
TXN024085,FAC001,MED0155,Dispense,2025-12-26,33,69204.96,VND017
TXN021987,FAC002,MED0157,Dispense,2025-11-24,27,36168.93,VND017
TXN024347,FAC002,MED0056,Dispense,2025-02-02,96,84310.08,VND009
TXN007950,FAC004,MED0085,Adjustment,2025-07-18,56,107901.92,VND008
TXN010646,FAC004,MED0057,Dispense,2025-04-06,28,62168.96,VND024
TXN021002,FAC003,MED0039,Dispense,2025-08-03,99,233415.27,VND024
TXN019873,FAC005,MED0111,Purchase,2025-04-12,42,92175.72,VND011
TXN018609,FAC001,MED0061,Dispense,2025-04-10,33,53878.77,VND003
TXN008958,FAC002,MED0180,Purchase,2025-06-29,23,26593.98,VND005
TXN011386,FAC003,MED0092,Dispense,2025-04-25,25,6048.25,VND030
TXN015438,FAC004,MED0112,Adjustment,2025-09-17,13,9240.79,VND029
TXN016816,FAC005,MED0144,Dispense,2025-05-03,73,173479.39,VND010
TXN011306,FAC005,MED0096,Purchase,2025-09-09,13,3077.88,VND014
TXN006134,FAC004,MED0106,Dispense,2025-08-08,79,128888.5,VND001
TXN010005,FAC001,MED0161,Dispense,2025-05-15,16,35144.48,VND030
TXN012376,FAC005,MED0122,Purchase,2025-06-11,52,102991.72,VND021
TXN020105,FAC004,MED0110,Dispense,2025-02-15,21,6351.87,VND007
TXN007443,FAC004,MED0118,Dispense,2025-11-21,85,83120.65,VND019
TXN002172,FAC005,MED0047,Dispense,2025-08-08,41,65057.16,VND002
TXN009145,FAC005,MED0168,Dispense,2025-11-06,59,82045.4,VND030
TXN023239,FAC001,MED0053,Dispense,2025-07-19,53,34491.87,VND010
TXN015934,FAC002,MED0162,Dispense,2025-03-28,48,3037.44,VND008
TXN020223,FAC004,MED0007,Dispense,2025-04-03,33,80341.8,VND028
TXN004581,FAC004,MED0080,Dispense,2025-06-21,10,1847.8,VND001
TXN005344,FAC004,MED0075,Purchase,2025-09-05,26,9284.34,VND023
TXN015617,FAC002,MED0018,Dispense,2025-06-16,99,205247.79,VND015
TXN012843,FAC002,MED0080,Dispense,2025-04-26,19,3510.82,VND001
TXN021211,FAC003,MED0021,Adjustment,2025-03-31,45,979.2,VND008
TXN021230,FAC002,MED0123,Dispense,2025-08-21,29,35962.9,VND021
TXN016857,FAC001,MED0027,Purchase,2025-06-01,53,100905.64,VND003
TXN015080,FAC001,MED0114,Dispense,2025-08-06,49,30920.96,VND018
TXN023913,FAC004,MED0144,Purchase,2025-07-16,53,125950.79,VND010
TXN016089,FAC002,MED0130,Dispense,2025-06-11,85,50814.7,VND020
TXN012015,FAC003,MED0156,Dispense,2025-06-08,40,1682.8,VND001
TXN014102,FAC003,MED0029,Dispense,2025-12-20,97,49535.96,VND013
TXN005261,FAC002,MED0046,Purchase,2025-02-16,79,47415.01,VND024
TXN012640,FAC004,MED0171,Dispense,2025-04-29,7,2621.57,VND029
TXN019407,FAC004,MED0101,Dispense,2025-10-06,61,142381.32,VND026
TXN017948,FAC001,MED0119,Purchase,2025-09-01,79,18603.71,VND019
TXN010853,FAC001,MED0160,Dispense,2025-01-09,70,44421.3,VND014
TXN005842,FAC004,MED0050,Dispense,2025-12-22,27,54682.56,VND003
TXN005793,FAC004,MED0152,Dispense,2025-04-01,55,6637.4,VND027
TXN008122,FAC003,MED0129,Dispense,2025-06-26,92,134008.12,VND019
TXN019789,FAC001,MED0004,Dispense,2025-01-08,73,152018.85,VND024
TXN017455,FAC005,MED0096,Dispense,2025-11-16,33,7813.08,VND014
TXN021335,FAC002,MED0169,Dispense,2025-06-04,82,112523.68,VND020
TXN001340,FAC001,MED0056,Dispense,2025-07-19,7,6147.61,VND009
TXN017255,FAC002,MED0031,Dispense,2025-02-07,12,22689.96,VND015
TXN021466,FAC004,MED0114,Purchase,2025-12-13,78,49221.12,VND018
TXN007496,FAC001,MED0127,Dispense,2025-03-07,48,27007.68,VND013
TXN001515,FAC004,MED0040,Adjustment,2025-07-31,97,16461.87,VND017
TXN019155,FAC003,MED0128,Dispense,2025-07-23,56,20907.04,VND026
TXN005929,FAC001,MED0060,Dispense,2025-07-17,5,3577.65,VND029
TXN004983,FAC003,MED0060,Purchase,2025-02-23,10,7155.3,VND029
TXN006358,FAC001,MED0137,Adjustment,2025-07-13,81,17380.17,VND017
TXN000140,FAC002,MED0168,Purchase,2025-10-31,28,38936.8,VND030
TXN003779,FAC005,MED0084,Adjustment,2025-11-19,70,63392.0,VND015
TXN008224,FAC004,MED0177,Dispense,2025-10-28,69,115336.95,VND027
TXN008944,FAC005,MED0150,Purchase,2025-06-23,1,2057.76,VND003
TXN020924,FAC001,MED0153,Adjustment,2025-11-13,18,21691.44,VND001
TXN024500,FAC001,MED0021,Purchase,2025-08-30,13,282.88,VND008
TXN001816,FAC002,MED0088,Dispense,2025-04-23,23,29776.26,VND018
TXN000697,FAC001,MED0031,Dispense,2025-07-10,18,34034.94,VND015
TXN002584,FAC005,MED0141,Dispense,2025-02-02,23,30165.88,VND025
TXN023881,FAC002,MED0140,Dispense,2025-12-19,48,9211.2,VND028
TXN022664,FAC001,MED0124,Dispense,2025-08-29,77,142041.13,VND005
TXN017602,FAC003,MED0092,Purchase,2025-06-28,19,4596.67,VND030
TXN023603,FAC002,MED0014,Dispense,2025-05-16,4,2104.76,VND006
TXN010091,FAC005,MED0149,Purchase,2025-11-03,10,15101.3,VND020
TXN008605,FAC003,MED0111,Dispense,2025-10-21,79,173378.14,VND011
TXN000368,FAC002,MED0089,Dispense,2025-01-30,67,124764.05,VND028
TXN009873,FAC005,MED0043,Dispense,2025-03-20,17,17549.1,VND002
TXN000151,FAC001,MED0103,Purchase,2025-01-17,70,102742.5,VND028
TXN003109,FAC005,MED0147,Dispense,2025-12-22,61,12304.31,VND028
TXN015110,FAC003,MED0140,Dispense,2025-05-03,49,9403.1,VND028
TXN006225,FAC004,MED0096,Dispense,2025-05-12,19,4498.44,VND014
TXN010460,FAC005,MED0162,Dispense,2025-07-11,20,1265.6,VND008
TXN002142,FAC004,MED0125,Purchase,2025-01-19,98,237344.24,VND018
TXN009762,FAC005,MED0018,Purchase,2025-09-04,39,80855.19,VND015
TXN003703,FAC001,MED0122,Purchase,2025-11-19,95,188157.95,VND021
TXN016211,FAC001,MED0034,Dispense,2025-12-25,1,472.93,VND012
TXN017998,FAC001,MED0068,Purchase,2025-03-16,29,3383.14,VND017
TXN017179,FAC002,MED0115,Dispense,2025-02-10,66,39770.28,VND005
TXN000018,FAC003,MED0005,Dispense,2025-05-06,25,38669.0,VND021
TXN005352,FAC003,MED0144,Purchase,2025-09-22,24,57034.32,VND010
TXN009150,FAC002,MED0101,Purchase,2025-05-29,42,98033.04,VND026
TXN001600,FAC001,MED0031,Adjustment,2025-12-12,78,147484.74,VND015
TXN020899,FAC003,MED0024,Dispense,2025-02-24,99,111674.97,VND008
TXN024386,FAC005,MED0007,Return,2025-03-23,75,182595.0,VND028
TXN011934,FAC001,MED0091,Dispense,2025-11-19,59,25951.15,VND001
TXN003499,FAC001,MED0001,Dispense,2025-04-24,75,137409.75,VND015
TXN003101,FAC001,MED0144,Dispense,2025-08-26,63,149715.09,VND010
TXN014371,FAC004,MED0057,Dispense,2025-05-14,12,26643.84,VND024
TXN005215,FAC004,MED0090,Dispense,2025-03-25,46,9638.84,VND021
TXN015077,FAC001,MED0097,Dispense,2025-11-30,60,105691.2,VND030
TXN019164,FAC004,MED0001,Dispense,2025-06-16,26,47635.38,VND015
TXN024406,FAC002,MED0133,Dispense,2025-01-19,36,29915.64,VND026
TXN022511,FAC001,MED0116,Dispense,2025-11-07,79,20933.42,VND003
TXN013028,FAC002,MED0084,Return,2025-04-16,79,71542.4,VND015
TXN006150,FAC001,MED0178,Return,2025-07-29,20,2196.8,VND019
TXN008414,FAC005,MED0084,Dispense,2025-08-27,70,63392.0,VND015
TXN013607,FAC001,MED0018,Dispense,2025-06-22,17,35244.57,VND015
TXN012241,FAC005,MED0056,Return,2025-01-06,98,86066.54,VND009
TXN004784,FAC002,MED0109,Dispense,2025-11-10,61,104101.38,VND026
TXN024444,FAC004,MED0175,Purchase,2025-12-13,1,327.09,VND023
TXN015400,FAC002,MED0082,Dispense,2025-05-17,42,49067.34,VND019
TXN004171,FAC004,MED0048,Dispense,2025-11-04,38,30680.44,VND009
TXN012430,FAC004,MED0143,Dispense,2025-01-19,50,112684.5,VND003
TXN015810,FAC002,MED0152,Dispense,2025-08-12,30,3620.4,VND027
TXN012485,FAC005,MED0163,Dispense,2025-05-25,10,20797.8,VND022
TXN014779,FAC005,MED0113,Dispense,2025-03-17,100,201863.0,VND024
TXN017260,FAC005,MED0026,Dispense,2025-01-07,41,48575.16,VND003
TXN023998,FAC003,MED0082,Purchase,2025-11-13,98,114490.46,VND019
TXN007885,FAC004,MED0034,Dispense,2025-08-03,9,4256.37,VND012
TXN006518,FAC002,MED0054,Adjustment,2025-12-22,60,79673.4,VND020
TXN003579,FAC002,MED0144,Return,2025-01-11,39,92680.77,VND010
TXN020843,FAC004,MED0100,Adjustment,2025-04-02,90,199584.9,VND005
TXN001093,FAC002,MED0159,Dispense,2025-01-29,47,44631.2,VND010
TXN002035,FAC001,MED0129,Purchase,2025-04-14,14,20392.54,VND019
TXN003069,FAC004,MED0059,Adjustment,2025-01-11,14,13100.22,VND003
TXN009694,FAC004,MED0064,Purchase,2025-06-03,69,46152.72,VND022
TXN004306,FAC003,MED0043,Dispense,2025-10-28,2,2064.6,VND002
TXN017492,FAC002,MED0075,Dispense,2025-12-22,70,24996.3,VND023
TXN016309,FAC003,MED0117,Dispense,2025-05-18,65,134389.45,VND020
TXN020600,FAC003,MED0129,Dispense,2025-05-04,87,126725.07,VND019
TXN015485,FAC003,MED0152,Purchase,2025-01-04,72,8688.96,VND027
TXN006527,FAC001,MED0093,Purchase,2025-06-08,73,174288.96,VND001
TXN020965,FAC005,MED0169,Adjustment,2025-01-08,45,61750.8,VND020
TXN019023,FAC004,MED0174,Purchase,2025-06-27,99,60037.56,VND011
TXN002871,FAC003,MED0126,Dispense,2025-05-03,97,210319.28,VND012
TXN007862,FAC002,MED0163,Return,2025-12-16,96,199658.88,VND022
TXN007048,FAC003,MED0128,Purchase,2025-02-02,82,30613.88,VND026
TXN022704,FAC004,MED0132,Dispense,2025-09-16,80,75996.0,VND029
TXN003114,FAC002,MED0005,Purchase,2025-03-06,73,112913.48,VND021
TXN006347,FAC003,MED0067,Dispense,2025-03-06,72,41876.64,VND005
TXN002765,FAC005,MED0072,Dispense,2025-04-22,51,49350.66,VND029
TXN017395,FAC005,MED0026,Adjustment,2025-08-02,69,81748.44,VND003
TXN007302,FAC004,MED0047,Dispense,2025-11-07,14,22214.64,VND002
TXN010360,FAC005,MED0001,Purchase,2025-03-03,12,21985.56,VND015
TXN012305,FAC005,MED0021,Adjustment,2025-10-30,65,1414.4,VND008
TXN013868,FAC004,MED0078,Purchase,2025-09-08,62,40081.14,VND003
TXN024889,FAC003,MED0062,Purchase,2025-12-07,33,19774.26,VND004
TXN017228,FAC004,MED0139,Dispense,2025-02-03,61,135952.53,VND015
TXN009607,FAC003,MED0168,Dispense,2025-09-12,100,139060.0,VND030
TXN015250,FAC005,MED0053,Purchase,2025-08-30,92,59872.68,VND010
TXN020279,FAC003,MED0081,Adjustment,2025-11-17,9,2179.8,VND002
TXN005220,FAC002,MED0054,Dispense,2025-04-16,32,42492.48,VND020
TXN021945,FAC005,MED0105,Dispense,2025-02-17,40,82121.2,VND019
TXN019432,FAC005,MED0156,Dispense,2025-07-04,50,2103.5,VND001
TXN003059,FAC004,MED0146,Purchase,2025-09-21,78,90756.12,VND004
TXN014113,FAC001,MED0082,Adjustment,2025-05-11,73,85283.71,VND019
TXN013942,FAC002,MED0113,Dispense,2025-05-15,97,195807.11,VND024
TXN017838,FAC003,MED0176,Dispense,2025-03-04,21,36617.28,VND008
TXN007440,FAC001,MED0160,Adjustment,2025-07-04,92,58382.28,VND014
TXN011252,FAC004,MED0069,Adjustment,2025-08-05,80,56372.8,VND029
TXN014460,FAC001,MED0036,Purchase,2025-12-04,94,100800.9,VND027
TXN001809,FAC001,MED0132,Adjustment,2025-11-09,44,41797.8,VND029
TXN020946,FAC002,MED0079,Purchase,2025-05-30,11,230.12,VND026
TXN011135,FAC005,MED0036,Purchase,2025-09-10,14,15012.9,VND027
TXN018786,FAC003,MED0179,Return,2025-10-18,82,36827.02,VND010
TXN024750,FAC001,MED0039,Dispense,2025-06-09,1,2357.73,VND024
TXN023183,FAC002,MED0060,Purchase,2025-10-25,57,40785.21,VND029
TXN017894,FAC003,MED0096,Return,2025-10-25,81,19177.56,VND014
TXN008920,FAC002,MED0048,Purchase,2025-11-01,55,44405.9,VND009
TXN004283,FAC002,MED0080,Adjustment,2025-07-13,24,4434.72,VND001
TXN004376,FAC003,MED0154,Dispense,2025-03-24,71,67959.78,VND026
TXN015885,FAC001,MED0161,Purchase,2025-12-27,35,76878.55,VND030
TXN007901,FAC005,MED0033,Dispense,2025-12-14,55,87254.2,VND030
TXN021124,FAC004,MED0045,Dispense,2025-10-24,3,7392.72,VND026
TXN010444,FAC004,MED0107,Dispense,2025-11-03,89,48305.64,VND013
TXN010390,FAC004,MED0105,Purchase,2025-08-25,67,137553.01,VND019
TXN024303,FAC001,MED0111,Purchase,2025-11-06,81,177767.46,VND011
TXN002596,FAC003,MED0074,Dispense,2025-05-07,97,17797.56,VND008
TXN023303,FAC005,MED0061,Dispense,2025-03-28,52,84899.88,VND003
TXN017560,FAC003,MED0169,Dispense,2025-05-23,26,35678.24,VND020
TXN014352,FAC004,MED0075,Purchase,2025-02-07,90,32138.1,VND023
TXN003877,FAC003,MED0038,Purchase,2025-01-21,34,19090.66,VND030
TXN003932,FAC002,MED0063,Dispense,2025-06-14,29,22495.01,VND017
TXN012231,FAC002,MED0085,Purchase,2025-11-09,18,34682.76,VND008
TXN019858,FAC005,MED0119,Dispense,2025-03-10,89,20958.61,VND019
TXN003640,FAC001,MED0121,Return,2025-07-18,86,71124.58,VND012
TXN000316,FAC003,MED0036,Dispense,2025-06-15,27,28953.45,VND027
TXN024235,FAC005,MED0174,Dispense,2025-05-14,61,36992.84,VND011
TXN005679,FAC004,MED0021,Dispense,2025-01-18,81,1762.56,VND008
TXN004462,FAC005,MED0093,Purchase,2025-12-02,71,169513.92,VND001
TXN006021,FAC004,MED0157,Dispense,2025-12-29,10,13395.9,VND017
TXN024578,FAC001,MED0160,Dispense,2025-01-07,75,47594.25,VND014
TXN000209,FAC004,MED0020,Adjustment,2025-12-20,69,3240.93,VND001
TXN021106,FAC003,MED0150,Dispense,2025-12-31,51,104945.76,VND003
TXN002230,FAC003,MED0153,Dispense,2025-05-05,8,9640.64,VND001
TXN000937,FAC005,MED0072,Purchase,2025-03-29,93,89992.38,VND029
TXN013692,FAC001,MED0104,Dispense,2025-11-09,72,103451.76,VND018
TXN005334,FAC004,MED0003,Adjustment,2025-05-01,82,145346.64,VND008
TXN024021,FAC005,MED0031,Return,2025-05-09,74,139921.42,VND015
TXN013261,FAC004,MED0079,Dispense,2025-11-11,83,1736.36,VND026
TXN003704,FAC003,MED0052,Purchase,2025-11-16,13,11153.22,VND011
TXN001511,FAC005,MED0113,Dispense,2025-05-16,26,52484.38,VND024
TXN018493,FAC001,MED0101,Dispense,2025-08-22,50,116706.0,VND026
TXN014336,FAC001,MED0001,Purchase,2025-06-16,11,20153.43,VND015
TXN022083,FAC005,MED0012,Dispense,2025-03-26,25,52108.0,VND029
TXN012089,FAC003,MED0118,Purchase,2025-12-03,52,50850.28,VND019
TXN021670,FAC003,MED0155,Purchase,2025-11-15,31,65010.72,VND017
TXN014365,FAC004,MED0174,Dispense,2025-06-19,65,39418.6,VND011
TXN021498,FAC004,MED0100,Dispense,2025-11-08,76,168538.36,VND005
TXN008345,FAC005,MED0021,Dispense,2025-10-25,3,65.28,VND008
TXN004247,FAC002,MED0100,Dispense,2025-10-08,100,221761.0,VND005
TXN022720,FAC003,MED0024,Dispense,2025-11-09,83,93626.49,VND008
TXN001612,FAC005,MED0064,Dispense,2025-03-13,21,14046.48,VND022
TXN010213,FAC002,MED0169,Adjustment,2025-02-09,39,53517.36,VND020
TXN007640,FAC004,MED0132,Dispense,2025-05-20,21,19948.95,VND029
TXN012118,FAC001,MED0119,Dispense,2025-10-19,54,12716.46,VND019
TXN022516,FAC002,MED0085,Dispense,2025-08-21,86,165706.52,VND008
TXN006138,FAC001,MED0133,Dispense,2025-03-24,85,70634.15,VND026
TXN020655,FAC003,MED0097,Dispense,2025-07-05,62,109214.24,VND030
TXN011767,FAC001,MED0171,Dispense,2025-05-13,43,16103.93,VND029
TXN018159,FAC001,MED0049,Return,2025-01-03,57,46756.53,VND020
TXN008067,FAC001,MED0164,Dispense,2025-08-23,82,198455.58,VND022
TXN014152,FAC003,MED0064,Purchase,2025-02-27,3,2006.64,VND022
TXN006025,FAC001,MED0009,Dispense,2025-03-25,49,8335.39,VND009
TXN022805,FAC002,MED0089,Purchase,2025-10-13,17,31656.55,VND028
TXN009927,FAC003,MED0147,Dispense,2025-12-08,8,1613.68,VND028
TXN008518,FAC005,MED0051,Dispense,2025-05-19,66,114168.12,VND009
TXN010009,FAC001,MED0107,Dispense,2025-03-10,65,35279.4,VND013
TXN012308,FAC004,MED0110,Purchase,2025-03-19,16,4839.52,VND007
TXN011072,FAC004,MED0123,Return,2025-05-23,87,107888.7,VND021
TXN007286,FAC005,MED0155,Dispense,2025-02-26,99,207614.88,VND017
TXN019156,FAC005,MED0035,Dispense,2025-05-13,51,40823.46,VND025
TXN015478,FAC003,MED0173,Dispense,2025-03-24,83,102554.8,VND006
TXN003595,FAC003,MED0095,Return,2025-03-16,33,13310.55,VND016
TXN017226,FAC003,MED0050,Return,2025-02-09,56,113415.68,VND003
TXN008940,FAC005,MED0158,Dispense,2025-09-24,24,35188.56,VND021
TXN024570,FAC005,MED0145,Dispense,2025-04-21,66,102522.42,VND024
TXN001662,FAC004,MED0060,Dispense,2025-01-08,71,50802.63,VND029
TXN007925,FAC003,MED0153,Adjustment,2025-03-10,7,8435.56,VND001
TXN008929,FAC002,MED0079,Purchase,2025-08-22,65,1359.8,VND026
TXN024313,FAC004,MED0093,Dispense,2025-08-12,22,52525.44,VND001
TXN021262,FAC001,MED0120,Adjustment,2025-09-16,93,133641.93,VND020
TXN018608,FAC004,MED0162,Dispense,2025-04-11,95,6011.6,VND008
TXN012768,FAC002,MED0119,Dispense,2025-05-29,84,19781.16,VND019
TXN002443,FAC005,MED0019,Dispense,2025-10-10,5,6802.0,VND028
TXN001475,FAC002,MED0052,Dispense,2025-08-09,77,66061.38,VND011
TXN008526,FAC001,MED0133,Dispense,2025-06-20,65,54014.35,VND026
TXN020561,FAC004,MED0159,Purchase,2025-10-04,54,51278.4,VND010
TXN003367,FAC001,MED0007,Dispense,2025-05-25,97,236156.2,VND028
TXN000994,FAC004,MED0052,Dispense,2025-11-06,73,62629.62,VND011
TXN023748,FAC005,MED0025,Adjustment,2025-05-31,49,81706.52,VND024
TXN010393,FAC005,MED0115,Dispense,2025-07-26,55,33141.9,VND005
TXN022884,FAC004,MED0082,Dispense,2025-03-13,32,37384.64,VND019
TXN024905,FAC004,MED0010,Dispense,2025-07-04,18,36405.54,VND014
TXN005166,FAC004,MED0162,Dispense,2025-07-07,86,5442.08,VND008
TXN001714,FAC001,MED0155,Dispense,2025-05-10,26,54525.12,VND017
TXN014703,FAC001,MED0104,Dispense,2025-05-25,41,58910.03,VND018
TXN019330,FAC004,MED0120,Dispense,2025-05-21,97,139389.97,VND020
TXN017960,FAC002,MED0006,Purchase,2025-09-26,79,5172.13,VND012
TXN010508,FAC001,MED0120,Adjustment,2025-07-30,44,63228.44,VND020
TXN003790,FAC002,MED0134,Return,2025-01-16,28,32925.2,VND018
TXN005095,FAC004,MED0089,Dispense,2025-01-14,9,16759.35,VND028
TXN018357,FAC003,MED0099,Dispense,2025-09-19,43,69971.32,VND030
TXN023530,FAC003,MED0119,Dispense,2025-10-04,20,4709.8,VND019
TXN024426,FAC001,MED0080,Dispense,2025-12-21,74,13673.72,VND001
TXN013627,FAC001,MED0003,Dispense,2025-04-05,42,74445.84,VND008
TXN008864,FAC003,MED0066,Dispense,2025-06-05,44,55465.08,VND021
TXN024778,FAC001,MED0046,Dispense,2025-04-05,72,43213.68,VND024
TXN011400,FAC001,MED0175,Dispense,2025-03-24,6,1962.54,VND023
TXN022375,FAC003,MED0098,Dispense,2025-02-12,97,195826.51,VND016
TXN003456,FAC002,MED0020,Purchase,2025-01-06,6,281.82,VND001
TXN007498,FAC005,MED0125,Purchase,2025-03-28,62,150156.56,VND018
TXN020601,FAC001,MED0174,Return,2025-07-11,28,16980.32,VND011
TXN003582,FAC005,MED0066,Dispense,2025-08-03,53,66810.21,VND021
TXN012924,FAC003,MED0159,Dispense,2025-01-04,5,4748.0,VND010
TXN014979,FAC005,MED0016,Dispense,2025-07-01,94,140809.18,VND004
TXN012472,FAC005,MED0111,Dispense,2025-06-29,76,166794.16,VND011
TXN004190,FAC005,MED0173,Purchase,2025-04-14,39,48188.4,VND006
TXN011624,FAC003,MED0053,Dispense,2025-08-02,7,4555.53,VND010
TXN015507,FAC002,MED0084,Dispense,2025-04-10,13,11772.8,VND015
TXN018870,FAC005,MED0149,Dispense,2025-04-22,32,48324.16,VND020
TXN010908,FAC001,MED0067,Dispense,2025-10-01,59,34315.58,VND005
TXN018198,FAC002,MED0048,Dispense,2025-01-06,70,56516.6,VND009
TXN005097,FAC002,MED0073,Purchase,2025-07-27,39,54426.45,VND018
TXN017186,FAC005,MED0001,Dispense,2025-11-26,47,86110.11,VND015
TXN001766,FAC001,MED0032,Purchase,2025-08-16,42,17209.92,VND019
TXN020587,FAC003,MED0002,Dispense,2025-02-04,58,14914.12,VND019
TXN014508,FAC003,MED0025,Return,2025-12-03,72,120058.56,VND024
TXN009243,FAC003,MED0147,Dispense,2025-08-01,70,14119.7,VND028
TXN023926,FAC003,MED0137,Dispense,2025-08-05,88,18882.16,VND017
TXN016409,FAC005,MED0105,Dispense,2025-07-05,45,92386.35,VND019
TXN015540,FAC001,MED0102,Dispense,2025-01-09,86,132672.2,VND004
TXN020272,FAC001,MED0133,Adjustment,2025-06-08,71,59000.29,VND026
TXN010232,FAC001,MED0123,Adjustment,2025-03-01,9,11160.9,VND021
TXN024766,FAC001,MED0021,Adjustment,2025-03-19,3,65.28,VND008
TXN022659,FAC005,MED0123,Purchase,2025-06-21,38,47123.8,VND021
TXN014760,FAC001,MED0154,Dispense,2025-02-06,59,56473.62,VND026
TXN017171,FAC003,MED0007,Dispense,2025-10-23,82,199637.2,VND028
TXN013846,FAC002,MED0010,Return,2025-09-10,75,151689.75,VND014
TXN022418,FAC004,MED0131,Dispense,2025-06-09,63,55486.62,VND004
TXN001643,FAC005,MED0166,Adjustment,2025-03-04,80,128103.2,VND021
TXN013989,FAC005,MED0176,Dispense,2025-03-22,3,5231.04,VND008
TXN004033,FAC003,MED0151,Dispense,2025-06-14,33,75853.47,VND015
TXN021696,FAC001,MED0033,Dispense,2025-06-07,88,139606.72,VND030
TXN010043,FAC005,MED0152,Purchase,2025-03-07,78,9413.04,VND027
TXN024621,FAC002,MED0037,Purchase,2025-08-13,76,1924.32,VND003
TXN001423,FAC003,MED0084,Dispense,2025-04-26,33,29884.8,VND015
TXN019503,FAC005,MED0021,Adjustment,2025-03-29,80,1740.8,VND008
TXN003510,FAC005,MED0020,Purchase,2025-09-14,90,4227.3,VND001
TXN023768,FAC005,MED0060,Dispense,2025-02-18,45,32198.85,VND029
TXN004004,FAC005,MED0041,Return,2025-10-14,10,17431.9,VND030
TXN003394,FAC001,MED0099,Purchase,2025-07-25,39,63462.36,VND030
TXN008162,FAC002,MED0129,Dispense,2025-04-08,66,96136.26,VND019
TXN023656,FAC002,MED0006,Purchase,2025-05-05,49,3208.03,VND012
TXN023905,FAC003,MED0067,Dispense,2025-08-05,67,38968.54,VND005
TXN010437,FAC004,MED0023,Dispense,2025-02-25,10,9013.0,VND010
TXN017604,FAC003,MED0126,Dispense,2025-02-09,17,36860.08,VND012
TXN023184,FAC001,MED0099,Dispense,2025-03-08,83,135060.92,VND030
TXN000684,FAC004,MED0134,Purchase,2025-02-21,62,72905.8,VND018
TXN002753,FAC002,MED0039,Dispense,2025-04-02,74,174472.02,VND024
TXN022175,FAC004,MED0016,Dispense,2025-08-11,15,22469.55,VND004
TXN012168,FAC004,MED0063,Dispense,2025-01-17,96,74466.24,VND017
TXN023496,FAC002,MED0108,Return,2025-10-24,23,39331.15,VND018
TXN013723,FAC002,MED0109,Adjustment,2025-05-16,30,51197.4,VND026
TXN005108,FAC004,MED0138,Dispense,2025-09-04,26,52178.36,VND006
TXN020913,FAC004,MED0089,Dispense,2025-09-12,71,132212.65,VND028
TXN002174,FAC004,MED0128,Dispense,2025-04-18,38,14186.92,VND026
TXN023449,FAC004,MED0091,Purchase,2025-04-12,12,5278.2,VND001
TXN018216,FAC003,MED0128,Dispense,2025-08-17,2,746.68,VND026
TXN014547,FAC005,MED0100,Dispense,2025-10-23,12,26611.32,VND005
TXN005514,FAC005,MED0066,Dispense,2025-11-11,66,83197.62,VND021
TXN021033,FAC002,MED0076,Dispense,2025-12-17,99,183546.0,VND026
TXN021001,FAC001,MED0164,Purchase,2025-01-01,71,171833.49,VND022
TXN022710,FAC001,MED0067,Return,2025-10-18,68,39550.16,VND005
TXN015545,FAC004,MED0150,Dispense,2025-06-06,46,94656.96,VND003
TXN016848,FAC003,MED0042,Dispense,2025-06-27,46,114741.02,VND017
TXN016095,FAC002,MED0030,Purchase,2025-04-18,81,103304.16,VND029
TXN004120,FAC003,MED0069,Purchase,2025-03-31,5,3523.3,VND029
TXN003419,FAC003,MED0103,Dispense,2025-02-01,68,99807.0,VND028
TXN024201,FAC004,MED0072,Dispense,2025-06-30,48,46447.68,VND029
TXN000036,FAC005,MED0032,Purchase,2025-10-03,31,12702.56,VND019
TXN008212,FAC005,MED0034,Adjustment,2025-12-25,28,13242.04,VND012
TXN004731,FAC005,MED0129,Purchase,2025-08-03,18,26218.98,VND019
TXN021259,FAC004,MED0028,Return,2025-05-08,9,978.84,VND007
TXN003185,FAC001,MED0163,Dispense,2025-09-21,3,6239.34,VND022
TXN003523,FAC005,MED0070,Return,2025-10-29,32,76257.92,VND009
TXN002725,FAC002,MED0110,Dispense,2025-02-06,99,29944.53,VND007
TXN006428,FAC004,MED0163,Dispense,2025-08-30,62,128946.36,VND022
TXN017191,FAC001,MED0042,Dispense,2025-12-23,1,2494.37,VND017
TXN021293,FAC003,MED0131,Dispense,2025-05-07,96,84551.04,VND004
TXN014378,FAC003,MED0097,Purchase,2025-11-17,85,149729.2,VND030
TXN005385,FAC005,MED0152,Purchase,2025-04-16,62,7482.16,VND027
TXN005503,FAC004,MED0056,Purchase,2025-05-20,15,13173.45,VND009
TXN020211,FAC004,MED0097,Dispense,2025-07-26,20,35230.4,VND030
TXN020244,FAC005,MED0065,Adjustment,2025-02-24,76,169554.48,VND019
TXN015416,FAC001,MED0140,Dispense,2025-04-05,4,767.6,VND028
TXN001570,FAC003,MED0015,Dispense,2025-10-27,29,56249.27,VND018
TXN002233,FAC005,MED0074,Purchase,2025-12-23,38,6972.24,VND008
TXN018177,FAC005,MED0114,Adjustment,2025-01-14,76,47959.04,VND018
TXN003753,FAC001,MED0070,Adjustment,2025-08-25,38,90556.28,VND009
TXN010610,FAC005,MED0174,Dispense,2025-04-19,42,25470.48,VND011
TXN023521,FAC005,MED0015,Dispense,2025-01-03,45,87283.35,VND018
TXN013756,FAC003,MED0033,Dispense,2025-11-23,40,63457.6,VND030
TXN001384,FAC004,MED0031,Purchase,2025-05-26,65,122903.95,VND015
TXN000912,FAC001,MED0085,Dispense,2025-12-19,59,113682.38,VND008
TXN002153,FAC001,MED0011,Dispense,2025-07-17,35,59958.85,VND002
TXN015468,FAC005,MED0046,Dispense,2025-01-17,72,43213.68,VND024
TXN000460,FAC002,MED0104,Dispense,2025-11-27,90,129314.7,VND018
TXN012142,FAC002,MED0046,Dispense,2025-06-21,14,8402.66,VND024
TXN004885,FAC002,MED0151,Dispense,2025-02-15,3,6895.77,VND015
TXN004772,FAC001,MED0072,Dispense,2025-01-22,94,90960.04,VND029
TXN009000,FAC004,MED0160,Adjustment,2025-02-25,56,35537.04,VND014
TXN008281,FAC002,MED0154,Dispense,2025-06-19,6,5743.08,VND026
TXN004161,FAC003,MED0145,Purchase,2025-03-22,30,46601.1,VND024
TXN015963,FAC004,MED0110,Adjustment,2025-09-16,55,16635.85,VND007
TXN002831,FAC001,MED0066,Dispense,2025-12-12,79,99585.03,VND021
TXN022854,FAC003,MED0077,Adjustment,2025-03-28,89,80442.65,VND022
TXN005502,FAC002,MED0050,Dispense,2025-04-17,4,8101.12,VND003
TXN002813,FAC002,MED0085,Dispense,2025-01-28,44,84780.08,VND008
TXN013974,FAC001,MED0002,Purchase,2025-03-29,89,22885.46,VND019
TXN021991,FAC002,MED0034,Purchase,2025-06-18,15,7093.95,VND012
TXN023573,FAC005,MED0158,Dispense,2025-09-25,26,38120.94,VND021
TXN015231,FAC004,MED0150,Return,2025-03-26,76,156389.76,VND003
TXN017653,FAC005,MED0051,Dispense,2025-01-05,19,32866.58,VND009
TXN010077,FAC002,MED0146,Dispense,2025-08-02,15,17453.1,VND004
TXN014243,FAC001,MED0105,Dispense,2025-08-27,80,164242.4,VND019
TXN005228,FAC005,MED0018,Dispense,2025-08-08,21,43537.41,VND015
TXN015181,FAC004,MED0025,Adjustment,2025-12-22,100,166748.0,VND024
TXN012323,FAC002,MED0023,Purchase,2025-05-05,82,73906.6,VND010
TXN018683,FAC005,MED0030,Dispense,2025-12-13,24,30608.64,VND029
TXN001430,FAC005,MED0171,Dispense,2025-01-26,57,21347.07,VND029
TXN010599,FAC003,MED0157,Dispense,2025-09-10,81,108506.79,VND017
TXN013968,FAC002,MED0108,Purchase,2025-12-07,72,123123.6,VND018
TXN000675,FAC002,MED0093,Dispense,2025-05-23,84,200551.68,VND001
TXN008959,FAC005,MED0047,Dispense,2025-03-15,63,99965.88,VND002
TXN002141,FAC002,MED0132,Return,2025-04-25,7,6649.65,VND029
TXN023935,FAC001,MED0058,Dispense,2025-02-27,76,149345.32,VND008
TXN000972,FAC003,MED0159,Dispense,2025-01-12,10,9496.0,VND010
TXN020709,FAC005,MED0169,Purchase,2025-02-08,16,21955.84,VND020
TXN015927,FAC001,MED0024,Dispense,2025-06-25,76,85730.28,VND008
TXN010464,FAC002,MED0007,Dispense,2025-10-13,63,153379.8,VND028
TXN021287,FAC003,MED0024,Dispense,2025-01-23,91,102650.73,VND008
TXN015953,FAC001,MED0077,Dispense,2025-10-04,4,3615.4,VND022
TXN012794,FAC002,MED0042,Dispense,2025-01-28,44,109752.28,VND017
TXN011228,FAC005,MED0076,Dispense,2025-05-20,22,40788.0,VND026
TXN020166,FAC005,MED0020,Dispense,2025-05-03,29,1362.13,VND001
TXN003024,FAC002,MED0088,Dispense,2025-10-02,10,12946.2,VND018
TXN002146,FAC003,MED0124,Purchase,2025-02-11,57,105147.33,VND005
TXN006333,FAC005,MED0175,Dispense,2025-08-25,53,17335.77,VND023
TXN021396,FAC005,MED0046,Purchase,2025-06-27,76,45614.44,VND024
TXN016818,FAC002,MED0047,Dispense,2025-04-18,9,14280.84,VND002
TXN023812,FAC005,MED0063,Purchase,2025-04-21,11,8532.59,VND017
TXN001607,FAC001,MED0020,Dispense,2025-10-26,3,140.91,VND001
TXN024363,FAC004,MED0139,Dispense,2025-07-02,74,164926.02,VND015
TXN003028,FAC001,MED0049,Dispense,2025-07-21,5,4101.45,VND020
TXN013358,FAC003,MED0027,Dispense,2025-09-03,55,104713.4,VND003
TXN017389,FAC001,MED0044,Dispense,2025-06-20,94,56869.06,VND001
TXN020170,FAC001,MED0063,Dispense,2025-09-29,13,10083.97,VND017
TXN016582,FAC001,MED0017,Adjustment,2025-08-05,53,127371.72,VND025
TXN019843,FAC001,MED0123,Dispense,2025-12-09,16,19841.6,VND021
TXN006235,FAC003,MED0100,Dispense,2025-10-31,64,141927.04,VND005
TXN009608,FAC001,MED0103,Purchase,2025-11-06,47,68984.25,VND028
TXN009148,FAC002,MED0163,Dispense,2025-01-06,21,43675.38,VND022
TXN015911,FAC004,MED0067,Dispense,2025-04-03,49,28499.38,VND005
TXN013552,FAC002,MED0168,Dispense,2025-10-12,34,47280.4,VND030
TXN011947,FAC002,MED0147,Purchase,2025-02-01,64,12909.44,VND028
TXN007780,FAC001,MED0012,Adjustment,2025-06-23,44,91710.08,VND029
TXN003533,FAC002,MED0032,Dispense,2025-12-07,1,409.76,VND019
TXN013171,FAC005,MED0013,Dispense,2025-05-25,69,31886.97,VND004
TXN008088,FAC004,MED0168,Dispense,2025-03-07,9,12515.4,VND030
TXN023404,FAC005,MED0155,Purchase,2025-11-06,9,18874.08,VND017
TXN007176,FAC002,MED0017,Dispense,2025-03-09,89,213888.36,VND025
TXN011880,FAC005,MED0044,Dispense,2025-01-05,12,7259.88,VND001
TXN020037,FAC002,MED0068,Dispense,2025-11-10,77,8982.82,VND017
TXN014207,FAC002,MED0121,Dispense,2025-09-03,80,66162.4,VND012
TXN008171,FAC002,MED0103,Dispense,2025-05-26,44,64581.0,VND028
TXN022586,FAC005,MED0025,Dispense,2025-09-14,57,95046.36,VND024
TXN012883,FAC001,MED0066,Dispense,2025-03-17,80,100845.6,VND021
TXN002223,FAC004,MED0141,Dispense,2025-08-11,94,123286.64,VND025
TXN008145,FAC004,MED0166,Dispense,2025-11-07,56,89672.24,VND021
TXN012388,FAC002,MED0040,Purchase,2025-09-11,98,16631.58,VND017
TXN024569,FAC005,MED0129,Dispense,2025-11-29,52,75743.72,VND019
TXN004505,FAC004,MED0084,Purchase,2025-03-14,8,7244.8,VND015
TXN015312,FAC005,MED0034,Dispense,2025-09-19,31,14660.83,VND012
TXN011236,FAC005,MED0093,Dispense,2025-06-25,9,21487.68,VND001
TXN018506,FAC001,MED0072,Dispense,2025-02-16,14,13547.24,VND029
TXN003231,FAC004,MED0058,Dispense,2025-06-20,46,90393.22,VND008
TXN022337,FAC002,MED0058,Adjustment,2025-01-04,38,74672.66,VND008
TXN008833,FAC005,MED0111,Purchase,2025-09-21,97,212882.02,VND011
TXN013029,FAC005,MED0007,Purchase,2025-05-10,80,194768.0,VND028
TXN004389,FAC005,MED0096,Dispense,2025-08-22,9,2130.84,VND014
TXN011554,FAC004,MED0049,Dispense,2025-08-30,50,41014.5,VND020
TXN008279,FAC001,MED0119,Return,2025-06-11,60,14129.4,VND019
TXN001633,FAC003,MED0126,Dispense,2025-10-29,47,101907.28,VND012
TXN007232,FAC002,MED0055,Dispense,2025-01-12,26,36381.02,VND012
TXN017892,FAC005,MED0019,Dispense,2025-07-13,51,69380.4,VND028
TXN003112,FAC005,MED0094,Purchase,2025-10-18,10,18272.6,VND022
TXN020527,FAC003,MED0148,Adjustment,2025-08-23,16,1416.48,VND022
TXN011425,FAC002,MED0124,Purchase,2025-07-24,27,49806.63,VND005
TXN003965,FAC005,MED0126,Dispense,2025-11-17,52,112748.48,VND012
TXN005529,FAC001,MED0027,Dispense,2025-07-16,72,137079.36,VND003
TXN000467,FAC005,MED0148,Dispense,2025-01-09,78,6905.34,VND022
TXN019264,FAC003,MED0113,Dispense,2025-11-24,13,26242.19,VND024
TXN002271,FAC005,MED0115,Return,2025-01-06,49,29526.42,VND005
TXN006036,FAC001,MED0104,Purchase,2025-10-03,58,83336.14,VND018
TXN019675,FAC003,MED0131,Dispense,2025-06-19,17,14972.58,VND004
TXN018924,FAC004,MED0024,Dispense,2025-09-25,55,62041.65,VND008
TXN012695,FAC003,MED0053,Purchase,2025-07-15,2,1301.58,VND010
TXN016688,FAC001,MED0130,Dispense,2025-12-04,5,2989.1,VND020
TXN006246,FAC002,MED0046,Dispense,2025-04-25,77,46214.63,VND024
TXN015742,FAC002,MED0172,Purchase,2025-01-29,10,6515.5,VND017
TXN019919,FAC001,MED0175,Dispense,2025-03-21,3,981.27,VND023
TXN005981,FAC004,MED0016,Dispense,2025-08-27,1,1497.97,VND004
TXN015171,FAC002,MED0025,Return,2025-09-25,38,63364.24,VND024
TXN004297,FAC004,MED0174,Purchase,2025-01-31,64,38812.16,VND011
TXN007894,FAC005,MED0073,Purchase,2025-04-26,58,80941.9,VND018
TXN001581,FAC002,MED0007,Dispense,2025-01-01,21,51126.6,VND028
TXN019303,FAC002,MED0095,Dispense,2025-05-01,29,11697.15,VND016
TXN020557,FAC004,MED0064,Dispense,2025-01-04,91,60868.08,VND022
TXN007113,FAC002,MED0180,Purchase,2025-09-23,90,104063.4,VND005
TXN003593,FAC002,MED0023,Dispense,2025-03-21,65,58584.5,VND010
TXN008715,FAC002,MED0059,Dispense,2025-03-20,81,75794.13,VND003
TXN002741,FAC002,MED0011,Dispense,2025-02-15,100,171311.0,VND002
TXN000845,FAC001,MED0146,Dispense,2025-01-19,98,114026.92,VND004
TXN022373,FAC005,MED0160,Purchase,2025-06-10,59,37440.81,VND014
TXN013923,FAC005,MED0095,Dispense,2025-08-31,21,8470.35,VND016
TXN011888,FAC003,MED0073,Purchase,2025-04-14,88,122808.4,VND018
TXN006949,FAC003,MED0078,Dispense,2025-07-09,93,60121.71,VND003
TXN002309,FAC005,MED0048,Purchase,2025-01-21,96,77508.48,VND009
TXN001399,FAC002,MED0059,Dispense,2025-01-08,39,36493.47,VND003
TXN008953,FAC004,MED0048,Dispense,2025-02-18,42,33909.96,VND009
TXN000122,FAC002,MED0161,Adjustment,2025-07-31,42,92254.26,VND030
TXN010698,FAC005,MED0085,Dispense,2025-02-27,95,183047.9,VND008
TXN023126,FAC001,MED0002,Return,2025-11-22,53,13628.42,VND019
TXN019495,FAC002,MED0164,Dispense,2025-05-01,15,36302.85,VND022
TXN005188,FAC005,MED0125,Purchase,2025-08-30,96,232500.48,VND018
TXN003617,FAC004,MED0018,Dispense,2025-04-13,6,12439.26,VND015
TXN005020,FAC004,MED0015,Dispense,2025-11-26,69,133834.47,VND018
TXN006629,FAC004,MED0062,Dispense,2025-06-30,24,14381.28,VND004
TXN005858,FAC004,MED0101,Return,2025-11-09,75,175059.0,VND026
TXN016800,FAC003,MED0169,Dispense,2025-10-11,39,53517.36,VND020
TXN014820,FAC002,MED0078,Dispense,2025-01-04,44,28444.68,VND003
TXN017220,FAC001,MED0003,Dispense,2025-01-29,57,101033.64,VND008
TXN010440,FAC002,MED0102,Purchase,2025-06-07,85,131129.5,VND004
TXN020496,FAC002,MED0085,Dispense,2025-08-15,86,165706.52,VND008
TXN024307,FAC001,MED0141,Dispense,2025-03-17,77,100990.12,VND025
TXN002387,FAC005,MED0110,Return,2025-06-26,95,28734.65,VND007
TXN002202,FAC002,MED0054,Dispense,2025-01-27,11,14606.79,VND020
TXN009247,FAC004,MED0078,Return,2025-01-01,81,52364.07,VND003
TXN020697,FAC001,MED0117,Adjustment,2025-12-17,16,33080.48,VND020
TXN014884,FAC002,MED0064,Dispense,2025-01-19,26,17390.88,VND022
TXN011301,FAC001,MED0104,Return,2025-06-24,24,34483.92,VND018
TXN019557,FAC001,MED0090,Dispense,2025-01-19,94,19696.76,VND021
TXN004689,FAC003,MED0173,Dispense,2025-11-06,64,79078.4,VND006
TXN016260,FAC002,MED0045,Dispense,2025-03-02,4,9856.96,VND026
TXN020395,FAC005,MED0124,Dispense,2025-11-27,65,119904.85,VND005
TXN002605,FAC001,MED0124,Dispense,2025-04-16,46,84855.74,VND005
TXN024957,FAC003,MED0033,Purchase,2025-11-28,71,112637.24,VND030
TXN010672,FAC002,MED0038,Dispense,2025-08-13,43,24144.07,VND030
TXN003922,FAC002,MED0133,Dispense,2025-01-22,86,71465.14,VND026
TXN021179,FAC001,MED0093,Dispense,2025-11-02,18,42975.36,VND001
TXN003483,FAC004,MED0023,Purchase,2025-11-04,3,2703.9,VND010
TXN019228,FAC002,MED0025,Purchase,2025-05-05,67,111721.16,VND024
TXN011582,FAC002,MED0045,Dispense,2025-11-18,73,179889.52,VND026
TXN002421,FAC003,MED0169,Purchase,2025-12-23,90,123501.6,VND020
TXN001963,FAC005,MED0120,Adjustment,2025-01-09,95,136515.95,VND020
TXN014910,FAC005,MED0012,Purchase,2025-07-30,44,91710.08,VND029
TXN020641,FAC003,MED0069,Adjustment,2025-06-13,78,54963.48,VND029
TXN010330,FAC001,MED0165,Dispense,2025-08-12,11,13246.97,VND016
TXN003841,FAC003,MED0052,Dispense,2025-12-27,13,11153.22,VND011
TXN006282,FAC001,MED0082,Dispense,2025-05-17,52,60750.04,VND019
TXN002291,FAC002,MED0057,Purchase,2025-04-17,81,179845.92,VND024
TXN024984,FAC001,MED0081,Adjustment,2025-10-26,100,24220.0,VND002
TXN023181,FAC005,MED0153,Dispense,2025-11-05,59,71099.72,VND001
TXN010398,FAC001,MED0136,Dispense,2025-02-05,74,108169.5,VND003
TXN023439,FAC005,MED0065,Dispense,2025-10-24,25,55774.5,VND019
TXN015653,FAC001,MED0145,Dispense,2025-02-20,3,4660.11,VND024
TXN023410,FAC005,MED0046,Purchase,2025-05-03,74,44414.06,VND024
TXN017115,FAC003,MED0162,Dispense,2025-01-09,100,6328.0,VND008
TXN010665,FAC001,MED0134,Dispense,2025-04-17,20,23518.0,VND018
TXN024054,FAC004,MED0163,Dispense,2025-12-15,27,56154.06,VND022
TXN019016,FAC005,MED0118,Return,2025-11-01,3,2933.67,VND019
TXN002711,FAC005,MED0146,Adjustment,2025-07-25,76,88429.04,VND004
TXN018248,FAC001,MED0018,Dispense,2025-04-12,88,182442.48,VND015
TXN019488,FAC004,MED0128,Purchase,2025-07-11,99,36960.66,VND026
TXN015187,FAC002,MED0050,Purchase,2025-07-07,69,139744.32,VND003
TXN017800,FAC005,MED0157,Dispense,2025-05-23,6,8037.54,VND017
TXN004967,FAC004,MED0033,Dispense,2025-03-13,80,126915.2,VND030
TXN006907,FAC003,MED0061,Dispense,2025-03-22,86,140411.34,VND003
TXN009359,FAC005,MED0045,Dispense,2025-08-17,73,179889.52,VND026
TXN022031,FAC005,MED0137,Dispense,2025-01-26,96,20598.72,VND017
TXN019092,FAC005,MED0064,Dispense,2025-10-29,65,43477.2,VND022
TXN020069,FAC004,MED0161,Dispense,2025-08-26,71,155953.63,VND030
TXN015943,FAC004,MED0001,Dispense,2025-01-08,10,18321.3,VND015
TXN005069,FAC005,MED0019,Dispense,2025-10-12,42,57136.8,VND028
TXN017580,FAC004,MED0179,Purchase,2025-02-18,77,34581.47,VND010
TXN021647,FAC003,MED0140,Adjustment,2025-04-03,48,9211.2,VND028
TXN013986,FAC005,MED0109,Adjustment,2025-02-07,96,163831.68,VND026
TXN001351,FAC005,MED0067,Purchase,2025-02-28,60,34897.2,VND005
TXN022017,FAC005,MED0089,Purchase,2025-11-22,47,87521.05,VND028
TXN008239,FAC004,MED0077,Purchase,2025-11-16,34,30730.9,VND022
TXN006632,FAC001,MED0003,Dispense,2025-06-27,15,26587.8,VND008
TXN004456,FAC001,MED0038,Dispense,2025-01-21,96,53903.04,VND030
TXN009034,FAC001,MED0143,Dispense,2025-03-08,37,83386.53,VND003
TXN000169,FAC005,MED0093,Purchase,2025-02-08,57,136088.64,VND001
TXN004575,FAC005,MED0085,Dispense,2025-12-07,23,44316.86,VND008
TXN004619,FAC005,MED0076,Dispense,2025-05-06,48,88992.0,VND026
TXN005513,FAC004,MED0089,Purchase,2025-01-19,21,39105.15,VND028
TXN022578,FAC005,MED0040,Dispense,2025-08-03,82,13916.22,VND017
TXN014222,FAC005,MED0097,Dispense,2025-02-23,6,10569.12,VND030
TXN005554,FAC004,MED0015,Dispense,2025-08-22,60,116377.8,VND018
TXN014661,FAC003,MED0085,Purchase,2025-03-18,94,181121.08,VND008
TXN014065,FAC005,MED0124,Dispense,2025-11-20,77,142041.13,VND005
TXN016639,FAC002,MED0052,Purchase,2025-02-03,28,24022.32,VND011
TXN024035,FAC003,MED0120,Dispense,2025-06-01,39,56043.39,VND020
TXN001412,FAC002,MED0172,Purchase,2025-11-18,67,43653.85,VND017
TXN002684,FAC001,MED0008,Dispense,2025-07-01,24,2970.0,VND025
TXN008310,FAC002,MED0037,Purchase,2025-09-11,51,1291.32,VND003
TXN019360,FAC005,MED0170,Dispense,2025-04-08,69,107518.56,VND030
TXN022394,FAC005,MED0049,Dispense,2025-06-08,65,53318.85,VND020
TXN020143,FAC004,MED0143,Purchase,2025-08-30,51,114938.19,VND003
TXN002506,FAC005,MED0130,Dispense,2025-05-17,71,42445.22,VND020
TXN006420,FAC002,MED0064,Purchase,2025-04-22,65,43477.2,VND022
TXN004825,FAC002,MED0105,Dispense,2025-02-21,94,192984.82,VND019
TXN016043,FAC004,MED0119,Return,2025-10-02,9,2119.41,VND019
TXN008059,FAC002,MED0145,Dispense,2025-08-23,59,91648.83,VND024
TXN024694,FAC004,MED0091,Dispense,2025-05-11,88,38706.8,VND001
TXN011769,FAC004,MED0024,Purchase,2025-01-26,15,16920.45,VND008
TXN018548,FAC005,MED0128,Dispense,2025-07-06,68,25387.12,VND026
TXN015812,FAC002,MED0177,Dispense,2025-09-21,6,10029.3,VND027
TXN021967,FAC002,MED0121,Dispense,2025-03-16,15,12405.45,VND012
TXN010494,FAC003,MED0145,Dispense,2025-04-07,21,32620.77,VND024
TXN003669,FAC004,MED0020,Dispense,2025-04-23,73,3428.81,VND001
TXN006443,FAC002,MED0105,Adjustment,2025-05-20,18,36954.54,VND019
TXN022831,FAC001,MED0002,Purchase,2025-11-09,88,22628.32,VND019
TXN009802,FAC003,MED0151,Dispense,2025-04-12,87,199977.33,VND015
TXN001028,FAC005,MED0160,Adjustment,2025-03-27,62,39344.58,VND014
TXN019758,FAC005,MED0001,Dispense,2025-03-14,5,9160.65,VND015
TXN017547,FAC001,MED0085,Purchase,2025-09-25,19,36609.58,VND008
TXN006180,FAC003,MED0086,Purchase,2025-05-06,44,9710.36,VND007
TXN005720,FAC002,MED0025,Dispense,2025-05-06,82,136733.36,VND024
TXN018265,FAC004,MED0036,Dispense,2025-12-05,38,40749.3,VND027
TXN000656,FAC005,MED0145,Dispense,2025-11-11,98,152230.26,VND024
TXN008514,FAC001,MED0167,Dispense,2025-08-26,92,225520.52,VND028
TXN015556,FAC001,MED0109,Dispense,2025-12-06,8,13652.64,VND026
TXN024720,FAC004,MED0051,Dispense,2025-04-26,25,43245.5,VND009
TXN014772,FAC001,MED0067,Dispense,2025-10-27,10,5816.2,VND005
TXN003560,FAC002,MED0052,Purchase,2025-06-28,56,48044.64,VND011
TXN005517,FAC005,MED0100,Dispense,2025-05-22,78,172973.58,VND005
TXN019663,FAC001,MED0094,Adjustment,2025-09-19,40,73090.4,VND022
TXN002529,FAC001,MED0104,Purchase,2025-09-11,95,136498.85,VND018
TXN020844,FAC005,MED0084,Dispense,2025-06-04,62,56147.2,VND015
TXN007133,FAC001,MED0015,Dispense,2025-08-27,54,104740.02,VND018
TXN009335,FAC003,MED0111,Dispense,2025-05-01,34,74618.44,VND011
TXN022176,FAC003,MED0140,Dispense,2025-03-05,90,17271.0,VND028
TXN000279,FAC004,MED0057,Dispense,2025-04-17,22,48847.04,VND024
TXN017993,FAC002,MED0083,Dispense,2025-04-30,87,7308.87,VND026
TXN014804,FAC003,MED0126,Purchase,2025-07-21,3,6504.72,VND012
TXN020983,FAC001,MED0033,Purchase,2025-11-02,44,69803.36,VND030
TXN020482,FAC003,MED0074,Dispense,2025-07-12,51,9357.48,VND008
TXN001636,FAC003,MED0028,Dispense,2025-03-10,43,4676.68,VND007
TXN005100,FAC001,MED0169,Purchase,2025-05-02,42,57634.08,VND020
TXN003781,FAC005,MED0022,Purchase,2025-01-31,37,67513.53,VND008
TXN004686,FAC004,MED0015,Purchase,2025-09-07,9,17456.67,VND018
TXN019470,FAC001,MED0067,Dispense,2025-05-25,97,56417.14,VND005
TXN003586,FAC002,MED0096,Purchase,2025-10-31,27,6392.52,VND014
TXN023582,FAC004,MED0095,Purchase,2025-02-14,91,36704.85,VND016
TXN002814,FAC002,MED0114,Purchase,2025-12-14,68,42910.72,VND018
TXN009932,FAC003,MED0024,Purchase,2025-09-29,55,62041.65,VND008
TXN024755,FAC005,MED0015,Return,2025-06-07,59,114438.17,VND018
TXN010557,FAC002,MED0057,Purchase,2025-01-06,95,210930.4,VND024
TXN024690,FAC003,MED0148,Purchase,2025-10-04,84,7436.52,VND022
TXN001132,FAC004,MED0023,Purchase,2025-06-23,15,13519.5,VND010
TXN002266,FAC003,MED0072,Dispense,2025-12-11,58,56124.28,VND029
TXN002042,FAC005,MED0155,Purchase,2025-04-05,66,138409.92,VND017
TXN020957,FAC001,MED0054,Dispense,2025-01-12,20,26557.8,VND020
TXN002541,FAC002,MED0101,Dispense,2025-04-24,14,32677.68,VND026
TXN000374,FAC004,MED0013,Adjustment,2025-11-29,82,37894.66,VND004
TXN012065,FAC002,MED0170,Dispense,2025-03-31,18,28048.32,VND030
TXN017423,FAC004,MED0151,Purchase,2025-07-25,22,50568.98,VND015
TXN019434,FAC001,MED0156,Dispense,2025-07-31,36,1514.52,VND001
TXN003618,FAC003,MED0077,Dispense,2025-03-02,9,8134.65,VND022
TXN012011,FAC001,MED0037,Dispense,2025-05-22,8,202.56,VND003
TXN022759,FAC005,MED0066,Dispense,2025-12-31,15,18908.55,VND021
TXN004845,FAC005,MED0068,Dispense,2025-07-29,75,8749.5,VND017
TXN002076,FAC005,MED0001,Dispense,2025-07-21,11,20153.43,VND015
TXN024848,FAC004,MED0041,Dispense,2025-06-22,13,22661.47,VND030
TXN018067,FAC002,MED0060,Adjustment,2025-09-28,79,56526.87,VND029
TXN013015,FAC001,MED0066,Adjustment,2025-02-20,19,23950.83,VND021
TXN017844,FAC005,MED0146,Dispense,2025-01-30,47,54686.38,VND004
TXN001419,FAC004,MED0164,Return,2025-08-12,90,217817.1,VND022
TXN019485,FAC003,MED0026,Dispense,2025-10-22,79,93596.04,VND003
TXN020723,FAC002,MED0122,Dispense,2025-11-04,82,162410.02,VND021
TXN020263,FAC001,MED0124,Adjustment,2025-02-21,82,151264.58,VND005
TXN012352,FAC005,MED0141,Dispense,2025-04-06,78,102301.68,VND025
TXN001596,FAC004,MED0030,Dispense,2025-12-05,30,38260.8,VND029
TXN017711,FAC002,MED0168,Adjustment,2025-01-10,93,129325.8,VND030
TXN009636,FAC005,MED0009,Purchase,2025-12-12,96,16330.56,VND009
TXN001176,FAC004,MED0153,Adjustment,2025-05-24,53,63869.24,VND001
TXN003247,FAC003,MED0064,Dispense,2025-01-31,41,27424.08,VND022
TXN018495,FAC004,MED0074,Purchase,2025-12-28,81,14861.88,VND008
TXN020624,FAC001,MED0145,Dispense,2025-09-20,48,74561.76,VND024
TXN006253,FAC003,MED0123,Purchase,2025-06-19,92,114089.2,VND021
TXN024147,FAC004,MED0038,Dispense,2025-06-11,13,7299.37,VND030
TXN016757,FAC004,MED0109,Purchase,2025-03-23,10,17065.8,VND026
TXN005408,FAC001,MED0150,Dispense,2025-08-16,91,187256.16,VND003
TXN008411,FAC003,MED0076,Dispense,2025-05-23,95,176130.0,VND026
TXN021775,FAC001,MED0108,Dispense,2025-10-19,58,99182.9,VND018
TXN001504,FAC004,MED0104,Dispense,2025-11-02,24,34483.92,VND018
TXN001555,FAC003,MED0015,Adjustment,2025-12-27,95,184264.85,VND018
TXN020202,FAC005,MED0173,Dispense,2025-07-25,47,58073.2,VND006
TXN001076,FAC003,MED0062,Dispense,2025-11-12,91,54529.02,VND004
TXN014673,FAC004,MED0063,Dispense,2025-01-24,83,64382.27,VND017
TXN011703,FAC004,MED0065,Purchase,2025-05-25,48,107087.04,VND019
TXN006978,FAC001,MED0040,Purchase,2025-09-25,96,16292.16,VND017
TXN022889,FAC002,MED0123,Dispense,2025-02-09,11,13641.1,VND021
TXN011209,FAC002,MED0158,Dispense,2025-10-05,57,83572.83,VND021
TXN005926,FAC001,MED0070,Dispense,2025-05-19,29,69108.74,VND009
TXN012408,FAC003,MED0081,Purchase,2025-09-22,23,5570.6,VND002
TXN008488,FAC001,MED0020,Purchase,2025-08-22,74,3475.78,VND001
TXN015279,FAC004,MED0118,Dispense,2025-09-04,2,1955.78,VND019
TXN003283,FAC005,MED0034,Purchase,2025-11-02,5,2364.65,VND012
TXN016788,FAC004,MED0080,Dispense,2025-10-27,49,9054.22,VND001
TXN024393,FAC005,MED0066,Purchase,2025-05-07,86,108409.02,VND021
TXN008770,FAC004,MED0108,Dispense,2025-07-12,17,29070.85,VND018
TXN014188,FAC002,MED0025,Adjustment,2025-02-20,91,151740.68,VND024
TXN013505,FAC003,MED0170,Dispense,2025-05-26,2,3116.48,VND030
TXN002735,FAC004,MED0111,Dispense,2025-09-09,37,81202.42,VND011
TXN017743,FAC004,MED0134,Dispense,2025-04-13,45,52915.5,VND018
TXN010521,FAC004,MED0109,Purchase,2025-02-05,54,92155.32,VND026
TXN023025,FAC002,MED0172,Dispense,2025-12-29,100,65155.0,VND017
TXN021356,FAC002,MED0035,Purchase,2025-03-15,45,36020.7,VND025
TXN014494,FAC002,MED0040,Purchase,2025-02-12,29,4921.59,VND017
TXN008152,FAC004,MED0035,Dispense,2025-02-04,84,67238.64,VND025
TXN017490,FAC005,MED0137,Adjustment,2025-07-27,23,4935.11,VND017
TXN013279,FAC004,MED0173,Adjustment,2025-03-15,66,81549.6,VND006
TXN016303,FAC003,MED0151,Dispense,2025-06-26,48,110332.32,VND015
TXN009202,FAC005,MED0020,Purchase,2025-11-14,50,2348.5,VND001
TXN010506,FAC004,MED0117,Purchase,2025-10-25,9,18607.77,VND020
TXN004773,FAC002,MED0135,Dispense,2025-07-16,84,25273.92,VND008
TXN024227,FAC002,MED0133,Return,2025-03-14,48,39887.52,VND026
TXN000031,FAC001,MED0075,Dispense,2025-10-25,99,35351.91,VND023
TXN002565,FAC002,MED0155,Dispense,2025-08-09,26,54525.12,VND017
TXN021280,FAC004,MED0085,Dispense,2025-05-24,43,82853.26,VND008
TXN010598,FAC002,MED0069,Purchase,2025-10-29,27,19025.82,VND029
TXN022695,FAC004,MED0156,Dispense,2025-08-23,51,2145.57,VND001
TXN021529,FAC003,MED0097,Purchase,2025-12-19,77,135637.04,VND030
TXN002175,FAC005,MED0043,Dispense,2025-06-13,20,20646.0,VND002
TXN006825,FAC001,MED0151,Dispense,2025-09-04,60,137915.4,VND015
TXN000548,FAC001,MED0152,Dispense,2025-08-01,76,9171.68,VND027
TXN008820,FAC005,MED0112,Dispense,2025-08-08,39,27722.37,VND029
TXN020466,FAC001,MED0122,Dispense,2025-01-20,51,101011.11,VND021
TXN015949,FAC003,MED0164,Dispense,2025-09-13,35,84706.65,VND022
TXN008194,FAC004,MED0014,Adjustment,2025-01-29,18,9471.42,VND006
TXN004037,FAC001,MED0013,Return,2025-12-13,46,21257.98,VND004
TXN001681,FAC001,MED0059,Dispense,2025-11-11,50,46786.5,VND003
TXN018186,FAC004,MED0080,Purchase,2025-12-03,58,10717.24,VND001
TXN004266,FAC003,MED0022,Adjustment,2025-05-15,5,9123.45,VND008
TXN013446,FAC005,MED0114,Dispense,2025-04-17,100,63104.0,VND018
TXN008328,FAC003,MED0159,Dispense,2025-04-28,100,94960.0,VND010
TXN018569,FAC003,MED0074,Return,2025-11-22,8,1467.84,VND008
TXN018145,FAC005,MED0081,Dispense,2025-06-30,99,23977.8,VND002
TXN004246,FAC002,MED0085,Dispense,2025-11-18,84,161852.88,VND008
TXN000104,FAC003,MED0042,Dispense,2025-02-24,2,4988.74,VND017
TXN013057,FAC005,MED0044,Dispense,2025-11-07,23,13914.77,VND001
TXN021434,FAC004,MED0139,Dispense,2025-02-05,40,89149.2,VND015
TXN021071,FAC004,MED0072,Dispense,2025-07-18,12,11611.92,VND029
TXN007692,FAC003,MED0173,Return,2025-09-12,29,35832.4,VND006
TXN011869,FAC005,MED0052,Dispense,2025-08-25,42,36033.48,VND011
TXN016988,FAC002,MED0087,Adjustment,2025-10-11,38,66544.84,VND015
TXN010615,FAC001,MED0011,Dispense,2025-06-05,42,71950.62,VND002
TXN022698,FAC002,MED0062,Dispense,2025-03-03,22,13182.84,VND004
TXN008337,FAC003,MED0066,Dispense,2025-07-25,23,28993.11,VND021
TXN007291,FAC003,MED0026,Adjustment,2025-08-19,53,62792.28,VND003
TXN003316,FAC003,MED0029,Purchase,2025-05-10,59,30130.12,VND013
TXN016278,FAC001,MED0067,Dispense,2025-11-23,85,49437.7,VND005
TXN024268,FAC001,MED0030,Purchase,2025-06-30,87,110956.32,VND029
TXN017113,FAC002,MED0138,Dispense,2025-07-14,87,174596.82,VND006
TXN009251,FAC003,MED0154,Purchase,2025-11-07,87,83274.66,VND026
TXN003814,FAC003,MED0132,Dispense,2025-07-30,100,94995.0,VND029
TXN012292,FAC002,MED0092,Purchase,2025-11-04,72,17418.96,VND030
TXN010422,FAC001,MED0158,Return,2025-07-22,27,39587.13,VND021
TXN000665,FAC001,MED0176,Dispense,2025-07-09,9,15693.12,VND008
TXN016572,FAC004,MED0082,Dispense,2025-11-28,53,61918.31,VND019
TXN024269,FAC001,MED0146,Return,2025-04-12,75,87265.5,VND004
TXN015958,FAC002,MED0033,Purchase,2025-02-09,56,88840.64,VND030
TXN014119,FAC002,MED0054,Purchase,2025-05-01,12,15934.68,VND020
TXN015483,FAC001,MED0045,Dispense,2025-05-24,9,22178.16,VND026
TXN010514,FAC004,MED0046,Purchase,2025-10-23,17,10203.23,VND024
TXN017802,FAC003,MED0049,Return,2025-02-09,93,76286.97,VND020
TXN014686,FAC005,MED0021,Dispense,2025-12-16,40,870.4,VND008
TXN010045,FAC005,MED0109,Dispense,2025-03-18,75,127993.5,VND026
TXN002209,FAC001,MED0101,Dispense,2025-07-01,52,121374.24,VND026
TXN000564,FAC003,MED0066,Purchase,2025-10-02,66,83197.62,VND021
TXN004708,FAC002,MED0026,Dispense,2025-07-08,27,31988.52,VND003
TXN013124,FAC001,MED0004,Purchase,2025-12-29,26,54143.7,VND024
TXN017465,FAC005,MED0021,Adjustment,2025-10-14,22,478.72,VND008
TXN012456,FAC002,MED0066,Dispense,2025-05-27,13,16387.41,VND021
TXN006519,FAC001,MED0082,Dispense,2025-12-22,28,32711.56,VND019
TXN009899,FAC004,MED0164,Dispense,2025-08-17,89,215396.91,VND022
TXN001874,FAC003,MED0024,Return,2025-11-10,72,81218.16,VND008
TXN003173,FAC003,MED0012,Purchase,2025-10-21,96,200094.72,VND029
TXN016366,FAC004,MED0153,Purchase,2025-12-12,51,61459.08,VND001
TXN016402,FAC001,MED0178,Dispense,2025-02-19,40,4393.6,VND019
TXN006613,FAC005,MED0135,Purchase,2025-03-05,73,21964.24,VND008
TXN020039,FAC004,MED0120,Dispense,2025-12-27,95,136515.95,VND020
TXN017714,FAC002,MED0120,Purchase,2025-11-21,33,47421.33,VND020
TXN008140,FAC004,MED0170,Dispense,2025-05-10,30,46747.2,VND030
TXN022365,FAC001,MED0032,Purchase,2025-05-29,49,20078.24,VND019
TXN008857,FAC001,MED0114,Purchase,2025-01-18,40,25241.6,VND018
TXN009420,FAC003,MED0124,Dispense,2025-09-19,78,143885.82,VND005
TXN000327,FAC005,MED0010,Adjustment,2025-06-13,42,84946.26,VND014
TXN004086,FAC005,MED0041,Dispense,2025-09-16,29,50552.51,VND030
TXN008898,FAC003,MED0180,Purchase,2025-04-16,26,30062.76,VND005
TXN012066,FAC003,MED0041,Purchase,2025-11-16,7,12202.33,VND030
TXN018028,FAC002,MED0125,Return,2025-05-05,78,188906.64,VND018
TXN017285,FAC004,MED0178,Dispense,2025-09-12,70,7688.8,VND019
TXN022105,FAC005,MED0155,Dispense,2025-06-08,83,174060.96,VND017
TXN014815,FAC002,MED0129,Dispense,2025-09-08,97,141291.17,VND019
TXN020939,FAC003,MED0108,Dispense,2025-11-18,14,23940.7,VND018
TXN012554,FAC003,MED0032,Dispense,2025-05-28,19,7785.44,VND019
TXN000689,FAC003,MED0041,Purchase,2025-07-29,36,62754.84,VND030
TXN011314,FAC003,MED0115,Purchase,2025-07-31,52,31334.16,VND005
TXN005461,FAC002,MED0022,Adjustment,2025-02-27,12,21896.28,VND008
TXN020722,FAC005,MED0118,Adjustment,2025-09-17,82,80186.98,VND019
TXN024418,FAC004,MED0087,Return,2025-05-26,2,3502.36,VND015
TXN017391,FAC002,MED0135,Dispense,2025-07-04,33,9929.04,VND008
TXN016619,FAC003,MED0010,Dispense,2025-04-07,62,125396.86,VND014
TXN008923,FAC005,MED0167,Purchase,2025-06-13,69,169140.39,VND028
TXN012404,FAC003,MED0143,Dispense,2025-08-21,7,15775.83,VND003
TXN004476,FAC001,MED0126,Return,2025-10-25,46,99739.04,VND012
TXN009470,FAC005,MED0077,Dispense,2025-05-29,65,58750.25,VND022
TXN017990,FAC001,MED0114,Dispense,2025-09-24,18,11358.72,VND018
TXN024847,FAC005,MED0044,Purchase,2025-03-11,57,34484.43,VND001
TXN020790,FAC003,MED0050,Dispense,2025-07-23,78,157971.84,VND003
TXN015422,FAC002,MED0043,Dispense,2025-12-03,11,11355.3,VND002
TXN021398,FAC002,MED0163,Dispense,2025-09-26,12,24957.36,VND022
TXN005218,FAC005,MED0106,Dispense,2025-05-28,79,128888.5,VND001
TXN001528,FAC002,MED0114,Dispense,2025-01-24,79,49852.16,VND018
TXN006511,FAC002,MED0164,Adjustment,2025-06-13,23,55664.37,VND022
TXN004978,FAC002,MED0067,Dispense,2025-05-07,64,37223.68,VND005
TXN022139,FAC003,MED0065,Dispense,2025-08-18,6,13385.88,VND019
TXN014963,FAC004,MED0069,Adjustment,2025-01-27,25,17616.5,VND029
TXN011885,FAC003,MED0062,Purchase,2025-12-11,50,29961.0,VND004
TXN019056,FAC004,MED0018,Dispense,2025-03-25,94,194881.74,VND015
TXN017241,FAC004,MED0078,Purchase,2025-05-04,13,8404.11,VND003
TXN024383,FAC004,MED0135,Dispense,2025-10-21,71,21362.48,VND008
TXN005473,FAC003,MED0089,Dispense,2025-08-09,3,5586.45,VND028
TXN003351,FAC004,MED0035,Adjustment,2025-03-16,81,64837.26,VND025
TXN004419,FAC005,MED0087,Dispense,2025-07-17,51,89310.18,VND015
TXN013154,FAC005,MED0173,Dispense,2025-08-04,47,58073.2,VND006
TXN003422,FAC004,MED0158,Dispense,2025-11-13,89,130490.91,VND021
TXN021860,FAC001,MED0114,Purchase,2025-12-02,62,39124.48,VND018
TXN018968,FAC002,MED0148,Dispense,2025-02-01,59,5223.27,VND022
TXN016000,FAC001,MED0045,Dispense,2025-06-21,41,101033.84,VND026
TXN024224,FAC005,MED0159,Purchase,2025-04-10,24,22790.4,VND010
TXN018484,FAC002,MED0116,Dispense,2025-03-02,63,16693.74,VND003
TXN001434,FAC003,MED0057,Dispense,2025-11-20,38,84372.16,VND024
TXN012094,FAC002,MED0061,Purchase,2025-04-20,85,138778.65,VND003
TXN020016,FAC004,MED0062,Dispense,2025-10-15,18,10785.96,VND004
TXN022209,FAC002,MED0021,Dispense,2025-11-10,87,1893.12,VND008
TXN002773,FAC003,MED0115,Purchase,2025-09-09,28,16872.24,VND005
TXN018907,FAC005,MED0055,Dispense,2025-02-05,10,13992.7,VND012
TXN021742,FAC004,MED0025,Dispense,2025-12-10,90,150073.2,VND024
TXN006931,FAC005,MED0001,Adjustment,2025-06-22,72,131913.36,VND015
TXN010379,FAC001,MED0009,Purchase,2025-02-14,35,5953.85,VND009
TXN005663,FAC002,MED0116,Purchase,2025-02-20,11,2914.78,VND003
TXN006053,FAC001,MED0092,Return,2025-08-11,29,7015.97,VND030
TXN018022,FAC004,MED0170,Dispense,2025-09-14,87,135566.88,VND030
TXN016471,FAC004,MED0033,Return,2025-09-07,44,69803.36,VND030
TXN002493,FAC001,MED0022,Dispense,2025-08-02,100,182469.0,VND008
TXN000743,FAC002,MED0162,Adjustment,2025-03-30,2,126.56,VND008
TXN024145,FAC001,MED0099,Return,2025-04-20,42,68344.08,VND030
TXN017350,FAC002,MED0132,Dispense,2025-02-04,31,29448.45,VND029
TXN020164,FAC001,MED0085,Purchase,2025-04-04,40,77072.8,VND008
TXN023784,FAC005,MED0010,Dispense,2025-04-30,50,101126.5,VND014
TXN017282,FAC001,MED0137,Dispense,2025-11-12,59,12659.63,VND017
TXN017979,FAC004,MED0145,Adjustment,2025-06-19,21,32620.77,VND024
TXN003074,FAC004,MED0062,Dispense,2025-06-03,80,47937.6,VND004
TXN020906,FAC004,MED0138,Dispense,2025-01-01,52,104356.72,VND006
TXN001394,FAC002,MED0044,Purchase,2025-03-09,27,16334.73,VND001
TXN014396,FAC001,MED0120,Dispense,2025-06-24,79,113523.79,VND020
TXN007192,FAC004,MED0106,Dispense,2025-10-25,78,127257.0,VND001
TXN016947,FAC001,MED0131,Dispense,2025-11-04,3,2642.22,VND004
TXN015904,FAC001,MED0009,Adjustment,2025-04-01,62,10546.82,VND009
TXN007607,FAC004,MED0179,Dispense,2025-05-14,92,41318.12,VND010
TXN019149,FAC005,MED0122,Dispense,2025-12-30,78,154487.58,VND021
TXN020012,FAC003,MED0071,Dispense,2025-11-04,93,133375.95,VND021
TXN019853,FAC005,MED0146,Purchase,2025-10-16,76,88429.04,VND004
TXN015908,FAC004,MED0148,Dispense,2025-01-19,55,4869.15,VND022
TXN000908,FAC001,MED0091,Dispense,2025-01-24,16,7037.6,VND001
TXN022651,FAC001,MED0096,Dispense,2025-04-13,8,1894.08,VND014
TXN007918,FAC002,MED0132,Purchase,2025-11-25,61,57946.95,VND029
TXN004105,FAC002,MED0003,Dispense,2025-06-19,27,47858.04,VND008
TXN018825,FAC001,MED0111,Dispense,2025-03-20,54,118511.64,VND011
TXN020855,FAC002,MED0090,Dispense,2025-07-05,3,628.62,VND021
TXN015309,FAC005,MED0021,Dispense,2025-05-22,60,1305.6,VND008
TXN013239,FAC001,MED0032,Purchase,2025-06-27,96,39336.96,VND019
TXN021568,FAC002,MED0110,Dispense,2025-08-01,6,1814.82,VND007
TXN011394,FAC001,MED0117,Adjustment,2025-11-15,82,169537.46,VND020
TXN004485,FAC003,MED0089,Dispense,2025-02-08,68,126626.2,VND028
TXN011559,FAC004,MED0002,Return,2025-09-02,43,11057.02,VND019
TXN016901,FAC004,MED0163,Dispense,2025-12-11,13,27037.14,VND022
TXN008937,FAC004,MED0160,Dispense,2025-06-10,6,3807.54,VND014
TXN010783,FAC004,MED0071,Adjustment,2025-10-15,36,51629.4,VND021
TXN023278,FAC001,MED0147,Dispense,2025-07-14,4,806.84,VND028
TXN002413,FAC003,MED0026,Purchase,2025-05-02,65,77009.4,VND003
TXN007248,FAC002,MED0091,Dispense,2025-12-08,1,439.85,VND001
TXN006778,FAC003,MED0168,Dispense,2025-11-05,56,77873.6,VND030
TXN015602,FAC001,MED0145,Return,2025-05-17,44,68348.28,VND024
TXN024460,FAC004,MED0137,Dispense,2025-08-30,16,3433.12,VND017
TXN002426,FAC005,MED0066,Dispense,2025-10-17,64,80676.48,VND021
TXN016984,FAC005,MED0148,Dispense,2025-05-09,66,5842.98,VND022
TXN010357,FAC002,MED0138,Return,2025-09-22,34,68233.24,VND006
TXN015430,FAC001,MED0146,Dispense,2025-06-25,1,1163.54,VND004
TXN024684,FAC001,MED0077,Dispense,2025-05-04,12,10846.2,VND022
TXN013470,FAC004,MED0020,Dispense,2025-08-14,17,798.49,VND001
TXN009894,FAC005,MED0069,Purchase,2025-09-22,50,35233.0,VND029
TXN009280,FAC002,MED0141,Purchase,2025-05-22,21,27542.76,VND025
TXN005216,FAC002,MED0161,Dispense,2025-08-22,44,96647.32,VND030
TXN014945,FAC004,MED0037,Dispense,2025-04-24,8,202.56,VND003
TXN001216,FAC001,MED0047,Dispense,2025-09-07,43,68230.68,VND002
TXN009758,FAC003,MED0028,Dispense,2025-12-24,19,2066.44,VND007
TXN005340,FAC002,MED0069,Dispense,2025-01-29,46,32414.36,VND029
TXN005457,FAC004,MED0167,Dispense,2025-06-20,28,68636.68,VND028
TXN017301,FAC003,MED0150,Dispense,2025-01-10,15,30866.4,VND003
TXN018479,FAC002,MED0108,Purchase,2025-10-30,48,82082.4,VND018
TXN003427,FAC004,MED0063,Dispense,2025-05-15,84,65157.96,VND017
TXN000607,FAC003,MED0022,Purchase,2025-07-23,59,107656.71,VND008
TXN023251,FAC001,MED0087,Dispense,2025-03-20,20,35023.6,VND015
TXN014078,FAC005,MED0087,Dispense,2025-02-01,9,15760.62,VND015
TXN016177,FAC001,MED0089,Dispense,2025-11-10,54,100556.1,VND028
TXN008617,FAC004,MED0065,Dispense,2025-05-16,52,116010.96,VND019
TXN003257,FAC005,MED0050,Purchase,2025-12-20,17,34429.76,VND003
TXN000857,FAC001,MED0096,Dispense,2025-11-04,16,3788.16,VND014
TXN001927,FAC004,MED0147,Dispense,2025-07-27,25,5042.75,VND028
TXN007140,FAC001,MED0107,Adjustment,2025-05-12,67,36364.92,VND013
TXN015050,FAC005,MED0012,Adjustment,2025-07-26,16,33349.12,VND029
TXN023032,FAC002,MED0127,Dispense,2025-02-02,9,5063.94,VND013
TXN004880,FAC005,MED0145,Return,2025-04-09,35,54367.95,VND024
TXN021270,FAC005,MED0137,Dispense,2025-08-02,3,643.71,VND017
TXN023249,FAC005,MED0154,Return,2025-10-23,68,65088.24,VND026
TXN013686,FAC002,MED0053,Adjustment,2025-06-29,33,21476.07,VND010
TXN000045,FAC001,MED0169,Adjustment,2025-06-04,7,9605.68,VND020
TXN014385,FAC002,MED0011,Dispense,2025-05-19,7,11991.77,VND002
TXN022191,FAC005,MED0062,Dispense,2025-08-10,92,55128.24,VND004
TXN022344,FAC004,MED0068,Purchase,2025-05-29,44,5133.04,VND017
TXN024624,FAC001,MED0172,Adjustment,2025-12-25,6,3909.3,VND017
TXN013247,FAC001,MED0107,Return,2025-05-20,63,34193.88,VND013
TXN009743,FAC004,MED0004,Purchase,2025-07-13,12,24989.4,VND024
TXN020283,FAC005,MED0078,Dispense,2025-03-18,18,11636.46,VND003
TXN022683,FAC001,MED0045,Purchase,2025-03-22,3,7392.72,VND026
TXN000586,FAC001,MED0154,Dispense,2025-06-02,88,84231.84,VND026
TXN005659,FAC002,MED0047,Dispense,2025-06-24,72,114246.72,VND002
TXN022542,FAC002,MED0156,Dispense,2025-08-03,100,4207.0,VND001
TXN017870,FAC004,MED0063,Dispense,2025-09-01,62,48092.78,VND017
TXN010332,FAC004,MED0074,Return,2025-09-13,58,10641.84,VND008
TXN006528,FAC004,MED0132,Dispense,2025-06-13,27,25648.65,VND029
TXN000201,FAC004,MED0037,Dispense,2025-04-15,56,1417.92,VND003
TXN006073,FAC002,MED0159,Purchase,2025-12-01,66,62673.6,VND010
TXN015492,FAC005,MED0152,Dispense,2025-09-26,3,362.04,VND027
TXN004721,FAC002,MED0117,Purchase,2025-02-13,24,49620.72,VND020
TXN010715,FAC003,MED0105,Dispense,2025-04-15,27,55431.81,VND019
TXN002052,FAC003,MED0031,Adjustment,2025-09-01,98,185301.34,VND015
TXN019096,FAC002,MED0078,Dispense,2025-06-02,67,43313.49,VND003
TXN006121,FAC005,MED0051,Return,2025-12-12,12,20757.84,VND009
TXN014875,FAC005,MED0091,Purchase,2025-07-16,36,15834.6,VND001
TXN020721,FAC005,MED0074,Dispense,2025-01-09,59,10825.32,VND008
TXN002648,FAC002,MED0170,Dispense,2025-10-26,99,154265.76,VND030
TXN021935,FAC002,MED0122,Dispense,2025-04-09,45,89127.45,VND021
TXN016287,FAC001,MED0150,Dispense,2025-04-22,80,164620.8,VND003
TXN002265,FAC001,MED0145,Return,2025-06-20,1,1553.37,VND024
TXN021922,FAC004,MED0100,Dispense,2025-02-12,69,153015.09,VND005
TXN022045,FAC005,MED0007,Dispense,2025-03-09,69,167987.4,VND028
TXN022245,FAC001,MED0017,Dispense,2025-09-12,10,24032.4,VND025
TXN019506,FAC003,MED0179,Purchase,2025-07-13,42,18862.62,VND010
TXN005888,FAC003,MED0001,Dispense,2025-04-24,19,34810.47,VND015
TXN002885,FAC004,MED0137,Purchase,2025-08-16,48,10299.36,VND017
TXN014734,FAC004,MED0171,Dispense,2025-06-14,45,16852.95,VND029
TXN012977,FAC002,MED0090,Dispense,2025-05-25,100,20954.0,VND021
TXN001367,FAC001,MED0012,Purchase,2025-11-05,16,33349.12,VND029
TXN006914,FAC001,MED0094,Dispense,2025-07-31,27,49336.02,VND022
TXN019701,FAC005,MED0072,Purchase,2025-02-18,1,967.66,VND029
TXN017660,FAC003,MED0126,Dispense,2025-10-22,56,121421.44,VND012
TXN005983,FAC002,MED0115,Dispense,2025-12-07,10,6025.8,VND005
TXN005253,FAC005,MED0055,Purchase,2025-03-31,38,53172.26,VND012
TXN011569,FAC005,MED0134,Dispense,2025-07-01,29,34101.1,VND018
TXN011014,FAC002,MED0135,Dispense,2025-01-05,70,21061.6,VND008
TXN021893,FAC001,MED0138,Purchase,2025-07-14,42,84288.12,VND006
TXN011457,FAC003,MED0055,Dispense,2025-05-31,50,69963.5,VND012
TXN011893,FAC001,MED0012,Adjustment,2025-11-01,23,47939.36,VND029
TXN001066,FAC002,MED0028,Purchase,2025-03-13,99,10767.24,VND007
TXN022827,FAC005,MED0125,Dispense,2025-03-17,96,232500.48,VND018
TXN013173,FAC002,MED0099,Dispense,2025-10-15,55,89498.2,VND030
TXN012494,FAC005,MED0174,Adjustment,2025-04-08,1,606.44,VND011
TXN024767,FAC003,MED0175,Purchase,2025-02-13,37,12102.33,VND023
TXN024332,FAC005,MED0129,Adjustment,2025-06-24,17,24762.37,VND019
TXN004166,FAC001,MED0044,Dispense,2025-04-27,41,24804.59,VND001
TXN012795,FAC001,MED0161,Purchase,2025-09-06,27,59306.31,VND030
TXN022266,FAC004,MED0134,Dispense,2025-04-17,55,64674.5,VND018
TXN018466,FAC002,MED0165,Dispense,2025-04-22,46,55396.42,VND016
TXN024408,FAC005,MED0042,Purchase,2025-08-28,35,87302.95,VND017
TXN023197,FAC005,MED0171,Dispense,2025-02-14,20,7490.2,VND029
TXN019430,FAC001,MED0137,Dispense,2025-12-14,98,21027.86,VND017
TXN007554,FAC005,MED0152,Purchase,2025-12-13,2,241.36,VND027
TXN002930,FAC004,MED0077,Dispense,2025-08-03,53,47904.05,VND022
TXN020341,FAC004,MED0146,Dispense,2025-07-07,9,10471.86,VND004
TXN008120,FAC001,MED0064,Dispense,2025-04-02,53,35450.64,VND022
TXN007218,FAC003,MED0080,Dispense,2025-09-07,88,16260.64,VND001
TXN014609,FAC005,MED0147,Purchase,2025-01-14,77,15531.67,VND028
TXN019515,FAC001,MED0051,Dispense,2025-09-13,67,115897.94,VND009
TXN004094,FAC003,MED0138,Dispense,2025-10-14,27,54185.22,VND006
TXN021701,FAC001,MED0133,Dispense,2025-09-05,49,40718.51,VND026
TXN005291,FAC001,MED0177,Dispense,2025-01-22,63,105307.65,VND027
TXN004956,FAC001,MED0180,Dispense,2025-11-15,90,104063.4,VND005
TXN002021,FAC003,MED0105,Purchase,2025-09-30,9,18477.27,VND019
TXN006975,FAC002,MED0119,Dispense,2025-12-20,58,13658.42,VND019
TXN002603,FAC004,MED0062,Dispense,2025-12-05,69,41346.18,VND004
TXN020474,FAC005,MED0174,Dispense,2025-08-07,24,14554.56,VND011
TXN002351,FAC003,MED0163,Return,2025-11-17,77,160143.06,VND022
TXN000906,FAC003,MED0126,Dispense,2025-09-17,33,71551.92,VND012
TXN008294,FAC004,MED0054,Purchase,2025-02-20,96,127477.44,VND020
TXN024795,FAC003,MED0016,Dispense,2025-07-31,97,145303.09,VND004
TXN007268,FAC004,MED0076,Dispense,2025-12-13,90,166860.0,VND026
TXN009872,FAC005,MED0108,Purchase,2025-09-22,57,97472.85,VND018
TXN003065,FAC004,MED0151,Dispense,2025-10-02,67,154005.53,VND015
TXN000070,FAC002,MED0017,Dispense,2025-12-16,85,204275.4,VND025
TXN022412,FAC002,MED0080,Purchase,2025-12-04,95,17554.1,VND001
TXN014741,FAC004,MED0133,Return,2025-03-09,97,80606.03,VND026
TXN019581,FAC003,MED0156,Purchase,2025-03-11,44,1851.08,VND001
TXN015962,FAC001,MED0003,Dispense,2025-10-27,44,77990.88,VND008
TXN010428,FAC004,MED0071,Purchase,2025-11-01,28,40156.2,VND021
TXN008234,FAC005,MED0008,Purchase,2025-09-24,76,9405.0,VND025
TXN011593,FAC004,MED0010,Dispense,2025-05-28,52,105171.56,VND014
TXN021558,FAC003,MED0145,Adjustment,2025-06-09,67,104075.79,VND024
TXN002044,FAC002,MED0005,Purchase,2025-06-06,84,129927.84,VND021
TXN014640,FAC005,MED0156,Purchase,2025-10-01,32,1346.24,VND001
TXN006675,FAC004,MED0073,Adjustment,2025-05-27,48,66986.4,VND018
TXN009510,FAC005,MED0172,Dispense,2025-12-24,93,60594.15,VND017
TXN017740,FAC003,MED0155,Purchase,2025-12-20,73,153089.76,VND017
TXN007650,FAC003,MED0171,Purchase,2025-07-31,20,7490.2,VND029
TXN013439,FAC004,MED0013,Adjustment,2025-05-17,72,33273.36,VND004
TXN014713,FAC005,MED0093,Dispense,2025-07-06,71,169513.92,VND001
TXN003317,FAC002,MED0065,Dispense,2025-08-23,76,169554.48,VND019
TXN001813,FAC001,MED0036,Dispense,2025-09-16,75,80426.25,VND027
TXN001789,FAC002,MED0129,Dispense,2025-04-30,61,88853.21,VND019
TXN000384,FAC003,MED0071,Dispense,2025-07-09,27,38722.05,VND021
TXN000730,FAC001,MED0053,Dispense,2025-10-04,35,22777.65,VND010
TXN000314,FAC005,MED0113,Dispense,2025-09-14,16,32298.08,VND024
TXN023827,FAC001,MED0116,Dispense,2025-05-07,29,7684.42,VND003
TXN012618,FAC001,MED0118,Dispense,2025-04-30,78,76275.42,VND019
TXN010355,FAC003,MED0123,Dispense,2025-07-13,97,120289.7,VND021
TXN018342,FAC002,MED0090,Dispense,2025-04-07,30,6286.2,VND021
TXN005901,FAC003,MED0152,Dispense,2025-02-05,43,5189.24,VND027
TXN017040,FAC005,MED0116,Dispense,2025-05-22,100,26498.0,VND003
TXN012386,FAC004,MED0169,Purchase,2025-11-11,31,42539.44,VND020
TXN002948,FAC002,MED0114,Dispense,2025-03-30,68,42910.72,VND018
TXN010183,FAC004,MED0176,Dispense,2025-05-10,21,36617.28,VND008
TXN006217,FAC004,MED0062,Adjustment,2025-04-20,98,58723.56,VND004
TXN019013,FAC001,MED0047,Dispense,2025-01-17,60,95205.6,VND002
TXN023022,FAC001,MED0025,Purchase,2025-01-21,26,43354.48,VND024
TXN004470,FAC003,MED0166,Dispense,2025-01-02,56,89672.24,VND021
TXN019428,FAC004,MED0081,Dispense,2025-09-11,60,14532.0,VND002
TXN019846,FAC001,MED0142,Dispense,2025-06-19,13,14829.36,VND015
TXN021691,FAC002,MED0180,Dispense,2025-04-16,43,49719.18,VND005
TXN006701,FAC001,MED0071,Dispense,2025-05-18,60,86049.0,VND021
TXN022335,FAC004,MED0150,Purchase,2025-10-19,40,82310.4,VND003
TXN024483,FAC001,MED0125,Dispense,2025-09-27,1,2421.88,VND018
TXN023036,FAC005,MED0099,Dispense,2025-03-14,99,161096.76,VND030
TXN012316,FAC001,MED0121,Dispense,2025-02-22,80,66162.4,VND012
TXN008797,FAC005,MED0153,Dispense,2025-01-15,10,12050.8,VND001
TXN011189,FAC003,MED0103,Dispense,2025-08-11,28,41097.0,VND028
TXN001312,FAC004,MED0136,Dispense,2025-05-01,62,90628.5,VND003
TXN006776,FAC005,MED0102,Dispense,2025-07-07,23,35482.1,VND004
TXN008070,FAC003,MED0102,Dispense,2025-09-11,1,1542.7,VND004
TXN006754,FAC004,MED0143,Dispense,2025-05-29,95,214100.55,VND003
TXN000352,FAC005,MED0028,Purchase,2025-12-02,17,1848.92,VND007
TXN018702,FAC001,MED0045,Dispense,2025-04-30,42,103498.08,VND026
TXN006382,FAC001,MED0098,Dispense,2025-04-06,54,109016.82,VND016
TXN005437,FAC002,MED0141,Dispense,2025-08-02,76,99678.56,VND025
TXN009469,FAC002,MED0135,Dispense,2025-03-16,97,29185.36,VND008
TXN014453,FAC003,MED0155,Dispense,2025-07-21,65,136312.8,VND017
TXN018321,FAC001,MED0080,Purchase,2025-06-04,96,17738.88,VND001
TXN012458,FAC002,MED0083,Dispense,2025-06-03,78,6552.78,VND026
TXN019752,FAC001,MED0109,Dispense,2025-12-09,59,100688.22,VND026
TXN002859,FAC001,MED0176,Adjustment,2025-10-26,28,48823.04,VND008
TXN004592,FAC003,MED0042,Purchase,2025-09-30,21,52381.77,VND017
TXN007752,FAC004,MED0044,Dispense,2025-06-11,27,16334.73,VND001
TXN002535,FAC003,MED0024,Dispense,2025-02-01,72,81218.16,VND008
TXN001183,FAC005,MED0018,Dispense,2025-12-30,6,12439.26,VND015
TXN004570,FAC005,MED0148,Purchase,2025-06-13,5,442.65,VND022
TXN010510,FAC004,MED0064,Purchase,2025-03-02,77,51503.76,VND022
TXN009740,FAC002,MED0109,Dispense,2025-01-30,97,165538.26,VND026
TXN007923,FAC002,MED0089,Dispense,2025-12-15,11,20483.65,VND028
TXN022608,FAC001,MED0081,Adjustment,2025-03-23,57,13805.4,VND002
TXN015323,FAC005,MED0078,Purchase,2025-02-07,59,38141.73,VND003
TXN005864,FAC004,MED0035,Dispense,2025-04-12,80,64036.8,VND025
TXN005307,FAC001,MED0096,Dispense,2025-10-07,16,3788.16,VND014
TXN010060,FAC004,MED0117,Dispense,2025-03-10,17,35148.01,VND020
TXN009186,FAC001,MED0151,Purchase,2025-01-15,89,204574.51,VND015
TXN009799,FAC003,MED0092,Dispense,2025-02-08,57,13790.01,VND030
TXN015799,FAC004,MED0095,Dispense,2025-11-23,61,24604.35,VND016
TXN005002,FAC005,MED0105,Purchase,2025-11-05,66,135499.98,VND019
TXN020426,FAC005,MED0006,Dispense,2025-11-03,81,5303.07,VND012
TXN011612,FAC003,MED0124,Dispense,2025-03-10,70,129128.3,VND005
TXN014515,FAC001,MED0091,Dispense,2025-07-13,86,37827.1,VND001
TXN016208,FAC002,MED0141,Dispense,2025-04-24,44,57708.64,VND025
TXN019433,FAC001,MED0011,Dispense,2025-12-19,98,167884.78,VND002
TXN017841,FAC002,MED0060,Dispense,2025-02-15,98,70121.94,VND029
TXN005639,FAC005,MED0157,Dispense,2025-06-27,24,32150.16,VND017
TXN007132,FAC003,MED0025,Dispense,2025-07-13,5,8337.4,VND024
TXN024179,FAC005,MED0127,Dispense,2025-03-07,87,48951.42,VND013
TXN024305,FAC005,MED0070,Dispense,2025-12-29,17,40512.02,VND009
TXN007398,FAC005,MED0087,Purchase,2025-08-26,5,8755.9,VND015
TXN024240,FAC004,MED0105,Dispense,2025-09-15,25,51325.75,VND019
TXN018797,FAC001,MED0105,Return,2025-03-25,78,160136.34,VND019
TXN007475,FAC004,MED0141,Dispense,2025-04-19,67,87874.52,VND025
TXN021485,FAC003,MED0124,Dispense,2025-04-09,96,177090.24,VND005
TXN007295,FAC002,MED0049,Dispense,2025-02-19,51,41834.79,VND020
TXN017540,FAC001,MED0049,Purchase,2025-04-20,74,60701.46,VND020
TXN011321,FAC005,MED0060,Dispense,2025-09-06,87,62251.11,VND029
TXN000055,FAC001,MED0004,Dispense,2025-06-27,33,68720.85,VND024
TXN013858,FAC005,MED0113,Dispense,2025-04-25,28,56521.64,VND024
TXN010134,FAC002,MED0136,Purchase,2025-12-14,5,7308.75,VND003
TXN020917,FAC002,MED0018,Dispense,2025-09-11,38,78781.98,VND015
TXN000475,FAC003,MED0071,Purchase,2025-10-01,65,93219.75,VND021
TXN018513,FAC002,MED0121,Dispense,2025-05-08,61,50448.83,VND012
TXN008150,FAC002,MED0160,Dispense,2025-11-12,19,12057.21,VND014
TXN018178,FAC004,MED0104,Adjustment,2025-02-27,100,143683.0,VND018
TXN024728,FAC003,MED0052,Dispense,2025-12-22,60,51476.4,VND011
TXN014614,FAC003,MED0008,Dispense,2025-05-20,92,11385.0,VND025
TXN005772,FAC003,MED0123,Dispense,2025-05-07,94,116569.4,VND021
TXN011012,FAC002,MED0110,Dispense,2025-05-31,16,4839.52,VND007
TXN012368,FAC005,MED0016,Dispense,2025-05-22,78,116841.66,VND004
TXN023233,FAC005,MED0163,Dispense,2025-10-17,11,22877.58,VND022
TXN021247,FAC005,MED0018,Dispense,2025-01-02,2,4146.42,VND015
TXN000899,FAC005,MED0050,Adjustment,2025-07-18,57,115440.96,VND003
TXN011308,FAC001,MED0062,Dispense,2025-03-17,18,10785.96,VND004
TXN018047,FAC003,MED0016,Dispense,2025-11-18,59,88380.23,VND004
TXN013643,FAC002,MED0056,Dispense,2025-07-08,65,57084.95,VND009
TXN019328,FAC001,MED0034,Dispense,2025-01-22,78,36888.54,VND012
TXN018785,FAC003,MED0134,Dispense,2025-10-28,63,74081.7,VND018
TXN012070,FAC002,MED0119,Dispense,2025-09-14,51,12009.99,VND019
TXN012195,FAC004,MED0018,Purchase,2025-02-26,17,35244.57,VND015
TXN013836,FAC001,MED0113,Dispense,2025-01-27,73,147359.99,VND024
TXN011389,FAC002,MED0159,Dispense,2025-05-27,42,39883.2,VND010
TXN016367,FAC005,MED0155,Purchase,2025-09-19,19,39845.28,VND017
TXN019041,FAC002,MED0073,Dispense,2025-11-07,34,47448.7,VND018
TXN006203,FAC004,MED0007,Return,2025-10-06,13,31649.8,VND028
TXN016401,FAC005,MED0113,Purchase,2025-05-22,60,121117.8,VND024
TXN024255,FAC005,MED0027,Dispense,2025-10-29,95,180868.6,VND003
TXN017069,FAC005,MED0025,Dispense,2025-02-14,61,101716.28,VND024
TXN018121,FAC002,MED0117,Dispense,2025-03-29,35,72363.55,VND020
TXN011124,FAC004,MED0129,Dispense,2025-04-29,100,145661.0,VND019
TXN017216,FAC003,MED0025,Dispense,2025-04-03,88,146738.24,VND024
TXN009411,FAC002,MED0096,Dispense,2025-01-16,54,12785.04,VND014
TXN012439,FAC004,MED0054,Dispense,2025-09-20,63,83657.07,VND020
TXN004126,FAC001,MED0096,Purchase,2025-03-19,98,23202.48,VND014
TXN018865,FAC005,MED0051,Dispense,2025-06-30,92,159143.44,VND009
TXN008507,FAC001,MED0077,Dispense,2025-11-01,15,13557.75,VND022
TXN005484,FAC005,MED0100,Purchase,2025-09-13,66,146362.26,VND005
TXN007592,FAC002,MED0053,Dispense,2025-08-14,29,18872.91,VND010
TXN015144,FAC004,MED0167,Dispense,2025-02-05,76,186299.56,VND028
TXN008764,FAC003,MED0152,Dispense,2025-04-12,22,2654.96,VND027
TXN021113,FAC003,MED0093,Dispense,2025-03-20,80,191001.6,VND001
TXN017292,FAC004,MED0077,Dispense,2025-01-05,28,25307.8,VND022
TXN005964,FAC004,MED0024,Dispense,2025-09-04,3,3384.09,VND008
TXN011263,FAC003,MED0111,Purchase,2025-02-04,61,133874.26,VND011
TXN023639,FAC005,MED0137,Dispense,2025-11-20,86,18453.02,VND017
TXN013685,FAC001,MED0031,Dispense,2025-04-14,71,134248.93,VND015
TXN008874,FAC004,MED0166,Purchase,2025-01-28,66,105685.14,VND021
TXN024922,FAC002,MED0072,Dispense,2025-07-22,30,29029.8,VND029
TXN002699,FAC001,MED0019,Dispense,2025-08-02,3,4081.2,VND028
TXN002096,FAC005,MED0087,Dispense,2025-02-07,50,87559.0,VND015
TXN022433,FAC005,MED0140,Return,2025-04-25,84,16119.6,VND028
TXN006689,FAC003,MED0081,Dispense,2025-11-27,15,3633.0,VND002
TXN014863,FAC004,MED0099,Dispense,2025-11-16,64,104143.36,VND030
TXN004394,FAC005,MED0121,Purchase,2025-02-04,73,60373.19,VND012
TXN005562,FAC004,MED0021,Purchase,2025-02-17,92,2001.92,VND008
TXN023505,FAC002,MED0156,Purchase,2025-02-24,34,1430.38,VND001
TXN007030,FAC001,MED0070,Dispense,2025-10-05,98,233539.88,VND009
TXN004401,FAC001,MED0005,Dispense,2025-03-12,69,106726.44,VND021
TXN006015,FAC005,MED0138,Dispense,2025-08-02,33,66226.38,VND006
TXN009729,FAC004,MED0108,Dispense,2025-09-07,81,138514.05,VND018
TXN019476,FAC001,MED0171,Dispense,2025-09-22,80,29960.8,VND029
TXN016652,FAC005,MED0081,Purchase,2025-08-18,71,17196.2,VND002
TXN016304,FAC002,MED0163,Dispense,2025-02-18,4,8319.12,VND022
TXN006593,FAC001,MED0036,Dispense,2025-10-15,77,82570.95,VND027
TXN008199,FAC004,MED0084,Adjustment,2025-10-23,4,3622.4,VND015
TXN023234,FAC005,MED0139,Purchase,2025-04-04,93,207271.89,VND015
TXN008843,FAC001,MED0101,Return,2025-09-17,71,165722.52,VND026
TXN023633,FAC004,MED0079,Dispense,2025-02-15,84,1757.28,VND026
TXN005116,FAC001,MED0039,Purchase,2025-06-13,9,21219.57,VND024
TXN021158,FAC004,MED0014,Purchase,2025-08-25,78,41042.82,VND006
TXN000381,FAC005,MED0025,Purchase,2025-09-21,30,50024.4,VND024
TXN000981,FAC001,MED0154,Dispense,2025-12-20,87,83274.66,VND026
TXN016829,FAC003,MED0128,Dispense,2025-07-01,97,36213.98,VND026
TXN014072,FAC005,MED0017,Purchase,2025-10-13,98,235517.52,VND025
TXN004872,FAC004,MED0133,Dispense,2025-02-20,27,22436.73,VND026
TXN001881,FAC003,MED0007,Dispense,2025-03-24,22,53561.2,VND028
TXN011052,FAC005,MED0143,Dispense,2025-08-05,45,101416.05,VND003
TXN014574,FAC005,MED0029,Adjustment,2025-04-20,69,35236.92,VND013
TXN008319,FAC005,MED0019,Purchase,2025-07-15,86,116994.4,VND028
TXN002708,FAC005,MED0091,Dispense,2025-03-30,7,3078.95,VND001
TXN015462,FAC004,MED0173,Purchase,2025-10-29,28,34596.8,VND006
TXN013873,FAC001,MED0036,Dispense,2025-01-23,99,106162.65,VND027
TXN024014,FAC003,MED0029,Purchase,2025-12-17,33,16852.44,VND013
TXN021515,FAC003,MED0019,Dispense,2025-08-14,82,111552.8,VND028
TXN003046,FAC001,MED0018,Adjustment,2025-03-24,24,49757.04,VND015
TXN022848,FAC001,MED0038,Dispense,2025-09-05,17,9545.33,VND030
TXN005141,FAC005,MED0099,Dispense,2025-12-19,5,8136.2,VND030
TXN000452,FAC002,MED0100,Purchase,2025-12-13,63,139709.43,VND005
TXN021067,FAC001,MED0075,Dispense,2025-01-27,50,17854.5,VND023
TXN008029,FAC001,MED0077,Dispense,2025-09-23,42,37961.7,VND022
TXN017563,FAC005,MED0139,Dispense,2025-03-13,9,20058.57,VND015
TXN012031,FAC005,MED0153,Dispense,2025-11-27,45,54228.6,VND001
TXN000370,FAC005,MED0049,Purchase,2025-03-03,2,1640.58,VND020
TXN014239,FAC002,MED0127,Dispense,2025-11-05,1,562.66,VND013
TXN024509,FAC001,MED0049,Dispense,2025-07-25,12,9843.48,VND020
TXN004195,FAC003,MED0075,Purchase,2025-07-15,77,27495.93,VND023
TXN019267,FAC004,MED0088,Purchase,2025-04-10,96,124283.52,VND018
TXN005706,FAC003,MED0110,Dispense,2025-04-23,97,29339.59,VND007
TXN002352,FAC005,MED0109,Purchase,2025-03-06,24,40957.92,VND026
TXN012351,FAC005,MED0152,Dispense,2025-10-11,70,8447.6,VND027
TXN009858,FAC003,MED0174,Dispense,2025-07-01,78,47302.32,VND011
TXN001319,FAC002,MED0150,Adjustment,2025-04-17,7,14404.32,VND003
TXN020384,FAC002,MED0162,Dispense,2025-11-17,65,4113.2,VND008
TXN020922,FAC002,MED0007,Dispense,2025-03-21,28,68168.8,VND028
TXN016422,FAC004,MED0020,Purchase,2025-05-11,47,2207.59,VND001
TXN007822,FAC005,MED0158,Dispense,2025-02-09,25,36654.75,VND021
TXN001413,FAC005,MED0111,Dispense,2025-08-21,3,6583.98,VND011
TXN020301,FAC003,MED0137,Dispense,2025-02-24,68,14590.76,VND017
TXN017760,FAC005,MED0107,Purchase,2025-04-14,40,21710.4,VND013
TXN015237,FAC004,MED0107,Dispense,2025-11-21,17,9226.92,VND013
TXN024809,FAC002,MED0088,Purchase,2025-11-23,23,29776.26,VND018
TXN015101,FAC005,MED0022,Purchase,2025-03-14,92,167871.48,VND008
TXN002002,FAC005,MED0157,Dispense,2025-04-10,31,41527.29,VND017
TXN017611,FAC005,MED0141,Dispense,2025-03-15,42,55085.52,VND025
TXN000312,FAC001,MED0159,Dispense,2025-07-08,90,85464.0,VND010
TXN018511,FAC003,MED0091,Purchase,2025-10-12,38,16714.3,VND001
TXN000058,FAC004,MED0174,Dispense,2025-04-05,61,36992.84,VND011
TXN015165,FAC002,MED0130,Purchase,2025-06-24,98,58586.36,VND020
TXN008727,FAC001,MED0151,Dispense,2025-07-01,48,110332.32,VND015
TXN022399,FAC001,MED0099,Dispense,2025-02-26,70,113906.8,VND030
TXN015777,FAC001,MED0130,Dispense,2025-10-09,88,52608.16,VND020
TXN017124,FAC001,MED0062,Dispense,2025-05-24,54,32357.88,VND004
TXN001535,FAC001,MED0115,Dispense,2025-08-10,19,11449.02,VND005
TXN022811,FAC003,MED0074,Adjustment,2025-09-24,38,6972.24,VND008
TXN024321,FAC001,MED0059,Dispense,2025-03-24,47,43979.31,VND003
TXN011784,FAC002,MED0129,Dispense,2025-05-21,91,132551.51,VND019
TXN010979,FAC003,MED0121,Dispense,2025-04-25,58,47967.74,VND012
TXN012546,FAC003,MED0009,Dispense,2025-12-27,24,4082.64,VND009
TXN009364,FAC004,MED0010,Purchase,2025-01-21,96,194162.88,VND014
TXN001281,FAC001,MED0088,Dispense,2025-04-17,42,54374.04,VND018
TXN023355,FAC005,MED0059,Dispense,2025-02-23,76,71115.48,VND003
TXN014546,FAC002,MED0085,Dispense,2025-10-01,99,190755.18,VND008
TXN014510,FAC005,MED0056,Dispense,2025-02-07,25,21955.75,VND009
TXN017230,FAC003,MED0038,Dispense,2025-03-19,65,36496.85,VND030
TXN008293,FAC001,MED0080,Dispense,2025-06-06,26,4804.28,VND001
TXN004044,FAC005,MED0126,Dispense,2025-07-27,1,2168.24,VND012
TXN004345,FAC005,MED0031,Dispense,2025-02-04,11,20799.13,VND015
TXN008396,FAC001,MED0176,Dispense,2025-05-17,23,40104.64,VND008
TXN017954,FAC001,MED0033,Dispense,2025-11-19,9,14277.96,VND030
TXN009947,FAC004,MED0136,Dispense,2025-05-17,82,119863.5,VND003
TXN000885,FAC005,MED0036,Dispense,2025-10-29,60,64341.0,VND027
TXN017924,FAC003,MED0135,Return,2025-08-30,91,27380.08,VND008
TXN022761,FAC005,MED0179,Dispense,2025-02-03,61,27395.71,VND010
TXN005380,FAC002,MED0141,Purchase,2025-01-01,81,106236.36,VND025
TXN019144,FAC003,MED0130,Dispense,2025-04-28,100,59782.0,VND020
TXN008919,FAC005,MED0101,Dispense,2025-03-17,13,30343.56,VND026
TXN021297,FAC003,MED0007,Dispense,2025-10-01,38,92514.8,VND028
TXN000323,FAC005,MED0014,Dispense,2025-08-20,71,37359.49,VND006
TXN012344,FAC004,MED0049,Adjustment,2025-06-02,51,41834.79,VND020
TXN023142,FAC005,MED0084,Dispense,2025-06-08,55,49808.0,VND015
TXN008471,FAC001,MED0037,Dispense,2025-02-13,16,405.12,VND003
TXN001863,FAC001,MED0106,Dispense,2025-11-13,31,50576.5,VND001
TXN017618,FAC001,MED0178,Adjustment,2025-01-10,64,7029.76,VND019
TXN004049,FAC004,MED0038,Dispense,2025-06-11,23,12914.27,VND030
TXN007047,FAC001,MED0014,Purchase,2025-09-02,18,9471.42,VND006
TXN017194,FAC002,MED0043,Purchase,2025-11-22,16,16516.8,VND002
TXN002839,FAC002,MED0013,Dispense,2025-05-23,84,38818.92,VND004
TXN000736,FAC002,MED0069,Dispense,2025-03-14,51,35937.66,VND029
TXN004743,FAC005,MED0001,Dispense,2025-06-06,50,91606.5,VND015
TXN006706,FAC003,MED0033,Dispense,2025-08-07,17,26969.48,VND030
TXN019474,FAC001,MED0115,Dispense,2025-04-25,7,4218.06,VND005
TXN012303,FAC003,MED0019,Dispense,2025-08-19,41,55776.4,VND028
TXN014738,FAC004,MED0088,Dispense,2025-04-24,8,10356.96,VND018
TXN008517,FAC001,MED0165,Dispense,2025-04-12,62,74664.74,VND016
TXN003363,FAC002,MED0054,Purchase,2025-03-10,48,63738.72,VND020
TXN006804,FAC003,MED0057,Dispense,2025-05-23,56,124337.92,VND024
TXN017219,FAC002,MED0152,Purchase,2025-10-12,7,844.76,VND027
TXN019452,FAC002,MED0135,Dispense,2025-07-30,68,20459.84,VND008
TXN006718,FAC001,MED0111,Dispense,2025-04-18,46,100954.36,VND011
TXN003735,FAC004,MED0175,Return,2025-10-18,89,29111.01,VND023
TXN014164,FAC002,MED0132,Dispense,2025-08-25,28,26598.6,VND029
TXN012020,FAC002,MED0029,Dispense,2025-08-25,41,20937.88,VND013
TXN008426,FAC003,MED0180,Dispense,2025-06-18,71,82094.46,VND005
TXN002646,FAC004,MED0066,Purchase,2025-12-31,36,45380.52,VND021
TXN011777,FAC002,MED0065,Purchase,2025-02-18,17,37926.66,VND019
TXN020541,FAC005,MED0060,Return,2025-06-13,4,2862.12,VND029
TXN010988,FAC002,MED0050,Dispense,2025-05-14,42,85061.76,VND003
TXN006704,FAC005,MED0014,Adjustment,2025-10-09,24,12628.56,VND006
TXN016198,FAC003,MED0102,Purchase,2025-05-06,85,131129.5,VND004
TXN024159,FAC005,MED0177,Dispense,2025-02-25,38,63518.9,VND027
TXN018364,FAC003,MED0002,Dispense,2025-03-29,5,1285.7,VND019
TXN018492,FAC001,MED0125,Adjustment,2025-03-13,62,150156.56,VND018
TXN006088,FAC001,MED0017,Dispense,2025-11-21,14,33645.36,VND025
TXN015457,FAC004,MED0110,Dispense,2025-08-10,52,15728.44,VND007
TXN019242,FAC004,MED0131,Dispense,2025-08-24,84,73982.16,VND004
TXN013899,FAC004,MED0170,Adjustment,2025-11-16,47,73237.28,VND030
TXN007739,FAC003,MED0071,Dispense,2025-08-13,82,117600.3,VND021
TXN008351,FAC003,MED0174,Adjustment,2025-07-07,64,38812.16,VND011
TXN015334,FAC001,MED0064,Purchase,2025-08-24,5,3344.4,VND022
TXN013009,FAC004,MED0115,Dispense,2025-12-28,72,43385.76,VND005
TXN020534,FAC001,MED0156,Purchase,2025-09-24,70,2944.9,VND001
TXN008822,FAC002,MED0124,Purchase,2025-09-27,67,123594.23,VND005
TXN018900,FAC003,MED0034,Return,2025-09-17,33,15606.69,VND012
TXN018293,FAC003,MED0152,Purchase,2025-06-01,45,5430.6,VND027
TXN001122,FAC003,MED0069,Adjustment,2025-02-18,95,66942.7,VND029
TXN018910,FAC002,MED0156,Dispense,2025-03-16,96,4038.72,VND001
TXN017496,FAC002,MED0106,Purchase,2025-05-21,17,27735.5,VND001
TXN020806,FAC002,MED0144,Dispense,2025-07-05,33,78422.19,VND010
TXN005184,FAC003,MED0060,Dispense,2025-04-06,61,43647.33,VND029
TXN022230,FAC004,MED0109,Return,2025-09-24,37,63143.46,VND026
TXN022713,FAC002,MED0050,Purchase,2025-08-06,26,52657.28,VND003
TXN000492,FAC004,MED0038,Dispense,2025-08-28,78,43796.22,VND030
TXN015357,FAC001,MED0169,Dispense,2025-05-04,35,48028.4,VND020
TXN015764,FAC001,MED0120,Purchase,2025-12-19,32,45984.32,VND020
TXN000386,FAC004,MED0016,Purchase,2025-04-07,83,124331.51,VND004
TXN007503,FAC003,MED0041,Dispense,2025-10-24,9,15688.71,VND030
TXN015265,FAC004,MED0089,Dispense,2025-08-03,56,104280.4,VND028
TXN009959,FAC004,MED0167,Purchase,2025-08-11,42,102955.02,VND028
TXN015649,FAC004,MED0065,Dispense,2025-05-17,31,69160.38,VND019
TXN009173,FAC003,MED0056,Dispense,2025-03-14,32,28103.36,VND009
TXN013364,FAC001,MED0143,Dispense,2025-11-29,70,157758.3,VND003
TXN014472,FAC005,MED0062,Return,2025-03-29,16,9587.52,VND004
TXN003508,FAC005,MED0104,Purchase,2025-03-01,3,4310.49,VND018
TXN000410,FAC001,MED0092,Purchase,2025-12-12,67,16209.31,VND030
TXN019475,FAC001,MED0025,Purchase,2025-08-08,31,51691.88,VND024
TXN001283,FAC004,MED0029,Purchase,2025-01-03,20,10213.6,VND013
TXN018964,FAC003,MED0101,Dispense,2025-10-18,94,219407.28,VND026
TXN002555,FAC005,MED0119,Purchase,2025-11-07,85,20016.65,VND019
TXN012499,FAC005,MED0116,Dispense,2025-07-25,18,4769.64,VND003
TXN013594,FAC003,MED0064,Dispense,2025-11-14,27,18059.76,VND022
TXN001357,FAC002,MED0012,Purchase,2025-09-21,36,75035.52,VND029
TXN017081,FAC004,MED0158,Purchase,2025-06-20,1,1466.19,VND021
TXN007899,FAC001,MED0053,Purchase,2025-02-19,18,11714.22,VND010
TXN004950,FAC004,MED0084,Dispense,2025-11-27,22,19923.2,VND015
TXN002253,FAC001,MED0099,Dispense,2025-08-16,69,112279.56,VND030
TXN018695,FAC001,MED0006,Dispense,2025-02-15,75,4910.25,VND012
TXN021046,FAC001,MED0178,Purchase,2025-11-09,57,6260.88,VND019
TXN002790,FAC002,MED0025,Purchase,2025-01-09,29,48356.92,VND024
TXN021807,FAC003,MED0032,Dispense,2025-04-29,9,3687.84,VND019
TXN002086,FAC002,MED0022,Dispense,2025-03-07,10,18246.9,VND008
TXN019052,FAC001,MED0094,Dispense,2025-03-01,58,105981.08,VND022
TXN020511,FAC003,MED0032,Dispense,2025-02-15,24,9834.24,VND019
TXN016168,FAC003,MED0063,Dispense,2025-11-01,22,17065.18,VND017
TXN017121,FAC005,MED0113,Dispense,2025-09-03,31,62577.53,VND024
TXN014935,FAC002,MED0131,Dispense,2025-12-01,33,29064.42,VND004
TXN007949,FAC003,MED0176,Dispense,2025-10-06,9,15693.12,VND008
TXN006608,FAC004,MED0094,Dispense,2025-04-22,70,127908.2,VND022
TXN014930,FAC004,MED0154,Purchase,2025-05-14,81,77531.58,VND026
TXN021566,FAC001,MED0020,Dispense,2025-09-24,18,845.46,VND001
TXN014496,FAC003,MED0067,Dispense,2025-01-22,63,36642.06,VND005
TXN023800,FAC002,MED0066,Dispense,2025-05-07,82,103366.74,VND021
TXN008942,FAC005,MED0158,Purchase,2025-05-18,17,24925.23,VND021
TXN020159,FAC002,MED0065,Purchase,2025-03-28,4,8923.92,VND019
TXN009003,FAC005,MED0071,Dispense,2025-03-15,80,114732.0,VND021
TXN016580,FAC004,MED0143,Dispense,2025-01-05,18,40566.42,VND003
TXN020832,FAC002,MED0179,Dispense,2025-05-24,2,898.22,VND010
TXN014635,FAC003,MED0082,Return,2025-12-31,63,73601.01,VND019
TXN021803,FAC002,MED0023,Dispense,2025-06-01,75,67597.5,VND010
TXN022323,FAC003,MED0129,Return,2025-10-09,89,129638.29,VND019
TXN015950,FAC001,MED0107,Dispense,2025-01-18,16,8684.16,VND013
TXN001036,FAC004,MED0056,Purchase,2025-03-15,83,72893.09,VND009
TXN011216,FAC005,MED0007,Dispense,2025-01-08,58,141206.8,VND028
TXN015616,FAC005,MED0099,Adjustment,2025-05-13,74,120415.76,VND030
TXN010912,FAC001,MED0097,Adjustment,2025-11-19,92,162059.84,VND030
TXN017791,FAC003,MED0144,Dispense,2025-01-23,39,92680.77,VND010
TXN008454,FAC001,MED0137,Return,2025-10-17,26,5578.82,VND017
TXN014401,FAC001,MED0111,Purchase,2025-05-07,44,96565.04,VND011
TXN012504,FAC002,MED0019,Purchase,2025-10-09,33,44893.2,VND028
TXN019068,FAC002,MED0011,Dispense,2025-08-05,29,49680.19,VND002
TXN015672,FAC005,MED0148,Dispense,2025-12-07,89,7879.17,VND022
TXN002405,FAC004,MED0130,Purchase,2025-06-20,93,55597.26,VND020
TXN011702,FAC001,MED0159,Dispense,2025-07-24,46,43681.6,VND010
TXN012028,FAC003,MED0173,Purchase,2025-11-12,6,7413.6,VND006
TXN006463,FAC004,MED0115,Purchase,2025-09-11,49,29526.42,VND005
TXN018305,FAC002,MED0026,Purchase,2025-05-08,74,87672.24,VND003
TXN024891,FAC002,MED0118,Dispense,2025-12-28,28,27380.92,VND019
TXN021734,FAC003,MED0168,Dispense,2025-08-26,46,63967.6,VND030
TXN015320,FAC002,MED0031,Dispense,2025-05-12,89,168283.87,VND015
TXN024583,FAC001,MED0124,Dispense,2025-04-08,100,184469.0,VND005
TXN014067,FAC003,MED0106,Purchase,2025-09-21,69,112573.5,VND001
TXN010133,FAC005,MED0058,Dispense,2025-08-22,39,76637.73,VND008
TXN024898,FAC003,MED0159,Dispense,2025-01-16,35,33236.0,VND010
TXN001085,FAC002,MED0020,Dispense,2025-05-22,97,4556.09,VND001
TXN010353,FAC004,MED0090,Dispense,2025-01-19,57,11943.78,VND021
TXN024198,FAC004,MED0105,Dispense,2025-10-12,90,184772.7,VND019
TXN021132,FAC003,MED0020,Dispense,2025-04-06,10,469.7,VND001
TXN021170,FAC004,MED0015,Adjustment,2025-11-29,61,118317.43,VND018
TXN020770,FAC005,MED0012,Dispense,2025-03-23,1,2084.32,VND029
TXN019448,FAC005,MED0056,Dispense,2025-10-09,91,79918.93,VND009
TXN023302,FAC004,MED0177,Dispense,2025-01-24,40,66862.0,VND027
TXN018168,FAC001,MED0005,Return,2025-05-03,93,143848.68,VND021
TXN019632,FAC005,MED0134,Adjustment,2025-03-19,77,90544.3,VND018
TXN005332,FAC003,MED0108,Purchase,2025-02-21,94,160744.7,VND018
TXN005313,FAC003,MED0169,Dispense,2025-02-02,38,52145.12,VND020
TXN019218,FAC004,MED0043,Adjustment,2025-11-14,82,84648.6,VND002
TXN017920,FAC004,MED0031,Dispense,2025-05-23,21,39707.43,VND015
TXN003384,FAC005,MED0171,Purchase,2025-04-22,35,13107.85,VND029
TXN016453,FAC001,MED0072,Dispense,2025-03-24,73,70639.18,VND029
TXN001277,FAC001,MED0056,Dispense,2025-10-03,42,36885.66,VND009
TXN005733,FAC003,MED0167,Dispense,2025-09-09,70,171591.7,VND028
TXN013207,FAC001,MED0015,Dispense,2025-06-18,58,112498.54,VND018
TXN006905,FAC005,MED0072,Dispense,2025-08-02,61,59027.26,VND029
TXN006707,FAC003,MED0139,Dispense,2025-07-30,88,196128.24,VND015
TXN016682,FAC005,MED0178,Dispense,2025-11-16,70,7688.8,VND019
TXN004480,FAC005,MED0018,Purchase,2025-10-24,55,114026.55,VND015
TXN016643,FAC004,MED0119,Dispense,2025-11-22,5,1177.45,VND019
TXN004640,FAC003,MED0009,Dispense,2025-10-06,40,6804.4,VND009
TXN023615,FAC004,MED0087,Dispense,2025-12-08,77,134840.86,VND015
TXN003319,FAC003,MED0018,Dispense,2025-04-08,34,70489.14,VND015
TXN009996,FAC002,MED0168,Return,2025-09-25,85,118201.0,VND030
TXN012800,FAC005,MED0066,Dispense,2025-09-13,53,66810.21,VND021
TXN003471,FAC002,MED0166,Return,2025-04-16,99,158527.71,VND021
TXN013745,FAC005,MED0009,Adjustment,2025-06-14,62,10546.82,VND009
TXN011058,FAC001,MED0092,Purchase,2025-07-26,69,16693.17,VND030
TXN020891,FAC005,MED0172,Return,2025-11-30,64,41699.2,VND017
TXN017768,FAC001,MED0061,Purchase,2025-12-14,38,62042.22,VND003
TXN017487,FAC005,MED0116,Dispense,2025-12-07,91,24113.18,VND003
TXN015969,FAC002,MED0120,Purchase,2025-11-08,51,73287.51,VND020
TXN001454,FAC003,MED0170,Return,2025-03-12,87,135566.88,VND030
TXN021109,FAC005,MED0129,Dispense,2025-07-02,100,145661.0,VND019
TXN002333,FAC001,MED0171,Dispense,2025-09-22,52,19474.52,VND029
TXN017257,FAC002,MED0015,Purchase,2025-03-11,17,32973.71,VND018
TXN017936,FAC002,MED0102,Purchase,2025-05-30,7,10798.9,VND004
TXN019463,FAC002,MED0159,Dispense,2025-03-03,58,55076.8,VND010
TXN024580,FAC004,MED0088,Dispense,2025-07-11,27,34954.74,VND018
TXN015289,FAC003,MED0169,Dispense,2025-06-20,23,31561.52,VND020
TXN000669,FAC004,MED0170,Purchase,2025-12-06,85,132450.4,VND030
TXN022233,FAC002,MED0002,Dispense,2025-04-23,63,16199.82,VND019
TXN023854,FAC004,MED0064,Dispense,2025-07-26,52,34781.76,VND022
TXN003526,FAC002,MED0162,Dispense,2025-04-08,5,316.4,VND008
TXN011459,FAC005,MED0068,Dispense,2025-01-01,88,10266.08,VND017
TXN016046,FAC001,MED0027,Dispense,2025-11-30,24,45693.12,VND003
TXN020476,FAC004,MED0009,Purchase,2025-01-11,33,5613.63,VND009
TXN005395,FAC004,MED0132,Dispense,2025-06-04,69,65546.55,VND029
TXN004835,FAC004,MED0160,Return,2025-12-24,73,46325.07,VND014
TXN013787,FAC003,MED0120,Dispense,2025-12-05,18,25866.18,VND020
TXN003054,FAC003,MED0034,Dispense,2025-03-14,69,32632.17,VND012
TXN016316,FAC004,MED0117,Return,2025-12-01,59,121984.27,VND020
TXN003746,FAC004,MED0154,Dispense,2025-03-12,31,29672.58,VND026
TXN004212,FAC002,MED0008,Dispense,2025-03-20,95,11756.25,VND025
TXN002394,FAC003,MED0056,Purchase,2025-09-23,29,25468.67,VND009
TXN012926,FAC004,MED0143,Dispense,2025-07-28,54,121699.26,VND003
TXN007468,FAC003,MED0156,Dispense,2025-04-29,57,2397.99,VND001
TXN005019,FAC001,MED0174,Dispense,2025-11-05,6,3638.64,VND011
TXN009906,FAC005,MED0108,Purchase,2025-02-07,49,83792.45,VND018
TXN009044,FAC004,MED0033,Purchase,2025-05-02,44,69803.36,VND030
TXN023599,FAC002,MED0052,Dispense,2025-05-03,89,76356.66,VND011
TXN012302,FAC004,MED0070,Adjustment,2025-02-25,57,135834.42,VND009
TXN018377,FAC005,MED0043,Dispense,2025-09-23,64,66067.2,VND002
TXN013540,FAC005,MED0120,Dispense,2025-09-14,53,76161.53,VND020
TXN024764,FAC004,MED0101,Dispense,2025-06-21,85,198400.2,VND026
TXN022830,FAC002,MED0043,Dispense,2025-11-25,100,103230.0,VND002
TXN019333,FAC005,MED0126,Dispense,2025-07-18,42,91066.08,VND012
TXN021275,FAC004,MED0135,Purchase,2025-02-22,59,17751.92,VND008
TXN024391,FAC002,MED0108,Dispense,2025-11-07,30,51301.5,VND018
TXN006780,FAC002,MED0170,Return,2025-11-04,29,45188.96,VND030
TXN000458,FAC005,MED0148,Adjustment,2025-12-30,26,2301.78,VND022
TXN021656,FAC005,MED0088,Dispense,2025-10-12,51,66025.62,VND018
TXN001107,FAC005,MED0086,Dispense,2025-05-23,25,5517.25,VND007
TXN015569,FAC005,MED0125,Dispense,2025-06-10,97,234922.36,VND018
TXN011454,FAC002,MED0176,Purchase,2025-11-07,81,141238.08,VND008
TXN003198,FAC001,MED0044,Purchase,2025-10-19,26,15729.74,VND001
TXN015064,FAC002,MED0117,Dispense,2025-12-29,32,66160.96,VND020
TXN003795,FAC004,MED0074,Dispense,2025-03-09,2,366.96,VND008
TXN018854,FAC002,MED0088,Purchase,2025-07-30,27,34954.74,VND018
TXN002335,FAC002,MED0004,Return,2025-01-26,46,95792.7,VND024
TXN011609,FAC002,MED0019,Purchase,2025-11-14,23,31289.2,VND028
TXN022040,FAC002,MED0060,Adjustment,2025-10-18,1,715.53,VND029
TXN018534,FAC005,MED0070,Purchase,2025-07-20,67,159665.02,VND009
TXN013511,FAC004,MED0008,Dispense,2025-04-12,15,1856.25,VND025
TXN010020,FAC001,MED0117,Purchase,2025-12-10,83,171604.99,VND020
TXN014242,FAC003,MED0072,Dispense,2025-10-01,17,16450.22,VND029
TXN005199,FAC004,MED0086,Purchase,2025-09-25,35,7724.15,VND007
TXN022136,FAC004,MED0137,Dispense,2025-08-12,93,19955.01,VND017
TXN003309,FAC001,MED0073,Dispense,2025-08-22,22,30702.1,VND018
TXN013448,FAC005,MED0151,Purchase,2025-01-26,65,149408.35,VND015
TXN015327,FAC003,MED0002,Purchase,2025-06-15,84,21599.76,VND019
TXN003708,FAC003,MED0081,Dispense,2025-04-19,36,8719.2,VND002
TXN012021,FAC003,MED0077,Dispense,2025-09-16,2,1807.7,VND022
TXN024670,FAC001,MED0151,Dispense,2025-06-25,37,85047.83,VND015
TXN010994,FAC001,MED0176,Purchase,2025-04-29,68,118570.24,VND008
TXN022417,FAC004,MED0148,Dispense,2025-10-19,83,7347.99,VND022
TXN021303,FAC004,MED0145,Dispense,2025-08-29,95,147570.15,VND024
TXN007909,FAC004,MED0017,Dispense,2025-02-11,82,197065.68,VND025
TXN020491,FAC002,MED0055,Dispense,2025-02-02,62,86754.74,VND012
TXN013658,FAC001,MED0115,Return,2025-04-12,40,24103.2,VND005
TXN004192,FAC001,MED0123,Purchase,2025-02-05,71,88047.1,VND021
TXN016214,FAC001,MED0115,Purchase,2025-05-12,66,39770.28,VND005
TXN016314,FAC005,MED0111,Dispense,2025-12-26,73,160210.18,VND011
TXN003861,FAC005,MED0059,Dispense,2025-09-28,35,32750.55,VND003
TXN017831,FAC001,MED0122,Return,2025-09-28,12,23767.32,VND021
TXN012417,FAC004,MED0027,Dispense,2025-01-18,48,91386.24,VND003
TXN024437,FAC004,MED0170,Dispense,2025-06-07,81,126217.44,VND030
TXN012194,FAC003,MED0019,Dispense,2025-01-04,84,114273.6,VND028
TXN022428,FAC005,MED0033,Dispense,2025-05-25,57,90427.08,VND030
TXN018994,FAC001,MED0129,Dispense,2025-02-04,40,58264.4,VND019
TXN018261,FAC002,MED0066,Dispense,2025-04-02,59,74373.63,VND021
TXN010273,FAC004,MED0098,Dispense,2025-05-21,85,171600.55,VND016
TXN016650,FAC003,MED0094,Dispense,2025-01-29,24,43854.24,VND022
TXN023941,FAC001,MED0027,Dispense,2025-02-16,64,121848.32,VND003
TXN016418,FAC001,MED0171,Purchase,2025-11-06,50,18725.5,VND029
TXN017340,FAC004,MED0107,Dispense,2025-03-05,3,1628.28,VND013
TXN000709,FAC002,MED0155,Adjustment,2025-06-21,90,188740.8,VND017
TXN010220,FAC005,MED0017,Purchase,2025-10-22,64,153807.36,VND025
TXN021606,FAC005,MED0036,Purchase,2025-06-16,51,54689.85,VND027
TXN010632,FAC002,MED0060,Dispense,2025-08-05,29,20750.37,VND029
TXN008399,FAC002,MED0094,Dispense,2025-11-30,13,23754.38,VND022
TXN018857,FAC003,MED0174,Return,2025-11-06,85,51547.4,VND011
TXN004307,FAC003,MED0032,Dispense,2025-05-11,61,24995.36,VND019
TXN005576,FAC003,MED0039,Dispense,2025-01-25,23,54227.79,VND024
TXN001945,FAC001,MED0071,Purchase,2025-11-16,88,126205.2,VND021
TXN022961,FAC005,MED0019,Purchase,2025-08-17,100,136040.0,VND028
TXN004207,FAC004,MED0023,Return,2025-01-26,35,31545.5,VND010
TXN019646,FAC002,MED0161,Return,2025-04-05,83,182311.99,VND030
TXN005876,FAC001,MED0102,Dispense,2025-02-04,82,126501.4,VND004
TXN008936,FAC003,MED0027,Dispense,2025-06-01,38,72347.44,VND003
TXN004236,FAC005,MED0072,Dispense,2025-03-01,65,62897.9,VND029
TXN013884,FAC004,MED0127,Dispense,2025-05-17,70,39386.2,VND013
TXN023457,FAC004,MED0011,Purchase,2025-10-30,58,99360.38,VND002
TXN005710,FAC005,MED0110,Dispense,2025-08-08,34,10283.98,VND007
TXN012170,FAC001,MED0180,Dispense,2025-02-17,50,57813.0,VND005
TXN018775,FAC001,MED0002,Dispense,2025-01-18,57,14656.98,VND019
TXN006410,FAC003,MED0049,Dispense,2025-10-14,20,16405.8,VND020
TXN010275,FAC004,MED0159,Dispense,2025-12-22,44,41782.4,VND010
TXN011519,FAC002,MED0130,Dispense,2025-04-18,87,52010.34,VND020
TXN015619,FAC002,MED0105,Purchase,2025-09-28,83,170401.49,VND019
TXN024792,FAC004,MED0025,Purchase,2025-02-08,37,61696.76,VND024
TXN013080,FAC003,MED0110,Purchase,2025-05-27,39,11796.33,VND007
TXN006389,FAC001,MED0089,Dispense,2025-02-18,10,18621.5,VND028
TXN010040,FAC004,MED0160,Dispense,2025-05-26,88,55843.92,VND014
TXN021375,FAC003,MED0140,Return,2025-06-08,95,18230.5,VND028
TXN015992,FAC001,MED0086,Dispense,2025-03-06,36,7944.84,VND007
TXN018442,FAC004,MED0008,Purchase,2025-12-20,9,1113.75,VND025
TXN012995,FAC001,MED0013,Dispense,2025-04-15,88,40667.44,VND004
TXN013885,FAC001,MED0088,Dispense,2025-03-04,77,99685.74,VND018
TXN016644,FAC002,MED0046,Dispense,2025-11-06,79,47415.01,VND024
TXN000702,FAC002,MED0179,Purchase,2025-12-06,63,28293.93,VND010
TXN015944,FAC005,MED0151,Dispense,2025-10-01,67,154005.53,VND015
TXN009820,FAC005,MED0169,Purchase,2025-05-24,24,32933.76,VND020
TXN019027,FAC001,MED0039,Adjustment,2025-06-27,92,216911.16,VND024
TXN018421,FAC005,MED0013,Dispense,2025-01-13,80,36970.4,VND004
TXN017446,FAC004,MED0140,Purchase,2025-08-26,86,16503.4,VND028
TXN008311,FAC003,MED0163,Purchase,2025-11-29,67,139345.26,VND022
TXN006505,FAC003,MED0122,Dispense,2025-12-05,46,91108.06,VND021
TXN002705,FAC001,MED0060,Dispense,2025-03-04,80,57242.4,VND029
TXN016598,FAC005,MED0035,Dispense,2025-09-17,12,9605.52,VND025
TXN021563,FAC003,MED0073,Dispense,2025-05-04,48,66986.4,VND018
TXN010374,FAC001,MED0136,Dispense,2025-03-30,33,48237.75,VND003
TXN001982,FAC004,MED0065,Purchase,2025-03-27,21,46850.58,VND019
TXN022250,FAC004,MED0002,Purchase,2025-05-19,6,1542.84,VND019
TXN009569,FAC001,MED0104,Adjustment,2025-09-29,21,30173.43,VND018
TXN004547,FAC004,MED0011,Dispense,2025-09-21,41,70237.51,VND002
TXN004111,FAC004,MED0150,Dispense,2025-03-17,78,160505.28,VND003
TXN016353,FAC004,MED0141,Purchase,2025-10-11,60,78693.6,VND025
TXN022838,FAC005,MED0163,Purchase,2025-07-01,50,103989.0,VND022
TXN023848,FAC004,MED0158,Dispense,2025-02-10,36,52782.84,VND021
TXN019272,FAC001,MED0177,Dispense,2025-10-17,73,122023.15,VND027
TXN008576,FAC005,MED0177,Purchase,2025-01-13,30,50146.5,VND027
TXN005664,FAC001,MED0066,Dispense,2025-12-15,59,74373.63,VND021
TXN010905,FAC001,MED0126,Adjustment,2025-03-17,44,95402.56,VND012
TXN010147,FAC004,MED0045,Dispense,2025-05-17,50,123212.0,VND026
TXN020074,FAC001,MED0011,Dispense,2025-06-28,64,109639.04,VND002
TXN014387,FAC001,MED0024,Dispense,2025-04-03,40,45121.2,VND008
TXN015413,FAC003,MED0179,Purchase,2025-09-01,18,8083.98,VND010
TXN016774,FAC001,MED0088,Dispense,2025-02-08,38,49195.56,VND018
TXN005049,FAC005,MED0130,Dispense,2025-03-05,5,2989.1,VND020
TXN019500,FAC002,MED0075,Dispense,2025-09-09,78,27853.02,VND023
TXN002375,FAC001,MED0025,Dispense,2025-08-14,15,25012.2,VND024
TXN023441,FAC004,MED0076,Dispense,2025-01-14,40,74160.0,VND026
TXN015417,FAC002,MED0004,Dispense,2025-01-18,100,208245.0,VND024
TXN014725,FAC003,MED0172,Dispense,2025-10-06,81,52775.55,VND017
TXN015010,FAC001,MED0065,Dispense,2025-03-19,72,160630.56,VND019
TXN007331,FAC001,MED0160,Purchase,2025-11-15,74,46959.66,VND014
TXN011379,FAC002,MED0143,Dispense,2025-08-15,92,207339.48,VND003
TXN012610,FAC005,MED0020,Dispense,2025-10-16,82,3851.54,VND001
TXN007656,FAC002,MED0176,Dispense,2025-10-09,56,97646.08,VND008
TXN013514,FAC002,MED0012,Dispense,2025-05-18,52,108384.64,VND029
TXN014758,FAC005,MED0072,Dispense,2025-06-15,95,91927.7,VND029
TXN012383,FAC003,MED0136,Dispense,2025-10-02,1,1461.75,VND003
TXN020309,FAC004,MED0079,Purchase,2025-08-23,23,481.16,VND026
TXN012155,FAC001,MED0034,Purchase,2025-07-07,80,37834.4,VND012
TXN024680,FAC001,MED0147,Return,2025-03-21,45,9076.95,VND028
TXN014817,FAC005,MED0110,Dispense,2025-03-16,85,25709.95,VND007
TXN001225,FAC005,MED0044,Dispense,2025-03-27,42,25409.58,VND001
TXN009170,FAC001,MED0108,Dispense,2025-04-04,17,29070.85,VND018
TXN014696,FAC003,MED0035,Purchase,2025-06-06,27,21612.42,VND025
TXN000639,FAC001,MED0105,Dispense,2025-05-10,73,149871.19,VND019
TXN016997,FAC005,MED0059,Adjustment,2025-05-30,79,73922.67,VND003
TXN000346,FAC001,MED0118,Purchase,2025-11-06,30,29336.7,VND019
TXN014262,FAC001,MED0013,Purchase,2025-12-17,14,6469.82,VND004
TXN007429,FAC001,MED0022,Dispense,2025-10-17,31,56565.39,VND008
TXN014989,FAC003,MED0094,Purchase,2025-08-10,20,36545.2,VND022
TXN002688,FAC002,MED0079,Dispense,2025-08-27,36,753.12,VND026
TXN009881,FAC001,MED0033,Dispense,2025-07-26,86,136433.84,VND030
TXN006847,FAC005,MED0132,Purchase,2025-07-28,61,57946.95,VND029
TXN019419,FAC001,MED0084,Dispense,2025-07-27,17,15395.2,VND015
TXN001035,FAC005,MED0174,Dispense,2025-02-27,59,35779.96,VND011
TXN019640,FAC005,MED0135,Dispense,2025-02-16,3,902.64,VND008
TXN000726,FAC005,MED0072,Dispense,2025-08-06,86,83218.76,VND029
TXN013737,FAC004,MED0171,Dispense,2025-11-23,24,8988.24,VND029
TXN006146,FAC004,MED0034,Dispense,2025-09-03,96,45401.28,VND012
TXN005505,FAC004,MED0086,Dispense,2025-05-12,64,14124.16,VND007
TXN017776,FAC003,MED0006,Dispense,2025-01-18,80,5237.6,VND012
TXN023419,FAC002,MED0101,Purchase,2025-04-06,47,109703.64,VND026
TXN009571,FAC001,MED0143,Purchase,2025-05-27,95,214100.55,VND003
TXN012185,FAC005,MED0126,Purchase,2025-09-03,66,143103.84,VND012
TXN010944,FAC002,MED0138,Dispense,2025-10-08,83,166569.38,VND006
TXN002009,FAC003,MED0005,Purchase,2025-05-01,6,9280.56,VND021
TXN006953,FAC005,MED0138,Dispense,2025-04-11,77,154528.22,VND006
TXN001641,FAC003,MED0054,Purchase,2025-02-26,54,71706.06,VND020
TXN009682,FAC002,MED0067,Adjustment,2025-02-27,48,27917.76,VND005
TXN024211,FAC001,MED0060,Dispense,2025-10-31,64,45793.92,VND029
TXN024071,FAC002,MED0114,Purchase,2025-10-05,22,13882.88,VND018
TXN015256,FAC003,MED0048,Purchase,2025-11-03,22,17762.36,VND009
TXN017368,FAC004,MED0175,Dispense,2025-09-17,95,31073.55,VND023
TXN010312,FAC004,MED0146,Dispense,2025-11-16,57,66321.78,VND004
TXN015889,FAC005,MED0025,Purchase,2025-03-07,69,115056.12,VND024
TXN005181,FAC002,MED0053,Dispense,2025-01-30,57,37095.03,VND010
TXN002639,FAC001,MED0072,Dispense,2025-06-11,21,20320.86,VND029
TXN003738,FAC002,MED0089,Dispense,2025-08-11,77,143385.55,VND028
TXN005764,FAC005,MED0149,Dispense,2025-10-30,95,143462.35,VND020
TXN002324,FAC002,MED0001,Return,2025-08-22,75,137409.75,VND015
TXN003947,FAC005,MED0049,Purchase,2025-01-13,87,71365.23,VND020
TXN004795,FAC002,MED0072,Purchase,2025-12-28,87,84186.42,VND029
TXN012098,FAC001,MED0057,Dispense,2025-03-14,71,157642.72,VND024
TXN019849,FAC005,MED0106,Purchase,2025-10-26,85,138677.5,VND001
TXN016222,FAC003,MED0138,Adjustment,2025-04-13,98,196672.28,VND006
TXN005717,FAC001,MED0010,Dispense,2025-10-10,32,64720.96,VND014
TXN006791,FAC002,MED0160,Dispense,2025-09-29,46,29191.14,VND014
TXN022192,FAC003,MED0016,Dispense,2025-08-10,49,73400.53,VND004
TXN018166,FAC005,MED0156,Purchase,2025-04-11,13,546.91,VND001
TXN001892,FAC003,MED0014,Dispense,2025-10-29,33,17364.27,VND006
TXN019063,FAC004,MED0077,Dispense,2025-09-20,27,24403.95,VND022
TXN005598,FAC004,MED0030,Adjustment,2025-07-21,23,29333.28,VND029
TXN007648,FAC001,MED0074,Purchase,2025-01-04,43,7889.64,VND008
TXN023270,FAC003,MED0164,Dispense,2025-09-10,68,164572.92,VND022
TXN020898,FAC001,MED0038,Purchase,2025-05-25,98,55026.02,VND030
TXN006423,FAC001,MED0125,Dispense,2025-12-31,91,220391.08,VND018
TXN010950,FAC003,MED0131,Dispense,2025-11-15,50,44037.0,VND004
TXN005571,FAC002,MED0116,Dispense,2025-01-13,69,18283.62,VND003
TXN022966,FAC005,MED0009,Dispense,2025-11-07,41,6974.51,VND009
TXN021505,FAC004,MED0106,Purchase,2025-10-30,99,161518.5,VND001
TXN013912,FAC004,MED0164,Adjustment,2025-10-18,26,62924.94,VND022
TXN018780,FAC002,MED0026,Dispense,2025-02-08,93,110182.68,VND003
TXN009621,FAC001,MED0170,Dispense,2025-10-16,27,42072.48,VND030
TXN023087,FAC004,MED0141,Dispense,2025-12-22,4,5246.24,VND025
TXN018043,FAC002,MED0175,Return,2025-12-31,33,10793.97,VND023
TXN022625,FAC002,MED0119,Dispense,2025-12-16,53,12480.97,VND019
TXN005161,FAC002,MED0075,Dispense,2025-01-13,51,18211.59,VND023
TXN016319,FAC001,MED0094,Dispense,2025-10-20,20,36545.2,VND022
TXN014882,FAC004,MED0026,Dispense,2025-11-23,57,67531.32,VND003
TXN018327,FAC003,MED0156,Adjustment,2025-07-25,90,3786.3,VND001
TXN016963,FAC003,MED0113,Dispense,2025-05-06,99,199844.37,VND024
TXN017386,FAC003,MED0085,Dispense,2025-04-23,37,71292.34,VND008
TXN011305,FAC002,MED0121,Dispense,2025-06-18,5,4135.15,VND012
TXN008166,FAC005,MED0117,Purchase,2025-10-03,58,119916.74,VND020
TXN012703,FAC001,MED0054,Purchase,2025-05-07,36,47804.04,VND020
TXN016868,FAC004,MED0110,Return,2025-10-22,6,1814.82,VND007
TXN000617,FAC005,MED0001,Return,2025-08-27,30,54963.9,VND015
TXN017055,FAC003,MED0018,Dispense,2025-05-02,57,118172.97,VND015
TXN001902,FAC004,MED0175,Purchase,2025-01-28,20,6541.8,VND023
TXN016085,FAC001,MED0002,Dispense,2025-12-03,66,16971.24,VND019
TXN000409,FAC003,MED0079,Purchase,2025-11-30,67,1401.64,VND026
TXN018773,FAC001,MED0109,Dispense,2025-08-18,56,95568.48,VND026
TXN005149,FAC001,MED0010,Purchase,2025-04-03,74,149667.22,VND014
TXN018613,FAC003,MED0078,Dispense,2025-04-22,62,40081.14,VND003
TXN009238,FAC003,MED0060,Return,2025-08-19,86,61535.58,VND029
TXN007725,FAC004,MED0110,Purchase,2025-11-23,29,8771.63,VND007
TXN020679,FAC004,MED0053,Dispense,2025-04-29,54,35142.66,VND010
TXN001232,FAC004,MED0088,Dispense,2025-07-27,89,115221.18,VND018
TXN000532,FAC002,MED0160,Dispense,2025-04-13,89,56478.51,VND014
TXN002082,FAC002,MED0063,Dispense,2025-08-07,72,55849.68,VND017
TXN015068,FAC003,MED0136,Purchase,2025-05-01,50,73087.5,VND003
TXN009839,FAC003,MED0162,Purchase,2025-09-19,99,6264.72,VND008
TXN015401,FAC004,MED0154,Purchase,2025-06-03,21,20100.78,VND026
TXN010106,FAC004,MED0133,Adjustment,2025-11-29,48,39887.52,VND026
TXN015548,FAC002,MED0159,Purchase,2025-06-09,82,77867.2,VND010
TXN007370,FAC002,MED0102,Purchase,2025-11-01,39,60165.3,VND004
TXN024135,FAC004,MED0071,Dispense,2025-10-20,96,137678.4,VND021
TXN004690,FAC001,MED0067,Dispense,2025-11-15,82,47692.84,VND005
TXN019822,FAC003,MED0029,Purchase,2025-04-26,76,38811.68,VND013
TXN002863,FAC004,MED0073,Purchase,2025-03-08,78,108852.9,VND018
TXN004986,FAC002,MED0146,Dispense,2025-03-15,83,96573.82,VND004
TXN016265,FAC001,MED0021,Dispense,2025-05-30,81,1762.56,VND008
TXN010127,FAC001,MED0047,Adjustment,2025-11-03,87,138048.12,VND002
TXN011100,FAC003,MED0026,Dispense,2025-05-28,12,14217.12,VND003
TXN021940,FAC005,MED0138,Purchase,2025-12-25,70,140480.2,VND006
TXN009935,FAC003,MED0147,Dispense,2025-11-14,84,16943.64,VND028
TXN021669,FAC004,MED0019,Dispense,2025-09-14,42,57136.8,VND028
TXN021265,FAC005,MED0082,Dispense,2025-02-08,46,53740.42,VND019
TXN006425,FAC002,MED0030,Dispense,2025-05-08,26,33159.36,VND029
TXN018193,FAC003,MED0076,Dispense,2025-06-16,61,113094.0,VND026
TXN001688,FAC005,MED0037,Purchase,2025-09-20,43,1088.76,VND003
TXN020388,FAC003,MED0143,Purchase,2025-10-12,70,157758.3,VND003
TXN018860,FAC002,MED0072,Purchase,2025-03-02,23,22256.18,VND029
TXN017649,FAC003,MED0050,Dispense,2025-02-09,54,109365.12,VND003
TXN000176,FAC002,MED0097,Dispense,2025-04-20,18,31707.36,VND030
TXN002618,FAC003,MED0042,Dispense,2025-08-18,44,109752.28,VND017
TXN021430,FAC005,MED0025,Dispense,2025-03-24,81,135065.88,VND024
TXN003726,FAC004,MED0146,Purchase,2025-11-04,8,9308.32,VND004
TXN001442,FAC005,MED0018,Purchase,2025-11-09,34,70489.14,VND015
TXN002931,FAC005,MED0035,Dispense,2025-12-20,46,36821.16,VND025
TXN015294,FAC002,MED0135,Dispense,2025-04-15,40,12035.2,VND008
TXN017140,FAC001,MED0108,Return,2025-08-25,64,109443.2,VND018
TXN020813,FAC002,MED0160,Purchase,2025-08-04,5,3172.95,VND014
TXN019313,FAC002,MED0111,Purchase,2025-07-27,12,26335.92,VND011
TXN007469,FAC005,MED0022,Dispense,2025-12-23,24,43792.56,VND008
TXN020659,FAC001,MED0073,Dispense,2025-10-25,74,103270.7,VND018
TXN010544,FAC004,MED0179,Purchase,2025-04-08,14,6287.54,VND010
TXN012215,FAC005,MED0087,Dispense,2025-07-26,30,52535.4,VND015
TXN002520,FAC002,MED0001,Dispense,2025-10-28,48,87942.24,VND015
TXN003148,FAC001,MED0013,Dispense,2025-01-25,60,27727.8,VND004
TXN005594,FAC003,MED0074,Dispense,2025-03-15,74,13577.52,VND008
TXN014700,FAC004,MED0176,Dispense,2025-08-07,7,12205.76,VND008
TXN019501,FAC001,MED0018,Purchase,2025-12-03,76,157563.96,VND015
TXN006620,FAC005,MED0071,Dispense,2025-10-01,11,15775.65,VND021
TXN012565,FAC001,MED0149,Return,2025-06-08,72,108729.36,VND020
TXN013134,FAC004,MED0164,Dispense,2025-12-12,85,205716.15,VND022
TXN021736,FAC002,MED0062,Purchase,2025-01-27,62,37151.64,VND004
TXN024852,FAC002,MED0145,Purchase,2025-12-27,75,116502.75,VND024
TXN015278,FAC005,MED0114,Adjustment,2025-08-09,10,6310.4,VND018
TXN018925,FAC004,MED0064,Dispense,2025-10-28,48,32106.24,VND022
TXN014384,FAC002,MED0089,Dispense,2025-02-24,59,109866.85,VND028
TXN001575,FAC002,MED0043,Adjustment,2025-09-04,75,77422.5,VND002
TXN023274,FAC001,MED0051,Dispense,2025-03-24,89,153953.98,VND009
TXN001350,FAC005,MED0051,Dispense,2025-11-01,32,55354.24,VND009
TXN008604,FAC002,MED0113,Dispense,2025-07-07,50,100931.5,VND024
TXN003821,FAC001,MED0069,Dispense,2025-02-15,78,54963.48,VND029
TXN009086,FAC002,MED0090,Dispense,2025-12-09,45,9429.3,VND021
TXN013762,FAC005,MED0151,Dispense,2025-11-07,23,52867.57,VND015
TXN019429,FAC002,MED0102,Dispense,2025-12-04,45,69421.5,VND004
TXN015965,FAC002,MED0106,Dispense,2025-02-13,10,16315.0,VND001
TXN003224,FAC004,MED0160,Purchase,2025-03-09,63,39979.17,VND014
TXN006406,FAC001,MED0128,Dispense,2025-11-30,88,32853.92,VND026
TXN000266,FAC003,MED0103,Dispense,2025-07-17,34,49903.5,VND028
TXN000834,FAC001,MED0042,Dispense,2025-07-18,13,32426.81,VND017
TXN006688,FAC004,MED0108,Dispense,2025-08-18,87,148774.35,VND018
TXN023147,FAC001,MED0124,Dispense,2025-07-09,56,103302.64,VND005
TXN018257,FAC001,MED0168,Adjustment,2025-03-10,21,29202.6,VND030
TXN012931,FAC001,MED0158,Return,2025-08-22,59,86505.21,VND021
TXN020439,FAC003,MED0018,Dispense,2025-06-13,61,126465.81,VND015
TXN017828,FAC002,MED0092,Dispense,2025-10-28,55,13306.15,VND030
TXN022014,FAC005,MED0031,Dispense,2025-06-26,3,5672.49,VND015
TXN018060,FAC003,MED0038,Dispense,2025-01-14,84,47165.16,VND030
TXN023756,FAC001,MED0097,Dispense,2025-11-22,15,26422.8,VND030
TXN012067,FAC002,MED0015,Dispense,2025-10-13,81,157110.03,VND018
TXN012239,FAC004,MED0008,Dispense,2025-08-13,23,2846.25,VND025
TXN021203,FAC003,MED0075,Dispense,2025-03-30,65,23210.85,VND023
TXN018843,FAC002,MED0104,Dispense,2025-11-28,78,112072.74,VND018
TXN024803,FAC001,MED0012,Dispense,2025-04-16,66,137565.12,VND029
TXN003695,FAC004,MED0017,Purchase,2025-04-03,67,161017.08,VND025
TXN005865,FAC005,MED0064,Purchase,2025-05-03,8,5351.04,VND022
TXN013140,FAC002,MED0120,Adjustment,2025-11-03,44,63228.44,VND020
TXN007569,FAC001,MED0116,Dispense,2025-04-18,42,11129.16,VND003
TXN011038,FAC003,MED0040,Purchase,2025-03-27,9,1527.39,VND017
TXN014881,FAC001,MED0032,Dispense,2025-09-06,22,9014.72,VND019
TXN007004,FAC001,MED0138,Adjustment,2025-07-14,76,152521.36,VND006
TXN002128,FAC004,MED0179,Dispense,2025-07-04,6,2694.66,VND010
TXN024221,FAC005,MED0059,Dispense,2025-03-18,28,26200.44,VND003
TXN012859,FAC004,MED0018,Dispense,2025-06-09,31,64269.51,VND015
TXN023304,FAC001,MED0155,Purchase,2025-08-22,52,109050.24,VND017
TXN011795,FAC005,MED0043,Purchase,2025-06-09,21,21678.3,VND002
TXN011729,FAC005,MED0007,Dispense,2025-06-23,37,90080.2,VND028
TXN007303,FAC001,MED0091,Adjustment,2025-02-23,23,10116.55,VND001
TXN002241,FAC002,MED0075,Purchase,2025-02-12,18,6427.62,VND023
TXN018634,FAC005,MED0008,Return,2025-02-25,85,10518.75,VND025
TXN012311,FAC001,MED0086,Dispense,2025-11-12,44,9710.36,VND007
TXN023178,FAC005,MED0027,Purchase,2025-09-30,51,97097.88,VND003
TXN017442,FAC004,MED0130,Dispense,2025-04-08,13,7771.66,VND020
TXN016869,FAC005,MED0051,Dispense,2025-09-24,80,138385.6,VND009
TXN003602,FAC003,MED0096,Purchase,2025-01-01,47,11127.72,VND014
TXN013251,FAC001,MED0033,Dispense,2025-06-22,33,52352.52,VND030
TXN019805,FAC002,MED0050,Purchase,2025-03-03,29,58733.12,VND003
TXN013414,FAC002,MED0117,Dispense,2025-09-26,30,62025.9,VND020
TXN013477,FAC005,MED0152,Dispense,2025-10-25,85,10257.8,VND027
TXN001262,FAC004,MED0144,Purchase,2025-06-01,10,23764.3,VND010
TXN014808,FAC005,MED0134,Dispense,2025-07-27,46,54091.4,VND018
TXN022793,FAC002,MED0130,Adjustment,2025-12-12,50,29891.0,VND020
TXN014150,FAC003,MED0099,Purchase,2025-12-07,58,94379.92,VND030
TXN014774,FAC004,MED0150,Purchase,2025-01-30,41,84368.16,VND003
TXN013127,FAC005,MED0044,Adjustment,2025-05-17,88,53239.12,VND001
TXN021921,FAC002,MED0075,Dispense,2025-11-15,1,357.09,VND023
TXN024987,FAC004,MED0137,Dispense,2025-10-07,40,8582.8,VND017
TXN009923,FAC002,MED0115,Dispense,2025-05-22,74,44590.92,VND005
TXN015319,FAC004,MED0055,Dispense,2025-08-16,56,78359.12,VND012
TXN022956,FAC001,MED0072,Dispense,2025-05-04,54,52253.64,VND029
TXN022653,FAC004,MED0088,Dispense,2025-12-05,29,37543.98,VND018
TXN011732,FAC003,MED0128,Return,2025-04-04,90,33600.6,VND026
TXN013915,FAC003,MED0115,Dispense,2025-05-20,85,51219.3,VND005
TXN003111,FAC004,MED0024,Dispense,2025-01-29,63,71065.89,VND008
TXN013406,FAC005,MED0048,Purchase,2025-05-25,48,38754.24,VND009
TXN024695,FAC004,MED0166,Dispense,2025-02-05,95,152122.55,VND021
TXN010194,FAC001,MED0049,Dispense,2025-05-28,40,32811.6,VND020
TXN020089,FAC005,MED0142,Dispense,2025-11-05,53,60458.16,VND015
TXN008394,FAC001,MED0129,Dispense,2025-01-25,22,32045.42,VND019
TXN000425,FAC005,MED0057,Dispense,2025-11-05,3,6660.96,VND024
TXN014412,FAC001,MED0001,Dispense,2025-07-25,63,115424.19,VND015
TXN018500,FAC001,MED0117,Dispense,2025-11-05,17,35148.01,VND020
TXN024525,FAC005,MED0165,Dispense,2025-10-25,76,91524.52,VND016
TXN004606,FAC005,MED0143,Dispense,2025-03-16,14,31551.66,VND003
TXN023658,FAC003,MED0135,Dispense,2025-05-01,98,29486.24,VND008
TXN022867,FAC001,MED0037,Dispense,2025-11-23,4,101.28,VND003
TXN000810,FAC004,MED0049,Adjustment,2025-10-12,37,30350.73,VND020
TXN014543,FAC002,MED0063,Purchase,2025-05-18,94,72914.86,VND017
TXN017463,FAC005,MED0116,Adjustment,2025-06-26,89,23583.22,VND003
TXN007175,FAC001,MED0092,Dispense,2025-07-17,36,8709.48,VND030
TXN003342,FAC002,MED0025,Dispense,2025-04-27,1,1667.48,VND024
TXN016057,FAC004,MED0115,Dispense,2025-08-01,4,2410.32,VND005
TXN016430,FAC001,MED0107,Dispense,2025-12-17,9,4884.84,VND013
TXN013741,FAC004,MED0069,Dispense,2025-02-16,18,12683.88,VND029
TXN003126,FAC005,MED0145,Dispense,2025-11-24,37,57474.69,VND024
TXN009321,FAC005,MED0039,Dispense,2025-03-17,91,214553.43,VND024
TXN015768,FAC003,MED0141,Dispense,2025-06-25,51,66889.56,VND025
TXN003388,FAC004,MED0090,Dispense,2025-05-04,88,18439.52,VND021
TXN000813,FAC003,MED0024,Dispense,2025-10-04,23,25944.69,VND008
TXN017885,FAC003,MED0176,Purchase,2025-05-19,70,122057.6,VND008
TXN014308,FAC002,MED0082,Dispense,2025-04-14,6,7009.62,VND019
TXN006120,FAC003,MED0078,Dispense,2025-07-30,94,60768.18,VND003
TXN010644,FAC005,MED0127,Purchase,2025-12-21,87,48951.42,VND013
TXN011328,FAC003,MED0100,Dispense,2025-04-09,39,86486.79,VND005
TXN021083,FAC004,MED0123,Dispense,2025-08-10,30,37203.0,VND021
TXN008365,FAC003,MED0105,Return,2025-07-22,1,2053.03,VND019
TXN008188,FAC003,MED0068,Dispense,2025-07-10,19,2216.54,VND017
TXN015378,FAC004,MED0139,Dispense,2025-03-02,10,22287.3,VND015
TXN008359,FAC001,MED0137,Dispense,2025-05-14,83,17809.31,VND017
TXN022051,FAC005,MED0157,Dispense,2025-12-18,95,127261.05,VND017
TXN012262,FAC004,MED0145,Dispense,2025-04-08,87,135143.19,VND024
TXN014885,FAC005,MED0065,Return,2025-07-12,84,187402.32,VND019
TXN000946,FAC002,MED0055,Adjustment,2025-08-24,49,68564.23,VND012
TXN009374,FAC003,MED0138,Purchase,2025-05-12,32,64219.52,VND006
TXN007878,FAC002,MED0009,Purchase,2025-05-12,56,9526.16,VND009
TXN012087,FAC005,MED0083,Dispense,2025-12-17,78,6552.78,VND026
TXN007977,FAC005,MED0028,Dispense,2025-12-25,36,3915.36,VND007
TXN019140,FAC002,MED0006,Adjustment,2025-06-21,7,458.29,VND012
TXN017256,FAC003,MED0039,Dispense,2025-12-06,81,190976.13,VND024
TXN003538,FAC005,MED0108,Dispense,2025-04-02,72,123123.6,VND018
TXN008243,FAC005,MED0126,Purchase,2025-12-17,97,210319.28,VND012
TXN010280,FAC003,MED0165,Dispense,2025-03-03,93,111997.11,VND016
TXN002609,FAC001,MED0130,Dispense,2025-09-05,8,4782.56,VND020
TXN018883,FAC001,MED0041,Dispense,2025-01-12,2,3486.38,VND030
TXN017967,FAC004,MED0145,Adjustment,2025-02-13,67,104075.79,VND024
TXN008778,FAC003,MED0144,Dispense,2025-02-09,9,21387.87,VND010
TXN009586,FAC002,MED0115,Dispense,2025-02-09,54,32539.32,VND005
TXN004048,FAC005,MED0126,Dispense,2025-07-20,97,210319.28,VND012
TXN009688,FAC003,MED0024,Dispense,2025-06-14,4,4512.12,VND008
TXN020950,FAC004,MED0019,Dispense,2025-02-21,92,125156.8,VND028
TXN013821,FAC005,MED0018,Purchase,2025-08-10,86,178296.06,VND015
TXN016621,FAC005,MED0153,Dispense,2025-12-17,59,71099.72,VND001
TXN007360,FAC003,MED0002,Purchase,2025-06-25,39,10028.46,VND019
TXN021456,FAC001,MED0130,Dispense,2025-11-17,3,1793.46,VND020
TXN008378,FAC003,MED0166,Dispense,2025-07-12,93,148919.97,VND021
TXN018155,FAC001,MED0116,Dispense,2025-04-10,51,13513.98,VND003
TXN017679,FAC002,MED0105,Dispense,2025-12-13,5,10265.15,VND019
TXN016240,FAC001,MED0021,Purchase,2025-07-03,24,522.24,VND008
TXN005817,FAC001,MED0042,Dispense,2025-06-08,74,184583.38,VND017
TXN001848,FAC005,MED0008,Adjustment,2025-08-27,39,4826.25,VND025
TXN024594,FAC001,MED0104,Return,2025-01-15,51,73278.33,VND018
TXN020218,FAC001,MED0137,Dispense,2025-03-03,3,643.71,VND017
TXN021957,FAC002,MED0073,Purchase,2025-05-03,61,85128.55,VND018
TXN002189,FAC005,MED0044,Dispense,2025-12-16,16,9679.84,VND001
TXN010960,FAC003,MED0164,Dispense,2025-10-05,73,176673.87,VND022
TXN018947,FAC002,MED0146,Adjustment,2025-08-28,99,115190.46,VND004
TXN015383,FAC003,MED0087,Dispense,2025-11-19,98,171615.64,VND015
TXN008829,FAC001,MED0045,Purchase,2025-02-23,5,12321.2,VND026
TXN013301,FAC001,MED0057,Purchase,2025-04-20,63,139880.16,VND024
TXN002782,FAC005,MED0040,Dispense,2025-01-20,62,10522.02,VND017
TXN019926,FAC001,MED0142,Dispense,2025-01-10,10,11407.2,VND015
TXN012558,FAC003,MED0031,Dispense,2025-02-26,35,66179.05,VND015
TXN009454,FAC003,MED0160,Purchase,2025-08-20,77,48863.43,VND014
TXN005474,FAC002,MED0084,Dispense,2025-03-30,32,28979.2,VND015
TXN017396,FAC005,MED0046,Dispense,2025-09-25,71,42613.49,VND024
TXN013078,FAC005,MED0007,Dispense,2025-02-19,73,177725.8,VND028
TXN008374,FAC005,MED0053,Dispense,2025-01-15,40,26031.6,VND010
TXN017012,FAC001,MED0120,Dispense,2025-04-11,4,5748.04,VND020
TXN005175,FAC001,MED0071,Adjustment,2025-01-20,60,86049.0,VND021
TXN019307,FAC005,MED0118,Dispense,2025-04-28,91,88987.99,VND019
TXN017657,FAC001,MED0091,Dispense,2025-12-18,22,9676.7,VND001
TXN010425,FAC005,MED0020,Dispense,2025-12-24,97,4556.09,VND001
TXN014402,FAC002,MED0167,Purchase,2025-12-16,76,186299.56,VND028
TXN006947,FAC001,MED0013,Dispense,2025-01-31,16,7394.08,VND004
TXN023535,FAC004,MED0150,Dispense,2025-01-28,68,139927.68,VND003
TXN019048,FAC002,MED0086,Purchase,2025-07-13,55,12137.95,VND007
TXN012990,FAC003,MED0077,Purchase,2025-06-03,54,48807.9,VND022
TXN015233,FAC001,MED0133,Dispense,2025-04-23,21,17450.79,VND026
TXN019970,FAC002,MED0094,Dispense,2025-07-14,86,157144.36,VND022
TXN019894,FAC004,MED0161,Dispense,2025-01-11,90,197687.7,VND030
TXN005872,FAC003,MED0082,Adjustment,2025-08-01,29,33879.83,VND019
TXN023153,FAC005,MED0098,Dispense,2025-01-08,59,119110.97,VND016
TXN010802,FAC004,MED0073,Dispense,2025-07-10,31,43262.05,VND018
TXN012037,FAC001,MED0180,Dispense,2025-05-20,39,45094.14,VND005
TXN004985,FAC005,MED0116,Purchase,2025-09-13,48,12719.04,VND003
TXN001444,FAC004,MED0137,Dispense,2025-07-28,100,21457.0,VND017
TXN013236,FAC005,MED0019,Dispense,2025-10-24,4,5441.6,VND028
TXN011254,FAC002,MED0131,Dispense,2025-08-22,58,51082.92,VND004
TXN004253,FAC003,MED0141,Purchase,2025-09-03,10,13115.6,VND025
TXN020581,FAC002,MED0081,Dispense,2025-09-19,54,13078.8,VND002
TXN021465,FAC003,MED0110,Dispense,2025-08-29,69,20870.43,VND007
TXN008743,FAC005,MED0094,Adjustment,2025-03-11,4,7309.04,VND022
TXN024703,FAC002,MED0069,Purchase,2025-03-26,72,50735.52,VND029
TXN009528,FAC002,MED0148,Dispense,2025-10-19,37,3275.61,VND022
TXN009464,FAC004,MED0163,Dispense,2025-01-07,2,4159.56,VND022
TXN023167,FAC005,MED0023,Dispense,2025-12-28,74,66696.2,VND010
TXN005465,FAC004,MED0006,Dispense,2025-01-11,23,1505.81,VND012
TXN004107,FAC002,MED0146,Dispense,2025-06-23,20,23270.8,VND004
TXN004417,FAC004,MED0108,Dispense,2025-01-31,77,131673.85,VND018
TXN010550,FAC003,MED0068,Purchase,2025-01-11,78,9099.48,VND017
TXN012291,FAC003,MED0143,Dispense,2025-11-11,59,132967.71,VND003
TXN000777,FAC003,MED0131,Purchase,2025-05-05,24,21137.76,VND004
TXN016102,FAC002,MED0024,Purchase,2025-05-25,81,91370.43,VND008
TXN021706,FAC005,MED0027,Dispense,2025-06-18,20,38077.6,VND003
TXN019591,FAC003,MED0142,Dispense,2025-02-07,6,6844.32,VND015
TXN014802,FAC002,MED0039,Dispense,2025-06-18,67,157967.91,VND024
TXN013595,FAC003,MED0025,Dispense,2025-05-08,98,163413.04,VND024
TXN003234,FAC003,MED0100,Adjustment,2025-06-03,61,135274.21,VND005
TXN016090,FAC001,MED0104,Purchase,2025-01-01,70,100578.1,VND018
TXN021078,FAC002,MED0007,Purchase,2025-10-29,27,65734.2,VND028
TXN019270,FAC003,MED0111,Dispense,2025-03-24,95,208492.7,VND011
TXN009705,FAC004,MED0101,Dispense,2025-12-19,11,25675.32,VND026
TXN001175,FAC001,MED0026,Adjustment,2025-02-28,95,112552.2,VND003
TXN016106,FAC001,MED0155,Purchase,2025-08-20,91,190837.92,VND017
TXN013982,FAC003,MED0090,Dispense,2025-01-14,27,5657.58,VND021
TXN020618,FAC005,MED0047,Adjustment,2025-08-16,37,58710.12,VND002
TXN003534,FAC001,MED0069,Return,2025-04-20,46,32414.36,VND029
TXN010318,FAC004,MED0070,Adjustment,2025-03-27,39,92939.34,VND009
TXN014234,FAC002,MED0120,Dispense,2025-02-27,66,94842.66,VND020
TXN012987,FAC004,MED0083,Dispense,2025-08-11,55,4620.55,VND026
TXN006988,FAC004,MED0153,Purchase,2025-03-30,71,85560.68,VND001
TXN024370,FAC001,MED0070,Dispense,2025-04-08,46,109620.76,VND009
TXN007448,FAC001,MED0141,Dispense,2025-08-18,10,13115.6,VND025
TXN021241,FAC004,MED0089,Dispense,2025-03-03,54,100556.1,VND028
TXN023149,FAC003,MED0109,Dispense,2025-09-11,53,90448.74,VND026
TXN005677,FAC001,MED0073,Dispense,2025-09-09,43,60008.65,VND018
TXN001198,FAC005,MED0016,Dispense,2025-08-21,46,68906.62,VND004
TXN013679,FAC002,MED0046,Dispense,2025-02-17,30,18005.7,VND024
TXN013434,FAC001,MED0013,Dispense,2025-03-10,22,10166.86,VND004
TXN005195,FAC005,MED0166,Dispense,2025-03-04,57,91273.53,VND021
TXN021089,FAC005,MED0086,Dispense,2025-06-11,63,13903.47,VND007
TXN006439,FAC002,MED0107,Dispense,2025-01-21,100,54276.0,VND013
TXN017826,FAC005,MED0084,Adjustment,2025-05-20,37,33507.2,VND015
TXN005486,FAC001,MED0080,Dispense,2025-01-26,44,8130.32,VND001
TXN003835,FAC001,MED0177,Purchase,2025-02-26,98,163811.9,VND027
TXN019464,FAC005,MED0047,Dispense,2025-03-22,19,30148.44,VND002
TXN023110,FAC001,MED0146,Return,2025-03-24,24,27924.96,VND004
TXN007787,FAC004,MED0004,Purchase,2025-10-11,16,33319.2,VND024
TXN000555,FAC003,MED0039,Dispense,2025-05-21,92,216911.16,VND024
TXN023019,FAC003,MED0080,Dispense,2025-12-03,75,13858.5,VND001
TXN008673,FAC004,MED0179,Purchase,2025-12-18,20,8982.2,VND010
TXN011409,FAC003,MED0105,Dispense,2025-03-04,72,147818.16,VND019
TXN016135,FAC003,MED0019,Dispense,2025-01-12,76,103390.4,VND028
TXN011973,FAC003,MED0008,Return,2025-10-28,80,9900.0,VND025
TXN018151,FAC001,MED0036,Dispense,2025-10-14,37,39676.95,VND027
TXN012909,FAC002,MED0084,Dispense,2025-06-29,43,38940.8,VND015
TXN013827,FAC005,MED0073,Purchase,2025-11-08,51,71173.05,VND018
TXN001207,FAC004,MED0022,Dispense,2025-02-25,95,173345.55,VND008
TXN003920,FAC002,MED0145,Purchase,2025-02-15,87,135143.19,VND024
TXN013316,FAC002,MED0071,Dispense,2025-05-16,34,48761.1,VND021
TXN020323,FAC004,MED0158,Dispense,2025-10-01,49,71843.31,VND021
TXN008952,FAC003,MED0095,Dispense,2025-04-14,2,806.7,VND016
TXN023011,FAC002,MED0067,Adjustment,2025-04-04,84,48856.08,VND005
TXN013805,FAC003,MED0017,Purchase,2025-01-29,10,24032.4,VND025
TXN006499,FAC003,MED0011,Dispense,2025-09-06,31,53106.41,VND002
TXN022558,FAC001,MED0037,Purchase,2025-04-11,48,1215.36,VND003
TXN017205,FAC002,MED0030,Purchase,2025-05-24,16,20405.76,VND029
TXN020594,FAC005,MED0174,Dispense,2025-03-29,96,58218.24,VND011
TXN023763,FAC001,MED0001,Dispense,2025-05-04,39,71453.07,VND015
TXN022059,FAC004,MED0138,Dispense,2025-06-24,95,190651.7,VND006
TXN011336,FAC003,MED0124,Dispense,2025-09-07,9,16602.21,VND005
TXN008138,FAC005,MED0069,Purchase,2025-04-08,87,61305.42,VND029
TXN018064,FAC002,MED0171,Dispense,2025-11-21,8,2996.08,VND029
TXN006548,FAC004,MED0001,Purchase,2025-01-05,14,25649.82,VND015
TXN022654,FAC005,MED0003,Dispense,2025-11-13,83,147119.16,VND008
TXN023180,FAC001,MED0057,Purchase,2025-03-02,94,208710.08,VND024
TXN013182,FAC002,MED0106,Purchase,2025-08-13,24,39156.0,VND001
TXN020841,FAC002,MED0144,Dispense,2025-12-26,73,173479.39,VND010
TXN007734,FAC002,MED0123,Dispense,2025-11-27,98,121529.8,VND021
TXN014995,FAC004,MED0056,Dispense,2025-08-09,87,76406.01,VND009
TXN020497,FAC001,MED0103,Dispense,2025-12-20,96,140904.0,VND028
TXN012736,FAC001,MED0124,Dispense,2025-01-14,60,110681.4,VND005
TXN012257,FAC002,MED0112,Purchase,2025-11-06,73,51890.59,VND029
TXN021302,FAC003,MED0028,Purchase,2025-03-20,63,6851.88,VND007
TXN018471,FAC005,MED0156,Dispense,2025-03-12,19,799.33,VND001
TXN022146,FAC001,MED0136,Dispense,2025-04-29,59,86243.25,VND003
TXN001739,FAC005,MED0079,Purchase,2025-02-05,96,2008.32,VND026
TXN001573,FAC001,MED0113,Adjustment,2025-10-07,85,171583.55,VND024
TXN008888,FAC004,MED0151,Purchase,2025-08-04,57,131019.63,VND015
TXN006920,FAC003,MED0142,Purchase,2025-07-09,97,110649.84,VND015
TXN009576,FAC004,MED0028,Dispense,2025-12-09,20,2175.2,VND007
TXN024964,FAC003,MED0068,Adjustment,2025-02-26,47,5483.02,VND017
TXN000047,FAC005,MED0027,Dispense,2025-06-23,81,154214.28,VND003
TXN007094,FAC001,MED0009,Purchase,2025-05-23,86,14629.46,VND009
TXN015206,FAC005,MED0053,Dispense,2025-09-06,42,27333.18,VND010
TXN007647,FAC003,MED0081,Purchase,2025-01-24,10,2422.0,VND002
TXN008407,FAC001,MED0123,Dispense,2025-07-26,2,2480.2,VND021
TXN002623,FAC002,MED0045,Purchase,2025-05-11,74,182353.76,VND026
TXN014488,FAC001,MED0143,Adjustment,2025-01-27,12,27044.28,VND003
TXN017630,FAC005,MED0099,Dispense,2025-07-03,9,14645.16,VND030
TXN021409,FAC003,MED0089,Purchase,2025-01-23,72,134074.8,VND028
TXN019483,FAC001,MED0127,Dispense,2025-11-03,87,48951.42,VND013
TXN022938,FAC004,MED0003,Purchase,2025-08-01,91,161299.32,VND008
TXN010255,FAC003,MED0143,Dispense,2025-06-16,51,114938.19,VND003
TXN012523,FAC005,MED0023,Adjustment,2025-10-27,33,29742.9,VND010
TXN002898,FAC002,MED0049,Purchase,2025-04-21,21,17226.09,VND020
TXN020554,FAC002,MED0042,Purchase,2025-12-02,95,236965.15,VND017
TXN017385,FAC001,MED0103,Dispense,2025-04-05,35,51371.25,VND028
TXN005349,FAC003,MED0133,Dispense,2025-08-05,89,73958.11,VND026
TXN014461,FAC001,MED0032,Dispense,2025-08-27,85,34829.6,VND019
TXN000745,FAC001,MED0160,Dispense,2025-08-28,61,38709.99,VND014
TXN014764,FAC003,MED0128,Dispense,2025-06-13,5,1866.7,VND026
TXN006050,FAC003,MED0090,Dispense,2025-09-16,20,4190.8,VND021
TXN003799,FAC004,MED0013,Adjustment,2025-10-12,19,8780.47,VND004
TXN015108,FAC003,MED0167,Dispense,2025-09-16,100,245131.0,VND028
TXN011068,FAC001,MED0031,Purchase,2025-06-01,14,26471.62,VND015
TXN018050,FAC001,MED0034,Dispense,2025-12-27,48,22700.64,VND012
TXN003289,FAC002,MED0008,Adjustment,2025-01-03,22,2722.5,VND025
TXN020629,FAC005,MED0166,Purchase,2025-07-26,53,84868.37,VND021
TXN010765,FAC001,MED0140,Dispense,2025-11-30,46,8827.4,VND028
TXN002716,FAC003,MED0063,Purchase,2025-03-06,49,38008.81,VND017
TXN002214,FAC004,MED0102,Dispense,2025-01-04,3,4628.1,VND004
TXN021053,FAC005,MED0081,Dispense,2025-12-27,4,968.8,VND002
TXN004991,FAC005,MED0040,Dispense,2025-02-13,72,12219.12,VND017
TXN006291,FAC001,MED0132,Adjustment,2025-05-12,29,27548.55,VND029
TXN004741,FAC003,MED0067,Dispense,2025-07-20,79,45947.98,VND005
TXN014029,FAC003,MED0166,Purchase,2025-07-17,86,137710.94,VND021
TXN010176,FAC004,MED0043,Dispense,2025-08-13,69,71228.7,VND002
TXN012702,FAC005,MED0162,Dispense,2025-12-05,35,2214.8,VND008
TXN002166,FAC005,MED0001,Return,2025-01-24,5,9160.65,VND015
TXN015120,FAC002,MED0059,Dispense,2025-03-11,78,72986.94,VND003
TXN001291,FAC001,MED0139,Adjustment,2025-10-19,71,158239.83,VND015
TXN005129,FAC003,MED0042,Dispense,2025-01-25,5,12471.85,VND017
TXN013838,FAC003,MED0159,Dispense,2025-06-18,57,54127.2,VND010
TXN001585,FAC003,MED0118,Purchase,2025-09-25,77,75297.53,VND019
TXN013083,FAC002,MED0023,Adjustment,2025-01-04,59,53176.7,VND010
TXN013104,FAC002,MED0133,Dispense,2025-03-16,38,31577.62,VND026
TXN019344,FAC001,MED0159,Dispense,2025-03-13,95,90212.0,VND010
TXN017789,FAC004,MED0098,Dispense,2025-11-29,33,66621.39,VND016
TXN022187,FAC002,MED0043,Purchase,2025-03-15,30,30969.0,VND002
TXN011682,FAC003,MED0048,Dispense,2025-04-02,57,46020.66,VND009
TXN017607,FAC004,MED0168,Dispense,2025-04-20,47,65358.2,VND030
TXN022791,FAC004,MED0053,Dispense,2025-03-07,67,43602.93,VND010
TXN019550,FAC005,MED0137,Purchase,2025-10-07,4,858.28,VND017
TXN021965,FAC001,MED0101,Adjustment,2025-10-10,47,109703.64,VND026
TXN020488,FAC004,MED0058,Dispense,2025-07-31,76,149345.32,VND008
TXN016229,FAC002,MED0052,Dispense,2025-12-14,90,77214.6,VND011
TXN004635,FAC005,MED0063,Dispense,2025-02-27,86,66709.34,VND017
TXN012696,FAC004,MED0167,Dispense,2025-04-01,27,66185.37,VND028
TXN015787,FAC004,MED0018,Dispense,2025-12-17,99,205247.79,VND015
TXN006546,FAC005,MED0151,Dispense,2025-08-22,3,6895.77,VND015
TXN008114,FAC003,MED0178,Dispense,2025-05-01,36,3954.24,VND019
TXN008869,FAC003,MED0178,Dispense,2025-01-04,87,9556.08,VND019
TXN003423,FAC001,MED0168,Adjustment,2025-08-19,40,55624.0,VND030
TXN005263,FAC005,MED0072,Return,2025-02-10,38,36771.08,VND029
TXN018542,FAC005,MED0131,Purchase,2025-05-24,32,28183.68,VND004
TXN004157,FAC002,MED0025,Purchase,2025-06-16,7,11672.36,VND024
TXN010405,FAC005,MED0161,Dispense,2025-03-26,2,4393.06,VND030
TXN024867,FAC002,MED0020,Dispense,2025-04-13,32,1503.04,VND001
TXN005062,FAC004,MED0086,Dispense,2025-07-04,79,17434.51,VND007
TXN022200,FAC001,MED0138,Dispense,2025-12-22,7,14048.02,VND006
TXN015381,FAC004,MED0007,Dispense,2025-03-23,7,17042.2,VND028
TXN008658,FAC005,MED0137,Return,2025-06-29,86,18453.02,VND017
TXN008397,FAC001,MED0055,Dispense,2025-08-16,90,125934.3,VND012
TXN012488,FAC001,MED0158,Return,2025-08-14,96,140754.24,VND021
TXN022792,FAC005,MED0001,Dispense,2025-03-28,23,42138.99,VND015
TXN004425,FAC003,MED0004,Purchase,2025-12-19,56,116617.2,VND024
TXN010430,FAC004,MED0173,Dispense,2025-09-02,83,102554.8,VND006
TXN021015,FAC002,MED0044,Dispense,2025-01-03,18,10889.82,VND001
TXN024791,FAC002,MED0017,Dispense,2025-12-03,53,127371.72,VND025
TXN002239,FAC004,MED0002,Dispense,2025-07-31,45,11571.3,VND019
TXN005996,FAC001,MED0152,Dispense,2025-05-15,35,4223.8,VND027
TXN004529,FAC001,MED0009,Dispense,2025-11-07,92,15650.12,VND009
TXN013106,FAC002,MED0046,Dispense,2025-08-07,71,42613.49,VND024
TXN023592,FAC004,MED0163,Dispense,2025-07-27,53,110228.34,VND022
TXN004204,FAC003,MED0097,Purchase,2025-08-07,17,29945.84,VND030
TXN002572,FAC004,MED0109,Dispense,2025-05-06,69,117754.02,VND026
TXN001449,FAC004,MED0108,Adjustment,2025-03-04,5,8550.25,VND018
TXN021867,FAC001,MED0091,Dispense,2025-02-08,27,11875.95,VND001
TXN001339,FAC005,MED0024,Purchase,2025-05-17,27,30456.81,VND008
TXN023198,FAC005,MED0022,Dispense,2025-07-29,9,16422.21,VND008
TXN016061,FAC004,MED0098,Dispense,2025-11-07,10,20188.3,VND016
TXN007579,FAC003,MED0030,Dispense,2025-09-09,6,7652.16,VND029
TXN023472,FAC002,MED0022,Dispense,2025-10-12,20,36493.8,VND008
TXN008424,FAC001,MED0074,Dispense,2025-05-25,3,550.44,VND008
TXN017390,FAC001,MED0041,Dispense,2025-10-03,58,101105.02,VND030
TXN000881,FAC004,MED0177,Dispense,2025-01-05,33,55161.15,VND027
TXN018800,FAC001,MED0053,Dispense,2025-12-01,88,57269.52,VND010
TXN004707,FAC002,MED0139,Purchase,2025-02-16,81,180527.13,VND015
TXN003712,FAC002,MED0133,Dispense,2025-09-19,70,58169.3,VND026
TXN011190,FAC002,MED0061,Dispense,2025-12-28,99,161636.31,VND003
TXN013550,FAC005,MED0119,Dispense,2025-10-05,34,8006.66,VND019
TXN020635,FAC004,MED0107,Dispense,2025-09-23,88,47762.88,VND013
TXN024398,FAC003,MED0153,Dispense,2025-02-25,28,33742.24,VND001
TXN002677,FAC003,MED0146,Dispense,2025-01-18,86,100064.44,VND004
TXN022384,FAC004,MED0153,Purchase,2025-06-13,33,39767.64,VND001
TXN009819,FAC003,MED0118,Purchase,2025-08-25,41,40093.49,VND019
TXN012968,FAC003,MED0174,Dispense,2025-01-03,89,53973.16,VND011
TXN001808,FAC003,MED0010,Dispense,2025-05-20,67,135509.51,VND014
TXN002513,FAC002,MED0151,Purchase,2025-06-26,70,160901.3,VND015
TXN010575,FAC005,MED0113,Dispense,2025-06-02,99,199844.37,VND024
TXN024568,FAC004,MED0087,Dispense,2025-11-06,44,77051.92,VND015
TXN012234,FAC004,MED0161,Purchase,2025-09-11,99,217456.47,VND030
TXN012093,FAC001,MED0016,Adjustment,2025-01-14,67,100363.99,VND004
TXN017690,FAC003,MED0048,Dispense,2025-10-08,27,21799.26,VND009
TXN015543,FAC004,MED0079,Dispense,2025-02-16,45,941.4,VND026
TXN022071,FAC001,MED0034,Purchase,2025-11-01,81,38307.33,VND012
TXN012406,FAC003,MED0063,Dispense,2025-03-17,87,67485.03,VND017
TXN021249,FAC003,MED0026,Dispense,2025-11-12,17,20140.92,VND003
TXN014685,FAC004,MED0069,Dispense,2025-07-24,15,10569.9,VND029
TXN018769,FAC003,MED0052,Dispense,2025-08-09,29,24880.26,VND011
TXN017671,FAC001,MED0165,Dispense,2025-09-13,58,69847.66,VND016
TXN022998,FAC002,MED0079,Dispense,2025-07-10,22,460.24,VND026
TXN021663,FAC001,MED0163,Dispense,2025-11-12,28,58233.84,VND022
TXN004149,FAC001,MED0085,Purchase,2025-02-16,13,25048.66,VND008
TXN020997,FAC002,MED0017,Return,2025-08-31,5,12016.2,VND025
TXN013102,FAC004,MED0104,Dispense,2025-06-05,42,60346.86,VND018
TXN018969,FAC003,MED0076,Dispense,2025-02-23,32,59328.0,VND026
TXN014203,FAC003,MED0105,Dispense,2025-05-13,25,51325.75,VND019
TXN000345,FAC002,MED0165,Adjustment,2025-11-29,28,33719.56,VND016
TXN019045,FAC002,MED0033,Dispense,2025-01-21,83,131674.52,VND030
TXN004746,FAC001,MED0139,Dispense,2025-04-16,16,35659.68,VND015
TXN014906,FAC002,MED0097,Dispense,2025-04-28,25,44038.0,VND030
TXN003495,FAC004,MED0173,Dispense,2025-03-03,1,1235.6,VND006
TXN015116,FAC001,MED0082,Dispense,2025-03-16,96,112153.92,VND019
TXN024535,FAC001,MED0040,Adjustment,2025-07-10,12,2036.52,VND017
TXN019294,FAC003,MED0044,Purchase,2025-02-07,66,39929.34,VND001
TXN015474,FAC001,MED0113,Dispense,2025-01-14,24,48447.12,VND024
TXN023869,FAC001,MED0010,Dispense,2025-03-21,82,165847.46,VND014
TXN012288,FAC001,MED0088,Purchase,2025-12-17,66,85444.92,VND018
TXN021931,FAC004,MED0132,Dispense,2025-10-12,15,14249.25,VND029
TXN001720,FAC004,MED0093,Dispense,2025-06-06,22,52525.44,VND001
TXN016395,FAC002,MED0038,Dispense,2025-10-13,37,20775.13,VND030
TXN010115,FAC002,MED0033,Dispense,2025-11-15,82,130088.08,VND030
TXN022107,FAC002,MED0160,Purchase,2025-08-01,85,53940.15,VND014
TXN012349,FAC003,MED0133,Dispense,2025-11-09,7,5816.93,VND026
TXN007629,FAC004,MED0139,Purchase,2025-05-23,2,4457.46,VND015
TXN011130,FAC004,MED0065,Dispense,2025-04-24,72,160630.56,VND019
TXN001979,FAC005,MED0170,Adjustment,2025-09-17,19,29606.56,VND030
TXN010498,FAC003,MED0178,Purchase,2025-10-05,66,7249.44,VND019
TXN001705,FAC001,MED0100,Dispense,2025-05-19,24,53222.64,VND005
TXN001663,FAC001,MED0117,Dispense,2025-10-20,45,93038.85,VND020
TXN018927,FAC001,MED0087,Dispense,2025-11-29,28,49033.04,VND015
TXN023352,FAC004,MED0135,Dispense,2025-10-21,86,25875.68,VND008
TXN017098,FAC001,MED0180,Purchase,2025-06-03,56,64750.56,VND005
TXN019543,FAC004,MED0108,Purchase,2025-04-21,48,82082.4,VND018
TXN008055,FAC002,MED0092,Adjustment,2025-07-27,18,4354.74,VND030
TXN011445,FAC004,MED0052,Dispense,2025-02-05,78,66919.32,VND011
TXN010953,FAC001,MED0054,Dispense,2025-05-03,73,96935.97,VND020
TXN018657,FAC003,MED0051,Dispense,2025-03-27,24,41515.68,VND009
TXN009842,FAC002,MED0174,Dispense,2025-04-27,47,28502.68,VND011
TXN004789,FAC002,MED0059,Dispense,2025-10-27,54,50529.42,VND003
TXN012095,FAC003,MED0156,Dispense,2025-05-01,59,2482.13,VND001
TXN016156,FAC005,MED0112,Purchase,2025-06-07,73,51890.59,VND029
TXN022457,FAC001,MED0052,Dispense,2025-12-22,83,71209.02,VND011
TXN007154,FAC003,MED0062,Dispense,2025-03-22,12,7190.64,VND004
TXN005655,FAC005,MED0106,Purchase,2025-05-30,94,153361.0,VND001
TXN000721,FAC004,MED0070,Purchase,2025-04-15,58,138217.48,VND009
TXN012587,FAC005,MED0120,Dispense,2025-02-03,20,28740.2,VND020
TXN011808,FAC003,MED0009,Purchase,2025-12-30,15,2551.65,VND009
TXN024476,FAC002,MED0153,Dispense,2025-03-19,48,57843.84,VND001
TXN004808,FAC002,MED0041,Dispense,2025-09-08,65,113307.35,VND030
TXN014541,FAC005,MED0179,Dispense,2025-02-21,13,5838.43,VND010
TXN006085,FAC005,MED0018,Purchase,2025-06-27,18,37317.78,VND015
TXN010019,FAC004,MED0130,Dispense,2025-08-30,26,15543.32,VND020
TXN001329,FAC001,MED0107,Dispense,2025-06-20,48,26052.48,VND013
TXN011452,FAC005,MED0114,Dispense,2025-01-12,54,34076.16,VND018
TXN018095,FAC004,MED0165,Purchase,2025-02-23,97,116814.19,VND016
TXN022807,FAC005,MED0023,Purchase,2025-09-20,43,38755.9,VND010
TXN010036,FAC001,MED0057,Adjustment,2025-05-30,31,68829.92,VND024
TXN006809,FAC004,MED0124,Return,2025-01-07,77,142041.13,VND005
TXN016342,FAC001,MED0007,Return,2025-05-03,13,31649.8,VND028
TXN016120,FAC005,MED0147,Adjustment,2025-04-05,80,16136.8,VND028
TXN022667,FAC005,MED0172,Adjustment,2025-03-14,45,29319.75,VND017
TXN009656,FAC004,MED0119,Purchase,2025-04-25,68,16013.32,VND019
TXN017111,FAC002,MED0005,Dispense,2025-10-11,64,98992.64,VND021
TXN023023,FAC005,MED0067,Purchase,2025-11-08,44,25591.28,VND005
TXN020141,FAC002,MED0086,Dispense,2025-11-13,59,13020.71,VND007
TXN003700,FAC004,MED0155,Dispense,2025-01-19,73,153089.76,VND017
TXN023382,FAC003,MED0021,Purchase,2025-04-21,65,1414.4,VND008
TXN021548,FAC002,MED0051,Dispense,2025-03-01,72,124547.04,VND009
TXN022756,FAC003,MED0073,Dispense,2025-09-19,8,11164.4,VND018
TXN021360,FAC005,MED0106,Dispense,2025-03-01,64,104416.0,VND001
TXN012171,FAC003,MED0026,Dispense,2025-01-01,63,74639.88,VND003
TXN003980,FAC004,MED0147,Dispense,2025-10-22,91,18355.61,VND028
TXN019395,FAC004,MED0020,Dispense,2025-01-31,61,2865.17,VND001
TXN011444,FAC003,MED0073,Dispense,2025-02-08,92,128390.6,VND018
TXN019446,FAC004,MED0049,Purchase,2025-02-07,61,50037.69,VND020
TXN007659,FAC003,MED0123,Adjustment,2025-05-18,82,101688.2,VND021
TXN018647,FAC002,MED0163,Dispense,2025-03-15,80,166382.4,VND022
TXN003449,FAC005,MED0046,Purchase,2025-01-22,30,18005.7,VND024
TXN016416,FAC002,MED0074,Purchase,2025-07-25,51,9357.48,VND008
TXN006536,FAC003,MED0043,Dispense,2025-03-31,46,47485.8,VND002
TXN012348,FAC001,MED0052,Dispense,2025-05-29,50,42897.0,VND011
TXN010799,FAC005,MED0130,Adjustment,2025-08-24,65,38858.3,VND020
TXN015557,FAC005,MED0005,Dispense,2025-08-25,41,63417.16,VND021
TXN003411,FAC002,MED0064,Dispense,2025-01-04,4,2675.52,VND022
TXN012122,FAC003,MED0066,Dispense,2025-04-26,100,126057.0,VND021
TXN009580,FAC001,MED0026,Dispense,2025-01-09,98,116106.48,VND003
TXN003166,FAC001,MED0079,Dispense,2025-03-11,95,1987.4,VND026
TXN010480,FAC005,MED0171,Return,2025-04-13,65,24343.15,VND029
TXN018776,FAC001,MED0048,Dispense,2025-03-31,40,32295.2,VND009
TXN018970,FAC002,MED0125,Dispense,2025-01-17,8,19375.04,VND018
TXN003848,FAC005,MED0052,Dispense,2025-09-17,14,12011.16,VND011
TXN007783,FAC004,MED0055,Dispense,2025-10-31,52,72762.04,VND012
TXN014443,FAC002,MED0073,Purchase,2025-06-24,73,101875.15,VND018
TXN013241,FAC002,MED0094,Dispense,2025-10-24,85,155317.1,VND022
TXN002075,FAC001,MED0140,Purchase,2025-12-04,35,6716.5,VND028
TXN020136,FAC002,MED0005,Dispense,2025-11-07,10,15467.6,VND021
TXN011397,FAC005,MED0125,Dispense,2025-06-18,12,29062.56,VND018
TXN018284,FAC001,MED0132,Dispense,2025-01-25,100,94995.0,VND029
TXN004511,FAC003,MED0146,Dispense,2025-01-27,55,63994.7,VND004
TXN010865,FAC003,MED0174,Dispense,2025-05-12,75,45483.0,VND011
TXN004058,FAC001,MED0063,Purchase,2025-05-07,12,9308.28,VND017
TXN006926,FAC001,MED0126,Purchase,2025-08-22,74,160449.76,VND012
TXN013428,FAC001,MED0007,Purchase,2025-07-29,46,111991.6,VND028
TXN017312,FAC003,MED0026,Purchase,2025-05-02,55,65161.8,VND003
TXN024682,FAC004,MED0093,Adjustment,2025-01-22,11,26262.72,VND001
TXN006481,FAC003,MED0029,Adjustment,2025-07-26,27,13788.36,VND013
TXN002222,FAC003,MED0168,Purchase,2025-03-25,13,18077.8,VND030
TXN003659,FAC003,MED0092,Adjustment,2025-02-25,88,21289.84,VND030
TXN000258,FAC003,MED0002,Dispense,2025-08-08,14,3599.96,VND019
TXN020498,FAC004,MED0170,Dispense,2025-10-18,86,134008.64,VND030
TXN003395,FAC003,MED0108,Dispense,2025-04-13,15,25650.75,VND018
TXN018674,FAC002,MED0152,Purchase,2025-09-29,2,241.36,VND027
TXN002203,FAC003,MED0117,Dispense,2025-11-17,87,179875.11,VND020
TXN020293,FAC003,MED0022,Dispense,2025-03-28,3,5474.07,VND008
TXN013801,FAC003,MED0085,Dispense,2025-06-28,13,25048.66,VND008
TXN021384,FAC001,MED0140,Purchase,2025-11-17,55,10554.5,VND028
TXN012839,FAC002,MED0101,Purchase,2025-10-29,57,133044.84,VND026
TXN004668,FAC004,MED0126,Dispense,2025-02-05,33,71551.92,VND012
TXN008391,FAC005,MED0180,Dispense,2025-09-02,63,72844.38,VND005
TXN011837,FAC004,MED0092,Dispense,2025-03-06,25,6048.25,VND030
TXN014187,FAC001,MED0014,Purchase,2025-01-03,67,35254.73,VND006
TXN012527,FAC003,MED0148,Purchase,2025-07-29,44,3895.32,VND022
TXN016276,FAC004,MED0155,Adjustment,2025-09-21,93,195032.16,VND017
TXN014602,FAC003,MED0020,Purchase,2025-07-08,86,4039.42,VND001
TXN020791,FAC004,MED0170,Dispense,2025-07-02,57,88819.68,VND030
TXN014803,FAC002,MED0142,Dispense,2025-06-11,86,98101.92,VND015
TXN017666,FAC003,MED0010,Dispense,2025-11-29,3,6067.59,VND014
TXN005346,FAC002,MED0144,Dispense,2025-05-01,95,225760.85,VND010
TXN010711,FAC005,MED0157,Purchase,2025-01-02,44,58941.96,VND017
TXN020413,FAC001,MED0085,Purchase,2025-09-23,82,157999.24,VND008
TXN019205,FAC003,MED0122,Dispense,2025-05-18,38,75263.18,VND021
TXN022316,FAC005,MED0053,Dispense,2025-10-21,53,34491.87,VND010
TXN000485,FAC004,MED0150,Dispense,2025-03-24,20,41155.2,VND003
TXN008451,FAC004,MED0037,Dispense,2025-12-09,21,531.72,VND003
TXN000360,FAC002,MED0006,Dispense,2025-04-24,29,1898.63,VND012
TXN003734,FAC004,MED0083,Dispense,2025-10-11,36,3024.36,VND026
TXN000844,FAC001,MED0133,Dispense,2025-01-11,12,9971.88,VND026
TXN010919,FAC004,MED0056,Dispense,2025-04-16,99,86944.77,VND009
TXN011370,FAC001,MED0113,Purchase,2025-03-31,72,145341.36,VND024
TXN018306,FAC004,MED0140,Return,2025-01-29,15,2878.5,VND028
TXN004323,FAC004,MED0063,Dispense,2025-01-16,76,58952.44,VND017
TXN017041,FAC005,MED0171,Purchase,2025-06-15,89,33331.39,VND029
TXN012382,FAC003,MED0068,Dispense,2025-07-07,56,6532.96,VND017
TXN015552,FAC004,MED0019,Dispense,2025-02-13,60,81624.0,VND028
TXN005048,FAC001,MED0179,Adjustment,2025-05-25,38,17066.18,VND010
TXN002528,FAC003,MED0085,Dispense,2025-08-18,98,188828.36,VND008
TXN021526,FAC003,MED0021,Dispense,2025-06-05,97,2110.72,VND008
TXN017116,FAC002,MED0079,Purchase,2025-07-06,96,2008.32,VND026
TXN012188,FAC003,MED0174,Purchase,2025-04-09,28,16980.32,VND011
TXN024819,FAC003,MED0109,Dispense,2025-07-18,86,146765.88,VND026
TXN001924,FAC005,MED0140,Dispense,2025-09-03,51,9786.9,VND028
TXN009052,FAC002,MED0145,Purchase,2025-09-24,63,97862.31,VND024
TXN023399,FAC004,MED0099,Dispense,2025-01-24,100,162724.0,VND030
TXN005854,FAC002,MED0101,Purchase,2025-08-05,56,130710.72,VND026
TXN002451,FAC002,MED0054,Dispense,2025-07-24,75,99591.75,VND020
TXN009990,FAC004,MED0141,Dispense,2025-12-22,75,98367.0,VND025
TXN008618,FAC002,MED0134,Dispense,2025-01-27,68,79961.2,VND018
TXN019808,FAC004,MED0162,Dispense,2025-11-01,69,4366.32,VND008
TXN020399,FAC005,MED0066,Return,2025-09-03,55,69331.35,VND021
TXN006189,FAC001,MED0080,Dispense,2025-03-11,68,12565.04,VND001
TXN007470,FAC004,MED0037,Dispense,2025-11-04,22,557.04,VND003
TXN004703,FAC003,MED0079,Dispense,2025-11-02,22,460.24,VND026
TXN004227,FAC002,MED0099,Dispense,2025-04-15,19,30917.56,VND030
TXN020168,FAC001,MED0084,Dispense,2025-01-28,66,59769.6,VND015
TXN001490,FAC004,MED0059,Dispense,2025-11-08,79,73922.67,VND003
TXN000739,FAC004,MED0051,Dispense,2025-05-02,91,157413.62,VND009
TXN023959,FAC002,MED0092,Adjustment,2025-03-07,74,17902.82,VND030
TXN023813,FAC001,MED0117,Dispense,2025-06-15,67,138524.51,VND020
TXN016658,FAC002,MED0133,Purchase,2025-02-28,56,46535.44,VND026
TXN020438,FAC003,MED0111,Adjustment,2025-05-02,46,100954.36,VND011
TXN005287,FAC003,MED0136,Purchase,2025-12-17,3,4385.25,VND003
TXN019378,FAC002,MED0103,Dispense,2025-12-19,28,41097.0,VND028
TXN015069,FAC001,MED0164,Purchase,2025-09-17,98,237178.62,VND022
TXN003567,FAC002,MED0102,Dispense,2025-08-01,16,24683.2,VND004
TXN011199,FAC001,MED0079,Purchase,2025-05-26,100,2092.0,VND026
TXN004116,FAC004,MED0075,Purchase,2025-07-03,67,23925.03,VND023
TXN020153,FAC005,MED0150,Purchase,2025-04-04,5,10288.8,VND003
TXN012222,FAC005,MED0129,Dispense,2025-01-28,14,20392.54,VND019
TXN009792,FAC002,MED0117,Dispense,2025-07-07,57,117849.21,VND020
TXN017680,FAC005,MED0050,Dispense,2025-10-29,61,123542.08,VND003
TXN006979,FAC004,MED0044,Dispense,2025-07-29,96,58079.04,VND001
TXN000767,FAC005,MED0179,Return,2025-02-07,33,14820.63,VND010
TXN004852,FAC002,MED0163,Dispense,2025-07-07,86,178861.08,VND022
TXN000804,FAC003,MED0046,Dispense,2025-03-08,52,31209.88,VND024
TXN007758,FAC004,MED0044,Dispense,2025-07-24,76,45979.24,VND001
TXN022452,FAC004,MED0018,Dispense,2025-09-06,29,60123.09,VND015
TXN017914,FAC005,MED0158,Purchase,2025-03-20,88,129024.72,VND021
TXN000335,FAC003,MED0097,Dispense,2025-10-28,88,155013.76,VND030
TXN006308,FAC001,MED0081,Adjustment,2025-03-31,4,968.8,VND002
TXN003129,FAC005,MED0057,Dispense,2025-07-10,86,190947.52,VND024
TXN023968,FAC005,MED0131,Purchase,2025-05-01,33,29064.42,VND004
TXN014361,FAC002,MED0169,Dispense,2025-05-15,75,102918.0,VND020
TXN014844,FAC002,MED0178,Return,2025-04-12,100,10984.0,VND019
TXN013067,FAC003,MED0021,Purchase,2025-07-05,44,957.44,VND008
TXN007975,FAC003,MED0090,Dispense,2025-03-31,8,1676.32,VND021
TXN013701,FAC001,MED0045,Purchase,2025-09-27,2,4928.48,VND026
TXN022319,FAC002,MED0145,Dispense,2025-11-07,20,31067.4,VND024
TXN016220,FAC001,MED0122,Return,2025-01-09,53,104972.33,VND021
TXN023068,FAC005,MED0002,Adjustment,2025-03-24,14,3599.96,VND019
TXN015415,FAC001,MED0112,Purchase,2025-02-15,79,56155.57,VND029
TXN003690,FAC004,MED0166,Return,2025-08-09,4,6405.16,VND021
TXN006405,FAC001,MED0020,Dispense,2025-05-18,75,3522.75,VND001
TXN013776,FAC003,MED0019,Adjustment,2025-02-22,74,100669.6,VND028
TXN001062,FAC005,MED0050,Dispense,2025-06-15,92,186325.76,VND003
TXN003370,FAC001,MED0048,Dispense,2025-02-24,27,21799.26,VND009
TXN020522,FAC004,MED0163,Purchase,2025-09-27,46,95669.88,VND022
TXN017584,FAC001,MED0098,Purchase,2025-05-19,45,90847.35,VND016
TXN006286,FAC004,MED0106,Dispense,2025-06-25,63,102784.5,VND001
TXN017784,FAC003,MED0150,Dispense,2025-10-18,46,94656.96,VND003
TXN014887,FAC004,MED0053,Purchase,2025-12-23,61,39698.19,VND010
TXN008289,FAC001,MED0040,Dispense,2025-06-28,75,12728.25,VND017
TXN017871,FAC004,MED0051,Purchase,2025-06-10,54,93410.28,VND009
TXN014433,FAC001,MED0137,Dispense,2025-11-23,47,10084.79,VND017
TXN020795,FAC001,MED0102,Dispense,2025-02-18,87,134214.9,VND004
TXN008181,FAC004,MED0072,Purchase,2025-04-21,11,10644.26,VND029
TXN018530,FAC001,MED0035,Dispense,2025-04-07,12,9605.52,VND025
TXN001013,FAC004,MED0027,Dispense,2025-09-10,17,32365.96,VND003
TXN003214,FAC001,MED0126,Purchase,2025-04-17,43,93234.32,VND012
TXN021108,FAC004,MED0102,Dispense,2025-11-21,49,75592.3,VND004
TXN016262,FAC001,MED0156,Dispense,2025-03-09,86,3618.02,VND001
TXN004414,FAC003,MED0088,Adjustment,2025-08-14,86,111337.32,VND018
TXN001699,FAC001,MED0034,Purchase,2025-02-25,89,42090.77,VND012
TXN008461,FAC003,MED0021,Purchase,2025-07-14,5,108.8,VND008
TXN013626,FAC001,MED0067,Purchase,2025-02-27,71,41295.02,VND005
TXN020408,FAC002,MED0137,Purchase,2025-09-06,14,3003.98,VND017
TXN003255,FAC004,MED0136,Dispense,2025-08-18,75,109631.25,VND003
TXN002924,FAC005,MED0039,Adjustment,2025-02-12,35,82520.55,VND024
TXN020248,FAC004,MED0035,Purchase,2025-08-19,69,55231.74,VND025
TXN011051,FAC004,MED0023,Purchase,2025-02-23,2,1802.6,VND010
TXN013642,FAC005,MED0149,Dispense,2025-03-23,25,37753.25,VND020
TXN013682,FAC004,MED0023,Dispense,2025-11-29,18,16223.4,VND010
TXN017498,FAC002,MED0113,Adjustment,2025-05-09,26,52484.38,VND024
TXN018732,FAC004,MED0102,Purchase,2025-09-03,62,95647.4,VND004
TXN016817,FAC002,MED0022,Dispense,2025-06-12,61,111306.09,VND008
TXN022042,FAC003,MED0090,Dispense,2025-03-26,60,12572.4,VND021
TXN019169,FAC001,MED0070,Dispense,2025-02-24,3,7149.18,VND009
TXN002054,FAC002,MED0128,Adjustment,2025-08-23,1,373.34,VND026
TXN007919,FAC005,MED0054,Purchase,2025-12-25,73,96935.97,VND020
TXN019772,FAC004,MED0058,Dispense,2025-06-01,24,47161.68,VND008
TXN013421,FAC002,MED0009,Dispense,2025-03-09,8,1360.88,VND009
TXN004422,FAC001,MED0176,Dispense,2025-10-14,36,62772.48,VND008
TXN015179,FAC002,MED0135,Dispense,2025-08-31,85,25574.8,VND008
TXN011433,FAC004,MED0006,Purchase,2025-08-28,98,6416.06,VND012
TXN016948,FAC003,MED0056,Purchase,2025-02-20,56,49180.88,VND009
TXN017780,FAC002,MED0111,Dispense,2025-01-30,34,74618.44,VND011
TXN007347,FAC001,MED0121,Dispense,2025-07-06,10,8270.3,VND012
TXN002546,FAC001,MED0005,Dispense,2025-10-11,58,89712.08,VND021
TXN010286,FAC005,MED0102,Dispense,2025-04-12,78,120330.6,VND004
TXN012321,FAC001,MED0146,Dispense,2025-12-11,17,19780.18,VND004
TXN005654,FAC003,MED0133,Dispense,2025-05-30,1,830.99,VND026
TXN000102,FAC002,MED0116,Return,2025-01-27,44,11659.12,VND003
TXN011214,FAC001,MED0004,Dispense,2025-04-01,49,102040.05,VND024
TXN023991,FAC005,MED0051,Dispense,2025-09-02,48,83031.36,VND009
TXN000134,FAC002,MED0177,Dispense,2025-05-14,92,153782.6,VND027
TXN016225,FAC005,MED0090,Dispense,2025-11-28,52,10896.08,VND021
TXN021202,FAC003,MED0061,Dispense,2025-11-27,95,155105.55,VND003
TXN019930,FAC002,MED0047,Purchase,2025-03-04,76,120593.76,VND002
TXN000223,FAC004,MED0006,Dispense,2025-12-31,19,1243.93,VND012
TXN001828,FAC002,MED0131,Dispense,2025-04-18,62,54605.88,VND004
TXN018617,FAC003,MED0023,Purchase,2025-04-30,43,38755.9,VND010
TXN015937,FAC004,MED0087,Dispense,2025-04-02,12,21014.16,VND015
TXN017424,FAC005,MED0070,Dispense,2025-03-06,38,90556.28,VND009
TXN018259,FAC001,MED0043,Purchase,2025-09-25,48,49550.4,VND002
TXN023024,FAC005,MED0050,Dispense,2025-06-14,92,186325.76,VND003
TXN013812,FAC003,MED0003,Dispense,2025-09-06,38,67355.76,VND008
TXN022435,FAC003,MED0006,Dispense,2025-02-20,5,327.35,VND012
TXN019358,FAC005,MED0023,Dispense,2025-08-08,43,38755.9,VND010
TXN001944,FAC003,MED0142,Dispense,2025-07-09,6,6844.32,VND015
TXN008879,FAC003,MED0050,Dispense,2025-03-21,24,48606.72,VND003
TXN015866,FAC002,MED0110,Adjustment,2025-08-02,34,10283.98,VND007
TXN011763,FAC002,MED0100,Dispense,2025-06-29,34,75398.74,VND005
TXN023860,FAC004,MED0101,Dispense,2025-06-27,12,28009.44,VND026
TXN004287,FAC005,MED0046,Dispense,2025-03-31,18,10803.42,VND024
TXN000625,FAC001,MED0149,Purchase,2025-11-03,97,146482.61,VND020
TXN014791,FAC003,MED0017,Dispense,2025-10-21,82,197065.68,VND025
TXN021586,FAC001,MED0168,Dispense,2025-08-10,11,15296.6,VND030
TXN007730,FAC002,MED0012,Dispense,2025-11-05,67,139649.44,VND029
TXN013061,FAC005,MED0050,Dispense,2025-10-04,57,115440.96,VND003
TXN003902,FAC005,MED0008,Adjustment,2025-07-01,43,5321.25,VND025
TXN011933,FAC002,MED0107,Dispense,2025-12-15,39,21167.64,VND013
TXN015491,FAC004,MED0108,Adjustment,2025-06-28,87,148774.35,VND018
TXN024361,FAC004,MED0075,Return,2025-12-18,29,10355.61,VND023
TXN017942,FAC002,MED0066,Dispense,2025-01-14,67,84458.19,VND021
TXN023637,FAC004,MED0140,Purchase,2025-10-04,87,16695.3,VND028
TXN013537,FAC002,MED0092,Purchase,2025-07-27,95,22983.35,VND030
TXN007327,FAC002,MED0166,Dispense,2025-05-21,73,116894.17,VND021
TXN019287,FAC001,MED0143,Dispense,2025-03-13,25,56342.25,VND003
TXN017394,FAC002,MED0161,Purchase,2025-07-12,75,164739.75,VND030
TXN022527,FAC002,MED0048,Dispense,2025-05-12,29,23414.02,VND009
TXN022034,FAC003,MED0075,Purchase,2025-05-13,64,22853.76,VND023
TXN002013,FAC001,MED0159,Return,2025-09-17,91,86413.6,VND010
TXN019606,FAC001,MED0007,Dispense,2025-01-30,52,126599.2,VND028
TXN021199,FAC003,MED0107,Dispense,2025-01-16,48,26052.48,VND013
TXN017270,FAC001,MED0144,Purchase,2025-06-21,83,197243.69,VND010
TXN019807,FAC005,MED0073,Dispense,2025-05-25,26,36284.3,VND018
TXN013474,FAC005,MED0071,Purchase,2025-07-18,71,101824.65,VND021
TXN020321,FAC004,MED0178,Dispense,2025-01-06,61,6700.24,VND019
TXN013064,FAC003,MED0176,Dispense,2025-02-08,7,12205.76,VND008
TXN011510,FAC002,MED0030,Purchase,2025-01-31,5,6376.8,VND029
TXN004775,FAC004,MED0179,Dispense,2025-05-29,27,12125.97,VND010
TXN002448,FAC004,MED0133,Dispense,2025-11-21,35,29084.65,VND026
TXN015905,FAC005,MED0065,Dispense,2025-02-23,50,111549.0,VND019
TXN017955,FAC003,MED0054,Dispense,2025-09-05,83,110214.87,VND020
TXN001499,FAC001,MED0038,Dispense,2025-02-04,98,55026.02,VND030
TXN008910,FAC002,MED0036,Dispense,2025-10-27,71,76136.85,VND027
TXN013602,FAC004,MED0057,Dispense,2025-07-05,28,62168.96,VND024
TXN012627,FAC004,MED0059,Dispense,2025-07-30,82,76729.86,VND003
TXN006418,FAC003,MED0024,Purchase,2025-05-04,12,13536.36,VND008
TXN002734,FAC002,MED0018,Dispense,2025-09-18,67,138905.07,VND015
TXN008705,FAC005,MED0155,Dispense,2025-07-06,33,69204.96,VND017
TXN011667,FAC001,MED0059,Dispense,2025-11-10,76,71115.48,VND003
TXN014302,FAC001,MED0101,Dispense,2025-06-14,27,63021.24,VND026
TXN010689,FAC001,MED0031,Adjustment,2025-11-26,58,109668.14,VND015
TXN024836,FAC001,MED0068,Dispense,2025-05-24,31,3616.46,VND017
TXN001599,FAC001,MED0112,Dispense,2025-11-16,36,25589.88,VND029
TXN018584,FAC005,MED0104,Return,2025-12-14,10,14368.3,VND018
TXN016570,FAC002,MED0162,Purchase,2025-02-18,4,253.12,VND008
TXN018799,FAC004,MED0038,Dispense,2025-02-19,31,17406.19,VND030
TXN013875,FAC001,MED0115,Dispense,2025-08-21,100,60258.0,VND005
TXN002486,FAC004,MED0060,Dispense,2025-05-12,99,70837.47,VND029
TXN024487,FAC005,MED0041,Purchase,2025-04-17,11,19175.09,VND030
TXN009346,FAC002,MED0016,Dispense,2025-04-07,90,134817.3,VND004
TXN003329,FAC001,MED0152,Dispense,2025-11-22,68,8206.24,VND027
TXN018806,FAC001,MED0020,Adjustment,2025-06-03,13,610.61,VND001
TXN007871,FAC005,MED0090,Return,2025-05-03,31,6495.74,VND021
TXN023347,FAC002,MED0078,Dispense,2025-05-02,57,36848.79,VND003
TXN005565,FAC003,MED0063,Dispense,2025-09-06,31,24046.39,VND017
TXN003520,FAC002,MED0035,Purchase,2025-03-30,62,49628.52,VND025
TXN000830,FAC005,MED0160,Return,2025-03-28,90,57113.1,VND014
TXN015572,FAC002,MED0003,Dispense,2025-03-19,53,93943.56,VND008
TXN013638,FAC001,MED0054,Dispense,2025-04-23,92,122165.88,VND020
TXN019823,FAC005,MED0179,Dispense,2025-08-11,44,19760.84,VND010
TXN023179,FAC003,MED0153,Return,2025-07-23,36,43382.88,VND001
TXN010978,FAC003,MED0165,Dispense,2025-07-22,20,24085.4,VND016
TXN019798,FAC001,MED0135,Dispense,2025-07-22,41,12336.08,VND008
TXN008375,FAC001,MED0032,Purchase,2025-06-29,54,22127.04,VND019
TXN010701,FAC004,MED0003,Dispense,2025-08-01,37,65583.24,VND008
TXN001451,FAC004,MED0102,Dispense,2025-10-08,68,104903.6,VND004
TXN023851,FAC005,MED0096,Purchase,2025-10-26,54,12785.04,VND014
TXN018424,FAC001,MED0048,Dispense,2025-03-30,53,42791.14,VND009
TXN019345,FAC002,MED0072,Dispense,2025-10-24,94,90960.04,VND029
TXN006893,FAC001,MED0054,Purchase,2025-10-06,83,110214.87,VND020
TXN009085,FAC005,MED0142,Purchase,2025-12-08,76,86694.72,VND015
TXN015620,FAC004,MED0173,Dispense,2025-04-19,47,58073.2,VND006
TXN020175,FAC003,MED0016,Purchase,2025-10-19,65,97368.05,VND004
TXN005035,FAC001,MED0016,Purchase,2025-05-26,52,77894.44,VND004
TXN019678,FAC005,MED0043,Purchase,2025-11-01,37,38195.1,VND002
TXN002276,FAC004,MED0106,Dispense,2025-07-25,67,109310.5,VND001
TXN000479,FAC002,MED0093,Purchase,2025-04-10,53,126538.56,VND001
TXN024830,FAC002,MED0069,Purchase,2025-09-16,11,7751.26,VND029
TXN006326,FAC003,MED0140,Dispense,2025-12-09,94,18038.6,VND028
TXN020925,FAC003,MED0022,Purchase,2025-02-24,5,9123.45,VND008
TXN002246,FAC004,MED0091,Purchase,2025-04-27,31,13635.35,VND001
TXN012814,FAC003,MED0009,Adjustment,2025-04-03,96,16330.56,VND009
TXN004202,FAC004,MED0156,Dispense,2025-12-31,68,2860.76,VND001
TXN023569,FAC003,MED0122,Dispense,2025-06-27,24,47534.64,VND021
TXN013735,FAC004,MED0119,Dispense,2025-10-07,46,10832.54,VND019
TXN009479,FAC004,MED0152,Dispense,2025-02-26,100,12068.0,VND027
TXN023453,FAC002,MED0149,Purchase,2025-05-12,98,147992.74,VND020
TXN023121,FAC002,MED0082,Purchase,2025-03-24,68,79442.36,VND019
TXN000483,FAC002,MED0161,Return,2025-12-30,82,180115.46,VND030
TXN008475,FAC005,MED0079,Dispense,2025-10-07,17,355.64,VND026
TXN007781,FAC003,MED0042,Dispense,2025-02-01,24,59864.88,VND017
TXN003430,FAC004,MED0151,Dispense,2025-10-25,73,167797.07,VND015
TXN000275,FAC003,MED0125,Dispense,2025-10-23,89,215547.32,VND018
TXN023336,FAC005,MED0133,Dispense,2025-05-07,52,43211.48,VND026
TXN009021,FAC001,MED0040,Purchase,2025-04-01,28,4751.88,VND017
TXN005729,FAC002,MED0072,Dispense,2025-09-20,28,27094.48,VND029
TXN024561,FAC003,MED0005,Dispense,2025-03-15,64,98992.64,VND021
TXN017122,FAC004,MED0026,Dispense,2025-01-12,61,72270.36,VND003
TXN023362,FAC005,MED0169,Dispense,2025-01-13,33,45283.92,VND020
TXN020231,FAC002,MED0107,Dispense,2025-11-30,15,8141.4,VND013
TXN009862,FAC001,MED0037,Purchase,2025-02-28,16,405.12,VND003
TXN021986,FAC004,MED0070,Purchase,2025-04-09,17,40512.02,VND009
TXN016192,FAC003,MED0099,Dispense,2025-03-02,25,40681.0,VND030
TXN024129,FAC002,MED0049,Dispense,2025-04-21,75,61521.75,VND020
TXN023008,FAC001,MED0075,Dispense,2025-10-13,21,7498.89,VND023
TXN020520,FAC005,MED0167,Dispense,2025-09-02,95,232874.45,VND028
TXN010625,FAC003,MED0082,Dispense,2025-04-18,15,17524.05,VND019
TXN017705,FAC004,MED0054,Purchase,2025-12-18,48,63738.72,VND020
TXN024734,FAC003,MED0025,Dispense,2025-11-22,61,101716.28,VND024
TXN012755,FAC004,MED0065,Purchase,2025-04-26,18,40157.64,VND019
TXN012913,FAC001,MED0111,Dispense,2025-04-29,74,162404.84,VND011
TXN021185,FAC004,MED0050,Purchase,2025-08-16,91,184300.48,VND003
TXN000354,FAC005,MED0133,Dispense,2025-02-28,14,11633.86,VND026
TXN012139,FAC003,MED0149,Adjustment,2025-11-28,20,30202.6,VND020
TXN019279,FAC005,MED0001,Dispense,2025-06-25,77,141074.01,VND015
TXN004257,FAC002,MED0075,Purchase,2025-12-31,33,11783.97,VND023
TXN013521,FAC002,MED0148,Purchase,2025-04-04,7,619.71,VND022
TXN019201,FAC004,MED0171,Purchase,2025-08-02,53,19849.03,VND029
TXN007609,FAC003,MED0042,Purchase,2025-06-08,27,67347.99,VND017
TXN008352,FAC001,MED0070,Adjustment,2025-05-04,22,52427.32,VND009
TXN019664,FAC003,MED0152,Dispense,2025-05-14,59,7120.12,VND027
TXN024794,FAC003,MED0097,Purchase,2025-08-23,81,142683.12,VND030
TXN003572,FAC005,MED0022,Dispense,2025-01-25,58,105832.02,VND008
TXN018476,FAC004,MED0165,Purchase,2025-09-22,38,45762.26,VND016
TXN019544,FAC005,MED0086,Return,2025-12-03,93,20524.17,VND007
TXN014332,FAC003,MED0011,Purchase,2025-08-15,34,58245.74,VND002
TXN016559,FAC003,MED0157,Dispense,2025-01-05,33,44206.47,VND017
TXN018837,FAC004,MED0001,Purchase,2025-05-23,18,32978.34,VND015
TXN017951,FAC002,MED0083,Dispense,2025-02-01,66,5544.66,VND026
TXN009619,FAC001,MED0095,Purchase,2025-03-14,66,26621.1,VND016
TXN023816,FAC002,MED0011,Dispense,2025-08-03,93,159319.23,VND002
TXN011571,FAC002,MED0111,Purchase,2025-10-11,30,65839.8,VND011
TXN008197,FAC003,MED0066,Dispense,2025-06-27,43,54204.51,VND021
TXN015470,FAC002,MED0144,Dispense,2025-02-10,87,206749.41,VND010
TXN019726,FAC004,MED0033,Purchase,2025-09-18,28,44420.32,VND030
TXN020320,FAC001,MED0031,Dispense,2025-11-28,27,51052.41,VND015
TXN001256,FAC005,MED0095,Purchase,2025-10-17,9,3630.15,VND016
TXN007514,FAC004,MED0119,Dispense,2025-05-24,50,11774.5,VND019
TXN003959,FAC002,MED0107,Dispense,2025-08-16,59,32022.84,VND013
TXN021469,FAC001,MED0001,Purchase,2025-08-23,47,86110.11,VND015
TXN002091,FAC001,MED0052,Purchase,2025-03-11,32,27454.08,VND011
TXN000291,FAC004,MED0047,Dispense,2025-02-18,37,58710.12,VND002
TXN020761,FAC001,MED0095,Dispense,2025-11-02,54,21780.9,VND016
TXN023737,FAC004,MED0122,Dispense,2025-12-27,63,124778.43,VND021
TXN005611,FAC005,MED0164,Adjustment,2025-08-24,58,140371.02,VND022
TXN005546,FAC004,MED0070,Dispense,2025-12-30,29,69108.74,VND009
TXN022210,FAC002,MED0086,Dispense,2025-11-25,93,20524.17,VND007
TXN016686,FAC002,MED0097,Purchase,2025-08-26,42,73983.84,VND030
TXN015643,FAC005,MED0028,Adjustment,2025-06-24,88,9570.88,VND007
TXN013541,FAC004,MED0163,Dispense,2025-01-15,4,8319.12,VND022
TXN012916,FAC004,MED0087,Dispense,2025-12-26,36,63042.48,VND015
TXN021761,FAC003,MED0033,Purchase,2025-08-06,36,57111.84,VND030
TXN018704,FAC003,MED0078,Dispense,2025-12-23,89,57535.83,VND003
TXN018930,FAC003,MED0005,Return,2025-11-20,3,4640.28,VND021
TXN004220,FAC003,MED0056,Dispense,2025-12-19,61,53572.03,VND009
TXN020599,FAC003,MED0149,Dispense,2025-12-02,90,135911.7,VND020
TXN013964,FAC005,MED0074,Dispense,2025-09-22,88,16146.24,VND008
TXN018660,FAC004,MED0051,Dispense,2025-05-20,85,147034.7,VND009
TXN012224,FAC003,MED0149,Dispense,2025-09-15,61,92117.93,VND020
TXN020573,FAC004,MED0087,Dispense,2025-11-10,44,77051.92,VND015
TXN019764,FAC003,MED0099,Purchase,2025-12-10,44,71598.56,VND030
TXN013144,FAC002,MED0065,Dispense,2025-04-28,46,102625.08,VND019
TXN023392,FAC001,MED0114,Purchase,2025-09-11,1,631.04,VND018
TXN012341,FAC005,MED0158,Purchase,2025-05-15,91,133423.29,VND021
TXN024138,FAC001,MED0053,Dispense,2025-01-15,97,63126.63,VND010
TXN022682,FAC004,MED0164,Dispense,2025-04-25,90,217817.1,VND022
TXN023207,FAC003,MED0169,Dispense,2025-11-12,58,79589.92,VND020
TXN017724,FAC001,MED0092,Dispense,2025-06-14,42,10161.06,VND030
TXN020123,FAC001,MED0134,Purchase,2025-06-22,33,38804.7,VND018
TXN004032,FAC003,MED0157,Dispense,2025-05-25,13,17414.67,VND017
TXN002376,FAC001,MED0113,Dispense,2025-04-23,81,163509.03,VND024
TXN022723,FAC002,MED0006,Dispense,2025-02-11,76,4975.72,VND012
TXN014777,FAC002,MED0145,Purchase,2025-11-18,33,51261.21,VND024
TXN003885,FAC004,MED0040,Purchase,2025-11-15,83,14085.93,VND017
TXN017266,FAC004,MED0123,Dispense,2025-06-14,55,68205.5,VND021
TXN004392,FAC002,MED0074,Dispense,2025-09-12,39,7155.72,VND008
TXN023652,FAC004,MED0008,Purchase,2025-06-12,81,10023.75,VND025
TXN016719,FAC004,MED0097,Dispense,2025-05-27,15,26422.8,VND030
TXN020375,FAC005,MED0138,Dispense,2025-11-10,5,10034.3,VND006
TXN011996,FAC004,MED0085,Return,2025-01-01,53,102121.46,VND008
TXN012784,FAC003,MED0132,Dispense,2025-03-12,1,949.95,VND029
TXN001406,FAC003,MED0146,Dispense,2025-09-16,67,77957.18,VND004
TXN013048,FAC004,MED0113,Purchase,2025-08-30,60,121117.8,VND024
TXN020351,FAC004,MED0016,Purchase,2025-04-18,11,16477.67,VND004
TXN009363,FAC005,MED0113,Adjustment,2025-04-19,65,131210.95,VND024
TXN025000,FAC005,MED0141,Dispense,2025-08-01,41,53773.96,VND025
TXN021025,FAC003,MED0098,Dispense,2025-06-26,7,14131.81,VND016
TXN017737,FAC002,MED0036,Dispense,2025-03-19,12,12868.2,VND027
TXN008019,FAC003,MED0132,Dispense,2025-10-07,25,23748.75,VND029
TXN001769,FAC002,MED0065,Dispense,2025-01-28,55,122703.9,VND019
TXN008101,FAC005,MED0009,Dispense,2025-06-18,59,10036.49,VND009
TXN006984,FAC002,MED0091,Dispense,2025-05-21,63,27710.55,VND001
TXN020995,FAC003,MED0154,Dispense,2025-06-23,38,36372.84,VND026
TXN001244,FAC004,MED0050,Dispense,2025-08-14,57,115440.96,VND003
TXN004740,FAC003,MED0138,Dispense,2025-02-18,11,22075.46,VND006
TXN023903,FAC003,MED0166,Purchase,2025-11-09,33,52842.57,VND021
TXN006259,FAC003,MED0030,Dispense,2025-06-09,65,82898.4,VND029
TXN020195,FAC004,MED0148,Dispense,2025-04-17,75,6639.75,VND022
TXN007050,FAC005,MED0122,Dispense,2025-03-09,1,1980.61,VND021
TXN002256,FAC005,MED0091,Dispense,2025-12-10,52,22872.2,VND001
TXN003770,FAC003,MED0113,Dispense,2025-10-12,45,90838.35,VND024
TXN002807,FAC004,MED0154,Dispense,2025-06-20,30,28715.4,VND026
TXN002682,FAC005,MED0120,Dispense,2025-08-14,53,76161.53,VND020
TXN006040,FAC001,MED0072,Purchase,2025-01-07,82,79348.12,VND029
TXN008466,FAC002,MED0143,Dispense,2025-05-26,26,58595.94,VND003
TXN008811,FAC004,MED0134,Dispense,2025-11-14,92,108182.8,VND018
TXN015429,FAC005,MED0127,Dispense,2025-07-31,67,37698.22,VND013
TXN008073,FAC004,MED0070,Dispense,2025-05-13,4,9532.24,VND009
TXN010195,FAC005,MED0041,Purchase,2025-04-03,8,13945.52,VND030
TXN009285,FAC004,MED0180,Purchase,2025-08-13,14,16187.64,VND005
TXN020680,FAC003,MED0081,Purchase,2025-05-30,34,8234.8,VND002
TXN011194,FAC001,MED0088,Dispense,2025-06-11,93,120399.66,VND018
TXN015081,FAC005,MED0164,Return,2025-04-23,12,29042.28,VND022
TXN022064,FAC003,MED0114,Dispense,2025-05-30,57,35969.28,VND018
TXN008240,FAC002,MED0022,Purchase,2025-08-20,82,149624.58,VND008
TXN024463,FAC003,MED0064,Dispense,2025-03-24,94,62874.72,VND022
TXN017803,FAC004,MED0053,Return,2025-07-29,85,55317.15,VND010
TXN021146,FAC002,MED0044,Dispense,2025-10-12,66,39929.34,VND001
TXN023161,FAC001,MED0006,Adjustment,2025-04-22,49,3208.03,VND012
TXN005555,FAC002,MED0112,Purchase,2025-02-25,86,61131.38,VND029
TXN012770,FAC003,MED0065,Return,2025-02-23,37,82546.26,VND019
TXN020959,FAC003,MED0149,Return,2025-11-24,20,30202.6,VND020
TXN018604,FAC005,MED0171,Dispense,2025-03-25,61,22845.11,VND029
TXN006910,FAC002,MED0133,Purchase,2025-10-15,68,56507.32,VND026
TXN023275,FAC005,MED0104,Dispense,2025-08-28,44,63220.52,VND018
TXN007810,FAC004,MED0153,Adjustment,2025-08-13,62,74714.96,VND001
TXN024821,FAC001,MED0068,Purchase,2025-05-09,54,6299.64,VND017
TXN009384,FAC002,MED0092,Dispense,2025-10-04,28,6774.04,VND030
TXN017901,FAC005,MED0140,Purchase,2025-03-05,38,7292.2,VND028
TXN012050,FAC003,MED0012,Dispense,2025-05-27,4,8337.28,VND029
TXN007173,FAC005,MED0053,Dispense,2025-07-21,53,34491.87,VND010
TXN008697,FAC003,MED0045,Purchase,2025-05-15,89,219317.36,VND026
TXN019311,FAC002,MED0179,Dispense,2025-08-11,78,35030.58,VND010
TXN007259,FAC001,MED0161,Dispense,2025-10-29,16,35144.48,VND030
TXN018371,FAC003,MED0156,Adjustment,2025-04-18,66,2776.62,VND001
TXN010207,FAC003,MED0076,Adjustment,2025-10-13,67,124218.0,VND026
TXN006492,FAC001,MED0138,Adjustment,2025-09-28,37,74253.82,VND006
TXN007446,FAC002,MED0029,Dispense,2025-11-18,36,18384.48,VND013
TXN016096,FAC005,MED0119,Dispense,2025-12-13,28,6593.72,VND019
TXN024559,FAC003,MED0141,Purchase,2025-02-01,3,3934.68,VND025
TXN001078,FAC003,MED0086,Dispense,2025-07-16,96,21186.24,VND007
TXN005136,FAC001,MED0147,Dispense,2025-06-17,40,8068.4,VND028
TXN019186,FAC001,MED0180,Purchase,2025-09-05,40,46250.4,VND005
TXN003208,FAC002,MED0112,Adjustment,2025-11-15,13,9240.79,VND029
TXN012739,FAC002,MED0134,Dispense,2025-09-11,40,47036.0,VND018
TXN009755,FAC004,MED0047,Dispense,2025-07-14,26,41255.76,VND002
TXN021017,FAC002,MED0162,Adjustment,2025-08-30,90,5695.2,VND008
TXN002151,FAC001,MED0056,Dispense,2025-10-04,91,79918.93,VND009
TXN015022,FAC003,MED0090,Dispense,2025-11-30,34,7124.36,VND021
TXN017330,FAC005,MED0102,Dispense,2025-04-23,47,72506.9,VND004
TXN003490,FAC005,MED0144,Purchase,2025-07-28,42,99810.06,VND010
TXN024399,FAC001,MED0137,Dispense,2025-06-04,91,19525.87,VND017
TXN023458,FAC004,MED0129,Dispense,2025-07-31,11,16022.71,VND019
TXN011552,FAC003,MED0139,Dispense,2025-07-04,6,13372.38,VND015
TXN012372,FAC002,MED0081,Dispense,2025-04-10,17,4117.4,VND002
TXN024524,FAC001,MED0169,Dispense,2025-08-27,41,56261.84,VND020
TXN004346,FAC002,MED0175,Dispense,2025-05-31,69,22569.21,VND023
TXN002381,FAC001,MED0131,Adjustment,2025-09-29,15,13211.1,VND004
TXN006596,FAC003,MED0116,Dispense,2025-01-02,94,24908.12,VND003
TXN015912,FAC001,MED0107,Dispense,2025-05-09,29,15740.04,VND013
TXN003530,FAC002,MED0010,Purchase,2025-03-23,48,97081.44,VND014
TXN000605,FAC003,MED0128,Dispense,2025-12-03,37,13813.58,VND026
TXN004150,FAC004,MED0008,Dispense,2025-04-08,72,8910.0,VND025
TXN021809,FAC005,MED0017,Dispense,2025-05-02,64,153807.36,VND025
TXN004541,FAC003,MED0028,Purchase,2025-08-18,1,108.76,VND007
TXN014316,FAC004,MED0067,Dispense,2025-10-02,68,39550.16,VND005
TXN000876,FAC003,MED0083,Dispense,2025-08-20,15,1260.15,VND026
TXN018435,FAC004,MED0020,Dispense,2025-10-13,65,3053.05,VND001
TXN002468,FAC004,MED0059,Dispense,2025-04-02,89,83279.97,VND003
TXN008649,FAC005,MED0099,Dispense,2025-09-08,33,53698.92,VND030
TXN023242,FAC003,MED0135,Adjustment,2025-01-28,27,8123.76,VND008
TXN013361,FAC004,MED0038,Dispense,2025-03-25,65,36496.85,VND030
TXN006736,FAC005,MED0092,Dispense,2025-10-27,67,16209.31,VND030
TXN021951,FAC001,MED0176,Dispense,2025-01-02,21,36617.28,VND008
TXN022439,FAC005,MED0067,Dispense,2025-09-23,81,47111.22,VND005
TXN015688,FAC001,MED0096,Dispense,2025-08-19,44,10417.44,VND014
TXN019293,FAC004,MED0078,Dispense,2025-04-10,8,5171.76,VND003
TXN024916,FAC001,MED0165,Dispense,2025-12-13,48,57804.96,VND016
TXN021675,FAC001,MED0151,Dispense,2025-01-18,44,101137.96,VND015
TXN021020,FAC002,MED0179,Purchase,2025-09-14,11,4940.21,VND010
TXN018903,FAC002,MED0177,Purchase,2025-04-02,25,41788.75,VND027
TXN000576,FAC004,MED0038,Dispense,2025-10-02,88,49411.12,VND030
TXN006078,FAC003,MED0179,Dispense,2025-10-05,63,28293.93,VND010
TXN010476,FAC005,MED0041,Adjustment,2025-06-02,22,38350.18,VND030
TXN017494,FAC005,MED0039,Dispense,2025-02-21,85,200407.05,VND024
TXN020551,FAC005,MED0081,Purchase,2025-07-29,21,5086.2,VND002
TXN005305,FAC002,MED0152,Dispense,2025-11-20,3,362.04,VND027
TXN004646,FAC004,MED0161,Purchase,2025-10-01,60,131791.8,VND030
TXN006484,FAC005,MED0044,Dispense,2025-08-13,100,60499.0,VND001
TXN000914,FAC001,MED0104,Dispense,2025-09-02,54,77588.82,VND018
TXN015971,FAC002,MED0117,Dispense,2025-12-20,6,12405.18,VND020
TXN001860,FAC005,MED0049,Purchase,2025-12-23,95,77927.55,VND020
TXN000510,FAC002,MED0141,Return,2025-01-12,67,87874.52,VND025
TXN017530,FAC002,MED0078,Dispense,2025-06-29,14,9050.58,VND003
TXN014264,FAC002,MED0103,Dispense,2025-05-08,28,41097.0,VND028
TXN012894,FAC002,MED0159,Dispense,2025-12-15,49,46530.4,VND010
TXN010766,FAC002,MED0068,Dispense,2025-02-20,76,8866.16,VND017
TXN007723,FAC003,MED0121,Dispense,2025-02-21,88,72778.64,VND012
TXN007970,FAC003,MED0049,Dispense,2025-01-29,41,33631.89,VND020
TXN010612,FAC005,MED0145,Purchase,2025-10-17,52,80775.24,VND024
TXN018593,FAC005,MED0170,Return,2025-02-26,26,40514.24,VND030
TXN004348,FAC004,MED0143,Purchase,2025-03-19,60,135221.4,VND003
TXN009153,FAC004,MED0130,Dispense,2025-05-26,71,42445.22,VND020
TXN009190,FAC002,MED0046,Purchase,2025-10-15,79,47415.01,VND024
TXN002698,FAC005,MED0168,Dispense,2025-01-11,48,66748.8,VND030
TXN021745,FAC003,MED0090,Purchase,2025-04-02,87,18229.98,VND021
TXN023379,FAC004,MED0148,Dispense,2025-04-12,97,8587.41,VND022
TXN011410,FAC003,MED0125,Dispense,2025-11-02,69,167109.72,VND018
TXN016784,FAC002,MED0083,Dispense,2025-01-01,42,3528.42,VND026
TXN002221,FAC001,MED0051,Adjustment,2025-10-20,73,126276.86,VND009
TXN016748,FAC004,MED0039,Purchase,2025-12-27,8,18861.84,VND024
TXN021664,FAC004,MED0113,Purchase,2025-03-21,99,199844.37,VND024
TXN006479,FAC005,MED0109,Dispense,2025-06-10,72,122873.76,VND026
TXN006551,FAC003,MED0042,Dispense,2025-11-01,77,192066.49,VND017
TXN000903,FAC003,MED0129,Dispense,2025-07-17,66,96136.26,VND019
TXN008363,FAC005,MED0118,Dispense,2025-11-14,28,27380.92,VND019
TXN021930,FAC005,MED0004,Dispense,2025-02-28,27,56226.15,VND024
TXN000514,FAC003,MED0026,Dispense,2025-07-15,87,103074.12,VND003
TXN021190,FAC005,MED0180,Adjustment,2025-03-11,37,42781.62,VND005
TXN021036,FAC002,MED0125,Dispense,2025-05-10,78,188906.64,VND018
TXN002116,FAC004,MED0142,Dispense,2025-12-27,25,28518.0,VND015
TXN012989,FAC001,MED0107,Dispense,2025-06-25,84,45591.84,VND013
TXN003502,FAC002,MED0059,Purchase,2025-04-09,21,19650.33,VND003
TXN006686,FAC005,MED0120,Dispense,2025-12-09,12,17244.12,VND020
TXN000252,FAC003,MED0038,Dispense,2025-11-17,20,11229.8,VND030
TXN008226,FAC001,MED0053,Purchase,2025-11-12,47,30587.13,VND010
TXN009135,FAC004,MED0126,Dispense,2025-04-22,72,156113.28,VND012
TXN013135,FAC003,MED0100,Dispense,2025-07-06,85,188496.85,VND005
TXN024673,FAC004,MED0169,Purchase,2025-06-06,53,72728.72,VND020
TXN018052,FAC002,MED0001,Purchase,2025-02-05,55,100767.15,VND015
TXN006716,FAC002,MED0050,Adjustment,2025-02-09,25,50632.0,VND003
TXN008043,FAC001,MED0083,Purchase,2025-10-21,22,1848.22,VND026
TXN016792,FAC005,MED0104,Dispense,2025-06-23,73,104888.59,VND018
TXN016117,FAC001,MED0117,Dispense,2025-08-06,97,200550.41,VND020
TXN023310,FAC003,MED0139,Dispense,2025-06-22,43,95835.39,VND015
TXN019688,FAC005,MED0039,Dispense,2025-08-24,4,9430.92,VND024
TXN019862,FAC004,MED0040,Purchase,2025-09-24,25,4242.75,VND017
TXN001257,FAC001,MED0025,Dispense,2025-12-08,43,71701.64,VND024
TXN017709,FAC003,MED0007,Dispense,2025-01-17,73,177725.8,VND028
TXN002993,FAC002,MED0065,Purchase,2025-07-01,57,127165.86,VND019
TXN000264,FAC004,MED0022,Dispense,2025-03-15,66,120429.54,VND008
TXN011605,FAC004,MED0150,Purchase,2025-09-25,67,137869.92,VND003
TXN016239,FAC001,MED0170,Dispense,2025-06-11,72,112193.28,VND030
TXN022514,FAC001,MED0128,Return,2025-08-21,66,24640.44,VND026
TXN001098,FAC005,MED0179,Purchase,2025-03-09,34,15269.74,VND010
TXN004292,FAC005,MED0126,Dispense,2025-06-28,18,39028.32,VND012
TXN008816,FAC005,MED0098,Dispense,2025-05-31,97,195826.51,VND016
TXN006690,FAC002,MED0016,Adjustment,2025-01-01,98,146801.06,VND004
TXN011975,FAC002,MED0043,Purchase,2025-12-18,15,15484.5,VND002
TXN012247,FAC002,MED0149,Purchase,2025-04-25,43,64935.59,VND020
TXN022149,FAC004,MED0155,Dispense,2025-11-08,14,29359.68,VND017
TXN018383,FAC005,MED0037,Dispense,2025-08-19,59,1493.88,VND003
TXN012336,FAC002,MED0178,Adjustment,2025-05-04,20,2196.8,VND019
TXN007829,FAC004,MED0009,Return,2025-11-12,5,850.55,VND009
TXN017997,FAC004,MED0014,Dispense,2025-07-09,14,7366.66,VND006
TXN003822,FAC005,MED0151,Dispense,2025-01-17,45,103436.55,VND015
TXN009761,FAC003,MED0062,Dispense,2025-01-09,86,51532.92,VND004
TXN006509,FAC004,MED0126,Adjustment,2025-05-20,33,71551.92,VND012
TXN002547,FAC004,MED0160,Dispense,2025-01-09,47,29825.73,VND014
TXN014439,FAC001,MED0173,Purchase,2025-09-10,89,109968.4,VND006
TXN014303,FAC002,MED0023,Dispense,2025-04-09,83,74807.9,VND010
TXN014106,FAC002,MED0088,Purchase,2025-05-20,61,78971.82,VND018
TXN022860,FAC004,MED0108,Dispense,2025-12-01,28,47881.4,VND018
TXN024702,FAC005,MED0088,Dispense,2025-04-13,30,38838.6,VND018
TXN017537,FAC005,MED0087,Dispense,2025-09-14,37,64793.66,VND015
TXN017531,FAC005,MED0117,Return,2025-10-21,33,68228.49,VND020
TXN004450,FAC004,MED0044,Return,2025-11-25,96,58079.04,VND001
TXN005285,FAC002,MED0150,Dispense,2025-12-30,93,191371.68,VND003
TXN014156,FAC003,MED0065,Dispense,2025-11-11,33,73622.34,VND019
TXN010236,FAC002,MED0154,Dispense,2025-08-13,1,957.18,VND026
TXN009481,FAC003,MED0026,Purchase,2025-01-25,99,117291.24,VND003
TXN006647,FAC004,MED0047,Dispense,2025-10-08,98,155502.48,VND002
TXN013462,FAC005,MED0147,Purchase,2025-03-05,66,13312.86,VND028
TXN004011,FAC001,MED0146,Dispense,2025-03-15,89,103555.06,VND004
TXN014911,FAC005,MED0130,Dispense,2025-11-30,6,3586.92,VND020
TXN015717,FAC005,MED0071,Return,2025-04-05,29,41590.35,VND021
TXN015277,FAC003,MED0139,Dispense,2025-12-19,53,118122.69,VND015
TXN008930,FAC002,MED0075,Dispense,2025-12-02,49,17497.41,VND023
TXN023267,FAC004,MED0141,Adjustment,2025-12-12,45,59020.2,VND025
TXN016913,FAC003,MED0095,Dispense,2025-11-01,27,10890.45,VND016
TXN012320,FAC005,MED0171,Purchase,2025-10-05,20,7490.2,VND029
TXN016642,FAC002,MED0001,Adjustment,2025-02-27,23,42138.99,VND015
TXN023609,FAC002,MED0145,Purchase,2025-11-10,27,41940.99,VND024
TXN023172,FAC004,MED0007,Adjustment,2025-08-23,26,63299.6,VND028
TXN007559,FAC003,MED0016,Dispense,2025-12-31,85,127327.45,VND004
TXN010300,FAC002,MED0176,Dispense,2025-02-27,40,69747.2,VND008
TXN014889,FAC002,MED0140,Dispense,2025-02-26,77,14776.3,VND028
TXN000225,FAC002,MED0163,Purchase,2025-02-11,96,199658.88,VND022
TXN009130,FAC002,MED0010,Return,2025-05-20,88,177982.64,VND014
TXN003847,FAC001,MED0119,Purchase,2025-07-08,35,8242.15,VND019
TXN020632,FAC001,MED0006,Dispense,2025-04-04,59,3862.73,VND012
TXN007782,FAC001,MED0125,Dispense,2025-07-31,57,138047.16,VND018
TXN012217,FAC003,MED0075,Dispense,2025-01-24,3,1071.27,VND023
TXN012053,FAC004,MED0012,Dispense,2025-07-20,33,68782.56,VND029
TXN001505,FAC001,MED0171,Dispense,2025-07-02,39,14605.89,VND029
TXN003019,FAC002,MED0166,Dispense,2025-11-29,89,142514.81,VND021
TXN012033,FAC005,MED0165,Dispense,2025-07-20,90,108384.3,VND016
TXN004631,FAC005,MED0101,Dispense,2025-01-21,37,86362.44,VND026
TXN005863,FAC004,MED0010,Purchase,2025-01-25,72,145622.16,VND014
TXN014145,FAC003,MED0022,Dispense,2025-02-06,83,151449.27,VND008
TXN005980,FAC002,MED0016,Dispense,2025-09-01,79,118339.63,VND004
TXN003262,FAC002,MED0067,Purchase,2025-11-07,68,39550.16,VND005
TXN020386,FAC001,MED0176,Dispense,2025-10-13,64,111595.52,VND008
TXN009009,FAC004,MED0150,Dispense,2025-06-24,83,170794.08,VND003
TXN009004,FAC004,MED0132,Dispense,2025-01-26,60,56997.0,VND029
TXN014132,FAC005,MED0084,Purchase,2025-06-28,78,70636.8,VND015
TXN019507,FAC003,MED0171,Purchase,2025-11-13,8,2996.08,VND029
TXN010225,FAC002,MED0150,Dispense,2025-07-05,16,32924.16,VND003
TXN010608,FAC002,MED0068,Dispense,2025-08-17,9,1049.94,VND017
TXN004160,FAC002,MED0146,Purchase,2025-06-07,32,37233.28,VND004
TXN013463,FAC005,MED0157,Adjustment,2025-10-30,27,36168.93,VND017
TXN006004,FAC003,MED0067,Adjustment,2025-05-29,57,33152.34,VND005
TXN014980,FAC004,MED0124,Adjustment,2025-09-07,20,36893.8,VND005
TXN022957,FAC004,MED0003,Adjustment,2025-10-16,33,58493.16,VND008
TXN015426,FAC001,MED0172,Purchase,2025-08-24,26,16940.3,VND017
TXN018693,FAC002,MED0085,Dispense,2025-12-29,32,61658.24,VND008
TXN014763,FAC002,MED0007,Dispense,2025-01-21,59,143641.4,VND028
TXN009503,FAC002,MED0063,Dispense,2025-05-18,36,27924.84,VND017
TXN022882,FAC001,MED0007,Purchase,2025-08-25,29,70603.4,VND028
TXN008346,FAC005,MED0149,Dispense,2025-01-30,74,111749.62,VND020
TXN003512,FAC002,MED0017,Dispense,2025-07-08,80,192259.2,VND025
TXN022501,FAC004,MED0167,Dispense,2025-08-31,25,61282.75,VND028
TXN000434,FAC003,MED0014,Purchase,2025-05-31,29,15259.51,VND006
TXN024931,FAC002,MED0083,Adjustment,2025-07-20,99,8316.99,VND026
TXN011098,FAC001,MED0175,Purchase,2025-06-22,61,19952.49,VND023
TXN024176,FAC005,MED0149,Dispense,2025-08-29,54,81547.02,VND020
TXN019884,FAC002,MED0023,Purchase,2025-01-30,62,55880.6,VND010
TXN006951,FAC003,MED0024,Purchase,2025-11-26,4,4512.12,VND008
TXN001536,FAC003,MED0133,Purchase,2025-08-29,39,32408.61,VND026
TXN002879,FAC005,MED0166,Purchase,2025-06-22,32,51241.28,VND021
TXN009533,FAC005,MED0003,Purchase,2025-08-16,67,118758.84,VND008
TXN001273,FAC002,MED0135,Dispense,2025-06-03,43,12937.84,VND008
TXN021725,FAC002,MED0010,Dispense,2025-02-15,14,28315.42,VND014
TXN003653,FAC002,MED0020,Dispense,2025-02-20,74,3475.78,VND001
TXN006238,FAC004,MED0141,Dispense,2025-09-18,11,14427.16,VND025
TXN007318,FAC001,MED0107,Purchase,2025-12-25,42,22795.92,VND013
TXN012085,FAC004,MED0175,Dispense,2025-02-24,23,7523.07,VND023
TXN022011,FAC002,MED0113,Dispense,2025-06-30,48,96894.24,VND024
TXN023664,FAC005,MED0040,Dispense,2025-04-08,98,16631.58,VND017
TXN023140,FAC005,MED0136,Dispense,2025-10-18,82,119863.5,VND003
TXN013115,FAC002,MED0118,Dispense,2025-07-14,16,15646.24,VND019
TXN015057,FAC001,MED0138,Purchase,2025-10-05,14,28096.04,VND006
TXN005333,FAC003,MED0093,Dispense,2025-03-13,83,198164.16,VND001
TXN007859,FAC001,MED0017,Purchase,2025-01-23,43,103339.32,VND025
TXN022820,FAC001,MED0023,Dispense,2025-05-29,36,32446.8,VND010
TXN011580,FAC003,MED0040,Purchase,2025-12-19,33,5600.43,VND017
TXN021322,FAC003,MED0006,Dispense,2025-12-28,24,1571.28,VND012
TXN017291,FAC004,MED0148,Dispense,2025-12-15,91,8056.23,VND022
TXN010951,FAC005,MED0009,Dispense,2025-03-30,27,4592.97,VND009
TXN005392,FAC002,MED0173,Purchase,2025-12-12,46,56837.6,VND006
TXN015668,FAC002,MED0122,Dispense,2025-05-21,64,126759.04,VND021
TXN022717,FAC005,MED0055,Dispense,2025-10-29,69,96549.63,VND012
TXN023220,FAC003,MED0130,Dispense,2025-01-11,2,1195.64,VND020
TXN017467,FAC001,MED0140,Adjustment,2025-04-22,42,8059.8,VND028
TXN004310,FAC002,MED0030,Purchase,2025-10-02,82,104579.52,VND029
TXN004029,FAC001,MED0135,Dispense,2025-10-30,33,9929.04,VND008
TXN015355,FAC004,MED0152,Dispense,2025-05-23,10,1206.8,VND027
TXN024343,FAC003,MED0107,Dispense,2025-12-12,89,48305.64,VND013
TXN016683,FAC002,MED0074,Dispense,2025-05-10,57,10458.36,VND008
TXN019453,FAC005,MED0042,Dispense,2025-08-02,75,187077.75,VND017
TXN000246,FAC004,MED0057,Purchase,2025-07-16,25,55508.0,VND024
TXN008498,FAC001,MED0052,Dispense,2025-01-06,6,5147.64,VND011
TXN008014,FAC001,MED0080,Return,2025-09-05,85,15706.3,VND001
TXN007342,FAC001,MED0003,Purchase,2025-04-21,29,51403.08,VND008
TXN000309,FAC003,MED0062,Dispense,2025-03-10,64,38350.08,VND004
TXN010352,FAC003,MED0143,Dispense,2025-07-14,32,72118.08,VND003
TXN014340,FAC003,MED0148,Dispense,2025-08-26,79,6993.87,VND022
TXN006866,FAC004,MED0071,Purchase,2025-01-12,57,81746.55,VND021
TXN018866,FAC003,MED0166,Purchase,2025-02-25,11,17614.19,VND021
TXN023775,FAC005,MED0065,Dispense,2025-01-25,78,174016.44,VND019
TXN018821,FAC002,MED0001,Dispense,2025-08-18,17,31146.21,VND015
TXN011419,FAC003,MED0159,Purchase,2025-09-08,15,14244.0,VND010
TXN007338,FAC005,MED0011,Dispense,2025-10-19,40,68524.4,VND002
TXN018937,FAC002,MED0083,Dispense,2025-09-18,100,8401.0,VND026
TXN023701,FAC001,MED0036,Dispense,2025-12-04,90,96511.5,VND027
TXN011421,FAC004,MED0073,Dispense,2025-11-19,34,47448.7,VND018
TXN020822,FAC005,MED0063,Dispense,2025-04-26,20,15513.8,VND017
TXN008450,FAC005,MED0026,Dispense,2025-10-12,69,81748.44,VND003
TXN021847,FAC004,MED0035,Purchase,2025-11-03,23,18410.58,VND025
TXN024189,FAC003,MED0053,Purchase,2025-03-06,17,11063.43,VND010
TXN022822,FAC003,MED0112,Dispense,2025-05-03,99,70372.17,VND029
TXN019241,FAC002,MED0104,Return,2025-02-20,10,14368.3,VND018
TXN002406,FAC004,MED0087,Dispense,2025-04-22,85,148850.3,VND015
TXN013327,FAC004,MED0104,Purchase,2025-07-31,42,60346.86,VND018
TXN013598,FAC004,MED0086,Adjustment,2025-08-23,89,19641.41,VND007
TXN024319,FAC005,MED0135,Dispense,2025-04-03,93,27981.84,VND008
TXN013460,FAC005,MED0093,Purchase,2025-12-16,50,119376.0,VND001
TXN021704,FAC005,MED0071,Dispense,2025-12-22,96,137678.4,VND021
TXN004448,FAC003,MED0180,Purchase,2025-11-23,42,48562.92,VND005
TXN016268,FAC001,MED0063,Dispense,2025-08-09,53,41111.57,VND017
TXN022532,FAC003,MED0126,Dispense,2025-07-27,36,78056.64,VND012
TXN019456,FAC005,MED0144,Dispense,2025-02-21,78,185361.54,VND010
TXN020576,FAC005,MED0055,Dispense,2025-08-17,98,137128.46,VND012
TXN016149,FAC004,MED0166,Dispense,2025-05-06,82,131305.78,VND021
TXN015611,FAC001,MED0090,Dispense,2025-03-30,30,6286.2,VND021
TXN017766,FAC004,MED0072,Adjustment,2025-05-18,50,48383.0,VND029
TXN023509,FAC001,MED0101,Dispense,2025-08-23,6,14004.72,VND026
TXN015696,FAC003,MED0081,Dispense,2025-04-12,61,14774.2,VND002
TXN002268,FAC002,MED0107,Purchase,2025-01-29,88,47762.88,VND013
TXN003930,FAC003,MED0005,Dispense,2025-01-09,91,140755.16,VND021
TXN007257,FAC002,MED0057,Dispense,2025-06-18,4,8881.28,VND024
TXN019524,FAC002,MED0095,Return,2025-07-11,74,29847.9,VND016
TXN019741,FAC001,MED0105,Purchase,2025-01-05,45,92386.35,VND019
TXN001167,FAC004,MED0107,Dispense,2025-05-10,15,8141.4,VND013
TXN017017,FAC001,MED0153,Dispense,2025-04-02,11,13255.88,VND001
TXN021868,FAC005,MED0112,Purchase,2025-03-16,46,32698.18,VND029
TXN016473,FAC003,MED0045,Dispense,2025-04-16,30,73927.2,VND026
TXN015145,FAC005,MED0028,Purchase,2025-09-24,72,7830.72,VND007
TXN013634,FAC003,MED0147,Dispense,2025-02-12,19,3832.49,VND028
TXN004904,FAC001,MED0068,Dispense,2025-09-01,41,4783.06,VND017
TXN012396,FAC005,MED0149,Dispense,2025-10-24,57,86077.41,VND020
TXN018000,FAC005,MED0081,Dispense,2025-02-16,61,14774.2,VND002
TXN024443,FAC001,MED0054,Dispense,2025-09-19,32,42492.48,VND020
TXN009599,FAC003,MED0136,Dispense,2025-09-15,35,51161.25,VND003
TXN007164,FAC001,MED0106,Purchase,2025-09-09,72,117468.0,VND001
TXN003354,FAC003,MED0068,Purchase,2025-04-26,59,6882.94,VND017
TXN014112,FAC001,MED0039,Adjustment,2025-01-06,94,221626.62,VND024
TXN011049,FAC003,MED0092,Dispense,2025-07-31,90,21773.7,VND030
TXN014742,FAC001,MED0019,Adjustment,2025-04-22,45,61218.0,VND028
TXN012981,FAC003,MED0061,Purchase,2025-10-08,85,138778.65,VND003
TXN005551,FAC003,MED0028,Dispense,2025-06-20,18,1957.68,VND007
TXN013242,FAC004,MED0041,Dispense,2025-09-03,88,153400.72,VND030
TXN018812,FAC005,MED0089,Dispense,2025-01-23,27,50278.05,VND028
TXN011523,FAC005,MED0171,Dispense,2025-01-27,96,35952.96,VND029
TXN020577,FAC001,MED0122,Dispense,2025-06-20,74,146565.14,VND021
TXN021250,FAC005,MED0133,Dispense,2025-03-03,69,57338.31,VND026
TXN006581,FAC005,MED0014,Dispense,2025-08-28,20,10523.8,VND006
TXN010886,FAC003,MED0060,Dispense,2025-11-27,45,32198.85,VND029
TXN001372,FAC005,MED0010,Dispense,2025-03-19,7,14157.71,VND014
TXN013798,FAC004,MED0097,Dispense,2025-01-26,61,107452.72,VND030
TXN008545,FAC002,MED0001,Dispense,2025-07-30,90,164891.7,VND015
TXN009062,FAC002,MED0179,Purchase,2025-01-02,96,43114.56,VND010
TXN014932,FAC003,MED0079,Purchase,2025-07-27,98,2050.16,VND026
TXN001206,FAC004,MED0142,Dispense,2025-11-16,56,63880.32,VND015
TXN009903,FAC001,MED0167,Dispense,2025-07-18,44,107857.64,VND028
TXN006268,FAC001,MED0091,Purchase,2025-10-20,97,42665.45,VND001
TXN016086,FAC002,MED0123,Dispense,2025-09-11,66,81846.6,VND021
TXN005043,FAC003,MED0157,Adjustment,2025-10-11,80,107167.2,VND017
TXN018122,FAC003,MED0143,Purchase,2025-01-01,25,56342.25,VND003
TXN005658,FAC004,MED0160,Dispense,2025-07-31,72,45690.48,VND014
TXN021276,FAC005,MED0019,Dispense,2025-12-27,77,104750.8,VND028
TXN006071,FAC004,MED0103,Dispense,2025-08-10,28,41097.0,VND028
TXN004291,FAC005,MED0082,Dispense,2025-07-26,35,40889.45,VND019
TXN011057,FAC002,MED0142,Dispense,2025-08-11,85,96961.2,VND015
TXN013956,FAC005,MED0002,Dispense,2025-01-08,83,21342.62,VND019
TXN015182,FAC003,MED0060,Dispense,2025-12-13,96,68690.88,VND029
TXN008909,FAC002,MED0088,Dispense,2025-10-30,27,34954.74,VND018
TXN005916,FAC002,MED0037,Purchase,2025-02-12,83,2101.56,VND003
TXN002928,FAC003,MED0178,Return,2025-06-16,14,1537.76,VND019
TXN016216,FAC004,MED0177,Dispense,2025-09-05,51,85249.05,VND027
TXN001871,FAC003,MED0167,Purchase,2025-11-06,53,129919.43,VND028
TXN008693,FAC005,MED0028,Dispense,2025-07-27,92,10005.92,VND007
TXN017787,FAC003,MED0155,Purchase,2025-07-17,4,8388.48,VND017
TXN000587,FAC005,MED0053,Dispense,2025-08-04,51,33190.29,VND010
TXN014033,FAC005,MED0011,Dispense,2025-07-11,19,32549.09,VND002
TXN022494,FAC001,MED0066,Purchase,2025-08-05,29,36556.53,VND021
TXN016258,FAC001,MED0123,Dispense,2025-06-15,10,12401.0,VND021
TXN003044,FAC003,MED0132,Dispense,2025-12-03,54,51297.3,VND029
TXN004822,FAC003,MED0116,Purchase,2025-07-16,14,3709.72,VND003
TXN022097,FAC002,MED0046,Purchase,2025-01-02,51,30609.69,VND024
TXN012944,FAC004,MED0153,Purchase,2025-04-24,47,56638.76,VND001
TXN018467,FAC003,MED0025,Dispense,2025-11-02,12,20009.76,VND024
TXN007459,FAC004,MED0025,Adjustment,2025-10-29,25,41687.0,VND024
TXN014224,FAC005,MED0030,Dispense,2025-07-24,21,26782.56,VND029
TXN011027,FAC002,MED0111,Purchase,2025-11-05,60,131679.6,VND011
TXN005227,FAC005,MED0140,Dispense,2025-07-06,44,8443.6,VND028
TXN022529,FAC004,MED0044,Dispense,2025-10-28,6,3629.94,VND001
TXN016504,FAC005,MED0105,Dispense,2025-03-06,19,39007.57,VND019
TXN011087,FAC001,MED0128,Adjustment,2025-06-01,76,28373.84,VND026
TXN024358,FAC005,MED0138,Dispense,2025-03-10,4,8027.44,VND006
TXN001188,FAC003,MED0103,Dispense,2025-08-04,70,102742.5,VND028
TXN006062,FAC005,MED0012,Dispense,2025-12-06,67,139649.44,VND029
TXN021972,FAC002,MED0094,Dispense,2025-11-27,92,168107.92,VND022
TXN013603,FAC004,MED0094,Dispense,2025-02-03,55,100499.3,VND022
TXN006673,FAC003,MED0027,Return,2025-02-25,63,119944.44,VND003
TXN023687,FAC005,MED0079,Dispense,2025-05-23,36,753.12,VND026
TXN024173,FAC001,MED0075,Dispense,2025-05-06,44,15711.96,VND023
TXN013518,FAC001,MED0170,Dispense,2025-07-12,29,45188.96,VND030
TXN012918,FAC002,MED0051,Purchase,2025-02-21,83,143575.06,VND009
TXN011378,FAC003,MED0123,Dispense,2025-11-05,55,68205.5,VND021
TXN019099,FAC005,MED0099,Dispense,2025-03-20,72,117161.28,VND030
TXN004700,FAC004,MED0154,Adjustment,2025-11-20,94,89974.92,VND026
TXN017193,FAC002,MED0023,Dispense,2025-05-17,65,58584.5,VND010
TXN023083,FAC005,MED0130,Purchase,2025-07-20,19,11358.58,VND020
TXN020993,FAC004,MED0010,Dispense,2025-06-03,99,200230.47,VND014
TXN021660,FAC002,MED0083,Dispense,2025-01-09,6,504.06,VND026
TXN013149,FAC002,MED0139,Dispense,2025-02-16,27,60175.71,VND015
TXN024554,FAC005,MED0162,Adjustment,2025-10-26,82,5188.96,VND008
TXN001040,FAC001,MED0127,Dispense,2025-09-22,34,19130.44,VND013
TXN002134,FAC001,MED0008,Purchase,2025-05-16,53,6558.75,VND025
TXN023306,FAC004,MED0081,Dispense,2025-01-27,35,8477.0,VND002
TXN014206,FAC001,MED0167,Purchase,2025-03-04,84,205910.04,VND028
TXN006424,FAC002,MED0164,Purchase,2025-09-24,26,62924.94,VND022
TXN003335,FAC001,MED0026,Purchase,2025-10-25,13,15401.88,VND003
TXN009210,FAC002,MED0049,Dispense,2025-04-10,89,73005.81,VND020
TXN005602,FAC005,MED0039,Adjustment,2025-04-04,9,21219.57,VND024
TXN008193,FAC001,MED0058,Adjustment,2025-05-10,24,47161.68,VND008
TXN007683,FAC004,MED0007,Dispense,2025-06-03,5,12173.0,VND028
TXN000827,FAC004,MED0175,Dispense,2025-05-01,33,10793.97,VND023
TXN008102,FAC005,MED0043,Dispense,2025-12-15,43,44388.9,VND002
TXN017317,FAC002,MED0143,Purchase,2025-10-20,47,105923.43,VND003
TXN015816,FAC001,MED0122,Purchase,2025-07-11,26,51495.86,VND021
TXN001145,FAC003,MED0139,Dispense,2025-01-10,8,17829.84,VND015
TXN007357,FAC001,MED0019,Dispense,2025-09-08,27,36730.8,VND028
TXN006416,FAC001,MED0074,Dispense,2025-05-18,30,5504.4,VND008
TXN020676,FAC002,MED0131,Dispense,2025-12-07,50,44037.0,VND004
TXN001159,FAC005,MED0056,Dispense,2025-02-13,33,28981.59,VND009
TXN017561,FAC005,MED0002,Dispense,2025-06-21,81,20828.34,VND019
TXN014298,FAC001,MED0068,Dispense,2025-03-22,32,3733.12,VND017
TXN024401,FAC001,MED0068,Purchase,2025-09-30,24,2799.84,VND017
TXN019733,FAC003,MED0042,Dispense,2025-06-23,1,2494.37,VND017
TXN009404,FAC001,MED0052,Dispense,2025-06-22,76,65203.44,VND011
TXN001303,FAC004,MED0047,Dispense,2025-10-04,37,58710.12,VND002
TXN018116,FAC004,MED0085,Adjustment,2025-09-19,44,84780.08,VND008
TXN010163,FAC003,MED0068,Dispense,2025-09-07,32,3733.12,VND017
TXN019535,FAC005,MED0125,Dispense,2025-04-29,66,159844.08,VND018
TXN011961,FAC005,MED0053,Purchase,2025-08-28,36,23428.44,VND010
TXN014277,FAC003,MED0105,Dispense,2025-11-08,82,168348.46,VND019
TXN019844,FAC004,MED0062,Dispense,2025-11-01,46,27564.12,VND004
TXN014160,FAC002,MED0055,Dispense,2025-08-18,70,97948.9,VND012
TXN018667,FAC003,MED0098,Adjustment,2025-12-20,75,151412.25,VND016
TXN015036,FAC005,MED0068,Dispense,2025-11-06,37,4316.42,VND017
TXN023128,FAC005,MED0113,Dispense,2025-02-03,73,147359.99,VND024
TXN003107,FAC001,MED0178,Adjustment,2025-06-13,84,9226.56,VND019
TXN014668,FAC005,MED0056,Purchase,2025-04-14,90,79040.7,VND009
TXN006046,FAC003,MED0083,Purchase,2025-06-18,19,1596.19,VND026
TXN007008,FAC005,MED0035,Purchase,2025-05-28,48,38422.08,VND025
TXN016503,FAC005,MED0087,Dispense,2025-02-28,5,8755.9,VND015
TXN021086,FAC005,MED0023,Dispense,2025-08-25,28,25236.4,VND010
TXN008732,FAC002,MED0092,Return,2025-09-04,50,12096.5,VND030
TXN020038,FAC003,MED0169,Dispense,2025-09-23,72,98801.28,VND020
TXN014904,FAC004,MED0133,Dispense,2025-09-26,55,45704.45,VND026
TXN020374,FAC002,MED0113,Dispense,2025-08-14,55,111024.65,VND024
TXN013001,FAC003,MED0033,Dispense,2025-06-26,71,112637.24,VND030
TXN011558,FAC005,MED0074,Dispense,2025-02-10,30,5504.4,VND008
TXN005358,FAC002,MED0020,Dispense,2025-08-23,68,3193.96,VND001
TXN007478,FAC002,MED0095,Dispense,2025-12-12,59,23797.65,VND016
TXN004206,FAC005,MED0080,Dispense,2025-11-15,26,4804.28,VND001
TXN024538,FAC003,MED0168,Dispense,2025-11-26,41,57014.6,VND030
TXN024696,FAC003,MED0018,Dispense,2025-11-27,52,107806.92,VND015
TXN015365,FAC004,MED0052,Dispense,2025-08-21,53,45470.82,VND011
TXN002894,FAC005,MED0105,Dispense,2025-07-15,75,153977.25,VND019
TXN009215,FAC001,MED0163,Purchase,2025-02-14,14,29116.92,VND022
TXN010326,FAC001,MED0096,Dispense,2025-03-22,90,21308.4,VND014
TXN024005,FAC005,MED0029,Dispense,2025-04-19,22,11234.96,VND013
TXN008009,FAC001,MED0109,Dispense,2025-07-18,20,34131.6,VND026
TXN000219,FAC005,MED0002,Dispense,2025-07-05,44,11314.16,VND019
TXN014848,FAC002,MED0004,Dispense,2025-05-19,87,181173.15,VND024
TXN009721,FAC005,MED0065,Dispense,2025-03-10,33,73622.34,VND019
TXN017702,FAC003,MED0175,Dispense,2025-12-16,44,14391.96,VND023
TXN008024,FAC003,MED0179,Purchase,2025-01-24,30,13473.3,VND010
TXN017983,FAC004,MED0119,Dispense,2025-05-20,24,5651.76,VND019
TXN004473,FAC004,MED0118,Dispense,2025-08-30,56,54761.84,VND019
TXN009929,FAC003,MED0176,Purchase,2025-11-13,55,95902.4,VND008
TXN002877,FAC004,MED0068,Dispense,2025-03-08,16,1866.56,VND017
TXN016801,FAC004,MED0142,Dispense,2025-06-11,18,20532.96,VND015
TXN011316,FAC001,MED0106,Dispense,2025-04-08,64,104416.0,VND001
TXN011924,FAC005,MED0179,Dispense,2025-05-23,93,41767.23,VND010
TXN016555,FAC005,MED0160,Purchase,2025-10-19,74,46959.66,VND014
TXN003209,FAC002,MED0171,Purchase,2025-09-24,75,28088.25,VND029
TXN019275,FAC003,MED0011,Dispense,2025-01-28,12,20557.32,VND002
TXN019760,FAC003,MED0083,Dispense,2025-01-14,64,5376.64,VND026
TXN021425,FAC001,MED0134,Dispense,2025-04-12,97,114062.3,VND018
TXN014845,FAC002,MED0106,Purchase,2025-08-29,64,104416.0,VND001
TXN024637,FAC002,MED0163,Dispense,2025-05-24,54,112308.12,VND022
TXN017272,FAC005,MED0142,Return,2025-01-06,37,42206.64,VND015
TXN003116,FAC002,MED0065,Dispense,2025-01-16,99,220867.02,VND019
TXN006139,FAC002,MED0142,Purchase,2025-08-07,87,99242.64,VND015
TXN011944,FAC003,MED0024,Purchase,2025-03-09,73,82346.19,VND008
TXN016581,FAC005,MED0029,Return,2025-05-22,91,46471.88,VND013
TXN003942,FAC005,MED0133,Purchase,2025-03-25,85,70634.15,VND026
TXN011008,FAC004,MED0090,Dispense,2025-10-07,58,12153.32,VND021
TXN023259,FAC003,MED0103,Dispense,2025-12-14,36,52839.0,VND028
TXN001605,FAC002,MED0033,Dispense,2025-10-21,100,158644.0,VND030
TXN003694,FAC004,MED0088,Adjustment,2025-01-10,21,27187.02,VND018
TXN019940,FAC001,MED0056,Purchase,2025-02-06,48,42155.04,VND009
TXN023728,FAC002,MED0092,Purchase,2025-12-10,47,11370.71,VND030
TXN012864,FAC001,MED0020,Return,2025-02-20,44,2066.68,VND001
TXN020695,FAC002,MED0142,Dispense,2025-08-22,89,101524.08,VND015
TXN000963,FAC003,MED0179,Return,2025-10-31,23,10329.53,VND010
TXN016912,FAC002,MED0028,Dispense,2025-03-20,87,9462.12,VND007
TXN009264,FAC003,MED0037,Return,2025-07-28,35,886.2,VND003
TXN005536,FAC004,MED0159,Adjustment,2025-07-03,24,22790.4,VND010
TXN023725,FAC003,MED0050,Dispense,2025-11-18,63,127592.64,VND003
TXN022747,FAC005,MED0148,Dispense,2025-03-11,70,6197.1,VND022
TXN000328,FAC001,MED0010,Dispense,2025-01-25,66,133486.98,VND014
TXN019674,FAC005,MED0033,Adjustment,2025-11-28,75,118983.0,VND030
TXN014708,FAC004,MED0085,Adjustment,2025-05-13,87,167633.34,VND008
TXN013967,FAC001,MED0130,Dispense,2025-12-13,82,49021.24,VND020
TXN023726,FAC003,MED0094,Purchase,2025-06-28,12,21927.12,VND022
TXN007662,FAC003,MED0055,Purchase,2025-07-23,76,106344.52,VND012
TXN009998,FAC002,MED0090,Dispense,2025-03-29,54,11315.16,VND021
TXN023641,FAC003,MED0058,Dispense,2025-04-12,5,9825.35,VND008
TXN024060,FAC005,MED0005,Dispense,2025-05-22,74,114460.24,VND021
TXN002350,FAC001,MED0112,Dispense,2025-04-12,1,710.83,VND029
TXN024869,FAC002,MED0089,Purchase,2025-12-04,3,5586.45,VND028
TXN021666,FAC003,MED0015,Dispense,2025-07-28,27,52370.01,VND018
TXN012754,FAC005,MED0070,Purchase,2025-06-19,45,107237.7,VND009
TXN005039,FAC003,MED0014,Purchase,2025-03-30,41,21573.79,VND006
TXN015501,FAC005,MED0166,Dispense,2025-09-01,31,49639.99,VND021
TXN000619,FAC005,MED0123,Dispense,2025-09-10,77,95487.7,VND021
TXN018211,FAC003,MED0036,Purchase,2025-11-23,26,27881.1,VND027
TXN017300,FAC001,MED0177,Dispense,2025-12-29,75,125366.25,VND027
TXN013107,FAC002,MED0055,Dispense,2025-09-03,66,92351.82,VND012
TXN016547,FAC002,MED0118,Dispense,2025-06-30,46,44982.94,VND019
TXN002458,FAC001,MED0102,Adjustment,2025-03-30,4,6170.8,VND004
TXN005246,FAC003,MED0004,Dispense,2025-11-05,50,104122.5,VND024
TXN020232,FAC003,MED0142,Dispense,2025-02-19,95,108368.4,VND015
TXN022091,FAC001,MED0059,Dispense,2025-07-24,20,18714.6,VND003
TXN022063,FAC005,MED0159,Dispense,2025-06-28,2,1899.2,VND010
TXN019282,FAC001,MED0092,Dispense,2025-06-14,75,18144.75,VND030
TXN008305,FAC002,MED0077,Purchase,2025-11-03,22,19884.7,VND022
TXN007049,FAC004,MED0044,Dispense,2025-12-12,73,44164.27,VND001
TXN021783,FAC002,MED0093,Purchase,2025-11-06,50,119376.0,VND001
TXN003296,FAC005,MED0077,Dispense,2025-02-04,16,14461.6,VND022
TXN004402,FAC001,MED0105,Dispense,2025-09-25,4,8212.12,VND019
TXN002311,FAC001,MED0066,Dispense,2025-04-22,79,99585.03,VND021
TXN012036,FAC003,MED0144,Dispense,2025-09-06,32,76045.76,VND010
TXN002404,FAC001,MED0137,Purchase,2025-10-29,54,11586.78,VND017
TXN006495,FAC003,MED0156,Dispense,2025-09-20,58,2440.06,VND001
TXN000879,FAC004,MED0061,Purchase,2025-10-19,3,4898.07,VND003
TXN018990,FAC003,MED0166,Purchase,2025-12-24,74,118495.46,VND021
TXN002110,FAC001,MED0145,Purchase,2025-07-03,62,96308.94,VND024
TXN018470,FAC005,MED0086,Purchase,2025-04-03,78,17213.82,VND007
TXN021172,FAC001,MED0124,Adjustment,2025-08-04,29,53496.01,VND005
TXN006587,FAC003,MED0180,Dispense,2025-11-06,7,8093.82,VND005
TXN023585,FAC004,MED0047,Purchase,2025-05-26,87,138048.12,VND002
TXN000411,FAC002,MED0126,Dispense,2025-09-06,21,45533.04,VND012
TXN014003,FAC001,MED0077,Dispense,2025-08-28,23,20788.55,VND022
TXN003900,FAC002,MED0080,Dispense,2025-10-09,75,13858.5,VND001
TXN008539,FAC001,MED0170,Purchase,2025-05-10,56,87261.44,VND030
TXN006563,FAC004,MED0088,Adjustment,2025-02-19,88,113926.56,VND018
TXN019021,FAC001,MED0016,Dispense,2025-09-13,90,134817.3,VND004
TXN002190,FAC003,MED0135,Dispense,2025-10-07,51,15344.88,VND008
TXN017134,FAC005,MED0024,Purchase,2025-12-07,76,85730.28,VND008
TXN021412,FAC001,MED0142,Dispense,2025-02-01,34,38784.48,VND015
TXN006782,FAC001,MED0103,Dispense,2025-07-30,80,117420.0,VND028
TXN008814,FAC002,MED0038,Purchase,2025-05-18,60,33689.4,VND030
TXN020719,FAC003,MED0075,Adjustment,2025-08-08,20,7141.8,VND023
TXN013574,FAC005,MED0062,Dispense,2025-03-16,46,27564.12,VND004
TXN012541,FAC002,MED0062,Purchase,2025-04-09,41,24568.02,VND004
TXN011774,FAC002,MED0012,Dispense,2025-08-08,3,6252.96,VND029
TXN013166,FAC003,MED0054,Dispense,2025-04-06,16,21246.24,VND020
TXN007889,FAC005,MED0018,Dispense,2025-10-10,9,18658.89,VND015
TXN004586,FAC002,MED0119,Purchase,2025-02-10,25,5887.25,VND019
TXN011607,FAC005,MED0097,Purchase,2025-12-01,78,137398.56,VND030
TXN022167,FAC005,MED0129,Dispense,2025-07-02,62,90309.82,VND019
TXN021426,FAC005,MED0015,Dispense,2025-03-22,33,64007.79,VND018
TXN021825,FAC003,MED0037,Dispense,2025-06-20,35,886.2,VND003
TXN015392,FAC004,MED0031,Adjustment,2025-12-07,96,181519.68,VND015
TXN011203,FAC001,MED0108,Purchase,2025-05-16,97,165874.85,VND018
TXN004418,FAC002,MED0060,Purchase,2025-09-03,37,26474.61,VND029
TXN000543,FAC002,MED0176,Dispense,2025-09-30,30,52310.4,VND008
TXN013230,FAC002,MED0154,Dispense,2025-08-29,19,18186.42,VND026
TXN008584,FAC001,MED0166,Return,2025-09-24,42,67254.18,VND021
TXN008890,FAC002,MED0021,Purchase,2025-10-19,70,1523.2,VND008
TXN015443,FAC005,MED0023,Return,2025-02-02,35,31545.5,VND010
TXN011616,FAC002,MED0113,Dispense,2025-06-08,64,129192.32,VND024
TXN006187,FAC004,MED0141,Purchase,2025-08-31,38,49839.28,VND025
TXN005226,FAC003,MED0082,Purchase,2025-04-04,75,87620.25,VND019
TXN005467,FAC004,MED0163,Dispense,2025-08-15,69,143504.82,VND022
TXN008603,FAC003,MED0098,Dispense,2025-12-07,37,74696.71,VND016
TXN012716,FAC005,MED0151,Dispense,2025-08-01,5,11492.95,VND015
TXN017905,FAC002,MED0019,Dispense,2025-10-07,46,62578.4,VND028
TXN021342,FAC001,MED0155,Dispense,2025-08-01,59,123730.08,VND017
TXN016060,FAC004,MED0030,Dispense,2025-11-19,97,123709.92,VND029
TXN008252,FAC003,MED0173,Dispense,2025-08-11,43,53130.8,VND006
TXN002320,FAC003,MED0047,Purchase,2025-02-02,99,157089.24,VND002
TXN021844,FAC001,MED0035,Dispense,2025-04-03,93,74442.78,VND025
TXN014545,FAC005,MED0020,Adjustment,2025-04-11,97,4556.09,VND001
TXN009377,FAC004,MED0084,Dispense,2025-09-28,60,54336.0,VND015
TXN003063,FAC005,MED0005,Dispense,2025-08-15,20,30935.2,VND021
TXN018834,FAC002,MED0145,Dispense,2025-12-08,31,48154.47,VND024
TXN001007,FAC001,MED0125,Adjustment,2025-04-13,94,227656.72,VND018
TXN006757,FAC004,MED0095,Purchase,2025-01-07,39,15730.65,VND016
TXN009893,FAC003,MED0134,Dispense,2025-02-26,58,68202.2,VND018
TXN005550,FAC001,MED0131,Dispense,2025-06-07,6,5284.44,VND004
TXN012524,FAC005,MED0038,Purchase,2025-09-07,65,36496.85,VND030
TXN010873,FAC004,MED0034,Dispense,2025-02-25,30,14187.9,VND012
TXN007504,FAC005,MED0043,Dispense,2025-02-17,76,78454.8,VND002
TXN024961,FAC005,MED0155,Return,2025-08-09,96,201323.52,VND017
TXN002248,FAC002,MED0007,Purchase,2025-04-15,99,241025.4,VND028
TXN023516,FAC003,MED0120,Purchase,2025-02-11,75,107775.75,VND020
TXN006400,FAC001,MED0010,Adjustment,2025-02-13,94,190117.82,VND014
TXN014946,FAC002,MED0145,Dispense,2025-03-18,7,10873.59,VND024
TXN022448,FAC005,MED0158,Dispense,2025-07-14,4,5864.76,VND021
TXN010499,FAC003,MED0048,Dispense,2025-10-26,75,60553.5,VND009
TXN009734,FAC005,MED0121,Purchase,2025-05-29,24,19848.72,VND012
TXN008608,FAC005,MED0070,Dispense,2025-04-13,2,4766.12,VND009
TXN022186,FAC003,MED0153,Dispense,2025-04-27,62,74714.96,VND001
TXN006726,FAC004,MED0019,Dispense,2025-05-10,19,25847.6,VND028
TXN021906,FAC002,MED0125,Dispense,2025-12-20,55,133203.4,VND018
TXN004715,FAC003,MED0091,Dispense,2025-03-25,84,36947.4,VND001
TXN003438,FAC003,MED0078,Adjustment,2025-04-08,16,10343.52,VND003
TXN020222,FAC001,MED0048,Dispense,2025-06-06,95,76701.1,VND009
TXN016026,FAC001,MED0072,Adjustment,2025-01-01,90,87089.4,VND029
TXN004224,FAC001,MED0155,Dispense,2025-03-22,82,171963.84,VND017
TXN001356,FAC004,MED0156,Purchase,2025-06-03,32,1346.24,VND001
TXN017535,FAC004,MED0047,Purchase,2025-12-31,99,157089.24,VND002
TXN010862,FAC004,MED0140,Dispense,2025-01-23,34,6524.6,VND028
TXN015136,FAC002,MED0117,Adjustment,2025-04-29,68,140592.04,VND020
TXN015780,FAC001,MED0046,Dispense,2025-06-19,50,30009.5,VND024
TXN007657,FAC001,MED0145,Dispense,2025-03-16,97,150676.89,VND024
TXN024986,FAC001,MED0152,Return,2025-10-30,60,7240.8,VND027
TXN010744,FAC003,MED0029,Dispense,2025-02-13,79,40343.72,VND013
TXN014493,FAC005,MED0011,Dispense,2025-06-02,25,42827.75,VND002
TXN011288,FAC004,MED0134,Dispense,2025-03-07,97,114062.3,VND018
TXN023160,FAC003,MED0100,Dispense,2025-09-25,56,124186.16,VND005
TXN016689,FAC002,MED0160,Dispense,2025-07-25,75,47594.25,VND014
TXN015105,FAC001,MED0117,Purchase,2025-08-01,27,55823.31,VND020
TXN024968,FAC001,MED0025,Dispense,2025-12-29,21,35017.08,VND024
TXN024576,FAC002,MED0005,Dispense,2025-01-14,79,122194.04,VND021
TXN023118,FAC002,MED0016,Purchase,2025-09-22,55,82388.35,VND004
TXN003103,FAC005,MED0004,Dispense,2025-04-05,98,204080.1,VND024
TXN000060,FAC002,MED0040,Adjustment,2025-03-20,79,13407.09,VND017
TXN012038,FAC004,MED0009,Dispense,2025-09-14,18,3061.98,VND009
TXN024784,FAC004,MED0139,Dispense,2025-07-08,65,144867.45,VND015
TXN006537,FAC001,MED0107,Dispense,2025-02-08,56,30394.56,VND013
TXN001164,FAC003,MED0105,Purchase,2025-09-13,74,151924.22,VND019
TXN011061,FAC001,MED0004,Dispense,2025-11-09,32,66638.4,VND024
TXN002459,FAC001,MED0174,Dispense,2025-05-08,21,12735.24,VND011
TXN023659,FAC001,MED0163,Dispense,2025-03-21,91,189259.98,VND022
TXN022383,FAC002,MED0104,Dispense,2025-06-21,28,40231.24,VND018
TXN020945,FAC003,MED0160,Purchase,2025-09-20,21,13326.39,VND014
TXN006952,FAC001,MED0067,Dispense,2025-01-24,42,24428.04,VND005
TXN020745,FAC001,MED0125,Purchase,2025-10-07,37,89609.56,VND018
TXN019035,FAC002,MED0045,Dispense,2025-09-21,43,105962.32,VND026
TXN009888,FAC002,MED0176,Dispense,2025-06-27,15,26155.2,VND008
TXN016551,FAC003,MED0179,Dispense,2025-02-26,30,13473.3,VND010
TXN020478,FAC004,MED0178,Dispense,2025-01-08,24,2636.16,VND019
TXN005164,FAC001,MED0133,Purchase,2025-01-20,77,63986.23,VND026
TXN006483,FAC002,MED0160,Dispense,2025-02-07,36,22845.24,VND014
TXN020117,FAC002,MED0009,Adjustment,2025-10-10,11,1871.21,VND009
TXN024130,FAC004,MED0032,Purchase,2025-03-09,20,8195.2,VND019
TXN003473,FAC005,MED0160,Dispense,2025-09-29,33,20941.47,VND014
TXN019443,FAC005,MED0007,Dispense,2025-03-12,46,111991.6,VND028
TXN005976,FAC001,MED0023,Dispense,2025-08-18,20,18026.0,VND010
TXN019971,FAC001,MED0085,Purchase,2025-09-26,20,38536.4,VND008
TXN019413,FAC003,MED0073,Purchase,2025-07-16,50,69777.5,VND018
TXN024456,FAC004,MED0085,Return,2025-11-04,57,109828.74,VND008
TXN016766,FAC002,MED0025,Purchase,2025-05-30,73,121726.04,VND024
TXN002147,FAC002,MED0090,Dispense,2025-10-15,2,419.08,VND021
TXN015896,FAC001,MED0104,Dispense,2025-08-17,10,14368.3,VND018
TXN013152,FAC004,MED0177,Purchase,2025-05-19,91,152111.05,VND027
TXN007917,FAC005,MED0169,Dispense,2025-08-28,77,105662.48,VND020
TXN020880,FAC004,MED0139,Dispense,2025-12-04,5,11143.65,VND015
TXN007835,FAC003,MED0049,Purchase,2025-04-12,93,76286.97,VND020
TXN023365,FAC004,MED0107,Dispense,2025-03-01,24,13026.24,VND013
TXN000611,FAC001,MED0160,Adjustment,2025-12-22,53,33633.27,VND014
TXN019387,FAC004,MED0053,Dispense,2025-10-20,39,25380.81,VND010
TXN013806,FAC004,MED0150,Dispense,2025-01-13,12,24693.12,VND003
TXN000644,FAC001,MED0014,Dispense,2025-01-15,50,26309.5,VND006
TXN014059,FAC003,MED0180,Dispense,2025-01-26,57,65906.82,VND005
TXN011818,FAC004,MED0170,Adjustment,2025-04-04,61,95052.64,VND030
TXN012507,FAC003,MED0077,Purchase,2025-04-21,99,89481.15,VND022
TXN006162,FAC003,MED0148,Dispense,2025-01-23,46,4072.38,VND022
TXN007242,FAC002,MED0177,Dispense,2025-02-22,5,8357.75,VND027
TXN014305,FAC001,MED0057,Return,2025-03-29,47,104355.04,VND024
TXN019592,FAC003,MED0054,Purchase,2025-04-08,96,127477.44,VND020
TXN015645,FAC003,MED0109,Dispense,2025-02-05,57,97275.06,VND026
TXN000103,FAC002,MED0103,Dispense,2025-07-11,55,80726.25,VND028
TXN006356,FAC003,MED0145,Purchase,2025-02-05,37,57474.69,VND024
TXN017410,FAC004,MED0123,Purchase,2025-01-25,34,42163.4,VND021
TXN018300,FAC001,MED0169,Purchase,2025-04-23,55,75473.2,VND020
TXN010088,FAC004,MED0035,Dispense,2025-09-11,7,5603.22,VND025
TXN007052,FAC001,MED0136,Adjustment,2025-06-24,3,4385.25,VND003
TXN007071,FAC002,MED0033,Adjustment,2025-04-09,45,71389.8,VND030
TXN018296,FAC005,MED0157,Dispense,2025-10-13,37,49564.83,VND017
TXN008248,FAC003,MED0080,Return,2025-04-10,93,17184.54,VND001
TXN016507,FAC005,MED0124,Dispense,2025-07-11,64,118060.16,VND005
TXN013467,FAC005,MED0124,Dispense,2025-04-04,96,177090.24,VND005
TXN004697,FAC005,MED0089,Dispense,2025-09-09,82,152696.3,VND028
TXN024934,FAC002,MED0033,Dispense,2025-04-08,17,26969.48,VND030
TXN014912,FAC003,MED0061,Dispense,2025-04-24,45,73471.05,VND003
TXN011629,FAC004,MED0036,Adjustment,2025-03-17,21,22519.35,VND027
TXN009543,FAC001,MED0062,Purchase,2025-11-03,41,24568.02,VND004
TXN005051,FAC002,MED0121,Adjustment,2025-10-23,12,9924.36,VND012
TXN016499,FAC003,MED0140,Dispense,2025-12-07,23,4413.7,VND028
TXN000361,FAC001,MED0086,Dispense,2025-06-06,42,9268.98,VND007
TXN009483,FAC002,MED0066,Dispense,2025-10-03,9,11345.13,VND021
TXN002911,FAC001,MED0002,Dispense,2025-08-21,7,1799.98,VND019
TXN012296,FAC004,MED0172,Purchase,2025-08-17,25,16288.75,VND017
TXN002200,FAC005,MED0030,Dispense,2025-08-11,13,16579.68,VND029
TXN023523,FAC001,MED0014,Purchase,2025-08-25,67,35254.73,VND006
TXN004140,FAC004,MED0024,Dispense,2025-01-28,22,24816.66,VND008
TXN003506,FAC004,MED0128,Dispense,2025-12-23,13,4853.42,VND026
TXN019126,FAC003,MED0035,Dispense,2025-02-19,12,9605.52,VND025
TXN009326,FAC001,MED0079,Adjustment,2025-09-16,86,1799.12,VND026
TXN019011,FAC002,MED0164,Dispense,2025-04-21,61,147631.59,VND022
TXN022002,FAC004,MED0124,Adjustment,2025-09-11,61,112526.09,VND005
TXN023040,FAC004,MED0008,Adjustment,2025-10-08,75,9281.25,VND025
TXN011063,FAC001,MED0076,Purchase,2025-04-30,4,7416.0,VND026
TXN011805,FAC003,MED0045,Dispense,2025-03-23,67,165104.08,VND026
TXN021068,FAC002,MED0104,Dispense,2025-11-08,28,40231.24,VND018
TXN011849,FAC002,MED0007,Dispense,2025-08-02,28,68168.8,VND028
TXN022393,FAC003,MED0064,Dispense,2025-06-13,75,50166.0,VND022
TXN001523,FAC003,MED0110,Dispense,2025-08-02,16,4839.52,VND007
TXN017550,FAC004,MED0148,Purchase,2025-11-20,81,7170.93,VND022
TXN021979,FAC005,MED0135,Return,2025-05-20,64,19256.32,VND008
