sample_id,lab_order_id,patient_id,facility_id,test_id,sample_type,collection_date,sample_status
SMP100023,LO100023,PAT02772,FAC003,LAB007,Urine,2025-11-25,Collected
SMP100037,LO100037,PAT03616,FAC005,LAB009,Radiology,2025-08-23,Collected
SMP100044,LO100044,PAT05614,FAC002,LAB007,Urine,2025-10-01,Collected
SMP100045,LO100045,PAT05768,FAC005,LAB013,Swab,2025-05-02,Collected
SMP100048,LO100048,PAT03548,FAC001,LAB006,Blood,2025-10-05,Collected
SMP100049,LO100049,PAT08268,FAC003,LAB001,Blood,2025-12-04,Collected
SMP100052,LO100052,PAT02456,FAC002,LAB012,Blood,2025-11-06,Collected
SMP100057,LO100057,PAT03777,FAC002,LAB003,Blood,2025-09-26,Processed
SMP100058,LO100058,PAT05684,FAC005,LAB014,Blood,2025-01-04,Collected
SMP100062,LO100062,PAT02821,FAC004,LAB008,Urine,2025-12-17,Collected
SMP100066,LO100066,PAT07771,FAC002,LAB003,Blood,2025-02-27,Collected
SMP100071,LO100071,PAT07321,FAC001,LAB010,Radiology,2025-10-24,Collected
SMP100092,LO100092,PAT08930,FAC003,LAB012,Blood,2025-08-09,Collected
SMP100094,LO100094,PAT00945,FAC004,LAB012,Blood,2025-05-04,Collected
SMP100123,LO100123,PAT02752,FAC005,LAB010,Radiology,2025-10-15,Collected
SMP100127,LO100127,PAT04192,FAC004,LAB007,Urine,2025-02-17,Collected
SMP100133,LO100133,PAT02999,FAC002,LAB005,Blood,2025-07-20,Processed
SMP100134,LO100134,PAT09965,FAC004,LAB010,Radiology,2025-03-10,Collected
SMP100142,LO100142,PAT06821,FAC003,LAB005,Blood,2025-06-16,Collected
SMP100146,LO100146,PAT04102,FAC002,LAB007,Urine,2025-04-05,Collected
SMP100157,LO100157,PAT03284,FAC003,LAB012,Blood,2025-04-14,Collected
SMP100160,LO100160,PAT06551,FAC002,LAB005,Blood,2025-04-07,Collected
SMP100166,LO100166,PAT02992,FAC001,LAB003,Blood,2025-09-30,Collected
SMP100167,LO100167,PAT06078,FAC004,LAB009,Radiology,2025-06-08,Collected
SMP100168,LO100168,PAT05398,FAC004,LAB009,Radiology,2025-01-11,Collected
SMP100170,LO100170,PAT07170,FAC005,LAB013,Swab,2025-01-03,Processed
SMP100173,LO100173,PAT04128,FAC004,LAB005,Blood,2025-12-12,Processed
SMP100175,LO100175,PAT06163,FAC004,LAB008,Urine,2025-01-02,Collected
SMP100177,LO100177,PAT07573,FAC001,LAB007,Urine,2025-11-16,Collected
SMP100185,LO100185,PAT01198,FAC004,LAB003,Blood,2025-07-19,Collected
SMP100188,LO100188,PAT09244,FAC005,LAB005,Blood,2025-04-23,Processed
SMP100191,LO100191,PAT09270,FAC005,LAB011,Blood,2025-09-22,Collected
SMP100202,LO100202,PAT05307,FAC004,LAB010,Radiology,2025-09-08,Collected
SMP100205,LO100205,PAT04016,FAC002,LAB004,Blood,2025-11-05,Collected
SMP100212,LO100212,PAT05839,FAC005,LAB005,Blood,2025-08-21,Collected
SMP100213,LO100213,PAT04748,FAC004,LAB013,Swab,2025-02-11,Collected
SMP100221,LO100221,PAT04924,FAC002,LAB005,Blood,2025-10-27,Collected
SMP100222,LO100222,PAT06283,FAC001,LAB010,Radiology,2025-08-09,Collected
SMP100225,LO100225,PAT02808,FAC005,LAB004,Blood,2025-06-24,Collected
SMP100227,LO100227,PAT09884,FAC001,LAB015,Blood,2025-05-12,Collected
SMP100231,LO100231,PAT03644,FAC003,LAB001,Blood,2025-05-04,Collected
SMP100232,LO100232,PAT04339,FAC001,LAB005,Blood,2025-01-21,Collected
SMP100236,LO100236,PAT02272,FAC004,LAB003,Blood,2025-02-27,Collected
SMP100237,LO100237,PAT03753,FAC005,LAB014,Blood,2025-02-15,Collected
SMP100238,LO100238,PAT04871,FAC001,LAB002,Blood,2025-01-26,Collected
SMP100242,LO100242,PAT01800,FAC001,LAB004,Blood,2025-06-05,Collected
SMP100255,LO100255,PAT08787,FAC005,LAB002,Blood,2025-11-08,Collected
SMP100257,LO100257,PAT09614,FAC004,LAB012,Blood,2025-03-05,Collected
SMP100266,LO100266,PAT09943,FAC005,LAB002,Blood,2025-09-25,Collected
SMP100276,LO100276,PAT09560,FAC005,LAB001,Blood,2025-08-23,Collected
SMP100281,LO100281,PAT00150,FAC002,LAB012,Blood,2025-01-28,Collected
SMP100282,LO100282,PAT03951,FAC003,LAB005,Blood,2025-07-28,Collected
SMP100286,LO100286,PAT02418,FAC004,LAB007,Urine,2025-10-08,Collected
SMP100289,LO100289,PAT06934,FAC005,LAB001,Blood,2025-01-03,Collected
SMP100295,LO100295,PAT02454,FAC001,LAB011,Blood,2025-02-16,Collected
SMP100298,LO100298,PAT04112,FAC001,LAB005,Blood,2025-07-11,Collected
SMP100299,LO100299,PAT05793,FAC004,LAB008,Urine,2025-12-16,Collected
SMP100300,LO100300,PAT07529,FAC004,LAB014,Blood,2025-08-29,Collected
SMP100308,LO100308,PAT08577,FAC005,LAB001,Blood,2025-01-11,Collected
SMP100309,LO100309,PAT00933,FAC004,LAB011,Blood,2025-03-22,Collected
SMP100313,LO100313,PAT00331,FAC005,LAB002,Blood,2025-02-10,Collected
SMP100319,LO100319,PAT07229,FAC001,LAB006,Blood,2025-09-08,Collected
SMP100320,LO100320,PAT03693,FAC003,LAB015,Blood,2025-06-10,Processed
SMP100322,LO100322,PAT02070,FAC005,LAB002,Blood,2025-11-14,Collected
SMP100332,LO100332,PAT01086,FAC004,LAB008,Urine,2025-01-18,Collected
SMP100336,LO100336,PAT03022,FAC003,LAB003,Blood,2025-09-22,Collected
SMP100338,LO100338,PAT07682,FAC001,LAB013,Swab,2025-10-10,Collected
SMP100343,LO100343,PAT02456,FAC002,LAB007,Urine,2025-07-15,Processed
SMP100353,LO100353,PAT03493,FAC005,LAB008,Urine,2025-04-27,Collected
SMP100357,LO100357,PAT01384,FAC004,LAB001,Blood,2025-12-23,Collected
SMP100364,LO100364,PAT02537,FAC003,LAB007,Urine,2025-11-28,Collected
SMP100366,LO100366,PAT02299,FAC002,LAB006,Blood,2025-03-27,Collected
SMP100369,LO100369,PAT03102,FAC001,LAB010,Radiology,2025-01-08,Collected
SMP100371,LO100371,PAT08618,FAC004,LAB014,Blood,2025-11-21,Collected
SMP100386,LO100386,PAT00231,FAC004,LAB008,Urine,2025-12-01,Collected
SMP100388,LO100388,PAT00304,FAC003,LAB005,Blood,2025-02-27,Collected
SMP100390,LO100390,PAT02803,FAC004,LAB015,Blood,2025-10-17,Collected
SMP100391,LO100391,PAT03315,FAC005,LAB012,Blood,2025-06-29,Collected
SMP100396,LO100396,PAT02082,FAC004,LAB014,Blood,2025-01-11,Processed
SMP100409,LO100409,PAT01784,FAC004,LAB014,Blood,2025-02-17,Processed
SMP100417,LO100417,PAT04591,FAC004,LAB002,Blood,2025-02-25,Collected
SMP100419,LO100419,PAT03945,FAC001,LAB001,Blood,2025-08-30,Collected
SMP100429,LO100429,PAT00103,FAC002,LAB011,Blood,2025-07-02,Processed
SMP100433,LO100433,PAT00120,FAC005,LAB005,Blood,2025-10-20,Collected
SMP100435,LO100435,PAT05082,FAC002,LAB008,Urine,2025-05-17,Processed
SMP100436,LO100436,PAT02958,FAC005,LAB012,Blood,2025-07-07,Collected
SMP100439,LO100439,PAT07991,FAC002,LAB013,Swab,2025-09-21,Collected
SMP100442,LO100442,PAT08374,FAC003,LAB008,Urine,2025-07-19,Processed
SMP100444,LO100444,PAT00451,FAC005,LAB014,Blood,2025-08-20,Collected
SMP100447,LO100447,PAT03979,FAC004,LAB004,Blood,2025-09-13,Collected
SMP100460,LO100460,PAT00750,FAC003,LAB002,Blood,2025-05-21,Collected
SMP100465,LO100465,PAT02944,FAC003,LAB014,Blood,2025-03-30,Collected
SMP100469,LO100469,PAT08736,FAC004,LAB013,Swab,2025-12-08,Collected
SMP100478,LO100478,PAT02352,FAC002,LAB010,Radiology,2025-06-16,Collected
SMP100483,LO100483,PAT01946,FAC002,LAB003,Blood,2025-12-16,Collected
SMP100486,LO100486,PAT06221,FAC004,LAB005,Blood,2025-07-14,Processed
SMP100492,LO100492,PAT02026,FAC001,LAB012,Blood,2025-08-20,Collected
SMP100498,LO100498,PAT09567,FAC003,LAB001,Blood,2025-09-30,Collected
SMP100499,LO100499,PAT09779,FAC002,LAB003,Blood,2025-03-20,Collected
SMP100503,LO100503,PAT07634,FAC001,LAB007,Urine,2025-02-05,Collected
SMP100504,LO100504,PAT08601,FAC002,LAB010,Radiology,2025-05-11,Collected
SMP100506,LO100506,PAT00915,FAC004,LAB006,Blood,2025-01-21,Processed
SMP100508,LO100508,PAT09146,FAC005,LAB008,Urine,2025-06-23,Collected
SMP100509,LO100509,PAT07631,FAC002,LAB006,Blood,2025-02-21,Collected
SMP100513,LO100513,PAT01283,FAC005,LAB006,Blood,2025-06-03,Collected
SMP100517,LO100517,PAT08169,FAC004,LAB005,Blood,2025-09-07,Collected
SMP100518,LO100518,PAT02586,FAC004,LAB012,Blood,2025-02-08,Collected
SMP100519,LO100519,PAT06649,FAC001,LAB015,Blood,2025-09-27,Collected
SMP100536,LO100536,PAT04966,FAC001,LAB012,Blood,2025-10-04,Collected
SMP100543,LO100543,PAT06867,FAC003,LAB004,Blood,2025-05-10,Collected
SMP100544,LO100544,PAT09843,FAC002,LAB009,Radiology,2025-04-29,Collected
SMP100551,LO100551,PAT04011,FAC002,LAB010,Radiology,2025-03-16,Processed
SMP100555,LO100555,PAT02862,FAC003,LAB011,Blood,2025-09-20,Collected
SMP100556,LO100556,PAT03593,FAC005,LAB009,Radiology,2025-12-01,Collected
SMP100558,LO100558,PAT02883,FAC005,LAB008,Urine,2025-11-21,Collected
SMP100567,LO100567,PAT01484,FAC002,LAB009,Radiology,2025-02-26,Collected
SMP100573,LO100573,PAT00358,FAC004,LAB015,Blood,2025-08-22,Collected
SMP100583,LO100583,PAT05774,FAC001,LAB003,Blood,2025-12-29,Collected
SMP100587,LO100587,PAT05815,FAC002,LAB009,Radiology,2025-09-18,Collected
SMP100590,LO100590,PAT03387,FAC001,LAB011,Blood,2025-08-04,Processed
SMP100611,LO100611,PAT07387,FAC005,LAB007,Urine,2025-09-20,Collected
SMP100615,LO100615,PAT02217,FAC001,LAB011,Blood,2025-04-17,Collected
SMP100617,LO100617,PAT03298,FAC003,LAB006,Blood,2025-06-03,Collected
SMP100622,LO100622,PAT01327,FAC004,LAB010,Radiology,2025-04-22,Collected
SMP100623,LO100623,PAT06349,FAC004,LAB005,Blood,2025-09-28,Collected
SMP100633,LO100633,PAT02639,FAC004,LAB015,Blood,2025-05-25,Collected
SMP100635,LO100635,PAT03657,FAC005,LAB007,Urine,2025-06-27,Collected
SMP100646,LO100646,PAT07121,FAC002,LAB010,Radiology,2025-09-14,Collected
SMP100653,LO100653,PAT09101,FAC001,LAB011,Blood,2025-07-08,Collected
SMP100654,LO100654,PAT03462,FAC001,LAB013,Swab,2025-04-24,Collected
SMP100657,LO100657,PAT01749,FAC005,LAB002,Blood,2025-03-25,Collected
SMP100661,LO100661,PAT09333,FAC004,LAB010,Radiology,2025-10-25,Collected
SMP100662,LO100662,PAT00612,FAC005,LAB002,Blood,2025-09-12,Collected
SMP100675,LO100675,PAT06046,FAC004,LAB005,Blood,2025-07-14,Collected
SMP100679,LO100679,PAT00080,FAC004,LAB007,Urine,2025-07-08,Collected
SMP100685,LO100685,PAT09782,FAC003,LAB012,Blood,2025-06-01,Processed
SMP100687,LO100687,PAT03624,FAC004,LAB002,Blood,2025-07-04,Collected
SMP100689,LO100689,PAT07309,FAC003,LAB015,Blood,2025-06-03,Collected
SMP100694,LO100694,PAT01484,FAC001,LAB012,Blood,2025-12-23,Collected
SMP100697,LO100697,PAT06851,FAC003,LAB002,Blood,2025-09-29,Collected
SMP100700,LO100700,PAT05475,FAC001,LAB001,Blood,2025-10-16,Collected
SMP100710,LO100710,PAT05921,FAC003,LAB004,Blood,2025-04-24,Collected
SMP100714,LO100714,PAT06731,FAC003,LAB013,Swab,2025-11-29,Collected
SMP100721,LO100721,PAT04951,FAC001,LAB010,Radiology,2025-07-19,Collected
SMP100723,LO100723,PAT06492,FAC003,LAB001,Blood,2025-04-23,Processed
SMP100724,LO100724,PAT07697,FAC005,LAB001,Blood,2025-03-29,Processed
SMP100736,LO100736,PAT05548,FAC005,LAB004,Blood,2025-01-20,Processed
SMP100742,LO100742,PAT02526,FAC005,LAB002,Blood,2025-02-20,Collected
SMP100743,LO100743,PAT06827,FAC001,LAB012,Blood,2025-05-14,Processed
SMP100747,LO100747,PAT04106,FAC001,LAB013,Swab,2025-12-31,Collected
SMP100751,LO100751,PAT01209,FAC004,LAB004,Blood,2025-09-29,Collected
SMP100753,LO100753,PAT02996,FAC005,LAB002,Blood,2025-03-01,Processed
SMP100761,LO100761,PAT02184,FAC003,LAB013,Swab,2025-06-17,Collected
SMP100765,LO100765,PAT02679,FAC005,LAB012,Blood,2025-01-30,Collected
SMP100771,LO100771,PAT03820,FAC004,LAB011,Blood,2025-12-11,Collected
SMP100776,LO100776,PAT07794,FAC002,LAB008,Urine,2025-08-19,Collected
SMP100779,LO100779,PAT07535,FAC005,LAB010,Radiology,2025-05-09,Collected
SMP100781,LO100781,PAT00591,FAC001,LAB001,Blood,2025-06-09,Processed
SMP100783,LO100783,PAT05026,FAC002,LAB014,Blood,2025-10-01,Collected
SMP100784,LO100784,PAT02110,FAC005,LAB007,Urine,2025-02-22,Collected
SMP100785,LO100785,PAT00579,FAC003,LAB011,Blood,2025-05-16,Collected
SMP100788,LO100788,PAT04673,FAC005,LAB006,Blood,2025-07-14,Collected
SMP100797,LO100797,PAT06897,FAC005,LAB012,Blood,2025-08-02,Collected
SMP100805,LO100805,PAT06026,FAC005,LAB015,Blood,2025-12-24,Collected
SMP100806,LO100806,PAT04305,FAC001,LAB009,Radiology,2025-12-14,Collected
SMP100809,LO100809,PAT06959,FAC004,LAB009,Radiology,2025-06-15,Processed
SMP100811,LO100811,PAT04388,FAC004,LAB011,Blood,2025-03-03,Collected
SMP100820,LO100820,PAT05014,FAC004,LAB011,Blood,2025-09-08,Collected
SMP100833,LO100833,PAT04490,FAC005,LAB007,Urine,2025-09-24,Processed
SMP100834,LO100834,PAT05345,FAC003,LAB012,Blood,2025-02-20,Collected
SMP100840,LO100840,PAT06271,FAC003,LAB003,Blood,2025-09-01,Rejected
SMP100845,LO100845,PAT04408,FAC004,LAB009,Radiology,2025-09-22,Collected
SMP100847,LO100847,PAT00124,FAC005,LAB005,Blood,2025-05-23,Collected
SMP100849,LO100849,PAT00606,FAC001,LAB001,Blood,2025-05-29,Collected
SMP100853,LO100853,PAT00120,FAC004,LAB008,Urine,2025-12-06,Processed
SMP100863,LO100863,PAT06956,FAC001,LAB010,Radiology,2025-12-03,Collected
SMP100867,LO100867,PAT01352,FAC005,LAB005,Blood,2025-09-02,Collected
SMP100868,LO100868,PAT08122,FAC002,LAB004,Blood,2025-10-11,Processed
SMP100869,LO100869,PAT06378,FAC001,LAB012,Blood,2025-11-05,Collected
SMP100874,LO100874,PAT05752,FAC002,LAB008,Urine,2025-11-10,Collected
SMP100878,LO100878,PAT07235,FAC002,LAB015,Blood,2025-05-08,Collected
SMP100882,LO100882,PAT07884,FAC004,LAB009,Radiology,2025-02-23,Rejected
SMP100886,LO100886,PAT00020,FAC005,LAB013,Swab,2025-03-14,Collected
SMP100888,LO100888,PAT09951,FAC005,LAB012,Blood,2025-12-21,Collected
SMP100893,LO100893,PAT08798,FAC004,LAB005,Blood,2025-12-28,Collected
SMP100894,LO100894,PAT02901,FAC002,LAB008,Urine,2025-06-25,Processed
SMP100895,LO100895,PAT02343,FAC004,LAB013,Swab,2025-03-12,Collected
SMP100897,LO100897,PAT07972,FAC005,LAB008,Urine,2025-09-22,Collected
SMP100906,LO100906,PAT01922,FAC003,LAB002,Blood,2025-12-05,Collected
SMP100915,LO100915,PAT05964,FAC004,LAB012,Blood,2025-05-08,Collected
SMP100918,LO100918,PAT01054,FAC002,LAB007,Urine,2025-08-04,Collected
SMP100925,LO100925,PAT05307,FAC004,LAB003,Blood,2025-06-16,Collected
SMP100929,LO100929,PAT05362,FAC005,LAB002,Blood,2025-03-01,Collected
SMP100932,LO100932,PAT05872,FAC001,LAB008,Urine,2025-09-14,Collected
SMP100942,LO100942,PAT04829,FAC002,LAB003,Blood,2025-03-04,Collected
SMP100958,LO100958,PAT09645,FAC001,LAB007,Urine,2025-02-11,Collected
SMP100960,LO100960,PAT08723,FAC002,LAB014,Blood,2025-08-11,Collected
SMP100963,LO100963,PAT06827,FAC001,LAB009,Radiology,2025-11-03,Collected
SMP100973,LO100973,PAT08671,FAC005,LAB006,Blood,2025-02-02,Collected
SMP100974,LO100974,PAT00178,FAC001,LAB005,Blood,2025-03-02,Collected
SMP100979,LO100979,PAT06804,FAC001,LAB007,Urine,2025-02-02,Collected
SMP100992,LO100992,PAT02449,FAC001,LAB003,Blood,2025-06-28,Processed
SMP100994,LO100994,PAT08766,FAC001,LAB003,Blood,2025-11-28,Processed
SMP101007,LO101007,PAT06322,FAC002,LAB010,Radiology,2025-10-18,Collected
SMP101010,LO101010,PAT06349,FAC003,LAB007,Urine,2025-02-09,Collected
SMP101011,LO101011,PAT07342,FAC001,LAB011,Blood,2025-01-25,Collected
SMP101012,LO101012,PAT09394,FAC002,LAB012,Blood,2025-07-18,Collected
SMP101014,LO101014,PAT00477,FAC002,LAB010,Radiology,2025-04-29,Processed
SMP101019,LO101019,PAT08983,FAC001,LAB009,Radiology,2025-07-12,Collected
SMP101031,LO101031,PAT04744,FAC003,LAB008,Urine,2025-03-14,Collected
SMP101037,LO101037,PAT04873,FAC005,LAB013,Swab,2025-08-28,Collected
SMP101038,LO101038,PAT05404,FAC003,LAB006,Blood,2025-02-18,Collected
SMP101041,LO101041,PAT07727,FAC002,LAB008,Urine,2025-10-30,Collected
SMP101045,LO101045,PAT05454,FAC004,LAB002,Blood,2025-05-24,Collected
SMP101049,LO101049,PAT02819,FAC004,LAB014,Blood,2025-02-10,Collected
SMP101068,LO101068,PAT02127,FAC005,LAB009,Radiology,2025-06-13,Collected
SMP101077,LO101077,PAT06694,FAC004,LAB015,Blood,2025-11-01,Collected
SMP101083,LO101083,PAT03373,FAC003,LAB012,Blood,2025-12-08,Rejected
SMP101087,LO101087,PAT01535,FAC005,LAB011,Blood,2025-02-09,Collected
SMP101098,LO101098,PAT07387,FAC005,LAB013,Swab,2025-01-21,Collected
SMP101101,LO101101,PAT03014,FAC005,LAB009,Radiology,2025-01-06,Collected
SMP101109,LO101109,PAT07223,FAC005,LAB005,Blood,2025-05-08,Collected
SMP101110,LO101110,PAT07361,FAC004,LAB013,Swab,2025-10-14,Collected
SMP101113,LO101113,PAT07230,FAC004,LAB012,Blood,2025-03-27,Collected
SMP101115,LO101115,PAT09405,FAC005,LAB006,Blood,2025-04-23,Collected
SMP101121,LO101121,PAT03669,FAC002,LAB012,Blood,2025-09-11,Collected
SMP101125,LO101125,PAT07248,FAC004,LAB015,Blood,2025-08-04,Collected
SMP101126,LO101126,PAT04685,FAC005,LAB013,Swab,2025-12-23,Collected
SMP101128,LO101128,PAT03706,FAC002,LAB005,Blood,2025-12-22,Collected
SMP101130,LO101130,PAT06030,FAC001,LAB004,Blood,2025-09-25,Collected
SMP101135,LO101135,PAT09238,FAC002,LAB002,Blood,2025-03-01,Rejected
SMP101139,LO101139,PAT03345,FAC005,LAB013,Swab,2025-11-25,Processed
SMP101141,LO101141,PAT05014,FAC002,LAB014,Blood,2025-06-12,Collected
SMP101142,LO101142,PAT04680,FAC001,LAB007,Urine,2025-08-04,Collected
SMP101144,LO101144,PAT08695,FAC002,LAB004,Blood,2025-02-13,Processed
SMP101151,LO101151,PAT02563,FAC005,LAB002,Blood,2025-01-25,Rejected
SMP101153,LO101153,PAT03707,FAC003,LAB011,Blood,2025-06-15,Collected
SMP101155,LO101155,PAT01248,FAC001,LAB011,Blood,2025-07-15,Collected
SMP101164,LO101164,PAT08122,FAC002,LAB006,Blood,2025-10-25,Collected
SMP101167,LO101167,PAT06731,FAC002,LAB004,Blood,2025-11-13,Collected
SMP101168,LO101168,PAT04861,FAC003,LAB002,Blood,2025-07-07,Collected
SMP101172,LO101172,PAT02678,FAC001,LAB007,Urine,2025-09-17,Collected
SMP101175,LO101175,PAT08243,FAC005,LAB008,Urine,2025-07-20,Collected
SMP101183,LO101183,PAT04430,FAC004,LAB014,Blood,2025-03-11,Collected
SMP101186,LO101186,PAT00036,FAC004,LAB004,Blood,2025-06-19,Collected
SMP101190,LO101190,PAT00813,FAC003,LAB008,Urine,2025-12-22,Collected
SMP101197,LO101197,PAT08402,FAC005,LAB009,Radiology,2025-05-28,Processed
SMP101206,LO101206,PAT01394,FAC004,LAB011,Blood,2025-07-07,Collected
SMP101213,LO101213,PAT05655,FAC001,LAB013,Swab,2025-02-02,Collected
SMP101215,LO101215,PAT06348,FAC001,LAB015,Blood,2025-02-13,Collected
SMP101218,LO101218,PAT04029,FAC004,LAB012,Blood,2025-11-19,Collected
SMP101220,LO101220,PAT01985,FAC002,LAB009,Radiology,2025-05-15,Collected
SMP101226,LO101226,PAT03515,FAC003,LAB013,Swab,2025-07-19,Collected
SMP101271,LO101271,PAT09050,FAC003,LAB008,Urine,2025-12-28,Collected
SMP101273,LO101273,PAT03821,FAC003,LAB012,Blood,2025-02-14,Collected
SMP101277,LO101277,PAT07294,FAC004,LAB010,Radiology,2025-08-09,Collected
SMP101282,LO101282,PAT05381,FAC004,LAB005,Blood,2025-10-16,Collected
SMP101286,LO101286,PAT09280,FAC003,LAB006,Blood,2025-01-04,Processed
SMP101288,LO101288,PAT00069,FAC002,LAB001,Blood,2025-01-19,Processed
SMP101294,LO101294,PAT08983,FAC001,LAB009,Radiology,2025-08-15,Collected
SMP101299,LO101299,PAT07820,FAC005,LAB008,Urine,2025-03-23,Collected
SMP101309,LO101309,PAT06077,FAC001,LAB012,Blood,2025-01-08,Collected
SMP101319,LO101319,PAT01890,FAC003,LAB015,Blood,2025-02-20,Collected
SMP101322,LO101322,PAT04078,FAC005,LAB015,Blood,2025-02-13,Collected
SMP101324,LO101324,PAT05894,FAC004,LAB003,Blood,2025-10-12,Collected
SMP101325,LO101325,PAT02472,FAC001,LAB001,Blood,2025-06-26,Processed
SMP101333,LO101333,PAT01007,FAC002,LAB004,Blood,2025-04-07,Collected
SMP101341,LO101341,PAT00813,FAC003,LAB005,Blood,2025-04-09,Collected
SMP101342,LO101342,PAT08745,FAC001,LAB001,Blood,2025-10-07,Processed
SMP101348,LO101348,PAT02549,FAC004,LAB012,Blood,2025-04-03,Collected
SMP101349,LO101349,PAT01749,FAC001,LAB001,Blood,2025-07-13,Collected
SMP101352,LO101352,PAT02583,FAC005,LAB007,Urine,2025-05-29,Collected
SMP101353,LO101353,PAT00915,FAC001,LAB004,Blood,2025-08-06,Collected
SMP101356,LO101356,PAT04124,FAC001,LAB008,Urine,2025-10-20,Collected
SMP101357,LO101357,PAT01741,FAC001,LAB006,Blood,2025-03-18,Collected
SMP101364,LO101364,PAT07370,FAC005,LAB007,Urine,2025-08-09,Collected
SMP101366,LO101366,PAT05643,FAC001,LAB003,Blood,2025-11-29,Collected
SMP101367,LO101367,PAT06787,FAC002,LAB001,Blood,2025-09-19,Collected
SMP101371,LO101371,PAT02877,FAC004,LAB008,Urine,2025-06-23,Collected
SMP101377,LO101377,PAT00915,FAC005,LAB012,Blood,2025-08-09,Collected
SMP101380,LO101380,PAT06927,FAC004,LAB008,Urine,2025-09-06,Collected
SMP101387,LO101387,PAT02500,FAC005,LAB008,Urine,2025-10-04,Collected
SMP101389,LO101389,PAT01154,FAC005,LAB011,Blood,2025-11-11,Processed
SMP101390,LO101390,PAT05782,FAC005,LAB006,Blood,2025-10-08,Collected
SMP101394,LO101394,PAT05872,FAC005,LAB004,Blood,2025-02-01,Collected
SMP101406,LO101406,PAT03388,FAC004,LAB005,Blood,2025-09-22,Processed
SMP101410,LO101410,PAT08770,FAC001,LAB002,Blood,2025-11-22,Collected
SMP101413,LO101413,PAT04462,FAC004,LAB003,Blood,2025-11-04,Collected
SMP101415,LO101415,PAT02237,FAC002,LAB001,Blood,2025-06-03,Collected
SMP101422,LO101422,PAT07624,FAC001,LAB002,Blood,2025-07-07,Collected
SMP101425,LO101425,PAT02096,FAC003,LAB009,Radiology,2025-12-25,Processed
SMP101438,LO101438,PAT09051,FAC003,LAB015,Blood,2025-07-08,Collected
SMP101455,LO101455,PAT09902,FAC003,LAB005,Blood,2025-07-09,Collected
SMP101457,LO101457,PAT03690,FAC003,LAB012,Blood,2025-02-16,Collected
SMP101458,LO101458,PAT03616,FAC002,LAB002,Blood,2025-05-02,Collected
SMP101462,LO101462,PAT06215,FAC003,LAB008,Urine,2025-12-10,Rejected
SMP101464,LO101464,PAT05708,FAC004,LAB010,Radiology,2025-09-09,Collected
SMP101482,LO101482,PAT08983,FAC005,LAB013,Swab,2025-08-25,Collected
SMP101485,LO101485,PAT00432,FAC005,LAB014,Blood,2025-12-23,Collected
SMP101492,LO101492,PAT06282,FAC001,LAB011,Blood,2025-08-03,Collected
SMP101497,LO101497,PAT00938,FAC002,LAB008,Urine,2025-11-29,Collected
SMP101501,LO101501,PAT00609,FAC002,LAB001,Blood,2025-10-09,Collected
SMP101508,LO101508,PAT04025,FAC005,LAB006,Blood,2025-12-12,Collected
SMP101510,LO101510,PAT05788,FAC005,LAB009,Radiology,2025-08-06,Collected
SMP101512,LO101512,PAT09744,FAC002,LAB002,Blood,2025-11-08,Collected
SMP101517,LO101517,PAT01403,FAC005,LAB010,Radiology,2025-10-07,Collected
SMP101519,LO101519,PAT09103,FAC005,LAB005,Blood,2025-02-11,Collected
SMP101522,LO101522,PAT06988,FAC005,LAB007,Urine,2025-07-26,Rejected
SMP101524,LO101524,PAT04047,FAC004,LAB002,Blood,2025-11-07,Collected
SMP101526,LO101526,PAT02237,FAC005,LAB006,Blood,2025-04-05,Processed
SMP101532,LO101532,PAT08411,FAC002,LAB001,Blood,2025-12-03,Collected
SMP101538,LO101538,PAT08823,FAC002,LAB013,Swab,2025-03-02,Collected
SMP101539,LO101539,PAT07540,FAC002,LAB004,Blood,2025-05-18,Collected
SMP101553,LO101553,PAT06694,FAC001,LAB012,Blood,2025-11-04,Collected
SMP101557,LO101557,PAT09530,FAC003,LAB007,Urine,2025-01-18,Collected
SMP101566,LO101566,PAT04747,FAC001,LAB007,Urine,2025-06-19,Collected
SMP101567,LO101567,PAT03547,FAC004,LAB007,Urine,2025-10-29,Collected
SMP101570,LO101570,PAT02232,FAC004,LAB012,Blood,2025-09-11,Collected
SMP101571,LO101571,PAT05285,FAC003,LAB014,Blood,2025-03-03,Collected
SMP101575,LO101575,PAT04660,FAC003,LAB011,Blood,2025-07-20,Collected
SMP101578,LO101578,PAT07169,FAC001,LAB006,Blood,2025-10-30,Collected
SMP101584,LO101584,PAT02320,FAC002,LAB014,Blood,2025-04-22,Collected
SMP101594,LO101594,PAT05801,FAC004,LAB010,Radiology,2025-09-18,Collected
SMP101600,LO101600,PAT09103,FAC004,LAB002,Blood,2025-07-29,Collected
SMP101608,LO101608,PAT00512,FAC003,LAB007,Urine,2025-09-08,Collected
SMP101619,LO101619,PAT04873,FAC002,LAB004,Blood,2025-08-14,Collected
SMP101627,LO101627,PAT06456,FAC002,LAB006,Blood,2025-10-31,Collected
SMP101632,LO101632,PAT06138,FAC005,LAB010,Radiology,2025-07-04,Collected
SMP101635,LO101635,PAT05310,FAC001,LAB005,Blood,2025-02-06,Rejected
SMP101647,LO101647,PAT01944,FAC002,LAB008,Urine,2025-08-31,Collected
SMP101648,LO101648,PAT05964,FAC001,LAB002,Blood,2025-02-08,Collected
SMP101651,LO101651,PAT06349,FAC005,LAB006,Blood,2025-10-30,Processed
SMP101652,LO101652,PAT06088,FAC002,LAB006,Blood,2025-09-10,Collected
SMP101659,LO101659,PAT01369,FAC003,LAB011,Blood,2025-12-26,Collected
SMP101661,LO101661,PAT01454,FAC003,LAB006,Blood,2025-12-03,Collected
SMP101662,LO101662,PAT08185,FAC001,LAB001,Blood,2025-12-04,Collected
SMP101663,LO101663,PAT03446,FAC004,LAB015,Blood,2025-04-28,Collected
SMP101664,LO101664,PAT04686,FAC001,LAB011,Blood,2025-08-06,Collected
SMP101669,LO101669,PAT03785,FAC005,LAB012,Blood,2025-01-04,Processed
SMP101692,LO101692,PAT04191,FAC002,LAB011,Blood,2025-05-27,Collected
SMP101700,LO101700,PAT09943,FAC001,LAB005,Blood,2025-08-19,Collected
SMP101705,LO101705,PAT02040,FAC004,LAB014,Blood,2025-10-10,Collected
SMP101721,LO101721,PAT07269,FAC005,LAB002,Blood,2025-07-14,Collected
SMP101734,LO101734,PAT09020,FAC003,LAB002,Blood,2025-04-29,Processed
SMP101737,LO101737,PAT01007,FAC002,LAB009,Radiology,2025-07-11,Collected
SMP101740,LO101740,PAT02761,FAC002,LAB012,Blood,2025-07-14,Collected
SMP101744,LO101744,PAT00979,FAC001,LAB013,Swab,2025-12-12,Collected
SMP101746,LO101746,PAT09943,FAC003,LAB002,Blood,2025-04-07,Collected
SMP101751,LO101751,PAT07064,FAC004,LAB004,Blood,2025-02-07,Processed
SMP101757,LO101757,PAT01714,FAC002,LAB014,Blood,2025-12-14,Collected
SMP101761,LO101761,PAT04961,FAC004,LAB004,Blood,2025-03-16,Processed
SMP101788,LO101788,PAT03166,FAC001,LAB001,Blood,2025-11-20,Processed
SMP101794,LO101794,PAT00903,FAC005,LAB005,Blood,2025-10-05,Processed
SMP101796,LO101796,PAT08770,FAC002,LAB005,Blood,2025-05-23,Collected
SMP101799,LO101799,PAT00813,FAC005,LAB008,Urine,2025-05-13,Collected
SMP101808,LO101808,PAT05023,FAC002,LAB003,Blood,2025-09-03,Processed
SMP101810,LO101810,PAT03801,FAC005,LAB002,Blood,2025-10-28,Processed
SMP101817,LO101817,PAT02316,FAC005,LAB009,Radiology,2025-03-23,Collected
SMP101826,LO101826,PAT04396,FAC004,LAB003,Blood,2025-04-01,Collected
SMP101828,LO101828,PAT03370,FAC004,LAB001,Blood,2025-10-14,Collected
SMP101840,LO101840,PAT09195,FAC005,LAB013,Swab,2025-07-16,Collected
SMP101844,LO101844,PAT01944,FAC005,LAB013,Swab,2025-03-29,Collected
SMP101861,LO101861,PAT01057,FAC003,LAB010,Radiology,2025-08-30,Collected
SMP101863,LO101863,PAT04609,FAC001,LAB012,Blood,2025-09-25,Collected
SMP101882,LO101882,PAT04128,FAC001,LAB006,Blood,2025-08-01,Collected
SMP101889,LO101889,PAT02610,FAC002,LAB010,Radiology,2025-04-04,Collected
SMP101890,LO101890,PAT03372,FAC003,LAB008,Urine,2025-07-10,Collected
SMP101891,LO101891,PAT04895,FAC004,LAB006,Blood,2025-09-13,Collected
SMP101897,LO101897,PAT00051,FAC002,LAB011,Blood,2025-08-12,Collected
SMP101902,LO101902,PAT00609,FAC003,LAB010,Radiology,2025-08-19,Collected
SMP101904,LO101904,PAT05764,FAC001,LAB002,Blood,2025-10-14,Processed
SMP101913,LO101913,PAT09913,FAC004,LAB011,Blood,2025-06-30,Collected
SMP101914,LO101914,PAT03533,FAC001,LAB015,Blood,2025-05-22,Processed
SMP101916,LO101916,PAT09897,FAC001,LAB009,Radiology,2025-05-02,Collected
SMP101917,LO101917,PAT05383,FAC005,LAB001,Blood,2025-12-06,Collected
SMP101919,LO101919,PAT08100,FAC005,LAB007,Urine,2025-08-25,Collected
SMP101920,LO101920,PAT04849,FAC003,LAB005,Blood,2025-02-12,Processed
SMP101923,LO101923,PAT04505,FAC004,LAB012,Blood,2025-03-11,Collected
SMP101928,LO101928,PAT05655,FAC004,LAB012,Blood,2025-10-23,Collected
SMP101938,LO101938,PAT00186,FAC004,LAB006,Blood,2025-12-19,Collected
SMP101939,LO101939,PAT05146,FAC003,LAB007,Urine,2025-07-08,Collected
SMP101941,LO101941,PAT00612,FAC005,LAB009,Radiology,2025-11-26,Collected
SMP101943,LO101943,PAT05564,FAC002,LAB011,Blood,2025-08-21,Collected
SMP101957,LO101957,PAT06159,FAC002,LAB007,Urine,2025-08-12,Rejected
SMP101959,LO101959,PAT08564,FAC002,LAB002,Blood,2025-02-26,Collected
SMP101961,LO101961,PAT06046,FAC002,LAB002,Blood,2025-06-01,Collected
SMP101968,LO101968,PAT06152,FAC003,LAB005,Blood,2025-05-28,Collected
SMP101973,LO101973,PAT09616,FAC001,LAB003,Blood,2025-11-13,Collected
SMP101976,LO101976,PAT07218,FAC005,LAB015,Blood,2025-11-17,Collected
SMP101982,LO101982,PAT09333,FAC001,LAB003,Blood,2025-11-23,Collected
SMP101986,LO101986,PAT02313,FAC004,LAB012,Blood,2025-03-17,Collected
SMP101987,LO101987,PAT03510,FAC005,LAB003,Blood,2025-06-03,Collected
SMP101992,LO101992,PAT06685,FAC003,LAB014,Blood,2025-11-26,Collected
SMP101998,LO101998,PAT07913,FAC002,LAB009,Radiology,2025-02-08,Collected
SMP102001,LO102001,PAT01769,FAC002,LAB015,Blood,2025-03-25,Collected
SMP102006,LO102006,PAT02127,FAC004,LAB005,Blood,2025-02-09,Processed
SMP102007,LO102007,PAT09566,FAC004,LAB010,Radiology,2025-08-30,Collected
SMP102011,LO102011,PAT04924,FAC004,LAB015,Blood,2025-06-04,Collected
SMP102013,LO102013,PAT04740,FAC004,LAB006,Blood,2025-05-22,Collected
SMP102021,LO102021,PAT07815,FAC004,LAB014,Blood,2025-06-18,Collected
SMP102026,LO102026,PAT03972,FAC003,LAB003,Blood,2025-11-04,Collected
SMP102034,LO102034,PAT07052,FAC001,LAB011,Blood,2025-01-22,Collected
SMP102045,LO102045,PAT09913,FAC003,LAB014,Blood,2025-08-19,Collected
SMP102048,LO102048,PAT06293,FAC004,LAB015,Blood,2025-01-15,Collected
SMP102058,LO102058,PAT05291,FAC001,LAB010,Radiology,2025-11-05,Collected
SMP102062,LO102062,PAT00411,FAC001,LAB010,Radiology,2025-01-04,Processed
SMP102065,LO102065,PAT00089,FAC001,LAB005,Blood,2025-06-30,Collected
SMP102080,LO102080,PAT08671,FAC003,LAB006,Blood,2025-11-05,Collected
SMP102085,LO102085,PAT08618,FAC001,LAB012,Blood,2025-11-05,Collected
SMP102090,LO102090,PAT07235,FAC001,LAB011,Blood,2025-06-03,Collected
SMP102098,LO102098,PAT08100,FAC003,LAB005,Blood,2025-05-20,Collected
SMP102099,LO102099,PAT03223,FAC004,LAB003,Blood,2025-10-01,Collected
SMP102100,LO102100,PAT08216,FAC002,LAB015,Blood,2025-06-23,Collected
SMP102103,LO102103,PAT02089,FAC004,LAB007,Urine,2025-12-22,Processed
SMP102112,LO102112,PAT08571,FAC003,LAB015,Blood,2025-04-29,Collected
SMP102113,LO102113,PAT02407,FAC001,LAB003,Blood,2025-04-12,Collected
SMP102127,LO102127,PAT01689,FAC001,LAB003,Blood,2025-07-26,Collected
SMP102129,LO102129,PAT00358,FAC002,LAB007,Urine,2025-11-30,Collected
SMP102141,LO102141,PAT08488,FAC003,LAB015,Blood,2025-10-04,Collected
SMP102142,LO102142,PAT07815,FAC005,LAB001,Blood,2025-02-21,Collected
SMP102145,LO102145,PAT02309,FAC001,LAB002,Blood,2025-10-26,Collected
SMP102156,LO102156,PAT06424,FAC005,LAB004,Blood,2025-07-07,Collected
SMP102157,LO102157,PAT01414,FAC004,LAB001,Blood,2025-10-29,Processed
SMP102165,LO102165,PAT04731,FAC003,LAB013,Swab,2025-08-21,Collected
SMP102171,LO102171,PAT01254,FAC005,LAB005,Blood,2025-05-26,Processed
SMP102174,LO102174,PAT08383,FAC003,LAB011,Blood,2025-08-17,Collected
SMP102179,LO102179,PAT09702,FAC001,LAB014,Blood,2025-12-21,Collected
SMP102180,LO102180,PAT09605,FAC001,LAB005,Blood,2025-04-29,Collected
SMP102183,LO102183,PAT03992,FAC003,LAB014,Blood,2025-07-30,Collected
SMP102185,LO102185,PAT05146,FAC001,LAB002,Blood,2025-02-04,Collected
SMP102203,LO102203,PAT02381,FAC005,LAB010,Radiology,2025-03-31,Processed
SMP102210,LO102210,PAT05602,FAC003,LAB001,Blood,2025-01-25,Collected
SMP102217,LO102217,PAT03752,FAC005,LAB013,Swab,2025-02-19,Processed
SMP102223,LO102223,PAT07206,FAC003,LAB012,Blood,2025-06-30,Processed
SMP102228,LO102228,PAT09939,FAC002,LAB004,Blood,2025-06-18,Collected
SMP102234,LO102234,PAT09724,FAC005,LAB005,Blood,2025-04-11,Collected
SMP102242,LO102242,PAT07121,FAC004,LAB015,Blood,2025-07-13,Collected
SMP102243,LO102243,PAT03121,FAC002,LAB002,Blood,2025-01-11,Collected
SMP102244,LO102244,PAT09195,FAC002,LAB012,Blood,2025-12-26,Collected
SMP102246,LO102246,PAT07229,FAC004,LAB006,Blood,2025-08-31,Collected
SMP102249,LO102249,PAT07586,FAC002,LAB003,Blood,2025-09-13,Collected
SMP102254,LO102254,PAT02920,FAC004,LAB011,Blood,2025-10-08,Collected
SMP102265,LO102265,PAT03208,FAC003,LAB014,Blood,2025-12-14,Collected
SMP102271,LO102271,PAT03821,FAC001,LAB003,Blood,2025-03-31,Collected
SMP102276,LO102276,PAT03480,FAC003,LAB015,Blood,2025-11-19,Collected
SMP102288,LO102288,PAT06352,FAC004,LAB007,Urine,2025-07-03,Collected
SMP102289,LO102289,PAT03992,FAC003,LAB001,Blood,2025-09-27,Collected
SMP102292,LO102292,PAT06835,FAC004,LAB014,Blood,2025-02-14,Collected
SMP102297,LO102297,PAT04238,FAC003,LAB004,Blood,2025-08-29,Collected
SMP102310,LO102310,PAT03705,FAC005,LAB002,Blood,2025-10-22,Processed
SMP102312,LO102312,PAT09782,FAC001,LAB003,Blood,2025-10-11,Collected
SMP102319,LO102319,PAT09255,FAC004,LAB001,Blood,2025-08-11,Collected
SMP102320,LO102320,PAT02309,FAC002,LAB006,Blood,2025-03-21,Collected
SMP102324,LO102324,PAT05220,FAC001,LAB009,Radiology,2025-05-21,Collected
SMP102333,LO102333,PAT00215,FAC005,LAB008,Urine,2025-10-09,Collected
SMP102339,LO102339,PAT01412,FAC003,LAB001,Blood,2025-11-06,Collected
SMP102340,LO102340,PAT00340,FAC002,LAB006,Blood,2025-07-13,Processed
SMP102345,LO102345,PAT01535,FAC001,LAB003,Blood,2025-07-07,Collected
SMP102351,LO102351,PAT09286,FAC005,LAB002,Blood,2025-01-21,Collected
SMP102356,LO102356,PAT00593,FAC001,LAB008,Urine,2025-11-04,Collected
SMP102360,LO102360,PAT05095,FAC001,LAB010,Radiology,2025-03-01,Collected
SMP102366,LO102366,PAT01455,FAC001,LAB004,Blood,2025-09-27,Collected
SMP102370,LO102370,PAT09114,FAC005,LAB006,Blood,2025-05-17,Collected
SMP102372,LO102372,PAT06189,FAC005,LAB014,Blood,2025-05-08,Collected
SMP102377,LO102377,PAT04490,FAC003,LAB014,Blood,2025-12-04,Collected
SMP102389,LO102389,PAT08391,FAC003,LAB002,Blood,2025-05-21,Collected
SMP102390,LO102390,PAT05909,FAC005,LAB003,Blood,2025-12-20,Processed
SMP102395,LO102395,PAT05788,FAC003,LAB013,Swab,2025-09-04,Collected
SMP102408,LO102408,PAT05810,FAC002,LAB002,Blood,2025-12-17,Processed
SMP102410,LO102410,PAT04076,FAC002,LAB014,Blood,2025-03-13,Collected
SMP102416,LO102416,PAT00051,FAC001,LAB005,Blood,2025-01-05,Collected
SMP102427,LO102427,PAT09530,FAC004,LAB009,Radiology,2025-05-17,Collected
SMP102430,LO102430,PAT03116,FAC001,LAB010,Radiology,2025-05-13,Collected
SMP102443,LO102443,PAT04190,FAC003,LAB007,Urine,2025-03-21,Processed
SMP102449,LO102449,PAT06693,FAC002,LAB014,Blood,2025-05-26,Collected
SMP102454,LO102454,PAT04430,FAC001,LAB012,Blood,2025-01-23,Collected
SMP102455,LO102455,PAT06632,FAC001,LAB005,Blood,2025-09-17,Collected
SMP102456,LO102456,PAT09124,FAC002,LAB005,Blood,2025-08-20,Collected
SMP102461,LO102461,PAT00016,FAC005,LAB007,Urine,2025-03-29,Collected
SMP102465,LO102465,PAT06211,FAC003,LAB009,Radiology,2025-05-19,Processed
SMP102471,LO102471,PAT02814,FAC005,LAB006,Blood,2025-11-18,Collected
SMP102473,LO102473,PAT05614,FAC005,LAB002,Blood,2025-07-01,Collected
SMP102474,LO102474,PAT03195,FAC003,LAB005,Blood,2025-06-27,Collected
SMP102476,LO102476,PAT07174,FAC002,LAB008,Urine,2025-06-27,Collected
SMP102487,LO102487,PAT04193,FAC001,LAB004,Blood,2025-04-09,Collected
SMP102488,LO102488,PAT07223,FAC005,LAB008,Urine,2025-08-08,Collected
SMP102490,LO102490,PAT07515,FAC002,LAB015,Blood,2025-06-18,Collected
SMP102500,LO102500,PAT07535,FAC001,LAB013,Swab,2025-09-18,Collected
SMP102501,LO102501,PAT00089,FAC002,LAB006,Blood,2025-12-22,Collected
SMP102507,LO102507,PAT05170,FAC001,LAB001,Blood,2025-03-27,Collected
SMP102508,LO102508,PAT09141,FAC001,LAB010,Radiology,2025-01-06,Collected
SMP102511,LO102511,PAT06652,FAC002,LAB011,Blood,2026-01-02,Collected
SMP102516,LO102516,PAT01954,FAC003,LAB006,Blood,2025-07-22,Collected
SMP102527,LO102527,PAT00248,FAC004,LAB012,Blood,2025-12-30,Processed
SMP102531,LO102531,PAT04610,FAC003,LAB014,Blood,2025-05-24,Collected
SMP102548,LO102548,PAT08271,FAC002,LAB002,Blood,2025-09-17,Collected
SMP102552,LO102552,PAT01255,FAC005,LAB013,Swab,2025-07-09,Collected
SMP102563,LO102563,PAT02808,FAC001,LAB013,Swab,2025-07-01,Collected
SMP102566,LO102566,PAT02537,FAC005,LAB004,Blood,2025-10-21,Rejected
SMP102567,LO102567,PAT05702,FAC002,LAB009,Radiology,2025-06-19,Collected
SMP102570,LO102570,PAT03291,FAC005,LAB011,Blood,2025-05-20,Collected
SMP102571,LO102571,PAT09053,FAC002,LAB010,Radiology,2025-04-14,Collected
SMP102572,LO102572,PAT01248,FAC004,LAB014,Blood,2025-07-15,Collected
SMP102573,LO102573,PAT02349,FAC002,LAB007,Urine,2025-07-03,Collected
SMP102574,LO102574,PAT03523,FAC002,LAB015,Blood,2025-04-25,Processed
SMP102583,LO102583,PAT08911,FAC005,LAB013,Swab,2025-12-18,Collected
SMP102586,LO102586,PAT07110,FAC004,LAB011,Blood,2025-04-27,Collected
SMP102595,LO102595,PAT09626,FAC002,LAB007,Urine,2025-03-25,Collected
SMP102596,LO102596,PAT02178,FAC001,LAB007,Urine,2025-10-02,Collected
SMP102611,LO102611,PAT06181,FAC002,LAB008,Urine,2025-06-18,Collected
SMP102613,LO102613,PAT09614,FAC005,LAB004,Blood,2025-06-19,Collected
SMP102616,LO102616,PAT09887,FAC005,LAB009,Radiology,2025-12-28,Processed
SMP102618,LO102618,PAT00979,FAC005,LAB008,Urine,2025-05-03,Collected
SMP102628,LO102628,PAT00170,FAC003,LAB007,Urine,2025-11-24,Collected
SMP102633,LO102633,PAT07774,FAC001,LAB010,Radiology,2025-07-26,Collected
SMP102642,LO102642,PAT03612,FAC004,LAB006,Blood,2025-10-25,Collected
SMP102645,LO102645,PAT05081,FAC003,LAB009,Radiology,2025-04-02,Rejected
SMP102647,LO102647,PAT02460,FAC002,LAB015,Blood,2025-09-15,Collected
SMP102655,LO102655,PAT03479,FAC001,LAB005,Blood,2025-02-23,Collected
SMP102660,LO102660,PAT06726,FAC001,LAB005,Blood,2025-11-21,Collected
SMP102663,LO102663,PAT04829,FAC004,LAB013,Swab,2025-09-09,Collected
SMP102667,LO102667,PAT07321,FAC002,LAB001,Blood,2025-02-28,Collected
SMP102673,LO102673,PAT04975,FAC002,LAB009,Radiology,2025-07-09,Collected
SMP102679,LO102679,PAT00089,FAC003,LAB006,Blood,2025-10-13,Collected
SMP102684,LO102684,PAT07493,FAC003,LAB003,Blood,2025-07-22,Collected
SMP102685,LO102685,PAT07832,FAC001,LAB015,Blood,2025-09-15,Processed
SMP102692,LO102692,PAT00818,FAC005,LAB003,Blood,2025-07-26,Collected
SMP102713,LO102713,PAT08120,FAC002,LAB009,Radiology,2025-10-05,Collected
SMP102714,LO102714,PAT07485,FAC001,LAB006,Blood,2025-03-29,Collected
SMP102716,LO102716,PAT05861,FAC003,LAB015,Blood,2025-07-25,Collected
SMP102722,LO102722,PAT00705,FAC005,LAB012,Blood,2025-09-04,Collected
SMP102726,LO102726,PAT08185,FAC003,LAB013,Swab,2025-02-27,Collected
SMP102748,LO102748,PAT09675,FAC001,LAB013,Swab,2025-08-14,Collected
SMP102785,LO102785,PAT01624,FAC003,LAB013,Swab,2025-04-20,Collected
SMP102786,LO102786,PAT09680,FAC004,LAB010,Radiology,2025-08-25,Collected
SMP102793,LO102793,PAT03801,FAC003,LAB004,Blood,2025-09-16,Collected
SMP102795,LO102795,PAT08795,FAC005,LAB007,Urine,2025-04-26,Collected
SMP102804,LO102804,PAT05310,FAC002,LAB007,Urine,2025-04-22,Collected
SMP102810,LO102810,PAT09213,FAC001,LAB003,Blood,2025-10-18,Collected
SMP102811,LO102811,PAT01567,FAC001,LAB011,Blood,2025-05-24,Collected
SMP102813,LO102813,PAT02092,FAC005,LAB007,Urine,2025-07-01,Processed
SMP102814,LO102814,PAT05598,FAC003,LAB013,Swab,2025-10-06,Collected
SMP102820,LO102820,PAT06348,FAC003,LAB011,Blood,2025-11-01,Collected
SMP102823,LO102823,PAT07321,FAC005,LAB003,Blood,2025-09-11,Collected
SMP102824,LO102824,PAT05901,FAC001,LAB013,Swab,2025-08-15,Collected
SMP102831,LO102831,PAT05660,FAC005,LAB008,Urine,2025-06-01,Collected
SMP102832,LO102832,PAT02460,FAC005,LAB015,Blood,2025-06-22,Collected
SMP102833,LO102833,PAT07638,FAC003,LAB007,Urine,2025-12-03,Collected
SMP102839,LO102839,PAT00466,FAC005,LAB008,Urine,2025-10-27,Collected
SMP102842,LO102842,PAT01531,FAC004,LAB015,Blood,2025-12-11,Collected
SMP102846,LO102846,PAT09508,FAC004,LAB004,Blood,2025-06-11,Collected
SMP102847,LO102847,PAT02639,FAC002,LAB004,Blood,2025-08-03,Collected
SMP102849,LO102849,PAT00795,FAC005,LAB010,Radiology,2025-03-09,Processed
SMP102853,LO102853,PAT04063,FAC004,LAB015,Blood,2025-06-01,Collected
SMP102871,LO102871,PAT04013,FAC004,LAB010,Radiology,2025-05-07,Processed
SMP102875,LO102875,PAT04919,FAC002,LAB010,Radiology,2025-10-11,Collected
SMP102886,LO102886,PAT00829,FAC001,LAB009,Radiology,2025-06-12,Collected
SMP102889,LO102889,PAT04275,FAC002,LAB013,Swab,2025-10-27,Collected
SMP102899,LO102899,PAT02141,FAC005,LAB012,Blood,2025-12-04,Collected
SMP102905,LO102905,PAT09388,FAC004,LAB010,Radiology,2025-08-29,Collected
SMP102910,LO102910,PAT04831,FAC001,LAB011,Blood,2025-01-22,Collected
SMP102912,LO102912,PAT06352,FAC003,LAB009,Radiology,2025-09-03,Collected
SMP102916,LO102916,PAT08590,FAC005,LAB013,Swab,2025-01-25,Collected
SMP102917,LO102917,PAT05614,FAC003,LAB003,Blood,2025-11-26,Processed
SMP102918,LO102918,PAT08086,FAC002,LAB005,Blood,2025-05-26,Collected
SMP102940,LO102940,PAT02999,FAC005,LAB004,Blood,2025-04-24,Collected
SMP102942,LO102942,PAT00876,FAC004,LAB006,Blood,2025-11-12,Collected
SMP102943,LO102943,PAT08226,FAC001,LAB002,Blood,2025-07-05,Collected
SMP102944,LO102944,PAT01656,FAC005,LAB011,Blood,2025-06-10,Collected
SMP102951,LO102951,PAT02999,FAC002,LAB008,Urine,2025-05-31,Collected
SMP102953,LO102953,PAT03882,FAC002,LAB012,Blood,2025-12-30,Collected
SMP102959,LO102959,PAT08547,FAC002,LAB007,Urine,2025-04-22,Processed
SMP102962,LO102962,PAT01098,FAC005,LAB005,Blood,2025-04-09,Collected
SMP102965,LO102965,PAT05801,FAC003,LAB006,Blood,2025-09-25,Collected
SMP102969,LO102969,PAT04342,FAC005,LAB008,Urine,2025-11-01,Collected
SMP102970,LO102970,PAT03939,FAC005,LAB006,Blood,2025-11-10,Processed
SMP102972,LO102972,PAT09458,FAC003,LAB011,Blood,2025-10-17,Collected
SMP102974,LO102974,PAT09114,FAC001,LAB014,Blood,2025-04-30,Collected
SMP102975,LO102975,PAT05364,FAC005,LAB012,Blood,2025-05-13,Collected
SMP102980,LO102980,PAT05628,FAC005,LAB006,Blood,2025-07-29,Collected
SMP102981,LO102981,PAT04339,FAC004,LAB002,Blood,2025-03-17,Collected
SMP102984,LO102984,PAT03648,FAC005,LAB011,Blood,2025-09-06,Collected
SMP102999,LO102999,PAT02070,FAC003,LAB014,Blood,2025-02-11,Collected
SMP103000,LO103000,PAT02993,FAC002,LAB010,Radiology,2025-02-11,Collected
SMP103005,LO103005,PAT08730,FAC004,LAB014,Blood,2025-08-01,Collected
SMP103010,LO103010,PAT02003,FAC001,LAB006,Blood,2025-05-24,Collected
SMP103018,LO103018,PAT00903,FAC003,LAB008,Urine,2025-01-10,Rejected
SMP103025,LO103025,PAT04924,FAC002,LAB009,Radiology,2025-10-19,Processed
SMP103026,LO103026,PAT02479,FAC004,LAB010,Radiology,2025-10-01,Processed
SMP103030,LO103030,PAT09469,FAC001,LAB011,Blood,2025-10-27,Collected
SMP103035,LO103035,PAT07811,FAC002,LAB013,Swab,2025-06-07,Collected
SMP103038,LO103038,PAT00922,FAC004,LAB011,Blood,2025-07-01,Collected
SMP103044,LO103044,PAT05894,FAC001,LAB002,Blood,2025-03-14,Collected
SMP103048,LO103048,PAT02996,FAC005,LAB013,Swab,2025-04-26,Collected
SMP103050,LO103050,PAT09988,FAC002,LAB010,Radiology,2025-11-07,Collected
SMP103052,LO103052,PAT06097,FAC004,LAB007,Urine,2025-12-15,Collected
SMP103062,LO103062,PAT04302,FAC002,LAB012,Blood,2025-03-06,Processed
SMP103070,LO103070,PAT04025,FAC005,LAB001,Blood,2025-11-03,Collected
SMP103072,LO103072,PAT01651,FAC003,LAB011,Blood,2025-11-05,Collected
SMP103074,LO103074,PAT03426,FAC002,LAB012,Blood,2025-03-17,Processed
SMP103084,LO103084,PAT02457,FAC005,LAB005,Blood,2025-08-06,Collected
SMP103092,LO103092,PAT08369,FAC003,LAB006,Blood,2025-06-11,Collected
SMP103093,LO103093,PAT09261,FAC001,LAB015,Blood,2025-12-22,Collected
SMP103096,LO103096,PAT04005,FAC003,LAB001,Blood,2025-08-07,Rejected
SMP103097,LO103097,PAT02426,FAC002,LAB007,Urine,2025-11-29,Collected
SMP103106,LO103106,PAT04897,FAC001,LAB009,Radiology,2025-05-30,Collected
SMP103109,LO103109,PAT09101,FAC001,LAB013,Swab,2025-04-12,Collected
SMP103111,LO103111,PAT08701,FAC004,LAB004,Blood,2025-01-08,Collected
SMP103118,LO103118,PAT03895,FAC003,LAB014,Blood,2025-04-05,Collected
SMP103119,LO103119,PAT08399,FAC005,LAB001,Blood,2025-09-10,Collected
SMP103125,LO103125,PAT04014,FAC004,LAB013,Swab,2025-04-26,Collected
SMP103130,LO103130,PAT09159,FAC001,LAB006,Blood,2025-04-27,Collected
SMP103131,LO103131,PAT03729,FAC001,LAB012,Blood,2025-03-21,Processed
SMP103138,LO103138,PAT01587,FAC003,LAB009,Radiology,2025-10-28,Collected
SMP103151,LO103151,PAT04685,FAC003,LAB007,Urine,2025-06-08,Collected
SMP103157,LO103157,PAT00388,FAC005,LAB004,Blood,2025-03-23,Collected
SMP103159,LO103159,PAT05050,FAC002,LAB011,Blood,2025-02-24,Collected
SMP103162,LO103162,PAT08661,FAC001,LAB015,Blood,2025-12-03,Collected
SMP103165,LO103165,PAT08635,FAC002,LAB008,Urine,2025-03-04,Collected
SMP103167,LO103167,PAT02110,FAC005,LAB004,Blood,2025-12-23,Collected
SMP103176,LO103176,PAT06254,FAC003,LAB004,Blood,2025-07-12,Processed
SMP103184,LO103184,PAT05986,FAC005,LAB002,Blood,2025-10-03,Processed
SMP103187,LO103187,PAT03617,FAC003,LAB003,Blood,2025-01-16,Collected
SMP103190,LO103190,PAT00328,FAC003,LAB008,Urine,2025-08-07,Collected
SMP103196,LO103196,PAT09484,FAC003,LAB010,Radiology,2025-09-20,Collected
SMP103198,LO103198,PAT02299,FAC005,LAB004,Blood,2025-02-22,Collected
SMP103199,LO103199,PAT07915,FAC004,LAB001,Blood,2025-06-05,Collected
SMP103201,LO103201,PAT02348,FAC001,LAB003,Blood,2025-11-06,Collected
SMP103206,LO103206,PAT05748,FAC005,LAB003,Blood,2025-11-12,Processed
SMP103212,LO103212,PAT04352,FAC001,LAB004,Blood,2025-02-07,Collected
SMP103217,LO103217,PAT04343,FAC004,LAB001,Blood,2025-07-23,Collected
SMP103219,LO103219,PAT06052,FAC004,LAB014,Blood,2025-06-08,Rejected
SMP103224,LO103224,PAT00380,FAC001,LAB009,Radiology,2025-11-22,Collected
SMP103227,LO103227,PAT09190,FAC003,LAB002,Blood,2025-01-22,Collected
SMP103229,LO103229,PAT01979,FAC004,LAB012,Blood,2025-06-13,Collected
SMP103235,LO103235,PAT08621,FAC003,LAB007,Urine,2025-07-09,Collected
SMP103240,LO103240,PAT03959,FAC002,LAB015,Blood,2025-03-11,Collected
SMP103241,LO103241,PAT02185,FAC005,LAB012,Blood,2025-03-06,Collected
SMP103246,LO103246,PAT05174,FAC001,LAB010,Radiology,2025-11-05,Collected
SMP103255,LO103255,PAT08331,FAC002,LAB008,Urine,2025-02-20,Collected
SMP103263,LO103263,PAT04844,FAC002,LAB014,Blood,2025-11-08,Collected
SMP103268,LO103268,PAT00051,FAC002,LAB005,Blood,2025-03-12,Collected
SMP103271,LO103271,PAT02358,FAC001,LAB008,Urine,2025-01-14,Collected
SMP103272,LO103272,PAT02068,FAC004,LAB012,Blood,2025-02-11,Processed
SMP103273,LO103273,PAT06804,FAC004,LAB003,Blood,2025-12-24,Collected
SMP103285,LO103285,PAT03888,FAC003,LAB006,Blood,2025-04-26,Processed
SMP103288,LO103288,PAT03661,FAC003,LAB010,Radiology,2025-03-07,Processed
SMP103296,LO103296,PAT05730,FAC003,LAB010,Radiology,2025-03-05,Collected
SMP103298,LO103298,PAT02456,FAC003,LAB002,Blood,2025-11-23,Collected
SMP103299,LO103299,PAT03796,FAC004,LAB005,Blood,2025-06-12,Collected
SMP103300,LO103300,PAT04030,FAC004,LAB008,Urine,2025-04-12,Collected
SMP103301,LO103301,PAT01745,FAC004,LAB012,Blood,2025-01-14,Collected
SMP103304,LO103304,PAT07924,FAC005,LAB010,Radiology,2025-08-14,Processed
SMP103316,LO103316,PAT00169,FAC005,LAB005,Blood,2025-01-28,Collected
SMP103324,LO103324,PAT02994,FAC005,LAB014,Blood,2025-06-11,Collected
SMP103325,LO103325,PAT08497,FAC001,LAB011,Blood,2025-03-02,Collected
SMP103329,LO103329,PAT04904,FAC001,LAB008,Urine,2025-05-24,Collected
SMP103333,LO103333,PAT02520,FAC005,LAB006,Blood,2025-07-22,Collected
SMP103334,LO103334,PAT00840,FAC003,LAB013,Swab,2025-10-12,Processed
SMP103338,LO103338,PAT02857,FAC001,LAB013,Swab,2025-06-28,Rejected
SMP103340,LO103340,PAT08795,FAC003,LAB007,Urine,2025-09-08,Rejected
SMP103345,LO103345,PAT03406,FAC002,LAB012,Blood,2025-10-08,Processed
SMP103354,LO103354,PAT01724,FAC001,LAB005,Blood,2025-08-22,Collected
SMP103360,LO103360,PAT00915,FAC002,LAB012,Blood,2025-03-21,Collected
SMP103362,LO103362,PAT08299,FAC001,LAB012,Blood,2025-10-06,Collected
SMP103365,LO103365,PAT04408,FAC001,LAB001,Blood,2025-01-13,Collected
SMP103371,LO103371,PAT07014,FAC004,LAB010,Radiology,2025-03-17,Collected
SMP103376,LO103376,PAT01796,FAC003,LAB002,Blood,2025-03-03,Collected
SMP103377,LO103377,PAT04654,FAC002,LAB008,Urine,2025-05-12,Collected
SMP103381,LO103381,PAT02381,FAC002,LAB010,Radiology,2025-10-05,Collected
SMP103382,LO103382,PAT01237,FAC005,LAB005,Blood,2025-07-07,Collected
SMP103389,LO103389,PAT08952,FAC002,LAB006,Blood,2025-07-15,Collected
SMP103394,LO103394,PAT08518,FAC005,LAB004,Blood,2025-09-20,Collected
SMP103395,LO103395,PAT02885,FAC003,LAB015,Blood,2025-02-26,Collected
SMP103397,LO103397,PAT03326,FAC005,LAB014,Blood,2025-04-08,Processed
SMP103398,LO103398,PAT02215,FAC001,LAB011,Blood,2025-06-01,Collected
SMP103404,LO103404,PAT01086,FAC004,LAB005,Blood,2025-02-06,Collected
SMP103415,LO103415,PAT01945,FAC003,LAB002,Blood,2025-11-25,Collected
SMP103424,LO103424,PAT05465,FAC002,LAB001,Blood,2025-07-12,Collected
SMP103425,LO103425,PAT01226,FAC001,LAB010,Radiology,2025-02-09,Collected
SMP103426,LO103426,PAT06827,FAC002,LAB007,Urine,2025-10-21,Collected
SMP103428,LO103428,PAT04654,FAC003,LAB005,Blood,2025-11-01,Collected
SMP103446,LO103446,PAT00519,FAC002,LAB007,Urine,2025-09-25,Collected
SMP103450,LO103450,PAT06713,FAC005,LAB012,Blood,2025-06-16,Processed
SMP103458,LO103458,PAT03315,FAC002,LAB014,Blood,2025-10-08,Collected
SMP103462,LO103462,PAT00304,FAC002,LAB004,Blood,2025-02-07,Collected
SMP103482,LO103482,PAT00536,FAC002,LAB003,Blood,2025-05-13,Processed
SMP103485,LO103485,PAT05272,FAC004,LAB003,Blood,2025-10-28,Processed
SMP103488,LO103488,PAT01576,FAC005,LAB010,Radiology,2025-05-07,Processed
SMP103494,LO103494,PAT00677,FAC004,LAB012,Blood,2025-09-23,Collected
SMP103497,LO103497,PAT04375,FAC002,LAB007,Urine,2025-05-06,Rejected
SMP103500,LO103500,PAT01685,FAC004,LAB015,Blood,2025-05-10,Collected
SMP103502,LO103502,PAT09954,FAC002,LAB005,Blood,2025-07-13,Collected
SMP103504,LO103504,PAT07169,FAC004,LAB013,Swab,2025-11-20,Collected
SMP103510,LO103510,PAT03214,FAC005,LAB007,Urine,2025-10-14,Collected
SMP103517,LO103517,PAT05218,FAC004,LAB008,Urine,2025-12-13,Collected
SMP103527,LO103527,PAT09218,FAC004,LAB010,Radiology,2025-08-06,Collected
SMP103529,LO103529,PAT05909,FAC005,LAB012,Blood,2025-09-01,Rejected
SMP103549,LO103549,PAT05909,FAC003,LAB004,Blood,2025-04-20,Collected
SMP103558,LO103558,PAT04829,FAC005,LAB009,Radiology,2025-03-16,Rejected
SMP103562,LO103562,PAT03380,FAC002,LAB004,Blood,2025-12-03,Processed
SMP103566,LO103566,PAT00773,FAC002,LAB002,Blood,2025-08-27,Collected
SMP103568,LO103568,PAT01369,FAC001,LAB015,Blood,2025-09-17,Collected
SMP103573,LO103573,PAT02376,FAC003,LAB005,Blood,2025-06-12,Collected
SMP103581,LO103581,PAT03590,FAC001,LAB004,Blood,2025-04-08,Collected
SMP103582,LO103582,PAT05614,FAC004,LAB004,Blood,2025-01-29,Collected
SMP103583,LO103583,PAT03922,FAC004,LAB014,Blood,2025-12-04,Rejected
SMP103584,LO103584,PAT05921,FAC004,LAB015,Blood,2025-07-11,Collected
SMP103586,LO103586,PAT07334,FAC003,LAB003,Blood,2025-02-27,Collected
SMP103598,LO103598,PAT00374,FAC004,LAB011,Blood,2025-10-24,Collected
SMP103600,LO103600,PAT02215,FAC001,LAB010,Radiology,2025-11-05,Collected
SMP103604,LO103604,PAT05013,FAC001,LAB001,Blood,2025-09-16,Collected
SMP103611,LO103611,PAT04099,FAC005,LAB013,Swab,2025-01-28,Collected
SMP103612,LO103612,PAT09442,FAC002,LAB007,Urine,2025-03-25,Collected
SMP103621,LO103621,PAT00539,FAC001,LAB005,Blood,2025-06-19,Collected
SMP103623,LO103623,PAT05401,FAC001,LAB007,Urine,2025-03-27,Collected
SMP103626,LO103626,PAT07692,FAC001,LAB007,Urine,2025-07-03,Processed
SMP103627,LO103627,PAT02151,FAC001,LAB015,Blood,2025-07-26,Processed
SMP103633,LO103633,PAT00430,FAC004,LAB005,Blood,2025-08-11,Collected
SMP103634,LO103634,PAT03680,FAC002,LAB001,Blood,2025-04-15,Processed
SMP103638,LO103638,PAT06349,FAC001,LAB002,Blood,2025-05-11,Collected
SMP103646,LO103646,PAT01749,FAC004,LAB011,Blood,2025-07-08,Collected
SMP103648,LO103648,PAT03155,FAC004,LAB013,Swab,2025-02-21,Collected
SMP103656,LO103656,PAT00114,FAC005,LAB008,Urine,2025-06-03,Rejected
SMP103662,LO103662,PAT05861,FAC003,LAB002,Blood,2025-01-06,Collected
SMP103670,LO103670,PAT06352,FAC005,LAB002,Blood,2025-11-02,Collected
SMP103671,LO103671,PAT07064,FAC003,LAB003,Blood,2025-12-23,Collected
SMP103673,LO103673,PAT02944,FAC005,LAB010,Radiology,2025-10-21,Collected
SMP103680,LO103680,PAT03088,FAC002,LAB014,Blood,2025-04-25,Collected
SMP103688,LO103688,PAT00411,FAC002,LAB008,Urine,2025-12-02,Collected
SMP103690,LO103690,PAT09386,FAC002,LAB004,Blood,2025-03-20,Collected
SMP103693,LO103693,PAT02035,FAC004,LAB007,Urine,2025-08-07,Collected
SMP103695,LO103695,PAT02877,FAC001,LAB002,Blood,2025-04-16,Collected
SMP103700,LO103700,PAT09459,FAC005,LAB002,Blood,2025-07-27,Processed
SMP103702,LO103702,PAT05728,FAC003,LAB009,Radiology,2025-06-14,Processed
SMP103703,LO103703,PAT07920,FAC002,LAB003,Blood,2025-03-15,Processed
SMP103710,LO103710,PAT06352,FAC002,LAB014,Blood,2025-06-28,Collected
SMP103720,LO103720,PAT02859,FAC003,LAB014,Blood,2025-08-29,Collected
SMP103724,LO103724,PAT04465,FAC001,LAB014,Blood,2025-07-15,Collected
SMP103726,LO103726,PAT03370,FAC002,LAB012,Blood,2025-07-28,Processed
SMP103729,LO103729,PAT07965,FAC004,LAB004,Blood,2025-11-02,Collected
SMP103745,LO103745,PAT02454,FAC004,LAB012,Blood,2025-01-08,Collected
SMP103747,LO103747,PAT08050,FAC002,LAB013,Swab,2025-11-05,Collected
SMP103754,LO103754,PAT08331,FAC002,LAB010,Radiology,2025-04-28,Collected
SMP103755,LO103755,PAT02920,FAC004,LAB010,Radiology,2025-09-10,Collected
SMP103757,LO103757,PAT03892,FAC002,LAB004,Blood,2025-11-29,Collected
SMP103764,LO103764,PAT09114,FAC004,LAB003,Blood,2025-10-05,Collected
SMP103777,LO103777,PAT04106,FAC004,LAB001,Blood,2025-07-18,Collected
SMP103780,LO103780,PAT02969,FAC002,LAB008,Urine,2025-01-25,Collected
SMP103784,LO103784,PAT09190,FAC001,LAB014,Blood,2025-08-23,Collected
SMP103785,LO103785,PAT00609,FAC001,LAB012,Blood,2025-05-12,Collected
SMP103786,LO103786,PAT09591,FAC005,LAB011,Blood,2025-05-30,Collected
SMP103789,LO103789,PAT01352,FAC005,LAB014,Blood,2025-06-17,Processed
SMP103790,LO103790,PAT04342,FAC005,LAB004,Blood,2025-11-20,Collected
SMP103814,LO103814,PAT01115,FAC004,LAB003,Blood,2025-03-06,Collected
SMP103816,LO103816,PAT04924,FAC003,LAB008,Urine,2025-07-24,Processed
SMP103819,LO103819,PAT04338,FAC005,LAB008,Urine,2025-02-01,Collected
SMP103829,LO103829,PAT01905,FAC004,LAB003,Blood,2025-03-04,Processed
SMP103835,LO103835,PAT04966,FAC004,LAB015,Blood,2025-11-10,Collected
SMP103861,LO103861,PAT02563,FAC004,LAB002,Blood,2025-12-23,Collected
SMP103867,LO103867,PAT08723,FAC005,LAB002,Blood,2025-05-13,Collected
SMP103876,LO103876,PAT02597,FAC002,LAB001,Blood,2025-06-23,Collected
SMP103877,LO103877,PAT02615,FAC001,LAB013,Swab,2025-10-18,Collected
SMP103879,LO103879,PAT08028,FAC004,LAB008,Urine,2025-09-09,Processed
SMP103882,LO103882,PAT03847,FAC005,LAB001,Blood,2025-04-07,Collected
SMP103883,LO103883,PAT08178,FAC004,LAB007,Urine,2025-07-02,Collected
SMP103886,LO103886,PAT04342,FAC005,LAB004,Blood,2025-02-19,Collected
SMP103889,LO103889,PAT09318,FAC001,LAB002,Blood,2025-12-11,Collected
SMP103890,LO103890,PAT00648,FAC005,LAB006,Blood,2025-03-20,Collected
SMP103892,LO103892,PAT04078,FAC001,LAB011,Blood,2025-06-10,Collected
SMP103901,LO103901,PAT08009,FAC005,LAB001,Blood,2025-11-18,Collected
SMP103902,LO103902,PAT08577,FAC002,LAB009,Radiology,2025-12-16,Collected
SMP103904,LO103904,PAT08497,FAC004,LAB007,Urine,2025-05-20,Collected
SMP103906,LO103906,PAT03892,FAC005,LAB004,Blood,2025-06-04,Processed
SMP103909,LO103909,PAT09245,FAC003,LAB007,Urine,2025-08-31,Collected
SMP103910,LO103910,PAT08603,FAC001,LAB009,Radiology,2025-03-28,Processed
SMP103914,LO103914,PAT09040,FAC003,LAB007,Urine,2025-10-04,Collected
SMP103919,LO103919,PAT05999,FAC003,LAB006,Blood,2025-05-04,Collected
SMP103928,LO103928,PAT08279,FAC001,LAB006,Blood,2025-12-06,Collected
SMP103929,LO103929,PAT03703,FAC001,LAB007,Urine,2025-04-28,Collected
SMP103935,LO103935,PAT03692,FAC002,LAB006,Blood,2025-01-21,Collected
SMP103937,LO103937,PAT00569,FAC004,LAB008,Urine,2025-10-01,Collected
SMP103938,LO103938,PAT06877,FAC001,LAB004,Blood,2025-09-03,Collected
SMP103942,LO103942,PAT06835,FAC004,LAB010,Radiology,2025-12-11,Collected
SMP103943,LO103943,PAT08283,FAC003,LAB008,Urine,2025-12-01,Collected
SMP103956,LO103956,PAT03249,FAC004,LAB015,Blood,2025-07-25,Collected
SMP103963,LO103963,PAT01922,FAC003,LAB012,Blood,2025-10-19,Collected
SMP103965,LO103965,PAT07325,FAC003,LAB010,Radiology,2025-10-17,Collected
SMP103970,LO103970,PAT04873,FAC001,LAB012,Blood,2025-09-30,Collected
SMP103978,LO103978,PAT00638,FAC005,LAB012,Blood,2025-10-03,Collected
SMP103983,LO103983,PAT07360,FAC005,LAB001,Blood,2025-12-03,Collected
SMP103986,LO103986,PAT03956,FAC004,LAB002,Blood,2025-02-02,Collected
SMP103992,LO103992,PAT07223,FAC005,LAB003,Blood,2025-02-04,Collected
SMP103998,LO103998,PAT06088,FAC001,LAB004,Blood,2025-07-13,Collected
SMP104005,LO104005,PAT08325,FAC005,LAB008,Urine,2025-10-27,Collected
SMP104011,LO104011,PAT00327,FAC001,LAB014,Blood,2025-11-12,Collected
SMP104038,LO104038,PAT09717,FAC004,LAB003,Blood,2025-12-10,Processed
SMP104046,LO104046,PAT09626,FAC002,LAB007,Urine,2025-07-15,Collected
SMP104048,LO104048,PAT08684,FAC002,LAB008,Urine,2025-08-16,Collected
SMP104056,LO104056,PAT07349,FAC005,LAB005,Blood,2025-06-27,Collected
SMP104058,LO104058,PAT03387,FAC004,LAB007,Urine,2025-08-30,Collected
SMP104063,LO104063,PAT03388,FAC004,LAB013,Swab,2025-02-06,Collected
SMP104071,LO104071,PAT03746,FAC002,LAB006,Blood,2025-06-18,Collected
SMP104074,LO104074,PAT05130,FAC004,LAB009,Radiology,2025-09-25,Collected
SMP104082,LO104082,PAT07029,FAC003,LAB006,Blood,2025-03-29,Collected
SMP104085,LO104085,PAT06006,FAC005,LAB013,Swab,2025-07-18,Collected
SMP104086,LO104086,PAT08884,FAC002,LAB014,Blood,2025-09-30,Collected
SMP104090,LO104090,PAT07045,FAC005,LAB003,Blood,2025-03-24,Collected
SMP104092,LO104092,PAT08073,FAC004,LAB007,Urine,2025-01-28,Processed
SMP104100,LO104100,PAT01523,FAC005,LAB002,Blood,2025-03-16,Collected
SMP104104,LO104104,PAT09941,FAC001,LAB012,Blood,2025-01-28,Collected
SMP104113,LO104113,PAT02348,FAC003,LAB004,Blood,2025-11-20,Collected
SMP104119,LO104119,PAT00285,FAC004,LAB004,Blood,2025-07-22,Collected
SMP104120,LO104120,PAT04830,FAC002,LAB006,Blood,2025-08-20,Collected
SMP104127,LO104127,PAT00813,FAC002,LAB003,Blood,2025-03-15,Collected
SMP104132,LO104132,PAT01403,FAC001,LAB015,Blood,2025-09-21,Collected
SMP104138,LO104138,PAT05505,FAC003,LAB010,Radiology,2025-12-02,Collected
SMP104141,LO104141,PAT02118,FAC002,LAB004,Blood,2025-08-31,Collected
SMP104143,LO104143,PAT03746,FAC001,LAB012,Blood,2025-02-19,Collected
SMP104144,LO104144,PAT01262,FAC003,LAB009,Radiology,2025-09-27,Collected
SMP104147,LO104147,PAT05713,FAC004,LAB014,Blood,2025-01-12,Collected
SMP104150,LO104150,PAT02496,FAC005,LAB012,Blood,2025-02-18,Collected
SMP104152,LO104152,PAT01965,FAC002,LAB014,Blood,2025-03-31,Collected
SMP104177,LO104177,PAT06823,FAC003,LAB012,Blood,2025-08-14,Collected
SMP104178,LO104178,PAT01019,FAC005,LAB001,Blood,2025-09-28,Collected
SMP104187,LO104187,PAT09734,FAC002,LAB012,Blood,2025-05-29,Collected
SMP104193,LO104193,PAT06850,FAC002,LAB002,Blood,2025-11-09,Collected
SMP104197,LO104197,PAT09390,FAC001,LAB007,Urine,2025-08-13,Collected
SMP104200,LO104200,PAT01431,FAC002,LAB010,Radiology,2025-01-04,Collected
SMP104204,LO104204,PAT08880,FAC002,LAB015,Blood,2025-08-11,Collected
SMP104215,LO104215,PAT06844,FAC002,LAB007,Urine,2025-03-30,Collected
SMP104216,LO104216,PAT05501,FAC002,LAB012,Blood,2025-11-17,Processed
SMP104222,LO104222,PAT09750,FAC003,LAB008,Urine,2025-11-27,Collected
SMP104233,LO104233,PAT09071,FAC001,LAB007,Urine,2025-07-26,Collected
SMP104236,LO104236,PAT08402,FAC004,LAB015,Blood,2025-11-06,Collected
SMP104244,LO104244,PAT04514,FAC001,LAB009,Radiology,2025-12-24,Collected
SMP104254,LO104254,PAT06561,FAC001,LAB005,Blood,2025-06-16,Collected
SMP104260,LO104260,PAT02352,FAC001,LAB015,Blood,2025-12-07,Collected
SMP104263,LO104263,PAT00411,FAC001,LAB009,Radiology,2025-07-17,Collected
SMP104264,LO104264,PAT03949,FAC003,LAB006,Blood,2025-10-14,Collected
SMP104267,LO104267,PAT02549,FAC001,LAB001,Blood,2025-09-10,Collected
SMP104268,LO104268,PAT01237,FAC005,LAB006,Blood,2025-10-16,Collected
SMP104273,LO104273,PAT06349,FAC005,LAB002,Blood,2025-10-17,Collected
SMP104274,LO104274,PAT04230,FAC001,LAB008,Urine,2025-02-12,Rejected
SMP104276,LO104276,PAT07029,FAC001,LAB005,Blood,2025-07-30,Collected
SMP104284,LO104284,PAT09195,FAC004,LAB004,Blood,2025-03-03,Collected
SMP104285,LO104285,PAT08618,FAC001,LAB014,Blood,2025-03-06,Collected
SMP104286,LO104286,PAT04245,FAC005,LAB004,Blood,2025-09-16,Collected
SMP104289,LO104289,PAT01594,FAC002,LAB005,Blood,2025-10-28,Collected
SMP104298,LO104298,PAT03572,FAC004,LAB011,Blood,2025-12-30,Collected
SMP104300,LO104300,PAT03046,FAC002,LAB011,Blood,2025-06-07,Collected
SMP104316,LO104316,PAT07822,FAC005,LAB010,Radiology,2025-06-19,Collected
SMP104318,LO104318,PAT04639,FAC004,LAB006,Blood,2025-09-03,Collected
SMP104327,LO104327,PAT06988,FAC004,LAB003,Blood,2025-03-02,Collected
SMP104341,LO104341,PAT06851,FAC003,LAB006,Blood,2025-02-27,Collected
SMP104342,LO104342,PAT03387,FAC003,LAB009,Radiology,2025-08-19,Collected
SMP104349,LO104349,PAT03335,FAC004,LAB012,Blood,2025-04-08,Collected
SMP104350,LO104350,PAT03920,FAC002,LAB007,Urine,2025-05-07,Collected
SMP104355,LO104355,PAT01428,FAC002,LAB005,Blood,2025-05-05,Processed
SMP104356,LO104356,PAT01428,FAC002,LAB015,Blood,2025-06-02,Processed
SMP104359,LO104359,PAT00901,FAC005,LAB009,Radiology,2025-05-24,Collected
SMP104371,LO104371,PAT00764,FAC005,LAB003,Blood,2025-05-04,Collected
SMP104372,LO104372,PAT08452,FAC001,LAB011,Blood,2025-08-23,Collected
SMP104390,LO104390,PAT04861,FAC001,LAB005,Blood,2025-08-18,Collected
SMP104392,LO104392,PAT07496,FAC002,LAB002,Blood,2025-06-05,Collected
SMP104403,LO104403,PAT00064,FAC002,LAB015,Blood,2025-10-13,Collected
SMP104404,LO104404,PAT08411,FAC002,LAB013,Swab,2025-02-05,Collected
SMP104407,LO104407,PAT03483,FAC001,LAB002,Blood,2025-05-19,Collected
SMP104408,LO104408,PAT07364,FAC005,LAB007,Urine,2025-01-25,Collected
SMP104421,LO104421,PAT00114,FAC003,LAB010,Radiology,2025-12-19,Collected
SMP104423,LO104423,PAT08723,FAC003,LAB010,Radiology,2025-08-19,Processed
SMP104426,LO104426,PAT06073,FAC005,LAB009,Radiology,2025-11-01,Collected
SMP104427,LO104427,PAT03066,FAC004,LAB013,Swab,2025-08-10,Collected
SMP104433,LO104433,PAT08604,FAC003,LAB009,Radiology,2025-06-09,Rejected
SMP104438,LO104438,PAT00397,FAC003,LAB012,Blood,2025-07-18,Collected
SMP104444,LO104444,PAT05924,FAC005,LAB014,Blood,2025-11-01,Collected
SMP104445,LO104445,PAT06312,FAC001,LAB006,Blood,2025-06-28,Collected
SMP104447,LO104447,PAT02989,FAC002,LAB011,Blood,2025-04-23,Collected
SMP104450,LO104450,PAT05703,FAC005,LAB011,Blood,2025-02-04,Collected
SMP104463,LO104463,PAT00469,FAC003,LAB011,Blood,2025-08-25,Collected
SMP104466,LO104466,PAT09050,FAC002,LAB004,Blood,2025-03-31,Collected
SMP104468,LO104468,PAT09734,FAC004,LAB010,Radiology,2025-05-19,Collected
SMP104472,LO104472,PAT09376,FAC001,LAB002,Blood,2025-04-06,Collected
SMP104476,LO104476,PAT00009,FAC003,LAB014,Blood,2025-04-28,Collected
SMP104483,LO104483,PAT07766,FAC004,LAB012,Blood,2025-01-23,Collected
SMP104486,LO104486,PAT08696,FAC004,LAB004,Blood,2025-12-13,Collected
SMP104492,LO104492,PAT05728,FAC004,LAB012,Blood,2025-03-25,Collected
SMP104493,LO104493,PAT01458,FAC001,LAB008,Urine,2025-04-16,Collected
SMP104497,LO104497,PAT02443,FAC001,LAB009,Radiology,2025-09-27,Collected
SMP104501,LO104501,PAT03648,FAC003,LAB015,Blood,2025-07-13,Collected
SMP104502,LO104502,PAT00736,FAC005,LAB013,Swab,2025-01-09,Collected
SMP104508,LO104508,PAT01714,FAC005,LAB012,Blood,2025-02-13,Collected
SMP104510,LO104510,PAT09689,FAC004,LAB003,Blood,2025-01-17,Collected
SMP104513,LO104513,PAT04879,FAC005,LAB003,Blood,2025-09-26,Processed
SMP104518,LO104518,PAT05864,FAC003,LAB010,Radiology,2025-10-27,Collected
SMP104519,LO104519,PAT04951,FAC004,LAB014,Blood,2025-05-10,Collected
SMP104526,LO104526,PAT01476,FAC002,LAB012,Blood,2025-09-01,Collected
SMP104539,LO104539,PAT08745,FAC003,LAB008,Urine,2025-11-06,Collected
SMP104546,LO104546,PAT00574,FAC004,LAB005,Blood,2025-12-31,Collected
SMP104547,LO104547,PAT03752,FAC004,LAB003,Blood,2025-07-29,Processed
SMP104548,LO104548,PAT01912,FAC003,LAB012,Blood,2025-10-04,Collected
SMP104551,LO104551,PAT02544,FAC005,LAB011,Blood,2025-04-05,Collected
SMP104556,LO104556,PAT08197,FAC003,LAB009,Radiology,2025-07-14,Collected
SMP104557,LO104557,PAT09458,FAC003,LAB009,Radiology,2025-04-27,Collected
SMP104563,LO104563,PAT08789,FAC005,LAB002,Blood,2025-04-26,Collected
SMP104573,LO104573,PAT00484,FAC002,LAB013,Swab,2025-12-31,Collected
SMP104574,LO104574,PAT05903,FAC005,LAB011,Blood,2025-04-23,Collected
SMP104582,LO104582,PAT02151,FAC004,LAB009,Radiology,2025-06-20,Collected
SMP104584,LO104584,PAT05345,FAC003,LAB012,Blood,2025-01-08,Collected
SMP104587,LO104587,PAT05386,FAC002,LAB009,Radiology,2025-12-29,Collected
SMP104589,LO104589,PAT03257,FAC003,LAB007,Urine,2025-12-03,Collected
SMP104593,LO104593,PAT05702,FAC002,LAB008,Urine,2025-05-23,Collected
SMP104598,LO104598,PAT02500,FAC002,LAB007,Urine,2025-04-02,Processed
SMP104599,LO104599,PAT04316,FAC004,LAB003,Blood,2025-11-18,Collected
SMP104601,LO104601,PAT04897,FAC005,LAB013,Swab,2025-12-14,Collected
SMP104603,LO104603,PAT04203,FAC002,LAB001,Blood,2025-11-22,Collected
SMP104605,LO104605,PAT03326,FAC001,LAB008,Urine,2025-04-21,Collected
SMP104615,LO104615,PAT09394,FAC004,LAB007,Urine,2025-05-14,Collected
SMP104619,LO104619,PAT08383,FAC001,LAB008,Urine,2025-08-13,Collected
SMP104642,LO104642,PAT05763,FAC003,LAB002,Blood,2025-02-11,Collected
SMP104645,LO104645,PAT05043,FAC002,LAB003,Blood,2025-01-25,Collected
SMP104655,LO104655,PAT03571,FAC004,LAB001,Blood,2025-12-13,Collected
SMP104667,LO104667,PAT07536,FAC005,LAB001,Blood,2025-02-11,Collected
SMP104668,LO104668,PAT00340,FAC002,LAB005,Blood,2025-11-13,Collected
SMP104673,LO104673,PAT05932,FAC003,LAB004,Blood,2025-10-29,Collected
SMP104676,LO104676,PAT00328,FAC004,LAB008,Urine,2025-10-14,Collected
SMP104680,LO104680,PAT09060,FAC005,LAB010,Radiology,2025-05-07,Collected
SMP104688,LO104688,PAT03269,FAC003,LAB006,Blood,2025-05-15,Collected
SMP104697,LO104697,PAT00876,FAC004,LAB005,Blood,2025-02-10,Processed
SMP104702,LO104702,PAT08145,FAC002,LAB014,Blood,2025-11-19,Collected
SMP104705,LO104705,PAT05217,FAC003,LAB007,Urine,2025-10-20,Collected
SMP104708,LO104708,PAT07174,FAC005,LAB014,Blood,2025-09-18,Collected
SMP104712,LO104712,PAT05658,FAC002,LAB006,Blood,2025-03-30,Collected
SMP104713,LO104713,PAT07999,FAC005,LAB004,Blood,2025-06-09,Collected
SMP104715,LO104715,PAT03861,FAC001,LAB008,Urine,2025-03-29,Collected
SMP104717,LO104717,PAT09738,FAC003,LAB002,Blood,2025-10-04,Collected
SMP104720,LO104720,PAT01471,FAC002,LAB012,Blood,2025-07-09,Collected
SMP104726,LO104726,PAT00170,FAC001,LAB013,Swab,2025-12-27,Collected
SMP104732,LO104732,PAT06052,FAC002,LAB002,Blood,2025-04-17,Processed
SMP104735,LO104735,PAT09220,FAC005,LAB011,Blood,2025-03-10,Collected
SMP104743,LO104743,PAT03483,FAC004,LAB011,Blood,2025-03-24,Collected
SMP104755,LO104755,PAT06352,FAC005,LAB010,Radiology,2025-06-18,Collected
SMP104769,LO104769,PAT05915,FAC005,LAB008,Urine,2025-10-02,Collected
SMP104771,LO104771,PAT05684,FAC005,LAB009,Radiology,2025-05-23,Collected
SMP104775,LO104775,PAT05713,FAC001,LAB007,Urine,2025-06-11,Collected
SMP104777,LO104777,PAT01386,FAC004,LAB009,Radiology,2025-10-25,Collected
SMP104780,LO104780,PAT02901,FAC005,LAB006,Blood,2025-03-21,Collected
SMP104787,LO104787,PAT04654,FAC002,LAB012,Blood,2025-07-27,Collected
SMP104796,LO104796,PAT02141,FAC002,LAB002,Blood,2025-07-09,Collected
SMP104797,LO104797,PAT06821,FAC005,LAB005,Blood,2025-09-15,Collected
SMP104798,LO104798,PAT02183,FAC003,LAB013,Swab,2025-12-20,Collected
SMP104802,LO104802,PAT03493,FAC002,LAB009,Radiology,2025-05-08,Processed
SMP104809,LO104809,PAT00100,FAC004,LAB004,Blood,2025-10-24,Collected
SMP104814,LO104814,PAT09405,FAC002,LAB006,Blood,2025-05-16,Collected
SMP104816,LO104816,PAT00186,FAC002,LAB015,Blood,2025-05-06,Collected
SMP104822,LO104822,PAT01283,FAC001,LAB013,Swab,2025-07-26,Collected
SMP104830,LO104830,PAT06905,FAC001,LAB005,Blood,2025-03-21,Collected
SMP104835,LO104835,PAT03956,FAC002,LAB003,Blood,2025-12-11,Processed
SMP104838,LO104838,PAT04867,FAC001,LAB014,Blood,2025-01-26,Collected
SMP104840,LO104840,PAT05479,FAC002,LAB006,Blood,2025-02-12,Collected
SMP104846,LO104846,PAT00480,FAC003,LAB004,Blood,2025-06-05,Collected
SMP104853,LO104853,PAT03480,FAC002,LAB012,Blood,2025-01-11,Collected
SMP104854,LO104854,PAT07221,FAC004,LAB013,Swab,2025-11-26,Collected
SMP104860,LO104860,PAT08493,FAC004,LAB014,Blood,2025-10-25,Collected
SMP104862,LO104862,PAT01098,FAC002,LAB003,Blood,2025-08-30,Collected
SMP104868,LO104868,PAT02620,FAC002,LAB014,Blood,2025-01-21,Collected
SMP104873,LO104873,PAT05108,FAC003,LAB009,Radiology,2025-10-28,Collected
SMP104874,LO104874,PAT03426,FAC004,LAB010,Radiology,2025-06-14,Collected
SMP104882,LO104882,PAT01403,FAC002,LAB010,Radiology,2025-02-07,Collected
SMP104894,LO104894,PAT08137,FAC004,LAB010,Radiology,2025-09-14,Collected
SMP104895,LO104895,PAT00047,FAC004,LAB015,Blood,2025-01-03,Collected
SMP104897,LO104897,PAT04890,FAC003,LAB008,Urine,2025-07-15,Collected
SMP104905,LO104905,PAT08061,FAC003,LAB002,Blood,2025-11-11,Collected
SMP104907,LO104907,PAT02880,FAC005,LAB002,Blood,2025-04-14,Collected
SMP104909,LO104909,PAT06909,FAC003,LAB004,Blood,2025-07-14,Collected
SMP104913,LO104913,PAT07229,FAC001,LAB003,Blood,2025-05-12,Collected
SMP104915,LO104915,PAT02123,FAC005,LAB004,Blood,2025-12-14,Collected
SMP104921,LO104921,PAT06761,FAC002,LAB003,Blood,2025-03-20,Processed
SMP104935,LO104935,PAT06919,FAC005,LAB014,Blood,2025-09-12,Collected
SMP104936,LO104936,PAT03060,FAC003,LAB015,Blood,2025-06-09,Collected
SMP104942,LO104942,PAT00451,FAC005,LAB010,Radiology,2025-01-27,Collected
SMP104943,LO104943,PAT03298,FAC003,LAB010,Radiology,2025-12-01,Collected
SMP104949,LO104949,PAT03380,FAC003,LAB015,Blood,2025-09-28,Collected
SMP104956,LO104956,PAT00182,FAC003,LAB005,Blood,2025-09-10,Collected
SMP104958,LO104958,PAT05083,FAC003,LAB013,Swab,2025-01-30,Collected
SMP104973,LO104973,PAT06316,FAC005,LAB015,Blood,2025-06-06,Collected
SMP104984,LO104984,PAT03548,FAC004,LAB002,Blood,2025-07-26,Collected
SMP104988,LO104988,PAT09856,FAC002,LAB005,Blood,2025-11-08,Processed
SMP104990,LO104990,PAT04792,FAC005,LAB009,Radiology,2025-10-20,Processed
SMP105001,LO105001,PAT00658,FAC003,LAB010,Radiology,2025-05-02,Collected
SMP105008,LO105008,PAT04098,FAC004,LAB011,Blood,2025-02-12,Collected
SMP105012,LO105012,PAT04833,FAC003,LAB008,Urine,2025-05-25,Processed
SMP105018,LO105018,PAT04961,FAC003,LAB002,Blood,2025-10-14,Processed
SMP105021,LO105021,PAT00114,FAC002,LAB001,Blood,2025-05-04,Collected
SMP105023,LO105023,PAT05307,FAC001,LAB009,Radiology,2025-10-01,Collected
SMP105028,LO105028,PAT03624,FAC003,LAB006,Blood,2025-06-24,Collected
SMP105032,LO105032,PAT02814,FAC004,LAB004,Blood,2025-09-05,Processed
SMP105035,LO105035,PAT01612,FAC002,LAB013,Swab,2025-02-28,Collected
SMP105036,LO105036,PAT06339,FAC003,LAB014,Blood,2025-10-08,Collected
SMP105040,LO105040,PAT09553,FAC003,LAB006,Blood,2025-06-27,Collected
SMP105041,LO105041,PAT01079,FAC002,LAB001,Blood,2025-06-14,Collected
SMP105042,LO105042,PAT00931,FAC004,LAB005,Blood,2025-10-19,Processed
SMP105044,LO105044,PAT01489,FAC004,LAB006,Blood,2025-09-19,Collected
SMP105045,LO105045,PAT00968,FAC003,LAB002,Blood,2025-12-28,Processed
SMP105046,LO105046,PAT00100,FAC002,LAB011,Blood,2025-05-13,Processed
SMP105047,LO105047,PAT03108,FAC001,LAB003,Blood,2025-11-25,Processed
SMP105050,LO105050,PAT04992,FAC002,LAB010,Radiology,2025-03-24,Collected
SMP105052,LO105052,PAT09028,FAC001,LAB014,Blood,2025-04-18,Collected
SMP105058,LO105058,PAT04747,FAC005,LAB002,Blood,2025-05-15,Collected
SMP105059,LO105059,PAT07169,FAC003,LAB007,Urine,2025-07-27,Collected
SMP105064,LO105064,PAT06726,FAC005,LAB012,Blood,2025-10-20,Collected
SMP105065,LO105065,PAT04904,FAC005,LAB010,Radiology,2025-10-02,Collected
SMP105068,LO105068,PAT05153,FAC003,LAB013,Swab,2025-08-01,Collected
SMP105075,LO105075,PAT09535,FAC001,LAB007,Urine,2025-06-05,Collected
SMP105077,LO105077,PAT03571,FAC001,LAB015,Blood,2025-07-12,Collected
SMP105079,LO105079,PAT02348,FAC002,LAB015,Blood,2025-07-07,Collected
SMP105083,LO105083,PAT01311,FAC003,LAB011,Blood,2025-08-03,Collected
SMP105085,LO105085,PAT00186,FAC003,LAB007,Urine,2025-05-11,Collected
SMP105088,LO105088,PAT00904,FAC003,LAB008,Urine,2025-01-22,Processed
SMP105102,LO105102,PAT04342,FAC001,LAB014,Blood,2025-01-04,Collected
SMP105107,LO105107,PAT02656,FAC001,LAB012,Blood,2025-06-28,Collected
SMP105110,LO105110,PAT00248,FAC004,LAB003,Blood,2025-02-19,Collected
SMP105112,LO105112,PAT02228,FAC005,LAB005,Blood,2025-04-21,Collected
SMP105120,LO105120,PAT06312,FAC004,LAB006,Blood,2025-11-08,Collected
SMP105130,LO105130,PAT03781,FAC002,LAB003,Blood,2025-10-07,Collected
SMP105136,LO105136,PAT02405,FAC005,LAB001,Blood,2025-04-19,Collected
SMP105143,LO105143,PAT06339,FAC005,LAB008,Urine,2025-11-24,Collected
SMP105147,LO105147,PAT06905,FAC004,LAB010,Radiology,2025-12-14,Collected
SMP105149,LO105149,PAT00684,FAC004,LAB008,Urine,2025-08-23,Collected
SMP105152,LO105152,PAT02814,FAC003,LAB004,Blood,2025-08-21,Collected
SMP105154,LO105154,PAT04537,FAC005,LAB010,Radiology,2025-03-17,Collected
SMP105155,LO105155,PAT02287,FAC004,LAB004,Blood,2025-02-12,Collected
SMP105163,LO105163,PAT04992,FAC003,LAB012,Blood,2025-05-15,Collected
SMP105164,LO105164,PAT03376,FAC001,LAB015,Blood,2025-03-26,Collected
SMP105166,LO105166,PAT02215,FAC005,LAB005,Blood,2025-08-01,Collected
SMP105174,LO105174,PAT02597,FAC002,LAB014,Blood,2025-10-30,Collected
SMP105176,LO105176,PAT09919,FAC002,LAB001,Blood,2025-04-21,Collected
SMP105186,LO105186,PAT07976,FAC001,LAB006,Blood,2025-03-19,Collected
SMP105187,LO105187,PAT01924,FAC001,LAB012,Blood,2025-06-27,Collected
SMP105188,LO105188,PAT01214,FAC003,LAB002,Blood,2025-06-28,Collected
SMP105191,LO105191,PAT09386,FAC003,LAB014,Blood,2025-08-09,Collected
SMP105202,LO105202,PAT02134,FAC004,LAB011,Blood,2025-12-30,Collected
SMP105206,LO105206,PAT02620,FAC002,LAB009,Radiology,2025-12-23,Collected
SMP105207,LO105207,PAT05174,FAC002,LAB004,Blood,2025-11-05,Collected
SMP105214,LO105214,PAT06336,FAC004,LAB010,Radiology,2025-03-26,Collected
SMP105217,LO105217,PAT07529,FAC002,LAB009,Radiology,2025-06-10,Collected
SMP105226,LO105226,PAT02992,FAC004,LAB008,Urine,2025-05-17,Processed
SMP105228,LO105228,PAT09323,FAC004,LAB005,Blood,2025-02-08,Collected
SMP105234,LO105234,PAT03502,FAC003,LAB012,Blood,2025-08-19,Collected
SMP105236,LO105236,PAT08452,FAC004,LAB011,Blood,2025-03-06,Collected
SMP105237,LO105237,PAT05166,FAC001,LAB012,Blood,2025-02-18,Collected
SMP105242,LO105242,PAT05072,FAC004,LAB009,Radiology,2025-08-21,Processed
SMP105245,LO105245,PAT05862,FAC002,LAB003,Blood,2025-09-29,Processed
SMP105246,LO105246,PAT07641,FAC005,LAB002,Blood,2025-02-15,Collected
SMP105253,LO105253,PAT00519,FAC001,LAB004,Blood,2025-03-19,Collected
SMP105254,LO105254,PAT03121,FAC005,LAB012,Blood,2025-05-17,Processed
SMP105263,LO105263,PAT07551,FAC001,LAB006,Blood,2025-11-24,Collected
SMP105267,LO105267,PAT02474,FAC001,LAB015,Blood,2025-04-06,Collected
SMP105276,LO105276,PAT02021,FAC003,LAB015,Blood,2025-12-11,Collected
SMP105277,LO105277,PAT05829,FAC001,LAB006,Blood,2025-09-11,Collected
SMP105279,LO105279,PAT07151,FAC004,LAB014,Blood,2025-11-24,Collected
SMP105280,LO105280,PAT08125,FAC002,LAB013,Swab,2025-02-06,Collected
SMP105293,LO105293,PAT09675,FAC001,LAB014,Blood,2025-11-05,Collected
SMP105301,LO105301,PAT04609,FAC005,LAB015,Blood,2025-06-25,Collected
SMP105307,LO105307,PAT03887,FAC001,LAB003,Blood,2025-04-12,Collected
SMP105312,LO105312,PAT09510,FAC001,LAB005,Blood,2025-08-21,Collected
SMP105314,LO105314,PAT00096,FAC004,LAB008,Urine,2025-05-23,Collected
SMP105315,LO105315,PAT06662,FAC005,LAB015,Blood,2025-01-04,Collected
SMP105321,LO105321,PAT04289,FAC005,LAB008,Urine,2025-04-09,Processed
SMP105327,LO105327,PAT09591,FAC005,LAB007,Urine,2025-06-30,Collected
SMP105334,LO105334,PAT03753,FAC002,LAB005,Blood,2025-03-16,Collected
SMP105338,LO105338,PAT03144,FAC001,LAB008,Urine,2025-01-13,Collected
SMP105340,LO105340,PAT06537,FAC001,LAB014,Blood,2025-09-12,Collected
SMP105342,LO105342,PAT06436,FAC003,LAB011,Blood,2025-09-06,Collected
SMP105349,LO105349,PAT04246,FAC004,LAB005,Blood,2025-11-30,Collected
SMP105350,LO105350,PAT04095,FAC001,LAB009,Radiology,2025-07-02,Collected
SMP105353,LO105353,PAT02233,FAC003,LAB003,Blood,2025-07-09,Collected
SMP105357,LO105357,PAT09734,FAC005,LAB011,Blood,2025-11-10,Collected
SMP105361,LO105361,PAT03422,FAC003,LAB002,Blood,2025-08-13,Processed
SMP105365,LO105365,PAT00873,FAC003,LAB003,Blood,2025-04-05,Collected
SMP105373,LO105373,PAT01227,FAC001,LAB004,Blood,2025-01-21,Collected
SMP105375,LO105375,PAT01607,FAC002,LAB003,Blood,2025-02-03,Collected
SMP105377,LO105377,PAT08731,FAC003,LAB008,Urine,2025-05-25,Rejected
SMP105380,LO105380,PAT01618,FAC002,LAB015,Blood,2025-01-21,Rejected
SMP105383,LO105383,PAT09467,FAC004,LAB011,Blood,2025-04-01,Processed
SMP105387,LO105387,PAT03648,FAC005,LAB002,Blood,2025-06-13,Collected
SMP105388,LO105388,PAT08086,FAC003,LAB009,Radiology,2025-06-13,Collected
SMP105390,LO105390,PAT04986,FAC001,LAB007,Urine,2025-11-24,Collected
SMP105392,LO105392,PAT03976,FAC005,LAB014,Blood,2025-02-26,Collected
SMP105395,LO105395,PAT01531,FAC001,LAB011,Blood,2025-09-03,Collected
SMP105399,LO105399,PAT02251,FAC005,LAB008,Urine,2025-08-03,Collected
SMP105403,LO105403,PAT09238,FAC002,LAB014,Blood,2025-06-08,Collected
SMP105407,LO105407,PAT03949,FAC003,LAB005,Blood,2025-11-25,Collected
SMP105415,LO105415,PAT02217,FAC005,LAB011,Blood,2025-04-21,Collected
SMP105417,LO105417,PAT02520,FAC005,LAB013,Swab,2025-04-07,Collected
SMP105419,LO105419,PAT04437,FAC003,LAB015,Blood,2025-10-02,Collected
SMP105433,LO105433,PAT07110,FAC002,LAB010,Radiology,2025-11-22,Collected
SMP105436,LO105436,PAT01870,FAC002,LAB002,Blood,2025-02-17,Collected
SMP105447,LO105447,PAT05872,FAC002,LAB006,Blood,2025-05-09,Collected
SMP105449,LO105449,PAT09086,FAC004,LAB004,Blood,2025-01-20,Collected
SMP105453,LO105453,PAT02460,FAC004,LAB011,Blood,2025-07-17,Processed
SMP105464,LO105464,PAT06922,FAC001,LAB007,Urine,2025-12-24,Collected
SMP105471,LO105471,PAT02693,FAC003,LAB009,Radiology,2025-06-22,Processed
SMP105472,LO105472,PAT03446,FAC001,LAB008,Urine,2025-03-12,Collected
SMP105475,LO105475,PAT06804,FAC001,LAB006,Blood,2025-10-14,Collected
SMP105486,LO105486,PAT09678,FAC002,LAB007,Urine,2025-03-24,Collected
SMP105488,LO105488,PAT05564,FAC003,LAB010,Radiology,2025-06-14,Rejected
SMP105496,LO105496,PAT00170,FAC005,LAB012,Blood,2025-07-27,Collected
SMP105508,LO105508,PAT00246,FAC004,LAB007,Urine,2025-05-30,Collected
SMP105510,LO105510,PAT09521,FAC001,LAB008,Urine,2025-10-13,Collected
SMP105511,LO105511,PAT00658,FAC002,LAB009,Radiology,2025-01-10,Collected
SMP105512,LO105512,PAT09038,FAC001,LAB008,Urine,2025-10-10,Collected
SMP105515,LO105515,PAT05864,FAC002,LAB009,Radiology,2025-07-31,Rejected
SMP105518,LO105518,PAT05024,FAC002,LAB002,Blood,2025-06-14,Collected
SMP105520,LO105520,PAT02068,FAC003,LAB012,Blood,2025-03-25,Collected
SMP105522,LO105522,PAT08391,FAC002,LAB011,Blood,2025-07-12,Collected
SMP105530,LO105530,PAT02418,FAC003,LAB014,Blood,2025-04-18,Collected
SMP105531,LO105531,PAT09080,FAC002,LAB012,Blood,2025-11-12,Collected
SMP105537,LO105537,PAT02502,FAC003,LAB013,Swab,2025-06-17,Collected
SMP105541,LO105541,PAT04827,FAC005,LAB004,Blood,2025-08-18,Collected
SMP105542,LO105542,PAT05340,FAC005,LAB013,Swab,2025-10-06,Collected
SMP105550,LO105550,PAT06463,FAC004,LAB006,Blood,2025-04-13,Processed
SMP105554,LO105554,PAT04101,FAC004,LAB008,Urine,2025-11-13,Collected
SMP105556,LO105556,PAT01040,FAC002,LAB008,Urine,2025-05-18,Collected
SMP105557,LO105557,PAT00047,FAC005,LAB006,Blood,2025-11-24,Collected
SMP105561,LO105561,PAT02875,FAC005,LAB012,Blood,2025-11-08,Collected
SMP105563,LO105563,PAT01062,FAC004,LAB007,Urine,2025-09-21,Collected
SMP105564,LO105564,PAT07334,FAC005,LAB009,Radiology,2025-04-16,Collected
SMP105570,LO105570,PAT06432,FAC001,LAB006,Blood,2025-04-18,Collected
SMP105571,LO105571,PAT04731,FAC005,LAB009,Radiology,2025-05-24,Processed
SMP105572,LO105572,PAT03899,FAC003,LAB014,Blood,2025-12-17,Processed
SMP105575,LO105575,PAT03805,FAC004,LAB001,Blood,2025-11-16,Collected
SMP105578,LO105578,PAT05235,FAC002,LAB011,Blood,2025-09-05,Collected
SMP105593,LO105593,PAT08241,FAC002,LAB010,Radiology,2025-09-19,Collected
SMP105596,LO105596,PAT08798,FAC004,LAB003,Blood,2025-09-28,Collected
SMP105597,LO105597,PAT05513,FAC001,LAB012,Blood,2025-04-30,Collected
SMP105602,LO105602,PAT00612,FAC004,LAB011,Blood,2025-03-05,Collected
SMP105610,LO105610,PAT01394,FAC003,LAB013,Swab,2025-08-31,Collected
SMP105614,LO105614,PAT08626,FAC002,LAB010,Radiology,2025-10-01,Collected
SMP105616,LO105616,PAT08493,FAC004,LAB005,Blood,2025-06-09,Collected
SMP105618,LO105618,PAT03324,FAC001,LAB004,Blood,2025-05-01,Processed
SMP105621,LO105621,PAT02901,FAC002,LAB010,Radiology,2025-10-04,Collected
SMP105625,LO105625,PAT00071,FAC005,LAB001,Blood,2025-09-06,Collected
SMP105630,LO105630,PAT09902,FAC005,LAB014,Blood,2025-10-17,Processed
SMP105632,LO105632,PAT05702,FAC002,LAB002,Blood,2025-07-11,Collected
SMP105633,LO105633,PAT07991,FAC003,LAB005,Blood,2025-11-25,Collected
SMP105637,LO105637,PAT05555,FAC002,LAB008,Urine,2025-09-22,Processed
SMP105648,LO105648,PAT03777,FAC001,LAB008,Urine,2025-07-26,Collected
SMP105659,LO105659,PAT00287,FAC001,LAB002,Blood,2025-12-06,Collected
SMP105662,LO105662,PAT09314,FAC004,LAB014,Blood,2025-10-24,Collected
SMP105665,LO105665,PAT06546,FAC004,LAB010,Radiology,2025-11-03,Collected
SMP105675,LO105675,PAT05386,FAC002,LAB004,Blood,2025-11-02,Processed
SMP105676,LO105676,PAT02070,FAC005,LAB014,Blood,2025-10-10,Collected
SMP105680,LO105680,PAT05964,FAC005,LAB002,Blood,2025-10-12,Processed
SMP105682,LO105682,PAT00634,FAC003,LAB007,Urine,2025-05-01,Collected
SMP105687,LO105687,PAT00151,FAC003,LAB015,Blood,2025-06-07,Collected
SMP105694,LO105694,PAT09482,FAC001,LAB009,Radiology,2025-10-21,Processed
SMP105700,LO105700,PAT01471,FAC004,LAB010,Radiology,2025-12-14,Collected
SMP105702,LO105702,PAT04747,FAC004,LAB014,Blood,2025-09-19,Collected
SMP105719,LO105719,PAT05628,FAC003,LAB011,Blood,2025-06-26,Collected
SMP105721,LO105721,PAT05713,FAC001,LAB015,Blood,2025-04-02,Collected
SMP105727,LO105727,PAT04982,FAC003,LAB011,Blood,2025-03-13,Collected
SMP105728,LO105728,PAT09736,FAC002,LAB010,Radiology,2025-05-08,Collected
SMP105745,LO105745,PAT08359,FAC004,LAB009,Radiology,2025-09-08,Processed
SMP105755,LO105755,PAT02391,FAC004,LAB002,Blood,2025-09-16,Collected
SMP105756,LO105756,PAT08608,FAC003,LAB014,Blood,2025-05-27,Collected
SMP105759,LO105759,PAT03903,FAC004,LAB001,Blood,2025-06-28,Collected
SMP105760,LO105760,PAT08285,FAC001,LAB003,Blood,2025-12-06,Collected
SMP105762,LO105762,PAT03211,FAC004,LAB013,Swab,2025-03-13,Collected
SMP105764,LO105764,PAT03753,FAC005,LAB002,Blood,2025-08-07,Collected
SMP105783,LO105783,PAT01704,FAC005,LAB012,Blood,2025-04-27,Collected
SMP105793,LO105793,PAT02484,FAC002,LAB003,Blood,2025-04-06,Collected
SMP105796,LO105796,PAT04867,FAC001,LAB005,Blood,2025-12-28,Collected
SMP105799,LO105799,PAT09682,FAC002,LAB014,Blood,2025-01-25,Collected
SMP105804,LO105804,PAT01531,FAC005,LAB014,Blood,2025-10-15,Collected
SMP105808,LO105808,PAT02055,FAC003,LAB002,Blood,2025-10-20,Collected
SMP105814,LO105814,PAT00285,FAC005,LAB013,Swab,2025-07-18,Processed
SMP105817,LO105817,PAT00564,FAC005,LAB009,Radiology,2025-08-15,Collected
SMP105819,LO105819,PAT06127,FAC003,LAB003,Blood,2025-11-17,Collected
SMP105820,LO105820,PAT02255,FAC002,LAB004,Blood,2025-03-21,Collected
SMP105821,LO105821,PAT08162,FAC002,LAB008,Urine,2025-11-30,Collected
SMP105826,LO105826,PAT01086,FAC004,LAB004,Blood,2025-09-17,Collected
SMP105834,LO105834,PAT03888,FAC002,LAB011,Blood,2025-09-01,Collected
SMP105871,LO105871,PAT09939,FAC004,LAB008,Urine,2025-10-15,Collected
SMP105873,LO105873,PAT04890,FAC002,LAB010,Radiology,2025-09-17,Collected
SMP105899,LO105899,PAT00274,FAC004,LAB012,Blood,2025-03-09,Collected
SMP105907,LO105907,PAT00559,FAC003,LAB011,Blood,2025-07-14,Processed
SMP105909,LO105909,PAT08257,FAC005,LAB005,Blood,2025-02-24,Collected
SMP105915,LO105915,PAT00477,FAC005,LAB002,Blood,2025-01-06,Collected
SMP105916,LO105916,PAT05283,FAC001,LAB009,Radiology,2025-07-01,Collected
SMP105919,LO105919,PAT02999,FAC002,LAB004,Blood,2025-02-05,Processed
SMP105937,LO105937,PAT07052,FAC003,LAB010,Radiology,2025-12-28,Collected
SMP105939,LO105939,PAT00042,FAC003,LAB006,Blood,2025-08-31,Collected
SMP105952,LO105952,PAT03207,FAC005,LAB011,Blood,2025-10-30,Collected
SMP105957,LO105957,PAT04581,FAC001,LAB003,Blood,2025-08-26,Collected
SMP105958,LO105958,PAT09566,FAC001,LAB009,Radiology,2025-09-26,Collected
SMP105966,LO105966,PAT08875,FAC004,LAB007,Urine,2025-11-02,Rejected
SMP105977,LO105977,PAT08626,FAC002,LAB014,Blood,2025-09-17,Collected
SMP105978,LO105978,PAT06423,FAC003,LAB012,Blood,2025-08-11,Collected
SMP105982,LO105982,PAT01523,FAC001,LAB008,Urine,2025-01-23,Collected
SMP105983,LO105983,PAT09839,FAC001,LAB002,Blood,2025-12-19,Collected
SMP105990,LO105990,PAT07811,FAC001,LAB013,Swab,2025-03-29,Collected
SMP105991,LO105991,PAT09286,FAC004,LAB008,Urine,2025-04-19,Collected
SMP105994,LO105994,PAT06877,FAC005,LAB003,Blood,2025-02-26,Rejected
SMP105996,LO105996,PAT08798,FAC003,LAB013,Swab,2025-05-30,Collected
SMP106007,LO106007,PAT09786,FAC005,LAB014,Blood,2025-10-21,Collected
SMP106012,LO106012,PAT09055,FAC003,LAB014,Blood,2025-02-07,Processed
SMP106022,LO106022,PAT05091,FAC001,LAB008,Urine,2025-12-08,Collected
SMP106025,LO106025,PAT09951,FAC002,LAB013,Swab,2025-01-30,Processed
SMP106026,LO106026,PAT07624,FAC002,LAB009,Radiology,2025-10-31,Processed
SMP106031,LO106031,PAT00336,FAC001,LAB014,Blood,2025-06-01,Collected
SMP106043,LO106043,PAT06028,FAC002,LAB002,Blood,2025-05-17,Collected
SMP106045,LO106045,PAT02127,FAC002,LAB010,Radiology,2025-11-07,Collected
SMP106049,LO106049,PAT09341,FAC002,LAB012,Blood,2025-04-21,Collected
SMP106057,LO106057,PAT09820,FAC004,LAB009,Radiology,2025-11-03,Collected
SMP106061,LO106061,PAT06423,FAC001,LAB014,Blood,2025-11-17,Collected
SMP106062,LO106062,PAT00124,FAC001,LAB003,Blood,2025-10-19,Collected
SMP106109,LO106109,PAT02944,FAC003,LAB007,Urine,2025-03-10,Collected
SMP106116,LO106116,PAT04448,FAC003,LAB013,Swab,2025-06-21,Collected
SMP106117,LO106117,PAT04831,FAC004,LAB005,Blood,2025-09-04,Collected
SMP106123,LO106123,PAT00634,FAC004,LAB005,Blood,2025-04-12,Collected
SMP106130,LO106130,PAT01599,FAC001,LAB011,Blood,2025-03-27,Collected
SMP106133,LO106133,PAT00111,FAC004,LAB009,Radiology,2025-02-23,Collected
SMP106152,LO106152,PAT06188,FAC004,LAB009,Radiology,2025-09-09,Collected
SMP106155,LO106155,PAT03195,FAC001,LAB001,Blood,2025-10-01,Collected
SMP106160,LO106160,PAT05951,FAC001,LAB001,Blood,2025-02-06,Collected
SMP106162,LO106162,PAT02134,FAC005,LAB009,Radiology,2025-09-24,Collected
SMP106166,LO106166,PAT02237,FAC003,LAB002,Blood,2025-07-06,Collected
SMP106186,LO106186,PAT08452,FAC003,LAB013,Swab,2025-01-08,Collected
SMP106187,LO106187,PAT02056,FAC003,LAB002,Blood,2025-10-08,Collected
SMP106196,LO106196,PAT09839,FAC002,LAB012,Blood,2025-11-06,Collected
SMP106206,LO106206,PAT08927,FAC005,LAB001,Blood,2025-04-21,Collected
SMP106208,LO106208,PAT06432,FAC005,LAB002,Blood,2025-08-09,Collected
SMP106211,LO106211,PAT02125,FAC003,LAB011,Blood,2025-03-12,Processed
SMP106214,LO106214,PAT03387,FAC003,LAB001,Blood,2025-01-20,Collected
SMP106220,LO106220,PAT08197,FAC004,LAB005,Blood,2025-07-08,Collected
SMP106221,LO106221,PAT07725,FAC002,LAB015,Blood,2025-08-17,Collected
SMP106223,LO106223,PAT05567,FAC005,LAB011,Blood,2025-10-07,Collected
SMP106228,LO106228,PAT01324,FAC002,LAB008,Urine,2025-07-25,Collected
SMP106232,LO106232,PAT06905,FAC002,LAB002,Blood,2025-12-27,Collected
SMP106234,LO106234,PAT05475,FAC002,LAB012,Blood,2025-12-31,Collected
SMP106237,LO106237,PAT03547,FAC002,LAB001,Blood,2025-02-25,Collected
SMP106250,LO106250,PAT09856,FAC003,LAB015,Blood,2025-05-27,Collected
SMP106259,LO106259,PAT00201,FAC003,LAB005,Blood,2025-04-07,Collected
SMP106265,LO106265,PAT02127,FAC003,LAB009,Radiology,2025-07-12,Collected
SMP106268,LO106268,PAT08618,FAC002,LAB004,Blood,2025-10-26,Collected
SMP106282,LO106282,PAT03335,FAC001,LAB005,Blood,2025-11-25,Collected
SMP106283,LO106283,PAT04418,FAC004,LAB014,Blood,2025-05-06,Collected
SMP106293,LO106293,PAT03708,FAC002,LAB001,Blood,2025-10-22,Collected
SMP106304,LO106304,PAT02992,FAC004,LAB015,Blood,2025-04-03,Collected
SMP106311,LO106311,PAT00036,FAC001,LAB012,Blood,2025-12-06,Collected
SMP106317,LO106317,PAT08137,FAC005,LAB005,Blood,2025-04-21,Collected
SMP106326,LO106326,PAT02145,FAC004,LAB005,Blood,2025-10-08,Collected
SMP106332,LO106332,PAT06792,FAC002,LAB015,Blood,2025-01-19,Processed
SMP106338,LO106338,PAT07293,FAC001,LAB006,Blood,2025-12-28,Collected
SMP106342,LO106342,PAT03017,FAC005,LAB004,Blood,2025-04-20,Collected
SMP106344,LO106344,PAT07999,FAC003,LAB002,Blood,2025-11-01,Collected
SMP106345,LO106345,PAT02168,FAC005,LAB008,Urine,2025-05-24,Collected
SMP106348,LO106348,PAT08884,FAC003,LAB008,Urine,2025-05-05,Collected
SMP106355,LO106355,PAT08599,FAC003,LAB005,Blood,2025-12-16,Collected
SMP106357,LO106357,PAT01019,FAC001,LAB006,Blood,2025-07-05,Collected
SMP106358,LO106358,PAT09956,FAC003,LAB011,Blood,2025-08-31,Collected
SMP106361,LO106361,PAT00322,FAC004,LAB014,Blood,2025-05-05,Collected
SMP106367,LO106367,PAT04862,FAC002,LAB005,Blood,2025-10-08,Collected
SMP106368,LO106368,PAT09717,FAC002,LAB002,Blood,2025-03-04,Collected
SMP106374,LO106374,PAT00399,FAC005,LAB005,Blood,2025-06-15,Collected
SMP106375,LO106375,PAT03456,FAC005,LAB013,Swab,2025-06-06,Collected
SMP106384,LO106384,PAT09354,FAC005,LAB007,Urine,2025-02-06,Collected
SMP106390,LO106390,PAT06867,FAC004,LAB005,Blood,2025-11-25,Collected
SMP106401,LO106401,PAT04765,FAC005,LAB002,Blood,2025-06-06,Collected
SMP106404,LO106404,PAT07884,FAC003,LAB005,Blood,2025-10-07,Processed
SMP106410,LO106410,PAT03520,FAC004,LAB001,Blood,2025-03-12,Collected
SMP106411,LO106411,PAT00096,FAC002,LAB004,Blood,2025-06-18,Collected
SMP106416,LO106416,PAT00979,FAC004,LAB006,Blood,2025-04-16,Collected
SMP106423,LO106423,PAT02040,FAC003,LAB009,Radiology,2025-09-18,Collected
SMP106428,LO106428,PAT02202,FAC004,LAB009,Radiology,2025-03-08,Collected
SMP106431,LO106431,PAT08318,FAC004,LAB013,Swab,2025-01-07,Collected
SMP106433,LO106433,PAT04192,FAC003,LAB008,Urine,2025-12-18,Collected
SMP106437,LO106437,PAT01154,FAC004,LAB005,Blood,2025-08-22,Collected
SMP106448,LO106448,PAT02251,FAC001,LAB003,Blood,2025-08-09,Processed
SMP106451,LO106451,PAT06135,FAC004,LAB010,Radiology,2025-07-20,Processed
SMP106452,LO106452,PAT03376,FAC002,LAB001,Blood,2025-01-06,Processed
SMP106455,LO106455,PAT04879,FAC001,LAB007,Urine,2025-07-19,Collected
SMP106464,LO106464,PAT01191,FAC005,LAB011,Blood,2025-10-07,Collected
SMP106466,LO106466,PAT08723,FAC002,LAB009,Radiology,2025-07-23,Processed
SMP106468,LO106468,PAT09717,FAC001,LAB004,Blood,2025-12-13,Collected
SMP106470,LO106470,PAT05839,FAC005,LAB001,Blood,2025-04-20,Collected
SMP106472,LO106472,PAT08125,FAC003,LAB006,Blood,2025-08-24,Processed
SMP106474,LO106474,PAT08388,FAC005,LAB015,Blood,2025-05-02,Collected
SMP106477,LO106477,PAT09734,FAC005,LAB008,Urine,2025-12-26,Collected
SMP106486,LO106486,PAT01651,FAC001,LAB014,Blood,2025-05-02,Collected
SMP106493,LO106493,PAT06441,FAC003,LAB001,Blood,2025-01-23,Collected
SMP106501,LO106501,PAT03753,FAC002,LAB015,Blood,2025-03-15,Collected
SMP106502,LO106502,PAT06951,FAC004,LAB013,Swab,2025-05-31,Collected
SMP106506,LO106506,PAT09736,FAC002,LAB012,Blood,2025-07-23,Collected
SMP106512,LO106512,PAT02302,FAC005,LAB003,Blood,2025-11-15,Collected
SMP106532,LO106532,PAT07992,FAC004,LAB014,Blood,2025-10-01,Collected
SMP106534,LO106534,PAT08359,FAC001,LAB002,Blood,2025-11-29,Collected
SMP106541,LO106541,PAT04717,FAC001,LAB015,Blood,2025-08-04,Collected
SMP106553,LO106553,PAT08724,FAC002,LAB008,Urine,2025-08-11,Collected
SMP106573,LO106573,PAT09187,FAC003,LAB012,Blood,2025-04-22,Collected
SMP106574,LO106574,PAT09734,FAC004,LAB003,Blood,2025-11-03,Processed
SMP106577,LO106577,PAT02391,FAC002,LAB012,Blood,2025-05-03,Collected
SMP106580,LO106580,PAT01784,FAC005,LAB014,Blood,2025-08-21,Collected
SMP106583,LO106583,PAT07169,FAC003,LAB002,Blood,2025-07-27,Collected
SMP106588,LO106588,PAT05847,FAC004,LAB004,Blood,2025-09-25,Collected
SMP106591,LO106591,PAT09932,FAC003,LAB006,Blood,2025-01-06,Collected
SMP106595,LO106595,PAT07714,FAC003,LAB008,Urine,2025-08-03,Collected
SMP106597,LO106597,PAT03108,FAC003,LAB011,Blood,2025-06-20,Collected
SMP106598,LO106598,PAT03843,FAC005,LAB003,Blood,2025-11-19,Collected
SMP106605,LO106605,PAT03117,FAC003,LAB009,Radiology,2025-02-05,Collected
SMP106607,LO106607,PAT05423,FAC002,LAB009,Radiology,2025-01-21,Collected
SMP106611,LO106611,PAT06134,FAC001,LAB005,Blood,2025-04-08,Collected
SMP106629,LO106629,PAT05164,FAC002,LAB008,Urine,2025-12-30,Processed
SMP106632,LO106632,PAT00736,FAC002,LAB010,Radiology,2025-07-14,Collected
SMP106634,LO106634,PAT08628,FAC005,LAB010,Radiology,2025-11-12,Collected
SMP106637,LO106637,PAT02118,FAC002,LAB007,Urine,2025-02-20,Processed
SMP106656,LO106656,PAT08385,FAC004,LAB008,Urine,2025-09-08,Processed
SMP106669,LO106669,PAT09680,FAC005,LAB012,Blood,2025-12-23,Collected
SMP106670,LO106670,PAT06889,FAC005,LAB013,Swab,2025-04-20,Collected
SMP106685,LO106685,PAT06148,FAC003,LAB008,Urine,2025-09-20,Rejected
SMP106707,LO106707,PAT05614,FAC003,LAB001,Blood,2025-08-06,Collected
SMP106716,LO106716,PAT09431,FAC004,LAB011,Blood,2025-02-17,Collected
SMP106722,LO106722,PAT03214,FAC004,LAB008,Urine,2025-11-16,Collected
SMP106726,LO106726,PAT09560,FAC001,LAB002,Blood,2025-10-02,Collected
SMP106728,LO106728,PAT04895,FAC004,LAB006,Blood,2025-01-20,Collected
SMP106729,LO106729,PAT02185,FAC004,LAB003,Blood,2025-08-19,Collected
SMP106735,LO106735,PAT02391,FAC003,LAB014,Blood,2025-06-09,Collected
SMP106736,LO106736,PAT05082,FAC004,LAB011,Blood,2025-09-10,Collected
SMP106750,LO106750,PAT07665,FAC004,LAB003,Blood,2025-10-23,Collected
SMP106751,LO106751,PAT06851,FAC005,LAB009,Radiology,2025-05-30,Collected
SMP106757,LO106757,PAT07530,FAC003,LAB001,Blood,2025-10-08,Collected
SMP106773,LO106773,PAT04844,FAC003,LAB011,Blood,2025-12-01,Collected
SMP106779,LO106779,PAT04076,FAC004,LAB013,Swab,2025-08-25,Collected
SMP106787,LO106787,PAT06561,FAC002,LAB001,Blood,2025-11-28,Collected
SMP106793,LO106793,PAT01954,FAC002,LAB015,Blood,2025-11-30,Collected
SMP106796,LO106796,PAT04030,FAC005,LAB001,Blood,2025-09-11,Collected
SMP106802,LO106802,PAT08889,FAC005,LAB008,Urine,2025-05-27,Collected
SMP106807,LO106807,PAT09820,FAC005,LAB005,Blood,2025-09-26,Collected
SMP106809,LO106809,PAT07248,FAC004,LAB012,Blood,2025-11-25,Processed
SMP106810,LO106810,PAT06162,FAC002,LAB002,Blood,2025-01-29,Processed
SMP106811,LO106811,PAT05862,FAC002,LAB012,Blood,2025-11-30,Collected
SMP106812,LO106812,PAT04076,FAC003,LAB002,Blood,2025-06-21,Processed
SMP106828,LO106828,PAT04490,FAC004,LAB006,Blood,2025-10-11,Collected
SMP106840,LO106840,PAT01684,FAC003,LAB005,Blood,2025-08-25,Collected
SMP106844,LO106844,PAT04192,FAC005,LAB002,Blood,2025-12-27,Collected
SMP106845,LO106845,PAT05839,FAC002,LAB013,Swab,2025-08-26,Collected
SMP106848,LO106848,PAT00120,FAC003,LAB009,Radiology,2025-07-06,Collected
SMP106849,LO106849,PAT09433,FAC002,LAB011,Blood,2025-03-25,Collected
SMP106852,LO106852,PAT08958,FAC001,LAB004,Blood,2025-09-06,Collected
SMP106854,LO106854,PAT03121,FAC003,LAB005,Blood,2025-12-07,Collected
SMP106855,LO106855,PAT03117,FAC003,LAB012,Blood,2025-05-10,Collected
SMP106869,LO106869,PAT04591,FAC004,LAB002,Blood,2025-12-22,Collected
SMP106871,LO106871,PAT05136,FAC003,LAB013,Swab,2025-12-07,Collected
SMP106873,LO106873,PAT07418,FAC005,LAB011,Blood,2025-10-24,Rejected
SMP106874,LO106874,PAT07361,FAC004,LAB012,Blood,2025-12-19,Collected
SMP106877,LO106877,PAT01744,FAC005,LAB006,Blood,2025-09-03,Collected
SMP106878,LO106878,PAT04924,FAC002,LAB007,Urine,2025-09-18,Collected
SMP106880,LO106880,PAT00084,FAC004,LAB014,Blood,2025-01-23,Collected
SMP106884,LO106884,PAT04686,FAC004,LAB006,Blood,2025-03-31,Collected
SMP106886,LO106886,PAT04088,FAC001,LAB010,Radiology,2025-06-05,Collected
SMP106889,LO106889,PAT07972,FAC005,LAB011,Blood,2025-06-11,Collected
SMP106897,LO106897,PAT04095,FAC001,LAB011,Blood,2025-06-19,Collected
SMP106905,LO106905,PAT08179,FAC004,LAB015,Blood,2025-08-07,Collected
SMP106906,LO106906,PAT08262,FAC001,LAB004,Blood,2025-09-30,Collected
SMP106910,LO106910,PAT06585,FAC005,LAB014,Blood,2025-02-03,Collected
SMP106929,LO106929,PAT09318,FAC005,LAB008,Urine,2025-05-02,Collected
SMP106931,LO106931,PAT07682,FAC004,LAB007,Urine,2025-06-15,Collected
SMP106936,LO106936,PAT05861,FAC005,LAB006,Blood,2025-07-10,Collected
SMP106938,LO106938,PAT01311,FAC005,LAB015,Blood,2025-03-13,Collected
SMP106942,LO106942,PAT00408,FAC001,LAB015,Blood,2025-08-16,Collected
SMP106946,LO106946,PAT06299,FAC005,LAB001,Blood,2025-05-28,Collected
SMP106950,LO106950,PAT02309,FAC004,LAB005,Blood,2025-06-17,Collected
SMP106952,LO106952,PAT03446,FAC005,LAB010,Radiology,2025-12-08,Collected
SMP106958,LO106958,PAT07370,FAC002,LAB004,Blood,2025-09-04,Collected
SMP106962,LO106962,PAT03316,FAC004,LAB011,Blood,2025-12-09,Collected
SMP106966,LO106966,PAT06909,FAC004,LAB007,Urine,2025-04-18,Processed
SMP106967,LO106967,PAT05933,FAC002,LAB004,Blood,2025-09-12,Collected
SMP106971,LO106971,PAT02456,FAC001,LAB008,Urine,2025-09-13,Collected
SMP106974,LO106974,PAT05095,FAC005,LAB015,Blood,2025-07-02,Collected
SMP106977,LO106977,PAT05377,FAC001,LAB002,Blood,2025-01-18,Collected
SMP106980,LO106980,PAT01990,FAC004,LAB007,Urine,2025-04-16,Collected
SMP106981,LO106981,PAT04709,FAC003,LAB013,Swab,2025-04-04,Collected
SMP106985,LO106985,PAT06162,FAC003,LAB006,Blood,2025-07-30,Collected
SMP106988,LO106988,PAT04102,FAC003,LAB005,Blood,2025-04-26,Collected
SMP106989,LO106989,PAT07177,FAC004,LAB005,Blood,2025-04-02,Collected
SMP106990,LO106990,PAT00795,FAC001,LAB001,Blood,2025-09-04,Collected
SMP106993,LO106993,PAT08518,FAC003,LAB008,Urine,2025-06-02,Collected
SMP106997,LO106997,PAT01027,FAC005,LAB010,Radiology,2025-11-15,Collected
SMP106998,LO106998,PAT03324,FAC001,LAB007,Urine,2025-07-27,Processed
SMP107000,LO107000,PAT08169,FAC003,LAB008,Urine,2025-06-12,Collected
SMP107006,LO107006,PAT03703,FAC003,LAB014,Blood,2025-04-20,Collected
SMP107010,LO107010,PAT08288,FAC002,LAB005,Blood,2025-03-13,Processed
SMP107014,LO107014,PAT01359,FAC002,LAB001,Blood,2025-12-21,Collected
SMP107020,LO107020,PAT08583,FAC004,LAB003,Blood,2025-08-14,Collected
SMP107022,LO107022,PAT08099,FAC004,LAB015,Blood,2025-06-20,Processed
SMP107031,LO107031,PAT04039,FAC003,LAB006,Blood,2025-08-26,Processed
SMP107036,LO107036,PAT05031,FAC003,LAB011,Blood,2025-06-17,Collected
SMP107037,LO107037,PAT03951,FAC001,LAB012,Blood,2025-04-21,Collected
SMP107040,LO107040,PAT02457,FAC002,LAB001,Blood,2025-09-07,Collected
SMP107045,LO107045,PAT05091,FAC004,LAB007,Urine,2025-09-18,Collected
SMP107053,LO107053,PAT04707,FAC002,LAB006,Blood,2025-06-26,Collected
SMP107059,LO107059,PAT09027,FAC003,LAB005,Blood,2025-03-11,Collected
SMP107072,LO107072,PAT07530,FAC004,LAB009,Radiology,2025-03-20,Collected
SMP107075,LO107075,PAT08586,FAC003,LAB014,Blood,2025-07-09,Collected
SMP107076,LO107076,PAT07744,FAC002,LAB005,Blood,2025-11-27,Collected
SMP107081,LO107081,PAT05050,FAC003,LAB005,Blood,2025-08-06,Collected
SMP107085,LO107085,PAT04102,FAC004,LAB008,Urine,2025-02-12,Collected
SMP107092,LO107092,PAT02857,FAC004,LAB008,Urine,2025-06-26,Collected
SMP107098,LO107098,PAT07999,FAC004,LAB004,Blood,2025-06-09,Collected
SMP107117,LO107117,PAT01328,FAC001,LAB005,Blood,2025-10-29,Collected
SMP107121,LO107121,PAT09141,FAC001,LAB010,Radiology,2025-12-11,Collected
SMP107141,LO107141,PAT08635,FAC004,LAB002,Blood,2025-10-13,Collected
SMP107143,LO107143,PAT07454,FAC005,LAB015,Blood,2025-11-09,Collected
SMP107150,LO107150,PAT06476,FAC003,LAB005,Blood,2025-03-30,Collected
SMP107151,LO107151,PAT06878,FAC001,LAB001,Blood,2025-05-21,Collected
SMP107157,LO107157,PAT08150,FAC004,LAB013,Swab,2025-07-18,Collected
SMP107165,LO107165,PAT02597,FAC005,LAB013,Swab,2025-08-09,Collected
SMP107167,LO107167,PAT02035,FAC003,LAB003,Blood,2025-05-22,Collected
SMP107169,LO107169,PAT00544,FAC001,LAB001,Blood,2025-10-12,Collected
SMP107172,LO107172,PAT05684,FAC005,LAB005,Blood,2025-04-15,Collected
SMP107184,LO107184,PAT03064,FAC003,LAB014,Blood,2025-12-09,Collected
SMP107191,LO107191,PAT06670,FAC003,LAB002,Blood,2025-10-12,Collected
SMP107207,LO107207,PAT03493,FAC003,LAB011,Blood,2025-12-10,Collected
SMP107208,LO107208,PAT00249,FAC001,LAB006,Blood,2025-04-20,Collected
SMP107209,LO107209,PAT06352,FAC002,LAB004,Blood,2025-04-24,Collected
SMP107210,LO107210,PAT01954,FAC005,LAB004,Blood,2025-02-18,Collected
SMP107213,LO107213,PAT05693,FAC001,LAB004,Blood,2025-07-27,Collected
SMP107215,LO107215,PAT04099,FAC002,LAB002,Blood,2025-08-20,Collected
SMP107229,LO107229,PAT02936,FAC001,LAB012,Blood,2025-05-04,Collected
SMP107233,LO107233,PAT00648,FAC003,LAB005,Blood,2025-03-21,Collected
SMP107238,LO107238,PAT00796,FAC004,LAB014,Blood,2025-06-26,Collected
SMP107246,LO107246,PAT06652,FAC002,LAB011,Blood,2025-04-07,Processed
SMP107248,LO107248,PAT07771,FAC001,LAB002,Blood,2025-07-20,Collected
SMP107253,LO107253,PAT04862,FAC003,LAB006,Blood,2025-07-14,Collected
SMP107256,LO107256,PAT04149,FAC001,LAB010,Radiology,2025-01-13,Collected
SMP107259,LO107259,PAT09560,FAC005,LAB006,Blood,2025-03-12,Collected
SMP107260,LO107260,PAT02440,FAC005,LAB011,Blood,2025-09-10,Collected
SMP107268,LO107268,PAT05350,FAC001,LAB004,Blood,2025-04-19,Collected
SMP107276,LO107276,PAT03284,FAC005,LAB008,Urine,2025-08-24,Collected
SMP107279,LO107279,PAT08814,FAC001,LAB007,Urine,2025-02-07,Collected
SMP107283,LO107283,PAT03403,FAC001,LAB004,Blood,2025-03-29,Collected
SMP107285,LO107285,PAT04904,FAC002,LAB009,Radiology,2025-05-26,Collected
SMP107296,LO107296,PAT09459,FAC005,LAB013,Swab,2025-02-16,Processed
SMP107308,LO107308,PAT02168,FAC003,LAB014,Blood,2025-06-24,Collected
SMP107314,LO107314,PAT02999,FAC005,LAB007,Urine,2025-02-08,Collected
SMP107315,LO107315,PAT08122,FAC005,LAB013,Swab,2025-10-01,Collected
SMP107316,LO107316,PAT05636,FAC003,LAB013,Swab,2025-08-14,Collected
SMP107320,LO107320,PAT09807,FAC003,LAB003,Blood,2025-11-08,Collected
SMP107336,LO107336,PAT03624,FAC001,LAB009,Radiology,2025-04-11,Collected
SMP107344,LO107344,PAT01271,FAC005,LAB007,Urine,2025-10-03,Collected
SMP107347,LO107347,PAT06163,FAC005,LAB009,Radiology,2025-01-12,Collected
SMP107348,LO107348,PAT02456,FAC001,LAB014,Blood,2025-05-04,Collected
SMP107352,LO107352,PAT01394,FAC004,LAB004,Blood,2025-09-18,Collected
SMP107353,LO107353,PAT02251,FAC003,LAB004,Blood,2025-08-01,Collected
SMP107356,LO107356,PAT00648,FAC005,LAB015,Blood,2025-11-17,Collected
SMP107361,LO107361,PAT02612,FAC003,LAB004,Blood,2025-04-13,Collected
SMP107363,LO107363,PAT09943,FAC005,LAB003,Blood,2025-07-03,Collected
SMP107370,LO107370,PAT02343,FAC002,LAB002,Blood,2025-09-26,Collected
SMP107381,LO107381,PAT08030,FAC003,LAB002,Blood,2025-01-29,Collected
SMP107395,LO107395,PAT04245,FAC003,LAB005,Blood,2025-07-04,Processed
SMP107397,LO107397,PAT06949,FAC002,LAB014,Blood,2025-08-17,Collected
SMP107404,LO107404,PAT03249,FAC003,LAB007,Urine,2025-08-07,Collected
SMP107413,LO107413,PAT04334,FAC004,LAB008,Urine,2025-04-05,Processed
SMP107416,LO107416,PAT07206,FAC001,LAB004,Blood,2025-03-23,Processed
SMP107419,LO107419,PAT03616,FAC005,LAB010,Radiology,2025-04-07,Collected
SMP107420,LO107420,PAT07786,FAC003,LAB010,Radiology,2025-05-26,Collected
SMP107424,LO107424,PAT05445,FAC005,LAB007,Urine,2025-09-02,Collected
SMP107443,LO107443,PAT01618,FAC005,LAB013,Swab,2025-06-16,Collected
SMP107446,LO107446,PAT01944,FAC004,LAB007,Urine,2025-08-15,Collected
SMP107449,LO107449,PAT03185,FAC002,LAB008,Urine,2025-08-14,Collected
SMP107451,LO107451,PAT08170,FAC003,LAB014,Blood,2025-05-04,Collected
SMP107457,LO107457,PAT00543,FAC005,LAB006,Blood,2025-02-24,Collected
SMP107464,LO107464,PAT06595,FAC002,LAB001,Blood,2025-08-03,Collected
SMP107471,LO107471,PAT06187,FAC003,LAB010,Radiology,2025-10-07,Collected
SMP107478,LO107478,PAT06215,FAC001,LAB001,Blood,2025-01-10,Collected
SMP107481,LO107481,PAT04631,FAC005,LAB001,Blood,2025-02-14,Collected
SMP107485,LO107485,PAT08725,FAC003,LAB005,Blood,2025-03-27,Collected
SMP107487,LO107487,PAT06509,FAC001,LAB003,Blood,2025-10-03,Collected
SMP107489,LO107489,PAT01356,FAC003,LAB001,Blood,2025-10-21,Collected
SMP107490,LO107490,PAT04515,FAC002,LAB001,Blood,2025-10-26,Collected
SMP107500,LO107500,PAT01625,FAC003,LAB015,Blood,2025-08-06,Collected
SMP107512,LO107512,PAT05196,FAC001,LAB015,Blood,2025-08-23,Collected
SMP107518,LO107518,PAT03166,FAC004,LAB013,Swab,2025-11-19,Collected
SMP107519,LO107519,PAT04082,FAC001,LAB013,Swab,2025-01-09,Collected
SMP107524,LO107524,PAT05513,FAC001,LAB002,Blood,2025-10-21,Collected
SMP107527,LO107527,PAT08884,FAC002,LAB001,Blood,2025-01-22,Collected
SMP107533,LO107533,PAT01262,FAC002,LAB005,Blood,2025-08-25,Processed
SMP107535,LO107535,PAT01512,FAC004,LAB005,Blood,2025-01-16,Collected
SMP107548,LO107548,PAT08658,FAC002,LAB005,Blood,2025-10-03,Collected
SMP107551,LO107551,PAT04221,FAC002,LAB007,Urine,2025-09-17,Collected
SMP107564,LO107564,PAT00219,FAC004,LAB008,Urine,2025-02-14,Collected
SMP107569,LO107569,PAT04949,FAC005,LAB015,Blood,2025-11-30,Collected
SMP107570,LO107570,PAT03546,FAC002,LAB014,Blood,2025-12-11,Collected
SMP107578,LO107578,PAT04408,FAC003,LAB002,Blood,2025-09-10,Rejected
SMP107585,LO107585,PAT04867,FAC004,LAB006,Blood,2025-01-25,Collected
SMP107586,LO107586,PAT05958,FAC002,LAB013,Swab,2025-11-06,Collected
SMP107590,LO107590,PAT00748,FAC001,LAB004,Blood,2025-12-16,Collected
SMP107594,LO107594,PAT05174,FAC001,LAB003,Blood,2025-08-08,Collected
SMP107604,LO107604,PAT08939,FAC002,LAB014,Blood,2025-11-26,Collected
SMP107608,LO107608,PAT08197,FAC004,LAB004,Blood,2025-08-27,Collected
SMP107612,LO107612,PAT02609,FAC002,LAB005,Blood,2025-06-20,Collected
SMP107613,LO107613,PAT00938,FAC002,LAB009,Radiology,2025-05-27,Collected
SMP107623,LO107623,PAT03821,FAC004,LAB004,Blood,2025-04-08,Collected
SMP107625,LO107625,PAT02183,FAC003,LAB002,Blood,2025-10-20,Collected
SMP107640,LO107640,PAT02693,FAC004,LAB006,Blood,2025-10-24,Collected
SMP107644,LO107644,PAT01796,FAC005,LAB008,Urine,2025-06-29,Collected
SMP107645,LO107645,PAT01271,FAC005,LAB011,Blood,2025-03-08,Collected
SMP107648,LO107648,PAT00354,FAC002,LAB005,Blood,2025-09-16,Processed
SMP107652,LO107652,PAT06424,FAC001,LAB009,Radiology,2025-04-16,Collected
SMP107653,LO107653,PAT07347,FAC005,LAB015,Blood,2025-02-13,Collected
SMP107657,LO107657,PAT04408,FAC002,LAB014,Blood,2025-12-12,Processed
SMP107662,LO107662,PAT06836,FAC003,LAB013,Swab,2025-12-29,Collected
SMP107663,LO107663,PAT06706,FAC003,LAB010,Radiology,2025-10-12,Collected
SMP107670,LO107670,PAT01954,FAC001,LAB015,Blood,2025-12-31,Collected
SMP107674,LO107674,PAT07342,FAC002,LAB001,Blood,2025-08-30,Processed
SMP107676,LO107676,PAT00488,FAC005,LAB014,Blood,2025-05-31,Collected
SMP107687,LO107687,PAT02560,FAC005,LAB008,Urine,2025-12-11,Collected
SMP107690,LO107690,PAT04468,FAC002,LAB008,Urine,2025-10-27,Collected
SMP107693,LO107693,PAT02808,FAC005,LAB013,Swab,2025-11-21,Collected
SMP107704,LO107704,PAT08823,FAC005,LAB013,Swab,2025-12-20,Collected
SMP107705,LO107705,PAT03636,FAC002,LAB013,Swab,2025-08-20,Collected
SMP107707,LO107707,PAT00587,FAC005,LAB006,Blood,2025-04-04,Collected
SMP107713,LO107713,PAT04195,FAC004,LAB008,Urine,2025-01-06,Collected
SMP107718,LO107718,PAT03781,FAC002,LAB012,Blood,2025-04-28,Collected
SMP107725,LO107725,PAT05505,FAC002,LAB006,Blood,2025-06-05,Collected
SMP107730,LO107730,PAT03014,FAC005,LAB005,Blood,2025-02-20,Collected
SMP107732,LO107732,PAT03685,FAC003,LAB004,Blood,2025-01-16,Collected
SMP107748,LO107748,PAT02003,FAC001,LAB010,Radiology,2025-05-16,Collected
SMP107750,LO107750,PAT08962,FAC002,LAB002,Blood,2025-09-13,Collected
SMP107755,LO107755,PAT00246,FAC005,LAB010,Radiology,2025-12-24,Collected
SMP107756,LO107756,PAT09567,FAC003,LAB007,Urine,2025-10-12,Collected
SMP107757,LO107757,PAT06408,FAC003,LAB008,Urine,2025-02-12,Collected
SMP107762,LO107762,PAT08137,FAC004,LAB014,Blood,2025-09-04,Collected
SMP107763,LO107763,PAT03185,FAC001,LAB003,Blood,2025-09-21,Collected
SMP107769,LO107769,PAT08974,FAC005,LAB003,Blood,2025-06-17,Processed
SMP107773,LO107773,PAT08795,FAC004,LAB004,Blood,2025-09-22,Collected
SMP107774,LO107774,PAT00901,FAC001,LAB012,Blood,2025-02-03,Collected
SMP107775,LO107775,PAT01936,FAC005,LAB002,Blood,2025-08-01,Collected
SMP107777,LO107777,PAT05707,FAC002,LAB014,Blood,2025-06-08,Collected
SMP107779,LO107779,PAT05174,FAC002,LAB005,Blood,2025-06-04,Collected
SMP107787,LO107787,PAT03036,FAC003,LAB011,Blood,2025-02-11,Collected
SMP107790,LO107790,PAT08100,FAC002,LAB001,Blood,2025-03-09,Collected
SMP107816,LO107816,PAT00185,FAC001,LAB003,Blood,2025-06-17,Collected
SMP107822,LO107822,PAT06182,FAC001,LAB009,Radiology,2025-08-24,Processed
SMP107823,LO107823,PAT02120,FAC002,LAB003,Blood,2025-11-04,Collected
SMP107833,LO107833,PAT07945,FAC004,LAB001,Blood,2025-10-10,Processed
SMP107838,LO107838,PAT08098,FAC004,LAB015,Blood,2025-03-05,Processed
SMP107841,LO107841,PAT02620,FAC003,LAB002,Blood,2025-11-05,Collected
SMP107842,LO107842,PAT03972,FAC002,LAB009,Radiology,2025-04-02,Collected
SMP107865,LO107865,PAT05528,FAC002,LAB002,Blood,2025-06-05,Collected
SMP107878,LO107878,PAT01415,FAC001,LAB002,Blood,2025-03-07,Collected
SMP107881,LO107881,PAT05156,FAC001,LAB011,Blood,2025-04-28,Collected
SMP107883,LO107883,PAT04490,FAC003,LAB006,Blood,2025-10-12,Collected
SMP107885,LO107885,PAT00386,FAC003,LAB013,Swab,2025-03-30,Processed
SMP107893,LO107893,PAT08901,FAC005,LAB008,Urine,2025-10-05,Collected
SMP107895,LO107895,PAT03026,FAC002,LAB003,Blood,2025-11-08,Collected
SMP107911,LO107911,PAT05708,FAC005,LAB009,Radiology,2025-10-12,Processed
SMP107915,LO107915,PAT09692,FAC003,LAB007,Urine,2025-06-22,Collected
SMP107919,LO107919,PAT04415,FAC003,LAB011,Blood,2025-12-15,Collected
SMP107921,LO107921,PAT01618,FAC002,LAB004,Blood,2025-03-12,Processed
SMP107923,LO107923,PAT00358,FAC005,LAB003,Blood,2025-07-13,Processed
SMP107928,LO107928,PAT07938,FAC001,LAB011,Blood,2025-02-20,Collected
SMP107930,LO107930,PAT08485,FAC004,LAB004,Blood,2025-11-27,Collected
SMP107938,LO107938,PAT07582,FAC004,LAB010,Radiology,2025-09-05,Collected
SMP107949,LO107949,PAT03106,FAC001,LAB002,Blood,2025-12-04,Collected
SMP107950,LO107950,PAT03820,FAC001,LAB001,Blood,2025-10-14,Collected
SMP107953,LO107953,PAT06823,FAC001,LAB005,Blood,2025-05-01,Collected
SMP107954,LO107954,PAT08740,FAC005,LAB013,Swab,2025-04-01,Collected
SMP107956,LO107956,PAT08780,FAC003,LAB008,Urine,2025-01-27,Collected
SMP107957,LO107957,PAT05415,FAC005,LAB006,Blood,2025-08-03,Collected
SMP107962,LO107962,PAT01057,FAC003,LAB008,Urine,2025-03-23,Collected
SMP107974,LO107974,PAT00042,FAC001,LAB006,Blood,2025-02-25,Processed
SMP107977,LO107977,PAT08125,FAC003,LAB006,Blood,2025-01-03,Collected
SMP107979,LO107979,PAT02627,FAC001,LAB011,Blood,2025-09-02,Collected
SMP107980,LO107980,PAT05602,FAC004,LAB007,Urine,2025-10-18,Collected
SMP107981,LO107981,PAT09310,FAC004,LAB015,Blood,2025-12-27,Collected
SMP107982,LO107982,PAT02367,FAC001,LAB003,Blood,2025-07-16,Collected
SMP107995,LO107995,PAT01356,FAC002,LAB015,Blood,2025-07-04,Collected
SMP108011,LO108011,PAT09996,FAC001,LAB012,Blood,2025-08-18,Collected
SMP108014,LO108014,PAT07029,FAC005,LAB012,Blood,2025-09-29,Collected
SMP108019,LO108019,PAT06614,FAC005,LAB003,Blood,2025-06-29,Collected
SMP108026,LO108026,PAT03979,FAC001,LAB015,Blood,2025-06-15,Collected
SMP108027,LO108027,PAT05045,FAC002,LAB003,Blood,2025-01-19,Collected
SMP108032,LO108032,PAT09981,FAC003,LAB007,Urine,2025-11-17,Collected
SMP108040,LO108040,PAT01179,FAC002,LAB003,Blood,2025-08-20,Collected
SMP108048,LO108048,PAT08880,FAC002,LAB008,Urine,2025-12-28,Collected
SMP108063,LO108063,PAT08169,FAC003,LAB012,Blood,2025-12-19,Collected
SMP108064,LO108064,PAT00034,FAC002,LAB009,Radiology,2025-10-25,Processed
SMP108065,LO108065,PAT09361,FAC005,LAB013,Swab,2025-07-20,Collected
SMP108082,LO108082,PAT08296,FAC003,LAB009,Radiology,2025-08-20,Processed
SMP108086,LO108086,PAT06316,FAC002,LAB008,Urine,2025-01-11,Collected
SMP108096,LO108096,PAT04961,FAC005,LAB009,Radiology,2025-01-15,Collected
SMP108103,LO108103,PAT00840,FAC005,LAB013,Swab,2025-06-19,Collected
SMP108107,LO108107,PAT08789,FAC002,LAB008,Urine,2025-03-08,Collected
SMP108108,LO108108,PAT07418,FAC005,LAB006,Blood,2025-11-13,Collected
SMP108116,LO108116,PAT06648,FAC005,LAB015,Blood,2025-01-15,Collected
SMP108134,LO108134,PAT06811,FAC002,LAB013,Swab,2025-11-19,Collected
SMP108139,LO108139,PAT03754,FAC003,LAB014,Blood,2025-12-30,Processed
SMP108148,LO108148,PAT05184,FAC003,LAB003,Blood,2025-02-11,Collected
SMP108152,LO108152,PAT02113,FAC003,LAB002,Blood,2025-08-24,Collected
SMP108155,LO108155,PAT02693,FAC002,LAB013,Swab,2025-07-02,Collected
SMP108158,LO108158,PAT04130,FAC002,LAB003,Blood,2025-10-22,Collected
SMP108162,LO108162,PAT09195,FAC001,LAB001,Blood,2025-09-27,Collected
SMP108165,LO108165,PAT05145,FAC003,LAB001,Blood,2025-07-24,Collected
SMP108168,LO108168,PAT07748,FAC001,LAB008,Urine,2025-07-09,Collected
SMP108170,LO108170,PAT04756,FAC002,LAB007,Urine,2025-03-20,Collected
SMP108171,LO108171,PAT06335,FAC003,LAB004,Blood,2025-11-04,Collected
SMP108173,LO108173,PAT00389,FAC005,LAB001,Blood,2025-06-01,Collected
SMP108178,LO108178,PAT02993,FAC002,LAB002,Blood,2025-02-21,Collected
SMP108182,LO108182,PAT00933,FAC002,LAB008,Urine,2025-05-27,Collected
SMP108184,LO108184,PAT01635,FAC005,LAB005,Blood,2025-05-20,Collected
SMP108185,LO108185,PAT06635,FAC001,LAB007,Urine,2025-07-08,Collected
SMP108187,LO108187,PAT04683,FAC001,LAB008,Urine,2025-09-14,Collected
SMP108195,LO108195,PAT04863,FAC003,LAB002,Blood,2025-03-04,Collected
SMP108200,LO108200,PAT03947,FAC001,LAB010,Radiology,2025-08-11,Collected
SMP108211,LO108211,PAT02996,FAC001,LAB004,Blood,2025-07-11,Collected
SMP108215,LO108215,PAT03904,FAC002,LAB007,Urine,2025-01-23,Collected
SMP108218,LO108218,PAT02716,FAC003,LAB010,Radiology,2025-03-24,Collected
SMP108228,LO108228,PAT03066,FAC003,LAB011,Blood,2025-02-22,Collected
SMP108243,LO108243,PAT07043,FAC001,LAB002,Blood,2025-06-30,Collected
SMP108245,LO108245,PAT03475,FAC001,LAB011,Blood,2025-10-13,Rejected
SMP108259,LO108259,PAT04041,FAC002,LAB008,Urine,2025-04-21,Processed
SMP108268,LO108268,PAT03270,FAC005,LAB014,Blood,2025-02-22,Collected
SMP108272,LO108272,PAT06922,FAC002,LAB014,Blood,2025-03-25,Collected
SMP108274,LO108274,PAT05351,FAC002,LAB002,Blood,2025-02-15,Processed
SMP108277,LO108277,PAT03356,FAC002,LAB003,Blood,2025-11-21,Processed
SMP108278,LO108278,PAT02944,FAC001,LAB014,Blood,2025-09-30,Collected
SMP108289,LO108289,PAT08661,FAC002,LAB012,Blood,2025-01-27,Collected
SMP108297,LO108297,PAT04747,FAC001,LAB007,Urine,2025-07-31,Collected
SMP108309,LO108309,PAT02026,FAC001,LAB009,Radiology,2025-11-17,Processed
SMP108330,LO108330,PAT00742,FAC004,LAB009,Radiology,2025-10-03,Collected
SMP108333,LO108333,PAT00909,FAC002,LAB010,Radiology,2025-07-28,Collected
SMP108336,LO108336,PAT09489,FAC001,LAB015,Blood,2025-11-04,Collected
SMP108339,LO108339,PAT09489,FAC003,LAB004,Blood,2025-02-23,Collected
SMP108341,LO108341,PAT06178,FAC004,LAB015,Blood,2025-01-13,Processed
SMP108346,LO108346,PAT03777,FAC003,LAB006,Blood,2025-06-07,Collected
SMP108347,LO108347,PAT07815,FAC002,LAB012,Blood,2025-03-07,Collected
SMP108354,LO108354,PAT05206,FAC004,LAB013,Swab,2025-02-15,Collected
SMP108358,LO108358,PAT02003,FAC004,LAB010,Radiology,2025-07-03,Collected
SMP108363,LO108363,PAT09021,FAC003,LAB013,Swab,2025-10-07,Collected
SMP108367,LO108367,PAT03468,FAC004,LAB008,Urine,2025-11-19,Collected
SMP108384,LO108384,PAT06006,FAC001,LAB003,Blood,2025-06-14,Collected
SMP108390,LO108390,PAT03911,FAC002,LAB011,Blood,2025-04-26,Processed
SMP108394,LO108394,PAT07043,FAC005,LAB009,Radiology,2025-06-20,Rejected
SMP108397,LO108397,PAT02299,FAC002,LAB015,Blood,2025-07-08,Processed
SMP108410,LO108410,PAT06187,FAC002,LAB011,Blood,2025-10-27,Rejected
SMP108412,LO108412,PAT06476,FAC001,LAB005,Blood,2025-04-09,Collected
SMP108413,LO108413,PAT05505,FAC002,LAB007,Urine,2025-06-30,Collected
SMP108414,LO108414,PAT03276,FAC003,LAB008,Urine,2025-09-24,Collected
SMP108416,LO108416,PAT09058,FAC003,LAB009,Radiology,2025-10-27,Collected
SMP108418,LO108418,PAT04076,FAC004,LAB001,Blood,2025-03-29,Collected
SMP108419,LO108419,PAT04124,FAC002,LAB012,Blood,2025-02-05,Collected
SMP108430,LO108430,PAT09160,FAC001,LAB014,Blood,2025-09-08,Collected
SMP108444,LO108444,PAT03298,FAC002,LAB002,Blood,2025-11-22,Collected
SMP108450,LO108450,PAT09149,FAC003,LAB015,Blood,2025-04-11,Collected
SMP108457,LO108457,PAT05598,FAC001,LAB015,Blood,2025-01-11,Collected
SMP108458,LO108458,PAT05272,FAC002,LAB014,Blood,2025-03-11,Collected
SMP108461,LO108461,PAT04376,FAC001,LAB002,Blood,2025-06-09,Collected
SMP108463,LO108463,PAT02145,FAC005,LAB001,Blood,2025-11-01,Processed
SMP108464,LO108464,PAT07272,FAC001,LAB003,Blood,2025-07-20,Collected
SMP108465,LO108465,PAT08243,FAC005,LAB002,Blood,2025-09-08,Collected
SMP108467,LO108467,PAT01548,FAC002,LAB009,Radiology,2025-04-13,Processed
SMP108470,LO108470,PAT06096,FAC002,LAB007,Urine,2025-08-23,Collected
SMP108481,LO108481,PAT01796,FAC004,LAB008,Urine,2025-01-25,Collected
SMP108483,LO108483,PAT00474,FAC003,LAB011,Blood,2025-02-13,Collected
SMP108487,LO108487,PAT09897,FAC001,LAB006,Blood,2025-01-25,Collected
SMP108489,LO108489,PAT04338,FAC003,LAB001,Blood,2025-08-17,Collected
SMP108498,LO108498,PAT08268,FAC003,LAB001,Blood,2025-12-25,Collected
SMP108499,LO108499,PAT09508,FAC002,LAB010,Radiology,2025-11-07,Collected
SMP108500,LO108500,PAT09970,FAC005,LAB001,Blood,2025-10-10,Collected
SMP108504,LO108504,PAT03479,FAC003,LAB004,Blood,2025-05-25,Processed
SMP108516,LO108516,PAT06558,FAC002,LAB001,Blood,2025-01-08,Collected
SMP108520,LO108520,PAT05136,FAC001,LAB009,Radiology,2025-10-11,Collected
SMP108532,LO108532,PAT08461,FAC002,LAB005,Blood,2025-03-10,Collected
SMP108539,LO108539,PAT05423,FAC002,LAB014,Blood,2025-05-12,Collected
SMP108541,LO108541,PAT00377,FAC004,LAB002,Blood,2025-02-24,Collected
SMP108546,LO108546,PAT06188,FAC003,LAB014,Blood,2025-02-22,Collected
SMP108551,LO108551,PAT06799,FAC004,LAB002,Blood,2025-07-28,Processed
SMP108558,LO108558,PAT09023,FAC005,LAB009,Radiology,2025-05-24,Collected
SMP108563,LO108563,PAT07158,FAC005,LAB002,Blood,2025-09-29,Processed
SMP108569,LO108569,PAT07912,FAC003,LAB011,Blood,2025-01-09,Collected
SMP108570,LO108570,PAT06891,FAC004,LAB006,Blood,2025-11-25,Collected
SMP108583,LO108583,PAT01328,FAC005,LAB002,Blood,2025-07-24,Collected
SMP108586,LO108586,PAT09566,FAC002,LAB009,Radiology,2025-10-11,Collected
SMP108587,LO108587,PAT05364,FAC002,LAB001,Blood,2025-01-06,Collected
SMP108589,LO108589,PAT04354,FAC003,LAB014,Blood,2025-05-02,Collected
SMP108590,LO108590,PAT04661,FAC005,LAB004,Blood,2025-11-05,Collected
SMP108592,LO108592,PAT00564,FAC005,LAB013,Swab,2025-11-24,Collected
SMP108598,LO108598,PAT03018,FAC004,LAB010,Radiology,2025-05-31,Collected
SMP108605,LO108605,PAT08344,FAC002,LAB010,Radiology,2025-03-03,Collected
SMP108606,LO108606,PAT09280,FAC003,LAB014,Blood,2025-07-30,Collected
SMP108608,LO108608,PAT01419,FAC005,LAB015,Blood,2025-02-26,Collected
SMP108609,LO108609,PAT02345,FAC001,LAB012,Blood,2025-03-09,Collected
SMP108620,LO108620,PAT01088,FAC002,LAB001,Blood,2025-01-06,Collected
SMP108625,LO108625,PAT04953,FAC004,LAB008,Urine,2025-11-27,Collected
SMP108627,LO108627,PAT06927,FAC002,LAB003,Blood,2025-11-04,Collected
SMP108635,LO108635,PAT02302,FAC001,LAB003,Blood,2025-01-06,Collected
SMP108640,LO108640,PAT06374,FAC004,LAB015,Blood,2025-09-15,Collected
SMP108642,LO108642,PAT02586,FAC005,LAB012,Blood,2025-09-17,Collected
SMP108643,LO108643,PAT01576,FAC001,LAB005,Blood,2025-06-24,Collected
SMP108648,LO108648,PAT06077,FAC004,LAB002,Blood,2025-07-09,Rejected
SMP108652,LO108652,PAT04190,FAC003,LAB008,Urine,2025-02-20,Collected
SMP108653,LO108653,PAT00634,FAC001,LAB005,Blood,2025-11-11,Collected
SMP108664,LO108664,PAT00312,FAC005,LAB004,Blood,2025-10-12,Processed
SMP108678,LO108678,PAT00412,FAC002,LAB013,Swab,2025-04-06,Collected
SMP108707,LO108707,PAT02901,FAC001,LAB003,Blood,2025-06-01,Collected
SMP108709,LO108709,PAT08518,FAC001,LAB004,Blood,2025-02-25,Collected
SMP108712,LO108712,PAT01984,FAC003,LAB015,Blood,2025-12-02,Collected
SMP108721,LO108721,PAT02040,FAC005,LAB005,Blood,2025-03-07,Collected
SMP108729,LO108729,PAT08901,FAC001,LAB009,Radiology,2025-10-29,Collected
SMP108734,LO108734,PAT09587,FAC005,LAB009,Radiology,2025-03-22,Collected
SMP108740,LO108740,PAT03920,FAC001,LAB015,Blood,2025-03-27,Collected
SMP108751,LO108751,PAT08780,FAC004,LAB009,Radiology,2025-08-31,Collected
SMP108756,LO108756,PAT08939,FAC004,LAB005,Blood,2025-08-30,Collected
SMP108770,LO108770,PAT04514,FAC001,LAB014,Blood,2025-03-16,Processed
SMP108776,LO108776,PAT09996,FAC003,LAB005,Blood,2025-03-31,Collected
SMP108781,LO108781,PAT01685,FAC003,LAB013,Swab,2025-03-02,Collected
SMP108783,LO108783,PAT03661,FAC004,LAB015,Blood,2025-10-26,Collected
SMP108790,LO108790,PAT06046,FAC001,LAB004,Blood,2025-12-17,Collected
SMP108800,LO108800,PAT05345,FAC005,LAB011,Blood,2025-09-07,Collected
SMP108804,LO108804,PAT07059,FAC005,LAB006,Blood,2025-08-31,Collected
SMP108807,LO108807,PAT09296,FAC001,LAB015,Blood,2025-12-31,Collected
SMP108820,LO108820,PAT04790,FAC004,LAB002,Blood,2025-04-08,Collected
SMP108823,LO108823,PAT04305,FAC004,LAB005,Blood,2025-11-26,Collected
SMP108825,LO108825,PAT06026,FAC002,LAB010,Radiology,2025-12-08,Processed
SMP108828,LO108828,PAT06138,FAC004,LAB015,Blood,2025-07-29,Collected
SMP108840,LO108840,PAT08662,FAC002,LAB007,Urine,2025-03-03,Collected
SMP108844,LO108844,PAT07517,FAC003,LAB014,Blood,2025-01-31,Collected
SMP108847,LO108847,PAT09190,FAC003,LAB004,Blood,2025-02-08,Rejected
SMP108853,LO108853,PAT05454,FAC002,LAB012,Blood,2025-01-15,Collected
SMP108869,LO108869,PAT09452,FAC003,LAB005,Blood,2025-01-24,Collected
SMP108871,LO108871,PAT08650,FAC002,LAB006,Blood,2025-07-08,Collected
SMP108872,LO108872,PAT09405,FAC001,LAB015,Blood,2025-10-07,Collected
SMP108879,LO108879,PAT01200,FAC001,LAB012,Blood,2025-07-03,Collected
SMP108887,LO108887,PAT09773,FAC004,LAB007,Urine,2025-01-14,Collected
SMP108889,LO108889,PAT02620,FAC005,LAB002,Blood,2025-10-02,Collected
SMP108890,LO108890,PAT01227,FAC003,LAB007,Urine,2025-06-13,Collected
SMP108894,LO108894,PAT03699,FAC004,LAB013,Swab,2025-10-16,Collected
SMP108898,LO108898,PAT02183,FAC002,LAB002,Blood,2025-03-22,Processed
SMP108899,LO108899,PAT03990,FAC003,LAB005,Blood,2025-03-01,Collected
SMP108901,LO108901,PAT03469,FAC004,LAB009,Radiology,2025-08-25,Processed
SMP108902,LO108902,PAT02141,FAC001,LAB012,Blood,2025-05-13,Collected
SMP108904,LO108904,PAT00896,FAC001,LAB013,Swab,2025-07-11,Collected
SMP108916,LO108916,PAT04951,FAC002,LAB010,Radiology,2025-05-13,Collected
SMP108920,LO108920,PAT06106,FAC002,LAB012,Blood,2025-07-28,Processed
SMP108921,LO108921,PAT05598,FAC003,LAB002,Blood,2025-06-27,Collected
SMP108922,LO108922,PAT00028,FAC005,LAB009,Radiology,2025-09-14,Collected
SMP108927,LO108927,PAT07276,FAC001,LAB013,Swab,2025-02-04,Collected
SMP108939,LO108939,PAT08948,FAC005,LAB009,Radiology,2025-09-01,Collected
SMP108952,LO108952,PAT07253,FAC003,LAB001,Blood,2025-04-03,Collected
SMP108954,LO108954,PAT03117,FAC005,LAB007,Urine,2025-12-09,Collected
SMP108958,LO108958,PAT03843,FAC002,LAB002,Blood,2025-07-14,Processed
SMP108962,LO108962,PAT00291,FAC004,LAB003,Blood,2025-10-12,Collected
SMP108963,LO108963,PAT02920,FAC005,LAB001,Blood,2025-06-27,Collected
SMP108964,LO108964,PAT02996,FAC002,LAB007,Urine,2025-06-05,Processed
SMP108973,LO108973,PAT01748,FAC001,LAB015,Blood,2025-05-23,Collected
SMP108979,LO108979,PAT08887,FAC004,LAB005,Blood,2025-05-19,Collected
SMP108980,LO108980,PAT00837,FAC003,LAB004,Blood,2025-01-03,Collected
SMP108991,LO108991,PAT06408,FAC002,LAB012,Blood,2025-07-29,Collected
SMP109009,LO109009,PAT01191,FAC003,LAB003,Blood,2025-01-04,Collected
SMP109012,LO109012,PAT07835,FAC004,LAB015,Blood,2025-10-26,Collected
SMP109013,LO109013,PAT04190,FAC003,LAB012,Blood,2025-06-04,Collected
SMP109016,LO109016,PAT00968,FAC001,LAB010,Radiology,2025-02-12,Rejected
SMP109021,LO109021,PAT02555,FAC004,LAB005,Blood,2025-01-07,Collected
SMP109027,LO109027,PAT01027,FAC001,LAB006,Blood,2025-02-12,Collected
SMP109032,LO109032,PAT05466,FAC002,LAB005,Blood,2025-03-27,Collected
SMP109042,LO109042,PAT04975,FAC002,LAB010,Radiology,2025-02-05,Collected
SMP109045,LO109045,PAT06851,FAC001,LAB013,Swab,2025-07-05,Collected
SMP109049,LO109049,PAT04016,FAC004,LAB011,Blood,2026-01-01,Collected
SMP109059,LO109059,PAT04044,FAC003,LAB014,Blood,2025-08-24,Collected
SMP109062,LO109062,PAT04016,FAC005,LAB014,Blood,2025-10-15,Collected
SMP109069,LO109069,PAT05933,FAC001,LAB004,Blood,2025-08-19,Collected
SMP109082,LO109082,PAT06919,FAC004,LAB006,Blood,2025-02-18,Collected
SMP109083,LO109083,PAT00574,FAC001,LAB014,Blood,2025-12-14,Processed
SMP109089,LO109089,PAT02123,FAC005,LAB011,Blood,2025-08-07,Collected
SMP109090,LO109090,PAT04029,FAC002,LAB012,Blood,2025-01-20,Processed
SMP109096,LO109096,PAT01666,FAC002,LAB011,Blood,2025-09-01,Processed
SMP109098,LO109098,PAT02678,FAC004,LAB002,Blood,2025-08-13,Collected
SMP109099,LO109099,PAT01704,FAC005,LAB015,Blood,2025-01-14,Collected
SMP109101,LO109101,PAT04039,FAC003,LAB013,Swab,2025-03-11,Collected
SMP109108,LO109108,PAT05387,FAC003,LAB013,Swab,2025-09-18,Processed
SMP109111,LO109111,PAT01945,FAC003,LAB005,Blood,2025-11-25,Collected
SMP109116,LO109116,PAT09595,FAC003,LAB009,Radiology,2025-12-22,Collected
SMP109120,LO109120,PAT04442,FAC002,LAB005,Blood,2025-10-17,Processed
SMP109124,LO109124,PAT06071,FAC001,LAB012,Blood,2025-01-18,Collected
SMP109126,LO109126,PAT07586,FAC004,LAB014,Blood,2025-03-07,Collected
SMP109130,LO109130,PAT04004,FAC005,LAB010,Radiology,2025-03-06,Collected
SMP109148,LO109148,PAT08884,FAC005,LAB011,Blood,2025-01-30,Processed
SMP109150,LO109150,PAT02933,FAC002,LAB015,Blood,2025-03-23,Processed
SMP109162,LO109162,PAT03469,FAC005,LAB002,Blood,2025-04-20,Collected
SMP109164,LO109164,PAT03509,FAC003,LAB001,Blood,2025-12-15,Collected
SMP109170,LO109170,PAT05767,FAC005,LAB009,Radiology,2025-11-06,Collected
SMP109174,LO109174,PAT07360,FAC005,LAB003,Blood,2025-11-16,Collected
SMP109177,LO109177,PAT08399,FAC004,LAB005,Blood,2025-07-15,Collected
SMP109182,LO109182,PAT01084,FAC002,LAB009,Radiology,2025-11-21,Collected
SMP109184,LO109184,PAT04316,FAC002,LAB007,Urine,2025-10-31,Collected
SMP109189,LO109189,PAT01769,FAC005,LAB007,Urine,2025-10-17,Collected
SMP109215,LO109215,PAT08162,FAC001,LAB006,Blood,2025-02-01,Collected
SMP109216,LO109216,PAT07913,FAC003,LAB006,Blood,2025-10-09,Collected
SMP109219,LO109219,PAT05684,FAC004,LAB005,Blood,2025-01-19,Collected
SMP109224,LO109224,PAT02544,FAC002,LAB015,Blood,2025-02-08,Collected
SMP109226,LO109226,PAT02449,FAC005,LAB013,Swab,2025-07-14,Processed
SMP109228,LO109228,PAT09040,FAC001,LAB001,Blood,2025-12-14,Collected
SMP109233,LO109233,PAT02597,FAC005,LAB002,Blood,2025-06-17,Collected
SMP109237,LO109237,PAT05334,FAC005,LAB002,Blood,2025-04-25,Processed
SMP109244,LO109244,PAT07248,FAC003,LAB006,Blood,2025-05-11,Rejected
SMP109248,LO109248,PAT00534,FAC001,LAB012,Blood,2025-11-21,Collected
SMP109250,LO109250,PAT08120,FAC002,LAB005,Blood,2025-02-01,Collected
SMP109255,LO109255,PAT06408,FAC005,LAB007,Urine,2025-04-30,Collected
SMP109258,LO109258,PAT01248,FAC003,LAB012,Blood,2025-11-01,Collected
SMP109267,LO109267,PAT06028,FAC002,LAB013,Swab,2025-04-27,Collected
SMP109279,LO109279,PAT08485,FAC001,LAB012,Blood,2025-01-17,Collected
SMP109284,LO109284,PAT09843,FAC003,LAB012,Blood,2025-11-04,Collected
SMP109287,LO109287,PAT08100,FAC005,LAB006,Blood,2025-09-20,Collected
SMP109289,LO109289,PAT04329,FAC004,LAB003,Blood,2025-11-07,Collected
SMP109295,LO109295,PAT03249,FAC002,LAB007,Urine,2025-09-30,Collected
SMP109301,LO109301,PAT04979,FAC002,LAB012,Blood,2025-03-04,Collected
SMP109315,LO109315,PAT09101,FAC001,LAB009,Radiology,2025-11-28,Collected
SMP109316,LO109316,PAT00316,FAC004,LAB001,Blood,2025-11-12,Collected
SMP109318,LO109318,PAT02110,FAC004,LAB006,Blood,2025-10-14,Collected
SMP109330,LO109330,PAT04297,FAC004,LAB012,Blood,2025-11-01,Processed
SMP109345,LO109345,PAT03590,FAC001,LAB006,Blood,2025-01-25,Collected
SMP109348,LO109348,PAT03308,FAC003,LAB014,Blood,2025-11-25,Collected
SMP109350,LO109350,PAT01434,FAC002,LAB006,Blood,2025-10-12,Collected
SMP109353,LO109353,PAT01428,FAC004,LAB011,Blood,2025-11-23,Collected
SMP109357,LO109357,PAT03612,FAC005,LAB002,Blood,2025-09-23,Collected
SMP109364,LO109364,PAT03034,FAC005,LAB007,Urine,2025-04-27,Collected
SMP109371,LO109371,PAT03222,FAC004,LAB001,Blood,2025-12-10,Collected
SMP109375,LO109375,PAT07502,FAC002,LAB010,Radiology,2025-01-04,Collected
SMP109379,LO109379,PAT02021,FAC002,LAB002,Blood,2025-05-08,Collected
SMP109383,LO109383,PAT01663,FAC003,LAB008,Urine,2025-12-21,Collected
SMP109387,LO109387,PAT00909,FAC005,LAB008,Urine,2025-07-16,Collected
SMP109396,LO109396,PAT03403,FAC002,LAB007,Urine,2025-07-16,Collected
SMP109397,LO109397,PAT03609,FAC004,LAB001,Blood,2025-12-30,Collected
SMP109398,LO109398,PAT07634,FAC005,LAB014,Blood,2025-08-28,Processed
SMP109404,LO109404,PAT03533,FAC002,LAB008,Urine,2025-11-03,Collected
SMP109406,LO109406,PAT04203,FAC005,LAB013,Swab,2025-04-02,Collected
SMP109413,LO109413,PAT03956,FAC003,LAB010,Radiology,2025-12-29,Collected
SMP109419,LO109419,PAT07064,FAC002,LAB011,Blood,2025-09-01,Collected
SMP109423,LO109423,PAT08766,FAC003,LAB006,Blood,2025-08-12,Collected
SMP109430,LO109430,PAT00869,FAC002,LAB012,Blood,2025-05-21,Collected
SMP109434,LO109434,PAT00904,FAC002,LAB008,Urine,2025-07-01,Collected
SMP109441,LO109441,PAT09213,FAC001,LAB005,Blood,2025-05-16,Collected
SMP109443,LO109443,PAT07253,FAC002,LAB015,Blood,2025-10-15,Collected
SMP109446,LO109446,PAT04388,FAC004,LAB004,Blood,2025-10-22,Collected
SMP109447,LO109447,PAT02406,FAC002,LAB009,Radiology,2025-04-18,Collected
SMP109455,LO109455,PAT00171,FAC002,LAB012,Blood,2025-02-11,Collected
SMP109457,LO109457,PAT09549,FAC002,LAB003,Blood,2025-05-04,Processed
SMP109461,LO109461,PAT03117,FAC001,LAB008,Urine,2025-01-15,Collected
SMP109462,LO109462,PAT00305,FAC004,LAB013,Swab,2025-01-12,Collected
SMP109470,LO109470,PAT00904,FAC002,LAB004,Blood,2025-10-27,Processed
SMP109472,LO109472,PAT09955,FAC001,LAB015,Blood,2025-05-14,Collected
SMP109475,LO109475,PAT04076,FAC002,LAB008,Urine,2025-09-11,Collected
SMP109477,LO109477,PAT08391,FAC001,LAB013,Swab,2025-08-23,Processed
SMP109483,LO109483,PAT03446,FAC002,LAB004,Blood,2025-07-28,Processed
SMP109485,LO109485,PAT06761,FAC005,LAB001,Blood,2025-06-01,Collected
SMP109487,LO109487,PAT02885,FAC001,LAB007,Urine,2025-09-15,Collected
SMP109493,LO109493,PAT07364,FAC003,LAB007,Urine,2025-02-23,Collected
SMP109503,LO109503,PAT09913,FAC001,LAB011,Blood,2025-12-16,Collected
SMP109506,LO109506,PAT09555,FAC002,LAB006,Blood,2025-12-17,Collected
SMP109509,LO109509,PAT02523,FAC003,LAB007,Urine,2025-02-08,Collected
SMP109524,LO109524,PAT03956,FAC003,LAB008,Urine,2025-12-06,Collected
SMP109525,LO109525,PAT09220,FAC005,LAB010,Radiology,2025-03-10,Processed
SMP109528,LO109528,PAT05407,FAC005,LAB015,Blood,2025-03-05,Collected
SMP109529,LO109529,PAT00903,FAC005,LAB007,Urine,2025-02-06,Collected
SMP109533,LO109533,PAT05788,FAC005,LAB003,Blood,2025-10-26,Processed
SMP109558,LO109558,PAT02202,FAC002,LAB013,Swab,2025-07-17,Collected
SMP109566,LO109566,PAT08635,FAC001,LAB011,Blood,2025-02-15,Collected
SMP109567,LO109567,PAT04338,FAC003,LAB007,Urine,2025-02-13,Collected
SMP109573,LO109573,PAT04352,FAC001,LAB003,Blood,2025-01-29,Collected
SMP109589,LO109589,PAT04338,FAC005,LAB002,Blood,2025-09-17,Collected
SMP109598,LO109598,PAT01431,FAC004,LAB009,Radiology,2025-02-15,Collected
SMP109605,LO109605,PAT03166,FAC001,LAB005,Blood,2025-02-05,Collected
SMP109614,LO109614,PAT08094,FAC004,LAB006,Blood,2025-10-29,Processed
SMP109615,LO109615,PAT02610,FAC003,LAB004,Blood,2025-08-23,Collected
SMP109618,LO109618,PAT09726,FAC001,LAB014,Blood,2025-03-01,Collected
SMP109626,LO109626,PAT02617,FAC003,LAB004,Blood,2025-09-13,Processed
SMP109628,LO109628,PAT07517,FAC001,LAB011,Blood,2025-12-14,Collected
SMP109637,LO109637,PAT04581,FAC003,LAB006,Blood,2025-07-20,Collected
SMP109638,LO109638,PAT00466,FAC003,LAB014,Blood,2025-10-23,Collected
SMP109639,LO109639,PAT00462,FAC001,LAB006,Blood,2025-10-28,Collected
SMP109640,LO109640,PAT03612,FAC005,LAB009,Radiology,2025-11-07,Collected
SMP109649,LO109649,PAT06825,FAC003,LAB013,Swab,2025-03-29,Collected
SMP109659,LO109659,PAT03316,FAC004,LAB015,Blood,2025-06-29,Collected
SMP109670,LO109670,PAT04661,FAC004,LAB004,Blood,2025-02-17,Collected
SMP109673,LO109673,PAT01122,FAC001,LAB004,Blood,2025-10-01,Collected
SMP109675,LO109675,PAT01352,FAC002,LAB008,Urine,2025-11-04,Processed
SMP109676,LO109676,PAT01348,FAC001,LAB010,Radiology,2025-01-05,Collected
SMP109681,LO109681,PAT03828,FAC001,LAB008,Urine,2025-05-19,Collected
SMP109684,LO109684,PAT03756,FAC003,LAB014,Blood,2025-06-17,Collected
SMP109695,LO109695,PAT09190,FAC005,LAB002,Blood,2025-03-14,Collected
SMP109696,LO109696,PAT02617,FAC001,LAB004,Blood,2025-01-22,Collected
SMP109699,LO109699,PAT04680,FAC005,LAB004,Blood,2025-01-06,Collected
SMP109702,LO109702,PAT00186,FAC005,LAB004,Blood,2025-08-16,Processed
SMP109709,LO109709,PAT01088,FAC005,LAB005,Blood,2025-01-23,Collected
SMP109711,LO109711,PAT00189,FAC004,LAB013,Swab,2025-05-06,Collected
SMP109716,LO109716,PAT06949,FAC005,LAB009,Radiology,2025-04-26,Collected
SMP109718,LO109718,PAT06907,FAC003,LAB002,Blood,2025-10-21,Collected
SMP109720,LO109720,PAT08661,FAC001,LAB015,Blood,2025-02-21,Collected
SMP109723,LO109723,PAT00654,FAC002,LAB003,Blood,2025-07-26,Collected
SMP109726,LO109726,PAT02484,FAC003,LAB009,Radiology,2025-08-17,Collected
SMP109729,LO109729,PAT09902,FAC005,LAB008,Urine,2025-09-23,Collected
SMP109736,LO109736,PAT05861,FAC005,LAB005,Blood,2025-04-05,Collected
SMP109742,LO109742,PAT04025,FAC003,LAB013,Swab,2025-02-19,Processed
SMP109753,LO109753,PAT03547,FAC002,LAB006,Blood,2025-07-25,Collected
SMP109755,LO109755,PAT09862,FAC001,LAB011,Blood,2025-10-09,Collected
SMP109759,LO109759,PAT03016,FAC003,LAB003,Blood,2025-11-04,Collected
SMP109762,LO109762,PAT09388,FAC005,LAB006,Blood,2025-06-30,Collected
SMP109764,LO109764,PAT07976,FAC004,LAB004,Blood,2025-06-18,Collected
SMP109766,LO109766,PAT04442,FAC002,LAB010,Radiology,2025-02-12,Collected
SMP109769,LO109769,PAT03523,FAC002,LAB008,Urine,2025-05-24,Collected
SMP109773,LO109773,PAT07751,FAC001,LAB009,Radiology,2025-12-16,Processed
SMP109779,LO109779,PAT03614,FAC002,LAB011,Blood,2025-05-30,Collected
SMP109781,LO109781,PAT08880,FAC005,LAB004,Blood,2025-02-14,Processed
SMP109785,LO109785,PAT06312,FAC003,LAB004,Blood,2025-11-05,Processed
SMP109787,LO109787,PAT08789,FAC002,LAB015,Blood,2025-02-09,Collected
SMP109789,LO109789,PAT07582,FAC001,LAB004,Blood,2025-10-17,Collected
SMP109800,LO109800,PAT09744,FAC004,LAB004,Blood,2025-01-10,Collected
SMP109807,LO109807,PAT00389,FAC001,LAB004,Blood,2025-08-01,Collected
SMP109814,LO109814,PAT01483,FAC005,LAB001,Blood,2025-03-22,Collected
SMP109816,LO109816,PAT04456,FAC002,LAB009,Radiology,2025-04-27,Collected
SMP109831,LO109831,PAT02335,FAC003,LAB007,Urine,2025-01-23,Collected
SMP109835,LO109835,PAT01238,FAC002,LAB004,Blood,2025-07-03,Collected
SMP109841,LO109841,PAT01535,FAC001,LAB014,Blood,2025-10-25,Collected
SMP109842,LO109842,PAT03945,FAC002,LAB012,Blood,2025-04-07,Collected
SMP109860,LO109860,PAT08911,FAC004,LAB007,Urine,2025-02-08,Collected
SMP109862,LO109862,PAT02865,FAC002,LAB006,Blood,2025-09-13,Collected
SMP109866,LO109866,PAT02022,FAC001,LAB008,Urine,2025-03-19,Collected
SMP109869,LO109869,PAT03949,FAC004,LAB009,Radiology,2025-07-21,Collected
SMP109880,LO109880,PAT07794,FAC001,LAB006,Blood,2025-11-03,Collected
SMP109890,LO109890,PAT05864,FAC005,LAB010,Radiology,2025-10-10,Collected
SMP109892,LO109892,PAT05923,FAC002,LAB010,Radiology,2025-11-19,Collected
SMP109900,LO109900,PAT01140,FAC004,LAB004,Blood,2025-03-12,Collected
SMP109906,LO109906,PAT02586,FAC005,LAB015,Blood,2025-08-01,Collected
SMP109909,LO109909,PAT02754,FAC002,LAB003,Blood,2026-01-02,Collected
SMP109915,LO109915,PAT08344,FAC004,LAB008,Urine,2025-05-15,Collected
SMP109920,LO109920,PAT04415,FAC002,LAB009,Radiology,2025-05-22,Collected
SMP109927,LO109927,PAT03223,FAC002,LAB010,Radiology,2025-09-25,Collected
SMP109935,LO109935,PAT01455,FAC003,LAB005,Blood,2025-11-18,Collected
SMP109940,LO109940,PAT04216,FAC003,LAB002,Blood,2025-02-04,Collected
SMP109948,LO109948,PAT01945,FAC001,LAB005,Blood,2025-12-22,Collected
SMP109949,LO109949,PAT01663,FAC003,LAB010,Radiology,2025-12-17,Collected
SMP109950,LO109950,PAT08814,FAC001,LAB004,Blood,2025-10-04,Processed
SMP109953,LO109953,PAT05713,FAC002,LAB014,Blood,2025-08-25,Collected
SMP109957,LO109957,PAT08142,FAC001,LAB014,Blood,2025-07-16,Collected
SMP109960,LO109960,PAT03571,FAC004,LAB002,Blood,2025-10-15,Collected
SMP109961,LO109961,PAT08662,FAC003,LAB004,Blood,2025-08-13,Collected
SMP109962,LO109962,PAT03951,FAC002,LAB004,Blood,2025-07-26,Collected
SMP109964,LO109964,PAT06132,FAC004,LAB003,Blood,2025-11-28,Collected
SMP109971,LO109971,PAT09616,FAC001,LAB015,Blood,2025-05-14,Collected
SMP109976,LO109976,PAT06691,FAC004,LAB015,Blood,2025-03-10,Collected
SMP109980,LO109980,PAT03155,FAC003,LAB013,Swab,2025-09-10,Collected
SMP109982,LO109982,PAT05951,FAC002,LAB014,Blood,2025-02-12,Collected
SMP109988,LO109988,PAT07158,FAC002,LAB009,Radiology,2025-11-15,Collected
SMP109992,LO109992,PAT02289,FAC005,LAB001,Blood,2025-07-11,Collected
SMP109996,LO109996,PAT01744,FAC005,LAB015,Blood,2025-07-12,Collected
SMP110002,LO110002,PAT05684,FAC005,LAB011,Blood,2025-05-27,Collected
SMP110003,LO110003,PAT00715,FAC001,LAB003,Blood,2025-10-10,Collected
SMP110004,LO110004,PAT06825,FAC004,LAB014,Blood,2025-12-30,Collected
SMP110005,LO110005,PAT01122,FAC002,LAB005,Blood,2025-06-23,Collected
SMP110011,LO110011,PAT04744,FAC003,LAB008,Urine,2025-09-04,Collected
SMP110012,LO110012,PAT03493,FAC002,LAB015,Blood,2025-08-01,Collected
SMP110018,LO110018,PAT00684,FAC002,LAB004,Blood,2025-09-28,Rejected
SMP110020,LO110020,PAT09647,FAC005,LAB006,Blood,2025-12-26,Collected
SMP110028,LO110028,PAT02151,FAC001,LAB009,Radiology,2025-07-12,Collected
SMP110030,LO110030,PAT05763,FAC004,LAB010,Radiology,2025-01-24,Collected
SMP110042,LO110042,PAT07457,FAC003,LAB007,Urine,2025-09-15,Collected
SMP110044,LO110044,PAT07093,FAC001,LAB007,Urine,2025-10-24,Collected
SMP110045,LO110045,PAT04004,FAC002,LAB007,Urine,2025-04-05,Processed
SMP110055,LO110055,PAT05788,FAC002,LAB007,Urine,2025-02-24,Collected
SMP110057,LO110057,PAT00737,FAC003,LAB015,Blood,2025-03-15,Collected
SMP110066,LO110066,PAT07999,FAC002,LAB007,Urine,2025-01-21,Collected
SMP110067,LO110067,PAT03572,FAC002,LAB006,Blood,2025-11-22,Processed
SMP110069,LO110069,PAT06843,FAC004,LAB015,Blood,2025-09-05,Collected
SMP110071,LO110071,PAT00648,FAC005,LAB009,Radiology,2025-02-20,Collected
SMP110078,LO110078,PAT08564,FAC002,LAB015,Blood,2025-03-31,Collected
SMP110083,LO110083,PAT08137,FAC004,LAB005,Blood,2025-05-21,Collected
SMP110089,LO110089,PAT07757,FAC004,LAB013,Swab,2025-06-23,Collected
SMP110090,LO110090,PAT00034,FAC003,LAB004,Blood,2025-01-02,Collected
SMP110112,LO110112,PAT03059,FAC004,LAB003,Blood,2025-11-11,Collected
SMP110132,LO110132,PAT06803,FAC002,LAB010,Radiology,2025-09-27,Collected
SMP110134,LO110134,PAT00742,FAC004,LAB002,Blood,2025-08-14,Collected
SMP110140,LO110140,PAT03185,FAC001,LAB003,Blood,2025-09-11,Collected
SMP110142,LO110142,PAT01624,FAC002,LAB014,Blood,2025-09-20,Processed
SMP110143,LO110143,PAT00328,FAC005,LAB003,Blood,2025-01-24,Collected
SMP110145,LO110145,PAT01548,FAC002,LAB004,Blood,2025-11-30,Collected
SMP110146,LO110146,PAT07002,FAC003,LAB005,Blood,2025-02-17,Collected
SMP110148,LO110148,PAT00246,FAC004,LAB006,Blood,2025-05-26,Collected
SMP110154,LO110154,PAT00426,FAC004,LAB004,Blood,2025-03-25,Collected
SMP110171,LO110171,PAT03563,FAC003,LAB013,Swab,2025-01-19,Collected
SMP110180,LO110180,PAT09965,FAC004,LAB001,Blood,2025-12-06,Collected
SMP110184,LO110184,PAT04686,FAC001,LAB015,Blood,2025-02-17,Collected
SMP110188,LO110188,PAT03892,FAC003,LAB002,Blood,2025-04-12,Collected
SMP110189,LO110189,PAT07498,FAC001,LAB001,Blood,2025-03-05,Collected
SMP110190,LO110190,PAT01254,FAC001,LAB006,Blood,2025-08-05,Collected
SMP110199,LO110199,PAT09114,FAC002,LAB005,Blood,2025-12-11,Collected
SMP110211,LO110211,PAT02092,FAC002,LAB012,Blood,2025-06-02,Collected
SMP110217,LO110217,PAT03547,FAC005,LAB002,Blood,2025-09-09,Processed
SMP110221,LO110221,PAT08980,FAC004,LAB011,Blood,2025-09-16,Collected
SMP110225,LO110225,PAT00430,FAC001,LAB013,Swab,2025-12-21,Collected
SMP110230,LO110230,PAT04650,FAC002,LAB014,Blood,2025-07-26,Collected
SMP110243,LO110243,PAT07835,FAC003,LAB006,Blood,2025-03-27,Processed
SMP110254,LO110254,PAT09213,FAC003,LAB011,Blood,2025-05-19,Processed
SMP110255,LO110255,PAT08531,FAC003,LAB008,Urine,2025-03-22,Collected
SMP110259,LO110259,PAT04405,FAC001,LAB009,Radiology,2025-02-08,Collected
SMP110261,LO110261,PAT04106,FAC002,LAB010,Radiology,2025-06-14,Collected
SMP110271,LO110271,PAT00426,FAC002,LAB015,Blood,2025-10-22,Collected
SMP110282,LO110282,PAT03949,FAC001,LAB011,Blood,2025-05-25,Collected
SMP110287,LO110287,PAT08747,FAC005,LAB007,Urine,2025-04-30,Collected
SMP110289,LO110289,PAT02693,FAC003,LAB003,Blood,2025-12-22,Collected
SMP110293,LO110293,PAT07589,FAC005,LAB001,Blood,2025-05-30,Collected
SMP110299,LO110299,PAT08299,FAC003,LAB002,Blood,2025-08-29,Collected
SMP110307,LO110307,PAT02860,FAC002,LAB014,Blood,2025-08-04,Processed
SMP110311,LO110311,PAT01714,FAC002,LAB007,Urine,2025-09-07,Collected
SMP110314,LO110314,PAT01531,FAC005,LAB010,Radiology,2025-04-11,Collected
SMP110316,LO110316,PAT00304,FAC003,LAB006,Blood,2025-08-26,Collected
SMP110317,LO110317,PAT04862,FAC002,LAB005,Blood,2025-02-11,Collected
SMP110322,LO110322,PAT03188,FAC003,LAB006,Blood,2025-10-31,Collected
SMP110326,LO110326,PAT02526,FAC005,LAB007,Urine,2025-12-05,Collected
SMP110327,LO110327,PAT04661,FAC003,LAB002,Blood,2025-12-13,Collected
SMP110330,LO110330,PAT06680,FAC002,LAB012,Blood,2025-05-14,Collected
SMP110337,LO110337,PAT04706,FAC003,LAB003,Blood,2025-09-09,Collected
SMP110338,LO110338,PAT05660,FAC005,LAB002,Blood,2025-12-14,Collected
SMP110341,LO110341,PAT07774,FAC002,LAB013,Swab,2025-12-07,Collected
SMP110344,LO110344,PAT06026,FAC004,LAB004,Blood,2025-11-04,Collected
SMP110351,LO110351,PAT04316,FAC002,LAB010,Radiology,2025-08-15,Collected
SMP110355,LO110355,PAT09239,FAC002,LAB002,Blood,2025-09-12,Collected
SMP110356,LO110356,PAT07991,FAC001,LAB011,Blood,2025-04-12,Collected
SMP110361,LO110361,PAT01534,FAC001,LAB003,Blood,2025-02-21,Collected
SMP110375,LO110375,PAT01741,FAC002,LAB004,Blood,2025-01-26,Collected
SMP110385,LO110385,PAT08452,FAC002,LAB004,Blood,2025-12-16,Collected
SMP110387,LO110387,PAT01521,FAC004,LAB013,Swab,2025-03-17,Collected
SMP110389,LO110389,PAT05567,FAC003,LAB012,Blood,2025-03-19,Collected
SMP110391,LO110391,PAT00294,FAC002,LAB014,Blood,2025-06-22,Collected
SMP110394,LO110394,PAT06088,FAC001,LAB006,Blood,2025-04-03,Collected
SMP110400,LO110400,PAT04035,FAC001,LAB015,Blood,2025-09-03,Collected
SMP110407,LO110407,PAT01327,FAC005,LAB014,Blood,2025-01-30,Collected
SMP110416,LO110416,PAT01143,FAC003,LAB002,Blood,2025-10-06,Collected
SMP110419,LO110419,PAT05981,FAC003,LAB008,Urine,2025-01-23,Collected
SMP110424,LO110424,PAT01324,FAC002,LAB009,Radiology,2025-03-06,Collected
SMP110426,LO110426,PAT03488,FAC002,LAB013,Swab,2025-08-22,Collected
SMP110435,LO110435,PAT01954,FAC004,LAB011,Blood,2025-02-05,Collected
SMP110437,LO110437,PAT02361,FAC001,LAB003,Blood,2025-10-01,Collected
SMP110438,LO110438,PAT07525,FAC005,LAB009,Radiology,2025-10-01,Collected
SMP110439,LO110439,PAT09842,FAC001,LAB011,Blood,2025-01-09,Collected
SMP110440,LO110440,PAT03756,FAC001,LAB012,Blood,2025-04-07,Collected
SMP110446,LO110446,PAT02656,FAC005,LAB003,Blood,2025-07-02,Collected
SMP110448,LO110448,PAT03801,FAC004,LAB015,Blood,2025-03-14,Collected
SMP110453,LO110453,PAT09017,FAC005,LAB012,Blood,2025-08-16,Collected
SMP110454,LO110454,PAT01622,FAC003,LAB010,Radiology,2025-05-25,Collected
SMP110455,LO110455,PAT05145,FAC005,LAB009,Radiology,2025-12-08,Processed
SMP110456,LO110456,PAT06509,FAC001,LAB013,Swab,2025-10-09,Collected
SMP110458,LO110458,PAT08730,FAC004,LAB008,Urine,2025-10-02,Processed
SMP110461,LO110461,PAT03888,FAC003,LAB005,Blood,2025-07-18,Collected
SMP110465,LO110465,PAT05385,FAC001,LAB013,Swab,2025-03-14,Collected
SMP110468,LO110468,PAT02679,FAC003,LAB015,Blood,2025-10-21,Collected
SMP110481,LO110481,PAT01283,FAC004,LAB009,Radiology,2025-09-16,Collected
SMP110488,LO110488,PAT00328,FAC004,LAB003,Blood,2025-09-07,Collected
SMP110498,LO110498,PAT02217,FAC002,LAB015,Blood,2025-05-18,Collected
SMP110505,LO110505,PAT08472,FAC005,LAB006,Blood,2025-08-31,Collected
SMP110517,LO110517,PAT07829,FAC004,LAB007,Urine,2025-12-13,Processed
SMP110518,LO110518,PAT04059,FAC003,LAB012,Blood,2025-11-04,Collected
SMP110545,LO110545,PAT04607,FAC004,LAB004,Blood,2025-02-04,Collected
SMP110549,LO110549,PAT04815,FAC003,LAB006,Blood,2025-01-13,Processed
SMP110552,LO110552,PAT07629,FAC001,LAB005,Blood,2025-11-27,Processed
SMP110558,LO110558,PAT06126,FAC001,LAB004,Blood,2025-12-18,Collected
SMP110567,LO110567,PAT04388,FAC002,LAB009,Radiology,2025-03-23,Collected
SMP110573,LO110573,PAT03861,FAC005,LAB011,Blood,2025-12-13,Collected
SMP110585,LO110585,PAT03430,FAC002,LAB010,Radiology,2025-08-25,Collected
SMP110586,LO110586,PAT00249,FAC001,LAB010,Radiology,2025-01-23,Collected
SMP110588,LO110588,PAT05206,FAC005,LAB012,Blood,2025-02-14,Collected
SMP110590,LO110590,PAT04514,FAC005,LAB005,Blood,2025-08-10,Collected
SMP110603,LO110603,PAT07880,FAC004,LAB002,Blood,2025-05-07,Processed
SMP110604,LO110604,PAT08980,FAC003,LAB013,Swab,2025-06-13,Collected
SMP110605,LO110605,PAT02003,FAC002,LAB003,Blood,2025-09-15,Collected
SMP110606,LO110606,PAT05847,FAC005,LAB012,Blood,2025-10-12,Processed
SMP110614,LO110614,PAT03602,FAC001,LAB006,Blood,2025-03-29,Collected
SMP110618,LO110618,PAT06336,FAC003,LAB001,Blood,2025-05-06,Collected
SMP110619,LO110619,PAT01531,FAC003,LAB005,Blood,2025-03-10,Collected
SMP110630,LO110630,PAT06635,FAC002,LAB008,Urine,2025-04-30,Collected
SMP110641,LO110641,PAT08628,FAC002,LAB004,Blood,2025-06-28,Collected
SMP110647,LO110647,PAT04063,FAC005,LAB003,Blood,2025-06-08,Collected
SMP110649,LO110649,PAT08884,FAC005,LAB004,Blood,2025-04-14,Collected
SMP110650,LO110650,PAT09751,FAC005,LAB001,Blood,2025-08-11,Collected
SMP110651,LO110651,PAT03170,FAC003,LAB012,Blood,2025-12-09,Processed
SMP110652,LO110652,PAT06335,FAC003,LAB010,Radiology,2025-08-14,Processed
SMP110674,LO110674,PAT02770,FAC003,LAB005,Blood,2025-09-08,Collected
SMP110684,LO110684,PAT05398,FAC004,LAB010,Radiology,2025-07-14,Collected
SMP110685,LO110685,PAT03563,FAC003,LAB006,Blood,2025-03-12,Collected
SMP110687,LO110687,PAT04129,FAC001,LAB003,Blood,2025-05-31,Rejected
SMP110691,LO110691,PAT07325,FAC001,LAB011,Blood,2025-02-06,Collected
SMP110707,LO110707,PAT02113,FAC005,LAB003,Blood,2025-09-24,Collected
SMP110709,LO110709,PAT07727,FAC004,LAB011,Blood,2025-11-16,Collected
SMP110711,LO110711,PAT02405,FAC004,LAB008,Urine,2025-05-10,Collected
SMP110720,LO110720,PAT02391,FAC003,LAB015,Blood,2025-08-03,Collected
SMP110721,LO110721,PAT02958,FAC005,LAB006,Blood,2025-07-22,Collected
SMP110724,LO110724,PAT01158,FAC001,LAB012,Blood,2025-01-21,Collected
SMP110727,LO110727,PAT07303,FAC003,LAB001,Blood,2025-09-26,Collected
SMP110732,LO110732,PAT00395,FAC001,LAB014,Blood,2025-04-20,Collected
SMP110733,LO110733,PAT09060,FAC003,LAB015,Blood,2025-05-19,Collected
SMP110735,LO110735,PAT09678,FAC001,LAB013,Swab,2025-06-07,Processed
SMP110739,LO110739,PAT02302,FAC002,LAB010,Radiology,2025-09-09,Collected
SMP110749,LO110749,PAT01079,FAC005,LAB011,Blood,2025-04-14,Collected
SMP110751,LO110751,PAT08529,FAC004,LAB002,Blood,2025-09-19,Collected
SMP110768,LO110768,PAT03116,FAC003,LAB005,Blood,2025-11-12,Collected
SMP110770,LO110770,PAT08991,FAC005,LAB008,Urine,2025-02-22,Collected
SMP110785,LO110785,PAT09220,FAC003,LAB012,Blood,2025-08-07,Collected
SMP110791,LO110791,PAT08285,FAC002,LAB008,Urine,2025-06-30,Processed
SMP110800,LO110800,PAT09555,FAC002,LAB010,Radiology,2025-06-16,Collected
SMP110804,LO110804,PAT05514,FAC003,LAB001,Blood,2025-02-26,Collected
SMP110806,LO110806,PAT07376,FAC004,LAB012,Blood,2025-04-07,Processed
SMP110815,LO110815,PAT05460,FAC004,LAB003,Blood,2025-09-18,Collected
SMP110820,LO110820,PAT07696,FAC005,LAB006,Blood,2025-10-26,Collected
SMP110829,LO110829,PAT02440,FAC001,LAB011,Blood,2025-02-04,Collected
SMP110833,LO110833,PAT09692,FAC005,LAB004,Blood,2025-02-17,Collected
SMP110837,LO110837,PAT06598,FAC005,LAB009,Radiology,2025-06-03,Collected
SMP110846,LO110846,PAT04818,FAC001,LAB015,Blood,2025-12-07,Collected
SMP110847,LO110847,PAT04992,FAC001,LAB006,Blood,2025-05-23,Collected
SMP110849,LO110849,PAT09800,FAC004,LAB014,Blood,2025-10-10,Collected
SMP110858,LO110858,PAT02857,FAC001,LAB010,Radiology,2025-01-07,Processed
SMP110862,LO110862,PAT07370,FAC002,LAB014,Blood,2025-07-10,Collected
SMP110863,LO110863,PAT07508,FAC004,LAB010,Radiology,2025-07-16,Collected
SMP110870,LO110870,PAT03616,FAC004,LAB006,Blood,2025-01-04,Collected
SMP110872,LO110872,PAT07692,FAC001,LAB014,Blood,2025-09-15,Collected
SMP110874,LO110874,PAT03692,FAC001,LAB005,Blood,2025-07-12,Processed
SMP110875,LO110875,PAT04039,FAC005,LAB005,Blood,2025-05-02,Processed
SMP110876,LO110876,PAT00231,FAC002,LAB004,Blood,2025-06-01,Collected
SMP110881,LO110881,PAT01329,FAC002,LAB003,Blood,2025-06-13,Collected
SMP110896,LO110896,PAT09238,FAC003,LAB014,Blood,2025-08-21,Collected
SMP110914,LO110914,PAT04904,FAC005,LAB008,Urine,2025-07-12,Collected
SMP110918,LO110918,PAT03652,FAC004,LAB010,Radiology,2025-12-25,Collected
SMP110920,LO110920,PAT09021,FAC005,LAB010,Radiology,2025-02-22,Collected
SMP110924,LO110924,PAT02445,FAC001,LAB004,Blood,2025-12-26,Collected
SMP110927,LO110927,PAT00456,FAC005,LAB011,Blood,2025-10-29,Collected
SMP110928,LO110928,PAT04756,FAC002,LAB001,Blood,2025-06-12,Collected
SMP110929,LO110929,PAT02914,FAC005,LAB005,Blood,2025-06-18,Collected
SMP110931,LO110931,PAT05675,FAC005,LAB014,Blood,2025-12-17,Collected
SMP110938,LO110938,PAT06211,FAC001,LAB014,Blood,2025-12-15,Collected
SMP110939,LO110939,PAT04591,FAC005,LAB013,Swab,2025-01-03,Collected
SMP110944,LO110944,PAT09842,FAC001,LAB013,Swab,2025-04-22,Collected
SMP110948,LO110948,PAT08684,FAC002,LAB007,Urine,2025-06-01,Collected
SMP110949,LO110949,PAT09394,FAC002,LAB013,Swab,2025-11-16,Processed
SMP110959,LO110959,PAT03252,FAC001,LAB001,Blood,2025-01-05,Processed
SMP110960,LO110960,PAT01622,FAC005,LAB002,Blood,2025-05-02,Collected
SMP110972,LO110972,PAT08179,FAC002,LAB001,Blood,2025-07-18,Collected
SMP110977,LO110977,PAT08109,FAC004,LAB011,Blood,2025-12-12,Collected
SMP110984,LO110984,PAT01088,FAC003,LAB005,Blood,2025-11-15,Collected
SMP110986,LO110986,PAT08962,FAC004,LAB010,Radiology,2025-08-13,Collected
SMP110987,LO110987,PAT09951,FAC002,LAB003,Blood,2025-01-29,Collected
SMP110989,LO110989,PAT08887,FAC004,LAB010,Radiology,2025-05-20,Collected
SMP110991,LO110991,PAT02092,FAC004,LAB014,Blood,2025-01-23,Collected
SMP110992,LO110992,PAT05795,FAC001,LAB014,Blood,2025-04-26,Collected
SMP110993,LO110993,PAT01369,FAC005,LAB005,Blood,2025-10-25,Collected
SMP111005,LO111005,PAT08875,FAC005,LAB002,Blood,2025-06-27,Rejected
SMP111006,LO111006,PAT08391,FAC002,LAB005,Blood,2025-07-24,Collected
SMP111020,LO111020,PAT07637,FAC001,LAB001,Blood,2025-04-27,Processed
SMP111021,LO111021,PAT02334,FAC004,LAB003,Blood,2025-10-10,Collected
SMP111025,LO111025,PAT03618,FAC003,LAB008,Urine,2025-02-21,Collected
SMP111037,LO111037,PAT09069,FAC001,LAB013,Swab,2025-01-12,Collected
SMP111040,LO111040,PAT09626,FAC002,LAB008,Urine,2025-11-12,Collected
SMP111041,LO111041,PAT09056,FAC002,LAB011,Blood,2025-08-03,Collected
SMP111044,LO111044,PAT05181,FAC002,LAB009,Radiology,2025-10-20,Collected
SMP111049,LO111049,PAT08948,FAC003,LAB011,Blood,2025-07-04,Processed
SMP111057,LO111057,PAT08241,FAC005,LAB008,Urine,2025-05-23,Collected
SMP111059,LO111059,PAT01237,FAC003,LAB010,Radiology,2025-10-03,Processed
SMP111062,LO111062,PAT03290,FAC003,LAB010,Radiology,2025-01-04,Collected
SMP111064,LO111064,PAT00020,FAC001,LAB005,Blood,2025-01-05,Processed
SMP111065,LO111065,PAT07757,FAC005,LAB009,Radiology,2025-03-13,Rejected
SMP111068,LO111068,PAT09989,FAC003,LAB014,Blood,2025-08-24,Rejected
SMP111072,LO111072,PAT05801,FAC001,LAB011,Blood,2025-08-20,Collected
SMP111074,LO111074,PAT09560,FAC003,LAB001,Blood,2025-09-10,Collected
SMP111082,LO111082,PAT09973,FAC003,LAB007,Urine,2025-04-29,Collected
SMP111083,LO111083,PAT07086,FAC004,LAB002,Blood,2025-06-21,Collected
SMP111084,LO111084,PAT02040,FAC004,LAB005,Blood,2025-02-15,Collected
SMP111086,LO111086,PAT01098,FAC002,LAB007,Urine,2025-05-30,Collected
SMP111092,LO111092,PAT02535,FAC005,LAB002,Blood,2025-11-16,Collected
SMP111102,LO111102,PAT08094,FAC005,LAB007,Urine,2025-06-20,Collected
SMP111124,LO111124,PAT04685,FAC003,LAB009,Radiology,2025-12-18,Collected
SMP111128,LO111128,PAT08301,FAC003,LAB014,Blood,2025-06-24,Collected
SMP111139,LO111139,PAT03107,FAC004,LAB005,Blood,2025-11-27,Collected
SMP111140,LO111140,PAT05835,FAC003,LAB004,Blood,2025-11-12,Collected
SMP111152,LO111152,PAT05059,FAC002,LAB008,Urine,2025-07-03,Collected
SMP111158,LO111158,PAT04124,FAC002,LAB003,Blood,2025-03-16,Collected
SMP111159,LO111159,PAT09090,FAC003,LAB009,Radiology,2025-08-10,Collected
SMP111170,LO111170,PAT06157,FAC004,LAB013,Swab,2025-12-30,Collected
SMP111171,LO111171,PAT07325,FAC003,LAB004,Blood,2025-11-18,Processed
SMP111197,LO111197,PAT07151,FAC002,LAB002,Blood,2025-07-19,Collected
SMP111199,LO111199,PAT09058,FAC004,LAB012,Blood,2025-05-09,Processed
SMP111206,LO111206,PAT09843,FAC003,LAB002,Blood,2025-12-29,Collected
SMP111226,LO111226,PAT06028,FAC003,LAB010,Radiology,2025-02-03,Collected
SMP111228,LO111228,PAT02944,FAC005,LAB004,Blood,2025-08-06,Collected
SMP111229,LO111229,PAT08841,FAC003,LAB008,Urine,2025-11-06,Collected
SMP111231,LO111231,PAT06001,FAC001,LAB014,Blood,2025-11-13,Collected
SMP111244,LO111244,PAT08241,FAC003,LAB013,Swab,2025-02-13,Collected
SMP111245,LO111245,PAT09750,FAC001,LAB003,Blood,2025-06-12,Processed
SMP111251,LO111251,PAT01581,FAC003,LAB001,Blood,2025-03-30,Collected
SMP111256,LO111256,PAT07768,FAC004,LAB015,Blood,2025-09-24,Collected
SMP111259,LO111259,PAT03117,FAC004,LAB014,Blood,2025-05-17,Collected
SMP111260,LO111260,PAT03475,FAC002,LAB004,Blood,2025-08-16,Collected
SMP111264,LO111264,PAT06881,FAC005,LAB004,Blood,2025-10-09,Collected
SMP111271,LO111271,PAT03367,FAC001,LAB005,Blood,2025-01-06,Collected
SMP111274,LO111274,PAT02914,FAC002,LAB009,Radiology,2025-02-18,Collected
SMP111280,LO111280,PAT08584,FAC004,LAB006,Blood,2025-03-24,Collected
SMP111283,LO111283,PAT04305,FAC002,LAB002,Blood,2025-11-22,Collected
SMP111289,LO111289,PAT06089,FAC002,LAB009,Radiology,2025-05-23,Collected
SMP111294,LO111294,PAT01624,FAC003,LAB007,Urine,2025-07-06,Collected
SMP111299,LO111299,PAT06139,FAC003,LAB010,Radiology,2025-02-17,Collected
SMP111303,LO111303,PAT00869,FAC005,LAB009,Radiology,2025-08-02,Collected
SMP111304,LO111304,PAT02875,FAC003,LAB005,Blood,2025-04-17,Collected
SMP111306,LO111306,PAT07253,FAC004,LAB015,Blood,2025-01-17,Collected
SMP111323,LO111323,PAT06374,FAC002,LAB001,Blood,2025-04-04,Processed
SMP111334,LO111334,PAT03276,FAC003,LAB015,Blood,2025-07-04,Collected
SMP111335,LO111335,PAT06923,FAC005,LAB005,Blood,2025-06-27,Collected
SMP111338,LO111338,PAT07832,FAC004,LAB005,Blood,2025-02-16,Processed
SMP111344,LO111344,PAT09190,FAC003,LAB003,Blood,2025-02-26,Collected
SMP111348,LO111348,PAT03488,FAC003,LAB012,Blood,2025-06-24,Collected
SMP111353,LO111353,PAT00512,FAC005,LAB010,Radiology,2025-11-28,Collected
SMP111354,LO111354,PAT06546,FAC001,LAB015,Blood,2025-05-16,Collected
SMP111360,LO111360,PAT02513,FAC005,LAB004,Blood,2025-02-28,Collected
SMP111362,LO111362,PAT05776,FAC004,LAB001,Blood,2025-01-19,Collected
SMP111363,LO111363,PAT06335,FAC004,LAB010,Radiology,2025-10-26,Collected
SMP111368,LO111368,PAT08818,FAC001,LAB006,Blood,2025-08-30,Collected
SMP111373,LO111373,PAT08049,FAC004,LAB003,Blood,2025-05-04,Collected
SMP111387,LO111387,PAT08150,FAC005,LAB012,Blood,2025-01-17,Collected
SMP111396,LO111396,PAT01714,FAC002,LAB007,Urine,2025-08-28,Collected
SMP111401,LO111401,PAT06731,FAC001,LAB002,Blood,2025-04-06,Collected
SMP111405,LO111405,PAT06522,FAC002,LAB012,Blood,2025-02-14,Collected
SMP111407,LO111407,PAT05932,FAC005,LAB014,Blood,2025-10-09,Rejected
SMP111411,LO111411,PAT06595,FAC005,LAB007,Urine,2025-09-17,Collected
SMP111417,LO111417,PAT06435,FAC003,LAB006,Blood,2025-07-30,Collected
SMP111430,LO111430,PAT07815,FAC002,LAB006,Blood,2025-04-16,Collected
SMP111433,LO111433,PAT02597,FAC003,LAB011,Blood,2025-03-20,Collected
SMP111438,LO111438,PAT08991,FAC002,LAB014,Blood,2025-08-31,Collected
SMP111442,LO111442,PAT06157,FAC003,LAB013,Swab,2025-03-24,Collected
SMP111460,LO111460,PAT02560,FAC002,LAB012,Blood,2025-11-14,Collected
SMP111466,LO111466,PAT02237,FAC003,LAB003,Blood,2025-08-14,Collected
SMP111467,LO111467,PAT06424,FAC002,LAB002,Blood,2025-01-22,Collected
SMP111468,LO111468,PAT06351,FAC004,LAB014,Blood,2025-09-27,Collected
SMP111469,LO111469,PAT01238,FAC003,LAB012,Blood,2025-02-24,Collected
SMP111471,LO111471,PAT02705,FAC005,LAB010,Radiology,2025-08-29,Processed
SMP111473,LO111473,PAT04960,FAC004,LAB008,Urine,2025-05-20,Collected
SMP111477,LO111477,PAT04951,FAC002,LAB010,Radiology,2025-03-11,Collected
SMP111482,LO111482,PAT03920,FAC004,LAB012,Blood,2025-07-01,Collected
SMP111491,LO111491,PAT04150,FAC002,LAB011,Blood,2025-02-05,Collected
SMP111500,LO111500,PAT07697,FAC002,LAB013,Swab,2025-11-20,Collected
SMP111501,LO111501,PAT05660,FAC005,LAB008,Urine,2025-02-03,Processed
SMP111507,LO111507,PAT08701,FAC002,LAB011,Blood,2025-08-08,Collected
SMP111512,LO111512,PAT05026,FAC004,LAB004,Blood,2025-02-05,Collected
SMP111516,LO111516,PAT04554,FAC004,LAB006,Blood,2025-11-11,Collected
SMP111524,LO111524,PAT02997,FAC001,LAB008,Urine,2025-11-10,Collected
SMP111528,LO111528,PAT02035,FAC003,LAB007,Urine,2025-09-19,Collected
SMP111530,LO111530,PAT01262,FAC004,LAB008,Urine,2025-04-28,Processed
SMP111531,LO111531,PAT00408,FAC005,LAB003,Blood,2025-05-18,Collected
SMP111533,LO111533,PAT04915,FAC001,LAB011,Blood,2025-09-21,Collected
SMP111536,LO111536,PAT09469,FAC004,LAB006,Blood,2025-09-24,Collected
SMP111539,LO111539,PAT08958,FAC001,LAB012,Blood,2025-03-11,Collected
SMP111541,LO111541,PAT03046,FAC003,LAB011,Blood,2025-03-27,Processed
SMP111543,LO111543,PAT03551,FAC003,LAB005,Blood,2025-04-11,Processed
SMP111546,LO111546,PAT09535,FAC004,LAB006,Blood,2025-01-10,Collected
SMP111550,LO111550,PAT00060,FAC005,LAB004,Blood,2025-12-10,Collected
SMP111557,LO111557,PAT06821,FAC003,LAB008,Urine,2025-10-31,Collected
SMP111559,LO111559,PAT00004,FAC005,LAB003,Blood,2025-05-06,Collected
SMP111560,LO111560,PAT07727,FAC002,LAB005,Blood,2025-04-08,Collected
SMP111563,LO111563,PAT04979,FAC005,LAB005,Blood,2025-11-10,Collected
SMP111569,LO111569,PAT01741,FAC003,LAB007,Urine,2025-01-05,Collected
SMP111583,LO111583,PAT09388,FAC004,LAB013,Swab,2025-04-07,Collected
SMP111592,LO111592,PAT09852,FAC001,LAB013,Swab,2025-01-08,Collected
SMP111612,LO111612,PAT09503,FAC002,LAB006,Blood,2025-08-01,Collected
SMP111621,LO111621,PAT05793,FAC001,LAB010,Radiology,2025-05-02,Collected
SMP111622,LO111622,PAT03703,FAC001,LAB009,Radiology,2025-12-10,Collected
SMP111627,LO111627,PAT08142,FAC002,LAB003,Blood,2025-09-09,Collected
SMP111637,LO111637,PAT04234,FAC002,LAB011,Blood,2025-06-29,Collected
SMP111638,LO111638,PAT05555,FAC004,LAB015,Blood,2025-10-29,Collected
SMP111639,LO111639,PAT00796,FAC005,LAB005,Blood,2025-06-01,Collected
SMP111640,LO111640,PAT01359,FAC002,LAB004,Blood,2025-03-09,Collected
SMP111642,LO111642,PAT02134,FAC002,LAB004,Blood,2025-03-27,Collected
SMP111645,LO111645,PAT03955,FAC005,LAB012,Blood,2025-12-10,Collected
SMP111656,LO111656,PAT00834,FAC002,LAB012,Blood,2025-12-28,Collected
SMP111666,LO111666,PAT04396,FAC001,LAB009,Radiology,2025-06-21,Collected
SMP111669,LO111669,PAT05862,FAC004,LAB001,Blood,2025-10-25,Collected
SMP111670,LO111670,PAT08731,FAC001,LAB011,Blood,2025-02-19,Collected
SMP111673,LO111673,PAT02030,FAC004,LAB002,Blood,2025-02-07,Collected
SMP111680,LO111680,PAT01963,FAC005,LAB004,Blood,2025-10-28,Collected
SMP111682,LO111682,PAT04756,FAC002,LAB009,Radiology,2025-12-17,Collected
SMP111691,LO111691,PAT08325,FAC002,LAB014,Blood,2025-05-20,Collected
SMP111694,LO111694,PAT02685,FAC003,LAB003,Blood,2025-02-18,Collected
SMP111713,LO111713,PAT02609,FAC002,LAB012,Blood,2025-12-21,Collected
SMP111719,LO111719,PAT04302,FAC004,LAB005,Blood,2025-11-09,Collected
SMP111722,LO111722,PAT08747,FAC004,LAB011,Blood,2025-01-22,Collected
SMP111729,LO111729,PAT06927,FAC004,LAB009,Radiology,2025-07-26,Collected
SMP111733,LO111733,PAT05146,FAC003,LAB013,Swab,2025-07-21,Collected
SMP111740,LO111740,PAT04044,FAC005,LAB002,Blood,2025-06-10,Collected
SMP111769,LO111769,PAT00102,FAC004,LAB001,Blood,2025-12-23,Collected
SMP111773,LO111773,PAT00896,FAC002,LAB001,Blood,2025-06-17,Processed
SMP111776,LO111776,PAT00020,FAC002,LAB008,Urine,2025-08-31,Rejected
SMP111782,LO111782,PAT08956,FAC005,LAB004,Blood,2025-02-06,Rejected
SMP111783,LO111783,PAT03372,FAC001,LAB007,Urine,2025-05-05,Collected
SMP111794,LO111794,PAT04979,FAC002,LAB002,Blood,2025-04-22,Collected
SMP111796,LO111796,PAT09293,FAC005,LAB007,Urine,2025-06-13,Collected
SMP111806,LO111806,PAT02237,FAC004,LAB003,Blood,2025-10-29,Processed
SMP111807,LO111807,PAT00908,FAC004,LAB005,Blood,2025-06-17,Collected
SMP111808,LO111808,PAT05460,FAC002,LAB015,Blood,2025-09-18,Collected
SMP111812,LO111812,PAT04297,FAC004,LAB002,Blood,2025-03-20,Collected
SMP111813,LO111813,PAT08780,FAC003,LAB012,Blood,2025-07-02,Processed
SMP111814,LO111814,PAT08595,FAC004,LAB003,Blood,2025-11-11,Collected
SMP111833,LO111833,PAT08938,FAC005,LAB012,Blood,2025-08-09,Collected
SMP111838,LO111838,PAT04756,FAC004,LAB001,Blood,2025-06-21,Collected
SMP111839,LO111839,PAT01098,FAC003,LAB010,Radiology,2025-06-05,Collected
SMP111843,LO111843,PAT04191,FAC004,LAB009,Radiology,2025-09-23,Collected
SMP111844,LO111844,PAT01740,FAC001,LAB004,Blood,2025-05-02,Collected
SMP111850,LO111850,PAT00764,FAC004,LAB011,Blood,2025-03-26,Collected
SMP111858,LO111858,PAT05196,FAC004,LAB015,Blood,2025-09-20,Collected
SMP111864,LO111864,PAT08452,FAC003,LAB011,Blood,2025-07-09,Processed
SMP111869,LO111869,PAT02183,FAC001,LAB009,Radiology,2025-11-21,Collected
SMP111876,LO111876,PAT07938,FAC003,LAB001,Blood,2025-05-26,Collected
SMP111890,LO111890,PAT05748,FAC001,LAB003,Blood,2025-10-05,Collected
SMP111891,LO111891,PAT08983,FAC004,LAB008,Urine,2025-10-29,Collected
SMP111892,LO111892,PAT06751,FAC004,LAB010,Radiology,2025-12-19,Collected
SMP111897,LO111897,PAT09314,FAC001,LAB012,Blood,2025-12-15,Collected
SMP111900,LO111900,PAT02096,FAC001,LAB006,Blood,2025-07-18,Collected
SMP111901,LO111901,PAT01087,FAC001,LAB012,Blood,2025-06-11,Collected
SMP111906,LO111906,PAT07075,FAC001,LAB003,Blood,2025-01-18,Collected
SMP111910,LO111910,PAT06089,FAC004,LAB011,Blood,2025-02-27,Collected
SMP111913,LO111913,PAT03370,FAC003,LAB003,Blood,2025-11-18,Collected
SMP111923,LO111923,PAT09255,FAC001,LAB014,Blood,2025-03-13,Collected
SMP111924,LO111924,PAT02747,FAC005,LAB011,Blood,2025-05-09,Collected
SMP111939,LO111939,PAT06189,FAC005,LAB003,Blood,2025-09-20,Collected
SMP111949,LO111949,PAT05835,FAC001,LAB015,Blood,2025-02-06,Collected
SMP111952,LO111952,PAT09376,FAC002,LAB007,Urine,2025-10-11,Collected
SMP111958,LO111958,PAT01580,FAC002,LAB013,Swab,2025-11-05,Collected
SMP111964,LO111964,PAT00795,FAC003,LAB012,Blood,2025-01-24,Collected
SMP111966,LO111966,PAT06602,FAC005,LAB013,Swab,2025-09-11,Processed
SMP111968,LO111968,PAT00004,FAC004,LAB012,Blood,2025-03-27,Collected
SMP111969,LO111969,PAT06139,FAC002,LAB008,Urine,2025-10-31,Processed
SMP111970,LO111970,PAT04904,FAC003,LAB007,Urine,2025-05-18,Rejected
SMP111979,LO111979,PAT09678,FAC003,LAB008,Urine,2025-01-20,Collected
SMP111985,LO111985,PAT08619,FAC005,LAB013,Swab,2025-01-18,Collected
SMP111986,LO111986,PAT06809,FAC001,LAB012,Blood,2025-12-09,Collected
SMP111987,LO111987,PAT07170,FAC005,LAB004,Blood,2025-07-04,Collected
SMP111988,LO111988,PAT00169,FAC004,LAB004,Blood,2025-08-12,Collected
SMP111996,LO111996,PAT06923,FAC004,LAB004,Blood,2025-03-15,Collected
SMP111997,LO111997,PAT06649,FAC003,LAB013,Swab,2025-06-27,Collected
SMP112005,LO112005,PAT08726,FAC002,LAB003,Blood,2025-10-08,Collected
SMP112008,LO112008,PAT08133,FAC004,LAB013,Swab,2025-10-05,Collected
SMP112015,LO112015,PAT04722,FAC002,LAB004,Blood,2025-11-06,Collected
SMP112017,LO112017,PAT05206,FAC003,LAB005,Blood,2025-05-08,Collected
SMP112019,LO112019,PAT07235,FAC005,LAB003,Blood,2025-09-24,Collected
SMP112026,LO112026,PAT00567,FAC001,LAB001,Blood,2025-09-07,Collected
SMP112033,LO112033,PAT09318,FAC005,LAB010,Radiology,2025-04-05,Collected
SMP112038,LO112038,PAT07008,FAC002,LAB002,Blood,2025-10-27,Collected
SMP112045,LO112045,PAT03144,FAC004,LAB009,Radiology,2025-02-24,Rejected
SMP112049,LO112049,PAT03479,FAC001,LAB002,Blood,2025-04-21,Collected
SMP112056,LO112056,PAT01990,FAC003,LAB013,Swab,2025-12-11,Collected
SMP112058,LO112058,PAT08226,FAC004,LAB001,Blood,2025-10-06,Collected
SMP112061,LO112061,PAT03801,FAC004,LAB001,Blood,2025-02-28,Collected
SMP112065,LO112065,PAT06726,FAC004,LAB010,Radiology,2025-03-31,Processed
SMP112066,LO112066,PAT04520,FAC002,LAB002,Blood,2025-05-24,Collected
SMP112070,LO112070,PAT03222,FAC001,LAB011,Blood,2025-08-28,Processed
SMP112073,LO112073,PAT06089,FAC003,LAB001,Blood,2025-07-12,Collected
SMP112080,LO112080,PAT03419,FAC002,LAB009,Radiology,2025-06-22,Collected
SMP112083,LO112083,PAT08661,FAC005,LAB003,Blood,2025-03-03,Collected
SMP112087,LO112087,PAT09459,FAC005,LAB013,Swab,2025-06-28,Collected
SMP112097,LO112097,PAT09724,FAC004,LAB006,Blood,2025-12-01,Collected
SMP112098,LO112098,PAT07110,FAC003,LAB015,Blood,2025-12-21,Collected
SMP112104,LO112104,PAT04059,FAC002,LAB008,Urine,2025-11-12,Collected
SMP112111,LO112111,PAT06649,FAC001,LAB012,Blood,2025-06-22,Collected
SMP112112,LO112112,PAT09939,FAC001,LAB008,Urine,2025-10-09,Rejected
SMP112121,LO112121,PAT06598,FAC002,LAB001,Blood,2025-05-18,Collected
SMP112122,LO112122,PAT04769,FAC002,LAB008,Urine,2025-10-01,Collected
SMP112124,LO112124,PAT08373,FAC002,LAB002,Blood,2025-02-02,Collected
SMP112127,LO112127,PAT03510,FAC002,LAB006,Blood,2025-01-25,Collected
SMP112137,LO112137,PAT00132,FAC005,LAB009,Radiology,2025-11-25,Collected
SMP112144,LO112144,PAT04833,FAC003,LAB005,Blood,2025-10-14,Collected
SMP112149,LO112149,PAT08998,FAC005,LAB005,Blood,2025-08-08,Processed
SMP112155,LO112155,PAT06348,FAC001,LAB003,Blood,2025-06-13,Collected
SMP112163,LO112163,PAT08048,FAC004,LAB003,Blood,2025-09-20,Processed
SMP112185,LO112185,PAT07525,FAC004,LAB006,Blood,2025-12-21,Collected
SMP112189,LO112189,PAT00089,FAC003,LAB007,Urine,2025-07-30,Processed
SMP112195,LO112195,PAT05398,FAC005,LAB001,Blood,2025-07-25,Collected
SMP112197,LO112197,PAT02752,FAC001,LAB001,Blood,2025-04-14,Collected
SMP112198,LO112198,PAT02907,FAC003,LAB005,Blood,2025-07-15,Collected
SMP112211,LO112211,PAT01415,FAC005,LAB010,Radiology,2025-08-22,Collected
SMP112226,LO112226,PAT09388,FAC002,LAB012,Blood,2025-01-20,Collected
SMP112227,LO112227,PAT07624,FAC004,LAB007,Urine,2025-05-12,Processed
SMP112242,LO112242,PAT05445,FAC001,LAB015,Blood,2025-04-28,Collected
SMP112246,LO112246,PAT03435,FAC002,LAB010,Radiology,2025-07-23,Collected
SMP112249,LO112249,PAT01521,FAC003,LAB003,Blood,2025-07-23,Collected
SMP112250,LO112250,PAT03679,FAC005,LAB002,Blood,2025-07-13,Collected
SMP112260,LO112260,PAT05702,FAC002,LAB001,Blood,2025-07-17,Collected
SMP112261,LO112261,PAT07794,FAC001,LAB013,Swab,2025-08-08,Collected
SMP112266,LO112266,PAT03102,FAC001,LAB009,Radiology,2025-08-30,Collected
SMP112268,LO112268,PAT09788,FAC005,LAB012,Blood,2025-03-11,Collected
SMP112274,LO112274,PAT07913,FAC002,LAB010,Radiology,2025-05-10,Collected
SMP112282,LO112282,PAT07454,FAC004,LAB007,Urine,2025-02-06,Collected
SMP112286,LO112286,PAT03648,FAC001,LAB008,Urine,2025-10-21,Collected
SMP112287,LO112287,PAT05901,FAC004,LAB003,Blood,2025-05-08,Rejected
SMP112296,LO112296,PAT05889,FAC003,LAB014,Blood,2025-06-11,Processed
SMP112297,LO112297,PAT06878,FAC004,LAB001,Blood,2025-04-11,Collected
SMP112301,LO112301,PAT00354,FAC003,LAB001,Blood,2025-01-15,Processed
SMP112307,LO112307,PAT08452,FAC003,LAB009,Radiology,2025-02-20,Collected
SMP112309,LO112309,PAT01414,FAC003,LAB004,Blood,2025-01-03,Rejected
SMP112314,LO112314,PAT02055,FAC003,LAB006,Blood,2025-11-01,Collected
SMP112323,LO112323,PAT05717,FAC002,LAB004,Blood,2025-06-20,Collected
SMP112335,LO112335,PAT09023,FAC001,LAB005,Blood,2025-10-28,Collected
SMP112341,LO112341,PAT08279,FAC001,LAB014,Blood,2025-06-01,Collected
SMP112343,LO112343,PAT07221,FAC004,LAB008,Urine,2025-06-25,Processed
SMP112344,LO112344,PAT01183,FAC004,LAB015,Blood,2025-12-25,Collected
SMP112345,LO112345,PAT04960,FAC004,LAB013,Swab,2025-09-17,Collected
SMP112346,LO112346,PAT03222,FAC005,LAB013,Swab,2025-02-19,Collected
SMP112347,LO112347,PAT03284,FAC004,LAB004,Blood,2025-06-20,Collected
SMP112349,LO112349,PAT04171,FAC003,LAB006,Blood,2025-09-04,Processed
SMP112353,LO112353,PAT07535,FAC005,LAB007,Urine,2025-07-22,Processed
SMP112355,LO112355,PAT07321,FAC003,LAB011,Blood,2025-10-14,Processed
SMP112358,LO112358,PAT06914,FAC001,LAB008,Urine,2025-07-03,Collected
SMP112369,LO112369,PAT00721,FAC002,LAB003,Blood,2025-06-06,Collected
SMP112373,LO112373,PAT07597,FAC002,LAB015,Blood,2025-09-16,Collected
SMP112376,LO112376,PAT09188,FAC001,LAB006,Blood,2025-10-02,Collected
SMP112381,LO112381,PAT08452,FAC004,LAB013,Swab,2025-04-03,Collected
SMP112384,LO112384,PAT05921,FAC005,LAB007,Urine,2025-07-10,Collected
SMP112385,LO112385,PAT03356,FAC005,LAB007,Urine,2025-10-26,Collected
SMP112393,LO112393,PAT09053,FAC004,LAB010,Radiology,2025-10-15,Collected
SMP112398,LO112398,PAT00534,FAC005,LAB011,Blood,2025-03-06,Collected
SMP112402,LO112402,PAT09270,FAC001,LAB007,Urine,2025-06-20,Collected
SMP112406,LO112406,PAT07502,FAC004,LAB007,Urine,2025-10-04,Collected
SMP112409,LO112409,PAT07169,FAC001,LAB007,Urine,2025-05-04,Collected
SMP112410,LO112410,PAT07959,FAC004,LAB006,Blood,2025-12-06,Processed
SMP112411,LO112411,PAT05748,FAC005,LAB013,Swab,2025-09-02,Collected
SMP112414,LO112414,PAT05999,FAC001,LAB003,Blood,2025-06-27,Collected
SMP112437,LO112437,PAT02055,FAC004,LAB012,Blood,2025-07-27,Collected
SMP112460,LO112460,PAT01373,FAC003,LAB008,Urine,2025-05-05,Processed
SMP112463,LO112463,PAT00795,FAC002,LAB014,Blood,2025-11-13,Collected
SMP112468,LO112468,PAT02450,FAC001,LAB010,Radiology,2025-03-24,Collected
SMP112470,LO112470,PAT06889,FAC004,LAB002,Blood,2025-10-27,Collected
SMP112481,LO112481,PAT09738,FAC005,LAB004,Blood,2025-11-25,Collected
SMP112500,LO112500,PAT00851,FAC003,LAB013,Swab,2025-12-10,Collected
SMP112509,LO112509,PAT09680,FAC004,LAB011,Blood,2025-03-06,Collected
SMP112510,LO112510,PAT06978,FAC004,LAB001,Blood,2025-04-29,Collected
SMP112511,LO112511,PAT02520,FAC003,LAB008,Urine,2025-10-13,Collected
SMP112514,LO112514,PAT09388,FAC001,LAB006,Blood,2025-07-31,Collected
SMP112515,LO112515,PAT03602,FAC005,LAB011,Blood,2025-04-29,Collected
SMP112519,LO112519,PAT08374,FAC002,LAB010,Radiology,2025-11-19,Processed
SMP112526,LO112526,PAT07710,FAC005,LAB005,Blood,2025-08-06,Collected
SMP112527,LO112527,PAT04924,FAC002,LAB002,Blood,2025-05-02,Collected
SMP112537,LO112537,PAT05013,FAC004,LAB007,Urine,2025-10-24,Collected
SMP112539,LO112539,PAT08120,FAC005,LAB004,Blood,2025-06-15,Collected
SMP112544,LO112544,PAT03284,FAC005,LAB005,Blood,2025-02-08,Collected
SMP112552,LO112552,PAT05373,FAC005,LAB004,Blood,2025-04-10,Collected
SMP112559,LO112559,PAT00380,FAC004,LAB011,Blood,2025-02-19,Collected
SMP112579,LO112579,PAT03329,FAC001,LAB011,Blood,2025-08-07,Collected
SMP112580,LO112580,PAT02086,FAC005,LAB014,Blood,2025-06-11,Collected
SMP112585,LO112585,PAT09996,FAC003,LAB012,Blood,2025-06-20,Collected
SMP112586,LO112586,PAT03858,FAC002,LAB006,Blood,2025-07-02,Collected
SMP112592,LO112592,PAT03828,FAC005,LAB006,Blood,2025-01-24,Collected
SMP112595,LO112595,PAT04154,FAC005,LAB015,Blood,2025-08-25,Processed
SMP112611,LO112611,PAT08695,FAC005,LAB006,Blood,2025-03-02,Collected
SMP112617,LO112617,PAT01419,FAC003,LAB009,Radiology,2025-09-10,Collected
SMP112621,LO112621,PAT04059,FAC004,LAB014,Blood,2025-08-09,Collected
SMP112623,LO112623,PAT06867,FAC002,LAB001,Blood,2025-10-13,Collected
SMP112635,LO112635,PAT03088,FAC002,LAB014,Blood,2025-04-22,Collected
SMP112643,LO112643,PAT08407,FAC004,LAB014,Blood,2025-05-19,Collected
SMP112644,LO112644,PAT00773,FAC003,LAB006,Blood,2025-05-20,Rejected
SMP112646,LO112646,PAT06891,FAC001,LAB007,Urine,2025-08-19,Processed
SMP112649,LO112649,PAT08618,FAC005,LAB003,Blood,2025-05-08,Collected
SMP112656,LO112656,PAT06078,FAC003,LAB014,Blood,2025-10-07,Collected
SMP112661,LO112661,PAT02391,FAC001,LAB003,Blood,2025-05-29,Collected
SMP112690,LO112690,PAT02806,FAC005,LAB002,Blood,2025-03-02,Collected
SMP112695,LO112695,PAT07218,FAC002,LAB004,Blood,2025-01-19,Processed
SMP112705,LO112705,PAT03756,FAC001,LAB007,Urine,2025-01-29,Collected
SMP112710,LO112710,PAT01748,FAC002,LAB014,Blood,2025-09-19,Collected
SMP112712,LO112712,PAT03781,FAC001,LAB002,Blood,2025-08-17,Processed
SMP112714,LO112714,PAT04581,FAC003,LAB005,Blood,2025-04-12,Collected
SMP112727,LO112727,PAT03270,FAC003,LAB012,Blood,2025-08-12,Collected
SMP112734,LO112734,PAT03707,FAC004,LAB004,Blood,2025-04-22,Collected
SMP112736,LO112736,PAT08650,FAC002,LAB002,Blood,2025-11-30,Processed
SMP112745,LO112745,PAT07586,FAC003,LAB002,Blood,2025-01-23,Collected
SMP112749,LO112749,PAT04140,FAC005,LAB009,Radiology,2025-06-09,Collected
SMP112756,LO112756,PAT08488,FAC005,LAB014,Blood,2025-02-15,Rejected
SMP112757,LO112757,PAT08243,FAC004,LAB013,Swab,2025-09-23,Collected
SMP112759,LO112759,PAT02910,FAC005,LAB009,Radiology,2025-08-18,Collected
SMP112764,LO112764,PAT00945,FAC004,LAB010,Radiology,2025-05-14,Processed
SMP112765,LO112765,PAT00609,FAC001,LAB013,Swab,2025-03-21,Collected
SMP112767,LO112767,PAT02479,FAC003,LAB013,Swab,2025-02-19,Collected
SMP112771,LO112771,PAT08301,FAC004,LAB003,Blood,2025-06-28,Collected
SMP112780,LO112780,PAT02082,FAC003,LAB002,Blood,2025-11-14,Collected
SMP112783,LO112783,PAT03356,FAC005,LAB005,Blood,2025-01-14,Collected
SMP112786,LO112786,PAT08518,FAC001,LAB007,Urine,2025-02-18,Processed
SMP112790,LO112790,PAT02309,FAC003,LAB015,Blood,2025-03-19,Collected
SMP112798,LO112798,PAT09431,FAC005,LAB002,Blood,2025-12-24,Collected
SMP112799,LO112799,PAT05081,FAC002,LAB011,Blood,2025-03-06,Rejected
SMP112808,LO112808,PAT00120,FAC002,LAB001,Blood,2025-11-11,Collected
SMP112814,LO112814,PAT08745,FAC002,LAB013,Swab,2025-06-04,Collected
SMP112815,LO112815,PAT02145,FAC002,LAB012,Blood,2025-03-08,Collected
SMP112817,LO112817,PAT04849,FAC005,LAB015,Blood,2025-10-31,Collected
SMP112829,LO112829,PAT09820,FAC003,LAB002,Blood,2025-03-17,Collected
SMP112831,LO112831,PAT09318,FAC002,LAB001,Blood,2025-09-06,Collected
SMP112832,LO112832,PAT07306,FAC002,LAB014,Blood,2025-08-04,Collected
SMP112834,LO112834,PAT06897,FAC004,LAB004,Blood,2025-05-23,Processed
SMP112839,LO112839,PAT04011,FAC002,LAB006,Blood,2025-07-14,Processed
SMP112842,LO112842,PAT02877,FAC003,LAB002,Blood,2025-06-28,Collected
SMP112849,LO112849,PAT09863,FAC002,LAB015,Blood,2025-07-17,Processed
SMP112850,LO112850,PAT09490,FAC004,LAB012,Blood,2025-11-29,Collected
SMP112851,LO112851,PAT01741,FAC002,LAB014,Blood,2025-10-19,Collected
SMP112852,LO112852,PAT05793,FAC002,LAB014,Blood,2025-04-07,Collected
SMP112877,LO112877,PAT05596,FAC005,LAB006,Blood,2025-05-15,Collected
SMP112878,LO112878,PAT07498,FAC005,LAB004,Blood,2025-12-24,Processed
SMP112885,LO112885,PAT04660,FAC005,LAB009,Radiology,2025-05-12,Collected
SMP112888,LO112888,PAT03775,FAC002,LAB014,Blood,2025-08-06,Collected
SMP112891,LO112891,PAT01369,FAC001,LAB001,Blood,2025-12-02,Collected
SMP112894,LO112894,PAT08918,FAC005,LAB004,Blood,2025-05-01,Collected
SMP112902,LO112902,PAT03144,FAC002,LAB001,Blood,2025-09-27,Collected
SMP112907,LO112907,PAT01227,FAC003,LAB012,Blood,2025-10-16,Processed
SMP112912,LO112912,PAT09614,FAC004,LAB010,Radiology,2025-05-10,Collected
SMP112913,LO112913,PAT07924,FAC002,LAB011,Blood,2025-11-30,Collected
SMP112915,LO112915,PAT03289,FAC002,LAB010,Radiology,2025-01-16,Collected
SMP112923,LO112923,PAT07253,FAC003,LAB007,Urine,2025-01-18,Collected
SMP112924,LO112924,PAT07915,FAC003,LAB006,Blood,2025-01-14,Processed
SMP112925,LO112925,PAT00316,FAC005,LAB001,Blood,2025-07-11,Collected
SMP112929,LO112929,PAT07250,FAC002,LAB006,Blood,2025-12-07,Collected
SMP112937,LO112937,PAT04345,FAC005,LAB008,Urine,2025-01-13,Collected
SMP112938,LO112938,PAT00336,FAC003,LAB004,Blood,2025-01-11,Collected
SMP112948,LO112948,PAT04468,FAC005,LAB008,Urine,2025-05-30,Collected
SMP112950,LO112950,PAT09773,FAC003,LAB008,Urine,2025-10-04,Collected
SMP112952,LO112952,PAT07075,FAC005,LAB007,Urine,2025-07-26,Collected
SMP112954,LO112954,PAT00327,FAC005,LAB015,Blood,2025-09-20,Collected
SMP112966,LO112966,PAT06561,FAC003,LAB011,Blood,2025-10-31,Collected
SMP112967,LO112967,PAT04966,FAC003,LAB008,Urine,2025-12-20,Collected
SMP112980,LO112980,PAT01471,FAC001,LAB005,Blood,2025-07-19,Processed
SMP112983,LO112983,PAT05904,FAC005,LAB004,Blood,2025-09-22,Collected
SMP112988,LO112988,PAT08547,FAC003,LAB013,Swab,2025-12-08,Collected
SMP112993,LO112993,PAT05235,FAC002,LAB013,Swab,2025-03-12,Collected
SMP112994,LO112994,PAT09965,FAC002,LAB011,Blood,2025-01-18,Collected
SMP112997,LO112997,PAT05460,FAC001,LAB014,Blood,2025-10-20,Collected
SMP112998,LO112998,PAT02326,FAC005,LAB010,Radiology,2025-12-31,Collected
SMP113001,LO113001,PAT00539,FAC003,LAB007,Urine,2025-07-24,Collected
SMP113010,LO113010,PAT00625,FAC003,LAB014,Blood,2025-10-16,Collected
SMP113015,LO113015,PAT06791,FAC005,LAB008,Urine,2025-07-20,Collected
SMP113020,LO113020,PAT09692,FAC003,LAB005,Blood,2025-07-09,Processed
SMP113023,LO113023,PAT06271,FAC002,LAB008,Urine,2025-12-21,Collected
SMP113024,LO113024,PAT08599,FAC005,LAB014,Blood,2025-03-30,Collected
SMP113032,LO113032,PAT05981,FAC002,LAB003,Blood,2025-01-06,Collected
SMP113035,LO113035,PAT00084,FAC005,LAB012,Blood,2025-05-18,Collected
SMP113038,LO113038,PAT09297,FAC001,LAB001,Blood,2025-06-21,Collected
SMP113039,LO113039,PAT03488,FAC002,LAB015,Blood,2025-01-06,Collected
SMP113040,LO113040,PAT05283,FAC001,LAB006,Blood,2025-09-01,Collected
SMP113052,LO113052,PAT07624,FAC004,LAB009,Radiology,2025-07-25,Collected
SMP113068,LO113068,PAT06460,FAC005,LAB015,Blood,2025-03-10,Collected
SMP113071,LO113071,PAT02705,FAC001,LAB006,Blood,2025-07-10,Collected
SMP113073,LO113073,PAT05377,FAC002,LAB004,Blood,2025-01-02,Processed
SMP113091,LO113091,PAT01594,FAC003,LAB002,Blood,2025-02-20,Collected
SMP113094,LO113094,PAT07696,FAC001,LAB002,Blood,2025-09-12,Processed
SMP113095,LO113095,PAT00051,FAC003,LAB004,Blood,2025-10-20,Collected
SMP113108,LO113108,PAT07710,FAC005,LAB003,Blood,2025-02-25,Collected
SMP113118,LO113118,PAT07959,FAC003,LAB001,Blood,2025-06-20,Processed
SMP113127,LO113127,PAT04991,FAC002,LAB007,Urine,2025-04-26,Collected
SMP113142,LO113142,PAT00185,FAC005,LAB010,Radiology,2025-04-16,Processed
SMP113144,LO113144,PAT04949,FAC005,LAB010,Radiology,2025-11-17,Collected
SMP113146,LO113146,PAT01521,FAC002,LAB010,Radiology,2025-08-14,Collected
SMP113147,LO113147,PAT09515,FAC004,LAB009,Radiology,2025-11-05,Collected
SMP113148,LO113148,PAT01721,FAC004,LAB004,Blood,2025-01-03,Collected
SMP113153,LO113153,PAT05702,FAC005,LAB002,Blood,2025-08-31,Collected
SMP113157,LO113157,PAT04986,FAC005,LAB012,Blood,2025-03-04,Collected
SMP113162,LO113162,PAT09489,FAC003,LAB011,Blood,2025-09-20,Collected
SMP113164,LO113164,PAT08115,FAC002,LAB009,Radiology,2025-11-12,Collected
SMP113169,LO113169,PAT00736,FAC001,LAB010,Radiology,2025-10-31,Collected
SMP113170,LO113170,PAT04314,FAC001,LAB002,Blood,2025-10-14,Collected
SMP113177,LO113177,PAT05136,FAC002,LAB014,Blood,2025-10-14,Collected
SMP113191,LO113191,PAT07448,FAC002,LAB006,Blood,2025-03-29,Collected
SMP113192,LO113192,PAT01455,FAC005,LAB002,Blood,2025-04-03,Collected
SMP113197,LO113197,PAT08619,FAC003,LAB012,Blood,2025-10-09,Processed
SMP113199,LO113199,PAT03685,FAC003,LAB007,Urine,2025-12-12,Collected
SMP113206,LO113206,PAT06437,FAC005,LAB013,Swab,2025-05-16,Collected
SMP113210,LO113210,PAT05837,FAC001,LAB011,Blood,2025-04-29,Processed
SMP113213,LO113213,PAT07656,FAC004,LAB013,Swab,2025-06-18,Collected
SMP113215,LO113215,PAT04979,FAC003,LAB008,Urine,2025-11-06,Collected
SMP113221,LO113221,PAT04099,FAC002,LAB006,Blood,2025-07-04,Processed
SMP113224,LO113224,PAT01086,FAC002,LAB010,Radiology,2025-11-27,Collected
SMP113227,LO113227,PAT01054,FAC001,LAB007,Urine,2025-10-15,Collected
SMP113230,LO113230,PAT07811,FAC001,LAB001,Blood,2025-04-12,Collected
SMP113231,LO113231,PAT05272,FAC002,LAB003,Blood,2025-03-31,Collected
SMP113243,LO113243,PAT08268,FAC002,LAB014,Blood,2025-04-04,Collected
SMP113244,LO113244,PAT02178,FAC004,LAB008,Urine,2025-05-27,Collected
SMP113250,LO113250,PAT01576,FAC004,LAB005,Blood,2025-05-09,Collected
SMP113255,LO113255,PAT06880,FAC002,LAB014,Blood,2025-06-13,Processed
SMP113268,LO113268,PAT01600,FAC003,LAB006,Blood,2025-03-11,Collected
SMP113280,LO113280,PAT03699,FAC003,LAB014,Blood,2025-03-04,Collected
SMP113282,LO113282,PAT03270,FAC005,LAB005,Blood,2025-03-28,Collected
SMP113285,LO113285,PAT00102,FAC002,LAB015,Blood,2025-06-24,Collected
SMP113289,LO113289,PAT05932,FAC005,LAB007,Urine,2025-11-11,Processed
SMP113294,LO113294,PAT00327,FAC003,LAB007,Urine,2025-04-01,Processed
SMP113299,LO113299,PAT02255,FAC003,LAB003,Blood,2025-12-21,Collected
SMP113305,LO113305,PAT02232,FAC005,LAB005,Blood,2025-09-18,Collected
SMP113316,LO113316,PAT06331,FAC003,LAB008,Urine,2025-09-25,Collected
SMP113317,LO113317,PAT05959,FAC001,LAB010,Radiology,2025-08-25,Collected
SMP113325,LO113325,PAT02076,FAC003,LAB007,Urine,2025-04-08,Collected
SMP113326,LO113326,PAT05529,FAC005,LAB002,Blood,2025-05-16,Collected
SMP113327,LO113327,PAT05370,FAC001,LAB002,Blood,2025-07-02,Collected
SMP113330,LO113330,PAT05837,FAC005,LAB001,Blood,2025-05-06,Collected
SMP113331,LO113331,PAT08301,FAC003,LAB006,Blood,2025-11-06,Collected
SMP113333,LO113333,PAT03834,FAC004,LAB001,Blood,2025-11-08,Collected
SMP113341,LO113341,PAT03446,FAC002,LAB013,Swab,2025-04-27,Collected
SMP113352,LO113352,PAT08875,FAC004,LAB003,Blood,2025-09-02,Collected
SMP113353,LO113353,PAT07820,FAC004,LAB001,Blood,2025-09-24,Collected
SMP113355,LO113355,PAT07515,FAC005,LAB009,Radiology,2025-07-29,Rejected
SMP113357,LO113357,PAT08724,FAC005,LAB012,Blood,2025-05-16,Collected
SMP113359,LO113359,PAT03670,FAC005,LAB005,Blood,2025-03-05,Collected
SMP113363,LO113363,PAT09870,FAC002,LAB006,Blood,2025-12-10,Processed
SMP113366,LO113366,PAT06522,FAC002,LAB012,Blood,2025-07-15,Processed
SMP113372,LO113372,PAT01944,FAC005,LAB006,Blood,2025-04-11,Collected
SMP113375,LO113375,PAT02026,FAC003,LAB008,Urine,2025-05-20,Collected
SMP113380,LO113380,PAT00435,FAC001,LAB003,Blood,2025-05-20,Collected
SMP113382,LO113382,PAT09323,FAC005,LAB007,Urine,2025-04-20,Collected
SMP113383,LO113383,PAT01112,FAC005,LAB005,Blood,2025-01-23,Collected
SMP113387,LO113387,PAT01800,FAC005,LAB014,Blood,2025-06-07,Collected
SMP113388,LO113388,PAT06344,FAC002,LAB008,Urine,2025-02-20,Collected
SMP113390,LO113390,PAT06078,FAC003,LAB013,Swab,2025-07-23,Collected
SMP113396,LO113396,PAT01744,FAC003,LAB005,Blood,2025-02-08,Collected
SMP113415,LO113415,PAT00915,FAC001,LAB008,Urine,2025-11-27,Collected
SMP113436,LO113436,PAT02586,FAC004,LAB004,Blood,2025-11-19,Collected
SMP113438,LO113438,PAT10000,FAC005,LAB008,Urine,2025-06-23,Collected
SMP113443,LO113443,PAT07169,FAC001,LAB006,Blood,2025-07-08,Collected
SMP113446,LO113446,PAT08937,FAC005,LAB005,Blood,2025-02-03,Processed
SMP113447,LO113447,PAT08927,FAC003,LAB001,Blood,2025-06-11,Collected
SMP113453,LO113453,PAT06821,FAC001,LAB007,Urine,2025-05-05,Collected
SMP113458,LO113458,PAT04246,FAC001,LAB004,Blood,2025-11-15,Collected
SMP113468,LO113468,PAT04991,FAC003,LAB003,Blood,2025-12-23,Collected
SMP113486,LO113486,PAT02862,FAC001,LAB013,Swab,2025-10-08,Collected
SMP113494,LO113494,PAT05564,FAC001,LAB002,Blood,2025-11-30,Collected
SMP113495,LO113495,PAT09773,FAC002,LAB015,Blood,2025-04-10,Collected
SMP113512,LO113512,PAT02123,FAC003,LAB012,Blood,2025-06-05,Collected
SMP113517,LO113517,PAT06422,FAC005,LAB002,Blood,2025-04-16,Collected
SMP113518,LO113518,PAT00042,FAC004,LAB001,Blood,2025-06-04,Collected
SMP113525,LO113525,PAT09751,FAC004,LAB008,Urine,2025-05-27,Processed
SMP113527,LO113527,PAT06188,FAC004,LAB001,Blood,2025-12-01,Collected
SMP113529,LO113529,PAT09255,FAC003,LAB009,Radiology,2025-08-10,Collected
SMP113530,LO113530,PAT08582,FAC005,LAB006,Blood,2025-08-30,Processed
SMP113532,LO113532,PAT07732,FAC004,LAB012,Blood,2025-06-25,Collected
SMP113555,LO113555,PAT04696,FAC001,LAB010,Radiology,2025-09-12,Collected
SMP113563,LO113563,PAT02268,FAC001,LAB015,Blood,2025-02-02,Collected
SMP113568,LO113568,PAT00084,FAC003,LAB004,Blood,2025-10-31,Rejected
SMP113571,LO113571,PAT03405,FAC005,LAB002,Blood,2025-05-15,Collected
SMP113581,LO113581,PAT09791,FAC001,LAB015,Blood,2025-06-13,Collected
SMP113585,LO113585,PAT08035,FAC002,LAB011,Blood,2025-12-09,Collected
SMP113600,LO113600,PAT06546,FAC003,LAB005,Blood,2025-07-26,Collected
SMP113603,LO113603,PAT08935,FAC003,LAB014,Blood,2025-11-18,Processed
SMP113609,LO113609,PAT03373,FAC004,LAB008,Urine,2025-05-29,Collected
SMP113615,LO113615,PAT09286,FAC001,LAB001,Blood,2025-06-29,Collected
SMP113622,LO113622,PAT05174,FAC005,LAB006,Blood,2025-07-24,Collected
SMP113627,LO113627,PAT08169,FAC003,LAB006,Blood,2025-07-23,Collected
SMP113635,LO113635,PAT05702,FAC002,LAB005,Blood,2025-10-01,Collected
SMP113640,LO113640,PAT03706,FAC001,LAB015,Blood,2025-06-23,Collected
SMP113645,LO113645,PAT02313,FAC002,LAB006,Blood,2025-04-23,Collected
SMP113646,LO113646,PAT04992,FAC005,LAB002,Blood,2025-07-22,Collected
SMP113653,LO113653,PAT07804,FAC001,LAB007,Urine,2025-04-08,Processed
SMP113657,LO113657,PAT01660,FAC001,LAB010,Radiology,2025-11-12,Collected
SMP113665,LO113665,PAT07253,FAC004,LAB001,Blood,2025-09-08,Collected
SMP113671,LO113671,PAT05741,FAC003,LAB002,Blood,2025-04-21,Collected
SMP113672,LO113672,PAT06648,FAC002,LAB013,Swab,2025-12-20,Collected
SMP113674,LO113674,PAT09587,FAC002,LAB009,Radiology,2025-09-21,Collected
SMP113676,LO113676,PAT09856,FAC002,LAB013,Swab,2025-02-22,Collected
SMP113682,LO113682,PAT05981,FAC003,LAB012,Blood,2025-11-19,Collected
SMP113704,LO113704,PAT05490,FAC001,LAB009,Radiology,2025-12-24,Collected
SMP113710,LO113710,PAT03170,FAC001,LAB013,Swab,2025-12-11,Collected
SMP113718,LO113718,PAT00674,FAC003,LAB011,Blood,2025-01-29,Processed
SMP113722,LO113722,PAT03214,FAC002,LAB003,Blood,2025-07-04,Collected
SMP113724,LO113724,PAT00994,FAC004,LAB009,Radiology,2025-02-04,Collected
SMP113730,LO113730,PAT02445,FAC004,LAB004,Blood,2025-10-04,Collected
SMP113731,LO113731,PAT07361,FAC001,LAB003,Blood,2025-12-05,Collected
SMP113740,LO113740,PAT04070,FAC005,LAB011,Blood,2025-10-11,Collected
SMP113744,LO113744,PAT07413,FAC005,LAB015,Blood,2025-11-25,Collected
SMP113753,LO113753,PAT08086,FAC002,LAB014,Blood,2025-06-13,Collected
SMP113761,LO113761,PAT07804,FAC003,LAB011,Blood,2025-11-14,Collected
SMP113765,LO113765,PAT00178,FAC003,LAB009,Radiology,2025-03-12,Processed
SMP113767,LO113767,PAT02457,FAC003,LAB009,Radiology,2025-03-16,Collected
SMP113778,LO113778,PAT05628,FAC001,LAB013,Swab,2025-02-15,Collected
SMP113784,LO113784,PAT07768,FAC003,LAB006,Blood,2025-11-17,Collected
SMP113793,LO113793,PAT09539,FAC005,LAB005,Blood,2025-10-31,Collected
SMP113799,LO113799,PAT07252,FAC004,LAB014,Blood,2025-11-05,Collected
SMP113810,LO113810,PAT09734,FAC001,LAB014,Blood,2025-01-29,Collected
SMP113814,LO113814,PAT03785,FAC004,LAB013,Swab,2025-12-28,Collected
SMP113821,LO113821,PAT06561,FAC004,LAB012,Blood,2025-11-25,Collected
SMP113827,LO113827,PAT04747,FAC001,LAB015,Blood,2025-10-18,Collected
SMP113829,LO113829,PAT01787,FAC003,LAB009,Radiology,2025-11-16,Collected
SMP113832,LO113832,PAT02088,FAC001,LAB011,Blood,2025-06-20,Collected
SMP113834,LO113834,PAT00909,FAC001,LAB014,Blood,2025-01-23,Processed
SMP113840,LO113840,PAT03964,FAC002,LAB010,Radiology,2025-09-02,Collected
SMP113842,LO113842,PAT02453,FAC001,LAB001,Blood,2025-09-29,Collected
SMP113850,LO113850,PAT06132,FAC002,LAB015,Blood,2025-10-13,Collected
SMP113853,LO113853,PAT00034,FAC004,LAB009,Radiology,2025-12-11,Collected
SMP113855,LO113855,PAT08052,FAC005,LAB001,Blood,2025-09-20,Collected
SMP113863,LO113863,PAT04951,FAC005,LAB004,Blood,2025-07-31,Collected
SMP113870,LO113870,PAT07493,FAC002,LAB003,Blood,2025-09-24,Collected
SMP113871,LO113871,PAT00060,FAC001,LAB013,Swab,2025-06-14,Collected
SMP113872,LO113872,PAT04924,FAC003,LAB014,Blood,2025-10-02,Processed
SMP113873,LO113873,PAT02022,FAC002,LAB012,Blood,2025-04-21,Rejected
SMP113874,LO113874,PAT01767,FAC003,LAB008,Urine,2025-07-16,Collected
SMP113880,LO113880,PAT07696,FAC001,LAB006,Blood,2025-03-07,Collected
SMP113895,LO113895,PAT00539,FAC004,LAB001,Blood,2025-10-01,Collected
SMP113896,LO113896,PAT04194,FAC004,LAB004,Blood,2025-01-06,Collected
SMP113899,LO113899,PAT04937,FAC005,LAB008,Urine,2025-10-30,Collected
SMP113902,LO113902,PAT09346,FAC005,LAB014,Blood,2025-10-09,Collected
SMP113904,LO113904,PAT04442,FAC003,LAB009,Radiology,2025-10-03,Collected
SMP113907,LO113907,PAT06282,FAC005,LAB011,Blood,2025-11-24,Collected
SMP113912,LO113912,PAT04041,FAC003,LAB008,Urine,2025-02-04,Collected
SMP113927,LO113927,PAT06598,FAC002,LAB008,Urine,2025-05-30,Collected
SMP113931,LO113931,PAT01954,FAC001,LAB008,Urine,2025-05-08,Collected
SMP113946,LO113946,PAT06441,FAC001,LAB007,Urine,2025-01-20,Collected
SMP113951,LO113951,PAT03324,FAC005,LAB010,Radiology,2025-12-20,Collected
SMP113952,LO113952,PAT01167,FAC001,LAB003,Blood,2025-08-10,Collected
SMP113969,LO113969,PAT04095,FAC003,LAB015,Blood,2025-12-17,Collected
SMP113970,LO113970,PAT04270,FAC003,LAB015,Blood,2025-02-15,Collected
SMP113971,LO113971,PAT04561,FAC005,LAB015,Blood,2025-07-03,Collected
SMP113975,LO113975,PAT00032,FAC004,LAB005,Blood,2025-02-03,Collected
SMP113985,LO113985,PAT03234,FAC003,LAB006,Blood,2025-03-20,Collected
SMP113991,LO113991,PAT04983,FAC003,LAB006,Blood,2025-04-12,Rejected
SMP113993,LO113993,PAT04041,FAC003,LAB013,Swab,2025-11-18,Collected
SMP114005,LO114005,PAT00922,FAC005,LAB005,Blood,2025-02-16,Collected
SMP114007,LO114007,PAT08094,FAC004,LAB001,Blood,2025-05-09,Processed
SMP114017,LO114017,PAT08626,FAC005,LAB007,Urine,2025-05-17,Collected
SMP114020,LO114020,PAT05305,FAC001,LAB002,Blood,2025-08-03,Collected
SMP114022,LO114022,PAT05398,FAC004,LAB012,Blood,2025-09-01,Collected
SMP114024,LO114024,PAT07504,FAC003,LAB010,Radiology,2025-05-20,Collected
SMP114028,LO114028,PAT06071,FAC005,LAB004,Blood,2025-07-14,Collected
SMP114040,LO114040,PAT09626,FAC002,LAB012,Blood,2025-11-12,Collected
SMP114041,LO114041,PAT06114,FAC004,LAB013,Swab,2025-05-10,Collected
SMP114045,LO114045,PAT05413,FAC002,LAB012,Blood,2025-06-04,Collected
SMP114048,LO114048,PAT08887,FAC001,LAB015,Blood,2025-10-05,Collected
SMP114050,LO114050,PAT04515,FAC003,LAB011,Blood,2025-05-22,Processed
SMP114056,LO114056,PAT06951,FAC001,LAB002,Blood,2025-03-22,Collected
SMP114067,LO114067,PAT00926,FAC004,LAB012,Blood,2025-07-05,Collected
SMP114068,LO114068,PAT03308,FAC001,LAB014,Blood,2025-11-13,Collected
SMP114079,LO114079,PAT04014,FAC004,LAB001,Blood,2025-01-28,Collected
SMP114084,LO114084,PAT03117,FAC003,LAB013,Swab,2025-09-19,Collected
SMP114101,LO114101,PAT01374,FAC004,LAB015,Blood,2025-12-11,Collected
SMP114106,LO114106,PAT05013,FAC004,LAB001,Blood,2025-11-20,Collected
SMP114107,LO114107,PAT07502,FAC005,LAB008,Urine,2025-09-20,Collected
SMP114115,LO114115,PAT01633,FAC001,LAB011,Blood,2025-12-26,Collected
SMP114117,LO114117,PAT07320,FAC002,LAB004,Blood,2025-08-21,Collected
SMP114118,LO114118,PAT08402,FAC001,LAB005,Blood,2025-10-13,Collected
SMP114119,LO114119,PAT08145,FAC002,LAB010,Radiology,2025-05-12,Collected
SMP114125,LO114125,PAT04448,FAC003,LAB015,Blood,2025-05-01,Collected
SMP114126,LO114126,PAT07530,FAC005,LAB009,Radiology,2025-02-13,Collected
SMP114128,LO114128,PAT02678,FAC001,LAB004,Blood,2025-12-21,Collected
SMP114138,LO114138,PAT02037,FAC004,LAB007,Urine,2025-03-22,Collected
SMP114144,LO114144,PAT09020,FAC004,LAB015,Blood,2025-01-16,Collected
SMP114149,LO114149,PAT04297,FAC001,LAB005,Blood,2025-02-07,Processed
SMP114162,LO114162,PAT04085,FAC003,LAB006,Blood,2025-11-26,Collected
SMP114167,LO114167,PAT03861,FAC005,LAB002,Blood,2025-02-06,Collected
SMP114171,LO114171,PAT00451,FAC005,LAB011,Blood,2025-07-04,Collected
SMP114172,LO114172,PAT02324,FAC004,LAB003,Blood,2025-01-22,Collected
SMP114173,LO114173,PAT08150,FAC003,LAB006,Blood,2025-05-28,Collected
SMP114176,LO114176,PAT01702,FAC001,LAB006,Blood,2025-09-19,Collected
SMP114177,LO114177,PAT01027,FAC005,LAB011,Blood,2025-04-03,Collected
SMP114181,LO114181,PAT02705,FAC005,LAB009,Radiology,2025-03-17,Collected
SMP114184,LO114184,PAT02118,FAC001,LAB001,Blood,2025-07-25,Collected
SMP114188,LO114188,PAT03959,FAC002,LAB014,Blood,2025-03-16,Collected
SMP114190,LO114190,PAT03729,FAC002,LAB003,Blood,2025-12-11,Collected
SMP114191,LO114191,PAT07866,FAC001,LAB012,Blood,2025-09-09,Processed
SMP114198,LO114198,PAT04296,FAC002,LAB002,Blood,2025-04-13,Collected
SMP114199,LO114199,PAT02003,FAC002,LAB003,Blood,2025-03-22,Collected
SMP114200,LO114200,PAT09941,FAC003,LAB015,Blood,2025-04-07,Processed
SMP114202,LO114202,PAT08269,FAC003,LAB006,Blood,2025-11-27,Collected
SMP114205,LO114205,PAT00915,FAC004,LAB009,Radiology,2025-04-07,Collected
SMP114206,LO114206,PAT04216,FAC001,LAB007,Urine,2025-08-15,Collected
SMP114208,LO114208,PAT00569,FAC001,LAB001,Blood,2025-06-10,Collected
SMP114211,LO114211,PAT01663,FAC004,LAB007,Urine,2025-04-12,Collected
SMP114212,LO114212,PAT02457,FAC001,LAB006,Blood,2025-01-03,Collected
SMP114220,LO114220,PAT08518,FAC002,LAB003,Blood,2025-01-13,Collected
SMP114225,LO114225,PAT06001,FAC003,LAB012,Blood,2025-01-11,Collected
SMP114227,LO114227,PAT03956,FAC004,LAB010,Radiology,2025-07-12,Collected
SMP114232,LO114232,PAT07551,FAC001,LAB006,Blood,2025-06-05,Processed
SMP114236,LO114236,PAT03269,FAC001,LAB015,Blood,2025-07-30,Collected
SMP114255,LO114255,PAT04430,FAC004,LAB005,Blood,2025-05-24,Processed
SMP114256,LO114256,PAT04680,FAC002,LAB005,Blood,2025-09-13,Collected
SMP114261,LO114261,PAT02555,FAC005,LAB008,Urine,2025-02-19,Collected
SMP114264,LO114264,PAT06424,FAC005,LAB011,Blood,2025-03-22,Collected
SMP114265,LO114265,PAT03661,FAC004,LAB009,Radiology,2025-07-02,Collected
SMP114267,LO114267,PAT02030,FAC001,LAB008,Urine,2026-01-02,Processed
SMP114270,LO114270,PAT00669,FAC002,LAB005,Blood,2025-09-06,Processed
SMP114279,LO114279,PAT02806,FAC004,LAB011,Blood,2025-10-05,Collected
SMP114280,LO114280,PAT07337,FAC003,LAB002,Blood,2025-05-03,Collected
SMP114297,LO114297,PAT06606,FAC004,LAB003,Blood,2025-04-13,Collected
SMP114304,LO114304,PAT08998,FAC003,LAB015,Blood,2025-11-20,Collected
SMP114315,LO114315,PAT02821,FAC002,LAB011,Blood,2025-08-01,Processed
SMP114316,LO114316,PAT08696,FAC004,LAB014,Blood,2025-10-08,Collected
SMP114320,LO114320,PAT08511,FAC001,LAB004,Blood,2025-04-12,Collected
SMP114322,LO114322,PAT07924,FAC004,LAB007,Urine,2025-08-02,Collected
SMP114325,LO114325,PAT00426,FAC002,LAB008,Urine,2025-02-11,Collected
SMP114335,LO114335,PAT03326,FAC003,LAB005,Blood,2025-09-24,Collected
SMP114357,LO114357,PAT05174,FAC004,LAB008,Urine,2025-10-03,Collected
SMP114361,LO114361,PAT04095,FAC003,LAB009,Radiology,2025-06-04,Collected
SMP114365,LO114365,PAT08035,FAC003,LAB011,Blood,2025-03-26,Collected
SMP114369,LO114369,PAT04124,FAC004,LAB007,Urine,2025-05-14,Collected
SMP114372,LO114372,PAT08094,FAC004,LAB003,Blood,2025-07-08,Processed
SMP114373,LO114373,PAT05475,FAC001,LAB014,Blood,2025-01-12,Collected
SMP114374,LO114374,PAT05815,FAC002,LAB001,Blood,2025-02-28,Collected
SMP114391,LO114391,PAT04790,FAC001,LAB001,Blood,2025-05-27,Collected
SMP114399,LO114399,PAT02022,FAC005,LAB001,Blood,2025-12-11,Collected
SMP114403,LO114403,PAT02010,FAC005,LAB013,Swab,2025-04-04,Collected
SMP114409,LO114409,PAT07151,FAC005,LAB009,Radiology,2025-02-26,Collected
SMP114418,LO114418,PAT02678,FAC002,LAB011,Blood,2025-07-12,Collected
SMP114426,LO114426,PAT00564,FAC003,LAB014,Blood,2025-03-20,Collected
SMP114428,LO114428,PAT07303,FAC001,LAB013,Swab,2025-12-03,Collected
SMP114438,LO114438,PAT04829,FAC001,LAB008,Urine,2025-04-20,Collected
SMP114439,LO114439,PAT01965,FAC002,LAB012,Blood,2025-08-12,Processed
SMP114442,LO114442,PAT03548,FAC003,LAB001,Blood,2025-05-19,Collected
SMP114450,LO114450,PAT08066,FAC002,LAB003,Blood,2025-05-16,Collected
SMP114451,LO114451,PAT05362,FAC002,LAB014,Blood,2025-01-24,Collected
SMP114460,LO114460,PAT04032,FAC003,LAB003,Blood,2025-01-26,Collected
SMP114470,LO114470,PAT06652,FAC002,LAB010,Radiology,2025-07-07,Collected
SMP114485,LO114485,PAT08179,FAC004,LAB014,Blood,2025-02-05,Collected
SMP114490,LO114490,PAT09431,FAC001,LAB013,Swab,2025-07-08,Processed
SMP114494,LO114494,PAT00567,FAC002,LAB013,Swab,2025-06-11,Collected
SMP114511,LO114511,PAT01399,FAC005,LAB003,Blood,2025-05-27,Collected
SMP114512,LO114512,PAT05528,FAC002,LAB013,Swab,2025-03-19,Collected
SMP114524,LO114524,PAT09090,FAC002,LAB008,Urine,2025-08-11,Collected
SMP114526,LO114526,PAT01714,FAC004,LAB015,Blood,2025-08-15,Collected
SMP114527,LO114527,PAT01255,FAC003,LAB014,Blood,2025-12-14,Collected
SMP114528,LO114528,PAT02030,FAC001,LAB013,Swab,2025-05-05,Collected
SMP114529,LO114529,PAT02590,FAC001,LAB011,Blood,2025-08-30,Collected
SMP114533,LO114533,PAT02488,FAC004,LAB015,Blood,2025-12-23,Collected
SMP114550,LO114550,PAT03972,FAC002,LAB014,Blood,2025-02-09,Collected
SMP114554,LO114554,PAT04266,FAC005,LAB015,Blood,2025-11-13,Collected
SMP114558,LO114558,PAT00380,FAC002,LAB011,Blood,2025-10-28,Collected
SMP114562,LO114562,PAT07629,FAC005,LAB008,Urine,2025-07-12,Collected
SMP114564,LO114564,PAT03600,FAC004,LAB010,Radiology,2025-04-26,Collected
SMP114570,LO114570,PAT01115,FAC001,LAB011,Blood,2025-10-02,Processed
SMP114575,LO114575,PAT04731,FAC001,LAB008,Urine,2025-05-20,Collected
SMP114589,LO114589,PAT06897,FAC002,LAB008,Urine,2025-05-21,Collected
SMP114601,LO114601,PAT09821,FAC004,LAB008,Urine,2025-08-16,Collected
SMP114602,LO114602,PAT00531,FAC004,LAB011,Blood,2025-02-01,Collected
SMP114604,LO114604,PAT01054,FAC003,LAB011,Blood,2025-08-22,Collected
SMP114605,LO114605,PAT02003,FAC005,LAB014,Blood,2025-11-30,Collected
SMP114610,LO114610,PAT02440,FAC004,LAB003,Blood,2025-08-10,Processed
SMP114611,LO114611,PAT02685,FAC003,LAB002,Blood,2025-07-15,Collected
SMP114619,LO114619,PAT00103,FAC001,LAB014,Blood,2025-07-02,Processed
SMP114620,LO114620,PAT09418,FAC002,LAB008,Urine,2025-11-07,Collected
SMP114628,LO114628,PAT06182,FAC001,LAB005,Blood,2025-02-19,Collected
SMP114634,LO114634,PAT02857,FAC004,LAB015,Blood,2025-11-15,Collected
SMP114640,LO114640,PAT07337,FAC005,LAB009,Radiology,2025-05-30,Collected
SMP114646,LO114646,PAT02513,FAC005,LAB004,Blood,2025-02-14,Collected
SMP114648,LO114648,PAT05873,FAC004,LAB008,Urine,2025-05-19,Processed
SMP114649,LO114649,PAT07218,FAC002,LAB002,Blood,2025-01-02,Collected
SMP114651,LO114651,PAT01237,FAC004,LAB012,Blood,2025-05-22,Collected
SMP114659,LO114659,PAT02716,FAC004,LAB004,Blood,2025-07-12,Collected
SMP114661,LO114661,PAT04095,FAC004,LAB004,Blood,2025-06-09,Collected
SMP114662,LO114662,PAT06073,FAC002,LAB004,Blood,2025-08-17,Collected
SMP114663,LO114663,PAT06299,FAC001,LAB001,Blood,2025-04-03,Collected
SMP114665,LO114665,PAT09262,FAC005,LAB004,Blood,2025-09-30,Collected
SMP114685,LO114685,PAT08178,FAC002,LAB005,Blood,2025-11-20,Collected
SMP114688,LO114688,PAT08216,FAC004,LAB004,Blood,2025-07-14,Rejected
SMP114689,LO114689,PAT07306,FAC004,LAB009,Radiology,2025-10-10,Collected
SMP114692,LO114692,PAT08952,FAC001,LAB001,Blood,2025-02-14,Collected
SMP114693,LO114693,PAT01351,FAC005,LAB015,Blood,2025-05-01,Collected
SMP114694,LO114694,PAT05658,FAC001,LAB012,Blood,2025-06-18,Collected
SMP114697,LO114697,PAT09239,FAC002,LAB009,Radiology,2025-09-16,Processed
SMP114698,LO114698,PAT04924,FAC003,LAB008,Urine,2025-08-04,Collected
SMP114701,LO114701,PAT00519,FAC002,LAB012,Blood,2025-02-06,Collected
SMP114711,LO114711,PAT09482,FAC004,LAB013,Swab,2025-02-08,Processed
SMP114713,LO114713,PAT05513,FAC004,LAB004,Blood,2025-11-12,Collected
SMP114717,LO114717,PAT07634,FAC004,LAB007,Urine,2025-05-06,Collected
SMP114718,LO114718,PAT05889,FAC003,LAB004,Blood,2025-08-10,Collected
SMP114719,LO114719,PAT01394,FAC004,LAB002,Blood,2025-11-25,Collected
SMP114728,LO114728,PAT03078,FAC002,LAB003,Blood,2025-12-22,Collected
SMP114734,LO114734,PAT03887,FAC002,LAB009,Radiology,2025-01-10,Collected
SMP114743,LO114743,PAT06835,FAC003,LAB010,Radiology,2025-01-24,Processed
SMP114744,LO114744,PAT01966,FAC001,LAB012,Blood,2025-07-08,Collected
SMP114748,LO114748,PAT09124,FAC005,LAB014,Blood,2025-12-11,Processed
SMP114753,LO114753,PAT02817,FAC001,LAB002,Blood,2025-08-26,Collected
SMP114756,LO114756,PAT04751,FAC005,LAB002,Blood,2025-05-15,Collected
SMP114764,LO114764,PAT09662,FAC001,LAB013,Swab,2025-07-01,Collected
SMP114769,LO114769,PAT09973,FAC004,LAB001,Blood,2025-05-06,Collected
SMP114770,LO114770,PAT00100,FAC005,LAB012,Blood,2025-10-16,Collected
SMP114771,LO114771,PAT08889,FAC004,LAB010,Radiology,2025-09-06,Collected
SMP114775,LO114775,PAT03121,FAC002,LAB006,Blood,2025-01-23,Collected
SMP114777,LO114777,PAT04360,FAC004,LAB008,Urine,2025-11-21,Collected
SMP114782,LO114782,PAT03547,FAC003,LAB010,Radiology,2025-08-27,Collected
SMP114785,LO114785,PAT03480,FAC005,LAB007,Urine,2025-03-03,Collected
SMP114786,LO114786,PAT08392,FAC005,LAB002,Blood,2025-09-21,Collected
SMP114789,LO114789,PAT00189,FAC001,LAB015,Blood,2025-03-19,Collected
SMP114799,LO114799,PAT01283,FAC002,LAB010,Radiology,2025-11-03,Collected
SMP114800,LO114800,PAT01741,FAC004,LAB009,Radiology,2025-05-21,Collected
SMP114806,LO114806,PAT02125,FAC003,LAB009,Radiology,2025-11-01,Collected
SMP114809,LO114809,PAT01607,FAC004,LAB015,Blood,2025-04-15,Collected
SMP114810,LO114810,PAT03708,FAC003,LAB006,Blood,2025-07-07,Collected
SMP114820,LO114820,PAT05737,FAC003,LAB006,Blood,2025-05-31,Collected
SMP114832,LO114832,PAT04537,FAC002,LAB001,Blood,2025-12-19,Collected
SMP114834,LO114834,PAT03483,FAC005,LAB007,Urine,2025-10-23,Collected
SMP114835,LO114835,PAT08518,FAC004,LAB005,Blood,2025-11-01,Collected
SMP114838,LO114838,PAT03403,FAC004,LAB006,Blood,2025-03-10,Rejected
SMP114861,LO114861,PAT09238,FAC002,LAB015,Blood,2025-03-06,Collected
SMP114864,LO114864,PAT07976,FAC005,LAB005,Blood,2025-09-09,Collected
SMP114882,LO114882,PAT05390,FAC005,LAB009,Radiology,2025-04-13,Collected
SMP114884,LO114884,PAT09989,FAC005,LAB009,Radiology,2025-02-10,Processed
SMP114890,LO114890,PAT03291,FAC004,LAB010,Radiology,2025-05-13,Collected
SMP114895,LO114895,PAT00264,FAC002,LAB013,Swab,2025-01-12,Collected
SMP114898,LO114898,PAT09354,FAC001,LAB001,Blood,2025-01-24,Collected
SMP114899,LO114899,PAT05100,FAC004,LAB009,Radiology,2025-08-01,Collected
SMP114905,LO114905,PAT00903,FAC003,LAB001,Blood,2025-05-25,Collected
SMP114906,LO114906,PAT07096,FAC001,LAB011,Blood,2025-10-14,Collected
SMP114910,LO114910,PAT03546,FAC005,LAB012,Blood,2025-02-11,Collected
SMP114923,LO114923,PAT04983,FAC003,LAB006,Blood,2025-03-23,Collected
SMP114926,LO114926,PAT01721,FAC001,LAB015,Blood,2025-11-24,Collected
SMP114931,LO114931,PAT08049,FAC001,LAB004,Blood,2025-07-17,Collected
SMP114934,LO114934,PAT00300,FAC005,LAB011,Blood,2025-05-12,Collected
SMP114937,LO114937,PAT02821,FAC002,LAB006,Blood,2025-11-28,Processed
SMP114938,LO114938,PAT03335,FAC003,LAB014,Blood,2025-04-24,Collected
SMP114947,LO114947,PAT02681,FAC001,LAB001,Blood,2025-09-07,Collected
SMP114951,LO114951,PAT00876,FAC003,LAB015,Blood,2025-10-05,Collected
SMP114952,LO114952,PAT00480,FAC001,LAB010,Radiology,2025-10-20,Processed
SMP114953,LO114953,PAT07573,FAC002,LAB008,Urine,2025-09-08,Collected
SMP114956,LO114956,PAT06934,FAC003,LAB002,Blood,2025-06-20,Collected
SMP114974,LO114974,PAT02125,FAC001,LAB005,Blood,2025-01-12,Collected
SMP114984,LO114984,PAT04630,FAC003,LAB011,Blood,2025-12-15,Collected
SMP114988,LO114988,PAT01576,FAC003,LAB010,Radiology,2025-10-17,Collected
SMP115003,LO115003,PAT02183,FAC002,LAB005,Blood,2025-07-09,Collected
SMP115013,LO115013,PAT07884,FAC001,LAB001,Blood,2025-09-24,Collected
SMP115014,LO115014,PAT03112,FAC003,LAB010,Radiology,2025-12-18,Collected
SMP115015,LO115015,PAT01890,FAC003,LAB010,Radiology,2025-04-05,Collected
SMP115016,LO115016,PAT04901,FAC003,LAB002,Blood,2025-11-07,Collected
SMP115021,LO115021,PAT08938,FAC004,LAB010,Radiology,2025-06-24,Collected
SMP115026,LO115026,PAT03121,FAC003,LAB004,Blood,2025-11-19,Collected
SMP115030,LO115030,PAT04039,FAC001,LAB014,Blood,2025-07-28,Processed
SMP115038,LO115038,PAT00469,FAC001,LAB013,Swab,2025-08-10,Collected
SMP115043,LO115043,PAT03298,FAC003,LAB013,Swab,2025-09-24,Collected
SMP115052,LO115052,PAT02936,FAC003,LAB001,Blood,2025-07-02,Collected
SMP115053,LO115053,PAT06162,FAC001,LAB003,Blood,2025-08-06,Collected
SMP115072,LO115072,PAT07979,FAC005,LAB010,Radiology,2025-10-16,Collected
SMP115074,LO115074,PAT07151,FAC005,LAB008,Urine,2025-11-25,Collected
SMP115075,LO115075,PAT00352,FAC003,LAB011,Blood,2025-11-01,Collected
SMP115076,LO115076,PAT07111,FAC002,LAB008,Urine,2025-07-24,Collected
SMP115082,LO115082,PAT00411,FAC005,LAB002,Blood,2025-12-03,Collected
SMP115098,LO115098,PAT03843,FAC004,LAB012,Blood,2025-02-02,Collected
SMP115100,LO115100,PAT08918,FAC003,LAB007,Urine,2025-04-30,Collected
SMP115107,LO115107,PAT07230,FAC005,LAB007,Urine,2025-06-23,Collected
SMP115110,LO115110,PAT07014,FAC004,LAB014,Blood,2025-03-16,Processed
SMP115115,LO115115,PAT00926,FAC002,LAB011,Blood,2025-10-09,Collected
SMP115121,LO115121,PAT00016,FAC002,LAB005,Blood,2025-11-09,Collected
SMP115124,LO115124,PAT05847,FAC002,LAB007,Urine,2025-07-22,Collected
SMP115129,LO115129,PAT06949,FAC001,LAB007,Urine,2025-05-27,Collected
SMP115133,LO115133,PAT10000,FAC004,LAB015,Blood,2025-08-04,Processed
SMP115135,LO115135,PAT02500,FAC001,LAB014,Blood,2025-09-13,Collected
SMP115140,LO115140,PAT08992,FAC002,LAB008,Urine,2025-07-18,Collected
SMP115141,LO115141,PAT07723,FAC003,LAB008,Urine,2025-11-01,Collected
SMP115142,LO115142,PAT06770,FAC001,LAB009,Radiology,2025-08-24,Collected
SMP115152,LO115152,PAT00114,FAC005,LAB011,Blood,2025-01-31,Collected
SMP115154,LO115154,PAT02920,FAC002,LAB012,Blood,2025-07-07,Collected
SMP115159,LO115159,PAT02100,FAC005,LAB006,Blood,2025-03-10,Collected
SMP115160,LO115160,PAT07820,FAC002,LAB002,Blood,2025-03-30,Collected
SMP115162,LO115162,PAT03269,FAC001,LAB011,Blood,2025-04-20,Collected
SMP115168,LO115168,PAT06598,FAC002,LAB012,Blood,2025-10-04,Collected
SMP115171,LO115171,PAT07052,FAC004,LAB004,Blood,2025-11-06,Collected
SMP115173,LO115173,PAT02532,FAC004,LAB001,Blood,2025-09-30,Collected
SMP115175,LO115175,PAT04354,FAC001,LAB006,Blood,2025-09-01,Collected
SMP115176,LO115176,PAT06206,FAC002,LAB015,Blood,2025-09-10,Collected
SMP115182,LO115182,PAT07768,FAC002,LAB013,Swab,2025-08-31,Processed
SMP115183,LO115183,PAT09469,FAC001,LAB004,Blood,2025-01-06,Collected
SMP115186,LO115186,PAT07229,FAC004,LAB015,Blood,2025-04-18,Collected
SMP115192,LO115192,PAT06683,FAC002,LAB004,Blood,2025-07-05,Collected
SMP115199,LO115199,PAT05703,FAC004,LAB009,Radiology,2025-03-15,Collected
SMP115205,LO115205,PAT00112,FAC002,LAB010,Radiology,2025-11-22,Collected
SMP115207,LO115207,PAT05146,FAC004,LAB015,Blood,2025-04-15,Collected
SMP115211,LO115211,PAT02460,FAC001,LAB007,Urine,2025-01-09,Rejected
SMP115216,LO115216,PAT09319,FAC003,LAB007,Urine,2025-09-09,Collected
SMP115220,LO115220,PAT01007,FAC002,LAB008,Urine,2025-01-02,Collected
SMP115221,LO115221,PAT08170,FAC002,LAB015,Blood,2025-06-29,Collected
SMP115229,LO115229,PAT04154,FAC002,LAB008,Urine,2025-07-16,Collected
SMP115230,LO115230,PAT08006,FAC001,LAB001,Blood,2025-09-24,Collected
SMP115233,LO115233,PAT06215,FAC003,LAB004,Blood,2025-03-07,Collected
SMP115234,LO115234,PAT06809,FAC005,LAB009,Radiology,2025-12-07,Collected
SMP115235,LO115235,PAT07370,FAC003,LAB015,Blood,2025-12-26,Collected
SMP115250,LO115250,PAT04831,FAC004,LAB011,Blood,2025-05-14,Collected
SMP115251,LO115251,PAT03746,FAC003,LAB013,Swab,2025-07-10,Collected
SMP115252,LO115252,PAT09314,FAC002,LAB012,Blood,2025-01-16,Collected
SMP115257,LO115257,PAT01745,FAC001,LAB006,Blood,2025-01-07,Collected
SMP115258,LO115258,PAT05924,FAC005,LAB007,Urine,2025-08-29,Collected
SMP115261,LO115261,PAT01724,FAC004,LAB001,Blood,2025-01-12,Processed
SMP115264,LO115264,PAT00978,FAC001,LAB008,Urine,2025-11-10,Collected
SMP115273,LO115273,PAT04405,FAC001,LAB005,Blood,2025-04-05,Collected
SMP115275,LO115275,PAT00412,FAC004,LAB013,Swab,2025-07-27,Collected
SMP115281,LO115281,PAT07530,FAC004,LAB003,Blood,2025-03-31,Collected
SMP115285,LO115285,PAT02237,FAC005,LAB009,Radiology,2025-08-10,Collected
SMP115288,LO115288,PAT03972,FAC001,LAB001,Blood,2025-10-17,Processed
SMP115296,LO115296,PAT02486,FAC001,LAB009,Radiology,2025-12-12,Collected
SMP115298,LO115298,PAT07766,FAC003,LAB006,Blood,2025-06-20,Collected
SMP115304,LO115304,PAT05513,FAC003,LAB011,Blood,2025-10-01,Processed
SMP115305,LO115305,PAT01796,FAC001,LAB007,Urine,2025-01-03,Collected
SMP115313,LO115313,PAT06260,FAC003,LAB009,Radiology,2025-02-03,Collected
SMP115325,LO115325,PAT07965,FAC004,LAB001,Blood,2025-04-27,Collected
SMP115327,LO115327,PAT00745,FAC002,LAB006,Blood,2025-06-08,Collected
SMP115338,LO115338,PAT00737,FAC002,LAB006,Blood,2025-04-27,Processed
SMP115340,LO115340,PAT03308,FAC002,LAB012,Blood,2025-07-11,Collected
SMP115341,LO115341,PAT00697,FAC002,LAB010,Radiology,2025-10-06,Collected
SMP115345,LO115345,PAT03899,FAC003,LAB006,Blood,2025-08-08,Collected
SMP115346,LO115346,PAT08956,FAC005,LAB010,Radiology,2025-11-13,Collected
SMP115363,LO115363,PAT08274,FAC005,LAB007,Urine,2025-04-13,Processed
SMP115370,LO115370,PAT07041,FAC003,LAB011,Blood,2025-05-04,Collected
SMP115372,LO115372,PAT08745,FAC004,LAB001,Blood,2025-03-18,Collected
SMP115373,LO115373,PAT02185,FAC003,LAB009,Radiology,2025-01-22,Processed
SMP115377,LO115377,PAT05501,FAC002,LAB005,Blood,2025-05-20,Collected
SMP115381,LO115381,PAT06267,FAC004,LAB013,Swab,2025-05-01,Collected
SMP115382,LO115382,PAT09566,FAC001,LAB012,Blood,2025-05-12,Collected
SMP115389,LO115389,PAT01316,FAC003,LAB007,Urine,2025-11-14,Collected
SMP115390,LO115390,PAT02821,FAC001,LAB001,Blood,2025-02-21,Collected
SMP115409,LO115409,PAT04082,FAC005,LAB010,Radiology,2025-08-20,Collected
SMP115415,LO115415,PAT00612,FAC003,LAB006,Blood,2025-04-01,Collected
SMP115439,LO115439,PAT08745,FAC004,LAB011,Blood,2025-08-30,Collected
SMP115443,LO115443,PAT09159,FAC001,LAB005,Blood,2025-01-04,Collected
SMP115451,LO115451,PAT09050,FAC005,LAB015,Blood,2025-04-29,Collected
SMP115455,LO115455,PAT06322,FAC001,LAB013,Swab,2025-07-08,Collected
SMP115459,LO115459,PAT02021,FAC001,LAB004,Blood,2025-01-07,Collected
SMP115462,LO115462,PAT08269,FAC002,LAB001,Blood,2025-05-17,Collected
SMP115475,LO115475,PAT00480,FAC003,LAB014,Blood,2025-06-02,Collected
SMP115477,LO115477,PAT06791,FAC001,LAB006,Blood,2025-09-03,Collected
SMP115486,LO115486,PAT04862,FAC001,LAB011,Blood,2025-12-08,Processed
SMP115494,LO115494,PAT08490,FAC005,LAB011,Blood,2025-07-12,Collected
SMP115501,LO115501,PAT06127,FAC001,LAB002,Blood,2025-10-29,Collected
SMP115505,LO115505,PAT03066,FAC002,LAB011,Blood,2025-07-09,Collected
SMP115512,LO115512,PAT07586,FAC004,LAB001,Blood,2025-12-06,Collected
SMP115516,LO115516,PAT01079,FAC001,LAB006,Blood,2025-10-01,Collected
SMP115520,LO115520,PAT00182,FAC001,LAB011,Blood,2025-01-02,Collected
SMP115525,LO115525,PAT02457,FAC004,LAB005,Blood,2025-01-29,Processed
SMP115530,LO115530,PAT04668,FAC001,LAB010,Radiology,2025-12-08,Collected
SMP115532,LO115532,PAT03496,FAC003,LAB014,Blood,2025-05-15,Collected
SMP115534,LO115534,PAT05036,FAC005,LAB007,Urine,2025-02-08,Collected
SMP115541,LO115541,PAT03956,FAC003,LAB015,Blood,2025-08-06,Collected
SMP115542,LO115542,PAT09190,FAC002,LAB007,Urine,2025-11-10,Collected
SMP115544,LO115544,PAT00009,FAC001,LAB006,Blood,2025-01-12,Collected
SMP115545,LO115545,PAT05647,FAC002,LAB002,Blood,2025-08-27,Collected
SMP115555,LO115555,PAT04343,FAC005,LAB011,Blood,2025-05-11,Collected
SMP115571,LO115571,PAT04721,FAC004,LAB005,Blood,2025-02-17,Collected
SMP115578,LO115578,PAT06770,FAC004,LAB001,Blood,2025-03-06,Collected
SMP115588,LO115588,PAT04515,FAC004,LAB001,Blood,2025-02-14,Collected
SMP115599,LO115599,PAT01088,FAC003,LAB012,Blood,2025-02-26,Collected
SMP115603,LO115603,PAT01007,FAC005,LAB001,Blood,2025-05-26,Collected
SMP115609,LO115609,PAT04581,FAC002,LAB012,Blood,2025-10-23,Collected
SMP115611,LO115611,PAT05782,FAC003,LAB007,Urine,2025-12-15,Collected
SMP115619,LO115619,PAT09648,FAC003,LAB011,Blood,2025-08-01,Collected
SMP115624,LO115624,PAT07002,FAC003,LAB015,Blood,2025-01-12,Processed
SMP115640,LO115640,PAT03046,FAC001,LAB002,Blood,2025-05-24,Collected
SMP115641,LO115641,PAT01748,FAC003,LAB005,Blood,2025-10-31,Collected
SMP115646,LO115646,PAT05427,FAC002,LAB012,Blood,2025-03-10,Collected
SMP115647,LO115647,PAT04871,FAC001,LAB011,Blood,2025-08-27,Collected
SMP115654,LO115654,PAT07945,FAC002,LAB006,Blood,2025-03-12,Collected
SMP115656,LO115656,PAT04330,FAC002,LAB004,Blood,2025-07-24,Collected
SMP115665,LO115665,PAT04246,FAC002,LAB002,Blood,2025-02-25,Collected
SMP115675,LO115675,PAT03373,FAC002,LAB002,Blood,2025-10-03,Collected
SMP115678,LO115678,PAT00248,FAC003,LAB013,Swab,2025-02-27,Collected
SMP115680,LO115680,PAT04879,FAC005,LAB006,Blood,2025-11-13,Collected
SMP115683,LO115683,PAT03895,FAC005,LAB010,Radiology,2025-03-01,Collected
SMP115701,LO115701,PAT06707,FAC004,LAB015,Blood,2025-03-27,Collected
SMP115702,LO115702,PAT02217,FAC002,LAB003,Blood,2025-10-10,Collected
SMP115706,LO115706,PAT05915,FAC004,LAB007,Urine,2025-06-12,Collected
SMP115718,LO115718,PAT09839,FAC002,LAB005,Blood,2025-02-20,Collected
SMP115728,LO115728,PAT04013,FAC004,LAB002,Blood,2025-07-07,Collected
SMP115734,LO115734,PAT09732,FAC002,LAB011,Blood,2025-01-25,Collected
SMP115735,LO115735,PAT08145,FAC002,LAB007,Urine,2025-08-06,Collected
SMP115738,LO115738,PAT08730,FAC005,LAB004,Blood,2025-12-11,Collected
SMP115744,LO115744,PAT08741,FAC002,LAB012,Blood,2025-02-18,Processed
SMP115745,LO115745,PAT02520,FAC005,LAB002,Blood,2025-08-11,Collected
SMP115762,LO115762,PAT01633,FAC005,LAB011,Blood,2025-11-17,Processed
SMP115763,LO115763,PAT04123,FAC001,LAB006,Blood,2025-10-01,Collected
SMP115765,LO115765,PAT01115,FAC002,LAB011,Blood,2025-01-21,Collected
SMP115766,LO115766,PAT06685,FAC002,LAB004,Blood,2025-12-21,Collected
SMP115787,LO115787,PAT04430,FAC004,LAB001,Blood,2025-06-05,Collected
SMP115792,LO115792,PAT09159,FAC005,LAB006,Blood,2025-10-10,Processed
SMP115793,LO115793,PAT01452,FAC005,LAB006,Blood,2025-05-28,Collected
SMP115799,LO115799,PAT00519,FAC002,LAB015,Blood,2025-03-26,Processed
SMP115804,LO115804,PAT01412,FAC002,LAB005,Blood,2025-01-04,Collected
SMP115805,LO115805,PAT04879,FAC005,LAB011,Blood,2025-05-15,Collected
SMP115812,LO115812,PAT09090,FAC005,LAB011,Blood,2025-07-31,Processed
SMP115813,LO115813,PAT00500,FAC003,LAB008,Urine,2025-01-21,Collected
SMP115816,LO115816,PAT09146,FAC004,LAB013,Swab,2025-09-11,Collected
SMP115819,LO115819,PAT06322,FAC003,LAB001,Blood,2025-05-29,Collected
SMP115826,LO115826,PAT04851,FAC004,LAB011,Blood,2025-05-12,Collected
SMP115828,LO115828,PAT04982,FAC003,LAB004,Blood,2025-07-01,Collected
SMP115832,LO115832,PAT01179,FAC005,LAB013,Swab,2025-10-11,Collected
SMP115835,LO115835,PAT00840,FAC004,LAB015,Blood,2025-12-02,Collected
SMP115843,LO115843,PAT02134,FAC001,LAB014,Blood,2025-08-16,Collected
SMP115844,LO115844,PAT03951,FAC003,LAB007,Urine,2025-09-14,Collected
SMP115846,LO115846,PAT04171,FAC004,LAB006,Blood,2025-08-22,Collected
SMP115851,LO115851,PAT08671,FAC005,LAB004,Blood,2025-05-23,Collected
SMP115853,LO115853,PAT02799,FAC001,LAB015,Blood,2025-10-14,Collected
SMP115859,LO115859,PAT03956,FAC003,LAB013,Swab,2025-02-09,Collected
SMP115862,LO115862,PAT08142,FAC004,LAB013,Swab,2025-09-04,Collected
SMP115866,LO115866,PAT01115,FAC005,LAB006,Blood,2025-07-04,Collected
SMP115869,LO115869,PAT00425,FAC004,LAB001,Blood,2025-08-25,Collected
SMP115872,LO115872,PAT04106,FAC004,LAB006,Blood,2025-03-07,Collected
SMP115875,LO115875,PAT03275,FAC005,LAB008,Urine,2025-04-07,Collected
SMP115876,LO115876,PAT08216,FAC001,LAB003,Blood,2025-01-02,Collected
SMP115879,LO115879,PAT03468,FAC004,LAB015,Blood,2025-09-20,Collected
SMP115883,LO115883,PAT05081,FAC002,LAB014,Blood,2025-04-02,Collected
SMP115888,LO115888,PAT04818,FAC004,LAB013,Swab,2025-06-01,Collected
SMP115894,LO115894,PAT03335,FAC005,LAB004,Blood,2025-05-01,Collected
SMP115903,LO115903,PAT07093,FAC001,LAB011,Blood,2025-11-23,Collected
SMP115904,LO115904,PAT01581,FAC005,LAB002,Blood,2025-06-14,Collected
SMP115905,LO115905,PAT03289,FAC005,LAB011,Blood,2025-01-13,Collected
SMP115909,LO115909,PAT04296,FAC002,LAB001,Blood,2025-04-27,Collected
SMP115915,LO115915,PAT01200,FAC003,LAB011,Blood,2025-11-12,Collected
SMP115920,LO115920,PAT07413,FAC003,LAB010,Radiology,2025-12-04,Collected
SMP115931,LO115931,PAT00564,FAC005,LAB008,Urine,2025-05-18,Collected
SMP115933,LO115933,PAT01451,FAC003,LAB006,Blood,2025-04-01,Collected
SMP115937,LO115937,PAT09028,FAC004,LAB015,Blood,2025-10-24,Collected
SMP115943,LO115943,PAT00032,FAC003,LAB006,Blood,2025-04-27,Collected
SMP115946,LO115946,PAT06148,FAC003,LAB013,Swab,2025-05-20,Processed
SMP115954,LO115954,PAT05932,FAC005,LAB001,Blood,2025-10-09,Collected
SMP115957,LO115957,PAT07269,FAC001,LAB002,Blood,2025-10-14,Collected
SMP115960,LO115960,PAT02096,FAC001,LAB009,Radiology,2025-01-13,Collected
SMP115968,LO115968,PAT04405,FAC001,LAB007,Urine,2025-11-03,Collected
SMP115969,LO115969,PAT03796,FAC004,LAB014,Blood,2025-03-13,Processed
SMP115974,LO115974,PAT03657,FAC004,LAB004,Blood,2025-07-20,Collected
SMP115975,LO115975,PAT03775,FAC005,LAB015,Blood,2025-04-12,Collected
SMP115979,LO115979,PAT02406,FAC002,LAB011,Blood,2025-08-18,Collected
SMP115982,LO115982,PAT00327,FAC001,LAB006,Blood,2025-12-04,Collected
SMP115984,LO115984,PAT07041,FAC002,LAB015,Blood,2025-06-04,Collected
SMP115986,LO115986,PAT07277,FAC002,LAB012,Blood,2025-01-07,Collected
SMP115989,LO115989,PAT02453,FAC004,LAB015,Blood,2025-07-18,Processed
SMP115995,LO115995,PAT00412,FAC002,LAB005,Blood,2025-10-10,Collected
SMP115997,LO115997,PAT06689,FAC001,LAB011,Blood,2025-02-20,Collected
SMP116007,LO116007,PAT02803,FAC004,LAB012,Blood,2025-11-09,Processed
SMP116016,LO116016,PAT01715,FAC001,LAB013,Swab,2025-02-01,Collected
SMP116020,LO116020,PAT03746,FAC005,LAB001,Blood,2025-12-08,Collected
SMP116024,LO116024,PAT04890,FAC001,LAB015,Blood,2025-02-06,Processed
SMP116029,LO116029,PAT05741,FAC002,LAB015,Blood,2025-03-11,Processed
SMP116031,LO116031,PAT09141,FAC005,LAB008,Urine,2025-08-17,Collected
SMP116038,LO116038,PAT04748,FAC002,LAB010,Radiology,2025-08-04,Rejected
SMP116043,LO116043,PAT04901,FAC004,LAB010,Radiology,2025-05-26,Collected
SMP116049,LO116049,PAT02183,FAC001,LAB002,Blood,2025-01-22,Collected
SMP116056,LO116056,PAT04302,FAC005,LAB009,Radiology,2025-11-06,Processed
SMP116067,LO116067,PAT03214,FAC004,LAB015,Blood,2025-10-06,Collected
SMP116068,LO116068,PAT03679,FAC003,LAB007,Urine,2025-01-14,Collected
SMP116070,LO116070,PAT09458,FAC004,LAB001,Blood,2025-02-26,Collected
SMP116075,LO116075,PAT07029,FAC003,LAB008,Urine,2025-08-15,Collected
SMP116079,LO116079,PAT02316,FAC002,LAB014,Blood,2025-12-07,Collected
SMP116080,LO116080,PAT08086,FAC005,LAB012,Blood,2025-08-08,Collected
SMP116097,LO116097,PAT02702,FAC004,LAB010,Radiology,2025-12-01,Collected
SMP116104,LO116104,PAT09239,FAC004,LAB014,Blood,2025-10-10,Collected
SMP116108,LO116108,PAT06071,FAC005,LAB014,Blood,2025-02-26,Collected
SMP116118,LO116118,PAT02999,FAC004,LAB006,Blood,2025-09-08,Processed
SMP116119,LO116119,PAT02877,FAC001,LAB011,Blood,2026-01-01,Collected
SMP116122,LO116122,PAT02311,FAC004,LAB015,Blood,2025-07-28,Collected
SMP116126,LO116126,PAT06476,FAC002,LAB014,Blood,2025-08-12,Collected
SMP116137,LO116137,PAT03316,FAC004,LAB010,Radiology,2025-03-12,Collected
SMP116141,LO116141,PAT07457,FAC001,LAB010,Radiology,2025-06-09,Processed
SMP116151,LO116151,PAT02217,FAC004,LAB007,Urine,2025-10-25,Collected
SMP116153,LO116153,PAT00316,FAC003,LAB009,Radiology,2025-12-17,Collected
SMP116169,LO116169,PAT04609,FAC003,LAB010,Radiology,2025-06-06,Collected
SMP116172,LO116172,PAT06339,FAC004,LAB014,Blood,2025-09-04,Collected
SMP116173,LO116173,PAT08100,FAC003,LAB004,Blood,2025-04-07,Rejected
SMP116177,LO116177,PAT07418,FAC001,LAB013,Swab,2025-04-06,Collected
SMP116186,LO116186,PAT04818,FAC003,LAB008,Urine,2025-09-18,Collected
SMP116189,LO116189,PAT07403,FAC004,LAB010,Radiology,2025-09-19,Collected
SMP116191,LO116191,PAT09124,FAC005,LAB015,Blood,2025-05-02,Collected
SMP116192,LO116192,PAT05465,FAC001,LAB004,Blood,2025-12-22,Collected
SMP116195,LO116195,PAT05035,FAC005,LAB004,Blood,2025-10-09,Collected
SMP116201,LO116201,PAT05730,FAC003,LAB006,Blood,2025-03-15,Collected
SMP116202,LO116202,PAT05655,FAC001,LAB009,Radiology,2025-11-26,Collected
SMP116216,LO116216,PAT08875,FAC003,LAB014,Blood,2025-06-09,Collected
SMP116219,LO116219,PAT08296,FAC005,LAB006,Blood,2025-10-03,Collected
SMP116225,LO116225,PAT07938,FAC003,LAB009,Radiology,2025-12-04,Collected
SMP116228,LO116228,PAT08583,FAC004,LAB003,Blood,2025-05-20,Collected
SMP116240,LO116240,PAT08958,FAC002,LAB013,Swab,2025-03-16,Collected
SMP116259,LO116259,PAT01373,FAC004,LAB013,Swab,2025-06-09,Collected
SMP116264,LO116264,PAT03990,FAC002,LAB001,Blood,2025-02-25,Collected
SMP116278,LO116278,PAT07108,FAC002,LAB015,Blood,2025-02-09,Collected
SMP116280,LO116280,PAT08511,FAC002,LAB005,Blood,2025-04-15,Collected
SMP116281,LO116281,PAT05285,FAC003,LAB001,Blood,2025-01-06,Processed
SMP116289,LO116289,PAT03315,FAC003,LAB005,Blood,2025-04-17,Collected
SMP116291,LO116291,PAT00032,FAC003,LAB006,Blood,2025-02-17,Collected
SMP116294,LO116294,PAT02040,FAC003,LAB011,Blood,2025-01-24,Collected
SMP116295,LO116295,PAT02537,FAC001,LAB006,Blood,2025-06-30,Collected
SMP116296,LO116296,PAT07624,FAC001,LAB013,Swab,2025-06-15,Collected
SMP116311,LO116311,PAT00136,FAC005,LAB001,Blood,2025-10-12,Collected
SMP116313,LO116313,PAT03828,FAC001,LAB013,Swab,2025-02-17,Collected
SMP116314,LO116314,PAT00327,FAC002,LAB003,Blood,2025-10-10,Collected
SMP116317,LO116317,PAT03017,FAC004,LAB007,Urine,2025-02-23,Processed
SMP116325,LO116325,PAT00555,FAC005,LAB005,Blood,2025-11-08,Collected
SMP116327,LO116327,PAT05221,FAC003,LAB014,Blood,2025-08-19,Collected
SMP116331,LO116331,PAT06751,FAC004,LAB003,Blood,2025-02-14,Collected
SMP116339,LO116339,PAT06992,FAC005,LAB010,Radiology,2025-01-18,Rejected
SMP116346,LO116346,PAT08391,FAC001,LAB005,Blood,2025-06-08,Collected
SMP116354,LO116354,PAT09080,FAC002,LAB005,Blood,2025-07-13,Collected
SMP116355,LO116355,PAT00697,FAC002,LAB008,Urine,2025-09-20,Collected
SMP116363,LO116363,PAT09452,FAC004,LAB015,Blood,2025-02-25,Processed
SMP116366,LO116366,PAT05737,FAC002,LAB005,Blood,2025-05-24,Collected
SMP116367,LO116367,PAT09319,FAC002,LAB006,Blood,2025-03-15,Processed
SMP116371,LO116371,PAT04844,FAC003,LAB003,Blood,2025-02-25,Collected
SMP116372,LO116372,PAT09954,FAC004,LAB008,Urine,2025-12-09,Collected
SMP116374,LO116374,PAT06476,FAC004,LAB012,Blood,2025-02-13,Processed
SMP116378,LO116378,PAT00869,FAC003,LAB001,Blood,2025-04-30,Collected
SMP116384,LO116384,PAT09645,FAC003,LAB013,Swab,2025-04-24,Collected
SMP116393,LO116393,PAT06435,FAC002,LAB012,Blood,2025-03-22,Rejected
SMP116394,LO116394,PAT02989,FAC005,LAB010,Radiology,2025-11-04,Collected
SMP116397,LO116397,PAT01625,FAC003,LAB012,Blood,2025-02-01,Collected
SMP116406,LO116406,PAT07515,FAC003,LAB007,Urine,2025-03-23,Collected
SMP116414,LO116414,PAT00733,FAC002,LAB015,Blood,2025-05-18,Collected
SMP116440,LO116440,PAT05951,FAC004,LAB008,Urine,2025-11-30,Collected
SMP116451,LO116451,PAT07825,FAC004,LAB003,Blood,2025-03-22,Collected
SMP116454,LO116454,PAT07536,FAC002,LAB006,Blood,2025-03-14,Processed
SMP116459,LO116459,PAT01176,FAC005,LAB004,Blood,2025-04-10,Collected
SMP116463,LO116463,PAT03547,FAC004,LAB015,Blood,2025-11-08,Collected
SMP116466,LO116466,PAT00896,FAC001,LAB012,Blood,2025-05-22,Collected
SMP116477,LO116477,PAT06162,FAC002,LAB001,Blood,2025-03-05,Collected
SMP116479,LO116479,PAT01769,FAC003,LAB006,Blood,2025-08-31,Collected
SMP116482,LO116482,PAT00648,FAC004,LAB003,Blood,2026-01-02,Collected
SMP116486,LO116486,PAT04352,FAC001,LAB009,Radiology,2025-02-26,Collected
SMP116490,LO116490,PAT03488,FAC005,LAB013,Swab,2025-01-26,Collected
SMP116492,LO116492,PAT03821,FAC005,LAB007,Urine,2025-05-31,Collected
SMP116493,LO116493,PAT06265,FAC005,LAB011,Blood,2025-01-21,Collected
SMP116494,LO116494,PAT02883,FAC005,LAB007,Urine,2025-07-15,Collected
SMP116507,LO116507,PAT03551,FAC005,LAB005,Blood,2025-02-28,Processed
SMP116510,LO116510,PAT03546,FAC003,LAB008,Urine,2025-04-02,Collected
SMP116512,LO116512,PAT02145,FAC002,LAB006,Blood,2025-09-24,Collected
SMP116516,LO116516,PAT04148,FAC002,LAB012,Blood,2025-10-02,Collected
SMP116523,LO116523,PAT00170,FAC003,LAB009,Radiology,2025-11-16,Collected
SMP116532,LO116532,PAT03406,FAC003,LAB013,Swab,2025-11-15,Collected
SMP116537,LO116537,PAT03419,FAC001,LAB013,Swab,2025-04-12,Collected
SMP116542,LO116542,PAT05934,FAC004,LAB002,Blood,2025-08-15,Collected
SMP116549,LO116549,PAT01958,FAC003,LAB004,Blood,2025-07-11,Processed
SMP116550,LO116550,PAT00328,FAC005,LAB005,Blood,2025-02-03,Collected
SMP116551,LO116551,PAT06432,FAC004,LAB011,Blood,2025-03-13,Collected
SMP116552,LO116552,PAT08521,FAC002,LAB005,Blood,2025-08-30,Processed
SMP116561,LO116561,PAT07781,FAC005,LAB003,Blood,2025-01-15,Processed
SMP116564,LO116564,PAT06880,FAC004,LAB006,Blood,2025-05-26,Collected
SMP116566,LO116566,PAT00426,FAC002,LAB014,Blood,2025-08-04,Collected
SMP116575,LO116575,PAT00304,FAC001,LAB003,Blood,2025-09-23,Collected
SMP116577,LO116577,PAT09297,FAC003,LAB001,Blood,2025-11-23,Collected
SMP116584,LO116584,PAT05305,FAC004,LAB011,Blood,2025-12-04,Collected
SMP116589,LO116589,PAT08385,FAC004,LAB008,Urine,2025-11-18,Collected
SMP116593,LO116593,PAT03861,FAC003,LAB011,Blood,2025-03-03,Collected
SMP116596,LO116596,PAT08603,FAC005,LAB007,Urine,2025-01-15,Collected
SMP116600,LO116600,PAT04289,FAC001,LAB013,Swab,2025-05-31,Collected
SMP116603,LO116603,PAT07710,FAC001,LAB014,Blood,2025-01-17,Collected
SMP116604,LO116604,PAT04991,FAC001,LAB008,Urine,2025-05-15,Collected
SMP116606,LO116606,PAT05909,FAC001,LAB007,Urine,2025-08-07,Collected
SMP116619,LO116619,PAT08911,FAC003,LAB002,Blood,2025-01-03,Collected
SMP116620,LO116620,PAT01298,FAC002,LAB005,Blood,2025-05-20,Collected
SMP116624,LO116624,PAT03435,FAC003,LAB005,Blood,2025-04-04,Collected
SMP116625,LO116625,PAT02532,FAC004,LAB004,Blood,2025-02-19,Collected
SMP116642,LO116642,PAT09296,FAC005,LAB002,Blood,2025-05-21,Collected
SMP116649,LO116649,PAT02457,FAC003,LAB003,Blood,2025-08-06,Collected
SMP116661,LO116661,PAT05305,FAC003,LAB011,Blood,2025-01-11,Processed
SMP116663,LO116663,PAT06509,FAC002,LAB007,Urine,2025-01-06,Collected
SMP116683,LO116683,PAT08385,FAC004,LAB003,Blood,2025-08-06,Collected
SMP116685,LO116685,PAT00028,FAC002,LAB009,Radiology,2025-02-17,Collected
SMP116688,LO116688,PAT06492,FAC004,LAB011,Blood,2025-09-12,Collected
SMP116690,LO116690,PAT03215,FAC001,LAB015,Blood,2025-08-27,Collected
SMP116695,LO116695,PAT03185,FAC004,LAB011,Blood,2025-03-26,Collected
SMP116704,LO116704,PAT05164,FAC001,LAB006,Blood,2025-03-14,Collected
SMP116706,LO116706,PAT06693,FAC005,LAB010,Radiology,2025-02-12,Collected
SMP116707,LO116707,PAT05310,FAC005,LAB005,Blood,2025-04-28,Collected
SMP116712,LO116712,PAT00748,FAC004,LAB010,Radiology,2025-04-21,Collected
SMP116713,LO116713,PAT04830,FAC005,LAB015,Blood,2025-02-26,Collected
SMP116714,LO116714,PAT06178,FAC004,LAB014,Blood,2025-12-05,Collected
SMP116715,LO116715,PAT07014,FAC005,LAB013,Swab,2025-07-06,Collected
SMP116717,LO116717,PAT04527,FAC005,LAB006,Blood,2025-03-20,Collected
SMP116719,LO116719,PAT00252,FAC004,LAB002,Blood,2025-06-11,Processed
SMP116720,LO116720,PAT03249,FAC001,LAB004,Blood,2025-11-04,Processed
SMP116724,LO116724,PAT07976,FAC004,LAB008,Urine,2025-08-07,Collected
SMP116729,LO116729,PAT07771,FAC003,LAB006,Blood,2025-05-30,Collected
SMP116732,LO116732,PAT08185,FAC001,LAB008,Urine,2025-05-04,Collected
SMP116733,LO116733,PAT00291,FAC004,LAB012,Blood,2025-06-30,Processed
SMP116735,LO116735,PAT03964,FAC005,LAB004,Blood,2025-08-26,Collected
SMP116743,LO116743,PAT04337,FAC005,LAB001,Blood,2025-11-26,Collected
SMP116744,LO116744,PAT04607,FAC004,LAB007,Urine,2025-04-24,Collected
SMP116751,LO116751,PAT08736,FAC005,LAB012,Blood,2025-03-28,Collected
SMP116753,LO116753,PAT06867,FAC004,LAB007,Urine,2025-08-20,Processed
SMP116770,LO116770,PAT07223,FAC001,LAB012,Blood,2025-10-03,Collected
SMP116771,LO116771,PAT06836,FAC002,LAB001,Blood,2025-08-27,Collected
SMP116774,LO116774,PAT00408,FAC002,LAB010,Radiology,2025-03-21,Collected
SMP116781,LO116781,PAT05864,FAC003,LAB015,Blood,2025-08-23,Collected
SMP116783,LO116783,PAT09750,FAC002,LAB002,Blood,2025-09-15,Collected
SMP116784,LO116784,PAT00102,FAC003,LAB015,Blood,2025-05-28,Collected
SMP116790,LO116790,PAT08911,FAC002,LAB008,Urine,2025-07-16,Collected
SMP116793,LO116793,PAT04904,FAC005,LAB015,Blood,2025-09-08,Collected
SMP116827,LO116827,PAT00466,FAC003,LAB001,Blood,2025-08-16,Collected
SMP116829,LO116829,PAT07206,FAC001,LAB005,Blood,2025-04-09,Collected
SMP116837,LO116837,PAT00484,FAC002,LAB005,Blood,2025-10-10,Collected
SMP116838,LO116838,PAT01881,FAC001,LAB013,Swab,2025-04-24,Processed
SMP116842,LO116842,PAT01122,FAC005,LAB013,Swab,2025-07-11,Collected
SMP116845,LO116845,PAT07269,FAC003,LAB013,Swab,2025-09-10,Collected
SMP116849,LO116849,PAT03016,FAC004,LAB012,Blood,2025-02-19,Collected
SMP116853,LO116853,PAT08305,FAC003,LAB015,Blood,2025-03-20,Collected
SMP116862,LO116862,PAT06959,FAC004,LAB009,Radiology,2025-02-28,Processed
SMP116864,LO116864,PAT09521,FAC005,LAB014,Blood,2025-01-09,Collected
SMP116869,LO116869,PAT07206,FAC001,LAB010,Radiology,2025-07-27,Collected
SMP116875,LO116875,PAT06770,FAC001,LAB014,Blood,2025-07-18,Collected
SMP116885,LO116885,PAT07400,FAC002,LAB003,Blood,2025-01-12,Collected
SMP116888,LO116888,PAT09255,FAC003,LAB007,Urine,2025-08-31,Collected
SMP116891,LO116891,PAT03450,FAC004,LAB005,Blood,2025-10-26,Collected
SMP116892,LO116892,PAT09101,FAC002,LAB005,Blood,2025-11-03,Collected
SMP116895,LO116895,PAT00697,FAC004,LAB004,Blood,2025-11-20,Collected
SMP116901,LO116901,PAT09318,FAC001,LAB005,Blood,2025-07-21,Collected
SMP116902,LO116902,PAT08241,FAC005,LAB005,Blood,2025-11-24,Collected
SMP116912,LO116912,PAT02146,FAC004,LAB010,Radiology,2025-04-19,Collected
SMP116918,LO116918,PAT03939,FAC002,LAB001,Blood,2025-09-24,Processed
SMP116920,LO116920,PAT05933,FAC005,LAB008,Urine,2025-11-29,Collected
SMP116922,LO116922,PAT04334,FAC004,LAB004,Blood,2025-03-12,Collected
SMP116924,LO116924,PAT03078,FAC002,LAB012,Blood,2025-11-07,Collected
SMP116925,LO116925,PAT09800,FAC002,LAB015,Blood,2025-07-16,Collected
SMP116954,LO116954,PAT01329,FAC003,LAB004,Blood,2025-01-20,Collected
SMP116955,LO116955,PAT06683,FAC002,LAB015,Blood,2025-01-15,Collected
SMP116957,LO116957,PAT01227,FAC005,LAB002,Blood,2025-05-01,Collected
SMP116961,LO116961,PAT04130,FAC005,LAB003,Blood,2025-10-24,Processed
SMP116965,LO116965,PAT07730,FAC002,LAB005,Blood,2025-12-18,Collected
SMP116970,LO116970,PAT01808,FAC003,LAB008,Urine,2025-08-16,Collected
SMP116971,LO116971,PAT07682,FAC004,LAB008,Urine,2025-10-13,Collected
SMP116972,LO116972,PAT03116,FAC005,LAB013,Swab,2025-09-17,Collected
SMP116981,LO116981,PAT01403,FAC001,LAB010,Radiology,2025-12-01,Collected
SMP116985,LO116985,PAT07650,FAC004,LAB012,Blood,2025-08-27,Processed
SMP116988,LO116988,PAT00869,FAC002,LAB004,Blood,2025-03-23,Collected
SMP116990,LO116990,PAT01685,FAC003,LAB013,Swab,2025-05-12,Collected
SMP116996,LO116996,PAT02026,FAC001,LAB008,Urine,2025-12-06,Collected
SMP117001,LO117001,PAT07177,FAC001,LAB005,Blood,2025-11-21,Collected
SMP117009,LO117009,PAT04095,FAC005,LAB007,Urine,2025-10-30,Collected
SMP117011,LO117011,PAT04430,FAC002,LAB006,Blood,2025-05-18,Collected
SMP117013,LO117013,PAT00104,FAC003,LAB014,Blood,2025-04-09,Collected
SMP117014,LO117014,PAT07530,FAC001,LAB014,Blood,2025-07-04,Collected
SMP117016,LO117016,PAT04706,FAC001,LAB013,Swab,2025-06-10,Collected
SMP117018,LO117018,PAT08830,FAC004,LAB003,Blood,2025-05-21,Collected
SMP117026,LO117026,PAT03329,FAC003,LAB008,Urine,2025-02-16,Collected
SMP117035,LO117035,PAT08035,FAC003,LAB004,Blood,2025-06-13,Collected
SMP117042,LO117042,PAT02020,FAC003,LAB002,Blood,2025-03-18,Collected
SMP117046,LO117046,PAT09160,FAC004,LAB005,Blood,2025-01-18,Collected
SMP117048,LO117048,PAT03234,FAC005,LAB008,Urine,2025-07-19,Processed
SMP117050,LO117050,PAT03707,FAC004,LAB009,Radiology,2025-02-01,Collected
SMP117055,LO117055,PAT07370,FAC001,LAB007,Urine,2025-05-07,Collected
SMP117060,LO117060,PAT00004,FAC001,LAB001,Blood,2025-02-10,Collected
SMP117061,LO117061,PAT07835,FAC002,LAB008,Urine,2025-12-23,Collected
SMP117063,LO117063,PAT00248,FAC004,LAB001,Blood,2025-03-23,Collected
SMP117064,LO117064,PAT06691,FAC003,LAB006,Blood,2025-01-17,Collected
SMP117069,LO117069,PAT09086,FAC001,LAB002,Blood,2025-03-01,Collected
SMP117090,LO117090,PAT09955,FAC005,LAB010,Radiology,2025-05-06,Collected
SMP117094,LO117094,PAT02679,FAC003,LAB001,Blood,2025-04-23,Processed
SMP117097,LO117097,PAT02035,FAC001,LAB004,Blood,2025-08-30,Collected
SMP117102,LO117102,PAT00715,FAC003,LAB003,Blood,2025-06-03,Collected
SMP117105,LO117105,PAT02609,FAC001,LAB010,Radiology,2025-02-04,Collected
SMP117107,LO117107,PAT05035,FAC002,LAB002,Blood,2025-10-30,Collected
SMP117114,LO117114,PAT00448,FAC004,LAB006,Blood,2025-10-19,Collected
SMP117117,LO117117,PAT06988,FAC004,LAB003,Blood,2025-08-19,Collected
SMP117119,LO117119,PAT02125,FAC005,LAB011,Blood,2025-07-07,Processed
SMP117123,LO117123,PAT08061,FAC004,LAB010,Radiology,2025-12-07,Collected
SMP117124,LO117124,PAT04803,FAC005,LAB002,Blood,2025-01-02,Processed
SMP117125,LO117125,PAT05555,FAC001,LAB003,Blood,2025-10-22,Collected
SMP117131,LO117131,PAT04058,FAC003,LAB001,Blood,2025-04-15,Collected
SMP117132,LO117132,PAT08529,FAC003,LAB013,Swab,2025-07-11,Processed
SMP117135,LO117135,PAT03618,FAC001,LAB014,Blood,2025-04-29,Collected
SMP117139,LO117139,PAT06844,FAC002,LAB013,Swab,2025-06-14,Processed
SMP117143,LO117143,PAT07454,FAC004,LAB008,Urine,2025-06-27,Collected
SMP117147,LO117147,PAT03223,FAC001,LAB010,Radiology,2025-12-11,Collected
SMP117151,LO117151,PAT03551,FAC003,LAB008,Urine,2025-06-03,Collected
SMP117155,LO117155,PAT00654,FAC003,LAB006,Blood,2025-12-04,Collected
SMP117157,LO117157,PAT04961,FAC002,LAB009,Radiology,2025-06-12,Collected
SMP117158,LO117158,PAT00169,FAC003,LAB003,Blood,2025-11-25,Collected
SMP117159,LO117159,PAT04342,FAC003,LAB001,Blood,2025-08-20,Collected
SMP117162,LO117162,PAT06193,FAC005,LAB008,Urine,2025-07-30,Collected
SMP117168,LO117168,PAT05835,FAC005,LAB004,Blood,2025-05-19,Collected
SMP117170,LO117170,PAT09647,FAC001,LAB015,Blood,2025-06-05,Collected
SMP117177,LO117177,PAT04415,FAC001,LAB007,Urine,2025-05-16,Collected
SMP117178,LO117178,PAT03624,FAC005,LAB001,Blood,2025-02-27,Collected
SMP117197,LO117197,PAT03887,FAC003,LAB009,Radiology,2025-08-14,Collected
SMP117200,LO117200,PAT03699,FAC003,LAB005,Blood,2025-08-20,Collected
SMP117208,LO117208,PAT06927,FAC002,LAB013,Swab,2025-03-22,Collected
SMP117225,LO117225,PAT07252,FAC004,LAB015,Blood,2025-09-20,Rejected
SMP117227,LO117227,PAT01770,FAC005,LAB003,Blood,2025-05-01,Collected
SMP117233,LO117233,PAT07815,FAC001,LAB012,Blood,2025-01-29,Collected
SMP117235,LO117235,PAT09516,FAC003,LAB011,Blood,2025-10-13,Collected
SMP117253,LO117253,PAT09074,FAC004,LAB012,Blood,2025-07-02,Collected
SMP117256,LO117256,PAT06850,FAC002,LAB003,Blood,2025-07-23,Collected
SMP117260,LO117260,PAT03657,FAC003,LAB012,Blood,2025-12-27,Collected
SMP117263,LO117263,PAT08962,FAC002,LAB005,Blood,2025-11-02,Collected
SMP117265,LO117265,PAT01124,FAC004,LAB001,Blood,2025-10-22,Collected
SMP117266,LO117266,PAT04004,FAC002,LAB011,Blood,2025-03-28,Collected
SMP117267,LO117267,PAT01023,FAC004,LAB001,Blood,2025-01-10,Collected
SMP117272,LO117272,PAT00048,FAC004,LAB004,Blood,2025-01-21,Processed
SMP117276,LO117276,PAT00876,FAC004,LAB009,Radiology,2025-11-12,Collected
SMP117287,LO117287,PAT00120,FAC004,LAB006,Blood,2025-04-16,Collected
SMP117291,LO117291,PAT04392,FAC002,LAB007,Urine,2025-08-11,Collected
SMP117296,LO117296,PAT05184,FAC001,LAB010,Radiology,2025-12-16,Collected
SMP117297,LO117297,PAT09689,FAC002,LAB001,Blood,2025-02-21,Collected
SMP117306,LO117306,PAT01656,FAC002,LAB002,Blood,2025-05-14,Collected
SMP117311,LO117311,PAT01226,FAC001,LAB001,Blood,2025-05-19,Collected
SMP117334,LO117334,PAT02381,FAC003,LAB011,Blood,2025-02-21,Processed
SMP117337,LO117337,PAT04070,FAC002,LAB002,Blood,2025-01-30,Collected
SMP117350,LO117350,PAT01922,FAC003,LAB002,Blood,2025-11-28,Collected
SMP117359,LO117359,PAT03680,FAC005,LAB010,Radiology,2025-09-30,Collected
SMP117362,LO117362,PAT09249,FAC001,LAB011,Blood,2025-12-18,Collected
SMP117372,LO117372,PAT07920,FAC004,LAB011,Blood,2025-03-21,Collected
SMP117380,LO117380,PAT02013,FAC003,LAB008,Urine,2025-12-24,Collected
SMP117388,LO117388,PAT08086,FAC004,LAB005,Blood,2025-01-03,Collected
SMP117389,LO117389,PAT08628,FAC005,LAB003,Blood,2025-05-19,Collected
SMP117396,LO117396,PAT08731,FAC002,LAB003,Blood,2025-06-10,Collected
SMP117398,LO117398,PAT07182,FAC002,LAB004,Blood,2025-12-25,Collected
SMP117401,LO117401,PAT06460,FAC003,LAB009,Radiology,2025-05-13,Processed
SMP117407,LO117407,PAT01792,FAC004,LAB010,Radiology,2025-12-27,Collected
SMP117410,LO117410,PAT02772,FAC002,LAB012,Blood,2025-03-29,Collected
SMP117411,LO117411,PAT09040,FAC001,LAB007,Urine,2025-03-15,Collected
SMP117424,LO117424,PAT05184,FAC002,LAB009,Radiology,2025-02-17,Collected
SMP117428,LO117428,PAT03692,FAC002,LAB002,Blood,2025-08-22,Collected
SMP117429,LO117429,PAT09823,FAC005,LAB011,Blood,2025-08-11,Collected
SMP117434,LO117434,PAT02532,FAC002,LAB003,Blood,2025-10-17,Collected
SMP117436,LO117436,PAT02563,FAC004,LAB005,Blood,2025-11-12,Collected
SMP117443,LO117443,PAT01025,FAC004,LAB003,Blood,2025-01-29,Processed
SMP117453,LO117453,PAT04035,FAC005,LAB010,Radiology,2025-05-05,Collected
SMP117466,LO117466,PAT07802,FAC005,LAB009,Radiology,2025-12-18,Collected
SMP117467,LO117467,PAT05293,FAC004,LAB012,Blood,2025-06-04,Processed
SMP117469,LO117469,PAT00291,FAC004,LAB009,Radiology,2025-04-02,Collected
SMP117475,LO117475,PAT08086,FAC004,LAB010,Radiology,2025-12-18,Collected
SMP117484,LO117484,PAT08595,FAC003,LAB012,Blood,2025-11-25,Processed
SMP117488,LO117488,PAT05108,FAC004,LAB006,Blood,2025-12-31,Collected
SMP117489,LO117489,PAT09213,FAC001,LAB012,Blood,2025-07-01,Collected
SMP117494,LO117494,PAT03703,FAC002,LAB001,Blood,2025-06-12,Collected
SMP117501,LO117501,PAT06097,FAC005,LAB013,Swab,2025-01-19,Collected
SMP117502,LO117502,PAT03016,FAC002,LAB006,Blood,2025-03-06,Collected
SMP117507,LO117507,PAT00697,FAC003,LAB015,Blood,2025-02-01,Collected
SMP117509,LO117509,PAT09626,FAC002,LAB015,Blood,2025-05-11,Collected
SMP117512,LO117512,PAT07202,FAC004,LAB008,Urine,2025-06-10,Collected
SMP117514,LO117514,PAT01804,FAC005,LAB009,Radiology,2025-04-16,Collected
SMP117516,LO117516,PAT09479,FAC002,LAB004,Blood,2025-04-02,Collected
SMP117545,LO117545,PAT09510,FAC005,LAB002,Blood,2025-09-21,Collected
SMP117556,LO117556,PAT06880,FAC005,LAB015,Blood,2025-08-26,Collected
SMP117563,LO117563,PAT06934,FAC001,LAB003,Blood,2025-05-09,Collected
SMP117575,LO117575,PAT02076,FAC001,LAB009,Radiology,2025-01-01,Collected
SMP117578,LO117578,PAT03078,FAC001,LAB003,Blood,2025-01-31,Collected
SMP117579,LO117579,PAT08028,FAC004,LAB015,Blood,2025-12-18,Processed
SMP117584,LO117584,PAT07174,FAC001,LAB004,Blood,2025-09-28,Collected
SMP117590,LO117590,PAT08875,FAC004,LAB010,Radiology,2025-12-15,Collected
SMP117592,LO117592,PAT05401,FAC001,LAB005,Blood,2025-05-28,Processed
SMP117593,LO117593,PAT01122,FAC004,LAB014,Blood,2025-11-01,Collected
SMP117602,LO117602,PAT00980,FAC004,LAB012,Blood,2025-11-11,Collected
SMP117605,LO117605,PAT06825,FAC003,LAB013,Swab,2025-11-17,Processed
SMP117613,LO117613,PAT09516,FAC003,LAB002,Blood,2025-08-20,Collected
SMP117624,LO117624,PAT03022,FAC003,LAB005,Blood,2025-10-30,Collected
SMP117625,LO117625,PAT04124,FAC005,LAB001,Blood,2025-12-19,Processed
SMP117630,LO117630,PAT03707,FAC004,LAB013,Swab,2025-08-26,Processed
SMP117631,LO117631,PAT06313,FAC004,LAB005,Blood,2025-10-05,Collected
SMP117632,LO117632,PAT08099,FAC004,LAB015,Blood,2025-05-08,Collected
SMP117634,LO117634,PAT09220,FAC005,LAB001,Blood,2025-08-06,Collected
SMP117635,LO117635,PAT08452,FAC004,LAB011,Blood,2025-11-24,Collected
SMP117643,LO117643,PAT08325,FAC003,LAB015,Blood,2025-01-11,Collected
SMP117658,LO117658,PAT02059,FAC003,LAB008,Urine,2025-09-15,Collected
SMP117659,LO117659,PAT00750,FAC001,LAB001,Blood,2025-11-02,Collected
SMP117662,LO117662,PAT06481,FAC001,LAB002,Blood,2025-11-20,Collected
SMP117664,LO117664,PAT03372,FAC001,LAB011,Blood,2025-04-18,Collected
SMP117671,LO117671,PAT03614,FAC003,LAB002,Blood,2025-09-12,Collected
SMP117683,LO117683,PAT03117,FAC003,LAB014,Blood,2025-03-07,Collected
SMP117692,LO117692,PAT04963,FAC003,LAB014,Blood,2025-10-28,Collected
SMP117703,LO117703,PAT03208,FAC002,LAB008,Urine,2025-08-15,Collected
SMP117710,LO117710,PAT00715,FAC001,LAB015,Blood,2025-07-04,Collected
SMP117715,LO117715,PAT01087,FAC002,LAB004,Blood,2025-12-12,Collected
SMP117723,LO117723,PAT04070,FAC001,LAB012,Blood,2025-09-01,Collected
SMP117727,LO117727,PAT03823,FAC003,LAB006,Blood,2025-07-10,Collected
SMP117731,LO117731,PAT02544,FAC001,LAB008,Urine,2025-04-08,Collected
SMP117739,LO117739,PAT09040,FAC004,LAB006,Blood,2025-03-13,Collected
SMP117741,LO117741,PAT09431,FAC002,LAB010,Radiology,2025-01-30,Collected
SMP117743,LO117743,PAT07110,FAC001,LAB005,Blood,2025-10-19,Collected
SMP117745,LO117745,PAT06595,FAC001,LAB003,Blood,2025-11-07,Processed
SMP117760,LO117760,PAT03590,FAC003,LAB010,Radiology,2025-10-15,Collected
SMP117762,LO117762,PAT02920,FAC004,LAB003,Blood,2025-03-25,Processed
SMP117764,LO117764,PAT02859,FAC001,LAB005,Blood,2025-11-12,Collected
SMP117769,LO117769,PAT05599,FAC001,LAB012,Blood,2025-11-17,Processed
SMP117772,LO117772,PAT08115,FAC004,LAB015,Blood,2025-02-26,Collected
SMP117789,LO117789,PAT08181,FAC005,LAB008,Urine,2025-12-07,Collected
SMP117800,LO117800,PAT08262,FAC003,LAB007,Urine,2025-07-27,Collected
SMP117805,LO117805,PAT02376,FAC004,LAB011,Blood,2025-10-06,Processed
SMP117812,LO117812,PAT00386,FAC003,LAB015,Blood,2025-12-23,Collected
SMP117816,LO117816,PAT04815,FAC004,LAB011,Blood,2025-08-05,Collected
SMP117821,LO117821,PAT02958,FAC001,LAB013,Swab,2025-12-16,Collected
SMP117832,LO117832,PAT01403,FAC003,LAB002,Blood,2025-05-30,Collected
SMP117839,LO117839,PAT06909,FAC004,LAB010,Radiology,2025-11-14,Collected
SMP117841,LO117841,PAT05737,FAC004,LAB008,Urine,2025-06-19,Rejected
SMP117842,LO117842,PAT02639,FAC003,LAB013,Swab,2025-07-09,Collected
SMP117853,LO117853,PAT04059,FAC005,LAB005,Blood,2025-03-26,Collected
SMP117856,LO117856,PAT06182,FAC003,LAB002,Blood,2025-09-16,Collected
SMP117859,LO117859,PAT03903,FAC001,LAB006,Blood,2025-05-09,Collected
SMP117869,LO117869,PAT07508,FAC003,LAB007,Urine,2025-04-24,Collected
SMP117875,LO117875,PAT02026,FAC005,LAB007,Urine,2025-12-04,Collected
SMP117887,LO117887,PAT01607,FAC004,LAB001,Blood,2025-12-02,Collected
SMP117894,LO117894,PAT04744,FAC004,LAB014,Blood,2025-05-01,Collected
SMP117901,LO117901,PAT03853,FAC005,LAB007,Urine,2025-08-06,Collected
SMP117907,LO117907,PAT02255,FAC004,LAB005,Blood,2025-05-18,Processed
SMP117908,LO117908,PAT00614,FAC004,LAB004,Blood,2025-07-14,Collected
SMP117914,LO117914,PAT06182,FAC003,LAB002,Blood,2025-10-12,Collected
SMP117915,LO117915,PAT03895,FAC004,LAB006,Blood,2025-06-16,Collected
SMP117930,LO117930,PAT03692,FAC005,LAB004,Blood,2025-05-07,Collected
SMP117943,LO117943,PAT05804,FAC004,LAB014,Blood,2025-12-15,Collected
SMP117945,LO117945,PAT08618,FAC002,LAB006,Blood,2025-09-21,Collected
SMP117952,LO117952,PAT01612,FAC003,LAB009,Radiology,2025-06-24,Collected
SMP117957,LO117957,PAT00388,FAC004,LAB006,Blood,2025-12-29,Collected
SMP117972,LO117972,PAT06106,FAC004,LAB008,Urine,2025-05-14,Collected
SMP117976,LO117976,PAT06046,FAC003,LAB007,Urine,2025-07-28,Collected
SMP117979,LO117979,PAT04827,FAC003,LAB006,Blood,2025-07-04,Processed
SMP117982,LO117982,PAT04476,FAC001,LAB006,Blood,2025-12-01,Collected
SMP117983,LO117983,PAT09821,FAC002,LAB009,Radiology,2025-09-19,Collected
SMP117985,LO117985,PAT09027,FAC001,LAB014,Blood,2025-05-08,Collected
SMP117990,LO117990,PAT04305,FAC003,LAB006,Blood,2025-01-17,Processed
SMP117999,LO117999,PAT05108,FAC001,LAB013,Swab,2025-01-29,Collected
SMP118004,LO118004,PAT05381,FAC005,LAB009,Radiology,2022-10-06,Collected
SMP118012,LO118012,PAT12746,FAC002,LAB002,Blood,2025-04-24,Collected
SMP118018,LO118018,PAT08994,FAC005,LAB008,Urine,2024-04-13,Collected
SMP118034,LO118034,PAT14942,FAC003,LAB008,Urine,2021-09-30,Processed
SMP118035,LO118035,PAT05901,FAC004,LAB006,Blood,2022-05-10,Collected
SMP118038,LO118038,PAT10391,FAC005,LAB006,Blood,2025-10-09,Collected
SMP118039,LO118039,PAT02849,FAC003,LAB006,Blood,2022-05-03,Collected
SMP118042,LO118042,PAT09341,FAC003,LAB003,Blood,2025-09-16,Collected
SMP118047,LO118047,PAT14482,FAC003,LAB002,Blood,2026-01-19,Collected
SMP118049,LO118049,PAT10320,FAC004,LAB006,Blood,2022-07-16,Collected
SMP118053,LO118053,PAT03316,FAC003,LAB013,Swab,2025-06-16,Collected
SMP118060,LO118060,PAT09467,FAC002,LAB010,Radiology,2022-10-01,Collected
SMP118070,LO118070,PAT09124,FAC004,LAB004,Blood,2022-07-31,Collected
SMP118077,LO118077,PAT12873,FAC003,LAB009,Radiology,2021-09-06,Collected
SMP118089,LO118089,PAT07744,FAC005,LAB006,Blood,2024-09-20,Collected
SMP118093,LO118093,PAT09452,FAC003,LAB007,Urine,2021-02-03,Collected
SMP118096,LO118096,PAT12986,FAC001,LAB007,Urine,2023-02-01,Processed
SMP118099,LO118099,PAT00539,FAC005,LAB009,Radiology,2026-10-31,Collected
SMP118100,LO118100,PAT03853,FAC005,LAB006,Blood,2021-05-16,Collected
SMP118101,LO118101,PAT02272,FAC003,LAB007,Urine,2025-03-05,Collected
SMP118106,LO118106,PAT02865,FAC003,LAB011,Blood,2026-07-30,Collected
SMP118108,LO118108,PAT13919,FAC004,LAB003,Blood,2023-05-05,Collected
SMP118112,LO118112,PAT07202,FAC005,LAB012,Blood,2021-06-24,Collected
SMP118117,LO118117,PAT00614,FAC002,LAB012,Blood,2023-01-27,Collected
SMP118123,LO118123,PAT08603,FAC003,LAB008,Urine,2021-09-24,Collected
SMP118131,LO118131,PAT09786,FAC004,LAB001,Blood,2026-10-31,Collected
SMP118136,LO118136,PAT12599,FAC004,LAB012,Blood,2022-12-28,Processed
SMP118149,LO118149,PAT11815,FAC005,LAB009,Radiology,2023-03-22,Collected
SMP118154,LO118154,PAT14180,FAC003,LAB014,Blood,2022-04-19,Collected
SMP118161,LO118161,PAT05901,FAC003,LAB008,Urine,2024-05-05,Collected
SMP118166,LO118166,PAT02958,FAC001,LAB004,Blood,2025-10-11,Processed
SMP118180,LO118180,PAT05763,FAC002,LAB010,Radiology,2023-03-21,Collected
SMP118182,LO118182,PAT09202,FAC003,LAB001,Blood,2022-04-06,Collected
SMP118188,LO118188,PAT08296,FAC002,LAB009,Radiology,2026-01-08,Collected
SMP118197,LO118197,PAT11779,FAC005,LAB013,Swab,2026-07-11,Collected
SMP118201,LO118201,PAT06791,FAC004,LAB009,Radiology,2024-03-29,Collected
SMP118210,LO118210,PAT03624,FAC003,LAB009,Radiology,2022-12-17,Collected
SMP118224,LO118224,PAT03257,FAC003,LAB010,Radiology,2026-08-16,Collected
SMP118246,LO118246,PAT14183,FAC003,LAB015,Blood,2021-03-31,Collected
SMP118247,LO118247,PAT05889,FAC002,LAB007,Urine,2021-01-22,Collected
SMP118266,LO118266,PAT11712,FAC004,LAB005,Blood,2023-01-18,Collected
SMP118273,LO118273,PAT08974,FAC001,LAB008,Urine,2026-03-13,Collected
SMP118279,LO118279,PAT12381,FAC004,LAB003,Blood,2022-02-09,Collected
SMP118280,LO118280,PAT00111,FAC001,LAB008,Urine,2024-07-08,Collected
SMP118284,LO118284,PAT04829,FAC003,LAB010,Radiology,2024-06-14,Collected
SMP118295,LO118295,PAT14327,FAC005,LAB002,Blood,2024-05-02,Collected
SMP118296,LO118296,PAT13718,FAC003,LAB010,Radiology,2023-09-08,Collected
SMP118298,LO118298,PAT04130,FAC003,LAB007,Urine,2024-07-23,Collected
SMP118302,LO118302,PAT13825,FAC002,LAB015,Blood,2026-12-10,Collected
SMP118307,LO118307,PAT13754,FAC002,LAB014,Blood,2025-06-23,Collected
SMP118310,LO118310,PAT00186,FAC004,LAB010,Radiology,2026-03-12,Processed
SMP118312,LO118312,PAT11902,FAC002,LAB013,Swab,2022-02-17,Collected
SMP118322,LO118322,PAT00252,FAC003,LAB001,Blood,2022-07-22,Collected
SMP118327,LO118327,PAT14712,FAC001,LAB007,Urine,2021-06-19,Collected
SMP118330,LO118330,PAT05099,FAC003,LAB009,Radiology,2025-01-07,Collected
SMP118331,LO118331,PAT03882,FAC004,LAB006,Blood,2024-04-11,Processed
SMP118349,LO118349,PAT11324,FAC003,LAB010,Radiology,2021-04-13,Collected
SMP118351,LO118351,PAT13911,FAC003,LAB003,Blood,2025-03-12,Collected
SMP118365,LO118365,PAT08938,FAC005,LAB002,Blood,2026-07-09,Collected
SMP118371,LO118371,PAT06927,FAC001,LAB007,Urine,2023-08-11,Collected
SMP118373,LO118373,PAT05082,FAC005,LAB010,Radiology,2024-10-21,Collected
SMP118374,LO118374,PAT06843,FAC002,LAB001,Blood,2021-10-15,Collected
SMP118381,LO118381,PAT04953,FAC003,LAB001,Blood,2022-06-03,Processed
SMP118382,LO118382,PAT11493,FAC001,LAB006,Blood,2026-12-10,Collected
SMP118387,LO118387,PAT07347,FAC002,LAB002,Blood,2026-09-06,Collected
SMP118388,LO118388,PAT07656,FAC004,LAB010,Radiology,2023-07-11,Processed
SMP118391,LO118391,PAT11067,FAC003,LAB010,Radiology,2021-02-16,Collected
SMP118407,LO118407,PAT13821,FAC003,LAB006,Blood,2023-06-30,Collected
SMP118414,LO118414,PAT13819,FAC001,LAB001,Blood,2024-07-30,Processed
SMP118424,LO118424,PAT13523,FAC001,LAB009,Radiology,2024-09-28,Collected
SMP118425,LO118425,PAT05351,FAC004,LAB008,Urine,2021-10-11,Processed
SMP118434,LO118434,PAT08758,FAC001,LAB003,Blood,2024-01-07,Collected
SMP118443,LO118443,PAT12587,FAC001,LAB010,Radiology,2022-02-18,Collected
SMP118445,LO118445,PAT07252,FAC003,LAB006,Blood,2024-04-18,Collected
SMP118454,LO118454,PAT13555,FAC003,LAB004,Blood,2021-05-20,Collected
SMP118459,LO118459,PAT02875,FAC004,LAB014,Blood,2024-12-03,Collected
SMP118460,LO118460,PAT00851,FAC002,LAB003,Blood,2024-10-21,Collected
SMP118464,LO118464,PAT00837,FAC002,LAB013,Swab,2022-06-02,Collected
SMP118468,LO118468,PAT06652,FAC004,LAB009,Radiology,2023-10-13,Collected
SMP118480,LO118480,PAT03300,FAC005,LAB010,Radiology,2021-12-31,Collected
SMP118484,LO118484,PAT08680,FAC004,LAB012,Blood,2024-02-09,Collected
SMP118487,LO118487,PAT07108,FAC002,LAB014,Blood,2024-09-11,Collected
SMP118489,LO118489,PAT02358,FAC003,LAB006,Blood,2024-01-06,Collected
SMP118491,LO118491,PAT05082,FAC005,LAB002,Blood,2022-11-22,Rejected
SMP118498,LO118498,PAT00220,FAC003,LAB011,Blood,2022-10-04,Collected
SMP118507,LO118507,PAT09943,FAC003,LAB004,Blood,2025-07-08,Collected
SMP118514,LO118514,PAT08727,FAC002,LAB006,Blood,2025-09-28,Collected
SMP118517,LO118517,PAT09220,FAC003,LAB012,Blood,2022-02-25,Collected
SMP118522,LO118522,PAT03547,FAC003,LAB003,Blood,2021-12-16,Collected
SMP118523,LO118523,PAT06505,FAC001,LAB007,Urine,2025-11-08,Collected
SMP118530,LO118530,PAT10335,FAC003,LAB005,Blood,2024-03-17,Collected
SMP118535,LO118535,PAT01624,FAC005,LAB007,Urine,2024-12-19,Collected
SMP118542,LO118542,PAT00016,FAC001,LAB013,Swab,2024-10-29,Processed
SMP118545,LO118545,PAT01979,FAC002,LAB008,Urine,2026-11-24,Collected
SMP118546,LO118546,PAT14179,FAC002,LAB008,Urine,2024-07-11,Collected
SMP118554,LO118554,PAT12723,FAC001,LAB006,Blood,2022-07-29,Rejected
SMP118557,LO118557,PAT01226,FAC001,LAB004,Blood,2023-08-18,Collected
SMP118560,LO118560,PAT12133,FAC002,LAB005,Blood,2021-05-01,Collected
SMP118570,LO118570,PAT13619,FAC004,LAB011,Blood,2026-06-03,Collected
SMP118571,LO118571,PAT14645,FAC002,LAB004,Blood,2022-07-22,Collected
SMP118576,LO118576,PAT01328,FAC004,LAB012,Blood,2021-08-06,Collected
SMP118577,LO118577,PAT06648,FAC002,LAB013,Swab,2024-11-13,Collected
SMP118578,LO118578,PAT08608,FAC001,LAB006,Blood,2022-12-15,Collected
SMP118579,LO118579,PAT10320,FAC002,LAB015,Blood,2022-05-19,Collected
SMP118580,LO118580,PAT02819,FAC005,LAB010,Radiology,2026-09-10,Collected
SMP118585,LO118585,PAT07586,FAC002,LAB014,Blood,2023-12-07,Collected
SMP118587,LO118587,PAT02271,FAC005,LAB013,Swab,2024-04-02,Processed
SMP118597,LO118597,PAT02499,FAC001,LAB015,Blood,2022-12-06,Processed
SMP118609,LO118609,PAT07589,FAC005,LAB002,Blood,2026-04-04,Collected
SMP118613,LO118613,PAT00246,FAC005,LAB014,Blood,2026-02-26,Collected
SMP118617,LO118617,PAT08948,FAC003,LAB012,Blood,2026-10-09,Collected
SMP118621,LO118621,PAT12880,FAC005,LAB008,Urine,2024-12-05,Collected
SMP118625,LO118625,PAT02289,FAC001,LAB001,Blood,2023-12-29,Collected
SMP118627,LO118627,PAT14662,FAC003,LAB006,Blood,2022-09-29,Processed
SMP118630,LO118630,PAT04817,FAC001,LAB015,Blood,2024-03-26,Collected
SMP118640,LO118640,PAT00425,FAC005,LAB007,Urine,2026-12-04,Collected
SMP118647,LO118647,PAT11656,FAC005,LAB002,Blood,2022-03-16,Collected
SMP118655,LO118655,PAT06585,FAC003,LAB006,Blood,2021-02-25,Collected
SMP118659,LO118659,PAT05599,FAC002,LAB013,Swab,2023-12-14,Processed
SMP118662,LO118662,PAT04747,FAC001,LAB005,Blood,2025-01-11,Processed
SMP118663,LO118663,PAT12189,FAC005,LAB004,Blood,2021-07-09,Collected
SMP118674,LO118674,PAT04116,FAC001,LAB015,Blood,2026-03-12,Collected
SMP118694,LO118694,PAT09782,FAC005,LAB004,Blood,2025-02-08,Collected
SMP118701,LO118701,PAT00124,FAC002,LAB015,Blood,2022-01-04,Collected
SMP118707,LO118707,PAT08671,FAC004,LAB012,Blood,2023-05-19,Collected
SMP118708,LO118708,PAT05565,FAC003,LAB004,Blood,2026-06-10,Collected
SMP118710,LO118710,PAT06823,FAC002,LAB006,Blood,2023-06-07,Collected
SMP118718,LO118718,PAT08889,FAC004,LAB008,Urine,2021-06-23,Collected
SMP118720,LO118720,PAT01011,FAC004,LAB007,Urine,2026-09-19,Collected
SMP118728,LO118728,PAT02936,FAC005,LAB008,Urine,2022-07-22,Collected
SMP118730,LO118730,PAT10369,FAC004,LAB013,Swab,2023-02-18,Processed
SMP118731,LO118731,PAT02349,FAC004,LAB009,Radiology,2025-07-13,Collected
SMP118736,LO118736,PAT07248,FAC003,LAB014,Blood,2025-05-29,Collected
SMP118739,LO118739,PAT00048,FAC002,LAB006,Blood,2021-07-07,Rejected
SMP118741,LO118741,PAT14835,FAC002,LAB013,Swab,2023-06-17,Collected
SMP118749,LO118749,PAT09346,FAC003,LAB012,Blood,2024-04-10,Processed
SMP118764,LO118764,PAT06215,FAC001,LAB011,Blood,2021-04-10,Collected
SMP118766,LO118766,PAT07518,FAC005,LAB011,Blood,2021-01-25,Collected
SMP118767,LO118767,PAT09680,FAC003,LAB002,Blood,2026-03-06,Collected
SMP118776,LO118776,PAT01808,FAC005,LAB001,Blood,2025-10-24,Collected
SMP118777,LO118777,PAT01740,FAC003,LAB007,Urine,2025-10-22,Collected
SMP118782,LO118782,PAT01792,FAC003,LAB001,Blood,2023-07-28,Collected
SMP118783,LO118783,PAT01352,FAC002,LAB010,Radiology,2022-08-14,Collected
SMP118786,LO118786,PAT00933,FAC003,LAB008,Urine,2022-05-09,Collected
SMP118787,LO118787,PAT06487,FAC005,LAB010,Radiology,2023-12-13,Collected
SMP118788,LO118788,PAT14287,FAC004,LAB012,Blood,2025-05-30,Collected
SMP118815,LO118815,PAT06689,FAC004,LAB012,Blood,2022-02-07,Collected
SMP118822,LO118822,PAT08331,FAC004,LAB001,Blood,2025-06-13,Collected
SMP118826,LO118826,PAT13538,FAC001,LAB014,Blood,2024-03-05,Collected
SMP118833,LO118833,PAT07110,FAC004,LAB010,Radiology,2023-02-24,Collected
SMP118834,LO118834,PAT02975,FAC005,LAB009,Radiology,2026-02-13,Collected
SMP118838,LO118838,PAT10157,FAC002,LAB002,Blood,2023-05-17,Collected
SMP118840,LO118840,PAT00638,FAC003,LAB006,Blood,2025-09-19,Processed
SMP118844,LO118844,PAT14618,FAC004,LAB006,Blood,2025-02-05,Collected
SMP118852,LO118852,PAT13911,FAC003,LAB007,Urine,2022-12-27,Collected
SMP118853,LO118853,PAT02454,FAC003,LAB004,Blood,2025-06-19,Collected
SMP118867,LO118867,PAT03205,FAC003,LAB010,Radiology,2026-05-23,Collected
SMP118870,LO118870,PAT09941,FAC002,LAB013,Swab,2025-04-19,Collected
SMP118872,LO118872,PAT09103,FAC002,LAB008,Urine,2022-12-26,Collected
SMP118873,LO118873,PAT13030,FAC004,LAB001,Blood,2021-12-24,Collected
SMP118881,LO118881,PAT13579,FAC005,LAB015,Blood,2022-11-17,Collected
SMP118883,LO118883,PAT10448,FAC005,LAB014,Blood,2025-06-28,Collected
SMP118887,LO118887,PAT11606,FAC004,LAB008,Urine,2023-12-21,Collected
SMP118890,LO118890,PAT03911,FAC003,LAB013,Swab,2025-01-13,Collected
SMP118893,LO118893,PAT12348,FAC003,LAB011,Blood,2024-07-15,Collected
SMP118896,LO118896,PAT00863,FAC004,LAB007,Urine,2023-08-20,Collected
SMP118899,LO118899,PAT01327,FAC005,LAB011,Blood,2024-05-18,Rejected
SMP118903,LO118903,PAT10529,FAC002,LAB012,Blood,2021-12-04,Collected
SMP118904,LO118904,PAT10974,FAC002,LAB011,Blood,2024-08-30,Collected
SMP118905,LO118905,PAT00500,FAC003,LAB001,Blood,2021-09-14,Collected
SMP118906,LO118906,PAT06689,FAC005,LAB007,Urine,2023-12-17,Collected
SMP118916,LO118916,PAT13093,FAC002,LAB011,Blood,2025-06-05,Collected
SMP118919,LO118919,PAT03523,FAC004,LAB006,Blood,2024-03-22,Collected
SMP118927,LO118927,PAT11307,FAC005,LAB002,Blood,2025-08-25,Collected
SMP118928,LO118928,PAT09895,FAC001,LAB004,Blood,2021-10-09,Collected
SMP118929,LO118929,PAT07771,FAC005,LAB015,Blood,2024-07-19,Collected
SMP118933,LO118933,PAT07182,FAC004,LAB010,Radiology,2025-11-04,Collected
SMP118934,LO118934,PAT11814,FAC003,LAB010,Radiology,2022-03-19,Collected
SMP118937,LO118937,PAT11875,FAC004,LAB015,Blood,2024-02-25,Collected
SMP118940,LO118940,PAT02747,FAC002,LAB004,Blood,2021-07-24,Collected
SMP118941,LO118941,PAT11120,FAC005,LAB008,Urine,2025-09-15,Collected
SMP118942,LO118942,PAT11697,FAC005,LAB008,Urine,2022-02-09,Collected
SMP118945,LO118945,PAT02129,FAC005,LAB003,Blood,2025-11-04,Processed
SMP118957,LO118957,PAT12823,FAC003,LAB012,Blood,2022-05-26,Collected
SMP118966,LO118966,PAT11980,FAC003,LAB008,Urine,2025-03-11,Collected
SMP118972,LO118972,PAT00287,FAC005,LAB010,Radiology,2022-04-16,Collected
SMP118974,LO118974,PAT13145,FAC003,LAB002,Blood,2023-03-02,Collected
SMP118979,LO118979,PAT02513,FAC002,LAB013,Swab,2022-09-20,Collected
SMP118982,LO118982,PAT10159,FAC002,LAB010,Radiology,2023-02-17,Collected
SMP118988,LO118988,PAT13323,FAC004,LAB014,Blood,2025-10-22,Collected
SMP118990,LO118990,PAT12599,FAC005,LAB013,Swab,2026-07-28,Processed
SMP119002,LO119002,PAT03523,FAC005,LAB002,Blood,2022-11-26,Processed
SMP119006,LO119006,PAT03979,FAC002,LAB015,Blood,2024-11-27,Collected
SMP119007,LO119007,PAT11022,FAC004,LAB002,Blood,2023-04-30,Collected
SMP119017,LO119017,PAT07158,FAC005,LAB015,Blood,2021-03-25,Collected
SMP119022,LO119022,PAT10370,FAC004,LAB014,Blood,2025-03-19,Collected
SMP119034,LO119034,PAT11378,FAC002,LAB015,Blood,2026-07-20,Collected
SMP119036,LO119036,PAT09323,FAC003,LAB003,Blood,2025-06-10,Collected
SMP119040,LO119040,PAT13164,FAC004,LAB010,Radiology,2022-04-19,Collected
SMP119051,LO119051,PAT08331,FAC004,LAB002,Blood,2025-09-15,Collected
SMP119059,LO119059,PAT08626,FAC004,LAB015,Blood,2024-03-03,Collected
SMP119064,LO119064,PAT07915,FAC005,LAB003,Blood,2026-01-31,Collected
SMP119067,LO119067,PAT05590,FAC003,LAB008,Urine,2024-09-30,Collected
SMP119072,LO119072,PAT08359,FAC002,LAB004,Blood,2025-08-16,Collected
SMP119076,LO119076,PAT07093,FAC002,LAB004,Blood,2023-05-27,Collected
SMP119078,LO119078,PAT08493,FAC004,LAB011,Blood,2022-01-06,Collected
SMP119083,LO119083,PAT09965,FAC003,LAB011,Blood,2025-04-21,Collected
SMP119085,LO119085,PAT04879,FAC002,LAB002,Blood,2024-11-01,Collected
SMP119086,LO119086,PAT06886,FAC005,LAB005,Blood,2021-06-19,Collected
SMP119087,LO119087,PAT03022,FAC001,LAB003,Blood,2021-10-01,Collected
SMP119091,LO119091,PAT04342,FAC005,LAB009,Radiology,2026-04-13,Collected
SMP119103,LO119103,PAT04281,FAC003,LAB010,Radiology,2026-06-20,Collected
SMP119104,LO119104,PAT01489,FAC005,LAB015,Blood,2026-03-03,Collected
SMP119109,LO119109,PAT02129,FAC003,LAB007,Urine,2022-03-04,Collected
SMP119110,LO119110,PAT05170,FAC004,LAB005,Blood,2023-06-24,Collected
SMP119111,LO119111,PAT14513,FAC004,LAB010,Radiology,2026-03-02,Processed
SMP119114,LO119114,PAT08599,FAC003,LAB008,Urine,2026-02-21,Collected
SMP119116,LO119116,PAT04047,FAC003,LAB006,Blood,2021-01-26,Collected
SMP119125,LO119125,PAT05272,FAC005,LAB002,Blood,2025-12-03,Collected
SMP119126,LO119126,PAT06606,FAC005,LAB005,Blood,2024-12-12,Collected
SMP119132,LO119132,PAT04591,FAC003,LAB003,Blood,2025-09-12,Processed
SMP119133,LO119133,PAT04505,FAC005,LAB010,Radiology,2026-04-16,Collected
SMP119135,LO119135,PAT01548,FAC004,LAB010,Radiology,2026-10-27,Collected
SMP119138,LO119138,PAT07448,FAC005,LAB002,Blood,2021-06-02,Collected
SMP119141,LO119141,PAT06914,FAC001,LAB002,Blood,2026-08-20,Collected
SMP119145,LO119145,PAT14615,FAC002,LAB007,Urine,2026-09-14,Collected
SMP119154,LO119154,PAT10472,FAC004,LAB002,Blood,2022-01-08,Collected
SMP119158,LO119158,PAT14398,FAC004,LAB015,Blood,2026-02-11,Collected
SMP119166,LO119166,PAT02040,FAC003,LAB002,Blood,2026-06-15,Processed
SMP119167,LO119167,PAT08814,FAC002,LAB005,Blood,2025-04-09,Collected
SMP119182,LO119182,PAT02770,FAC004,LAB005,Blood,2022-09-11,Processed
SMP119183,LO119183,PAT03955,FAC005,LAB002,Blood,2023-05-29,Collected
SMP119185,LO119185,PAT02440,FAC005,LAB011,Blood,2026-12-23,Processed
SMP119191,LO119191,PAT02609,FAC004,LAB006,Blood,2023-02-12,Collected
SMP119197,LO119197,PAT06685,FAC003,LAB004,Blood,2024-01-23,Collected
SMP119200,LO119200,PAT10505,FAC002,LAB012,Blood,2022-10-01,Collected
SMP119201,LO119201,PAT06336,FAC002,LAB004,Blood,2023-11-22,Processed
SMP119204,LO119204,PAT13754,FAC004,LAB009,Radiology,2021-01-04,Collected
SMP119205,LO119205,PAT08488,FAC005,LAB006,Blood,2023-11-15,Collected
SMP119206,LO119206,PAT03026,FAC001,LAB009,Radiology,2023-06-16,Rejected
SMP119212,LO119212,PAT06878,FAC003,LAB006,Blood,2022-02-25,Collected
SMP119218,LO119218,PAT05181,FAC001,LAB006,Blood,2026-05-14,Collected
SMP119224,LO119224,PAT10658,FAC001,LAB003,Blood,2026-07-16,Collected
SMP119236,LO119236,PAT02488,FAC005,LAB008,Urine,2022-08-18,Processed
SMP119240,LO119240,PAT12850,FAC004,LAB013,Swab,2022-10-14,Collected
SMP119257,LO119257,PAT07717,FAC001,LAB002,Blood,2026-04-04,Collected
SMP119260,LO119260,PAT09508,FAC005,LAB001,Blood,2024-07-24,Collected
SMP119264,LO119264,PAT00677,FAC005,LAB004,Blood,2022-07-08,Collected
SMP119271,LO119271,PAT10634,FAC001,LAB002,Blood,2024-01-06,Collected
SMP119274,LO119274,PAT13834,FAC003,LAB012,Blood,2023-05-19,Collected
SMP119282,LO119282,PAT13421,FAC004,LAB006,Blood,2025-01-31,Collected
SMP119285,LO119285,PAT06922,FAC004,LAB015,Blood,2023-11-27,Collected
SMP119288,LO119288,PAT00300,FAC005,LAB014,Blood,2026-06-23,Collected
SMP119291,LO119291,PAT07976,FAC005,LAB006,Blood,2022-11-20,Collected
SMP119293,LO119293,PAT01248,FAC002,LAB011,Blood,2025-03-25,Collected
SMP119296,LO119296,PAT05390,FAC001,LAB008,Urine,2022-12-12,Collected
SMP119299,LO119299,PAT03602,FAC002,LAB011,Blood,2025-10-17,Processed
SMP119300,LO119300,PAT04768,FAC003,LAB006,Blood,2026-09-23,Collected
SMP119302,LO119302,PAT09058,FAC001,LAB002,Blood,2021-02-11,Collected
SMP119304,LO119304,PAT01112,FAC002,LAB015,Blood,2021-02-12,Collected
SMP119305,LO119305,PAT14092,FAC004,LAB012,Blood,2025-09-03,Collected
SMP119312,LO119312,PAT10389,FAC002,LAB003,Blood,2021-05-22,Collected
SMP119313,LO119313,PAT06028,FAC005,LAB006,Blood,2021-01-07,Collected
SMP119315,LO119315,PAT11821,FAC002,LAB003,Blood,2022-10-09,Collected
SMP119318,LO119318,PAT08383,FAC003,LAB003,Blood,2023-02-03,Processed
SMP119319,LO119319,PAT09515,FAC003,LAB008,Urine,2021-09-04,Collected
SMP119322,LO119322,PAT11468,FAC004,LAB001,Blood,2026-12-15,Collected
SMP119334,LO119334,PAT05702,FAC001,LAB007,Urine,2026-01-10,Processed
SMP119335,LO119335,PAT03015,FAC004,LAB004,Blood,2023-06-22,Collected
SMP119336,LO119336,PAT13919,FAC001,LAB005,Blood,2024-11-23,Collected
SMP119337,LO119337,PAT01966,FAC003,LAB014,Blood,2024-08-08,Collected
SMP119341,LO119341,PAT09941,FAC003,LAB015,Blood,2026-05-08,Collected
SMP119344,LO119344,PAT14230,FAC001,LAB002,Blood,2021-07-05,Collected
SMP119351,LO119351,PAT11307,FAC002,LAB015,Blood,2021-08-12,Collected
SMP119355,LO119355,PAT11417,FAC003,LAB013,Swab,2025-11-04,Collected
SMP119379,LO119379,PAT13277,FAC001,LAB011,Blood,2025-04-16,Collected
SMP119383,LO119383,PAT13780,FAC002,LAB012,Blood,2023-10-06,Processed
SMP119388,LO119388,PAT12133,FAC002,LAB001,Blood,2025-02-28,Processed
SMP119395,LO119395,PAT05764,FAC003,LAB006,Blood,2025-11-07,Collected
SMP119400,LO119400,PAT10876,FAC004,LAB006,Blood,2022-06-24,Collected
SMP119404,LO119404,PAT10511,FAC003,LAB010,Radiology,2026-02-28,Processed
SMP119405,LO119405,PAT05737,FAC002,LAB009,Radiology,2024-12-06,Collected
SMP119434,LO119434,PAT13672,FAC001,LAB009,Radiology,2024-09-03,Collected
SMP119438,LO119438,PAT13845,FAC005,LAB003,Blood,2023-09-02,Collected
SMP119440,LO119440,PAT02803,FAC001,LAB001,Blood,2025-05-29,Collected
SMP119447,LO119447,PAT13790,FAC005,LAB002,Blood,2023-10-21,Collected
SMP119450,LO119450,PAT06320,FAC003,LAB013,Swab,2024-01-27,Collected
SMP119452,LO119452,PAT00169,FAC004,LAB003,Blood,2025-02-06,Processed
SMP119454,LO119454,PAT08325,FAC002,LAB005,Blood,2022-05-06,Collected
SMP119456,LO119456,PAT03121,FAC001,LAB014,Blood,2026-08-10,Collected
SMP119458,LO119458,PAT12450,FAC004,LAB007,Urine,2021-07-24,Collected
SMP119459,LO119459,PAT06909,FAC005,LAB011,Blood,2025-07-03,Collected
SMP119465,LO119465,PAT04297,FAC005,LAB006,Blood,2021-01-27,Collected
SMP119466,LO119466,PAT02358,FAC004,LAB015,Blood,2022-09-10,Collected
SMP119467,LO119467,PAT06189,FAC005,LAB013,Swab,2021-10-29,Collected
SMP119470,LO119470,PAT09981,FAC002,LAB004,Blood,2024-03-17,Collected
SMP119471,LO119471,PAT14888,FAC002,LAB015,Blood,2026-12-31,Collected
SMP119477,LO119477,PAT07309,FAC005,LAB007,Urine,2021-03-10,Collected
SMP119481,LO119481,PAT07250,FAC005,LAB015,Blood,2025-10-11,Collected
SMP119490,LO119490,PAT09995,FAC004,LAB003,Blood,2022-07-05,Collected
SMP119493,LO119493,PAT12625,FAC003,LAB004,Blood,2021-01-18,Collected
SMP119498,LO119498,PAT07725,FAC001,LAB013,Swab,2023-07-22,Collected
SMP119509,LO119509,PAT06339,FAC005,LAB015,Blood,2026-08-11,Collected
SMP119512,LO119512,PAT06271,FAC004,LAB003,Blood,2024-12-08,Collected
SMP119514,LO119514,PAT08188,FAC003,LAB003,Blood,2025-10-23,Collected
SMP119517,LO119517,PAT04011,FAC005,LAB002,Blood,2024-12-02,Collected
SMP119519,LO119519,PAT02088,FAC005,LAB006,Blood,2023-05-08,Collected
SMP119530,LO119530,PAT02010,FAC005,LAB009,Radiology,2025-03-12,Collected
SMP119533,LO119533,PAT06378,FAC002,LAB005,Blood,2022-05-30,Collected
SMP119537,LO119537,PAT03572,FAC003,LAB011,Blood,2026-05-12,Processed
SMP119541,LO119541,PAT04245,FAC004,LAB007,Urine,2021-07-01,Collected
SMP119548,LO119548,PAT13247,FAC003,LAB014,Blood,2025-09-11,Collected
SMP119550,LO119550,PAT05340,FAC001,LAB003,Blood,2025-12-18,Processed
SMP119559,LO119559,PAT04005,FAC004,LAB001,Blood,2026-12-30,Processed
SMP119560,LO119560,PAT02956,FAC003,LAB009,Radiology,2026-12-14,Collected
SMP119571,LO119571,PAT09489,FAC005,LAB009,Radiology,2024-05-19,Collected
SMP119572,LO119572,PAT03080,FAC005,LAB010,Radiology,2024-02-06,Collected
SMP119574,LO119574,PAT12396,FAC003,LAB008,Urine,2025-11-06,Collected
SMP119576,LO119576,PAT04014,FAC001,LAB014,Blood,2023-01-13,Collected
SMP119577,LO119577,PAT10307,FAC004,LAB015,Blood,2025-05-06,Processed
SMP119585,LO119585,PAT14822,FAC003,LAB002,Blood,2024-05-16,Collected
SMP119589,LO119589,PAT08603,FAC002,LAB014,Blood,2022-01-06,Collected
SMP119596,LO119596,PAT10741,FAC002,LAB015,Blood,2023-06-29,Collected
SMP119613,LO119613,PAT13144,FAC004,LAB004,Blood,2025-09-27,Processed
SMP119617,LO119617,PAT10624,FAC002,LAB015,Blood,2025-08-14,Collected
SMP119625,LO119625,PAT00837,FAC001,LAB003,Blood,2023-08-16,Collected
SMP119631,LO119631,PAT10753,FAC001,LAB013,Swab,2026-09-04,Collected
SMP119632,LO119632,PAT12556,FAC005,LAB008,Urine,2025-11-15,Collected
SMP119636,LO119636,PAT13957,FAC003,LAB003,Blood,2026-04-17,Collected
SMP119641,LO119641,PAT05181,FAC004,LAB010,Radiology,2025-04-24,Collected
SMP119645,LO119645,PAT00111,FAC003,LAB015,Blood,2026-10-06,Collected
SMP119647,LO119647,PAT01618,FAC001,LAB003,Blood,2026-08-14,Processed
SMP119651,LO119651,PAT11934,FAC005,LAB014,Blood,2025-11-24,Collected
SMP119655,LO119655,PAT10109,FAC003,LAB008,Urine,2024-02-25,Collected
SMP119663,LO119663,PAT05776,FAC002,LAB008,Urine,2025-09-18,Collected
SMP119668,LO119668,PAT11000,FAC004,LAB005,Blood,2025-05-06,Collected
SMP119669,LO119669,PAT03992,FAC003,LAB003,Blood,2023-03-09,Processed
SMP119679,LO119679,PAT12552,FAC002,LAB005,Blood,2026-09-11,Collected
SMP119686,LO119686,PAT14495,FAC004,LAB002,Blood,2021-12-11,Collected
SMP119695,LO119695,PAT04297,FAC002,LAB010,Radiology,2026-03-08,Collected
SMP119702,LO119702,PAT13251,FAC001,LAB009,Radiology,2026-02-14,Collected
SMP119707,LO119707,PAT13370,FAC002,LAB006,Blood,2023-07-19,Collected
SMP119712,LO119712,PAT13421,FAC001,LAB008,Urine,2023-12-11,Collected
SMP119713,LO119713,PAT07177,FAC005,LAB004,Blood,2022-11-08,Collected
SMP119715,LO119715,PAT14947,FAC004,LAB007,Urine,2022-04-08,Collected
SMP119717,LO119717,PAT07276,FAC004,LAB002,Blood,2025-07-12,Collected
SMP119719,LO119719,PAT09060,FAC005,LAB014,Blood,2022-07-01,Collected
SMP119721,LO119721,PAT12734,FAC002,LAB008,Urine,2025-12-20,Collected
SMP119725,LO119725,PAT06187,FAC002,LAB006,Blood,2021-06-21,Collected
SMP119726,LO119726,PAT00971,FAC001,LAB005,Blood,2026-11-15,Collected
SMP119730,LO119730,PAT09616,FAC001,LAB009,Radiology,2024-07-13,Collected
SMP119732,LO119732,PAT00773,FAC002,LAB005,Blood,2021-11-03,Collected
SMP119744,LO119744,PAT04221,FAC005,LAB001,Blood,2026-12-28,Collected
SMP119746,LO119746,PAT05904,FAC003,LAB001,Blood,2021-05-01,Collected
SMP119753,LO119753,PAT04780,FAC004,LAB002,Blood,2026-03-29,Collected
SMP119762,LO119762,PAT04953,FAC003,LAB001,Blood,2026-11-13,Collected
SMP119763,LO119763,PAT01027,FAC005,LAB009,Radiology,2021-11-07,Collected
SMP119766,LO119766,PAT06128,FAC004,LAB010,Radiology,2023-08-23,Collected
SMP119779,LO119779,PAT04863,FAC005,LAB007,Urine,2024-06-08,Collected
SMP119780,LO119780,PAT04983,FAC004,LAB015,Blood,2025-10-14,Collected
SMP119785,LO119785,PAT12670,FAC003,LAB012,Blood,2025-11-12,Collected
SMP119786,LO119786,PAT01603,FAC004,LAB008,Urine,2024-06-28,Collected
SMP119789,LO119789,PAT04342,FAC003,LAB012,Blood,2023-09-05,Collected
SMP119793,LO119793,PAT02803,FAC005,LAB009,Radiology,2022-10-29,Collected
SMP119796,LO119796,PAT09479,FAC002,LAB001,Blood,2023-10-21,Collected
SMP119798,LO119798,PAT12405,FAC005,LAB002,Blood,2023-12-14,Collected
SMP119800,LO119800,PAT11255,FAC001,LAB015,Blood,2023-06-06,Collected
SMP119807,LO119807,PAT12550,FAC002,LAB001,Blood,2026-06-02,Collected
SMP119815,LO119815,PAT04305,FAC001,LAB010,Radiology,2021-12-22,Collected
SMP119819,LO119819,PAT09474,FAC004,LAB011,Blood,2026-01-28,Collected
SMP119825,LO119825,PAT06349,FAC004,LAB004,Blood,2026-01-06,Collected
SMP119827,LO119827,PAT09090,FAC003,LAB010,Radiology,2026-05-27,Collected
SMP119829,LO119829,PAT05427,FAC001,LAB005,Blood,2024-03-08,Rejected
SMP119833,LO119833,PAT11990,FAC002,LAB009,Radiology,2022-03-17,Collected
SMP119837,LO119837,PAT13869,FAC001,LAB006,Blood,2025-06-04,Collected
SMP119838,LO119838,PAT13998,FAC002,LAB012,Blood,2023-10-06,Collected
SMP119841,LO119841,PAT07650,FAC005,LAB001,Blood,2024-09-06,Collected
SMP119842,LO119842,PAT09027,FAC001,LAB015,Blood,2024-07-15,Collected
SMP119854,LO119854,PAT05221,FAC004,LAB001,Blood,2026-12-30,Collected
SMP119856,LO119856,PAT13270,FAC003,LAB006,Blood,2021-07-26,Collected
SMP119865,LO119865,PAT06157,FAC004,LAB009,Radiology,2025-08-04,Collected
SMP119870,LO119870,PAT12358,FAC005,LAB006,Blood,2026-08-21,Collected
SMP119871,LO119871,PAT02311,FAC005,LAB004,Blood,2025-10-23,Collected
SMP119877,LO119877,PAT00170,FAC005,LAB005,Blood,2023-01-04,Collected
SMP119881,LO119881,PAT11251,FAC005,LAB014,Blood,2022-04-04,Collected
SMP119882,LO119882,PAT08577,FAC002,LAB001,Blood,2025-06-24,Collected
SMP119883,LO119883,PAT09469,FAC004,LAB015,Blood,2023-03-09,Processed
SMP119891,LO119891,PAT04554,FAC003,LAB004,Blood,2023-05-25,Collected
SMP119903,LO119903,PAT02088,FAC003,LAB002,Blood,2023-10-26,Collected
SMP119908,LO119908,PAT11409,FAC003,LAB010,Radiology,2024-12-20,Collected
SMP119909,LO119909,PAT13466,FAC003,LAB010,Radiology,2021-07-29,Collected
SMP119915,LO119915,PAT08271,FAC005,LAB009,Radiology,2021-05-31,Collected
SMP119916,LO119916,PAT13325,FAC004,LAB012,Blood,2025-10-05,Rejected
SMP119926,LO119926,PAT03939,FAC002,LAB003,Blood,2023-04-22,Collected
SMP119928,LO119928,PAT10052,FAC003,LAB008,Urine,2026-07-04,Collected
SMP119932,LO119932,PAT12479,FAC001,LAB001,Blood,2022-11-28,Collected
SMP119938,LO119938,PAT04085,FAC005,LAB004,Blood,2023-11-02,Collected
SMP119941,LO119941,PAT08603,FAC004,LAB013,Swab,2022-08-31,Rejected
SMP119942,LO119942,PAT13270,FAC001,LAB010,Radiology,2022-07-15,Collected
SMP119945,LO119945,PAT00926,FAC004,LAB009,Radiology,2025-06-09,Collected
SMP119960,LO119960,PAT11274,FAC005,LAB001,Blood,2025-05-19,Collected
SMP119961,LO119961,PAT10846,FAC004,LAB012,Blood,2022-08-01,Collected
SMP119972,LO119972,PAT04550,FAC003,LAB008,Urine,2023-06-14,Collected
SMP119974,LO119974,PAT01226,FAC002,LAB008,Urine,2023-07-04,Collected
SMP119975,LO119975,PAT06082,FAC005,LAB001,Blood,2023-06-22,Collected
SMP119976,LO119976,PAT12120,FAC005,LAB003,Blood,2024-05-04,Collected
SMP119977,LO119977,PAT01434,FAC004,LAB008,Urine,2025-04-10,Collected
SMP119981,LO119981,PAT10256,FAC004,LAB011,Blood,2025-11-04,Collected
SMP119983,LO119983,PAT14253,FAC005,LAB007,Urine,2021-12-03,Collected
SMP119986,LO119986,PAT13284,FAC001,LAB013,Swab,2021-11-23,Collected
SMP119990,LO119990,PAT04329,FAC004,LAB008,Urine,2026-06-02,Collected
SMP119996,LO119996,PAT09391,FAC002,LAB012,Blood,2021-08-23,Collected
SMP119999,LO119999,PAT10476,FAC005,LAB005,Blood,2024-05-14,Collected
SMP120002,LO120002,PAT02681,FAC004,LAB014,Blood,2025-05-03,Collected
SMP120015,LO120015,PAT04035,FAC003,LAB012,Blood,2022-09-02,Collected
SMP120021,LO120021,PAT05196,FAC003,LAB007,Urine,2025-01-06,Collected
SMP120025,LO120025,PAT09160,FAC002,LAB009,Radiology,2023-06-04,Collected
SMP120026,LO120026,PAT08803,FAC001,LAB012,Blood,2024-05-23,Collected
SMP120027,LO120027,PAT08285,FAC001,LAB005,Blood,2021-08-24,Collected
SMP120039,LO120039,PAT04827,FAC003,LAB015,Blood,2022-03-07,Collected
SMP120060,LO120060,PAT03959,FAC001,LAB013,Swab,2024-10-23,Collected
SMP120074,LO120074,PAT11468,FAC005,LAB005,Blood,2024-11-24,Collected
SMP120081,LO120081,PAT08296,FAC005,LAB012,Blood,2023-07-14,Collected
SMP120082,LO120082,PAT04415,FAC003,LAB001,Blood,2026-07-30,Collected
SMP120087,LO120087,PAT14942,FAC001,LAB002,Blood,2022-07-31,Collected
SMP120090,LO120090,PAT11493,FAC005,LAB006,Blood,2023-02-07,Collected
SMP120103,LO120103,PAT06030,FAC001,LAB010,Radiology,2021-04-12,Processed
SMP120110,LO120110,PAT07104,FAC003,LAB005,Blood,2024-11-30,Collected
SMP120111,LO120111,PAT05021,FAC001,LAB009,Radiology,2021-03-21,Collected
SMP120124,LO120124,PAT04831,FAC002,LAB010,Radiology,2025-01-18,Collected
SMP120133,LO120133,PAT11273,FAC005,LAB015,Blood,2021-07-28,Collected
SMP120143,LO120143,PAT09474,FAC005,LAB008,Urine,2024-06-04,Collected
SMP120148,LO120148,PAT09566,FAC002,LAB006,Blood,2025-09-30,Collected
SMP120149,LO120149,PAT00648,FAC004,LAB013,Swab,2023-06-30,Collected
SMP120150,LO120150,PAT00715,FAC001,LAB001,Blood,2021-11-04,Collected
SMP120152,LO120152,PAT08243,FAC005,LAB012,Blood,2025-05-15,Collected
SMP120153,LO120153,PAT04979,FAC003,LAB001,Blood,2026-12-13,Collected
SMP120156,LO120156,PAT07744,FAC005,LAB013,Swab,2021-01-04,Collected
SMP120162,LO120162,PAT12679,FAC004,LAB015,Blood,2023-02-20,Collected
SMP120164,LO120164,PAT03102,FAC003,LAB009,Radiology,2021-07-27,Collected
SMP120167,LO120167,PAT09779,FAC001,LAB015,Blood,2024-09-19,Collected
SMP120178,LO120178,PAT04817,FAC005,LAB011,Blood,2021-02-23,Collected
SMP120182,LO120182,PAT11072,FAC001,LAB001,Blood,2026-11-18,Collected
SMP120197,LO120197,PAT05986,FAC005,LAB009,Radiology,2024-02-23,Collected
SMP120198,LO120198,PAT10516,FAC005,LAB007,Urine,2025-01-17,Collected
SMP120220,LO120220,PAT03571,FAC003,LAB009,Radiology,2022-11-24,Collected
SMP120226,LO120226,PAT08300,FAC004,LAB003,Blood,2021-03-06,Collected
SMP120231,LO120231,PAT13325,FAC005,LAB014,Blood,2025-12-03,Collected
SMP120233,LO120233,PAT13458,FAC003,LAB001,Blood,2025-06-05,Rejected
SMP120235,LO120235,PAT09689,FAC004,LAB007,Urine,2026-12-03,Processed
SMP120243,LO120243,PAT02819,FAC002,LAB010,Radiology,2026-08-03,Collected
SMP120252,LO120252,PAT06877,FAC003,LAB013,Swab,2026-08-09,Collected
SMP120266,LO120266,PAT09020,FAC003,LAB004,Blood,2026-05-01,Collected
SMP120275,LO120275,PAT09040,FAC003,LAB014,Blood,2025-10-24,Collected
SMP120279,LO120279,PAT03609,FAC002,LAB012,Blood,2022-04-02,Collected
SMP120282,LO120282,PAT09286,FAC002,LAB003,Blood,2021-12-22,Collected
SMP120285,LO120285,PAT04314,FAC002,LAB015,Blood,2022-05-11,Processed
SMP120295,LO120295,PAT11101,FAC003,LAB008,Urine,2026-10-22,Collected
SMP120300,LO120300,PAT12456,FAC002,LAB005,Blood,2025-08-19,Collected
SMP120313,LO120313,PAT04722,FAC003,LAB010,Radiology,2025-04-18,Collected
SMP120326,LO120326,PAT00201,FAC003,LAB014,Blood,2022-10-08,Collected
SMP120336,LO120336,PAT13573,FAC005,LAB012,Blood,2025-02-03,Processed
SMP120337,LO120337,PAT14717,FAC001,LAB002,Blood,2026-05-04,Collected
SMP120338,LO120338,PAT03775,FAC003,LAB011,Blood,2021-05-06,Collected
SMP120339,LO120339,PAT01563,FAC001,LAB013,Swab,2024-02-02,Collected
SMP120342,LO120342,PAT04266,FAC004,LAB008,Urine,2023-12-19,Processed
SMP120345,LO120345,PAT08650,FAC004,LAB003,Blood,2023-11-03,Collected
SMP120353,LO120353,PAT03356,FAC004,LAB007,Urine,2024-11-02,Collected
SMP120355,LO120355,PAT08939,FAC005,LAB009,Radiology,2026-01-20,Processed
SMP120356,LO120356,PAT04095,FAC004,LAB012,Blood,2026-07-28,Collected
SMP120369,LO120369,PAT13835,FAC001,LAB005,Blood,2024-12-28,Collected
SMP120377,LO120377,PAT09159,FAC003,LAB013,Swab,2023-03-20,Collected
SMP120379,LO120379,PAT04756,FAC001,LAB010,Radiology,2025-07-08,Collected
SMP120383,LO120383,PAT01373,FAC001,LAB011,Blood,2023-07-12,Collected
SMP120388,LO120388,PAT03609,FAC004,LAB006,Blood,2022-02-02,Collected
SMP120390,LO120390,PAT11270,FAC004,LAB003,Blood,2023-10-28,Collected
SMP120396,LO120396,PAT05381,FAC005,LAB009,Radiology,2026-12-31,Collected
SMP120398,LO120398,PAT01660,FAC002,LAB001,Blood,2026-10-09,Collected
SMP120399,LO120399,PAT14645,FAC003,LAB015,Blood,2023-04-22,Collected
SMP120404,LO120404,PAT13651,FAC004,LAB004,Blood,2026-09-04,Collected
SMP120406,LO120406,PAT07337,FAC005,LAB002,Blood,2024-03-12,Collected
SMP120409,LO120409,PAT10169,FAC002,LAB013,Swab,2024-02-09,Processed
SMP120411,LO120411,PAT02251,FAC001,LAB014,Blood,2024-01-04,Collected
SMP120430,LO120430,PAT04673,FAC004,LAB005,Blood,2026-05-09,Collected
SMP120436,LO120436,PAT04986,FAC005,LAB010,Radiology,2021-06-27,Collected
SMP120438,LO120438,PAT07108,FAC003,LAB004,Blood,2023-08-09,Collected
SMP120445,LO120445,PAT06951,FAC003,LAB004,Blood,2026-12-09,Collected
SMP120449,LO120449,PAT04694,FAC001,LAB012,Blood,2023-06-01,Collected
SMP120451,LO120451,PAT13940,FAC003,LAB007,Urine,2025-05-16,Collected
SMP120452,LO120452,PAT03387,FAC005,LAB007,Urine,2021-03-06,Collected
SMP120458,LO120458,PAT02413,FAC003,LAB011,Blood,2024-05-12,Collected
SMP120463,LO120463,PAT09786,FAC003,LAB002,Blood,2026-03-07,Collected
SMP120465,LO120465,PAT07508,FAC004,LAB015,Blood,2021-11-18,Collected
SMP120468,LO120468,PAT05717,FAC004,LAB002,Blood,2022-05-06,Collected
SMP120472,LO120472,PAT14172,FAC001,LAB007,Urine,2022-09-24,Collected
SMP120474,LO120474,PAT13834,FAC002,LAB004,Blood,2025-11-26,Collected
SMP120479,LO120479,PAT10339,FAC003,LAB006,Blood,2025-12-31,Collected
SMP120484,LO120484,PAT04085,FAC005,LAB003,Blood,2023-01-25,Collected
SMP120488,LO120488,PAT03039,FAC005,LAB012,Blood,2025-01-23,Collected
SMP120499,LO120499,PAT01012,FAC002,LAB012,Blood,2025-11-11,Collected
SMP120501,LO120501,PAT12547,FAC002,LAB004,Blood,2022-07-04,Processed
SMP120509,LO120509,PAT09485,FAC005,LAB013,Swab,2024-07-03,Collected
SMP120510,LO120510,PAT10784,FAC004,LAB005,Blood,2025-02-09,Collected
SMP120516,LO120516,PAT02088,FAC001,LAB001,Blood,2025-03-03,Collected
SMP120517,LO120517,PAT10669,FAC005,LAB004,Blood,2024-02-06,Collected
SMP120518,LO120518,PAT12826,FAC002,LAB004,Blood,2021-05-22,Collected
SMP120519,LO120519,PAT07529,FAC001,LAB004,Blood,2023-12-28,Collected
SMP120527,LO120527,PAT06850,FAC005,LAB002,Blood,2026-04-17,Processed
SMP120529,LO120529,PAT14813,FAC002,LAB008,Urine,2025-01-29,Collected
SMP120530,LO120530,PAT02332,FAC005,LAB013,Swab,2024-07-23,Collected
SMP120531,LO120531,PAT01214,FAC005,LAB015,Blood,2024-03-12,Processed
SMP120534,LO120534,PAT14327,FAC004,LAB012,Blood,2024-04-30,Collected
SMP120536,LO120536,PAT02754,FAC001,LAB012,Blood,2025-03-22,Collected
SMP120550,LO120550,PAT12465,FAC004,LAB012,Blood,2023-09-13,Collected
SMP120551,LO120551,PAT13593,FAC003,LAB015,Blood,2024-01-04,Collected
SMP120554,LO120554,PAT05909,FAC002,LAB005,Blood,2024-07-28,Collected
SMP120559,LO120559,PAT06804,FAC005,LAB004,Blood,2025-12-11,Collected
SMP120563,LO120563,PAT12215,FAC004,LAB009,Radiology,2023-02-03,Collected
SMP120564,LO120564,PAT04901,FAC005,LAB010,Radiology,2024-12-22,Collected
SMP120568,LO120568,PAT03976,FAC004,LAB011,Blood,2025-11-27,Collected
SMP120570,LO120570,PAT10105,FAC005,LAB001,Blood,2022-12-10,Collected
SMP120571,LO120571,PAT12756,FAC003,LAB007,Urine,2021-03-24,Collected
SMP120575,LO120575,PAT06770,FAC002,LAB014,Blood,2021-05-11,Collected
SMP120578,LO120578,PAT05655,FAC001,LAB007,Urine,2022-12-21,Collected
SMP120582,LO120582,PAT04297,FAC004,LAB007,Urine,2021-09-04,Collected
SMP120583,LO120583,PAT13782,FAC005,LAB015,Blood,2023-04-13,Collected
SMP120586,LO120586,PAT14796,FAC003,LAB005,Blood,2021-11-24,Collected
SMP120588,LO120588,PAT03296,FAC002,LAB010,Radiology,2022-08-26,Collected
SMP120594,LO120594,PAT08890,FAC001,LAB010,Radiology,2024-12-18,Collected
SMP120598,LO120598,PAT00222,FAC005,LAB002,Blood,2022-07-31,Collected
SMP120601,LO120601,PAT01328,FAC005,LAB001,Blood,2022-04-29,Processed
SMP120602,LO120602,PAT10837,FAC001,LAB011,Blood,2025-10-23,Collected
SMP120603,LO120603,PAT01311,FAC005,LAB013,Swab,2025-04-05,Collected
SMP120611,LO120611,PAT09508,FAC004,LAB001,Blood,2023-04-10,Collected
SMP120619,LO120619,PAT01666,FAC002,LAB010,Radiology,2024-07-08,Processed
SMP120620,LO120620,PAT01454,FAC003,LAB013,Swab,2024-01-14,Collected
SMP120624,LO120624,PAT03483,FAC005,LAB015,Blood,2023-07-07,Collected
SMP120627,LO120627,PAT06082,FAC005,LAB007,Urine,2026-03-08,Collected
SMP120628,LO120628,PAT00462,FAC005,LAB004,Blood,2026-02-12,Collected
SMP120629,LO120629,PAT07529,FAC003,LAB004,Blood,2023-07-26,Collected
SMP120640,LO120640,PAT02311,FAC005,LAB011,Blood,2021-08-22,Collected
SMP120641,LO120641,PAT12456,FAC002,LAB014,Blood,2024-01-30,Collected
SMP120642,LO120642,PAT11417,FAC005,LAB012,Blood,2026-04-21,Collected
SMP120644,LO120644,PAT09141,FAC003,LAB011,Blood,2021-06-09,Collected
SMP120646,LO120646,PAT06378,FAC005,LAB002,Blood,2021-05-04,Collected
SMP120657,LO120657,PAT08789,FAC004,LAB001,Blood,2025-08-09,Collected
SMP120658,LO120658,PAT09490,FAC005,LAB011,Blood,2026-01-13,Collected
SMP120661,LO120661,PAT04032,FAC002,LAB011,Blood,2021-01-07,Collected
SMP120662,LO120662,PAT14594,FAC005,LAB014,Blood,2026-06-12,Processed
SMP120663,LO120663,PAT01767,FAC004,LAB003,Blood,2023-09-26,Collected
SMP120665,LO120665,PAT08073,FAC004,LAB003,Blood,2022-01-25,Collected
SMP120671,LO120671,PAT14158,FAC005,LAB001,Blood,2026-07-24,Collected
SMP120672,LO120672,PAT12259,FAC002,LAB009,Radiology,2026-07-21,Collected
SMP120681,LO120681,PAT06349,FAC002,LAB009,Radiology,2025-04-20,Collected
SMP120687,LO120687,PAT03070,FAC001,LAB005,Blood,2026-06-23,Collected
SMP120691,LO120691,PAT11020,FAC003,LAB002,Blood,2022-09-22,Collected
SMP120692,LO120692,PAT05752,FAC002,LAB001,Blood,2024-10-27,Collected
SMP120694,LO120694,PAT11629,FAC004,LAB014,Blood,2026-07-02,Collected
SMP120696,LO120696,PAT14682,FAC003,LAB008,Urine,2023-12-07,Collected
SMP120697,LO120697,PAT13843,FAC005,LAB013,Swab,2022-12-12,Collected
SMP120699,LO120699,PAT02320,FAC003,LAB002,Blood,2024-05-03,Collected
SMP120700,LO120700,PAT07525,FAC001,LAB006,Blood,2025-02-24,Collected
SMP120701,LO120701,PAT07151,FAC001,LAB012,Blood,2024-03-13,Collected
SMP120704,LO120704,PAT00220,FAC002,LAB004,Blood,2022-11-05,Collected
SMP120709,LO120709,PAT03380,FAC005,LAB005,Blood,2026-07-17,Collected
SMP120711,LO120711,PAT05958,FAC003,LAB005,Blood,2024-07-31,Collected
SMP120727,LO120727,PAT09149,FAC001,LAB003,Blood,2023-09-08,Collected
SMP120728,LO120728,PAT07637,FAC003,LAB010,Radiology,2025-01-28,Collected
SMP120731,LO120731,PAT12595,FAC003,LAB003,Blood,2026-08-28,Processed
SMP120736,LO120736,PAT06435,FAC001,LAB015,Blood,2021-04-27,Collected
SMP120740,LO120740,PAT06331,FAC003,LAB015,Blood,2024-09-10,Collected
SMP120743,LO120743,PAT01984,FAC003,LAB005,Blood,2021-01-26,Collected
SMP120749,LO120749,PAT09955,FAC005,LAB003,Blood,2023-06-20,Collected
SMP120750,LO120750,PAT01767,FAC005,LAB015,Blood,2026-11-20,Collected
SMP120757,LO120757,PAT01035,FAC001,LAB004,Blood,2022-11-02,Collected
SMP120758,LO120758,PAT02391,FAC003,LAB011,Blood,2024-07-03,Collected
SMP120765,LO120765,PAT06730,FAC003,LAB012,Blood,2026-03-14,Collected
SMP120767,LO120767,PAT03155,FAC004,LAB006,Blood,2023-05-24,Collected
SMP120773,LO120773,PAT03479,FAC002,LAB011,Blood,2025-05-26,Collected
SMP120778,LO120778,PAT09103,FAC001,LAB007,Urine,2025-07-29,Collected
SMP120786,LO120786,PAT03820,FAC003,LAB011,Blood,2025-07-31,Collected
SMP120791,LO120791,PAT05422,FAC002,LAB011,Blood,2023-03-12,Collected
SMP120799,LO120799,PAT01283,FAC001,LAB003,Blood,2026-10-19,Collected
SMP120800,LO120800,PAT14943,FAC004,LAB008,Urine,2024-06-14,Processed
SMP120803,LO120803,PAT04171,FAC001,LAB014,Blood,2023-02-26,Collected
SMP120805,LO120805,PAT04063,FAC001,LAB003,Blood,2024-10-31,Collected
SMP120812,LO120812,PAT10660,FAC005,LAB007,Urine,2026-05-07,Collected
SMP120814,LO120814,PAT04124,FAC005,LAB010,Radiology,2022-10-29,Collected
SMP120816,LO120816,PAT07014,FAC003,LAB012,Blood,2022-01-14,Collected
SMP120821,LO120821,PAT10328,FAC001,LAB001,Blood,2026-06-26,Collected
SMP120828,LO120828,PAT10632,FAC001,LAB002,Blood,2026-03-12,Collected
SMP120833,LO120833,PAT01007,FAC001,LAB009,Radiology,2021-08-08,Collected
SMP120834,LO120834,PAT08009,FAC005,LAB010,Radiology,2025-12-10,Collected
SMP120835,LO120835,PAT07904,FAC003,LAB001,Blood,2025-01-12,Collected
SMP120837,LO120837,PAT13100,FAC005,LAB004,Blood,2021-12-11,Collected
SMP120839,LO120839,PAT01079,FAC003,LAB004,Blood,2021-02-17,Processed
SMP120846,LO120846,PAT12558,FAC003,LAB014,Blood,2022-12-18,Collected
SMP120851,LO120851,PAT09738,FAC005,LAB007,Urine,2021-01-09,Collected
SMP120853,LO120853,PAT00567,FAC001,LAB005,Blood,2023-08-06,Collected
SMP120855,LO120855,PAT00648,FAC005,LAB008,Urine,2024-09-25,Processed
SMP120860,LO120860,PAT10006,FAC003,LAB005,Blood,2024-02-22,Collected
SMP120867,LO120867,PAT06148,FAC003,LAB001,Blood,2026-03-04,Collected
SMP120873,LO120873,PAT09717,FAC004,LAB003,Blood,2025-06-14,Collected
SMP120884,LO120884,PAT02999,FAC001,LAB002,Blood,2026-03-09,Collected
SMP120893,LO120893,PAT02992,FAC003,LAB008,Urine,2025-12-30,Processed
SMP120896,LO120896,PAT14645,FAC004,LAB001,Blood,2026-02-02,Collected
SMP120908,LO120908,PAT08584,FAC005,LAB006,Blood,2024-11-29,Collected
SMP120916,LO120916,PAT02681,FAC005,LAB005,Blood,2024-07-06,Collected
SMP120917,LO120917,PAT01535,FAC001,LAB004,Blood,2026-01-08,Collected
SMP120919,LO120919,PAT06694,FAC002,LAB005,Blood,2022-07-12,Collected
SMP120920,LO120920,PAT13678,FAC003,LAB008,Urine,2026-09-29,Collected
SMP120926,LO120926,PAT10087,FAC005,LAB003,Blood,2021-03-25,Collected
SMP120930,LO120930,PAT06730,FAC002,LAB014,Blood,2024-07-27,Collected
SMP120937,LO120937,PAT01209,FAC003,LAB015,Blood,2026-09-21,Collected
SMP120939,LO120939,PAT02349,FAC003,LAB002,Blood,2024-01-23,Collected
SMP120941,LO120941,PAT12632,FAC002,LAB008,Urine,2024-06-28,Collected
SMP120961,LO120961,PAT13619,FAC003,LAB009,Radiology,2025-03-29,Collected
SMP120962,LO120962,PAT01600,FAC003,LAB009,Radiology,2023-11-11,Collected
SMP120973,LO120973,PAT08373,FAC002,LAB012,Blood,2026-08-10,Collected
SMP120978,LO120978,PAT02920,FAC005,LAB010,Radiology,2026-04-27,Collected
SMP120980,LO120980,PAT01965,FAC005,LAB012,Blood,2024-12-27,Collected
SMP120994,LO120994,PAT09903,FAC005,LAB004,Blood,2024-07-15,Processed
SMP121002,LO121002,PAT00609,FAC005,LAB007,Urine,2025-10-29,Collected
SMP121015,LO121015,PAT06028,FAC002,LAB003,Blood,2021-03-03,Collected
SMP121018,LO121018,PAT01415,FAC003,LAB003,Blood,2023-09-26,Collected
SMP121022,LO121022,PAT13819,FAC005,LAB004,Blood,2024-12-23,Collected
SMP121026,LO121026,PAT07108,FAC003,LAB005,Blood,2025-07-27,Collected
SMP121034,LO121034,PAT07991,FAC002,LAB001,Blood,2023-11-17,Collected
SMP121035,LO121035,PAT10570,FAC002,LAB002,Blood,2025-02-25,Collected
SMP121039,LO121039,PAT08374,FAC005,LAB007,Urine,2026-04-08,Collected
SMP121051,LO121051,PAT11913,FAC005,LAB007,Urine,2022-10-11,Collected
SMP121082,LO121082,PAT03036,FAC003,LAB011,Blood,2025-06-10,Collected
SMP121090,LO121090,PAT04537,FAC002,LAB004,Blood,2025-03-25,Collected
SMP121099,LO121099,PAT02127,FAC001,LAB009,Radiology,2023-03-28,Collected
SMP121133,LO121133,PAT02287,FAC003,LAB006,Blood,2025-04-12,Collected
SMP121141,LO121141,PAT04418,FAC004,LAB003,Blood,2022-05-13,Collected
SMP121146,LO121146,PAT04345,FAC003,LAB006,Blood,2024-05-22,Collected
SMP121147,LO121147,PAT05217,FAC005,LAB007,Urine,2022-03-03,Collected
SMP121152,LO121152,PAT02956,FAC004,LAB001,Blood,2021-11-08,Collected
SMP121161,LO121161,PAT00115,FAC005,LAB010,Radiology,2026-06-22,Processed
SMP121167,LO121167,PAT11491,FAC001,LAB015,Blood,2023-12-01,Collected
SMP121180,LO121180,PAT01784,FAC004,LAB011,Blood,2022-06-07,Collected
SMP121183,LO121183,PAT09521,FAC005,LAB011,Blood,2021-07-03,Collected
SMP121186,LO121186,PAT02022,FAC001,LAB012,Blood,2021-04-16,Collected
SMP121189,LO121189,PAT02928,FAC002,LAB009,Radiology,2023-08-01,Collected
SMP121191,LO121191,PAT09122,FAC004,LAB015,Blood,2023-01-15,Collected
SMP121193,LO121193,PAT01115,FAC003,LAB004,Blood,2021-01-17,Collected
SMP121195,LO121195,PAT02920,FAC004,LAB014,Blood,2022-01-15,Processed
SMP121205,LO121205,PAT11022,FAC005,LAB015,Blood,2025-05-17,Collected
SMP121207,LO121207,PAT04302,FAC005,LAB005,Blood,2025-02-16,Collected
SMP121212,LO121212,PAT06731,FAC005,LAB003,Blood,2026-05-03,Collected
SMP121214,LO121214,PAT11931,FAC004,LAB015,Blood,2025-04-06,Collected
SMP121217,LO121217,PAT09346,FAC002,LAB002,Blood,2024-08-14,Collected
SMP121224,LO121224,PAT09884,FAC002,LAB010,Radiology,2025-02-08,Collected
SMP121226,LO121226,PAT04194,FAC005,LAB005,Blood,2023-10-20,Collected
SMP121227,LO121227,PAT10629,FAC005,LAB011,Blood,2023-02-16,Collected
SMP121239,LO121239,PAT13020,FAC002,LAB002,Blood,2024-09-12,Collected
SMP121244,LO121244,PAT05217,FAC004,LAB013,Swab,2023-07-13,Collected
SMP121245,LO121245,PAT02228,FAC003,LAB010,Radiology,2023-06-02,Collected
SMP121253,LO121253,PAT10363,FAC004,LAB011,Blood,2024-10-04,Processed
SMP121256,LO121256,PAT11145,FAC002,LAB011,Blood,2024-11-22,Collected
SMP121257,LO121257,PAT04059,FAC004,LAB007,Urine,2021-04-25,Collected
SMP121265,LO121265,PAT14233,FAC003,LAB015,Blood,2024-08-03,Collected
SMP121268,LO121268,PAT09587,FAC002,LAB002,Blood,2021-08-22,Processed
SMP121278,LO121278,PAT05091,FAC002,LAB006,Blood,2024-06-08,Collected
SMP121279,LO121279,PAT02596,FAC003,LAB003,Blood,2021-10-01,Collected
SMP121285,LO121285,PAT14801,FAC004,LAB009,Radiology,2025-06-07,Collected
SMP121296,LO121296,PAT02316,FAC003,LAB010,Radiology,2025-08-03,Collected
SMP121299,LO121299,PAT08305,FAC003,LAB015,Blood,2026-06-17,Collected
SMP121302,LO121302,PAT11735,FAC002,LAB012,Blood,2023-12-20,Collected
SMP121306,LO121306,PAT05837,FAC005,LAB006,Blood,2023-12-31,Collected
SMP121308,LO121308,PAT01414,FAC005,LAB003,Blood,2022-02-12,Collected
SMP121311,LO121311,PAT04354,FAC005,LAB007,Urine,2022-10-25,Collected
SMP121314,LO121314,PAT14813,FAC005,LAB005,Blood,2024-11-13,Collected
SMP121319,LO121319,PAT00765,FAC003,LAB007,Urine,2024-07-03,Collected
SMP121325,LO121325,PAT04088,FAC002,LAB005,Blood,2025-08-28,Collected
SMP121326,LO121326,PAT00945,FAC005,LAB014,Blood,2022-01-09,Collected
SMP121333,LO121333,PAT00425,FAC001,LAB007,Urine,2025-09-06,Collected
SMP121361,LO121361,PAT04660,FAC005,LAB013,Swab,2024-05-30,Collected
SMP121362,LO121362,PAT02030,FAC003,LAB011,Blood,2021-11-26,Processed
SMP121364,LO121364,PAT11754,FAC004,LAB014,Blood,2026-08-02,Collected
SMP121370,LO121370,PAT04039,FAC004,LAB010,Radiology,2021-06-16,Collected
SMP121371,LO121371,PAT08992,FAC005,LAB006,Blood,2022-11-06,Collected
SMP121383,LO121383,PAT07976,FAC003,LAB008,Urine,2025-06-01,Collected
SMP121388,LO121388,PAT04112,FAC005,LAB012,Blood,2023-05-20,Collected
SMP121390,LO121390,PAT07252,FAC003,LAB011,Blood,2023-10-11,Collected
SMP121394,LO121394,PAT14796,FAC004,LAB006,Blood,2026-10-20,Collected
SMP121395,LO121395,PAT01489,FAC002,LAB004,Blood,2024-11-18,Collected
SMP121397,LO121397,PAT12015,FAC005,LAB004,Blood,2026-04-28,Processed
SMP121399,LO121399,PAT10491,FAC004,LAB010,Radiology,2026-07-07,Collected
SMP121400,LO121400,PAT05837,FAC003,LAB006,Blood,2021-06-08,Collected
SMP121401,LO121401,PAT08381,FAC005,LAB005,Blood,2021-01-12,Collected
SMP121410,LO121410,PAT00186,FAC001,LAB013,Swab,2025-04-11,Collected
SMP121413,LO121413,PAT09626,FAC005,LAB012,Blood,2025-11-06,Collected
SMP121418,LO121418,PAT05862,FAC002,LAB014,Blood,2025-05-24,Collected
SMP121421,LO121421,PAT02216,FAC001,LAB005,Blood,2026-06-24,Collected
SMP121444,LO121444,PAT10067,FAC003,LAB007,Urine,2021-07-29,Collected
SMP121445,LO121445,PAT11697,FAC004,LAB011,Blood,2022-10-18,Collected
SMP121452,LO121452,PAT01859,FAC004,LAB011,Blood,2021-01-04,Collected
SMP121456,LO121456,PAT11683,FAC004,LAB015,Blood,2024-02-13,Collected
SMP121471,LO121471,PAT11218,FAC004,LAB001,Blood,2026-01-25,Collected
SMP121492,LO121492,PAT08268,FAC005,LAB012,Blood,2021-09-13,Collected
SMP121493,LO121493,PAT08185,FAC005,LAB015,Blood,2022-10-01,Collected
SMP121511,LO121511,PAT12407,FAC001,LAB011,Blood,2025-05-24,Collected
SMP121521,LO121521,PAT03078,FAC002,LAB009,Radiology,2026-04-23,Collected
SMP121527,LO121527,PAT04297,FAC004,LAB014,Blood,2022-04-23,Rejected
SMP121529,LO121529,PAT11888,FAC003,LAB001,Blood,2026-05-07,Collected
SMP121535,LO121535,PAT10135,FAC002,LAB012,Blood,2021-05-05,Collected
SMP121536,LO121536,PAT06833,FAC003,LAB005,Blood,2025-03-19,Collected
SMP121555,LO121555,PAT04830,FAC005,LAB012,Blood,2023-03-29,Collected
SMP121557,LO121557,PAT02496,FAC003,LAB007,Urine,2026-01-22,Collected
SMP121561,LO121561,PAT03729,FAC003,LAB002,Blood,2025-03-24,Collected
SMP121566,LO121566,PAT11806,FAC005,LAB005,Blood,2021-03-12,Collected
SMP121567,LO121567,PAT12265,FAC002,LAB007,Urine,2022-08-26,Collected
SMP121572,LO121572,PAT09055,FAC003,LAB003,Blood,2024-09-22,Collected
SMP121573,LO121573,PAT08009,FAC005,LAB004,Blood,2024-07-05,Collected
SMP121594,LO121594,PAT02865,FAC001,LAB011,Blood,2026-03-07,Collected
SMP121595,LO121595,PAT06492,FAC002,LAB006,Blood,2021-07-24,Collected
SMP121597,LO121597,PAT11645,FAC002,LAB003,Blood,2022-02-10,Collected
SMP121602,LO121602,PAT04961,FAC001,LAB005,Blood,2023-02-10,Collected
SMP121604,LO121604,PAT10376,FAC001,LAB011,Blood,2025-08-19,Collected
SMP121605,LO121605,PAT05101,FAC005,LAB015,Blood,2021-04-21,Collected
SMP121608,LO121608,PAT08407,FAC004,LAB014,Blood,2026-02-22,Collected
SMP121616,LO121616,PAT12375,FAC003,LAB003,Blood,2025-08-23,Rejected
SMP121617,LO121617,PAT03777,FAC003,LAB005,Blood,2022-09-27,Collected
SMP121631,LO121631,PAT00322,FAC001,LAB006,Blood,2025-02-24,Processed
SMP121633,LO121633,PAT01011,FAC002,LAB003,Blood,2021-07-10,Collected
SMP121636,LO121636,PAT05847,FAC002,LAB004,Blood,2023-08-24,Collected
SMP121641,LO121641,PAT04238,FAC001,LAB001,Blood,2024-12-09,Collected
SMP121642,LO121642,PAT09149,FAC002,LAB015,Blood,2024-07-12,Collected
SMP121653,LO121653,PAT05782,FAC005,LAB003,Blood,2023-06-16,Collected
SMP121654,LO121654,PAT06959,FAC002,LAB012,Blood,2022-12-03,Collected
SMP121655,LO121655,PAT11275,FAC002,LAB007,Urine,2022-06-01,Processed
SMP121656,LO121656,PAT01451,FAC002,LAB006,Blood,2025-01-04,Collected
SMP121671,LO121671,PAT08881,FAC004,LAB002,Blood,2021-08-20,Collected
SMP121672,LO121672,PAT06706,FAC002,LAB009,Radiology,2024-07-12,Collected
SMP121677,LO121677,PAT02883,FAC005,LAB013,Swab,2023-12-22,Collected
SMP121681,LO121681,PAT13477,FAC001,LAB013,Swab,2021-07-12,Collected
SMP121687,LO121687,PAT05915,FAC002,LAB002,Blood,2025-02-28,Collected
SMP121694,LO121694,PAT01576,FAC003,LAB011,Blood,2021-01-13,Collected
SMP121701,LO121701,PAT12350,FAC003,LAB001,Blood,2023-10-07,Collected
SMP121704,LO121704,PAT09955,FAC003,LAB009,Radiology,2025-03-13,Collected
SMP121711,LO121711,PAT03034,FAC003,LAB011,Blood,2023-11-08,Collected
SMP121719,LO121719,PAT02474,FAC005,LAB009,Radiology,2023-04-22,Collected
SMP121721,LO121721,PAT14043,FAC002,LAB003,Blood,2021-09-17,Collected
SMP121735,LO121735,PAT00587,FAC001,LAB004,Blood,2024-09-20,Collected
SMP121746,LO121746,PAT02332,FAC001,LAB003,Blood,2023-08-11,Collected
SMP121751,LO121751,PAT09195,FAC004,LAB002,Blood,2024-04-02,Collected
SMP121754,LO121754,PAT02134,FAC004,LAB013,Swab,2026-04-28,Collected
SMP121755,LO121755,PAT06845,FAC003,LAB009,Radiology,2024-12-09,Collected
SMP121759,LO121759,PAT11070,FAC001,LAB006,Blood,2025-06-15,Processed
SMP121761,LO121761,PAT08170,FAC001,LAB010,Radiology,2022-03-18,Collected
SMP121771,LO121771,PAT13686,FAC004,LAB015,Blood,2024-10-29,Collected
SMP121772,LO121772,PAT10753,FAC005,LAB004,Blood,2021-05-18,Collected
SMP121773,LO121773,PAT04078,FAC001,LAB007,Urine,2025-01-19,Collected
SMP121779,LO121779,PAT04116,FAC005,LAB006,Blood,2022-09-15,Processed
SMP121780,LO121780,PAT13164,FAC004,LAB008,Urine,2024-08-10,Collected
SMP121781,LO121781,PAT00170,FAC002,LAB006,Blood,2024-08-09,Collected
SMP121793,LO121793,PAT09921,FAC004,LAB004,Blood,2022-07-20,Collected
SMP121840,LO121840,PAT03685,FAC001,LAB014,Blood,2024-09-13,Collected
SMP121844,LO121844,PAT12795,FAC004,LAB006,Blood,2021-03-23,Collected
SMP121847,LO121847,PAT14666,FAC003,LAB012,Blood,2026-04-01,Collected
SMP121852,LO121852,PAT03017,FAC005,LAB014,Blood,2023-03-15,Collected
SMP121858,LO121858,PAT12157,FAC002,LAB001,Blood,2023-04-23,Collected
SMP121862,LO121862,PAT04046,FAC003,LAB012,Blood,2026-06-15,Collected
SMP121863,LO121863,PAT14742,FAC002,LAB006,Blood,2023-01-19,Processed
SMP121871,LO121871,PAT01403,FAC002,LAB007,Urine,2026-06-10,Collected
SMP121874,LO121874,PAT08385,FAC002,LAB010,Radiology,2026-12-04,Collected
SMP121882,LO121882,PAT09485,FAC003,LAB004,Blood,2021-01-31,Collected
SMP121885,LO121885,PAT01329,FAC004,LAB014,Blood,2021-10-11,Collected
SMP121893,LO121893,PAT08673,FAC005,LAB002,Blood,2024-10-18,Collected
SMP121896,LO121896,PAT13644,FAC003,LAB008,Urine,2023-08-25,Processed
SMP121900,LO121900,PAT00500,FAC005,LAB005,Blood,2024-04-23,Collected
SMP121906,LO121906,PAT12265,FAC003,LAB003,Blood,2021-12-10,Collected
SMP121907,LO121907,PAT08109,FAC003,LAB006,Blood,2022-08-23,Collected
SMP121908,LO121908,PAT01112,FAC005,LAB004,Blood,2024-04-19,Collected
SMP121909,LO121909,PAT02118,FAC004,LAB001,Blood,2026-07-25,Processed
SMP121911,LO121911,PAT14316,FAC003,LAB015,Blood,2022-03-04,Collected
SMP121913,LO121913,PAT11721,FAC004,LAB008,Urine,2024-07-13,Collected
SMP121917,LO121917,PAT03195,FAC003,LAB001,Blood,2025-04-19,Collected
SMP121919,LO121919,PAT11356,FAC005,LAB002,Blood,2026-03-10,Collected
SMP121929,LO121929,PAT11893,FAC004,LAB015,Blood,2023-05-17,Collected
SMP121939,LO121939,PAT11568,FAC001,LAB005,Blood,2025-12-24,Processed
SMP121941,LO121941,PAT10298,FAC001,LAB012,Blood,2025-11-03,Collected
SMP121942,LO121942,PAT01154,FAC001,LAB015,Blood,2023-05-19,Collected
SMP121955,LO121955,PAT00796,FAC001,LAB014,Blood,2021-02-15,Collected
SMP121957,LO121957,PAT07832,FAC004,LAB004,Blood,2025-12-16,Collected
SMP121959,LO121959,PAT03920,FAC004,LAB004,Blood,2024-05-30,Collected
SMP121962,LO121962,PAT02407,FAC002,LAB003,Blood,2024-01-23,Collected
SMP121966,LO121966,PAT13919,FAC005,LAB002,Blood,2026-07-15,Collected
SMP121971,LO121971,PAT02361,FAC004,LAB005,Blood,2021-01-23,Collected
SMP121972,LO121972,PAT11194,FAC004,LAB007,Urine,2024-02-07,Collected
SMP121977,LO121977,PAT03992,FAC001,LAB013,Swab,2022-10-23,Collected
SMP121982,LO121982,PAT09988,FAC005,LAB008,Urine,2023-03-31,Processed
SMP121987,LO121987,PAT07832,FAC003,LAB002,Blood,2024-10-06,Collected
SMP121991,LO121991,PAT08391,FAC002,LAB002,Blood,2024-10-30,Collected
SMP122003,LO122003,PAT11401,FAC005,LAB015,Blood,2023-11-28,Collected
SMP122008,LO122008,PAT14588,FAC001,LAB008,Urine,2025-07-08,Collected
SMP122010,LO122010,PAT11994,FAC004,LAB015,Blood,2025-02-04,Collected
SMP122014,LO122014,PAT07272,FAC005,LAB013,Swab,2024-02-16,Processed
SMP122015,LO122015,PAT00564,FAC002,LAB014,Blood,2022-06-12,Collected
SMP122032,LO122032,PAT03234,FAC005,LAB003,Blood,2024-03-29,Processed
SMP122041,LO122041,PAT02478,FAC002,LAB006,Blood,2021-06-07,Collected
SMP122048,LO122048,PAT07638,FAC003,LAB002,Blood,2026-12-01,Collected
SMP122049,LO122049,PAT02349,FAC005,LAB008,Urine,2026-06-04,Collected
SMP122061,LO122061,PAT08831,FAC003,LAB014,Blood,2021-01-22,Collected
SMP122065,LO122065,PAT01689,FAC003,LAB008,Urine,2025-12-11,Collected
SMP122067,LO122067,PAT05095,FAC003,LAB007,Urine,2025-06-10,Collected
SMP122081,LO122081,PAT07768,FAC003,LAB001,Blood,2021-09-11,Collected
SMP122092,LO122092,PAT09943,FAC002,LAB010,Radiology,2023-07-07,Collected
SMP122098,LO122098,PAT02010,FAC002,LAB007,Urine,2024-01-19,Collected
SMP122109,LO122109,PAT02992,FAC003,LAB008,Urine,2024-03-14,Collected
SMP122115,LO122115,PAT03106,FAC002,LAB013,Swab,2024-01-24,Collected
SMP122117,LO122117,PAT00840,FAC004,LAB004,Blood,2022-04-18,Collected
SMP122127,LO122127,PAT05013,FAC004,LAB012,Blood,2023-06-10,Collected
SMP122131,LO122131,PAT08650,FAC002,LAB014,Blood,2024-02-23,Processed
SMP122134,LO122134,PAT03821,FAC004,LAB006,Blood,2026-01-21,Collected
SMP122136,LO122136,PAT05717,FAC004,LAB002,Blood,2023-07-21,Collected
SMP122138,LO122138,PAT08723,FAC004,LAB010,Radiology,2025-09-25,Collected
SMP122140,LO122140,PAT06159,FAC003,LAB006,Blood,2024-06-26,Collected
SMP122141,LO122141,PAT03976,FAC005,LAB012,Blood,2026-07-10,Collected
SMP122152,LO122152,PAT14888,FAC004,LAB006,Blood,2026-09-04,Collected
SMP122162,LO122162,PAT01025,FAC003,LAB003,Blood,2023-08-31,Rejected
SMP122163,LO122163,PAT14246,FAC004,LAB004,Blood,2023-10-03,Collected
SMP122164,LO122164,PAT05035,FAC004,LAB001,Blood,2021-09-18,Collected
SMP122167,LO122167,PAT06460,FAC005,LAB004,Blood,2022-05-25,Processed
SMP122168,LO122168,PAT14768,FAC005,LAB005,Blood,2024-11-27,Collected
SMP122169,LO122169,PAT03964,FAC001,LAB005,Blood,2024-12-02,Collected
SMP122170,LO122170,PAT10389,FAC004,LAB009,Radiology,2024-05-26,Collected
SMP122172,LO122172,PAT05043,FAC003,LAB003,Blood,2022-05-01,Collected
SMP122173,LO122173,PAT10769,FAC005,LAB003,Blood,2024-12-17,Rejected
SMP122177,LO122177,PAT05577,FAC001,LAB009,Radiology,2024-07-04,Collected
SMP122183,LO122183,PAT06598,FAC005,LAB009,Radiology,2023-08-16,Collected
SMP122187,LO122187,PAT09249,FAC002,LAB014,Blood,2021-01-09,Collected
SMP122191,LO122191,PAT02040,FAC001,LAB007,Urine,2022-09-03,Collected
SMP122193,LO122193,PAT12528,FAC001,LAB004,Blood,2024-07-19,Collected
SMP122200,LO122200,PAT08197,FAC002,LAB003,Blood,2025-01-10,Collected
SMP122209,LO122209,PAT07521,FAC001,LAB012,Blood,2022-10-15,Collected
SMP122214,LO122214,PAT03618,FAC003,LAB013,Swab,2026-02-27,Collected
SMP122216,LO122216,PAT01724,FAC001,LAB008,Urine,2023-08-24,Collected
SMP122218,LO122218,PAT00559,FAC001,LAB008,Urine,2022-05-24,Collected
SMP122220,LO122220,PAT04402,FAC005,LAB004,Blood,2021-01-13,Collected
SMP122221,LO122221,PAT01548,FAC002,LAB002,Blood,2026-05-11,Collected
SMP122223,LO122223,PAT12935,FAC002,LAB014,Blood,2023-01-06,Collected
SMP122230,LO122230,PAT12012,FAC005,LAB002,Blood,2026-09-15,Collected
SMP122232,LO122232,PAT06316,FAC004,LAB004,Blood,2025-01-15,Collected
SMP122236,LO122236,PAT13730,FAC002,LAB015,Blood,2022-08-21,Processed
SMP122255,LO122255,PAT06787,FAC004,LAB007,Urine,2025-01-21,Collected
SMP122258,LO122258,PAT07535,FAC004,LAB015,Blood,2025-08-20,Processed
SMP122260,LO122260,PAT02020,FAC003,LAB006,Blood,2023-04-25,Collected
SMP122268,LO122268,PAT00009,FAC005,LAB002,Blood,2022-09-26,Collected
SMP122276,LO122276,PAT05101,FAC004,LAB009,Radiology,2023-01-15,Collected
SMP122284,LO122284,PAT03185,FAC002,LAB007,Urine,2024-04-06,Collected
SMP122286,LO122286,PAT03078,FAC005,LAB013,Swab,2025-10-31,Collected
SMP122292,LO122292,PAT11994,FAC003,LAB006,Blood,2021-04-03,Collected
SMP122293,LO122293,PAT10916,FAC004,LAB015,Blood,2024-04-19,Collected
SMP122296,LO122296,PAT00435,FAC003,LAB015,Blood,2023-05-23,Collected
SMP122301,LO122301,PAT08185,FAC001,LAB007,Urine,2025-03-26,Collected
SMP122308,LO122308,PAT03945,FAC001,LAB011,Blood,2022-07-16,Collected
SMP122311,LO122311,PAT01535,FAC003,LAB011,Blood,2026-12-21,Collected
SMP122320,LO122320,PAT10658,FAC003,LAB005,Blood,2023-08-30,Collected
SMP122324,LO122324,PAT13333,FAC004,LAB001,Blood,2026-10-06,Collected
SMP122325,LO122325,PAT02449,FAC004,LAB001,Blood,2026-04-14,Collected
SMP122333,LO122333,PAT02936,FAC004,LAB011,Blood,2025-09-03,Collected
SMP122337,LO122337,PAT11375,FAC003,LAB002,Blood,2022-10-18,Processed
SMP122340,LO122340,PAT07169,FAC001,LAB008,Urine,2026-09-11,Collected
SMP122354,LO122354,PAT00654,FAC001,LAB012,Blood,2022-01-18,Collected
SMP122364,LO122364,PAT03376,FAC004,LAB006,Blood,2023-08-14,Collected
SMP122370,LO122370,PAT08050,FAC003,LAB012,Blood,2024-10-03,Collected
SMP122371,LO122371,PAT00440,FAC003,LAB008,Urine,2026-12-22,Collected
SMP122378,LO122378,PAT08590,FAC001,LAB008,Urine,2024-05-08,Collected
SMP122379,LO122379,PAT00104,FAC005,LAB010,Radiology,2024-10-28,Collected
SMP122383,LO122383,PAT00933,FAC004,LAB002,Blood,2023-07-07,Collected
SMP122386,LO122386,PAT07992,FAC001,LAB001,Blood,2025-03-21,Processed
SMP122387,LO122387,PAT02120,FAC005,LAB002,Blood,2025-11-22,Collected
SMP122392,LO122392,PAT03801,FAC003,LAB009,Radiology,2025-10-02,Processed
SMP122397,LO122397,PAT02391,FAC005,LAB005,Blood,2026-07-28,Collected
SMP122404,LO122404,PAT11511,FAC004,LAB014,Blood,2023-08-11,Collected
SMP122410,LO122410,PAT11848,FAC004,LAB001,Blood,2026-09-30,Processed
SMP122419,LO122419,PAT08723,FAC003,LAB015,Blood,2023-08-31,Collected
SMP122424,LO122424,PAT01563,FAC001,LAB006,Blood,2025-11-23,Collected
SMP122425,LO122425,PAT03456,FAC005,LAB014,Blood,2026-09-18,Processed
SMP122430,LO122430,PAT10376,FAC001,LAB009,Radiology,2026-03-05,Collected
SMP122431,LO122431,PAT03847,FAC002,LAB014,Blood,2026-04-24,Collected
SMP122440,LO122440,PAT02068,FAC001,LAB015,Blood,2024-12-31,Collected
SMP122446,LO122446,PAT13168,FAC005,LAB011,Blood,2026-01-30,Collected
SMP122454,LO122454,PAT04275,FAC002,LAB011,Blood,2021-04-19,Processed
SMP122459,LO122459,PAT14822,FAC005,LAB001,Blood,2022-10-14,Collected
SMP122474,LO122474,PAT06662,FAC003,LAB004,Blood,2024-01-05,Collected
SMP122477,LO122477,PAT13779,FAC002,LAB002,Blood,2023-11-21,Collected
SMP122482,LO122482,PAT12456,FAC001,LAB006,Blood,2026-04-22,Collected
SMP122483,LO122483,PAT07794,FAC001,LAB007,Urine,2025-02-03,Collected
SMP122499,LO122499,PAT02716,FAC001,LAB011,Blood,2021-04-21,Collected
SMP122501,LO122501,PAT11159,FAC003,LAB010,Radiology,2026-03-03,Collected
SMP122505,LO122505,PAT07294,FAC001,LAB008,Urine,2023-09-16,Collected
SMP122510,LO122510,PAT00220,FAC002,LAB009,Radiology,2024-05-08,Collected
SMP122512,LO122512,PAT01316,FAC001,LAB012,Blood,2026-01-23,Collected
SMP122513,LO122513,PAT01218,FAC005,LAB007,Urine,2022-11-03,Collected
SMP122515,LO122515,PAT01003,FAC002,LAB012,Blood,2026-08-06,Collected
SMP122519,LO122519,PAT02639,FAC003,LAB007,Urine,2025-08-27,Collected
SMP122520,LO122520,PAT03117,FAC003,LAB004,Blood,2024-11-25,Collected
SMP122521,LO122521,PAT01414,FAC003,LAB008,Urine,2025-11-05,Collected
SMP122522,LO122522,PAT07641,FAC002,LAB004,Blood,2022-02-07,Collected
SMP122524,LO122524,PAT03612,FAC003,LAB012,Blood,2025-10-07,Collected
SMP122526,LO122526,PAT08402,FAC004,LAB010,Radiology,2024-06-20,Collected
SMP122534,LO122534,PAT00669,FAC004,LAB015,Blood,2024-08-15,Collected
SMP122536,LO122536,PAT09549,FAC002,LAB015,Blood,2025-08-23,Processed
SMP122538,LO122538,PAT14682,FAC005,LAB001,Blood,2026-01-11,Collected
SMP122543,LO122543,PAT01531,FAC001,LAB010,Radiology,2023-07-25,Collected
SMP122548,LO122548,PAT02665,FAC003,LAB015,Blood,2021-09-16,Processed
SMP122555,LO122555,PAT14748,FAC004,LAB008,Urine,2026-04-01,Collected
SMP122556,LO122556,PAT05196,FAC003,LAB006,Blood,2022-03-01,Collected
SMP122561,LO122561,PAT00009,FAC005,LAB015,Blood,2026-03-19,Collected
SMP122566,LO122566,PAT11387,FAC002,LAB002,Blood,2024-01-03,Collected
SMP122568,LO122568,PAT09051,FAC003,LAB004,Blood,2023-01-03,Collected
SMP122574,LO122574,PAT05377,FAC003,LAB014,Blood,2022-07-19,Collected
SMP122579,LO122579,PAT08604,FAC001,LAB012,Blood,2026-08-30,Collected
SMP122584,LO122584,PAT02450,FAC002,LAB007,Urine,2026-06-08,Collected
SMP122586,LO122586,PAT02772,FAC004,LAB007,Urine,2022-07-15,Processed
SMP122588,LO122588,PAT02289,FAC003,LAB001,Blood,2025-11-11,Collected
SMP122594,LO122594,PAT12460,FAC001,LAB006,Blood,2021-10-22,Processed
SMP122595,LO122595,PAT00579,FAC003,LAB002,Blood,2023-07-07,Collected
SMP122601,LO122601,PAT11258,FAC002,LAB009,Radiology,2025-10-21,Collected
SMP122613,LO122613,PAT05583,FAC001,LAB001,Blood,2023-04-10,Collected
SMP122615,LO122615,PAT11104,FAC003,LAB014,Blood,2026-07-28,Collected
SMP122620,LO122620,PAT05031,FAC001,LAB005,Blood,2026-12-02,Collected
SMP122626,LO122626,PAT12418,FAC004,LAB003,Blood,2021-07-05,Collected
SMP122627,LO122627,PAT02895,FAC001,LAB010,Radiology,2026-11-06,Collected
SMP122634,LO122634,PAT01384,FAC001,LAB005,Blood,2023-09-08,Collected
SMP122640,LO122640,PAT05514,FAC005,LAB006,Blood,2021-02-25,Collected
SMP122642,LO122642,PAT01238,FAC005,LAB014,Blood,2025-11-08,Collected
SMP122644,LO122644,PAT06182,FAC003,LAB002,Blood,2021-01-06,Collected
SMP122646,LO122646,PAT05958,FAC001,LAB014,Blood,2026-04-11,Collected
SMP122650,LO122650,PAT02999,FAC004,LAB008,Urine,2023-07-18,Processed
SMP122653,LO122653,PAT03801,FAC003,LAB009,Radiology,2024-12-24,Collected
SMP122657,LO122657,PAT07202,FAC004,LAB015,Blood,2024-04-06,Collected
SMP122684,LO122684,PAT12829,FAC002,LAB012,Blood,2026-07-12,Collected
SMP122688,LO122688,PAT05932,FAC005,LAB004,Blood,2022-07-13,Collected
SMP122690,LO122690,PAT08880,FAC005,LAB002,Blood,2025-10-31,Collected
SMP122693,LO122693,PAT07403,FAC005,LAB008,Urine,2023-06-19,Collected
SMP122702,LO122702,PAT06670,FAC004,LAB006,Blood,2026-07-03,Collected
SMP122711,LO122711,PAT13445,FAC004,LAB012,Blood,2025-12-26,Collected
SMP122719,LO122719,PAT04827,FAC003,LAB002,Blood,2021-11-04,Collected
SMP122726,LO122726,PAT01158,FAC004,LAB008,Urine,2026-02-09,Processed
SMP122732,LO122732,PAT14818,FAC005,LAB008,Urine,2021-09-08,Collected
SMP122735,LO122735,PAT13107,FAC005,LAB002,Blood,2024-05-17,Collected
SMP122736,LO122736,PAT13287,FAC005,LAB001,Blood,2024-10-31,Collected
SMP122740,LO122740,PAT09895,FAC001,LAB001,Blood,2022-03-15,Processed
SMP122745,LO122745,PAT02883,FAC003,LAB009,Radiology,2024-08-20,Collected
SMP122752,LO122752,PAT09724,FAC002,LAB010,Radiology,2026-08-18,Collected
SMP122759,LO122759,PAT04035,FAC005,LAB014,Blood,2024-03-20,Collected
SMP122767,LO122767,PAT05293,FAC002,LAB001,Blood,2026-03-13,Collected
SMP122768,LO122768,PAT10884,FAC004,LAB005,Blood,2025-12-07,Collected
SMP122781,LO122781,PAT02610,FAC003,LAB006,Blood,2022-12-21,Collected
SMP122801,LO122801,PAT13919,FAC002,LAB005,Blood,2025-12-31,Collected
SMP122802,LO122802,PAT02088,FAC001,LAB007,Urine,2025-04-13,Rejected
SMP122804,LO122804,PAT02639,FAC002,LAB007,Urine,2023-08-09,Collected
SMP122806,LO122806,PAT01684,FAC004,LAB014,Blood,2025-04-25,Collected
SMP122814,LO122814,PAT04581,FAC001,LAB007,Urine,2023-03-22,Collected
SMP122817,LO122817,PAT06030,FAC005,LAB005,Blood,2024-10-04,Collected
SMP122820,LO122820,PAT05602,FAC004,LAB008,Urine,2024-12-03,Collected
SMP122822,LO122822,PAT08304,FAC002,LAB001,Blood,2024-11-25,Collected
SMP122826,LO122826,PAT13049,FAC003,LAB003,Blood,2023-12-22,Collected
SMP122829,LO122829,PAT08371,FAC002,LAB003,Blood,2024-10-04,Collected
SMP122835,LO122835,PAT10171,FAC001,LAB011,Blood,2025-11-29,Collected
SMP122849,LO122849,PAT04005,FAC004,LAB009,Radiology,2021-01-12,Collected
SMP122852,LO122852,PAT12558,FAC001,LAB009,Radiology,2024-03-23,Collected
SMP122864,LO122864,PAT09346,FAC002,LAB009,Radiology,2023-07-26,Processed
SMP122866,LO122866,PAT06422,FAC002,LAB009,Radiology,2025-12-01,Processed
SMP122872,LO122872,PAT06761,FAC004,LAB015,Blood,2025-02-09,Collected
SMP122884,LO122884,PAT05170,FAC001,LAB003,Blood,2026-10-26,Collected
SMP122885,LO122885,PAT01348,FAC003,LAB004,Blood,2025-06-21,Collected
SMP122887,LO122887,PAT13650,FAC002,LAB002,Blood,2026-03-19,Collected
SMP122889,LO122889,PAT01428,FAC002,LAB003,Blood,2023-01-14,Collected
SMP122891,LO122891,PAT08162,FAC003,LAB012,Blood,2024-12-06,Processed
SMP122892,LO122892,PAT05776,FAC001,LAB012,Blood,2021-09-13,Collected
SMP122901,LO122901,PAT11931,FAC002,LAB005,Blood,2021-05-06,Collected
SMP122906,LO122906,PAT00574,FAC001,LAB001,Blood,2021-10-06,Processed
SMP122908,LO122908,PAT00120,FAC004,LAB009,Radiology,2022-11-23,Collected
SMP122909,LO122909,PAT09386,FAC004,LAB002,Blood,2021-04-28,Processed
SMP122922,LO122922,PAT01944,FAC003,LAB010,Radiology,2025-12-04,Collected
SMP122924,LO122924,PAT08381,FAC001,LAB001,Blood,2022-01-10,Collected
SMP122925,LO122925,PAT08185,FAC003,LAB002,Blood,2026-04-23,Collected
SMP122934,LO122934,PAT00796,FAC004,LAB006,Blood,2022-12-19,Collected
SMP122936,LO122936,PAT07145,FAC005,LAB010,Radiology,2021-06-23,Collected
SMP122950,LO122950,PAT13325,FAC004,LAB007,Urine,2023-01-29,Collected
SMP122958,LO122958,PAT14868,FAC003,LAB005,Blood,2024-06-09,Collected
SMP122962,LO122962,PAT08577,FAC003,LAB013,Swab,2024-10-16,Collected
SMP122963,LO122963,PAT02272,FAC005,LAB003,Blood,2023-04-13,Collected
SMP122966,LO122966,PAT07276,FAC003,LAB001,Blood,2023-09-22,Processed
SMP122974,LO122974,PAT03571,FAC004,LAB013,Swab,2022-08-25,Collected
SMP122977,LO122977,PAT11994,FAC005,LAB004,Blood,2025-02-24,Processed
SMP122980,LO122980,PAT13948,FAC002,LAB005,Blood,2024-02-08,Collected
SMP122982,LO122982,PAT07493,FAC001,LAB001,Blood,2024-06-28,Collected
SMP122989,LO122989,PAT00252,FAC005,LAB009,Radiology,2025-07-25,Processed
SMP122990,LO122990,PAT07250,FAC005,LAB011,Blood,2025-11-08,Collected
SMP122994,LO122994,PAT01666,FAC005,LAB011,Blood,2024-06-27,Collected
SMP122997,LO122997,PAT12556,FAC002,LAB005,Blood,2021-12-22,Collected
SMP122999,LO122999,PAT13886,FAC003,LAB014,Blood,2022-06-18,Collected
SMP123000,LO123000,PAT04721,FAC004,LAB002,Blood,2021-08-26,Collected
SMP123003,LO123003,PAT09843,FAC002,LAB009,Radiology,2022-08-30,Collected
SMP123004,LO123004,PAT08969,FAC004,LAB007,Urine,2023-12-16,Collected
SMP123005,LO123005,PAT00488,FAC001,LAB011,Blood,2025-11-03,Collected
SMP123007,LO123007,PAT09921,FAC003,LAB004,Blood,2026-02-14,Collected
SMP123012,LO123012,PAT12402,FAC004,LAB015,Blood,2023-08-11,Collected
SMP123013,LO123013,PAT08049,FAC003,LAB013,Swab,2025-07-24,Collected
SMP123014,LO123014,PAT00426,FAC003,LAB008,Urine,2021-10-16,Collected
SMP123020,LO123020,PAT02910,FAC003,LAB012,Blood,2023-04-22,Collected
SMP123023,LO123023,PAT01454,FAC003,LAB006,Blood,2023-03-10,Collected
SMP123033,LO123033,PAT08992,FAC001,LAB012,Blood,2026-09-04,Collected
SMP123037,LO123037,PAT00178,FAC004,LAB010,Radiology,2024-11-21,Collected
SMP123046,LO123046,PAT09001,FAC001,LAB014,Blood,2023-07-06,Collected
SMP123048,LO123048,PAT08980,FAC001,LAB014,Blood,2025-09-06,Collected
SMP123057,LO123057,PAT09515,FAC003,LAB006,Blood,2021-10-07,Collected
SMP123060,LO123060,PAT01359,FAC005,LAB015,Blood,2025-07-21,Collected
SMP123063,LO123063,PAT10473,FAC005,LAB012,Blood,2022-11-06,Collected
SMP123069,LO123069,PAT05196,FAC003,LAB007,Urine,2022-08-28,Collected
SMP123081,LO123081,PAT00336,FAC005,LAB013,Swab,2023-08-17,Collected
SMP123082,LO123082,PAT08952,FAC004,LAB006,Blood,2022-03-11,Processed
SMP123087,LO123087,PAT00500,FAC004,LAB010,Radiology,2026-08-31,Collected
SMP123094,LO123094,PAT07250,FAC002,LAB012,Blood,2023-10-21,Collected
SMP123098,LO123098,PAT02352,FAC002,LAB015,Blood,2021-08-12,Collected
SMP123109,LO123109,PAT01607,FAC004,LAB001,Blood,2026-05-25,Collected
SMP123111,LO123111,PAT02496,FAC003,LAB004,Blood,2026-06-29,Collected
SMP123112,LO123112,PAT13888,FAC003,LAB013,Swab,2021-11-23,Collected
SMP123113,LO123113,PAT01176,FAC001,LAB007,Urine,2024-05-21,Collected
SMP123114,LO123114,PAT02440,FAC001,LAB009,Radiology,2026-06-18,Collected
SMP123115,LO123115,PAT11441,FAC001,LAB013,Swab,2026-08-24,Collected
SMP123117,LO123117,PAT06670,FAC005,LAB006,Blood,2025-04-08,Collected
SMP123128,LO123128,PAT05099,FAC002,LAB008,Urine,2025-04-17,Collected
SMP123129,LO123129,PAT13302,FAC005,LAB003,Blood,2025-09-09,Processed
SMP123137,LO123137,PAT14287,FAC005,LAB010,Radiology,2025-04-24,Collected
SMP123144,LO123144,PAT10516,FAC002,LAB011,Blood,2025-12-01,Collected
SMP123147,LO123147,PAT14002,FAC005,LAB015,Blood,2025-10-31,Processed
SMP123152,LO123152,PAT01112,FAC002,LAB011,Blood,2022-12-30,Collected
SMP123154,LO123154,PAT08918,FAC003,LAB006,Blood,2021-09-14,Collected
SMP123159,LO123159,PAT07404,FAC002,LAB011,Blood,2024-04-22,Collected
SMP123163,LO123163,PAT14134,FAC001,LAB002,Blood,2025-06-09,Rejected
SMP123167,LO123167,PAT14963,FAC003,LAB010,Radiology,2021-07-16,Collected
SMP123169,LO123169,PAT06335,FAC005,LAB013,Swab,2025-05-31,Collected
SMP123177,LO123177,PAT11697,FAC005,LAB010,Radiology,2023-09-27,Collected
SMP123180,LO123180,PAT06408,FAC004,LAB012,Blood,2023-05-19,Collected
SMP123185,LO123185,PAT10632,FAC001,LAB015,Blood,2025-03-19,Collected
SMP123188,LO123188,PAT07912,FAC005,LAB013,Swab,2026-03-29,Collected
SMP123189,LO123189,PAT14438,FAC005,LAB013,Swab,2025-06-03,Collected
SMP123190,LO123190,PAT10339,FAC001,LAB008,Urine,2023-05-08,Processed
SMP123201,LO123201,PAT09056,FAC004,LAB003,Blood,2022-02-21,Rejected
SMP123210,LO123210,PAT00374,FAC005,LAB009,Radiology,2026-02-15,Collected
SMP123213,LO123213,PAT13107,FAC004,LAB014,Blood,2021-09-22,Collected
SMP123216,LO123216,PAT11010,FAC005,LAB005,Blood,2024-01-04,Collected
SMP123218,LO123218,PAT04047,FAC004,LAB003,Blood,2024-01-23,Collected
SMP123222,LO123222,PAT10060,FAC003,LAB004,Blood,2021-11-07,Collected
SMP123224,LO123224,PAT11101,FAC004,LAB010,Radiology,2021-11-11,Collected
SMP123233,LO123233,PAT04046,FAC002,LAB009,Radiology,2025-10-20,Collected
SMP123239,LO123239,PAT07182,FAC002,LAB007,Urine,2021-04-25,Processed
SMP123246,LO123246,PAT13672,FAC001,LAB004,Blood,2022-09-22,Collected
SMP123248,LO123248,PAT10000,FAC003,LAB013,Swab,2022-11-23,Collected
SMP123278,LO123278,PAT00926,FAC005,LAB012,Blood,2026-08-03,Collected
SMP123280,LO123280,PAT14287,FAC004,LAB012,Blood,2025-05-01,Collected
SMP123287,LO123287,PAT03388,FAC004,LAB002,Blood,2024-04-14,Collected
SMP123294,LO123294,PAT09870,FAC003,LAB013,Swab,2024-11-11,Collected
SMP123304,LO123304,PAT02391,FAC004,LAB014,Blood,2021-02-10,Collected
SMP123307,LO123307,PAT05814,FAC002,LAB011,Blood,2026-01-30,Collected
SMP123313,LO123313,PAT00829,FAC005,LAB009,Radiology,2023-02-11,Collected
SMP123318,LO123318,PAT11889,FAC002,LAB007,Urine,2022-05-13,Collected
SMP123319,LO123319,PAT01600,FAC001,LAB015,Blood,2025-07-31,Collected
SMP123322,LO123322,PAT13272,FAC001,LAB008,Urine,2021-11-23,Collected
SMP123326,LO123326,PAT01521,FAC005,LAB002,Blood,2026-02-26,Collected
SMP123330,LO123330,PAT00377,FAC004,LAB006,Blood,2024-07-07,Collected
SMP123334,LO123334,PAT06071,FAC002,LAB008,Urine,2025-12-31,Collected
SMP123336,LO123336,PAT07542,FAC001,LAB008,Urine,2026-06-03,Processed
SMP123337,LO123337,PAT10219,FAC003,LAB004,Blood,2022-08-23,Collected
SMP123347,LO123347,PAT00374,FAC002,LAB008,Urine,2026-05-28,Collected
SMP123349,LO123349,PAT12976,FAC002,LAB013,Swab,2026-10-10,Collected
SMP123355,LO123355,PAT13821,FAC005,LAB010,Radiology,2022-04-18,Collected
SMP123362,LO123362,PAT06522,FAC004,LAB004,Blood,2022-04-21,Collected
SMP123369,LO123369,PAT09856,FAC005,LAB003,Blood,2025-08-12,Collected
SMP123396,LO123396,PAT10287,FAC002,LAB006,Blood,2021-02-11,Collected
SMP123397,LO123397,PAT10067,FAC003,LAB003,Blood,2024-05-02,Collected
SMP123414,LO123414,PAT11168,FAC002,LAB011,Blood,2023-08-09,Collected
SMP123417,LO123417,PAT07665,FAC002,LAB005,Blood,2026-12-22,Collected
SMP123419,LO123419,PAT00829,FAC003,LAB015,Blood,2023-09-30,Collected
SMP123427,LO123427,PAT14305,FAC004,LAB009,Radiology,2025-01-28,Collected
SMP123428,LO123428,PAT01112,FAC001,LAB015,Blood,2023-02-27,Processed
SMP123429,LO123429,PAT03496,FAC004,LAB003,Blood,2022-05-13,Collected
SMP123431,LO123431,PAT13074,FAC003,LAB012,Blood,2021-12-01,Collected
SMP123439,LO123439,PAT07174,FAC001,LAB004,Blood,2021-07-29,Collected
SMP123444,LO123444,PAT00327,FAC002,LAB007,Urine,2023-03-18,Processed
SMP123449,LO123449,PAT06267,FAC004,LAB008,Urine,2024-02-24,Collected
SMP123450,LO123450,PAT03290,FAC005,LAB002,Blood,2022-06-14,Collected
SMP123451,LO123451,PAT09726,FAC003,LAB014,Blood,2026-01-04,Collected
SMP123457,LO123457,PAT02532,FAC002,LAB006,Blood,2022-01-22,Collected
SMP123463,LO123463,PAT12680,FAC001,LAB003,Blood,2026-07-02,Collected
SMP123475,LO123475,PAT11358,FAC003,LAB012,Blood,2022-03-24,Collected
SMP123481,LO123481,PAT00579,FAC002,LAB014,Blood,2023-05-07,Processed
SMP123482,LO123482,PAT03078,FAC003,LAB002,Blood,2025-01-12,Collected
SMP123484,LO123484,PAT09469,FAC003,LAB008,Urine,2025-04-09,Collected
SMP123485,LO123485,PAT03685,FAC004,LAB004,Blood,2021-12-09,Collected
SMP123492,LO123492,PAT11132,FAC005,LAB014,Blood,2022-04-05,Collected
SMP123501,LO123501,PAT06078,FAC001,LAB003,Blood,2021-06-22,Collected
SMP123503,LO123503,PAT11147,FAC002,LAB014,Blood,2023-10-28,Collected
SMP123507,LO123507,PAT03022,FAC003,LAB014,Blood,2025-02-20,Collected
SMP123511,LO123511,PAT07589,FAC005,LAB013,Swab,2025-02-22,Collected
SMP123533,LO123533,PAT14478,FAC005,LAB002,Blood,2021-07-21,Collected
SMP123538,LO123538,PAT05959,FAC005,LAB005,Blood,2025-06-17,Collected
SMP123541,LO123541,PAT04131,FAC003,LAB013,Swab,2026-12-29,Collected
SMP123544,LO123544,PAT10110,FAC002,LAB005,Blood,2024-04-01,Collected
SMP123550,LO123550,PAT06694,FAC002,LAB013,Swab,2022-08-27,Collected
SMP123553,LO123553,PAT03945,FAC001,LAB011,Blood,2026-04-25,Processed
SMP123555,LO123555,PAT01749,FAC004,LAB010,Radiology,2023-09-22,Processed
SMP123558,LO123558,PAT06951,FAC004,LAB008,Urine,2026-06-03,Collected
SMP123559,LO123559,PAT06352,FAC002,LAB010,Radiology,2021-08-21,Collected
SMP123564,LO123564,PAT12597,FAC004,LAB012,Blood,2024-01-13,Collected
SMP123566,LO123566,PAT06877,FAC002,LAB012,Blood,2021-12-31,Collected
SMP123567,LO123567,PAT08541,FAC004,LAB003,Blood,2023-10-23,Collected
SMP123570,LO123570,PAT06460,FAC005,LAB007,Urine,2025-10-02,Collected
SMP123573,LO123573,PAT12693,FAC004,LAB011,Blood,2022-03-02,Collected
SMP123574,LO123574,PAT01523,FAC001,LAB014,Blood,2023-07-24,Processed
SMP123575,LO123575,PAT13775,FAC002,LAB004,Blood,2026-12-22,Collected
SMP123580,LO123580,PAT03078,FAC001,LAB014,Blood,2023-06-22,Collected
SMP123582,LO123582,PAT02617,FAC002,LAB002,Blood,2026-06-22,Processed
SMP123584,LO123584,PAT10884,FAC003,LAB006,Blood,2021-05-28,Collected
SMP123588,LO123588,PAT08072,FAC003,LAB012,Blood,2025-01-16,Collected
SMP123591,LO123591,PAT03888,FAC003,LAB002,Blood,2023-03-07,Collected
SMP123596,LO123596,PAT04895,FAC004,LAB015,Blood,2025-12-21,Collected
SMP123601,LO123601,PAT04082,FAC001,LAB009,Radiology,2024-07-16,Processed
SMP123604,LO123604,PAT09286,FAC002,LAB002,Blood,2026-05-16,Collected
SMP123605,LO123605,PAT08831,FAC001,LAB005,Blood,2025-08-31,Collected
SMP123610,LO123610,PAT07496,FAC004,LAB010,Radiology,2022-02-19,Collected
SMP123616,LO123616,PAT01238,FAC002,LAB009,Radiology,2026-03-12,Collected
SMP123617,LO123617,PAT03618,FAC003,LAB001,Blood,2025-01-13,Processed
SMP123620,LO123620,PAT14855,FAC005,LAB013,Swab,2024-09-22,Processed
SMP123622,LO123622,PAT00028,FAC004,LAB013,Swab,2024-01-18,Processed
SMP123625,LO123625,PAT02500,FAC003,LAB008,Urine,2026-02-13,Collected
SMP123626,LO123626,PAT09788,FAC002,LAB015,Blood,2021-02-07,Processed
SMP123630,LO123630,PAT13218,FAC005,LAB001,Blood,2021-05-01,Collected
SMP123633,LO123633,PAT13318,FAC002,LAB012,Blood,2022-10-26,Collected
SMP123636,LO123636,PAT14396,FAC005,LAB013,Swab,2021-05-25,Collected
SMP123640,LO123640,PAT02272,FAC004,LAB009,Radiology,2024-05-25,Collected
SMP123644,LO123644,PAT08998,FAC003,LAB015,Blood,2023-11-03,Processed
SMP123648,LO123648,PAT14785,FAC003,LAB002,Blood,2023-10-11,Collected
SMP123653,LO123653,PAT08049,FAC001,LAB008,Urine,2023-03-03,Rejected
SMP123656,LO123656,PAT06182,FAC005,LAB015,Blood,2021-10-06,Processed
SMP123658,LO123658,PAT09382,FAC005,LAB014,Blood,2021-04-24,Collected
SMP123664,LO123664,PAT03016,FAC004,LAB010,Radiology,2026-12-29,Collected
SMP123668,LO123668,PAT04234,FAC003,LAB006,Blood,2024-08-07,Collected
SMP123678,LO123678,PAT05816,FAC001,LAB008,Urine,2021-07-16,Collected
SMP123679,LO123679,PAT10816,FAC003,LAB003,Blood,2024-11-09,Collected
SMP123680,LO123680,PAT12503,FAC005,LAB001,Blood,2026-09-28,Collected
SMP123683,LO123683,PAT07062,FAC005,LAB011,Blood,2023-12-08,Collected
SMP123684,LO123684,PAT04130,FAC001,LAB006,Blood,2025-11-06,Collected
SMP123685,LO123685,PAT13145,FAC001,LAB012,Blood,2023-06-09,Collected
SMP123695,LO123695,PAT04388,FAC004,LAB011,Blood,2023-12-28,Processed
SMP123696,LO123696,PAT02020,FAC004,LAB005,Blood,2025-02-28,Collected
SMP123697,LO123697,PAT12437,FAC005,LAB010,Radiology,2024-09-03,Collected
SMP123699,LO123699,PAT07387,FAC001,LAB013,Swab,2025-12-12,Processed
SMP123703,LO123703,PAT10977,FAC003,LAB015,Blood,2026-10-03,Collected
SMP123706,LO123706,PAT08133,FAC001,LAB002,Blood,2025-05-30,Collected
SMP123713,LO123713,PAT07979,FAC003,LAB014,Blood,2021-05-01,Collected
SMP123714,LO123714,PAT09995,FAC004,LAB001,Blood,2026-09-15,Collected
SMP123718,LO123718,PAT00400,FAC002,LAB004,Blood,2022-04-06,Collected
SMP123730,LO123730,PAT06683,FAC003,LAB005,Blood,2026-07-14,Collected
SMP123731,LO123731,PAT05829,FAC005,LAB002,Blood,2024-08-11,Collected
SMP123733,LO123733,PAT14041,FAC001,LAB015,Blood,2024-05-01,Collected
SMP123737,LO123737,PAT12357,FAC002,LAB006,Blood,2025-04-25,Collected
SMP123738,LO123738,PAT04462,FAC003,LAB013,Swab,2024-12-12,Collected
SMP123740,LO123740,PAT05839,FAC002,LAB005,Blood,2022-01-18,Collected
SMP123742,LO123742,PAT03435,FAC003,LAB006,Blood,2022-01-17,Collected
SMP123750,LO123750,PAT07631,FAC003,LAB009,Radiology,2023-07-29,Collected
SMP123753,LO123753,PAT07041,FAC005,LAB007,Urine,2025-10-03,Collected
SMP123754,LO123754,PAT04345,FAC003,LAB009,Radiology,2026-04-02,Collected
SMP123755,LO123755,PAT02560,FAC005,LAB014,Blood,2024-09-03,Collected
SMP123756,LO123756,PAT05624,FAC003,LAB009,Radiology,2023-01-18,Collected
SMP123757,LO123757,PAT02215,FAC004,LAB013,Swab,2025-09-18,Collected
SMP123768,LO123768,PAT07979,FAC001,LAB014,Blood,2024-06-14,Collected
SMP123769,LO123769,PAT14662,FAC002,LAB002,Blood,2021-10-16,Collected
SMP123773,LO123773,PAT00559,FAC001,LAB014,Blood,2024-01-03,Processed
SMP123783,LO123783,PAT03602,FAC004,LAB012,Blood,2026-10-26,Collected
SMP123795,LO123795,PAT14199,FAC003,LAB012,Blood,2026-12-22,Collected
SMP123801,LO123801,PAT05658,FAC001,LAB002,Blood,2021-12-27,Collected
SMP123803,LO123803,PAT11958,FAC002,LAB008,Urine,2021-03-16,Collected
SMP123805,LO123805,PAT14594,FAC005,LAB012,Blood,2026-01-31,Collected
SMP123806,LO123806,PAT07535,FAC001,LAB007,Urine,2023-06-21,Collected
SMP123807,LO123807,PAT14325,FAC005,LAB010,Radiology,2021-04-07,Collected
SMP123817,LO123817,PAT02335,FAC004,LAB014,Blood,2022-09-02,Collected
SMP123822,LO123822,PAT05051,FAC005,LAB014,Blood,2021-03-30,Collected
SMP123826,LO123826,PAT08875,FAC001,LAB001,Blood,2021-12-16,Processed
SMP123829,LO123829,PAT06215,FAC004,LAB010,Radiology,2023-05-20,Processed
SMP123832,LO123832,PAT08243,FAC005,LAB010,Radiology,2024-01-25,Collected
SMP123846,LO123846,PAT03972,FAC004,LAB009,Radiology,2021-11-03,Collected
SMP123851,LO123851,PAT13188,FAC004,LAB001,Blood,2021-12-20,Collected
SMP123852,LO123852,PAT14742,FAC004,LAB009,Radiology,2026-03-31,Collected
SMP123853,LO123853,PAT09469,FAC002,LAB012,Blood,2024-11-11,Collected
SMP123861,LO123861,PAT08803,FAC003,LAB015,Blood,2021-01-15,Collected
SMP123865,LO123865,PAT02185,FAC003,LAB003,Blood,2024-08-23,Processed
SMP123867,LO123867,PAT02472,FAC001,LAB010,Radiology,2025-01-17,Collected
SMP123869,LO123869,PAT12236,FAC003,LAB001,Blood,2022-08-24,Collected
SMP123870,LO123870,PAT04686,FAC002,LAB010,Radiology,2023-06-22,Collected
SMP123871,LO123871,PAT14189,FAC004,LAB011,Blood,2025-12-12,Collected
SMP123874,LO123874,PAT05749,FAC005,LAB004,Blood,2025-11-14,Collected
SMP123876,LO123876,PAT00388,FAC001,LAB012,Blood,2025-02-15,Collected
SMP123877,LO123877,PAT04437,FAC003,LAB013,Swab,2026-03-20,Collected
SMP123879,LO123879,PAT13153,FAC004,LAB009,Radiology,2023-12-14,Collected
SMP123882,LO123882,PAT03435,FAC002,LAB010,Radiology,2025-12-22,Collected
SMP123890,LO123890,PAT14979,FAC004,LAB003,Blood,2023-08-11,Collected
SMP123891,LO123891,PAT09870,FAC005,LAB010,Radiology,2022-03-29,Collected
SMP123896,LO123896,PAT11980,FAC003,LAB011,Blood,2023-08-14,Processed
SMP123897,LO123897,PAT14983,FAC002,LAB005,Blood,2022-05-30,Collected
SMP123903,LO123903,PAT10925,FAC004,LAB013,Swab,2021-11-02,Collected
SMP123905,LO123905,PAT10391,FAC004,LAB003,Blood,2022-03-23,Collected
SMP123910,LO123910,PAT07226,FAC004,LAB015,Blood,2025-09-17,Collected
SMP123911,LO123911,PAT04442,FAC004,LAB015,Blood,2022-01-05,Collected
SMP123912,LO123912,PAT00252,FAC004,LAB002,Blood,2024-03-02,Collected
SMP123930,LO123930,PAT02862,FAC001,LAB015,Blood,2026-03-20,Processed
SMP123938,LO123938,PAT13184,FAC003,LAB008,Urine,2025-07-30,Collected
SMP123941,LO123941,PAT10320,FAC001,LAB014,Blood,2024-06-15,Collected
SMP123945,LO123945,PAT03316,FAC001,LAB006,Blood,2022-12-14,Collected
SMP123957,LO123957,PAT06336,FAC004,LAB013,Swab,2021-03-03,Collected
SMP123959,LO123959,PAT10110,FAC004,LAB012,Blood,2025-03-28,Collected
SMP123962,LO123962,PAT09159,FAC003,LAB003,Blood,2021-01-18,Collected
SMP123969,LO123969,PAT05533,FAC005,LAB012,Blood,2021-06-21,Collected
SMP123977,LO123977,PAT09103,FAC003,LAB007,Urine,2023-11-29,Collected
SMP123987,LO123987,PAT05693,FAC005,LAB002,Blood,2024-08-22,Collected
SMP123988,LO123988,PAT08998,FAC005,LAB004,Blood,2024-04-25,Collected
SMP123990,LO123990,PAT05752,FAC003,LAB010,Radiology,2023-12-10,Collected
SMP123991,LO123991,PAT00669,FAC001,LAB009,Radiology,2026-04-28,Collected
SMP123994,LO123994,PAT01499,FAC004,LAB014,Blood,2025-07-05,Collected
SMP124001,LO124001,PAT14816,FAC004,LAB013,Swab,2022-07-17,Collected
SMP124009,LO124009,PAT00231,FAC005,LAB014,Blood,2024-04-26,Collected
SMP124010,LO124010,PAT04190,FAC005,LAB004,Blood,2026-09-09,Collected
SMP124024,LO124024,PAT13944,FAC004,LAB011,Blood,2026-02-04,Collected
SMP124027,LO124027,PAT04149,FAC003,LAB009,Radiology,2025-11-14,Collected
SMP124032,LO124032,PAT04063,FAC003,LAB004,Blood,2021-04-09,Collected
SMP124033,LO124033,PAT06339,FAC001,LAB015,Blood,2021-07-04,Collected
SMP124034,LO124034,PAT04683,FAC003,LAB011,Blood,2024-05-04,Collected
SMP124036,LO124036,PAT13998,FAC005,LAB003,Blood,2023-01-23,Collected
SMP124042,LO124042,PAT05564,FAC001,LAB011,Blood,2021-09-25,Collected
SMP124051,LO124051,PAT02472,FAC003,LAB013,Swab,2023-09-18,Collected
SMP124053,LO124053,PAT07866,FAC003,LAB005,Blood,2022-12-02,Collected
SMP124057,LO124057,PAT06348,FAC004,LAB012,Blood,2024-02-27,Collected
SMP124060,LO124060,PAT12388,FAC002,LAB004,Blood,2021-12-10,Collected
SMP124067,LO124067,PAT00246,FAC005,LAB008,Urine,2025-08-21,Collected
SMP124068,LO124068,PAT11621,FAC002,LAB001,Blood,2022-06-03,Processed
SMP124077,LO124077,PAT09150,FAC002,LAB001,Blood,2023-05-07,Collected
SMP124085,LO124085,PAT13930,FAC004,LAB011,Blood,2022-10-06,Collected
SMP124087,LO124087,PAT09973,FAC004,LAB010,Radiology,2023-03-09,Collected
SMP124091,LO124091,PAT04879,FAC004,LAB003,Blood,2025-12-22,Collected
SMP124094,LO124094,PAT00069,FAC002,LAB002,Blood,2025-09-19,Collected
SMP124096,LO124096,PAT04418,FAC002,LAB010,Radiology,2022-05-02,Collected
SMP124105,LO124105,PAT08604,FAC004,LAB005,Blood,2024-08-20,Collected
SMP124109,LO124109,PAT10109,FAC005,LAB001,Blood,2024-03-22,Collected
SMP124113,LO124113,PAT14788,FAC004,LAB002,Blood,2024-02-28,Collected
SMP124114,LO124114,PAT06463,FAC005,LAB003,Blood,2026-07-28,Collected
SMP124124,LO124124,PAT05021,FAC003,LAB009,Radiology,2022-02-04,Collected
SMP124128,LO124128,PAT12793,FAC002,LAB014,Blood,2026-05-19,Collected
SMP124135,LO124135,PAT03596,FAC002,LAB015,Blood,2021-10-25,Collected
SMP124137,LO124137,PAT14727,FAC003,LAB001,Blood,2021-10-04,Collected
SMP124140,LO124140,PAT03064,FAC002,LAB012,Blood,2021-11-13,Collected
SMP124141,LO124141,PAT11298,FAC002,LAB013,Swab,2024-08-29,Collected
SMP124145,LO124145,PAT09086,FAC003,LAB002,Blood,2025-12-06,Collected
SMP124150,LO124150,PAT08179,FAC002,LAB009,Radiology,2024-06-18,Collected
SMP124161,LO124161,PAT00171,FAC003,LAB004,Blood,2023-01-24,Collected
SMP124169,LO124169,PAT11764,FAC002,LAB010,Radiology,2025-05-06,Collected
SMP124177,LO124177,PAT05385,FAC002,LAB001,Blood,2024-03-21,Processed
SMP124179,LO124179,PAT00863,FAC002,LAB009,Radiology,2024-09-18,Collected
SMP124180,LO124180,PAT11374,FAC005,LAB003,Blood,2026-03-20,Collected
SMP124184,LO124184,PAT12880,FAC002,LAB009,Radiology,2025-05-16,Collected
SMP124187,LO124187,PAT03828,FAC002,LAB006,Blood,2024-01-11,Collected
SMP124197,LO124197,PAT12114,FAC003,LAB002,Blood,2024-07-05,Collected
SMP124200,LO124200,PAT08727,FAC002,LAB015,Blood,2026-01-05,Collected
SMP124205,LO124205,PAT08974,FAC002,LAB001,Blood,2024-09-24,Collected
SMP124206,LO124206,PAT07924,FAC005,LAB001,Blood,2021-10-22,Collected
SMP124207,LO124207,PAT10044,FAC002,LAB014,Blood,2023-03-22,Collected
SMP124208,LO124208,PAT12405,FAC005,LAB015,Blood,2025-06-10,Processed
SMP124211,LO124211,PAT01086,FAC001,LAB007,Urine,2023-06-14,Processed
SMP124214,LO124214,PAT05528,FAC002,LAB002,Blood,2026-10-30,Processed
SMP124219,LO124219,PAT00579,FAC005,LAB015,Blood,2024-10-30,Collected
SMP124220,LO124220,PAT09786,FAC001,LAB010,Radiology,2022-02-03,Processed
SMP124224,LO124224,PAT08529,FAC003,LAB005,Blood,2022-07-27,Collected
SMP124225,LO124225,PAT06959,FAC004,LAB005,Blood,2026-07-11,Collected
SMP124229,LO124229,PAT09884,FAC003,LAB015,Blood,2021-12-06,Collected
SMP124256,LO124256,PAT09268,FAC005,LAB002,Blood,2026-01-08,Collected
SMP124259,LO124259,PAT13370,FAC005,LAB002,Blood,2023-01-06,Collected
SMP124260,LO124260,PAT05235,FAC002,LAB010,Radiology,2022-09-27,Collected
SMP124266,LO124266,PAT09341,FAC004,LAB008,Urine,2023-12-24,Processed
SMP124274,LO124274,PAT11810,FAC003,LAB011,Blood,2023-11-27,Collected
SMP124276,LO124276,PAT00764,FAC002,LAB015,Blood,2021-08-09,Collected
SMP124279,LO124279,PAT06476,FAC002,LAB003,Blood,2026-09-08,Processed
SMP124286,LO124286,PAT07062,FAC003,LAB015,Blood,2024-08-21,Processed
SMP124289,LO124289,PAT09296,FAC004,LAB008,Urine,2026-08-01,Collected
SMP124293,LO124293,PAT04505,FAC001,LAB011,Blood,2026-12-01,Collected
SMP124295,LO124295,PAT09973,FAC002,LAB013,Swab,2024-08-20,Collected
SMP124297,LO124297,PAT12808,FAC005,LAB005,Blood,2025-05-16,Collected
SMP124306,LO124306,PAT13538,FAC001,LAB004,Blood,2023-02-07,Collected
SMP124309,LO124309,PAT10292,FAC005,LAB004,Blood,2022-08-28,Collected
SMP124311,LO124311,PAT09660,FAC003,LAB001,Blood,2024-05-11,Collected
SMP124324,LO124324,PAT00115,FAC001,LAB003,Blood,2022-11-03,Collected
SMP124353,LO124353,PAT11806,FAC004,LAB015,Blood,2022-02-01,Collected
SMP124358,LO124358,PAT06622,FAC003,LAB001,Blood,2024-07-25,Collected
SMP124360,LO124360,PAT00185,FAC004,LAB002,Blood,2023-11-26,Collected
SMP124365,LO124365,PAT05713,FAC005,LAB014,Blood,2025-01-17,Collected
SMP124369,LO124369,PAT11147,FAC003,LAB015,Blood,2022-12-24,Processed
SMP124375,LO124375,PAT08975,FAC002,LAB009,Radiology,2024-07-11,Collected
SMP124378,LO124378,PAT07170,FAC004,LAB015,Blood,2021-05-11,Collected
SMP124383,LO124383,PAT05045,FAC004,LAB015,Blood,2021-05-20,Collected
SMP124388,LO124388,PAT02627,FAC001,LAB009,Radiology,2022-01-31,Collected
SMP124393,LO124393,PAT06713,FAC003,LAB006,Blood,2026-08-01,Processed
SMP124396,LO124396,PAT02232,FAC005,LAB001,Blood,2023-06-14,Rejected
SMP124403,LO124403,PAT08935,FAC004,LAB008,Urine,2023-01-21,Collected
SMP124404,LO124404,PAT00340,FAC004,LAB010,Radiology,2021-05-04,Collected
SMP124406,LO124406,PAT05235,FAC001,LAB010,Radiology,2022-07-02,Processed
SMP124428,LO124428,PAT13470,FAC004,LAB003,Blood,2024-03-04,Collected
SMP124429,LO124429,PAT14454,FAC004,LAB009,Radiology,2026-08-07,Collected
SMP124430,LO124430,PAT03261,FAC005,LAB005,Blood,2022-07-23,Collected
SMP124432,LO124432,PAT01706,FAC005,LAB003,Blood,2024-09-03,Collected
SMP124436,LO124436,PAT01003,FAC002,LAB015,Blood,2024-01-12,Collected
SMP124444,LO124444,PAT13593,FAC001,LAB006,Blood,2024-07-04,Collected
SMP124450,LO124450,PAT07922,FAC004,LAB011,Blood,2025-03-15,Collected
SMP124458,LO124458,PAT00036,FAC003,LAB015,Blood,2026-09-18,Processed
SMP124461,LO124461,PAT05235,FAC001,LAB015,Blood,2021-09-26,Collected
SMP124465,LO124465,PAT02996,FAC001,LAB009,Radiology,2024-12-12,Collected
SMP124483,LO124483,PAT11022,FAC005,LAB014,Blood,2024-06-11,Collected
SMP124488,LO124488,PAT03861,FAC002,LAB006,Blood,2024-01-19,Collected
SMP124489,LO124489,PAT05837,FAC004,LAB003,Blood,2022-10-03,Collected
SMP124491,LO124491,PAT12812,FAC003,LAB013,Swab,2025-12-12,Collected
SMP124493,LO124493,PAT14521,FAC002,LAB006,Blood,2024-02-12,Collected
SMP124505,LO124505,PAT04803,FAC003,LAB005,Blood,2026-11-09,Collected
SMP124506,LO124506,PAT00430,FAC001,LAB008,Urine,2024-09-19,Collected
SMP124518,LO124518,PAT06114,FAC004,LAB009,Radiology,2021-12-13,Collected
SMP124521,LO124521,PAT13421,FAC004,LAB012,Blood,2023-02-24,Collected
SMP124528,LO124528,PAT06437,FAC003,LAB007,Urine,2025-09-29,Collected
SMP124535,LO124535,PAT04871,FAC001,LAB015,Blood,2023-09-19,Collected
SMP124538,LO124538,PAT11728,FAC004,LAB001,Blood,2021-01-17,Collected
SMP124541,LO124541,PAT09141,FAC005,LAB007,Urine,2024-12-27,Collected
SMP124542,LO124542,PAT05943,FAC001,LAB003,Blood,2021-03-11,Collected
SMP124552,LO124552,PAT13403,FAC004,LAB005,Blood,2022-10-04,Collected
SMP124557,LO124557,PAT09627,FAC002,LAB005,Blood,2025-04-27,Collected
SMP124560,LO124560,PAT06988,FAC001,LAB005,Blood,2023-02-25,Collected
SMP124563,LO124563,PAT14820,FAC002,LAB006,Blood,2024-03-18,Processed
SMP124564,LO124564,PAT11288,FAC003,LAB001,Blood,2023-08-10,Collected
SMP124565,LO124565,PAT02145,FAC005,LAB008,Urine,2026-07-02,Collected
SMP124569,LO124569,PAT07075,FAC003,LAB006,Blood,2026-10-18,Collected
SMP124575,LO124575,PAT06551,FAC002,LAB002,Blood,2025-02-15,Collected
SMP124578,LO124578,PAT13538,FAC005,LAB005,Blood,2026-11-10,Collected
SMP124579,LO124579,PAT07653,FAC001,LAB011,Blood,2024-11-05,Collected
SMP124580,LO124580,PAT13550,FAC004,LAB013,Swab,2021-12-30,Collected
SMP124582,LO124582,PAT09692,FAC005,LAB010,Radiology,2022-09-25,Collected
SMP124590,LO124590,PAT11159,FAC003,LAB003,Blood,2025-06-13,Collected
SMP124591,LO124591,PAT03947,FAC001,LAB010,Radiology,2024-10-31,Collected
SMP124593,LO124593,PAT10529,FAC003,LAB002,Blood,2021-07-17,Collected
SMP124594,LO124594,PAT08937,FAC002,LAB004,Blood,2023-11-24,Collected
SMP124609,LO124609,PAT12968,FAC003,LAB014,Blood,2026-08-18,Collected
SMP124613,LO124613,PAT08992,FAC005,LAB014,Blood,2025-03-07,Collected
SMP124615,LO124615,PAT03996,FAC004,LAB004,Blood,2024-01-25,Collected
SMP124618,LO124618,PAT03188,FAC002,LAB008,Urine,2022-04-02,Collected
SMP124619,LO124619,PAT10347,FAC003,LAB014,Blood,2024-04-23,Collected
SMP124623,LO124623,PAT08547,FAC003,LAB004,Blood,2021-12-15,Collected
SMP124625,LO124625,PAT13819,FAC005,LAB005,Blood,2021-12-31,Collected
SMP124628,LO124628,PAT05398,FAC004,LAB006,Blood,2022-07-08,Collected
SMP124630,LO124630,PAT04780,FAC004,LAB013,Swab,2021-04-23,Collected
SMP124637,LO124637,PAT07062,FAC002,LAB011,Blood,2024-06-29,Collected
SMP124638,LO124638,PAT01523,FAC001,LAB002,Blood,2026-08-12,Collected
SMP124639,LO124639,PAT14043,FAC001,LAB012,Blood,2026-01-28,Collected
SMP124642,LO124642,PAT12408,FAC004,LAB012,Blood,2021-07-30,Collected
SMP124647,LO124647,PAT09702,FAC003,LAB004,Blood,2023-05-28,Collected
SMP124648,LO124648,PAT04709,FAC004,LAB014,Blood,2022-12-25,Collected
SMP124650,LO124650,PAT00466,FAC002,LAB002,Blood,2023-05-05,Collected
SMP124665,LO124665,PAT01374,FAC001,LAB015,Blood,2025-07-05,Processed
SMP124666,LO124666,PAT13821,FAC005,LAB002,Blood,2024-01-02,Collected
SMP124669,LO124669,PAT08529,FAC001,LAB003,Blood,2026-02-28,Rejected
SMP124678,LO124678,PAT13905,FAC002,LAB009,Radiology,2025-02-17,Collected
SMP124693,LO124693,PAT12115,FAC002,LAB005,Blood,2026-09-25,Collected
SMP124703,LO124703,PAT07360,FAC004,LAB005,Blood,2022-01-16,Processed
SMP124713,LO124713,PAT13323,FAC004,LAB010,Radiology,2022-08-09,Collected
SMP124714,LO124714,PAT14701,FAC003,LAB013,Swab,2021-09-21,Collected
SMP124725,LO124725,PAT01804,FAC001,LAB007,Urine,2022-01-20,Collected
SMP124731,LO124731,PAT13982,FAC001,LAB013,Swab,2023-02-14,Collected
SMP124734,LO124734,PAT07111,FAC004,LAB012,Blood,2024-10-03,Processed
SMP124736,LO124736,PAT06891,FAC003,LAB001,Blood,2025-03-23,Collected
SMP124738,LO124738,PAT03102,FAC003,LAB007,Urine,2026-08-12,Collected
SMP124741,LO124741,PAT11627,FAC002,LAB014,Blood,2024-03-28,Collected
SMP124744,LO124744,PAT14179,FAC003,LAB015,Blood,2025-04-10,Collected
SMP124746,LO124746,PAT07291,FAC004,LAB006,Blood,2025-10-24,Collected
SMP124753,LO124753,PAT13997,FAC004,LAB012,Blood,2025-04-03,Collected
SMP124761,LO124761,PAT00908,FAC003,LAB005,Blood,2026-12-18,Collected
SMP124762,LO124762,PAT09376,FAC005,LAB005,Blood,2021-06-07,Collected
SMP124764,LO124764,PAT00829,FAC002,LAB005,Blood,2025-08-13,Collected
SMP124769,LO124769,PAT14813,FAC005,LAB015,Blood,2024-10-18,Processed
SMP124782,LO124782,PAT13153,FAC001,LAB012,Blood,2022-08-01,Collected
SMP124789,LO124789,PAT09394,FAC001,LAB010,Radiology,2022-01-14,Collected
SMP124791,LO124791,PAT00612,FAC003,LAB015,Blood,2025-12-10,Collected
SMP124795,LO124795,PAT14995,FAC003,LAB011,Blood,2021-07-13,Collected
SMP124798,LO124798,PAT13164,FAC003,LAB003,Blood,2026-12-28,Collected
SMP124819,LO124819,PAT00304,FAC001,LAB015,Blood,2026-03-16,Collected
SMP124820,LO124820,PAT12265,FAC002,LAB013,Swab,2022-11-13,Collected
SMP124826,LO124826,PAT08927,FAC003,LAB008,Urine,2025-11-21,Collected
SMP124831,LO124831,PAT10207,FAC003,LAB012,Blood,2024-04-10,Collected
SMP124835,LO124835,PAT08188,FAC005,LAB009,Radiology,2024-09-08,Collected
SMP124839,LO124839,PAT09508,FAC002,LAB005,Blood,2022-09-14,Collected
SMP124844,LO124844,PAT11718,FAC001,LAB011,Blood,2022-05-28,Collected
SMP124852,LO124852,PAT06071,FAC003,LAB008,Urine,2025-01-04,Processed
SMP124853,LO124853,PAT00543,FAC004,LAB003,Blood,2022-09-19,Collected
SMP124860,LO124860,PAT07248,FAC005,LAB015,Blood,2024-01-13,Processed
SMP124865,LO124865,PAT05767,FAC004,LAB008,Urine,2024-07-04,Collected
SMP124871,LO124871,PAT11068,FAC005,LAB003,Blood,2024-07-26,Collected
SMP124872,LO124872,PAT02332,FAC001,LAB012,Blood,2025-10-26,Collected
SMP124880,LO124880,PAT11273,FAC001,LAB013,Swab,2022-04-29,Collected
SMP124887,LO124887,PAT00115,FAC004,LAB009,Radiology,2026-05-11,Collected
SMP124894,LO124894,PAT09021,FAC005,LAB014,Blood,2022-09-19,Processed
SMP124915,LO124915,PAT12357,FAC002,LAB002,Blood,2023-08-03,Rejected
SMP124924,LO124924,PAT02910,FAC003,LAB003,Blood,2027-01-02,Collected
SMP124933,LO124933,PAT10932,FAC004,LAB012,Blood,2021-04-10,Collected
SMP124956,LO124956,PAT13414,FAC002,LAB002,Blood,2021-10-18,Collected
SMP124958,LO124958,PAT07920,FAC002,LAB006,Blood,2026-07-01,Collected
SMP124960,LO124960,PAT10122,FAC001,LAB009,Radiology,2023-07-04,Collected
SMP124964,LO124964,PAT01905,FAC002,LAB010,Radiology,2021-02-01,Collected
SMP124968,LO124968,PAT01484,FAC003,LAB007,Urine,2026-04-23,Collected
SMP124970,LO124970,PAT04829,FAC001,LAB003,Blood,2022-07-21,Collected
SMP124972,LO124972,PAT13525,FAC005,LAB012,Blood,2025-07-10,Collected
SMP124983,LO124983,PAT05924,FAC004,LAB002,Blood,2022-04-08,Collected
SMP124986,LO124986,PAT12650,FAC005,LAB006,Blood,2021-06-09,Collected
SMP124990,LO124990,PAT14683,FAC005,LAB006,Blood,2026-08-21,Collected
SMP125001,LO125001,PAT03614,FAC004,LAB014,Blood,2025-06-03,Collected
SMP125004,LO125004,PAT08407,FAC004,LAB010,Radiology,2024-06-12,Collected
SMP125013,LO125013,PAT08028,FAC003,LAB014,Blood,2024-03-17,Collected
SMP125033,LO125033,PAT06683,FAC005,LAB011,Blood,2024-07-27,Collected
SMP125034,LO125034,PAT01023,FAC005,LAB001,Blood,2022-09-19,Collected
SMP125039,LO125039,PAT08061,FAC002,LAB008,Urine,2022-06-11,Processed
SMP125043,LO125043,PAT06992,FAC003,LAB007,Urine,2025-01-28,Processed
SMP125044,LO125044,PAT00908,FAC003,LAB003,Blood,2024-03-21,Processed
SMP125059,LO125059,PAT13071,FAC005,LAB014,Blood,2021-12-26,Collected
SMP125068,LO125068,PAT01394,FAC005,LAB001,Blood,2023-08-14,Processed
SMP125077,LO125077,PAT09056,FAC004,LAB014,Blood,2023-12-19,Rejected
SMP125079,LO125079,PAT08607,FAC002,LAB007,Urine,2025-04-01,Collected
SMP125086,LO125086,PAT04193,FAC002,LAB006,Blood,2024-08-10,Collected
SMP125097,LO125097,PAT02358,FAC002,LAB015,Blood,2026-03-24,Processed
SMP125106,LO125106,PAT03959,FAC002,LAB009,Radiology,2025-12-28,Collected
SMP125109,LO125109,PAT00328,FAC005,LAB006,Blood,2023-06-26,Collected
SMP125113,LO125113,PAT11931,FAC003,LAB013,Swab,2024-05-02,Collected
SMP125117,LO125117,PAT03796,FAC003,LAB001,Blood,2021-07-13,Collected
SMP125120,LO125120,PAT03690,FAC004,LAB004,Blood,2024-11-08,Collected
SMP125122,LO125122,PAT07008,FAC005,LAB013,Swab,2022-02-24,Processed
SMP125131,LO125131,PAT02068,FAC004,LAB012,Blood,2022-12-02,Collected
SMP125133,LO125133,PAT13555,FAC004,LAB001,Blood,2026-03-06,Collected
SMP125138,LO125138,PAT10110,FAC001,LAB002,Blood,2024-03-27,Collected
SMP125146,LO125146,PAT13116,FAC003,LAB005,Blood,2024-06-18,Collected
SMP125149,LO125149,PAT05206,FAC004,LAB006,Blood,2026-04-08,Collected
SMP125154,LO125154,PAT06867,FAC001,LAB001,Blood,2022-05-18,Collected
SMP125164,LO125164,PAT11976,FAC003,LAB001,Blood,2021-01-19,Collected
SMP125169,LO125169,PAT02488,FAC005,LAB006,Blood,2024-10-03,Collected
SMP125174,LO125174,PAT01845,FAC003,LAB003,Blood,2024-03-03,Collected
SMP125177,LO125177,PAT05599,FAC002,LAB014,Blood,2026-02-25,Collected
SMP125178,LO125178,PAT12587,FAC003,LAB014,Blood,2023-10-24,Collected
SMP125179,LO125179,PAT01635,FAC004,LAB011,Blood,2025-01-22,Collected
SMP125183,LO125183,PAT12405,FAC003,LAB014,Blood,2022-01-28,Collected
SMP125187,LO125187,PAT08109,FAC005,LAB003,Blood,2026-11-07,Collected
SMP125193,LO125193,PAT09394,FAC004,LAB012,Blood,2024-05-14,Collected
SMP125205,LO125205,PAT07786,FAC001,LAB002,Blood,2023-09-24,Collected
SMP125217,LO125217,PAT14643,FAC002,LAB014,Blood,2021-07-11,Collected
SMP125221,LO125221,PAT12120,FAC004,LAB005,Blood,2023-02-01,Collected
SMP125223,LO125223,PAT11387,FAC002,LAB009,Radiology,2021-05-20,Collected
SMP125229,LO125229,PAT14618,FAC002,LAB014,Blood,2024-04-08,Collected
SMP125238,LO125238,PAT09053,FAC004,LAB015,Blood,2026-07-08,Collected
SMP125254,LO125254,PAT03483,FAC004,LAB012,Blood,2025-10-11,Collected
SMP125257,LO125257,PAT09856,FAC005,LAB012,Blood,2021-10-26,Rejected
SMP125262,LO125262,PAT07361,FAC002,LAB002,Blood,2021-10-21,Collected
SMP125265,LO125265,PAT00648,FAC004,LAB006,Blood,2021-10-20,Collected
SMP125266,LO125266,PAT05767,FAC003,LAB014,Blood,2025-10-15,Collected
SMP125269,LO125269,PAT00334,FAC005,LAB011,Blood,2022-12-28,Processed
SMP125276,LO125276,PAT13096,FAC005,LAB001,Blood,2025-10-28,Collected
SMP125279,LO125279,PAT03614,FAC004,LAB003,Blood,2023-02-11,Collected
SMP125295,LO125295,PAT13790,FAC003,LAB011,Blood,2023-11-27,Collected
SMP125296,LO125296,PAT11059,FAC005,LAB003,Blood,2025-05-28,Collected
SMP125307,LO125307,PAT05614,FAC004,LAB003,Blood,2024-11-01,Collected
SMP125312,LO125312,PAT01167,FAC003,LAB013,Swab,2024-06-29,Collected
SMP125314,LO125314,PAT12535,FAC005,LAB007,Urine,2026-08-14,Collected
SMP125318,LO125318,PAT03616,FAC003,LAB014,Blood,2021-02-09,Collected
SMP125321,LO125321,PAT11255,FAC004,LAB002,Blood,2022-12-25,Collected
SMP125324,LO125324,PAT08452,FAC001,LAB012,Blood,2022-10-06,Processed
SMP125326,LO125326,PAT06581,FAC004,LAB015,Blood,2025-01-11,Collected
SMP125337,LO125337,PAT05684,FAC005,LAB012,Blood,2026-04-17,Collected
SMP125340,LO125340,PAT08391,FAC004,LAB006,Blood,2024-10-14,Collected
SMP125345,LO125345,PAT05815,FAC003,LAB008,Urine,2026-04-13,Collected
SMP125352,LO125352,PAT08485,FAC001,LAB013,Swab,2026-12-06,Collected
SMP125364,LO125364,PAT09220,FAC003,LAB005,Blood,2023-01-05,Collected
SMP125392,LO125392,PAT09001,FAC003,LAB012,Blood,2023-04-29,Collected
SMP125393,LO125393,PAT08050,FAC001,LAB004,Blood,2026-12-16,Collected
SMP125401,LO125401,PAT12129,FAC003,LAB011,Blood,2021-12-31,Collected
SMP125407,LO125407,PAT00773,FAC003,LAB005,Blood,2023-03-31,Collected
SMP125409,LO125409,PAT08635,FAC004,LAB010,Radiology,2021-08-17,Collected
SMP125410,LO125410,PAT04765,FAC002,LAB012,Blood,2023-07-18,Collected
SMP125413,LO125413,PAT03782,FAC004,LAB009,Radiology,2024-12-11,Collected
SMP125417,LO125417,PAT00773,FAC005,LAB003,Blood,2025-03-27,Collected
SMP125421,LO125421,PAT01732,FAC003,LAB010,Radiology,2023-03-03,Collected
SMP125432,LO125432,PAT07223,FAC001,LAB014,Blood,2026-08-07,Collected
SMP125433,LO125433,PAT12296,FAC003,LAB008,Urine,2025-06-09,Collected
SMP125440,LO125440,PAT11545,FAC002,LAB002,Blood,2025-03-26,Collected
SMP125444,LO125444,PAT03456,FAC005,LAB008,Urine,2024-07-04,Collected
SMP125445,LO125445,PAT11855,FAC002,LAB010,Radiology,2022-05-28,Collected
SMP125449,LO125449,PAT06335,FAC001,LAB007,Urine,2026-08-02,Collected
SMP125451,LO125451,PAT04149,FAC001,LAB008,Urine,2022-01-28,Collected
SMP125462,LO125462,PAT01356,FAC001,LAB001,Blood,2021-02-10,Collected
SMP125463,LO125463,PAT06561,FAC004,LAB014,Blood,2024-12-12,Collected
SMP125477,LO125477,PAT14835,FAC004,LAB002,Blood,2023-07-01,Rejected
SMP125478,LO125478,PAT07029,FAC003,LAB009,Radiology,2022-06-08,Collected
SMP125479,LO125479,PAT04112,FAC005,LAB002,Blood,2026-01-14,Collected
SMP125482,LO125482,PAT13783,FAC002,LAB010,Radiology,2021-08-24,Collected
SMP125485,LO125485,PAT11002,FAC005,LAB008,Urine,2024-08-09,Collected
SMP125495,LO125495,PAT13674,FAC003,LAB011,Blood,2021-01-26,Collected
SMP125500,LO125500,PAT09282,FAC001,LAB004,Blood,2024-10-17,Collected
SMP125505,LO125505,PAT13871,FAC001,LAB009,Radiology,2024-02-01,Collected
SMP125509,LO125509,PAT02233,FAC002,LAB013,Swab,2026-01-17,Collected
SMP125514,LO125514,PAT14723,FAC004,LAB006,Blood,2022-07-15,Collected
SMP125518,LO125518,PAT01044,FAC004,LAB001,Blood,2024-12-09,Collected
SMP125541,LO125541,PAT03214,FAC002,LAB009,Radiology,2026-12-29,Collected
SMP125549,LO125549,PAT10634,FAC001,LAB013,Swab,2021-01-26,Collected
SMP125554,LO125554,PAT00863,FAC001,LAB014,Blood,2023-07-01,Collected
SMP125562,LO125562,PAT06126,FAC005,LAB003,Blood,2024-04-30,Collected
SMP125566,LO125566,PAT12802,FAC003,LAB011,Blood,2023-09-23,Collected
SMP125571,LO125571,PAT13325,FAC001,LAB005,Blood,2023-07-23,Processed
SMP125573,LO125573,PAT10658,FAC002,LAB008,Urine,2026-05-28,Collected
SMP125578,LO125578,PAT05381,FAC003,LAB008,Urine,2021-08-04,Collected
SMP125582,LO125582,PAT02271,FAC003,LAB007,Urine,2024-02-06,Collected
SMP125586,LO125586,PAT06456,FAC003,LAB011,Blood,2024-02-26,Collected
SMP125588,LO125588,PAT02255,FAC002,LAB010,Radiology,2023-09-27,Collected
SMP125594,LO125594,PAT04961,FAC004,LAB002,Blood,2025-03-03,Collected
SMP125600,LO125600,PAT07629,FAC005,LAB009,Radiology,2024-04-18,Collected
SMP125611,LO125611,PAT06606,FAC005,LAB012,Blood,2023-08-25,Collected
SMP125614,LO125614,PAT08169,FAC004,LAB002,Blood,2026-12-27,Collected
SMP125615,LO125615,PAT00564,FAC003,LAB005,Blood,2026-12-13,Collected
SMP125617,LO125617,PAT05958,FAC002,LAB015,Blood,2025-07-09,Collected
SMP125618,LO125618,PAT00869,FAC005,LAB001,Blood,2026-07-23,Collected
SMP125619,LO125619,PAT14299,FAC003,LAB011,Blood,2021-04-29,Collected
SMP125621,LO125621,PAT03895,FAC004,LAB005,Blood,2024-04-25,Collected
SMP125625,LO125625,PAT04192,FAC005,LAB010,Radiology,2021-04-24,Processed
SMP125627,LO125627,PAT03022,FAC005,LAB004,Blood,2026-06-21,Collected
SMP125628,LO125628,PAT04709,FAC003,LAB010,Radiology,2023-09-14,Collected
SMP125631,LO125631,PAT08331,FAC004,LAB002,Blood,2025-03-18,Collected
SMP125632,LO125632,PAT03188,FAC003,LAB009,Radiology,2022-06-16,Collected
SMP125638,LO125638,PAT00863,FAC003,LAB010,Radiology,2026-03-05,Collected
SMP125643,LO125643,PAT09744,FAC003,LAB005,Blood,2023-06-13,Collected
SMP125645,LO125645,PAT03222,FAC001,LAB013,Swab,2025-05-28,Collected
SMP125652,LO125652,PAT02326,FAC001,LAB009,Radiology,2026-11-20,Collected
SMP125654,LO125654,PAT10805,FAC005,LAB014,Blood,2022-09-09,Collected
SMP125661,LO125661,PAT02808,FAC004,LAB014,Blood,2022-11-28,Processed
SMP125663,LO125663,PAT11360,FAC003,LAB001,Blood,2026-10-30,Collected
SMP125664,LO125664,PAT14305,FAC005,LAB005,Blood,2025-05-01,Collected
SMP125665,LO125665,PAT09297,FAC002,LAB003,Blood,2023-09-26,Collected
SMP125666,LO125666,PAT11806,FAC004,LAB012,Blood,2025-04-22,Collected
SMP125686,LO125686,PAT04238,FAC004,LAB011,Blood,2026-12-01,Collected
SMP125697,LO125697,PAT04430,FAC001,LAB015,Blood,2024-04-17,Collected
SMP125698,LO125698,PAT00863,FAC003,LAB002,Blood,2024-11-04,Collected
SMP125699,LO125699,PAT06825,FAC002,LAB015,Blood,2025-01-16,Collected
SMP125700,LO125700,PAT03616,FAC005,LAB015,Blood,2025-09-16,Collected
SMP125702,LO125702,PAT10287,FAC001,LAB007,Urine,2024-09-13,Collected
SMP125703,LO125703,PAT09825,FAC004,LAB004,Blood,2026-04-25,Collected
SMP125704,LO125704,PAT03188,FAC001,LAB005,Blood,2026-12-16,Collected
SMP125714,LO125714,PAT03706,FAC003,LAB006,Blood,2023-04-11,Collected
SMP125717,LO125717,PAT11914,FAC005,LAB007,Urine,2025-09-19,Rejected
SMP125724,LO125724,PAT11958,FAC001,LAB011,Blood,2026-07-14,Processed
SMP125728,LO125728,PAT05083,FAC005,LAB013,Swab,2026-09-02,Collected
SMP125730,LO125730,PAT07665,FAC002,LAB009,Radiology,2024-06-18,Collected
SMP125732,LO125732,PAT10191,FAC001,LAB007,Urine,2026-10-31,Processed
SMP125736,LO125736,PAT13272,FAC003,LAB001,Blood,2022-07-18,Collected
SMP125738,LO125738,PAT06265,FAC004,LAB014,Blood,2022-12-08,Collected
SMP125739,LO125739,PAT00773,FAC003,LAB014,Blood,2022-06-25,Collected
SMP125754,LO125754,PAT04890,FAC003,LAB008,Urine,2022-06-14,Collected
SMP125756,LO125756,PAT03298,FAC005,LAB007,Urine,2023-05-12,Collected
SMP125760,LO125760,PAT00080,FAC001,LAB002,Blood,2025-08-14,Collected
SMP125768,LO125768,PAT04769,FAC003,LAB007,Urine,2025-04-19,Collected
SMP125770,LO125770,PAT11848,FAC005,LAB006,Blood,2024-12-31,Collected
SMP125774,LO125774,PAT02563,FAC003,LAB009,Radiology,2023-02-14,Collected
SMP125776,LO125776,PAT13121,FAC004,LAB011,Blood,2026-02-05,Collected
SMP125777,LO125777,PAT04541,FAC005,LAB004,Blood,2024-11-27,Collected
SMP125780,LO125780,PAT02549,FAC001,LAB015,Blood,2022-07-14,Collected
SMP125783,LO125783,PAT06339,FAC002,LAB007,Urine,2024-07-02,Collected
SMP125788,LO125788,PAT05744,FAC004,LAB010,Radiology,2023-10-04,Collected
SMP125791,LO125791,PAT14687,FAC002,LAB013,Swab,2023-11-23,Collected
SMP125792,LO125792,PAT03972,FAC005,LAB004,Blood,2024-01-23,Collected
SMP125793,LO125793,PAT09863,FAC005,LAB002,Blood,2026-03-04,Collected
SMP125796,LO125796,PAT08002,FAC001,LAB012,Blood,2024-06-19,Collected
SMP125799,LO125799,PAT03483,FAC004,LAB013,Swab,2026-06-16,Processed
SMP125806,LO125806,PAT04004,FAC002,LAB004,Blood,2025-05-13,Collected
SMP125815,LO125815,PAT04230,FAC003,LAB005,Blood,2022-01-25,Collected
SMP125817,LO125817,PAT09981,FAC005,LAB001,Blood,2025-11-14,Processed
SMP125824,LO125824,PAT09017,FAC001,LAB010,Radiology,2024-04-17,Collected
SMP125833,LO125833,PAT12359,FAC002,LAB008,Urine,2022-04-05,Processed
SMP125844,LO125844,PAT12488,FAC003,LAB009,Radiology,2026-12-23,Collected
SMP125847,LO125847,PAT01112,FAC005,LAB002,Blood,2022-03-18,Collected
SMP125851,LO125851,PAT01084,FAC003,LAB003,Blood,2023-09-04,Collected
SMP125860,LO125860,PAT00189,FAC002,LAB014,Blood,2026-01-07,Collected
SMP125861,LO125861,PAT13886,FAC005,LAB011,Blood,2023-08-16,Processed
SMP125864,LO125864,PAT11433,FAC001,LAB011,Blood,2023-12-05,Collected
SMP125867,LO125867,PAT01581,FAC005,LAB001,Blood,2022-11-09,Collected
SMP125877,LO125877,PAT09141,FAC001,LAB011,Blood,2025-05-30,Collected
SMP125880,LO125880,PAT13157,FAC003,LAB011,Blood,2021-09-15,Collected
SMP125883,LO125883,PAT02997,FAC003,LAB015,Blood,2022-09-30,Collected
SMP125885,LO125885,PAT04402,FAC003,LAB006,Blood,2023-12-26,Collected
SMP125889,LO125889,PAT04058,FAC004,LAB007,Urine,2022-12-02,Collected
SMP125891,LO125891,PAT06622,FAC004,LAB006,Blood,2025-04-09,Collected
SMP125913,LO125913,PAT06132,FAC002,LAB009,Radiology,2022-12-14,Collected
SMP125917,LO125917,PAT03475,FAC002,LAB011,Blood,2025-12-29,Collected
SMP125924,LO125924,PAT06927,FAC004,LAB008,Urine,2025-07-29,Collected
SMP125936,LO125936,PAT11703,FAC001,LAB001,Blood,2023-06-05,Collected
SMP125939,LO125939,PAT03861,FAC005,LAB006,Blood,2026-07-31,Collected
SMP125949,LO125949,PAT01770,FAC002,LAB014,Blood,2022-02-16,Processed
SMP125958,LO125958,PAT07637,FAC003,LAB008,Urine,2026-09-17,Collected
SMP125960,LO125960,PAT09555,FAC004,LAB011,Blood,2024-10-22,Collected
SMP125963,LO125963,PAT02496,FAC004,LAB014,Blood,2022-05-21,Collected
SMP125971,LO125971,PAT05621,FAC002,LAB011,Blood,2025-04-25,Collected
SMP125976,LO125976,PAT06336,FAC005,LAB009,Radiology,2025-12-06,Processed
SMP125982,LO125982,PAT11138,FAC003,LAB003,Blood,2021-10-12,Collected
SMP125983,LO125983,PAT03922,FAC005,LAB008,Urine,2024-12-13,Collected
SMP125984,LO125984,PAT03693,FAC005,LAB010,Radiology,2022-01-05,Collected
SMP125992,LO125992,PAT12754,FAC005,LAB013,Swab,2024-12-13,Collected
SMP125996,LO125996,PAT00876,FAC004,LAB007,Urine,2024-11-18,Processed
SMP125998,LO125998,PAT13093,FAC001,LAB005,Blood,2021-08-28,Collected
SMP126002,LO126002,PAT14712,FAC003,LAB012,Blood,2026-07-29,Collected
SMP126003,LO126003,PAT12691,FAC003,LAB010,Radiology,2021-06-05,Collected
SMP126007,LO126007,PAT09485,FAC003,LAB011,Blood,2026-07-23,Collected
SMP126013,LO126013,PAT00389,FAC003,LAB014,Blood,2025-02-05,Collected
SMP126016,LO126016,PAT07751,FAC003,LAB015,Blood,2023-10-17,Processed
SMP126031,LO126031,PAT05146,FAC002,LAB012,Blood,2025-06-27,Collected
SMP126033,LO126033,PAT06505,FAC002,LAB003,Blood,2021-05-28,Collected
SMP126039,LO126039,PAT14002,FAC004,LAB009,Radiology,2024-09-21,Collected
SMP126040,LO126040,PAT03951,FAC001,LAB008,Urine,2026-06-12,Collected
SMP126049,LO126049,PAT08100,FAC003,LAB005,Blood,2026-10-29,Collected
SMP126053,LO126053,PAT11716,FAC001,LAB007,Urine,2021-03-06,Collected
SMP126061,LO126061,PAT09405,FAC005,LAB006,Blood,2023-11-03,Collected
SMP126062,LO126062,PAT06934,FAC004,LAB012,Blood,2022-09-30,Collected
SMP126066,LO126066,PAT07863,FAC003,LAB010,Radiology,2021-12-04,Collected
SMP126067,LO126067,PAT06934,FAC002,LAB010,Radiology,2025-01-15,Collected
SMP126071,LO126071,PAT07717,FAC004,LAB003,Blood,2024-08-07,Collected
SMP126076,LO126076,PAT04490,FAC004,LAB014,Blood,2025-08-20,Collected
SMP126083,LO126083,PAT06844,FAC003,LAB004,Blood,2025-12-08,Collected
SMP126091,LO126091,PAT02125,FAC002,LAB009,Radiology,2025-02-15,Collected
SMP126093,LO126093,PAT11889,FAC005,LAB006,Blood,2023-06-13,Collected
SMP126101,LO126101,PAT03644,FAC004,LAB015,Blood,2025-10-03,Collected
SMP126105,LO126105,PAT09566,FAC003,LAB012,Blood,2025-02-06,Collected
SMP126113,LO126113,PAT06001,FAC004,LAB009,Radiology,2023-11-08,Rejected
SMP126123,LO126123,PAT09807,FAC001,LAB008,Urine,2022-12-29,Collected
SMP126126,LO126126,PAT04792,FAC002,LAB010,Radiology,2026-11-13,Rejected
SMP126131,LO126131,PAT08564,FAC001,LAB015,Blood,2026-03-14,Processed
SMP126132,LO126132,PAT01455,FAC005,LAB013,Swab,2024-05-26,Processed
SMP126135,LO126135,PAT00736,FAC004,LAB009,Radiology,2023-09-04,Collected
SMP126137,LO126137,PAT12528,FAC003,LAB001,Blood,2026-12-08,Collected
SMP126142,LO126142,PAT09282,FAC004,LAB014,Blood,2025-10-11,Collected
SMP126152,LO126152,PAT13080,FAC005,LAB010,Radiology,2025-06-26,Collected
SMP126153,LO126153,PAT02088,FAC005,LAB001,Blood,2026-11-23,Collected
SMP126165,LO126165,PAT11002,FAC004,LAB007,Urine,2022-03-07,Collected
SMP126168,LO126168,PAT12358,FAC005,LAB008,Urine,2024-10-29,Collected
SMP126178,LO126178,PAT13398,FAC005,LAB005,Blood,2021-07-13,Collected
SMP126188,LO126188,PAT04817,FAC005,LAB014,Blood,2022-08-24,Processed
SMP126202,LO126202,PAT12822,FAC003,LAB014,Blood,2026-05-13,Collected
SMP126203,LO126203,PAT14942,FAC004,LAB001,Blood,2025-12-03,Collected
SMP126206,LO126206,PAT04975,FAC003,LAB008,Urine,2023-09-15,Collected
SMP126208,LO126208,PAT10629,FAC001,LAB013,Swab,2026-12-01,Collected
SMP126219,LO126219,PAT08383,FAC003,LAB014,Blood,2021-09-21,Collected
SMP126222,LO126222,PAT05938,FAC004,LAB005,Blood,2025-09-01,Collected
SMP126225,LO126225,PAT01035,FAC005,LAB015,Blood,2022-09-02,Collected
SMP126227,LO126227,PAT12364,FAC001,LAB014,Blood,2025-05-13,Collected
SMP126228,LO126228,PAT13087,FAC001,LAB002,Blood,2021-03-01,Collected
SMP126230,LO126230,PAT14802,FAC002,LAB009,Radiology,2024-08-20,Processed
SMP126240,LO126240,PAT09503,FAC001,LAB002,Blood,2021-02-15,Processed
SMP126247,LO126247,PAT05598,FAC002,LAB008,Urine,2025-10-19,Collected
SMP126254,LO126254,PAT12267,FAC004,LAB003,Blood,2024-12-31,Collected
SMP126263,LO126263,PAT07972,FAC005,LAB002,Blood,2025-12-01,Collected
SMP126264,LO126264,PAT03614,FAC004,LAB001,Blood,2022-10-30,Collected
SMP126269,LO126269,PAT03438,FAC005,LAB006,Blood,2025-11-27,Collected
SMP126271,LO126271,PAT10670,FAC002,LAB011,Blood,2025-07-12,Collected
SMP126273,LO126273,PAT03144,FAC003,LAB011,Blood,2021-11-11,Collected
SMP126278,LO126278,PAT00051,FAC005,LAB002,Blood,2023-01-14,Collected
SMP126280,LO126280,PAT03209,FAC004,LAB004,Blood,2021-02-03,Collected
SMP126288,LO126288,PAT13240,FAC002,LAB006,Blood,2022-08-21,Collected
SMP126290,LO126290,PAT04059,FAC001,LAB004,Blood,2025-09-11,Processed
SMP126291,LO126291,PAT03270,FAC002,LAB006,Blood,2025-10-14,Collected
SMP126296,LO126296,PAT07334,FAC004,LAB005,Blood,2023-10-28,Collected
SMP126300,LO126300,PAT06463,FAC003,LAB003,Blood,2022-01-16,Collected
SMP126301,LO126301,PAT06135,FAC003,LAB002,Blood,2026-05-06,Collected
SMP126302,LO126302,PAT01732,FAC005,LAB009,Radiology,2026-10-26,Collected
SMP126310,LO126310,PAT00028,FAC003,LAB013,Swab,2026-08-19,Collected
SMP126311,LO126311,PAT06581,FAC003,LAB003,Blood,2025-10-20,Collected
SMP126321,LO126321,PAT09606,FAC001,LAB002,Blood,2025-01-15,Collected
SMP126323,LO126323,PAT01329,FAC004,LAB012,Blood,2023-09-04,Collected
SMP126326,LO126326,PAT00903,FAC005,LAB001,Blood,2026-09-28,Collected
SMP126327,LO126327,PAT12715,FAC001,LAB011,Blood,2026-03-01,Collected
SMP126336,LO126336,PAT05837,FAC005,LAB008,Urine,2023-04-24,Collected
SMP126338,LO126338,PAT05407,FAC003,LAB009,Radiology,2026-07-05,Collected
SMP126345,LO126345,PAT14985,FAC003,LAB012,Blood,2025-06-29,Processed
SMP126349,LO126349,PAT13218,FAC003,LAB013,Swab,2023-11-15,Processed
SMP126360,LO126360,PAT13049,FAC004,LAB011,Blood,2024-11-22,Collected
SMP126362,LO126362,PAT13421,FAC003,LAB015,Blood,2025-03-18,Processed
SMP126371,LO126371,PAT06606,FAC004,LAB012,Blood,2023-07-06,Collected
SMP126375,LO126375,PAT14413,FAC001,LAB010,Radiology,2023-07-24,Collected
SMP126376,LO126376,PAT08305,FAC003,LAB009,Radiology,2024-05-30,Collected
SMP126383,LO126383,PAT03290,FAC002,LAB014,Blood,2025-02-20,Collected
SMP126386,LO126386,PAT09418,FAC004,LAB005,Blood,2025-05-27,Collected
SMP126391,LO126391,PAT07922,FAC004,LAB008,Urine,2026-05-07,Processed
SMP126392,LO126392,PAT07146,FAC003,LAB004,Blood,2022-05-03,Collected
SMP126393,LO126393,PAT00938,FAC005,LAB005,Blood,2022-07-05,Collected
SMP126397,LO126397,PAT11645,FAC003,LAB006,Blood,2025-08-04,Collected
SMP126410,LO126410,PAT01311,FAC004,LAB013,Swab,2024-09-18,Collected
SMP126413,LO126413,PAT08731,FAC004,LAB012,Blood,2021-10-21,Collected
SMP126419,LO126419,PAT02022,FAC004,LAB001,Blood,2024-07-27,Processed
SMP126426,LO126426,PAT13827,FAC002,LAB002,Blood,2026-06-19,Collected
SMP126433,LO126433,PAT10320,FAC001,LAB011,Blood,2026-08-05,Collected
SMP126447,LO126447,PAT02992,FAC001,LAB011,Blood,2024-07-02,Collected
SMP126449,LO126449,PAT12963,FAC003,LAB007,Urine,2023-03-23,Collected
SMP126452,LO126452,PAT07597,FAC003,LAB007,Urine,2022-09-17,Collected
SMP126453,LO126453,PAT03752,FAC001,LAB005,Blood,2025-08-16,Collected
SMP126455,LO126455,PAT07364,FAC005,LAB001,Blood,2023-04-14,Collected
SMP126460,LO126460,PAT08583,FAC003,LAB002,Blood,2022-08-14,Collected
SMP126462,LO126462,PAT04740,FAC003,LAB008,Urine,2023-08-19,Collected
SMP126465,LO126465,PAT06463,FAC002,LAB010,Radiology,2023-02-28,Collected
SMP126466,LO126466,PAT00978,FAC003,LAB005,Blood,2022-03-07,Processed
SMP126472,LO126472,PAT07742,FAC001,LAB009,Radiology,2022-05-03,Collected
SMP126479,LO126479,PAT10320,FAC005,LAB010,Radiology,2021-02-02,Collected
SMP126489,LO126489,PAT08285,FAC005,LAB011,Blood,2026-10-31,Collected
SMP126491,LO126491,PAT12369,FAC003,LAB011,Blood,2023-11-06,Collected
SMP126494,LO126494,PAT02967,FAC004,LAB004,Blood,2023-11-27,Collected
SMP126503,LO126503,PAT13239,FAC002,LAB013,Swab,2025-02-05,Collected
SMP126509,LO126509,PAT14469,FAC005,LAB006,Blood,2026-04-27,Collected
SMP126511,LO126511,PAT05933,FAC001,LAB004,Blood,2025-09-22,Collected
SMP126512,LO126512,PAT11627,FAC005,LAB001,Blood,2025-08-08,Collected
SMP126518,LO126518,PAT07223,FAC002,LAB009,Radiology,2021-03-23,Collected
SMP126523,LO126523,PAT05404,FAC005,LAB014,Blood,2023-01-11,Collected
SMP126524,LO126524,PAT13089,FAC005,LAB006,Blood,2021-12-02,Processed
SMP126528,LO126528,PAT12685,FAC002,LAB005,Blood,2021-07-23,Collected
SMP126534,LO126534,PAT01248,FAC002,LAB013,Swab,2025-07-26,Processed
SMP126536,LO126536,PAT13164,FAC002,LAB009,Radiology,2025-05-14,Collected
SMP126539,LO126539,PAT07827,FAC001,LAB001,Blood,2021-09-05,Collected
SMP126543,LO126543,PAT05839,FAC003,LAB007,Urine,2026-09-03,Collected
SMP126549,LO126549,PAT04765,FAC001,LAB007,Urine,2022-08-10,Processed
SMP126559,LO126559,PAT13187,FAC004,LAB004,Blood,2021-06-08,Collected
SMP126560,LO126560,PAT00469,FAC002,LAB009,Radiology,2023-10-27,Collected
SMP126562,LO126562,PAT04792,FAC001,LAB015,Blood,2025-04-03,Collected
SMP126564,LO126564,PAT12691,FAC002,LAB010,Radiology,2025-09-18,Collected
SMP126567,LO126567,PAT07697,FAC003,LAB014,Blood,2026-09-09,Collected
SMP126572,LO126572,PAT10769,FAC003,LAB011,Blood,2024-08-29,Collected
SMP126578,LO126578,PAT02549,FAC002,LAB006,Blood,2021-03-30,Collected
SMP126579,LO126579,PAT14020,FAC001,LAB009,Radiology,2025-05-19,Collected
SMP126586,LO126586,PAT04245,FAC005,LAB002,Blood,2026-12-24,Collected
SMP126590,LO126590,PAT08607,FAC003,LAB006,Blood,2024-11-21,Collected
SMP126598,LO126598,PAT05835,FAC001,LAB001,Blood,2022-05-02,Collected
SMP126601,LO126601,PAT04257,FAC001,LAB011,Blood,2026-08-07,Collected
SMP126604,LO126604,PAT09382,FAC003,LAB012,Blood,2025-04-20,Collected
SMP126615,LO126615,PAT03756,FAC001,LAB003,Blood,2021-10-10,Processed
SMP126623,LO126623,PAT13766,FAC001,LAB008,Urine,2023-05-06,Collected
SMP126630,LO126630,PAT04756,FAC001,LAB015,Blood,2021-03-19,Collected
SMP126637,LO126637,PAT09282,FAC002,LAB005,Blood,2023-06-14,Collected
SMP126642,LO126642,PAT08937,FAC003,LAB004,Blood,2024-07-19,Collected
SMP126644,LO126644,PAT06159,FAC004,LAB007,Urine,2023-12-09,Collected
SMP126645,LO126645,PAT08283,FAC002,LAB006,Blood,2024-06-06,Collected
SMP126648,LO126648,PAT03680,FAC003,LAB013,Swab,2026-03-19,Processed
SMP126655,LO126655,PAT00813,FAC005,LAB010,Radiology,2023-08-30,Collected
SMP126658,LO126658,PAT13510,FAC002,LAB006,Blood,2022-04-30,Collected
SMP126670,LO126670,PAT07014,FAC003,LAB009,Radiology,2024-05-22,Collected
SMP126687,LO126687,PAT14717,FAC001,LAB015,Blood,2024-11-04,Collected
SMP126698,LO126698,PAT05951,FAC005,LAB006,Blood,2026-07-28,Collected
SMP126700,LO126700,PAT12357,FAC001,LAB010,Radiology,2025-07-03,Processed
SMP126706,LO126706,PAT02141,FAC004,LAB013,Swab,2026-03-30,Collected
SMP126710,LO126710,PAT11402,FAC003,LAB013,Swab,2024-12-28,Collected
SMP126718,LO126718,PAT10578,FAC005,LAB004,Blood,2025-01-13,Collected
SMP126728,LO126728,PAT08325,FAC003,LAB006,Blood,2021-12-11,Collected
SMP126748,LO126748,PAT04562,FAC004,LAB003,Blood,2023-10-21,Rejected
SMP126750,LO126750,PAT06126,FAC005,LAB002,Blood,2025-07-13,Collected
SMP126754,LO126754,PAT10109,FAC002,LAB002,Blood,2023-11-10,Collected
SMP126762,LO126762,PAT05872,FAC002,LAB012,Blood,2025-08-26,Collected
SMP126773,LO126773,PAT05596,FAC004,LAB006,Blood,2022-05-07,Processed
SMP126783,LO126783,PAT09386,FAC005,LAB002,Blood,2023-08-23,Collected
SMP126788,LO126788,PAT02184,FAC004,LAB009,Radiology,2025-04-07,Collected
SMP126795,LO126795,PAT11286,FAC005,LAB012,Blood,2025-07-14,Collected
SMP126797,LO126797,PAT10169,FAC003,LAB004,Blood,2024-12-16,Processed
SMP126801,LO126801,PAT11789,FAC003,LAB007,Urine,2023-01-09,Collected
SMP126809,LO126809,PAT09797,FAC004,LAB014,Blood,2023-09-27,Collected
SMP126811,LO126811,PAT09405,FAC002,LAB015,Blood,2024-12-26,Collected
SMP126814,LO126814,PAT07252,FAC003,LAB011,Blood,2022-12-05,Collected
SMP126818,LO126818,PAT08730,FAC003,LAB010,Radiology,2024-10-22,Collected
SMP126828,LO126828,PAT12949,FAC004,LAB002,Blood,2026-11-01,Collected
SMP126830,LO126830,PAT03624,FAC005,LAB001,Blood,2025-11-05,Collected
SMP126831,LO126831,PAT08724,FAC004,LAB007,Urine,2024-12-30,Collected
SMP126841,LO126841,PAT01769,FAC001,LAB005,Blood,2024-07-25,Collected
SMP126848,LO126848,PAT14681,FAC005,LAB002,Blood,2023-02-26,Collected
SMP126854,LO126854,PAT01399,FAC002,LAB009,Radiology,2026-12-12,Collected
SMP126872,LO126872,PAT03300,FAC004,LAB001,Blood,2026-09-11,Collected
SMP126875,LO126875,PAT04696,FAC005,LAB005,Blood,2023-08-25,Rejected
SMP126878,LO126878,PAT10684,FAC005,LAB001,Blood,2026-01-23,Processed
SMP126884,LO126884,PAT05707,FAC003,LAB009,Radiology,2023-07-30,Collected
SMP126885,LO126885,PAT06159,FAC005,LAB011,Blood,2021-12-11,Collected
SMP126890,LO126890,PAT04827,FAC003,LAB001,Blood,2022-02-06,Collected
SMP126898,LO126898,PAT04514,FAC004,LAB006,Blood,2024-05-30,Collected
SMP126913,LO126913,PAT04820,FAC002,LAB010,Radiology,2026-12-01,Collected
SMP126915,LO126915,PAT06648,FAC005,LAB011,Blood,2026-10-26,Processed
SMP126918,LO126918,PAT04405,FAC003,LAB013,Swab,2025-03-29,Collected
SMP126921,LO126921,PAT01660,FAC003,LAB015,Blood,2026-03-14,Collected
SMP126928,LO126928,PAT11378,FAC001,LAB009,Radiology,2025-11-21,Collected
SMP126929,LO126929,PAT12069,FAC005,LAB007,Urine,2023-05-12,Collected
SMP126936,LO126936,PAT04128,FAC005,LAB015,Blood,2025-08-27,Collected
SMP126937,LO126937,PAT10666,FAC003,LAB005,Blood,2021-10-28,Collected
SMP126939,LO126939,PAT08701,FAC004,LAB008,Urine,2023-05-08,Collected
SMP126951,LO126951,PAT06770,FAC002,LAB013,Swab,2023-01-22,Collected
SMP126952,LO126952,PAT03657,FAC002,LAB008,Urine,2022-12-23,Collected
SMP126958,LO126958,PAT13333,FAC004,LAB008,Urine,2023-03-04,Processed
SMP126969,LO126969,PAT13911,FAC003,LAB007,Urine,2026-09-23,Collected
SMP126971,LO126971,PAT11491,FAC002,LAB003,Blood,2025-07-06,Collected
SMP126975,LO126975,PAT00725,FAC003,LAB012,Blood,2024-01-04,Collected
SMP126976,LO126976,PAT03117,FAC003,LAB010,Radiology,2023-02-02,Collected
SMP126978,LO126978,PAT03888,FAC001,LAB008,Urine,2026-01-15,Collected
SMP126987,LO126987,PAT06157,FAC001,LAB014,Blood,2026-11-04,Processed
SMP126989,LO126989,PAT04673,FAC002,LAB001,Blood,2026-10-07,Collected
SMP126990,LO126990,PAT04437,FAC003,LAB011,Blood,2026-11-12,Collected
SMP126994,LO126994,PAT12426,FAC005,LAB013,Swab,2024-06-27,Collected
SMP126996,LO126996,PAT08658,FAC003,LAB005,Blood,2022-04-13,Collected
SMP127010,LO127010,PAT00909,FAC005,LAB001,Blood,2025-09-10,Collected
SMP127012,LO127012,PAT13287,FAC005,LAB006,Blood,2021-10-06,Collected
SMP127017,LO127017,PAT01792,FAC001,LAB011,Blood,2022-01-31,Collected
SMP127019,LO127019,PAT11070,FAC005,LAB003,Blood,2023-03-14,Collected
SMP127029,LO127029,PAT06890,FAC002,LAB011,Blood,2024-12-23,Collected
SMP127031,LO127031,PAT06877,FAC003,LAB013,Swab,2023-03-14,Processed
SMP127034,LO127034,PAT13218,FAC005,LAB013,Swab,2026-01-03,Processed
SMP127041,LO127041,PAT04541,FAC002,LAB007,Urine,2021-04-07,Collected
SMP127042,LO127042,PAT14748,FAC004,LAB014,Blood,2024-04-04,Collected
SMP127044,LO127044,PAT00812,FAC004,LAB006,Blood,2023-10-10,Collected
SMP127048,LO127048,PAT06555,FAC005,LAB008,Urine,2022-03-25,Collected
SMP127065,LO127065,PAT13414,FAC001,LAB003,Blood,2021-05-27,Collected
SMP127076,LO127076,PAT07863,FAC005,LAB012,Blood,2025-09-25,Processed
SMP127079,LO127079,PAT03964,FAC001,LAB005,Blood,2026-12-04,Collected
SMP127083,LO127083,PAT07325,FAC003,LAB001,Blood,2024-12-09,Collected
SMP127090,LO127090,PAT04897,FAC002,LAB004,Blood,2023-01-14,Collected
SMP127091,LO127091,PAT03533,FAC001,LAB008,Urine,2024-07-28,Collected
SMP127095,LO127095,PAT10006,FAC001,LAB014,Blood,2022-10-20,Collected
SMP127102,LO127102,PAT11445,FAC005,LAB011,Blood,2024-09-02,Collected
SMP127107,LO127107,PAT08178,FAC005,LAB003,Blood,2021-04-05,Processed
SMP127108,LO127108,PAT07624,FAC001,LAB007,Urine,2026-12-15,Processed
SMP127112,LO127112,PAT03323,FAC004,LAB008,Urine,2025-01-24,Collected
SMP127115,LO127115,PAT06889,FAC005,LAB009,Radiology,2026-03-10,Collected
SMP127119,LO127119,PAT13606,FAC003,LAB010,Radiology,2022-04-05,Collected
SMP127121,LO127121,PAT07641,FAC003,LAB014,Blood,2025-03-27,Collected
SMP127122,LO127122,PAT02168,FAC003,LAB011,Blood,2024-03-17,Collected
SMP127125,LO127125,PAT09261,FAC005,LAB008,Urine,2024-08-05,Collected
SMP127126,LO127126,PAT00796,FAC002,LAB007,Urine,2024-10-04,Processed
SMP127127,LO127127,PAT06026,FAC003,LAB008,Urine,2025-09-08,Processed
SMP127134,LO127134,PAT04722,FAC002,LAB004,Blood,2021-10-16,Collected
SMP127135,LO127135,PAT07723,FAC004,LAB006,Blood,2024-12-09,Collected
SMP127142,LO127142,PAT03018,FAC004,LAB001,Blood,2026-08-07,Collected
SMP127150,LO127150,PAT14608,FAC001,LAB006,Blood,2026-03-08,Collected
SMP127154,LO127154,PAT08374,FAC003,LAB011,Blood,2023-09-17,Collected
SMP127163,LO127163,PAT01523,FAC002,LAB013,Swab,2022-01-06,Collected
SMP127169,LO127169,PAT11949,FAC001,LAB006,Blood,2025-12-08,Collected
SMP127171,LO127171,PAT13782,FAC004,LAB013,Swab,2021-04-02,Collected
SMP127172,LO127172,PAT14314,FAC003,LAB006,Blood,2024-09-11,Collected
SMP127178,LO127178,PAT09314,FAC005,LAB010,Radiology,2024-05-23,Collected
SMP127181,LO127181,PAT06905,FAC001,LAB008,Urine,2023-12-12,Collected
SMP127187,LO127187,PAT11673,FAC003,LAB011,Blood,2022-10-11,Processed
SMP127191,LO127191,PAT05986,FAC005,LAB006,Blood,2024-09-25,Collected
SMP127193,LO127193,PAT03572,FAC003,LAB003,Blood,2022-03-15,Collected
SMP127197,LO127197,PAT02320,FAC002,LAB004,Blood,2026-09-18,Collected
SMP127204,LO127204,PAT13555,FAC004,LAB010,Radiology,2022-04-08,Collected
SMP127210,LO127210,PAT11011,FAC001,LAB002,Blood,2026-07-19,Collected
SMP127212,LO127212,PAT09354,FAC005,LAB008,Urine,2026-09-23,Collected
SMP127214,LO127214,PAT14942,FAC005,LAB012,Blood,2025-11-02,Processed
SMP127217,LO127217,PAT02089,FAC005,LAB006,Blood,2026-10-27,Collected
SMP127235,LO127235,PAT14936,FAC004,LAB014,Blood,2025-03-28,Collected
SMP127241,LO127241,PAT02865,FAC001,LAB011,Blood,2026-02-21,Collected
SMP127243,LO127243,PAT08150,FAC002,LAB003,Blood,2022-02-02,Collected
SMP127252,LO127252,PAT00327,FAC002,LAB012,Blood,2026-05-23,Collected
SMP127254,LO127254,PAT03705,FAC005,LAB008,Urine,2024-07-26,Processed
SMP127255,LO127255,PAT07059,FAC003,LAB006,Blood,2021-12-24,Collected
SMP127256,LO127256,PAT09955,FAC005,LAB009,Radiology,2024-12-01,Collected
SMP127258,LO127258,PAT02752,FAC003,LAB009,Radiology,2021-05-07,Collected
SMP127260,LO127260,PAT08472,FAC001,LAB008,Urine,2024-04-29,Collected
SMP127263,LO127263,PAT00765,FAC005,LAB009,Radiology,2025-07-25,Collected
SMP127265,LO127265,PAT13888,FAC005,LAB005,Blood,2025-12-20,Collected
SMP127270,LO127270,PAT14723,FAC003,LAB001,Blood,2022-05-19,Collected
SMP127275,LO127275,PAT00399,FAC004,LAB011,Blood,2021-12-29,Rejected
SMP127277,LO127277,PAT03503,FAC002,LAB002,Blood,2021-03-05,Collected
SMP127279,LO127279,PAT13871,FAC004,LAB012,Blood,2024-07-21,Collected
SMP127282,LO127282,PAT04396,FAC004,LAB011,Blood,2026-06-19,Collected
SMP127296,LO127296,PAT06127,FAC002,LAB012,Blood,2024-01-10,Collected
SMP127311,LO127311,PAT14039,FAC002,LAB005,Blood,2025-04-28,Collected
SMP127312,LO127312,PAT08983,FAC005,LAB004,Blood,2026-08-21,Collected
SMP127313,LO127313,PAT11958,FAC003,LAB015,Blood,2021-06-10,Collected
SMP127316,LO127316,PAT05385,FAC005,LAB015,Blood,2023-08-30,Collected
SMP127324,LO127324,PAT12528,FAC004,LAB008,Urine,2024-04-24,Collected
SMP127328,LO127328,PAT12566,FAC002,LAB012,Blood,2026-01-20,Processed
SMP127329,LO127329,PAT05404,FAC002,LAB006,Blood,2023-11-17,Collected
SMP127330,LO127330,PAT03367,FAC002,LAB013,Swab,2026-09-22,Collected
SMP127333,LO127333,PAT09852,FAC005,LAB011,Blood,2026-04-23,Collected
SMP127335,LO127335,PAT11779,FAC004,LAB015,Blood,2022-04-25,Processed
SMP127339,LO127339,PAT02615,FAC002,LAB001,Blood,2023-12-19,Collected
SMP127341,LO127341,PAT10304,FAC001,LAB004,Blood,2022-06-06,Collected
SMP127353,LO127353,PAT11095,FAC001,LAB013,Swab,2021-09-28,Collected
SMP127356,LO127356,PAT08061,FAC005,LAB006,Blood,2024-10-04,Collected
SMP127360,LO127360,PAT12124,FAC001,LAB001,Blood,2022-04-09,Collected
SMP127367,LO127367,PAT00818,FAC005,LAB015,Blood,2023-06-11,Collected
SMP127377,LO127377,PAT07751,FAC003,LAB009,Radiology,2021-04-20,Collected
SMP127381,LO127381,PAT06114,FAC003,LAB008,Urine,2024-07-02,Collected
SMP127398,LO127398,PAT03945,FAC001,LAB011,Blood,2022-07-28,Processed
SMP127405,LO127405,PAT07542,FAC005,LAB008,Urine,2022-05-31,Collected
SMP127413,LO127413,PAT10570,FAC004,LAB009,Radiology,2022-07-28,Collected
SMP127419,LO127419,PAT04191,FAC005,LAB008,Urine,2021-07-14,Collected
SMP127427,LO127427,PAT03209,FAC001,LAB011,Blood,2026-01-03,Collected
SMP127431,LO127431,PAT02544,FAC001,LAB006,Blood,2021-06-09,Rejected
SMP127434,LO127434,PAT05763,FAC005,LAB007,Urine,2026-03-23,Collected
SMP127437,LO127437,PAT03951,FAC002,LAB005,Blood,2026-05-20,Collected
SMP127444,LO127444,PAT00397,FAC003,LAB011,Blood,2026-01-24,Collected
SMP127445,LO127445,PAT14750,FAC001,LAB013,Swab,2024-02-16,Processed
SMP127448,LO127448,PAT12513,FAC005,LAB003,Blood,2021-03-10,Collected
SMP127450,LO127450,PAT02326,FAC005,LAB007,Urine,2024-03-25,Collected
SMP127452,LO127452,PAT03515,FAC001,LAB008,Urine,2026-07-24,Collected
SMP127453,LO127453,PAT05660,FAC003,LAB015,Blood,2022-01-24,Collected
SMP127456,LO127456,PAT01298,FAC005,LAB010,Radiology,2026-09-18,Collected
SMP127457,LO127457,PAT04833,FAC003,LAB007,Urine,2024-04-07,Processed
SMP127463,LO127463,PAT13793,FAC003,LAB011,Blood,2022-07-22,Collected
SMP127464,LO127464,PAT10217,FAC001,LAB009,Radiology,2023-01-05,Collected
SMP127476,LO127476,PAT08577,FAC005,LAB003,Blood,2022-07-19,Collected
SMP127481,LO127481,PAT12167,FAC005,LAB014,Blood,2026-07-30,Collected
SMP127486,LO127486,PAT12319,FAC004,LAB006,Blood,2024-02-01,Collected
SMP127488,LO127488,PAT08497,FAC003,LAB007,Urine,2024-06-14,Collected
SMP127492,LO127492,PAT04890,FAC003,LAB009,Radiology,2024-01-30,Collected
SMP127504,LO127504,PAT11324,FAC005,LAB003,Blood,2024-01-21,Collected
SMP127508,LO127508,PAT10347,FAC004,LAB004,Blood,2023-07-27,Processed
SMP127513,LO127513,PAT11273,FAC004,LAB007,Urine,2026-12-13,Processed
SMP127514,LO127514,PAT12963,FAC005,LAB003,Blood,2026-05-28,Collected
SMP127516,LO127516,PAT13315,FAC005,LAB007,Urine,2022-10-01,Collected
SMP127526,LO127526,PAT00971,FAC004,LAB014,Blood,2025-10-02,Collected
SMP127531,LO127531,PAT05788,FAC005,LAB001,Blood,2026-06-17,Collected
SMP127535,LO127535,PAT03657,FAC004,LAB013,Swab,2021-09-20,Collected
SMP127542,LO127542,PAT07269,FAC004,LAB008,Urine,2023-01-02,Collected
SMP127543,LO127543,PAT14299,FAC003,LAB009,Radiology,2022-06-09,Collected
SMP127552,LO127552,PAT13694,FAC004,LAB003,Blood,2026-05-22,Processed
SMP127553,LO127553,PAT00249,FAC002,LAB012,Blood,2021-03-02,Collected
SMP127557,LO127557,PAT09678,FAC005,LAB008,Urine,2026-12-22,Processed
SMP127561,LO127561,PAT09823,FAC001,LAB005,Blood,2026-11-23,Collected
SMP127568,LO127568,PAT10969,FAC004,LAB015,Blood,2022-11-04,Collected
SMP127574,LO127574,PAT14413,FAC002,LAB007,Urine,2023-09-07,Collected
SMP127578,LO127578,PAT13992,FAC004,LAB012,Blood,2021-11-23,Collected
SMP127579,LO127579,PAT05951,FAC003,LAB015,Blood,2026-07-12,Collected
SMP127580,LO127580,PAT10973,FAC001,LAB008,Urine,2022-09-13,Collected
SMP127581,LO127581,PAT04547,FAC003,LAB004,Blood,2021-06-22,Collected
SMP127585,LO127585,PAT02326,FAC003,LAB006,Blood,2022-03-16,Processed
SMP127596,LO127596,PAT04044,FAC002,LAB012,Blood,2024-01-24,Collected
SMP127614,LO127614,PAT11366,FAC004,LAB002,Blood,2021-05-29,Collected
SMP127617,LO127617,PAT01804,FAC002,LAB003,Blood,2026-05-25,Collected
SMP127623,LO127623,PAT10679,FAC001,LAB008,Urine,2026-01-21,Collected
SMP127624,LO127624,PAT05045,FAC005,LAB003,Blood,2022-02-04,Collected
SMP127629,LO127629,PAT08724,FAC003,LAB015,Blood,2024-08-12,Collected
SMP127637,LO127637,PAT12513,FAC004,LAB015,Blood,2021-06-07,Collected
SMP127642,LO127642,PAT00015,FAC004,LAB015,Blood,2022-11-05,Processed
SMP127644,LO127644,PAT12844,FAC001,LAB012,Blood,2023-09-01,Collected
SMP127647,LO127647,PAT04830,FAC001,LAB001,Blood,2026-07-22,Collected
SMP127648,LO127648,PAT00909,FAC002,LAB009,Radiology,2025-04-17,Processed
SMP127649,LO127649,PAT00020,FAC005,LAB006,Blood,2024-07-16,Collected
SMP127679,LO127679,PAT14594,FAC005,LAB014,Blood,2023-05-27,Collected
SMP127680,LO127680,PAT10335,FAC001,LAB002,Blood,2025-02-15,Collected
SMP127681,LO127681,PAT01374,FAC005,LAB003,Blood,2024-09-07,Collected
SMP127685,LO127685,PAT13821,FAC002,LAB009,Radiology,2025-08-05,Collected
SMP127691,LO127691,PAT03685,FAC003,LAB010,Radiology,2021-09-03,Processed
SMP127696,LO127696,PAT02118,FAC003,LAB004,Blood,2022-12-30,Collected
SMP127697,LO127697,PAT10906,FAC001,LAB010,Radiology,2024-08-26,Collected
SMP127705,LO127705,PAT06770,FAC004,LAB010,Radiology,2024-04-27,Collected
SMP127711,LO127711,PAT11420,FAC003,LAB003,Blood,2023-05-05,Processed
SMP127712,LO127712,PAT04851,FAC002,LAB002,Blood,2024-04-24,Collected
SMP127718,LO127718,PAT05548,FAC003,LAB007,Urine,2025-01-09,Collected
SMP127724,LO127724,PAT09268,FAC003,LAB005,Blood,2025-05-14,Collected
SMP127747,LO127747,PAT11995,FAC005,LAB012,Blood,2024-11-22,Collected
SMP127748,LO127748,PAT11361,FAC005,LAB013,Swab,2023-03-03,Collected
SMP127751,LO127751,PAT03446,FAC003,LAB009,Radiology,2024-11-09,Collected
SMP127757,LO127757,PAT02513,FAC003,LAB007,Urine,2026-01-23,Processed
SMP127759,LO127759,PAT14426,FAC004,LAB003,Blood,2024-08-17,Collected
SMP127762,LO127762,PAT13994,FAC005,LAB001,Blood,2024-02-20,Collected
SMP127766,LO127766,PAT02520,FAC002,LAB007,Urine,2026-04-09,Collected
SMP127773,LO127773,PAT13421,FAC002,LAB014,Blood,2022-04-28,Collected
SMP127778,LO127778,PAT02663,FAC004,LAB006,Blood,2023-09-23,Collected
SMP127780,LO127780,PAT09884,FAC002,LAB013,Swab,2022-12-21,Collected
SMP127788,LO127788,PAT09843,FAC005,LAB012,Blood,2021-04-02,Collected
SMP127797,LO127797,PAT14869,FAC001,LAB010,Radiology,2026-03-12,Processed
SMP127823,LO127823,PAT03705,FAC001,LAB007,Urine,2022-08-06,Collected
SMP127840,LO127840,PAT10861,FAC003,LAB013,Swab,2022-03-08,Collected
SMP127841,LO127841,PAT03990,FAC004,LAB008,Urine,2026-11-01,Collected
SMP127844,LO127844,PAT02287,FAC003,LAB014,Blood,2024-07-13,Collected
SMP127846,LO127846,PAT14142,FAC004,LAB004,Blood,2023-04-26,Collected
SMP127856,LO127856,PAT09469,FAC001,LAB005,Blood,2024-04-10,Collected
SMP127862,LO127862,PAT08958,FAC003,LAB005,Blood,2026-01-14,Collected
SMP127866,LO127866,PAT11098,FAC002,LAB011,Blood,2025-02-05,Collected
SMP127876,LO127876,PAT01348,FAC005,LAB005,Blood,2022-04-19,Collected
SMP127878,LO127878,PAT03323,FAC004,LAB005,Blood,2021-11-18,Collected
SMP127890,LO127890,PAT13678,FAC005,LAB014,Blood,2023-03-26,Collected
SMP127893,LO127893,PAT04016,FAC002,LAB010,Radiology,2025-05-22,Collected
SMP127895,LO127895,PAT09319,FAC002,LAB006,Blood,2024-09-18,Processed
SMP127896,LO127896,PAT10183,FAC003,LAB002,Blood,2026-12-14,Collected
SMP127903,LO127903,PAT03066,FAC002,LAB010,Radiology,2025-05-14,Collected
SMP127908,LO127908,PAT08521,FAC001,LAB010,Radiology,2022-09-18,Rejected
SMP127910,LO127910,PAT01084,FAC005,LAB011,Blood,2024-01-16,Collected
SMP127914,LO127914,PAT02865,FAC002,LAB001,Blood,2022-01-30,Collected
SMP127916,LO127916,PAT04097,FAC004,LAB008,Urine,2023-05-03,Collected
SMP127924,LO127924,PAT12271,FAC003,LAB006,Blood,2023-06-21,Collected
SMP127927,LO127927,PAT06804,FAC002,LAB015,Blood,2025-08-02,Collected
SMP127972,LO127972,PAT09555,FAC002,LAB005,Blood,2021-01-06,Collected
SMP127975,LO127975,PAT14616,FAC004,LAB010,Radiology,2024-05-23,Collected
SMP127979,LO127979,PAT10256,FAC003,LAB005,Blood,2024-02-20,Collected
SMP127980,LO127980,PAT13020,FAC001,LAB001,Blood,2025-12-18,Collected
SMP127988,LO127988,PAT01769,FAC002,LAB005,Blood,2026-05-27,Collected
SMP127989,LO127989,PAT01351,FAC005,LAB004,Blood,2025-11-06,Processed
SMP127990,LO127990,PAT11875,FAC004,LAB010,Radiology,2021-10-01,Collected
SMP127994,LO127994,PAT04464,FAC001,LAB001,Blood,2026-03-27,Collected
SMP127995,LO127995,PAT10400,FAC005,LAB008,Urine,2021-12-03,Collected
SMP128001,LO128001,PAT05939,FAC002,LAB010,Radiology,2023-02-25,Collected
SMP128013,LO128013,PAT09400,FAC003,LAB014,Blood,2022-01-14,Collected
SMP128018,LO128018,PAT08373,FAC005,LAB010,Radiology,2023-06-02,Collected
SMP128019,LO128019,PAT10624,FAC005,LAB012,Blood,2025-09-11,Collected
SMP128051,LO128051,PAT05153,FAC002,LAB003,Blood,2025-07-24,Collected
SMP128052,LO128052,PAT04195,FAC001,LAB015,Blood,2023-08-08,Collected
SMP128056,LO128056,PAT02895,FAC001,LAB015,Blood,2026-10-26,Collected
SMP128061,LO128061,PAT05218,FAC005,LAB007,Urine,2023-02-09,Collected
SMP128066,LO128066,PAT12226,FAC003,LAB012,Blood,2022-09-26,Collected
SMP128069,LO128069,PAT13651,FAC002,LAB013,Swab,2025-01-07,Collected
SMP128078,LO128078,PAT04230,FAC004,LAB005,Blood,2026-10-11,Collected
SMP128081,LO128081,PAT10156,FAC002,LAB005,Blood,2022-12-16,Collected
SMP128083,LO128083,PAT00519,FAC004,LAB006,Blood,2021-06-11,Collected
SMP128085,LO128085,PAT12147,FAC003,LAB011,Blood,2024-11-15,Collected
SMP128087,LO128087,PAT00124,FAC005,LAB012,Blood,2025-05-14,Collected
SMP128094,LO128094,PAT01347,FAC005,LAB007,Urine,2023-09-18,Collected
SMP128104,LO128104,PAT04131,FAC003,LAB009,Radiology,2022-01-18,Collected
SMP128106,LO128106,PAT09485,FAC005,LAB005,Blood,2023-08-22,Collected
SMP128111,LO128111,PAT00388,FAC005,LAB010,Radiology,2022-09-26,Collected
SMP128118,LO128118,PAT02910,FAC005,LAB002,Blood,2023-05-29,Collected
SMP128125,LO128125,PAT00980,FAC005,LAB005,Blood,2022-05-01,Collected
SMP128126,LO128126,PAT10008,FAC002,LAB001,Blood,2024-02-22,Collected
SMP128143,LO128143,PAT14687,FAC003,LAB001,Blood,2022-10-23,Collected
SMP128156,LO128156,PAT01458,FAC002,LAB005,Blood,2025-08-01,Processed
SMP128157,LO128157,PAT11318,FAC004,LAB015,Blood,2024-05-13,Collected
SMP128177,LO128177,PAT01226,FAC004,LAB002,Blood,2023-08-12,Processed
SMP128178,LO128178,PAT07276,FAC003,LAB009,Radiology,2026-09-24,Collected
SMP128192,LO128192,PAT07483,FAC004,LAB014,Blood,2022-03-25,Collected
SMP128203,LO128203,PAT14396,FAC005,LAB005,Blood,2025-01-18,Collected
SMP128215,LO128215,PAT06891,FAC002,LAB005,Blood,2026-11-20,Processed
SMP128226,LO128226,PAT02907,FAC002,LAB006,Blood,2022-07-31,Collected
SMP128229,LO128229,PAT09490,FAC002,LAB015,Blood,2026-02-12,Collected
SMP128234,LO128234,PAT07145,FAC002,LAB005,Blood,2021-08-04,Collected
SMP128235,LO128235,PAT12753,FAC001,LAB013,Swab,2023-10-18,Collected
SMP128239,LO128239,PAT12322,FAC005,LAB012,Blood,2021-02-10,Processed
SMP128248,LO128248,PAT06349,FAC003,LAB009,Radiology,2022-04-16,Collected
SMP128254,LO128254,PAT05938,FAC002,LAB011,Blood,2023-10-31,Collected
SMP128259,LO128259,PAT02817,FAC003,LAB010,Radiology,2022-08-16,Collected
SMP128266,LO128266,PAT11586,FAC004,LAB003,Blood,2023-11-20,Collected
SMP128277,LO128277,PAT02454,FAC003,LAB012,Blood,2026-07-24,Collected
SMP128282,LO128282,PAT10552,FAC002,LAB001,Blood,2021-10-11,Collected
SMP128287,LO128287,PAT08122,FAC004,LAB003,Blood,2025-12-11,Collected
SMP128297,LO128297,PAT07530,FAC004,LAB010,Radiology,2021-04-14,Collected
SMP128302,LO128302,PAT05475,FAC001,LAB010,Radiology,2021-02-16,Collected
SMP128303,LO128303,PAT12823,FAC002,LAB005,Blood,2023-01-25,Collected
SMP128311,LO128311,PAT00863,FAC004,LAB004,Blood,2026-05-11,Collected
SMP128316,LO128316,PAT08927,FAC001,LAB007,Urine,2021-09-25,Collected
SMP128317,LO128317,PAT10561,FAC003,LAB005,Blood,2022-04-01,Collected
SMP128320,LO128320,PAT14428,FAC004,LAB008,Urine,2023-03-04,Collected
SMP128321,LO128321,PAT10342,FAC001,LAB004,Blood,2022-09-09,Collected
SMP128325,LO128325,PAT01327,FAC003,LAB014,Blood,2025-06-26,Collected
SMP128326,LO128326,PAT06835,FAC003,LAB009,Radiology,2025-06-06,Collected
SMP128327,LO128327,PAT04654,FAC003,LAB006,Blood,2024-08-01,Collected
SMP128340,LO128340,PAT09195,FAC005,LAB013,Swab,2025-04-21,Collected
SMP128347,LO128347,PAT09239,FAC002,LAB003,Blood,2022-02-19,Collected
SMP128348,LO128348,PAT04085,FAC004,LAB007,Urine,2023-01-11,Collected
SMP128349,LO128349,PAT00614,FAC003,LAB005,Blood,2022-09-21,Processed
SMP128356,LO128356,PAT10910,FAC005,LAB006,Blood,2026-05-21,Collected
SMP128362,LO128362,PAT12296,FAC004,LAB005,Blood,2022-07-14,Collected
SMP128373,LO128373,PAT05370,FAC002,LAB012,Blood,2025-12-27,Collected
SMP128383,LO128383,PAT07360,FAC005,LAB003,Blood,2022-03-18,Collected
SMP128394,LO128394,PAT01329,FAC003,LAB001,Blood,2025-07-01,Collected
SMP128397,LO128397,PAT12265,FAC004,LAB013,Swab,2025-12-18,Collected
SMP128404,LO128404,PAT09593,FAC001,LAB013,Swab,2026-09-12,Collected
SMP128406,LO128406,PAT06670,FAC004,LAB002,Blood,2025-06-08,Collected
SMP128411,LO128411,PAT07177,FAC003,LAB008,Urine,2023-09-16,Collected
SMP128414,LO128414,PAT06960,FAC001,LAB009,Radiology,2023-12-26,Collected
SMP128416,LO128416,PAT01374,FAC003,LAB005,Blood,2021-09-07,Collected
SMP128427,LO128427,PAT02456,FAC003,LAB014,Blood,2021-10-29,Collected
SMP128432,LO128432,PAT07972,FAC003,LAB011,Blood,2025-09-30,Collected
SMP128433,LO128433,PAT12172,FAC001,LAB010,Radiology,2023-08-09,Collected
SMP128434,LO128434,PAT09734,FAC003,LAB012,Blood,2022-01-22,Collected
SMP128438,LO128438,PAT12930,FAC001,LAB006,Blood,2024-06-17,Collected
SMP128441,LO128441,PAT00294,FAC001,LAB004,Blood,2023-12-11,Collected
SMP128447,LO128447,PAT13959,FAC005,LAB004,Blood,2022-03-15,Collected
SMP128450,LO128450,PAT06835,FAC001,LAB009,Radiology,2022-05-05,Collected
SMP128464,LO128464,PAT09482,FAC002,LAB011,Blood,2026-02-06,Collected
SMP128468,LO128468,PAT05932,FAC002,LAB008,Urine,2021-01-19,Collected
SMP128475,LO128475,PAT06522,FAC001,LAB013,Swab,2023-01-08,Collected
SMP128478,LO128478,PAT14529,FAC003,LAB013,Swab,2021-11-14,Collected
SMP128483,LO128483,PAT04203,FAC002,LAB014,Blood,2023-03-21,Collected
SMP128489,LO128489,PAT14888,FAC003,LAB003,Blood,2022-06-27,Collected
SMP128493,LO128493,PAT11159,FAC004,LAB005,Blood,2024-06-17,Collected
SMP128499,LO128499,PAT06877,FAC005,LAB001,Blood,2021-07-12,Collected
SMP128502,LO128502,PAT04375,FAC001,LAB010,Radiology,2024-05-23,Collected
SMP128503,LO128503,PAT03509,FAC004,LAB011,Blood,2024-05-27,Collected
SMP128504,LO128504,PAT02803,FAC004,LAB012,Blood,2021-10-19,Collected
SMP128517,LO128517,PAT04672,FAC001,LAB001,Blood,2026-11-23,Collected
SMP128528,LO128528,PAT07014,FAC005,LAB002,Blood,2025-05-27,Collected
SMP128530,LO128530,PAT05730,FAC001,LAB012,Blood,2021-03-12,Collected
SMP128532,LO128532,PAT09530,FAC002,LAB007,Urine,2024-01-17,Collected
SMP128534,LO128534,PAT13982,FAC005,LAB006,Blood,2023-09-22,Collected
SMP128539,LO128539,PAT13992,FAC003,LAB011,Blood,2024-05-07,Collected
SMP128544,LO128544,PAT13525,FAC001,LAB010,Radiology,2021-09-17,Processed
SMP128553,LO128553,PAT05445,FAC001,LAB003,Blood,2024-09-13,Collected
SMP128554,LO128554,PAT00536,FAC005,LAB009,Radiology,2024-09-29,Collected
SMP128558,LO128558,PAT06561,FAC004,LAB003,Blood,2023-12-14,Collected
SMP128559,LO128559,PAT02883,FAC003,LAB013,Swab,2021-07-21,Collected
SMP128561,LO128561,PAT06959,FAC002,LAB012,Blood,2025-10-02,Collected
SMP128575,LO128575,PAT02499,FAC003,LAB002,Blood,2025-03-28,Rejected
SMP128576,LO128576,PAT03949,FAC003,LAB012,Blood,2022-08-02,Collected
SMP128581,LO128581,PAT12301,FAC001,LAB002,Blood,2024-06-28,Collected
SMP128593,LO128593,PAT00971,FAC002,LAB011,Blood,2025-04-02,Collected
SMP128598,LO128598,PAT04270,FAC005,LAB006,Blood,2023-01-19,Collected
SMP128602,LO128602,PAT01594,FAC005,LAB015,Blood,2022-09-21,Collected
SMP128604,LO128604,PAT11360,FAC005,LAB010,Radiology,2024-07-02,Collected
SMP128607,LO128607,PAT02486,FAC004,LAB001,Blood,2021-04-03,Collected
SMP128610,LO128610,PAT06850,FAC002,LAB004,Blood,2021-07-04,Collected
SMP128613,LO128613,PAT09245,FAC003,LAB015,Blood,2024-11-04,Collected
SMP128626,LO128626,PAT05466,FAC002,LAB003,Blood,2024-11-04,Collected
SMP128627,LO128627,PAT08257,FAC003,LAB012,Blood,2024-04-28,Collected
SMP128635,LO128635,PAT08787,FAC003,LAB007,Urine,2024-03-18,Processed
SMP128637,LO128637,PAT08391,FAC003,LAB004,Blood,2021-11-24,Processed
SMP128638,LO128638,PAT00305,FAC002,LAB013,Swab,2026-09-17,Collected
SMP128646,LO128646,PAT05222,FAC004,LAB004,Blood,2022-06-17,Collected
SMP128647,LO128647,PAT13994,FAC003,LAB014,Blood,2026-01-23,Collected
SMP128650,LO128650,PAT07299,FAC005,LAB013,Swab,2025-09-18,Processed
SMP128665,LO128665,PAT00334,FAC004,LAB006,Blood,2021-05-17,Collected
SMP128673,LO128673,PAT14133,FAC003,LAB011,Blood,2022-06-12,Processed
SMP128683,LO128683,PAT08747,FAC001,LAB013,Swab,2021-01-29,Rejected
SMP128685,LO128685,PAT10841,FAC003,LAB014,Blood,2024-09-05,Collected
SMP128699,LO128699,PAT00591,FAC004,LAB015,Blood,2021-02-17,Collected
SMP128700,LO128700,PAT01499,FAC002,LAB003,Blood,2021-04-10,Collected
SMP128710,LO128710,PAT14092,FAC002,LAB004,Blood,2025-01-25,Collected
SMP128717,LO128717,PAT09458,FAC002,LAB001,Blood,2023-09-18,Collected
SMP128722,LO128722,PAT01890,FAC004,LAB002,Blood,2025-07-15,Collected
SMP128726,LO128726,PAT05156,FAC001,LAB015,Blood,2023-09-07,Collected
SMP128729,LO128729,PAT02037,FAC004,LAB008,Urine,2024-11-11,Collected
SMP128732,LO128732,PAT12130,FAC002,LAB005,Blood,2023-08-19,Collected
SMP128736,LO128736,PAT10111,FAC004,LAB007,Urine,2026-05-14,Collected
SMP128740,LO128740,PAT14453,FAC001,LAB011,Blood,2021-06-04,Processed
SMP128751,LO128751,PAT10899,FAC003,LAB004,Blood,2021-10-18,Collected
SMP128756,LO128756,PAT14598,FAC003,LAB008,Urine,2021-05-13,Collected
SMP128759,LO128759,PAT11148,FAC003,LAB001,Blood,2023-10-15,Collected
SMP128761,LO128761,PAT10991,FAC004,LAB010,Radiology,2021-01-10,Collected
SMP128762,LO128762,PAT10313,FAC005,LAB012,Blood,2023-02-08,Collected
SMP128772,LO128772,PAT12599,FAC004,LAB010,Radiology,2023-12-21,Collected
SMP128774,LO128774,PAT00069,FAC002,LAB015,Blood,2025-07-05,Rejected
SMP128777,LO128777,PAT05031,FAC005,LAB006,Blood,2026-10-24,Collected
SMP128783,LO128783,PAT14820,FAC001,LAB004,Blood,2026-07-08,Collected
SMP128784,LO128784,PAT05923,FAC004,LAB007,Urine,2023-10-06,Collected
SMP128791,LO128791,PAT09160,FAC003,LAB006,Blood,2023-01-08,Processed
SMP128792,LO128792,PAT00100,FAC001,LAB012,Blood,2023-08-17,Collected
SMP128797,LO128797,PAT07269,FAC003,LAB002,Blood,2021-07-17,Collected
SMP128814,LO128814,PAT05359,FAC002,LAB010,Radiology,2023-06-30,Collected
SMP128816,LO128816,PAT04827,FAC001,LAB013,Swab,2025-08-17,Collected
SMP128825,LO128825,PAT11949,FAC004,LAB006,Blood,2025-05-21,Collected
SMP128828,LO128828,PAT03887,FAC003,LAB010,Radiology,2021-03-15,Processed
SMP128830,LO128830,PAT06922,FAC005,LAB005,Blood,2023-10-12,Collected
SMP128835,LO128835,PAT08595,FAC001,LAB006,Blood,2026-01-13,Collected
SMP128837,LO128837,PAT03044,FAC004,LAB012,Blood,2026-02-06,Collected
SMP128854,LO128854,PAT02068,FAC004,LAB010,Radiology,2021-05-14,Collected
SMP128860,LO128860,PAT11275,FAC003,LAB004,Blood,2022-03-20,Collected
SMP128868,LO128868,PAT02665,FAC003,LAB004,Blood,2023-04-10,Collected
SMP128869,LO128869,PAT14666,FAC001,LAB005,Blood,2026-03-09,Collected
SMP128870,LO128870,PAT06265,FAC004,LAB008,Urine,2023-06-17,Collected
SMP128877,LO128877,PAT05590,FAC004,LAB010,Radiology,2022-05-16,Collected
SMP128880,LO128880,PAT01122,FAC002,LAB012,Blood,2025-12-13,Collected
SMP128882,LO128882,PAT10634,FAC004,LAB013,Swab,2024-05-08,Collected
SMP128895,LO128895,PAT05465,FAC003,LAB003,Blood,2023-02-28,Collected
SMP128896,LO128896,PAT12597,FAC005,LAB011,Blood,2026-09-16,Collected
SMP128899,LO128899,PAT04078,FAC002,LAB004,Blood,2026-05-02,Processed
SMP128917,LO128917,PAT09319,FAC002,LAB001,Blood,2023-03-29,Collected
SMP128923,LO128923,PAT12037,FAC003,LAB015,Blood,2024-03-13,Collected
SMP128933,LO128933,PAT13941,FAC004,LAB004,Blood,2025-12-29,Collected
SMP128935,LO128935,PAT08571,FAC003,LAB005,Blood,2023-09-18,Collected
SMP128946,LO128946,PAT11255,FAC003,LAB012,Blood,2022-10-27,Processed
SMP128948,LO128948,PAT07218,FAC003,LAB014,Blood,2024-03-06,Collected
SMP128962,LO128962,PAT06694,FAC003,LAB002,Blood,2021-12-16,Collected
SMP128964,LO128964,PAT13672,FAC003,LAB014,Blood,2025-10-27,Collected
SMP128965,LO128965,PAT07448,FAC005,LAB004,Blood,2022-04-02,Collected
SMP128967,LO128967,PAT09261,FAC004,LAB014,Blood,2021-03-01,Collected
SMP128976,LO128976,PAT12472,FAC002,LAB010,Radiology,2023-08-24,Collected
SMP128991,LO128991,PAT12450,FAC001,LAB013,Swab,2026-03-13,Rejected
SMP128993,LO128993,PAT01399,FAC005,LAB001,Blood,2025-12-07,Collected
SMP128998,LO128998,PAT04919,FAC004,LAB011,Blood,2026-05-30,Collected
SMP129004,LO129004,PAT01327,FAC005,LAB006,Blood,2025-08-23,Collected
SMP129006,LO129006,PAT11954,FAC004,LAB001,Blood,2021-03-24,Collected
SMP129012,LO129012,PAT08994,FAC003,LAB012,Blood,2024-10-15,Collected
SMP129018,LO129018,PAT08740,FAC003,LAB006,Blood,2026-12-21,Collected
SMP129025,LO129025,PAT14111,FAC002,LAB009,Radiology,2026-08-18,Collected
SMP129029,LO129029,PAT00034,FAC002,LAB003,Blood,2024-03-16,Processed
SMP129030,LO129030,PAT10981,FAC003,LAB008,Urine,2026-10-21,Collected
SMP129031,LO129031,PAT14243,FAC003,LAB008,Urine,2021-07-20,Collected
SMP129032,LO129032,PAT06821,FAC001,LAB007,Urine,2022-09-08,Collected
SMP129033,LO129033,PAT00304,FAC001,LAB014,Blood,2023-04-08,Collected
SMP129037,LO129037,PAT09051,FAC002,LAB003,Blood,2023-04-19,Collected
SMP129054,LO129054,PAT00185,FAC003,LAB001,Blood,2023-09-27,Collected
SMP129061,LO129061,PAT02532,FAC002,LAB009,Radiology,2023-09-27,Processed
SMP129063,LO129063,PAT06907,FAC002,LAB015,Blood,2024-08-23,Collected
SMP129067,LO129067,PAT00201,FAC002,LAB006,Blood,2021-02-18,Collected
SMP129070,LO129070,PAT07979,FAC004,LAB003,Blood,2021-05-14,Collected
SMP129075,LO129075,PAT05958,FAC005,LAB007,Urine,2022-02-24,Collected
SMP129079,LO129079,PAT12793,FAC003,LAB003,Blood,2022-09-21,Collected
SMP129090,LO129090,PAT08388,FAC005,LAB008,Urine,2021-12-29,Collected
SMP129096,LO129096,PAT07218,FAC005,LAB006,Blood,2024-02-18,Collected
SMP129103,LO129103,PAT03080,FAC005,LAB008,Urine,2022-10-03,Collected
SMP129104,LO129104,PAT04765,FAC004,LAB011,Blood,2023-03-12,Collected
SMP129109,LO129109,PAT07294,FAC001,LAB009,Radiology,2022-08-31,Collected
SMP129120,LO129120,PAT11663,FAC004,LAB014,Blood,2022-05-10,Collected
SMP129123,LO129123,PAT05174,FAC003,LAB010,Radiology,2021-11-24,Processed
SMP129126,LO129126,PAT05345,FAC001,LAB007,Urine,2022-09-09,Collected
SMP129138,LO129138,PAT07540,FAC003,LAB001,Blood,2025-08-29,Collected
SMP129139,LO129139,PAT06844,FAC001,LAB012,Blood,2021-06-22,Collected
SMP129146,LO129146,PAT05362,FAC001,LAB009,Radiology,2023-01-06,Collected
SMP129157,LO129157,PAT05675,FAC004,LAB006,Blood,2024-10-17,Processed
SMP129163,LO129163,PAT06078,FAC004,LAB015,Blood,2025-02-06,Collected
SMP129169,LO129169,PAT10906,FAC004,LAB001,Blood,2025-01-19,Collected
SMP129175,LO129175,PAT11160,FAC003,LAB013,Swab,2024-10-20,Collected
SMP129178,LO129178,PAT06919,FAC001,LAB004,Blood,2023-06-01,Collected
SMP129181,LO129181,PAT04289,FAC005,LAB003,Blood,2025-04-02,Collected
SMP129186,LO129186,PAT00593,FAC003,LAB012,Blood,2025-10-22,Collected
SMP129188,LO129188,PAT02271,FAC002,LAB013,Swab,2025-03-14,Collected
SMP129196,LO129196,PAT03194,FAC001,LAB008,Urine,2024-07-05,Collected
SMP129197,LO129197,PAT09852,FAC005,LAB007,Urine,2025-09-19,Collected
SMP129205,LO129205,PAT05737,FAC004,LAB009,Radiology,2021-07-07,Collected
SMP129211,LO129211,PAT08073,FAC002,LAB008,Urine,2025-08-25,Collected
SMP129218,LO129218,PAT07542,FAC005,LAB005,Blood,2026-02-13,Collected
SMP129227,LO129227,PAT09595,FAC005,LAB009,Radiology,2026-04-04,Collected
SMP129233,LO129233,PAT06919,FAC001,LAB006,Blood,2025-05-30,Collected
SMP129236,LO129236,PAT07525,FAC003,LAB001,Blood,2026-05-13,Collected
SMP129237,LO129237,PAT12515,FAC003,LAB010,Radiology,2025-03-06,Collected
SMP129241,LO129241,PAT00484,FAC005,LAB001,Blood,2024-07-28,Collected
SMP129243,LO129243,PAT06432,FAC005,LAB010,Radiology,2021-04-24,Collected
SMP129249,LO129249,PAT10511,FAC003,LAB003,Blood,2026-06-29,Collected
SMP129251,LO129251,PAT10505,FAC005,LAB014,Blood,2023-03-13,Collected
SMP129261,LO129261,PAT01990,FAC005,LAB002,Blood,2022-10-04,Collected
SMP129273,LO129273,PAT10550,FAC001,LAB007,Urine,2022-03-23,Collected
SMP129276,LO129276,PAT10714,FAC002,LAB011,Blood,2023-01-15,Collected
SMP129278,LO129278,PAT00334,FAC004,LAB012,Blood,2021-08-06,Collected
SMP129285,LO129285,PAT09310,FAC004,LAB013,Swab,2025-07-12,Collected
SMP129291,LO129291,PAT13779,FAC005,LAB002,Blood,2023-12-21,Collected
SMP129293,LO129293,PAT08296,FAC004,LAB011,Blood,2026-07-18,Collected
SMP129295,LO129295,PAT11710,FAC001,LAB001,Blood,2025-06-07,Collected
SMP129298,LO129298,PAT09539,FAC003,LAB009,Radiology,2021-02-24,Collected
SMP129302,LO129302,PAT05713,FAC004,LAB011,Blood,2023-09-02,Collected
SMP129309,LO129309,PAT02474,FAC005,LAB003,Blood,2024-11-05,Collected
SMP129311,LO129311,PAT04016,FAC003,LAB011,Blood,2026-11-28,Collected
SMP129323,LO129323,PAT02289,FAC004,LAB008,Urine,2026-12-04,Processed
SMP129324,LO129324,PAT08595,FAC005,LAB005,Blood,2024-03-25,Collected
SMP129325,LO129325,PAT11160,FAC001,LAB012,Blood,2025-12-15,Collected
SMP129328,LO129328,PAT05082,FAC001,LAB002,Blood,2026-07-24,Collected
SMP129329,LO129329,PAT01633,FAC005,LAB006,Blood,2023-08-31,Collected
SMP129330,LO129330,PAT01003,FAC005,LAB001,Blood,2024-07-10,Processed
SMP129332,LO129332,PAT12296,FAC004,LAB007,Urine,2024-12-28,Collected
SMP129336,LO129336,PAT09141,FAC001,LAB006,Blood,2021-07-23,Collected
SMP129346,LO129346,PAT09244,FAC003,LAB005,Blood,2021-08-01,Processed
SMP129350,LO129350,PAT03014,FAC001,LAB002,Blood,2022-10-17,Processed
SMP129358,LO129358,PAT05513,FAC001,LAB013,Swab,2024-08-21,Processed
SMP129362,LO129362,PAT14855,FAC005,LAB011,Blood,2024-12-22,Collected
SMP129368,LO129368,PAT07269,FAC005,LAB008,Urine,2024-09-17,Collected
SMP129371,LO129371,PAT07717,FAC003,LAB015,Blood,2021-05-31,Collected
SMP129381,LO129381,PAT04991,FAC004,LAB013,Swab,2023-09-17,Collected
SMP129389,LO129389,PAT02237,FAC001,LAB004,Blood,2022-05-04,Collected
SMP129395,LO129395,PAT02100,FAC005,LAB013,Swab,2023-07-04,Collected
SMP129397,LO129397,PAT01714,FAC003,LAB009,Radiology,2024-05-08,Collected
SMP129399,LO129399,PAT04342,FAC002,LAB005,Blood,2023-07-26,Processed
SMP129400,LO129400,PAT01702,FAC003,LAB013,Swab,2024-03-25,Collected
SMP129401,LO129401,PAT04844,FAC003,LAB005,Blood,2026-01-12,Collected
SMP129409,LO129409,PAT11362,FAC003,LAB014,Blood,2022-11-25,Collected
SMP129410,LO129410,PAT08803,FAC002,LAB011,Blood,2022-05-02,Collected
SMP129412,LO129412,PAT11875,FAC002,LAB013,Swab,2021-07-12,Rejected
SMP129415,LO129415,PAT02985,FAC001,LAB011,Blood,2023-03-17,Collected
SMP129425,LO129425,PAT10881,FAC001,LAB006,Blood,2025-08-09,Collected
SMP129428,LO129428,PAT00622,FAC003,LAB007,Urine,2024-02-21,Collected
SMP129431,LO129431,PAT07029,FAC002,LAB008,Urine,2026-10-07,Collected
SMP129437,LO129437,PAT13621,FAC005,LAB013,Swab,2024-01-15,Collected
SMP129440,LO129440,PAT11101,FAC003,LAB005,Blood,2025-02-07,Collected
SMP129464,LO129464,PAT14954,FAC005,LAB006,Blood,2026-07-19,Collected
SMP129466,LO129466,PAT13888,FAC003,LAB005,Blood,2023-02-23,Collected
SMP129468,LO129468,PAT03462,FAC003,LAB009,Radiology,2023-04-29,Collected
SMP129469,LO129469,PAT13253,FAC002,LAB004,Blood,2024-09-05,Collected
SMP129470,LO129470,PAT13173,FAC005,LAB013,Swab,2023-09-20,Collected
SMP129474,LO129474,PAT06652,FAC002,LAB002,Blood,2022-10-22,Collected
SMP129477,LO129477,PAT01706,FAC003,LAB015,Blood,2025-04-22,Processed
SMP129478,LO129478,PAT14855,FAC003,LAB005,Blood,2024-01-10,Collected
SMP129479,LO129479,PAT14498,FAC003,LAB015,Blood,2022-12-17,Collected
SMP129496,LO129496,PAT03044,FAC004,LAB001,Blood,2023-01-16,Collected
SMP129502,LO129502,PAT03503,FAC003,LAB003,Blood,2026-10-26,Collected
SMP129507,LO129507,PAT05873,FAC003,LAB005,Blood,2025-01-15,Collected
SMP129508,LO129508,PAT09474,FAC003,LAB006,Blood,2022-07-20,Collected
SMP129511,LO129511,PAT09490,FAC001,LAB008,Urine,2021-08-22,Collected
SMP129522,LO129522,PAT08603,FAC004,LAB003,Blood,2024-04-12,Collected
SMP129524,LO129524,PAT14748,FAC005,LAB015,Blood,2023-07-08,Collected
SMP129534,LO129534,PAT08529,FAC003,LAB015,Blood,2026-02-27,Collected
SMP129540,LO129540,PAT02520,FAC005,LAB006,Blood,2021-03-09,Collected
SMP129542,LO129542,PAT14995,FAC001,LAB004,Blood,2025-11-04,Collected
SMP129549,LO129549,PAT14383,FAC001,LAB014,Blood,2023-01-14,Collected
SMP129563,LO129563,PAT07418,FAC002,LAB007,Urine,2024-12-27,Collected
SMP129565,LO129565,PAT00287,FAC004,LAB013,Swab,2024-04-17,Collected
SMP129566,LO129566,PAT14396,FAC004,LAB012,Blood,2026-03-20,Collected
SMP129575,LO129575,PAT01612,FAC005,LAB015,Blood,2022-01-19,Collected
SMP129578,LO129578,PAT10924,FAC001,LAB010,Radiology,2025-06-23,Collected
SMP129581,LO129581,PAT11497,FAC002,LAB010,Radiology,2025-07-23,Collected
SMP129582,LO129582,PAT00064,FAC004,LAB014,Blood,2026-12-08,Processed
SMP129588,LO129588,PAT12465,FAC005,LAB014,Blood,2025-04-28,Collected
SMP129590,LO129590,PAT11387,FAC004,LAB011,Blood,2023-06-29,Collected
SMP129595,LO129595,PAT02883,FAC004,LAB008,Urine,2025-12-12,Collected
SMP129599,LO129599,PAT02958,FAC005,LAB005,Blood,2023-10-05,Collected
SMP129602,LO129602,PAT02030,FAC002,LAB008,Urine,2023-07-31,Collected
SMP129605,LO129605,PAT08222,FAC002,LAB003,Blood,2023-10-25,Collected
SMP129607,LO129607,PAT04388,FAC002,LAB013,Swab,2022-01-28,Collected
SMP129608,LO129608,PAT14702,FAC005,LAB014,Blood,2026-04-22,Collected
SMP129611,LO129611,PAT03205,FAC001,LAB004,Blood,2026-08-13,Collected
SMP129619,LO129619,PAT02752,FAC001,LAB005,Blood,2022-05-10,Collected
SMP129627,LO129627,PAT09244,FAC003,LAB012,Blood,2025-08-14,Collected
SMP129633,LO129633,PAT08288,FAC004,LAB003,Blood,2025-11-11,Collected
SMP129642,LO129642,PAT04041,FAC002,LAB002,Blood,2021-06-04,Processed
SMP129645,LO129645,PAT11263,FAC003,LAB009,Radiology,2024-05-24,Collected
SMP129653,LO129653,PAT04607,FAC001,LAB014,Blood,2023-07-24,Collected
SMP129654,LO129654,PAT14835,FAC003,LAB002,Blood,2026-05-08,Collected
SMP129658,LO129658,PAT04124,FAC002,LAB014,Blood,2026-06-06,Processed
SMP129661,LO129661,PAT08410,FAC005,LAB008,Urine,2026-12-21,Collected
SMP129667,LO129667,PAT11511,FAC002,LAB008,Urine,2025-11-26,Collected
SMP129671,LO129671,PAT02118,FAC005,LAB004,Blood,2021-10-28,Processed
SMP129675,LO129675,PAT13089,FAC003,LAB014,Blood,2026-10-29,Collected
SMP129682,LO129682,PAT01490,FAC001,LAB007,Urine,2021-11-29,Collected
SMP129687,LO129687,PAT11110,FAC005,LAB012,Blood,2023-10-06,Collected
SMP129688,LO129688,PAT14243,FAC003,LAB008,Urine,2022-03-13,Collected
SMP129695,LO129695,PAT02716,FAC004,LAB010,Radiology,2024-12-17,Processed
SMP129697,LO129697,PAT06181,FAC003,LAB015,Blood,2024-12-12,Collected
SMP129700,LO129700,PAT04520,FAC005,LAB001,Blood,2022-02-28,Collected
SMP129704,LO129704,PAT12706,FAC001,LAB004,Blood,2023-02-13,Collected
SMP129708,LO129708,PAT13164,FAC005,LAB007,Urine,2026-03-09,Collected
SMP129724,LO129724,PAT00931,FAC003,LAB008,Urine,2026-09-28,Collected
SMP129726,LO129726,PAT01499,FAC002,LAB003,Blood,2025-04-04,Collected
SMP129728,LO129728,PAT02772,FAC001,LAB013,Swab,2026-02-19,Collected
SMP129735,LO129735,PAT10550,FAC001,LAB007,Urine,2024-03-05,Collected
SMP129760,LO129760,PAT09150,FAC003,LAB014,Blood,2023-11-21,Collected
SMP129762,LO129762,PAT13783,FAC004,LAB001,Blood,2023-08-17,Collected
SMP129764,LO129764,PAT01535,FAC004,LAB003,Blood,2026-12-17,Collected
SMP129773,LO129773,PAT02681,FAC001,LAB003,Blood,2023-11-17,Collected
SMP129774,LO129774,PAT09717,FAC004,LAB001,Blood,2026-06-27,Collected
SMP129780,LO129780,PAT01084,FAC003,LAB004,Blood,2021-11-13,Rejected
SMP129787,LO129787,PAT11275,FAC005,LAB007,Urine,2022-12-20,Collected
SMP129792,LO129792,PAT14111,FAC002,LAB008,Urine,2025-04-23,Collected
SMP129801,LO129801,PAT03012,FAC004,LAB013,Swab,2021-12-01,Collected
SMP129803,LO129803,PAT08635,FAC005,LAB002,Blood,2021-04-25,Collected
SMP129805,LO129805,PAT03464,FAC005,LAB003,Blood,2021-08-06,Collected
SMP129806,LO129806,PAT13525,FAC002,LAB003,Blood,2024-02-29,Collected
SMP129807,LO129807,PAT12680,FAC001,LAB007,Urine,2025-04-08,Collected
SMP129817,LO129817,PAT12358,FAC003,LAB004,Blood,2022-01-12,Rejected
SMP129819,LO129819,PAT00885,FAC004,LAB006,Blood,2026-07-12,Collected
SMP129826,LO129826,PAT11218,FAC002,LAB005,Blood,2022-02-12,Collected
SMP129829,LO129829,PAT03781,FAC004,LAB015,Blood,2022-09-23,Collected
SMP129837,LO129837,PAT01327,FAC005,LAB012,Blood,2022-04-01,Collected
SMP129844,LO129844,PAT11740,FAC004,LAB009,Radiology,2023-10-28,Processed
SMP129849,LO129849,PAT03329,FAC002,LAB013,Swab,2024-09-22,Processed
SMP129865,LO129865,PAT13843,FAC005,LAB005,Blood,2023-02-13,Collected
SMP129869,LO129869,PAT04879,FAC003,LAB006,Blood,2022-10-15,Collected
SMP129873,LO129873,PAT14788,FAC005,LAB009,Radiology,2025-07-10,Collected
SMP129881,LO129881,PAT08980,FAC004,LAB010,Radiology,2026-01-05,Collected
SMP129884,LO129884,PAT01723,FAC002,LAB001,Blood,2022-08-13,Collected
SMP129889,LO129889,PAT06843,FAC003,LAB002,Blood,2023-12-13,Collected
SMP129891,LO129891,PAT14768,FAC001,LAB008,Urine,2022-03-25,Collected
SMP129893,LO129893,PAT14717,FAC001,LAB014,Blood,2026-08-30,Collected
SMP129898,LO129898,PAT09114,FAC003,LAB013,Swab,2024-01-11,Collected
SMP129907,LO129907,PAT12472,FAC003,LAB001,Blood,2024-05-14,Collected
SMP129908,LO129908,PAT03372,FAC003,LAB011,Blood,2024-12-25,Collected
SMP129910,LO129910,PAT01086,FAC005,LAB012,Blood,2025-10-02,Collected
SMP129917,LO129917,PAT04966,FAC001,LAB002,Blood,2022-11-19,Processed
SMP129919,LO129919,PAT01706,FAC002,LAB002,Blood,2024-04-10,Processed
SMP129924,LO129924,PAT06555,FAC003,LAB008,Urine,2025-09-24,Collected
SMP129931,LO129931,PAT05801,FAC001,LAB006,Blood,2021-10-07,Collected
SMP129932,LO129932,PAT13869,FAC005,LAB003,Blood,2023-12-02,Collected
SMP129935,LO129935,PAT05915,FAC003,LAB013,Swab,2025-06-01,Collected
SMP129938,LO129938,PAT08098,FAC001,LAB002,Blood,2024-03-08,Collected
SMP129940,LO129940,PAT01732,FAC005,LAB003,Blood,2023-09-03,Collected
SMP129956,LO129956,PAT07521,FAC003,LAB011,Blood,2025-07-16,Collected
SMP129979,LO129979,PAT00182,FAC004,LAB005,Blood,2023-09-22,Collected
SMP129982,LO129982,PAT13477,FAC002,LAB011,Blood,2022-01-18,Collected
SMP129984,LO129984,PAT13545,FAC005,LAB005,Blood,2026-07-08,Collected
SMP129985,LO129985,PAT13493,FAC004,LAB013,Swab,2025-01-24,Collected
SMP129988,LO129988,PAT11649,FAC002,LAB007,Urine,2024-10-23,Collected
SMP129995,LO129995,PAT11793,FAC002,LAB003,Blood,2026-10-12,Collected
