lab_order_id,appointment_id,patient_id,doctor_id,department_id,facility_id,test_id,test_name,category,order_date,collection_date,result_date,tat_hours,priority,result_status
LO100023,APP018946,PAT02772,DOC038,DEP005,FAC003,LAB007,Urine Routine,Microbiology,2025-11-25,2025-11-25,2025-11-29 19:00:00,115,Routine,Normal
LO100037,APP038337,PAT03616,DOC015,DEP005,FAC005,LAB009,Chest X-Ray,Radiology,2025-08-23,2025-08-23,2025-08-24 03:00:00,27,Routine,Normal
LO100044,APP029352,PAT05614,DOC027,DEP001,FAC002,LAB007,Urine Routine,Microbiology,2025-09-29,2025-10-01,2025-10-04 20:00:00,92,Routine,Normal
LO100045,APP006861,PAT05768,DOC010,DEP003,FAC005,LAB013,COVID PCR,Molecular Diagnostics,2025-05-02,2025-05-02,2025-05-06 20:00:00,116,Routine,Normal
LO100048,APP025115,PAT03548,DOC031,DEP001,FAC001,LAB006,Thyroid Profile,Immunology,2025-10-03,2025-10-05,2025-10-05 10:00:00,10,Routine,Abnormal
LO100049,APP023856,PAT08268,DOC028,DEP001,FAC003,LAB001,Complete Blood Count,Hematology,2025-12-04,2025-12-04,2025-12-08 20:00:00,116,Routine,Normal
LO100052,APP024946,PAT02456,DOC027,DEP001,FAC002,LAB012,HbA1c,Biochemistry,2025-11-05,2025-11-06,2025-11-07 11:00:00,35,Routine,Normal
LO100057,APP002805,PAT03777,DOC007,DEP002,FAC002,LAB003,Lipid Profile,Biochemistry,2025-09-25,2025-09-26,2025-09-28 03:00:00,51,Routine,Abnormal
LO100058,APP047286,PAT05684,DOC015,DEP005,FAC005,LAB014,Blood Culture,Microbiology,2025-01-02,2025-01-04,2025-01-07 22:00:00,94,Urgent,Normal
LO100062,APP030752,PAT02821,DOC034,DEP001,FAC004,LAB008,Urine Culture,Microbiology,2025-12-17,2025-12-17,2025-12-18 07:00:00,31,Urgent,Normal
LO100066,APP016702,PAT07771,DOC012,DEP005,FAC002,LAB003,Lipid Profile,Biochemistry,2025-02-25,2025-02-27,2025-03-03 13:00:00,109,Routine,Normal
LO100071,APP043486,PAT07321,DOC006,DEP002,FAC001,LAB010,Ultrasound Abdomen,Radiology,2025-10-23,2025-10-24,2025-10-24 16:00:00,16,Routine,Normal
LO100092,APP023032,PAT08930,DOC008,DEP003,FAC003,LAB012,HbA1c,Biochemistry,2025-08-08,2025-08-09,2025-08-10 14:00:00,38,Routine,Normal
LO100094,APP015438,PAT00945,DOC029,DEP007,FAC004,LAB012,HbA1c,Biochemistry,2025-05-03,2025-05-04,2025-05-07 00:00:00,72,Routine,Normal
LO100123,APP012333,PAT02752,DOC030,DEP008,FAC005,LAB010,Ultrasound Abdomen,Radiology,2025-10-13,2025-10-15,2025-10-16 15:00:00,39,Routine,Abnormal
LO100127,APP015047,PAT04192,DOC029,DEP007,FAC004,LAB007,Urine Routine,Microbiology,2025-02-16,2025-02-17,2025-02-18 03:00:00,27,Routine,Normal
LO100133,APP034955,PAT02999,DOC027,DEP001,FAC002,LAB005,Kidney Function Test,Biochemistry,2025-07-20,2025-07-20,2025-07-21 13:00:00,37,Routine,Normal
LO100134,APP037504,PAT09965,DOC034,DEP001,FAC004,LAB010,Ultrasound Abdomen,Radiology,2025-03-09,2025-03-10,2025-03-11 03:00:00,27,Routine,Normal
LO100142,APP019208,PAT06821,DOC023,DEP008,FAC003,LAB005,Kidney Function Test,Biochemistry,2025-06-16,2025-06-16,2025-06-17 04:00:00,28,Routine,Normal
LO100146,APP033797,PAT04102,DOC032,DEP002,FAC002,LAB007,Urine Routine,Microbiology,2025-04-05,2025-04-05,2025-04-05 07:00:00,7,Routine,Normal
LO100157,APP013875,PAT03284,DOC033,DEP003,FAC003,LAB012,HbA1c,Biochemistry,2025-04-14,2025-04-14,2025-04-16 10:00:00,58,Routine,Normal
LO100160,APP033247,PAT06551,DOC017,DEP006,FAC002,LAB005,Kidney Function Test,Biochemistry,2025-04-06,2025-04-07,2025-04-09 03:00:00,51,Routine,Normal
LO100166,APP008923,PAT02992,DOC016,DEP004,FAC001,LAB003,Lipid Profile,Biochemistry,2025-09-30,2025-09-30,2025-10-01 14:00:00,38,Routine,Normal
LO100167,APP026991,PAT06078,DOC029,DEP007,FAC004,LAB009,Chest X-Ray,Radiology,2025-06-06,2025-06-08,2025-06-08 10:00:00,10,Urgent,Normal
LO100168,APP034449,PAT05398,DOC039,DEP002,FAC004,LAB009,Chest X-Ray,Radiology,2025-01-10,2025-01-11,2025-01-13 18:00:00,66,Routine,Normal
LO100170,APP027592,PAT07170,DOC035,DEP001,FAC005,LAB013,COVID PCR,Molecular Diagnostics,2025-01-01,2025-01-03,2025-01-04 07:00:00,31,Routine,Normal
LO100173,APP018616,PAT04128,DOC014,DEP004,FAC004,LAB005,Kidney Function Test,Biochemistry,2025-12-12,2025-12-12,2025-12-16 01:00:00,97,Routine,Normal
LO100175,APP025627,PAT06163,DOC034,DEP001,FAC004,LAB008,Urine Culture,Microbiology,2025-01-01,2025-01-02,2025-01-06 06:00:00,102,Routine,Normal
LO100177,APP029461,PAT07573,DOC036,DEP002,FAC001,LAB007,Urine Routine,Microbiology,2025-11-15,2025-11-16,2025-11-20 06:00:00,102,Routine,Normal
LO100185,APP002054,PAT01198,DOC024,DEP006,FAC004,LAB003,Lipid Profile,Biochemistry,2025-07-18,2025-07-19,2025-07-19 07:00:00,7,Routine,Normal
LO100188,APP038436,PAT09244,DOC040,DEP003,FAC005,LAB005,Kidney Function Test,Biochemistry,2025-04-21,2025-04-23,2025-04-27 21:00:00,117,Routine,Normal
LO100191,APP045022,PAT09270,DOC035,DEP001,FAC005,LAB011,ECG,Cardiology Diagnostics,2025-09-20,2025-09-22,2025-09-23 13:00:00,37,Routine,Normal
LO100202,APP014751,PAT05307,DOC024,DEP006,FAC004,LAB010,Ultrasound Abdomen,Radiology,2025-09-06,2025-09-08,2025-09-08 16:00:00,16,Routine,Normal
LO100205,APP016611,PAT04016,DOC027,DEP001,FAC002,LAB004,Liver Function Test,Biochemistry,2025-11-03,2025-11-05,2025-11-09 23:00:00,119,Urgent,Normal
LO100212,APP023941,PAT05839,DOC030,DEP008,FAC005,LAB005,Kidney Function Test,Biochemistry,2025-08-19,2025-08-21,2025-08-23 22:00:00,70,Urgent,Normal
LO100213,APP011957,PAT04748,DOC029,DEP007,FAC004,LAB013,COVID PCR,Molecular Diagnostics,2025-02-10,2025-02-11,2025-02-15 21:00:00,117,Routine,Normal
LO100221,APP002000,PAT04924,DOC002,DEP001,FAC002,LAB005,Kidney Function Test,Biochemistry,2025-10-27,2025-10-27,2025-10-30 17:00:00,89,Routine,Normal
LO100222,APP046942,PAT06283,DOC001,DEP001,FAC001,LAB010,Ultrasound Abdomen,Radiology,2025-08-08,2025-08-09,2025-08-10 18:00:00,42,Routine,Normal
LO100225,APP029072,PAT02808,DOC010,DEP003,FAC005,LAB004,Liver Function Test,Biochemistry,2025-06-24,2025-06-24,2025-06-28 16:00:00,112,Routine,Normal
LO100227,APP015076,PAT09884,DOC036,DEP002,FAC001,LAB015,Electrolytes Panel,Biochemistry,2025-05-12,2025-05-12,2025-05-16 14:00:00,110,Routine,Normal
LO100231,APP032440,PAT03644,DOC038,DEP005,FAC003,LAB001,Complete Blood Count,Hematology,2025-05-02,2025-05-04,2025-05-04 04:00:00,4,Routine,Normal
LO100232,APP010615,PAT04339,DOC006,DEP002,FAC001,LAB005,Kidney Function Test,Biochemistry,2025-01-21,2025-01-21,2025-01-21 03:00:00,3,Routine,Normal
LO100236,APP035473,PAT02272,DOC029,DEP007,FAC004,LAB003,Lipid Profile,Biochemistry,2025-02-26,2025-02-27,2025-03-02 19:00:00,91,Routine,Normal
LO100237,APP016884,PAT03753,DOC015,DEP005,FAC005,LAB014,Blood Culture,Microbiology,2025-02-13,2025-02-15,2025-02-19 05:00:00,101,Routine,Normal
LO100238,APP038582,PAT04871,DOC026,DEP008,FAC001,LAB002,Blood Glucose,Biochemistry,2025-01-25,2025-01-26,2025-01-26 05:00:00,5,Routine,Normal
LO100242,APP004988,PAT01800,DOC036,DEP002,FAC001,LAB004,Liver Function Test,Biochemistry,2025-06-04,2025-06-05,2025-06-09 20:00:00,116,Routine,Normal
LO100255,APP046368,PAT08787,DOC010,DEP003,FAC005,LAB002,Blood Glucose,Biochemistry,2025-11-07,2025-11-08,2025-11-10 19:00:00,67,Routine,Normal
LO100257,APP008051,PAT09614,DOC014,DEP004,FAC004,LAB012,HbA1c,Biochemistry,2025-03-03,2025-03-05,2025-03-07 17:00:00,65,Routine,Abnormal
LO100266,APP000558,PAT09943,DOC040,DEP003,FAC005,LAB002,Blood Glucose,Biochemistry,2025-09-24,2025-09-25,2025-09-25 12:00:00,12,Routine,Normal
LO100276,APP017172,PAT09560,DOC040,DEP003,FAC005,LAB001,Complete Blood Count,Hematology,2025-08-23,2025-08-23,2025-08-27 20:00:00,116,Routine,Normal
LO100281,APP037172,PAT00150,DOC027,DEP001,FAC002,LAB012,HbA1c,Biochemistry,2025-01-28,2025-01-28,2025-02-01 03:00:00,99,Routine,Normal
LO100282,APP040069,PAT03951,DOC033,DEP003,FAC003,LAB005,Kidney Function Test,Biochemistry,2025-07-27,2025-07-28,2025-07-30 22:00:00,70,Routine,Normal
LO100286,APP015710,PAT02418,DOC004,DEP001,FAC004,LAB007,Urine Routine,Microbiology,2025-10-08,2025-10-08,2025-10-12 21:00:00,117,Routine,Abnormal
LO100289,APP047860,PAT06934,DOC020,DEP006,FAC005,LAB001,Complete Blood Count,Hematology,2025-01-03,2025-01-03,2025-01-03 02:00:00,2,Routine,Abnormal
LO100295,APP007987,PAT02454,DOC021,DEP005,FAC001,LAB011,ECG,Cardiology Diagnostics,2025-02-15,2025-02-16,2025-02-20 15:00:00,111,Routine,Normal
LO100298,APP039644,PAT04112,DOC021,DEP005,FAC001,LAB005,Kidney Function Test,Biochemistry,2025-07-11,2025-07-11,2025-07-12 04:00:00,28,Routine,Normal
LO100299,APP004361,PAT05793,DOC034,DEP001,FAC004,LAB008,Urine Culture,Microbiology,2025-12-14,2025-12-16,2025-12-16 04:00:00,4,Routine,Normal
LO100300,APP046184,PAT07529,DOC029,DEP007,FAC004,LAB014,Blood Culture,Microbiology,2025-08-29,2025-08-29,2025-08-29 06:00:00,6,Stat,Normal
LO100308,APP021755,PAT08577,DOC015,DEP005,FAC005,LAB001,Complete Blood Count,Hematology,2025-01-11,2025-01-11,2025-01-13 08:00:00,56,Routine,Normal
LO100309,APP044580,PAT00933,DOC019,DEP005,FAC004,LAB011,ECG,Cardiology Diagnostics,2025-03-22,2025-03-22,2025-03-26 11:00:00,107,Routine,Critical
LO100313,APP011116,PAT00331,DOC040,DEP003,FAC005,LAB002,Blood Glucose,Biochemistry,2025-02-08,2025-02-10,2025-02-13 09:00:00,81,Routine,Normal
LO100319,APP034687,PAT07229,DOC031,DEP001,FAC001,LAB006,Thyroid Profile,Immunology,2025-09-08,2025-09-08,2025-09-09 05:00:00,29,Stat,Normal
LO100320,APP005320,PAT03693,DOC003,DEP001,FAC003,LAB015,Electrolytes Panel,Biochemistry,2025-06-10,2025-06-10,2025-06-14 22:00:00,118,Routine,Normal
LO100322,APP003170,PAT02070,DOC030,DEP008,FAC005,LAB002,Blood Glucose,Biochemistry,2025-11-12,2025-11-14,2025-11-18 05:00:00,101,Routine,Normal
LO100332,APP012870,PAT01086,DOC009,DEP002,FAC004,LAB008,Urine Culture,Microbiology,2025-01-16,2025-01-18,2025-01-22 16:00:00,112,Routine,Normal
LO100336,APP021835,PAT03022,DOC028,DEP001,FAC003,LAB003,Lipid Profile,Biochemistry,2025-09-20,2025-09-22,2025-09-26 20:00:00,116,Routine,Abnormal
LO100338,APP047957,PAT07682,DOC016,DEP004,FAC001,LAB013,COVID PCR,Molecular Diagnostics,2025-10-10,2025-10-10,2025-10-10 23:00:00,23,Routine,Normal
LO100343,APP006547,PAT02456,DOC022,DEP007,FAC002,LAB007,Urine Routine,Microbiology,2025-07-13,2025-07-15,2025-07-16 17:00:00,41,Routine,Normal
LO100353,APP016569,PAT03493,DOC005,DEP001,FAC005,LAB008,Urine Culture,Microbiology,2025-04-26,2025-04-27,2025-04-30 07:00:00,79,Routine,Normal
LO100357,APP036726,PAT01384,DOC014,DEP004,FAC004,LAB001,Complete Blood Count,Hematology,2025-12-21,2025-12-23,2025-12-24 18:00:00,42,Routine,Normal
LO100364,APP000210,PAT02537,DOC003,DEP001,FAC003,LAB007,Urine Routine,Microbiology,2025-11-27,2025-11-28,2025-11-29 03:00:00,27,Routine,Normal
LO100366,APP006379,PAT02299,DOC027,DEP001,FAC002,LAB006,Thyroid Profile,Immunology,2025-03-25,2025-03-27,2025-03-31 02:00:00,98,Routine,Normal
LO100369,APP020822,PAT03102,DOC011,DEP003,FAC001,LAB010,Ultrasound Abdomen,Radiology,2025-01-07,2025-01-08,2025-01-08 22:00:00,22,Routine,Normal
LO100371,APP023237,PAT08618,DOC014,DEP004,FAC004,LAB014,Blood Culture,Microbiology,2025-11-20,2025-11-21,2025-11-24 23:00:00,95,Stat,Normal
LO100386,APP046730,PAT00231,DOC019,DEP005,FAC004,LAB008,Urine Culture,Microbiology,2025-11-29,2025-12-01,2025-12-04 11:00:00,83,Routine,Normal
LO100388,APP015954,PAT00304,DOC008,DEP003,FAC003,LAB005,Kidney Function Test,Biochemistry,2025-02-27,2025-02-27,2025-03-03 09:00:00,105,Routine,Normal
LO100390,APP024285,PAT02803,DOC009,DEP002,FAC004,LAB015,Electrolytes Panel,Biochemistry,2025-10-17,2025-10-17,2025-10-17 10:00:00,10,Routine,Normal
LO100391,APP007502,PAT03315,DOC035,DEP001,FAC005,LAB012,HbA1c,Biochemistry,2025-06-29,2025-06-29,2025-06-30 13:00:00,37,Routine,Normal
LO100396,APP015737,PAT02082,DOC014,DEP004,FAC004,LAB014,Blood Culture,Microbiology,2025-01-11,2025-01-11,2025-01-15 20:00:00,116,Routine,Normal
LO100409,APP046550,PAT01784,DOC039,DEP002,FAC004,LAB014,Blood Culture,Microbiology,2025-02-17,2025-02-17,2025-02-19 06:00:00,54,Urgent,Normal
LO100417,APP023755,PAT04591,DOC009,DEP002,FAC004,LAB002,Blood Glucose,Biochemistry,2025-02-23,2025-02-25,2025-02-25 20:00:00,20,Routine,Normal
LO100419,APP037328,PAT03945,DOC006,DEP002,FAC001,LAB001,Complete Blood Count,Hematology,2025-08-28,2025-08-30,2025-09-02 10:00:00,82,Routine,Normal
LO100429,APP003770,PAT00103,DOC002,DEP001,FAC002,LAB011,ECG,Cardiology Diagnostics,2025-07-01,2025-07-02,2025-07-03 05:00:00,29,Urgent,Abnormal
LO100433,APP000092,PAT00120,DOC005,DEP001,FAC005,LAB005,Kidney Function Test,Biochemistry,2025-10-18,2025-10-20,2025-10-21 15:00:00,39,Urgent,Normal
LO100435,APP022737,PAT05082,DOC002,DEP001,FAC002,LAB008,Urine Culture,Microbiology,2025-05-17,2025-05-17,2025-05-20 15:00:00,87,Routine,Normal
LO100436,APP014382,PAT02958,DOC010,DEP003,FAC005,LAB012,HbA1c,Biochemistry,2025-07-06,2025-07-07,2025-07-10 23:00:00,95,Routine,Normal
LO100439,APP015458,PAT07991,DOC007,DEP002,FAC002,LAB013,COVID PCR,Molecular Diagnostics,2025-09-19,2025-09-21,2025-09-22 08:00:00,32,Routine,Normal
LO100442,APP028757,PAT08374,DOC008,DEP003,FAC003,LAB008,Urine Culture,Microbiology,2025-07-19,2025-07-19,2025-07-21 02:00:00,50,Stat,Normal
LO100444,APP043514,PAT00451,DOC035,DEP001,FAC005,LAB014,Blood Culture,Microbiology,2025-08-19,2025-08-20,2025-08-21 20:00:00,44,Routine,Normal
LO100447,APP031698,PAT03979,DOC014,DEP004,FAC004,LAB004,Liver Function Test,Biochemistry,2025-09-13,2025-09-13,2025-09-14 22:00:00,46,Routine,Normal
LO100460,APP010394,PAT00750,DOC018,DEP007,FAC003,LAB002,Blood Glucose,Biochemistry,2025-05-19,2025-05-21,2025-05-22 20:00:00,44,Routine,Normal
LO100465,APP044397,PAT02944,DOC018,DEP007,FAC003,LAB014,Blood Culture,Microbiology,2025-03-28,2025-03-30,2025-04-03 13:00:00,109,Routine,Normal
LO100469,APP039372,PAT08736,DOC024,DEP006,FAC004,LAB013,COVID PCR,Molecular Diagnostics,2025-12-08,2025-12-08,2025-12-12 22:00:00,118,Urgent,Abnormal
LO100478,APP032594,PAT02352,DOC002,DEP001,FAC002,LAB010,Ultrasound Abdomen,Radiology,2025-06-15,2025-06-16,2025-06-16 12:00:00,12,Routine,Normal
LO100483,APP044757,PAT01946,DOC022,DEP007,FAC002,LAB003,Lipid Profile,Biochemistry,2025-12-15,2025-12-16,2025-12-16 16:00:00,16,Urgent,Normal
LO100486,APP048428,PAT06221,DOC004,DEP001,FAC004,LAB005,Kidney Function Test,Biochemistry,2025-07-12,2025-07-14,2025-07-17 05:00:00,77,Routine,Normal
LO100492,APP006646,PAT02026,DOC011,DEP003,FAC001,LAB012,HbA1c,Biochemistry,2025-08-19,2025-08-20,2025-08-20 13:00:00,13,Routine,Normal
LO100498,APP042828,PAT09567,DOC003,DEP001,FAC003,LAB001,Complete Blood Count,Hematology,2025-09-28,2025-09-30,2025-10-03 23:00:00,95,Routine,Normal
LO100499,APP048173,PAT09779,DOC012,DEP005,FAC002,LAB003,Lipid Profile,Biochemistry,2025-03-19,2025-03-20,2025-03-21 06:00:00,30,Routine,Normal
LO100503,APP011109,PAT07634,DOC006,DEP002,FAC001,LAB007,Urine Routine,Microbiology,2025-02-04,2025-02-05,2025-02-06 15:00:00,39,Routine,Normal
LO100504,APP023125,PAT08601,DOC032,DEP002,FAC002,LAB010,Ultrasound Abdomen,Radiology,2025-05-11,2025-05-11,2025-05-11 21:00:00,21,Routine,Normal
LO100506,APP047337,PAT00915,DOC009,DEP002,FAC004,LAB006,Thyroid Profile,Immunology,2025-01-19,2025-01-21,2025-01-21 18:00:00,18,Routine,Normal
LO100508,APP047373,PAT09146,DOC005,DEP001,FAC005,LAB008,Urine Culture,Microbiology,2025-06-21,2025-06-23,2025-06-26 13:00:00,85,Routine,Normal
LO100509,APP017058,PAT07631,DOC002,DEP001,FAC002,LAB006,Thyroid Profile,Immunology,2025-02-21,2025-02-21,2025-02-21 06:00:00,6,Routine,Normal
LO100513,APP004342,PAT01283,DOC030,DEP008,FAC005,LAB006,Thyroid Profile,Immunology,2025-06-01,2025-06-03,2025-06-03 03:00:00,3,Routine,Normal
LO100517,APP009652,PAT08169,DOC009,DEP002,FAC004,LAB005,Kidney Function Test,Biochemistry,2025-09-05,2025-09-07,2025-09-08 19:00:00,43,Routine,Normal
LO100518,APP030740,PAT02586,DOC019,DEP005,FAC004,LAB012,HbA1c,Biochemistry,2025-02-08,2025-02-08,2025-02-12 09:00:00,105,Routine,Normal
LO100519,APP039488,PAT06649,DOC001,DEP001,FAC001,LAB015,Electrolytes Panel,Biochemistry,2025-09-27,2025-09-27,2025-09-27 01:00:00,1,Routine,Normal
LO100536,APP043135,PAT04966,DOC031,DEP001,FAC001,LAB012,HbA1c,Biochemistry,2025-10-03,2025-10-04,2025-10-06 23:00:00,71,Routine,Normal
LO100543,APP030060,PAT06867,DOC033,DEP003,FAC003,LAB004,Liver Function Test,Biochemistry,2025-05-10,2025-05-10,2025-05-13 22:00:00,94,Routine,Normal
LO100544,APP045134,PAT09843,DOC012,DEP005,FAC002,LAB009,Chest X-Ray,Radiology,2025-04-27,2025-04-29,2025-04-29 05:00:00,5,Routine,Normal
LO100551,APP042608,PAT04011,DOC007,DEP002,FAC002,LAB010,Ultrasound Abdomen,Radiology,2025-03-14,2025-03-16,2025-03-18 10:00:00,58,Routine,Normal
LO100555,APP031578,PAT02862,DOC023,DEP008,FAC003,LAB011,ECG,Cardiology Diagnostics,2025-09-19,2025-09-20,2025-09-23 12:00:00,84,Routine,Normal
LO100556,APP043259,PAT03593,DOC035,DEP001,FAC005,LAB009,Chest X-Ray,Radiology,2025-12-01,2025-12-01,2025-12-05 21:00:00,117,Stat,Normal
LO100558,APP001782,PAT02883,DOC005,DEP001,FAC005,LAB008,Urine Culture,Microbiology,2025-11-20,2025-11-21,2025-11-22 22:00:00,46,Routine,Normal
LO100567,APP007255,PAT01484,DOC032,DEP002,FAC002,LAB009,Chest X-Ray,Radiology,2025-02-26,2025-02-26,2025-03-01 00:00:00,72,Routine,Normal
LO100573,APP030372,PAT00358,DOC039,DEP002,FAC004,LAB015,Electrolytes Panel,Biochemistry,2025-08-21,2025-08-22,2025-08-25 07:00:00,79,Routine,Critical
LO100583,APP036854,PAT05774,DOC011,DEP003,FAC001,LAB003,Lipid Profile,Biochemistry,2025-12-28,2025-12-29,2026-01-01 22:00:00,94,Routine,Abnormal
LO100587,APP007085,PAT05815,DOC022,DEP007,FAC002,LAB009,Chest X-Ray,Radiology,2025-09-16,2025-09-18,2025-09-20 06:00:00,54,Stat,Normal
LO100590,APP023223,PAT03387,DOC006,DEP002,FAC001,LAB011,ECG,Cardiology Diagnostics,2025-08-04,2025-08-04,2025-08-06 01:00:00,49,Routine,Normal
LO100611,APP009720,PAT07387,DOC035,DEP001,FAC005,LAB007,Urine Routine,Microbiology,2025-09-20,2025-09-20,2025-09-21 22:00:00,46,Routine,Abnormal
LO100615,APP040411,PAT02217,DOC036,DEP002,FAC001,LAB011,ECG,Cardiology Diagnostics,2025-04-15,2025-04-17,2025-04-19 15:00:00,63,Routine,Normal
LO100617,APP019254,PAT03298,DOC013,DEP005,FAC003,LAB006,Thyroid Profile,Immunology,2025-06-01,2025-06-03,2025-06-03 05:00:00,5,Routine,Abnormal
LO100622,APP029409,PAT01327,DOC024,DEP006,FAC004,LAB010,Ultrasound Abdomen,Radiology,2025-04-20,2025-04-22,2025-04-23 08:00:00,32,Routine,Abnormal
LO100623,APP033130,PAT06349,DOC019,DEP005,FAC004,LAB005,Kidney Function Test,Biochemistry,2025-09-28,2025-09-28,2025-09-29 03:00:00,27,Routine,Normal
LO100633,APP003427,PAT02639,DOC029,DEP007,FAC004,LAB015,Electrolytes Panel,Biochemistry,2025-05-23,2025-05-25,2025-05-28 10:00:00,82,Routine,Critical
LO100635,APP022390,PAT03657,DOC025,DEP007,FAC005,LAB007,Urine Routine,Microbiology,2025-06-27,2025-06-27,2025-06-29 07:00:00,55,Routine,Abnormal
LO100646,APP033323,PAT07121,DOC022,DEP007,FAC002,LAB010,Ultrasound Abdomen,Radiology,2025-09-13,2025-09-14,2025-09-14 09:00:00,9,Routine,Normal
LO100653,APP007237,PAT09101,DOC026,DEP008,FAC001,LAB011,ECG,Cardiology Diagnostics,2025-07-06,2025-07-08,2025-07-12 19:00:00,115,Routine,Abnormal
LO100654,APP002513,PAT03462,DOC036,DEP002,FAC001,LAB013,COVID PCR,Molecular Diagnostics,2025-04-23,2025-04-24,2025-04-25 15:00:00,39,Routine,Normal
LO100657,APP031740,PAT01749,DOC030,DEP008,FAC005,LAB002,Blood Glucose,Biochemistry,2025-03-25,2025-03-25,2025-03-29 01:00:00,97,Routine,Normal
LO100661,APP026965,PAT09333,DOC034,DEP001,FAC004,LAB010,Ultrasound Abdomen,Radiology,2025-10-24,2025-10-25,2025-10-25 12:00:00,12,Routine,Normal
LO100662,APP026433,PAT00612,DOC040,DEP003,FAC005,LAB002,Blood Glucose,Biochemistry,2025-09-11,2025-09-12,2025-09-14 01:00:00,49,Routine,Normal
LO100675,APP049612,PAT06046,DOC014,DEP004,FAC004,LAB005,Kidney Function Test,Biochemistry,2025-07-12,2025-07-14,2025-07-16 07:00:00,55,Routine,Normal
LO100679,APP011304,PAT00080,DOC019,DEP005,FAC004,LAB007,Urine Routine,Microbiology,2025-07-06,2025-07-08,2025-07-10 05:00:00,53,Routine,Normal
LO100685,APP032380,PAT09782,DOC033,DEP003,FAC003,LAB012,HbA1c,Biochemistry,2025-05-31,2025-06-01,2025-06-01 13:00:00,13,Routine,Normal
LO100687,APP011360,PAT03624,DOC004,DEP001,FAC004,LAB002,Blood Glucose,Biochemistry,2025-07-03,2025-07-04,2025-07-04 07:00:00,7,Routine,Normal
LO100689,APP028984,PAT07309,DOC003,DEP001,FAC003,LAB015,Electrolytes Panel,Biochemistry,2025-06-01,2025-06-03,2025-06-04 01:00:00,25,Routine,Abnormal
LO100694,APP009006,PAT01484,DOC016,DEP004,FAC001,LAB012,HbA1c,Biochemistry,2025-12-21,2025-12-23,2025-12-27 16:00:00,112,Routine,Normal
LO100697,APP016291,PAT06851,DOC028,DEP001,FAC003,LAB002,Blood Glucose,Biochemistry,2025-09-27,2025-09-29,2025-09-29 13:00:00,13,Routine,Abnormal
LO100700,APP036739,PAT05475,DOC011,DEP003,FAC001,LAB001,Complete Blood Count,Hematology,2025-10-15,2025-10-16,2025-10-19 13:00:00,85,Routine,Normal
LO100710,APP006431,PAT05921,DOC003,DEP001,FAC003,LAB004,Liver Function Test,Biochemistry,2025-04-22,2025-04-24,2025-04-25 00:00:00,24,Routine,Normal
LO100714,APP015920,PAT06731,DOC038,DEP005,FAC003,LAB013,COVID PCR,Molecular Diagnostics,2025-11-28,2025-11-29,2025-11-30 18:00:00,42,Routine,Normal
LO100721,APP018673,PAT04951,DOC006,DEP002,FAC001,LAB010,Ultrasound Abdomen,Radiology,2025-07-19,2025-07-19,2025-07-23 15:00:00,111,Routine,Normal
LO100723,APP015320,PAT06492,DOC033,DEP003,FAC003,LAB001,Complete Blood Count,Hematology,2025-04-23,2025-04-23,2025-04-23 04:00:00,4,Routine,Normal
LO100724,APP041865,PAT07697,DOC020,DEP006,FAC005,LAB001,Complete Blood Count,Hematology,2025-03-28,2025-03-29,2025-03-30 14:00:00,38,Routine,Normal
LO100736,APP042930,PAT05548,DOC005,DEP001,FAC005,LAB004,Liver Function Test,Biochemistry,2025-01-20,2025-01-20,2025-01-22 01:00:00,49,Routine,Abnormal
LO100742,APP009805,PAT02526,DOC025,DEP007,FAC005,LAB002,Blood Glucose,Biochemistry,2025-02-18,2025-02-20,2025-02-20 04:00:00,4,Routine,Normal
LO100743,APP048028,PAT06827,DOC001,DEP001,FAC001,LAB012,HbA1c,Biochemistry,2025-05-14,2025-05-14,2025-05-16 22:00:00,70,Urgent,Normal
LO100747,APP039673,PAT04106,DOC006,DEP002,FAC001,LAB013,COVID PCR,Molecular Diagnostics,2025-12-30,2025-12-31,2026-01-02 23:00:00,71,Routine,Normal
LO100751,APP040230,PAT01209,DOC039,DEP002,FAC004,LAB004,Liver Function Test,Biochemistry,2025-09-28,2025-09-29,2025-10-02 02:00:00,74,Routine,Normal
LO100753,APP000483,PAT02996,DOC015,DEP005,FAC005,LAB002,Blood Glucose,Biochemistry,2025-03-01,2025-03-01,2025-03-02 00:00:00,24,Routine,Normal
LO100761,APP037496,PAT02184,DOC008,DEP003,FAC003,LAB013,COVID PCR,Molecular Diagnostics,2025-06-16,2025-06-17,2025-06-22 00:00:00,120,Urgent,Critical
LO100765,APP010310,PAT02679,DOC020,DEP006,FAC005,LAB012,HbA1c,Biochemistry,2025-01-28,2025-01-30,2025-01-30 13:00:00,13,Routine,Normal
LO100771,APP004266,PAT03820,DOC014,DEP004,FAC004,LAB011,ECG,Cardiology Diagnostics,2025-12-11,2025-12-11,2025-12-11 08:00:00,8,Routine,Normal
LO100776,APP047324,PAT07794,DOC027,DEP001,FAC002,LAB008,Urine Culture,Microbiology,2025-08-19,2025-08-19,2025-08-21 03:00:00,51,Routine,Abnormal
LO100779,APP044421,PAT07535,DOC040,DEP003,FAC005,LAB010,Ultrasound Abdomen,Radiology,2025-05-08,2025-05-09,2025-05-10 18:00:00,42,Routine,Normal
LO100781,APP012226,PAT00591,DOC031,DEP001,FAC001,LAB001,Complete Blood Count,Hematology,2025-06-07,2025-06-09,2025-06-09 17:00:00,17,Urgent,Normal
LO100783,APP049887,PAT05026,DOC002,DEP001,FAC002,LAB014,Blood Culture,Microbiology,2025-10-01,2025-10-01,2025-10-05 16:00:00,112,Routine,Critical
LO100784,APP006762,PAT02110,DOC040,DEP003,FAC005,LAB007,Urine Routine,Microbiology,2025-02-21,2025-02-22,2025-02-24 01:00:00,49,Routine,Normal
LO100785,APP008461,PAT00579,DOC028,DEP001,FAC003,LAB011,ECG,Cardiology Diagnostics,2025-05-14,2025-05-16,2025-05-19 05:00:00,77,Routine,Abnormal
LO100788,APP045621,PAT04673,DOC010,DEP003,FAC005,LAB006,Thyroid Profile,Immunology,2025-07-14,2025-07-14,2025-07-18 03:00:00,99,Routine,Abnormal
LO100797,APP000776,PAT06897,DOC040,DEP003,FAC005,LAB012,HbA1c,Biochemistry,2025-08-01,2025-08-02,2025-08-06 04:00:00,100,Urgent,Normal
LO100805,APP002662,PAT06026,DOC035,DEP001,FAC005,LAB015,Electrolytes Panel,Biochemistry,2025-12-24,2025-12-24,2025-12-25 13:00:00,37,Routine,Normal
LO100806,APP038472,PAT04305,DOC011,DEP003,FAC001,LAB009,Chest X-Ray,Radiology,2025-12-14,2025-12-14,2025-12-14 10:00:00,10,Routine,Normal
LO100809,APP006241,PAT06959,DOC004,DEP001,FAC004,LAB009,Chest X-Ray,Radiology,2025-06-13,2025-06-15,2025-06-18 22:00:00,94,Routine,Normal
LO100811,APP018787,PAT04388,DOC019,DEP005,FAC004,LAB011,ECG,Cardiology Diagnostics,2025-03-03,2025-03-03,2025-03-05 11:00:00,59,Routine,Normal
LO100820,APP033620,PAT05014,DOC034,DEP001,FAC004,LAB011,ECG,Cardiology Diagnostics,2025-09-07,2025-09-08,2025-09-11 18:00:00,90,Routine,Abnormal
LO100833,APP015423,PAT04490,DOC025,DEP007,FAC005,LAB007,Urine Routine,Microbiology,2025-09-23,2025-09-24,2025-09-28 17:00:00,113,Routine,Normal
LO100834,APP018046,PAT05345,DOC028,DEP001,FAC003,LAB012,HbA1c,Biochemistry,2025-02-18,2025-02-20,2025-02-20 04:00:00,4,Routine,Normal
LO100840,APP004233,PAT06271,DOC003,DEP001,FAC003,LAB003,Lipid Profile,Biochemistry,2025-08-30,2025-09-01,2025-09-03 14:00:00,62,Routine,Normal
LO100845,APP017207,PAT04408,DOC019,DEP005,FAC004,LAB009,Chest X-Ray,Radiology,2025-09-20,2025-09-22,2025-09-24 07:00:00,55,Urgent,Normal
LO100847,APP035815,PAT00124,DOC035,DEP001,FAC005,LAB005,Kidney Function Test,Biochemistry,2025-05-22,2025-05-23,2025-05-26 10:00:00,82,Routine,Normal
LO100849,APP013537,PAT00606,DOC036,DEP002,FAC001,LAB001,Complete Blood Count,Hematology,2025-05-27,2025-05-29,2025-06-02 00:00:00,96,Stat,Normal
LO100853,APP024547,PAT00120,DOC009,DEP002,FAC004,LAB008,Urine Culture,Microbiology,2025-12-05,2025-12-06,2025-12-10 09:00:00,105,Urgent,Normal
LO100863,APP004764,PAT06956,DOC036,DEP002,FAC001,LAB010,Ultrasound Abdomen,Radiology,2025-12-01,2025-12-03,2025-12-07 12:00:00,108,Routine,Abnormal
LO100867,APP044716,PAT01352,DOC035,DEP001,FAC005,LAB005,Kidney Function Test,Biochemistry,2025-09-01,2025-09-02,2025-09-06 14:00:00,110,Routine,Normal
LO100868,APP015812,PAT08122,DOC037,DEP005,FAC002,LAB004,Liver Function Test,Biochemistry,2025-10-09,2025-10-11,2025-10-14 00:00:00,72,Urgent,Normal
LO100869,APP013868,PAT06378,DOC031,DEP001,FAC001,LAB012,HbA1c,Biochemistry,2025-11-05,2025-11-05,2025-11-06 16:00:00,40,Routine,Normal
LO100874,APP001638,PAT05752,DOC037,DEP005,FAC002,LAB008,Urine Culture,Microbiology,2025-11-09,2025-11-10,2025-11-13 00:00:00,72,Routine,Normal
LO100878,APP004159,PAT07235,DOC032,DEP002,FAC002,LAB015,Electrolytes Panel,Biochemistry,2025-05-07,2025-05-08,2025-05-09 09:00:00,33,Routine,Normal
LO100882,APP029157,PAT07884,DOC029,DEP007,FAC004,LAB009,Chest X-Ray,Radiology,2025-02-21,2025-02-23,2025-02-23 19:00:00,19,Stat,Normal
LO100886,APP012530,PAT00020,DOC025,DEP007,FAC005,LAB013,COVID PCR,Molecular Diagnostics,2025-03-14,2025-03-14,2025-03-14 18:00:00,18,Routine,Normal
LO100888,APP004656,PAT09951,DOC025,DEP007,FAC005,LAB012,HbA1c,Biochemistry,2025-12-19,2025-12-21,2025-12-24 22:00:00,94,Routine,Normal
LO100893,APP039510,PAT08798,DOC014,DEP004,FAC004,LAB005,Kidney Function Test,Biochemistry,2025-12-27,2025-12-28,2025-12-31 19:00:00,91,Routine,Normal
LO100894,APP046967,PAT02901,DOC017,DEP006,FAC002,LAB008,Urine Culture,Microbiology,2025-06-23,2025-06-25,2025-06-26 10:00:00,34,Routine,Normal
LO100895,APP028042,PAT02343,DOC024,DEP006,FAC004,LAB013,COVID PCR,Molecular Diagnostics,2025-03-12,2025-03-12,2025-03-13 14:00:00,38,Urgent,Normal
LO100897,APP046703,PAT07972,DOC030,DEP008,FAC005,LAB008,Urine Culture,Microbiology,2025-09-20,2025-09-22,2025-09-24 01:00:00,49,Routine,Normal
LO100906,APP042002,PAT01922,DOC038,DEP005,FAC003,LAB002,Blood Glucose,Biochemistry,2025-12-05,2025-12-05,2025-12-07 17:00:00,65,Urgent,Normal
LO100915,APP000533,PAT05964,DOC034,DEP001,FAC004,LAB012,HbA1c,Biochemistry,2025-05-07,2025-05-08,2025-05-12 21:00:00,117,Routine,Normal
LO100918,APP037083,PAT01054,DOC037,DEP005,FAC002,LAB007,Urine Routine,Microbiology,2025-08-02,2025-08-04,2025-08-07 06:00:00,78,Urgent,Normal
LO100925,APP012291,PAT05307,DOC014,DEP004,FAC004,LAB003,Lipid Profile,Biochemistry,2025-06-16,2025-06-16,2025-06-20 15:00:00,111,Routine,Critical
LO100929,APP029931,PAT05362,DOC025,DEP007,FAC005,LAB002,Blood Glucose,Biochemistry,2025-03-01,2025-03-01,2025-03-03 18:00:00,66,Routine,Normal
LO100932,APP000879,PAT05872,DOC021,DEP005,FAC001,LAB008,Urine Culture,Microbiology,2025-09-14,2025-09-14,2025-09-15 16:00:00,40,Urgent,Normal
LO100942,APP030636,PAT04829,DOC022,DEP007,FAC002,LAB003,Lipid Profile,Biochemistry,2025-03-04,2025-03-04,2025-03-04 15:00:00,15,Routine,Normal
LO100958,APP027494,PAT09645,DOC021,DEP005,FAC001,LAB007,Urine Routine,Microbiology,2025-02-11,2025-02-11,2025-02-11 04:00:00,4,Stat,Normal
LO100960,APP023415,PAT08723,DOC027,DEP001,FAC002,LAB014,Blood Culture,Microbiology,2025-08-11,2025-08-11,2025-08-15 15:00:00,111,Routine,Normal
LO100963,APP012724,PAT06827,DOC031,DEP001,FAC001,LAB009,Chest X-Ray,Radiology,2025-11-01,2025-11-03,2025-11-06 13:00:00,85,Routine,Normal
LO100973,APP029877,PAT08671,DOC020,DEP006,FAC005,LAB006,Thyroid Profile,Immunology,2025-01-31,2025-02-02,2025-02-02 16:00:00,16,Routine,Abnormal
LO100974,APP021681,PAT00178,DOC016,DEP004,FAC001,LAB005,Kidney Function Test,Biochemistry,2025-02-28,2025-03-02,2025-03-06 00:00:00,96,Routine,Normal
LO100979,APP037906,PAT06804,DOC006,DEP002,FAC001,LAB007,Urine Routine,Microbiology,2025-02-02,2025-02-02,2025-02-05 13:00:00,85,Urgent,Normal
LO100992,APP032940,PAT02449,DOC016,DEP004,FAC001,LAB003,Lipid Profile,Biochemistry,2025-06-26,2025-06-28,2025-07-01 01:00:00,73,Routine,Normal
LO100994,APP048912,PAT08766,DOC036,DEP002,FAC001,LAB003,Lipid Profile,Biochemistry,2025-11-28,2025-11-28,2025-11-29 23:00:00,47,Routine,Normal
LO101007,APP001902,PAT06322,DOC022,DEP007,FAC002,LAB010,Ultrasound Abdomen,Radiology,2025-10-17,2025-10-18,2025-10-18 01:00:00,1,Routine,Abnormal
LO101010,APP032607,PAT06349,DOC023,DEP008,FAC003,LAB007,Urine Routine,Microbiology,2025-02-07,2025-02-09,2025-02-13 02:00:00,98,Routine,Abnormal
LO101011,APP042937,PAT07342,DOC026,DEP008,FAC001,LAB011,ECG,Cardiology Diagnostics,2025-01-24,2025-01-25,2025-01-28 01:00:00,73,Urgent,Normal
LO101012,APP030643,PAT09394,DOC032,DEP002,FAC002,LAB012,HbA1c,Biochemistry,2025-07-17,2025-07-18,2025-07-23 00:00:00,120,Routine,Normal
LO101014,APP021267,PAT00477,DOC032,DEP002,FAC002,LAB010,Ultrasound Abdomen,Radiology,2025-04-27,2025-04-29,2025-05-03 10:00:00,106,Urgent,Normal
LO101019,APP017913,PAT08983,DOC001,DEP001,FAC001,LAB009,Chest X-Ray,Radiology,2025-07-11,2025-07-12,2025-07-14 11:00:00,59,Routine,Abnormal
LO101031,APP047706,PAT04744,DOC033,DEP003,FAC003,LAB008,Urine Culture,Microbiology,2025-03-13,2025-03-14,2025-03-16 14:00:00,62,Routine,Normal
LO101037,APP037839,PAT04873,DOC020,DEP006,FAC005,LAB013,COVID PCR,Molecular Diagnostics,2025-08-28,2025-08-28,2025-09-01 14:00:00,110,Routine,Normal
LO101038,APP013799,PAT05404,DOC023,DEP008,FAC003,LAB006,Thyroid Profile,Immunology,2025-02-17,2025-02-18,2025-02-20 01:00:00,49,Routine,Normal
LO101041,APP035079,PAT07727,DOC012,DEP005,FAC002,LAB008,Urine Culture,Microbiology,2025-10-28,2025-10-30,2025-10-31 03:00:00,27,Urgent,Normal
LO101045,APP034310,PAT05454,DOC039,DEP002,FAC004,LAB002,Blood Glucose,Biochemistry,2025-05-24,2025-05-24,2025-05-25 04:00:00,28,Routine,Normal
LO101049,APP036819,PAT02819,DOC029,DEP007,FAC004,LAB014,Blood Culture,Microbiology,2025-02-08,2025-02-10,2025-02-12 03:00:00,51,Routine,Normal
LO101068,APP042981,PAT02127,DOC015,DEP005,FAC005,LAB009,Chest X-Ray,Radiology,2025-06-11,2025-06-13,2025-06-15 10:00:00,58,Routine,Normal
LO101077,APP032891,PAT06694,DOC034,DEP001,FAC004,LAB015,Electrolytes Panel,Biochemistry,2025-10-30,2025-11-01,2025-11-01 18:00:00,18,Routine,Normal
LO101083,APP048216,PAT03373,DOC003,DEP001,FAC003,LAB012,HbA1c,Biochemistry,2025-12-08,2025-12-08,2025-12-09 08:00:00,32,Routine,Normal
LO101087,APP002782,PAT01535,DOC040,DEP003,FAC005,LAB011,ECG,Cardiology Diagnostics,2025-02-08,2025-02-09,2025-02-12 08:00:00,80,Urgent,Normal
LO101098,APP041076,PAT07387,DOC015,DEP005,FAC005,LAB013,COVID PCR,Molecular Diagnostics,2025-01-21,2025-01-21,2025-01-24 05:00:00,77,Routine,Normal
LO101101,APP009613,PAT03014,DOC020,DEP006,FAC005,LAB009,Chest X-Ray,Radiology,2025-01-04,2025-01-06,2025-01-08 23:00:00,71,Routine,Normal
LO101109,APP022450,PAT07223,DOC040,DEP003,FAC005,LAB005,Kidney Function Test,Biochemistry,2025-05-08,2025-05-08,2025-05-10 19:00:00,67,Routine,Normal
LO101110,APP048658,PAT07361,DOC029,DEP007,FAC004,LAB013,COVID PCR,Molecular Diagnostics,2025-10-14,2025-10-14,2025-10-17 22:00:00,94,Routine,Normal
LO101113,APP037542,PAT07230,DOC039,DEP002,FAC004,LAB012,HbA1c,Biochemistry,2025-03-27,2025-03-27,2025-03-27 02:00:00,2,Routine,Normal
LO101115,APP026352,PAT09405,DOC025,DEP007,FAC005,LAB006,Thyroid Profile,Immunology,2025-04-23,2025-04-23,2025-04-25 23:00:00,71,Routine,Normal
LO101121,APP021614,PAT03669,DOC027,DEP001,FAC002,LAB012,HbA1c,Biochemistry,2025-09-11,2025-09-11,2025-09-11 23:00:00,23,Routine,Normal
LO101125,APP018743,PAT07248,DOC019,DEP005,FAC004,LAB015,Electrolytes Panel,Biochemistry,2025-08-02,2025-08-04,2025-08-04 02:00:00,2,Routine,Normal
LO101126,APP015499,PAT04685,DOC010,DEP003,FAC005,LAB013,COVID PCR,Molecular Diagnostics,2025-12-21,2025-12-23,2025-12-26 15:00:00,87,Routine,Normal
LO101128,APP043772,PAT03706,DOC002,DEP001,FAC002,LAB005,Kidney Function Test,Biochemistry,2025-12-20,2025-12-22,2025-12-25 11:00:00,83,Routine,Normal
LO101130,APP038066,PAT06030,DOC031,DEP001,FAC001,LAB004,Liver Function Test,Biochemistry,2025-09-25,2025-09-25,2025-09-25 15:00:00,15,Routine,Normal
LO101135,APP021324,PAT09238,DOC007,DEP002,FAC002,LAB002,Blood Glucose,Biochemistry,2025-02-28,2025-03-01,2025-03-02 03:00:00,27,Routine,Normal
LO101139,APP000007,PAT03345,DOC015,DEP005,FAC005,LAB013,COVID PCR,Molecular Diagnostics,2025-11-24,2025-11-25,2025-11-29 01:00:00,97,Routine,Normal
LO101141,APP007467,PAT05014,DOC037,DEP005,FAC002,LAB014,Blood Culture,Microbiology,2025-06-10,2025-06-12,2025-06-13 04:00:00,28,Routine,Normal
LO101142,APP025452,PAT04680,DOC006,DEP002,FAC001,LAB007,Urine Routine,Microbiology,2025-08-02,2025-08-04,2025-08-06 04:00:00,52,Routine,Normal
LO101144,APP047571,PAT08695,DOC007,DEP002,FAC002,LAB004,Liver Function Test,Biochemistry,2025-02-11,2025-02-13,2025-02-13 06:00:00,6,Routine,Normal
LO101151,APP036459,PAT02563,DOC030,DEP008,FAC005,LAB002,Blood Glucose,Biochemistry,2025-01-25,2025-01-25,2025-01-28 23:00:00,95,Routine,Normal
LO101153,APP016184,PAT03707,DOC033,DEP003,FAC003,LAB011,ECG,Cardiology Diagnostics,2025-06-14,2025-06-15,2025-06-19 00:00:00,96,Routine,Normal
LO101155,APP002503,PAT01248,DOC026,DEP008,FAC001,LAB011,ECG,Cardiology Diagnostics,2025-07-13,2025-07-15,2025-07-19 02:00:00,98,Routine,Normal
LO101164,APP034039,PAT08122,DOC037,DEP005,FAC002,LAB006,Thyroid Profile,Immunology,2025-10-23,2025-10-25,2025-10-28 22:00:00,94,Routine,Normal
LO101167,APP007963,PAT06731,DOC002,DEP001,FAC002,LAB004,Liver Function Test,Biochemistry,2025-11-13,2025-11-13,2025-11-14 12:00:00,36,Routine,Normal
LO101168,APP032634,PAT04861,DOC023,DEP008,FAC003,LAB002,Blood Glucose,Biochemistry,2025-07-05,2025-07-07,2025-07-07 15:00:00,15,Routine,Normal
LO101172,APP018295,PAT02678,DOC036,DEP002,FAC001,LAB007,Urine Routine,Microbiology,2025-09-16,2025-09-17,2025-09-17 23:00:00,23,Routine,Normal
LO101175,APP028669,PAT08243,DOC035,DEP001,FAC005,LAB008,Urine Culture,Microbiology,2025-07-19,2025-07-20,2025-07-24 12:00:00,108,Routine,Normal
LO101183,APP048613,PAT04430,DOC004,DEP001,FAC004,LAB014,Blood Culture,Microbiology,2025-03-09,2025-03-11,2025-03-14 22:00:00,94,Urgent,Normal
LO101186,APP020009,PAT00036,DOC039,DEP002,FAC004,LAB004,Liver Function Test,Biochemistry,2025-06-18,2025-06-19,2025-06-19 21:00:00,21,Routine,Normal
LO101190,APP039745,PAT00813,DOC023,DEP008,FAC003,LAB008,Urine Culture,Microbiology,2025-12-21,2025-12-22,2025-12-25 00:00:00,72,Routine,Normal
LO101197,APP019938,PAT08402,DOC035,DEP001,FAC005,LAB009,Chest X-Ray,Radiology,2025-05-26,2025-05-28,2025-05-29 19:00:00,43,Routine,Normal
LO101206,APP043181,PAT01394,DOC034,DEP001,FAC004,LAB011,ECG,Cardiology Diagnostics,2025-07-06,2025-07-07,2025-07-07 08:00:00,8,Routine,Normal
LO101213,APP026306,PAT05655,DOC026,DEP008,FAC001,LAB013,COVID PCR,Molecular Diagnostics,2025-01-31,2025-02-02,2025-02-03 12:00:00,36,Routine,Normal
LO101215,APP028492,PAT06348,DOC001,DEP001,FAC001,LAB015,Electrolytes Panel,Biochemistry,2025-02-11,2025-02-13,2025-02-17 09:00:00,105,Routine,Normal
LO101218,APP041034,PAT04029,DOC014,DEP004,FAC004,LAB012,HbA1c,Biochemistry,2025-11-17,2025-11-19,2025-11-19 06:00:00,6,Routine,Abnormal
LO101220,APP001842,PAT01985,DOC022,DEP007,FAC002,LAB009,Chest X-Ray,Radiology,2025-05-14,2025-05-15,2025-05-19 10:00:00,106,Routine,Normal
LO101226,APP015851,PAT03515,DOC013,DEP005,FAC003,LAB013,COVID PCR,Molecular Diagnostics,2025-07-18,2025-07-19,2025-07-23 05:00:00,101,Routine,Normal
LO101271,APP001951,PAT09050,DOC018,DEP007,FAC003,LAB008,Urine Culture,Microbiology,2025-12-27,2025-12-28,2026-01-01 01:00:00,97,Urgent,Normal
LO101273,APP001504,PAT03821,DOC028,DEP001,FAC003,LAB012,HbA1c,Biochemistry,2025-02-13,2025-02-14,2025-02-15 10:00:00,34,Routine,Abnormal
LO101277,APP034036,PAT07294,DOC019,DEP005,FAC004,LAB010,Ultrasound Abdomen,Radiology,2025-08-09,2025-08-09,2025-08-10 21:00:00,45,Routine,Normal
LO101282,APP031603,PAT05381,DOC009,DEP002,FAC004,LAB005,Kidney Function Test,Biochemistry,2025-10-15,2025-10-16,2025-10-17 00:00:00,24,Routine,Normal
LO101286,APP016402,PAT09280,DOC038,DEP005,FAC003,LAB006,Thyroid Profile,Immunology,2025-01-04,2025-01-04,2025-01-06 06:00:00,54,Routine,Normal
LO101288,APP001486,PAT00069,DOC032,DEP002,FAC002,LAB001,Complete Blood Count,Hematology,2025-01-18,2025-01-19,2025-01-21 10:00:00,58,Routine,Normal
LO101294,APP005173,PAT08983,DOC011,DEP003,FAC001,LAB009,Chest X-Ray,Radiology,2025-08-14,2025-08-15,2025-08-18 15:00:00,87,Routine,Normal
LO101299,APP045597,PAT07820,DOC035,DEP001,FAC005,LAB008,Urine Culture,Microbiology,2025-03-22,2025-03-23,2025-03-27 00:00:00,96,Routine,Abnormal
LO101309,APP023811,PAT06077,DOC011,DEP003,FAC001,LAB012,HbA1c,Biochemistry,2025-01-08,2025-01-08,2025-01-11 00:00:00,72,Routine,Normal
LO101319,APP017972,PAT01890,DOC023,DEP008,FAC003,LAB015,Electrolytes Panel,Biochemistry,2025-02-20,2025-02-20,2025-02-20 20:00:00,20,Routine,Normal
LO101322,APP004891,PAT04078,DOC040,DEP003,FAC005,LAB015,Electrolytes Panel,Biochemistry,2025-02-11,2025-02-13,2025-02-14 20:00:00,44,Routine,Normal
LO101324,APP035213,PAT05894,DOC024,DEP006,FAC004,LAB003,Lipid Profile,Biochemistry,2025-10-12,2025-10-12,2025-10-14 00:00:00,48,Urgent,Normal
LO101325,APP043170,PAT02472,DOC016,DEP004,FAC001,LAB001,Complete Blood Count,Hematology,2025-06-25,2025-06-26,2025-06-30 03:00:00,99,Routine,Normal
LO101333,APP025391,PAT01007,DOC037,DEP005,FAC002,LAB004,Liver Function Test,Biochemistry,2025-04-07,2025-04-07,2025-04-10 13:00:00,85,Routine,Normal
LO101341,APP033198,PAT00813,DOC008,DEP003,FAC003,LAB005,Kidney Function Test,Biochemistry,2025-04-09,2025-04-09,2025-04-13 12:00:00,108,Routine,Normal
LO101342,APP027129,PAT08745,DOC031,DEP001,FAC001,LAB001,Complete Blood Count,Hematology,2025-10-07,2025-10-07,2025-10-07 11:00:00,11,Routine,Normal
LO101348,APP037719,PAT02549,DOC019,DEP005,FAC004,LAB012,HbA1c,Biochemistry,2025-04-03,2025-04-03,2025-04-07 04:00:00,100,Routine,Critical
LO101349,APP046842,PAT01749,DOC021,DEP005,FAC001,LAB001,Complete Blood Count,Hematology,2025-07-13,2025-07-13,2025-07-17 15:00:00,111,Routine,Normal
LO101352,APP015559,PAT02583,DOC010,DEP003,FAC005,LAB007,Urine Routine,Microbiology,2025-05-28,2025-05-29,2025-05-31 05:00:00,53,Routine,Normal
LO101353,APP024332,PAT00915,DOC021,DEP005,FAC001,LAB004,Liver Function Test,Biochemistry,2025-08-06,2025-08-06,2025-08-07 03:00:00,27,Routine,Normal
LO101356,APP033998,PAT04124,DOC011,DEP003,FAC001,LAB008,Urine Culture,Microbiology,2025-10-19,2025-10-20,2025-10-20 21:00:00,21,Routine,Normal
LO101357,APP039082,PAT01741,DOC016,DEP004,FAC001,LAB006,Thyroid Profile,Immunology,2025-03-17,2025-03-18,2025-03-19 15:00:00,39,Routine,Normal
LO101364,APP002537,PAT07370,DOC040,DEP003,FAC005,LAB007,Urine Routine,Microbiology,2025-08-09,2025-08-09,2025-08-12 23:00:00,95,Routine,Normal
LO101366,APP036624,PAT05643,DOC001,DEP001,FAC001,LAB003,Lipid Profile,Biochemistry,2025-11-27,2025-11-29,2025-11-30 08:00:00,32,Routine,Normal
LO101367,APP036576,PAT06787,DOC027,DEP001,FAC002,LAB001,Complete Blood Count,Hematology,2025-09-18,2025-09-19,2025-09-23 18:00:00,114,Routine,Abnormal
LO101371,APP000629,PAT02877,DOC024,DEP006,FAC004,LAB008,Urine Culture,Microbiology,2025-06-21,2025-06-23,2025-06-27 14:00:00,110,Routine,Normal
LO101377,APP001291,PAT00915,DOC040,DEP003,FAC005,LAB012,HbA1c,Biochemistry,2025-08-07,2025-08-09,2025-08-09 13:00:00,13,Routine,Normal
LO101380,APP033192,PAT06927,DOC024,DEP006,FAC004,LAB008,Urine Culture,Microbiology,2025-09-06,2025-09-06,2025-09-10 05:00:00,101,Routine,Normal
LO101387,APP013225,PAT02500,DOC005,DEP001,FAC005,LAB008,Urine Culture,Microbiology,2025-10-04,2025-10-04,2025-10-04 03:00:00,3,Urgent,Normal
LO101389,APP048821,PAT01154,DOC030,DEP008,FAC005,LAB011,ECG,Cardiology Diagnostics,2025-11-10,2025-11-11,2025-11-11 12:00:00,12,Stat,Normal
LO101390,APP010822,PAT05782,DOC015,DEP005,FAC005,LAB006,Thyroid Profile,Immunology,2025-10-07,2025-10-08,2025-10-08 02:00:00,2,Routine,Normal
LO101394,APP043219,PAT05872,DOC015,DEP005,FAC005,LAB004,Liver Function Test,Biochemistry,2025-02-01,2025-02-01,2025-02-03 02:00:00,50,Routine,Normal
LO101406,APP047666,PAT03388,DOC029,DEP007,FAC004,LAB005,Kidney Function Test,Biochemistry,2025-09-20,2025-09-22,2025-09-22 01:00:00,1,Routine,Normal
LO101410,APP014815,PAT08770,DOC026,DEP008,FAC001,LAB002,Blood Glucose,Biochemistry,2025-11-22,2025-11-22,2025-11-22 02:00:00,2,Urgent,Normal
LO101413,APP011200,PAT04462,DOC009,DEP002,FAC004,LAB003,Lipid Profile,Biochemistry,2025-11-04,2025-11-04,2025-11-05 02:00:00,26,Urgent,Normal
LO101415,APP003025,PAT02237,DOC027,DEP001,FAC002,LAB001,Complete Blood Count,Hematology,2025-06-02,2025-06-03,2025-06-07 11:00:00,107,Routine,Normal
LO101422,APP006057,PAT07624,DOC006,DEP002,FAC001,LAB002,Blood Glucose,Biochemistry,2025-07-06,2025-07-07,2025-07-11 10:00:00,106,Urgent,Normal
LO101425,APP025545,PAT02096,DOC013,DEP005,FAC003,LAB009,Chest X-Ray,Radiology,2025-12-23,2025-12-25,2025-12-26 05:00:00,29,Routine,Normal
LO101438,APP031518,PAT09051,DOC003,DEP001,FAC003,LAB015,Electrolytes Panel,Biochemistry,2025-07-08,2025-07-08,2025-07-11 08:00:00,80,Routine,Normal
LO101455,APP043845,PAT09902,DOC023,DEP008,FAC003,LAB005,Kidney Function Test,Biochemistry,2025-07-08,2025-07-09,2025-07-09 01:00:00,1,Routine,Normal
LO101457,APP048735,PAT03690,DOC003,DEP001,FAC003,LAB012,HbA1c,Biochemistry,2025-02-16,2025-02-16,2025-02-20 22:00:00,118,Stat,Normal
LO101458,APP004944,PAT03616,DOC017,DEP006,FAC002,LAB002,Blood Glucose,Biochemistry,2025-04-30,2025-05-02,2025-05-04 16:00:00,64,Routine,Abnormal
LO101462,APP015796,PAT06215,DOC003,DEP001,FAC003,LAB008,Urine Culture,Microbiology,2025-12-08,2025-12-10,2025-12-12 22:00:00,70,Routine,Normal
LO101464,APP029454,PAT05708,DOC029,DEP007,FAC004,LAB010,Ultrasound Abdomen,Radiology,2025-09-09,2025-09-09,2025-09-12 14:00:00,86,Routine,Normal
LO101482,APP046164,PAT08983,DOC005,DEP001,FAC005,LAB013,COVID PCR,Molecular Diagnostics,2025-08-24,2025-08-25,2025-08-27 17:00:00,65,Routine,Abnormal
LO101485,APP048854,PAT00432,DOC005,DEP001,FAC005,LAB014,Blood Culture,Microbiology,2025-12-21,2025-12-23,2025-12-23 18:00:00,18,Urgent,Normal
LO101492,APP047585,PAT06282,DOC026,DEP008,FAC001,LAB011,ECG,Cardiology Diagnostics,2025-08-02,2025-08-03,2025-08-07 14:00:00,110,Routine,Normal
LO101497,APP040084,PAT00938,DOC012,DEP005,FAC002,LAB008,Urine Culture,Microbiology,2025-11-28,2025-11-29,2025-12-03 05:00:00,101,Routine,Normal
LO101501,APP035322,PAT00609,DOC002,DEP001,FAC002,LAB001,Complete Blood Count,Hematology,2025-10-09,2025-10-09,2025-10-12 19:00:00,91,Routine,Normal
LO101508,APP043160,PAT04025,DOC035,DEP001,FAC005,LAB006,Thyroid Profile,Immunology,2025-12-11,2025-12-12,2025-12-15 07:00:00,79,Urgent,Normal
LO101510,APP023399,PAT05788,DOC030,DEP008,FAC005,LAB009,Chest X-Ray,Radiology,2025-08-05,2025-08-06,2025-08-08 19:00:00,67,Routine,Normal
LO101512,APP042335,PAT09744,DOC032,DEP002,FAC002,LAB002,Blood Glucose,Biochemistry,2025-11-08,2025-11-08,2025-11-12 09:00:00,105,Routine,Normal
LO101517,APP041166,PAT01403,DOC025,DEP007,FAC005,LAB010,Ultrasound Abdomen,Radiology,2025-10-06,2025-10-07,2025-10-10 02:00:00,74,Routine,Normal
LO101519,APP045292,PAT09103,DOC020,DEP006,FAC005,LAB005,Kidney Function Test,Biochemistry,2025-02-09,2025-02-11,2025-02-15 00:00:00,96,Routine,Normal
LO101522,APP027215,PAT06988,DOC025,DEP007,FAC005,LAB007,Urine Routine,Microbiology,2025-07-24,2025-07-26,2025-07-27 17:00:00,41,Urgent,Normal
LO101524,APP018856,PAT04047,DOC034,DEP001,FAC004,LAB002,Blood Glucose,Biochemistry,2025-11-05,2025-11-07,2025-11-07 06:00:00,6,Routine,Normal
LO101526,APP018313,PAT02237,DOC020,DEP006,FAC005,LAB006,Thyroid Profile,Immunology,2025-04-03,2025-04-05,2025-04-05 10:00:00,10,Routine,Normal
LO101532,APP028548,PAT08411,DOC007,DEP002,FAC002,LAB001,Complete Blood Count,Hematology,2025-12-01,2025-12-03,2025-12-07 03:00:00,99,Routine,Normal
LO101538,APP049519,PAT08823,DOC032,DEP002,FAC002,LAB013,COVID PCR,Molecular Diagnostics,2025-02-28,2025-03-02,2025-03-06 21:00:00,117,Routine,Normal
LO101539,APP027083,PAT07540,DOC017,DEP006,FAC002,LAB004,Liver Function Test,Biochemistry,2025-05-17,2025-05-18,2025-05-20 04:00:00,52,Routine,Normal
LO101553,APP011568,PAT06694,DOC031,DEP001,FAC001,LAB012,HbA1c,Biochemistry,2025-11-04,2025-11-04,2025-11-04 09:00:00,9,Routine,Normal
LO101557,APP004514,PAT09530,DOC028,DEP001,FAC003,LAB007,Urine Routine,Microbiology,2025-01-16,2025-01-18,2025-01-18 07:00:00,7,Routine,Normal
LO101566,APP001339,PAT04747,DOC026,DEP008,FAC001,LAB007,Urine Routine,Microbiology,2025-06-17,2025-06-19,2025-06-19 10:00:00,10,Routine,Normal
LO101567,APP027410,PAT03547,DOC019,DEP005,FAC004,LAB007,Urine Routine,Microbiology,2025-10-28,2025-10-29,2025-10-29 15:00:00,15,Routine,Abnormal
LO101570,APP024055,PAT02232,DOC024,DEP006,FAC004,LAB012,HbA1c,Biochemistry,2025-09-10,2025-09-11,2025-09-12 23:00:00,47,Urgent,Normal
LO101571,APP034846,PAT05285,DOC008,DEP003,FAC003,LAB014,Blood Culture,Microbiology,2025-03-02,2025-03-03,2025-03-05 06:00:00,54,Routine,Normal
LO101575,APP017036,PAT04660,DOC033,DEP003,FAC003,LAB011,ECG,Cardiology Diagnostics,2025-07-19,2025-07-20,2025-07-24 12:00:00,108,Routine,Abnormal
LO101578,APP001344,PAT07169,DOC001,DEP001,FAC001,LAB006,Thyroid Profile,Immunology,2025-10-30,2025-10-30,2025-10-30 17:00:00,17,Routine,Normal
LO101584,APP022371,PAT02320,DOC022,DEP007,FAC002,LAB014,Blood Culture,Microbiology,2025-04-21,2025-04-22,2025-04-22 20:00:00,20,Urgent,Normal
LO101594,APP013419,PAT05801,DOC034,DEP001,FAC004,LAB010,Ultrasound Abdomen,Radiology,2025-09-18,2025-09-18,2025-09-22 21:00:00,117,Urgent,Normal
LO101600,APP046051,PAT09103,DOC019,DEP005,FAC004,LAB002,Blood Glucose,Biochemistry,2025-07-29,2025-07-29,2025-07-30 09:00:00,33,Routine,Abnormal
LO101608,APP025846,PAT00512,DOC018,DEP007,FAC003,LAB007,Urine Routine,Microbiology,2025-09-06,2025-09-08,2025-09-09 09:00:00,33,Routine,Normal
LO101619,APP018387,PAT04873,DOC032,DEP002,FAC002,LAB004,Liver Function Test,Biochemistry,2025-08-12,2025-08-14,2025-08-14 14:00:00,14,Routine,Normal
LO101627,APP042965,PAT06456,DOC027,DEP001,FAC002,LAB006,Thyroid Profile,Immunology,2025-10-31,2025-10-31,2025-11-02 17:00:00,65,Routine,Abnormal
LO101632,APP047347,PAT06138,DOC030,DEP008,FAC005,LAB010,Ultrasound Abdomen,Radiology,2025-07-04,2025-07-04,2025-07-04 14:00:00,14,Routine,Normal
LO101635,APP009957,PAT05310,DOC036,DEP002,FAC001,LAB005,Kidney Function Test,Biochemistry,2025-02-04,2025-02-06,2025-02-06 09:00:00,9,Routine,Normal
LO101647,APP043919,PAT01944,DOC037,DEP005,FAC002,LAB008,Urine Culture,Microbiology,2025-08-30,2025-08-31,2025-09-02 23:00:00,71,Routine,Normal
LO101648,APP024614,PAT05964,DOC031,DEP001,FAC001,LAB002,Blood Glucose,Biochemistry,2025-02-07,2025-02-08,2025-02-11 20:00:00,92,Routine,Normal
LO101651,APP006708,PAT06349,DOC005,DEP001,FAC005,LAB006,Thyroid Profile,Immunology,2025-10-28,2025-10-30,2025-11-02 14:00:00,86,Routine,Normal
LO101652,APP015259,PAT06088,DOC002,DEP001,FAC002,LAB006,Thyroid Profile,Immunology,2025-09-10,2025-09-10,2025-09-12 14:00:00,62,Routine,Normal
LO101659,APP044881,PAT01369,DOC028,DEP001,FAC003,LAB011,ECG,Cardiology Diagnostics,2025-12-24,2025-12-26,2025-12-29 23:00:00,95,Routine,Normal
LO101661,APP044385,PAT01454,DOC013,DEP005,FAC003,LAB006,Thyroid Profile,Immunology,2025-12-02,2025-12-03,2025-12-03 08:00:00,8,Routine,Normal
LO101662,APP035674,PAT08185,DOC021,DEP005,FAC001,LAB001,Complete Blood Count,Hematology,2025-12-02,2025-12-04,2025-12-07 08:00:00,80,Routine,Normal
LO101663,APP017330,PAT03446,DOC009,DEP002,FAC004,LAB015,Electrolytes Panel,Biochemistry,2025-04-27,2025-04-28,2025-05-01 02:00:00,74,Urgent,Abnormal
LO101664,APP007923,PAT04686,DOC016,DEP004,FAC001,LAB011,ECG,Cardiology Diagnostics,2025-08-06,2025-08-06,2025-08-07 20:00:00,44,Routine,Normal
LO101669,APP021492,PAT03785,DOC005,DEP001,FAC005,LAB012,HbA1c,Biochemistry,2025-01-03,2025-01-04,2025-01-08 13:00:00,109,Urgent,Normal
LO101692,APP002885,PAT04191,DOC012,DEP005,FAC002,LAB011,ECG,Cardiology Diagnostics,2025-05-27,2025-05-27,2025-05-30 15:00:00,87,Routine,Normal
LO101700,APP033917,PAT09943,DOC011,DEP003,FAC001,LAB005,Kidney Function Test,Biochemistry,2025-08-18,2025-08-19,2025-08-19 11:00:00,11,Routine,Normal
LO101705,APP012668,PAT02040,DOC029,DEP007,FAC004,LAB014,Blood Culture,Microbiology,2025-10-08,2025-10-10,2025-10-14 23:00:00,119,Routine,Normal
LO101721,APP000710,PAT07269,DOC035,DEP001,FAC005,LAB002,Blood Glucose,Biochemistry,2025-07-14,2025-07-14,2025-07-18 16:00:00,112,Routine,Normal
LO101734,APP025470,PAT09020,DOC033,DEP003,FAC003,LAB002,Blood Glucose,Biochemistry,2025-04-27,2025-04-29,2025-04-29 06:00:00,6,Routine,Normal
LO101737,APP003105,PAT01007,DOC032,DEP002,FAC002,LAB009,Chest X-Ray,Radiology,2025-07-09,2025-07-11,2025-07-14 19:00:00,91,Routine,Normal
LO101740,APP026194,PAT02761,DOC037,DEP005,FAC002,LAB012,HbA1c,Biochemistry,2025-07-12,2025-07-14,2025-07-15 01:00:00,25,Urgent,Normal
LO101744,APP013888,PAT00979,DOC021,DEP005,FAC001,LAB013,COVID PCR,Molecular Diagnostics,2025-12-11,2025-12-12,2025-12-12 15:00:00,15,Urgent,Normal
LO101746,APP002690,PAT09943,DOC013,DEP005,FAC003,LAB002,Blood Glucose,Biochemistry,2025-04-07,2025-04-07,2025-04-10 21:00:00,93,Urgent,Normal
LO101751,APP003850,PAT07064,DOC024,DEP006,FAC004,LAB004,Liver Function Test,Biochemistry,2025-02-07,2025-02-07,2025-02-10 10:00:00,82,Routine,Normal
LO101757,APP019136,PAT01714,DOC017,DEP006,FAC002,LAB014,Blood Culture,Microbiology,2025-12-12,2025-12-14,2025-12-15 08:00:00,32,Routine,Normal
LO101761,APP032356,PAT04961,DOC024,DEP006,FAC004,LAB004,Liver Function Test,Biochemistry,2025-03-14,2025-03-16,2025-03-17 23:00:00,47,Routine,Normal
LO101788,APP021290,PAT03166,DOC001,DEP001,FAC001,LAB001,Complete Blood Count,Hematology,2025-11-20,2025-11-20,2025-11-24 07:00:00,103,Routine,Abnormal
LO101794,APP049251,PAT00903,DOC020,DEP006,FAC005,LAB005,Kidney Function Test,Biochemistry,2025-10-05,2025-10-05,2025-10-05 20:00:00,20,Routine,Normal
LO101796,APP045821,PAT08770,DOC022,DEP007,FAC002,LAB005,Kidney Function Test,Biochemistry,2025-05-23,2025-05-23,2025-05-25 20:00:00,68,Routine,Normal
LO101799,APP004484,PAT00813,DOC010,DEP003,FAC005,LAB008,Urine Culture,Microbiology,2025-05-12,2025-05-13,2025-05-14 18:00:00,42,Routine,Normal
LO101808,APP041371,PAT05023,DOC027,DEP001,FAC002,LAB003,Lipid Profile,Biochemistry,2025-09-02,2025-09-03,2025-09-05 21:00:00,69,Routine,Normal
LO101810,APP047205,PAT03801,DOC010,DEP003,FAC005,LAB002,Blood Glucose,Biochemistry,2025-10-27,2025-10-28,2025-10-28 14:00:00,14,Routine,Abnormal
LO101817,APP047152,PAT02316,DOC040,DEP003,FAC005,LAB009,Chest X-Ray,Radiology,2025-03-23,2025-03-23,2025-03-25 16:00:00,64,Routine,Normal
LO101826,APP036789,PAT04396,DOC019,DEP005,FAC004,LAB003,Lipid Profile,Biochemistry,2025-03-31,2025-04-01,2025-04-02 03:00:00,27,Routine,Normal
LO101828,APP010428,PAT03370,DOC034,DEP001,FAC004,LAB001,Complete Blood Count,Hematology,2025-10-13,2025-10-14,2025-10-15 01:00:00,25,Routine,Normal
LO101840,APP019352,PAT09195,DOC010,DEP003,FAC005,LAB013,COVID PCR,Molecular Diagnostics,2025-07-15,2025-07-16,2025-07-17 18:00:00,42,Routine,Abnormal
LO101844,APP026139,PAT01944,DOC015,DEP005,FAC005,LAB013,COVID PCR,Molecular Diagnostics,2025-03-28,2025-03-29,2025-03-31 06:00:00,54,Routine,Normal
LO101861,APP008269,PAT01057,DOC008,DEP003,FAC003,LAB010,Ultrasound Abdomen,Radiology,2025-08-30,2025-08-30,2025-09-01 18:00:00,66,Routine,Normal
LO101863,APP012472,PAT04609,DOC031,DEP001,FAC001,LAB012,HbA1c,Biochemistry,2025-09-24,2025-09-25,2025-09-27 16:00:00,64,Routine,Normal
LO101882,APP023906,PAT04128,DOC006,DEP002,FAC001,LAB006,Thyroid Profile,Immunology,2025-08-01,2025-08-01,2025-08-04 01:00:00,73,Routine,Normal
LO101889,APP005812,PAT02610,DOC012,DEP005,FAC002,LAB010,Ultrasound Abdomen,Radiology,2025-04-04,2025-04-04,2025-04-06 20:00:00,68,Routine,Normal
LO101890,APP024471,PAT03372,DOC038,DEP005,FAC003,LAB008,Urine Culture,Microbiology,2025-07-09,2025-07-10,2025-07-13 03:00:00,75,Urgent,Normal
LO101891,APP003577,PAT04895,DOC014,DEP004,FAC004,LAB006,Thyroid Profile,Immunology,2025-09-13,2025-09-13,2025-09-16 21:00:00,93,Routine,Normal
LO101897,APP044514,PAT00051,DOC032,DEP002,FAC002,LAB011,ECG,Cardiology Diagnostics,2025-08-12,2025-08-12,2025-08-12 03:00:00,3,Routine,Normal
LO101902,APP028132,PAT00609,DOC028,DEP001,FAC003,LAB010,Ultrasound Abdomen,Radiology,2025-08-19,2025-08-19,2025-08-19 18:00:00,18,Urgent,Normal
LO101904,APP019166,PAT05764,DOC001,DEP001,FAC001,LAB002,Blood Glucose,Biochemistry,2025-10-14,2025-10-14,2025-10-16 11:00:00,59,Routine,Normal
LO101913,APP037455,PAT09913,DOC009,DEP002,FAC004,LAB011,ECG,Cardiology Diagnostics,2025-06-29,2025-06-30,2025-07-03 03:00:00,75,Routine,Normal
LO101914,APP030129,PAT03533,DOC016,DEP004,FAC001,LAB015,Electrolytes Panel,Biochemistry,2025-05-21,2025-05-22,2025-05-25 18:00:00,90,Routine,Normal
LO101916,APP026092,PAT09897,DOC026,DEP008,FAC001,LAB009,Chest X-Ray,Radiology,2025-05-01,2025-05-02,2025-05-02 01:00:00,1,Routine,Abnormal
LO101917,APP009176,PAT05383,DOC040,DEP003,FAC005,LAB001,Complete Blood Count,Hematology,2025-12-06,2025-12-06,2025-12-06 22:00:00,22,Routine,Normal
LO101919,APP036013,PAT08100,DOC015,DEP005,FAC005,LAB007,Urine Routine,Microbiology,2025-08-23,2025-08-25,2025-08-26 03:00:00,27,Routine,Normal
LO101920,APP018591,PAT04849,DOC013,DEP005,FAC003,LAB005,Kidney Function Test,Biochemistry,2025-02-10,2025-02-12,2025-02-13 06:00:00,30,Urgent,Normal
LO101923,APP014734,PAT04505,DOC014,DEP004,FAC004,LAB012,HbA1c,Biochemistry,2025-03-11,2025-03-11,2025-03-13 08:00:00,56,Routine,Normal
LO101928,APP043104,PAT05655,DOC024,DEP006,FAC004,LAB012,HbA1c,Biochemistry,2025-10-22,2025-10-23,2025-10-25 13:00:00,61,Routine,Normal
LO101938,APP046702,PAT00186,DOC004,DEP001,FAC004,LAB006,Thyroid Profile,Immunology,2025-12-19,2025-12-19,2025-12-21 21:00:00,69,Routine,Normal
LO101939,APP015195,PAT05146,DOC008,DEP003,FAC003,LAB007,Urine Routine,Microbiology,2025-07-07,2025-07-08,2025-07-12 04:00:00,100,Routine,Normal
LO101941,APP047122,PAT00612,DOC035,DEP001,FAC005,LAB009,Chest X-Ray,Radiology,2025-11-25,2025-11-26,2025-11-29 08:00:00,80,Routine,Normal
LO101943,APP010079,PAT05564,DOC027,DEP001,FAC002,LAB011,ECG,Cardiology Diagnostics,2025-08-19,2025-08-21,2025-08-24 20:00:00,92,Routine,Normal
LO101957,APP018396,PAT06159,DOC007,DEP002,FAC002,LAB007,Urine Routine,Microbiology,2025-08-11,2025-08-12,2025-08-14 23:00:00,71,Routine,Abnormal
LO101959,APP014156,PAT08564,DOC037,DEP005,FAC002,LAB002,Blood Glucose,Biochemistry,2025-02-25,2025-02-26,2025-03-01 21:00:00,93,Routine,Normal
LO101961,APP032786,PAT06046,DOC017,DEP006,FAC002,LAB002,Blood Glucose,Biochemistry,2025-06-01,2025-06-01,2025-06-03 20:00:00,68,Routine,Abnormal
LO101968,APP011311,PAT06152,DOC038,DEP005,FAC003,LAB005,Kidney Function Test,Biochemistry,2025-05-28,2025-05-28,2025-05-30 05:00:00,53,Routine,Normal
LO101973,APP041005,PAT09616,DOC036,DEP002,FAC001,LAB003,Lipid Profile,Biochemistry,2025-11-12,2025-11-13,2025-11-15 22:00:00,70,Routine,Normal
LO101976,APP015451,PAT07218,DOC005,DEP001,FAC005,LAB015,Electrolytes Panel,Biochemistry,2025-11-15,2025-11-17,2025-11-18 03:00:00,27,Urgent,Abnormal
LO101982,APP042125,PAT09333,DOC031,DEP001,FAC001,LAB003,Lipid Profile,Biochemistry,2025-11-22,2025-11-23,2025-11-26 21:00:00,93,Routine,Normal
LO101986,APP022232,PAT02313,DOC034,DEP001,FAC004,LAB012,HbA1c,Biochemistry,2025-03-15,2025-03-17,2025-03-17 05:00:00,5,Routine,Normal
LO101987,APP033140,PAT03510,DOC010,DEP003,FAC005,LAB003,Lipid Profile,Biochemistry,2025-06-02,2025-06-03,2025-06-06 11:00:00,83,Routine,Normal
LO101992,APP034834,PAT06685,DOC018,DEP007,FAC003,LAB014,Blood Culture,Microbiology,2025-11-25,2025-11-26,2025-11-29 01:00:00,73,Routine,Normal
LO101998,APP009162,PAT07913,DOC017,DEP006,FAC002,LAB009,Chest X-Ray,Radiology,2025-02-07,2025-02-08,2025-02-12 11:00:00,107,Routine,Normal
LO102001,APP005341,PAT01769,DOC032,DEP002,FAC002,LAB015,Electrolytes Panel,Biochemistry,2025-03-23,2025-03-25,2025-03-27 06:00:00,54,Stat,Normal
LO102006,APP041735,PAT02127,DOC019,DEP005,FAC004,LAB005,Kidney Function Test,Biochemistry,2025-02-08,2025-02-09,2025-02-13 13:00:00,109,Routine,Normal
LO102007,APP026995,PAT09566,DOC004,DEP001,FAC004,LAB010,Ultrasound Abdomen,Radiology,2025-08-30,2025-08-30,2025-09-04 00:00:00,120,Routine,Normal
LO102011,APP043012,PAT04924,DOC039,DEP002,FAC004,LAB015,Electrolytes Panel,Biochemistry,2025-06-02,2025-06-04,2025-06-07 12:00:00,84,Routine,Normal
LO102013,APP045723,PAT04740,DOC009,DEP002,FAC004,LAB006,Thyroid Profile,Immunology,2025-05-21,2025-05-22,2025-05-24 18:00:00,66,Routine,Normal
LO102021,APP029943,PAT07815,DOC009,DEP002,FAC004,LAB014,Blood Culture,Microbiology,2025-06-17,2025-06-18,2025-06-20 12:00:00,60,Routine,Normal
LO102026,APP007513,PAT03972,DOC028,DEP001,FAC003,LAB003,Lipid Profile,Biochemistry,2025-11-03,2025-11-04,2025-11-08 03:00:00,99,Routine,Normal
LO102034,APP034984,PAT07052,DOC036,DEP002,FAC001,LAB011,ECG,Cardiology Diagnostics,2025-01-21,2025-01-22,2025-01-24 09:00:00,57,Urgent,Normal
LO102045,APP006624,PAT09913,DOC033,DEP003,FAC003,LAB014,Blood Culture,Microbiology,2025-08-19,2025-08-19,2025-08-22 16:00:00,88,Routine,Normal
LO102048,APP032548,PAT06293,DOC009,DEP002,FAC004,LAB015,Electrolytes Panel,Biochemistry,2025-01-15,2025-01-15,2025-01-15 01:00:00,1,Routine,Normal
LO102058,APP027999,PAT05291,DOC021,DEP005,FAC001,LAB010,Ultrasound Abdomen,Radiology,2025-11-05,2025-11-05,2025-11-09 08:00:00,104,Routine,Abnormal
LO102062,APP026797,PAT00411,DOC036,DEP002,FAC001,LAB010,Ultrasound Abdomen,Radiology,2025-01-02,2025-01-04,2025-01-07 14:00:00,86,Stat,Abnormal
LO102065,APP007988,PAT00089,DOC021,DEP005,FAC001,LAB005,Kidney Function Test,Biochemistry,2025-06-30,2025-06-30,2025-06-30 07:00:00,7,Routine,Normal
LO102080,APP019964,PAT08671,DOC023,DEP008,FAC003,LAB006,Thyroid Profile,Immunology,2025-11-04,2025-11-05,2025-11-05 09:00:00,9,Urgent,Critical
LO102085,APP017626,PAT08618,DOC016,DEP004,FAC001,LAB012,HbA1c,Biochemistry,2025-11-03,2025-11-05,2025-11-08 03:00:00,75,Routine,Normal
LO102090,APP018438,PAT07235,DOC036,DEP002,FAC001,LAB011,ECG,Cardiology Diagnostics,2025-06-03,2025-06-03,2025-06-06 10:00:00,82,Routine,Abnormal
LO102098,APP036535,PAT08100,DOC003,DEP001,FAC003,LAB005,Kidney Function Test,Biochemistry,2025-05-20,2025-05-20,2025-05-21 02:00:00,26,Routine,Abnormal
LO102099,APP019472,PAT03223,DOC014,DEP004,FAC004,LAB003,Lipid Profile,Biochemistry,2025-09-30,2025-10-01,2025-10-02 01:00:00,25,Routine,Abnormal
LO102100,APP004720,PAT08216,DOC002,DEP001,FAC002,LAB015,Electrolytes Panel,Biochemistry,2025-06-22,2025-06-23,2025-06-25 08:00:00,56,Routine,Normal
LO102103,APP000383,PAT02089,DOC009,DEP002,FAC004,LAB007,Urine Routine,Microbiology,2025-12-22,2025-12-22,2025-12-23 20:00:00,44,Routine,Normal
LO102112,APP037494,PAT08571,DOC018,DEP007,FAC003,LAB015,Electrolytes Panel,Biochemistry,2025-04-28,2025-04-29,2025-04-30 19:00:00,43,Routine,Normal
LO102113,APP027456,PAT02407,DOC021,DEP005,FAC001,LAB003,Lipid Profile,Biochemistry,2025-04-10,2025-04-12,2025-04-15 10:00:00,82,Routine,Normal
LO102127,APP012630,PAT01689,DOC006,DEP002,FAC001,LAB003,Lipid Profile,Biochemistry,2025-07-26,2025-07-26,2025-07-26 02:00:00,2,Stat,Normal
LO102129,APP021606,PAT00358,DOC027,DEP001,FAC002,LAB007,Urine Routine,Microbiology,2025-11-30,2025-11-30,2025-11-30 16:00:00,16,Routine,Normal
LO102141,APP010117,PAT08488,DOC018,DEP007,FAC003,LAB015,Electrolytes Panel,Biochemistry,2025-10-02,2025-10-04,2025-10-06 02:00:00,50,Routine,Critical
LO102142,APP008082,PAT07815,DOC005,DEP001,FAC005,LAB001,Complete Blood Count,Hematology,2025-02-19,2025-02-21,2025-02-24 02:00:00,74,Routine,Normal
LO102145,APP031925,PAT02309,DOC011,DEP003,FAC001,LAB002,Blood Glucose,Biochemistry,2025-10-25,2025-10-26,2025-10-29 18:00:00,90,Routine,Normal
LO102156,APP007781,PAT06424,DOC025,DEP007,FAC005,LAB004,Liver Function Test,Biochemistry,2025-07-05,2025-07-07,2025-07-10 06:00:00,78,Routine,Abnormal
LO102157,APP011444,PAT01414,DOC024,DEP006,FAC004,LAB001,Complete Blood Count,Hematology,2025-10-28,2025-10-29,2025-10-29 07:00:00,7,Routine,Normal
LO102165,APP030287,PAT04731,DOC033,DEP003,FAC003,LAB013,COVID PCR,Molecular Diagnostics,2025-08-21,2025-08-21,2025-08-22 08:00:00,32,Routine,Abnormal
LO102171,APP047593,PAT01254,DOC040,DEP003,FAC005,LAB005,Kidney Function Test,Biochemistry,2025-05-24,2025-05-26,2025-05-30 10:00:00,106,Routine,Normal
LO102174,APP000507,PAT08383,DOC013,DEP005,FAC003,LAB011,ECG,Cardiology Diagnostics,2025-08-17,2025-08-17,2025-08-20 00:00:00,72,Routine,Normal
LO102179,APP032740,PAT09702,DOC016,DEP004,FAC001,LAB014,Blood Culture,Microbiology,2025-12-19,2025-12-21,2025-12-21 19:00:00,19,Routine,Normal
LO102180,APP036503,PAT09605,DOC021,DEP005,FAC001,LAB005,Kidney Function Test,Biochemistry,2025-04-29,2025-04-29,2025-05-02 17:00:00,89,Routine,Normal
LO102183,APP018434,PAT03992,DOC003,DEP001,FAC003,LAB014,Blood Culture,Microbiology,2025-07-28,2025-07-30,2025-08-03 02:00:00,98,Routine,Normal
LO102185,APP013116,PAT05146,DOC036,DEP002,FAC001,LAB002,Blood Glucose,Biochemistry,2025-02-04,2025-02-04,2025-02-04 16:00:00,16,Routine,Normal
LO102203,APP020332,PAT02381,DOC010,DEP003,FAC005,LAB010,Ultrasound Abdomen,Radiology,2025-03-30,2025-03-31,2025-04-03 22:00:00,94,Routine,Normal
LO102210,APP018544,PAT05602,DOC028,DEP001,FAC003,LAB001,Complete Blood Count,Hematology,2025-01-23,2025-01-25,2025-01-28 14:00:00,86,Routine,Abnormal
LO102217,APP032220,PAT03752,DOC020,DEP006,FAC005,LAB013,COVID PCR,Molecular Diagnostics,2025-02-17,2025-02-19,2025-02-23 06:00:00,102,Routine,Normal
LO102223,APP025611,PAT07206,DOC008,DEP003,FAC003,LAB012,HbA1c,Biochemistry,2025-06-30,2025-06-30,2025-07-03 15:00:00,87,Routine,Normal
LO102228,APP038490,PAT09939,DOC032,DEP002,FAC002,LAB004,Liver Function Test,Biochemistry,2025-06-18,2025-06-18,2025-06-22 16:00:00,112,Routine,Normal
LO102234,APP017019,PAT09724,DOC005,DEP001,FAC005,LAB005,Kidney Function Test,Biochemistry,2025-04-10,2025-04-11,2025-04-15 15:00:00,111,Routine,Critical
LO102242,APP010829,PAT07121,DOC039,DEP002,FAC004,LAB015,Electrolytes Panel,Biochemistry,2025-07-13,2025-07-13,2025-07-17 02:00:00,98,Routine,Normal
LO102243,APP034697,PAT03121,DOC017,DEP006,FAC002,LAB002,Blood Glucose,Biochemistry,2025-01-10,2025-01-11,2025-01-13 20:00:00,68,Routine,Normal
LO102244,APP043063,PAT09195,DOC007,DEP002,FAC002,LAB012,HbA1c,Biochemistry,2025-12-24,2025-12-26,2025-12-26 06:00:00,6,Routine,Normal
LO102246,APP042360,PAT07229,DOC029,DEP007,FAC004,LAB006,Thyroid Profile,Immunology,2025-08-31,2025-08-31,2025-09-01 22:00:00,46,Routine,Normal
LO102249,APP011088,PAT07586,DOC037,DEP005,FAC002,LAB003,Lipid Profile,Biochemistry,2025-09-13,2025-09-13,2025-09-17 10:00:00,106,Routine,Normal
LO102254,APP036314,PAT02920,DOC009,DEP002,FAC004,LAB011,ECG,Cardiology Diagnostics,2025-10-06,2025-10-08,2025-10-12 14:00:00,110,Routine,Critical
LO102265,APP004497,PAT03208,DOC008,DEP003,FAC003,LAB014,Blood Culture,Microbiology,2025-12-14,2025-12-14,2025-12-16 01:00:00,49,Urgent,Normal
LO102271,APP020328,PAT03821,DOC016,DEP004,FAC001,LAB003,Lipid Profile,Biochemistry,2025-03-29,2025-03-31,2025-04-02 10:00:00,58,Urgent,Normal
LO102276,APP007293,PAT03480,DOC028,DEP001,FAC003,LAB015,Electrolytes Panel,Biochemistry,2025-11-17,2025-11-19,2025-11-19 21:00:00,21,Routine,Normal
LO102288,APP012103,PAT06352,DOC009,DEP002,FAC004,LAB007,Urine Routine,Microbiology,2025-07-02,2025-07-03,2025-07-06 19:00:00,91,Routine,Normal
LO102289,APP000784,PAT03992,DOC018,DEP007,FAC003,LAB001,Complete Blood Count,Hematology,2025-09-25,2025-09-27,2025-09-28 23:00:00,47,Routine,Normal
LO102292,APP028092,PAT06835,DOC019,DEP005,FAC004,LAB014,Blood Culture,Microbiology,2025-02-14,2025-02-14,2025-02-14 21:00:00,21,Routine,Normal
LO102297,APP015755,PAT04238,DOC013,DEP005,FAC003,LAB004,Liver Function Test,Biochemistry,2025-08-29,2025-08-29,2025-08-30 13:00:00,37,Routine,Normal
LO102310,APP026188,PAT03705,DOC015,DEP005,FAC005,LAB002,Blood Glucose,Biochemistry,2025-10-22,2025-10-22,2025-10-22 07:00:00,7,Routine,Normal
LO102312,APP014752,PAT09782,DOC001,DEP001,FAC001,LAB003,Lipid Profile,Biochemistry,2025-10-11,2025-10-11,2025-10-12 22:00:00,46,Routine,Normal
LO102319,APP036981,PAT09255,DOC019,DEP005,FAC004,LAB001,Complete Blood Count,Hematology,2025-08-09,2025-08-11,2025-08-12 16:00:00,40,Routine,Normal
LO102320,APP033515,PAT02309,DOC012,DEP005,FAC002,LAB006,Thyroid Profile,Immunology,2025-03-20,2025-03-21,2025-03-24 09:00:00,81,Routine,Normal
LO102324,APP006358,PAT05220,DOC011,DEP003,FAC001,LAB009,Chest X-Ray,Radiology,2025-05-20,2025-05-21,2025-05-25 12:00:00,108,Routine,Normal
LO102333,APP022879,PAT00215,DOC030,DEP008,FAC005,LAB008,Urine Culture,Microbiology,2025-10-07,2025-10-09,2025-10-09 06:00:00,6,Urgent,Normal
LO102339,APP033133,PAT01412,DOC023,DEP008,FAC003,LAB001,Complete Blood Count,Hematology,2025-11-05,2025-11-06,2025-11-06 13:00:00,13,Routine,Normal
LO102340,APP015022,PAT00340,DOC002,DEP001,FAC002,LAB006,Thyroid Profile,Immunology,2025-07-12,2025-07-13,2025-07-18 00:00:00,120,Routine,Normal
LO102345,APP006615,PAT01535,DOC001,DEP001,FAC001,LAB003,Lipid Profile,Biochemistry,2025-07-06,2025-07-07,2025-07-09 21:00:00,69,Routine,Abnormal
LO102351,APP025906,PAT09286,DOC015,DEP005,FAC005,LAB002,Blood Glucose,Biochemistry,2025-01-21,2025-01-21,2025-01-21 05:00:00,5,Routine,Normal
LO102356,APP028780,PAT00593,DOC001,DEP001,FAC001,LAB008,Urine Culture,Microbiology,2025-11-03,2025-11-04,2025-11-08 18:00:00,114,Routine,Normal
LO102360,APP049426,PAT05095,DOC021,DEP005,FAC001,LAB010,Ultrasound Abdomen,Radiology,2025-02-27,2025-03-01,2025-03-05 12:00:00,108,Routine,Normal
LO102366,APP049285,PAT01455,DOC001,DEP001,FAC001,LAB004,Liver Function Test,Biochemistry,2025-09-25,2025-09-27,2025-09-29 23:00:00,71,Urgent,Normal
LO102370,APP046764,PAT09114,DOC020,DEP006,FAC005,LAB006,Thyroid Profile,Immunology,2025-05-16,2025-05-17,2025-05-18 11:00:00,35,Routine,Normal
LO102372,APP015019,PAT06189,DOC030,DEP008,FAC005,LAB014,Blood Culture,Microbiology,2025-05-06,2025-05-08,2025-05-10 22:00:00,70,Routine,Abnormal
LO102377,APP035317,PAT04490,DOC018,DEP007,FAC003,LAB014,Blood Culture,Microbiology,2025-12-04,2025-12-04,2025-12-07 14:00:00,86,Routine,Normal
LO102389,APP014218,PAT08391,DOC018,DEP007,FAC003,LAB002,Blood Glucose,Biochemistry,2025-05-19,2025-05-21,2025-05-22 01:00:00,25,Routine,Normal
LO102390,APP046741,PAT05909,DOC025,DEP007,FAC005,LAB003,Lipid Profile,Biochemistry,2025-12-20,2025-12-20,2025-12-24 07:00:00,103,Routine,Abnormal
LO102395,APP028061,PAT05788,DOC038,DEP005,FAC003,LAB013,COVID PCR,Molecular Diagnostics,2025-09-03,2025-09-04,2025-09-06 14:00:00,62,Routine,Normal
LO102408,APP037301,PAT05810,DOC032,DEP002,FAC002,LAB002,Blood Glucose,Biochemistry,2025-12-15,2025-12-17,2025-12-18 07:00:00,31,Routine,Normal
LO102410,APP033674,PAT04076,DOC037,DEP005,FAC002,LAB014,Blood Culture,Microbiology,2025-03-11,2025-03-13,2025-03-15 18:00:00,66,Routine,Abnormal
LO102416,APP006730,PAT00051,DOC026,DEP008,FAC001,LAB005,Kidney Function Test,Biochemistry,2025-01-04,2025-01-05,2025-01-06 14:00:00,38,Routine,Normal
LO102427,APP038087,PAT09530,DOC034,DEP001,FAC004,LAB009,Chest X-Ray,Radiology,2025-05-16,2025-05-17,2025-05-18 04:00:00,28,Routine,Abnormal
LO102430,APP019560,PAT03116,DOC011,DEP003,FAC001,LAB010,Ultrasound Abdomen,Radiology,2025-05-13,2025-05-13,2025-05-15 23:00:00,71,Routine,Normal
LO102443,APP041251,PAT04190,DOC003,DEP001,FAC003,LAB007,Urine Routine,Microbiology,2025-03-19,2025-03-21,2025-03-23 08:00:00,56,Routine,Normal
LO102449,APP005275,PAT06693,DOC022,DEP007,FAC002,LAB014,Blood Culture,Microbiology,2025-05-26,2025-05-26,2025-05-27 05:00:00,29,Routine,Normal
LO102454,APP010490,PAT04430,DOC006,DEP002,FAC001,LAB012,HbA1c,Biochemistry,2025-01-23,2025-01-23,2025-01-24 21:00:00,45,Routine,Normal
LO102455,APP020821,PAT06632,DOC036,DEP002,FAC001,LAB005,Kidney Function Test,Biochemistry,2025-09-15,2025-09-17,2025-09-19 10:00:00,58,Routine,Abnormal
LO102456,APP020872,PAT09124,DOC012,DEP005,FAC002,LAB005,Kidney Function Test,Biochemistry,2025-08-20,2025-08-20,2025-08-24 04:00:00,100,Routine,Normal
LO102461,APP012797,PAT00016,DOC015,DEP005,FAC005,LAB007,Urine Routine,Microbiology,2025-03-29,2025-03-29,2025-03-29 05:00:00,5,Routine,Normal
LO102465,APP013950,PAT06211,DOC023,DEP008,FAC003,LAB009,Chest X-Ray,Radiology,2025-05-17,2025-05-19,2025-05-22 00:00:00,72,Routine,Normal
LO102471,APP015542,PAT02814,DOC040,DEP003,FAC005,LAB006,Thyroid Profile,Immunology,2025-11-17,2025-11-18,2025-11-19 10:00:00,34,Routine,Normal
LO102473,APP046138,PAT05614,DOC030,DEP008,FAC005,LAB002,Blood Glucose,Biochemistry,2025-06-29,2025-07-01,2025-07-02 08:00:00,32,Routine,Normal
LO102474,APP041041,PAT03195,DOC018,DEP007,FAC003,LAB005,Kidney Function Test,Biochemistry,2025-06-25,2025-06-27,2025-06-27 16:00:00,16,Routine,Abnormal
LO102476,APP009916,PAT07174,DOC007,DEP002,FAC002,LAB008,Urine Culture,Microbiology,2025-06-27,2025-06-27,2025-06-27 22:00:00,22,Routine,Normal
LO102487,APP012459,PAT04193,DOC026,DEP008,FAC001,LAB004,Liver Function Test,Biochemistry,2025-04-08,2025-04-09,2025-04-13 15:00:00,111,Routine,Normal
LO102488,APP035124,PAT07223,DOC025,DEP007,FAC005,LAB008,Urine Culture,Microbiology,2025-08-07,2025-08-08,2025-08-11 12:00:00,84,Routine,Normal
LO102490,APP014573,PAT07515,DOC012,DEP005,FAC002,LAB015,Electrolytes Panel,Biochemistry,2025-06-17,2025-06-18,2025-06-21 18:00:00,90,Routine,Abnormal
LO102500,APP000802,PAT07535,DOC011,DEP003,FAC001,LAB013,COVID PCR,Molecular Diagnostics,2025-09-18,2025-09-18,2025-09-23 00:00:00,120,Routine,Normal
LO102501,APP002998,PAT00089,DOC007,DEP002,FAC002,LAB006,Thyroid Profile,Immunology,2025-12-22,2025-12-22,2025-12-22 11:00:00,11,Routine,Normal
LO102507,APP001328,PAT05170,DOC001,DEP001,FAC001,LAB001,Complete Blood Count,Hematology,2025-03-25,2025-03-27,2025-03-30 04:00:00,76,Routine,Abnormal
LO102508,APP025465,PAT09141,DOC036,DEP002,FAC001,LAB010,Ultrasound Abdomen,Radiology,2025-01-06,2025-01-06,2025-01-06 07:00:00,7,Routine,Abnormal
LO102511,APP001816,PAT06652,DOC027,DEP001,FAC002,LAB011,ECG,Cardiology Diagnostics,2025-12-31,2026-01-02,2026-01-02 19:00:00,19,Routine,Normal
LO102516,APP005282,PAT01954,DOC038,DEP005,FAC003,LAB006,Thyroid Profile,Immunology,2025-07-21,2025-07-22,2025-07-25 16:00:00,88,Routine,Abnormal
LO102527,APP049672,PAT00248,DOC034,DEP001,FAC004,LAB012,HbA1c,Biochemistry,2025-12-29,2025-12-30,2025-12-31 21:00:00,45,Routine,Normal
LO102531,APP016367,PAT04610,DOC018,DEP007,FAC003,LAB014,Blood Culture,Microbiology,2025-05-24,2025-05-24,2025-05-24 01:00:00,1,Routine,Normal
LO102548,APP040293,PAT08271,DOC032,DEP002,FAC002,LAB002,Blood Glucose,Biochemistry,2025-09-16,2025-09-17,2025-09-18 07:00:00,31,Routine,Normal
LO102552,APP013582,PAT01255,DOC005,DEP001,FAC005,LAB013,COVID PCR,Molecular Diagnostics,2025-07-08,2025-07-09,2025-07-11 01:00:00,49,Routine,Normal
LO102563,APP029071,PAT02808,DOC006,DEP002,FAC001,LAB013,COVID PCR,Molecular Diagnostics,2025-06-29,2025-07-01,2025-07-03 15:00:00,63,Routine,Normal
LO102566,APP003234,PAT02537,DOC010,DEP003,FAC005,LAB004,Liver Function Test,Biochemistry,2025-10-19,2025-10-21,2025-10-23 01:00:00,49,Routine,Normal
LO102567,APP037231,PAT05702,DOC032,DEP002,FAC002,LAB009,Chest X-Ray,Radiology,2025-06-17,2025-06-19,2025-06-23 08:00:00,104,Routine,Normal
LO102570,APP029257,PAT03291,DOC005,DEP001,FAC005,LAB011,ECG,Cardiology Diagnostics,2025-05-18,2025-05-20,2025-05-21 11:00:00,35,Routine,Normal
LO102571,APP017001,PAT09053,DOC022,DEP007,FAC002,LAB010,Ultrasound Abdomen,Radiology,2025-04-12,2025-04-14,2025-04-16 05:00:00,53,Urgent,Normal
LO102572,APP019064,PAT01248,DOC004,DEP001,FAC004,LAB014,Blood Culture,Microbiology,2025-07-14,2025-07-15,2025-07-17 09:00:00,57,Routine,Normal
LO102573,APP013616,PAT02349,DOC037,DEP005,FAC002,LAB007,Urine Routine,Microbiology,2025-07-02,2025-07-03,2025-07-06 23:00:00,95,Routine,Normal
LO102574,APP000305,PAT03523,DOC032,DEP002,FAC002,LAB015,Electrolytes Panel,Biochemistry,2025-04-25,2025-04-25,2025-04-25 23:00:00,23,Routine,Normal
LO102583,APP012619,PAT08911,DOC015,DEP005,FAC005,LAB013,COVID PCR,Molecular Diagnostics,2025-12-17,2025-12-18,2025-12-18 05:00:00,5,Routine,Normal
LO102586,APP028245,PAT07110,DOC034,DEP001,FAC004,LAB011,ECG,Cardiology Diagnostics,2025-04-25,2025-04-27,2025-04-29 13:00:00,61,Urgent,Normal
LO102595,APP049203,PAT09626,DOC007,DEP002,FAC002,LAB007,Urine Routine,Microbiology,2025-03-24,2025-03-25,2025-03-25 06:00:00,6,Routine,Normal
LO102596,APP006011,PAT02178,DOC036,DEP002,FAC001,LAB007,Urine Routine,Microbiology,2025-10-02,2025-10-02,2025-10-05 23:00:00,95,Routine,Normal
LO102611,APP016774,PAT06181,DOC027,DEP001,FAC002,LAB008,Urine Culture,Microbiology,2025-06-18,2025-06-18,2025-06-22 08:00:00,104,Routine,Normal
LO102613,APP029411,PAT09614,DOC010,DEP003,FAC005,LAB004,Liver Function Test,Biochemistry,2025-06-17,2025-06-19,2025-06-20 06:00:00,30,Urgent,Normal
LO102616,APP034559,PAT09887,DOC005,DEP001,FAC005,LAB009,Chest X-Ray,Radiology,2025-12-28,2025-12-28,2026-01-01 04:00:00,100,Urgent,Normal
LO102618,APP012052,PAT00979,DOC020,DEP006,FAC005,LAB008,Urine Culture,Microbiology,2025-05-03,2025-05-03,2025-05-07 04:00:00,100,Routine,Normal
LO102628,APP020721,PAT00170,DOC003,DEP001,FAC003,LAB007,Urine Routine,Microbiology,2025-11-24,2025-11-24,2025-11-26 07:00:00,55,Routine,Normal
LO102633,APP016972,PAT07774,DOC011,DEP003,FAC001,LAB010,Ultrasound Abdomen,Radiology,2025-07-25,2025-07-26,2025-07-27 23:00:00,47,Routine,Normal
LO102642,APP025081,PAT03612,DOC024,DEP006,FAC004,LAB006,Thyroid Profile,Immunology,2025-10-24,2025-10-25,2025-10-29 18:00:00,114,Routine,Normal
LO102645,APP033847,PAT05081,DOC023,DEP008,FAC003,LAB009,Chest X-Ray,Radiology,2025-04-02,2025-04-02,2025-04-04 03:00:00,51,Routine,Normal
LO102647,APP004355,PAT02460,DOC017,DEP006,FAC002,LAB015,Electrolytes Panel,Biochemistry,2025-09-13,2025-09-15,2025-09-18 17:00:00,89,Routine,Normal
LO102655,APP000122,PAT03479,DOC011,DEP003,FAC001,LAB005,Kidney Function Test,Biochemistry,2025-02-22,2025-02-23,2025-02-25 07:00:00,55,Routine,Normal
LO102660,APP046281,PAT06726,DOC016,DEP004,FAC001,LAB005,Kidney Function Test,Biochemistry,2025-11-20,2025-11-21,2025-11-22 12:00:00,36,Routine,Normal
LO102663,APP047661,PAT04829,DOC039,DEP002,FAC004,LAB013,COVID PCR,Molecular Diagnostics,2025-09-07,2025-09-09,2025-09-09 16:00:00,16,Routine,Normal
LO102667,APP033280,PAT07321,DOC022,DEP007,FAC002,LAB001,Complete Blood Count,Hematology,2025-02-27,2025-02-28,2025-03-02 07:00:00,55,Stat,Normal
LO102673,APP048649,PAT04975,DOC002,DEP001,FAC002,LAB009,Chest X-Ray,Radiology,2025-07-09,2025-07-09,2025-07-11 03:00:00,51,Urgent,Abnormal
LO102679,APP030529,PAT00089,DOC023,DEP008,FAC003,LAB006,Thyroid Profile,Immunology,2025-10-11,2025-10-13,2025-10-15 04:00:00,52,Routine,Normal
LO102684,APP022544,PAT07493,DOC003,DEP001,FAC003,LAB003,Lipid Profile,Biochemistry,2025-07-21,2025-07-22,2025-07-23 08:00:00,32,Routine,Normal
LO102685,APP005975,PAT07832,DOC036,DEP002,FAC001,LAB015,Electrolytes Panel,Biochemistry,2025-09-14,2025-09-15,2025-09-18 21:00:00,93,Routine,Normal
LO102692,APP006308,PAT00818,DOC015,DEP005,FAC005,LAB003,Lipid Profile,Biochemistry,2025-07-26,2025-07-26,2025-07-29 19:00:00,91,Routine,Normal
LO102713,APP031788,PAT08120,DOC032,DEP002,FAC002,LAB009,Chest X-Ray,Radiology,2025-10-04,2025-10-05,2025-10-07 10:00:00,58,Routine,Normal
LO102714,APP027148,PAT07485,DOC031,DEP001,FAC001,LAB006,Thyroid Profile,Immunology,2025-03-27,2025-03-29,2025-04-02 17:00:00,113,Urgent,Normal
LO102716,APP039662,PAT05861,DOC008,DEP003,FAC003,LAB015,Electrolytes Panel,Biochemistry,2025-07-23,2025-07-25,2025-07-28 22:00:00,94,Routine,Abnormal
LO102722,APP021117,PAT00705,DOC025,DEP007,FAC005,LAB012,HbA1c,Biochemistry,2025-09-03,2025-09-04,2025-09-07 07:00:00,79,Routine,Abnormal
LO102726,APP029519,PAT08185,DOC023,DEP008,FAC003,LAB013,COVID PCR,Molecular Diagnostics,2025-02-26,2025-02-27,2025-03-01 19:00:00,67,Routine,Normal
LO102748,APP000009,PAT09675,DOC031,DEP001,FAC001,LAB013,COVID PCR,Molecular Diagnostics,2025-08-12,2025-08-14,2025-08-18 01:00:00,97,Routine,Normal
LO102785,APP000658,PAT01624,DOC018,DEP007,FAC003,LAB013,COVID PCR,Molecular Diagnostics,2025-04-18,2025-04-20,2025-04-23 16:00:00,88,Routine,Normal
LO102786,APP004821,PAT09680,DOC034,DEP001,FAC004,LAB010,Ultrasound Abdomen,Radiology,2025-08-25,2025-08-25,2025-08-29 05:00:00,101,Routine,Normal
LO102793,APP031045,PAT03801,DOC018,DEP007,FAC003,LAB004,Liver Function Test,Biochemistry,2025-09-15,2025-09-16,2025-09-17 22:00:00,46,Routine,Abnormal
LO102795,APP012094,PAT08795,DOC025,DEP007,FAC005,LAB007,Urine Routine,Microbiology,2025-04-26,2025-04-26,2025-04-30 16:00:00,112,Routine,Normal
LO102804,APP045920,PAT05310,DOC002,DEP001,FAC002,LAB007,Urine Routine,Microbiology,2025-04-22,2025-04-22,2025-04-22 13:00:00,13,Routine,Abnormal
LO102810,APP038164,PAT09213,DOC036,DEP002,FAC001,LAB003,Lipid Profile,Biochemistry,2025-10-17,2025-10-18,2025-10-21 17:00:00,89,Routine,Normal
LO102811,APP020127,PAT01567,DOC006,DEP002,FAC001,LAB011,ECG,Cardiology Diagnostics,2025-05-22,2025-05-24,2025-05-28 21:00:00,117,Routine,Normal
LO102813,APP018195,PAT02092,DOC020,DEP006,FAC005,LAB007,Urine Routine,Microbiology,2025-06-30,2025-07-01,2025-07-02 06:00:00,30,Urgent,Normal
LO102814,APP002343,PAT05598,DOC013,DEP005,FAC003,LAB013,COVID PCR,Molecular Diagnostics,2025-10-04,2025-10-06,2025-10-08 12:00:00,60,Routine,Abnormal
LO102820,APP005207,PAT06348,DOC018,DEP007,FAC003,LAB011,ECG,Cardiology Diagnostics,2025-10-30,2025-11-01,2025-11-03 05:00:00,53,Routine,Normal
LO102823,APP022903,PAT07321,DOC035,DEP001,FAC005,LAB003,Lipid Profile,Biochemistry,2025-09-10,2025-09-11,2025-09-14 22:00:00,94,Routine,Normal
LO102824,APP004353,PAT05901,DOC026,DEP008,FAC001,LAB013,COVID PCR,Molecular Diagnostics,2025-08-15,2025-08-15,2025-08-18 09:00:00,81,Routine,Normal
LO102831,APP025181,PAT05660,DOC025,DEP007,FAC005,LAB008,Urine Culture,Microbiology,2025-06-01,2025-06-01,2025-06-05 08:00:00,104,Routine,Abnormal
LO102832,APP012000,PAT02460,DOC015,DEP005,FAC005,LAB015,Electrolytes Panel,Biochemistry,2025-06-21,2025-06-22,2025-06-25 06:00:00,78,Routine,Normal
LO102833,APP011654,PAT07638,DOC028,DEP001,FAC003,LAB007,Urine Routine,Microbiology,2025-12-02,2025-12-03,2025-12-06 12:00:00,84,Routine,Normal
LO102839,APP042084,PAT00466,DOC005,DEP001,FAC005,LAB008,Urine Culture,Microbiology,2025-10-25,2025-10-27,2025-10-29 09:00:00,57,Routine,Normal
LO102842,APP011572,PAT01531,DOC004,DEP001,FAC004,LAB015,Electrolytes Panel,Biochemistry,2025-12-11,2025-12-11,2025-12-15 17:00:00,113,Routine,Normal
LO102846,APP024529,PAT09508,DOC014,DEP004,FAC004,LAB004,Liver Function Test,Biochemistry,2025-06-09,2025-06-11,2025-06-12 00:00:00,24,Routine,Abnormal
LO102847,APP044403,PAT02639,DOC032,DEP002,FAC002,LAB004,Liver Function Test,Biochemistry,2025-08-02,2025-08-03,2025-08-07 08:00:00,104,Routine,Normal
LO102849,APP031265,PAT00795,DOC020,DEP006,FAC005,LAB010,Ultrasound Abdomen,Radiology,2025-03-09,2025-03-09,2025-03-10 15:00:00,39,Routine,Normal
LO102853,APP000607,PAT04063,DOC004,DEP001,FAC004,LAB015,Electrolytes Panel,Biochemistry,2025-06-01,2025-06-01,2025-06-04 10:00:00,82,Urgent,Normal
LO102871,APP006518,PAT04013,DOC029,DEP007,FAC004,LAB010,Ultrasound Abdomen,Radiology,2025-05-05,2025-05-07,2025-05-09 12:00:00,60,Routine,Normal
LO102875,APP029538,PAT04919,DOC027,DEP001,FAC002,LAB010,Ultrasound Abdomen,Radiology,2025-10-09,2025-10-11,2025-10-15 05:00:00,101,Routine,Normal
LO102886,APP037559,PAT00829,DOC016,DEP004,FAC001,LAB009,Chest X-Ray,Radiology,2025-06-10,2025-06-12,2025-06-15 11:00:00,83,Routine,Normal
LO102889,APP020819,PAT04275,DOC022,DEP007,FAC002,LAB013,COVID PCR,Molecular Diagnostics,2025-10-25,2025-10-27,2025-10-31 16:00:00,112,Routine,Critical
LO102899,APP029525,PAT02141,DOC030,DEP008,FAC005,LAB012,HbA1c,Biochemistry,2025-12-02,2025-12-04,2025-12-07 07:00:00,79,Routine,Abnormal
LO102905,APP032621,PAT09388,DOC009,DEP002,FAC004,LAB010,Ultrasound Abdomen,Radiology,2025-08-29,2025-08-29,2025-08-31 03:00:00,51,Urgent,Normal
LO102910,APP017120,PAT04831,DOC011,DEP003,FAC001,LAB011,ECG,Cardiology Diagnostics,2025-01-21,2025-01-22,2025-01-25 22:00:00,94,Routine,Normal
LO102912,APP023037,PAT06352,DOC013,DEP005,FAC003,LAB009,Chest X-Ray,Radiology,2025-09-01,2025-09-03,2025-09-07 12:00:00,108,Routine,Normal
LO102916,APP003868,PAT08590,DOC040,DEP003,FAC005,LAB013,COVID PCR,Molecular Diagnostics,2025-01-25,2025-01-25,2025-01-28 10:00:00,82,Stat,Normal
LO102917,APP023507,PAT05614,DOC033,DEP003,FAC003,LAB003,Lipid Profile,Biochemistry,2025-11-25,2025-11-26,2025-11-30 22:00:00,118,Routine,Normal
LO102918,APP014705,PAT08086,DOC027,DEP001,FAC002,LAB005,Kidney Function Test,Biochemistry,2025-05-25,2025-05-26,2025-05-29 09:00:00,81,Routine,Normal
LO102940,APP025157,PAT02999,DOC005,DEP001,FAC005,LAB004,Liver Function Test,Biochemistry,2025-04-24,2025-04-24,2025-04-26 04:00:00,52,Routine,Normal
LO102942,APP023022,PAT00876,DOC004,DEP001,FAC004,LAB006,Thyroid Profile,Immunology,2025-11-10,2025-11-12,2025-11-13 17:00:00,41,Routine,Critical
LO102943,APP033310,PAT08226,DOC011,DEP003,FAC001,LAB002,Blood Glucose,Biochemistry,2025-07-05,2025-07-05,2025-07-09 02:00:00,98,Routine,Normal
LO102944,APP026465,PAT01656,DOC040,DEP003,FAC005,LAB011,ECG,Cardiology Diagnostics,2025-06-08,2025-06-10,2025-06-10 22:00:00,22,Stat,Normal
LO102951,APP009630,PAT02999,DOC022,DEP007,FAC002,LAB008,Urine Culture,Microbiology,2025-05-30,2025-05-31,2025-06-04 07:00:00,103,Routine,Normal
LO102953,APP031419,PAT03882,DOC012,DEP005,FAC002,LAB012,HbA1c,Biochemistry,2025-12-28,2025-12-30,2026-01-02 22:00:00,94,Routine,Normal
LO102959,APP049981,PAT08547,DOC007,DEP002,FAC002,LAB007,Urine Routine,Microbiology,2025-04-20,2025-04-22,2025-04-24 21:00:00,69,Routine,Normal
LO102962,APP004324,PAT01098,DOC025,DEP007,FAC005,LAB005,Kidney Function Test,Biochemistry,2025-04-09,2025-04-09,2025-04-11 01:00:00,49,Routine,Normal
LO102965,APP002554,PAT05801,DOC023,DEP008,FAC003,LAB006,Thyroid Profile,Immunology,2025-09-25,2025-09-25,2025-09-28 17:00:00,89,Urgent,Critical
LO102969,APP007642,PAT04342,DOC005,DEP001,FAC005,LAB008,Urine Culture,Microbiology,2025-11-01,2025-11-01,2025-11-01 21:00:00,21,Routine,Abnormal
LO102970,APP048448,PAT03939,DOC015,DEP005,FAC005,LAB006,Thyroid Profile,Immunology,2025-11-08,2025-11-10,2025-11-14 10:00:00,106,Routine,Abnormal
LO102972,APP016902,PAT09458,DOC013,DEP005,FAC003,LAB011,ECG,Cardiology Diagnostics,2025-10-17,2025-10-17,2025-10-19 07:00:00,55,Routine,Normal
LO102974,APP029572,PAT09114,DOC026,DEP008,FAC001,LAB014,Blood Culture,Microbiology,2025-04-30,2025-04-30,2025-05-02 18:00:00,66,Routine,Normal
LO102975,APP040477,PAT05364,DOC015,DEP005,FAC005,LAB012,HbA1c,Biochemistry,2025-05-12,2025-05-13,2025-05-15 14:00:00,62,Routine,Critical
LO102980,APP043103,PAT05628,DOC020,DEP006,FAC005,LAB006,Thyroid Profile,Immunology,2025-07-27,2025-07-29,2025-08-02 07:00:00,103,Urgent,Normal
LO102981,APP009083,PAT04339,DOC039,DEP002,FAC004,LAB002,Blood Glucose,Biochemistry,2025-03-15,2025-03-17,2025-03-20 17:00:00,89,Routine,Normal
LO102984,APP041776,PAT03648,DOC015,DEP005,FAC005,LAB011,ECG,Cardiology Diagnostics,2025-09-06,2025-09-06,2025-09-07 03:00:00,27,Routine,Normal
LO102999,APP031340,PAT02070,DOC023,DEP008,FAC003,LAB014,Blood Culture,Microbiology,2025-02-09,2025-02-11,2025-02-11 04:00:00,4,Routine,Normal
LO103000,APP015015,PAT02993,DOC017,DEP006,FAC002,LAB010,Ultrasound Abdomen,Radiology,2025-02-10,2025-02-11,2025-02-12 11:00:00,35,Urgent,Normal
LO103005,APP026040,PAT08730,DOC009,DEP002,FAC004,LAB014,Blood Culture,Microbiology,2025-07-30,2025-08-01,2025-08-01 01:00:00,1,Routine,Normal
LO103010,APP003761,PAT02003,DOC006,DEP002,FAC001,LAB006,Thyroid Profile,Immunology,2025-05-24,2025-05-24,2025-05-25 13:00:00,37,Routine,Normal
LO103018,APP030434,PAT00903,DOC023,DEP008,FAC003,LAB008,Urine Culture,Microbiology,2025-01-10,2025-01-10,2025-01-13 00:00:00,72,Routine,Normal
LO103025,APP043142,PAT04924,DOC002,DEP001,FAC002,LAB009,Chest X-Ray,Radiology,2025-10-18,2025-10-19,2025-10-23 07:00:00,103,Routine,Normal
LO103026,APP003992,PAT02479,DOC029,DEP007,FAC004,LAB010,Ultrasound Abdomen,Radiology,2025-09-30,2025-10-01,2025-10-02 07:00:00,31,Routine,Normal
LO103030,APP046203,PAT09469,DOC036,DEP002,FAC001,LAB011,ECG,Cardiology Diagnostics,2025-10-26,2025-10-27,2025-10-27 13:00:00,13,Urgent,Normal
LO103035,APP021157,PAT07811,DOC002,DEP001,FAC002,LAB013,COVID PCR,Molecular Diagnostics,2025-06-06,2025-06-07,2025-06-10 04:00:00,76,Urgent,Abnormal
LO103038,APP029879,PAT00922,DOC024,DEP006,FAC004,LAB011,ECG,Cardiology Diagnostics,2025-06-29,2025-07-01,2025-07-04 21:00:00,93,Routine,Normal
LO103044,APP049946,PAT05894,DOC026,DEP008,FAC001,LAB002,Blood Glucose,Biochemistry,2025-03-13,2025-03-14,2025-03-18 12:00:00,108,Routine,Abnormal
LO103048,APP028796,PAT02996,DOC035,DEP001,FAC005,LAB013,COVID PCR,Molecular Diagnostics,2025-04-26,2025-04-26,2025-04-28 12:00:00,60,Routine,Normal
LO103050,APP017759,PAT09988,DOC007,DEP002,FAC002,LAB010,Ultrasound Abdomen,Radiology,2025-11-07,2025-11-07,2025-11-08 18:00:00,42,Routine,Normal
LO103052,APP006636,PAT06097,DOC034,DEP001,FAC004,LAB007,Urine Routine,Microbiology,2025-12-15,2025-12-15,2025-12-17 23:00:00,71,Urgent,Normal
LO103062,APP021880,PAT04302,DOC007,DEP002,FAC002,LAB012,HbA1c,Biochemistry,2025-03-06,2025-03-06,2025-03-08 05:00:00,53,Routine,Critical
LO103070,APP039751,PAT04025,DOC005,DEP001,FAC005,LAB001,Complete Blood Count,Hematology,2025-11-03,2025-11-03,2025-11-07 15:00:00,111,Urgent,Normal
LO103072,APP029401,PAT01651,DOC003,DEP001,FAC003,LAB011,ECG,Cardiology Diagnostics,2025-11-03,2025-11-05,2025-11-06 16:00:00,40,Routine,Normal
LO103074,APP008741,PAT03426,DOC027,DEP001,FAC002,LAB012,HbA1c,Biochemistry,2025-03-17,2025-03-17,2025-03-19 21:00:00,69,Routine,Normal
LO103084,APP042268,PAT02457,DOC035,DEP001,FAC005,LAB005,Kidney Function Test,Biochemistry,2025-08-06,2025-08-06,2025-08-07 17:00:00,41,Routine,Abnormal
LO103092,APP035074,PAT08369,DOC013,DEP005,FAC003,LAB006,Thyroid Profile,Immunology,2025-06-10,2025-06-11,2025-06-14 07:00:00,79,Routine,Normal
LO103093,APP040891,PAT09261,DOC021,DEP005,FAC001,LAB015,Electrolytes Panel,Biochemistry,2025-12-21,2025-12-22,2025-12-26 19:00:00,115,Urgent,Normal
LO103096,APP049122,PAT04005,DOC003,DEP001,FAC003,LAB001,Complete Blood Count,Hematology,2025-08-05,2025-08-07,2025-08-09 21:00:00,69,Routine,Normal
LO103097,APP032545,PAT02426,DOC027,DEP001,FAC002,LAB007,Urine Routine,Microbiology,2025-11-27,2025-11-29,2025-11-30 02:00:00,26,Routine,Normal
LO103106,APP002640,PAT04897,DOC026,DEP008,FAC001,LAB009,Chest X-Ray,Radiology,2025-05-30,2025-05-30,2025-06-01 13:00:00,61,Routine,Normal
LO103109,APP027137,PAT09101,DOC011,DEP003,FAC001,LAB013,COVID PCR,Molecular Diagnostics,2025-04-11,2025-04-12,2025-04-13 15:00:00,39,Routine,Normal
LO103111,APP013804,PAT08701,DOC009,DEP002,FAC004,LAB004,Liver Function Test,Biochemistry,2025-01-07,2025-01-08,2025-01-09 10:00:00,34,Routine,Abnormal
LO103118,APP046784,PAT03895,DOC008,DEP003,FAC003,LAB014,Blood Culture,Microbiology,2025-04-05,2025-04-05,2025-04-09 21:00:00,117,Routine,Normal
LO103119,APP017264,PAT08399,DOC015,DEP005,FAC005,LAB001,Complete Blood Count,Hematology,2025-09-08,2025-09-10,2025-09-13 14:00:00,86,Routine,Normal
LO103125,APP045648,PAT04014,DOC039,DEP002,FAC004,LAB013,COVID PCR,Molecular Diagnostics,2025-04-24,2025-04-26,2025-04-30 03:00:00,99,Routine,Normal
LO103130,APP014141,PAT09159,DOC036,DEP002,FAC001,LAB006,Thyroid Profile,Immunology,2025-04-27,2025-04-27,2025-04-27 06:00:00,6,Routine,Normal
LO103131,APP008168,PAT03729,DOC021,DEP005,FAC001,LAB012,HbA1c,Biochemistry,2025-03-19,2025-03-21,2025-03-21 07:00:00,7,Routine,Normal
LO103138,APP011839,PAT01587,DOC028,DEP001,FAC003,LAB009,Chest X-Ray,Radiology,2025-10-27,2025-10-28,2025-10-30 11:00:00,59,Routine,Normal
LO103151,APP010742,PAT04685,DOC028,DEP001,FAC003,LAB007,Urine Routine,Microbiology,2025-06-08,2025-06-08,2025-06-12 03:00:00,99,Routine,Normal
LO103157,APP040526,PAT00388,DOC040,DEP003,FAC005,LAB004,Liver Function Test,Biochemistry,2025-03-22,2025-03-23,2025-03-24 21:00:00,45,Routine,Normal
LO103159,APP036310,PAT05050,DOC017,DEP006,FAC002,LAB011,ECG,Cardiology Diagnostics,2025-02-24,2025-02-24,2025-02-27 11:00:00,83,Routine,Normal
LO103162,APP021098,PAT08661,DOC036,DEP002,FAC001,LAB015,Electrolytes Panel,Biochemistry,2025-12-02,2025-12-03,2025-12-05 04:00:00,52,Routine,Abnormal
LO103165,APP013194,PAT08635,DOC037,DEP005,FAC002,LAB008,Urine Culture,Microbiology,2025-03-02,2025-03-04,2025-03-05 06:00:00,30,Urgent,Normal
LO103167,APP008042,PAT02110,DOC010,DEP003,FAC005,LAB004,Liver Function Test,Biochemistry,2025-12-21,2025-12-23,2025-12-23 19:00:00,19,Routine,Normal
LO103176,APP016662,PAT06254,DOC003,DEP001,FAC003,LAB004,Liver Function Test,Biochemistry,2025-07-12,2025-07-12,2025-07-13 00:00:00,24,Routine,Critical
LO103184,APP013420,PAT05986,DOC030,DEP008,FAC005,LAB002,Blood Glucose,Biochemistry,2025-10-03,2025-10-03,2025-10-06 18:00:00,90,Routine,Abnormal
LO103187,APP034650,PAT03617,DOC018,DEP007,FAC003,LAB003,Lipid Profile,Biochemistry,2025-01-16,2025-01-16,2025-01-20 14:00:00,110,Routine,Normal
LO103190,APP047385,PAT00328,DOC023,DEP008,FAC003,LAB008,Urine Culture,Microbiology,2025-08-05,2025-08-07,2025-08-10 08:00:00,80,Routine,Abnormal
LO103196,APP017849,PAT09484,DOC018,DEP007,FAC003,LAB010,Ultrasound Abdomen,Radiology,2025-09-18,2025-09-20,2025-09-21 13:00:00,37,Routine,Abnormal
LO103198,APP015457,PAT02299,DOC025,DEP007,FAC005,LAB004,Liver Function Test,Biochemistry,2025-02-22,2025-02-22,2025-02-23 21:00:00,45,Routine,Normal
LO103199,APP006823,PAT07915,DOC009,DEP002,FAC004,LAB001,Complete Blood Count,Hematology,2025-06-04,2025-06-05,2025-06-05 14:00:00,14,Routine,Normal
LO103201,APP002509,PAT02348,DOC036,DEP002,FAC001,LAB003,Lipid Profile,Biochemistry,2025-11-06,2025-11-06,2025-11-08 05:00:00,53,Routine,Normal
LO103206,APP028558,PAT05748,DOC015,DEP005,FAC005,LAB003,Lipid Profile,Biochemistry,2025-11-12,2025-11-12,2025-11-16 12:00:00,108,Routine,Normal
LO103212,APP002406,PAT04352,DOC011,DEP003,FAC001,LAB004,Liver Function Test,Biochemistry,2025-02-06,2025-02-07,2025-02-09 11:00:00,59,Routine,Normal
LO103217,APP049619,PAT04343,DOC034,DEP001,FAC004,LAB001,Complete Blood Count,Hematology,2025-07-23,2025-07-23,2025-07-26 16:00:00,88,Routine,Normal
LO103219,APP010600,PAT06052,DOC039,DEP002,FAC004,LAB014,Blood Culture,Microbiology,2025-06-08,2025-06-08,2025-06-08 06:00:00,6,Routine,Normal
LO103224,APP048574,PAT00380,DOC006,DEP002,FAC001,LAB009,Chest X-Ray,Radiology,2025-11-20,2025-11-22,2025-11-24 09:00:00,57,Routine,Normal
LO103227,APP016457,PAT09190,DOC003,DEP001,FAC003,LAB002,Blood Glucose,Biochemistry,2025-01-20,2025-01-22,2025-01-23 03:00:00,27,Routine,Normal
LO103229,APP043077,PAT01979,DOC039,DEP002,FAC004,LAB012,HbA1c,Biochemistry,2025-06-11,2025-06-13,2025-06-16 16:00:00,88,Routine,Normal
LO103235,APP018215,PAT08621,DOC013,DEP005,FAC003,LAB007,Urine Routine,Microbiology,2025-07-07,2025-07-09,2025-07-11 23:00:00,71,Routine,Normal
LO103240,APP005513,PAT03959,DOC032,DEP002,FAC002,LAB015,Electrolytes Panel,Biochemistry,2025-03-09,2025-03-11,2025-03-13 12:00:00,60,Routine,Abnormal
LO103241,APP019971,PAT02185,DOC030,DEP008,FAC005,LAB012,HbA1c,Biochemistry,2025-03-05,2025-03-06,2025-03-06 20:00:00,20,Urgent,Normal
LO103246,APP030338,PAT05174,DOC026,DEP008,FAC001,LAB010,Ultrasound Abdomen,Radiology,2025-11-03,2025-11-05,2025-11-06 11:00:00,35,Routine,Abnormal
LO103255,APP049351,PAT08331,DOC002,DEP001,FAC002,LAB008,Urine Culture,Microbiology,2025-02-18,2025-02-20,2025-02-22 03:00:00,51,Routine,Abnormal
LO103263,APP017283,PAT04844,DOC017,DEP006,FAC002,LAB014,Blood Culture,Microbiology,2025-11-07,2025-11-08,2025-11-12 16:00:00,112,Routine,Normal
LO103268,APP013878,PAT00051,DOC017,DEP006,FAC002,LAB005,Kidney Function Test,Biochemistry,2025-03-12,2025-03-12,2025-03-14 08:00:00,56,Routine,Normal
LO103271,APP032882,PAT02358,DOC036,DEP002,FAC001,LAB008,Urine Culture,Microbiology,2025-01-14,2025-01-14,2025-01-15 10:00:00,34,Routine,Normal
LO103272,APP039695,PAT02068,DOC014,DEP004,FAC004,LAB012,HbA1c,Biochemistry,2025-02-10,2025-02-11,2025-02-13 11:00:00,59,Routine,Normal
LO103273,APP013145,PAT06804,DOC014,DEP004,FAC004,LAB003,Lipid Profile,Biochemistry,2025-12-23,2025-12-24,2025-12-27 09:00:00,81,Routine,Normal
LO103285,APP007922,PAT03888,DOC033,DEP003,FAC003,LAB006,Thyroid Profile,Immunology,2025-04-26,2025-04-26,2025-04-29 05:00:00,77,Routine,Normal
LO103288,APP019061,PAT03661,DOC018,DEP007,FAC003,LAB010,Ultrasound Abdomen,Radiology,2025-03-05,2025-03-07,2025-03-11 02:00:00,98,Routine,Normal
LO103296,APP044791,PAT05730,DOC038,DEP005,FAC003,LAB010,Ultrasound Abdomen,Radiology,2025-03-04,2025-03-05,2025-03-09 06:00:00,102,Routine,Normal
LO103298,APP012066,PAT02456,DOC013,DEP005,FAC003,LAB002,Blood Glucose,Biochemistry,2025-11-22,2025-11-23,2025-11-25 15:00:00,63,Routine,Normal
LO103299,APP015496,PAT03796,DOC029,DEP007,FAC004,LAB005,Kidney Function Test,Biochemistry,2025-06-10,2025-06-12,2025-06-16 05:00:00,101,Routine,Normal
LO103300,APP032499,PAT04030,DOC029,DEP007,FAC004,LAB008,Urine Culture,Microbiology,2025-04-12,2025-04-12,2025-04-12 19:00:00,19,Stat,Normal
LO103301,APP019060,PAT01745,DOC004,DEP001,FAC004,LAB012,HbA1c,Biochemistry,2025-01-12,2025-01-14,2025-01-15 19:00:00,43,Routine,Normal
LO103304,APP009872,PAT07924,DOC025,DEP007,FAC005,LAB010,Ultrasound Abdomen,Radiology,2025-08-13,2025-08-14,2025-08-14 21:00:00,21,Routine,Normal
LO103316,APP009460,PAT00169,DOC035,DEP001,FAC005,LAB005,Kidney Function Test,Biochemistry,2025-01-28,2025-01-28,2025-01-29 00:00:00,24,Routine,Normal
LO103324,APP011414,PAT02994,DOC035,DEP001,FAC005,LAB014,Blood Culture,Microbiology,2025-06-09,2025-06-11,2025-06-13 06:00:00,54,Routine,Abnormal
LO103325,APP003828,PAT08497,DOC026,DEP008,FAC001,LAB011,ECG,Cardiology Diagnostics,2025-03-02,2025-03-02,2025-03-03 15:00:00,39,Urgent,Abnormal
LO103329,APP032319,PAT04904,DOC026,DEP008,FAC001,LAB008,Urine Culture,Microbiology,2025-05-22,2025-05-24,2025-05-25 05:00:00,29,Routine,Normal
LO103333,APP006170,PAT02520,DOC030,DEP008,FAC005,LAB006,Thyroid Profile,Immunology,2025-07-20,2025-07-22,2025-07-25 08:00:00,80,Routine,Abnormal
LO103334,APP038366,PAT00840,DOC018,DEP007,FAC003,LAB013,COVID PCR,Molecular Diagnostics,2025-10-12,2025-10-12,2025-10-13 19:00:00,43,Routine,Normal
LO103338,APP012101,PAT02857,DOC036,DEP002,FAC001,LAB013,COVID PCR,Molecular Diagnostics,2025-06-28,2025-06-28,2025-06-29 12:00:00,36,Routine,Normal
LO103340,APP018165,PAT08795,DOC018,DEP007,FAC003,LAB007,Urine Routine,Microbiology,2025-09-07,2025-09-08,2025-09-10 18:00:00,66,Routine,Normal
LO103345,APP022176,PAT03406,DOC002,DEP001,FAC002,LAB012,HbA1c,Biochemistry,2025-10-06,2025-10-08,2025-10-09 14:00:00,38,Routine,Normal
LO103354,APP021562,PAT01724,DOC036,DEP002,FAC001,LAB005,Kidney Function Test,Biochemistry,2025-08-20,2025-08-22,2025-08-25 23:00:00,95,Routine,Normal
LO103360,APP010800,PAT00915,DOC032,DEP002,FAC002,LAB012,HbA1c,Biochemistry,2025-03-20,2025-03-21,2025-03-24 21:00:00,93,Routine,Normal
LO103362,APP009607,PAT08299,DOC011,DEP003,FAC001,LAB012,HbA1c,Biochemistry,2025-10-04,2025-10-06,2025-10-10 03:00:00,99,Stat,Normal
LO103365,APP044395,PAT04408,DOC021,DEP005,FAC001,LAB001,Complete Blood Count,Hematology,2025-01-13,2025-01-13,2025-01-13 15:00:00,15,Routine,Normal
LO103371,APP026674,PAT07014,DOC029,DEP007,FAC004,LAB010,Ultrasound Abdomen,Radiology,2025-03-16,2025-03-17,2025-03-20 05:00:00,77,Urgent,Normal
LO103376,APP020543,PAT01796,DOC013,DEP005,FAC003,LAB002,Blood Glucose,Biochemistry,2025-03-01,2025-03-03,2025-03-03 02:00:00,2,Urgent,Critical
LO103377,APP042487,PAT04654,DOC012,DEP005,FAC002,LAB008,Urine Culture,Microbiology,2025-05-11,2025-05-12,2025-05-13 10:00:00,34,Routine,Normal
LO103381,APP046413,PAT02381,DOC032,DEP002,FAC002,LAB010,Ultrasound Abdomen,Radiology,2025-10-05,2025-10-05,2025-10-05 04:00:00,4,Routine,Normal
LO103382,APP044179,PAT01237,DOC020,DEP006,FAC005,LAB005,Kidney Function Test,Biochemistry,2025-07-07,2025-07-07,2025-07-11 23:00:00,119,Routine,Normal
LO103389,APP010192,PAT08952,DOC037,DEP005,FAC002,LAB006,Thyroid Profile,Immunology,2025-07-14,2025-07-15,2025-07-17 02:00:00,50,Routine,Normal
LO103394,APP003538,PAT08518,DOC025,DEP007,FAC005,LAB004,Liver Function Test,Biochemistry,2025-09-18,2025-09-20,2025-09-21 08:00:00,32,Stat,Abnormal
LO103395,APP047113,PAT02885,DOC038,DEP005,FAC003,LAB015,Electrolytes Panel,Biochemistry,2025-02-25,2025-02-26,2025-02-27 07:00:00,31,Routine,Normal
LO103397,APP011399,PAT03326,DOC015,DEP005,FAC005,LAB014,Blood Culture,Microbiology,2025-04-06,2025-04-08,2025-04-11 13:00:00,85,Routine,Normal
LO103398,APP046009,PAT02215,DOC016,DEP004,FAC001,LAB011,ECG,Cardiology Diagnostics,2025-06-01,2025-06-01,2025-06-02 19:00:00,43,Routine,Normal
LO103404,APP041215,PAT01086,DOC019,DEP005,FAC004,LAB005,Kidney Function Test,Biochemistry,2025-02-05,2025-02-06,2025-02-10 05:00:00,101,Routine,Normal
LO103415,APP030425,PAT01945,DOC023,DEP008,FAC003,LAB002,Blood Glucose,Biochemistry,2025-11-24,2025-11-25,2025-11-26 16:00:00,40,Urgent,Normal
LO103424,APP036905,PAT05465,DOC032,DEP002,FAC002,LAB001,Complete Blood Count,Hematology,2025-07-12,2025-07-12,2025-07-14 23:00:00,71,Stat,Normal
LO103425,APP020621,PAT01226,DOC021,DEP005,FAC001,LAB010,Ultrasound Abdomen,Radiology,2025-02-08,2025-02-09,2025-02-11 14:00:00,62,Routine,Normal
LO103426,APP030480,PAT06827,DOC002,DEP001,FAC002,LAB007,Urine Routine,Microbiology,2025-10-19,2025-10-21,2025-10-22 09:00:00,33,Routine,Normal
LO103428,APP020908,PAT04654,DOC008,DEP003,FAC003,LAB005,Kidney Function Test,Biochemistry,2025-10-30,2025-11-01,2025-11-01 18:00:00,18,Stat,Normal
LO103446,APP041652,PAT00519,DOC022,DEP007,FAC002,LAB007,Urine Routine,Microbiology,2025-09-23,2025-09-25,2025-09-28 20:00:00,92,Routine,Normal
LO103450,APP001851,PAT06713,DOC030,DEP008,FAC005,LAB012,HbA1c,Biochemistry,2025-06-15,2025-06-16,2025-06-18 13:00:00,61,Routine,Normal
LO103458,APP000394,PAT03315,DOC012,DEP005,FAC002,LAB014,Blood Culture,Microbiology,2025-10-06,2025-10-08,2025-10-10 23:00:00,71,Routine,Normal
LO103462,APP047847,PAT00304,DOC007,DEP002,FAC002,LAB004,Liver Function Test,Biochemistry,2025-02-07,2025-02-07,2025-02-08 22:00:00,46,Routine,Normal
LO103482,APP016088,PAT00536,DOC007,DEP002,FAC002,LAB003,Lipid Profile,Biochemistry,2025-05-11,2025-05-13,2025-05-15 03:00:00,51,Routine,Normal
LO103485,APP046131,PAT05272,DOC034,DEP001,FAC004,LAB003,Lipid Profile,Biochemistry,2025-10-27,2025-10-28,2025-10-31 03:00:00,75,Routine,Normal
LO103488,APP018254,PAT01576,DOC040,DEP003,FAC005,LAB010,Ultrasound Abdomen,Radiology,2025-05-06,2025-05-07,2025-05-10 17:00:00,89,Routine,Normal
LO103494,APP034693,PAT00677,DOC039,DEP002,FAC004,LAB012,HbA1c,Biochemistry,2025-09-22,2025-09-23,2025-09-25 19:00:00,67,Routine,Abnormal
LO103497,APP047400,PAT04375,DOC012,DEP005,FAC002,LAB007,Urine Routine,Microbiology,2025-05-06,2025-05-06,2025-05-06 15:00:00,15,Routine,Normal
LO103500,APP008126,PAT01685,DOC004,DEP001,FAC004,LAB015,Electrolytes Panel,Biochemistry,2025-05-09,2025-05-10,2025-05-13 15:00:00,87,Routine,Normal
LO103502,APP009695,PAT09954,DOC012,DEP005,FAC002,LAB005,Kidney Function Test,Biochemistry,2025-07-12,2025-07-13,2025-07-16 11:00:00,83,Routine,Normal
LO103504,APP019543,PAT07169,DOC004,DEP001,FAC004,LAB013,COVID PCR,Molecular Diagnostics,2025-11-18,2025-11-20,2025-11-24 11:00:00,107,Routine,Normal
LO103510,APP031938,PAT03214,DOC025,DEP007,FAC005,LAB007,Urine Routine,Microbiology,2025-10-13,2025-10-14,2025-10-18 01:00:00,97,Routine,Abnormal
LO103517,APP039811,PAT05218,DOC024,DEP006,FAC004,LAB008,Urine Culture,Microbiology,2025-12-13,2025-12-13,2025-12-16 22:00:00,94,Routine,Normal
LO103527,APP034626,PAT09218,DOC024,DEP006,FAC004,LAB010,Ultrasound Abdomen,Radiology,2025-08-05,2025-08-06,2025-08-10 04:00:00,100,Urgent,Normal
LO103529,APP010886,PAT05909,DOC030,DEP008,FAC005,LAB012,HbA1c,Biochemistry,2025-09-01,2025-09-01,2025-09-02 11:00:00,35,Routine,Abnormal
LO103549,APP003496,PAT05909,DOC013,DEP005,FAC003,LAB004,Liver Function Test,Biochemistry,2025-04-20,2025-04-20,2025-04-24 01:00:00,97,Routine,Normal
LO103558,APP042858,PAT04829,DOC025,DEP007,FAC005,LAB009,Chest X-Ray,Radiology,2025-03-14,2025-03-16,2025-03-19 18:00:00,90,Routine,Abnormal
LO103562,APP041476,PAT03380,DOC032,DEP002,FAC002,LAB004,Liver Function Test,Biochemistry,2025-12-02,2025-12-03,2025-12-06 20:00:00,92,Routine,Normal
LO103566,APP002479,PAT00773,DOC007,DEP002,FAC002,LAB002,Blood Glucose,Biochemistry,2025-08-25,2025-08-27,2025-08-27 04:00:00,4,Routine,Normal
LO103568,APP001625,PAT01369,DOC011,DEP003,FAC001,LAB015,Electrolytes Panel,Biochemistry,2025-09-17,2025-09-17,2025-09-17 17:00:00,17,Routine,Normal
LO103573,APP032287,PAT02376,DOC038,DEP005,FAC003,LAB005,Kidney Function Test,Biochemistry,2025-06-10,2025-06-12,2025-06-16 06:00:00,102,Routine,Normal
LO103581,APP038396,PAT03590,DOC016,DEP004,FAC001,LAB004,Liver Function Test,Biochemistry,2025-04-07,2025-04-08,2025-04-11 05:00:00,77,Routine,Normal
LO103582,APP031200,PAT05614,DOC034,DEP001,FAC004,LAB004,Liver Function Test,Biochemistry,2025-01-29,2025-01-29,2025-01-29 11:00:00,11,Routine,Critical
LO103583,APP017470,PAT03922,DOC019,DEP005,FAC004,LAB014,Blood Culture,Microbiology,2025-12-03,2025-12-04,2025-12-08 07:00:00,103,Routine,Normal
LO103584,APP047465,PAT05921,DOC004,DEP001,FAC004,LAB015,Electrolytes Panel,Biochemistry,2025-07-11,2025-07-11,2025-07-11 21:00:00,21,Routine,Normal
LO103586,APP012842,PAT07334,DOC018,DEP007,FAC003,LAB003,Lipid Profile,Biochemistry,2025-02-27,2025-02-27,2025-03-01 14:00:00,62,Routine,Abnormal
LO103598,APP012051,PAT00374,DOC034,DEP001,FAC004,LAB011,ECG,Cardiology Diagnostics,2025-10-24,2025-10-24,2025-10-28 13:00:00,109,Routine,Normal
LO103600,APP024944,PAT02215,DOC026,DEP008,FAC001,LAB010,Ultrasound Abdomen,Radiology,2025-11-04,2025-11-05,2025-11-06 13:00:00,37,Routine,Normal
LO103604,APP019240,PAT05013,DOC011,DEP003,FAC001,LAB001,Complete Blood Count,Hematology,2025-09-14,2025-09-16,2025-09-19 08:00:00,80,Routine,Normal
LO103611,APP042174,PAT04099,DOC020,DEP006,FAC005,LAB013,COVID PCR,Molecular Diagnostics,2025-01-28,2025-01-28,2025-01-30 11:00:00,59,Routine,Normal
LO103612,APP012837,PAT09442,DOC002,DEP001,FAC002,LAB007,Urine Routine,Microbiology,2025-03-25,2025-03-25,2025-03-29 09:00:00,105,Routine,Normal
LO103621,APP021198,PAT00539,DOC021,DEP005,FAC001,LAB005,Kidney Function Test,Biochemistry,2025-06-18,2025-06-19,2025-06-20 23:00:00,47,Routine,Normal
LO103623,APP008510,PAT05401,DOC031,DEP001,FAC001,LAB007,Urine Routine,Microbiology,2025-03-27,2025-03-27,2025-03-29 22:00:00,70,Routine,Normal
LO103626,APP033004,PAT07692,DOC001,DEP001,FAC001,LAB007,Urine Routine,Microbiology,2025-07-02,2025-07-03,2025-07-04 23:00:00,47,Urgent,Normal
LO103627,APP008567,PAT02151,DOC011,DEP003,FAC001,LAB015,Electrolytes Panel,Biochemistry,2025-07-26,2025-07-26,2025-07-27 05:00:00,29,Routine,Normal
LO103633,APP007552,PAT00430,DOC009,DEP002,FAC004,LAB005,Kidney Function Test,Biochemistry,2025-08-11,2025-08-11,2025-08-15 19:00:00,115,Routine,Normal
LO103634,APP022724,PAT03680,DOC032,DEP002,FAC002,LAB001,Complete Blood Count,Hematology,2025-04-13,2025-04-15,2025-04-16 12:00:00,36,Routine,Normal
LO103638,APP025413,PAT06349,DOC031,DEP001,FAC001,LAB002,Blood Glucose,Biochemistry,2025-05-11,2025-05-11,2025-05-13 18:00:00,66,Routine,Normal
LO103646,APP041501,PAT01749,DOC039,DEP002,FAC004,LAB011,ECG,Cardiology Diagnostics,2025-07-06,2025-07-08,2025-07-09 01:00:00,25,Routine,Normal
LO103648,APP034107,PAT03155,DOC024,DEP006,FAC004,LAB013,COVID PCR,Molecular Diagnostics,2025-02-20,2025-02-21,2025-02-21 23:00:00,23,Routine,Abnormal
LO103656,APP028438,PAT00114,DOC020,DEP006,FAC005,LAB008,Urine Culture,Microbiology,2025-06-03,2025-06-03,2025-06-06 19:00:00,91,Urgent,Normal
LO103662,APP038276,PAT05861,DOC013,DEP005,FAC003,LAB002,Blood Glucose,Biochemistry,2025-01-06,2025-01-06,2025-01-09 03:00:00,75,Routine,Normal
LO103670,APP044967,PAT06352,DOC035,DEP001,FAC005,LAB002,Blood Glucose,Biochemistry,2025-10-31,2025-11-02,2025-11-04 03:00:00,51,Routine,Normal
LO103671,APP041914,PAT07064,DOC038,DEP005,FAC003,LAB003,Lipid Profile,Biochemistry,2025-12-21,2025-12-23,2025-12-27 04:00:00,100,Routine,Normal
LO103673,APP004024,PAT02944,DOC030,DEP008,FAC005,LAB010,Ultrasound Abdomen,Radiology,2025-10-21,2025-10-21,2025-10-24 09:00:00,81,Routine,Normal
LO103680,APP045550,PAT03088,DOC027,DEP001,FAC002,LAB014,Blood Culture,Microbiology,2025-04-23,2025-04-25,2025-04-30 00:00:00,120,Urgent,Normal
LO103688,APP037896,PAT00411,DOC037,DEP005,FAC002,LAB008,Urine Culture,Microbiology,2025-11-30,2025-12-02,2025-12-05 20:00:00,92,Routine,Critical
LO103690,APP019877,PAT09386,DOC002,DEP001,FAC002,LAB004,Liver Function Test,Biochemistry,2025-03-20,2025-03-20,2025-03-22 07:00:00,55,Routine,Normal
LO103693,APP044029,PAT02035,DOC034,DEP001,FAC004,LAB007,Urine Routine,Microbiology,2025-08-05,2025-08-07,2025-08-10 03:00:00,75,Routine,Normal
LO103695,APP011405,PAT02877,DOC006,DEP002,FAC001,LAB002,Blood Glucose,Biochemistry,2025-04-16,2025-04-16,2025-04-17 02:00:00,26,Urgent,Normal
LO103700,APP049385,PAT09459,DOC035,DEP001,FAC005,LAB002,Blood Glucose,Biochemistry,2025-07-27,2025-07-27,2025-07-27 20:00:00,20,Routine,Normal
LO103702,APP015841,PAT05728,DOC008,DEP003,FAC003,LAB009,Chest X-Ray,Radiology,2025-06-13,2025-06-14,2025-06-18 23:00:00,119,Routine,Normal
LO103703,APP047985,PAT07920,DOC002,DEP001,FAC002,LAB003,Lipid Profile,Biochemistry,2025-03-14,2025-03-15,2025-03-17 04:00:00,52,Routine,Normal
LO103710,APP034388,PAT06352,DOC022,DEP007,FAC002,LAB014,Blood Culture,Microbiology,2025-06-28,2025-06-28,2025-06-28 01:00:00,1,Routine,Normal
LO103720,APP042500,PAT02859,DOC018,DEP007,FAC003,LAB014,Blood Culture,Microbiology,2025-08-29,2025-08-29,2025-09-01 12:00:00,84,Routine,Normal
LO103724,APP019688,PAT04465,DOC016,DEP004,FAC001,LAB014,Blood Culture,Microbiology,2025-07-15,2025-07-15,2025-07-19 03:00:00,99,Routine,Normal
LO103726,APP047840,PAT03370,DOC027,DEP001,FAC002,LAB012,HbA1c,Biochemistry,2025-07-27,2025-07-28,2025-07-30 11:00:00,59,Routine,Normal
LO103729,APP038881,PAT07965,DOC004,DEP001,FAC004,LAB004,Liver Function Test,Biochemistry,2025-11-02,2025-11-02,2025-11-02 05:00:00,5,Routine,Normal
LO103745,APP027246,PAT02454,DOC009,DEP002,FAC004,LAB012,HbA1c,Biochemistry,2025-01-06,2025-01-08,2025-01-08 12:00:00,12,Routine,Normal
LO103747,APP030759,PAT08050,DOC037,DEP005,FAC002,LAB013,COVID PCR,Molecular Diagnostics,2025-11-04,2025-11-05,2025-11-05 17:00:00,17,Routine,Normal
LO103754,APP004056,PAT08331,DOC022,DEP007,FAC002,LAB010,Ultrasound Abdomen,Radiology,2025-04-27,2025-04-28,2025-04-30 04:00:00,52,Routine,Abnormal
LO103755,APP003055,PAT02920,DOC029,DEP007,FAC004,LAB010,Ultrasound Abdomen,Radiology,2025-09-09,2025-09-10,2025-09-10 12:00:00,12,Routine,Normal
LO103757,APP045965,PAT03892,DOC007,DEP002,FAC002,LAB004,Liver Function Test,Biochemistry,2025-11-28,2025-11-29,2025-11-30 19:00:00,43,Routine,Normal
LO103764,APP028903,PAT09114,DOC034,DEP001,FAC004,LAB003,Lipid Profile,Biochemistry,2025-10-03,2025-10-05,2025-10-09 22:00:00,118,Routine,Normal
LO103777,APP001146,PAT04106,DOC039,DEP002,FAC004,LAB001,Complete Blood Count,Hematology,2025-07-17,2025-07-18,2025-07-19 17:00:00,41,Routine,Normal
LO103780,APP049629,PAT02969,DOC032,DEP002,FAC002,LAB008,Urine Culture,Microbiology,2025-01-25,2025-01-25,2025-01-29 22:00:00,118,Routine,Normal
LO103784,APP028504,PAT09190,DOC011,DEP003,FAC001,LAB014,Blood Culture,Microbiology,2025-08-21,2025-08-23,2025-08-23 14:00:00,14,Routine,Abnormal
LO103785,APP023761,PAT00609,DOC031,DEP001,FAC001,LAB012,HbA1c,Biochemistry,2025-05-11,2025-05-12,2025-05-14 11:00:00,59,Routine,Normal
LO103786,APP014921,PAT09591,DOC030,DEP008,FAC005,LAB011,ECG,Cardiology Diagnostics,2025-05-29,2025-05-30,2025-05-30 12:00:00,12,Routine,Normal
LO103789,APP041797,PAT01352,DOC005,DEP001,FAC005,LAB014,Blood Culture,Microbiology,2025-06-15,2025-06-17,2025-06-20 15:00:00,87,Routine,Normal
LO103790,APP034616,PAT04342,DOC020,DEP006,FAC005,LAB004,Liver Function Test,Biochemistry,2025-11-18,2025-11-20,2025-11-20 13:00:00,13,Routine,Normal
LO103814,APP028313,PAT01115,DOC024,DEP006,FAC004,LAB003,Lipid Profile,Biochemistry,2025-03-05,2025-03-06,2025-03-08 07:00:00,55,Urgent,Normal
LO103816,APP041550,PAT04924,DOC028,DEP001,FAC003,LAB008,Urine Culture,Microbiology,2025-07-22,2025-07-24,2025-07-28 17:00:00,113,Routine,Normal
LO103819,APP000549,PAT04338,DOC035,DEP001,FAC005,LAB008,Urine Culture,Microbiology,2025-01-31,2025-02-01,2025-02-02 03:00:00,27,Routine,Normal
LO103829,APP045708,PAT01905,DOC034,DEP001,FAC004,LAB003,Lipid Profile,Biochemistry,2025-03-03,2025-03-04,2025-03-04 20:00:00,20,Routine,Normal
LO103835,APP039019,PAT04966,DOC034,DEP001,FAC004,LAB015,Electrolytes Panel,Biochemistry,2025-11-10,2025-11-10,2025-11-11 15:00:00,39,Routine,Normal
LO103861,APP039371,PAT02563,DOC024,DEP006,FAC004,LAB002,Blood Glucose,Biochemistry,2025-12-22,2025-12-23,2025-12-25 17:00:00,65,Routine,Normal
LO103867,APP032431,PAT08723,DOC015,DEP005,FAC005,LAB002,Blood Glucose,Biochemistry,2025-05-13,2025-05-13,2025-05-14 01:00:00,25,Routine,Normal
LO103876,APP016946,PAT02597,DOC007,DEP002,FAC002,LAB001,Complete Blood Count,Hematology,2025-06-23,2025-06-23,2025-06-24 05:00:00,29,Routine,Normal
LO103877,APP009098,PAT02615,DOC006,DEP002,FAC001,LAB013,COVID PCR,Molecular Diagnostics,2025-10-17,2025-10-18,2025-10-21 09:00:00,81,Urgent,Normal
LO103879,APP049649,PAT08028,DOC019,DEP005,FAC004,LAB008,Urine Culture,Microbiology,2025-09-07,2025-09-09,2025-09-09 17:00:00,17,Routine,Normal
LO103882,APP011068,PAT03847,DOC010,DEP003,FAC005,LAB001,Complete Blood Count,Hematology,2025-04-06,2025-04-07,2025-04-08 01:00:00,25,Routine,Normal
LO103883,APP026929,PAT08178,DOC024,DEP006,FAC004,LAB007,Urine Routine,Microbiology,2025-07-02,2025-07-02,2025-07-07 00:00:00,120,Routine,Normal
LO103886,APP017507,PAT04342,DOC040,DEP003,FAC005,LAB004,Liver Function Test,Biochemistry,2025-02-19,2025-02-19,2025-02-19 04:00:00,4,Routine,Normal
LO103889,APP001796,PAT09318,DOC001,DEP001,FAC001,LAB002,Blood Glucose,Biochemistry,2025-12-09,2025-12-11,2025-12-14 00:00:00,72,Routine,Normal
LO103890,APP035910,PAT00648,DOC030,DEP008,FAC005,LAB006,Thyroid Profile,Immunology,2025-03-19,2025-03-20,2025-03-22 14:00:00,62,Urgent,Normal
LO103892,APP040496,PAT04078,DOC021,DEP005,FAC001,LAB011,ECG,Cardiology Diagnostics,2025-06-09,2025-06-10,2025-06-12 10:00:00,58,Routine,Abnormal
LO103901,APP008993,PAT08009,DOC035,DEP001,FAC005,LAB001,Complete Blood Count,Hematology,2025-11-17,2025-11-18,2025-11-20 05:00:00,53,Routine,Normal
LO103902,APP030994,PAT08577,DOC007,DEP002,FAC002,LAB009,Chest X-Ray,Radiology,2025-12-15,2025-12-16,2025-12-18 15:00:00,63,Routine,Normal
LO103904,APP010568,PAT08497,DOC004,DEP001,FAC004,LAB007,Urine Routine,Microbiology,2025-05-18,2025-05-20,2025-05-23 12:00:00,84,Routine,Normal
LO103906,APP035853,PAT03892,DOC030,DEP008,FAC005,LAB004,Liver Function Test,Biochemistry,2025-06-02,2025-06-04,2025-06-07 16:00:00,88,Routine,Normal
LO103909,APP040909,PAT09245,DOC033,DEP003,FAC003,LAB007,Urine Routine,Microbiology,2025-08-29,2025-08-31,2025-08-31 03:00:00,3,Routine,Normal
LO103910,APP022174,PAT08603,DOC026,DEP008,FAC001,LAB009,Chest X-Ray,Radiology,2025-03-28,2025-03-28,2025-03-28 01:00:00,1,Routine,Normal
LO103914,APP023060,PAT09040,DOC003,DEP001,FAC003,LAB007,Urine Routine,Microbiology,2025-10-02,2025-10-04,2025-10-06 07:00:00,55,Routine,Normal
LO103919,APP013770,PAT05999,DOC013,DEP005,FAC003,LAB006,Thyroid Profile,Immunology,2025-05-02,2025-05-04,2025-05-07 02:00:00,74,Routine,Normal
LO103928,APP000999,PAT08279,DOC036,DEP002,FAC001,LAB006,Thyroid Profile,Immunology,2025-12-05,2025-12-06,2025-12-07 08:00:00,32,Routine,Normal
LO103929,APP032925,PAT03703,DOC026,DEP008,FAC001,LAB007,Urine Routine,Microbiology,2025-04-28,2025-04-28,2025-05-02 07:00:00,103,Stat,Normal
LO103935,APP017204,PAT03692,DOC012,DEP005,FAC002,LAB006,Thyroid Profile,Immunology,2025-01-19,2025-01-21,2025-01-21 20:00:00,20,Routine,Normal
LO103937,APP016784,PAT00569,DOC024,DEP006,FAC004,LAB008,Urine Culture,Microbiology,2025-09-30,2025-10-01,2025-10-04 12:00:00,84,Routine,Normal
LO103938,APP012033,PAT06877,DOC026,DEP008,FAC001,LAB004,Liver Function Test,Biochemistry,2025-09-03,2025-09-03,2025-09-06 10:00:00,82,Routine,Normal
LO103942,APP008717,PAT06835,DOC009,DEP002,FAC004,LAB010,Ultrasound Abdomen,Radiology,2025-12-10,2025-12-11,2025-12-15 21:00:00,117,Stat,Abnormal
LO103943,APP011588,PAT08283,DOC003,DEP001,FAC003,LAB008,Urine Culture,Microbiology,2025-12-01,2025-12-01,2025-12-03 13:00:00,61,Routine,Normal
LO103956,APP015524,PAT03249,DOC029,DEP007,FAC004,LAB015,Electrolytes Panel,Biochemistry,2025-07-25,2025-07-25,2025-07-29 21:00:00,117,Urgent,Normal
LO103963,APP006215,PAT01922,DOC003,DEP001,FAC003,LAB012,HbA1c,Biochemistry,2025-10-19,2025-10-19,2025-10-19 13:00:00,13,Routine,Normal
LO103965,APP005045,PAT07325,DOC038,DEP005,FAC003,LAB010,Ultrasound Abdomen,Radiology,2025-10-15,2025-10-17,2025-10-21 19:00:00,115,Routine,Critical
LO103970,APP007411,PAT04873,DOC001,DEP001,FAC001,LAB012,HbA1c,Biochemistry,2025-09-29,2025-09-30,2025-10-04 05:00:00,101,Routine,Abnormal
LO103978,APP034602,PAT00638,DOC010,DEP003,FAC005,LAB012,HbA1c,Biochemistry,2025-10-01,2025-10-03,2025-10-07 18:00:00,114,Routine,Normal
LO103983,APP019366,PAT07360,DOC015,DEP005,FAC005,LAB001,Complete Blood Count,Hematology,2025-12-02,2025-12-03,2025-12-06 06:00:00,78,Routine,Normal
LO103986,APP018549,PAT03956,DOC019,DEP005,FAC004,LAB002,Blood Glucose,Biochemistry,2025-02-01,2025-02-02,2025-02-05 15:00:00,87,Routine,Normal
LO103992,APP026323,PAT07223,DOC015,DEP005,FAC005,LAB003,Lipid Profile,Biochemistry,2025-02-04,2025-02-04,2025-02-07 01:00:00,73,Routine,Normal
LO103998,APP021535,PAT06088,DOC031,DEP001,FAC001,LAB004,Liver Function Test,Biochemistry,2025-07-12,2025-07-13,2025-07-16 06:00:00,78,Routine,Normal
LO104005,APP031888,PAT08325,DOC030,DEP008,FAC005,LAB008,Urine Culture,Microbiology,2025-10-27,2025-10-27,2025-10-27 01:00:00,1,Routine,Normal
LO104011,APP011955,PAT00327,DOC031,DEP001,FAC001,LAB014,Blood Culture,Microbiology,2025-11-11,2025-11-12,2025-11-15 03:00:00,75,Routine,Normal
LO104038,APP037948,PAT09717,DOC034,DEP001,FAC004,LAB003,Lipid Profile,Biochemistry,2025-12-08,2025-12-10,2025-12-13 14:00:00,86,Routine,Normal
LO104046,APP017942,PAT09626,DOC012,DEP005,FAC002,LAB007,Urine Routine,Microbiology,2025-07-14,2025-07-15,2025-07-15 05:00:00,5,Routine,Normal
LO104048,APP007200,PAT08684,DOC022,DEP007,FAC002,LAB008,Urine Culture,Microbiology,2025-08-16,2025-08-16,2025-08-16 15:00:00,15,Routine,Normal
LO104056,APP007896,PAT07349,DOC035,DEP001,FAC005,LAB005,Kidney Function Test,Biochemistry,2025-06-26,2025-06-27,2025-06-29 00:00:00,48,Routine,Normal
LO104058,APP011489,PAT03387,DOC029,DEP007,FAC004,LAB007,Urine Routine,Microbiology,2025-08-29,2025-08-30,2025-09-03 00:00:00,96,Routine,Normal
LO104063,APP049299,PAT03388,DOC029,DEP007,FAC004,LAB013,COVID PCR,Molecular Diagnostics,2025-02-06,2025-02-06,2025-02-09 18:00:00,90,Routine,Normal
LO104071,APP019406,PAT03746,DOC007,DEP002,FAC002,LAB006,Thyroid Profile,Immunology,2025-06-16,2025-06-18,2025-06-18 07:00:00,7,Routine,Normal
LO104074,APP004886,PAT05130,DOC019,DEP005,FAC004,LAB009,Chest X-Ray,Radiology,2025-09-23,2025-09-25,2025-09-29 07:00:00,103,Routine,Normal
LO104082,APP028553,PAT07029,DOC008,DEP003,FAC003,LAB006,Thyroid Profile,Immunology,2025-03-28,2025-03-29,2025-04-02 06:00:00,102,Routine,Normal
LO104085,APP049752,PAT06006,DOC010,DEP003,FAC005,LAB013,COVID PCR,Molecular Diagnostics,2025-07-16,2025-07-18,2025-07-19 14:00:00,38,Routine,Normal
LO104086,APP017251,PAT08884,DOC037,DEP005,FAC002,LAB014,Blood Culture,Microbiology,2025-09-28,2025-09-30,2025-10-03 15:00:00,87,Routine,Normal
LO104090,APP015242,PAT07045,DOC020,DEP006,FAC005,LAB003,Lipid Profile,Biochemistry,2025-03-24,2025-03-24,2025-03-24 03:00:00,3,Routine,Normal
LO104092,APP031235,PAT08073,DOC019,DEP005,FAC004,LAB007,Urine Routine,Microbiology,2025-01-28,2025-01-28,2025-02-01 23:00:00,119,Routine,Normal
LO104100,APP025054,PAT01523,DOC010,DEP003,FAC005,LAB002,Blood Glucose,Biochemistry,2025-03-16,2025-03-16,2025-03-20 11:00:00,107,Routine,Normal
LO104104,APP040397,PAT09941,DOC006,DEP002,FAC001,LAB012,HbA1c,Biochemistry,2025-01-26,2025-01-28,2025-01-30 22:00:00,70,Routine,Normal
LO104113,APP028255,PAT02348,DOC028,DEP001,FAC003,LAB004,Liver Function Test,Biochemistry,2025-11-20,2025-11-20,2025-11-21 21:00:00,45,Routine,Normal
LO104119,APP005843,PAT00285,DOC034,DEP001,FAC004,LAB004,Liver Function Test,Biochemistry,2025-07-20,2025-07-22,2025-07-22 18:00:00,18,Urgent,Normal
LO104120,APP008046,PAT04830,DOC032,DEP002,FAC002,LAB006,Thyroid Profile,Immunology,2025-08-19,2025-08-20,2025-08-25 00:00:00,120,Routine,Normal
LO104127,APP018635,PAT00813,DOC022,DEP007,FAC002,LAB003,Lipid Profile,Biochemistry,2025-03-15,2025-03-15,2025-03-18 11:00:00,83,Routine,Normal
LO104132,APP014327,PAT01403,DOC031,DEP001,FAC001,LAB015,Electrolytes Panel,Biochemistry,2025-09-21,2025-09-21,2025-09-21 08:00:00,8,Routine,Normal
LO104138,APP032896,PAT05505,DOC003,DEP001,FAC003,LAB010,Ultrasound Abdomen,Radiology,2025-11-30,2025-12-02,2025-12-04 19:00:00,67,Routine,Normal
LO104141,APP023466,PAT02118,DOC027,DEP001,FAC002,LAB004,Liver Function Test,Biochemistry,2025-08-31,2025-08-31,2025-09-01 20:00:00,44,Routine,Normal
LO104143,APP011983,PAT03746,DOC011,DEP003,FAC001,LAB012,HbA1c,Biochemistry,2025-02-19,2025-02-19,2025-02-22 10:00:00,82,Routine,Normal
LO104144,APP034043,PAT01262,DOC028,DEP001,FAC003,LAB009,Chest X-Ray,Radiology,2025-09-26,2025-09-27,2025-09-30 03:00:00,75,Routine,Normal
LO104147,APP034805,PAT05713,DOC019,DEP005,FAC004,LAB014,Blood Culture,Microbiology,2025-01-10,2025-01-12,2025-01-13 07:00:00,31,Routine,Normal
LO104150,APP038756,PAT02496,DOC025,DEP007,FAC005,LAB012,HbA1c,Biochemistry,2025-02-18,2025-02-18,2025-02-18 03:00:00,3,Routine,Abnormal
LO104152,APP044182,PAT01965,DOC032,DEP002,FAC002,LAB014,Blood Culture,Microbiology,2025-03-29,2025-03-31,2025-04-01 04:00:00,28,Routine,Abnormal
LO104177,APP002093,PAT06823,DOC038,DEP005,FAC003,LAB012,HbA1c,Biochemistry,2025-08-14,2025-08-14,2025-08-14 06:00:00,6,Routine,Normal
LO104178,APP041977,PAT01019,DOC010,DEP003,FAC005,LAB001,Complete Blood Count,Hematology,2025-09-27,2025-09-28,2025-10-02 16:00:00,112,Routine,Normal
LO104187,APP006116,PAT09734,DOC032,DEP002,FAC002,LAB012,HbA1c,Biochemistry,2025-05-27,2025-05-29,2025-06-02 06:00:00,102,Routine,Normal
LO104193,APP020178,PAT06850,DOC007,DEP002,FAC002,LAB002,Blood Glucose,Biochemistry,2025-11-07,2025-11-09,2025-11-09 15:00:00,15,Routine,Normal
LO104197,APP049709,PAT09390,DOC016,DEP004,FAC001,LAB007,Urine Routine,Microbiology,2025-08-13,2025-08-13,2025-08-14 16:00:00,40,Routine,Normal
LO104200,APP036891,PAT01431,DOC012,DEP005,FAC002,LAB010,Ultrasound Abdomen,Radiology,2025-01-02,2025-01-04,2025-01-05 20:00:00,44,Routine,Normal
LO104204,APP045342,PAT08880,DOC027,DEP001,FAC002,LAB015,Electrolytes Panel,Biochemistry,2025-08-11,2025-08-11,2025-08-11 05:00:00,5,Routine,Normal
LO104215,APP022617,PAT06844,DOC037,DEP005,FAC002,LAB007,Urine Routine,Microbiology,2025-03-28,2025-03-30,2025-03-30 22:00:00,22,Routine,Normal
LO104216,APP009785,PAT05501,DOC037,DEP005,FAC002,LAB012,HbA1c,Biochemistry,2025-11-17,2025-11-17,2025-11-20 00:00:00,72,Routine,Normal
LO104222,APP047816,PAT09750,DOC023,DEP008,FAC003,LAB008,Urine Culture,Microbiology,2025-11-26,2025-11-27,2025-12-01 10:00:00,106,Routine,Normal
LO104233,APP048853,PAT09071,DOC011,DEP003,FAC001,LAB007,Urine Routine,Microbiology,2025-07-25,2025-07-26,2025-07-29 09:00:00,81,Routine,Normal
LO104236,APP033449,PAT08402,DOC029,DEP007,FAC004,LAB015,Electrolytes Panel,Biochemistry,2025-11-06,2025-11-06,2025-11-07 04:00:00,28,Routine,Normal
LO104244,APP011008,PAT04514,DOC026,DEP008,FAC001,LAB009,Chest X-Ray,Radiology,2025-12-23,2025-12-24,2025-12-27 00:00:00,72,Routine,Abnormal
LO104254,APP023806,PAT06561,DOC001,DEP001,FAC001,LAB005,Kidney Function Test,Biochemistry,2025-06-15,2025-06-16,2025-06-20 07:00:00,103,Routine,Normal
LO104260,APP014835,PAT02352,DOC016,DEP004,FAC001,LAB015,Electrolytes Panel,Biochemistry,2025-12-07,2025-12-07,2025-12-07 11:00:00,11,Routine,Normal
LO104263,APP022540,PAT00411,DOC021,DEP005,FAC001,LAB009,Chest X-Ray,Radiology,2025-07-17,2025-07-17,2025-07-20 11:00:00,83,Urgent,Critical
LO104264,APP039924,PAT03949,DOC013,DEP005,FAC003,LAB006,Thyroid Profile,Immunology,2025-10-12,2025-10-14,2025-10-17 13:00:00,85,Urgent,Normal
LO104267,APP002785,PAT02549,DOC006,DEP002,FAC001,LAB001,Complete Blood Count,Hematology,2025-09-09,2025-09-10,2025-09-12 22:00:00,70,Routine,Abnormal
LO104268,APP029183,PAT01237,DOC035,DEP001,FAC005,LAB006,Thyroid Profile,Immunology,2025-10-16,2025-10-16,2025-10-18 11:00:00,59,Routine,Normal
LO104273,APP044271,PAT06349,DOC030,DEP008,FAC005,LAB002,Blood Glucose,Biochemistry,2025-10-17,2025-10-17,2025-10-19 01:00:00,49,Routine,Normal
LO104274,APP025467,PAT04230,DOC011,DEP003,FAC001,LAB008,Urine Culture,Microbiology,2025-02-12,2025-02-12,2025-02-12 07:00:00,7,Routine,Normal
LO104276,APP048961,PAT07029,DOC006,DEP002,FAC001,LAB005,Kidney Function Test,Biochemistry,2025-07-29,2025-07-30,2025-07-31 20:00:00,44,Routine,Normal
LO104284,APP026812,PAT09195,DOC029,DEP007,FAC004,LAB004,Liver Function Test,Biochemistry,2025-03-01,2025-03-03,2025-03-03 09:00:00,9,Routine,Normal
LO104285,APP002692,PAT08618,DOC026,DEP008,FAC001,LAB014,Blood Culture,Microbiology,2025-03-04,2025-03-06,2025-03-10 14:00:00,110,Urgent,Normal
LO104286,APP021917,PAT04245,DOC020,DEP006,FAC005,LAB004,Liver Function Test,Biochemistry,2025-09-14,2025-09-16,2025-09-16 02:00:00,2,Routine,Normal
LO104289,APP007539,PAT01594,DOC027,DEP001,FAC002,LAB005,Kidney Function Test,Biochemistry,2025-10-28,2025-10-28,2025-10-31 03:00:00,75,Routine,Normal
LO104298,APP017471,PAT03572,DOC034,DEP001,FAC004,LAB011,ECG,Cardiology Diagnostics,2025-12-28,2025-12-30,2026-01-02 04:00:00,76,Routine,Normal
LO104300,APP019538,PAT03046,DOC037,DEP005,FAC002,LAB011,ECG,Cardiology Diagnostics,2025-06-07,2025-06-07,2025-06-11 22:00:00,118,Routine,Normal
LO104316,APP004152,PAT07822,DOC005,DEP001,FAC005,LAB010,Ultrasound Abdomen,Radiology,2025-06-18,2025-06-19,2025-06-20 08:00:00,32,Routine,Abnormal
LO104318,APP001768,PAT04639,DOC009,DEP002,FAC004,LAB006,Thyroid Profile,Immunology,2025-09-01,2025-09-03,2025-09-06 08:00:00,80,Routine,Normal
LO104327,APP031742,PAT06988,DOC019,DEP005,FAC004,LAB003,Lipid Profile,Biochemistry,2025-03-01,2025-03-02,2025-03-06 09:00:00,105,Routine,Normal
LO104341,APP000398,PAT06851,DOC008,DEP003,FAC003,LAB006,Thyroid Profile,Immunology,2025-02-27,2025-02-27,2025-02-27 14:00:00,14,Urgent,Normal
LO104342,APP000942,PAT03387,DOC028,DEP001,FAC003,LAB009,Chest X-Ray,Radiology,2025-08-19,2025-08-19,2025-08-22 16:00:00,88,Urgent,Normal
LO104349,APP036522,PAT03335,DOC004,DEP001,FAC004,LAB012,HbA1c,Biochemistry,2025-04-06,2025-04-08,2025-04-09 06:00:00,30,Routine,Normal
LO104350,APP033194,PAT03920,DOC017,DEP006,FAC002,LAB007,Urine Routine,Microbiology,2025-05-07,2025-05-07,2025-05-11 08:00:00,104,Routine,Normal
LO104355,APP022649,PAT01428,DOC017,DEP006,FAC002,LAB005,Kidney Function Test,Biochemistry,2025-05-03,2025-05-05,2025-05-10 00:00:00,120,Routine,Normal
LO104356,APP021921,PAT01428,DOC022,DEP007,FAC002,LAB015,Electrolytes Panel,Biochemistry,2025-05-31,2025-06-02,2025-06-05 03:00:00,75,Routine,Critical
LO104359,APP035393,PAT00901,DOC015,DEP005,FAC005,LAB009,Chest X-Ray,Radiology,2025-05-24,2025-05-24,2025-05-26 16:00:00,64,Routine,Normal
LO104371,APP037466,PAT00764,DOC040,DEP003,FAC005,LAB003,Lipid Profile,Biochemistry,2025-05-03,2025-05-04,2025-05-04 07:00:00,7,Routine,Normal
LO104372,APP004522,PAT08452,DOC036,DEP002,FAC001,LAB011,ECG,Cardiology Diagnostics,2025-08-21,2025-08-23,2025-08-23 11:00:00,11,Routine,Abnormal
LO104390,APP023492,PAT04861,DOC031,DEP001,FAC001,LAB005,Kidney Function Test,Biochemistry,2025-08-16,2025-08-18,2025-08-19 23:00:00,47,Routine,Normal
LO104392,APP003249,PAT07496,DOC022,DEP007,FAC002,LAB002,Blood Glucose,Biochemistry,2025-06-03,2025-06-05,2025-06-08 02:00:00,74,Urgent,Normal
LO104403,APP001368,PAT00064,DOC012,DEP005,FAC002,LAB015,Electrolytes Panel,Biochemistry,2025-10-11,2025-10-13,2025-10-13 14:00:00,14,Urgent,Normal
LO104404,APP036755,PAT08411,DOC007,DEP002,FAC002,LAB013,COVID PCR,Molecular Diagnostics,2025-02-04,2025-02-05,2025-02-06 11:00:00,35,Routine,Normal
LO104407,APP048667,PAT03483,DOC021,DEP005,FAC001,LAB002,Blood Glucose,Biochemistry,2025-05-19,2025-05-19,2025-05-23 06:00:00,102,Routine,Abnormal
LO104408,APP000437,PAT07364,DOC025,DEP007,FAC005,LAB007,Urine Routine,Microbiology,2025-01-23,2025-01-25,2025-01-29 13:00:00,109,Urgent,Normal
LO104421,APP005940,PAT00114,DOC018,DEP007,FAC003,LAB010,Ultrasound Abdomen,Radiology,2025-12-19,2025-12-19,2025-12-22 19:00:00,91,Routine,Normal
LO104423,APP040543,PAT08723,DOC013,DEP005,FAC003,LAB010,Ultrasound Abdomen,Radiology,2025-08-19,2025-08-19,2025-08-22 14:00:00,86,Routine,Normal
LO104426,APP001681,PAT06073,DOC025,DEP007,FAC005,LAB009,Chest X-Ray,Radiology,2025-11-01,2025-11-01,2025-11-02 07:00:00,31,Routine,Normal
LO104427,APP026089,PAT03066,DOC014,DEP004,FAC004,LAB013,COVID PCR,Molecular Diagnostics,2025-08-10,2025-08-10,2025-08-11 01:00:00,25,Routine,Normal
LO104433,APP007994,PAT08604,DOC008,DEP003,FAC003,LAB009,Chest X-Ray,Radiology,2025-06-09,2025-06-09,2025-06-10 16:00:00,40,Routine,Normal
LO104438,APP011507,PAT00397,DOC033,DEP003,FAC003,LAB012,HbA1c,Biochemistry,2025-07-16,2025-07-18,2025-07-18 19:00:00,19,Routine,Normal
LO104444,APP029420,PAT05924,DOC035,DEP001,FAC005,LAB014,Blood Culture,Microbiology,2025-10-31,2025-11-01,2025-11-04 12:00:00,84,Routine,Normal
LO104445,APP007739,PAT06312,DOC006,DEP002,FAC001,LAB006,Thyroid Profile,Immunology,2025-06-27,2025-06-28,2025-07-01 12:00:00,84,Routine,Normal
LO104447,APP033055,PAT02989,DOC012,DEP005,FAC002,LAB011,ECG,Cardiology Diagnostics,2025-04-23,2025-04-23,2025-04-23 07:00:00,7,Routine,Normal
LO104450,APP010889,PAT05703,DOC025,DEP007,FAC005,LAB011,ECG,Cardiology Diagnostics,2025-02-02,2025-02-04,2025-02-07 10:00:00,82,Routine,Normal
LO104463,APP039524,PAT00469,DOC018,DEP007,FAC003,LAB011,ECG,Cardiology Diagnostics,2025-08-24,2025-08-25,2025-08-28 04:00:00,76,Urgent,Normal
LO104466,APP041633,PAT09050,DOC037,DEP005,FAC002,LAB004,Liver Function Test,Biochemistry,2025-03-30,2025-03-31,2025-04-02 07:00:00,55,Routine,Normal
LO104468,APP034954,PAT09734,DOC019,DEP005,FAC004,LAB010,Ultrasound Abdomen,Radiology,2025-05-17,2025-05-19,2025-05-22 14:00:00,86,Routine,Normal
LO104472,APP032373,PAT09376,DOC001,DEP001,FAC001,LAB002,Blood Glucose,Biochemistry,2025-04-04,2025-04-06,2025-04-08 16:00:00,64,Routine,Normal
LO104476,APP006255,PAT00009,DOC013,DEP005,FAC003,LAB014,Blood Culture,Microbiology,2025-04-26,2025-04-28,2025-04-30 00:00:00,48,Routine,Abnormal
LO104483,APP015318,PAT07766,DOC019,DEP005,FAC004,LAB012,HbA1c,Biochemistry,2025-01-21,2025-01-23,2025-01-26 13:00:00,85,Routine,Abnormal
LO104486,APP028188,PAT08696,DOC019,DEP005,FAC004,LAB004,Liver Function Test,Biochemistry,2025-12-11,2025-12-13,2025-12-17 16:00:00,112,Routine,Normal
LO104492,APP033672,PAT05728,DOC019,DEP005,FAC004,LAB012,HbA1c,Biochemistry,2025-03-24,2025-03-25,2025-03-25 13:00:00,13,Routine,Abnormal
LO104493,APP032852,PAT01458,DOC001,DEP001,FAC001,LAB008,Urine Culture,Microbiology,2025-04-16,2025-04-16,2025-04-17 02:00:00,26,Routine,Abnormal
LO104497,APP018725,PAT02443,DOC026,DEP008,FAC001,LAB009,Chest X-Ray,Radiology,2025-09-27,2025-09-27,2025-10-01 14:00:00,110,Routine,Normal
LO104501,APP035730,PAT03648,DOC028,DEP001,FAC003,LAB015,Electrolytes Panel,Biochemistry,2025-07-12,2025-07-13,2025-07-13 04:00:00,4,Routine,Abnormal
LO104502,APP007409,PAT00736,DOC020,DEP006,FAC005,LAB013,COVID PCR,Molecular Diagnostics,2025-01-09,2025-01-09,2025-01-12 15:00:00,87,Stat,Normal
LO104508,APP047875,PAT01714,DOC010,DEP003,FAC005,LAB012,HbA1c,Biochemistry,2025-02-11,2025-02-13,2025-02-15 16:00:00,64,Routine,Normal
LO104510,APP044681,PAT09689,DOC014,DEP004,FAC004,LAB003,Lipid Profile,Biochemistry,2025-01-15,2025-01-17,2025-01-21 04:00:00,100,Routine,Normal
LO104513,APP046421,PAT04879,DOC005,DEP001,FAC005,LAB003,Lipid Profile,Biochemistry,2025-09-25,2025-09-26,2025-09-30 11:00:00,107,Routine,Normal
LO104518,APP011805,PAT05864,DOC003,DEP001,FAC003,LAB010,Ultrasound Abdomen,Radiology,2025-10-25,2025-10-27,2025-10-28 02:00:00,26,Routine,Abnormal
LO104519,APP047712,PAT04951,DOC009,DEP002,FAC004,LAB014,Blood Culture,Microbiology,2025-05-10,2025-05-10,2025-05-10 20:00:00,20,Routine,Normal
LO104526,APP036326,PAT01476,DOC037,DEP005,FAC002,LAB012,HbA1c,Biochemistry,2025-08-31,2025-09-01,2025-09-04 22:00:00,94,Routine,Critical
LO104539,APP030534,PAT08745,DOC038,DEP005,FAC003,LAB008,Urine Culture,Microbiology,2025-11-04,2025-11-06,2025-11-10 02:00:00,98,Routine,Abnormal
LO104546,APP000145,PAT00574,DOC034,DEP001,FAC004,LAB005,Kidney Function Test,Biochemistry,2025-12-29,2025-12-31,2026-01-01 10:00:00,34,Urgent,Normal
LO104547,APP044830,PAT03752,DOC019,DEP005,FAC004,LAB003,Lipid Profile,Biochemistry,2025-07-28,2025-07-29,2025-07-30 07:00:00,31,Routine,Normal
LO104548,APP033234,PAT01912,DOC023,DEP008,FAC003,LAB012,HbA1c,Biochemistry,2025-10-04,2025-10-04,2025-10-05 19:00:00,43,Routine,Normal
LO104551,APP019151,PAT02544,DOC005,DEP001,FAC005,LAB011,ECG,Cardiology Diagnostics,2025-04-05,2025-04-05,2025-04-08 04:00:00,76,Urgent,Normal
LO104556,APP013411,PAT08197,DOC013,DEP005,FAC003,LAB009,Chest X-Ray,Radiology,2025-07-13,2025-07-14,2025-07-18 21:00:00,117,Routine,Normal
LO104557,APP012928,PAT09458,DOC023,DEP008,FAC003,LAB009,Chest X-Ray,Radiology,2025-04-26,2025-04-27,2025-04-29 23:00:00,71,Routine,Normal
LO104563,APP035700,PAT08789,DOC020,DEP006,FAC005,LAB002,Blood Glucose,Biochemistry,2025-04-26,2025-04-26,2025-04-30 00:00:00,96,Routine,Normal
LO104573,APP043120,PAT00484,DOC012,DEP005,FAC002,LAB013,COVID PCR,Molecular Diagnostics,2025-12-29,2025-12-31,2026-01-03 01:00:00,73,Routine,Normal
LO104574,APP036518,PAT05903,DOC005,DEP001,FAC005,LAB011,ECG,Cardiology Diagnostics,2025-04-23,2025-04-23,2025-04-23 19:00:00,19,Routine,Normal
LO104582,APP004012,PAT02151,DOC034,DEP001,FAC004,LAB009,Chest X-Ray,Radiology,2025-06-19,2025-06-20,2025-06-24 08:00:00,104,Routine,Abnormal
LO104584,APP026826,PAT05345,DOC013,DEP005,FAC003,LAB012,HbA1c,Biochemistry,2025-01-06,2025-01-08,2025-01-09 14:00:00,38,Routine,Normal
LO104587,APP041641,PAT05386,DOC017,DEP006,FAC002,LAB009,Chest X-Ray,Radiology,2025-12-29,2025-12-29,2025-12-29 07:00:00,7,Routine,Normal
LO104589,APP047393,PAT03257,DOC023,DEP008,FAC003,LAB007,Urine Routine,Microbiology,2025-12-02,2025-12-03,2025-12-03 08:00:00,8,Routine,Normal
LO104593,APP008948,PAT05702,DOC007,DEP002,FAC002,LAB008,Urine Culture,Microbiology,2025-05-22,2025-05-23,2025-05-23 23:00:00,23,Urgent,Normal
LO104598,APP042554,PAT02500,DOC017,DEP006,FAC002,LAB007,Urine Routine,Microbiology,2025-03-31,2025-04-02,2025-04-05 16:00:00,88,Routine,Normal
LO104599,APP018577,PAT04316,DOC014,DEP004,FAC004,LAB003,Lipid Profile,Biochemistry,2025-11-18,2025-11-18,2025-11-22 03:00:00,99,Routine,Normal
LO104601,APP036874,PAT04897,DOC030,DEP008,FAC005,LAB013,COVID PCR,Molecular Diagnostics,2025-12-12,2025-12-14,2025-12-14 03:00:00,3,Routine,Abnormal
LO104603,APP032731,PAT04203,DOC012,DEP005,FAC002,LAB001,Complete Blood Count,Hematology,2025-11-21,2025-11-22,2025-11-23 15:00:00,39,Urgent,Normal
LO104605,APP013670,PAT03326,DOC021,DEP005,FAC001,LAB008,Urine Culture,Microbiology,2025-04-19,2025-04-21,2025-04-25 13:00:00,109,Routine,Normal
LO104615,APP043819,PAT09394,DOC024,DEP006,FAC004,LAB007,Urine Routine,Microbiology,2025-05-12,2025-05-14,2025-05-14 07:00:00,7,Routine,Normal
LO104619,APP029818,PAT08383,DOC016,DEP004,FAC001,LAB008,Urine Culture,Microbiology,2025-08-11,2025-08-13,2025-08-15 01:00:00,49,Routine,Normal
LO104642,APP017279,PAT05763,DOC023,DEP008,FAC003,LAB002,Blood Glucose,Biochemistry,2025-02-10,2025-02-11,2025-02-13 22:00:00,70,Routine,Normal
LO104645,APP007793,PAT05043,DOC032,DEP002,FAC002,LAB003,Lipid Profile,Biochemistry,2025-01-24,2025-01-25,2025-01-25 17:00:00,17,Urgent,Normal
LO104655,APP018171,PAT03571,DOC019,DEP005,FAC004,LAB001,Complete Blood Count,Hematology,2025-12-11,2025-12-13,2025-12-13 04:00:00,4,Routine,Normal
LO104667,APP029060,PAT07536,DOC040,DEP003,FAC005,LAB001,Complete Blood Count,Hematology,2025-02-10,2025-02-11,2025-02-14 03:00:00,75,Urgent,Normal
LO104668,APP023778,PAT00340,DOC037,DEP005,FAC002,LAB005,Kidney Function Test,Biochemistry,2025-11-11,2025-11-13,2025-11-13 13:00:00,13,Stat,Normal
LO104673,APP001882,PAT05932,DOC023,DEP008,FAC003,LAB004,Liver Function Test,Biochemistry,2025-10-27,2025-10-29,2025-10-29 02:00:00,2,Urgent,Normal
LO104676,APP004597,PAT00328,DOC014,DEP004,FAC004,LAB008,Urine Culture,Microbiology,2025-10-13,2025-10-14,2025-10-16 20:00:00,68,Routine,Normal
LO104680,APP031776,PAT09060,DOC005,DEP001,FAC005,LAB010,Ultrasound Abdomen,Radiology,2025-05-05,2025-05-07,2025-05-10 00:00:00,72,Routine,Normal
LO104688,APP044257,PAT03269,DOC018,DEP007,FAC003,LAB006,Thyroid Profile,Immunology,2025-05-13,2025-05-15,2025-05-17 20:00:00,68,Routine,Normal
LO104697,APP044072,PAT00876,DOC009,DEP002,FAC004,LAB005,Kidney Function Test,Biochemistry,2025-02-09,2025-02-10,2025-02-13 10:00:00,82,Routine,Normal
LO104702,APP003549,PAT08145,DOC037,DEP005,FAC002,LAB014,Blood Culture,Microbiology,2025-11-19,2025-11-19,2025-11-20 03:00:00,27,Routine,Normal
LO104705,APP012523,PAT05217,DOC033,DEP003,FAC003,LAB007,Urine Routine,Microbiology,2025-10-18,2025-10-20,2025-10-22 08:00:00,56,Routine,Normal
LO104708,APP025900,PAT07174,DOC035,DEP001,FAC005,LAB014,Blood Culture,Microbiology,2025-09-18,2025-09-18,2025-09-20 19:00:00,67,Urgent,Normal
LO104712,APP024843,PAT05658,DOC022,DEP007,FAC002,LAB006,Thyroid Profile,Immunology,2025-03-29,2025-03-30,2025-03-30 16:00:00,16,Routine,Normal
LO104713,APP049589,PAT07999,DOC005,DEP001,FAC005,LAB004,Liver Function Test,Biochemistry,2025-06-07,2025-06-09,2025-06-13 04:00:00,100,Routine,Normal
LO104715,APP019666,PAT03861,DOC021,DEP005,FAC001,LAB008,Urine Culture,Microbiology,2025-03-28,2025-03-29,2025-04-02 13:00:00,109,Routine,Abnormal
LO104717,APP015971,PAT09738,DOC023,DEP008,FAC003,LAB002,Blood Glucose,Biochemistry,2025-10-02,2025-10-04,2025-10-05 12:00:00,36,Routine,Normal
LO104720,APP033769,PAT01471,DOC037,DEP005,FAC002,LAB012,HbA1c,Biochemistry,2025-07-07,2025-07-09,2025-07-11 20:00:00,68,Routine,Abnormal
LO104726,APP023482,PAT00170,DOC021,DEP005,FAC001,LAB013,COVID PCR,Molecular Diagnostics,2025-12-25,2025-12-27,2025-12-29 16:00:00,64,Routine,Normal
LO104732,APP002683,PAT06052,DOC037,DEP005,FAC002,LAB002,Blood Glucose,Biochemistry,2025-04-17,2025-04-17,2025-04-21 15:00:00,111,Routine,Normal
LO104735,APP008938,PAT09220,DOC030,DEP008,FAC005,LAB011,ECG,Cardiology Diagnostics,2025-03-10,2025-03-10,2025-03-14 07:00:00,103,Urgent,Abnormal
LO104743,APP040519,PAT03483,DOC019,DEP005,FAC004,LAB011,ECG,Cardiology Diagnostics,2025-03-24,2025-03-24,2025-03-28 10:00:00,106,Routine,Normal
LO104755,APP017572,PAT06352,DOC010,DEP003,FAC005,LAB010,Ultrasound Abdomen,Radiology,2025-06-18,2025-06-18,2025-06-21 20:00:00,92,Routine,Normal
LO104769,APP026907,PAT05915,DOC040,DEP003,FAC005,LAB008,Urine Culture,Microbiology,2025-10-02,2025-10-02,2025-10-03 01:00:00,25,Routine,Normal
LO104771,APP014561,PAT05684,DOC040,DEP003,FAC005,LAB009,Chest X-Ray,Radiology,2025-05-23,2025-05-23,2025-05-25 02:00:00,50,Routine,Abnormal
LO104775,APP047707,PAT05713,DOC031,DEP001,FAC001,LAB007,Urine Routine,Microbiology,2025-06-11,2025-06-11,2025-06-12 02:00:00,26,Routine,Normal
LO104777,APP046268,PAT01386,DOC034,DEP001,FAC004,LAB009,Chest X-Ray,Radiology,2025-10-23,2025-10-25,2025-10-29 06:00:00,102,Routine,Abnormal
LO104780,APP015649,PAT02901,DOC010,DEP003,FAC005,LAB006,Thyroid Profile,Immunology,2025-03-20,2025-03-21,2025-03-22 07:00:00,31,Routine,Abnormal
LO104787,APP025204,PAT04654,DOC027,DEP001,FAC002,LAB012,HbA1c,Biochemistry,2025-07-27,2025-07-27,2025-07-28 20:00:00,44,Routine,Normal
LO104796,APP019750,PAT02141,DOC012,DEP005,FAC002,LAB002,Blood Glucose,Biochemistry,2025-07-09,2025-07-09,2025-07-09 14:00:00,14,Routine,Normal
LO104797,APP018454,PAT06821,DOC035,DEP001,FAC005,LAB005,Kidney Function Test,Biochemistry,2025-09-13,2025-09-15,2025-09-18 22:00:00,94,Routine,Normal
LO104798,APP040529,PAT02183,DOC028,DEP001,FAC003,LAB013,COVID PCR,Molecular Diagnostics,2025-12-18,2025-12-20,2025-12-22 20:00:00,68,Routine,Normal
LO104802,APP045741,PAT03493,DOC007,DEP002,FAC002,LAB009,Chest X-Ray,Radiology,2025-05-06,2025-05-08,2025-05-10 09:00:00,57,Routine,Normal
LO104809,APP026007,PAT00100,DOC009,DEP002,FAC004,LAB004,Liver Function Test,Biochemistry,2025-10-22,2025-10-24,2025-10-24 09:00:00,9,Stat,Normal
LO104814,APP041205,PAT09405,DOC017,DEP006,FAC002,LAB006,Thyroid Profile,Immunology,2025-05-14,2025-05-16,2025-05-17 09:00:00,33,Routine,Normal
LO104816,APP036499,PAT00186,DOC007,DEP002,FAC002,LAB015,Electrolytes Panel,Biochemistry,2025-05-06,2025-05-06,2025-05-10 15:00:00,111,Routine,Critical
LO104822,APP002872,PAT01283,DOC031,DEP001,FAC001,LAB013,COVID PCR,Molecular Diagnostics,2025-07-24,2025-07-26,2025-07-26 05:00:00,5,Routine,Normal
LO104830,APP017969,PAT06905,DOC026,DEP008,FAC001,LAB005,Kidney Function Test,Biochemistry,2025-03-20,2025-03-21,2025-03-25 23:00:00,119,Routine,Normal
LO104835,APP020124,PAT03956,DOC002,DEP001,FAC002,LAB003,Lipid Profile,Biochemistry,2025-12-09,2025-12-11,2025-12-14 07:00:00,79,Routine,Normal
LO104838,APP048002,PAT04867,DOC016,DEP004,FAC001,LAB014,Blood Culture,Microbiology,2025-01-24,2025-01-26,2025-01-26 21:00:00,21,Routine,Normal
LO104840,APP007788,PAT05479,DOC007,DEP002,FAC002,LAB006,Thyroid Profile,Immunology,2025-02-11,2025-02-12,2025-02-16 05:00:00,101,Routine,Normal
LO104846,APP040033,PAT00480,DOC028,DEP001,FAC003,LAB004,Liver Function Test,Biochemistry,2025-06-03,2025-06-05,2025-06-09 10:00:00,106,Stat,Normal
LO104853,APP021499,PAT03480,DOC027,DEP001,FAC002,LAB012,HbA1c,Biochemistry,2025-01-09,2025-01-11,2025-01-15 22:00:00,118,Routine,Normal
LO104854,APP010578,PAT07221,DOC009,DEP002,FAC004,LAB013,COVID PCR,Molecular Diagnostics,2025-11-24,2025-11-26,2025-11-28 19:00:00,67,Routine,Abnormal
LO104860,APP042177,PAT08493,DOC039,DEP002,FAC004,LAB014,Blood Culture,Microbiology,2025-10-23,2025-10-25,2025-10-27 01:00:00,49,Routine,Normal
LO104862,APP049216,PAT01098,DOC032,DEP002,FAC002,LAB003,Lipid Profile,Biochemistry,2025-08-28,2025-08-30,2025-08-31 16:00:00,40,Routine,Abnormal
LO104868,APP021242,PAT02620,DOC032,DEP002,FAC002,LAB014,Blood Culture,Microbiology,2025-01-20,2025-01-21,2025-01-25 05:00:00,101,Routine,Normal
LO104873,APP001945,PAT05108,DOC023,DEP008,FAC003,LAB009,Chest X-Ray,Radiology,2025-10-28,2025-10-28,2025-11-01 12:00:00,108,Routine,Normal
LO104874,APP039206,PAT03426,DOC029,DEP007,FAC004,LAB010,Ultrasound Abdomen,Radiology,2025-06-13,2025-06-14,2025-06-16 18:00:00,66,Routine,Normal
LO104882,APP020123,PAT01403,DOC037,DEP005,FAC002,LAB010,Ultrasound Abdomen,Radiology,2025-02-05,2025-02-07,2025-02-07 10:00:00,10,Routine,Normal
LO104894,APP003203,PAT08137,DOC039,DEP002,FAC004,LAB010,Ultrasound Abdomen,Radiology,2025-09-13,2025-09-14,2025-09-14 19:00:00,19,Routine,Critical
LO104895,APP036538,PAT00047,DOC024,DEP006,FAC004,LAB015,Electrolytes Panel,Biochemistry,2025-01-03,2025-01-03,2025-01-05 11:00:00,59,Routine,Normal
LO104897,APP010135,PAT04890,DOC018,DEP007,FAC003,LAB008,Urine Culture,Microbiology,2025-07-13,2025-07-15,2025-07-19 05:00:00,101,Urgent,Normal
LO104905,APP025195,PAT08061,DOC008,DEP003,FAC003,LAB002,Blood Glucose,Biochemistry,2025-11-10,2025-11-11,2025-11-14 03:00:00,75,Routine,Normal
LO104907,APP012089,PAT02880,DOC040,DEP003,FAC005,LAB002,Blood Glucose,Biochemistry,2025-04-14,2025-04-14,2025-04-15 12:00:00,36,Urgent,Normal
LO104909,APP029603,PAT06909,DOC018,DEP007,FAC003,LAB004,Liver Function Test,Biochemistry,2025-07-14,2025-07-14,2025-07-18 08:00:00,104,Routine,Normal
LO104913,APP021008,PAT07229,DOC016,DEP004,FAC001,LAB003,Lipid Profile,Biochemistry,2025-05-10,2025-05-12,2025-05-12 19:00:00,19,Routine,Normal
LO104915,APP042755,PAT02123,DOC035,DEP001,FAC005,LAB004,Liver Function Test,Biochemistry,2025-12-13,2025-12-14,2025-12-18 20:00:00,116,Stat,Normal
LO104921,APP005174,PAT06761,DOC002,DEP001,FAC002,LAB003,Lipid Profile,Biochemistry,2025-03-19,2025-03-20,2025-03-24 16:00:00,112,Routine,Normal
LO104935,APP014427,PAT06919,DOC005,DEP001,FAC005,LAB014,Blood Culture,Microbiology,2025-09-10,2025-09-12,2025-09-12 01:00:00,1,Routine,Normal
LO104936,APP042891,PAT03060,DOC023,DEP008,FAC003,LAB015,Electrolytes Panel,Biochemistry,2025-06-07,2025-06-09,2025-06-11 13:00:00,61,Routine,Abnormal
LO104942,APP010630,PAT00451,DOC035,DEP001,FAC005,LAB010,Ultrasound Abdomen,Radiology,2025-01-25,2025-01-27,2025-01-28 08:00:00,32,Routine,Normal
LO104943,APP006974,PAT03298,DOC013,DEP005,FAC003,LAB010,Ultrasound Abdomen,Radiology,2025-12-01,2025-12-01,2025-12-02 12:00:00,36,Routine,Abnormal
LO104949,APP017116,PAT03380,DOC018,DEP007,FAC003,LAB015,Electrolytes Panel,Biochemistry,2025-09-28,2025-09-28,2025-09-30 06:00:00,54,Routine,Normal
LO104956,APP014652,PAT00182,DOC013,DEP005,FAC003,LAB005,Kidney Function Test,Biochemistry,2025-09-09,2025-09-10,2025-09-14 13:00:00,109,Urgent,Normal
LO104958,APP046383,PAT05083,DOC008,DEP003,FAC003,LAB013,COVID PCR,Molecular Diagnostics,2025-01-29,2025-01-30,2025-01-31 12:00:00,36,Urgent,Abnormal
LO104973,APP016682,PAT06316,DOC035,DEP001,FAC005,LAB015,Electrolytes Panel,Biochemistry,2025-06-05,2025-06-06,2025-06-09 01:00:00,73,Routine,Normal
LO104984,APP029776,PAT03548,DOC024,DEP006,FAC004,LAB002,Blood Glucose,Biochemistry,2025-07-25,2025-07-26,2025-07-30 04:00:00,100,Routine,Abnormal
LO104988,APP046983,PAT09856,DOC037,DEP005,FAC002,LAB005,Kidney Function Test,Biochemistry,2025-11-06,2025-11-08,2025-11-12 18:00:00,114,Routine,Normal
LO104990,APP038649,PAT04792,DOC040,DEP003,FAC005,LAB009,Chest X-Ray,Radiology,2025-10-19,2025-10-20,2025-10-22 06:00:00,54,Routine,Abnormal
LO105001,APP000408,PAT00658,DOC033,DEP003,FAC003,LAB010,Ultrasound Abdomen,Radiology,2025-04-30,2025-05-02,2025-05-06 23:00:00,119,Routine,Normal
LO105008,APP035540,PAT04098,DOC009,DEP002,FAC004,LAB011,ECG,Cardiology Diagnostics,2025-02-11,2025-02-12,2025-02-14 16:00:00,64,Routine,Normal
LO105012,APP030390,PAT04833,DOC018,DEP007,FAC003,LAB008,Urine Culture,Microbiology,2025-05-23,2025-05-25,2025-05-29 18:00:00,114,Routine,Critical
LO105018,APP017704,PAT04961,DOC028,DEP001,FAC003,LAB002,Blood Glucose,Biochemistry,2025-10-12,2025-10-14,2025-10-15 15:00:00,39,Routine,Normal
LO105021,APP045096,PAT00114,DOC022,DEP007,FAC002,LAB001,Complete Blood Count,Hematology,2025-05-02,2025-05-04,2025-05-06 12:00:00,60,Routine,Abnormal
LO105023,APP037846,PAT05307,DOC016,DEP004,FAC001,LAB009,Chest X-Ray,Radiology,2025-09-29,2025-10-01,2025-10-01 10:00:00,10,Routine,Abnormal
LO105028,APP017637,PAT03624,DOC038,DEP005,FAC003,LAB006,Thyroid Profile,Immunology,2025-06-23,2025-06-24,2025-06-28 00:00:00,96,Urgent,Normal
LO105032,APP005756,PAT02814,DOC014,DEP004,FAC004,LAB004,Liver Function Test,Biochemistry,2025-09-03,2025-09-05,2025-09-09 03:00:00,99,Urgent,Abnormal
LO105035,APP023386,PAT01612,DOC012,DEP005,FAC002,LAB013,COVID PCR,Molecular Diagnostics,2025-02-28,2025-02-28,2025-03-03 10:00:00,82,Routine,Normal
LO105036,APP049817,PAT06339,DOC038,DEP005,FAC003,LAB014,Blood Culture,Microbiology,2025-10-08,2025-10-08,2025-10-11 22:00:00,94,Routine,Normal
LO105040,APP049192,PAT09553,DOC038,DEP005,FAC003,LAB006,Thyroid Profile,Immunology,2025-06-27,2025-06-27,2025-06-29 03:00:00,51,Routine,Normal
LO105041,APP031046,PAT01079,DOC037,DEP005,FAC002,LAB001,Complete Blood Count,Hematology,2025-06-13,2025-06-14,2025-06-14 16:00:00,16,Routine,Normal
LO105042,APP030314,PAT00931,DOC019,DEP005,FAC004,LAB005,Kidney Function Test,Biochemistry,2025-10-17,2025-10-19,2025-10-22 15:00:00,87,Routine,Normal
LO105044,APP019811,PAT01489,DOC034,DEP001,FAC004,LAB006,Thyroid Profile,Immunology,2025-09-17,2025-09-19,2025-09-19 13:00:00,13,Routine,Normal
LO105045,APP011221,PAT00968,DOC038,DEP005,FAC003,LAB002,Blood Glucose,Biochemistry,2025-12-28,2025-12-28,2025-12-28 17:00:00,17,Routine,Normal
LO105046,APP019358,PAT00100,DOC017,DEP006,FAC002,LAB011,ECG,Cardiology Diagnostics,2025-05-11,2025-05-13,2025-05-16 15:00:00,87,Urgent,Normal
LO105047,APP010278,PAT03108,DOC026,DEP008,FAC001,LAB003,Lipid Profile,Biochemistry,2025-11-24,2025-11-25,2025-11-25 14:00:00,14,Routine,Normal
LO105050,APP035915,PAT04992,DOC022,DEP007,FAC002,LAB010,Ultrasound Abdomen,Radiology,2025-03-24,2025-03-24,2025-03-28 14:00:00,110,Routine,Normal
LO105052,APP045044,PAT09028,DOC036,DEP002,FAC001,LAB014,Blood Culture,Microbiology,2025-04-17,2025-04-18,2025-04-19 12:00:00,36,Routine,Normal
LO105058,APP012747,PAT04747,DOC025,DEP007,FAC005,LAB002,Blood Glucose,Biochemistry,2025-05-13,2025-05-15,2025-05-18 13:00:00,85,Urgent,Abnormal
LO105059,APP018090,PAT07169,DOC013,DEP005,FAC003,LAB007,Urine Routine,Microbiology,2025-07-27,2025-07-27,2025-07-27 04:00:00,4,Routine,Normal
LO105064,APP001130,PAT06726,DOC005,DEP001,FAC005,LAB012,HbA1c,Biochemistry,2025-10-20,2025-10-20,2025-10-20 09:00:00,9,Routine,Abnormal
LO105065,APP025444,PAT04904,DOC030,DEP008,FAC005,LAB010,Ultrasound Abdomen,Radiology,2025-09-30,2025-10-02,2025-10-04 18:00:00,66,Routine,Abnormal
LO105068,APP037334,PAT05153,DOC008,DEP003,FAC003,LAB013,COVID PCR,Molecular Diagnostics,2025-07-31,2025-08-01,2025-08-04 23:00:00,95,Urgent,Normal
LO105075,APP018608,PAT09535,DOC021,DEP005,FAC001,LAB007,Urine Routine,Microbiology,2025-06-04,2025-06-05,2025-06-07 10:00:00,58,Routine,Normal
LO105077,APP006318,PAT03571,DOC016,DEP004,FAC001,LAB015,Electrolytes Panel,Biochemistry,2025-07-10,2025-07-12,2025-07-15 22:00:00,94,Routine,Normal
LO105079,APP049100,PAT02348,DOC032,DEP002,FAC002,LAB015,Electrolytes Panel,Biochemistry,2025-07-07,2025-07-07,2025-07-09 18:00:00,66,Routine,Normal
LO105083,APP023757,PAT01311,DOC003,DEP001,FAC003,LAB011,ECG,Cardiology Diagnostics,2025-08-03,2025-08-03,2025-08-07 16:00:00,112,Urgent,Normal
LO105085,APP003394,PAT00186,DOC023,DEP008,FAC003,LAB007,Urine Routine,Microbiology,2025-05-11,2025-05-11,2025-05-11 01:00:00,1,Urgent,Normal
LO105088,APP020081,PAT00904,DOC013,DEP005,FAC003,LAB008,Urine Culture,Microbiology,2025-01-21,2025-01-22,2025-01-26 13:00:00,109,Routine,Normal
LO105102,APP032818,PAT04342,DOC036,DEP002,FAC001,LAB014,Blood Culture,Microbiology,2025-01-04,2025-01-04,2025-01-06 02:00:00,50,Routine,Normal
LO105107,APP025400,PAT02656,DOC001,DEP001,FAC001,LAB012,HbA1c,Biochemistry,2025-06-26,2025-06-28,2025-06-29 10:00:00,34,Routine,Normal
LO105110,APP020060,PAT00248,DOC024,DEP006,FAC004,LAB003,Lipid Profile,Biochemistry,2025-02-18,2025-02-19,2025-02-21 03:00:00,51,Routine,Normal
LO105112,APP004084,PAT02228,DOC020,DEP006,FAC005,LAB005,Kidney Function Test,Biochemistry,2025-04-19,2025-04-21,2025-04-22 19:00:00,43,Routine,Normal
LO105120,APP004534,PAT06312,DOC024,DEP006,FAC004,LAB006,Thyroid Profile,Immunology,2025-11-06,2025-11-08,2025-11-12 00:00:00,96,Routine,Normal
LO105130,APP000014,PAT03781,DOC012,DEP005,FAC002,LAB003,Lipid Profile,Biochemistry,2025-10-07,2025-10-07,2025-10-09 23:00:00,71,Urgent,Abnormal
LO105136,APP048218,PAT02405,DOC040,DEP003,FAC005,LAB001,Complete Blood Count,Hematology,2025-04-19,2025-04-19,2025-04-22 15:00:00,87,Routine,Normal
LO105143,APP035663,PAT06339,DOC020,DEP006,FAC005,LAB008,Urine Culture,Microbiology,2025-11-23,2025-11-24,2025-11-26 17:00:00,65,Routine,Normal
LO105147,APP041758,PAT06905,DOC034,DEP001,FAC004,LAB010,Ultrasound Abdomen,Radiology,2025-12-14,2025-12-14,2025-12-18 14:00:00,110,Routine,Normal
LO105149,APP021528,PAT00684,DOC014,DEP004,FAC004,LAB008,Urine Culture,Microbiology,2025-08-22,2025-08-23,2025-08-24 11:00:00,35,Urgent,Normal
LO105152,APP003502,PAT02814,DOC003,DEP001,FAC003,LAB004,Liver Function Test,Biochemistry,2025-08-21,2025-08-21,2025-08-21 17:00:00,17,Routine,Normal
LO105154,APP017394,PAT04537,DOC035,DEP001,FAC005,LAB010,Ultrasound Abdomen,Radiology,2025-03-16,2025-03-17,2025-03-18 04:00:00,28,Routine,Normal
LO105155,APP039055,PAT02287,DOC029,DEP007,FAC004,LAB004,Liver Function Test,Biochemistry,2025-02-10,2025-02-12,2025-02-12 13:00:00,13,Routine,Normal
LO105163,APP044405,PAT04992,DOC038,DEP005,FAC003,LAB012,HbA1c,Biochemistry,2025-05-15,2025-05-15,2025-05-20 00:00:00,120,Routine,Abnormal
LO105164,APP033557,PAT03376,DOC016,DEP004,FAC001,LAB015,Electrolytes Panel,Biochemistry,2025-03-26,2025-03-26,2025-03-26 02:00:00,2,Routine,Normal
LO105166,APP044198,PAT02215,DOC010,DEP003,FAC005,LAB005,Kidney Function Test,Biochemistry,2025-08-01,2025-08-01,2025-08-02 14:00:00,38,Routine,Normal
LO105174,APP026905,PAT02597,DOC012,DEP005,FAC002,LAB014,Blood Culture,Microbiology,2025-10-29,2025-10-30,2025-11-01 14:00:00,62,Routine,Normal
LO105176,APP026208,PAT09919,DOC012,DEP005,FAC002,LAB001,Complete Blood Count,Hematology,2025-04-20,2025-04-21,2025-04-23 12:00:00,60,Urgent,Normal
LO105186,APP013807,PAT07976,DOC011,DEP003,FAC001,LAB006,Thyroid Profile,Immunology,2025-03-19,2025-03-19,2025-03-22 19:00:00,91,Routine,Normal
LO105187,APP012024,PAT01924,DOC001,DEP001,FAC001,LAB012,HbA1c,Biochemistry,2025-06-26,2025-06-27,2025-06-30 05:00:00,77,Urgent,Normal
LO105188,APP018912,PAT01214,DOC003,DEP001,FAC003,LAB002,Blood Glucose,Biochemistry,2025-06-26,2025-06-28,2025-07-02 05:00:00,101,Routine,Normal
LO105191,APP022347,PAT09386,DOC008,DEP003,FAC003,LAB014,Blood Culture,Microbiology,2025-08-08,2025-08-09,2025-08-11 11:00:00,59,Routine,Normal
LO105202,APP007600,PAT02134,DOC039,DEP002,FAC004,LAB011,ECG,Cardiology Diagnostics,2025-12-30,2025-12-30,2026-01-02 06:00:00,78,Routine,Normal
LO105206,APP018457,PAT02620,DOC012,DEP005,FAC002,LAB009,Chest X-Ray,Radiology,2025-12-21,2025-12-23,2025-12-27 22:00:00,118,Urgent,Normal
LO105207,APP031177,PAT05174,DOC032,DEP002,FAC002,LAB004,Liver Function Test,Biochemistry,2025-11-04,2025-11-05,2025-11-06 06:00:00,30,Urgent,Normal
LO105214,APP006720,PAT06336,DOC024,DEP006,FAC004,LAB010,Ultrasound Abdomen,Radiology,2025-03-25,2025-03-26,2025-03-30 15:00:00,111,Routine,Normal
LO105217,APP047075,PAT07529,DOC022,DEP007,FAC002,LAB009,Chest X-Ray,Radiology,2025-06-09,2025-06-10,2025-06-11 14:00:00,38,Routine,Normal
LO105226,APP004943,PAT02992,DOC024,DEP006,FAC004,LAB008,Urine Culture,Microbiology,2025-05-16,2025-05-17,2025-05-21 08:00:00,104,Routine,Normal
LO105228,APP006780,PAT09323,DOC014,DEP004,FAC004,LAB005,Kidney Function Test,Biochemistry,2025-02-07,2025-02-08,2025-02-11 00:00:00,72,Routine,Normal
LO105234,APP019626,PAT03502,DOC013,DEP005,FAC003,LAB012,HbA1c,Biochemistry,2025-08-19,2025-08-19,2025-08-23 13:00:00,109,Routine,Normal
LO105236,APP003241,PAT08452,DOC009,DEP002,FAC004,LAB011,ECG,Cardiology Diagnostics,2025-03-06,2025-03-06,2025-03-08 08:00:00,56,Routine,Normal
LO105237,APP035817,PAT05166,DOC031,DEP001,FAC001,LAB012,HbA1c,Biochemistry,2025-02-17,2025-02-18,2025-02-21 00:00:00,72,Routine,Normal
LO105242,APP034862,PAT05072,DOC039,DEP002,FAC004,LAB009,Chest X-Ray,Radiology,2025-08-19,2025-08-21,2025-08-21 08:00:00,8,Routine,Normal
LO105245,APP035434,PAT05862,DOC012,DEP005,FAC002,LAB003,Lipid Profile,Biochemistry,2025-09-27,2025-09-29,2025-10-01 14:00:00,62,Routine,Normal
LO105246,APP021404,PAT07641,DOC015,DEP005,FAC005,LAB002,Blood Glucose,Biochemistry,2025-02-13,2025-02-15,2025-02-19 19:00:00,115,Routine,Abnormal
LO105253,APP005727,PAT00519,DOC026,DEP008,FAC001,LAB004,Liver Function Test,Biochemistry,2025-03-19,2025-03-19,2025-03-23 20:00:00,116,Routine,Normal
LO105254,APP013576,PAT03121,DOC025,DEP007,FAC005,LAB012,HbA1c,Biochemistry,2025-05-16,2025-05-17,2025-05-17 23:00:00,23,Routine,Normal
LO105263,APP030113,PAT07551,DOC001,DEP001,FAC001,LAB006,Thyroid Profile,Immunology,2025-11-22,2025-11-24,2025-11-24 20:00:00,20,Routine,Normal
LO105267,APP015565,PAT02474,DOC011,DEP003,FAC001,LAB015,Electrolytes Panel,Biochemistry,2025-04-06,2025-04-06,2025-04-10 08:00:00,104,Routine,Normal
LO105276,APP020051,PAT02021,DOC018,DEP007,FAC003,LAB015,Electrolytes Panel,Biochemistry,2025-12-10,2025-12-11,2025-12-14 20:00:00,92,Routine,Normal
LO105277,APP017013,PAT05829,DOC001,DEP001,FAC001,LAB006,Thyroid Profile,Immunology,2025-09-09,2025-09-11,2025-09-15 17:00:00,113,Urgent,Normal
LO105279,APP026921,PAT07151,DOC034,DEP001,FAC004,LAB014,Blood Culture,Microbiology,2025-11-22,2025-11-24,2025-11-27 09:00:00,81,Routine,Normal
LO105280,APP041714,PAT08125,DOC017,DEP006,FAC002,LAB013,COVID PCR,Molecular Diagnostics,2025-02-04,2025-02-06,2025-02-08 03:00:00,51,Urgent,Normal
LO105293,APP004843,PAT09675,DOC021,DEP005,FAC001,LAB014,Blood Culture,Microbiology,2025-11-04,2025-11-05,2025-11-08 08:00:00,80,Routine,Abnormal
LO105301,APP035664,PAT04609,DOC040,DEP003,FAC005,LAB015,Electrolytes Panel,Biochemistry,2025-06-24,2025-06-25,2025-06-29 09:00:00,105,Routine,Normal
LO105307,APP027763,PAT03887,DOC016,DEP004,FAC001,LAB003,Lipid Profile,Biochemistry,2025-04-11,2025-04-12,2025-04-15 11:00:00,83,Routine,Normal
LO105312,APP020360,PAT09510,DOC036,DEP002,FAC001,LAB005,Kidney Function Test,Biochemistry,2025-08-19,2025-08-21,2025-08-22 07:00:00,31,Routine,Normal
LO105314,APP029970,PAT00096,DOC029,DEP007,FAC004,LAB008,Urine Culture,Microbiology,2025-05-22,2025-05-23,2025-05-27 22:00:00,118,Routine,Normal
LO105315,APP023532,PAT06662,DOC035,DEP001,FAC005,LAB015,Electrolytes Panel,Biochemistry,2025-01-02,2025-01-04,2025-01-07 21:00:00,93,Routine,Normal
LO105321,APP037122,PAT04289,DOC030,DEP008,FAC005,LAB008,Urine Culture,Microbiology,2025-04-09,2025-04-09,2025-04-10 08:00:00,32,Routine,Normal
LO105327,APP006217,PAT09591,DOC020,DEP006,FAC005,LAB007,Urine Routine,Microbiology,2025-06-30,2025-06-30,2025-06-30 04:00:00,4,Routine,Normal
LO105334,APP006481,PAT03753,DOC022,DEP007,FAC002,LAB005,Kidney Function Test,Biochemistry,2025-03-14,2025-03-16,2025-03-19 21:00:00,93,Routine,Abnormal
LO105338,APP024545,PAT03144,DOC001,DEP001,FAC001,LAB008,Urine Culture,Microbiology,2025-01-13,2025-01-13,2025-01-13 17:00:00,17,Routine,Abnormal
LO105340,APP023703,PAT06537,DOC016,DEP004,FAC001,LAB014,Blood Culture,Microbiology,2025-09-11,2025-09-12,2025-09-15 02:00:00,74,Urgent,Normal
LO105342,APP030614,PAT06436,DOC018,DEP007,FAC003,LAB011,ECG,Cardiology Diagnostics,2025-09-04,2025-09-06,2025-09-10 05:00:00,101,Routine,Abnormal
LO105349,APP018074,PAT04246,DOC024,DEP006,FAC004,LAB005,Kidney Function Test,Biochemistry,2025-11-28,2025-11-30,2025-12-01 09:00:00,33,Routine,Normal
LO105350,APP021139,PAT04095,DOC016,DEP004,FAC001,LAB009,Chest X-Ray,Radiology,2025-06-30,2025-07-02,2025-07-03 21:00:00,45,Urgent,Abnormal
LO105353,APP020323,PAT02233,DOC038,DEP005,FAC003,LAB003,Lipid Profile,Biochemistry,2025-07-07,2025-07-09,2025-07-12 10:00:00,82,Routine,Normal
LO105357,APP042403,PAT09734,DOC030,DEP008,FAC005,LAB011,ECG,Cardiology Diagnostics,2025-11-09,2025-11-10,2025-11-13 21:00:00,93,Routine,Normal
LO105361,APP026308,PAT03422,DOC003,DEP001,FAC003,LAB002,Blood Glucose,Biochemistry,2025-08-12,2025-08-13,2025-08-15 11:00:00,59,Routine,Normal
LO105365,APP026062,PAT00873,DOC033,DEP003,FAC003,LAB003,Lipid Profile,Biochemistry,2025-04-03,2025-04-05,2025-04-05 22:00:00,22,Routine,Normal
LO105373,APP013444,PAT01227,DOC016,DEP004,FAC001,LAB004,Liver Function Test,Biochemistry,2025-01-21,2025-01-21,2025-01-21 20:00:00,20,Routine,Normal
LO105375,APP005978,PAT01607,DOC032,DEP002,FAC002,LAB003,Lipid Profile,Biochemistry,2025-02-03,2025-02-03,2025-02-03 23:00:00,23,Routine,Abnormal
LO105377,APP008738,PAT08731,DOC013,DEP005,FAC003,LAB008,Urine Culture,Microbiology,2025-05-25,2025-05-25,2025-05-28 12:00:00,84,Routine,Critical
LO105380,APP010642,PAT01618,DOC017,DEP006,FAC002,LAB015,Electrolytes Panel,Biochemistry,2025-01-21,2025-01-21,2025-01-25 20:00:00,116,Routine,Abnormal
LO105383,APP025126,PAT09467,DOC034,DEP001,FAC004,LAB011,ECG,Cardiology Diagnostics,2025-04-01,2025-04-01,2025-04-05 22:00:00,118,Routine,Normal
LO105387,APP025031,PAT03648,DOC035,DEP001,FAC005,LAB002,Blood Glucose,Biochemistry,2025-06-12,2025-06-13,2025-06-16 03:00:00,75,Routine,Normal
LO105388,APP000566,PAT08086,DOC013,DEP005,FAC003,LAB009,Chest X-Ray,Radiology,2025-06-12,2025-06-13,2025-06-17 07:00:00,103,Routine,Normal
LO105390,APP024501,PAT04986,DOC026,DEP008,FAC001,LAB007,Urine Routine,Microbiology,2025-11-22,2025-11-24,2025-11-26 01:00:00,49,Routine,Normal
LO105392,APP006345,PAT03976,DOC025,DEP007,FAC005,LAB014,Blood Culture,Microbiology,2025-02-25,2025-02-26,2025-03-01 10:00:00,82,Urgent,Normal
LO105395,APP048150,PAT01531,DOC006,DEP002,FAC001,LAB011,ECG,Cardiology Diagnostics,2025-09-02,2025-09-03,2025-09-05 19:00:00,67,Routine,Normal
LO105399,APP044296,PAT02251,DOC020,DEP006,FAC005,LAB008,Urine Culture,Microbiology,2025-08-02,2025-08-03,2025-08-03 11:00:00,11,Urgent,Normal
LO105403,APP044532,PAT09238,DOC027,DEP001,FAC002,LAB014,Blood Culture,Microbiology,2025-06-07,2025-06-08,2025-06-12 12:00:00,108,Routine,Normal
LO105407,APP012734,PAT03949,DOC023,DEP008,FAC003,LAB005,Kidney Function Test,Biochemistry,2025-11-25,2025-11-25,2025-11-29 13:00:00,109,Routine,Normal
LO105415,APP035764,PAT02217,DOC030,DEP008,FAC005,LAB011,ECG,Cardiology Diagnostics,2025-04-19,2025-04-21,2025-04-21 14:00:00,14,Routine,Abnormal
LO105417,APP014965,PAT02520,DOC005,DEP001,FAC005,LAB013,COVID PCR,Molecular Diagnostics,2025-04-07,2025-04-07,2025-04-07 11:00:00,11,Routine,Normal
LO105419,APP000417,PAT04437,DOC023,DEP008,FAC003,LAB015,Electrolytes Panel,Biochemistry,2025-10-02,2025-10-02,2025-10-06 01:00:00,97,Routine,Normal
LO105433,APP025269,PAT07110,DOC017,DEP006,FAC002,LAB010,Ultrasound Abdomen,Radiology,2025-11-22,2025-11-22,2025-11-24 20:00:00,68,Routine,Normal
LO105436,APP028008,PAT01870,DOC037,DEP005,FAC002,LAB002,Blood Glucose,Biochemistry,2025-02-15,2025-02-17,2025-02-20 00:00:00,72,Routine,Normal
LO105447,APP006069,PAT05872,DOC027,DEP001,FAC002,LAB006,Thyroid Profile,Immunology,2025-05-07,2025-05-09,2025-05-11 09:00:00,57,Routine,Normal
LO105449,APP010644,PAT09086,DOC004,DEP001,FAC004,LAB004,Liver Function Test,Biochemistry,2025-01-19,2025-01-20,2025-01-23 03:00:00,75,Routine,Normal
LO105453,APP038889,PAT02460,DOC004,DEP001,FAC004,LAB011,ECG,Cardiology Diagnostics,2025-07-16,2025-07-17,2025-07-18 08:00:00,32,Routine,Critical
LO105464,APP021832,PAT06922,DOC006,DEP002,FAC001,LAB007,Urine Routine,Microbiology,2025-12-22,2025-12-24,2025-12-25 04:00:00,28,Routine,Normal
LO105471,APP007055,PAT02693,DOC033,DEP003,FAC003,LAB009,Chest X-Ray,Radiology,2025-06-20,2025-06-22,2025-06-23 19:00:00,43,Routine,Normal
LO105472,APP031905,PAT03446,DOC021,DEP005,FAC001,LAB008,Urine Culture,Microbiology,2025-03-11,2025-03-12,2025-03-15 15:00:00,87,Routine,Normal
LO105475,APP043037,PAT06804,DOC016,DEP004,FAC001,LAB006,Thyroid Profile,Immunology,2025-10-13,2025-10-14,2025-10-14 20:00:00,20,Urgent,Normal
LO105486,APP029404,PAT09678,DOC032,DEP002,FAC002,LAB007,Urine Routine,Microbiology,2025-03-22,2025-03-24,2025-03-27 08:00:00,80,Urgent,Normal
LO105488,APP045617,PAT05564,DOC033,DEP003,FAC003,LAB010,Ultrasound Abdomen,Radiology,2025-06-13,2025-06-14,2025-06-14 08:00:00,8,Routine,Normal
LO105496,APP002541,PAT00170,DOC040,DEP003,FAC005,LAB012,HbA1c,Biochemistry,2025-07-25,2025-07-27,2025-07-28 15:00:00,39,Routine,Normal
LO105508,APP033531,PAT00246,DOC019,DEP005,FAC004,LAB007,Urine Routine,Microbiology,2025-05-30,2025-05-30,2025-05-30 10:00:00,10,Routine,Normal
LO105510,APP026947,PAT09521,DOC036,DEP002,FAC001,LAB008,Urine Culture,Microbiology,2025-10-11,2025-10-13,2025-10-16 07:00:00,79,Routine,Normal
LO105511,APP034285,PAT00658,DOC027,DEP001,FAC002,LAB009,Chest X-Ray,Radiology,2025-01-08,2025-01-10,2025-01-15 00:00:00,120,Routine,Normal
LO105512,APP002681,PAT09038,DOC001,DEP001,FAC001,LAB008,Urine Culture,Microbiology,2025-10-10,2025-10-10,2025-10-12 11:00:00,59,Routine,Abnormal
LO105515,APP017758,PAT05864,DOC022,DEP007,FAC002,LAB009,Chest X-Ray,Radiology,2025-07-31,2025-07-31,2025-08-04 15:00:00,111,Routine,Normal
LO105518,APP040210,PAT05024,DOC032,DEP002,FAC002,LAB002,Blood Glucose,Biochemistry,2025-06-12,2025-06-14,2025-06-18 20:00:00,116,Routine,Normal
LO105520,APP036346,PAT02068,DOC013,DEP005,FAC003,LAB012,HbA1c,Biochemistry,2025-03-25,2025-03-25,2025-03-27 01:00:00,49,Routine,Normal
LO105522,APP038065,PAT08391,DOC037,DEP005,FAC002,LAB011,ECG,Cardiology Diagnostics,2025-07-12,2025-07-12,2025-07-15 00:00:00,72,Routine,Abnormal
LO105530,APP004603,PAT02418,DOC013,DEP005,FAC003,LAB014,Blood Culture,Microbiology,2025-04-16,2025-04-18,2025-04-22 06:00:00,102,Routine,Normal
LO105531,APP027699,PAT09080,DOC027,DEP001,FAC002,LAB012,HbA1c,Biochemistry,2025-11-12,2025-11-12,2025-11-13 09:00:00,33,Routine,Normal
LO105537,APP009046,PAT02502,DOC003,DEP001,FAC003,LAB013,COVID PCR,Molecular Diagnostics,2025-06-17,2025-06-17,2025-06-18 20:00:00,44,Routine,Normal
LO105541,APP012477,PAT04827,DOC035,DEP001,FAC005,LAB004,Liver Function Test,Biochemistry,2025-08-18,2025-08-18,2025-08-19 21:00:00,45,Routine,Normal
LO105542,APP038130,PAT05340,DOC030,DEP008,FAC005,LAB013,COVID PCR,Molecular Diagnostics,2025-10-04,2025-10-06,2025-10-08 12:00:00,60,Routine,Normal
LO105550,APP043517,PAT06463,DOC029,DEP007,FAC004,LAB006,Thyroid Profile,Immunology,2025-04-12,2025-04-13,2025-04-15 21:00:00,69,Routine,Normal
LO105554,APP010334,PAT04101,DOC009,DEP002,FAC004,LAB008,Urine Culture,Microbiology,2025-11-11,2025-11-13,2025-11-13 14:00:00,14,Routine,Normal
LO105556,APP007186,PAT01040,DOC022,DEP007,FAC002,LAB008,Urine Culture,Microbiology,2025-05-18,2025-05-18,2025-05-20 10:00:00,58,Routine,Normal
LO105557,APP048264,PAT00047,DOC040,DEP003,FAC005,LAB006,Thyroid Profile,Immunology,2025-11-23,2025-11-24,2025-11-28 12:00:00,108,Routine,Normal
LO105561,APP022380,PAT02875,DOC030,DEP008,FAC005,LAB012,HbA1c,Biochemistry,2025-11-06,2025-11-08,2025-11-10 06:00:00,54,Routine,Normal
LO105563,APP005858,PAT01062,DOC034,DEP001,FAC004,LAB007,Urine Routine,Microbiology,2025-09-19,2025-09-21,2025-09-21 11:00:00,11,Routine,Normal
LO105564,APP007956,PAT07334,DOC040,DEP003,FAC005,LAB009,Chest X-Ray,Radiology,2025-04-14,2025-04-16,2025-04-19 07:00:00,79,Urgent,Abnormal
LO105570,APP037651,PAT06432,DOC036,DEP002,FAC001,LAB006,Thyroid Profile,Immunology,2025-04-17,2025-04-18,2025-04-19 16:00:00,40,Routine,Normal
LO105571,APP038654,PAT04731,DOC030,DEP008,FAC005,LAB009,Chest X-Ray,Radiology,2025-05-23,2025-05-24,2025-05-27 11:00:00,83,Routine,Normal
LO105572,APP017030,PAT03899,DOC023,DEP008,FAC003,LAB014,Blood Culture,Microbiology,2025-12-15,2025-12-17,2025-12-20 03:00:00,75,Routine,Normal
LO105575,APP001100,PAT03805,DOC014,DEP004,FAC004,LAB001,Complete Blood Count,Hematology,2025-11-15,2025-11-16,2025-11-19 01:00:00,73,Routine,Normal
LO105578,APP007047,PAT05235,DOC027,DEP001,FAC002,LAB011,ECG,Cardiology Diagnostics,2025-09-04,2025-09-05,2025-09-09 23:00:00,119,Routine,Normal
LO105593,APP013343,PAT08241,DOC007,DEP002,FAC002,LAB010,Ultrasound Abdomen,Radiology,2025-09-19,2025-09-19,2025-09-19 05:00:00,5,Routine,Normal
LO105596,APP004561,PAT08798,DOC019,DEP005,FAC004,LAB003,Lipid Profile,Biochemistry,2025-09-27,2025-09-28,2025-10-01 15:00:00,87,Routine,Abnormal
LO105597,APP046284,PAT05513,DOC021,DEP005,FAC001,LAB012,HbA1c,Biochemistry,2025-04-29,2025-04-30,2025-04-30 17:00:00,17,Routine,Normal
LO105602,APP004466,PAT00612,DOC014,DEP004,FAC004,LAB011,ECG,Cardiology Diagnostics,2025-03-03,2025-03-05,2025-03-07 01:00:00,49,Routine,Abnormal
LO105610,APP010243,PAT01394,DOC028,DEP001,FAC003,LAB013,COVID PCR,Molecular Diagnostics,2025-08-29,2025-08-31,2025-09-03 12:00:00,84,Urgent,Normal
LO105614,APP007245,PAT08626,DOC007,DEP002,FAC002,LAB010,Ultrasound Abdomen,Radiology,2025-09-29,2025-10-01,2025-10-04 09:00:00,81,Routine,Normal
LO105616,APP040310,PAT08493,DOC039,DEP002,FAC004,LAB005,Kidney Function Test,Biochemistry,2025-06-07,2025-06-09,2025-06-09 14:00:00,14,Routine,Normal
LO105618,APP026341,PAT03324,DOC001,DEP001,FAC001,LAB004,Liver Function Test,Biochemistry,2025-04-29,2025-05-01,2025-05-05 11:00:00,107,Routine,Normal
LO105621,APP001521,PAT02901,DOC022,DEP007,FAC002,LAB010,Ultrasound Abdomen,Radiology,2025-10-04,2025-10-04,2025-10-05 17:00:00,41,Routine,Abnormal
LO105625,APP018806,PAT00071,DOC035,DEP001,FAC005,LAB001,Complete Blood Count,Hematology,2025-09-04,2025-09-06,2025-09-08 12:00:00,60,Routine,Normal
LO105630,APP026130,PAT09902,DOC025,DEP007,FAC005,LAB014,Blood Culture,Microbiology,2025-10-16,2025-10-17,2025-10-18 06:00:00,30,Routine,Normal
LO105632,APP037462,PAT05702,DOC032,DEP002,FAC002,LAB002,Blood Glucose,Biochemistry,2025-07-09,2025-07-11,2025-07-14 14:00:00,86,Routine,Normal
LO105633,APP002913,PAT07991,DOC003,DEP001,FAC003,LAB005,Kidney Function Test,Biochemistry,2025-11-23,2025-11-25,2025-11-29 12:00:00,108,Routine,Normal
LO105637,APP039612,PAT05555,DOC002,DEP001,FAC002,LAB008,Urine Culture,Microbiology,2025-09-22,2025-09-22,2025-09-25 14:00:00,86,Urgent,Normal
LO105648,APP026699,PAT03777,DOC011,DEP003,FAC001,LAB008,Urine Culture,Microbiology,2025-07-24,2025-07-26,2025-07-26 10:00:00,10,Routine,Abnormal
LO105659,APP004368,PAT00287,DOC026,DEP008,FAC001,LAB002,Blood Glucose,Biochemistry,2025-12-06,2025-12-06,2025-12-09 09:00:00,81,Routine,Abnormal
LO105662,APP005658,PAT09314,DOC029,DEP007,FAC004,LAB014,Blood Culture,Microbiology,2025-10-24,2025-10-24,2025-10-26 20:00:00,68,Routine,Normal
LO105665,APP002631,PAT06546,DOC034,DEP001,FAC004,LAB010,Ultrasound Abdomen,Radiology,2025-11-02,2025-11-03,2025-11-03 06:00:00,6,Routine,Normal
LO105675,APP004441,PAT05386,DOC012,DEP005,FAC002,LAB004,Liver Function Test,Biochemistry,2025-11-02,2025-11-02,2025-11-05 03:00:00,75,Routine,Normal
LO105676,APP026281,PAT02070,DOC025,DEP007,FAC005,LAB014,Blood Culture,Microbiology,2025-10-08,2025-10-10,2025-10-14 09:00:00,105,Routine,Normal
LO105680,APP039418,PAT05964,DOC025,DEP007,FAC005,LAB002,Blood Glucose,Biochemistry,2025-10-11,2025-10-12,2025-10-12 11:00:00,11,Urgent,Normal
LO105682,APP007082,PAT00634,DOC033,DEP003,FAC003,LAB007,Urine Routine,Microbiology,2025-04-29,2025-05-01,2025-05-03 13:00:00,61,Routine,Normal
LO105687,APP028443,PAT00151,DOC018,DEP007,FAC003,LAB015,Electrolytes Panel,Biochemistry,2025-06-07,2025-06-07,2025-06-10 18:00:00,90,Urgent,Normal
LO105694,APP039364,PAT09482,DOC026,DEP008,FAC001,LAB009,Chest X-Ray,Radiology,2025-10-19,2025-10-21,2025-10-24 03:00:00,75,Routine,Normal
LO105700,APP014587,PAT01471,DOC014,DEP004,FAC004,LAB010,Ultrasound Abdomen,Radiology,2025-12-14,2025-12-14,2025-12-14 23:00:00,23,Stat,Normal
LO105702,APP001559,PAT04747,DOC014,DEP004,FAC004,LAB014,Blood Culture,Microbiology,2025-09-19,2025-09-19,2025-09-22 20:00:00,92,Routine,Normal
LO105719,APP046832,PAT05628,DOC018,DEP007,FAC003,LAB011,ECG,Cardiology Diagnostics,2025-06-25,2025-06-26,2025-06-28 02:00:00,50,Routine,Abnormal
LO105721,APP028298,PAT05713,DOC026,DEP008,FAC001,LAB015,Electrolytes Panel,Biochemistry,2025-03-31,2025-04-02,2025-04-05 00:00:00,72,Routine,Normal
LO105727,APP016473,PAT04982,DOC038,DEP005,FAC003,LAB011,ECG,Cardiology Diagnostics,2025-03-11,2025-03-13,2025-03-14 22:00:00,46,Routine,Normal
LO105728,APP004721,PAT09736,DOC007,DEP002,FAC002,LAB010,Ultrasound Abdomen,Radiology,2025-05-06,2025-05-08,2025-05-08 13:00:00,13,Urgent,Normal
LO105745,APP035528,PAT08359,DOC009,DEP002,FAC004,LAB009,Chest X-Ray,Radiology,2025-09-08,2025-09-08,2025-09-12 02:00:00,98,Routine,Normal
LO105755,APP047046,PAT02391,DOC004,DEP001,FAC004,LAB002,Blood Glucose,Biochemistry,2025-09-14,2025-09-16,2025-09-20 22:00:00,118,Routine,Normal
LO105756,APP014172,PAT08608,DOC023,DEP008,FAC003,LAB014,Blood Culture,Microbiology,2025-05-26,2025-05-27,2025-05-30 21:00:00,93,Routine,Normal
LO105759,APP025884,PAT03903,DOC029,DEP007,FAC004,LAB001,Complete Blood Count,Hematology,2025-06-26,2025-06-28,2025-06-29 08:00:00,32,Routine,Normal
LO105760,APP015220,PAT08285,DOC031,DEP001,FAC001,LAB003,Lipid Profile,Biochemistry,2025-12-06,2025-12-06,2025-12-09 05:00:00,77,Routine,Normal
LO105762,APP007790,PAT03211,DOC009,DEP002,FAC004,LAB013,COVID PCR,Molecular Diagnostics,2025-03-12,2025-03-13,2025-03-17 01:00:00,97,Urgent,Normal
LO105764,APP016305,PAT03753,DOC020,DEP006,FAC005,LAB002,Blood Glucose,Biochemistry,2025-08-06,2025-08-07,2025-08-08 23:00:00,47,Routine,Normal
LO105783,APP033753,PAT01704,DOC035,DEP001,FAC005,LAB012,HbA1c,Biochemistry,2025-04-26,2025-04-27,2025-05-01 14:00:00,110,Routine,Normal
LO105793,APP045056,PAT02484,DOC017,DEP006,FAC002,LAB003,Lipid Profile,Biochemistry,2025-04-04,2025-04-06,2025-04-06 11:00:00,11,Routine,Normal
LO105796,APP028725,PAT04867,DOC001,DEP001,FAC001,LAB005,Kidney Function Test,Biochemistry,2025-12-28,2025-12-28,2025-12-28 03:00:00,3,Urgent,Normal
LO105799,APP021659,PAT09682,DOC017,DEP006,FAC002,LAB014,Blood Culture,Microbiology,2025-01-25,2025-01-25,2025-01-29 10:00:00,106,Routine,Abnormal
LO105804,APP002642,PAT01531,DOC040,DEP003,FAC005,LAB014,Blood Culture,Microbiology,2025-10-15,2025-10-15,2025-10-16 08:00:00,32,Routine,Normal
LO105808,APP014888,PAT02055,DOC003,DEP001,FAC003,LAB002,Blood Glucose,Biochemistry,2025-10-19,2025-10-20,2025-10-20 10:00:00,10,Routine,Normal
LO105814,APP017697,PAT00285,DOC025,DEP007,FAC005,LAB013,COVID PCR,Molecular Diagnostics,2025-07-16,2025-07-18,2025-07-22 14:00:00,110,Routine,Normal
LO105817,APP038139,PAT00564,DOC030,DEP008,FAC005,LAB009,Chest X-Ray,Radiology,2025-08-14,2025-08-15,2025-08-16 12:00:00,36,Urgent,Normal
LO105819,APP040421,PAT06127,DOC028,DEP001,FAC003,LAB003,Lipid Profile,Biochemistry,2025-11-17,2025-11-17,2025-11-17 08:00:00,8,Routine,Abnormal
LO105820,APP048624,PAT02255,DOC012,DEP005,FAC002,LAB004,Liver Function Test,Biochemistry,2025-03-19,2025-03-21,2025-03-23 10:00:00,58,Routine,Normal
LO105821,APP014723,PAT08162,DOC037,DEP005,FAC002,LAB008,Urine Culture,Microbiology,2025-11-28,2025-11-30,2025-12-04 18:00:00,114,Routine,Normal
LO105826,APP041799,PAT01086,DOC024,DEP006,FAC004,LAB004,Liver Function Test,Biochemistry,2025-09-17,2025-09-17,2025-09-20 20:00:00,92,Routine,Normal
LO105834,APP045280,PAT03888,DOC012,DEP005,FAC002,LAB011,ECG,Cardiology Diagnostics,2025-08-30,2025-09-01,2025-09-01 20:00:00,20,Urgent,Normal
LO105871,APP045314,PAT09939,DOC024,DEP006,FAC004,LAB008,Urine Culture,Microbiology,2025-10-13,2025-10-15,2025-10-18 08:00:00,80,Routine,Abnormal
LO105873,APP007546,PAT04890,DOC037,DEP005,FAC002,LAB010,Ultrasound Abdomen,Radiology,2025-09-17,2025-09-17,2025-09-21 14:00:00,110,Routine,Abnormal
LO105899,APP007172,PAT00274,DOC024,DEP006,FAC004,LAB012,HbA1c,Biochemistry,2025-03-08,2025-03-09,2025-03-12 19:00:00,91,Routine,Critical
LO105907,APP032645,PAT00559,DOC008,DEP003,FAC003,LAB011,ECG,Cardiology Diagnostics,2025-07-14,2025-07-14,2025-07-15 08:00:00,32,Routine,Normal
LO105909,APP013545,PAT08257,DOC005,DEP001,FAC005,LAB005,Kidney Function Test,Biochemistry,2025-02-23,2025-02-24,2025-02-28 11:00:00,107,Routine,Normal
LO105915,APP030056,PAT00477,DOC020,DEP006,FAC005,LAB002,Blood Glucose,Biochemistry,2025-01-04,2025-01-06,2025-01-10 07:00:00,103,Routine,Normal
LO105916,APP005827,PAT05283,DOC016,DEP004,FAC001,LAB009,Chest X-Ray,Radiology,2025-06-30,2025-07-01,2025-07-05 08:00:00,104,Stat,Normal
LO105919,APP022612,PAT02999,DOC037,DEP005,FAC002,LAB004,Liver Function Test,Biochemistry,2025-02-05,2025-02-05,2025-02-06 11:00:00,35,Routine,Normal
LO105937,APP032970,PAT07052,DOC008,DEP003,FAC003,LAB010,Ultrasound Abdomen,Radiology,2025-12-27,2025-12-28,2026-01-01 00:00:00,96,Routine,Normal
LO105939,APP020891,PAT00042,DOC018,DEP007,FAC003,LAB006,Thyroid Profile,Immunology,2025-08-30,2025-08-31,2025-09-03 18:00:00,90,Routine,Critical
LO105952,APP042936,PAT03207,DOC005,DEP001,FAC005,LAB011,ECG,Cardiology Diagnostics,2025-10-29,2025-10-30,2025-11-01 20:00:00,68,Routine,Normal
LO105957,APP012100,PAT04581,DOC011,DEP003,FAC001,LAB003,Lipid Profile,Biochemistry,2025-08-24,2025-08-26,2025-08-27 00:00:00,24,Routine,Normal
LO105958,APP048429,PAT09566,DOC006,DEP002,FAC001,LAB009,Chest X-Ray,Radiology,2025-09-24,2025-09-26,2025-09-29 12:00:00,84,Stat,Normal
LO105966,APP032144,PAT08875,DOC039,DEP002,FAC004,LAB007,Urine Routine,Microbiology,2025-11-02,2025-11-02,2025-11-04 11:00:00,59,Routine,Normal
LO105977,APP020461,PAT08626,DOC007,DEP002,FAC002,LAB014,Blood Culture,Microbiology,2025-09-16,2025-09-17,2025-09-17 19:00:00,19,Routine,Normal
LO105978,APP008677,PAT06423,DOC018,DEP007,FAC003,LAB012,HbA1c,Biochemistry,2025-08-10,2025-08-11,2025-08-15 03:00:00,99,Routine,Normal
LO105982,APP020393,PAT01523,DOC016,DEP004,FAC001,LAB008,Urine Culture,Microbiology,2025-01-22,2025-01-23,2025-01-26 17:00:00,89,Stat,Normal
LO105983,APP036329,PAT09839,DOC001,DEP001,FAC001,LAB002,Blood Glucose,Biochemistry,2025-12-19,2025-12-19,2025-12-20 03:00:00,27,Routine,Normal
LO105990,APP014107,PAT07811,DOC036,DEP002,FAC001,LAB013,COVID PCR,Molecular Diagnostics,2025-03-27,2025-03-29,2025-03-31 14:00:00,62,Routine,Normal
LO105991,APP029910,PAT09286,DOC024,DEP006,FAC004,LAB008,Urine Culture,Microbiology,2025-04-18,2025-04-19,2025-04-20 19:00:00,43,Urgent,Normal
LO105994,APP027681,PAT06877,DOC010,DEP003,FAC005,LAB003,Lipid Profile,Biochemistry,2025-02-24,2025-02-26,2025-03-01 21:00:00,93,Routine,Normal
LO105996,APP003354,PAT08798,DOC008,DEP003,FAC003,LAB013,COVID PCR,Molecular Diagnostics,2025-05-28,2025-05-30,2025-06-01 15:00:00,63,Routine,Abnormal
LO106007,APP012013,PAT09786,DOC035,DEP001,FAC005,LAB014,Blood Culture,Microbiology,2025-10-19,2025-10-21,2025-10-23 21:00:00,69,Stat,Normal
LO106012,APP020702,PAT09055,DOC008,DEP003,FAC003,LAB014,Blood Culture,Microbiology,2025-02-06,2025-02-07,2025-02-10 21:00:00,93,Routine,Normal
LO106022,APP017020,PAT05091,DOC031,DEP001,FAC001,LAB008,Urine Culture,Microbiology,2025-12-06,2025-12-08,2025-12-09 23:00:00,47,Routine,Abnormal
LO106025,APP027780,PAT09951,DOC017,DEP006,FAC002,LAB013,COVID PCR,Molecular Diagnostics,2025-01-29,2025-01-30,2025-02-03 07:00:00,103,Routine,Abnormal
LO106026,APP022960,PAT07624,DOC032,DEP002,FAC002,LAB009,Chest X-Ray,Radiology,2025-10-29,2025-10-31,2025-11-01 23:00:00,47,Routine,Normal
LO106031,APP011935,PAT00336,DOC006,DEP002,FAC001,LAB014,Blood Culture,Microbiology,2025-05-30,2025-06-01,2025-06-01 18:00:00,18,Urgent,Normal
LO106043,APP042474,PAT06028,DOC012,DEP005,FAC002,LAB002,Blood Glucose,Biochemistry,2025-05-15,2025-05-17,2025-05-20 15:00:00,87,Routine,Normal
LO106045,APP045622,PAT02127,DOC032,DEP002,FAC002,LAB010,Ultrasound Abdomen,Radiology,2025-11-07,2025-11-07,2025-11-08 12:00:00,36,Routine,Normal
LO106049,APP004212,PAT09341,DOC027,DEP001,FAC002,LAB012,HbA1c,Biochemistry,2025-04-19,2025-04-21,2025-04-24 07:00:00,79,Routine,Normal
LO106057,APP005254,PAT09820,DOC009,DEP002,FAC004,LAB009,Chest X-Ray,Radiology,2025-11-03,2025-11-03,2025-11-07 23:00:00,119,Routine,Normal
LO106061,APP003192,PAT06423,DOC001,DEP001,FAC001,LAB014,Blood Culture,Microbiology,2025-11-16,2025-11-17,2025-11-21 12:00:00,108,Routine,Normal
LO106062,APP036931,PAT00124,DOC011,DEP003,FAC001,LAB003,Lipid Profile,Biochemistry,2025-10-17,2025-10-19,2025-10-23 02:00:00,98,Routine,Normal
LO106109,APP048897,PAT02944,DOC008,DEP003,FAC003,LAB007,Urine Routine,Microbiology,2025-03-09,2025-03-10,2025-03-12 19:00:00,67,Stat,Abnormal
LO106116,APP015595,PAT04448,DOC033,DEP003,FAC003,LAB013,COVID PCR,Molecular Diagnostics,2025-06-19,2025-06-21,2025-06-25 16:00:00,112,Routine,Normal
LO106117,APP025300,PAT04831,DOC024,DEP006,FAC004,LAB005,Kidney Function Test,Biochemistry,2025-09-04,2025-09-04,2025-09-05 05:00:00,29,Routine,Normal
LO106123,APP042192,PAT00634,DOC039,DEP002,FAC004,LAB005,Kidney Function Test,Biochemistry,2025-04-10,2025-04-12,2025-04-13 09:00:00,33,Urgent,Normal
LO106130,APP001148,PAT01599,DOC011,DEP003,FAC001,LAB011,ECG,Cardiology Diagnostics,2025-03-27,2025-03-27,2025-03-27 04:00:00,4,Routine,Normal
LO106133,APP011644,PAT00111,DOC019,DEP005,FAC004,LAB009,Chest X-Ray,Radiology,2025-02-23,2025-02-23,2025-02-26 19:00:00,91,Routine,Normal
LO106152,APP008479,PAT06188,DOC024,DEP006,FAC004,LAB009,Chest X-Ray,Radiology,2025-09-07,2025-09-09,2025-09-12 12:00:00,84,Urgent,Normal
LO106155,APP034424,PAT03195,DOC026,DEP008,FAC001,LAB001,Complete Blood Count,Hematology,2025-09-29,2025-10-01,2025-10-05 15:00:00,111,Routine,Normal
LO106160,APP048999,PAT05951,DOC016,DEP004,FAC001,LAB001,Complete Blood Count,Hematology,2025-02-05,2025-02-06,2025-02-06 03:00:00,3,Routine,Abnormal
LO106162,APP020027,PAT02134,DOC005,DEP001,FAC005,LAB009,Chest X-Ray,Radiology,2025-09-23,2025-09-24,2025-09-28 05:00:00,101,Routine,Normal
LO106166,APP002015,PAT02237,DOC033,DEP003,FAC003,LAB002,Blood Glucose,Biochemistry,2025-07-06,2025-07-06,2025-07-09 14:00:00,86,Routine,Abnormal
LO106186,APP027946,PAT08452,DOC023,DEP008,FAC003,LAB013,COVID PCR,Molecular Diagnostics,2025-01-07,2025-01-08,2025-01-08 15:00:00,15,Urgent,Normal
LO106187,APP011110,PAT02056,DOC013,DEP005,FAC003,LAB002,Blood Glucose,Biochemistry,2025-10-07,2025-10-08,2025-10-09 04:00:00,28,Routine,Abnormal
LO106196,APP030040,PAT09839,DOC007,DEP002,FAC002,LAB012,HbA1c,Biochemistry,2025-11-05,2025-11-06,2025-11-08 08:00:00,56,Urgent,Normal
LO106206,APP015278,PAT08927,DOC005,DEP001,FAC005,LAB001,Complete Blood Count,Hematology,2025-04-19,2025-04-21,2025-04-24 11:00:00,83,Urgent,Normal
LO106208,APP037373,PAT06432,DOC005,DEP001,FAC005,LAB002,Blood Glucose,Biochemistry,2025-08-09,2025-08-09,2025-08-13 18:00:00,114,Stat,Abnormal
LO106211,APP035572,PAT02125,DOC033,DEP003,FAC003,LAB011,ECG,Cardiology Diagnostics,2025-03-12,2025-03-12,2025-03-14 03:00:00,51,Routine,Normal
LO106214,APP044333,PAT03387,DOC013,DEP005,FAC003,LAB001,Complete Blood Count,Hematology,2025-01-18,2025-01-20,2025-01-20 20:00:00,20,Routine,Normal
LO106220,APP042275,PAT08197,DOC029,DEP007,FAC004,LAB005,Kidney Function Test,Biochemistry,2025-07-08,2025-07-08,2025-07-11 11:00:00,83,Routine,Normal
LO106221,APP041260,PAT07725,DOC002,DEP001,FAC002,LAB015,Electrolytes Panel,Biochemistry,2025-08-16,2025-08-17,2025-08-19 04:00:00,52,Routine,Normal
LO106223,APP039337,PAT05567,DOC010,DEP003,FAC005,LAB011,ECG,Cardiology Diagnostics,2025-10-05,2025-10-07,2025-10-11 04:00:00,100,Routine,Normal
LO106228,APP027335,PAT01324,DOC037,DEP005,FAC002,LAB008,Urine Culture,Microbiology,2025-07-25,2025-07-25,2025-07-27 17:00:00,65,Routine,Normal
LO106232,APP014688,PAT06905,DOC022,DEP007,FAC002,LAB002,Blood Glucose,Biochemistry,2025-12-26,2025-12-27,2025-12-28 08:00:00,32,Routine,Normal
LO106234,APP028473,PAT05475,DOC032,DEP002,FAC002,LAB012,HbA1c,Biochemistry,2025-12-31,2025-12-31,2026-01-01 07:00:00,31,Routine,Normal
LO106237,APP012153,PAT03547,DOC037,DEP005,FAC002,LAB001,Complete Blood Count,Hematology,2025-02-25,2025-02-25,2025-02-25 03:00:00,3,Urgent,Normal
LO106250,APP023917,PAT09856,DOC018,DEP007,FAC003,LAB015,Electrolytes Panel,Biochemistry,2025-05-25,2025-05-27,2025-05-28 15:00:00,39,Routine,Normal
LO106259,APP037946,PAT00201,DOC033,DEP003,FAC003,LAB005,Kidney Function Test,Biochemistry,2025-04-07,2025-04-07,2025-04-10 19:00:00,91,Routine,Normal
LO106265,APP027471,PAT02127,DOC038,DEP005,FAC003,LAB009,Chest X-Ray,Radiology,2025-07-12,2025-07-12,2025-07-13 15:00:00,39,Routine,Normal
LO106268,APP020379,PAT08618,DOC017,DEP006,FAC002,LAB004,Liver Function Test,Biochemistry,2025-10-25,2025-10-26,2025-10-26 04:00:00,4,Routine,Normal
LO106282,APP006583,PAT03335,DOC026,DEP008,FAC001,LAB005,Kidney Function Test,Biochemistry,2025-11-25,2025-11-25,2025-11-25 20:00:00,20,Routine,Normal
LO106283,APP008857,PAT04418,DOC014,DEP004,FAC004,LAB014,Blood Culture,Microbiology,2025-05-04,2025-05-06,2025-05-06 01:00:00,1,Routine,Normal
LO106293,APP045281,PAT03708,DOC037,DEP005,FAC002,LAB001,Complete Blood Count,Hematology,2025-10-21,2025-10-22,2025-10-23 02:00:00,26,Routine,Normal
LO106304,APP020948,PAT02992,DOC009,DEP002,FAC004,LAB015,Electrolytes Panel,Biochemistry,2025-04-03,2025-04-03,2025-04-07 19:00:00,115,Routine,Normal
LO106311,APP036141,PAT00036,DOC026,DEP008,FAC001,LAB012,HbA1c,Biochemistry,2025-12-06,2025-12-06,2025-12-09 16:00:00,88,Routine,Normal
LO106317,APP046792,PAT08137,DOC025,DEP007,FAC005,LAB005,Kidney Function Test,Biochemistry,2025-04-19,2025-04-21,2025-04-24 20:00:00,92,Routine,Normal
LO106326,APP001219,PAT02145,DOC039,DEP002,FAC004,LAB005,Kidney Function Test,Biochemistry,2025-10-08,2025-10-08,2025-10-09 09:00:00,33,Routine,Normal
LO106332,APP035182,PAT06792,DOC022,DEP007,FAC002,LAB015,Electrolytes Panel,Biochemistry,2025-01-18,2025-01-19,2025-01-21 01:00:00,49,Routine,Normal
LO106338,APP024677,PAT07293,DOC031,DEP001,FAC001,LAB006,Thyroid Profile,Immunology,2025-12-27,2025-12-28,2026-01-01 16:00:00,112,Routine,Normal
LO106342,APP016338,PAT03017,DOC040,DEP003,FAC005,LAB004,Liver Function Test,Biochemistry,2025-04-18,2025-04-20,2025-04-24 10:00:00,106,Routine,Normal
LO106344,APP040460,PAT07999,DOC038,DEP005,FAC003,LAB002,Blood Glucose,Biochemistry,2025-10-31,2025-11-01,2025-11-05 01:00:00,97,Routine,Normal
LO106345,APP021902,PAT02168,DOC030,DEP008,FAC005,LAB008,Urine Culture,Microbiology,2025-05-24,2025-05-24,2025-05-25 16:00:00,40,Routine,Normal
LO106348,APP013059,PAT08884,DOC028,DEP001,FAC003,LAB008,Urine Culture,Microbiology,2025-05-05,2025-05-05,2025-05-07 15:00:00,63,Routine,Abnormal
LO106355,APP028295,PAT08599,DOC033,DEP003,FAC003,LAB005,Kidney Function Test,Biochemistry,2025-12-16,2025-12-16,2025-12-18 12:00:00,60,Urgent,Normal
LO106357,APP029081,PAT01019,DOC006,DEP002,FAC001,LAB006,Thyroid Profile,Immunology,2025-07-03,2025-07-05,2025-07-07 03:00:00,51,Routine,Normal
LO106358,APP006525,PAT09956,DOC028,DEP001,FAC003,LAB011,ECG,Cardiology Diagnostics,2025-08-31,2025-08-31,2025-09-03 20:00:00,92,Routine,Normal
LO106361,APP000681,PAT00322,DOC019,DEP005,FAC004,LAB014,Blood Culture,Microbiology,2025-05-03,2025-05-05,2025-05-05 09:00:00,9,Routine,Normal
LO106367,APP006000,PAT04862,DOC007,DEP002,FAC002,LAB005,Kidney Function Test,Biochemistry,2025-10-06,2025-10-08,2025-10-09 22:00:00,46,Urgent,Normal
LO106368,APP037539,PAT09717,DOC037,DEP005,FAC002,LAB002,Blood Glucose,Biochemistry,2025-03-04,2025-03-04,2025-03-08 06:00:00,102,Routine,Normal
LO106374,APP032703,PAT00399,DOC015,DEP005,FAC005,LAB005,Kidney Function Test,Biochemistry,2025-06-14,2025-06-15,2025-06-19 06:00:00,102,Urgent,Normal
LO106375,APP029181,PAT03456,DOC035,DEP001,FAC005,LAB013,COVID PCR,Molecular Diagnostics,2025-06-04,2025-06-06,2025-06-08 12:00:00,60,Routine,Normal
LO106384,APP010370,PAT09354,DOC035,DEP001,FAC005,LAB007,Urine Routine,Microbiology,2025-02-04,2025-02-06,2025-02-08 20:00:00,68,Routine,Normal
LO106390,APP030388,PAT06867,DOC039,DEP002,FAC004,LAB005,Kidney Function Test,Biochemistry,2025-11-24,2025-11-25,2025-11-25 19:00:00,19,Urgent,Normal
LO106401,APP011850,PAT04765,DOC030,DEP008,FAC005,LAB002,Blood Glucose,Biochemistry,2025-06-05,2025-06-06,2025-06-08 13:00:00,61,Urgent,Normal
LO106404,APP002577,PAT07884,DOC023,DEP008,FAC003,LAB005,Kidney Function Test,Biochemistry,2025-10-06,2025-10-07,2025-10-09 04:00:00,52,Routine,Normal
LO106410,APP023235,PAT03520,DOC029,DEP007,FAC004,LAB001,Complete Blood Count,Hematology,2025-03-10,2025-03-12,2025-03-14 18:00:00,66,Routine,Normal
LO106411,APP023367,PAT00096,DOC037,DEP005,FAC002,LAB004,Liver Function Test,Biochemistry,2025-06-18,2025-06-18,2025-06-20 05:00:00,53,Routine,Normal
LO106416,APP009583,PAT00979,DOC024,DEP006,FAC004,LAB006,Thyroid Profile,Immunology,2025-04-16,2025-04-16,2025-04-17 14:00:00,38,Routine,Normal
LO106423,APP030991,PAT02040,DOC028,DEP001,FAC003,LAB009,Chest X-Ray,Radiology,2025-09-18,2025-09-18,2025-09-22 18:00:00,114,Routine,Abnormal
LO106428,APP017709,PAT02202,DOC029,DEP007,FAC004,LAB009,Chest X-Ray,Radiology,2025-03-07,2025-03-08,2025-03-12 11:00:00,107,Routine,Normal
LO106431,APP017819,PAT08318,DOC039,DEP002,FAC004,LAB013,COVID PCR,Molecular Diagnostics,2025-01-06,2025-01-07,2025-01-11 06:00:00,102,Routine,Normal
LO106433,APP006247,PAT04192,DOC033,DEP003,FAC003,LAB008,Urine Culture,Microbiology,2025-12-16,2025-12-18,2025-12-18 11:00:00,11,Routine,Normal
LO106437,APP012748,PAT01154,DOC029,DEP007,FAC004,LAB005,Kidney Function Test,Biochemistry,2025-08-21,2025-08-22,2025-08-24 16:00:00,64,Routine,Normal
LO106448,APP027947,PAT02251,DOC001,DEP001,FAC001,LAB003,Lipid Profile,Biochemistry,2025-08-08,2025-08-09,2025-08-11 16:00:00,64,Routine,Normal
LO106451,APP009605,PAT06135,DOC019,DEP005,FAC004,LAB010,Ultrasound Abdomen,Radiology,2025-07-20,2025-07-20,2025-07-20 16:00:00,16,Routine,Normal
LO106452,APP029248,PAT03376,DOC002,DEP001,FAC002,LAB001,Complete Blood Count,Hematology,2025-01-06,2025-01-06,2025-01-06 17:00:00,17,Urgent,Normal
LO106455,APP048316,PAT04879,DOC011,DEP003,FAC001,LAB007,Urine Routine,Microbiology,2025-07-17,2025-07-19,2025-07-21 18:00:00,66,Routine,Normal
LO106464,APP045346,PAT01191,DOC005,DEP001,FAC005,LAB011,ECG,Cardiology Diagnostics,2025-10-06,2025-10-07,2025-10-08 05:00:00,29,Routine,Normal
LO106466,APP042431,PAT08723,DOC032,DEP002,FAC002,LAB009,Chest X-Ray,Radiology,2025-07-21,2025-07-23,2025-07-25 02:00:00,50,Urgent,Normal
LO106468,APP010931,PAT09717,DOC006,DEP002,FAC001,LAB004,Liver Function Test,Biochemistry,2025-12-13,2025-12-13,2025-12-14 21:00:00,45,Routine,Abnormal
LO106470,APP002660,PAT05839,DOC030,DEP008,FAC005,LAB001,Complete Blood Count,Hematology,2025-04-19,2025-04-20,2025-04-21 22:00:00,46,Routine,Normal
LO106472,APP023921,PAT08125,DOC003,DEP001,FAC003,LAB006,Thyroid Profile,Immunology,2025-08-23,2025-08-24,2025-08-25 12:00:00,36,Routine,Normal
LO106474,APP028493,PAT08388,DOC035,DEP001,FAC005,LAB015,Electrolytes Panel,Biochemistry,2025-04-30,2025-05-02,2025-05-06 10:00:00,106,Routine,Normal
LO106477,APP000773,PAT09734,DOC010,DEP003,FAC005,LAB008,Urine Culture,Microbiology,2025-12-26,2025-12-26,2025-12-29 14:00:00,86,Routine,Normal
LO106486,APP016092,PAT01651,DOC016,DEP004,FAC001,LAB014,Blood Culture,Microbiology,2025-05-01,2025-05-02,2025-05-05 03:00:00,75,Routine,Normal
LO106493,APP012864,PAT06441,DOC018,DEP007,FAC003,LAB001,Complete Blood Count,Hematology,2025-01-23,2025-01-23,2025-01-27 04:00:00,100,Routine,Normal
LO106501,APP049759,PAT03753,DOC032,DEP002,FAC002,LAB015,Electrolytes Panel,Biochemistry,2025-03-13,2025-03-15,2025-03-19 14:00:00,110,Urgent,Normal
LO106502,APP008930,PAT06951,DOC029,DEP007,FAC004,LAB013,COVID PCR,Molecular Diagnostics,2025-05-29,2025-05-31,2025-05-31 01:00:00,1,Routine,Normal
LO106506,APP041517,PAT09736,DOC017,DEP006,FAC002,LAB012,HbA1c,Biochemistry,2025-07-23,2025-07-23,2025-07-23 11:00:00,11,Routine,Normal
LO106512,APP014949,PAT02302,DOC010,DEP003,FAC005,LAB003,Lipid Profile,Biochemistry,2025-11-15,2025-11-15,2025-11-16 06:00:00,30,Routine,Abnormal
LO106532,APP006771,PAT07992,DOC024,DEP006,FAC004,LAB014,Blood Culture,Microbiology,2025-10-01,2025-10-01,2025-10-05 06:00:00,102,Routine,Normal
LO106534,APP008207,PAT08359,DOC016,DEP004,FAC001,LAB002,Blood Glucose,Biochemistry,2025-11-27,2025-11-29,2025-12-03 09:00:00,105,Routine,Normal
LO106541,APP013471,PAT04717,DOC011,DEP003,FAC001,LAB015,Electrolytes Panel,Biochemistry,2025-08-04,2025-08-04,2025-08-07 18:00:00,90,Routine,Abnormal
LO106553,APP022870,PAT08724,DOC037,DEP005,FAC002,LAB008,Urine Culture,Microbiology,2025-08-11,2025-08-11,2025-08-13 14:00:00,62,Routine,Abnormal
LO106573,APP020226,PAT09187,DOC013,DEP005,FAC003,LAB012,HbA1c,Biochemistry,2025-04-22,2025-04-22,2025-04-25 02:00:00,74,Routine,Normal
LO106574,APP037606,PAT09734,DOC014,DEP004,FAC004,LAB003,Lipid Profile,Biochemistry,2025-11-02,2025-11-03,2025-11-05 11:00:00,59,Routine,Abnormal
LO106577,APP002335,PAT02391,DOC007,DEP002,FAC002,LAB012,HbA1c,Biochemistry,2025-05-01,2025-05-03,2025-05-05 03:00:00,51,Routine,Normal
LO106580,APP018800,PAT01784,DOC010,DEP003,FAC005,LAB014,Blood Culture,Microbiology,2025-08-19,2025-08-21,2025-08-22 10:00:00,34,Routine,Normal
LO106583,APP039526,PAT07169,DOC003,DEP001,FAC003,LAB002,Blood Glucose,Biochemistry,2025-07-26,2025-07-27,2025-07-29 23:00:00,71,Routine,Normal
LO106588,APP021891,PAT05847,DOC004,DEP001,FAC004,LAB004,Liver Function Test,Biochemistry,2025-09-24,2025-09-25,2025-09-25 22:00:00,22,Routine,Normal
LO106591,APP048356,PAT09932,DOC008,DEP003,FAC003,LAB006,Thyroid Profile,Immunology,2025-01-05,2025-01-06,2025-01-06 04:00:00,4,Routine,Abnormal
LO106595,APP045823,PAT07714,DOC013,DEP005,FAC003,LAB008,Urine Culture,Microbiology,2025-08-03,2025-08-03,2025-08-06 12:00:00,84,Urgent,Normal
LO106597,APP021964,PAT03108,DOC003,DEP001,FAC003,LAB011,ECG,Cardiology Diagnostics,2025-06-18,2025-06-20,2025-06-20 14:00:00,14,Routine,Normal
LO106598,APP025267,PAT03843,DOC005,DEP001,FAC005,LAB003,Lipid Profile,Biochemistry,2025-11-19,2025-11-19,2025-11-20 00:00:00,24,Routine,Normal
LO106605,APP019550,PAT03117,DOC028,DEP001,FAC003,LAB009,Chest X-Ray,Radiology,2025-02-05,2025-02-05,2025-02-08 15:00:00,87,Routine,Normal
LO106607,APP042385,PAT05423,DOC032,DEP002,FAC002,LAB009,Chest X-Ray,Radiology,2025-01-20,2025-01-21,2025-01-24 05:00:00,77,Routine,Normal
LO106611,APP025032,PAT06134,DOC016,DEP004,FAC001,LAB005,Kidney Function Test,Biochemistry,2025-04-06,2025-04-08,2025-04-12 08:00:00,104,Routine,Abnormal
LO106629,APP044756,PAT05164,DOC037,DEP005,FAC002,LAB008,Urine Culture,Microbiology,2025-12-30,2025-12-30,2026-01-01 01:00:00,49,Routine,Normal
LO106632,APP041169,PAT00736,DOC037,DEP005,FAC002,LAB010,Ultrasound Abdomen,Radiology,2025-07-14,2025-07-14,2025-07-15 08:00:00,32,Routine,Normal
LO106634,APP037596,PAT08628,DOC035,DEP001,FAC005,LAB010,Ultrasound Abdomen,Radiology,2025-11-11,2025-11-12,2025-11-12 06:00:00,6,Routine,Normal
LO106637,APP037440,PAT02118,DOC002,DEP001,FAC002,LAB007,Urine Routine,Microbiology,2025-02-18,2025-02-20,2025-02-22 07:00:00,55,Routine,Normal
LO106656,APP018996,PAT08385,DOC034,DEP001,FAC004,LAB008,Urine Culture,Microbiology,2025-09-06,2025-09-08,2025-09-12 10:00:00,106,Routine,Abnormal
LO106669,APP012838,PAT09680,DOC005,DEP001,FAC005,LAB012,HbA1c,Biochemistry,2025-12-23,2025-12-23,2025-12-24 22:00:00,46,Urgent,Abnormal
LO106670,APP029399,PAT06889,DOC005,DEP001,FAC005,LAB013,COVID PCR,Molecular Diagnostics,2025-04-20,2025-04-20,2025-04-22 15:00:00,63,Routine,Normal
LO106685,APP017737,PAT06148,DOC028,DEP001,FAC003,LAB008,Urine Culture,Microbiology,2025-09-19,2025-09-20,2025-09-22 16:00:00,64,Routine,Normal
LO106707,APP026938,PAT05614,DOC038,DEP005,FAC003,LAB001,Complete Blood Count,Hematology,2025-08-04,2025-08-06,2025-08-08 13:00:00,61,Urgent,Normal
LO106716,APP011285,PAT09431,DOC009,DEP002,FAC004,LAB011,ECG,Cardiology Diagnostics,2025-02-15,2025-02-17,2025-02-17 12:00:00,12,Routine,Normal
LO106722,APP017782,PAT03214,DOC019,DEP005,FAC004,LAB008,Urine Culture,Microbiology,2025-11-15,2025-11-16,2025-11-20 15:00:00,111,Routine,Normal
LO106726,APP038959,PAT09560,DOC011,DEP003,FAC001,LAB002,Blood Glucose,Biochemistry,2025-10-02,2025-10-02,2025-10-02 03:00:00,3,Stat,Normal
LO106728,APP023520,PAT04895,DOC024,DEP006,FAC004,LAB006,Thyroid Profile,Immunology,2025-01-18,2025-01-20,2025-01-23 16:00:00,88,Routine,Normal
LO106729,APP011817,PAT02185,DOC004,DEP001,FAC004,LAB003,Lipid Profile,Biochemistry,2025-08-19,2025-08-19,2025-08-20 15:00:00,39,Routine,Normal
LO106735,APP007325,PAT02391,DOC013,DEP005,FAC003,LAB014,Blood Culture,Microbiology,2025-06-07,2025-06-09,2025-06-13 01:00:00,97,Routine,Normal
LO106736,APP036666,PAT05082,DOC034,DEP001,FAC004,LAB011,ECG,Cardiology Diagnostics,2025-09-10,2025-09-10,2025-09-11 21:00:00,45,Routine,Normal
LO106750,APP001683,PAT07665,DOC029,DEP007,FAC004,LAB003,Lipid Profile,Biochemistry,2025-10-23,2025-10-23,2025-10-24 09:00:00,33,Routine,Normal
LO106751,APP038205,PAT06851,DOC015,DEP005,FAC005,LAB009,Chest X-Ray,Radiology,2025-05-29,2025-05-30,2025-06-03 05:00:00,101,Urgent,Normal
LO106757,APP007318,PAT07530,DOC018,DEP007,FAC003,LAB001,Complete Blood Count,Hematology,2025-10-07,2025-10-08,2025-10-09 07:00:00,31,Routine,Normal
LO106773,APP049304,PAT04844,DOC038,DEP005,FAC003,LAB011,ECG,Cardiology Diagnostics,2025-11-29,2025-12-01,2025-12-01 19:00:00,19,Routine,Normal
LO106779,APP017916,PAT04076,DOC009,DEP002,FAC004,LAB013,COVID PCR,Molecular Diagnostics,2025-08-24,2025-08-25,2025-08-27 14:00:00,62,Routine,Normal
LO106787,APP041147,PAT06561,DOC007,DEP002,FAC002,LAB001,Complete Blood Count,Hematology,2025-11-26,2025-11-28,2025-11-30 12:00:00,60,Routine,Normal
LO106793,APP026006,PAT01954,DOC027,DEP001,FAC002,LAB015,Electrolytes Panel,Biochemistry,2025-11-30,2025-11-30,2025-12-03 15:00:00,87,Routine,Normal
LO106796,APP016209,PAT04030,DOC035,DEP001,FAC005,LAB001,Complete Blood Count,Hematology,2025-09-11,2025-09-11,2025-09-11 23:00:00,23,Routine,Normal
LO106802,APP042181,PAT08889,DOC010,DEP003,FAC005,LAB008,Urine Culture,Microbiology,2025-05-25,2025-05-27,2025-05-29 14:00:00,62,Routine,Normal
LO106807,APP002013,PAT09820,DOC010,DEP003,FAC005,LAB005,Kidney Function Test,Biochemistry,2025-09-26,2025-09-26,2025-09-30 15:00:00,111,Routine,Normal
LO106809,APP044573,PAT07248,DOC034,DEP001,FAC004,LAB012,HbA1c,Biochemistry,2025-11-23,2025-11-25,2025-11-25 15:00:00,15,Routine,Normal
LO106810,APP003820,PAT06162,DOC037,DEP005,FAC002,LAB002,Blood Glucose,Biochemistry,2025-01-28,2025-01-29,2025-01-29 16:00:00,16,Routine,Normal
LO106811,APP005094,PAT05862,DOC037,DEP005,FAC002,LAB012,HbA1c,Biochemistry,2025-11-28,2025-11-30,2025-12-01 00:00:00,24,Routine,Normal
LO106812,APP014462,PAT04076,DOC028,DEP001,FAC003,LAB002,Blood Glucose,Biochemistry,2025-06-20,2025-06-21,2025-06-25 08:00:00,104,Routine,Normal
LO106828,APP026248,PAT04490,DOC029,DEP007,FAC004,LAB006,Thyroid Profile,Immunology,2025-10-10,2025-10-11,2025-10-15 17:00:00,113,Routine,Normal
LO106840,APP044724,PAT01684,DOC033,DEP003,FAC003,LAB005,Kidney Function Test,Biochemistry,2025-08-24,2025-08-25,2025-08-29 15:00:00,111,Urgent,Normal
LO106844,APP018674,PAT04192,DOC035,DEP001,FAC005,LAB002,Blood Glucose,Biochemistry,2025-12-25,2025-12-27,2025-12-30 06:00:00,78,Routine,Normal
LO106845,APP019005,PAT05839,DOC032,DEP002,FAC002,LAB013,COVID PCR,Molecular Diagnostics,2025-08-26,2025-08-26,2025-08-27 07:00:00,31,Routine,Normal
LO106848,APP008873,PAT00120,DOC008,DEP003,FAC003,LAB009,Chest X-Ray,Radiology,2025-07-04,2025-07-06,2025-07-07 04:00:00,28,Routine,Normal
LO106849,APP008073,PAT09433,DOC027,DEP001,FAC002,LAB011,ECG,Cardiology Diagnostics,2025-03-24,2025-03-25,2025-03-28 00:00:00,72,Routine,Normal
LO106852,APP030038,PAT08958,DOC006,DEP002,FAC001,LAB004,Liver Function Test,Biochemistry,2025-09-04,2025-09-06,2025-09-08 19:00:00,67,Stat,Normal
LO106854,APP028799,PAT03121,DOC013,DEP005,FAC003,LAB005,Kidney Function Test,Biochemistry,2025-12-06,2025-12-07,2025-12-07 20:00:00,20,Routine,Normal
LO106855,APP041203,PAT03117,DOC033,DEP003,FAC003,LAB012,HbA1c,Biochemistry,2025-05-09,2025-05-10,2025-05-12 22:00:00,70,Routine,Normal
LO106869,APP042533,PAT04591,DOC014,DEP004,FAC004,LAB002,Blood Glucose,Biochemistry,2025-12-21,2025-12-22,2025-12-22 21:00:00,21,Urgent,Normal
LO106871,APP045588,PAT05136,DOC038,DEP005,FAC003,LAB013,COVID PCR,Molecular Diagnostics,2025-12-05,2025-12-07,2025-12-08 05:00:00,29,Urgent,Normal
LO106873,APP036267,PAT07418,DOC015,DEP005,FAC005,LAB011,ECG,Cardiology Diagnostics,2025-10-23,2025-10-24,2025-10-27 01:00:00,73,Routine,Normal
LO106874,APP028442,PAT07361,DOC039,DEP002,FAC004,LAB012,HbA1c,Biochemistry,2025-12-18,2025-12-19,2025-12-23 18:00:00,114,Routine,Normal
LO106877,APP038613,PAT01744,DOC005,DEP001,FAC005,LAB006,Thyroid Profile,Immunology,2025-09-03,2025-09-03,2025-09-06 16:00:00,88,Routine,Normal
LO106878,APP017976,PAT04924,DOC037,DEP005,FAC002,LAB007,Urine Routine,Microbiology,2025-09-17,2025-09-18,2025-09-21 13:00:00,85,Routine,Normal
LO106880,APP014147,PAT00084,DOC029,DEP007,FAC004,LAB014,Blood Culture,Microbiology,2025-01-21,2025-01-23,2025-01-23 09:00:00,9,Routine,Normal
LO106884,APP046970,PAT04686,DOC004,DEP001,FAC004,LAB006,Thyroid Profile,Immunology,2025-03-31,2025-03-31,2025-03-31 23:00:00,23,Routine,Normal
LO106886,APP044113,PAT04088,DOC021,DEP005,FAC001,LAB010,Ultrasound Abdomen,Radiology,2025-06-04,2025-06-05,2025-06-07 08:00:00,56,Routine,Normal
LO106889,APP026096,PAT07972,DOC035,DEP001,FAC005,LAB011,ECG,Cardiology Diagnostics,2025-06-10,2025-06-11,2025-06-12 21:00:00,45,Urgent,Abnormal
LO106897,APP038614,PAT04095,DOC036,DEP002,FAC001,LAB011,ECG,Cardiology Diagnostics,2025-06-17,2025-06-19,2025-06-22 20:00:00,92,Routine,Abnormal
LO106905,APP013720,PAT08179,DOC039,DEP002,FAC004,LAB015,Electrolytes Panel,Biochemistry,2025-08-07,2025-08-07,2025-08-11 10:00:00,106,Routine,Abnormal
LO106906,APP028282,PAT08262,DOC031,DEP001,FAC001,LAB004,Liver Function Test,Biochemistry,2025-09-30,2025-09-30,2025-10-03 13:00:00,85,Routine,Normal
LO106910,APP004692,PAT06585,DOC020,DEP006,FAC005,LAB014,Blood Culture,Microbiology,2025-02-02,2025-02-03,2025-02-05 18:00:00,66,Routine,Normal
LO106929,APP044289,PAT09318,DOC020,DEP006,FAC005,LAB008,Urine Culture,Microbiology,2025-05-01,2025-05-02,2025-05-05 23:00:00,95,Routine,Normal
LO106931,APP004232,PAT07682,DOC014,DEP004,FAC004,LAB007,Urine Routine,Microbiology,2025-06-15,2025-06-15,2025-06-18 07:00:00,79,Routine,Normal
LO106936,APP018000,PAT05861,DOC015,DEP005,FAC005,LAB006,Thyroid Profile,Immunology,2025-07-08,2025-07-10,2025-07-11 08:00:00,32,Routine,Normal
LO106938,APP000930,PAT01311,DOC020,DEP006,FAC005,LAB015,Electrolytes Panel,Biochemistry,2025-03-11,2025-03-13,2025-03-13 14:00:00,14,Routine,Abnormal
LO106942,APP024146,PAT00408,DOC011,DEP003,FAC001,LAB015,Electrolytes Panel,Biochemistry,2025-08-15,2025-08-16,2025-08-20 06:00:00,102,Routine,Normal
LO106946,APP003493,PAT06299,DOC035,DEP001,FAC005,LAB001,Complete Blood Count,Hematology,2025-05-28,2025-05-28,2025-06-01 13:00:00,109,Routine,Normal
LO106950,APP004305,PAT02309,DOC034,DEP001,FAC004,LAB005,Kidney Function Test,Biochemistry,2025-06-16,2025-06-17,2025-06-19 06:00:00,54,Urgent,Normal
LO106952,APP040384,PAT03446,DOC035,DEP001,FAC005,LAB010,Ultrasound Abdomen,Radiology,2025-12-08,2025-12-08,2025-12-09 09:00:00,33,Routine,Normal
LO106958,APP007542,PAT07370,DOC012,DEP005,FAC002,LAB004,Liver Function Test,Biochemistry,2025-09-04,2025-09-04,2025-09-05 20:00:00,44,Routine,Normal
LO106962,APP019923,PAT03316,DOC034,DEP001,FAC004,LAB011,ECG,Cardiology Diagnostics,2025-12-09,2025-12-09,2025-12-09 04:00:00,4,Routine,Normal
LO106966,APP025699,PAT06909,DOC034,DEP001,FAC004,LAB007,Urine Routine,Microbiology,2025-04-17,2025-04-18,2025-04-21 17:00:00,89,Stat,Normal
LO106967,APP007285,PAT05933,DOC017,DEP006,FAC002,LAB004,Liver Function Test,Biochemistry,2025-09-11,2025-09-12,2025-09-12 10:00:00,10,Routine,Normal
LO106971,APP030206,PAT02456,DOC021,DEP005,FAC001,LAB008,Urine Culture,Microbiology,2025-09-11,2025-09-13,2025-09-13 06:00:00,6,Routine,Normal
LO106974,APP040036,PAT05095,DOC020,DEP006,FAC005,LAB015,Electrolytes Panel,Biochemistry,2025-07-02,2025-07-02,2025-07-05 02:00:00,74,Routine,Normal
LO106977,APP001841,PAT05377,DOC026,DEP008,FAC001,LAB002,Blood Glucose,Biochemistry,2025-01-18,2025-01-18,2025-01-20 00:00:00,48,Routine,Normal
LO106980,APP037447,PAT01990,DOC024,DEP006,FAC004,LAB007,Urine Routine,Microbiology,2025-04-15,2025-04-16,2025-04-18 15:00:00,63,Urgent,Normal
LO106981,APP028933,PAT04709,DOC038,DEP005,FAC003,LAB013,COVID PCR,Molecular Diagnostics,2025-04-03,2025-04-04,2025-04-04 14:00:00,14,Routine,Abnormal
LO106985,APP031858,PAT06162,DOC003,DEP001,FAC003,LAB006,Thyroid Profile,Immunology,2025-07-29,2025-07-30,2025-08-03 21:00:00,117,Routine,Normal
LO106988,APP000698,PAT04102,DOC038,DEP005,FAC003,LAB005,Kidney Function Test,Biochemistry,2025-04-25,2025-04-26,2025-04-30 12:00:00,108,Routine,Normal
LO106989,APP014656,PAT07177,DOC034,DEP001,FAC004,LAB005,Kidney Function Test,Biochemistry,2025-03-31,2025-04-02,2025-04-02 19:00:00,19,Routine,Normal
LO106990,APP009778,PAT00795,DOC011,DEP003,FAC001,LAB001,Complete Blood Count,Hematology,2025-09-02,2025-09-04,2025-09-04 08:00:00,8,Routine,Abnormal
LO106993,APP016351,PAT08518,DOC013,DEP005,FAC003,LAB008,Urine Culture,Microbiology,2025-06-02,2025-06-02,2025-06-02 19:00:00,19,Routine,Abnormal
LO106997,APP037771,PAT01027,DOC030,DEP008,FAC005,LAB010,Ultrasound Abdomen,Radiology,2025-11-14,2025-11-15,2025-11-18 09:00:00,81,Routine,Normal
LO106998,APP042837,PAT03324,DOC021,DEP005,FAC001,LAB007,Urine Routine,Microbiology,2025-07-26,2025-07-27,2025-07-31 06:00:00,102,Routine,Normal
LO107000,APP008213,PAT08169,DOC028,DEP001,FAC003,LAB008,Urine Culture,Microbiology,2025-06-11,2025-06-12,2025-06-14 18:00:00,66,Urgent,Abnormal
LO107006,APP033071,PAT03703,DOC018,DEP007,FAC003,LAB014,Blood Culture,Microbiology,2025-04-20,2025-04-20,2025-04-23 20:00:00,92,Routine,Normal
LO107010,APP029391,PAT08288,DOC027,DEP001,FAC002,LAB005,Kidney Function Test,Biochemistry,2025-03-12,2025-03-13,2025-03-17 05:00:00,101,Urgent,Normal
LO107014,APP036584,PAT01359,DOC002,DEP001,FAC002,LAB001,Complete Blood Count,Hematology,2025-12-19,2025-12-21,2025-12-25 15:00:00,111,Routine,Abnormal
LO107020,APP026490,PAT08583,DOC024,DEP006,FAC004,LAB003,Lipid Profile,Biochemistry,2025-08-14,2025-08-14,2025-08-18 06:00:00,102,Routine,Normal
LO107022,APP029723,PAT08099,DOC034,DEP001,FAC004,LAB015,Electrolytes Panel,Biochemistry,2025-06-18,2025-06-20,2025-06-20 17:00:00,17,Routine,Normal
LO107031,APP018095,PAT04039,DOC038,DEP005,FAC003,LAB006,Thyroid Profile,Immunology,2025-08-25,2025-08-26,2025-08-27 10:00:00,34,Routine,Normal
LO107036,APP047956,PAT05031,DOC023,DEP008,FAC003,LAB011,ECG,Cardiology Diagnostics,2025-06-16,2025-06-17,2025-06-19 04:00:00,52,Routine,Normal
LO107037,APP022902,PAT03951,DOC031,DEP001,FAC001,LAB012,HbA1c,Biochemistry,2025-04-21,2025-04-21,2025-04-24 04:00:00,76,Routine,Abnormal
LO107040,APP023596,PAT02457,DOC007,DEP002,FAC002,LAB001,Complete Blood Count,Hematology,2025-09-05,2025-09-07,2025-09-11 17:00:00,113,Routine,Normal
LO107045,APP026428,PAT05091,DOC004,DEP001,FAC004,LAB007,Urine Routine,Microbiology,2025-09-17,2025-09-18,2025-09-23 00:00:00,120,Routine,Abnormal
LO107053,APP017541,PAT04707,DOC007,DEP002,FAC002,LAB006,Thyroid Profile,Immunology,2025-06-26,2025-06-26,2025-06-28 11:00:00,59,Routine,Normal
LO107059,APP026776,PAT09027,DOC023,DEP008,FAC003,LAB005,Kidney Function Test,Biochemistry,2025-03-09,2025-03-11,2025-03-13 17:00:00,65,Routine,Normal
LO107072,APP020530,PAT07530,DOC019,DEP005,FAC004,LAB009,Chest X-Ray,Radiology,2025-03-18,2025-03-20,2025-03-21 19:00:00,43,Urgent,Normal
LO107075,APP038485,PAT08586,DOC013,DEP005,FAC003,LAB014,Blood Culture,Microbiology,2025-07-08,2025-07-09,2025-07-11 02:00:00,50,Routine,Normal
LO107076,APP027250,PAT07744,DOC017,DEP006,FAC002,LAB005,Kidney Function Test,Biochemistry,2025-11-26,2025-11-27,2025-11-29 15:00:00,63,Routine,Normal
LO107081,APP000050,PAT05050,DOC023,DEP008,FAC003,LAB005,Kidney Function Test,Biochemistry,2025-08-04,2025-08-06,2025-08-07 20:00:00,44,Routine,Normal
LO107085,APP024214,PAT04102,DOC014,DEP004,FAC004,LAB008,Urine Culture,Microbiology,2025-02-10,2025-02-12,2025-02-16 08:00:00,104,Routine,Normal
LO107092,APP012618,PAT02857,DOC014,DEP004,FAC004,LAB008,Urine Culture,Microbiology,2025-06-25,2025-06-26,2025-06-27 19:00:00,43,Routine,Abnormal
LO107098,APP029413,PAT07999,DOC009,DEP002,FAC004,LAB004,Liver Function Test,Biochemistry,2025-06-09,2025-06-09,2025-06-13 14:00:00,110,Routine,Normal
LO107117,APP045991,PAT01328,DOC036,DEP002,FAC001,LAB005,Kidney Function Test,Biochemistry,2025-10-29,2025-10-29,2025-11-01 06:00:00,78,Routine,Normal
LO107121,APP019667,PAT09141,DOC036,DEP002,FAC001,LAB010,Ultrasound Abdomen,Radiology,2025-12-09,2025-12-11,2025-12-14 22:00:00,94,Routine,Normal
LO107141,APP019095,PAT08635,DOC014,DEP004,FAC004,LAB002,Blood Glucose,Biochemistry,2025-10-12,2025-10-13,2025-10-13 14:00:00,14,Routine,Normal
LO107143,APP000847,PAT07454,DOC025,DEP007,FAC005,LAB015,Electrolytes Panel,Biochemistry,2025-11-07,2025-11-09,2025-11-09 16:00:00,16,Routine,Normal
LO107150,APP036784,PAT06476,DOC008,DEP003,FAC003,LAB005,Kidney Function Test,Biochemistry,2025-03-29,2025-03-30,2025-03-30 22:00:00,22,Urgent,Normal
LO107151,APP022350,PAT06878,DOC011,DEP003,FAC001,LAB001,Complete Blood Count,Hematology,2025-05-20,2025-05-21,2025-05-21 20:00:00,20,Routine,Normal
LO107157,APP007120,PAT08150,DOC004,DEP001,FAC004,LAB013,COVID PCR,Molecular Diagnostics,2025-07-17,2025-07-18,2025-07-22 11:00:00,107,Routine,Normal
LO107165,APP017775,PAT02597,DOC015,DEP005,FAC005,LAB013,COVID PCR,Molecular Diagnostics,2025-08-09,2025-08-09,2025-08-11 23:00:00,71,Routine,Normal
LO107167,APP003622,PAT02035,DOC013,DEP005,FAC003,LAB003,Lipid Profile,Biochemistry,2025-05-22,2025-05-22,2025-05-24 05:00:00,53,Urgent,Normal
LO107169,APP032372,PAT00544,DOC006,DEP002,FAC001,LAB001,Complete Blood Count,Hematology,2025-10-11,2025-10-12,2025-10-12 11:00:00,11,Routine,Normal
LO107172,APP043053,PAT05684,DOC040,DEP003,FAC005,LAB005,Kidney Function Test,Biochemistry,2025-04-14,2025-04-15,2025-04-18 05:00:00,77,Routine,Normal
LO107184,APP004546,PAT03064,DOC013,DEP005,FAC003,LAB014,Blood Culture,Microbiology,2025-12-08,2025-12-09,2025-12-13 22:00:00,118,Routine,Normal
LO107191,APP001066,PAT06670,DOC038,DEP005,FAC003,LAB002,Blood Glucose,Biochemistry,2025-10-11,2025-10-12,2025-10-13 10:00:00,34,Routine,Normal
LO107207,APP000608,PAT03493,DOC013,DEP005,FAC003,LAB011,ECG,Cardiology Diagnostics,2025-12-08,2025-12-10,2025-12-13 01:00:00,73,Routine,Normal
LO107208,APP033135,PAT00249,DOC021,DEP005,FAC001,LAB006,Thyroid Profile,Immunology,2025-04-20,2025-04-20,2025-04-23 04:00:00,76,Routine,Normal
LO107209,APP046275,PAT06352,DOC007,DEP002,FAC002,LAB004,Liver Function Test,Biochemistry,2025-04-24,2025-04-24,2025-04-24 22:00:00,22,Routine,Abnormal
LO107210,APP005647,PAT01954,DOC020,DEP006,FAC005,LAB004,Liver Function Test,Biochemistry,2025-02-16,2025-02-18,2025-02-21 14:00:00,86,Routine,Normal
LO107213,APP028457,PAT05693,DOC021,DEP005,FAC001,LAB004,Liver Function Test,Biochemistry,2025-07-27,2025-07-27,2025-07-29 22:00:00,70,Routine,Abnormal
LO107215,APP037894,PAT04099,DOC032,DEP002,FAC002,LAB002,Blood Glucose,Biochemistry,2025-08-18,2025-08-20,2025-08-23 15:00:00,87,Routine,Normal
LO107229,APP017675,PAT02936,DOC036,DEP002,FAC001,LAB012,HbA1c,Biochemistry,2025-05-04,2025-05-04,2025-05-05 15:00:00,39,Routine,Abnormal
LO107233,APP001516,PAT00648,DOC038,DEP005,FAC003,LAB005,Kidney Function Test,Biochemistry,2025-03-21,2025-03-21,2025-03-25 01:00:00,97,Routine,Normal
LO107238,APP008367,PAT00796,DOC019,DEP005,FAC004,LAB014,Blood Culture,Microbiology,2025-06-25,2025-06-26,2025-06-27 13:00:00,37,Routine,Normal
LO107246,APP033211,PAT06652,DOC017,DEP006,FAC002,LAB011,ECG,Cardiology Diagnostics,2025-04-05,2025-04-07,2025-04-08 11:00:00,35,Routine,Normal
LO107248,APP037775,PAT07771,DOC011,DEP003,FAC001,LAB002,Blood Glucose,Biochemistry,2025-07-20,2025-07-20,2025-07-22 17:00:00,65,Routine,Abnormal
LO107253,APP037028,PAT04862,DOC018,DEP007,FAC003,LAB006,Thyroid Profile,Immunology,2025-07-12,2025-07-14,2025-07-17 21:00:00,93,Routine,Normal
LO107256,APP023664,PAT04149,DOC026,DEP008,FAC001,LAB010,Ultrasound Abdomen,Radiology,2025-01-13,2025-01-13,2025-01-16 08:00:00,80,Routine,Critical
LO107259,APP006714,PAT09560,DOC015,DEP005,FAC005,LAB006,Thyroid Profile,Immunology,2025-03-11,2025-03-12,2025-03-14 09:00:00,57,Routine,Normal
LO107260,APP005392,PAT02440,DOC025,DEP007,FAC005,LAB011,ECG,Cardiology Diagnostics,2025-09-10,2025-09-10,2025-09-13 04:00:00,76,Routine,Normal
LO107268,APP039977,PAT05350,DOC026,DEP008,FAC001,LAB004,Liver Function Test,Biochemistry,2025-04-17,2025-04-19,2025-04-20 09:00:00,33,Routine,Normal
LO107276,APP030308,PAT03284,DOC040,DEP003,FAC005,LAB008,Urine Culture,Microbiology,2025-08-22,2025-08-24,2025-08-26 07:00:00,55,Routine,Abnormal
LO107279,APP023714,PAT08814,DOC031,DEP001,FAC001,LAB007,Urine Routine,Microbiology,2025-02-06,2025-02-07,2025-02-09 03:00:00,51,Routine,Normal
LO107283,APP000867,PAT03403,DOC031,DEP001,FAC001,LAB004,Liver Function Test,Biochemistry,2025-03-27,2025-03-29,2025-04-01 20:00:00,92,Routine,Normal
LO107285,APP027033,PAT04904,DOC007,DEP002,FAC002,LAB009,Chest X-Ray,Radiology,2025-05-24,2025-05-26,2025-05-28 16:00:00,64,Routine,Normal
LO107296,APP015026,PAT09459,DOC035,DEP001,FAC005,LAB013,COVID PCR,Molecular Diagnostics,2025-02-14,2025-02-16,2025-02-16 03:00:00,3,Routine,Normal
LO107308,APP021357,PAT02168,DOC003,DEP001,FAC003,LAB014,Blood Culture,Microbiology,2025-06-23,2025-06-24,2025-06-28 11:00:00,107,Routine,Normal
LO107314,APP033647,PAT02999,DOC035,DEP001,FAC005,LAB007,Urine Routine,Microbiology,2025-02-06,2025-02-08,2025-02-09 03:00:00,27,Routine,Normal
LO107315,APP033104,PAT08122,DOC040,DEP003,FAC005,LAB013,COVID PCR,Molecular Diagnostics,2025-09-29,2025-10-01,2025-10-03 01:00:00,49,Routine,Normal
LO107316,APP004892,PAT05636,DOC028,DEP001,FAC003,LAB013,COVID PCR,Molecular Diagnostics,2025-08-14,2025-08-14,2025-08-14 16:00:00,16,Routine,Normal
LO107320,APP037047,PAT09807,DOC013,DEP005,FAC003,LAB003,Lipid Profile,Biochemistry,2025-11-06,2025-11-08,2025-11-10 08:00:00,56,Routine,Normal
LO107336,APP024796,PAT03624,DOC021,DEP005,FAC001,LAB009,Chest X-Ray,Radiology,2025-04-10,2025-04-11,2025-04-15 19:00:00,115,Routine,Normal
LO107344,APP038871,PAT01271,DOC040,DEP003,FAC005,LAB007,Urine Routine,Microbiology,2025-10-02,2025-10-03,2025-10-07 19:00:00,115,Routine,Normal
LO107347,APP001781,PAT06163,DOC010,DEP003,FAC005,LAB009,Chest X-Ray,Radiology,2025-01-10,2025-01-12,2025-01-12 13:00:00,13,Urgent,Normal
LO107348,APP029218,PAT02456,DOC036,DEP002,FAC001,LAB014,Blood Culture,Microbiology,2025-05-04,2025-05-04,2025-05-06 23:00:00,71,Urgent,Abnormal
LO107352,APP027027,PAT01394,DOC014,DEP004,FAC004,LAB004,Liver Function Test,Biochemistry,2025-09-17,2025-09-18,2025-09-21 23:00:00,95,Routine,Normal
LO107353,APP044780,PAT02251,DOC003,DEP001,FAC003,LAB004,Liver Function Test,Biochemistry,2025-08-01,2025-08-01,2025-08-01 04:00:00,4,Routine,Abnormal
LO107356,APP036713,PAT00648,DOC040,DEP003,FAC005,LAB015,Electrolytes Panel,Biochemistry,2025-11-16,2025-11-17,2025-11-20 18:00:00,90,Routine,Normal
LO107361,APP014055,PAT02612,DOC013,DEP005,FAC003,LAB004,Liver Function Test,Biochemistry,2025-04-11,2025-04-13,2025-04-15 04:00:00,52,Routine,Normal
LO107363,APP041406,PAT09943,DOC020,DEP006,FAC005,LAB003,Lipid Profile,Biochemistry,2025-07-03,2025-07-03,2025-07-06 14:00:00,86,Routine,Normal
LO107370,APP002319,PAT02343,DOC002,DEP001,FAC002,LAB002,Blood Glucose,Biochemistry,2025-09-24,2025-09-26,2025-09-26 16:00:00,16,Routine,Normal
LO107381,APP019860,PAT08030,DOC003,DEP001,FAC003,LAB002,Blood Glucose,Biochemistry,2025-01-27,2025-01-29,2025-02-02 18:00:00,114,Routine,Abnormal
LO107395,APP048413,PAT04245,DOC018,DEP007,FAC003,LAB005,Kidney Function Test,Biochemistry,2025-07-04,2025-07-04,2025-07-06 11:00:00,59,Routine,Normal
LO107397,APP044460,PAT06949,DOC022,DEP007,FAC002,LAB014,Blood Culture,Microbiology,2025-08-16,2025-08-17,2025-08-19 09:00:00,57,Routine,Normal
LO107404,APP010054,PAT03249,DOC018,DEP007,FAC003,LAB007,Urine Routine,Microbiology,2025-08-05,2025-08-07,2025-08-09 01:00:00,49,Urgent,Normal
LO107413,APP008337,PAT04334,DOC029,DEP007,FAC004,LAB008,Urine Culture,Microbiology,2025-04-05,2025-04-05,2025-04-06 19:00:00,43,Routine,Normal
LO107416,APP006346,PAT07206,DOC021,DEP005,FAC001,LAB004,Liver Function Test,Biochemistry,2025-03-23,2025-03-23,2025-03-25 06:00:00,54,Routine,Normal
LO107419,APP000079,PAT03616,DOC035,DEP001,FAC005,LAB010,Ultrasound Abdomen,Radiology,2025-04-07,2025-04-07,2025-04-09 21:00:00,69,Routine,Normal
LO107420,APP023316,PAT07786,DOC028,DEP001,FAC003,LAB010,Ultrasound Abdomen,Radiology,2025-05-25,2025-05-26,2025-05-28 00:00:00,48,Routine,Normal
LO107424,APP008228,PAT05445,DOC015,DEP005,FAC005,LAB007,Urine Routine,Microbiology,2025-09-02,2025-09-02,2025-09-05 00:00:00,72,Routine,Normal
LO107443,APP015336,PAT01618,DOC005,DEP001,FAC005,LAB013,COVID PCR,Molecular Diagnostics,2025-06-14,2025-06-16,2025-06-18 06:00:00,54,Routine,Normal
LO107446,APP009716,PAT01944,DOC004,DEP001,FAC004,LAB007,Urine Routine,Microbiology,2025-08-14,2025-08-15,2025-08-18 16:00:00,88,Routine,Normal
LO107449,APP011152,PAT03185,DOC007,DEP002,FAC002,LAB008,Urine Culture,Microbiology,2025-08-13,2025-08-14,2025-08-18 01:00:00,97,Routine,Normal
LO107451,APP048623,PAT08170,DOC018,DEP007,FAC003,LAB014,Blood Culture,Microbiology,2025-05-03,2025-05-04,2025-05-08 05:00:00,101,Routine,Normal
LO107457,APP040682,PAT00543,DOC025,DEP007,FAC005,LAB006,Thyroid Profile,Immunology,2025-02-22,2025-02-24,2025-02-28 04:00:00,100,Routine,Normal
LO107464,APP023376,PAT06595,DOC002,DEP001,FAC002,LAB001,Complete Blood Count,Hematology,2025-08-03,2025-08-03,2025-08-06 21:00:00,93,Routine,Normal
LO107471,APP008685,PAT06187,DOC008,DEP003,FAC003,LAB010,Ultrasound Abdomen,Radiology,2025-10-06,2025-10-07,2025-10-07 20:00:00,20,Routine,Normal
LO107478,APP048254,PAT06215,DOC031,DEP001,FAC001,LAB001,Complete Blood Count,Hematology,2025-01-10,2025-01-10,2025-01-12 06:00:00,54,Routine,Normal
LO107481,APP043967,PAT04631,DOC030,DEP008,FAC005,LAB001,Complete Blood Count,Hematology,2025-02-12,2025-02-14,2025-02-16 19:00:00,67,Routine,Normal
LO107485,APP018412,PAT08725,DOC003,DEP001,FAC003,LAB005,Kidney Function Test,Biochemistry,2025-03-27,2025-03-27,2025-03-30 22:00:00,94,Urgent,Normal
LO107487,APP027583,PAT06509,DOC016,DEP004,FAC001,LAB003,Lipid Profile,Biochemistry,2025-10-03,2025-10-03,2025-10-03 19:00:00,19,Routine,Abnormal
LO107489,APP017866,PAT01356,DOC018,DEP007,FAC003,LAB001,Complete Blood Count,Hematology,2025-10-20,2025-10-21,2025-10-22 03:00:00,27,Routine,Normal
LO107490,APP023339,PAT04515,DOC037,DEP005,FAC002,LAB001,Complete Blood Count,Hematology,2025-10-26,2025-10-26,2025-10-29 09:00:00,81,Routine,Abnormal
LO107500,APP049978,PAT01625,DOC038,DEP005,FAC003,LAB015,Electrolytes Panel,Biochemistry,2025-08-05,2025-08-06,2025-08-07 12:00:00,36,Routine,Normal
LO107512,APP024631,PAT05196,DOC031,DEP001,FAC001,LAB015,Electrolytes Panel,Biochemistry,2025-08-21,2025-08-23,2025-08-23 11:00:00,11,Routine,Normal
LO107518,APP014273,PAT03166,DOC039,DEP002,FAC004,LAB013,COVID PCR,Molecular Diagnostics,2025-11-17,2025-11-19,2025-11-19 03:00:00,3,Routine,Normal
LO107519,APP045592,PAT04082,DOC016,DEP004,FAC001,LAB013,COVID PCR,Molecular Diagnostics,2025-01-08,2025-01-09,2025-01-13 23:00:00,119,Routine,Normal
LO107524,APP006977,PAT05513,DOC036,DEP002,FAC001,LAB002,Blood Glucose,Biochemistry,2025-10-20,2025-10-21,2025-10-22 08:00:00,32,Routine,Normal
LO107527,APP048845,PAT08884,DOC037,DEP005,FAC002,LAB001,Complete Blood Count,Hematology,2025-01-21,2025-01-22,2025-01-24 01:00:00,49,Urgent,Normal
LO107533,APP004557,PAT01262,DOC002,DEP001,FAC002,LAB005,Kidney Function Test,Biochemistry,2025-08-23,2025-08-25,2025-08-25 08:00:00,8,Routine,Normal
LO107535,APP032659,PAT01512,DOC009,DEP002,FAC004,LAB005,Kidney Function Test,Biochemistry,2025-01-16,2025-01-16,2025-01-16 01:00:00,1,Routine,Normal
LO107548,APP044091,PAT08658,DOC027,DEP001,FAC002,LAB005,Kidney Function Test,Biochemistry,2025-10-01,2025-10-03,2025-10-07 00:00:00,96,Routine,Normal
LO107551,APP029467,PAT04221,DOC037,DEP005,FAC002,LAB007,Urine Routine,Microbiology,2025-09-17,2025-09-17,2025-09-19 11:00:00,59,Routine,Normal
LO107564,APP008619,PAT00219,DOC024,DEP006,FAC004,LAB008,Urine Culture,Microbiology,2025-02-13,2025-02-14,2025-02-14 04:00:00,4,Urgent,Normal
LO107569,APP030831,PAT04949,DOC025,DEP007,FAC005,LAB015,Electrolytes Panel,Biochemistry,2025-11-30,2025-11-30,2025-12-03 17:00:00,89,Routine,Normal
LO107570,APP028157,PAT03546,DOC012,DEP005,FAC002,LAB014,Blood Culture,Microbiology,2025-12-10,2025-12-11,2025-12-12 04:00:00,28,Routine,Normal
LO107578,APP017928,PAT04408,DOC018,DEP007,FAC003,LAB002,Blood Glucose,Biochemistry,2025-09-08,2025-09-10,2025-09-11 20:00:00,44,Routine,Abnormal
LO107585,APP028602,PAT04867,DOC034,DEP001,FAC004,LAB006,Thyroid Profile,Immunology,2025-01-25,2025-01-25,2025-01-25 18:00:00,18,Routine,Normal
LO107586,APP014323,PAT05958,DOC032,DEP002,FAC002,LAB013,COVID PCR,Molecular Diagnostics,2025-11-06,2025-11-06,2025-11-08 21:00:00,69,Routine,Normal
LO107590,APP031050,PAT00748,DOC011,DEP003,FAC001,LAB004,Liver Function Test,Biochemistry,2025-12-16,2025-12-16,2025-12-16 20:00:00,20,Routine,Abnormal
LO107594,APP008362,PAT05174,DOC011,DEP003,FAC001,LAB003,Lipid Profile,Biochemistry,2025-08-08,2025-08-08,2025-08-11 09:00:00,81,Routine,Normal
LO107604,APP019038,PAT08939,DOC002,DEP001,FAC002,LAB014,Blood Culture,Microbiology,2025-11-24,2025-11-26,2025-11-29 06:00:00,78,Routine,Normal
LO107608,APP037681,PAT08197,DOC009,DEP002,FAC004,LAB004,Liver Function Test,Biochemistry,2025-08-27,2025-08-27,2025-08-29 21:00:00,69,Routine,Normal
LO107612,APP003759,PAT02609,DOC022,DEP007,FAC002,LAB005,Kidney Function Test,Biochemistry,2025-06-20,2025-06-20,2025-06-21 11:00:00,35,Routine,Normal
LO107613,APP027126,PAT00938,DOC027,DEP001,FAC002,LAB009,Chest X-Ray,Radiology,2025-05-27,2025-05-27,2025-05-31 05:00:00,101,Routine,Normal
LO107623,APP017583,PAT03821,DOC024,DEP006,FAC004,LAB004,Liver Function Test,Biochemistry,2025-04-08,2025-04-08,2025-04-12 17:00:00,113,Routine,Normal
LO107625,APP033456,PAT02183,DOC008,DEP003,FAC003,LAB002,Blood Glucose,Biochemistry,2025-10-20,2025-10-20,2025-10-21 19:00:00,43,Routine,Normal
LO107640,APP043022,PAT02693,DOC019,DEP005,FAC004,LAB006,Thyroid Profile,Immunology,2025-10-23,2025-10-24,2025-10-25 20:00:00,44,Urgent,Critical
LO107644,APP047836,PAT01796,DOC015,DEP005,FAC005,LAB008,Urine Culture,Microbiology,2025-06-29,2025-06-29,2025-06-29 02:00:00,2,Routine,Normal
LO107645,APP018819,PAT01271,DOC005,DEP001,FAC005,LAB011,ECG,Cardiology Diagnostics,2025-03-08,2025-03-08,2025-03-11 17:00:00,89,Routine,Normal
LO107648,APP010632,PAT00354,DOC032,DEP002,FAC002,LAB005,Kidney Function Test,Biochemistry,2025-09-15,2025-09-16,2025-09-20 22:00:00,118,Routine,Normal
LO107652,APP012765,PAT06424,DOC021,DEP005,FAC001,LAB009,Chest X-Ray,Radiology,2025-04-16,2025-04-16,2025-04-18 23:00:00,71,Routine,Normal
LO107653,APP018825,PAT07347,DOC040,DEP003,FAC005,LAB015,Electrolytes Panel,Biochemistry,2025-02-13,2025-02-13,2025-02-17 11:00:00,107,Urgent,Normal
LO107657,APP049131,PAT04408,DOC032,DEP002,FAC002,LAB014,Blood Culture,Microbiology,2025-12-10,2025-12-12,2025-12-14 08:00:00,56,Routine,Abnormal
LO107662,APP006210,PAT06836,DOC038,DEP005,FAC003,LAB013,COVID PCR,Molecular Diagnostics,2025-12-28,2025-12-29,2026-01-02 02:00:00,98,Routine,Normal
LO107663,APP000402,PAT06706,DOC008,DEP003,FAC003,LAB010,Ultrasound Abdomen,Radiology,2025-10-10,2025-10-12,2025-10-16 02:00:00,98,Routine,Normal
LO107670,APP021826,PAT01954,DOC036,DEP002,FAC001,LAB015,Electrolytes Panel,Biochemistry,2025-12-29,2025-12-31,2026-01-01 02:00:00,26,Routine,Normal
LO107674,APP002851,PAT07342,DOC022,DEP007,FAC002,LAB001,Complete Blood Count,Hematology,2025-08-30,2025-08-30,2025-09-01 20:00:00,68,Urgent,Abnormal
LO107676,APP043072,PAT00488,DOC030,DEP008,FAC005,LAB014,Blood Culture,Microbiology,2025-05-31,2025-05-31,2025-06-04 11:00:00,107,Routine,Normal
LO107687,APP031847,PAT02560,DOC005,DEP001,FAC005,LAB008,Urine Culture,Microbiology,2025-12-09,2025-12-11,2025-12-15 14:00:00,110,Urgent,Normal
LO107690,APP044047,PAT04468,DOC027,DEP001,FAC002,LAB008,Urine Culture,Microbiology,2025-10-27,2025-10-27,2025-10-28 21:00:00,45,Routine,Abnormal
LO107693,APP037954,PAT02808,DOC005,DEP001,FAC005,LAB013,COVID PCR,Molecular Diagnostics,2025-11-19,2025-11-21,2025-11-21 19:00:00,19,Routine,Normal
LO107704,APP019645,PAT08823,DOC040,DEP003,FAC005,LAB013,COVID PCR,Molecular Diagnostics,2025-12-18,2025-12-20,2025-12-22 11:00:00,59,Routine,Normal
LO107705,APP010533,PAT03636,DOC027,DEP001,FAC002,LAB013,COVID PCR,Molecular Diagnostics,2025-08-20,2025-08-20,2025-08-22 07:00:00,55,Routine,Normal
LO107707,APP036982,PAT00587,DOC005,DEP001,FAC005,LAB006,Thyroid Profile,Immunology,2025-04-02,2025-04-04,2025-04-08 12:00:00,108,Routine,Critical
LO107713,APP023495,PAT04195,DOC029,DEP007,FAC004,LAB008,Urine Culture,Microbiology,2025-01-05,2025-01-06,2025-01-08 12:00:00,60,Routine,Normal
LO107718,APP019056,PAT03781,DOC012,DEP005,FAC002,LAB012,HbA1c,Biochemistry,2025-04-27,2025-04-28,2025-04-28 01:00:00,1,Routine,Normal
LO107725,APP047185,PAT05505,DOC007,DEP002,FAC002,LAB006,Thyroid Profile,Immunology,2025-06-05,2025-06-05,2025-06-09 02:00:00,98,Routine,Normal
LO107730,APP001747,PAT03014,DOC015,DEP005,FAC005,LAB005,Kidney Function Test,Biochemistry,2025-02-19,2025-02-20,2025-02-24 00:00:00,96,Routine,Normal
LO107732,APP025036,PAT03685,DOC023,DEP008,FAC003,LAB004,Liver Function Test,Biochemistry,2025-01-14,2025-01-16,2025-01-18 05:00:00,53,Routine,Abnormal
LO107748,APP001925,PAT02003,DOC016,DEP004,FAC001,LAB010,Ultrasound Abdomen,Radiology,2025-05-16,2025-05-16,2025-05-16 14:00:00,14,Routine,Normal
LO107750,APP034958,PAT08962,DOC007,DEP002,FAC002,LAB002,Blood Glucose,Biochemistry,2025-09-13,2025-09-13,2025-09-13 17:00:00,17,Routine,Normal
LO107755,APP039947,PAT00246,DOC015,DEP005,FAC005,LAB010,Ultrasound Abdomen,Radiology,2025-12-24,2025-12-24,2025-12-24 19:00:00,19,Routine,Normal
LO107756,APP040614,PAT09567,DOC023,DEP008,FAC003,LAB007,Urine Routine,Microbiology,2025-10-11,2025-10-12,2025-10-15 06:00:00,78,Urgent,Normal
LO107757,APP012954,PAT06408,DOC033,DEP003,FAC003,LAB008,Urine Culture,Microbiology,2025-02-10,2025-02-12,2025-02-12 02:00:00,2,Urgent,Normal
LO107762,APP034153,PAT08137,DOC014,DEP004,FAC004,LAB014,Blood Culture,Microbiology,2025-09-04,2025-09-04,2025-09-06 11:00:00,59,Routine,Normal
LO107763,APP043441,PAT03185,DOC021,DEP005,FAC001,LAB003,Lipid Profile,Biochemistry,2025-09-20,2025-09-21,2025-09-23 16:00:00,64,Routine,Normal
LO107769,APP000174,PAT08974,DOC020,DEP006,FAC005,LAB003,Lipid Profile,Biochemistry,2025-06-16,2025-06-17,2025-06-18 00:00:00,24,Routine,Normal
LO107773,APP043432,PAT08795,DOC024,DEP006,FAC004,LAB004,Liver Function Test,Biochemistry,2025-09-22,2025-09-22,2025-09-26 22:00:00,118,Routine,Normal
LO107774,APP007337,PAT00901,DOC031,DEP001,FAC001,LAB012,HbA1c,Biochemistry,2025-02-01,2025-02-03,2025-02-05 05:00:00,53,Routine,Abnormal
LO107775,APP010525,PAT01936,DOC035,DEP001,FAC005,LAB002,Blood Glucose,Biochemistry,2025-07-31,2025-08-01,2025-08-03 17:00:00,65,Routine,Normal
LO107777,APP010666,PAT05707,DOC037,DEP005,FAC002,LAB014,Blood Culture,Microbiology,2025-06-08,2025-06-08,2025-06-09 21:00:00,45,Routine,Normal
LO107779,APP006842,PAT05174,DOC032,DEP002,FAC002,LAB005,Kidney Function Test,Biochemistry,2025-06-02,2025-06-04,2025-06-08 00:00:00,96,Urgent,Abnormal
LO107787,APP043430,PAT03036,DOC013,DEP005,FAC003,LAB011,ECG,Cardiology Diagnostics,2025-02-10,2025-02-11,2025-02-11 23:00:00,23,Routine,Normal
LO107790,APP045798,PAT08100,DOC017,DEP006,FAC002,LAB001,Complete Blood Count,Hematology,2025-03-07,2025-03-09,2025-03-13 06:00:00,102,Routine,Normal
LO107816,APP009901,PAT00185,DOC031,DEP001,FAC001,LAB003,Lipid Profile,Biochemistry,2025-06-16,2025-06-17,2025-06-17 15:00:00,15,Routine,Normal
LO107822,APP035763,PAT06182,DOC016,DEP004,FAC001,LAB009,Chest X-Ray,Radiology,2025-08-24,2025-08-24,2025-08-24 07:00:00,7,Routine,Normal
LO107823,APP026847,PAT02120,DOC007,DEP002,FAC002,LAB003,Lipid Profile,Biochemistry,2025-11-03,2025-11-04,2025-11-04 17:00:00,17,Routine,Normal
LO107833,APP040244,PAT07945,DOC039,DEP002,FAC004,LAB001,Complete Blood Count,Hematology,2025-10-08,2025-10-10,2025-10-10 21:00:00,21,Routine,Normal
LO107838,APP038630,PAT08098,DOC014,DEP004,FAC004,LAB015,Electrolytes Panel,Biochemistry,2025-03-05,2025-03-05,2025-03-06 15:00:00,39,Routine,Normal
LO107841,APP020141,PAT02620,DOC018,DEP007,FAC003,LAB002,Blood Glucose,Biochemistry,2025-11-05,2025-11-05,2025-11-07 10:00:00,58,Routine,Normal
LO107842,APP035013,PAT03972,DOC017,DEP006,FAC002,LAB009,Chest X-Ray,Radiology,2025-04-02,2025-04-02,2025-04-05 19:00:00,91,Routine,Normal
LO107865,APP001433,PAT05528,DOC022,DEP007,FAC002,LAB002,Blood Glucose,Biochemistry,2025-06-04,2025-06-05,2025-06-08 09:00:00,81,Urgent,Normal
LO107878,APP018084,PAT01415,DOC006,DEP002,FAC001,LAB002,Blood Glucose,Biochemistry,2025-03-05,2025-03-07,2025-03-09 10:00:00,58,Routine,Normal
LO107881,APP030592,PAT05156,DOC021,DEP005,FAC001,LAB011,ECG,Cardiology Diagnostics,2025-04-27,2025-04-28,2025-04-30 11:00:00,59,Routine,Normal
LO107883,APP018230,PAT04490,DOC033,DEP003,FAC003,LAB006,Thyroid Profile,Immunology,2025-10-10,2025-10-12,2025-10-13 17:00:00,41,Routine,Normal
LO107885,APP023298,PAT00386,DOC003,DEP001,FAC003,LAB013,COVID PCR,Molecular Diagnostics,2025-03-28,2025-03-30,2025-03-31 15:00:00,39,Routine,Normal
LO107893,APP009360,PAT08901,DOC025,DEP007,FAC005,LAB008,Urine Culture,Microbiology,2025-10-04,2025-10-05,2025-10-08 09:00:00,81,Routine,Normal
LO107895,APP041021,PAT03026,DOC017,DEP006,FAC002,LAB003,Lipid Profile,Biochemistry,2025-11-07,2025-11-08,2025-11-12 17:00:00,113,Routine,Normal
LO107911,APP009839,PAT05708,DOC015,DEP005,FAC005,LAB009,Chest X-Ray,Radiology,2025-10-12,2025-10-12,2025-10-14 14:00:00,62,Routine,Abnormal
LO107915,APP001312,PAT09692,DOC008,DEP003,FAC003,LAB007,Urine Routine,Microbiology,2025-06-21,2025-06-22,2025-06-23 05:00:00,29,Routine,Normal
LO107919,APP048082,PAT04415,DOC038,DEP005,FAC003,LAB011,ECG,Cardiology Diagnostics,2025-12-15,2025-12-15,2025-12-17 08:00:00,56,Routine,Normal
LO107921,APP045647,PAT01618,DOC022,DEP007,FAC002,LAB004,Liver Function Test,Biochemistry,2025-03-10,2025-03-12,2025-03-12 04:00:00,4,Routine,Normal
LO107923,APP016113,PAT00358,DOC010,DEP003,FAC005,LAB003,Lipid Profile,Biochemistry,2025-07-12,2025-07-13,2025-07-13 08:00:00,8,Routine,Normal
LO107928,APP021041,PAT07938,DOC036,DEP002,FAC001,LAB011,ECG,Cardiology Diagnostics,2025-02-19,2025-02-20,2025-02-23 23:00:00,95,Urgent,Normal
LO107930,APP019368,PAT08485,DOC009,DEP002,FAC004,LAB004,Liver Function Test,Biochemistry,2025-11-25,2025-11-27,2025-11-30 18:00:00,90,Routine,Normal
LO107938,APP009434,PAT07582,DOC034,DEP001,FAC004,LAB010,Ultrasound Abdomen,Radiology,2025-09-03,2025-09-05,2025-09-08 05:00:00,77,Routine,Normal
LO107949,APP027208,PAT03106,DOC026,DEP008,FAC001,LAB002,Blood Glucose,Biochemistry,2025-12-04,2025-12-04,2025-12-06 03:00:00,51,Routine,Normal
LO107950,APP029678,PAT03820,DOC036,DEP002,FAC001,LAB001,Complete Blood Count,Hematology,2025-10-12,2025-10-14,2025-10-18 04:00:00,100,Urgent,Normal
LO107953,APP048292,PAT06823,DOC011,DEP003,FAC001,LAB005,Kidney Function Test,Biochemistry,2025-04-29,2025-05-01,2025-05-04 00:00:00,72,Routine,Normal
LO107954,APP014083,PAT08740,DOC025,DEP007,FAC005,LAB013,COVID PCR,Molecular Diagnostics,2025-03-30,2025-04-01,2025-04-02 10:00:00,34,Routine,Normal
LO107956,APP006163,PAT08780,DOC013,DEP005,FAC003,LAB008,Urine Culture,Microbiology,2025-01-25,2025-01-27,2025-01-29 09:00:00,57,Routine,Normal
LO107957,APP033547,PAT05415,DOC035,DEP001,FAC005,LAB006,Thyroid Profile,Immunology,2025-08-03,2025-08-03,2025-08-05 07:00:00,55,Routine,Normal
LO107962,APP022123,PAT01057,DOC003,DEP001,FAC003,LAB008,Urine Culture,Microbiology,2025-03-22,2025-03-23,2025-03-24 04:00:00,28,Routine,Normal
LO107974,APP026946,PAT00042,DOC031,DEP001,FAC001,LAB006,Thyroid Profile,Immunology,2025-02-25,2025-02-25,2025-02-28 00:00:00,72,Routine,Abnormal
LO107977,APP007038,PAT08125,DOC023,DEP008,FAC003,LAB006,Thyroid Profile,Immunology,2025-01-01,2025-01-03,2025-01-06 18:00:00,90,Routine,Normal
LO107979,APP014625,PAT02627,DOC031,DEP001,FAC001,LAB011,ECG,Cardiology Diagnostics,2025-09-02,2025-09-02,2025-09-06 16:00:00,112,Routine,Normal
LO107980,APP040997,PAT05602,DOC029,DEP007,FAC004,LAB007,Urine Routine,Microbiology,2025-10-18,2025-10-18,2025-10-19 12:00:00,36,Routine,Normal
LO107981,APP044875,PAT09310,DOC034,DEP001,FAC004,LAB015,Electrolytes Panel,Biochemistry,2025-12-27,2025-12-27,2025-12-31 03:00:00,99,Routine,Normal
LO107982,APP042140,PAT02367,DOC006,DEP002,FAC001,LAB003,Lipid Profile,Biochemistry,2025-07-16,2025-07-16,2025-07-16 10:00:00,10,Routine,Critical
LO107995,APP019250,PAT01356,DOC002,DEP001,FAC002,LAB015,Electrolytes Panel,Biochemistry,2025-07-03,2025-07-04,2025-07-08 02:00:00,98,Urgent,Normal
LO108011,APP015667,PAT09996,DOC031,DEP001,FAC001,LAB012,HbA1c,Biochemistry,2025-08-18,2025-08-18,2025-08-20 10:00:00,58,Stat,Abnormal
LO108014,APP045270,PAT07029,DOC030,DEP008,FAC005,LAB012,HbA1c,Biochemistry,2025-09-27,2025-09-29,2025-10-02 19:00:00,91,Routine,Normal
LO108019,APP049104,PAT06614,DOC015,DEP005,FAC005,LAB003,Lipid Profile,Biochemistry,2025-06-28,2025-06-29,2025-06-30 03:00:00,27,Routine,Normal
LO108026,APP014800,PAT03979,DOC021,DEP005,FAC001,LAB015,Electrolytes Panel,Biochemistry,2025-06-13,2025-06-15,2025-06-16 18:00:00,42,Routine,Normal
LO108027,APP010981,PAT05045,DOC037,DEP005,FAC002,LAB003,Lipid Profile,Biochemistry,2025-01-19,2025-01-19,2025-01-22 17:00:00,89,Routine,Abnormal
LO108032,APP019392,PAT09981,DOC013,DEP005,FAC003,LAB007,Urine Routine,Microbiology,2025-11-17,2025-11-17,2025-11-18 22:00:00,46,Stat,Normal
LO108040,APP049247,PAT01179,DOC007,DEP002,FAC002,LAB003,Lipid Profile,Biochemistry,2025-08-18,2025-08-20,2025-08-20 05:00:00,5,Routine,Abnormal
LO108048,APP042535,PAT08880,DOC037,DEP005,FAC002,LAB008,Urine Culture,Microbiology,2025-12-28,2025-12-28,2025-12-29 00:00:00,24,Routine,Normal
LO108063,APP031762,PAT08169,DOC018,DEP007,FAC003,LAB012,HbA1c,Biochemistry,2025-12-17,2025-12-19,2025-12-23 18:00:00,114,Routine,Normal
LO108064,APP036546,PAT00034,DOC002,DEP001,FAC002,LAB009,Chest X-Ray,Radiology,2025-10-23,2025-10-25,2025-10-28 14:00:00,86,Routine,Normal
LO108065,APP038882,PAT09361,DOC035,DEP001,FAC005,LAB013,COVID PCR,Molecular Diagnostics,2025-07-19,2025-07-20,2025-07-24 03:00:00,99,Routine,Normal
LO108082,APP013952,PAT08296,DOC023,DEP008,FAC003,LAB009,Chest X-Ray,Radiology,2025-08-18,2025-08-20,2025-08-23 13:00:00,85,Routine,Abnormal
LO108086,APP013697,PAT06316,DOC012,DEP005,FAC002,LAB008,Urine Culture,Microbiology,2025-01-11,2025-01-11,2025-01-11 19:00:00,19,Routine,Normal
LO108096,APP031563,PAT04961,DOC015,DEP005,FAC005,LAB009,Chest X-Ray,Radiology,2025-01-14,2025-01-15,2025-01-19 14:00:00,110,Routine,Normal
LO108103,APP000819,PAT00840,DOC020,DEP006,FAC005,LAB013,COVID PCR,Molecular Diagnostics,2025-06-19,2025-06-19,2025-06-22 16:00:00,88,Routine,Normal
LO108107,APP047327,PAT08789,DOC027,DEP001,FAC002,LAB008,Urine Culture,Microbiology,2025-03-08,2025-03-08,2025-03-09 15:00:00,39,Urgent,Normal
LO108108,APP013977,PAT07418,DOC040,DEP003,FAC005,LAB006,Thyroid Profile,Immunology,2025-11-12,2025-11-13,2025-11-13 05:00:00,5,Routine,Normal
LO108116,APP019450,PAT06648,DOC010,DEP003,FAC005,LAB015,Electrolytes Panel,Biochemistry,2025-01-14,2025-01-15,2025-01-19 10:00:00,106,Routine,Normal
LO108134,APP042218,PAT06811,DOC002,DEP001,FAC002,LAB013,COVID PCR,Molecular Diagnostics,2025-11-17,2025-11-19,2025-11-20 09:00:00,33,Routine,Normal
LO108139,APP020473,PAT03754,DOC038,DEP005,FAC003,LAB014,Blood Culture,Microbiology,2025-12-30,2025-12-30,2026-01-03 00:00:00,96,Routine,Normal
LO108148,APP036965,PAT05184,DOC033,DEP003,FAC003,LAB003,Lipid Profile,Biochemistry,2025-02-11,2025-02-11,2025-02-15 18:00:00,114,Routine,Normal
LO108152,APP016346,PAT02113,DOC008,DEP003,FAC003,LAB002,Blood Glucose,Biochemistry,2025-08-24,2025-08-24,2025-08-27 01:00:00,73,Routine,Normal
LO108155,APP044621,PAT02693,DOC012,DEP005,FAC002,LAB013,COVID PCR,Molecular Diagnostics,2025-07-02,2025-07-02,2025-07-02 16:00:00,16,Routine,Normal
LO108158,APP036963,PAT04130,DOC027,DEP001,FAC002,LAB003,Lipid Profile,Biochemistry,2025-10-21,2025-10-22,2025-10-22 13:00:00,13,Routine,Normal
LO108162,APP034339,PAT09195,DOC031,DEP001,FAC001,LAB001,Complete Blood Count,Hematology,2025-09-25,2025-09-27,2025-10-01 09:00:00,105,Routine,Critical
LO108165,APP009413,PAT05145,DOC023,DEP008,FAC003,LAB001,Complete Blood Count,Hematology,2025-07-24,2025-07-24,2025-07-28 17:00:00,113,Routine,Normal
LO108168,APP046851,PAT07748,DOC001,DEP001,FAC001,LAB008,Urine Culture,Microbiology,2025-07-07,2025-07-09,2025-07-10 10:00:00,34,Routine,Abnormal
LO108170,APP026896,PAT04756,DOC007,DEP002,FAC002,LAB007,Urine Routine,Microbiology,2025-03-19,2025-03-20,2025-03-23 03:00:00,75,Urgent,Normal
LO108171,APP000968,PAT06335,DOC013,DEP005,FAC003,LAB004,Liver Function Test,Biochemistry,2025-11-04,2025-11-04,2025-11-05 07:00:00,31,Routine,Abnormal
LO108173,APP025493,PAT00389,DOC020,DEP006,FAC005,LAB001,Complete Blood Count,Hematology,2025-05-30,2025-06-01,2025-06-05 01:00:00,97,Routine,Normal
LO108178,APP049883,PAT02993,DOC007,DEP002,FAC002,LAB002,Blood Glucose,Biochemistry,2025-02-20,2025-02-21,2025-02-22 05:00:00,29,Routine,Critical
LO108182,APP005798,PAT00933,DOC022,DEP007,FAC002,LAB008,Urine Culture,Microbiology,2025-05-26,2025-05-27,2025-05-30 23:00:00,95,Routine,Normal
LO108184,APP043886,PAT01635,DOC020,DEP006,FAC005,LAB005,Kidney Function Test,Biochemistry,2025-05-19,2025-05-20,2025-05-21 20:00:00,44,Routine,Normal
LO108185,APP022190,PAT06635,DOC031,DEP001,FAC001,LAB007,Urine Routine,Microbiology,2025-07-07,2025-07-08,2025-07-09 12:00:00,36,Routine,Normal
LO108187,APP016975,PAT04683,DOC031,DEP001,FAC001,LAB008,Urine Culture,Microbiology,2025-09-13,2025-09-14,2025-09-18 07:00:00,103,Routine,Abnormal
LO108195,APP001430,PAT04863,DOC008,DEP003,FAC003,LAB002,Blood Glucose,Biochemistry,2025-03-03,2025-03-04,2025-03-05 05:00:00,29,Routine,Normal
LO108200,APP032866,PAT03947,DOC036,DEP002,FAC001,LAB010,Ultrasound Abdomen,Radiology,2025-08-11,2025-08-11,2025-08-11 12:00:00,12,Urgent,Normal
LO108211,APP029980,PAT02996,DOC026,DEP008,FAC001,LAB004,Liver Function Test,Biochemistry,2025-07-10,2025-07-11,2025-07-12 14:00:00,38,Routine,Abnormal
LO108215,APP000895,PAT03904,DOC012,DEP005,FAC002,LAB007,Urine Routine,Microbiology,2025-01-23,2025-01-23,2025-01-27 17:00:00,113,Routine,Normal
LO108218,APP000986,PAT02716,DOC008,DEP003,FAC003,LAB010,Ultrasound Abdomen,Radiology,2025-03-22,2025-03-24,2025-03-27 16:00:00,88,Routine,Normal
LO108228,APP037320,PAT03066,DOC028,DEP001,FAC003,LAB011,ECG,Cardiology Diagnostics,2025-02-21,2025-02-22,2025-02-26 01:00:00,97,Routine,Normal
LO108243,APP010478,PAT07043,DOC031,DEP001,FAC001,LAB002,Blood Glucose,Biochemistry,2025-06-28,2025-06-30,2025-07-02 21:00:00,69,Urgent,Normal
LO108245,APP045434,PAT03475,DOC036,DEP002,FAC001,LAB011,ECG,Cardiology Diagnostics,2025-10-13,2025-10-13,2025-10-16 16:00:00,88,Routine,Normal
LO108259,APP042705,PAT04041,DOC032,DEP002,FAC002,LAB008,Urine Culture,Microbiology,2025-04-19,2025-04-21,2025-04-24 08:00:00,80,Routine,Normal
LO108268,APP040780,PAT03270,DOC020,DEP006,FAC005,LAB014,Blood Culture,Microbiology,2025-02-21,2025-02-22,2025-02-23 00:00:00,24,Routine,Normal
LO108272,APP026241,PAT06922,DOC007,DEP002,FAC002,LAB014,Blood Culture,Microbiology,2025-03-23,2025-03-25,2025-03-25 03:00:00,3,Routine,Normal
LO108274,APP045420,PAT05351,DOC002,DEP001,FAC002,LAB002,Blood Glucose,Biochemistry,2025-02-14,2025-02-15,2025-02-16 16:00:00,40,Routine,Normal
LO108277,APP048122,PAT03356,DOC027,DEP001,FAC002,LAB003,Lipid Profile,Biochemistry,2025-11-21,2025-11-21,2025-11-21 12:00:00,12,Routine,Normal
LO108278,APP008425,PAT02944,DOC006,DEP002,FAC001,LAB014,Blood Culture,Microbiology,2025-09-30,2025-09-30,2025-10-01 14:00:00,38,Routine,Normal
LO108289,APP027628,PAT08661,DOC027,DEP001,FAC002,LAB012,HbA1c,Biochemistry,2025-01-26,2025-01-27,2025-01-27 15:00:00,15,Routine,Normal
LO108297,APP025561,PAT04747,DOC026,DEP008,FAC001,LAB007,Urine Routine,Microbiology,2025-07-30,2025-07-31,2025-07-31 04:00:00,4,Routine,Abnormal
LO108309,APP001865,PAT02026,DOC006,DEP002,FAC001,LAB009,Chest X-Ray,Radiology,2025-11-15,2025-11-17,2025-11-17 17:00:00,17,Routine,Critical
LO108330,APP008116,PAT00742,DOC039,DEP002,FAC004,LAB009,Chest X-Ray,Radiology,2025-10-03,2025-10-03,2025-10-04 17:00:00,41,Routine,Normal
LO108333,APP033563,PAT00909,DOC002,DEP001,FAC002,LAB010,Ultrasound Abdomen,Radiology,2025-07-27,2025-07-28,2025-07-28 22:00:00,22,Routine,Normal
LO108336,APP028455,PAT09489,DOC011,DEP003,FAC001,LAB015,Electrolytes Panel,Biochemistry,2025-11-04,2025-11-04,2025-11-06 06:00:00,54,Routine,Abnormal
LO108339,APP042290,PAT09489,DOC033,DEP003,FAC003,LAB004,Liver Function Test,Biochemistry,2025-02-21,2025-02-23,2025-02-27 15:00:00,111,Routine,Normal
LO108341,APP036330,PAT06178,DOC014,DEP004,FAC004,LAB015,Electrolytes Panel,Biochemistry,2025-01-12,2025-01-13,2025-01-16 19:00:00,91,Routine,Normal
LO108346,APP040497,PAT03777,DOC038,DEP005,FAC003,LAB006,Thyroid Profile,Immunology,2025-06-06,2025-06-07,2025-06-07 14:00:00,14,Routine,Normal
LO108347,APP028700,PAT07815,DOC022,DEP007,FAC002,LAB012,HbA1c,Biochemistry,2025-03-06,2025-03-07,2025-03-10 03:00:00,75,Routine,Abnormal
LO108354,APP020464,PAT05206,DOC019,DEP005,FAC004,LAB013,COVID PCR,Molecular Diagnostics,2025-02-14,2025-02-15,2025-02-17 16:00:00,64,Urgent,Normal
LO108358,APP021555,PAT02003,DOC029,DEP007,FAC004,LAB010,Ultrasound Abdomen,Radiology,2025-07-02,2025-07-03,2025-07-06 02:00:00,74,Routine,Critical
LO108363,APP045424,PAT09021,DOC018,DEP007,FAC003,LAB013,COVID PCR,Molecular Diagnostics,2025-10-07,2025-10-07,2025-10-10 02:00:00,74,Routine,Normal
LO108367,APP019227,PAT03468,DOC034,DEP001,FAC004,LAB008,Urine Culture,Microbiology,2025-11-19,2025-11-19,2025-11-20 03:00:00,27,Routine,Normal
LO108384,APP046874,PAT06006,DOC036,DEP002,FAC001,LAB003,Lipid Profile,Biochemistry,2025-06-13,2025-06-14,2025-06-14 15:00:00,15,Routine,Normal
LO108390,APP039126,PAT03911,DOC007,DEP002,FAC002,LAB011,ECG,Cardiology Diagnostics,2025-04-26,2025-04-26,2025-04-30 18:00:00,114,Routine,Normal
LO108394,APP035067,PAT07043,DOC035,DEP001,FAC005,LAB009,Chest X-Ray,Radiology,2025-06-19,2025-06-20,2025-06-22 04:00:00,52,Routine,Normal
LO108397,APP024022,PAT02299,DOC002,DEP001,FAC002,LAB015,Electrolytes Panel,Biochemistry,2025-07-08,2025-07-08,2025-07-08 05:00:00,5,Routine,Normal
LO108410,APP023352,PAT06187,DOC037,DEP005,FAC002,LAB011,ECG,Cardiology Diagnostics,2025-10-27,2025-10-27,2025-10-27 01:00:00,1,Routine,Normal
LO108412,APP034135,PAT06476,DOC011,DEP003,FAC001,LAB005,Kidney Function Test,Biochemistry,2025-04-07,2025-04-09,2025-04-13 21:00:00,117,Routine,Normal
LO108413,APP039908,PAT05505,DOC007,DEP002,FAC002,LAB007,Urine Routine,Microbiology,2025-06-29,2025-06-30,2025-07-03 17:00:00,89,Stat,Normal
LO108414,APP040076,PAT03276,DOC008,DEP003,FAC003,LAB008,Urine Culture,Microbiology,2025-09-22,2025-09-24,2025-09-24 21:00:00,21,Routine,Normal
LO108416,APP007262,PAT09058,DOC018,DEP007,FAC003,LAB009,Chest X-Ray,Radiology,2025-10-27,2025-10-27,2025-10-30 17:00:00,89,Routine,Normal
LO108418,APP019574,PAT04076,DOC014,DEP004,FAC004,LAB001,Complete Blood Count,Hematology,2025-03-27,2025-03-29,2025-03-31 18:00:00,66,Routine,Normal
LO108419,APP019403,PAT04124,DOC002,DEP001,FAC002,LAB012,HbA1c,Biochemistry,2025-02-03,2025-02-05,2025-02-07 01:00:00,49,Routine,Normal
LO108430,APP023110,PAT09160,DOC006,DEP002,FAC001,LAB014,Blood Culture,Microbiology,2025-09-06,2025-09-08,2025-09-12 09:00:00,105,Routine,Normal
LO108444,APP003901,PAT03298,DOC022,DEP007,FAC002,LAB002,Blood Glucose,Biochemistry,2025-11-21,2025-11-22,2025-11-24 16:00:00,64,Routine,Normal
LO108450,APP023659,PAT09149,DOC008,DEP003,FAC003,LAB015,Electrolytes Panel,Biochemistry,2025-04-10,2025-04-11,2025-04-15 17:00:00,113,Routine,Normal
LO108457,APP027910,PAT05598,DOC011,DEP003,FAC001,LAB015,Electrolytes Panel,Biochemistry,2025-01-10,2025-01-11,2025-01-11 05:00:00,5,Routine,Normal
LO108458,APP023263,PAT05272,DOC022,DEP007,FAC002,LAB014,Blood Culture,Microbiology,2025-03-09,2025-03-11,2025-03-13 22:00:00,70,Routine,Critical
LO108461,APP025325,PAT04376,DOC031,DEP001,FAC001,LAB002,Blood Glucose,Biochemistry,2025-06-07,2025-06-09,2025-06-09 14:00:00,14,Routine,Normal
LO108463,APP019679,PAT02145,DOC040,DEP003,FAC005,LAB001,Complete Blood Count,Hematology,2025-10-31,2025-11-01,2025-11-04 15:00:00,87,Routine,Normal
LO108464,APP005945,PAT07272,DOC021,DEP005,FAC001,LAB003,Lipid Profile,Biochemistry,2025-07-19,2025-07-20,2025-07-22 18:00:00,66,Routine,Normal
LO108465,APP025358,PAT08243,DOC005,DEP001,FAC005,LAB002,Blood Glucose,Biochemistry,2025-09-07,2025-09-08,2025-09-09 00:00:00,24,Routine,Normal
LO108467,APP037043,PAT01548,DOC022,DEP007,FAC002,LAB009,Chest X-Ray,Radiology,2025-04-13,2025-04-13,2025-04-14 20:00:00,44,Routine,Normal
LO108470,APP022342,PAT06096,DOC037,DEP005,FAC002,LAB007,Urine Routine,Microbiology,2025-08-21,2025-08-23,2025-08-23 08:00:00,8,Routine,Abnormal
LO108481,APP017208,PAT01796,DOC004,DEP001,FAC004,LAB008,Urine Culture,Microbiology,2025-01-24,2025-01-25,2025-01-29 05:00:00,101,Routine,Normal
LO108483,APP044135,PAT00474,DOC008,DEP003,FAC003,LAB011,ECG,Cardiology Diagnostics,2025-02-11,2025-02-13,2025-02-13 11:00:00,11,Routine,Normal
LO108487,APP023143,PAT09897,DOC011,DEP003,FAC001,LAB006,Thyroid Profile,Immunology,2025-01-23,2025-01-25,2025-01-27 10:00:00,58,Routine,Normal
LO108489,APP048446,PAT04338,DOC033,DEP003,FAC003,LAB001,Complete Blood Count,Hematology,2025-08-16,2025-08-17,2025-08-20 23:00:00,95,Routine,Normal
LO108498,APP038989,PAT08268,DOC028,DEP001,FAC003,LAB001,Complete Blood Count,Hematology,2025-12-24,2025-12-25,2025-12-26 08:00:00,32,Routine,Normal
LO108499,APP033650,PAT09508,DOC002,DEP001,FAC002,LAB010,Ultrasound Abdomen,Radiology,2025-11-07,2025-11-07,2025-11-10 07:00:00,79,Routine,Abnormal
LO108500,APP038562,PAT09970,DOC030,DEP008,FAC005,LAB001,Complete Blood Count,Hematology,2025-10-08,2025-10-10,2025-10-11 04:00:00,28,Routine,Normal
LO108504,APP003328,PAT03479,DOC038,DEP005,FAC003,LAB004,Liver Function Test,Biochemistry,2025-05-24,2025-05-25,2025-05-26 21:00:00,45,Routine,Normal
LO108516,APP002400,PAT06558,DOC022,DEP007,FAC002,LAB001,Complete Blood Count,Hematology,2025-01-07,2025-01-08,2025-01-12 08:00:00,104,Urgent,Normal
LO108520,APP001341,PAT05136,DOC026,DEP008,FAC001,LAB009,Chest X-Ray,Radiology,2025-10-11,2025-10-11,2025-10-11 03:00:00,3,Routine,Normal
LO108532,APP008697,PAT08461,DOC037,DEP005,FAC002,LAB005,Kidney Function Test,Biochemistry,2025-03-10,2025-03-10,2025-03-11 02:00:00,26,Routine,Normal
LO108539,APP022719,PAT05423,DOC032,DEP002,FAC002,LAB014,Blood Culture,Microbiology,2025-05-11,2025-05-12,2025-05-14 08:00:00,56,Routine,Normal
LO108541,APP048321,PAT00377,DOC009,DEP002,FAC004,LAB002,Blood Glucose,Biochemistry,2025-02-24,2025-02-24,2025-02-27 10:00:00,82,Routine,Normal
LO108546,APP029549,PAT06188,DOC038,DEP005,FAC003,LAB014,Blood Culture,Microbiology,2025-02-22,2025-02-22,2025-02-25 11:00:00,83,Routine,Normal
LO108551,APP049983,PAT06799,DOC039,DEP002,FAC004,LAB002,Blood Glucose,Biochemistry,2025-07-27,2025-07-28,2025-07-30 02:00:00,50,Urgent,Normal
LO108558,APP002134,PAT09023,DOC005,DEP001,FAC005,LAB009,Chest X-Ray,Radiology,2025-05-24,2025-05-24,2025-05-27 20:00:00,92,Routine,Normal
LO108563,APP030294,PAT07158,DOC035,DEP001,FAC005,LAB002,Blood Glucose,Biochemistry,2025-09-29,2025-09-29,2025-10-03 13:00:00,109,Routine,Abnormal
LO108569,APP037219,PAT07912,DOC008,DEP003,FAC003,LAB011,ECG,Cardiology Diagnostics,2025-01-09,2025-01-09,2025-01-10 05:00:00,29,Routine,Abnormal
LO108570,APP033008,PAT06891,DOC004,DEP001,FAC004,LAB006,Thyroid Profile,Immunology,2025-11-23,2025-11-25,2025-11-25 22:00:00,22,Routine,Abnormal
LO108583,APP034935,PAT01328,DOC040,DEP003,FAC005,LAB002,Blood Glucose,Biochemistry,2025-07-22,2025-07-24,2025-07-26 18:00:00,66,Routine,Normal
LO108586,APP004939,PAT09566,DOC002,DEP001,FAC002,LAB009,Chest X-Ray,Radiology,2025-10-09,2025-10-11,2025-10-14 09:00:00,81,Routine,Normal
LO108587,APP020431,PAT05364,DOC037,DEP005,FAC002,LAB001,Complete Blood Count,Hematology,2025-01-04,2025-01-06,2025-01-10 11:00:00,107,Urgent,Normal
LO108589,APP016772,PAT04354,DOC033,DEP003,FAC003,LAB014,Blood Culture,Microbiology,2025-04-30,2025-05-02,2025-05-06 09:00:00,105,Routine,Normal
LO108590,APP002394,PAT04661,DOC015,DEP005,FAC005,LAB004,Liver Function Test,Biochemistry,2025-11-05,2025-11-05,2025-11-08 21:00:00,93,Routine,Abnormal
LO108592,APP020506,PAT00564,DOC035,DEP001,FAC005,LAB013,COVID PCR,Molecular Diagnostics,2025-11-23,2025-11-24,2025-11-27 17:00:00,89,Urgent,Normal
LO108598,APP020250,PAT03018,DOC039,DEP002,FAC004,LAB010,Ultrasound Abdomen,Radiology,2025-05-30,2025-05-31,2025-06-03 04:00:00,76,Routine,Abnormal
LO108605,APP046810,PAT08344,DOC037,DEP005,FAC002,LAB010,Ultrasound Abdomen,Radiology,2025-03-03,2025-03-03,2025-03-04 06:00:00,30,Urgent,Normal
LO108606,APP003584,PAT09280,DOC003,DEP001,FAC003,LAB014,Blood Culture,Microbiology,2025-07-29,2025-07-30,2025-08-03 02:00:00,98,Urgent,Normal
LO108608,APP038071,PAT01419,DOC035,DEP001,FAC005,LAB015,Electrolytes Panel,Biochemistry,2025-02-25,2025-02-26,2025-02-28 13:00:00,61,Routine,Normal
LO108609,APP042958,PAT02345,DOC011,DEP003,FAC001,LAB012,HbA1c,Biochemistry,2025-03-08,2025-03-09,2025-03-12 11:00:00,83,Routine,Normal
LO108620,APP044452,PAT01088,DOC007,DEP002,FAC002,LAB001,Complete Blood Count,Hematology,2025-01-05,2025-01-06,2025-01-07 20:00:00,44,Routine,Normal
LO108625,APP026423,PAT04953,DOC024,DEP006,FAC004,LAB008,Urine Culture,Microbiology,2025-11-27,2025-11-27,2025-11-29 09:00:00,57,Routine,Normal
LO108627,APP030531,PAT06927,DOC027,DEP001,FAC002,LAB003,Lipid Profile,Biochemistry,2025-11-02,2025-11-04,2025-11-05 10:00:00,34,Routine,Normal
LO108635,APP003019,PAT02302,DOC016,DEP004,FAC001,LAB003,Lipid Profile,Biochemistry,2025-01-04,2025-01-06,2025-01-10 06:00:00,102,Routine,Abnormal
LO108640,APP025008,PAT06374,DOC039,DEP002,FAC004,LAB015,Electrolytes Panel,Biochemistry,2025-09-15,2025-09-15,2025-09-18 00:00:00,72,Routine,Normal
LO108642,APP037567,PAT02586,DOC035,DEP001,FAC005,LAB012,HbA1c,Biochemistry,2025-09-16,2025-09-17,2025-09-18 19:00:00,43,Routine,Normal
LO108643,APP010414,PAT01576,DOC016,DEP004,FAC001,LAB005,Kidney Function Test,Biochemistry,2025-06-23,2025-06-24,2025-06-25 07:00:00,31,Routine,Normal
LO108648,APP037864,PAT06077,DOC009,DEP002,FAC004,LAB002,Blood Glucose,Biochemistry,2025-07-09,2025-07-09,2025-07-11 16:00:00,64,Routine,Normal
LO108652,APP026088,PAT04190,DOC038,DEP005,FAC003,LAB008,Urine Culture,Microbiology,2025-02-19,2025-02-20,2025-02-22 03:00:00,51,Routine,Normal
LO108653,APP045324,PAT00634,DOC031,DEP001,FAC001,LAB005,Kidney Function Test,Biochemistry,2025-11-11,2025-11-11,2025-11-13 16:00:00,64,Routine,Normal
LO108664,APP009459,PAT00312,DOC025,DEP007,FAC005,LAB004,Liver Function Test,Biochemistry,2025-10-11,2025-10-12,2025-10-13 08:00:00,32,Routine,Normal
LO108678,APP002904,PAT00412,DOC017,DEP006,FAC002,LAB013,COVID PCR,Molecular Diagnostics,2025-04-04,2025-04-06,2025-04-09 16:00:00,88,Stat,Abnormal
LO108707,APP036698,PAT02901,DOC001,DEP001,FAC001,LAB003,Lipid Profile,Biochemistry,2025-06-01,2025-06-01,2025-06-05 08:00:00,104,Routine,Normal
LO108709,APP003917,PAT08518,DOC026,DEP008,FAC001,LAB004,Liver Function Test,Biochemistry,2025-02-25,2025-02-25,2025-02-26 04:00:00,28,Urgent,Normal
LO108712,APP026857,PAT01984,DOC023,DEP008,FAC003,LAB015,Electrolytes Panel,Biochemistry,2025-12-02,2025-12-02,2025-12-05 16:00:00,88,Routine,Normal
LO108721,APP040041,PAT02040,DOC005,DEP001,FAC005,LAB005,Kidney Function Test,Biochemistry,2025-03-06,2025-03-07,2025-03-10 01:00:00,73,Routine,Normal
LO108729,APP035684,PAT08901,DOC001,DEP001,FAC001,LAB009,Chest X-Ray,Radiology,2025-10-28,2025-10-29,2025-11-01 23:00:00,95,Routine,Normal
LO108734,APP002551,PAT09587,DOC025,DEP007,FAC005,LAB009,Chest X-Ray,Radiology,2025-03-22,2025-03-22,2025-03-26 14:00:00,110,Routine,Normal
LO108740,APP044517,PAT03920,DOC006,DEP002,FAC001,LAB015,Electrolytes Panel,Biochemistry,2025-03-26,2025-03-27,2025-03-27 02:00:00,2,Routine,Normal
LO108751,APP039112,PAT08780,DOC019,DEP005,FAC004,LAB009,Chest X-Ray,Radiology,2025-08-30,2025-08-31,2025-09-01 10:00:00,34,Routine,Abnormal
LO108756,APP020838,PAT08939,DOC004,DEP001,FAC004,LAB005,Kidney Function Test,Biochemistry,2025-08-30,2025-08-30,2025-08-31 02:00:00,26,Routine,Normal
LO108770,APP005555,PAT04514,DOC026,DEP008,FAC001,LAB014,Blood Culture,Microbiology,2025-03-16,2025-03-16,2025-03-20 16:00:00,112,Urgent,Abnormal
LO108776,APP047024,PAT09996,DOC023,DEP008,FAC003,LAB005,Kidney Function Test,Biochemistry,2025-03-31,2025-03-31,2025-04-02 20:00:00,68,Routine,Normal
LO108781,APP035448,PAT01685,DOC033,DEP003,FAC003,LAB013,COVID PCR,Molecular Diagnostics,2025-03-01,2025-03-02,2025-03-03 04:00:00,28,Routine,Normal
LO108783,APP006757,PAT03661,DOC034,DEP001,FAC004,LAB015,Electrolytes Panel,Biochemistry,2025-10-25,2025-10-26,2025-10-27 19:00:00,43,Urgent,Normal
LO108790,APP048577,PAT06046,DOC036,DEP002,FAC001,LAB004,Liver Function Test,Biochemistry,2025-12-15,2025-12-17,2025-12-18 05:00:00,29,Stat,Normal
LO108800,APP003031,PAT05345,DOC010,DEP003,FAC005,LAB011,ECG,Cardiology Diagnostics,2025-09-07,2025-09-07,2025-09-11 23:00:00,119,Routine,Normal
LO108804,APP048838,PAT07059,DOC040,DEP003,FAC005,LAB006,Thyroid Profile,Immunology,2025-08-30,2025-08-31,2025-09-03 12:00:00,84,Routine,Normal
LO108807,APP039919,PAT09296,DOC016,DEP004,FAC001,LAB015,Electrolytes Panel,Biochemistry,2025-12-31,2025-12-31,2026-01-04 09:00:00,105,Routine,Critical
LO108820,APP010870,PAT04790,DOC034,DEP001,FAC004,LAB002,Blood Glucose,Biochemistry,2025-04-06,2025-04-08,2025-04-11 10:00:00,82,Routine,Normal
LO108823,APP020075,PAT04305,DOC029,DEP007,FAC004,LAB005,Kidney Function Test,Biochemistry,2025-11-24,2025-11-26,2025-11-27 10:00:00,34,Routine,Critical
LO108825,APP017694,PAT06026,DOC002,DEP001,FAC002,LAB010,Ultrasound Abdomen,Radiology,2025-12-08,2025-12-08,2025-12-10 01:00:00,49,Urgent,Normal
LO108828,APP049375,PAT06138,DOC034,DEP001,FAC004,LAB015,Electrolytes Panel,Biochemistry,2025-07-29,2025-07-29,2025-08-02 21:00:00,117,Routine,Normal
LO108840,APP014912,PAT08662,DOC027,DEP001,FAC002,LAB007,Urine Routine,Microbiology,2025-03-02,2025-03-03,2025-03-07 21:00:00,117,Stat,Normal
LO108844,APP011430,PAT07517,DOC003,DEP001,FAC003,LAB014,Blood Culture,Microbiology,2025-01-29,2025-01-31,2025-02-03 20:00:00,92,Routine,Normal
LO108847,APP011371,PAT09190,DOC018,DEP007,FAC003,LAB004,Liver Function Test,Biochemistry,2025-02-08,2025-02-08,2025-02-12 05:00:00,101,Routine,Normal
LO108853,APP020317,PAT05454,DOC012,DEP005,FAC002,LAB012,HbA1c,Biochemistry,2025-01-14,2025-01-15,2025-01-15 15:00:00,15,Stat,Normal
LO108869,APP009051,PAT09452,DOC003,DEP001,FAC003,LAB005,Kidney Function Test,Biochemistry,2025-01-23,2025-01-24,2025-01-28 23:00:00,119,Stat,Abnormal
LO108871,APP046116,PAT08650,DOC012,DEP005,FAC002,LAB006,Thyroid Profile,Immunology,2025-07-07,2025-07-08,2025-07-11 20:00:00,92,Routine,Normal
LO108872,APP004782,PAT09405,DOC016,DEP004,FAC001,LAB015,Electrolytes Panel,Biochemistry,2025-10-07,2025-10-07,2025-10-07 02:00:00,2,Routine,Abnormal
LO108879,APP039124,PAT01200,DOC016,DEP004,FAC001,LAB012,HbA1c,Biochemistry,2025-07-01,2025-07-03,2025-07-04 17:00:00,41,Routine,Normal
LO108887,APP003486,PAT09773,DOC034,DEP001,FAC004,LAB007,Urine Routine,Microbiology,2025-01-14,2025-01-14,2025-01-17 16:00:00,88,Routine,Normal
LO108889,APP000429,PAT02620,DOC010,DEP003,FAC005,LAB002,Blood Glucose,Biochemistry,2025-10-02,2025-10-02,2025-10-03 23:00:00,47,Routine,Normal
LO108890,APP023946,PAT01227,DOC003,DEP001,FAC003,LAB007,Urine Routine,Microbiology,2025-06-13,2025-06-13,2025-06-15 21:00:00,69,Routine,Normal
LO108894,APP034056,PAT03699,DOC024,DEP006,FAC004,LAB013,COVID PCR,Molecular Diagnostics,2025-10-15,2025-10-16,2025-10-16 23:00:00,23,Routine,Normal
LO108898,APP034396,PAT02183,DOC037,DEP005,FAC002,LAB002,Blood Glucose,Biochemistry,2025-03-22,2025-03-22,2025-03-26 02:00:00,98,Routine,Normal
LO108899,APP040723,PAT03990,DOC033,DEP003,FAC003,LAB005,Kidney Function Test,Biochemistry,2025-02-27,2025-03-01,2025-03-04 20:00:00,92,Urgent,Normal
LO108901,APP022370,PAT03469,DOC004,DEP001,FAC004,LAB009,Chest X-Ray,Radiology,2025-08-24,2025-08-25,2025-08-27 04:00:00,52,Routine,Normal
LO108902,APP012469,PAT02141,DOC026,DEP008,FAC001,LAB012,HbA1c,Biochemistry,2025-05-11,2025-05-13,2025-05-14 01:00:00,25,Urgent,Normal
LO108904,APP009133,PAT00896,DOC006,DEP002,FAC001,LAB013,COVID PCR,Molecular Diagnostics,2025-07-10,2025-07-11,2025-07-11 01:00:00,1,Routine,Normal
LO108916,APP045471,PAT04951,DOC027,DEP001,FAC002,LAB010,Ultrasound Abdomen,Radiology,2025-05-13,2025-05-13,2025-05-15 07:00:00,55,Urgent,Abnormal
LO108920,APP010216,PAT06106,DOC007,DEP002,FAC002,LAB012,HbA1c,Biochemistry,2025-07-27,2025-07-28,2025-07-31 09:00:00,81,Routine,Normal
LO108921,APP000842,PAT05598,DOC013,DEP005,FAC003,LAB002,Blood Glucose,Biochemistry,2025-06-26,2025-06-27,2025-06-27 20:00:00,20,Routine,Normal
LO108922,APP048018,PAT00028,DOC030,DEP008,FAC005,LAB009,Chest X-Ray,Radiology,2025-09-12,2025-09-14,2025-09-18 23:00:00,119,Urgent,Abnormal
LO108927,APP038963,PAT07276,DOC021,DEP005,FAC001,LAB013,COVID PCR,Molecular Diagnostics,2025-02-04,2025-02-04,2025-02-04 21:00:00,21,Routine,Normal
LO108939,APP030524,PAT08948,DOC005,DEP001,FAC005,LAB009,Chest X-Ray,Radiology,2025-08-31,2025-09-01,2025-09-02 01:00:00,25,Routine,Normal
LO108952,APP023721,PAT07253,DOC013,DEP005,FAC003,LAB001,Complete Blood Count,Hematology,2025-04-03,2025-04-03,2025-04-03 02:00:00,2,Routine,Normal
LO108954,APP004582,PAT03117,DOC010,DEP003,FAC005,LAB007,Urine Routine,Microbiology,2025-12-09,2025-12-09,2025-12-09 12:00:00,12,Routine,Normal
LO108958,APP005097,PAT03843,DOC022,DEP007,FAC002,LAB002,Blood Glucose,Biochemistry,2025-07-12,2025-07-14,2025-07-16 12:00:00,60,Routine,Normal
LO108962,APP017292,PAT00291,DOC034,DEP001,FAC004,LAB003,Lipid Profile,Biochemistry,2025-10-10,2025-10-12,2025-10-12 23:00:00,23,Routine,Normal
LO108963,APP044055,PAT02920,DOC020,DEP006,FAC005,LAB001,Complete Blood Count,Hematology,2025-06-25,2025-06-27,2025-06-30 23:00:00,95,Routine,Normal
LO108964,APP007577,PAT02996,DOC012,DEP005,FAC002,LAB007,Urine Routine,Microbiology,2025-06-04,2025-06-05,2025-06-07 08:00:00,56,Routine,Normal
LO108973,APP045785,PAT01748,DOC006,DEP002,FAC001,LAB015,Electrolytes Panel,Biochemistry,2025-05-21,2025-05-23,2025-05-24 11:00:00,35,Routine,Critical
LO108979,APP023825,PAT08887,DOC039,DEP002,FAC004,LAB005,Kidney Function Test,Biochemistry,2025-05-19,2025-05-19,2025-05-21 23:00:00,71,Urgent,Normal
LO108980,APP007370,PAT00837,DOC013,DEP005,FAC003,LAB004,Liver Function Test,Biochemistry,2025-01-01,2025-01-03,2025-01-04 02:00:00,26,Routine,Normal
LO108991,APP027905,PAT06408,DOC017,DEP006,FAC002,LAB012,HbA1c,Biochemistry,2025-07-29,2025-07-29,2025-07-30 14:00:00,38,Routine,Normal
LO109009,APP002040,PAT01191,DOC028,DEP001,FAC003,LAB003,Lipid Profile,Biochemistry,2025-01-02,2025-01-04,2025-01-07 02:00:00,74,Routine,Normal
LO109012,APP037452,PAT07835,DOC014,DEP004,FAC004,LAB015,Electrolytes Panel,Biochemistry,2025-10-25,2025-10-26,2025-10-27 04:00:00,28,Routine,Abnormal
LO109013,APP046396,PAT04190,DOC003,DEP001,FAC003,LAB012,HbA1c,Biochemistry,2025-06-03,2025-06-04,2025-06-06 04:00:00,52,Routine,Normal
LO109016,APP038539,PAT00968,DOC021,DEP005,FAC001,LAB010,Ultrasound Abdomen,Radiology,2025-02-12,2025-02-12,2025-02-16 21:00:00,117,Routine,Abnormal
LO109021,APP045009,PAT02555,DOC034,DEP001,FAC004,LAB005,Kidney Function Test,Biochemistry,2025-01-07,2025-01-07,2025-01-09 11:00:00,59,Routine,Normal
LO109027,APP007649,PAT01027,DOC021,DEP005,FAC001,LAB006,Thyroid Profile,Immunology,2025-02-10,2025-02-12,2025-02-13 19:00:00,43,Routine,Normal
LO109032,APP041679,PAT05466,DOC032,DEP002,FAC002,LAB005,Kidney Function Test,Biochemistry,2025-03-25,2025-03-27,2025-03-28 18:00:00,42,Routine,Normal
LO109042,APP023919,PAT04975,DOC027,DEP001,FAC002,LAB010,Ultrasound Abdomen,Radiology,2025-02-04,2025-02-05,2025-02-07 01:00:00,49,Routine,Normal
LO109045,APP034281,PAT06851,DOC006,DEP002,FAC001,LAB013,COVID PCR,Molecular Diagnostics,2025-07-04,2025-07-05,2025-07-09 18:00:00,114,Routine,Normal
LO109049,APP010709,PAT04016,DOC029,DEP007,FAC004,LAB011,ECG,Cardiology Diagnostics,2025-12-31,2026-01-01,2026-01-01 03:00:00,3,Routine,Abnormal
LO109059,APP014274,PAT04044,DOC003,DEP001,FAC003,LAB014,Blood Culture,Microbiology,2025-08-23,2025-08-24,2025-08-26 09:00:00,57,Routine,Abnormal
LO109062,APP027155,PAT04016,DOC005,DEP001,FAC005,LAB014,Blood Culture,Microbiology,2025-10-14,2025-10-15,2025-10-15 21:00:00,21,Routine,Abnormal
LO109069,APP016293,PAT05933,DOC011,DEP003,FAC001,LAB004,Liver Function Test,Biochemistry,2025-08-17,2025-08-19,2025-08-20 23:00:00,47,Routine,Normal
LO109082,APP015831,PAT06919,DOC009,DEP002,FAC004,LAB006,Thyroid Profile,Immunology,2025-02-18,2025-02-18,2025-02-19 06:00:00,30,Routine,Normal
LO109083,APP042795,PAT00574,DOC031,DEP001,FAC001,LAB014,Blood Culture,Microbiology,2025-12-14,2025-12-14,2025-12-17 04:00:00,76,Routine,Normal
LO109089,APP038275,PAT02123,DOC010,DEP003,FAC005,LAB011,ECG,Cardiology Diagnostics,2025-08-07,2025-08-07,2025-08-08 07:00:00,31,Urgent,Normal
LO109090,APP026298,PAT04029,DOC032,DEP002,FAC002,LAB012,HbA1c,Biochemistry,2025-01-18,2025-01-20,2025-01-24 19:00:00,115,Routine,Normal
LO109096,APP013992,PAT01666,DOC022,DEP007,FAC002,LAB011,ECG,Cardiology Diagnostics,2025-08-30,2025-09-01,2025-09-04 16:00:00,88,Routine,Normal
LO109098,APP018784,PAT02678,DOC019,DEP005,FAC004,LAB002,Blood Glucose,Biochemistry,2025-08-12,2025-08-13,2025-08-16 05:00:00,77,Routine,Normal
LO109099,APP015024,PAT01704,DOC025,DEP007,FAC005,LAB015,Electrolytes Panel,Biochemistry,2025-01-14,2025-01-14,2025-01-15 05:00:00,29,Routine,Normal
LO109101,APP016471,PAT04039,DOC013,DEP005,FAC003,LAB013,COVID PCR,Molecular Diagnostics,2025-03-09,2025-03-11,2025-03-14 05:00:00,77,Routine,Critical
LO109108,APP004563,PAT05387,DOC008,DEP003,FAC003,LAB013,COVID PCR,Molecular Diagnostics,2025-09-16,2025-09-18,2025-09-18 15:00:00,15,Urgent,Normal
LO109111,APP016234,PAT01945,DOC008,DEP003,FAC003,LAB005,Kidney Function Test,Biochemistry,2025-11-25,2025-11-25,2025-11-28 13:00:00,85,Routine,Normal
LO109116,APP031179,PAT09595,DOC038,DEP005,FAC003,LAB009,Chest X-Ray,Radiology,2025-12-21,2025-12-22,2025-12-24 19:00:00,67,Routine,Normal
LO109120,APP042720,PAT04442,DOC022,DEP007,FAC002,LAB005,Kidney Function Test,Biochemistry,2025-10-17,2025-10-17,2025-10-19 02:00:00,50,Routine,Normal
LO109124,APP013791,PAT06071,DOC011,DEP003,FAC001,LAB012,HbA1c,Biochemistry,2025-01-16,2025-01-18,2025-01-21 13:00:00,85,Routine,Normal
LO109126,APP018707,PAT07586,DOC004,DEP001,FAC004,LAB014,Blood Culture,Microbiology,2025-03-07,2025-03-07,2025-03-10 23:00:00,95,Routine,Abnormal
LO109130,APP024134,PAT04004,DOC035,DEP001,FAC005,LAB010,Ultrasound Abdomen,Radiology,2025-03-06,2025-03-06,2025-03-10 12:00:00,108,Routine,Normal
LO109148,APP005171,PAT08884,DOC005,DEP001,FAC005,LAB011,ECG,Cardiology Diagnostics,2025-01-29,2025-01-30,2025-01-30 12:00:00,12,Stat,Normal
LO109150,APP038494,PAT02933,DOC002,DEP001,FAC002,LAB015,Electrolytes Panel,Biochemistry,2025-03-22,2025-03-23,2025-03-27 21:00:00,117,Routine,Normal
LO109162,APP010131,PAT03469,DOC005,DEP001,FAC005,LAB002,Blood Glucose,Biochemistry,2025-04-20,2025-04-20,2025-04-20 03:00:00,3,Routine,Normal
LO109164,APP003226,PAT03509,DOC028,DEP001,FAC003,LAB001,Complete Blood Count,Hematology,2025-12-15,2025-12-15,2025-12-16 09:00:00,33,Routine,Normal
LO109170,APP041499,PAT05767,DOC015,DEP005,FAC005,LAB009,Chest X-Ray,Radiology,2025-11-06,2025-11-06,2025-11-08 14:00:00,62,Routine,Abnormal
LO109174,APP012631,PAT07360,DOC025,DEP007,FAC005,LAB003,Lipid Profile,Biochemistry,2025-11-14,2025-11-16,2025-11-16 20:00:00,20,Routine,Normal
LO109177,APP005304,PAT08399,DOC009,DEP002,FAC004,LAB005,Kidney Function Test,Biochemistry,2025-07-15,2025-07-15,2025-07-16 04:00:00,28,Routine,Normal
LO109182,APP023601,PAT01084,DOC032,DEP002,FAC002,LAB009,Chest X-Ray,Radiology,2025-11-20,2025-11-21,2025-11-23 16:00:00,64,Routine,Normal
LO109184,APP007025,PAT04316,DOC027,DEP001,FAC002,LAB007,Urine Routine,Microbiology,2025-10-31,2025-10-31,2025-11-01 08:00:00,32,Stat,Normal
LO109189,APP015098,PAT01769,DOC035,DEP001,FAC005,LAB007,Urine Routine,Microbiology,2025-10-16,2025-10-17,2025-10-21 04:00:00,100,Routine,Normal
LO109215,APP017097,PAT08162,DOC006,DEP002,FAC001,LAB006,Thyroid Profile,Immunology,2025-01-30,2025-02-01,2025-02-05 02:00:00,98,Routine,Abnormal
LO109216,APP039737,PAT07913,DOC003,DEP001,FAC003,LAB006,Thyroid Profile,Immunology,2025-10-08,2025-10-09,2025-10-13 21:00:00,117,Urgent,Normal
LO109219,APP034612,PAT05684,DOC029,DEP007,FAC004,LAB005,Kidney Function Test,Biochemistry,2025-01-17,2025-01-19,2025-01-21 23:00:00,71,Routine,Normal
LO109224,APP016216,PAT02544,DOC017,DEP006,FAC002,LAB015,Electrolytes Panel,Biochemistry,2025-02-07,2025-02-08,2025-02-11 03:00:00,75,Routine,Normal
LO109226,APP035229,PAT02449,DOC040,DEP003,FAC005,LAB013,COVID PCR,Molecular Diagnostics,2025-07-14,2025-07-14,2025-07-16 10:00:00,58,Routine,Normal
LO109228,APP020340,PAT09040,DOC036,DEP002,FAC001,LAB001,Complete Blood Count,Hematology,2025-12-14,2025-12-14,2025-12-18 06:00:00,102,Urgent,Normal
LO109233,APP037416,PAT02597,DOC015,DEP005,FAC005,LAB002,Blood Glucose,Biochemistry,2025-06-16,2025-06-17,2025-06-18 19:00:00,43,Routine,Normal
LO109237,APP042313,PAT05334,DOC030,DEP008,FAC005,LAB002,Blood Glucose,Biochemistry,2025-04-24,2025-04-25,2025-04-27 22:00:00,70,Routine,Normal
LO109244,APP016844,PAT07248,DOC008,DEP003,FAC003,LAB006,Thyroid Profile,Immunology,2025-05-11,2025-05-11,2025-05-13 14:00:00,62,Routine,Normal
LO109248,APP035728,PAT00534,DOC036,DEP002,FAC001,LAB012,HbA1c,Biochemistry,2025-11-21,2025-11-21,2025-11-25 07:00:00,103,Routine,Normal
LO109250,APP046367,PAT08120,DOC017,DEP006,FAC002,LAB005,Kidney Function Test,Biochemistry,2025-01-30,2025-02-01,2025-02-03 19:00:00,67,Urgent,Normal
LO109255,APP043330,PAT06408,DOC035,DEP001,FAC005,LAB007,Urine Routine,Microbiology,2025-04-30,2025-04-30,2025-05-04 17:00:00,113,Routine,Normal
LO109258,APP046552,PAT01248,DOC033,DEP003,FAC003,LAB012,HbA1c,Biochemistry,2025-11-01,2025-11-01,2025-11-01 13:00:00,13,Routine,Normal
LO109267,APP008452,PAT06028,DOC022,DEP007,FAC002,LAB013,COVID PCR,Molecular Diagnostics,2025-04-27,2025-04-27,2025-04-27 03:00:00,3,Urgent,Normal
LO109279,APP022921,PAT08485,DOC036,DEP002,FAC001,LAB012,HbA1c,Biochemistry,2025-01-17,2025-01-17,2025-01-21 14:00:00,110,Routine,Normal
LO109284,APP047543,PAT09843,DOC038,DEP005,FAC003,LAB012,HbA1c,Biochemistry,2025-11-03,2025-11-04,2025-11-05 04:00:00,28,Routine,Normal
LO109287,APP006121,PAT08100,DOC030,DEP008,FAC005,LAB006,Thyroid Profile,Immunology,2025-09-19,2025-09-20,2025-09-23 04:00:00,76,Routine,Normal
LO109289,APP029751,PAT04329,DOC034,DEP001,FAC004,LAB003,Lipid Profile,Biochemistry,2025-11-07,2025-11-07,2025-11-10 17:00:00,89,Routine,Normal
LO109295,APP019249,PAT03249,DOC012,DEP005,FAC002,LAB007,Urine Routine,Microbiology,2025-09-29,2025-09-30,2025-10-01 10:00:00,34,Routine,Normal
LO109301,APP018180,PAT04979,DOC012,DEP005,FAC002,LAB012,HbA1c,Biochemistry,2025-03-04,2025-03-04,2025-03-07 03:00:00,75,Routine,Critical
LO109315,APP021167,PAT09101,DOC021,DEP005,FAC001,LAB009,Chest X-Ray,Radiology,2025-11-28,2025-11-28,2025-11-30 08:00:00,56,Routine,Normal
LO109316,APP043403,PAT00316,DOC024,DEP006,FAC004,LAB001,Complete Blood Count,Hematology,2025-11-12,2025-11-12,2025-11-15 11:00:00,83,Routine,Normal
LO109318,APP038452,PAT02110,DOC014,DEP004,FAC004,LAB006,Thyroid Profile,Immunology,2025-10-14,2025-10-14,2025-10-18 08:00:00,104,Routine,Normal
LO109330,APP031447,PAT04297,DOC029,DEP007,FAC004,LAB012,HbA1c,Biochemistry,2025-11-01,2025-11-01,2025-11-03 20:00:00,68,Stat,Normal
LO109345,APP018468,PAT03590,DOC001,DEP001,FAC001,LAB006,Thyroid Profile,Immunology,2025-01-24,2025-01-25,2025-01-25 22:00:00,22,Urgent,Normal
LO109348,APP045964,PAT03308,DOC008,DEP003,FAC003,LAB014,Blood Culture,Microbiology,2025-11-24,2025-11-25,2025-11-27 10:00:00,58,Routine,Abnormal
LO109350,APP028867,PAT01434,DOC007,DEP002,FAC002,LAB006,Thyroid Profile,Immunology,2025-10-12,2025-10-12,2025-10-16 21:00:00,117,Routine,Normal
LO109353,APP023615,PAT01428,DOC014,DEP004,FAC004,LAB011,ECG,Cardiology Diagnostics,2025-11-22,2025-11-23,2025-11-24 08:00:00,32,Routine,Normal
LO109357,APP044336,PAT03612,DOC020,DEP006,FAC005,LAB002,Blood Glucose,Biochemistry,2025-09-21,2025-09-23,2025-09-23 01:00:00,1,Stat,Normal
LO109364,APP018209,PAT03034,DOC035,DEP001,FAC005,LAB007,Urine Routine,Microbiology,2025-04-26,2025-04-27,2025-04-27 19:00:00,19,Stat,Normal
LO109371,APP023784,PAT03222,DOC024,DEP006,FAC004,LAB001,Complete Blood Count,Hematology,2025-12-08,2025-12-10,2025-12-12 14:00:00,62,Stat,Abnormal
LO109375,APP034671,PAT07502,DOC027,DEP001,FAC002,LAB010,Ultrasound Abdomen,Radiology,2025-01-03,2025-01-04,2025-01-06 20:00:00,68,Routine,Normal
LO109379,APP004122,PAT02021,DOC027,DEP001,FAC002,LAB002,Blood Glucose,Biochemistry,2025-05-07,2025-05-08,2025-05-09 02:00:00,26,Routine,Normal
LO109383,APP039530,PAT01663,DOC018,DEP007,FAC003,LAB008,Urine Culture,Microbiology,2025-12-20,2025-12-21,2025-12-24 10:00:00,82,Routine,Normal
LO109387,APP039835,PAT00909,DOC010,DEP003,FAC005,LAB008,Urine Culture,Microbiology,2025-07-16,2025-07-16,2025-07-18 06:00:00,54,Stat,Normal
LO109396,APP011381,PAT03403,DOC027,DEP001,FAC002,LAB007,Urine Routine,Microbiology,2025-07-14,2025-07-16,2025-07-19 10:00:00,82,Urgent,Normal
LO109397,APP017868,PAT03609,DOC004,DEP001,FAC004,LAB001,Complete Blood Count,Hematology,2025-12-30,2025-12-30,2026-01-01 16:00:00,64,Routine,Normal
LO109398,APP025703,PAT07634,DOC005,DEP001,FAC005,LAB014,Blood Culture,Microbiology,2025-08-28,2025-08-28,2025-08-31 12:00:00,84,Routine,Normal
LO109404,APP002900,PAT03533,DOC012,DEP005,FAC002,LAB008,Urine Culture,Microbiology,2025-11-01,2025-11-03,2025-11-05 04:00:00,52,Routine,Normal
LO109406,APP046304,PAT04203,DOC040,DEP003,FAC005,LAB013,COVID PCR,Molecular Diagnostics,2025-04-01,2025-04-02,2025-04-02 12:00:00,12,Routine,Normal
LO109413,APP025367,PAT03956,DOC018,DEP007,FAC003,LAB010,Ultrasound Abdomen,Radiology,2025-12-28,2025-12-29,2026-01-02 03:00:00,99,Routine,Abnormal
LO109419,APP014529,PAT07064,DOC007,DEP002,FAC002,LAB011,ECG,Cardiology Diagnostics,2025-08-31,2025-09-01,2025-09-04 09:00:00,81,Routine,Normal
LO109423,APP021049,PAT08766,DOC028,DEP001,FAC003,LAB006,Thyroid Profile,Immunology,2025-08-11,2025-08-12,2025-08-12 11:00:00,11,Routine,Normal
LO109430,APP041539,PAT00869,DOC007,DEP002,FAC002,LAB012,HbA1c,Biochemistry,2025-05-19,2025-05-21,2025-05-25 21:00:00,117,Urgent,Normal
LO109434,APP011800,PAT00904,DOC022,DEP007,FAC002,LAB008,Urine Culture,Microbiology,2025-06-30,2025-07-01,2025-07-01 20:00:00,20,Routine,Normal
LO109441,APP024504,PAT09213,DOC001,DEP001,FAC001,LAB005,Kidney Function Test,Biochemistry,2025-05-15,2025-05-16,2025-05-16 23:00:00,23,Urgent,Normal
LO109443,APP026763,PAT07253,DOC037,DEP005,FAC002,LAB015,Electrolytes Panel,Biochemistry,2025-10-13,2025-10-15,2025-10-15 01:00:00,1,Routine,Normal
LO109446,APP031191,PAT04388,DOC029,DEP007,FAC004,LAB004,Liver Function Test,Biochemistry,2025-10-21,2025-10-22,2025-10-24 18:00:00,66,Urgent,Normal
LO109447,APP027838,PAT02406,DOC012,DEP005,FAC002,LAB009,Chest X-Ray,Radiology,2025-04-18,2025-04-18,2025-04-18 04:00:00,4,Urgent,Normal
LO109455,APP012017,PAT00171,DOC012,DEP005,FAC002,LAB012,HbA1c,Biochemistry,2025-02-11,2025-02-11,2025-02-12 22:00:00,46,Routine,Normal
LO109457,APP038268,PAT09549,DOC022,DEP007,FAC002,LAB003,Lipid Profile,Biochemistry,2025-05-04,2025-05-04,2025-05-07 15:00:00,87,Routine,Normal
LO109461,APP018738,PAT03117,DOC011,DEP003,FAC001,LAB008,Urine Culture,Microbiology,2025-01-14,2025-01-15,2025-01-17 15:00:00,63,Urgent,Normal
LO109462,APP009998,PAT00305,DOC019,DEP005,FAC004,LAB013,COVID PCR,Molecular Diagnostics,2025-01-11,2025-01-12,2025-01-16 16:00:00,112,Routine,Normal
LO109470,APP048675,PAT00904,DOC022,DEP007,FAC002,LAB004,Liver Function Test,Biochemistry,2025-10-26,2025-10-27,2025-10-27 14:00:00,14,Routine,Normal
LO109472,APP047072,PAT09955,DOC026,DEP008,FAC001,LAB015,Electrolytes Panel,Biochemistry,2025-05-14,2025-05-14,2025-05-16 19:00:00,67,Urgent,Normal
LO109475,APP032491,PAT04076,DOC032,DEP002,FAC002,LAB008,Urine Culture,Microbiology,2025-09-10,2025-09-11,2025-09-14 17:00:00,89,Routine,Normal
LO109477,APP023077,PAT08391,DOC031,DEP001,FAC001,LAB013,COVID PCR,Molecular Diagnostics,2025-08-23,2025-08-23,2025-08-24 02:00:00,26,Routine,Normal
LO109483,APP021971,PAT03446,DOC017,DEP006,FAC002,LAB004,Liver Function Test,Biochemistry,2025-07-26,2025-07-28,2025-07-31 11:00:00,83,Routine,Normal
LO109485,APP009452,PAT06761,DOC015,DEP005,FAC005,LAB001,Complete Blood Count,Hematology,2025-06-01,2025-06-01,2025-06-02 19:00:00,43,Urgent,Normal
LO109487,APP025133,PAT02885,DOC011,DEP003,FAC001,LAB007,Urine Routine,Microbiology,2025-09-14,2025-09-15,2025-09-19 15:00:00,111,Routine,Normal
LO109493,APP009864,PAT07364,DOC018,DEP007,FAC003,LAB007,Urine Routine,Microbiology,2025-02-23,2025-02-23,2025-02-27 16:00:00,112,Routine,Normal
LO109503,APP043327,PAT09913,DOC036,DEP002,FAC001,LAB011,ECG,Cardiology Diagnostics,2025-12-14,2025-12-16,2025-12-19 09:00:00,81,Routine,Normal
LO109506,APP006693,PAT09555,DOC012,DEP005,FAC002,LAB006,Thyroid Profile,Immunology,2025-12-16,2025-12-17,2025-12-20 06:00:00,78,Routine,Normal
LO109509,APP023728,PAT02523,DOC018,DEP007,FAC003,LAB007,Urine Routine,Microbiology,2025-02-07,2025-02-08,2025-02-12 15:00:00,111,Stat,Normal
LO109524,APP016695,PAT03956,DOC013,DEP005,FAC003,LAB008,Urine Culture,Microbiology,2025-12-04,2025-12-06,2025-12-06 16:00:00,16,Routine,Normal
LO109525,APP013427,PAT09220,DOC030,DEP008,FAC005,LAB010,Ultrasound Abdomen,Radiology,2025-03-10,2025-03-10,2025-03-12 07:00:00,55,Urgent,Normal
LO109528,APP047001,PAT05407,DOC030,DEP008,FAC005,LAB015,Electrolytes Panel,Biochemistry,2025-03-05,2025-03-05,2025-03-08 23:00:00,95,Urgent,Normal
LO109529,APP039314,PAT00903,DOC030,DEP008,FAC005,LAB007,Urine Routine,Microbiology,2025-02-06,2025-02-06,2025-02-07 19:00:00,43,Routine,Normal
LO109533,APP039135,PAT05788,DOC010,DEP003,FAC005,LAB003,Lipid Profile,Biochemistry,2025-10-25,2025-10-26,2025-10-28 19:00:00,67,Routine,Normal
LO109558,APP024626,PAT02202,DOC027,DEP001,FAC002,LAB013,COVID PCR,Molecular Diagnostics,2025-07-17,2025-07-17,2025-07-18 21:00:00,45,Routine,Normal
LO109566,APP029922,PAT08635,DOC021,DEP005,FAC001,LAB011,ECG,Cardiology Diagnostics,2025-02-15,2025-02-15,2025-02-17 18:00:00,66,Routine,Normal
LO109567,APP009025,PAT04338,DOC018,DEP007,FAC003,LAB007,Urine Routine,Microbiology,2025-02-12,2025-02-13,2025-02-16 11:00:00,83,Stat,Normal
LO109573,APP040993,PAT04352,DOC026,DEP008,FAC001,LAB003,Lipid Profile,Biochemistry,2025-01-27,2025-01-29,2025-02-01 18:00:00,90,Routine,Normal
LO109589,APP003881,PAT04338,DOC020,DEP006,FAC005,LAB002,Blood Glucose,Biochemistry,2025-09-17,2025-09-17,2025-09-19 02:00:00,50,Urgent,Normal
LO109598,APP047175,PAT01431,DOC014,DEP004,FAC004,LAB009,Chest X-Ray,Radiology,2025-02-15,2025-02-15,2025-02-18 05:00:00,77,Urgent,Normal
LO109605,APP015272,PAT03166,DOC036,DEP002,FAC001,LAB005,Kidney Function Test,Biochemistry,2025-02-04,2025-02-05,2025-02-09 07:00:00,103,Routine,Normal
LO109614,APP002297,PAT08094,DOC019,DEP005,FAC004,LAB006,Thyroid Profile,Immunology,2025-10-28,2025-10-29,2025-10-31 13:00:00,61,Routine,Normal
LO109615,APP001458,PAT02610,DOC038,DEP005,FAC003,LAB004,Liver Function Test,Biochemistry,2025-08-21,2025-08-23,2025-08-26 05:00:00,77,Routine,Normal
LO109618,APP044251,PAT09726,DOC001,DEP001,FAC001,LAB014,Blood Culture,Microbiology,2025-02-27,2025-03-01,2025-03-02 16:00:00,40,Urgent,Normal
LO109626,APP037912,PAT02617,DOC003,DEP001,FAC003,LAB004,Liver Function Test,Biochemistry,2025-09-12,2025-09-13,2025-09-15 19:00:00,67,Stat,Normal
LO109628,APP004884,PAT07517,DOC031,DEP001,FAC001,LAB011,ECG,Cardiology Diagnostics,2025-12-13,2025-12-14,2025-12-14 04:00:00,4,Routine,Abnormal
LO109637,APP027597,PAT04581,DOC003,DEP001,FAC003,LAB006,Thyroid Profile,Immunology,2025-07-18,2025-07-20,2025-07-25 00:00:00,120,Routine,Normal
LO109638,APP026438,PAT00466,DOC018,DEP007,FAC003,LAB014,Blood Culture,Microbiology,2025-10-23,2025-10-23,2025-10-25 05:00:00,53,Urgent,Abnormal
LO109639,APP037695,PAT00462,DOC026,DEP008,FAC001,LAB006,Thyroid Profile,Immunology,2025-10-28,2025-10-28,2025-10-30 04:00:00,52,Routine,Normal
LO109640,APP023159,PAT03612,DOC005,DEP001,FAC005,LAB009,Chest X-Ray,Radiology,2025-11-07,2025-11-07,2025-11-07 05:00:00,5,Routine,Abnormal
LO109649,APP025234,PAT06825,DOC023,DEP008,FAC003,LAB013,COVID PCR,Molecular Diagnostics,2025-03-28,2025-03-29,2025-03-29 10:00:00,10,Routine,Abnormal
LO109659,APP024771,PAT03316,DOC009,DEP002,FAC004,LAB015,Electrolytes Panel,Biochemistry,2025-06-29,2025-06-29,2025-06-30 16:00:00,40,Routine,Normal
LO109670,APP035626,PAT04661,DOC004,DEP001,FAC004,LAB004,Liver Function Test,Biochemistry,2025-02-17,2025-02-17,2025-02-19 13:00:00,61,Routine,Normal
LO109673,APP012572,PAT01122,DOC006,DEP002,FAC001,LAB004,Liver Function Test,Biochemistry,2025-09-30,2025-10-01,2025-10-02 14:00:00,38,Routine,Normal
LO109675,APP045227,PAT01352,DOC037,DEP005,FAC002,LAB008,Urine Culture,Microbiology,2025-11-03,2025-11-04,2025-11-04 14:00:00,14,Urgent,Normal
LO109676,APP023519,PAT01348,DOC031,DEP001,FAC001,LAB010,Ultrasound Abdomen,Radiology,2025-01-03,2025-01-05,2025-01-06 03:00:00,27,Routine,Normal
LO109681,APP044237,PAT03828,DOC001,DEP001,FAC001,LAB008,Urine Culture,Microbiology,2025-05-18,2025-05-19,2025-05-19 17:00:00,17,Routine,Normal
LO109684,APP047034,PAT03756,DOC038,DEP005,FAC003,LAB014,Blood Culture,Microbiology,2025-06-16,2025-06-17,2025-06-21 09:00:00,105,Routine,Normal
LO109695,APP037819,PAT09190,DOC035,DEP001,FAC005,LAB002,Blood Glucose,Biochemistry,2025-03-13,2025-03-14,2025-03-16 00:00:00,48,Routine,Normal
LO109696,APP025872,PAT02617,DOC006,DEP002,FAC001,LAB004,Liver Function Test,Biochemistry,2025-01-20,2025-01-22,2025-01-25 03:00:00,75,Routine,Normal
LO109699,APP006254,PAT04680,DOC025,DEP007,FAC005,LAB004,Liver Function Test,Biochemistry,2025-01-05,2025-01-06,2025-01-07 22:00:00,46,Routine,Normal
LO109702,APP023297,PAT00186,DOC025,DEP007,FAC005,LAB004,Liver Function Test,Biochemistry,2025-08-15,2025-08-16,2025-08-17 07:00:00,31,Routine,Normal
LO109709,APP027472,PAT01088,DOC005,DEP001,FAC005,LAB005,Kidney Function Test,Biochemistry,2025-01-21,2025-01-23,2025-01-26 16:00:00,88,Routine,Normal
LO109711,APP041578,PAT00189,DOC004,DEP001,FAC004,LAB013,COVID PCR,Molecular Diagnostics,2025-05-05,2025-05-06,2025-05-06 08:00:00,8,Routine,Normal
LO109716,APP023146,PAT06949,DOC030,DEP008,FAC005,LAB009,Chest X-Ray,Radiology,2025-04-25,2025-04-26,2025-04-30 16:00:00,112,Routine,Critical
LO109718,APP046697,PAT06907,DOC018,DEP007,FAC003,LAB002,Blood Glucose,Biochemistry,2025-10-21,2025-10-21,2025-10-25 11:00:00,107,Routine,Normal
LO109720,APP042556,PAT08661,DOC031,DEP001,FAC001,LAB015,Electrolytes Panel,Biochemistry,2025-02-20,2025-02-21,2025-02-25 09:00:00,105,Stat,Normal
LO109723,APP041699,PAT00654,DOC027,DEP001,FAC002,LAB003,Lipid Profile,Biochemistry,2025-07-25,2025-07-26,2025-07-27 03:00:00,27,Routine,Normal
LO109726,APP044376,PAT02484,DOC028,DEP001,FAC003,LAB009,Chest X-Ray,Radiology,2025-08-15,2025-08-17,2025-08-18 18:00:00,42,Routine,Abnormal
LO109729,APP008120,PAT09902,DOC020,DEP006,FAC005,LAB008,Urine Culture,Microbiology,2025-09-21,2025-09-23,2025-09-25 15:00:00,63,Routine,Normal
LO109736,APP027622,PAT05861,DOC030,DEP008,FAC005,LAB005,Kidney Function Test,Biochemistry,2025-04-05,2025-04-05,2025-04-07 03:00:00,51,Routine,Normal
LO109742,APP017274,PAT04025,DOC033,DEP003,FAC003,LAB013,COVID PCR,Molecular Diagnostics,2025-02-17,2025-02-19,2025-02-23 16:00:00,112,Routine,Normal
LO109753,APP026000,PAT03547,DOC027,DEP001,FAC002,LAB006,Thyroid Profile,Immunology,2025-07-23,2025-07-25,2025-07-26 18:00:00,42,Routine,Normal
LO109755,APP038697,PAT09862,DOC026,DEP008,FAC001,LAB011,ECG,Cardiology Diagnostics,2025-10-09,2025-10-09,2025-10-09 09:00:00,9,Urgent,Normal
LO109759,APP039258,PAT03016,DOC003,DEP001,FAC003,LAB003,Lipid Profile,Biochemistry,2025-11-02,2025-11-04,2025-11-04 06:00:00,6,Routine,Normal
LO109762,APP032685,PAT09388,DOC035,DEP001,FAC005,LAB006,Thyroid Profile,Immunology,2025-06-29,2025-06-30,2025-07-02 10:00:00,58,Routine,Normal
LO109764,APP031409,PAT07976,DOC004,DEP001,FAC004,LAB004,Liver Function Test,Biochemistry,2025-06-17,2025-06-18,2025-06-21 12:00:00,84,Routine,Normal
LO109766,APP005027,PAT04442,DOC022,DEP007,FAC002,LAB010,Ultrasound Abdomen,Radiology,2025-02-11,2025-02-12,2025-02-14 04:00:00,52,Routine,Normal
LO109769,APP018560,PAT03523,DOC002,DEP001,FAC002,LAB008,Urine Culture,Microbiology,2025-05-24,2025-05-24,2025-05-27 10:00:00,82,Routine,Normal
LO109773,APP028105,PAT07751,DOC006,DEP002,FAC001,LAB009,Chest X-Ray,Radiology,2025-12-14,2025-12-16,2025-12-18 02:00:00,50,Routine,Normal
LO109779,APP031962,PAT03614,DOC007,DEP002,FAC002,LAB011,ECG,Cardiology Diagnostics,2025-05-29,2025-05-30,2025-06-03 06:00:00,102,Routine,Normal
LO109781,APP000830,PAT08880,DOC025,DEP007,FAC005,LAB004,Liver Function Test,Biochemistry,2025-02-12,2025-02-14,2025-02-18 03:00:00,99,Routine,Normal
LO109785,APP045793,PAT06312,DOC008,DEP003,FAC003,LAB004,Liver Function Test,Biochemistry,2025-11-03,2025-11-05,2025-11-09 06:00:00,102,Routine,Normal
LO109787,APP019517,PAT08789,DOC012,DEP005,FAC002,LAB015,Electrolytes Panel,Biochemistry,2025-02-07,2025-02-09,2025-02-13 10:00:00,106,Routine,Normal
LO109789,APP037607,PAT07582,DOC026,DEP008,FAC001,LAB004,Liver Function Test,Biochemistry,2025-10-15,2025-10-17,2025-10-19 19:00:00,67,Routine,Normal
LO109800,APP034008,PAT09744,DOC039,DEP002,FAC004,LAB004,Liver Function Test,Biochemistry,2025-01-10,2025-01-10,2025-01-10 11:00:00,11,Routine,Normal
LO109807,APP003907,PAT00389,DOC031,DEP001,FAC001,LAB004,Liver Function Test,Biochemistry,2025-07-31,2025-08-01,2025-08-01 20:00:00,20,Routine,Normal
LO109814,APP048971,PAT01483,DOC015,DEP005,FAC005,LAB001,Complete Blood Count,Hematology,2025-03-21,2025-03-22,2025-03-23 13:00:00,37,Routine,Normal
LO109816,APP028236,PAT04456,DOC032,DEP002,FAC002,LAB009,Chest X-Ray,Radiology,2025-04-27,2025-04-27,2025-04-29 16:00:00,64,Routine,Normal
LO109831,APP045423,PAT02335,DOC018,DEP007,FAC003,LAB007,Urine Routine,Microbiology,2025-01-21,2025-01-23,2025-01-26 04:00:00,76,Routine,Normal
LO109835,APP043852,PAT01238,DOC012,DEP005,FAC002,LAB004,Liver Function Test,Biochemistry,2025-07-01,2025-07-03,2025-07-05 00:00:00,48,Routine,Normal
LO109841,APP045385,PAT01535,DOC026,DEP008,FAC001,LAB014,Blood Culture,Microbiology,2025-10-24,2025-10-25,2025-10-29 14:00:00,110,Routine,Normal
LO109842,APP039412,PAT03945,DOC007,DEP002,FAC002,LAB012,HbA1c,Biochemistry,2025-04-07,2025-04-07,2025-04-10 05:00:00,77,Urgent,Abnormal
LO109860,APP049739,PAT08911,DOC029,DEP007,FAC004,LAB007,Urine Routine,Microbiology,2025-02-08,2025-02-08,2025-02-13 00:00:00,120,Routine,Normal
LO109862,APP007634,PAT02865,DOC002,DEP001,FAC002,LAB006,Thyroid Profile,Immunology,2025-09-13,2025-09-13,2025-09-16 16:00:00,88,Urgent,Normal
LO109866,APP015554,PAT02022,DOC036,DEP002,FAC001,LAB008,Urine Culture,Microbiology,2025-03-17,2025-03-19,2025-03-22 09:00:00,81,Routine,Normal
LO109869,APP002302,PAT03949,DOC029,DEP007,FAC004,LAB009,Chest X-Ray,Radiology,2025-07-20,2025-07-21,2025-07-24 23:00:00,95,Routine,Abnormal
LO109880,APP029967,PAT07794,DOC016,DEP004,FAC001,LAB006,Thyroid Profile,Immunology,2025-11-03,2025-11-03,2025-11-07 18:00:00,114,Routine,Normal
LO109890,APP044662,PAT05864,DOC020,DEP006,FAC005,LAB010,Ultrasound Abdomen,Radiology,2025-10-08,2025-10-10,2025-10-10 05:00:00,5,Routine,Normal
LO109892,APP030720,PAT05923,DOC017,DEP006,FAC002,LAB010,Ultrasound Abdomen,Radiology,2025-11-18,2025-11-19,2025-11-22 01:00:00,73,Routine,Normal
LO109900,APP011517,PAT01140,DOC009,DEP002,FAC004,LAB004,Liver Function Test,Biochemistry,2025-03-12,2025-03-12,2025-03-15 13:00:00,85,Routine,Normal
LO109906,APP003078,PAT02586,DOC040,DEP003,FAC005,LAB015,Electrolytes Panel,Biochemistry,2025-07-30,2025-08-01,2025-08-03 10:00:00,58,Routine,Normal
LO109909,APP047102,PAT02754,DOC017,DEP006,FAC002,LAB003,Lipid Profile,Biochemistry,2025-12-31,2026-01-02,2026-01-02 20:00:00,20,Urgent,Normal
LO109915,APP010385,PAT08344,DOC014,DEP004,FAC004,LAB008,Urine Culture,Microbiology,2025-05-15,2025-05-15,2025-05-18 01:00:00,73,Routine,Normal
LO109920,APP019575,PAT04415,DOC032,DEP002,FAC002,LAB009,Chest X-Ray,Radiology,2025-05-20,2025-05-22,2025-05-25 02:00:00,74,Routine,Normal
LO109927,APP032183,PAT03223,DOC017,DEP006,FAC002,LAB010,Ultrasound Abdomen,Radiology,2025-09-24,2025-09-25,2025-09-28 05:00:00,77,Routine,Abnormal
LO109935,APP004931,PAT01455,DOC023,DEP008,FAC003,LAB005,Kidney Function Test,Biochemistry,2025-11-16,2025-11-18,2025-11-21 18:00:00,90,Routine,Normal
LO109940,APP037206,PAT04216,DOC028,DEP001,FAC003,LAB002,Blood Glucose,Biochemistry,2025-02-04,2025-02-04,2025-02-04 22:00:00,22,Routine,Normal
LO109948,APP020008,PAT01945,DOC016,DEP004,FAC001,LAB005,Kidney Function Test,Biochemistry,2025-12-20,2025-12-22,2025-12-22 20:00:00,20,Routine,Normal
LO109949,APP039106,PAT01663,DOC013,DEP005,FAC003,LAB010,Ultrasound Abdomen,Radiology,2025-12-16,2025-12-17,2025-12-19 18:00:00,66,Routine,Normal
LO109950,APP000755,PAT08814,DOC011,DEP003,FAC001,LAB004,Liver Function Test,Biochemistry,2025-10-03,2025-10-04,2025-10-04 13:00:00,13,Urgent,Normal
LO109953,APP011349,PAT05713,DOC027,DEP001,FAC002,LAB014,Blood Culture,Microbiology,2025-08-23,2025-08-25,2025-08-29 20:00:00,116,Routine,Normal
LO109957,APP026455,PAT08142,DOC036,DEP002,FAC001,LAB014,Blood Culture,Microbiology,2025-07-14,2025-07-16,2025-07-16 08:00:00,8,Routine,Abnormal
LO109960,APP044071,PAT03571,DOC004,DEP001,FAC004,LAB002,Blood Glucose,Biochemistry,2025-10-15,2025-10-15,2025-10-18 12:00:00,84,Routine,Normal
LO109961,APP032401,PAT08662,DOC023,DEP008,FAC003,LAB004,Liver Function Test,Biochemistry,2025-08-12,2025-08-13,2025-08-14 03:00:00,27,Routine,Normal
LO109962,APP040472,PAT03951,DOC017,DEP006,FAC002,LAB004,Liver Function Test,Biochemistry,2025-07-25,2025-07-26,2025-07-28 05:00:00,53,Routine,Normal
LO109964,APP046463,PAT06132,DOC014,DEP004,FAC004,LAB003,Lipid Profile,Biochemistry,2025-11-26,2025-11-28,2025-12-01 14:00:00,86,Routine,Normal
LO109971,APP025435,PAT09616,DOC026,DEP008,FAC001,LAB015,Electrolytes Panel,Biochemistry,2025-05-14,2025-05-14,2025-05-18 13:00:00,109,Routine,Critical
LO109976,APP023560,PAT06691,DOC004,DEP001,FAC004,LAB015,Electrolytes Panel,Biochemistry,2025-03-08,2025-03-10,2025-03-12 08:00:00,56,Routine,Normal
LO109980,APP030737,PAT03155,DOC013,DEP005,FAC003,LAB013,COVID PCR,Molecular Diagnostics,2025-09-08,2025-09-10,2025-09-14 01:00:00,97,Routine,Normal
LO109982,APP015452,PAT05951,DOC022,DEP007,FAC002,LAB014,Blood Culture,Microbiology,2025-02-11,2025-02-12,2025-02-16 19:00:00,115,Routine,Normal
LO109988,APP032699,PAT07158,DOC007,DEP002,FAC002,LAB009,Chest X-Ray,Radiology,2025-11-15,2025-11-15,2025-11-17 08:00:00,56,Routine,Normal
LO109992,APP036092,PAT02289,DOC020,DEP006,FAC005,LAB001,Complete Blood Count,Hematology,2025-07-09,2025-07-11,2025-07-14 02:00:00,74,Urgent,Normal
LO109996,APP019506,PAT01744,DOC005,DEP001,FAC005,LAB015,Electrolytes Panel,Biochemistry,2025-07-12,2025-07-12,2025-07-14 13:00:00,61,Routine,Normal
LO110002,APP037294,PAT05684,DOC015,DEP005,FAC005,LAB011,ECG,Cardiology Diagnostics,2025-05-25,2025-05-27,2025-05-27 12:00:00,12,Routine,Abnormal
LO110003,APP004019,PAT00715,DOC026,DEP008,FAC001,LAB003,Lipid Profile,Biochemistry,2025-10-10,2025-10-10,2025-10-12 22:00:00,70,Routine,Normal
LO110004,APP005568,PAT06825,DOC034,DEP001,FAC004,LAB014,Blood Culture,Microbiology,2025-12-29,2025-12-30,2026-01-01 04:00:00,52,Routine,Normal
LO110005,APP014049,PAT01122,DOC027,DEP001,FAC002,LAB005,Kidney Function Test,Biochemistry,2025-06-21,2025-06-23,2025-06-27 07:00:00,103,Routine,Abnormal
LO110011,APP049184,PAT04744,DOC018,DEP007,FAC003,LAB008,Urine Culture,Microbiology,2025-09-03,2025-09-04,2025-09-07 03:00:00,75,Routine,Normal
LO110012,APP028991,PAT03493,DOC017,DEP006,FAC002,LAB015,Electrolytes Panel,Biochemistry,2025-07-31,2025-08-01,2025-08-01 04:00:00,4,Routine,Normal
LO110018,APP027544,PAT00684,DOC017,DEP006,FAC002,LAB004,Liver Function Test,Biochemistry,2025-09-27,2025-09-28,2025-09-29 08:00:00,32,Routine,Abnormal
LO110020,APP005597,PAT09647,DOC010,DEP003,FAC005,LAB006,Thyroid Profile,Immunology,2025-12-25,2025-12-26,2025-12-31 00:00:00,120,Routine,Normal
LO110028,APP028136,PAT02151,DOC026,DEP008,FAC001,LAB009,Chest X-Ray,Radiology,2025-07-10,2025-07-12,2025-07-15 17:00:00,89,Routine,Normal
LO110030,APP018540,PAT05763,DOC024,DEP006,FAC004,LAB010,Ultrasound Abdomen,Radiology,2025-01-24,2025-01-24,2025-01-25 16:00:00,40,Routine,Normal
LO110042,APP009300,PAT07457,DOC013,DEP005,FAC003,LAB007,Urine Routine,Microbiology,2025-09-15,2025-09-15,2025-09-17 13:00:00,61,Routine,Normal
LO110044,APP006680,PAT07093,DOC021,DEP005,FAC001,LAB007,Urine Routine,Microbiology,2025-10-22,2025-10-24,2025-10-27 21:00:00,93,Routine,Normal
LO110045,APP019847,PAT04004,DOC022,DEP007,FAC002,LAB007,Urine Routine,Microbiology,2025-04-04,2025-04-05,2025-04-06 18:00:00,42,Urgent,Normal
LO110055,APP022701,PAT05788,DOC002,DEP001,FAC002,LAB007,Urine Routine,Microbiology,2025-02-24,2025-02-24,2025-02-27 15:00:00,87,Routine,Normal
LO110057,APP014805,PAT00737,DOC013,DEP005,FAC003,LAB015,Electrolytes Panel,Biochemistry,2025-03-14,2025-03-15,2025-03-18 20:00:00,92,Routine,Normal
LO110066,APP021564,PAT07999,DOC012,DEP005,FAC002,LAB007,Urine Routine,Microbiology,2025-01-19,2025-01-21,2025-01-23 13:00:00,61,Routine,Normal
LO110067,APP022043,PAT03572,DOC007,DEP002,FAC002,LAB006,Thyroid Profile,Immunology,2025-11-21,2025-11-22,2025-11-24 00:00:00,48,Routine,Abnormal
LO110069,APP042126,PAT06843,DOC034,DEP001,FAC004,LAB015,Electrolytes Panel,Biochemistry,2025-09-05,2025-09-05,2025-09-05 16:00:00,16,Routine,Normal
LO110071,APP005991,PAT00648,DOC020,DEP006,FAC005,LAB009,Chest X-Ray,Radiology,2025-02-19,2025-02-20,2025-02-24 07:00:00,103,Routine,Normal
LO110078,APP003525,PAT08564,DOC037,DEP005,FAC002,LAB015,Electrolytes Panel,Biochemistry,2025-03-30,2025-03-31,2025-04-04 18:00:00,114,Routine,Normal
LO110083,APP007362,PAT08137,DOC014,DEP004,FAC004,LAB005,Kidney Function Test,Biochemistry,2025-05-21,2025-05-21,2025-05-24 06:00:00,78,Routine,Normal
LO110089,APP022771,PAT07757,DOC029,DEP007,FAC004,LAB013,COVID PCR,Molecular Diagnostics,2025-06-21,2025-06-23,2025-06-23 18:00:00,18,Routine,Normal
LO110090,APP022417,PAT00034,DOC038,DEP005,FAC003,LAB004,Liver Function Test,Biochemistry,2025-01-02,2025-01-02,2025-01-04 21:00:00,69,Stat,Abnormal
LO110112,APP033581,PAT03059,DOC039,DEP002,FAC004,LAB003,Lipid Profile,Biochemistry,2025-11-10,2025-11-11,2025-11-13 17:00:00,65,Routine,Abnormal
LO110132,APP009111,PAT06803,DOC022,DEP007,FAC002,LAB010,Ultrasound Abdomen,Radiology,2025-09-25,2025-09-27,2025-09-30 02:00:00,74,Routine,Normal
LO110134,APP036894,PAT00742,DOC019,DEP005,FAC004,LAB002,Blood Glucose,Biochemistry,2025-08-14,2025-08-14,2025-08-18 18:00:00,114,Routine,Normal
LO110140,APP043583,PAT03185,DOC001,DEP001,FAC001,LAB003,Lipid Profile,Biochemistry,2025-09-10,2025-09-11,2025-09-13 13:00:00,61,Routine,Normal
LO110142,APP028178,PAT01624,DOC007,DEP002,FAC002,LAB014,Blood Culture,Microbiology,2025-09-20,2025-09-20,2025-09-24 16:00:00,112,Routine,Normal
LO110143,APP038267,PAT00328,DOC025,DEP007,FAC005,LAB003,Lipid Profile,Biochemistry,2025-01-22,2025-01-24,2025-01-27 19:00:00,91,Routine,Normal
LO110145,APP027743,PAT01548,DOC032,DEP002,FAC002,LAB004,Liver Function Test,Biochemistry,2025-11-28,2025-11-30,2025-12-03 12:00:00,84,Urgent,Normal
LO110146,APP032305,PAT07002,DOC003,DEP001,FAC003,LAB005,Kidney Function Test,Biochemistry,2025-02-16,2025-02-17,2025-02-19 01:00:00,49,Routine,Abnormal
LO110148,APP018333,PAT00246,DOC019,DEP005,FAC004,LAB006,Thyroid Profile,Immunology,2025-05-26,2025-05-26,2025-05-28 21:00:00,69,Routine,Normal
LO110154,APP007709,PAT00426,DOC009,DEP002,FAC004,LAB004,Liver Function Test,Biochemistry,2025-03-24,2025-03-25,2025-03-25 03:00:00,3,Routine,Normal
LO110171,APP001342,PAT03563,DOC028,DEP001,FAC003,LAB013,COVID PCR,Molecular Diagnostics,2025-01-17,2025-01-19,2025-01-19 15:00:00,15,Routine,Normal
LO110180,APP000369,PAT09965,DOC004,DEP001,FAC004,LAB001,Complete Blood Count,Hematology,2025-12-05,2025-12-06,2025-12-08 14:00:00,62,Routine,Normal
LO110184,APP048524,PAT04686,DOC011,DEP003,FAC001,LAB015,Electrolytes Panel,Biochemistry,2025-02-17,2025-02-17,2025-02-21 09:00:00,105,Routine,Normal
LO110188,APP001145,PAT03892,DOC003,DEP001,FAC003,LAB002,Blood Glucose,Biochemistry,2025-04-10,2025-04-12,2025-04-14 21:00:00,69,Routine,Normal
LO110189,APP033735,PAT07498,DOC001,DEP001,FAC001,LAB001,Complete Blood Count,Hematology,2025-03-04,2025-03-05,2025-03-08 22:00:00,94,Urgent,Normal
LO110190,APP015281,PAT01254,DOC021,DEP005,FAC001,LAB006,Thyroid Profile,Immunology,2025-08-03,2025-08-05,2025-08-06 13:00:00,37,Routine,Normal
LO110199,APP022428,PAT09114,DOC022,DEP007,FAC002,LAB005,Kidney Function Test,Biochemistry,2025-12-09,2025-12-11,2025-12-12 09:00:00,33,Routine,Normal
LO110211,APP002069,PAT02092,DOC002,DEP001,FAC002,LAB012,HbA1c,Biochemistry,2025-06-01,2025-06-02,2025-06-03 09:00:00,33,Routine,Normal
LO110217,APP002564,PAT03547,DOC035,DEP001,FAC005,LAB002,Blood Glucose,Biochemistry,2025-09-08,2025-09-09,2025-09-09 01:00:00,1,Routine,Abnormal
LO110221,APP008907,PAT08980,DOC024,DEP006,FAC004,LAB011,ECG,Cardiology Diagnostics,2025-09-14,2025-09-16,2025-09-17 17:00:00,41,Routine,Abnormal
LO110225,APP028296,PAT00430,DOC026,DEP008,FAC001,LAB013,COVID PCR,Molecular Diagnostics,2025-12-20,2025-12-21,2025-12-24 20:00:00,92,Routine,Abnormal
LO110230,APP018981,PAT04650,DOC017,DEP006,FAC002,LAB014,Blood Culture,Microbiology,2025-07-26,2025-07-26,2025-07-26 22:00:00,22,Routine,Abnormal
LO110243,APP034610,PAT07835,DOC023,DEP008,FAC003,LAB006,Thyroid Profile,Immunology,2025-03-25,2025-03-27,2025-03-28 04:00:00,28,Routine,Normal
LO110254,APP035760,PAT09213,DOC008,DEP003,FAC003,LAB011,ECG,Cardiology Diagnostics,2025-05-19,2025-05-19,2025-05-22 08:00:00,80,Urgent,Normal
LO110255,APP000192,PAT08531,DOC008,DEP003,FAC003,LAB008,Urine Culture,Microbiology,2025-03-21,2025-03-22,2025-03-25 22:00:00,94,Routine,Normal
LO110259,APP026072,PAT04405,DOC016,DEP004,FAC001,LAB009,Chest X-Ray,Radiology,2025-02-06,2025-02-08,2025-02-12 20:00:00,116,Routine,Abnormal
LO110261,APP037438,PAT04106,DOC017,DEP006,FAC002,LAB010,Ultrasound Abdomen,Radiology,2025-06-14,2025-06-14,2025-06-16 01:00:00,49,Routine,Normal
LO110271,APP014353,PAT00426,DOC032,DEP002,FAC002,LAB015,Electrolytes Panel,Biochemistry,2025-10-20,2025-10-22,2025-10-22 09:00:00,9,Routine,Normal
LO110282,APP018100,PAT03949,DOC016,DEP004,FAC001,LAB011,ECG,Cardiology Diagnostics,2025-05-24,2025-05-25,2025-05-28 14:00:00,86,Routine,Critical
LO110287,APP010175,PAT08747,DOC010,DEP003,FAC005,LAB007,Urine Routine,Microbiology,2025-04-28,2025-04-30,2025-05-02 16:00:00,64,Routine,Normal
LO110289,APP019097,PAT02693,DOC013,DEP005,FAC003,LAB003,Lipid Profile,Biochemistry,2025-12-20,2025-12-22,2025-12-26 06:00:00,102,Urgent,Normal
LO110293,APP036673,PAT07589,DOC025,DEP007,FAC005,LAB001,Complete Blood Count,Hematology,2025-05-28,2025-05-30,2025-06-01 10:00:00,58,Routine,Normal
LO110299,APP011106,PAT08299,DOC033,DEP003,FAC003,LAB002,Blood Glucose,Biochemistry,2025-08-29,2025-08-29,2025-09-02 03:00:00,99,Routine,Normal
LO110307,APP017722,PAT02860,DOC032,DEP002,FAC002,LAB014,Blood Culture,Microbiology,2025-08-04,2025-08-04,2025-08-05 13:00:00,37,Routine,Normal
LO110311,APP038417,PAT01714,DOC022,DEP007,FAC002,LAB007,Urine Routine,Microbiology,2025-09-07,2025-09-07,2025-09-11 04:00:00,100,Routine,Normal
LO110314,APP003112,PAT01531,DOC005,DEP001,FAC005,LAB010,Ultrasound Abdomen,Radiology,2025-04-11,2025-04-11,2025-04-12 05:00:00,29,Routine,Abnormal
LO110316,APP019233,PAT00304,DOC018,DEP007,FAC003,LAB006,Thyroid Profile,Immunology,2025-08-24,2025-08-26,2025-08-27 12:00:00,36,Routine,Normal
LO110317,APP028873,PAT04862,DOC022,DEP007,FAC002,LAB005,Kidney Function Test,Biochemistry,2025-02-09,2025-02-11,2025-02-15 23:00:00,119,Routine,Normal
LO110322,APP043647,PAT03188,DOC038,DEP005,FAC003,LAB006,Thyroid Profile,Immunology,2025-10-30,2025-10-31,2025-11-04 13:00:00,109,Routine,Normal
LO110326,APP004478,PAT02526,DOC025,DEP007,FAC005,LAB007,Urine Routine,Microbiology,2025-12-05,2025-12-05,2025-12-07 04:00:00,52,Routine,Abnormal
LO110327,APP003232,PAT04661,DOC018,DEP007,FAC003,LAB002,Blood Glucose,Biochemistry,2025-12-11,2025-12-13,2025-12-16 21:00:00,93,Routine,Normal
LO110330,APP039068,PAT06680,DOC027,DEP001,FAC002,LAB012,HbA1c,Biochemistry,2025-05-13,2025-05-14,2025-05-14 01:00:00,1,Routine,Normal
LO110337,APP017017,PAT04706,DOC038,DEP005,FAC003,LAB003,Lipid Profile,Biochemistry,2025-09-07,2025-09-09,2025-09-13 15:00:00,111,Routine,Normal
LO110338,APP049259,PAT05660,DOC020,DEP006,FAC005,LAB002,Blood Glucose,Biochemistry,2025-12-14,2025-12-14,2025-12-17 16:00:00,88,Routine,Normal
LO110341,APP010848,PAT07774,DOC007,DEP002,FAC002,LAB013,COVID PCR,Molecular Diagnostics,2025-12-05,2025-12-07,2025-12-07 21:00:00,21,Routine,Normal
LO110344,APP026897,PAT06026,DOC034,DEP001,FAC004,LAB004,Liver Function Test,Biochemistry,2025-11-03,2025-11-04,2025-11-08 23:00:00,119,Routine,Normal
LO110351,APP045001,PAT04316,DOC022,DEP007,FAC002,LAB010,Ultrasound Abdomen,Radiology,2025-08-14,2025-08-15,2025-08-15 04:00:00,4,Routine,Normal
LO110355,APP047384,PAT09239,DOC022,DEP007,FAC002,LAB002,Blood Glucose,Biochemistry,2025-09-11,2025-09-12,2025-09-15 15:00:00,87,Routine,Normal
LO110356,APP034272,PAT07991,DOC026,DEP008,FAC001,LAB011,ECG,Cardiology Diagnostics,2025-04-11,2025-04-12,2025-04-16 01:00:00,97,Routine,Normal
LO110361,APP042270,PAT01534,DOC006,DEP002,FAC001,LAB003,Lipid Profile,Biochemistry,2025-02-21,2025-02-21,2025-02-25 17:00:00,113,Routine,Abnormal
LO110375,APP014283,PAT01741,DOC002,DEP001,FAC002,LAB004,Liver Function Test,Biochemistry,2025-01-25,2025-01-26,2025-01-30 08:00:00,104,Routine,Normal
LO110385,APP032649,PAT08452,DOC037,DEP005,FAC002,LAB004,Liver Function Test,Biochemistry,2025-12-14,2025-12-16,2025-12-16 03:00:00,3,Routine,Normal
LO110387,APP013164,PAT01521,DOC009,DEP002,FAC004,LAB013,COVID PCR,Molecular Diagnostics,2025-03-17,2025-03-17,2025-03-20 03:00:00,75,Routine,Normal
LO110389,APP022852,PAT05567,DOC038,DEP005,FAC003,LAB012,HbA1c,Biochemistry,2025-03-17,2025-03-19,2025-03-19 14:00:00,14,Routine,Normal
LO110391,APP040877,PAT00294,DOC017,DEP006,FAC002,LAB014,Blood Culture,Microbiology,2025-06-20,2025-06-22,2025-06-25 15:00:00,87,Routine,Abnormal
LO110394,APP019554,PAT06088,DOC021,DEP005,FAC001,LAB006,Thyroid Profile,Immunology,2025-04-01,2025-04-03,2025-04-04 18:00:00,42,Routine,Normal
LO110400,APP048709,PAT04035,DOC016,DEP004,FAC001,LAB015,Electrolytes Panel,Biochemistry,2025-09-01,2025-09-03,2025-09-05 01:00:00,49,Routine,Normal
LO110407,APP042476,PAT01327,DOC035,DEP001,FAC005,LAB014,Blood Culture,Microbiology,2025-01-30,2025-01-30,2025-01-31 18:00:00,42,Routine,Normal
LO110416,APP000243,PAT01143,DOC013,DEP005,FAC003,LAB002,Blood Glucose,Biochemistry,2025-10-05,2025-10-06,2025-10-10 13:00:00,109,Routine,Abnormal
LO110419,APP013202,PAT05981,DOC013,DEP005,FAC003,LAB008,Urine Culture,Microbiology,2025-01-22,2025-01-23,2025-01-27 19:00:00,115,Routine,Normal
LO110424,APP020482,PAT01324,DOC032,DEP002,FAC002,LAB009,Chest X-Ray,Radiology,2025-03-05,2025-03-06,2025-03-10 18:00:00,114,Urgent,Normal
LO110426,APP002262,PAT03488,DOC017,DEP006,FAC002,LAB013,COVID PCR,Molecular Diagnostics,2025-08-22,2025-08-22,2025-08-22 10:00:00,10,Routine,Normal
LO110435,APP029585,PAT01954,DOC004,DEP001,FAC004,LAB011,ECG,Cardiology Diagnostics,2025-02-05,2025-02-05,2025-02-08 18:00:00,90,Stat,Abnormal
LO110437,APP019432,PAT02361,DOC011,DEP003,FAC001,LAB003,Lipid Profile,Biochemistry,2025-09-30,2025-10-01,2025-10-05 04:00:00,100,Routine,Normal
LO110438,APP035891,PAT07525,DOC025,DEP007,FAC005,LAB009,Chest X-Ray,Radiology,2025-09-29,2025-10-01,2025-10-01 02:00:00,2,Urgent,Normal
LO110439,APP032301,PAT09842,DOC006,DEP002,FAC001,LAB011,ECG,Cardiology Diagnostics,2025-01-08,2025-01-09,2025-01-10 05:00:00,29,Stat,Normal
LO110440,APP046664,PAT03756,DOC036,DEP002,FAC001,LAB012,HbA1c,Biochemistry,2025-04-05,2025-04-07,2025-04-07 13:00:00,13,Routine,Normal
LO110446,APP020718,PAT02656,DOC020,DEP006,FAC005,LAB003,Lipid Profile,Biochemistry,2025-07-02,2025-07-02,2025-07-04 07:00:00,55,Routine,Normal
LO110448,APP024637,PAT03801,DOC014,DEP004,FAC004,LAB015,Electrolytes Panel,Biochemistry,2025-03-12,2025-03-14,2025-03-15 11:00:00,35,Routine,Normal
LO110453,APP005988,PAT09017,DOC030,DEP008,FAC005,LAB012,HbA1c,Biochemistry,2025-08-15,2025-08-16,2025-08-16 06:00:00,6,Routine,Normal
LO110454,APP045775,PAT01622,DOC018,DEP007,FAC003,LAB010,Ultrasound Abdomen,Radiology,2025-05-24,2025-05-25,2025-05-25 07:00:00,7,Routine,Normal
LO110455,APP041654,PAT05145,DOC010,DEP003,FAC005,LAB009,Chest X-Ray,Radiology,2025-12-08,2025-12-08,2025-12-08 19:00:00,19,Routine,Normal
LO110456,APP001043,PAT06509,DOC036,DEP002,FAC001,LAB013,COVID PCR,Molecular Diagnostics,2025-10-08,2025-10-09,2025-10-12 05:00:00,77,Routine,Abnormal
LO110458,APP030008,PAT08730,DOC004,DEP001,FAC004,LAB008,Urine Culture,Microbiology,2025-10-02,2025-10-02,2025-10-04 23:00:00,71,Routine,Normal
LO110461,APP040063,PAT03888,DOC008,DEP003,FAC003,LAB005,Kidney Function Test,Biochemistry,2025-07-16,2025-07-18,2025-07-19 19:00:00,43,Routine,Normal
LO110465,APP022597,PAT05385,DOC016,DEP004,FAC001,LAB013,COVID PCR,Molecular Diagnostics,2025-03-13,2025-03-14,2025-03-18 00:00:00,96,Routine,Normal
LO110468,APP024751,PAT02679,DOC033,DEP003,FAC003,LAB015,Electrolytes Panel,Biochemistry,2025-10-20,2025-10-21,2025-10-22 17:00:00,41,Routine,Normal
LO110481,APP018879,PAT01283,DOC019,DEP005,FAC004,LAB009,Chest X-Ray,Radiology,2025-09-14,2025-09-16,2025-09-17 21:00:00,45,Routine,Abnormal
LO110488,APP033973,PAT00328,DOC009,DEP002,FAC004,LAB003,Lipid Profile,Biochemistry,2025-09-06,2025-09-07,2025-09-09 15:00:00,63,Routine,Normal
LO110498,APP045236,PAT02217,DOC007,DEP002,FAC002,LAB015,Electrolytes Panel,Biochemistry,2025-05-16,2025-05-18,2025-05-18 22:00:00,22,Urgent,Normal
LO110505,APP045223,PAT08472,DOC010,DEP003,FAC005,LAB006,Thyroid Profile,Immunology,2025-08-29,2025-08-31,2025-09-01 01:00:00,25,Urgent,Normal
LO110517,APP001836,PAT07829,DOC004,DEP001,FAC004,LAB007,Urine Routine,Microbiology,2025-12-12,2025-12-13,2025-12-13 16:00:00,16,Stat,Normal
LO110518,APP048165,PAT04059,DOC018,DEP007,FAC003,LAB012,HbA1c,Biochemistry,2025-11-03,2025-11-04,2025-11-04 17:00:00,17,Urgent,Normal
LO110545,APP007180,PAT04607,DOC029,DEP007,FAC004,LAB004,Liver Function Test,Biochemistry,2025-02-04,2025-02-04,2025-02-07 09:00:00,81,Routine,Normal
LO110549,APP042596,PAT04815,DOC038,DEP005,FAC003,LAB006,Thyroid Profile,Immunology,2025-01-13,2025-01-13,2025-01-14 10:00:00,34,Urgent,Normal
LO110552,APP034920,PAT07629,DOC011,DEP003,FAC001,LAB005,Kidney Function Test,Biochemistry,2025-11-26,2025-11-27,2025-11-30 20:00:00,92,Routine,Normal
LO110558,APP006462,PAT06126,DOC006,DEP002,FAC001,LAB004,Liver Function Test,Biochemistry,2025-12-16,2025-12-18,2025-12-20 20:00:00,68,Stat,Normal
LO110567,APP017847,PAT04388,DOC032,DEP002,FAC002,LAB009,Chest X-Ray,Radiology,2025-03-22,2025-03-23,2025-03-26 15:00:00,87,Routine,Critical
LO110573,APP003024,PAT03861,DOC030,DEP008,FAC005,LAB011,ECG,Cardiology Diagnostics,2025-12-13,2025-12-13,2025-12-13 16:00:00,16,Routine,Abnormal
LO110585,APP016202,PAT03430,DOC032,DEP002,FAC002,LAB010,Ultrasound Abdomen,Radiology,2025-08-24,2025-08-25,2025-08-25 23:00:00,23,Routine,Normal
LO110586,APP036725,PAT00249,DOC011,DEP003,FAC001,LAB010,Ultrasound Abdomen,Radiology,2025-01-21,2025-01-23,2025-01-23 18:00:00,18,Routine,Normal
LO110588,APP027906,PAT05206,DOC010,DEP003,FAC005,LAB012,HbA1c,Biochemistry,2025-02-14,2025-02-14,2025-02-15 21:00:00,45,Routine,Normal
LO110590,APP011670,PAT04514,DOC040,DEP003,FAC005,LAB005,Kidney Function Test,Biochemistry,2025-08-09,2025-08-10,2025-08-12 00:00:00,48,Routine,Normal
LO110603,APP010022,PAT07880,DOC009,DEP002,FAC004,LAB002,Blood Glucose,Biochemistry,2025-05-07,2025-05-07,2025-05-11 19:00:00,115,Routine,Normal
LO110604,APP000295,PAT08980,DOC038,DEP005,FAC003,LAB013,COVID PCR,Molecular Diagnostics,2025-06-13,2025-06-13,2025-06-15 10:00:00,58,Routine,Normal
LO110605,APP017589,PAT02003,DOC032,DEP002,FAC002,LAB003,Lipid Profile,Biochemistry,2025-09-13,2025-09-15,2025-09-18 23:00:00,95,Routine,Normal
LO110606,APP021747,PAT05847,DOC025,DEP007,FAC005,LAB012,HbA1c,Biochemistry,2025-10-11,2025-10-12,2025-10-13 03:00:00,27,Routine,Normal
LO110614,APP038541,PAT03602,DOC021,DEP005,FAC001,LAB006,Thyroid Profile,Immunology,2025-03-29,2025-03-29,2025-04-01 08:00:00,80,Routine,Normal
LO110618,APP008602,PAT06336,DOC023,DEP008,FAC003,LAB001,Complete Blood Count,Hematology,2025-05-05,2025-05-06,2025-05-06 07:00:00,7,Urgent,Normal
LO110619,APP030662,PAT01531,DOC033,DEP003,FAC003,LAB005,Kidney Function Test,Biochemistry,2025-03-08,2025-03-10,2025-03-10 06:00:00,6,Routine,Normal
LO110630,APP042253,PAT06635,DOC012,DEP005,FAC002,LAB008,Urine Culture,Microbiology,2025-04-29,2025-04-30,2025-05-01 12:00:00,36,Routine,Normal
LO110641,APP009676,PAT08628,DOC002,DEP001,FAC002,LAB004,Liver Function Test,Biochemistry,2025-06-27,2025-06-28,2025-07-01 06:00:00,78,Urgent,Normal
LO110647,APP036449,PAT04063,DOC040,DEP003,FAC005,LAB003,Lipid Profile,Biochemistry,2025-06-08,2025-06-08,2025-06-08 01:00:00,1,Routine,Normal
LO110649,APP000849,PAT08884,DOC035,DEP001,FAC005,LAB004,Liver Function Test,Biochemistry,2025-04-14,2025-04-14,2025-04-18 18:00:00,114,Routine,Abnormal
LO110650,APP008627,PAT09751,DOC025,DEP007,FAC005,LAB001,Complete Blood Count,Hematology,2025-08-10,2025-08-11,2025-08-14 20:00:00,92,Routine,Abnormal
LO110651,APP044847,PAT03170,DOC018,DEP007,FAC003,LAB012,HbA1c,Biochemistry,2025-12-08,2025-12-09,2025-12-09 06:00:00,6,Routine,Normal
LO110652,APP045818,PAT06335,DOC033,DEP003,FAC003,LAB010,Ultrasound Abdomen,Radiology,2025-08-12,2025-08-14,2025-08-16 23:00:00,71,Routine,Normal
LO110674,APP011749,PAT02770,DOC013,DEP005,FAC003,LAB005,Kidney Function Test,Biochemistry,2025-09-06,2025-09-08,2025-09-08 14:00:00,14,Routine,Normal
LO110684,APP038504,PAT05398,DOC039,DEP002,FAC004,LAB010,Ultrasound Abdomen,Radiology,2025-07-12,2025-07-14,2025-07-16 11:00:00,59,Routine,Normal
LO110685,APP016525,PAT03563,DOC033,DEP003,FAC003,LAB006,Thyroid Profile,Immunology,2025-03-10,2025-03-12,2025-03-12 03:00:00,3,Routine,Normal
LO110687,APP045529,PAT04129,DOC001,DEP001,FAC001,LAB003,Lipid Profile,Biochemistry,2025-05-29,2025-05-31,2025-06-04 17:00:00,113,Routine,Abnormal
LO110691,APP040001,PAT07325,DOC021,DEP005,FAC001,LAB011,ECG,Cardiology Diagnostics,2025-02-04,2025-02-06,2025-02-07 20:00:00,44,Routine,Normal
LO110707,APP035482,PAT02113,DOC010,DEP003,FAC005,LAB003,Lipid Profile,Biochemistry,2025-09-22,2025-09-24,2025-09-26 00:00:00,48,Routine,Normal
LO110709,APP049255,PAT07727,DOC009,DEP002,FAC004,LAB011,ECG,Cardiology Diagnostics,2025-11-16,2025-11-16,2025-11-19 22:00:00,94,Routine,Normal
LO110711,APP038339,PAT02405,DOC039,DEP002,FAC004,LAB008,Urine Culture,Microbiology,2025-05-09,2025-05-10,2025-05-10 21:00:00,21,Routine,Normal
LO110720,APP010526,PAT02391,DOC038,DEP005,FAC003,LAB015,Electrolytes Panel,Biochemistry,2025-08-03,2025-08-03,2025-08-03 20:00:00,20,Routine,Normal
LO110721,APP006350,PAT02958,DOC035,DEP001,FAC005,LAB006,Thyroid Profile,Immunology,2025-07-20,2025-07-22,2025-07-22 13:00:00,13,Routine,Normal
LO110724,APP031415,PAT01158,DOC011,DEP003,FAC001,LAB012,HbA1c,Biochemistry,2025-01-19,2025-01-21,2025-01-25 17:00:00,113,Routine,Normal
LO110727,APP023955,PAT07303,DOC008,DEP003,FAC003,LAB001,Complete Blood Count,Hematology,2025-09-24,2025-09-26,2025-09-28 13:00:00,61,Urgent,Normal
LO110732,APP049705,PAT00395,DOC026,DEP008,FAC001,LAB014,Blood Culture,Microbiology,2025-04-18,2025-04-20,2025-04-23 12:00:00,84,Routine,Normal
LO110733,APP043459,PAT09060,DOC003,DEP001,FAC003,LAB015,Electrolytes Panel,Biochemistry,2025-05-19,2025-05-19,2025-05-19 15:00:00,15,Urgent,Normal
LO110735,APP031618,PAT09678,DOC016,DEP004,FAC001,LAB013,COVID PCR,Molecular Diagnostics,2025-06-07,2025-06-07,2025-06-07 03:00:00,3,Routine,Abnormal
LO110739,APP012569,PAT02302,DOC002,DEP001,FAC002,LAB010,Ultrasound Abdomen,Radiology,2025-09-07,2025-09-09,2025-09-09 13:00:00,13,Routine,Normal
LO110749,APP043609,PAT01079,DOC010,DEP003,FAC005,LAB011,ECG,Cardiology Diagnostics,2025-04-14,2025-04-14,2025-04-17 12:00:00,84,Routine,Normal
LO110751,APP047109,PAT08529,DOC019,DEP005,FAC004,LAB002,Blood Glucose,Biochemistry,2025-09-17,2025-09-19,2025-09-19 16:00:00,16,Routine,Normal
LO110768,APP002650,PAT03116,DOC028,DEP001,FAC003,LAB005,Kidney Function Test,Biochemistry,2025-11-12,2025-11-12,2025-11-13 23:00:00,47,Routine,Normal
LO110770,APP049286,PAT08991,DOC025,DEP007,FAC005,LAB008,Urine Culture,Microbiology,2025-02-20,2025-02-22,2025-02-25 21:00:00,93,Routine,Normal
LO110785,APP004672,PAT09220,DOC018,DEP007,FAC003,LAB012,HbA1c,Biochemistry,2025-08-07,2025-08-07,2025-08-07 06:00:00,6,Urgent,Normal
LO110791,APP038482,PAT08285,DOC007,DEP002,FAC002,LAB008,Urine Culture,Microbiology,2025-06-30,2025-06-30,2025-07-01 14:00:00,38,Stat,Normal
LO110800,APP013951,PAT09555,DOC012,DEP005,FAC002,LAB010,Ultrasound Abdomen,Radiology,2025-06-14,2025-06-16,2025-06-16 15:00:00,15,Routine,Normal
LO110804,APP036047,PAT05514,DOC013,DEP005,FAC003,LAB001,Complete Blood Count,Hematology,2025-02-24,2025-02-26,2025-03-02 13:00:00,109,Routine,Normal
LO110806,APP034470,PAT07376,DOC024,DEP006,FAC004,LAB012,HbA1c,Biochemistry,2025-04-06,2025-04-07,2025-04-11 12:00:00,108,Routine,Normal
LO110815,APP004866,PAT05460,DOC014,DEP004,FAC004,LAB003,Lipid Profile,Biochemistry,2025-09-18,2025-09-18,2025-09-22 09:00:00,105,Routine,Normal
LO110820,APP046417,PAT07696,DOC040,DEP003,FAC005,LAB006,Thyroid Profile,Immunology,2025-10-26,2025-10-26,2025-10-27 02:00:00,26,Routine,Normal
LO110829,APP028812,PAT02440,DOC036,DEP002,FAC001,LAB011,ECG,Cardiology Diagnostics,2025-02-03,2025-02-04,2025-02-04 17:00:00,17,Routine,Normal
LO110833,APP035020,PAT09692,DOC035,DEP001,FAC005,LAB004,Liver Function Test,Biochemistry,2025-02-16,2025-02-17,2025-02-17 13:00:00,13,Routine,Normal
LO110837,APP015075,PAT06598,DOC025,DEP007,FAC005,LAB009,Chest X-Ray,Radiology,2025-06-03,2025-06-03,2025-06-04 11:00:00,35,Urgent,Normal
LO110846,APP011046,PAT04818,DOC006,DEP002,FAC001,LAB015,Electrolytes Panel,Biochemistry,2025-12-05,2025-12-07,2025-12-11 01:00:00,97,Routine,Normal
LO110847,APP033257,PAT04992,DOC006,DEP002,FAC001,LAB006,Thyroid Profile,Immunology,2025-05-23,2025-05-23,2025-05-24 10:00:00,34,Routine,Normal
LO110849,APP015038,PAT09800,DOC014,DEP004,FAC004,LAB014,Blood Culture,Microbiology,2025-10-09,2025-10-10,2025-10-12 07:00:00,55,Routine,Normal
LO110858,APP012946,PAT02857,DOC011,DEP003,FAC001,LAB010,Ultrasound Abdomen,Radiology,2025-01-05,2025-01-07,2025-01-07 15:00:00,15,Routine,Abnormal
LO110862,APP035961,PAT07370,DOC032,DEP002,FAC002,LAB014,Blood Culture,Microbiology,2025-07-10,2025-07-10,2025-07-13 02:00:00,74,Routine,Normal
LO110863,APP012968,PAT07508,DOC009,DEP002,FAC004,LAB010,Ultrasound Abdomen,Radiology,2025-07-14,2025-07-16,2025-07-17 13:00:00,37,Routine,Normal
LO110870,APP007764,PAT03616,DOC019,DEP005,FAC004,LAB006,Thyroid Profile,Immunology,2025-01-03,2025-01-04,2025-01-05 01:00:00,25,Routine,Normal
LO110872,APP049248,PAT07692,DOC036,DEP002,FAC001,LAB014,Blood Culture,Microbiology,2025-09-15,2025-09-15,2025-09-17 01:00:00,49,Routine,Normal
LO110874,APP005889,PAT03692,DOC001,DEP001,FAC001,LAB005,Kidney Function Test,Biochemistry,2025-07-12,2025-07-12,2025-07-16 22:00:00,118,Routine,Normal
LO110875,APP036702,PAT04039,DOC040,DEP003,FAC005,LAB005,Kidney Function Test,Biochemistry,2025-05-02,2025-05-02,2025-05-03 15:00:00,39,Routine,Normal
LO110876,APP017695,PAT00231,DOC007,DEP002,FAC002,LAB004,Liver Function Test,Biochemistry,2025-05-31,2025-06-01,2025-06-01 05:00:00,5,Routine,Normal
LO110881,APP012904,PAT01329,DOC037,DEP005,FAC002,LAB003,Lipid Profile,Biochemistry,2025-06-13,2025-06-13,2025-06-14 20:00:00,44,Urgent,Normal
LO110896,APP047719,PAT09238,DOC008,DEP003,FAC003,LAB014,Blood Culture,Microbiology,2025-08-20,2025-08-21,2025-08-23 09:00:00,57,Routine,Abnormal
LO110914,APP018043,PAT04904,DOC040,DEP003,FAC005,LAB008,Urine Culture,Microbiology,2025-07-11,2025-07-12,2025-07-14 10:00:00,58,Routine,Normal
LO110918,APP032283,PAT03652,DOC024,DEP006,FAC004,LAB010,Ultrasound Abdomen,Radiology,2025-12-25,2025-12-25,2025-12-28 15:00:00,87,Routine,Normal
LO110920,APP027171,PAT09021,DOC020,DEP006,FAC005,LAB010,Ultrasound Abdomen,Radiology,2025-02-20,2025-02-22,2025-02-23 08:00:00,32,Urgent,Normal
LO110924,APP003012,PAT02445,DOC006,DEP002,FAC001,LAB004,Liver Function Test,Biochemistry,2025-12-25,2025-12-26,2025-12-28 17:00:00,65,Routine,Normal
LO110927,APP036448,PAT00456,DOC020,DEP006,FAC005,LAB011,ECG,Cardiology Diagnostics,2025-10-27,2025-10-29,2025-10-31 15:00:00,63,Routine,Normal
LO110928,APP041624,PAT04756,DOC012,DEP005,FAC002,LAB001,Complete Blood Count,Hematology,2025-06-12,2025-06-12,2025-06-14 23:00:00,71,Routine,Normal
LO110929,APP010528,PAT02914,DOC010,DEP003,FAC005,LAB005,Kidney Function Test,Biochemistry,2025-06-16,2025-06-18,2025-06-22 22:00:00,118,Routine,Abnormal
LO110931,APP033361,PAT05675,DOC010,DEP003,FAC005,LAB014,Blood Culture,Microbiology,2025-12-16,2025-12-17,2025-12-19 06:00:00,54,Routine,Normal
LO110938,APP034011,PAT06211,DOC006,DEP002,FAC001,LAB014,Blood Culture,Microbiology,2025-12-14,2025-12-15,2025-12-18 12:00:00,84,Routine,Normal
LO110939,APP034621,PAT04591,DOC025,DEP007,FAC005,LAB013,COVID PCR,Molecular Diagnostics,2025-01-03,2025-01-03,2025-01-05 10:00:00,58,Routine,Critical
LO110944,APP049671,PAT09842,DOC031,DEP001,FAC001,LAB013,COVID PCR,Molecular Diagnostics,2025-04-20,2025-04-22,2025-04-25 03:00:00,75,Routine,Normal
LO110948,APP017832,PAT08684,DOC002,DEP001,FAC002,LAB007,Urine Routine,Microbiology,2025-05-30,2025-06-01,2025-06-04 02:00:00,74,Routine,Normal
LO110949,APP041091,PAT09394,DOC032,DEP002,FAC002,LAB013,COVID PCR,Molecular Diagnostics,2025-11-14,2025-11-16,2025-11-20 10:00:00,106,Routine,Normal
LO110959,APP006211,PAT03252,DOC021,DEP005,FAC001,LAB001,Complete Blood Count,Hematology,2025-01-03,2025-01-05,2025-01-08 16:00:00,88,Routine,Normal
LO110960,APP005394,PAT01622,DOC030,DEP008,FAC005,LAB002,Blood Glucose,Biochemistry,2025-04-30,2025-05-02,2025-05-04 03:00:00,51,Routine,Normal
LO110972,APP010821,PAT08179,DOC027,DEP001,FAC002,LAB001,Complete Blood Count,Hematology,2025-07-16,2025-07-18,2025-07-19 01:00:00,25,Routine,Normal
LO110977,APP019604,PAT08109,DOC004,DEP001,FAC004,LAB011,ECG,Cardiology Diagnostics,2025-12-12,2025-12-12,2025-12-15 01:00:00,73,Routine,Normal
LO110984,APP028655,PAT01088,DOC038,DEP005,FAC003,LAB005,Kidney Function Test,Biochemistry,2025-11-15,2025-11-15,2025-11-18 05:00:00,77,Routine,Normal
LO110986,APP037470,PAT08962,DOC009,DEP002,FAC004,LAB010,Ultrasound Abdomen,Radiology,2025-08-11,2025-08-13,2025-08-16 17:00:00,89,Routine,Normal
LO110987,APP015767,PAT09951,DOC002,DEP001,FAC002,LAB003,Lipid Profile,Biochemistry,2025-01-27,2025-01-29,2025-01-31 03:00:00,51,Routine,Normal
LO110989,APP005676,PAT08887,DOC034,DEP001,FAC004,LAB010,Ultrasound Abdomen,Radiology,2025-05-19,2025-05-20,2025-05-23 03:00:00,75,Routine,Normal
LO110991,APP010859,PAT02092,DOC029,DEP007,FAC004,LAB014,Blood Culture,Microbiology,2025-01-21,2025-01-23,2025-01-27 21:00:00,117,Urgent,Normal
LO110992,APP024697,PAT05795,DOC036,DEP002,FAC001,LAB014,Blood Culture,Microbiology,2025-04-24,2025-04-26,2025-05-01 00:00:00,120,Routine,Normal
LO110993,APP041778,PAT01369,DOC040,DEP003,FAC005,LAB005,Kidney Function Test,Biochemistry,2025-10-25,2025-10-25,2025-10-28 09:00:00,81,Routine,Critical
LO111005,APP024340,PAT08875,DOC040,DEP003,FAC005,LAB002,Blood Glucose,Biochemistry,2025-06-25,2025-06-27,2025-06-28 22:00:00,46,Routine,Abnormal
LO111006,APP039803,PAT08391,DOC022,DEP007,FAC002,LAB005,Kidney Function Test,Biochemistry,2025-07-24,2025-07-24,2025-07-24 10:00:00,10,Routine,Normal
LO111020,APP026237,PAT07637,DOC016,DEP004,FAC001,LAB001,Complete Blood Count,Hematology,2025-04-27,2025-04-27,2025-04-29 08:00:00,56,Routine,Normal
LO111021,APP008748,PAT02334,DOC029,DEP007,FAC004,LAB003,Lipid Profile,Biochemistry,2025-10-08,2025-10-10,2025-10-14 23:00:00,119,Routine,Normal
LO111025,APP000642,PAT03618,DOC013,DEP005,FAC003,LAB008,Urine Culture,Microbiology,2025-02-21,2025-02-21,2025-02-24 20:00:00,92,Routine,Normal
LO111037,APP044457,PAT09069,DOC016,DEP004,FAC001,LAB013,COVID PCR,Molecular Diagnostics,2025-01-12,2025-01-12,2025-01-13 13:00:00,37,Routine,Abnormal
LO111040,APP048438,PAT09626,DOC017,DEP006,FAC002,LAB008,Urine Culture,Microbiology,2025-11-10,2025-11-12,2025-11-12 07:00:00,7,Routine,Normal
LO111041,APP045277,PAT09056,DOC002,DEP001,FAC002,LAB011,ECG,Cardiology Diagnostics,2025-08-01,2025-08-03,2025-08-03 02:00:00,2,Routine,Normal
LO111044,APP030049,PAT05181,DOC032,DEP002,FAC002,LAB009,Chest X-Ray,Radiology,2025-10-20,2025-10-20,2025-10-21 22:00:00,46,Routine,Abnormal
LO111049,APP026953,PAT08948,DOC013,DEP005,FAC003,LAB011,ECG,Cardiology Diagnostics,2025-07-02,2025-07-04,2025-07-04 01:00:00,1,Routine,Normal
LO111057,APP013603,PAT08241,DOC025,DEP007,FAC005,LAB008,Urine Culture,Microbiology,2025-05-22,2025-05-23,2025-05-24 05:00:00,29,Routine,Abnormal
LO111059,APP019873,PAT01237,DOC023,DEP008,FAC003,LAB010,Ultrasound Abdomen,Radiology,2025-10-02,2025-10-03,2025-10-05 01:00:00,49,Urgent,Normal
LO111062,APP023766,PAT03290,DOC018,DEP007,FAC003,LAB010,Ultrasound Abdomen,Radiology,2025-01-03,2025-01-04,2025-01-04 14:00:00,14,Routine,Normal
LO111064,APP026169,PAT00020,DOC026,DEP008,FAC001,LAB005,Kidney Function Test,Biochemistry,2025-01-04,2025-01-05,2025-01-06 18:00:00,42,Routine,Normal
LO111065,APP043448,PAT07757,DOC025,DEP007,FAC005,LAB009,Chest X-Ray,Radiology,2025-03-11,2025-03-13,2025-03-13 04:00:00,4,Routine,Abnormal
LO111068,APP019427,PAT09989,DOC003,DEP001,FAC003,LAB014,Blood Culture,Microbiology,2025-08-24,2025-08-24,2025-08-25 13:00:00,37,Urgent,Normal
LO111072,APP015422,PAT05801,DOC031,DEP001,FAC001,LAB011,ECG,Cardiology Diagnostics,2025-08-19,2025-08-20,2025-08-24 20:00:00,116,Routine,Normal
LO111074,APP036333,PAT09560,DOC003,DEP001,FAC003,LAB001,Complete Blood Count,Hematology,2025-09-08,2025-09-10,2025-09-11 08:00:00,32,Routine,Normal
LO111082,APP010352,PAT09973,DOC013,DEP005,FAC003,LAB007,Urine Routine,Microbiology,2025-04-27,2025-04-29,2025-04-30 13:00:00,37,Routine,Normal
LO111083,APP037519,PAT07086,DOC019,DEP005,FAC004,LAB002,Blood Glucose,Biochemistry,2025-06-19,2025-06-21,2025-06-24 07:00:00,79,Routine,Normal
LO111084,APP015196,PAT02040,DOC009,DEP002,FAC004,LAB005,Kidney Function Test,Biochemistry,2025-02-14,2025-02-15,2025-02-16 19:00:00,43,Routine,Normal
LO111086,APP002242,PAT01098,DOC007,DEP002,FAC002,LAB007,Urine Routine,Microbiology,2025-05-30,2025-05-30,2025-06-01 20:00:00,68,Routine,Abnormal
LO111092,APP025557,PAT02535,DOC020,DEP006,FAC005,LAB002,Blood Glucose,Biochemistry,2025-11-14,2025-11-16,2025-11-16 22:00:00,22,Routine,Normal
LO111102,APP030026,PAT08094,DOC035,DEP001,FAC005,LAB007,Urine Routine,Microbiology,2025-06-19,2025-06-20,2025-06-24 15:00:00,111,Routine,Normal
LO111124,APP038589,PAT04685,DOC008,DEP003,FAC003,LAB009,Chest X-Ray,Radiology,2025-12-18,2025-12-18,2025-12-20 11:00:00,59,Routine,Normal
LO111128,APP031976,PAT08301,DOC018,DEP007,FAC003,LAB014,Blood Culture,Microbiology,2025-06-22,2025-06-24,2025-06-26 16:00:00,64,Routine,Normal
LO111139,APP031211,PAT03107,DOC014,DEP004,FAC004,LAB005,Kidney Function Test,Biochemistry,2025-11-26,2025-11-27,2025-11-27 21:00:00,21,Routine,Abnormal
LO111140,APP036615,PAT05835,DOC033,DEP003,FAC003,LAB004,Liver Function Test,Biochemistry,2025-11-11,2025-11-12,2025-11-12 20:00:00,20,Routine,Normal
LO111152,APP044112,PAT05059,DOC017,DEP006,FAC002,LAB008,Urine Culture,Microbiology,2025-07-01,2025-07-03,2025-07-06 17:00:00,89,Routine,Normal
LO111158,APP024052,PAT04124,DOC022,DEP007,FAC002,LAB003,Lipid Profile,Biochemistry,2025-03-15,2025-03-16,2025-03-16 03:00:00,3,Routine,Normal
LO111159,APP023207,PAT09090,DOC038,DEP005,FAC003,LAB009,Chest X-Ray,Radiology,2025-08-08,2025-08-10,2025-08-14 07:00:00,103,Routine,Normal
LO111170,APP002447,PAT06157,DOC039,DEP002,FAC004,LAB013,COVID PCR,Molecular Diagnostics,2025-12-30,2025-12-30,2026-01-02 01:00:00,73,Routine,Normal
LO111171,APP014793,PAT07325,DOC028,DEP001,FAC003,LAB004,Liver Function Test,Biochemistry,2025-11-16,2025-11-18,2025-11-20 01:00:00,49,Routine,Normal
LO111197,APP027834,PAT07151,DOC027,DEP001,FAC002,LAB002,Blood Glucose,Biochemistry,2025-07-18,2025-07-19,2025-07-21 09:00:00,57,Routine,Normal
LO111199,APP031062,PAT09058,DOC004,DEP001,FAC004,LAB012,HbA1c,Biochemistry,2025-05-09,2025-05-09,2025-05-11 23:00:00,71,Routine,Normal
LO111206,APP026746,PAT09843,DOC013,DEP005,FAC003,LAB002,Blood Glucose,Biochemistry,2025-12-29,2025-12-29,2026-01-01 21:00:00,93,Routine,Normal
LO111226,APP019784,PAT06028,DOC038,DEP005,FAC003,LAB010,Ultrasound Abdomen,Radiology,2025-02-03,2025-02-03,2025-02-03 07:00:00,7,Routine,Normal
LO111228,APP021901,PAT02944,DOC025,DEP007,FAC005,LAB004,Liver Function Test,Biochemistry,2025-08-05,2025-08-06,2025-08-06 04:00:00,4,Urgent,Normal
LO111229,APP049278,PAT08841,DOC028,DEP001,FAC003,LAB008,Urine Culture,Microbiology,2025-11-04,2025-11-06,2025-11-08 16:00:00,64,Routine,Abnormal
LO111231,APP015046,PAT06001,DOC016,DEP004,FAC001,LAB014,Blood Culture,Microbiology,2025-11-13,2025-11-13,2025-11-16 09:00:00,81,Routine,Normal
LO111244,APP000977,PAT08241,DOC038,DEP005,FAC003,LAB013,COVID PCR,Molecular Diagnostics,2025-02-12,2025-02-13,2025-02-16 12:00:00,84,Routine,Abnormal
LO111245,APP021759,PAT09750,DOC036,DEP002,FAC001,LAB003,Lipid Profile,Biochemistry,2025-06-10,2025-06-12,2025-06-14 17:00:00,65,Routine,Normal
LO111251,APP026221,PAT01581,DOC028,DEP001,FAC003,LAB001,Complete Blood Count,Hematology,2025-03-28,2025-03-30,2025-03-31 03:00:00,27,Urgent,Abnormal
LO111256,APP021225,PAT07768,DOC039,DEP002,FAC004,LAB015,Electrolytes Panel,Biochemistry,2025-09-24,2025-09-24,2025-09-26 17:00:00,65,Stat,Normal
LO111259,APP004562,PAT03117,DOC024,DEP006,FAC004,LAB014,Blood Culture,Microbiology,2025-05-15,2025-05-17,2025-05-19 23:00:00,71,Routine,Normal
LO111260,APP042610,PAT03475,DOC012,DEP005,FAC002,LAB004,Liver Function Test,Biochemistry,2025-08-15,2025-08-16,2025-08-18 18:00:00,66,Routine,Abnormal
LO111264,APP038270,PAT06881,DOC025,DEP007,FAC005,LAB004,Liver Function Test,Biochemistry,2025-10-07,2025-10-09,2025-10-11 18:00:00,66,Routine,Normal
LO111271,APP023109,PAT03367,DOC006,DEP002,FAC001,LAB005,Kidney Function Test,Biochemistry,2025-01-04,2025-01-06,2025-01-08 22:00:00,70,Routine,Normal
LO111274,APP046419,PAT02914,DOC027,DEP001,FAC002,LAB009,Chest X-Ray,Radiology,2025-02-17,2025-02-18,2025-02-19 19:00:00,43,Routine,Critical
LO111280,APP042058,PAT08584,DOC034,DEP001,FAC004,LAB006,Thyroid Profile,Immunology,2025-03-22,2025-03-24,2025-03-28 01:00:00,97,Routine,Normal
LO111283,APP048724,PAT04305,DOC017,DEP006,FAC002,LAB002,Blood Glucose,Biochemistry,2025-11-21,2025-11-22,2025-11-23 07:00:00,31,Routine,Normal
LO111289,APP046963,PAT06089,DOC037,DEP005,FAC002,LAB009,Chest X-Ray,Radiology,2025-05-23,2025-05-23,2025-05-23 15:00:00,15,Routine,Normal
LO111294,APP003899,PAT01624,DOC023,DEP008,FAC003,LAB007,Urine Routine,Microbiology,2025-07-05,2025-07-06,2025-07-10 05:00:00,101,Routine,Abnormal
LO111299,APP045969,PAT06139,DOC018,DEP007,FAC003,LAB010,Ultrasound Abdomen,Radiology,2025-02-15,2025-02-17,2025-02-20 13:00:00,85,Routine,Normal
LO111303,APP018747,PAT00869,DOC020,DEP006,FAC005,LAB009,Chest X-Ray,Radiology,2025-08-01,2025-08-02,2025-08-03 19:00:00,43,Routine,Normal
LO111304,APP039699,PAT02875,DOC033,DEP003,FAC003,LAB005,Kidney Function Test,Biochemistry,2025-04-17,2025-04-17,2025-04-19 16:00:00,64,Routine,Normal
LO111306,APP032569,PAT07253,DOC014,DEP004,FAC004,LAB015,Electrolytes Panel,Biochemistry,2025-01-15,2025-01-17,2025-01-18 02:00:00,26,Routine,Abnormal
LO111323,APP042303,PAT06374,DOC007,DEP002,FAC002,LAB001,Complete Blood Count,Hematology,2025-04-04,2025-04-04,2025-04-08 20:00:00,116,Routine,Normal
LO111334,APP042101,PAT03276,DOC003,DEP001,FAC003,LAB015,Electrolytes Panel,Biochemistry,2025-07-03,2025-07-04,2025-07-08 22:00:00,118,Routine,Normal
LO111335,APP022492,PAT06923,DOC035,DEP001,FAC005,LAB005,Kidney Function Test,Biochemistry,2025-06-27,2025-06-27,2025-06-27 08:00:00,8,Routine,Normal
LO111338,APP015865,PAT07832,DOC009,DEP002,FAC004,LAB005,Kidney Function Test,Biochemistry,2025-02-16,2025-02-16,2025-02-20 14:00:00,110,Routine,Abnormal
LO111344,APP027844,PAT09190,DOC023,DEP008,FAC003,LAB003,Lipid Profile,Biochemistry,2025-02-24,2025-02-26,2025-02-26 17:00:00,17,Routine,Normal
LO111348,APP027242,PAT03488,DOC033,DEP003,FAC003,LAB012,HbA1c,Biochemistry,2025-06-24,2025-06-24,2025-06-28 18:00:00,114,Routine,Abnormal
LO111353,APP012159,PAT00512,DOC020,DEP006,FAC005,LAB010,Ultrasound Abdomen,Radiology,2025-11-26,2025-11-28,2025-12-02 18:00:00,114,Routine,Normal
LO111354,APP002236,PAT06546,DOC031,DEP001,FAC001,LAB015,Electrolytes Panel,Biochemistry,2025-05-14,2025-05-16,2025-05-16 12:00:00,12,Routine,Normal
LO111360,APP019215,PAT02513,DOC035,DEP001,FAC005,LAB004,Liver Function Test,Biochemistry,2025-02-27,2025-02-28,2025-03-04 18:00:00,114,Routine,Normal
LO111362,APP037431,PAT05776,DOC024,DEP006,FAC004,LAB001,Complete Blood Count,Hematology,2025-01-19,2025-01-19,2025-01-21 23:00:00,71,Routine,Normal
LO111363,APP028806,PAT06335,DOC024,DEP006,FAC004,LAB010,Ultrasound Abdomen,Radiology,2025-10-25,2025-10-26,2025-10-30 06:00:00,102,Routine,Abnormal
LO111368,APP032696,PAT08818,DOC006,DEP002,FAC001,LAB006,Thyroid Profile,Immunology,2025-08-29,2025-08-30,2025-08-30 18:00:00,18,Routine,Normal
LO111373,APP040410,PAT08049,DOC024,DEP006,FAC004,LAB003,Lipid Profile,Biochemistry,2025-05-03,2025-05-04,2025-05-05 16:00:00,40,Routine,Normal
LO111387,APP020185,PAT08150,DOC030,DEP008,FAC005,LAB012,HbA1c,Biochemistry,2025-01-15,2025-01-17,2025-01-19 07:00:00,55,Routine,Critical
LO111396,APP026660,PAT01714,DOC007,DEP002,FAC002,LAB007,Urine Routine,Microbiology,2025-08-27,2025-08-28,2025-08-31 16:00:00,88,Urgent,Normal
LO111401,APP020758,PAT06731,DOC016,DEP004,FAC001,LAB002,Blood Glucose,Biochemistry,2025-04-05,2025-04-06,2025-04-08 19:00:00,67,Routine,Abnormal
LO111405,APP026140,PAT06522,DOC017,DEP006,FAC002,LAB012,HbA1c,Biochemistry,2025-02-13,2025-02-14,2025-02-16 22:00:00,70,Routine,Normal
LO111407,APP004397,PAT05932,DOC040,DEP003,FAC005,LAB014,Blood Culture,Microbiology,2025-10-09,2025-10-09,2025-10-10 09:00:00,33,Routine,Abnormal
LO111411,APP012234,PAT06595,DOC015,DEP005,FAC005,LAB007,Urine Routine,Microbiology,2025-09-15,2025-09-17,2025-09-21 04:00:00,100,Routine,Normal
LO111417,APP000006,PAT06435,DOC008,DEP003,FAC003,LAB006,Thyroid Profile,Immunology,2025-07-30,2025-07-30,2025-08-01 02:00:00,50,Routine,Normal
LO111430,APP000659,PAT07815,DOC022,DEP007,FAC002,LAB006,Thyroid Profile,Immunology,2025-04-14,2025-04-16,2025-04-18 19:00:00,67,Routine,Normal
LO111433,APP018613,PAT02597,DOC023,DEP008,FAC003,LAB011,ECG,Cardiology Diagnostics,2025-03-18,2025-03-20,2025-03-20 18:00:00,18,Routine,Normal
LO111438,APP006056,PAT08991,DOC002,DEP001,FAC002,LAB014,Blood Culture,Microbiology,2025-08-29,2025-08-31,2025-09-01 08:00:00,32,Routine,Normal
LO111442,APP010087,PAT06157,DOC028,DEP001,FAC003,LAB013,COVID PCR,Molecular Diagnostics,2025-03-22,2025-03-24,2025-03-24 04:00:00,4,Routine,Normal
LO111460,APP041754,PAT02560,DOC017,DEP006,FAC002,LAB012,HbA1c,Biochemistry,2025-11-14,2025-11-14,2025-11-15 19:00:00,43,Routine,Normal
LO111466,APP015840,PAT02237,DOC003,DEP001,FAC003,LAB003,Lipid Profile,Biochemistry,2025-08-12,2025-08-14,2025-08-16 20:00:00,68,Routine,Normal
LO111467,APP043895,PAT06424,DOC022,DEP007,FAC002,LAB002,Blood Glucose,Biochemistry,2025-01-20,2025-01-22,2025-01-22 01:00:00,1,Routine,Normal
LO111468,APP042153,PAT06351,DOC014,DEP004,FAC004,LAB014,Blood Culture,Microbiology,2025-09-26,2025-09-27,2025-09-28 01:00:00,25,Routine,Normal
LO111469,APP042699,PAT01238,DOC013,DEP005,FAC003,LAB012,HbA1c,Biochemistry,2025-02-23,2025-02-24,2025-02-25 18:00:00,42,Routine,Normal
LO111471,APP034454,PAT02705,DOC015,DEP005,FAC005,LAB010,Ultrasound Abdomen,Radiology,2025-08-28,2025-08-29,2025-09-01 07:00:00,79,Routine,Normal
LO111473,APP024712,PAT04960,DOC014,DEP004,FAC004,LAB008,Urine Culture,Microbiology,2025-05-19,2025-05-20,2025-05-22 18:00:00,66,Routine,Normal
LO111477,APP025482,PAT04951,DOC017,DEP006,FAC002,LAB010,Ultrasound Abdomen,Radiology,2025-03-09,2025-03-11,2025-03-11 19:00:00,19,Urgent,Normal
LO111482,APP028589,PAT03920,DOC024,DEP006,FAC004,LAB012,HbA1c,Biochemistry,2025-07-01,2025-07-01,2025-07-01 08:00:00,8,Routine,Normal
LO111491,APP028154,PAT04150,DOC037,DEP005,FAC002,LAB011,ECG,Cardiology Diagnostics,2025-02-03,2025-02-05,2025-02-06 17:00:00,41,Routine,Normal
LO111500,APP022607,PAT07697,DOC027,DEP001,FAC002,LAB013,COVID PCR,Molecular Diagnostics,2025-11-18,2025-11-20,2025-11-20 07:00:00,7,Routine,Abnormal
LO111501,APP038078,PAT05660,DOC015,DEP005,FAC005,LAB008,Urine Culture,Microbiology,2025-02-01,2025-02-03,2025-02-03 16:00:00,16,Urgent,Normal
LO111507,APP010101,PAT08701,DOC022,DEP007,FAC002,LAB011,ECG,Cardiology Diagnostics,2025-08-08,2025-08-08,2025-08-09 20:00:00,44,Routine,Normal
LO111512,APP039953,PAT05026,DOC029,DEP007,FAC004,LAB004,Liver Function Test,Biochemistry,2025-02-04,2025-02-05,2025-02-05 13:00:00,13,Routine,Normal
LO111516,APP010977,PAT04554,DOC029,DEP007,FAC004,LAB006,Thyroid Profile,Immunology,2025-11-11,2025-11-11,2025-11-15 17:00:00,113,Routine,Normal
LO111524,APP016329,PAT02997,DOC036,DEP002,FAC001,LAB008,Urine Culture,Microbiology,2025-11-09,2025-11-10,2025-11-13 05:00:00,77,Routine,Abnormal
LO111528,APP016446,PAT02035,DOC033,DEP003,FAC003,LAB007,Urine Routine,Microbiology,2025-09-19,2025-09-19,2025-09-21 06:00:00,54,Routine,Normal
LO111530,APP005290,PAT01262,DOC004,DEP001,FAC004,LAB008,Urine Culture,Microbiology,2025-04-27,2025-04-28,2025-04-29 02:00:00,26,Routine,Abnormal
LO111531,APP016594,PAT00408,DOC005,DEP001,FAC005,LAB003,Lipid Profile,Biochemistry,2025-05-16,2025-05-18,2025-05-21 00:00:00,72,Urgent,Normal
LO111533,APP009475,PAT04915,DOC016,DEP004,FAC001,LAB011,ECG,Cardiology Diagnostics,2025-09-19,2025-09-21,2025-09-24 04:00:00,76,Routine,Abnormal
LO111536,APP029795,PAT09469,DOC024,DEP006,FAC004,LAB006,Thyroid Profile,Immunology,2025-09-23,2025-09-24,2025-09-28 01:00:00,97,Stat,Normal
LO111539,APP047073,PAT08958,DOC006,DEP002,FAC001,LAB012,HbA1c,Biochemistry,2025-03-09,2025-03-11,2025-03-11 06:00:00,6,Routine,Normal
LO111541,APP004072,PAT03046,DOC023,DEP008,FAC003,LAB011,ECG,Cardiology Diagnostics,2025-03-26,2025-03-27,2025-03-27 21:00:00,21,Routine,Normal
LO111543,APP020958,PAT03551,DOC028,DEP001,FAC003,LAB005,Kidney Function Test,Biochemistry,2025-04-10,2025-04-11,2025-04-13 04:00:00,52,Routine,Normal
LO111546,APP038768,PAT09535,DOC009,DEP002,FAC004,LAB006,Thyroid Profile,Immunology,2025-01-10,2025-01-10,2025-01-11 19:00:00,43,Routine,Abnormal
LO111550,APP013503,PAT00060,DOC025,DEP007,FAC005,LAB004,Liver Function Test,Biochemistry,2025-12-09,2025-12-10,2025-12-10 06:00:00,6,Routine,Normal
LO111557,APP009087,PAT06821,DOC003,DEP001,FAC003,LAB008,Urine Culture,Microbiology,2025-10-30,2025-10-31,2025-11-03 00:00:00,72,Routine,Normal
LO111559,APP047936,PAT00004,DOC035,DEP001,FAC005,LAB003,Lipid Profile,Biochemistry,2025-05-06,2025-05-06,2025-05-06 01:00:00,1,Routine,Normal
LO111560,APP043423,PAT07727,DOC037,DEP005,FAC002,LAB005,Kidney Function Test,Biochemistry,2025-04-07,2025-04-08,2025-04-12 13:00:00,109,Routine,Normal
LO111563,APP004708,PAT04979,DOC025,DEP007,FAC005,LAB005,Kidney Function Test,Biochemistry,2025-11-09,2025-11-10,2025-11-12 10:00:00,58,Routine,Normal
LO111569,APP012207,PAT01741,DOC008,DEP003,FAC003,LAB007,Urine Routine,Microbiology,2025-01-05,2025-01-05,2025-01-05 14:00:00,14,Routine,Normal
LO111583,APP033483,PAT09388,DOC004,DEP001,FAC004,LAB013,COVID PCR,Molecular Diagnostics,2025-04-05,2025-04-07,2025-04-09 12:00:00,60,Urgent,Abnormal
LO111592,APP006360,PAT09852,DOC021,DEP005,FAC001,LAB013,COVID PCR,Molecular Diagnostics,2025-01-06,2025-01-08,2025-01-11 15:00:00,87,Routine,Normal
LO111612,APP034568,PAT09503,DOC027,DEP001,FAC002,LAB006,Thyroid Profile,Immunology,2025-07-31,2025-08-01,2025-08-04 19:00:00,91,Routine,Abnormal
LO111621,APP022546,PAT05793,DOC021,DEP005,FAC001,LAB010,Ultrasound Abdomen,Radiology,2025-05-01,2025-05-02,2025-05-04 15:00:00,63,Routine,Normal
LO111622,APP017562,PAT03703,DOC016,DEP004,FAC001,LAB009,Chest X-Ray,Radiology,2025-12-09,2025-12-10,2025-12-13 10:00:00,82,Routine,Normal
LO111627,APP025607,PAT08142,DOC037,DEP005,FAC002,LAB003,Lipid Profile,Biochemistry,2025-09-08,2025-09-09,2025-09-10 01:00:00,25,Routine,Normal
LO111637,APP034532,PAT04234,DOC022,DEP007,FAC002,LAB011,ECG,Cardiology Diagnostics,2025-06-29,2025-06-29,2025-07-02 03:00:00,75,Routine,Normal
LO111638,APP014140,PAT05555,DOC014,DEP004,FAC004,LAB015,Electrolytes Panel,Biochemistry,2025-10-27,2025-10-29,2025-10-29 23:00:00,23,Urgent,Normal
LO111639,APP048400,PAT00796,DOC040,DEP003,FAC005,LAB005,Kidney Function Test,Biochemistry,2025-05-30,2025-06-01,2025-06-06 00:00:00,120,Routine,Normal
LO111640,APP045410,PAT01359,DOC032,DEP002,FAC002,LAB004,Liver Function Test,Biochemistry,2025-03-09,2025-03-09,2025-03-12 06:00:00,78,Routine,Normal
LO111642,APP000526,PAT02134,DOC017,DEP006,FAC002,LAB004,Liver Function Test,Biochemistry,2025-03-27,2025-03-27,2025-03-28 07:00:00,31,Routine,Normal
LO111645,APP026583,PAT03955,DOC025,DEP007,FAC005,LAB012,HbA1c,Biochemistry,2025-12-10,2025-12-10,2025-12-10 16:00:00,16,Urgent,Normal
LO111656,APP045468,PAT00834,DOC022,DEP007,FAC002,LAB012,HbA1c,Biochemistry,2025-12-27,2025-12-28,2025-12-28 13:00:00,13,Urgent,Normal
LO111666,APP026944,PAT04396,DOC016,DEP004,FAC001,LAB009,Chest X-Ray,Radiology,2025-06-20,2025-06-21,2025-06-25 03:00:00,99,Routine,Normal
LO111669,APP021032,PAT05862,DOC024,DEP006,FAC004,LAB001,Complete Blood Count,Hematology,2025-10-24,2025-10-25,2025-10-28 01:00:00,73,Urgent,Normal
LO111670,APP039833,PAT08731,DOC036,DEP002,FAC001,LAB011,ECG,Cardiology Diagnostics,2025-02-18,2025-02-19,2025-02-21 00:00:00,48,Routine,Normal
LO111673,APP043325,PAT02030,DOC024,DEP006,FAC004,LAB002,Blood Glucose,Biochemistry,2025-02-07,2025-02-07,2025-02-11 22:00:00,118,Urgent,Normal
LO111680,APP014365,PAT01963,DOC010,DEP003,FAC005,LAB004,Liver Function Test,Biochemistry,2025-10-27,2025-10-28,2025-10-31 02:00:00,74,Urgent,Normal
LO111682,APP000131,PAT04756,DOC002,DEP001,FAC002,LAB009,Chest X-Ray,Radiology,2025-12-15,2025-12-17,2025-12-20 05:00:00,77,Routine,Abnormal
LO111691,APP031096,PAT08325,DOC012,DEP005,FAC002,LAB014,Blood Culture,Microbiology,2025-05-19,2025-05-20,2025-05-21 04:00:00,28,Routine,Abnormal
LO111694,APP019884,PAT02685,DOC028,DEP001,FAC003,LAB003,Lipid Profile,Biochemistry,2025-02-18,2025-02-18,2025-02-19 05:00:00,29,Routine,Normal
LO111713,APP007051,PAT02609,DOC032,DEP002,FAC002,LAB012,HbA1c,Biochemistry,2025-12-19,2025-12-21,2025-12-22 10:00:00,34,Routine,Normal
LO111719,APP004165,PAT04302,DOC009,DEP002,FAC004,LAB005,Kidney Function Test,Biochemistry,2025-11-08,2025-11-09,2025-11-11 12:00:00,60,Urgent,Abnormal
LO111722,APP015922,PAT08747,DOC034,DEP001,FAC004,LAB011,ECG,Cardiology Diagnostics,2025-01-20,2025-01-22,2025-01-25 03:00:00,75,Routine,Abnormal
LO111729,APP045261,PAT06927,DOC034,DEP001,FAC004,LAB009,Chest X-Ray,Radiology,2025-07-26,2025-07-26,2025-07-27 20:00:00,44,Routine,Normal
LO111733,APP004674,PAT05146,DOC013,DEP005,FAC003,LAB013,COVID PCR,Molecular Diagnostics,2025-07-20,2025-07-21,2025-07-24 22:00:00,94,Routine,Normal
LO111740,APP016316,PAT04044,DOC040,DEP003,FAC005,LAB002,Blood Glucose,Biochemistry,2025-06-09,2025-06-10,2025-06-11 17:00:00,41,Routine,Normal
LO111769,APP009418,PAT00102,DOC009,DEP002,FAC004,LAB001,Complete Blood Count,Hematology,2025-12-21,2025-12-23,2025-12-25 20:00:00,68,Routine,Normal
LO111773,APP004579,PAT00896,DOC007,DEP002,FAC002,LAB001,Complete Blood Count,Hematology,2025-06-17,2025-06-17,2025-06-18 01:00:00,25,Urgent,Normal
LO111776,APP003785,PAT00020,DOC037,DEP005,FAC002,LAB008,Urine Culture,Microbiology,2025-08-30,2025-08-31,2025-09-03 10:00:00,82,Routine,Normal
LO111782,APP032299,PAT08956,DOC005,DEP001,FAC005,LAB004,Liver Function Test,Biochemistry,2025-02-05,2025-02-06,2025-02-07 17:00:00,41,Urgent,Normal
LO111783,APP033171,PAT03372,DOC006,DEP002,FAC001,LAB007,Urine Routine,Microbiology,2025-05-03,2025-05-05,2025-05-05 14:00:00,14,Routine,Normal
LO111794,APP040808,PAT04979,DOC017,DEP006,FAC002,LAB002,Blood Glucose,Biochemistry,2025-04-20,2025-04-22,2025-04-23 23:00:00,47,Routine,Normal
LO111796,APP033731,PAT09293,DOC040,DEP003,FAC005,LAB007,Urine Routine,Microbiology,2025-06-12,2025-06-13,2025-06-15 22:00:00,70,Routine,Normal
LO111806,APP001862,PAT02237,DOC019,DEP005,FAC004,LAB003,Lipid Profile,Biochemistry,2025-10-28,2025-10-29,2025-10-29 17:00:00,17,Routine,Normal
LO111807,APP036663,PAT00908,DOC039,DEP002,FAC004,LAB005,Kidney Function Test,Biochemistry,2025-06-15,2025-06-17,2025-06-21 02:00:00,98,Routine,Normal
LO111808,APP031018,PAT05460,DOC017,DEP006,FAC002,LAB015,Electrolytes Panel,Biochemistry,2025-09-17,2025-09-18,2025-09-20 19:00:00,67,Routine,Normal
LO111812,APP012336,PAT04297,DOC014,DEP004,FAC004,LAB002,Blood Glucose,Biochemistry,2025-03-18,2025-03-20,2025-03-22 04:00:00,52,Routine,Normal
LO111813,APP002676,PAT08780,DOC008,DEP003,FAC003,LAB012,HbA1c,Biochemistry,2025-06-30,2025-07-02,2025-07-04 11:00:00,59,Routine,Normal
LO111814,APP004921,PAT08595,DOC024,DEP006,FAC004,LAB003,Lipid Profile,Biochemistry,2025-11-11,2025-11-11,2025-11-12 04:00:00,28,Routine,Normal
LO111833,APP003499,PAT08938,DOC005,DEP001,FAC005,LAB012,HbA1c,Biochemistry,2025-08-08,2025-08-09,2025-08-13 11:00:00,107,Stat,Normal
LO111838,APP012503,PAT04756,DOC019,DEP005,FAC004,LAB001,Complete Blood Count,Hematology,2025-06-20,2025-06-21,2025-06-22 21:00:00,45,Routine,Normal
LO111839,APP049167,PAT01098,DOC008,DEP003,FAC003,LAB010,Ultrasound Abdomen,Radiology,2025-06-04,2025-06-05,2025-06-09 08:00:00,104,Routine,Normal
LO111843,APP049287,PAT04191,DOC034,DEP001,FAC004,LAB009,Chest X-Ray,Radiology,2025-09-21,2025-09-23,2025-09-26 02:00:00,74,Routine,Normal
LO111844,APP038967,PAT01740,DOC026,DEP008,FAC001,LAB004,Liver Function Test,Biochemistry,2025-05-02,2025-05-02,2025-05-05 00:00:00,72,Routine,Normal
LO111850,APP030863,PAT00764,DOC009,DEP002,FAC004,LAB011,ECG,Cardiology Diagnostics,2025-03-24,2025-03-26,2025-03-30 20:00:00,116,Routine,Normal
LO111858,APP006235,PAT05196,DOC029,DEP007,FAC004,LAB015,Electrolytes Panel,Biochemistry,2025-09-20,2025-09-20,2025-09-23 20:00:00,92,Routine,Normal
LO111864,APP044218,PAT08452,DOC028,DEP001,FAC003,LAB011,ECG,Cardiology Diagnostics,2025-07-08,2025-07-09,2025-07-11 09:00:00,57,Urgent,Abnormal
LO111869,APP034265,PAT02183,DOC021,DEP005,FAC001,LAB009,Chest X-Ray,Radiology,2025-11-19,2025-11-21,2025-11-25 16:00:00,112,Routine,Normal
LO111876,APP013488,PAT07938,DOC013,DEP005,FAC003,LAB001,Complete Blood Count,Hematology,2025-05-24,2025-05-26,2025-05-28 13:00:00,61,Routine,Normal
LO111890,APP035048,PAT05748,DOC031,DEP001,FAC001,LAB003,Lipid Profile,Biochemistry,2025-10-03,2025-10-05,2025-10-09 14:00:00,110,Routine,Normal
LO111891,APP028429,PAT08983,DOC009,DEP002,FAC004,LAB008,Urine Culture,Microbiology,2025-10-29,2025-10-29,2025-10-30 13:00:00,37,Stat,Normal
LO111892,APP040051,PAT06751,DOC009,DEP002,FAC004,LAB010,Ultrasound Abdomen,Radiology,2025-12-17,2025-12-19,2025-12-22 02:00:00,74,Routine,Normal
LO111897,APP034947,PAT09314,DOC006,DEP002,FAC001,LAB012,HbA1c,Biochemistry,2025-12-14,2025-12-15,2025-12-16 10:00:00,34,Routine,Abnormal
LO111900,APP023360,PAT02096,DOC036,DEP002,FAC001,LAB006,Thyroid Profile,Immunology,2025-07-16,2025-07-18,2025-07-20 01:00:00,49,Routine,Normal
LO111901,APP019409,PAT01087,DOC026,DEP008,FAC001,LAB012,HbA1c,Biochemistry,2025-06-11,2025-06-11,2025-06-15 21:00:00,117,Routine,Normal
LO111906,APP002234,PAT07075,DOC026,DEP008,FAC001,LAB003,Lipid Profile,Biochemistry,2025-01-18,2025-01-18,2025-01-22 03:00:00,99,Stat,Normal
LO111910,APP042833,PAT06089,DOC024,DEP006,FAC004,LAB011,ECG,Cardiology Diagnostics,2025-02-25,2025-02-27,2025-02-27 07:00:00,7,Routine,Normal
LO111913,APP003369,PAT03370,DOC008,DEP003,FAC003,LAB003,Lipid Profile,Biochemistry,2025-11-17,2025-11-18,2025-11-22 02:00:00,98,Routine,Normal
LO111923,APP031902,PAT09255,DOC001,DEP001,FAC001,LAB014,Blood Culture,Microbiology,2025-03-11,2025-03-13,2025-03-14 06:00:00,30,Routine,Critical
LO111924,APP045297,PAT02747,DOC015,DEP005,FAC005,LAB011,ECG,Cardiology Diagnostics,2025-05-07,2025-05-09,2025-05-12 01:00:00,73,Routine,Normal
LO111939,APP016229,PAT06189,DOC010,DEP003,FAC005,LAB003,Lipid Profile,Biochemistry,2025-09-19,2025-09-20,2025-09-22 05:00:00,53,Routine,Normal
LO111949,APP001186,PAT05835,DOC016,DEP004,FAC001,LAB015,Electrolytes Panel,Biochemistry,2025-02-04,2025-02-06,2025-02-08 14:00:00,62,Routine,Normal
LO111952,APP038187,PAT09376,DOC017,DEP006,FAC002,LAB007,Urine Routine,Microbiology,2025-10-09,2025-10-11,2025-10-11 21:00:00,21,Routine,Normal
LO111958,APP013221,PAT01580,DOC027,DEP001,FAC002,LAB013,COVID PCR,Molecular Diagnostics,2025-11-03,2025-11-05,2025-11-09 12:00:00,108,Routine,Normal
LO111964,APP029161,PAT00795,DOC013,DEP005,FAC003,LAB012,HbA1c,Biochemistry,2025-01-24,2025-01-24,2025-01-25 18:00:00,42,Routine,Normal
LO111966,APP018716,PAT06602,DOC040,DEP003,FAC005,LAB013,COVID PCR,Molecular Diagnostics,2025-09-11,2025-09-11,2025-09-13 02:00:00,50,Routine,Normal
LO111968,APP018737,PAT00004,DOC039,DEP002,FAC004,LAB012,HbA1c,Biochemistry,2025-03-27,2025-03-27,2025-03-28 22:00:00,46,Routine,Abnormal
LO111969,APP028312,PAT06139,DOC002,DEP001,FAC002,LAB008,Urine Culture,Microbiology,2025-10-30,2025-10-31,2025-11-04 22:00:00,118,Stat,Abnormal
LO111970,APP033044,PAT04904,DOC013,DEP005,FAC003,LAB007,Urine Routine,Microbiology,2025-05-18,2025-05-18,2025-05-22 23:00:00,119,Routine,Normal
LO111979,APP021652,PAT09678,DOC013,DEP005,FAC003,LAB008,Urine Culture,Microbiology,2025-01-18,2025-01-20,2025-01-21 07:00:00,31,Routine,Normal
LO111985,APP033709,PAT08619,DOC030,DEP008,FAC005,LAB013,COVID PCR,Molecular Diagnostics,2025-01-17,2025-01-18,2025-01-20 08:00:00,56,Routine,Normal
LO111986,APP002862,PAT06809,DOC031,DEP001,FAC001,LAB012,HbA1c,Biochemistry,2025-12-08,2025-12-09,2025-12-12 02:00:00,74,Routine,Normal
LO111987,APP036376,PAT07170,DOC015,DEP005,FAC005,LAB004,Liver Function Test,Biochemistry,2025-07-03,2025-07-04,2025-07-04 15:00:00,15,Routine,Normal
LO111988,APP004297,PAT00169,DOC019,DEP005,FAC004,LAB004,Liver Function Test,Biochemistry,2025-08-12,2025-08-12,2025-08-12 06:00:00,6,Routine,Abnormal
LO111996,APP043872,PAT06923,DOC039,DEP002,FAC004,LAB004,Liver Function Test,Biochemistry,2025-03-13,2025-03-15,2025-03-17 17:00:00,65,Routine,Normal
LO111997,APP003154,PAT06649,DOC028,DEP001,FAC003,LAB013,COVID PCR,Molecular Diagnostics,2025-06-25,2025-06-27,2025-06-29 08:00:00,56,Routine,Normal
LO112005,APP007828,PAT08726,DOC022,DEP007,FAC002,LAB003,Lipid Profile,Biochemistry,2025-10-07,2025-10-08,2025-10-09 08:00:00,32,Routine,Normal
LO112008,APP010964,PAT08133,DOC009,DEP002,FAC004,LAB013,COVID PCR,Molecular Diagnostics,2025-10-04,2025-10-05,2025-10-07 03:00:00,51,Routine,Normal
LO112015,APP041219,PAT04722,DOC022,DEP007,FAC002,LAB004,Liver Function Test,Biochemistry,2025-11-04,2025-11-06,2025-11-07 01:00:00,25,Routine,Normal
LO112017,APP013007,PAT05206,DOC028,DEP001,FAC003,LAB005,Kidney Function Test,Biochemistry,2025-05-08,2025-05-08,2025-05-08 01:00:00,1,Routine,Normal
LO112019,APP049458,PAT07235,DOC020,DEP006,FAC005,LAB003,Lipid Profile,Biochemistry,2025-09-23,2025-09-24,2025-09-27 17:00:00,89,Routine,Normal
LO112026,APP036442,PAT00567,DOC006,DEP002,FAC001,LAB001,Complete Blood Count,Hematology,2025-09-05,2025-09-07,2025-09-11 02:00:00,98,Routine,Abnormal
LO112033,APP015881,PAT09318,DOC035,DEP001,FAC005,LAB010,Ultrasound Abdomen,Radiology,2025-04-04,2025-04-05,2025-04-08 11:00:00,83,Routine,Abnormal
LO112038,APP030885,PAT07008,DOC027,DEP001,FAC002,LAB002,Blood Glucose,Biochemistry,2025-10-25,2025-10-27,2025-10-31 21:00:00,117,Routine,Critical
LO112045,APP024491,PAT03144,DOC019,DEP005,FAC004,LAB009,Chest X-Ray,Radiology,2025-02-24,2025-02-24,2025-02-26 18:00:00,66,Routine,Normal
LO112049,APP002430,PAT03479,DOC011,DEP003,FAC001,LAB002,Blood Glucose,Biochemistry,2025-04-21,2025-04-21,2025-04-22 18:00:00,42,Routine,Normal
LO112056,APP014474,PAT01990,DOC003,DEP001,FAC003,LAB013,COVID PCR,Molecular Diagnostics,2025-12-11,2025-12-11,2025-12-13 14:00:00,62,Routine,Normal
LO112058,APP000329,PAT08226,DOC029,DEP007,FAC004,LAB001,Complete Blood Count,Hematology,2025-10-06,2025-10-06,2025-10-09 00:00:00,72,Routine,Normal
LO112061,APP030014,PAT03801,DOC034,DEP001,FAC004,LAB001,Complete Blood Count,Hematology,2025-02-28,2025-02-28,2025-03-01 04:00:00,28,Routine,Abnormal
LO112065,APP004786,PAT06726,DOC009,DEP002,FAC004,LAB010,Ultrasound Abdomen,Radiology,2025-03-31,2025-03-31,2025-04-03 10:00:00,82,Urgent,Normal
LO112066,APP028658,PAT04520,DOC012,DEP005,FAC002,LAB002,Blood Glucose,Biochemistry,2025-05-23,2025-05-24,2025-05-27 01:00:00,73,Routine,Normal
LO112070,APP000542,PAT03222,DOC026,DEP008,FAC001,LAB011,ECG,Cardiology Diagnostics,2025-08-28,2025-08-28,2025-09-01 20:00:00,116,Routine,Abnormal
LO112073,APP019684,PAT06089,DOC038,DEP005,FAC003,LAB001,Complete Blood Count,Hematology,2025-07-10,2025-07-12,2025-07-16 11:00:00,107,Routine,Normal
LO112080,APP009820,PAT03419,DOC012,DEP005,FAC002,LAB009,Chest X-Ray,Radiology,2025-06-22,2025-06-22,2025-06-24 12:00:00,60,Routine,Abnormal
LO112083,APP020736,PAT08661,DOC020,DEP006,FAC005,LAB003,Lipid Profile,Biochemistry,2025-03-02,2025-03-03,2025-03-04 16:00:00,40,Routine,Critical
LO112087,APP005657,PAT09459,DOC030,DEP008,FAC005,LAB013,COVID PCR,Molecular Diagnostics,2025-06-28,2025-06-28,2025-06-30 02:00:00,50,Routine,Normal
LO112097,APP044239,PAT09724,DOC024,DEP006,FAC004,LAB006,Thyroid Profile,Immunology,2025-11-30,2025-12-01,2025-12-04 09:00:00,81,Routine,Normal
LO112098,APP012542,PAT07110,DOC038,DEP005,FAC003,LAB015,Electrolytes Panel,Biochemistry,2025-12-19,2025-12-21,2025-12-24 12:00:00,84,Routine,Normal
LO112104,APP001353,PAT04059,DOC027,DEP001,FAC002,LAB008,Urine Culture,Microbiology,2025-11-10,2025-11-12,2025-11-15 20:00:00,92,Routine,Normal
LO112111,APP029490,PAT06649,DOC026,DEP008,FAC001,LAB012,HbA1c,Biochemistry,2025-06-21,2025-06-22,2025-06-25 23:00:00,95,Routine,Normal
LO112112,APP014020,PAT09939,DOC026,DEP008,FAC001,LAB008,Urine Culture,Microbiology,2025-10-09,2025-10-09,2025-10-12 09:00:00,81,Routine,Normal
LO112121,APP026535,PAT06598,DOC007,DEP002,FAC002,LAB001,Complete Blood Count,Hematology,2025-05-18,2025-05-18,2025-05-18 22:00:00,22,Routine,Normal
LO112122,APP031075,PAT04769,DOC002,DEP001,FAC002,LAB008,Urine Culture,Microbiology,2025-10-01,2025-10-01,2025-10-01 19:00:00,19,Routine,Normal
LO112124,APP011122,PAT08373,DOC027,DEP001,FAC002,LAB002,Blood Glucose,Biochemistry,2025-02-02,2025-02-02,2025-02-04 19:00:00,67,Routine,Normal
LO112127,APP029324,PAT03510,DOC012,DEP005,FAC002,LAB006,Thyroid Profile,Immunology,2025-01-23,2025-01-25,2025-01-29 16:00:00,112,Routine,Normal
LO112137,APP018179,PAT00132,DOC020,DEP006,FAC005,LAB009,Chest X-Ray,Radiology,2025-11-25,2025-11-25,2025-11-26 03:00:00,27,Routine,Normal
LO112144,APP034851,PAT04833,DOC018,DEP007,FAC003,LAB005,Kidney Function Test,Biochemistry,2025-10-13,2025-10-14,2025-10-15 07:00:00,31,Routine,Normal
LO112149,APP027372,PAT08998,DOC010,DEP003,FAC005,LAB005,Kidney Function Test,Biochemistry,2025-08-07,2025-08-08,2025-08-12 04:00:00,100,Routine,Abnormal
LO112155,APP009405,PAT06348,DOC016,DEP004,FAC001,LAB003,Lipid Profile,Biochemistry,2025-06-13,2025-06-13,2025-06-17 00:00:00,96,Routine,Normal
LO112163,APP040575,PAT08048,DOC004,DEP001,FAC004,LAB003,Lipid Profile,Biochemistry,2025-09-18,2025-09-20,2025-09-24 22:00:00,118,Routine,Normal
LO112185,APP001270,PAT07525,DOC039,DEP002,FAC004,LAB006,Thyroid Profile,Immunology,2025-12-19,2025-12-21,2025-12-25 21:00:00,117,Urgent,Normal
LO112189,APP006545,PAT00089,DOC038,DEP005,FAC003,LAB007,Urine Routine,Microbiology,2025-07-29,2025-07-30,2025-07-31 13:00:00,37,Urgent,Normal
LO112195,APP001993,PAT05398,DOC020,DEP006,FAC005,LAB001,Complete Blood Count,Hematology,2025-07-24,2025-07-25,2025-07-26 03:00:00,27,Routine,Normal
LO112197,APP043771,PAT02752,DOC016,DEP004,FAC001,LAB001,Complete Blood Count,Hematology,2025-04-13,2025-04-14,2025-04-17 01:00:00,73,Routine,Critical
LO112198,APP001109,PAT02907,DOC023,DEP008,FAC003,LAB005,Kidney Function Test,Biochemistry,2025-07-15,2025-07-15,2025-07-16 04:00:00,28,Routine,Normal
LO112211,APP002354,PAT01415,DOC005,DEP001,FAC005,LAB010,Ultrasound Abdomen,Radiology,2025-08-22,2025-08-22,2025-08-22 19:00:00,19,Routine,Normal
LO112226,APP006266,PAT09388,DOC012,DEP005,FAC002,LAB012,HbA1c,Biochemistry,2025-01-19,2025-01-20,2025-01-22 00:00:00,48,Routine,Normal
LO112227,APP042195,PAT07624,DOC034,DEP001,FAC004,LAB007,Urine Routine,Microbiology,2025-05-10,2025-05-12,2025-05-12 13:00:00,13,Routine,Normal
LO112242,APP015382,PAT05445,DOC026,DEP008,FAC001,LAB015,Electrolytes Panel,Biochemistry,2025-04-28,2025-04-28,2025-05-02 02:00:00,98,Routine,Normal
LO112246,APP006942,PAT03435,DOC007,DEP002,FAC002,LAB010,Ultrasound Abdomen,Radiology,2025-07-21,2025-07-23,2025-07-27 09:00:00,105,Routine,Normal
LO112249,APP035452,PAT01521,DOC033,DEP003,FAC003,LAB003,Lipid Profile,Biochemistry,2025-07-21,2025-07-23,2025-07-23 09:00:00,9,Routine,Normal
LO112250,APP035824,PAT03679,DOC010,DEP003,FAC005,LAB002,Blood Glucose,Biochemistry,2025-07-12,2025-07-13,2025-07-16 11:00:00,83,Routine,Normal
LO112260,APP013392,PAT05702,DOC012,DEP005,FAC002,LAB001,Complete Blood Count,Hematology,2025-07-17,2025-07-17,2025-07-18 15:00:00,39,Routine,Normal
LO112261,APP034086,PAT07794,DOC016,DEP004,FAC001,LAB013,COVID PCR,Molecular Diagnostics,2025-08-08,2025-08-08,2025-08-11 21:00:00,93,Routine,Normal
LO112266,APP047056,PAT03102,DOC031,DEP001,FAC001,LAB009,Chest X-Ray,Radiology,2025-08-28,2025-08-30,2025-08-30 21:00:00,21,Routine,Normal
LO112268,APP036551,PAT09788,DOC025,DEP007,FAC005,LAB012,HbA1c,Biochemistry,2025-03-10,2025-03-11,2025-03-13 06:00:00,54,Routine,Normal
LO112274,APP014371,PAT07913,DOC017,DEP006,FAC002,LAB010,Ultrasound Abdomen,Radiology,2025-05-10,2025-05-10,2025-05-11 12:00:00,36,Routine,Normal
LO112282,APP028765,PAT07454,DOC024,DEP006,FAC004,LAB007,Urine Routine,Microbiology,2025-02-04,2025-02-06,2025-02-07 00:00:00,24,Urgent,Abnormal
LO112286,APP038573,PAT03648,DOC031,DEP001,FAC001,LAB008,Urine Culture,Microbiology,2025-10-20,2025-10-21,2025-10-21 10:00:00,10,Urgent,Normal
LO112287,APP030523,PAT05901,DOC039,DEP002,FAC004,LAB003,Lipid Profile,Biochemistry,2025-05-06,2025-05-08,2025-05-08 08:00:00,8,Routine,Normal
LO112296,APP028193,PAT05889,DOC018,DEP007,FAC003,LAB014,Blood Culture,Microbiology,2025-06-10,2025-06-11,2025-06-13 14:00:00,62,Urgent,Normal
LO112297,APP038132,PAT06878,DOC019,DEP005,FAC004,LAB001,Complete Blood Count,Hematology,2025-04-11,2025-04-11,2025-04-12 03:00:00,27,Routine,Critical
LO112301,APP001227,PAT00354,DOC018,DEP007,FAC003,LAB001,Complete Blood Count,Hematology,2025-01-13,2025-01-15,2025-01-17 20:00:00,68,Routine,Normal
LO112307,APP012682,PAT08452,DOC013,DEP005,FAC003,LAB009,Chest X-Ray,Radiology,2025-02-18,2025-02-20,2025-02-21 16:00:00,40,Routine,Normal
LO112309,APP005902,PAT01414,DOC028,DEP001,FAC003,LAB004,Liver Function Test,Biochemistry,2025-01-03,2025-01-03,2025-01-05 19:00:00,67,Routine,Normal
LO112314,APP022882,PAT02055,DOC013,DEP005,FAC003,LAB006,Thyroid Profile,Immunology,2025-11-01,2025-11-01,2025-11-02 17:00:00,41,Routine,Normal
LO112323,APP016366,PAT05717,DOC002,DEP001,FAC002,LAB004,Liver Function Test,Biochemistry,2025-06-19,2025-06-20,2025-06-23 15:00:00,87,Urgent,Normal
LO112335,APP043566,PAT09023,DOC021,DEP005,FAC001,LAB005,Kidney Function Test,Biochemistry,2025-10-26,2025-10-28,2025-10-30 03:00:00,51,Urgent,Abnormal
LO112341,APP013189,PAT08279,DOC001,DEP001,FAC001,LAB014,Blood Culture,Microbiology,2025-05-31,2025-06-01,2025-06-01 03:00:00,3,Urgent,Abnormal
LO112343,APP020357,PAT07221,DOC004,DEP001,FAC004,LAB008,Urine Culture,Microbiology,2025-06-23,2025-06-25,2025-06-27 02:00:00,50,Routine,Normal
LO112344,APP018582,PAT01183,DOC004,DEP001,FAC004,LAB015,Electrolytes Panel,Biochemistry,2025-12-25,2025-12-25,2025-12-27 21:00:00,69,Routine,Normal
LO112345,APP046745,PAT04960,DOC019,DEP005,FAC004,LAB013,COVID PCR,Molecular Diagnostics,2025-09-17,2025-09-17,2025-09-19 13:00:00,61,Routine,Normal
LO112346,APP031471,PAT03222,DOC015,DEP005,FAC005,LAB013,COVID PCR,Molecular Diagnostics,2025-02-18,2025-02-19,2025-02-20 12:00:00,36,Routine,Normal
LO112347,APP020503,PAT03284,DOC009,DEP002,FAC004,LAB004,Liver Function Test,Biochemistry,2025-06-19,2025-06-20,2025-06-23 07:00:00,79,Routine,Normal
LO112349,APP043621,PAT04171,DOC038,DEP005,FAC003,LAB006,Thyroid Profile,Immunology,2025-09-04,2025-09-04,2025-09-05 18:00:00,42,Routine,Normal
LO112353,APP048064,PAT07535,DOC010,DEP003,FAC005,LAB007,Urine Routine,Microbiology,2025-07-20,2025-07-22,2025-07-24 23:00:00,71,Routine,Abnormal
LO112355,APP026641,PAT07321,DOC028,DEP001,FAC003,LAB011,ECG,Cardiology Diagnostics,2025-10-13,2025-10-14,2025-10-18 15:00:00,111,Routine,Normal
LO112358,APP031813,PAT06914,DOC001,DEP001,FAC001,LAB008,Urine Culture,Microbiology,2025-07-03,2025-07-03,2025-07-03 03:00:00,3,Routine,Normal
LO112369,APP041561,PAT00721,DOC022,DEP007,FAC002,LAB003,Lipid Profile,Biochemistry,2025-06-04,2025-06-06,2025-06-08 06:00:00,54,Routine,Normal
LO112373,APP035860,PAT07597,DOC037,DEP005,FAC002,LAB015,Electrolytes Panel,Biochemistry,2025-09-14,2025-09-16,2025-09-18 16:00:00,64,Routine,Normal
LO112376,APP002438,PAT09188,DOC001,DEP001,FAC001,LAB006,Thyroid Profile,Immunology,2025-10-02,2025-10-02,2025-10-05 12:00:00,84,Routine,Normal
LO112381,APP012849,PAT08452,DOC034,DEP001,FAC004,LAB013,COVID PCR,Molecular Diagnostics,2025-04-01,2025-04-03,2025-04-05 17:00:00,65,Routine,Normal
LO112384,APP048385,PAT05921,DOC025,DEP007,FAC005,LAB007,Urine Routine,Microbiology,2025-07-08,2025-07-10,2025-07-14 13:00:00,109,Routine,Normal
LO112385,APP006950,PAT03356,DOC025,DEP007,FAC005,LAB007,Urine Routine,Microbiology,2025-10-24,2025-10-26,2025-10-28 13:00:00,61,Urgent,Normal
LO112393,APP014612,PAT09053,DOC009,DEP002,FAC004,LAB010,Ultrasound Abdomen,Radiology,2025-10-13,2025-10-15,2025-10-16 14:00:00,38,Routine,Normal
LO112398,APP019682,PAT00534,DOC005,DEP001,FAC005,LAB011,ECG,Cardiology Diagnostics,2025-03-04,2025-03-06,2025-03-11 00:00:00,120,Routine,Normal
LO112402,APP026502,PAT09270,DOC021,DEP005,FAC001,LAB007,Urine Routine,Microbiology,2025-06-20,2025-06-20,2025-06-22 02:00:00,50,Routine,Normal
LO112406,APP008027,PAT07502,DOC024,DEP006,FAC004,LAB007,Urine Routine,Microbiology,2025-10-03,2025-10-04,2025-10-06 04:00:00,52,Routine,Normal
LO112409,APP024707,PAT07169,DOC031,DEP001,FAC001,LAB007,Urine Routine,Microbiology,2025-05-04,2025-05-04,2025-05-08 22:00:00,118,Routine,Normal
LO112410,APP003800,PAT07959,DOC014,DEP004,FAC004,LAB006,Thyroid Profile,Immunology,2025-12-05,2025-12-06,2025-12-09 20:00:00,92,Routine,Normal
LO112411,APP039651,PAT05748,DOC040,DEP003,FAC005,LAB013,COVID PCR,Molecular Diagnostics,2025-09-02,2025-09-02,2025-09-03 21:00:00,45,Routine,Normal
LO112414,APP023533,PAT05999,DOC016,DEP004,FAC001,LAB003,Lipid Profile,Biochemistry,2025-06-26,2025-06-27,2025-06-30 17:00:00,89,Routine,Normal
LO112437,APP011017,PAT02055,DOC004,DEP001,FAC004,LAB012,HbA1c,Biochemistry,2025-07-25,2025-07-27,2025-07-31 23:00:00,119,Urgent,Normal
LO112460,APP024939,PAT01373,DOC028,DEP001,FAC003,LAB008,Urine Culture,Microbiology,2025-05-03,2025-05-05,2025-05-05 21:00:00,21,Routine,Normal
LO112463,APP007016,PAT00795,DOC017,DEP006,FAC002,LAB014,Blood Culture,Microbiology,2025-11-13,2025-11-13,2025-11-13 11:00:00,11,Urgent,Normal
LO112468,APP009464,PAT02450,DOC011,DEP003,FAC001,LAB010,Ultrasound Abdomen,Radiology,2025-03-24,2025-03-24,2025-03-29 00:00:00,120,Routine,Normal
LO112470,APP016729,PAT06889,DOC014,DEP004,FAC004,LAB002,Blood Glucose,Biochemistry,2025-10-25,2025-10-27,2025-10-31 20:00:00,116,Routine,Normal
LO112481,APP038729,PAT09738,DOC025,DEP007,FAC005,LAB004,Liver Function Test,Biochemistry,2025-11-25,2025-11-25,2025-11-28 09:00:00,81,Urgent,Normal
LO112500,APP014909,PAT00851,DOC033,DEP003,FAC003,LAB013,COVID PCR,Molecular Diagnostics,2025-12-10,2025-12-10,2025-12-13 09:00:00,81,Urgent,Normal
LO112509,APP048566,PAT09680,DOC009,DEP002,FAC004,LAB011,ECG,Cardiology Diagnostics,2025-03-05,2025-03-06,2025-03-09 07:00:00,79,Routine,Normal
LO112510,APP023020,PAT06978,DOC009,DEP002,FAC004,LAB001,Complete Blood Count,Hematology,2025-04-27,2025-04-29,2025-05-01 01:00:00,49,Routine,Normal
LO112511,APP034994,PAT02520,DOC038,DEP005,FAC003,LAB008,Urine Culture,Microbiology,2025-10-12,2025-10-13,2025-10-17 15:00:00,111,Routine,Normal
LO112514,APP019091,PAT09388,DOC021,DEP005,FAC001,LAB006,Thyroid Profile,Immunology,2025-07-31,2025-07-31,2025-08-03 04:00:00,76,Routine,Normal
LO112515,APP022895,PAT03602,DOC020,DEP006,FAC005,LAB011,ECG,Cardiology Diagnostics,2025-04-29,2025-04-29,2025-04-29 08:00:00,8,Urgent,Normal
LO112519,APP005688,PAT08374,DOC002,DEP001,FAC002,LAB010,Ultrasound Abdomen,Radiology,2025-11-19,2025-11-19,2025-11-20 07:00:00,31,Stat,Normal
LO112526,APP036057,PAT07710,DOC035,DEP001,FAC005,LAB005,Kidney Function Test,Biochemistry,2025-08-06,2025-08-06,2025-08-07 11:00:00,35,Routine,Normal
LO112527,APP012165,PAT04924,DOC032,DEP002,FAC002,LAB002,Blood Glucose,Biochemistry,2025-05-02,2025-05-02,2025-05-02 20:00:00,20,Urgent,Normal
LO112537,APP044197,PAT05013,DOC029,DEP007,FAC004,LAB007,Urine Routine,Microbiology,2025-10-23,2025-10-24,2025-10-26 07:00:00,55,Routine,Critical
LO112539,APP001932,PAT08120,DOC040,DEP003,FAC005,LAB004,Liver Function Test,Biochemistry,2025-06-15,2025-06-15,2025-06-17 23:00:00,71,Routine,Normal
LO112544,APP049638,PAT03284,DOC005,DEP001,FAC005,LAB005,Kidney Function Test,Biochemistry,2025-02-07,2025-02-08,2025-02-08 21:00:00,21,Routine,Normal
LO112552,APP025348,PAT05373,DOC035,DEP001,FAC005,LAB004,Liver Function Test,Biochemistry,2025-04-10,2025-04-10,2025-04-10 08:00:00,8,Routine,Normal
LO112559,APP026232,PAT00380,DOC024,DEP006,FAC004,LAB011,ECG,Cardiology Diagnostics,2025-02-18,2025-02-19,2025-02-21 13:00:00,61,Routine,Normal
LO112579,APP033012,PAT03329,DOC036,DEP002,FAC001,LAB011,ECG,Cardiology Diagnostics,2025-08-07,2025-08-07,2025-08-08 17:00:00,41,Routine,Normal
LO112580,APP043508,PAT02086,DOC010,DEP003,FAC005,LAB014,Blood Culture,Microbiology,2025-06-11,2025-06-11,2025-06-14 20:00:00,92,Routine,Normal
LO112585,APP002712,PAT09996,DOC013,DEP005,FAC003,LAB012,HbA1c,Biochemistry,2025-06-18,2025-06-20,2025-06-23 01:00:00,73,Routine,Critical
LO112586,APP020252,PAT03858,DOC032,DEP002,FAC002,LAB006,Thyroid Profile,Immunology,2025-07-02,2025-07-02,2025-07-06 00:00:00,96,Routine,Normal
LO112592,APP021310,PAT03828,DOC040,DEP003,FAC005,LAB006,Thyroid Profile,Immunology,2025-01-22,2025-01-24,2025-01-25 20:00:00,44,Routine,Normal
LO112595,APP000587,PAT04154,DOC025,DEP007,FAC005,LAB015,Electrolytes Panel,Biochemistry,2025-08-25,2025-08-25,2025-08-27 20:00:00,68,Routine,Normal
LO112611,APP013363,PAT08695,DOC025,DEP007,FAC005,LAB006,Thyroid Profile,Immunology,2025-02-28,2025-03-02,2025-03-02 14:00:00,14,Routine,Abnormal
LO112617,APP025592,PAT01419,DOC038,DEP005,FAC003,LAB009,Chest X-Ray,Radiology,2025-09-10,2025-09-10,2025-09-14 19:00:00,115,Routine,Abnormal
LO112621,APP011313,PAT04059,DOC039,DEP002,FAC004,LAB014,Blood Culture,Microbiology,2025-08-07,2025-08-09,2025-08-09 13:00:00,13,Routine,Normal
LO112623,APP044923,PAT06867,DOC027,DEP001,FAC002,LAB001,Complete Blood Count,Hematology,2025-10-13,2025-10-13,2025-10-14 06:00:00,30,Routine,Normal
LO112635,APP013456,PAT03088,DOC037,DEP005,FAC002,LAB014,Blood Culture,Microbiology,2025-04-22,2025-04-22,2025-04-25 16:00:00,88,Routine,Normal
LO112643,APP029886,PAT08407,DOC039,DEP002,FAC004,LAB014,Blood Culture,Microbiology,2025-05-19,2025-05-19,2025-05-19 10:00:00,10,Urgent,Normal
LO112644,APP044555,PAT00773,DOC033,DEP003,FAC003,LAB006,Thyroid Profile,Immunology,2025-05-20,2025-05-20,2025-05-24 22:00:00,118,Routine,Normal
LO112646,APP033848,PAT06891,DOC036,DEP002,FAC001,LAB007,Urine Routine,Microbiology,2025-08-19,2025-08-19,2025-08-22 09:00:00,81,Routine,Normal
LO112649,APP007197,PAT08618,DOC035,DEP001,FAC005,LAB003,Lipid Profile,Biochemistry,2025-05-08,2025-05-08,2025-05-11 09:00:00,81,Routine,Abnormal
LO112656,APP010850,PAT06078,DOC003,DEP001,FAC003,LAB014,Blood Culture,Microbiology,2025-10-06,2025-10-07,2025-10-08 21:00:00,45,Routine,Normal
LO112661,APP010795,PAT02391,DOC021,DEP005,FAC001,LAB003,Lipid Profile,Biochemistry,2025-05-28,2025-05-29,2025-05-30 11:00:00,35,Routine,Normal
LO112690,APP039539,PAT02806,DOC005,DEP001,FAC005,LAB002,Blood Glucose,Biochemistry,2025-02-28,2025-03-02,2025-03-03 01:00:00,25,Urgent,Critical
LO112695,APP014828,PAT07218,DOC032,DEP002,FAC002,LAB004,Liver Function Test,Biochemistry,2025-01-19,2025-01-19,2025-01-19 11:00:00,11,Routine,Critical
LO112705,APP016018,PAT03756,DOC026,DEP008,FAC001,LAB007,Urine Routine,Microbiology,2025-01-27,2025-01-29,2025-02-01 21:00:00,93,Routine,Normal
LO112710,APP036238,PAT01748,DOC017,DEP006,FAC002,LAB014,Blood Culture,Microbiology,2025-09-19,2025-09-19,2025-09-22 00:00:00,72,Routine,Normal
LO112712,APP036865,PAT03781,DOC001,DEP001,FAC001,LAB002,Blood Glucose,Biochemistry,2025-08-15,2025-08-17,2025-08-17 10:00:00,10,Routine,Abnormal
LO112714,APP004573,PAT04581,DOC003,DEP001,FAC003,LAB005,Kidney Function Test,Biochemistry,2025-04-10,2025-04-12,2025-04-14 20:00:00,68,Routine,Critical
LO112727,APP010932,PAT03270,DOC028,DEP001,FAC003,LAB012,HbA1c,Biochemistry,2025-08-12,2025-08-12,2025-08-15 12:00:00,84,Routine,Normal
LO112734,APP001985,PAT03707,DOC029,DEP007,FAC004,LAB004,Liver Function Test,Biochemistry,2025-04-21,2025-04-22,2025-04-24 13:00:00,61,Routine,Abnormal
LO112736,APP039315,PAT08650,DOC012,DEP005,FAC002,LAB002,Blood Glucose,Biochemistry,2025-11-30,2025-11-30,2025-12-03 03:00:00,75,Urgent,Normal
LO112745,APP008180,PAT07586,DOC033,DEP003,FAC003,LAB002,Blood Glucose,Biochemistry,2025-01-21,2025-01-23,2025-01-25 00:00:00,48,Routine,Normal
LO112749,APP004678,PAT04140,DOC040,DEP003,FAC005,LAB009,Chest X-Ray,Radiology,2025-06-09,2025-06-09,2025-06-09 09:00:00,9,Routine,Critical
LO112756,APP008114,PAT08488,DOC040,DEP003,FAC005,LAB014,Blood Culture,Microbiology,2025-02-14,2025-02-15,2025-02-15 14:00:00,14,Urgent,Normal
LO112757,APP023331,PAT08243,DOC014,DEP004,FAC004,LAB013,COVID PCR,Molecular Diagnostics,2025-09-21,2025-09-23,2025-09-26 15:00:00,87,Routine,Normal
LO112759,APP035970,PAT02910,DOC005,DEP001,FAC005,LAB009,Chest X-Ray,Radiology,2025-08-17,2025-08-18,2025-08-18 09:00:00,9,Routine,Normal
LO112764,APP037262,PAT00945,DOC004,DEP001,FAC004,LAB010,Ultrasound Abdomen,Radiology,2025-05-14,2025-05-14,2025-05-15 09:00:00,33,Routine,Abnormal
LO112765,APP025027,PAT00609,DOC031,DEP001,FAC001,LAB013,COVID PCR,Molecular Diagnostics,2025-03-19,2025-03-21,2025-03-21 20:00:00,20,Routine,Normal
LO112767,APP047622,PAT02479,DOC018,DEP007,FAC003,LAB013,COVID PCR,Molecular Diagnostics,2025-02-19,2025-02-19,2025-02-21 17:00:00,65,Routine,Normal
LO112771,APP008992,PAT08301,DOC034,DEP001,FAC004,LAB003,Lipid Profile,Biochemistry,2025-06-27,2025-06-28,2025-06-30 11:00:00,59,Routine,Normal
LO112780,APP015994,PAT02082,DOC003,DEP001,FAC003,LAB002,Blood Glucose,Biochemistry,2025-11-14,2025-11-14,2025-11-15 17:00:00,41,Routine,Normal
LO112783,APP009320,PAT03356,DOC040,DEP003,FAC005,LAB005,Kidney Function Test,Biochemistry,2025-01-13,2025-01-14,2025-01-18 04:00:00,100,Routine,Abnormal
LO112786,APP019326,PAT08518,DOC031,DEP001,FAC001,LAB007,Urine Routine,Microbiology,2025-02-18,2025-02-18,2025-02-21 10:00:00,82,Routine,Critical
LO112790,APP045360,PAT02309,DOC008,DEP003,FAC003,LAB015,Electrolytes Panel,Biochemistry,2025-03-17,2025-03-19,2025-03-19 03:00:00,3,Routine,Normal
LO112798,APP004500,PAT09431,DOC040,DEP003,FAC005,LAB002,Blood Glucose,Biochemistry,2025-12-22,2025-12-24,2025-12-28 07:00:00,103,Routine,Normal
LO112799,APP046179,PAT05081,DOC027,DEP001,FAC002,LAB011,ECG,Cardiology Diagnostics,2025-03-05,2025-03-06,2025-03-09 13:00:00,85,Routine,Critical
LO112808,APP044523,PAT00120,DOC032,DEP002,FAC002,LAB001,Complete Blood Count,Hematology,2025-11-11,2025-11-11,2025-11-11 09:00:00,9,Routine,Normal
LO112814,APP031508,PAT08745,DOC027,DEP001,FAC002,LAB013,COVID PCR,Molecular Diagnostics,2025-06-04,2025-06-04,2025-06-08 01:00:00,97,Routine,Normal
LO112815,APP045328,PAT02145,DOC037,DEP005,FAC002,LAB012,HbA1c,Biochemistry,2025-03-08,2025-03-08,2025-03-12 14:00:00,110,Urgent,Normal
LO112817,APP045582,PAT04849,DOC025,DEP007,FAC005,LAB015,Electrolytes Panel,Biochemistry,2025-10-31,2025-10-31,2025-11-02 07:00:00,55,Routine,Normal
LO112829,APP024254,PAT09820,DOC018,DEP007,FAC003,LAB002,Blood Glucose,Biochemistry,2025-03-16,2025-03-17,2025-03-20 06:00:00,78,Routine,Normal
LO112831,APP032293,PAT09318,DOC017,DEP006,FAC002,LAB001,Complete Blood Count,Hematology,2025-09-05,2025-09-06,2025-09-08 17:00:00,65,Routine,Abnormal
LO112832,APP049966,PAT07306,DOC002,DEP001,FAC002,LAB014,Blood Culture,Microbiology,2025-08-04,2025-08-04,2025-08-07 02:00:00,74,Routine,Normal
LO112834,APP026198,PAT06897,DOC014,DEP004,FAC004,LAB004,Liver Function Test,Biochemistry,2025-05-21,2025-05-23,2025-05-27 21:00:00,117,Routine,Abnormal
LO112839,APP033315,PAT04011,DOC012,DEP005,FAC002,LAB006,Thyroid Profile,Immunology,2025-07-14,2025-07-14,2025-07-15 13:00:00,37,Routine,Normal
LO112842,APP014123,PAT02877,DOC013,DEP005,FAC003,LAB002,Blood Glucose,Biochemistry,2025-06-28,2025-06-28,2025-07-02 10:00:00,106,Routine,Normal
LO112849,APP028491,PAT09863,DOC037,DEP005,FAC002,LAB015,Electrolytes Panel,Biochemistry,2025-07-17,2025-07-17,2025-07-18 20:00:00,44,Routine,Normal
LO112850,APP019102,PAT09490,DOC029,DEP007,FAC004,LAB012,HbA1c,Biochemistry,2025-11-28,2025-11-29,2025-11-29 07:00:00,7,Routine,Normal
LO112851,APP001708,PAT01741,DOC007,DEP002,FAC002,LAB014,Blood Culture,Microbiology,2025-10-17,2025-10-19,2025-10-20 15:00:00,39,Routine,Normal
LO112852,APP045631,PAT05793,DOC002,DEP001,FAC002,LAB014,Blood Culture,Microbiology,2025-04-07,2025-04-07,2025-04-10 14:00:00,86,Urgent,Normal
LO112877,APP015793,PAT05596,DOC005,DEP001,FAC005,LAB006,Thyroid Profile,Immunology,2025-05-14,2025-05-15,2025-05-17 03:00:00,51,Routine,Abnormal
LO112878,APP019142,PAT07498,DOC015,DEP005,FAC005,LAB004,Liver Function Test,Biochemistry,2025-12-22,2025-12-24,2025-12-27 13:00:00,85,Routine,Normal
LO112885,APP011157,PAT04660,DOC020,DEP006,FAC005,LAB009,Chest X-Ray,Radiology,2025-05-11,2025-05-12,2025-05-16 04:00:00,100,Routine,Normal
LO112888,APP030992,PAT03775,DOC037,DEP005,FAC002,LAB014,Blood Culture,Microbiology,2025-08-04,2025-08-06,2025-08-08 10:00:00,58,Routine,Normal
LO112891,APP031676,PAT01369,DOC021,DEP005,FAC001,LAB001,Complete Blood Count,Hematology,2025-11-30,2025-12-02,2025-12-06 14:00:00,110,Routine,Critical
LO112894,APP043927,PAT08918,DOC020,DEP006,FAC005,LAB004,Liver Function Test,Biochemistry,2025-04-30,2025-05-01,2025-05-03 11:00:00,59,Routine,Critical
LO112902,APP049127,PAT03144,DOC027,DEP001,FAC002,LAB001,Complete Blood Count,Hematology,2025-09-25,2025-09-27,2025-09-28 18:00:00,42,Routine,Normal
LO112907,APP015967,PAT01227,DOC003,DEP001,FAC003,LAB012,HbA1c,Biochemistry,2025-10-15,2025-10-16,2025-10-19 20:00:00,92,Routine,Normal
LO112912,APP006375,PAT09614,DOC034,DEP001,FAC004,LAB010,Ultrasound Abdomen,Radiology,2025-05-10,2025-05-10,2025-05-12 15:00:00,63,Routine,Normal
LO112913,APP018717,PAT07924,DOC017,DEP006,FAC002,LAB011,ECG,Cardiology Diagnostics,2025-11-29,2025-11-30,2025-12-04 21:00:00,117,Urgent,Normal
LO112915,APP027907,PAT03289,DOC037,DEP005,FAC002,LAB010,Ultrasound Abdomen,Radiology,2025-01-15,2025-01-16,2025-01-19 08:00:00,80,Routine,Normal
LO112923,APP032399,PAT07253,DOC033,DEP003,FAC003,LAB007,Urine Routine,Microbiology,2025-01-17,2025-01-18,2025-01-19 17:00:00,41,Routine,Normal
LO112924,APP037419,PAT07915,DOC023,DEP008,FAC003,LAB006,Thyroid Profile,Immunology,2025-01-12,2025-01-14,2025-01-14 11:00:00,11,Routine,Normal
LO112925,APP037769,PAT00316,DOC020,DEP006,FAC005,LAB001,Complete Blood Count,Hematology,2025-07-10,2025-07-11,2025-07-15 05:00:00,101,Routine,Abnormal
LO112929,APP043539,PAT07250,DOC037,DEP005,FAC002,LAB006,Thyroid Profile,Immunology,2025-12-06,2025-12-07,2025-12-10 19:00:00,91,Urgent,Normal
LO112937,APP031098,PAT04345,DOC005,DEP001,FAC005,LAB008,Urine Culture,Microbiology,2025-01-12,2025-01-13,2025-01-15 00:00:00,48,Routine,Normal
LO112938,APP015358,PAT00336,DOC008,DEP003,FAC003,LAB004,Liver Function Test,Biochemistry,2025-01-10,2025-01-11,2025-01-13 01:00:00,49,Routine,Normal
LO112948,APP019382,PAT04468,DOC040,DEP003,FAC005,LAB008,Urine Culture,Microbiology,2025-05-28,2025-05-30,2025-05-31 11:00:00,35,Routine,Normal
LO112950,APP016023,PAT09773,DOC033,DEP003,FAC003,LAB008,Urine Culture,Microbiology,2025-10-03,2025-10-04,2025-10-08 19:00:00,115,Urgent,Normal
LO112952,APP042815,PAT07075,DOC040,DEP003,FAC005,LAB007,Urine Routine,Microbiology,2025-07-25,2025-07-26,2025-07-28 05:00:00,53,Routine,Abnormal
LO112954,APP013563,PAT00327,DOC040,DEP003,FAC005,LAB015,Electrolytes Panel,Biochemistry,2025-09-18,2025-09-20,2025-09-20 01:00:00,1,Routine,Abnormal
LO112966,APP015734,PAT06561,DOC018,DEP007,FAC003,LAB011,ECG,Cardiology Diagnostics,2025-10-30,2025-10-31,2025-11-02 18:00:00,66,Routine,Abnormal
LO112967,APP006798,PAT04966,DOC008,DEP003,FAC003,LAB008,Urine Culture,Microbiology,2025-12-19,2025-12-20,2025-12-22 09:00:00,57,Routine,Normal
LO112980,APP047542,PAT01471,DOC021,DEP005,FAC001,LAB005,Kidney Function Test,Biochemistry,2025-07-17,2025-07-19,2025-07-21 21:00:00,69,Routine,Normal
LO112983,APP031279,PAT05904,DOC025,DEP007,FAC005,LAB004,Liver Function Test,Biochemistry,2025-09-21,2025-09-22,2025-09-22 09:00:00,9,Routine,Normal
LO112988,APP028530,PAT08547,DOC028,DEP001,FAC003,LAB013,COVID PCR,Molecular Diagnostics,2025-12-06,2025-12-08,2025-12-12 23:00:00,119,Urgent,Normal
LO112993,APP049923,PAT05235,DOC032,DEP002,FAC002,LAB013,COVID PCR,Molecular Diagnostics,2025-03-10,2025-03-12,2025-03-12 15:00:00,15,Routine,Normal
LO112994,APP028393,PAT09965,DOC027,DEP001,FAC002,LAB011,ECG,Cardiology Diagnostics,2025-01-18,2025-01-18,2025-01-21 02:00:00,74,Routine,Normal
LO112997,APP011431,PAT05460,DOC006,DEP002,FAC001,LAB014,Blood Culture,Microbiology,2025-10-20,2025-10-20,2025-10-24 22:00:00,118,Routine,Normal
LO112998,APP019053,PAT02326,DOC010,DEP003,FAC005,LAB010,Ultrasound Abdomen,Radiology,2025-12-29,2025-12-31,2026-01-04 14:00:00,110,Routine,Normal
LO113001,APP012310,PAT00539,DOC003,DEP001,FAC003,LAB007,Urine Routine,Microbiology,2025-07-24,2025-07-24,2025-07-26 17:00:00,65,Routine,Abnormal
LO113010,APP035030,PAT00625,DOC008,DEP003,FAC003,LAB014,Blood Culture,Microbiology,2025-10-14,2025-10-16,2025-10-19 02:00:00,74,Routine,Normal
LO113015,APP047779,PAT06791,DOC025,DEP007,FAC005,LAB008,Urine Culture,Microbiology,2025-07-19,2025-07-20,2025-07-23 08:00:00,80,Routine,Normal
LO113020,APP018141,PAT09692,DOC003,DEP001,FAC003,LAB005,Kidney Function Test,Biochemistry,2025-07-07,2025-07-09,2025-07-12 05:00:00,77,Routine,Normal
LO113023,APP015330,PAT06271,DOC027,DEP001,FAC002,LAB008,Urine Culture,Microbiology,2025-12-19,2025-12-21,2025-12-21 02:00:00,2,Routine,Normal
LO113024,APP034277,PAT08599,DOC030,DEP008,FAC005,LAB014,Blood Culture,Microbiology,2025-03-28,2025-03-30,2025-04-02 09:00:00,81,Routine,Normal
LO113032,APP008164,PAT05981,DOC027,DEP001,FAC002,LAB003,Lipid Profile,Biochemistry,2025-01-05,2025-01-06,2025-01-07 08:00:00,32,Routine,Abnormal
LO113035,APP020770,PAT00084,DOC025,DEP007,FAC005,LAB012,HbA1c,Biochemistry,2025-05-18,2025-05-18,2025-05-19 13:00:00,37,Routine,Abnormal
LO113038,APP000128,PAT09297,DOC031,DEP001,FAC001,LAB001,Complete Blood Count,Hematology,2025-06-21,2025-06-21,2025-06-21 17:00:00,17,Urgent,Normal
LO113039,APP034269,PAT03488,DOC002,DEP001,FAC002,LAB015,Electrolytes Panel,Biochemistry,2025-01-05,2025-01-06,2025-01-10 00:00:00,96,Routine,Abnormal
LO113040,APP039622,PAT05283,DOC016,DEP004,FAC001,LAB006,Thyroid Profile,Immunology,2025-08-30,2025-09-01,2025-09-04 09:00:00,81,Routine,Abnormal
LO113052,APP045002,PAT07624,DOC004,DEP001,FAC004,LAB009,Chest X-Ray,Radiology,2025-07-24,2025-07-25,2025-07-25 22:00:00,22,Routine,Normal
LO113068,APP002204,PAT06460,DOC015,DEP005,FAC005,LAB015,Electrolytes Panel,Biochemistry,2025-03-08,2025-03-10,2025-03-13 13:00:00,85,Routine,Normal
LO113071,APP036258,PAT02705,DOC026,DEP008,FAC001,LAB006,Thyroid Profile,Immunology,2025-07-10,2025-07-10,2025-07-13 09:00:00,81,Routine,Abnormal
LO113073,APP036061,PAT05377,DOC002,DEP001,FAC002,LAB004,Liver Function Test,Biochemistry,2025-01-02,2025-01-02,2025-01-05 08:00:00,80,Urgent,Abnormal
LO113091,APP034481,PAT01594,DOC018,DEP007,FAC003,LAB002,Blood Glucose,Biochemistry,2025-02-19,2025-02-20,2025-02-21 09:00:00,33,Routine,Normal
LO113094,APP010232,PAT07696,DOC001,DEP001,FAC001,LAB002,Blood Glucose,Biochemistry,2025-09-10,2025-09-12,2025-09-16 15:00:00,111,Urgent,Normal
LO113095,APP030660,PAT00051,DOC038,DEP005,FAC003,LAB004,Liver Function Test,Biochemistry,2025-10-19,2025-10-20,2025-10-21 07:00:00,31,Routine,Normal
LO113108,APP032335,PAT07710,DOC020,DEP006,FAC005,LAB003,Lipid Profile,Biochemistry,2025-02-23,2025-02-25,2025-03-01 22:00:00,118,Routine,Abnormal
LO113118,APP049265,PAT07959,DOC028,DEP001,FAC003,LAB001,Complete Blood Count,Hematology,2025-06-18,2025-06-20,2025-06-23 04:00:00,76,Routine,Normal
LO113127,APP035171,PAT04991,DOC037,DEP005,FAC002,LAB007,Urine Routine,Microbiology,2025-04-24,2025-04-26,2025-04-29 01:00:00,73,Routine,Normal
LO113142,APP006852,PAT00185,DOC020,DEP006,FAC005,LAB010,Ultrasound Abdomen,Radiology,2025-04-15,2025-04-16,2025-04-20 12:00:00,108,Urgent,Normal
LO113144,APP014108,PAT04949,DOC030,DEP008,FAC005,LAB010,Ultrasound Abdomen,Radiology,2025-11-16,2025-11-17,2025-11-19 21:00:00,69,Routine,Normal
LO113146,APP010787,PAT01521,DOC027,DEP001,FAC002,LAB010,Ultrasound Abdomen,Radiology,2025-08-13,2025-08-14,2025-08-18 02:00:00,98,Routine,Normal
LO113147,APP007153,PAT09515,DOC039,DEP002,FAC004,LAB009,Chest X-Ray,Radiology,2025-11-03,2025-11-05,2025-11-09 05:00:00,101,Routine,Normal
LO113148,APP000762,PAT01721,DOC004,DEP001,FAC004,LAB004,Liver Function Test,Biochemistry,2025-01-01,2025-01-03,2025-01-07 13:00:00,109,Routine,Normal
LO113153,APP016483,PAT05702,DOC040,DEP003,FAC005,LAB002,Blood Glucose,Biochemistry,2025-08-29,2025-08-31,2025-09-01 22:00:00,46,Routine,Critical
LO113157,APP025801,PAT04986,DOC020,DEP006,FAC005,LAB012,HbA1c,Biochemistry,2025-03-03,2025-03-04,2025-03-08 08:00:00,104,Routine,Normal
LO113162,APP007393,PAT09489,DOC023,DEP008,FAC003,LAB011,ECG,Cardiology Diagnostics,2025-09-19,2025-09-20,2025-09-21 23:00:00,47,Routine,Abnormal
LO113164,APP046261,PAT08115,DOC017,DEP006,FAC002,LAB009,Chest X-Ray,Radiology,2025-11-11,2025-11-12,2025-11-14 05:00:00,53,Urgent,Normal
LO113169,APP046095,PAT00736,DOC006,DEP002,FAC001,LAB010,Ultrasound Abdomen,Radiology,2025-10-29,2025-10-31,2025-11-01 16:00:00,40,Routine,Normal
LO113170,APP034975,PAT04314,DOC021,DEP005,FAC001,LAB002,Blood Glucose,Biochemistry,2025-10-14,2025-10-14,2025-10-17 22:00:00,94,Routine,Normal
LO113177,APP027302,PAT05136,DOC022,DEP007,FAC002,LAB014,Blood Culture,Microbiology,2025-10-13,2025-10-14,2025-10-16 19:00:00,67,Routine,Abnormal
LO113191,APP018664,PAT07448,DOC032,DEP002,FAC002,LAB006,Thyroid Profile,Immunology,2025-03-28,2025-03-29,2025-04-01 05:00:00,77,Routine,Normal
LO113192,APP008709,PAT01455,DOC030,DEP008,FAC005,LAB002,Blood Glucose,Biochemistry,2025-04-02,2025-04-03,2025-04-04 00:00:00,24,Routine,Abnormal
LO113197,APP039705,PAT08619,DOC023,DEP008,FAC003,LAB012,HbA1c,Biochemistry,2025-10-07,2025-10-09,2025-10-10 14:00:00,38,Urgent,Abnormal
LO113199,APP045116,PAT03685,DOC013,DEP005,FAC003,LAB007,Urine Routine,Microbiology,2025-12-10,2025-12-12,2025-12-13 00:00:00,24,Routine,Normal
LO113206,APP001830,PAT06437,DOC015,DEP005,FAC005,LAB013,COVID PCR,Molecular Diagnostics,2025-05-16,2025-05-16,2025-05-19 05:00:00,77,Routine,Abnormal
LO113210,APP027224,PAT05837,DOC026,DEP008,FAC001,LAB011,ECG,Cardiology Diagnostics,2025-04-28,2025-04-29,2025-05-02 08:00:00,80,Routine,Normal
LO113213,APP007168,PAT07656,DOC039,DEP002,FAC004,LAB013,COVID PCR,Molecular Diagnostics,2025-06-16,2025-06-18,2025-06-20 02:00:00,50,Routine,Normal
LO113215,APP047889,PAT04979,DOC018,DEP007,FAC003,LAB008,Urine Culture,Microbiology,2025-11-04,2025-11-06,2025-11-08 08:00:00,56,Urgent,Abnormal
LO113221,APP041201,PAT04099,DOC022,DEP007,FAC002,LAB006,Thyroid Profile,Immunology,2025-07-02,2025-07-04,2025-07-07 18:00:00,90,Urgent,Normal
LO113224,APP024170,PAT01086,DOC012,DEP005,FAC002,LAB010,Ultrasound Abdomen,Radiology,2025-11-25,2025-11-27,2025-12-01 00:00:00,96,Routine,Normal
LO113227,APP029509,PAT01054,DOC031,DEP001,FAC001,LAB007,Urine Routine,Microbiology,2025-10-14,2025-10-15,2025-10-19 19:00:00,115,Routine,Normal
LO113230,APP040559,PAT07811,DOC026,DEP008,FAC001,LAB001,Complete Blood Count,Hematology,2025-04-12,2025-04-12,2025-04-15 16:00:00,88,Stat,Normal
LO113231,APP047586,PAT05272,DOC027,DEP001,FAC002,LAB003,Lipid Profile,Biochemistry,2025-03-31,2025-03-31,2025-03-31 20:00:00,20,Urgent,Normal
LO113243,APP026751,PAT08268,DOC012,DEP005,FAC002,LAB014,Blood Culture,Microbiology,2025-04-03,2025-04-04,2025-04-08 01:00:00,97,Urgent,Normal
LO113244,APP035988,PAT02178,DOC009,DEP002,FAC004,LAB008,Urine Culture,Microbiology,2025-05-26,2025-05-27,2025-05-30 11:00:00,83,Routine,Abnormal
LO113250,APP016995,PAT01576,DOC004,DEP001,FAC004,LAB005,Kidney Function Test,Biochemistry,2025-05-08,2025-05-09,2025-05-13 04:00:00,100,Routine,Normal
LO113255,APP044459,PAT06880,DOC002,DEP001,FAC002,LAB014,Blood Culture,Microbiology,2025-06-13,2025-06-13,2025-06-14 05:00:00,29,Routine,Normal
LO113268,APP021133,PAT01600,DOC013,DEP005,FAC003,LAB006,Thyroid Profile,Immunology,2025-03-09,2025-03-11,2025-03-13 06:00:00,54,Routine,Normal
LO113280,APP035712,PAT03699,DOC023,DEP008,FAC003,LAB014,Blood Culture,Microbiology,2025-03-03,2025-03-04,2025-03-06 03:00:00,51,Urgent,Abnormal
LO113282,APP034148,PAT03270,DOC010,DEP003,FAC005,LAB005,Kidney Function Test,Biochemistry,2025-03-28,2025-03-28,2025-03-30 01:00:00,49,Routine,Normal
LO113285,APP006749,PAT00102,DOC002,DEP001,FAC002,LAB015,Electrolytes Panel,Biochemistry,2025-06-24,2025-06-24,2025-06-25 05:00:00,29,Routine,Normal
LO113289,APP029055,PAT05932,DOC030,DEP008,FAC005,LAB007,Urine Routine,Microbiology,2025-11-10,2025-11-11,2025-11-15 12:00:00,108,Routine,Abnormal
LO113294,APP039952,PAT00327,DOC023,DEP008,FAC003,LAB007,Urine Routine,Microbiology,2025-04-01,2025-04-01,2025-04-03 03:00:00,51,Routine,Normal
LO113299,APP034463,PAT02255,DOC038,DEP005,FAC003,LAB003,Lipid Profile,Biochemistry,2025-12-21,2025-12-21,2025-12-21 11:00:00,11,Routine,Normal
LO113305,APP008829,PAT02232,DOC015,DEP005,FAC005,LAB005,Kidney Function Test,Biochemistry,2025-09-17,2025-09-18,2025-09-20 01:00:00,49,Routine,Normal
LO113316,APP015157,PAT06331,DOC033,DEP003,FAC003,LAB008,Urine Culture,Microbiology,2025-09-25,2025-09-25,2025-09-29 10:00:00,106,Stat,Normal
LO113317,APP001460,PAT05959,DOC006,DEP002,FAC001,LAB010,Ultrasound Abdomen,Radiology,2025-08-24,2025-08-25,2025-08-27 18:00:00,66,Routine,Normal
LO113325,APP040943,PAT02076,DOC008,DEP003,FAC003,LAB007,Urine Routine,Microbiology,2025-04-06,2025-04-08,2025-04-09 06:00:00,30,Routine,Normal
LO113326,APP040252,PAT05529,DOC040,DEP003,FAC005,LAB002,Blood Glucose,Biochemistry,2025-05-14,2025-05-16,2025-05-16 02:00:00,2,Routine,Normal
LO113327,APP027704,PAT05370,DOC031,DEP001,FAC001,LAB002,Blood Glucose,Biochemistry,2025-06-30,2025-07-02,2025-07-04 10:00:00,58,Routine,Normal
LO113330,APP034882,PAT05837,DOC020,DEP006,FAC005,LAB001,Complete Blood Count,Hematology,2025-05-06,2025-05-06,2025-05-10 17:00:00,113,Routine,Normal
LO113331,APP004486,PAT08301,DOC028,DEP001,FAC003,LAB006,Thyroid Profile,Immunology,2025-11-06,2025-11-06,2025-11-07 05:00:00,29,Routine,Normal
LO113333,APP028287,PAT03834,DOC004,DEP001,FAC004,LAB001,Complete Blood Count,Hematology,2025-11-08,2025-11-08,2025-11-09 00:00:00,24,Routine,Normal
LO113341,APP004089,PAT03446,DOC012,DEP005,FAC002,LAB013,COVID PCR,Molecular Diagnostics,2025-04-26,2025-04-27,2025-05-01 06:00:00,102,Routine,Normal
LO113352,APP002865,PAT08875,DOC014,DEP004,FAC004,LAB003,Lipid Profile,Biochemistry,2025-08-31,2025-09-02,2025-09-03 00:00:00,24,Routine,Normal
LO113353,APP006890,PAT07820,DOC034,DEP001,FAC004,LAB001,Complete Blood Count,Hematology,2025-09-23,2025-09-24,2025-09-27 15:00:00,87,Routine,Abnormal
LO113355,APP019794,PAT07515,DOC005,DEP001,FAC005,LAB009,Chest X-Ray,Radiology,2025-07-27,2025-07-29,2025-07-29 02:00:00,2,Routine,Normal
LO113357,APP020059,PAT08724,DOC015,DEP005,FAC005,LAB012,HbA1c,Biochemistry,2025-05-16,2025-05-16,2025-05-18 14:00:00,62,Routine,Normal
LO113359,APP029927,PAT03670,DOC040,DEP003,FAC005,LAB005,Kidney Function Test,Biochemistry,2025-03-04,2025-03-05,2025-03-06 12:00:00,36,Routine,Normal
LO113363,APP000147,PAT09870,DOC002,DEP001,FAC002,LAB006,Thyroid Profile,Immunology,2025-12-09,2025-12-10,2025-12-10 14:00:00,14,Routine,Normal
LO113366,APP035946,PAT06522,DOC007,DEP002,FAC002,LAB012,HbA1c,Biochemistry,2025-07-13,2025-07-15,2025-07-16 02:00:00,26,Routine,Critical
LO113372,APP003958,PAT01944,DOC005,DEP001,FAC005,LAB006,Thyroid Profile,Immunology,2025-04-10,2025-04-11,2025-04-16 00:00:00,120,Routine,Normal
LO113375,APP048047,PAT02026,DOC008,DEP003,FAC003,LAB008,Urine Culture,Microbiology,2025-05-18,2025-05-20,2025-05-23 00:00:00,72,Routine,Critical
LO113380,APP003822,PAT00435,DOC031,DEP001,FAC001,LAB003,Lipid Profile,Biochemistry,2025-05-19,2025-05-20,2025-05-20 18:00:00,18,Routine,Critical
LO113382,APP014326,PAT09323,DOC040,DEP003,FAC005,LAB007,Urine Routine,Microbiology,2025-04-20,2025-04-20,2025-04-23 22:00:00,94,Routine,Normal
LO113383,APP008338,PAT01112,DOC030,DEP008,FAC005,LAB005,Kidney Function Test,Biochemistry,2025-01-21,2025-01-23,2025-01-23 10:00:00,10,Stat,Normal
LO113387,APP002651,PAT01800,DOC010,DEP003,FAC005,LAB014,Blood Culture,Microbiology,2025-06-06,2025-06-07,2025-06-10 13:00:00,85,Routine,Normal
LO113388,APP031767,PAT06344,DOC002,DEP001,FAC002,LAB008,Urine Culture,Microbiology,2025-02-19,2025-02-20,2025-02-21 20:00:00,44,Routine,Normal
LO113390,APP049338,PAT06078,DOC028,DEP001,FAC003,LAB013,COVID PCR,Molecular Diagnostics,2025-07-21,2025-07-23,2025-07-26 00:00:00,72,Routine,Normal
LO113396,APP011589,PAT01744,DOC013,DEP005,FAC003,LAB005,Kidney Function Test,Biochemistry,2025-02-08,2025-02-08,2025-02-12 18:00:00,114,Routine,Normal
LO113415,APP003838,PAT00915,DOC026,DEP008,FAC001,LAB008,Urine Culture,Microbiology,2025-11-25,2025-11-27,2025-12-01 21:00:00,117,Routine,Normal
LO113436,APP000266,PAT02586,DOC029,DEP007,FAC004,LAB004,Liver Function Test,Biochemistry,2025-11-19,2025-11-19,2025-11-20 17:00:00,41,Routine,Normal
LO113438,APP006267,PAT10000,DOC025,DEP007,FAC005,LAB008,Urine Culture,Microbiology,2025-06-23,2025-06-23,2025-06-23 19:00:00,19,Routine,Normal
LO113443,APP036051,PAT07169,DOC031,DEP001,FAC001,LAB006,Thyroid Profile,Immunology,2025-07-07,2025-07-08,2025-07-09 06:00:00,30,Routine,Normal
LO113446,APP032943,PAT08937,DOC010,DEP003,FAC005,LAB005,Kidney Function Test,Biochemistry,2025-02-02,2025-02-03,2025-02-07 00:00:00,96,Routine,Normal
LO113447,APP017248,PAT08927,DOC033,DEP003,FAC003,LAB001,Complete Blood Count,Hematology,2025-06-11,2025-06-11,2025-06-12 17:00:00,41,Routine,Normal
LO113453,APP026201,PAT06821,DOC026,DEP008,FAC001,LAB007,Urine Routine,Microbiology,2025-05-03,2025-05-05,2025-05-06 18:00:00,42,Routine,Normal
LO113458,APP011819,PAT04246,DOC006,DEP002,FAC001,LAB004,Liver Function Test,Biochemistry,2025-11-14,2025-11-15,2025-11-16 03:00:00,27,Routine,Abnormal
LO113468,APP014659,PAT04991,DOC028,DEP001,FAC003,LAB003,Lipid Profile,Biochemistry,2025-12-21,2025-12-23,2025-12-23 21:00:00,21,Routine,Critical
LO113486,APP026043,PAT02862,DOC016,DEP004,FAC001,LAB013,COVID PCR,Molecular Diagnostics,2025-10-07,2025-10-08,2025-10-12 01:00:00,97,Routine,Normal
LO113494,APP027969,PAT05564,DOC016,DEP004,FAC001,LAB002,Blood Glucose,Biochemistry,2025-11-30,2025-11-30,2025-12-01 03:00:00,27,Routine,Normal
LO113495,APP006918,PAT09773,DOC002,DEP001,FAC002,LAB015,Electrolytes Panel,Biochemistry,2025-04-10,2025-04-10,2025-04-11 02:00:00,26,Routine,Normal
LO113512,APP020565,PAT02123,DOC038,DEP005,FAC003,LAB012,HbA1c,Biochemistry,2025-06-04,2025-06-05,2025-06-07 10:00:00,58,Routine,Abnormal
LO113517,APP045143,PAT06422,DOC010,DEP003,FAC005,LAB002,Blood Glucose,Biochemistry,2025-04-16,2025-04-16,2025-04-17 17:00:00,41,Routine,Normal
LO113518,APP007475,PAT00042,DOC029,DEP007,FAC004,LAB001,Complete Blood Count,Hematology,2025-06-02,2025-06-04,2025-06-08 15:00:00,111,Routine,Normal
LO113525,APP011929,PAT09751,DOC034,DEP001,FAC004,LAB008,Urine Culture,Microbiology,2025-05-26,2025-05-27,2025-05-30 19:00:00,91,Routine,Normal
LO113527,APP037226,PAT06188,DOC009,DEP002,FAC004,LAB001,Complete Blood Count,Hematology,2025-11-30,2025-12-01,2025-12-01 16:00:00,16,Routine,Normal
LO113529,APP040763,PAT09255,DOC003,DEP001,FAC003,LAB009,Chest X-Ray,Radiology,2025-08-09,2025-08-10,2025-08-14 16:00:00,112,Routine,Normal
LO113530,APP002445,PAT08582,DOC020,DEP006,FAC005,LAB006,Thyroid Profile,Immunology,2025-08-29,2025-08-30,2025-09-01 03:00:00,51,Routine,Abnormal
LO113532,APP028135,PAT07732,DOC034,DEP001,FAC004,LAB012,HbA1c,Biochemistry,2025-06-24,2025-06-25,2025-06-27 03:00:00,51,Routine,Normal
LO113555,APP044315,PAT04696,DOC021,DEP005,FAC001,LAB010,Ultrasound Abdomen,Radiology,2025-09-10,2025-09-12,2025-09-16 04:00:00,100,Routine,Normal
LO113563,APP040640,PAT02268,DOC031,DEP001,FAC001,LAB015,Electrolytes Panel,Biochemistry,2025-02-01,2025-02-02,2025-02-03 08:00:00,32,Routine,Normal
LO113568,APP040064,PAT00084,DOC033,DEP003,FAC003,LAB004,Liver Function Test,Biochemistry,2025-10-30,2025-10-31,2025-11-04 01:00:00,97,Routine,Normal
LO113571,APP031542,PAT03405,DOC035,DEP001,FAC005,LAB002,Blood Glucose,Biochemistry,2025-05-15,2025-05-15,2025-05-17 08:00:00,56,Routine,Normal
LO113581,APP035852,PAT09791,DOC011,DEP003,FAC001,LAB015,Electrolytes Panel,Biochemistry,2025-06-12,2025-06-13,2025-06-17 05:00:00,101,Routine,Normal
LO113585,APP000176,PAT08035,DOC007,DEP002,FAC002,LAB011,ECG,Cardiology Diagnostics,2025-12-07,2025-12-09,2025-12-09 13:00:00,13,Routine,Normal
LO113600,APP036445,PAT06546,DOC033,DEP003,FAC003,LAB005,Kidney Function Test,Biochemistry,2025-07-26,2025-07-26,2025-07-28 17:00:00,65,Urgent,Normal
LO113603,APP047051,PAT08935,DOC038,DEP005,FAC003,LAB014,Blood Culture,Microbiology,2025-11-16,2025-11-18,2025-11-19 08:00:00,32,Routine,Normal
LO113609,APP014009,PAT03373,DOC034,DEP001,FAC004,LAB008,Urine Culture,Microbiology,2025-05-28,2025-05-29,2025-05-30 23:00:00,47,Routine,Abnormal
LO113615,APP003931,PAT09286,DOC016,DEP004,FAC001,LAB001,Complete Blood Count,Hematology,2025-06-29,2025-06-29,2025-06-29 19:00:00,19,Routine,Abnormal
LO113622,APP005533,PAT05174,DOC010,DEP003,FAC005,LAB006,Thyroid Profile,Immunology,2025-07-23,2025-07-24,2025-07-26 07:00:00,55,Routine,Abnormal
LO113627,APP028949,PAT08169,DOC033,DEP003,FAC003,LAB006,Thyroid Profile,Immunology,2025-07-22,2025-07-23,2025-07-25 07:00:00,55,Urgent,Normal
LO113635,APP046446,PAT05702,DOC012,DEP005,FAC002,LAB005,Kidney Function Test,Biochemistry,2025-09-29,2025-10-01,2025-10-03 08:00:00,56,Routine,Normal
LO113640,APP029045,PAT03706,DOC001,DEP001,FAC001,LAB015,Electrolytes Panel,Biochemistry,2025-06-23,2025-06-23,2025-06-26 00:00:00,72,Routine,Normal
LO113645,APP011161,PAT02313,DOC027,DEP001,FAC002,LAB006,Thyroid Profile,Immunology,2025-04-23,2025-04-23,2025-04-26 22:00:00,94,Routine,Abnormal
LO113646,APP043718,PAT04992,DOC010,DEP003,FAC005,LAB002,Blood Glucose,Biochemistry,2025-07-21,2025-07-22,2025-07-23 14:00:00,38,Routine,Normal
LO113653,APP014425,PAT07804,DOC036,DEP002,FAC001,LAB007,Urine Routine,Microbiology,2025-04-06,2025-04-08,2025-04-11 12:00:00,84,Routine,Normal
LO113657,APP045386,PAT01660,DOC026,DEP008,FAC001,LAB010,Ultrasound Abdomen,Radiology,2025-11-10,2025-11-12,2025-11-13 04:00:00,28,Routine,Normal
LO113665,APP034490,PAT07253,DOC039,DEP002,FAC004,LAB001,Complete Blood Count,Hematology,2025-09-07,2025-09-08,2025-09-11 12:00:00,84,Routine,Normal
LO113671,APP042210,PAT05741,DOC013,DEP005,FAC003,LAB002,Blood Glucose,Biochemistry,2025-04-19,2025-04-21,2025-04-24 03:00:00,75,Urgent,Normal
LO113672,APP047382,PAT06648,DOC037,DEP005,FAC002,LAB013,COVID PCR,Molecular Diagnostics,2025-12-20,2025-12-20,2025-12-22 23:00:00,71,Urgent,Normal
LO113674,APP028421,PAT09587,DOC037,DEP005,FAC002,LAB009,Chest X-Ray,Radiology,2025-09-20,2025-09-21,2025-09-25 22:00:00,118,Routine,Normal
LO113676,APP014754,PAT09856,DOC022,DEP007,FAC002,LAB013,COVID PCR,Molecular Diagnostics,2025-02-22,2025-02-22,2025-02-24 11:00:00,59,Routine,Normal
LO113682,APP023925,PAT05981,DOC018,DEP007,FAC003,LAB012,HbA1c,Biochemistry,2025-11-18,2025-11-19,2025-11-20 13:00:00,37,Routine,Normal
LO113704,APP014526,PAT05490,DOC036,DEP002,FAC001,LAB009,Chest X-Ray,Radiology,2025-12-22,2025-12-24,2025-12-25 21:00:00,45,Routine,Normal
LO113710,APP043631,PAT03170,DOC011,DEP003,FAC001,LAB013,COVID PCR,Molecular Diagnostics,2025-12-11,2025-12-11,2025-12-15 09:00:00,105,Routine,Normal
LO113718,APP007574,PAT00674,DOC023,DEP008,FAC003,LAB011,ECG,Cardiology Diagnostics,2025-01-29,2025-01-29,2025-01-29 03:00:00,3,Routine,Normal
LO113722,APP047054,PAT03214,DOC022,DEP007,FAC002,LAB003,Lipid Profile,Biochemistry,2025-07-03,2025-07-04,2025-07-06 05:00:00,53,Urgent,Normal
LO113724,APP018677,PAT00994,DOC019,DEP005,FAC004,LAB009,Chest X-Ray,Radiology,2025-02-02,2025-02-04,2025-02-08 03:00:00,99,Routine,Normal
LO113730,APP044223,PAT02445,DOC014,DEP004,FAC004,LAB004,Liver Function Test,Biochemistry,2025-10-03,2025-10-04,2025-10-06 00:00:00,48,Routine,Normal
LO113731,APP042584,PAT07361,DOC036,DEP002,FAC001,LAB003,Lipid Profile,Biochemistry,2025-12-03,2025-12-05,2025-12-08 20:00:00,92,Routine,Normal
LO113740,APP049915,PAT04070,DOC010,DEP003,FAC005,LAB011,ECG,Cardiology Diagnostics,2025-10-11,2025-10-11,2025-10-16 00:00:00,120,Routine,Normal
LO113744,APP010992,PAT07413,DOC005,DEP001,FAC005,LAB015,Electrolytes Panel,Biochemistry,2025-11-24,2025-11-25,2025-11-26 23:00:00,47,Routine,Normal
LO113753,APP006204,PAT08086,DOC022,DEP007,FAC002,LAB014,Blood Culture,Microbiology,2025-06-11,2025-06-13,2025-06-16 13:00:00,85,Routine,Normal
LO113761,APP002878,PAT07804,DOC028,DEP001,FAC003,LAB011,ECG,Cardiology Diagnostics,2025-11-13,2025-11-14,2025-11-18 04:00:00,100,Routine,Normal
LO113765,APP036841,PAT00178,DOC013,DEP005,FAC003,LAB009,Chest X-Ray,Radiology,2025-03-12,2025-03-12,2025-03-13 08:00:00,32,Routine,Normal
LO113767,APP002599,PAT02457,DOC018,DEP007,FAC003,LAB009,Chest X-Ray,Radiology,2025-03-14,2025-03-16,2025-03-16 01:00:00,1,Routine,Abnormal
LO113778,APP018159,PAT05628,DOC031,DEP001,FAC001,LAB013,COVID PCR,Molecular Diagnostics,2025-02-14,2025-02-15,2025-02-18 18:00:00,90,Routine,Normal
LO113784,APP001456,PAT07768,DOC033,DEP003,FAC003,LAB006,Thyroid Profile,Immunology,2025-11-15,2025-11-17,2025-11-20 05:00:00,77,Urgent,Normal
LO113793,APP030723,PAT09539,DOC025,DEP007,FAC005,LAB005,Kidney Function Test,Biochemistry,2025-10-29,2025-10-31,2025-10-31 20:00:00,20,Routine,Abnormal
LO113799,APP020650,PAT07252,DOC019,DEP005,FAC004,LAB014,Blood Culture,Microbiology,2025-11-05,2025-11-05,2025-11-05 04:00:00,4,Routine,Normal
LO113810,APP032462,PAT09734,DOC001,DEP001,FAC001,LAB014,Blood Culture,Microbiology,2025-01-29,2025-01-29,2025-01-31 21:00:00,69,Routine,Normal
LO113814,APP000712,PAT03785,DOC024,DEP006,FAC004,LAB013,COVID PCR,Molecular Diagnostics,2025-12-26,2025-12-28,2025-12-29 21:00:00,45,Routine,Normal
LO113821,APP040369,PAT06561,DOC029,DEP007,FAC004,LAB012,HbA1c,Biochemistry,2025-11-25,2025-11-25,2025-11-27 11:00:00,59,Routine,Normal
LO113827,APP004081,PAT04747,DOC036,DEP002,FAC001,LAB015,Electrolytes Panel,Biochemistry,2025-10-17,2025-10-18,2025-10-19 22:00:00,46,Urgent,Normal
LO113829,APP049954,PAT01787,DOC028,DEP001,FAC003,LAB009,Chest X-Ray,Radiology,2025-11-15,2025-11-16,2025-11-18 00:00:00,48,Urgent,Normal
LO113832,APP032140,PAT02088,DOC036,DEP002,FAC001,LAB011,ECG,Cardiology Diagnostics,2025-06-19,2025-06-20,2025-06-22 06:00:00,54,Routine,Normal
LO113834,APP002231,PAT00909,DOC006,DEP002,FAC001,LAB014,Blood Culture,Microbiology,2025-01-23,2025-01-23,2025-01-27 09:00:00,105,Routine,Normal
LO113840,APP044054,PAT03964,DOC012,DEP005,FAC002,LAB010,Ultrasound Abdomen,Radiology,2025-09-01,2025-09-02,2025-09-03 08:00:00,32,Routine,Abnormal
LO113842,APP038277,PAT02453,DOC026,DEP008,FAC001,LAB001,Complete Blood Count,Hematology,2025-09-27,2025-09-29,2025-10-03 02:00:00,98,Routine,Normal
LO113850,APP027909,PAT06132,DOC037,DEP005,FAC002,LAB015,Electrolytes Panel,Biochemistry,2025-10-11,2025-10-13,2025-10-13 03:00:00,3,Routine,Normal
LO113853,APP002289,PAT00034,DOC029,DEP007,FAC004,LAB009,Chest X-Ray,Radiology,2025-12-09,2025-12-11,2025-12-14 06:00:00,78,Routine,Normal
LO113855,APP017654,PAT08052,DOC040,DEP003,FAC005,LAB001,Complete Blood Count,Hematology,2025-09-19,2025-09-20,2025-09-24 00:00:00,96,Routine,Normal
LO113863,APP029376,PAT04951,DOC040,DEP003,FAC005,LAB004,Liver Function Test,Biochemistry,2025-07-29,2025-07-31,2025-08-03 16:00:00,88,Routine,Normal
LO113870,APP023014,PAT07493,DOC007,DEP002,FAC002,LAB003,Lipid Profile,Biochemistry,2025-09-22,2025-09-24,2025-09-27 22:00:00,94,Routine,Normal
LO113871,APP048677,PAT00060,DOC001,DEP001,FAC001,LAB013,COVID PCR,Molecular Diagnostics,2025-06-13,2025-06-14,2025-06-14 02:00:00,2,Routine,Abnormal
LO113872,APP030656,PAT04924,DOC018,DEP007,FAC003,LAB014,Blood Culture,Microbiology,2025-10-01,2025-10-02,2025-10-06 04:00:00,100,Urgent,Abnormal
LO113873,APP018232,PAT02022,DOC002,DEP001,FAC002,LAB012,HbA1c,Biochemistry,2025-04-19,2025-04-21,2025-04-23 00:00:00,48,Urgent,Normal
LO113874,APP018021,PAT01767,DOC028,DEP001,FAC003,LAB008,Urine Culture,Microbiology,2025-07-14,2025-07-16,2025-07-17 05:00:00,29,Routine,Normal
LO113880,APP026403,PAT07696,DOC006,DEP002,FAC001,LAB006,Thyroid Profile,Immunology,2025-03-05,2025-03-07,2025-03-07 12:00:00,12,Routine,Normal
LO113895,APP032797,PAT00539,DOC034,DEP001,FAC004,LAB001,Complete Blood Count,Hematology,2025-10-01,2025-10-01,2025-10-05 07:00:00,103,Routine,Normal
LO113896,APP004210,PAT04194,DOC019,DEP005,FAC004,LAB004,Liver Function Test,Biochemistry,2025-01-04,2025-01-06,2025-01-06 05:00:00,5,Routine,Normal
LO113899,APP006017,PAT04937,DOC020,DEP006,FAC005,LAB008,Urine Culture,Microbiology,2025-10-28,2025-10-30,2025-11-02 05:00:00,77,Routine,Normal
LO113902,APP013054,PAT09346,DOC005,DEP001,FAC005,LAB014,Blood Culture,Microbiology,2025-10-08,2025-10-09,2025-10-10 11:00:00,35,Routine,Normal
LO113904,APP013066,PAT04442,DOC028,DEP001,FAC003,LAB009,Chest X-Ray,Radiology,2025-10-02,2025-10-03,2025-10-05 01:00:00,49,Routine,Normal
LO113907,APP045717,PAT06282,DOC005,DEP001,FAC005,LAB011,ECG,Cardiology Diagnostics,2025-11-24,2025-11-24,2025-11-24 22:00:00,22,Urgent,Normal
LO113912,APP020522,PAT04041,DOC003,DEP001,FAC003,LAB008,Urine Culture,Microbiology,2025-02-02,2025-02-04,2025-02-05 13:00:00,37,Urgent,Normal
LO113927,APP040412,PAT06598,DOC022,DEP007,FAC002,LAB008,Urine Culture,Microbiology,2025-05-29,2025-05-30,2025-05-31 15:00:00,39,Routine,Normal
LO113931,APP047216,PAT01954,DOC016,DEP004,FAC001,LAB008,Urine Culture,Microbiology,2025-05-06,2025-05-08,2025-05-10 19:00:00,67,Routine,Normal
LO113946,APP028453,PAT06441,DOC031,DEP001,FAC001,LAB007,Urine Routine,Microbiology,2025-01-18,2025-01-20,2025-01-21 09:00:00,33,Routine,Normal
LO113951,APP035849,PAT03324,DOC005,DEP001,FAC005,LAB010,Ultrasound Abdomen,Radiology,2025-12-18,2025-12-20,2025-12-23 11:00:00,83,Routine,Normal
LO113952,APP044831,PAT01167,DOC026,DEP008,FAC001,LAB003,Lipid Profile,Biochemistry,2025-08-08,2025-08-10,2025-08-14 11:00:00,107,Routine,Abnormal
LO113969,APP035456,PAT04095,DOC023,DEP008,FAC003,LAB015,Electrolytes Panel,Biochemistry,2025-12-15,2025-12-17,2025-12-17 15:00:00,15,Routine,Normal
LO113970,APP040878,PAT04270,DOC018,DEP007,FAC003,LAB015,Electrolytes Panel,Biochemistry,2025-02-13,2025-02-15,2025-02-19 17:00:00,113,Stat,Normal
LO113971,APP011843,PAT04561,DOC020,DEP006,FAC005,LAB015,Electrolytes Panel,Biochemistry,2025-07-02,2025-07-03,2025-07-07 22:00:00,118,Routine,Abnormal
LO113975,APP045006,PAT00032,DOC034,DEP001,FAC004,LAB005,Kidney Function Test,Biochemistry,2025-02-03,2025-02-03,2025-02-04 19:00:00,43,Routine,Normal
LO113985,APP033150,PAT03234,DOC018,DEP007,FAC003,LAB006,Thyroid Profile,Immunology,2025-03-18,2025-03-20,2025-03-22 13:00:00,61,Routine,Normal
LO113991,APP022437,PAT04983,DOC003,DEP001,FAC003,LAB006,Thyroid Profile,Immunology,2025-04-10,2025-04-12,2025-04-16 17:00:00,113,Routine,Normal
LO113993,APP037848,PAT04041,DOC013,DEP005,FAC003,LAB013,COVID PCR,Molecular Diagnostics,2025-11-16,2025-11-18,2025-11-19 10:00:00,34,Routine,Normal
LO114005,APP030478,PAT00922,DOC005,DEP001,FAC005,LAB005,Kidney Function Test,Biochemistry,2025-02-15,2025-02-16,2025-02-16 07:00:00,7,Routine,Abnormal
LO114007,APP005080,PAT08094,DOC029,DEP007,FAC004,LAB001,Complete Blood Count,Hematology,2025-05-08,2025-05-09,2025-05-09 21:00:00,21,Routine,Normal
LO114017,APP046115,PAT08626,DOC030,DEP008,FAC005,LAB007,Urine Routine,Microbiology,2025-05-17,2025-05-17,2025-05-21 18:00:00,114,Routine,Normal
LO114020,APP025092,PAT05305,DOC016,DEP004,FAC001,LAB002,Blood Glucose,Biochemistry,2025-08-02,2025-08-03,2025-08-05 02:00:00,50,Routine,Normal
LO114022,APP014143,PAT05398,DOC024,DEP006,FAC004,LAB012,HbA1c,Biochemistry,2025-08-30,2025-09-01,2025-09-04 05:00:00,77,Urgent,Normal
LO114024,APP046602,PAT07504,DOC038,DEP005,FAC003,LAB010,Ultrasound Abdomen,Radiology,2025-05-20,2025-05-20,2025-05-22 00:00:00,48,Routine,Normal
LO114028,APP042866,PAT06071,DOC010,DEP003,FAC005,LAB004,Liver Function Test,Biochemistry,2025-07-14,2025-07-14,2025-07-16 19:00:00,67,Routine,Normal
LO114040,APP034071,PAT09626,DOC002,DEP001,FAC002,LAB012,HbA1c,Biochemistry,2025-11-10,2025-11-12,2025-11-15 10:00:00,82,Routine,Normal
LO114041,APP044729,PAT06114,DOC034,DEP001,FAC004,LAB013,COVID PCR,Molecular Diagnostics,2025-05-10,2025-05-10,2025-05-11 15:00:00,39,Urgent,Abnormal
LO114045,APP036508,PAT05413,DOC027,DEP001,FAC002,LAB012,HbA1c,Biochemistry,2025-06-02,2025-06-04,2025-06-07 00:00:00,72,Routine,Normal
LO114048,APP008285,PAT08887,DOC031,DEP001,FAC001,LAB015,Electrolytes Panel,Biochemistry,2025-10-05,2025-10-05,2025-10-05 10:00:00,10,Routine,Normal
LO114050,APP026963,PAT04515,DOC013,DEP005,FAC003,LAB011,ECG,Cardiology Diagnostics,2025-05-20,2025-05-22,2025-05-25 05:00:00,77,Routine,Normal
LO114056,APP025020,PAT06951,DOC026,DEP008,FAC001,LAB002,Blood Glucose,Biochemistry,2025-03-22,2025-03-22,2025-03-25 23:00:00,95,Routine,Normal
LO114067,APP019309,PAT00926,DOC009,DEP002,FAC004,LAB012,HbA1c,Biochemistry,2025-07-05,2025-07-05,2025-07-06 00:00:00,24,Routine,Normal
LO114068,APP035185,PAT03308,DOC026,DEP008,FAC001,LAB014,Blood Culture,Microbiology,2025-11-12,2025-11-13,2025-11-16 16:00:00,88,Routine,Normal
LO114079,APP015315,PAT04014,DOC024,DEP006,FAC004,LAB001,Complete Blood Count,Hematology,2025-01-26,2025-01-28,2025-02-01 04:00:00,100,Routine,Abnormal
LO114084,APP038873,PAT03117,DOC018,DEP007,FAC003,LAB013,COVID PCR,Molecular Diagnostics,2025-09-19,2025-09-19,2025-09-19 06:00:00,6,Routine,Normal
LO114101,APP029185,PAT01374,DOC004,DEP001,FAC004,LAB015,Electrolytes Panel,Biochemistry,2025-12-09,2025-12-11,2025-12-14 20:00:00,92,Routine,Normal
LO114106,APP014750,PAT05013,DOC034,DEP001,FAC004,LAB001,Complete Blood Count,Hematology,2025-11-19,2025-11-20,2025-11-23 12:00:00,84,Routine,Normal
LO114107,APP028462,PAT07502,DOC020,DEP006,FAC005,LAB008,Urine Culture,Microbiology,2025-09-18,2025-09-20,2025-09-23 10:00:00,82,Routine,Normal
LO114115,APP026401,PAT01633,DOC036,DEP002,FAC001,LAB011,ECG,Cardiology Diagnostics,2025-12-24,2025-12-26,2025-12-28 22:00:00,70,Routine,Normal
LO114117,APP024814,PAT07320,DOC012,DEP005,FAC002,LAB004,Liver Function Test,Biochemistry,2025-08-19,2025-08-21,2025-08-22 09:00:00,33,Routine,Normal
LO114118,APP033679,PAT08402,DOC006,DEP002,FAC001,LAB005,Kidney Function Test,Biochemistry,2025-10-13,2025-10-13,2025-10-17 19:00:00,115,Routine,Normal
LO114119,APP002987,PAT08145,DOC022,DEP007,FAC002,LAB010,Ultrasound Abdomen,Radiology,2025-05-10,2025-05-12,2025-05-13 01:00:00,25,Routine,Normal
LO114125,APP028264,PAT04448,DOC033,DEP003,FAC003,LAB015,Electrolytes Panel,Biochemistry,2025-05-01,2025-05-01,2025-05-05 11:00:00,107,Routine,Normal
LO114126,APP027693,PAT07530,DOC005,DEP001,FAC005,LAB009,Chest X-Ray,Radiology,2025-02-11,2025-02-13,2025-02-17 11:00:00,107,Routine,Normal
LO114128,APP036983,PAT02678,DOC001,DEP001,FAC001,LAB004,Liver Function Test,Biochemistry,2025-12-21,2025-12-21,2025-12-23 21:00:00,69,Routine,Abnormal
LO114138,APP032802,PAT02037,DOC029,DEP007,FAC004,LAB007,Urine Routine,Microbiology,2025-03-20,2025-03-22,2025-03-23 20:00:00,44,Routine,Normal
LO114144,APP029845,PAT09020,DOC009,DEP002,FAC004,LAB015,Electrolytes Panel,Biochemistry,2025-01-14,2025-01-16,2025-01-20 21:00:00,117,Routine,Normal
LO114149,APP018059,PAT04297,DOC011,DEP003,FAC001,LAB005,Kidney Function Test,Biochemistry,2025-02-06,2025-02-07,2025-02-11 08:00:00,104,Stat,Normal
LO114162,APP047433,PAT04085,DOC038,DEP005,FAC003,LAB006,Thyroid Profile,Immunology,2025-11-25,2025-11-26,2025-11-27 17:00:00,41,Routine,Normal
LO114167,APP037057,PAT03861,DOC005,DEP001,FAC005,LAB002,Blood Glucose,Biochemistry,2025-02-04,2025-02-06,2025-02-08 22:00:00,70,Routine,Abnormal
LO114171,APP048491,PAT00451,DOC020,DEP006,FAC005,LAB011,ECG,Cardiology Diagnostics,2025-07-04,2025-07-04,2025-07-06 02:00:00,50,Routine,Normal
LO114172,APP005990,PAT02324,DOC034,DEP001,FAC004,LAB003,Lipid Profile,Biochemistry,2025-01-20,2025-01-22,2025-01-24 00:00:00,48,Routine,Abnormal
LO114173,APP047443,PAT08150,DOC033,DEP003,FAC003,LAB006,Thyroid Profile,Immunology,2025-05-28,2025-05-28,2025-05-29 01:00:00,25,Routine,Normal
LO114176,APP015838,PAT01702,DOC036,DEP002,FAC001,LAB006,Thyroid Profile,Immunology,2025-09-18,2025-09-19,2025-09-19 20:00:00,20,Urgent,Normal
LO114177,APP025371,PAT01027,DOC005,DEP001,FAC005,LAB011,ECG,Cardiology Diagnostics,2025-04-03,2025-04-03,2025-04-07 21:00:00,117,Urgent,Normal
LO114181,APP004093,PAT02705,DOC040,DEP003,FAC005,LAB009,Chest X-Ray,Radiology,2025-03-17,2025-03-17,2025-03-18 09:00:00,33,Routine,Abnormal
LO114184,APP009570,PAT02118,DOC021,DEP005,FAC001,LAB001,Complete Blood Count,Hematology,2025-07-23,2025-07-25,2025-07-28 02:00:00,74,Routine,Normal
LO114188,APP023160,PAT03959,DOC027,DEP001,FAC002,LAB014,Blood Culture,Microbiology,2025-03-15,2025-03-16,2025-03-20 17:00:00,113,Routine,Normal
LO114190,APP012019,PAT03729,DOC012,DEP005,FAC002,LAB003,Lipid Profile,Biochemistry,2025-12-11,2025-12-11,2025-12-11 19:00:00,19,Routine,Normal
LO114191,APP000803,PAT07866,DOC016,DEP004,FAC001,LAB012,HbA1c,Biochemistry,2025-09-07,2025-09-09,2025-09-09 17:00:00,17,Routine,Abnormal
LO114198,APP032405,PAT04296,DOC017,DEP006,FAC002,LAB002,Blood Glucose,Biochemistry,2025-04-11,2025-04-13,2025-04-16 06:00:00,78,Routine,Abnormal
LO114199,APP044499,PAT02003,DOC017,DEP006,FAC002,LAB003,Lipid Profile,Biochemistry,2025-03-20,2025-03-22,2025-03-26 02:00:00,98,Routine,Normal
LO114200,APP014878,PAT09941,DOC003,DEP001,FAC003,LAB015,Electrolytes Panel,Biochemistry,2025-04-06,2025-04-07,2025-04-09 16:00:00,64,Routine,Normal
LO114202,APP021787,PAT08269,DOC028,DEP001,FAC003,LAB006,Thyroid Profile,Immunology,2025-11-27,2025-11-27,2025-11-30 11:00:00,83,Routine,Normal
LO114205,APP024495,PAT00915,DOC014,DEP004,FAC004,LAB009,Chest X-Ray,Radiology,2025-04-06,2025-04-07,2025-04-11 08:00:00,104,Routine,Normal
LO114206,APP038691,PAT04216,DOC016,DEP004,FAC001,LAB007,Urine Routine,Microbiology,2025-08-13,2025-08-15,2025-08-18 04:00:00,76,Routine,Normal
LO114208,APP027848,PAT00569,DOC031,DEP001,FAC001,LAB001,Complete Blood Count,Hematology,2025-06-09,2025-06-10,2025-06-10 10:00:00,10,Routine,Normal
LO114211,APP035315,PAT01663,DOC039,DEP002,FAC004,LAB007,Urine Routine,Microbiology,2025-04-12,2025-04-12,2025-04-14 08:00:00,56,Routine,Normal
LO114212,APP004759,PAT02457,DOC001,DEP001,FAC001,LAB006,Thyroid Profile,Immunology,2025-01-02,2025-01-03,2025-01-06 20:00:00,92,Stat,Normal
LO114220,APP004770,PAT08518,DOC007,DEP002,FAC002,LAB003,Lipid Profile,Biochemistry,2025-01-11,2025-01-13,2025-01-16 15:00:00,87,Routine,Critical
LO114225,APP027504,PAT06001,DOC013,DEP005,FAC003,LAB012,HbA1c,Biochemistry,2025-01-10,2025-01-11,2025-01-13 12:00:00,60,Routine,Normal
LO114227,APP041275,PAT03956,DOC029,DEP007,FAC004,LAB010,Ultrasound Abdomen,Radiology,2025-07-12,2025-07-12,2025-07-16 22:00:00,118,Routine,Normal
LO114232,APP023798,PAT07551,DOC036,DEP002,FAC001,LAB006,Thyroid Profile,Immunology,2025-06-05,2025-06-05,2025-06-08 19:00:00,91,Routine,Normal
LO114236,APP043150,PAT03269,DOC021,DEP005,FAC001,LAB015,Electrolytes Panel,Biochemistry,2025-07-30,2025-07-30,2025-08-02 20:00:00,92,Routine,Abnormal
LO114255,APP020553,PAT04430,DOC009,DEP002,FAC004,LAB005,Kidney Function Test,Biochemistry,2025-05-22,2025-05-24,2025-05-27 06:00:00,78,Routine,Abnormal
LO114256,APP006471,PAT04680,DOC027,DEP001,FAC002,LAB005,Kidney Function Test,Biochemistry,2025-09-11,2025-09-13,2025-09-16 11:00:00,83,Routine,Normal
LO114261,APP024324,PAT02555,DOC040,DEP003,FAC005,LAB008,Urine Culture,Microbiology,2025-02-19,2025-02-19,2025-02-19 16:00:00,16,Routine,Normal
LO114264,APP031909,PAT06424,DOC020,DEP006,FAC005,LAB011,ECG,Cardiology Diagnostics,2025-03-20,2025-03-22,2025-03-23 16:00:00,40,Routine,Normal
LO114265,APP046582,PAT03661,DOC004,DEP001,FAC004,LAB009,Chest X-Ray,Radiology,2025-06-30,2025-07-02,2025-07-02 21:00:00,21,Routine,Normal
LO114267,APP023061,PAT02030,DOC011,DEP003,FAC001,LAB008,Urine Culture,Microbiology,2025-12-31,2026-01-02,2026-01-06 02:00:00,98,Routine,Normal
LO114270,APP017851,PAT00669,DOC002,DEP001,FAC002,LAB005,Kidney Function Test,Biochemistry,2025-09-04,2025-09-06,2025-09-10 12:00:00,108,Routine,Abnormal
LO114279,APP018573,PAT02806,DOC034,DEP001,FAC004,LAB011,ECG,Cardiology Diagnostics,2025-10-05,2025-10-05,2025-10-05 17:00:00,17,Routine,Abnormal
LO114280,APP047788,PAT07337,DOC008,DEP003,FAC003,LAB002,Blood Glucose,Biochemistry,2025-05-02,2025-05-03,2025-05-05 11:00:00,59,Routine,Normal
LO114297,APP005030,PAT06606,DOC024,DEP006,FAC004,LAB003,Lipid Profile,Biochemistry,2025-04-12,2025-04-13,2025-04-17 15:00:00,111,Urgent,Normal
LO114304,APP041113,PAT08998,DOC028,DEP001,FAC003,LAB015,Electrolytes Panel,Biochemistry,2025-11-19,2025-11-20,2025-11-21 08:00:00,32,Routine,Normal
LO114315,APP000204,PAT02821,DOC007,DEP002,FAC002,LAB011,ECG,Cardiology Diagnostics,2025-07-31,2025-08-01,2025-08-04 02:00:00,74,Routine,Normal
LO114316,APP027640,PAT08696,DOC019,DEP005,FAC004,LAB014,Blood Culture,Microbiology,2025-10-07,2025-10-08,2025-10-11 00:00:00,72,Routine,Normal
LO114320,APP026809,PAT08511,DOC031,DEP001,FAC001,LAB004,Liver Function Test,Biochemistry,2025-04-10,2025-04-12,2025-04-12 18:00:00,18,Routine,Critical
LO114322,APP033103,PAT07924,DOC024,DEP006,FAC004,LAB007,Urine Routine,Microbiology,2025-08-02,2025-08-02,2025-08-06 16:00:00,112,Urgent,Abnormal
LO114325,APP005210,PAT00426,DOC022,DEP007,FAC002,LAB008,Urine Culture,Microbiology,2025-02-10,2025-02-11,2025-02-12 13:00:00,37,Routine,Normal
LO114335,APP001022,PAT03326,DOC008,DEP003,FAC003,LAB005,Kidney Function Test,Biochemistry,2025-09-22,2025-09-24,2025-09-27 12:00:00,84,Stat,Abnormal
LO114357,APP005515,PAT05174,DOC034,DEP001,FAC004,LAB008,Urine Culture,Microbiology,2025-10-03,2025-10-03,2025-10-05 20:00:00,68,Routine,Normal
LO114361,APP031298,PAT04095,DOC003,DEP001,FAC003,LAB009,Chest X-Ray,Radiology,2025-06-03,2025-06-04,2025-06-08 09:00:00,105,Routine,Abnormal
LO114365,APP025193,PAT08035,DOC003,DEP001,FAC003,LAB011,ECG,Cardiology Diagnostics,2025-03-24,2025-03-26,2025-03-27 00:00:00,24,Urgent,Abnormal
LO114369,APP023028,PAT04124,DOC014,DEP004,FAC004,LAB007,Urine Routine,Microbiology,2025-05-14,2025-05-14,2025-05-14 19:00:00,19,Urgent,Abnormal
LO114372,APP025395,PAT08094,DOC029,DEP007,FAC004,LAB003,Lipid Profile,Biochemistry,2025-07-07,2025-07-08,2025-07-11 08:00:00,80,Urgent,Normal
LO114373,APP041567,PAT05475,DOC011,DEP003,FAC001,LAB014,Blood Culture,Microbiology,2025-01-11,2025-01-12,2025-01-15 22:00:00,94,Urgent,Normal
LO114374,APP007688,PAT05815,DOC017,DEP006,FAC002,LAB001,Complete Blood Count,Hematology,2025-02-26,2025-02-28,2025-03-03 06:00:00,78,Routine,Abnormal
LO114391,APP013027,PAT04790,DOC001,DEP001,FAC001,LAB001,Complete Blood Count,Hematology,2025-05-27,2025-05-27,2025-05-27 19:00:00,19,Routine,Normal
LO114399,APP049037,PAT02022,DOC030,DEP008,FAC005,LAB001,Complete Blood Count,Hematology,2025-12-09,2025-12-11,2025-12-12 17:00:00,41,Routine,Normal
LO114403,APP046144,PAT02010,DOC040,DEP003,FAC005,LAB013,COVID PCR,Molecular Diagnostics,2025-04-02,2025-04-04,2025-04-04 14:00:00,14,Routine,Abnormal
LO114409,APP012419,PAT07151,DOC035,DEP001,FAC005,LAB009,Chest X-Ray,Radiology,2025-02-24,2025-02-26,2025-02-28 01:00:00,49,Routine,Normal
LO114418,APP041755,PAT02678,DOC012,DEP005,FAC002,LAB011,ECG,Cardiology Diagnostics,2025-07-12,2025-07-12,2025-07-14 23:00:00,71,Routine,Abnormal
LO114426,APP027309,PAT00564,DOC038,DEP005,FAC003,LAB014,Blood Culture,Microbiology,2025-03-19,2025-03-20,2025-03-22 11:00:00,59,Routine,Normal
LO114428,APP039474,PAT07303,DOC011,DEP003,FAC001,LAB013,COVID PCR,Molecular Diagnostics,2025-12-03,2025-12-03,2025-12-07 17:00:00,113,Routine,Normal
LO114438,APP025625,PAT04829,DOC016,DEP004,FAC001,LAB008,Urine Culture,Microbiology,2025-04-20,2025-04-20,2025-04-21 17:00:00,41,Routine,Normal
LO114439,APP030248,PAT01965,DOC002,DEP001,FAC002,LAB012,HbA1c,Biochemistry,2025-08-12,2025-08-12,2025-08-15 18:00:00,90,Routine,Normal
LO114442,APP039607,PAT03548,DOC038,DEP005,FAC003,LAB001,Complete Blood Count,Hematology,2025-05-18,2025-05-19,2025-05-20 11:00:00,35,Routine,Normal
LO114450,APP045807,PAT08066,DOC027,DEP001,FAC002,LAB003,Lipid Profile,Biochemistry,2025-05-14,2025-05-16,2025-05-19 04:00:00,76,Routine,Normal
LO114451,APP009174,PAT05362,DOC002,DEP001,FAC002,LAB014,Blood Culture,Microbiology,2025-01-22,2025-01-24,2025-01-26 22:00:00,70,Routine,Normal
LO114460,APP011292,PAT04032,DOC003,DEP001,FAC003,LAB003,Lipid Profile,Biochemistry,2025-01-25,2025-01-26,2025-01-29 20:00:00,92,Routine,Normal
LO114470,APP033995,PAT06652,DOC037,DEP005,FAC002,LAB010,Ultrasound Abdomen,Radiology,2025-07-05,2025-07-07,2025-07-11 17:00:00,113,Routine,Normal
LO114485,APP025981,PAT08179,DOC019,DEP005,FAC004,LAB014,Blood Culture,Microbiology,2025-02-04,2025-02-05,2025-02-08 14:00:00,86,Routine,Critical
LO114490,APP018026,PAT09431,DOC026,DEP008,FAC001,LAB013,COVID PCR,Molecular Diagnostics,2025-07-06,2025-07-08,2025-07-11 01:00:00,73,Routine,Normal
LO114494,APP009627,PAT00567,DOC012,DEP005,FAC002,LAB013,COVID PCR,Molecular Diagnostics,2025-06-10,2025-06-11,2025-06-13 22:00:00,70,Routine,Normal
LO114511,APP012932,PAT01399,DOC025,DEP007,FAC005,LAB003,Lipid Profile,Biochemistry,2025-05-25,2025-05-27,2025-05-29 04:00:00,52,Routine,Normal
LO114512,APP039461,PAT05528,DOC002,DEP001,FAC002,LAB013,COVID PCR,Molecular Diagnostics,2025-03-18,2025-03-19,2025-03-19 11:00:00,11,Routine,Normal
LO114524,APP008909,PAT09090,DOC017,DEP006,FAC002,LAB008,Urine Culture,Microbiology,2025-08-11,2025-08-11,2025-08-14 22:00:00,94,Urgent,Normal
LO114526,APP045770,PAT01714,DOC034,DEP001,FAC004,LAB015,Electrolytes Panel,Biochemistry,2025-08-13,2025-08-15,2025-08-16 17:00:00,41,Routine,Abnormal
LO114527,APP046273,PAT01255,DOC038,DEP005,FAC003,LAB014,Blood Culture,Microbiology,2025-12-13,2025-12-14,2025-12-14 08:00:00,8,Routine,Normal
LO114528,APP038040,PAT02030,DOC011,DEP003,FAC001,LAB013,COVID PCR,Molecular Diagnostics,2025-05-05,2025-05-05,2025-05-08 16:00:00,88,Routine,Normal
LO114529,APP036829,PAT02590,DOC006,DEP002,FAC001,LAB011,ECG,Cardiology Diagnostics,2025-08-30,2025-08-30,2025-09-03 06:00:00,102,Urgent,Normal
LO114533,APP035932,PAT02488,DOC034,DEP001,FAC004,LAB015,Electrolytes Panel,Biochemistry,2025-12-22,2025-12-23,2025-12-24 10:00:00,34,Routine,Normal
LO114550,APP022391,PAT03972,DOC007,DEP002,FAC002,LAB014,Blood Culture,Microbiology,2025-02-07,2025-02-09,2025-02-13 00:00:00,96,Urgent,Normal
LO114554,APP039862,PAT04266,DOC010,DEP003,FAC005,LAB015,Electrolytes Panel,Biochemistry,2025-11-13,2025-11-13,2025-11-17 04:00:00,100,Routine,Abnormal
LO114558,APP016572,PAT00380,DOC022,DEP007,FAC002,LAB011,ECG,Cardiology Diagnostics,2025-10-27,2025-10-28,2025-10-29 15:00:00,39,Routine,Normal
LO114562,APP042698,PAT07629,DOC005,DEP001,FAC005,LAB008,Urine Culture,Microbiology,2025-07-11,2025-07-12,2025-07-15 09:00:00,81,Routine,Normal
LO114564,APP039818,PAT03600,DOC039,DEP002,FAC004,LAB010,Ultrasound Abdomen,Radiology,2025-04-26,2025-04-26,2025-05-01 00:00:00,120,Routine,Normal
LO114570,APP044624,PAT01115,DOC021,DEP005,FAC001,LAB011,ECG,Cardiology Diagnostics,2025-10-01,2025-10-02,2025-10-03 05:00:00,29,Routine,Normal
LO114575,APP003445,PAT04731,DOC026,DEP008,FAC001,LAB008,Urine Culture,Microbiology,2025-05-18,2025-05-20,2025-05-24 19:00:00,115,Urgent,Normal
LO114589,APP038162,PAT06897,DOC007,DEP002,FAC002,LAB008,Urine Culture,Microbiology,2025-05-19,2025-05-21,2025-05-23 08:00:00,56,Routine,Normal
LO114601,APP020796,PAT09821,DOC029,DEP007,FAC004,LAB008,Urine Culture,Microbiology,2025-08-16,2025-08-16,2025-08-19 14:00:00,86,Routine,Normal
LO114602,APP030291,PAT00531,DOC039,DEP002,FAC004,LAB011,ECG,Cardiology Diagnostics,2025-01-30,2025-02-01,2025-02-04 09:00:00,81,Routine,Abnormal
LO114604,APP035941,PAT01054,DOC003,DEP001,FAC003,LAB011,ECG,Cardiology Diagnostics,2025-08-21,2025-08-22,2025-08-23 17:00:00,41,Routine,Normal
LO114605,APP002989,PAT02003,DOC030,DEP008,FAC005,LAB014,Blood Culture,Microbiology,2025-11-28,2025-11-30,2025-11-30 22:00:00,22,Routine,Abnormal
LO114610,APP038384,PAT02440,DOC024,DEP006,FAC004,LAB003,Lipid Profile,Biochemistry,2025-08-09,2025-08-10,2025-08-12 21:00:00,69,Urgent,Normal
LO114611,APP016548,PAT02685,DOC013,DEP005,FAC003,LAB002,Blood Glucose,Biochemistry,2025-07-15,2025-07-15,2025-07-18 05:00:00,77,Routine,Normal
LO114619,APP007501,PAT00103,DOC031,DEP001,FAC001,LAB014,Blood Culture,Microbiology,2025-07-02,2025-07-02,2025-07-06 21:00:00,117,Stat,Normal
LO114620,APP024454,PAT09418,DOC012,DEP005,FAC002,LAB008,Urine Culture,Microbiology,2025-11-06,2025-11-07,2025-11-10 23:00:00,95,Routine,Normal
LO114628,APP035550,PAT06182,DOC036,DEP002,FAC001,LAB005,Kidney Function Test,Biochemistry,2025-02-18,2025-02-19,2025-02-19 14:00:00,14,Routine,Normal
LO114634,APP019174,PAT02857,DOC009,DEP002,FAC004,LAB015,Electrolytes Panel,Biochemistry,2025-11-14,2025-11-15,2025-11-15 21:00:00,21,Routine,Normal
LO114640,APP018559,PAT07337,DOC020,DEP006,FAC005,LAB009,Chest X-Ray,Radiology,2025-05-30,2025-05-30,2025-05-31 05:00:00,29,Routine,Normal
LO114646,APP043563,PAT02513,DOC005,DEP001,FAC005,LAB004,Liver Function Test,Biochemistry,2025-02-14,2025-02-14,2025-02-15 19:00:00,43,Routine,Normal
LO114648,APP028994,PAT05873,DOC009,DEP002,FAC004,LAB008,Urine Culture,Microbiology,2025-05-19,2025-05-19,2025-05-19 21:00:00,21,Routine,Normal
LO114649,APP008789,PAT07218,DOC002,DEP001,FAC002,LAB002,Blood Glucose,Biochemistry,2025-01-01,2025-01-02,2025-01-05 10:00:00,82,Routine,Normal
LO114651,APP017744,PAT01237,DOC004,DEP001,FAC004,LAB012,HbA1c,Biochemistry,2025-05-21,2025-05-22,2025-05-24 12:00:00,60,Routine,Normal
LO114659,APP035828,PAT02716,DOC004,DEP001,FAC004,LAB004,Liver Function Test,Biochemistry,2025-07-11,2025-07-12,2025-07-16 08:00:00,104,Routine,Normal
LO114661,APP035591,PAT04095,DOC004,DEP001,FAC004,LAB004,Liver Function Test,Biochemistry,2025-06-07,2025-06-09,2025-06-12 18:00:00,90,Routine,Normal
LO114662,APP049933,PAT06073,DOC037,DEP005,FAC002,LAB004,Liver Function Test,Biochemistry,2025-08-17,2025-08-17,2025-08-19 17:00:00,65,Routine,Normal
LO114663,APP018070,PAT06299,DOC021,DEP005,FAC001,LAB001,Complete Blood Count,Hematology,2025-04-01,2025-04-03,2025-04-06 09:00:00,81,Routine,Abnormal
LO114665,APP046766,PAT09262,DOC040,DEP003,FAC005,LAB004,Liver Function Test,Biochemistry,2025-09-29,2025-09-30,2025-09-30 17:00:00,17,Routine,Normal
LO114685,APP016500,PAT08178,DOC022,DEP007,FAC002,LAB005,Kidney Function Test,Biochemistry,2025-11-18,2025-11-20,2025-11-21 21:00:00,45,Routine,Normal
LO114688,APP018036,PAT08216,DOC039,DEP002,FAC004,LAB004,Liver Function Test,Biochemistry,2025-07-14,2025-07-14,2025-07-14 18:00:00,18,Routine,Normal
LO114689,APP011146,PAT07306,DOC039,DEP002,FAC004,LAB009,Chest X-Ray,Radiology,2025-10-09,2025-10-10,2025-10-13 02:00:00,74,Urgent,Critical
LO114692,APP047053,PAT08952,DOC006,DEP002,FAC001,LAB001,Complete Blood Count,Hematology,2025-02-13,2025-02-14,2025-02-15 02:00:00,26,Routine,Abnormal
LO114693,APP043868,PAT01351,DOC040,DEP003,FAC005,LAB015,Electrolytes Panel,Biochemistry,2025-05-01,2025-05-01,2025-05-05 01:00:00,97,Routine,Normal
LO114694,APP038358,PAT05658,DOC006,DEP002,FAC001,LAB012,HbA1c,Biochemistry,2025-06-18,2025-06-18,2025-06-20 07:00:00,55,Routine,Normal
LO114697,APP023221,PAT09239,DOC027,DEP001,FAC002,LAB009,Chest X-Ray,Radiology,2025-09-14,2025-09-16,2025-09-19 20:00:00,92,Urgent,Normal
LO114698,APP033153,PAT04924,DOC028,DEP001,FAC003,LAB008,Urine Culture,Microbiology,2025-08-04,2025-08-04,2025-08-06 07:00:00,55,Routine,Normal
LO114701,APP009292,PAT00519,DOC027,DEP001,FAC002,LAB012,HbA1c,Biochemistry,2025-02-06,2025-02-06,2025-02-08 05:00:00,53,Routine,Normal
LO114711,APP044404,PAT09482,DOC034,DEP001,FAC004,LAB013,COVID PCR,Molecular Diagnostics,2025-02-07,2025-02-08,2025-02-11 16:00:00,88,Routine,Normal
LO114713,APP004877,PAT05513,DOC024,DEP006,FAC004,LAB004,Liver Function Test,Biochemistry,2025-11-11,2025-11-12,2025-11-14 14:00:00,62,Stat,Abnormal
LO114717,APP043584,PAT07634,DOC024,DEP006,FAC004,LAB007,Urine Routine,Microbiology,2025-05-05,2025-05-06,2025-05-08 03:00:00,51,Routine,Normal
LO114718,APP026121,PAT05889,DOC028,DEP001,FAC003,LAB004,Liver Function Test,Biochemistry,2025-08-08,2025-08-10,2025-08-10 04:00:00,4,Routine,Normal
LO114719,APP033874,PAT01394,DOC024,DEP006,FAC004,LAB002,Blood Glucose,Biochemistry,2025-11-25,2025-11-25,2025-11-28 08:00:00,80,Urgent,Normal
LO114728,APP045122,PAT03078,DOC037,DEP005,FAC002,LAB003,Lipid Profile,Biochemistry,2025-12-20,2025-12-22,2025-12-25 18:00:00,90,Routine,Normal
LO114734,APP032920,PAT03887,DOC007,DEP002,FAC002,LAB009,Chest X-Ray,Radiology,2025-01-09,2025-01-10,2025-01-14 01:00:00,97,Routine,Normal
LO114743,APP033056,PAT06835,DOC003,DEP001,FAC003,LAB010,Ultrasound Abdomen,Radiology,2025-01-24,2025-01-24,2025-01-25 05:00:00,29,Stat,Normal
LO114744,APP042522,PAT01966,DOC016,DEP004,FAC001,LAB012,HbA1c,Biochemistry,2025-07-07,2025-07-08,2025-07-11 22:00:00,94,Routine,Normal
LO114748,APP048498,PAT09124,DOC005,DEP001,FAC005,LAB014,Blood Culture,Microbiology,2025-12-10,2025-12-11,2025-12-13 15:00:00,63,Routine,Normal
LO114753,APP002459,PAT02817,DOC016,DEP004,FAC001,LAB002,Blood Glucose,Biochemistry,2025-08-25,2025-08-26,2025-08-26 15:00:00,15,Routine,Normal
LO114756,APP044022,PAT04751,DOC025,DEP007,FAC005,LAB002,Blood Glucose,Biochemistry,2025-05-13,2025-05-15,2025-05-17 03:00:00,51,Routine,Normal
LO114764,APP028496,PAT09662,DOC006,DEP002,FAC001,LAB013,COVID PCR,Molecular Diagnostics,2025-07-01,2025-07-01,2025-07-03 05:00:00,53,Routine,Normal
LO114769,APP039694,PAT09973,DOC009,DEP002,FAC004,LAB001,Complete Blood Count,Hematology,2025-05-06,2025-05-06,2025-05-08 18:00:00,66,Urgent,Abnormal
LO114770,APP012511,PAT00100,DOC030,DEP008,FAC005,LAB012,HbA1c,Biochemistry,2025-10-15,2025-10-16,2025-10-18 16:00:00,64,Routine,Normal
LO114771,APP017370,PAT08889,DOC029,DEP007,FAC004,LAB010,Ultrasound Abdomen,Radiology,2025-09-05,2025-09-06,2025-09-09 05:00:00,77,Routine,Normal
LO114775,APP049960,PAT03121,DOC002,DEP001,FAC002,LAB006,Thyroid Profile,Immunology,2025-01-23,2025-01-23,2025-01-25 00:00:00,48,Routine,Normal
LO114777,APP034318,PAT04360,DOC034,DEP001,FAC004,LAB008,Urine Culture,Microbiology,2025-11-21,2025-11-21,2025-11-22 10:00:00,34,Routine,Abnormal
LO114782,APP006784,PAT03547,DOC033,DEP003,FAC003,LAB010,Ultrasound Abdomen,Radiology,2025-08-26,2025-08-27,2025-09-01 00:00:00,120,Urgent,Normal
LO114785,APP029151,PAT03480,DOC025,DEP007,FAC005,LAB007,Urine Routine,Microbiology,2025-03-03,2025-03-03,2025-03-05 07:00:00,55,Routine,Abnormal
LO114786,APP003543,PAT08392,DOC040,DEP003,FAC005,LAB002,Blood Glucose,Biochemistry,2025-09-19,2025-09-21,2025-09-22 18:00:00,42,Routine,Normal
LO114789,APP006289,PAT00189,DOC036,DEP002,FAC001,LAB015,Electrolytes Panel,Biochemistry,2025-03-19,2025-03-19,2025-03-19 01:00:00,1,Urgent,Normal
LO114799,APP003115,PAT01283,DOC037,DEP005,FAC002,LAB010,Ultrasound Abdomen,Radiology,2025-11-02,2025-11-03,2025-11-07 23:00:00,119,Routine,Normal
LO114800,APP044141,PAT01741,DOC034,DEP001,FAC004,LAB009,Chest X-Ray,Radiology,2025-05-20,2025-05-21,2025-05-25 02:00:00,98,Routine,Normal
LO114806,APP004424,PAT02125,DOC018,DEP007,FAC003,LAB009,Chest X-Ray,Radiology,2025-11-01,2025-11-01,2025-11-04 16:00:00,88,Stat,Normal
LO114809,APP031088,PAT01607,DOC029,DEP007,FAC004,LAB015,Electrolytes Panel,Biochemistry,2025-04-15,2025-04-15,2025-04-15 01:00:00,1,Routine,Normal
LO114810,APP049365,PAT03708,DOC028,DEP001,FAC003,LAB006,Thyroid Profile,Immunology,2025-07-05,2025-07-07,2025-07-08 04:00:00,28,Urgent,Normal
LO114820,APP026982,PAT05737,DOC028,DEP001,FAC003,LAB006,Thyroid Profile,Immunology,2025-05-29,2025-05-31,2025-06-01 03:00:00,27,Urgent,Critical
LO114832,APP015293,PAT04537,DOC027,DEP001,FAC002,LAB001,Complete Blood Count,Hematology,2025-12-18,2025-12-19,2025-12-19 13:00:00,13,Routine,Normal
LO114834,APP023613,PAT03483,DOC010,DEP003,FAC005,LAB007,Urine Routine,Microbiology,2025-10-21,2025-10-23,2025-10-27 05:00:00,101,Urgent,Normal
LO114835,APP034855,PAT08518,DOC019,DEP005,FAC004,LAB005,Kidney Function Test,Biochemistry,2025-10-31,2025-11-01,2025-11-01 18:00:00,18,Routine,Abnormal
LO114838,APP038870,PAT03403,DOC024,DEP006,FAC004,LAB006,Thyroid Profile,Immunology,2025-03-09,2025-03-10,2025-03-11 17:00:00,41,Routine,Normal
LO114861,APP003224,PAT09238,DOC017,DEP006,FAC002,LAB015,Electrolytes Panel,Biochemistry,2025-03-05,2025-03-06,2025-03-09 18:00:00,90,Routine,Normal
LO114864,APP033345,PAT07976,DOC040,DEP003,FAC005,LAB005,Kidney Function Test,Biochemistry,2025-09-08,2025-09-09,2025-09-09 13:00:00,13,Routine,Normal
LO114882,APP023774,PAT05390,DOC030,DEP008,FAC005,LAB009,Chest X-Ray,Radiology,2025-04-11,2025-04-13,2025-04-16 08:00:00,80,Routine,Abnormal
LO114884,APP042376,PAT09989,DOC035,DEP001,FAC005,LAB009,Chest X-Ray,Radiology,2025-02-08,2025-02-10,2025-02-11 15:00:00,39,Routine,Normal
LO114890,APP003812,PAT03291,DOC019,DEP005,FAC004,LAB010,Ultrasound Abdomen,Radiology,2025-05-11,2025-05-13,2025-05-17 01:00:00,97,Routine,Abnormal
LO114895,APP021893,PAT00264,DOC007,DEP002,FAC002,LAB013,COVID PCR,Molecular Diagnostics,2025-01-12,2025-01-12,2025-01-16 14:00:00,110,Routine,Abnormal
LO114898,APP042742,PAT09354,DOC031,DEP001,FAC001,LAB001,Complete Blood Count,Hematology,2025-01-23,2025-01-24,2025-01-26 04:00:00,52,Routine,Abnormal
LO114899,APP001701,PAT05100,DOC019,DEP005,FAC004,LAB009,Chest X-Ray,Radiology,2025-08-01,2025-08-01,2025-08-03 01:00:00,49,Routine,Normal
LO114905,APP033173,PAT00903,DOC033,DEP003,FAC003,LAB001,Complete Blood Count,Hematology,2025-05-25,2025-05-25,2025-05-28 11:00:00,83,Routine,Normal
LO114906,APP013811,PAT07096,DOC026,DEP008,FAC001,LAB011,ECG,Cardiology Diagnostics,2025-10-12,2025-10-14,2025-10-18 22:00:00,118,Routine,Abnormal
LO114910,APP006862,PAT03546,DOC005,DEP001,FAC005,LAB012,HbA1c,Biochemistry,2025-02-11,2025-02-11,2025-02-13 16:00:00,64,Routine,Normal
LO114923,APP002263,PAT04983,DOC013,DEP005,FAC003,LAB006,Thyroid Profile,Immunology,2025-03-23,2025-03-23,2025-03-26 19:00:00,91,Urgent,Normal
LO114926,APP019903,PAT01721,DOC026,DEP008,FAC001,LAB015,Electrolytes Panel,Biochemistry,2025-11-22,2025-11-24,2025-11-25 15:00:00,39,Routine,Normal
LO114931,APP017121,PAT08049,DOC011,DEP003,FAC001,LAB004,Liver Function Test,Biochemistry,2025-07-16,2025-07-17,2025-07-17 10:00:00,10,Routine,Normal
LO114934,APP021113,PAT00300,DOC010,DEP003,FAC005,LAB011,ECG,Cardiology Diagnostics,2025-05-10,2025-05-12,2025-05-15 09:00:00,81,Routine,Normal
LO114937,APP013750,PAT02821,DOC007,DEP002,FAC002,LAB006,Thyroid Profile,Immunology,2025-11-28,2025-11-28,2025-11-29 03:00:00,27,Routine,Normal
LO114938,APP012233,PAT03335,DOC033,DEP003,FAC003,LAB014,Blood Culture,Microbiology,2025-04-24,2025-04-24,2025-04-27 21:00:00,93,Routine,Normal
LO114947,APP008739,PAT02681,DOC021,DEP005,FAC001,LAB001,Complete Blood Count,Hematology,2025-09-05,2025-09-07,2025-09-10 15:00:00,87,Routine,Abnormal
LO114951,APP045710,PAT00876,DOC003,DEP001,FAC003,LAB015,Electrolytes Panel,Biochemistry,2025-10-05,2025-10-05,2025-10-06 23:00:00,47,Routine,Abnormal
LO114952,APP039373,PAT00480,DOC036,DEP002,FAC001,LAB010,Ultrasound Abdomen,Radiology,2025-10-18,2025-10-20,2025-10-23 20:00:00,92,Routine,Normal
LO114953,APP047058,PAT07573,DOC022,DEP007,FAC002,LAB008,Urine Culture,Microbiology,2025-09-07,2025-09-08,2025-09-10 17:00:00,65,Routine,Normal
LO114956,APP048754,PAT06934,DOC038,DEP005,FAC003,LAB002,Blood Glucose,Biochemistry,2025-06-18,2025-06-20,2025-06-23 09:00:00,81,Routine,Abnormal
LO114974,APP038099,PAT02125,DOC036,DEP002,FAC001,LAB005,Kidney Function Test,Biochemistry,2025-01-10,2025-01-12,2025-01-13 06:00:00,30,Routine,Normal
LO114984,APP040487,PAT04630,DOC038,DEP005,FAC003,LAB011,ECG,Cardiology Diagnostics,2025-12-15,2025-12-15,2025-12-19 21:00:00,117,Routine,Normal
LO114988,APP041846,PAT01576,DOC023,DEP008,FAC003,LAB010,Ultrasound Abdomen,Radiology,2025-10-17,2025-10-17,2025-10-20 19:00:00,91,Routine,Normal
LO115003,APP038483,PAT02183,DOC017,DEP006,FAC002,LAB005,Kidney Function Test,Biochemistry,2025-07-08,2025-07-09,2025-07-10 05:00:00,29,Routine,Normal
LO115013,APP018681,PAT07884,DOC026,DEP008,FAC001,LAB001,Complete Blood Count,Hematology,2025-09-24,2025-09-24,2025-09-24 02:00:00,2,Routine,Normal
LO115014,APP034878,PAT03112,DOC028,DEP001,FAC003,LAB010,Ultrasound Abdomen,Radiology,2025-12-18,2025-12-18,2025-12-20 05:00:00,53,Stat,Normal
LO115015,APP006660,PAT01890,DOC008,DEP003,FAC003,LAB010,Ultrasound Abdomen,Radiology,2025-04-04,2025-04-05,2025-04-06 12:00:00,36,Routine,Normal
LO115016,APP031243,PAT04901,DOC013,DEP005,FAC003,LAB002,Blood Glucose,Biochemistry,2025-11-05,2025-11-07,2025-11-11 10:00:00,106,Urgent,Normal
LO115021,APP029843,PAT08938,DOC019,DEP005,FAC004,LAB010,Ultrasound Abdomen,Radiology,2025-06-23,2025-06-24,2025-06-27 23:00:00,95,Routine,Normal
LO115026,APP047176,PAT03121,DOC033,DEP003,FAC003,LAB004,Liver Function Test,Biochemistry,2025-11-18,2025-11-19,2025-11-20 05:00:00,29,Routine,Normal
LO115030,APP049437,PAT04039,DOC031,DEP001,FAC001,LAB014,Blood Culture,Microbiology,2025-07-27,2025-07-28,2025-07-28 23:00:00,23,Routine,Normal
LO115038,APP037829,PAT00469,DOC006,DEP002,FAC001,LAB013,COVID PCR,Molecular Diagnostics,2025-08-09,2025-08-10,2025-08-14 03:00:00,99,Routine,Normal
LO115043,APP032790,PAT03298,DOC033,DEP003,FAC003,LAB013,COVID PCR,Molecular Diagnostics,2025-09-22,2025-09-24,2025-09-24 20:00:00,20,Routine,Normal
LO115052,APP028753,PAT02936,DOC013,DEP005,FAC003,LAB001,Complete Blood Count,Hematology,2025-07-02,2025-07-02,2025-07-04 23:00:00,71,Routine,Normal
LO115053,APP021200,PAT06162,DOC031,DEP001,FAC001,LAB003,Lipid Profile,Biochemistry,2025-08-04,2025-08-06,2025-08-06 01:00:00,1,Routine,Normal
LO115072,APP007991,PAT07979,DOC035,DEP001,FAC005,LAB010,Ultrasound Abdomen,Radiology,2025-10-15,2025-10-16,2025-10-20 02:00:00,98,Routine,Abnormal
LO115074,APP001716,PAT07151,DOC040,DEP003,FAC005,LAB008,Urine Culture,Microbiology,2025-11-23,2025-11-25,2025-11-27 20:00:00,68,Routine,Normal
LO115075,APP031184,PAT00352,DOC028,DEP001,FAC003,LAB011,ECG,Cardiology Diagnostics,2025-11-01,2025-11-01,2025-11-05 10:00:00,106,Routine,Normal
LO115076,APP040284,PAT07111,DOC037,DEP005,FAC002,LAB008,Urine Culture,Microbiology,2025-07-23,2025-07-24,2025-07-27 05:00:00,77,Urgent,Normal
LO115082,APP003503,PAT00411,DOC025,DEP007,FAC005,LAB002,Blood Glucose,Biochemistry,2025-12-01,2025-12-03,2025-12-05 23:00:00,71,Routine,Normal
LO115098,APP036242,PAT03843,DOC004,DEP001,FAC004,LAB012,HbA1c,Biochemistry,2025-02-02,2025-02-02,2025-02-03 02:00:00,26,Routine,Abnormal
LO115100,APP013262,PAT08918,DOC013,DEP005,FAC003,LAB007,Urine Routine,Microbiology,2025-04-29,2025-04-30,2025-05-03 22:00:00,94,Stat,Normal
LO115107,APP040910,PAT07230,DOC025,DEP007,FAC005,LAB007,Urine Routine,Microbiology,2025-06-22,2025-06-23,2025-06-26 06:00:00,78,Routine,Normal
LO115110,APP005829,PAT07014,DOC024,DEP006,FAC004,LAB014,Blood Culture,Microbiology,2025-03-16,2025-03-16,2025-03-17 07:00:00,31,Stat,Normal
LO115115,APP040187,PAT00926,DOC007,DEP002,FAC002,LAB011,ECG,Cardiology Diagnostics,2025-10-07,2025-10-09,2025-10-13 22:00:00,118,Routine,Normal
LO115121,APP009284,PAT00016,DOC017,DEP006,FAC002,LAB005,Kidney Function Test,Biochemistry,2025-11-07,2025-11-09,2025-11-09 01:00:00,1,Routine,Normal
LO115124,APP002239,PAT05847,DOC022,DEP007,FAC002,LAB007,Urine Routine,Microbiology,2025-07-22,2025-07-22,2025-07-23 13:00:00,37,Routine,Normal
LO115129,APP028962,PAT06949,DOC026,DEP008,FAC001,LAB007,Urine Routine,Microbiology,2025-05-27,2025-05-27,2025-05-29 19:00:00,67,Routine,Normal
LO115133,APP038862,PAT10000,DOC039,DEP002,FAC004,LAB015,Electrolytes Panel,Biochemistry,2025-08-04,2025-08-04,2025-08-06 02:00:00,50,Routine,Normal
LO115135,APP040866,PAT02500,DOC016,DEP004,FAC001,LAB014,Blood Culture,Microbiology,2025-09-12,2025-09-13,2025-09-17 00:00:00,96,Routine,Normal
LO115140,APP000778,PAT08992,DOC027,DEP001,FAC002,LAB008,Urine Culture,Microbiology,2025-07-16,2025-07-18,2025-07-21 09:00:00,81,Routine,Normal
LO115141,APP022744,PAT07723,DOC008,DEP003,FAC003,LAB008,Urine Culture,Microbiology,2025-11-01,2025-11-01,2025-11-01 20:00:00,20,Routine,Normal
LO115142,APP000163,PAT06770,DOC031,DEP001,FAC001,LAB009,Chest X-Ray,Radiology,2025-08-24,2025-08-24,2025-08-27 10:00:00,82,Routine,Normal
LO115152,APP036168,PAT00114,DOC030,DEP008,FAC005,LAB011,ECG,Cardiology Diagnostics,2025-01-31,2025-01-31,2025-01-31 17:00:00,17,Urgent,Normal
LO115154,APP018651,PAT02920,DOC017,DEP006,FAC002,LAB012,HbA1c,Biochemistry,2025-07-06,2025-07-07,2025-07-09 01:00:00,49,Routine,Normal
LO115159,APP000950,PAT02100,DOC020,DEP006,FAC005,LAB006,Thyroid Profile,Immunology,2025-03-09,2025-03-10,2025-03-12 17:00:00,65,Routine,Abnormal
LO115160,APP004183,PAT07820,DOC002,DEP001,FAC002,LAB002,Blood Glucose,Biochemistry,2025-03-28,2025-03-30,2025-04-02 01:00:00,73,Routine,Normal
LO115162,APP026668,PAT03269,DOC001,DEP001,FAC001,LAB011,ECG,Cardiology Diagnostics,2025-04-18,2025-04-20,2025-04-22 16:00:00,64,Routine,Normal
LO115168,APP044653,PAT06598,DOC002,DEP001,FAC002,LAB012,HbA1c,Biochemistry,2025-10-04,2025-10-04,2025-10-04 23:00:00,23,Urgent,Normal
LO115171,APP021344,PAT07052,DOC034,DEP001,FAC004,LAB004,Liver Function Test,Biochemistry,2025-11-05,2025-11-06,2025-11-09 00:00:00,72,Routine,Abnormal
LO115173,APP048503,PAT02532,DOC024,DEP006,FAC004,LAB001,Complete Blood Count,Hematology,2025-09-28,2025-09-30,2025-10-03 08:00:00,80,Routine,Normal
LO115175,APP046336,PAT04354,DOC016,DEP004,FAC001,LAB006,Thyroid Profile,Immunology,2025-09-01,2025-09-01,2025-09-02 20:00:00,44,Routine,Normal
LO115176,APP000761,PAT06206,DOC032,DEP002,FAC002,LAB015,Electrolytes Panel,Biochemistry,2025-09-08,2025-09-10,2025-09-10 15:00:00,15,Urgent,Normal
LO115182,APP040061,PAT07768,DOC037,DEP005,FAC002,LAB013,COVID PCR,Molecular Diagnostics,2025-08-29,2025-08-31,2025-09-02 22:00:00,70,Urgent,Normal
LO115183,APP026580,PAT09469,DOC006,DEP002,FAC001,LAB004,Liver Function Test,Biochemistry,2025-01-04,2025-01-06,2025-01-10 00:00:00,96,Routine,Normal
LO115186,APP036355,PAT07229,DOC034,DEP001,FAC004,LAB015,Electrolytes Panel,Biochemistry,2025-04-16,2025-04-18,2025-04-20 19:00:00,67,Routine,Normal
LO115192,APP022892,PAT06683,DOC007,DEP002,FAC002,LAB004,Liver Function Test,Biochemistry,2025-07-05,2025-07-05,2025-07-09 22:00:00,118,Routine,Abnormal
LO115199,APP047835,PAT05703,DOC024,DEP006,FAC004,LAB009,Chest X-Ray,Radiology,2025-03-14,2025-03-15,2025-03-18 20:00:00,92,Routine,Critical
LO115205,APP009618,PAT00112,DOC032,DEP002,FAC002,LAB010,Ultrasound Abdomen,Radiology,2025-11-22,2025-11-22,2025-11-25 08:00:00,80,Routine,Normal
LO115207,APP036084,PAT05146,DOC024,DEP006,FAC004,LAB015,Electrolytes Panel,Biochemistry,2025-04-14,2025-04-15,2025-04-19 06:00:00,102,Routine,Normal
LO115211,APP029193,PAT02460,DOC006,DEP002,FAC001,LAB007,Urine Routine,Microbiology,2025-01-09,2025-01-09,2025-01-11 10:00:00,58,Routine,Normal
LO115216,APP011859,PAT09319,DOC013,DEP005,FAC003,LAB007,Urine Routine,Microbiology,2025-09-09,2025-09-09,2025-09-09 07:00:00,7,Routine,Normal
LO115220,APP001978,PAT01007,DOC017,DEP006,FAC002,LAB008,Urine Culture,Microbiology,2025-01-02,2025-01-02,2025-01-03 04:00:00,28,Routine,Normal
LO115221,APP031662,PAT08170,DOC002,DEP001,FAC002,LAB015,Electrolytes Panel,Biochemistry,2025-06-27,2025-06-29,2025-06-29 13:00:00,13,Routine,Normal
LO115229,APP039096,PAT04154,DOC007,DEP002,FAC002,LAB008,Urine Culture,Microbiology,2025-07-15,2025-07-16,2025-07-17 07:00:00,31,Routine,Normal
LO115230,APP009123,PAT08006,DOC026,DEP008,FAC001,LAB001,Complete Blood Count,Hematology,2025-09-24,2025-09-24,2025-09-26 19:00:00,67,Routine,Abnormal
LO115233,APP029529,PAT06215,DOC008,DEP003,FAC003,LAB004,Liver Function Test,Biochemistry,2025-03-05,2025-03-07,2025-03-11 19:00:00,115,Routine,Normal
LO115234,APP006381,PAT06809,DOC040,DEP003,FAC005,LAB009,Chest X-Ray,Radiology,2025-12-05,2025-12-07,2025-12-08 19:00:00,43,Routine,Normal
LO115235,APP015730,PAT07370,DOC028,DEP001,FAC003,LAB015,Electrolytes Panel,Biochemistry,2025-12-25,2025-12-26,2025-12-29 10:00:00,82,Routine,Normal
LO115250,APP035701,PAT04831,DOC024,DEP006,FAC004,LAB011,ECG,Cardiology Diagnostics,2025-05-12,2025-05-14,2025-05-18 13:00:00,109,Urgent,Normal
LO115251,APP026287,PAT03746,DOC008,DEP003,FAC003,LAB013,COVID PCR,Molecular Diagnostics,2025-07-08,2025-07-10,2025-07-11 23:00:00,47,Stat,Normal
LO115252,APP035934,PAT09314,DOC022,DEP007,FAC002,LAB012,HbA1c,Biochemistry,2025-01-14,2025-01-16,2025-01-17 13:00:00,37,Routine,Normal
LO115257,APP038972,PAT01745,DOC036,DEP002,FAC001,LAB006,Thyroid Profile,Immunology,2025-01-06,2025-01-07,2025-01-09 04:00:00,52,Routine,Normal
LO115258,APP025821,PAT05924,DOC020,DEP006,FAC005,LAB007,Urine Routine,Microbiology,2025-08-27,2025-08-29,2025-09-01 16:00:00,88,Routine,Normal
LO115261,APP024624,PAT01724,DOC004,DEP001,FAC004,LAB001,Complete Blood Count,Hematology,2025-01-12,2025-01-12,2025-01-14 08:00:00,56,Routine,Normal
LO115264,APP020651,PAT00978,DOC011,DEP003,FAC001,LAB008,Urine Culture,Microbiology,2025-11-08,2025-11-10,2025-11-12 07:00:00,55,Routine,Normal
LO115273,APP041106,PAT04405,DOC021,DEP005,FAC001,LAB005,Kidney Function Test,Biochemistry,2025-04-05,2025-04-05,2025-04-09 20:00:00,116,Routine,Normal
LO115275,APP011380,PAT00412,DOC009,DEP002,FAC004,LAB013,COVID PCR,Molecular Diagnostics,2025-07-27,2025-07-27,2025-07-30 17:00:00,89,Urgent,Normal
LO115281,APP044103,PAT07530,DOC029,DEP007,FAC004,LAB003,Lipid Profile,Biochemistry,2025-03-30,2025-03-31,2025-04-03 10:00:00,82,Routine,Normal
LO115285,APP013981,PAT02237,DOC010,DEP003,FAC005,LAB009,Chest X-Ray,Radiology,2025-08-10,2025-08-10,2025-08-13 19:00:00,91,Routine,Normal
LO115288,APP029119,PAT03972,DOC031,DEP001,FAC001,LAB001,Complete Blood Count,Hematology,2025-10-15,2025-10-17,2025-10-20 00:00:00,72,Routine,Normal
LO115296,APP033380,PAT02486,DOC006,DEP002,FAC001,LAB009,Chest X-Ray,Radiology,2025-12-11,2025-12-12,2025-12-14 08:00:00,56,Routine,Normal
LO115298,APP003579,PAT07766,DOC028,DEP001,FAC003,LAB006,Thyroid Profile,Immunology,2025-06-19,2025-06-20,2025-06-23 21:00:00,93,Stat,Normal
LO115304,APP016219,PAT05513,DOC038,DEP005,FAC003,LAB011,ECG,Cardiology Diagnostics,2025-09-29,2025-10-01,2025-10-05 13:00:00,109,Routine,Normal
LO115305,APP041269,PAT01796,DOC011,DEP003,FAC001,LAB007,Urine Routine,Microbiology,2025-01-02,2025-01-03,2025-01-05 00:00:00,48,Routine,Abnormal
LO115313,APP025481,PAT06260,DOC033,DEP003,FAC003,LAB009,Chest X-Ray,Radiology,2025-02-02,2025-02-03,2025-02-04 16:00:00,40,Routine,Normal
LO115325,APP040930,PAT07965,DOC014,DEP004,FAC004,LAB001,Complete Blood Count,Hematology,2025-04-26,2025-04-27,2025-04-30 11:00:00,83,Routine,Normal
LO115327,APP040415,PAT00745,DOC017,DEP006,FAC002,LAB006,Thyroid Profile,Immunology,2025-06-08,2025-06-08,2025-06-11 06:00:00,78,Routine,Abnormal
LO115338,APP022201,PAT00737,DOC032,DEP002,FAC002,LAB006,Thyroid Profile,Immunology,2025-04-26,2025-04-27,2025-04-27 18:00:00,18,Routine,Normal
LO115340,APP013367,PAT03308,DOC032,DEP002,FAC002,LAB012,HbA1c,Biochemistry,2025-07-09,2025-07-11,2025-07-14 21:00:00,93,Routine,Normal
LO115341,APP040657,PAT00697,DOC017,DEP006,FAC002,LAB010,Ultrasound Abdomen,Radiology,2025-10-06,2025-10-06,2025-10-07 22:00:00,46,Routine,Abnormal
LO115345,APP001655,PAT03899,DOC013,DEP005,FAC003,LAB006,Thyroid Profile,Immunology,2025-08-07,2025-08-08,2025-08-09 03:00:00,27,Routine,Abnormal
LO115346,APP016660,PAT08956,DOC025,DEP007,FAC005,LAB010,Ultrasound Abdomen,Radiology,2025-11-13,2025-11-13,2025-11-15 09:00:00,57,Routine,Abnormal
LO115363,APP027963,PAT08274,DOC040,DEP003,FAC005,LAB007,Urine Routine,Microbiology,2025-04-12,2025-04-13,2025-04-13 12:00:00,12,Routine,Normal
LO115370,APP023549,PAT07041,DOC033,DEP003,FAC003,LAB011,ECG,Cardiology Diagnostics,2025-05-02,2025-05-04,2025-05-04 15:00:00,15,Urgent,Normal
LO115372,APP001674,PAT08745,DOC004,DEP001,FAC004,LAB001,Complete Blood Count,Hematology,2025-03-16,2025-03-18,2025-03-22 04:00:00,100,Routine,Abnormal
LO115373,APP013323,PAT02185,DOC013,DEP005,FAC003,LAB009,Chest X-Ray,Radiology,2025-01-22,2025-01-22,2025-01-26 05:00:00,101,Routine,Normal
LO115377,APP008557,PAT05501,DOC032,DEP002,FAC002,LAB005,Kidney Function Test,Biochemistry,2025-05-19,2025-05-20,2025-05-21 00:00:00,24,Routine,Normal
LO115381,APP007821,PAT06267,DOC024,DEP006,FAC004,LAB013,COVID PCR,Molecular Diagnostics,2025-05-01,2025-05-01,2025-05-01 06:00:00,6,Urgent,Normal
LO115382,APP009639,PAT09566,DOC016,DEP004,FAC001,LAB012,HbA1c,Biochemistry,2025-05-11,2025-05-12,2025-05-14 12:00:00,60,Routine,Normal
LO115389,APP043231,PAT01316,DOC038,DEP005,FAC003,LAB007,Urine Routine,Microbiology,2025-11-13,2025-11-14,2025-11-17 11:00:00,83,Routine,Normal
LO115390,APP000099,PAT02821,DOC031,DEP001,FAC001,LAB001,Complete Blood Count,Hematology,2025-02-21,2025-02-21,2025-02-22 23:00:00,47,Routine,Normal
LO115409,APP016334,PAT04082,DOC015,DEP005,FAC005,LAB010,Ultrasound Abdomen,Radiology,2025-08-18,2025-08-20,2025-08-24 00:00:00,96,Routine,Abnormal
LO115415,APP001508,PAT00612,DOC033,DEP003,FAC003,LAB006,Thyroid Profile,Immunology,2025-03-30,2025-04-01,2025-04-02 14:00:00,38,Routine,Normal
LO115439,APP002540,PAT08745,DOC019,DEP005,FAC004,LAB011,ECG,Cardiology Diagnostics,2025-08-30,2025-08-30,2025-09-03 14:00:00,110,Routine,Normal
LO115443,APP039549,PAT09159,DOC026,DEP008,FAC001,LAB005,Kidney Function Test,Biochemistry,2025-01-02,2025-01-04,2025-01-04 01:00:00,1,Routine,Normal
LO115451,APP011449,PAT09050,DOC015,DEP005,FAC005,LAB015,Electrolytes Panel,Biochemistry,2025-04-28,2025-04-29,2025-05-02 04:00:00,76,Routine,Normal
LO115455,APP046972,PAT06322,DOC031,DEP001,FAC001,LAB013,COVID PCR,Molecular Diagnostics,2025-07-08,2025-07-08,2025-07-08 05:00:00,5,Routine,Normal
LO115459,APP041571,PAT02021,DOC016,DEP004,FAC001,LAB004,Liver Function Test,Biochemistry,2025-01-07,2025-01-07,2025-01-10 07:00:00,79,Routine,Normal
LO115462,APP036984,PAT08269,DOC002,DEP001,FAC002,LAB001,Complete Blood Count,Hematology,2025-05-16,2025-05-17,2025-05-21 09:00:00,105,Urgent,Abnormal
LO115475,APP021859,PAT00480,DOC018,DEP007,FAC003,LAB014,Blood Culture,Microbiology,2025-06-01,2025-06-02,2025-06-06 23:00:00,119,Routine,Normal
LO115477,APP006320,PAT06791,DOC026,DEP008,FAC001,LAB006,Thyroid Profile,Immunology,2025-09-02,2025-09-03,2025-09-04 14:00:00,38,Routine,Normal
LO115486,APP021805,PAT04862,DOC016,DEP004,FAC001,LAB011,ECG,Cardiology Diagnostics,2025-12-06,2025-12-08,2025-12-08 14:00:00,14,Urgent,Normal
LO115494,APP024478,PAT08490,DOC005,DEP001,FAC005,LAB011,ECG,Cardiology Diagnostics,2025-07-11,2025-07-12,2025-07-16 12:00:00,108,Routine,Abnormal
LO115501,APP032231,PAT06127,DOC006,DEP002,FAC001,LAB002,Blood Glucose,Biochemistry,2025-10-27,2025-10-29,2025-10-29 02:00:00,2,Routine,Normal
LO115505,APP032124,PAT03066,DOC032,DEP002,FAC002,LAB011,ECG,Cardiology Diagnostics,2025-07-07,2025-07-09,2025-07-12 02:00:00,74,Routine,Normal
LO115512,APP033846,PAT07586,DOC019,DEP005,FAC004,LAB001,Complete Blood Count,Hematology,2025-12-06,2025-12-06,2025-12-06 04:00:00,4,Routine,Abnormal
LO115516,APP036918,PAT01079,DOC006,DEP002,FAC001,LAB006,Thyroid Profile,Immunology,2025-09-29,2025-10-01,2025-10-05 08:00:00,104,Routine,Normal
LO115520,APP029298,PAT00182,DOC016,DEP004,FAC001,LAB011,ECG,Cardiology Diagnostics,2025-01-01,2025-01-02,2025-01-03 22:00:00,46,Urgent,Normal
LO115525,APP039084,PAT02457,DOC034,DEP001,FAC004,LAB005,Kidney Function Test,Biochemistry,2025-01-27,2025-01-29,2025-02-01 01:00:00,73,Routine,Critical
LO115530,APP046758,PAT04668,DOC011,DEP003,FAC001,LAB010,Ultrasound Abdomen,Radiology,2025-12-07,2025-12-08,2025-12-11 05:00:00,77,Urgent,Normal
LO115532,APP039127,PAT03496,DOC038,DEP005,FAC003,LAB014,Blood Culture,Microbiology,2025-05-14,2025-05-15,2025-05-17 23:00:00,71,Urgent,Normal
LO115534,APP002061,PAT05036,DOC025,DEP007,FAC005,LAB007,Urine Routine,Microbiology,2025-02-07,2025-02-08,2025-02-09 08:00:00,32,Routine,Normal
LO115541,APP034690,PAT03956,DOC033,DEP003,FAC003,LAB015,Electrolytes Panel,Biochemistry,2025-08-06,2025-08-06,2025-08-10 22:00:00,118,Routine,Normal
LO115542,APP005519,PAT09190,DOC037,DEP005,FAC002,LAB007,Urine Routine,Microbiology,2025-11-10,2025-11-10,2025-11-13 02:00:00,74,Routine,Normal
LO115544,APP035893,PAT00009,DOC026,DEP008,FAC001,LAB006,Thyroid Profile,Immunology,2025-01-11,2025-01-12,2025-01-13 16:00:00,40,Routine,Normal
LO115545,APP036674,PAT05647,DOC037,DEP005,FAC002,LAB002,Blood Glucose,Biochemistry,2025-08-27,2025-08-27,2025-08-28 11:00:00,35,Routine,Abnormal
LO115555,APP000789,PAT04343,DOC040,DEP003,FAC005,LAB011,ECG,Cardiology Diagnostics,2025-05-10,2025-05-11,2025-05-13 16:00:00,64,Routine,Abnormal
LO115571,APP027006,PAT04721,DOC039,DEP002,FAC004,LAB005,Kidney Function Test,Biochemistry,2025-02-17,2025-02-17,2025-02-18 13:00:00,37,Routine,Normal
LO115578,APP011030,PAT06770,DOC009,DEP002,FAC004,LAB001,Complete Blood Count,Hematology,2025-03-05,2025-03-06,2025-03-07 19:00:00,43,Routine,Normal
LO115588,APP015752,PAT04515,DOC009,DEP002,FAC004,LAB001,Complete Blood Count,Hematology,2025-02-12,2025-02-14,2025-02-17 16:00:00,88,Routine,Normal
LO115599,APP028775,PAT01088,DOC028,DEP001,FAC003,LAB012,HbA1c,Biochemistry,2025-02-24,2025-02-26,2025-03-01 07:00:00,79,Urgent,Abnormal
LO115603,APP023751,PAT01007,DOC015,DEP005,FAC005,LAB001,Complete Blood Count,Hematology,2025-05-24,2025-05-26,2025-05-29 14:00:00,86,Routine,Normal
LO115609,APP034822,PAT04581,DOC022,DEP007,FAC002,LAB012,HbA1c,Biochemistry,2025-10-21,2025-10-23,2025-10-24 21:00:00,45,Routine,Abnormal
LO115611,APP048019,PAT05782,DOC033,DEP003,FAC003,LAB007,Urine Routine,Microbiology,2025-12-14,2025-12-15,2025-12-19 14:00:00,110,Routine,Normal
LO115619,APP046729,PAT09648,DOC018,DEP007,FAC003,LAB011,ECG,Cardiology Diagnostics,2025-07-31,2025-08-01,2025-08-04 00:00:00,72,Routine,Normal
LO115624,APP024367,PAT07002,DOC023,DEP008,FAC003,LAB015,Electrolytes Panel,Biochemistry,2025-01-12,2025-01-12,2025-01-13 08:00:00,32,Routine,Normal
LO115640,APP034332,PAT03046,DOC031,DEP001,FAC001,LAB002,Blood Glucose,Biochemistry,2025-05-24,2025-05-24,2025-05-28 01:00:00,97,Routine,Normal
LO115641,APP042996,PAT01748,DOC008,DEP003,FAC003,LAB005,Kidney Function Test,Biochemistry,2025-10-31,2025-10-31,2025-11-03 23:00:00,95,Routine,Normal
LO115646,APP036537,PAT05427,DOC007,DEP002,FAC002,LAB012,HbA1c,Biochemistry,2025-03-10,2025-03-10,2025-03-14 15:00:00,111,Routine,Normal
LO115647,APP029333,PAT04871,DOC021,DEP005,FAC001,LAB011,ECG,Cardiology Diagnostics,2025-08-27,2025-08-27,2025-08-31 05:00:00,101,Routine,Abnormal
LO115654,APP043743,PAT07945,DOC027,DEP001,FAC002,LAB006,Thyroid Profile,Immunology,2025-03-12,2025-03-12,2025-03-13 15:00:00,39,Routine,Normal
LO115656,APP036140,PAT04330,DOC032,DEP002,FAC002,LAB004,Liver Function Test,Biochemistry,2025-07-22,2025-07-24,2025-07-26 08:00:00,56,Routine,Normal
LO115665,APP023877,PAT04246,DOC027,DEP001,FAC002,LAB002,Blood Glucose,Biochemistry,2025-02-24,2025-02-25,2025-03-01 15:00:00,111,Routine,Normal
LO115675,APP002544,PAT03373,DOC017,DEP006,FAC002,LAB002,Blood Glucose,Biochemistry,2025-10-01,2025-10-03,2025-10-07 14:00:00,110,Routine,Abnormal
LO115678,APP026623,PAT00248,DOC023,DEP008,FAC003,LAB013,COVID PCR,Molecular Diagnostics,2025-02-25,2025-02-27,2025-03-02 04:00:00,76,Urgent,Normal
LO115680,APP030980,PAT04879,DOC020,DEP006,FAC005,LAB006,Thyroid Profile,Immunology,2025-11-13,2025-11-13,2025-11-16 21:00:00,93,Routine,Normal
LO115683,APP025608,PAT03895,DOC025,DEP007,FAC005,LAB010,Ultrasound Abdomen,Radiology,2025-03-01,2025-03-01,2025-03-01 15:00:00,15,Routine,Abnormal
LO115701,APP030770,PAT06707,DOC019,DEP005,FAC004,LAB015,Electrolytes Panel,Biochemistry,2025-03-26,2025-03-27,2025-03-30 21:00:00,93,Stat,Normal
LO115702,APP010958,PAT02217,DOC007,DEP002,FAC002,LAB003,Lipid Profile,Biochemistry,2025-10-09,2025-10-10,2025-10-10 22:00:00,22,Routine,Normal
LO115706,APP022133,PAT05915,DOC034,DEP001,FAC004,LAB007,Urine Routine,Microbiology,2025-06-12,2025-06-12,2025-06-16 23:00:00,119,Routine,Normal
LO115718,APP028440,PAT09839,DOC012,DEP005,FAC002,LAB005,Kidney Function Test,Biochemistry,2025-02-20,2025-02-20,2025-02-24 23:00:00,119,Routine,Normal
LO115728,APP009461,PAT04013,DOC014,DEP004,FAC004,LAB002,Blood Glucose,Biochemistry,2025-07-06,2025-07-07,2025-07-07 13:00:00,13,Routine,Normal
LO115734,APP015467,PAT09732,DOC022,DEP007,FAC002,LAB011,ECG,Cardiology Diagnostics,2025-01-23,2025-01-25,2025-01-29 11:00:00,107,Stat,Normal
LO115735,APP006264,PAT08145,DOC017,DEP006,FAC002,LAB007,Urine Routine,Microbiology,2025-08-06,2025-08-06,2025-08-06 16:00:00,16,Routine,Normal
LO115738,APP027475,PAT08730,DOC020,DEP006,FAC005,LAB004,Liver Function Test,Biochemistry,2025-12-10,2025-12-11,2025-12-15 16:00:00,112,Routine,Normal
LO115744,APP025161,PAT08741,DOC002,DEP001,FAC002,LAB012,HbA1c,Biochemistry,2025-02-18,2025-02-18,2025-02-18 04:00:00,4,Routine,Normal
LO115745,APP000980,PAT02520,DOC010,DEP003,FAC005,LAB002,Blood Glucose,Biochemistry,2025-08-10,2025-08-11,2025-08-13 05:00:00,53,Routine,Normal
LO115762,APP006046,PAT01633,DOC005,DEP001,FAC005,LAB011,ECG,Cardiology Diagnostics,2025-11-17,2025-11-17,2025-11-20 12:00:00,84,Routine,Normal
LO115763,APP048869,PAT04123,DOC026,DEP008,FAC001,LAB006,Thyroid Profile,Immunology,2025-09-30,2025-10-01,2025-10-04 03:00:00,75,Routine,Normal
LO115765,APP049484,PAT01115,DOC032,DEP002,FAC002,LAB011,ECG,Cardiology Diagnostics,2025-01-21,2025-01-21,2025-01-22 13:00:00,37,Routine,Normal
LO115766,APP009906,PAT06685,DOC017,DEP006,FAC002,LAB004,Liver Function Test,Biochemistry,2025-12-20,2025-12-21,2025-12-24 11:00:00,83,Routine,Normal
LO115787,APP017412,PAT04430,DOC004,DEP001,FAC004,LAB001,Complete Blood Count,Hematology,2025-06-03,2025-06-05,2025-06-06 15:00:00,39,Routine,Normal
LO115792,APP013826,PAT09159,DOC005,DEP001,FAC005,LAB006,Thyroid Profile,Immunology,2025-10-10,2025-10-10,2025-10-14 14:00:00,110,Routine,Normal
LO115793,APP035086,PAT01452,DOC035,DEP001,FAC005,LAB006,Thyroid Profile,Immunology,2025-05-28,2025-05-28,2025-05-31 07:00:00,79,Routine,Normal
LO115799,APP005898,PAT00519,DOC037,DEP005,FAC002,LAB015,Electrolytes Panel,Biochemistry,2025-03-26,2025-03-26,2025-03-26 13:00:00,13,Routine,Normal
LO115804,APP043133,PAT01412,DOC017,DEP006,FAC002,LAB005,Kidney Function Test,Biochemistry,2025-01-02,2025-01-04,2025-01-05 01:00:00,25,Routine,Normal
LO115805,APP042305,PAT04879,DOC020,DEP006,FAC005,LAB011,ECG,Cardiology Diagnostics,2025-05-15,2025-05-15,2025-05-19 14:00:00,110,Urgent,Abnormal
LO115812,APP037476,PAT09090,DOC020,DEP006,FAC005,LAB011,ECG,Cardiology Diagnostics,2025-07-30,2025-07-31,2025-07-31 21:00:00,21,Routine,Normal
LO115813,APP038050,PAT00500,DOC013,DEP005,FAC003,LAB008,Urine Culture,Microbiology,2025-01-20,2025-01-21,2025-01-25 10:00:00,106,Routine,Normal
LO115816,APP026244,PAT09146,DOC004,DEP001,FAC004,LAB013,COVID PCR,Molecular Diagnostics,2025-09-10,2025-09-11,2025-09-11 01:00:00,1,Routine,Normal
LO115819,APP016606,PAT06322,DOC018,DEP007,FAC003,LAB001,Complete Blood Count,Hematology,2025-05-28,2025-05-29,2025-06-02 19:00:00,115,Urgent,Normal
LO115826,APP037835,PAT04851,DOC004,DEP001,FAC004,LAB011,ECG,Cardiology Diagnostics,2025-05-11,2025-05-12,2025-05-13 11:00:00,35,Routine,Abnormal
LO115828,APP033466,PAT04982,DOC038,DEP005,FAC003,LAB004,Liver Function Test,Biochemistry,2025-07-01,2025-07-01,2025-07-04 19:00:00,91,Routine,Abnormal
LO115832,APP020610,PAT01179,DOC040,DEP003,FAC005,LAB013,COVID PCR,Molecular Diagnostics,2025-10-09,2025-10-11,2025-10-15 15:00:00,111,Routine,Normal
LO115835,APP008374,PAT00840,DOC019,DEP005,FAC004,LAB015,Electrolytes Panel,Biochemistry,2025-11-30,2025-12-02,2025-12-04 13:00:00,61,Routine,Normal
LO115843,APP008179,PAT02134,DOC031,DEP001,FAC001,LAB014,Blood Culture,Microbiology,2025-08-16,2025-08-16,2025-08-19 01:00:00,73,Urgent,Normal
LO115844,APP021172,PAT03951,DOC028,DEP001,FAC003,LAB007,Urine Routine,Microbiology,2025-09-14,2025-09-14,2025-09-17 11:00:00,83,Routine,Normal
LO115846,APP001154,PAT04171,DOC019,DEP005,FAC004,LAB006,Thyroid Profile,Immunology,2025-08-21,2025-08-22,2025-08-23 04:00:00,28,Routine,Normal
LO115851,APP025315,PAT08671,DOC015,DEP005,FAC005,LAB004,Liver Function Test,Biochemistry,2025-05-22,2025-05-23,2025-05-27 16:00:00,112,Routine,Abnormal
LO115853,APP037164,PAT02799,DOC001,DEP001,FAC001,LAB015,Electrolytes Panel,Biochemistry,2025-10-14,2025-10-14,2025-10-16 13:00:00,61,Urgent,Normal
LO115859,APP000208,PAT03956,DOC028,DEP001,FAC003,LAB013,COVID PCR,Molecular Diagnostics,2025-02-07,2025-02-09,2025-02-10 17:00:00,41,Routine,Normal
LO115862,APP044059,PAT08142,DOC014,DEP004,FAC004,LAB013,COVID PCR,Molecular Diagnostics,2025-09-02,2025-09-04,2025-09-06 04:00:00,52,Routine,Abnormal
LO115866,APP049105,PAT01115,DOC005,DEP001,FAC005,LAB006,Thyroid Profile,Immunology,2025-07-04,2025-07-04,2025-07-05 12:00:00,36,Routine,Critical
LO115869,APP012420,PAT00425,DOC009,DEP002,FAC004,LAB001,Complete Blood Count,Hematology,2025-08-25,2025-08-25,2025-08-27 14:00:00,62,Routine,Normal
LO115872,APP005600,PAT04106,DOC039,DEP002,FAC004,LAB006,Thyroid Profile,Immunology,2025-03-07,2025-03-07,2025-03-07 15:00:00,15,Routine,Normal
LO115875,APP049591,PAT03275,DOC005,DEP001,FAC005,LAB008,Urine Culture,Microbiology,2025-04-05,2025-04-07,2025-04-07 08:00:00,8,Routine,Normal
LO115876,APP003758,PAT08216,DOC031,DEP001,FAC001,LAB003,Lipid Profile,Biochemistry,2025-01-01,2025-01-02,2025-01-05 10:00:00,82,Routine,Normal
LO115879,APP038253,PAT03468,DOC009,DEP002,FAC004,LAB015,Electrolytes Panel,Biochemistry,2025-09-19,2025-09-20,2025-09-21 00:00:00,24,Routine,Normal
LO115883,APP028652,PAT05081,DOC017,DEP006,FAC002,LAB014,Blood Culture,Microbiology,2025-04-02,2025-04-02,2025-04-06 22:00:00,118,Routine,Critical
LO115888,APP029030,PAT04818,DOC024,DEP006,FAC004,LAB013,COVID PCR,Molecular Diagnostics,2025-05-30,2025-06-01,2025-06-01 05:00:00,5,Routine,Normal
LO115894,APP026143,PAT03335,DOC005,DEP001,FAC005,LAB004,Liver Function Test,Biochemistry,2025-04-29,2025-05-01,2025-05-04 00:00:00,72,Routine,Normal
LO115903,APP037675,PAT07093,DOC031,DEP001,FAC001,LAB011,ECG,Cardiology Diagnostics,2025-11-23,2025-11-23,2025-11-24 15:00:00,39,Routine,Normal
LO115904,APP037684,PAT01581,DOC040,DEP003,FAC005,LAB002,Blood Glucose,Biochemistry,2025-06-12,2025-06-14,2025-06-14 17:00:00,17,Routine,Abnormal
LO115905,APP016874,PAT03289,DOC015,DEP005,FAC005,LAB011,ECG,Cardiology Diagnostics,2025-01-11,2025-01-13,2025-01-17 05:00:00,101,Routine,Normal
LO115909,APP011820,PAT04296,DOC032,DEP002,FAC002,LAB001,Complete Blood Count,Hematology,2025-04-25,2025-04-27,2025-04-29 09:00:00,57,Routine,Normal
LO115915,APP012892,PAT01200,DOC018,DEP007,FAC003,LAB011,ECG,Cardiology Diagnostics,2025-11-11,2025-11-12,2025-11-13 19:00:00,43,Routine,Normal
LO115920,APP047892,PAT07413,DOC038,DEP005,FAC003,LAB010,Ultrasound Abdomen,Radiology,2025-12-04,2025-12-04,2025-12-08 02:00:00,98,Routine,Normal
LO115931,APP041772,PAT00564,DOC035,DEP001,FAC005,LAB008,Urine Culture,Microbiology,2025-05-18,2025-05-18,2025-05-20 20:00:00,68,Routine,Normal
LO115933,APP042548,PAT01451,DOC003,DEP001,FAC003,LAB006,Thyroid Profile,Immunology,2025-03-30,2025-04-01,2025-04-03 15:00:00,63,Routine,Normal
LO115937,APP035960,PAT09028,DOC024,DEP006,FAC004,LAB015,Electrolytes Panel,Biochemistry,2025-10-23,2025-10-24,2025-10-25 06:00:00,30,Routine,Abnormal
LO115943,APP032034,PAT00032,DOC018,DEP007,FAC003,LAB006,Thyroid Profile,Immunology,2025-04-27,2025-04-27,2025-04-28 12:00:00,36,Routine,Normal
LO115946,APP006759,PAT06148,DOC003,DEP001,FAC003,LAB013,COVID PCR,Molecular Diagnostics,2025-05-20,2025-05-20,2025-05-21 13:00:00,37,Routine,Normal
LO115954,APP005724,PAT05932,DOC040,DEP003,FAC005,LAB001,Complete Blood Count,Hematology,2025-10-09,2025-10-09,2025-10-13 01:00:00,97,Urgent,Normal
LO115957,APP038533,PAT07269,DOC001,DEP001,FAC001,LAB002,Blood Glucose,Biochemistry,2025-10-14,2025-10-14,2025-10-15 16:00:00,40,Routine,Abnormal
LO115960,APP030985,PAT02096,DOC036,DEP002,FAC001,LAB009,Chest X-Ray,Radiology,2025-01-12,2025-01-13,2025-01-16 19:00:00,91,Urgent,Normal
LO115968,APP027903,PAT04405,DOC021,DEP005,FAC001,LAB007,Urine Routine,Microbiology,2025-11-03,2025-11-03,2025-11-07 05:00:00,101,Routine,Normal
LO115969,APP037058,PAT03796,DOC024,DEP006,FAC004,LAB014,Blood Culture,Microbiology,2025-03-11,2025-03-13,2025-03-15 09:00:00,57,Routine,Normal
LO115974,APP045868,PAT03657,DOC029,DEP007,FAC004,LAB004,Liver Function Test,Biochemistry,2025-07-18,2025-07-20,2025-07-24 04:00:00,100,Routine,Critical
LO115975,APP018997,PAT03775,DOC030,DEP008,FAC005,LAB015,Electrolytes Panel,Biochemistry,2025-04-10,2025-04-12,2025-04-16 01:00:00,97,Urgent,Normal
LO115979,APP011044,PAT02406,DOC002,DEP001,FAC002,LAB011,ECG,Cardiology Diagnostics,2025-08-18,2025-08-18,2025-08-20 10:00:00,58,Routine,Abnormal
LO115982,APP009708,PAT00327,DOC036,DEP002,FAC001,LAB006,Thyroid Profile,Immunology,2025-12-02,2025-12-04,2025-12-07 22:00:00,94,Routine,Normal
LO115984,APP010007,PAT07041,DOC037,DEP005,FAC002,LAB015,Electrolytes Panel,Biochemistry,2025-06-02,2025-06-04,2025-06-05 10:00:00,34,Routine,Normal
LO115986,APP019598,PAT07277,DOC027,DEP001,FAC002,LAB012,HbA1c,Biochemistry,2025-01-07,2025-01-07,2025-01-08 17:00:00,41,Routine,Normal
LO115989,APP015575,PAT02453,DOC014,DEP004,FAC004,LAB015,Electrolytes Panel,Biochemistry,2025-07-17,2025-07-18,2025-07-20 13:00:00,61,Routine,Normal
LO115995,APP011818,PAT00412,DOC037,DEP005,FAC002,LAB005,Kidney Function Test,Biochemistry,2025-10-08,2025-10-10,2025-10-11 02:00:00,26,Urgent,Normal
LO115997,APP024834,PAT06689,DOC021,DEP005,FAC001,LAB011,ECG,Cardiology Diagnostics,2025-02-19,2025-02-20,2025-02-24 13:00:00,109,Routine,Normal
LO116007,APP013638,PAT02803,DOC019,DEP005,FAC004,LAB012,HbA1c,Biochemistry,2025-11-08,2025-11-09,2025-11-10 17:00:00,41,Routine,Abnormal
LO116016,APP047716,PAT01715,DOC001,DEP001,FAC001,LAB013,COVID PCR,Molecular Diagnostics,2025-01-30,2025-02-01,2025-02-04 23:00:00,95,Routine,Normal
LO116020,APP015882,PAT03746,DOC010,DEP003,FAC005,LAB001,Complete Blood Count,Hematology,2025-12-07,2025-12-08,2025-12-09 10:00:00,34,Routine,Normal
LO116024,APP012106,PAT04890,DOC001,DEP001,FAC001,LAB015,Electrolytes Panel,Biochemistry,2025-02-05,2025-02-06,2025-02-08 17:00:00,65,Routine,Normal
LO116029,APP030245,PAT05741,DOC002,DEP001,FAC002,LAB015,Electrolytes Panel,Biochemistry,2025-03-10,2025-03-11,2025-03-15 04:00:00,100,Routine,Critical
LO116031,APP010112,PAT09141,DOC035,DEP001,FAC005,LAB008,Urine Culture,Microbiology,2025-08-16,2025-08-17,2025-08-18 20:00:00,44,Routine,Abnormal
LO116038,APP047061,PAT04748,DOC017,DEP006,FAC002,LAB010,Ultrasound Abdomen,Radiology,2025-08-04,2025-08-04,2025-08-07 14:00:00,86,Urgent,Abnormal
LO116043,APP010215,PAT04901,DOC004,DEP001,FAC004,LAB010,Ultrasound Abdomen,Radiology,2025-05-25,2025-05-26,2025-05-29 06:00:00,78,Urgent,Normal
LO116049,APP005521,PAT02183,DOC006,DEP002,FAC001,LAB002,Blood Glucose,Biochemistry,2025-01-20,2025-01-22,2025-01-26 16:00:00,112,Routine,Normal
LO116056,APP034751,PAT04302,DOC015,DEP005,FAC005,LAB009,Chest X-Ray,Radiology,2025-11-04,2025-11-06,2025-11-10 12:00:00,108,Routine,Normal
LO116067,APP014701,PAT03214,DOC009,DEP002,FAC004,LAB015,Electrolytes Panel,Biochemistry,2025-10-06,2025-10-06,2025-10-07 15:00:00,39,Routine,Normal
LO116068,APP047711,PAT03679,DOC018,DEP007,FAC003,LAB007,Urine Routine,Microbiology,2025-01-14,2025-01-14,2025-01-15 18:00:00,42,Routine,Normal
LO116070,APP000561,PAT09458,DOC039,DEP002,FAC004,LAB001,Complete Blood Count,Hematology,2025-02-26,2025-02-26,2025-02-27 05:00:00,29,Urgent,Abnormal
LO116075,APP042495,PAT07029,DOC038,DEP005,FAC003,LAB008,Urine Culture,Microbiology,2025-08-14,2025-08-15,2025-08-16 10:00:00,34,Routine,Abnormal
LO116079,APP011317,PAT02316,DOC002,DEP001,FAC002,LAB014,Blood Culture,Microbiology,2025-12-05,2025-12-07,2025-12-07 09:00:00,9,Routine,Normal
LO116080,APP016666,PAT08086,DOC040,DEP003,FAC005,LAB012,HbA1c,Biochemistry,2025-08-08,2025-08-08,2025-08-10 17:00:00,65,Routine,Normal
LO116097,APP014214,PAT02702,DOC029,DEP007,FAC004,LAB010,Ultrasound Abdomen,Radiology,2025-11-30,2025-12-01,2025-12-04 01:00:00,73,Routine,Normal
LO116104,APP045742,PAT09239,DOC009,DEP002,FAC004,LAB014,Blood Culture,Microbiology,2025-10-09,2025-10-10,2025-10-13 18:00:00,90,Routine,Normal
LO116108,APP026205,PAT06071,DOC015,DEP005,FAC005,LAB014,Blood Culture,Microbiology,2025-02-24,2025-02-26,2025-03-01 15:00:00,87,Stat,Normal
LO116118,APP026710,PAT02999,DOC014,DEP004,FAC004,LAB006,Thyroid Profile,Immunology,2025-09-07,2025-09-08,2025-09-08 22:00:00,22,Routine,Abnormal
LO116119,APP028790,PAT02877,DOC006,DEP002,FAC001,LAB011,ECG,Cardiology Diagnostics,2025-12-30,2026-01-01,2026-01-03 09:00:00,57,Routine,Normal
LO116122,APP026676,PAT02311,DOC004,DEP001,FAC004,LAB015,Electrolytes Panel,Biochemistry,2025-07-27,2025-07-28,2025-08-01 04:00:00,100,Routine,Normal
LO116126,APP038693,PAT06476,DOC012,DEP005,FAC002,LAB014,Blood Culture,Microbiology,2025-08-11,2025-08-12,2025-08-15 00:00:00,72,Routine,Normal
LO116137,APP020246,PAT03316,DOC014,DEP004,FAC004,LAB010,Ultrasound Abdomen,Radiology,2025-03-11,2025-03-12,2025-03-12 02:00:00,2,Routine,Normal
LO116141,APP032300,PAT07457,DOC016,DEP004,FAC001,LAB010,Ultrasound Abdomen,Radiology,2025-06-07,2025-06-09,2025-06-09 21:00:00,21,Routine,Normal
LO116151,APP023427,PAT02217,DOC029,DEP007,FAC004,LAB007,Urine Routine,Microbiology,2025-10-23,2025-10-25,2025-10-26 08:00:00,32,Urgent,Abnormal
LO116153,APP049942,PAT00316,DOC003,DEP001,FAC003,LAB009,Chest X-Ray,Radiology,2025-12-16,2025-12-17,2025-12-18 15:00:00,39,Routine,Abnormal
LO116169,APP020069,PAT04609,DOC033,DEP003,FAC003,LAB010,Ultrasound Abdomen,Radiology,2025-06-04,2025-06-06,2025-06-06 03:00:00,3,Routine,Normal
LO116172,APP045829,PAT06339,DOC024,DEP006,FAC004,LAB014,Blood Culture,Microbiology,2025-09-04,2025-09-04,2025-09-05 01:00:00,25,Routine,Normal
LO116173,APP034322,PAT08100,DOC013,DEP005,FAC003,LAB004,Liver Function Test,Biochemistry,2025-04-05,2025-04-07,2025-04-07 14:00:00,14,Routine,Normal
LO116177,APP013935,PAT07418,DOC006,DEP002,FAC001,LAB013,COVID PCR,Molecular Diagnostics,2025-04-06,2025-04-06,2025-04-09 14:00:00,86,Routine,Abnormal
LO116186,APP008233,PAT04818,DOC018,DEP007,FAC003,LAB008,Urine Culture,Microbiology,2025-09-17,2025-09-18,2025-09-22 02:00:00,98,Routine,Abnormal
LO116189,APP047408,PAT07403,DOC024,DEP006,FAC004,LAB010,Ultrasound Abdomen,Radiology,2025-09-17,2025-09-19,2025-09-21 13:00:00,61,Routine,Normal
LO116191,APP000065,PAT09124,DOC005,DEP001,FAC005,LAB015,Electrolytes Panel,Biochemistry,2025-05-01,2025-05-02,2025-05-04 21:00:00,69,Routine,Abnormal
LO116192,APP007538,PAT05465,DOC011,DEP003,FAC001,LAB004,Liver Function Test,Biochemistry,2025-12-22,2025-12-22,2025-12-22 09:00:00,9,Routine,Abnormal
LO116195,APP040437,PAT05035,DOC030,DEP008,FAC005,LAB004,Liver Function Test,Biochemistry,2025-10-07,2025-10-09,2025-10-13 17:00:00,113,Routine,Normal
LO116201,APP046010,PAT05730,DOC023,DEP008,FAC003,LAB006,Thyroid Profile,Immunology,2025-03-13,2025-03-15,2025-03-16 22:00:00,46,Routine,Normal
LO116202,APP012085,PAT05655,DOC001,DEP001,FAC001,LAB009,Chest X-Ray,Radiology,2025-11-26,2025-11-26,2025-11-27 09:00:00,33,Routine,Normal
LO116216,APP011168,PAT08875,DOC028,DEP001,FAC003,LAB014,Blood Culture,Microbiology,2025-06-09,2025-06-09,2025-06-09 16:00:00,16,Urgent,Normal
LO116219,APP001685,PAT08296,DOC020,DEP006,FAC005,LAB006,Thyroid Profile,Immunology,2025-10-03,2025-10-03,2025-10-06 17:00:00,89,Urgent,Normal
LO116225,APP015455,PAT07938,DOC008,DEP003,FAC003,LAB009,Chest X-Ray,Radiology,2025-12-03,2025-12-04,2025-12-08 19:00:00,115,Routine,Normal
LO116228,APP021949,PAT08583,DOC004,DEP001,FAC004,LAB003,Lipid Profile,Biochemistry,2025-05-18,2025-05-20,2025-05-20 05:00:00,5,Routine,Normal
LO116240,APP028982,PAT08958,DOC002,DEP001,FAC002,LAB013,COVID PCR,Molecular Diagnostics,2025-03-14,2025-03-16,2025-03-16 13:00:00,13,Urgent,Normal
LO116259,APP029569,PAT01373,DOC009,DEP002,FAC004,LAB013,COVID PCR,Molecular Diagnostics,2025-06-09,2025-06-09,2025-06-13 11:00:00,107,Routine,Normal
LO116264,APP016241,PAT03990,DOC037,DEP005,FAC002,LAB001,Complete Blood Count,Hematology,2025-02-23,2025-02-25,2025-02-28 17:00:00,89,Routine,Normal
LO116278,APP011741,PAT07108,DOC007,DEP002,FAC002,LAB015,Electrolytes Panel,Biochemistry,2025-02-09,2025-02-09,2025-02-11 13:00:00,61,Routine,Normal
LO116280,APP039157,PAT08511,DOC017,DEP006,FAC002,LAB005,Kidney Function Test,Biochemistry,2025-04-15,2025-04-15,2025-04-17 16:00:00,64,Routine,Normal
LO116281,APP018199,PAT05285,DOC023,DEP008,FAC003,LAB001,Complete Blood Count,Hematology,2025-01-04,2025-01-06,2025-01-10 06:00:00,102,Stat,Normal
LO116289,APP035386,PAT03315,DOC018,DEP007,FAC003,LAB005,Kidney Function Test,Biochemistry,2025-04-17,2025-04-17,2025-04-21 01:00:00,97,Routine,Normal
LO116291,APP045747,PAT00032,DOC008,DEP003,FAC003,LAB006,Thyroid Profile,Immunology,2025-02-15,2025-02-17,2025-02-18 05:00:00,29,Routine,Abnormal
LO116294,APP020943,PAT02040,DOC028,DEP001,FAC003,LAB011,ECG,Cardiology Diagnostics,2025-01-23,2025-01-24,2025-01-24 22:00:00,22,Routine,Normal
LO116295,APP049202,PAT02537,DOC006,DEP002,FAC001,LAB006,Thyroid Profile,Immunology,2025-06-30,2025-06-30,2025-07-03 07:00:00,79,Routine,Normal
LO116296,APP005695,PAT07624,DOC031,DEP001,FAC001,LAB013,COVID PCR,Molecular Diagnostics,2025-06-15,2025-06-15,2025-06-18 19:00:00,91,Routine,Normal
LO116311,APP008940,PAT00136,DOC020,DEP006,FAC005,LAB001,Complete Blood Count,Hematology,2025-10-11,2025-10-12,2025-10-13 02:00:00,26,Routine,Normal
LO116313,APP022164,PAT03828,DOC011,DEP003,FAC001,LAB013,COVID PCR,Molecular Diagnostics,2025-02-17,2025-02-17,2025-02-19 03:00:00,51,Routine,Normal
LO116314,APP034779,PAT00327,DOC037,DEP005,FAC002,LAB003,Lipid Profile,Biochemistry,2025-10-10,2025-10-10,2025-10-11 08:00:00,32,Routine,Normal
LO116317,APP034781,PAT03017,DOC019,DEP005,FAC004,LAB007,Urine Routine,Microbiology,2025-02-23,2025-02-23,2025-02-27 16:00:00,112,Routine,Normal
LO116325,APP045023,PAT00555,DOC020,DEP006,FAC005,LAB005,Kidney Function Test,Biochemistry,2025-11-08,2025-11-08,2025-11-10 06:00:00,54,Stat,Critical
LO116327,APP009363,PAT05221,DOC028,DEP001,FAC003,LAB014,Blood Culture,Microbiology,2025-08-19,2025-08-19,2025-08-20 00:00:00,24,Routine,Normal
LO116331,APP008550,PAT06751,DOC024,DEP006,FAC004,LAB003,Lipid Profile,Biochemistry,2025-02-14,2025-02-14,2025-02-14 20:00:00,20,Urgent,Normal
LO116339,APP021210,PAT06992,DOC030,DEP008,FAC005,LAB010,Ultrasound Abdomen,Radiology,2025-01-16,2025-01-18,2025-01-22 06:00:00,102,Routine,Abnormal
LO116346,APP012732,PAT08391,DOC021,DEP005,FAC001,LAB005,Kidney Function Test,Biochemistry,2025-06-07,2025-06-08,2025-06-09 12:00:00,36,Routine,Abnormal
LO116354,APP008071,PAT09080,DOC032,DEP002,FAC002,LAB005,Kidney Function Test,Biochemistry,2025-07-13,2025-07-13,2025-07-16 08:00:00,80,Routine,Normal
LO116355,APP012074,PAT00697,DOC032,DEP002,FAC002,LAB008,Urine Culture,Microbiology,2025-09-19,2025-09-20,2025-09-22 19:00:00,67,Routine,Normal
LO116363,APP001971,PAT09452,DOC004,DEP001,FAC004,LAB015,Electrolytes Panel,Biochemistry,2025-02-24,2025-02-25,2025-03-01 16:00:00,112,Routine,Normal
LO116366,APP020162,PAT05737,DOC002,DEP001,FAC002,LAB005,Kidney Function Test,Biochemistry,2025-05-24,2025-05-24,2025-05-25 10:00:00,34,Routine,Normal
LO116367,APP043950,PAT09319,DOC027,DEP001,FAC002,LAB006,Thyroid Profile,Immunology,2025-03-14,2025-03-15,2025-03-18 10:00:00,82,Routine,Normal
LO116371,APP013245,PAT04844,DOC008,DEP003,FAC003,LAB003,Lipid Profile,Biochemistry,2025-02-25,2025-02-25,2025-02-26 13:00:00,37,Urgent,Normal
LO116372,APP048437,PAT09954,DOC024,DEP006,FAC004,LAB008,Urine Culture,Microbiology,2025-12-07,2025-12-09,2025-12-12 06:00:00,78,Routine,Normal
LO116374,APP042459,PAT06476,DOC014,DEP004,FAC004,LAB012,HbA1c,Biochemistry,2025-02-13,2025-02-13,2025-02-16 16:00:00,88,Routine,Normal
LO116378,APP010735,PAT00869,DOC038,DEP005,FAC003,LAB001,Complete Blood Count,Hematology,2025-04-30,2025-04-30,2025-05-04 18:00:00,114,Routine,Normal
LO116384,APP034819,PAT09645,DOC033,DEP003,FAC003,LAB013,COVID PCR,Molecular Diagnostics,2025-04-24,2025-04-24,2025-04-25 07:00:00,31,Stat,Normal
LO116393,APP000627,PAT06435,DOC017,DEP006,FAC002,LAB012,HbA1c,Biochemistry,2025-03-21,2025-03-22,2025-03-25 23:00:00,95,Routine,Normal
LO116394,APP004635,PAT02989,DOC035,DEP001,FAC005,LAB010,Ultrasound Abdomen,Radiology,2025-11-03,2025-11-04,2025-11-08 05:00:00,101,Routine,Normal
LO116397,APP042921,PAT01625,DOC028,DEP001,FAC003,LAB012,HbA1c,Biochemistry,2025-01-31,2025-02-01,2025-02-06 00:00:00,120,Routine,Normal
LO116406,APP027311,PAT07515,DOC013,DEP005,FAC003,LAB007,Urine Routine,Microbiology,2025-03-23,2025-03-23,2025-03-25 11:00:00,59,Urgent,Normal
LO116414,APP025673,PAT00733,DOC032,DEP002,FAC002,LAB015,Electrolytes Panel,Biochemistry,2025-05-18,2025-05-18,2025-05-21 22:00:00,94,Routine,Normal
LO116440,APP024341,PAT05951,DOC004,DEP001,FAC004,LAB008,Urine Culture,Microbiology,2025-11-30,2025-11-30,2025-12-02 12:00:00,60,Routine,Normal
LO116451,APP013680,PAT07825,DOC029,DEP007,FAC004,LAB003,Lipid Profile,Biochemistry,2025-03-22,2025-03-22,2025-03-22 18:00:00,18,Urgent,Normal
LO116454,APP012416,PAT07536,DOC027,DEP001,FAC002,LAB006,Thyroid Profile,Immunology,2025-03-13,2025-03-14,2025-03-18 10:00:00,106,Routine,Normal
LO116459,APP016270,PAT01176,DOC030,DEP008,FAC005,LAB004,Liver Function Test,Biochemistry,2025-04-09,2025-04-10,2025-04-11 00:00:00,24,Routine,Normal
LO116463,APP038197,PAT03547,DOC029,DEP007,FAC004,LAB015,Electrolytes Panel,Biochemistry,2025-11-08,2025-11-08,2025-11-09 08:00:00,32,Routine,Abnormal
LO116466,APP046597,PAT00896,DOC016,DEP004,FAC001,LAB012,HbA1c,Biochemistry,2025-05-22,2025-05-22,2025-05-23 17:00:00,41,Routine,Abnormal
LO116477,APP033653,PAT06162,DOC032,DEP002,FAC002,LAB001,Complete Blood Count,Hematology,2025-03-05,2025-03-05,2025-03-06 05:00:00,29,Routine,Normal
LO116479,APP002879,PAT01769,DOC018,DEP007,FAC003,LAB006,Thyroid Profile,Immunology,2025-08-31,2025-08-31,2025-08-31 04:00:00,4,Routine,Normal
LO116482,APP009910,PAT00648,DOC039,DEP002,FAC004,LAB003,Lipid Profile,Biochemistry,2025-12-31,2026-01-02,2026-01-04 09:00:00,57,Routine,Critical
LO116486,APP041900,PAT04352,DOC036,DEP002,FAC001,LAB009,Chest X-Ray,Radiology,2025-02-25,2025-02-26,2025-02-27 03:00:00,27,Routine,Normal
LO116490,APP027639,PAT03488,DOC010,DEP003,FAC005,LAB013,COVID PCR,Molecular Diagnostics,2025-01-24,2025-01-26,2025-01-28 18:00:00,66,Routine,Normal
LO116492,APP031114,PAT03821,DOC025,DEP007,FAC005,LAB007,Urine Routine,Microbiology,2025-05-29,2025-05-31,2025-06-04 12:00:00,108,Urgent,Normal
LO116493,APP005418,PAT06265,DOC035,DEP001,FAC005,LAB011,ECG,Cardiology Diagnostics,2025-01-21,2025-01-21,2025-01-23 21:00:00,69,Routine,Normal
LO116494,APP006961,PAT02883,DOC040,DEP003,FAC005,LAB007,Urine Routine,Microbiology,2025-07-14,2025-07-15,2025-07-19 16:00:00,112,Routine,Normal
LO116507,APP029187,PAT03551,DOC005,DEP001,FAC005,LAB005,Kidney Function Test,Biochemistry,2025-02-26,2025-02-28,2025-02-28 01:00:00,1,Routine,Normal
LO116510,APP015207,PAT03546,DOC008,DEP003,FAC003,LAB008,Urine Culture,Microbiology,2025-04-01,2025-04-02,2025-04-04 07:00:00,55,Routine,Normal
LO116512,APP002049,PAT02145,DOC002,DEP001,FAC002,LAB006,Thyroid Profile,Immunology,2025-09-24,2025-09-24,2025-09-26 16:00:00,64,Routine,Abnormal
LO116516,APP028623,PAT04148,DOC022,DEP007,FAC002,LAB012,HbA1c,Biochemistry,2025-09-30,2025-10-02,2025-10-04 17:00:00,65,Stat,Normal
LO116523,APP028286,PAT00170,DOC038,DEP005,FAC003,LAB009,Chest X-Ray,Radiology,2025-11-14,2025-11-16,2025-11-17 14:00:00,38,Routine,Normal
LO116532,APP040694,PAT03406,DOC038,DEP005,FAC003,LAB013,COVID PCR,Molecular Diagnostics,2025-11-15,2025-11-15,2025-11-19 10:00:00,106,Routine,Normal
LO116537,APP019294,PAT03419,DOC011,DEP003,FAC001,LAB013,COVID PCR,Molecular Diagnostics,2025-04-12,2025-04-12,2025-04-15 14:00:00,86,Routine,Normal
LO116542,APP038172,PAT05934,DOC014,DEP004,FAC004,LAB002,Blood Glucose,Biochemistry,2025-08-14,2025-08-15,2025-08-15 02:00:00,2,Routine,Normal
LO116549,APP047137,PAT01958,DOC033,DEP003,FAC003,LAB004,Liver Function Test,Biochemistry,2025-07-11,2025-07-11,2025-07-15 02:00:00,98,Urgent,Critical
LO116550,APP049657,PAT00328,DOC035,DEP001,FAC005,LAB005,Kidney Function Test,Biochemistry,2025-02-03,2025-02-03,2025-02-06 08:00:00,80,Routine,Abnormal
LO116551,APP039129,PAT06432,DOC014,DEP004,FAC004,LAB011,ECG,Cardiology Diagnostics,2025-03-11,2025-03-13,2025-03-14 21:00:00,45,Routine,Normal
LO116552,APP027152,PAT08521,DOC012,DEP005,FAC002,LAB005,Kidney Function Test,Biochemistry,2025-08-30,2025-08-30,2025-09-01 04:00:00,52,Routine,Normal
LO116561,APP018284,PAT07781,DOC030,DEP008,FAC005,LAB003,Lipid Profile,Biochemistry,2025-01-14,2025-01-15,2025-01-19 01:00:00,97,Routine,Normal
LO116564,APP004750,PAT06880,DOC039,DEP002,FAC004,LAB006,Thyroid Profile,Immunology,2025-05-24,2025-05-26,2025-05-26 09:00:00,9,Stat,Normal
LO116566,APP018631,PAT00426,DOC037,DEP005,FAC002,LAB014,Blood Culture,Microbiology,2025-08-04,2025-08-04,2025-08-08 10:00:00,106,Routine,Normal
LO116575,APP032326,PAT00304,DOC036,DEP002,FAC001,LAB003,Lipid Profile,Biochemistry,2025-09-22,2025-09-23,2025-09-23 23:00:00,23,Routine,Normal
LO116577,APP010037,PAT09297,DOC028,DEP001,FAC003,LAB001,Complete Blood Count,Hematology,2025-11-23,2025-11-23,2025-11-24 01:00:00,25,Routine,Normal
LO116584,APP006626,PAT05305,DOC014,DEP004,FAC004,LAB011,ECG,Cardiology Diagnostics,2025-12-03,2025-12-04,2025-12-08 20:00:00,116,Routine,Normal
LO116589,APP015471,PAT08385,DOC009,DEP002,FAC004,LAB008,Urine Culture,Microbiology,2025-11-17,2025-11-18,2025-11-19 20:00:00,44,Routine,Normal
LO116593,APP035127,PAT03861,DOC003,DEP001,FAC003,LAB011,ECG,Cardiology Diagnostics,2025-03-02,2025-03-03,2025-03-06 19:00:00,91,Routine,Normal
LO116596,APP038093,PAT08603,DOC010,DEP003,FAC005,LAB007,Urine Routine,Microbiology,2025-01-15,2025-01-15,2025-01-18 01:00:00,73,Routine,Normal
LO116600,APP028075,PAT04289,DOC026,DEP008,FAC001,LAB013,COVID PCR,Molecular Diagnostics,2025-05-30,2025-05-31,2025-06-04 01:00:00,97,Routine,Normal
LO116603,APP003895,PAT07710,DOC011,DEP003,FAC001,LAB014,Blood Culture,Microbiology,2025-01-17,2025-01-17,2025-01-19 10:00:00,58,Routine,Normal
LO116604,APP005807,PAT04991,DOC011,DEP003,FAC001,LAB008,Urine Culture,Microbiology,2025-05-14,2025-05-15,2025-05-18 09:00:00,81,Routine,Normal
LO116606,APP014168,PAT05909,DOC021,DEP005,FAC001,LAB007,Urine Routine,Microbiology,2025-08-05,2025-08-07,2025-08-08 16:00:00,40,Routine,Normal
LO116619,APP014413,PAT08911,DOC003,DEP001,FAC003,LAB002,Blood Glucose,Biochemistry,2025-01-03,2025-01-03,2025-01-03 20:00:00,20,Routine,Normal
LO116620,APP023901,PAT01298,DOC017,DEP006,FAC002,LAB005,Kidney Function Test,Biochemistry,2025-05-20,2025-05-20,2025-05-24 00:00:00,96,Routine,Normal
LO116624,APP037619,PAT03435,DOC008,DEP003,FAC003,LAB005,Kidney Function Test,Biochemistry,2025-04-02,2025-04-04,2025-04-06 21:00:00,69,Routine,Normal
LO116625,APP048050,PAT02532,DOC019,DEP005,FAC004,LAB004,Liver Function Test,Biochemistry,2025-02-17,2025-02-19,2025-02-22 13:00:00,85,Routine,Normal
LO116642,APP039714,PAT09296,DOC035,DEP001,FAC005,LAB002,Blood Glucose,Biochemistry,2025-05-21,2025-05-21,2025-05-23 17:00:00,65,Routine,Normal
LO116649,APP003861,PAT02457,DOC023,DEP008,FAC003,LAB003,Lipid Profile,Biochemistry,2025-08-06,2025-08-06,2025-08-09 04:00:00,76,Routine,Critical
LO116661,APP048042,PAT05305,DOC003,DEP001,FAC003,LAB011,ECG,Cardiology Diagnostics,2025-01-10,2025-01-11,2025-01-15 11:00:00,107,Routine,Normal
LO116663,APP026471,PAT06509,DOC007,DEP002,FAC002,LAB007,Urine Routine,Microbiology,2025-01-05,2025-01-06,2025-01-10 06:00:00,102,Routine,Normal
LO116683,APP008539,PAT08385,DOC019,DEP005,FAC004,LAB003,Lipid Profile,Biochemistry,2025-08-04,2025-08-06,2025-08-10 10:00:00,106,Routine,Normal
LO116685,APP029566,PAT00028,DOC007,DEP002,FAC002,LAB009,Chest X-Ray,Radiology,2025-02-16,2025-02-17,2025-02-20 05:00:00,77,Routine,Normal
LO116688,APP009104,PAT06492,DOC024,DEP006,FAC004,LAB011,ECG,Cardiology Diagnostics,2025-09-12,2025-09-12,2025-09-13 06:00:00,30,Routine,Normal
LO116690,APP014720,PAT03215,DOC001,DEP001,FAC001,LAB015,Electrolytes Panel,Biochemistry,2025-08-27,2025-08-27,2025-08-27 15:00:00,15,Routine,Normal
LO116695,APP003513,PAT03185,DOC009,DEP002,FAC004,LAB011,ECG,Cardiology Diagnostics,2025-03-26,2025-03-26,2025-03-28 22:00:00,70,Routine,Normal
LO116704,APP001812,PAT05164,DOC031,DEP001,FAC001,LAB006,Thyroid Profile,Immunology,2025-03-13,2025-03-14,2025-03-18 14:00:00,110,Routine,Critical
LO116706,APP022030,PAT06693,DOC030,DEP008,FAC005,LAB010,Ultrasound Abdomen,Radiology,2025-02-11,2025-02-12,2025-02-13 18:00:00,42,Routine,Abnormal
LO116707,APP003894,PAT05310,DOC005,DEP001,FAC005,LAB005,Kidney Function Test,Biochemistry,2025-04-28,2025-04-28,2025-05-02 17:00:00,113,Urgent,Normal
LO116712,APP047319,PAT00748,DOC019,DEP005,FAC004,LAB010,Ultrasound Abdomen,Radiology,2025-04-21,2025-04-21,2025-04-25 09:00:00,105,Routine,Normal
LO116713,APP045841,PAT04830,DOC040,DEP003,FAC005,LAB015,Electrolytes Panel,Biochemistry,2025-02-26,2025-02-26,2025-02-28 09:00:00,57,Routine,Normal
LO116714,APP029642,PAT06178,DOC029,DEP007,FAC004,LAB014,Blood Culture,Microbiology,2025-12-05,2025-12-05,2025-12-06 03:00:00,27,Routine,Abnormal
LO116715,APP040255,PAT07014,DOC030,DEP008,FAC005,LAB013,COVID PCR,Molecular Diagnostics,2025-07-04,2025-07-06,2025-07-06 21:00:00,21,Routine,Normal
LO116717,APP030204,PAT04527,DOC035,DEP001,FAC005,LAB006,Thyroid Profile,Immunology,2025-03-20,2025-03-20,2025-03-23 16:00:00,88,Routine,Normal
LO116719,APP031869,PAT00252,DOC024,DEP006,FAC004,LAB002,Blood Glucose,Biochemistry,2025-06-10,2025-06-11,2025-06-11 06:00:00,6,Routine,Normal
LO116720,APP015980,PAT03249,DOC031,DEP001,FAC001,LAB004,Liver Function Test,Biochemistry,2025-11-04,2025-11-04,2025-11-08 20:00:00,116,Routine,Normal
LO116724,APP020579,PAT07976,DOC029,DEP007,FAC004,LAB008,Urine Culture,Microbiology,2025-08-05,2025-08-07,2025-08-08 06:00:00,30,Routine,Normal
LO116729,APP007421,PAT07771,DOC003,DEP001,FAC003,LAB006,Thyroid Profile,Immunology,2025-05-28,2025-05-30,2025-06-01 10:00:00,58,Routine,Normal
LO116732,APP027489,PAT08185,DOC011,DEP003,FAC001,LAB008,Urine Culture,Microbiology,2025-05-04,2025-05-04,2025-05-06 06:00:00,54,Routine,Normal
LO116733,APP001837,PAT00291,DOC009,DEP002,FAC004,LAB012,HbA1c,Biochemistry,2025-06-29,2025-06-30,2025-07-03 05:00:00,77,Routine,Normal
LO116735,APP004022,PAT03964,DOC005,DEP001,FAC005,LAB004,Liver Function Test,Biochemistry,2025-08-26,2025-08-26,2025-08-27 18:00:00,42,Routine,Normal
LO116743,APP028000,PAT04337,DOC030,DEP008,FAC005,LAB001,Complete Blood Count,Hematology,2025-11-26,2025-11-26,2025-11-30 15:00:00,111,Urgent,Abnormal
LO116744,APP041344,PAT04607,DOC034,DEP001,FAC004,LAB007,Urine Routine,Microbiology,2025-04-22,2025-04-24,2025-04-25 09:00:00,33,Routine,Normal
LO116751,APP018383,PAT08736,DOC010,DEP003,FAC005,LAB012,HbA1c,Biochemistry,2025-03-26,2025-03-28,2025-03-29 17:00:00,41,Routine,Normal
LO116753,APP018790,PAT06867,DOC004,DEP001,FAC004,LAB007,Urine Routine,Microbiology,2025-08-19,2025-08-20,2025-08-20 04:00:00,4,Routine,Normal
LO116770,APP000844,PAT07223,DOC031,DEP001,FAC001,LAB012,HbA1c,Biochemistry,2025-10-02,2025-10-03,2025-10-04 22:00:00,46,Routine,Normal
LO116771,APP005763,PAT06836,DOC012,DEP005,FAC002,LAB001,Complete Blood Count,Hematology,2025-08-26,2025-08-27,2025-08-28 05:00:00,29,Routine,Normal
LO116774,APP000327,PAT00408,DOC017,DEP006,FAC002,LAB010,Ultrasound Abdomen,Radiology,2025-03-20,2025-03-21,2025-03-25 12:00:00,108,Routine,Critical
LO116781,APP047177,PAT05864,DOC013,DEP005,FAC003,LAB015,Electrolytes Panel,Biochemistry,2025-08-23,2025-08-23,2025-08-25 17:00:00,65,Routine,Normal
LO116783,APP031644,PAT09750,DOC022,DEP007,FAC002,LAB002,Blood Glucose,Biochemistry,2025-09-15,2025-09-15,2025-09-19 14:00:00,110,Routine,Abnormal
LO116784,APP015600,PAT00102,DOC013,DEP005,FAC003,LAB015,Electrolytes Panel,Biochemistry,2025-05-26,2025-05-28,2025-05-29 04:00:00,28,Routine,Normal
LO116790,APP026425,PAT08911,DOC012,DEP005,FAC002,LAB008,Urine Culture,Microbiology,2025-07-16,2025-07-16,2025-07-16 04:00:00,4,Routine,Normal
LO116793,APP010068,PAT04904,DOC040,DEP003,FAC005,LAB015,Electrolytes Panel,Biochemistry,2025-09-06,2025-09-08,2025-09-12 05:00:00,101,Routine,Normal
LO116827,APP037643,PAT00466,DOC023,DEP008,FAC003,LAB001,Complete Blood Count,Hematology,2025-08-15,2025-08-16,2025-08-17 21:00:00,45,Urgent,Normal
LO116829,APP017076,PAT07206,DOC006,DEP002,FAC001,LAB005,Kidney Function Test,Biochemistry,2025-04-08,2025-04-09,2025-04-11 19:00:00,67,Routine,Normal
LO116837,APP013730,PAT00484,DOC027,DEP001,FAC002,LAB005,Kidney Function Test,Biochemistry,2025-10-09,2025-10-10,2025-10-13 19:00:00,91,Routine,Normal
LO116838,APP031814,PAT01881,DOC001,DEP001,FAC001,LAB013,COVID PCR,Molecular Diagnostics,2025-04-23,2025-04-24,2025-04-28 16:00:00,112,Routine,Normal
LO116842,APP041024,PAT01122,DOC040,DEP003,FAC005,LAB013,COVID PCR,Molecular Diagnostics,2025-07-09,2025-07-11,2025-07-13 00:00:00,48,Routine,Abnormal
LO116845,APP027865,PAT07269,DOC018,DEP007,FAC003,LAB013,COVID PCR,Molecular Diagnostics,2025-09-10,2025-09-10,2025-09-14 09:00:00,105,Routine,Normal
LO116849,APP043628,PAT03016,DOC009,DEP002,FAC004,LAB012,HbA1c,Biochemistry,2025-02-17,2025-02-19,2025-02-20 06:00:00,30,Routine,Normal
LO116853,APP006470,PAT08305,DOC038,DEP005,FAC003,LAB015,Electrolytes Panel,Biochemistry,2025-03-19,2025-03-20,2025-03-23 17:00:00,89,Routine,Normal
LO116862,APP031048,PAT06959,DOC034,DEP001,FAC004,LAB009,Chest X-Ray,Radiology,2025-02-26,2025-02-28,2025-03-02 01:00:00,49,Routine,Normal
LO116864,APP019036,PAT09521,DOC035,DEP001,FAC005,LAB014,Blood Culture,Microbiology,2025-01-09,2025-01-09,2025-01-11 22:00:00,70,Urgent,Abnormal
LO116869,APP024721,PAT07206,DOC006,DEP002,FAC001,LAB010,Ultrasound Abdomen,Radiology,2025-07-26,2025-07-27,2025-07-31 19:00:00,115,Routine,Normal
LO116875,APP035365,PAT06770,DOC011,DEP003,FAC001,LAB014,Blood Culture,Microbiology,2025-07-16,2025-07-18,2025-07-22 23:00:00,119,Routine,Normal
LO116885,APP015615,PAT07400,DOC022,DEP007,FAC002,LAB003,Lipid Profile,Biochemistry,2025-01-12,2025-01-12,2025-01-14 04:00:00,52,Urgent,Normal
LO116888,APP001232,PAT09255,DOC028,DEP001,FAC003,LAB007,Urine Routine,Microbiology,2025-08-30,2025-08-31,2025-09-04 14:00:00,110,Routine,Abnormal
LO116891,APP036417,PAT03450,DOC034,DEP001,FAC004,LAB005,Kidney Function Test,Biochemistry,2025-10-25,2025-10-26,2025-10-30 12:00:00,108,Routine,Normal
LO116892,APP009330,PAT09101,DOC032,DEP002,FAC002,LAB005,Kidney Function Test,Biochemistry,2025-11-03,2025-11-03,2025-11-06 11:00:00,83,Urgent,Normal
LO116895,APP044171,PAT00697,DOC029,DEP007,FAC004,LAB004,Liver Function Test,Biochemistry,2025-11-20,2025-11-20,2025-11-22 01:00:00,49,Routine,Normal
LO116901,APP004244,PAT09318,DOC011,DEP003,FAC001,LAB005,Kidney Function Test,Biochemistry,2025-07-19,2025-07-21,2025-07-24 20:00:00,92,Routine,Abnormal
LO116902,APP004392,PAT08241,DOC030,DEP008,FAC005,LAB005,Kidney Function Test,Biochemistry,2025-11-23,2025-11-24,2025-11-24 05:00:00,5,Routine,Normal
LO116912,APP010522,PAT02146,DOC034,DEP001,FAC004,LAB010,Ultrasound Abdomen,Radiology,2025-04-18,2025-04-19,2025-04-22 12:00:00,84,Routine,Normal
LO116918,APP019754,PAT03939,DOC037,DEP005,FAC002,LAB001,Complete Blood Count,Hematology,2025-09-22,2025-09-24,2025-09-26 15:00:00,63,Stat,Normal
LO116920,APP034480,PAT05933,DOC015,DEP005,FAC005,LAB008,Urine Culture,Microbiology,2025-11-27,2025-11-29,2025-12-01 05:00:00,53,Routine,Abnormal
LO116922,APP006051,PAT04334,DOC034,DEP001,FAC004,LAB004,Liver Function Test,Biochemistry,2025-03-12,2025-03-12,2025-03-13 17:00:00,41,Routine,Abnormal
LO116924,APP006425,PAT03078,DOC027,DEP001,FAC002,LAB012,HbA1c,Biochemistry,2025-11-05,2025-11-07,2025-11-11 23:00:00,119,Routine,Normal
LO116925,APP029317,PAT09800,DOC007,DEP002,FAC002,LAB015,Electrolytes Panel,Biochemistry,2025-07-15,2025-07-16,2025-07-19 21:00:00,93,Routine,Normal
LO116954,APP023750,PAT01329,DOC028,DEP001,FAC003,LAB004,Liver Function Test,Biochemistry,2025-01-18,2025-01-20,2025-01-24 20:00:00,116,Routine,Normal
LO116955,APP030888,PAT06683,DOC002,DEP001,FAC002,LAB015,Electrolytes Panel,Biochemistry,2025-01-15,2025-01-15,2025-01-18 12:00:00,84,Routine,Normal
LO116957,APP000834,PAT01227,DOC005,DEP001,FAC005,LAB002,Blood Glucose,Biochemistry,2025-04-30,2025-05-01,2025-05-03 23:00:00,71,Urgent,Normal
LO116961,APP005408,PAT04130,DOC020,DEP006,FAC005,LAB003,Lipid Profile,Biochemistry,2025-10-22,2025-10-24,2025-10-27 23:00:00,95,Routine,Normal
LO116965,APP017252,PAT07730,DOC012,DEP005,FAC002,LAB005,Kidney Function Test,Biochemistry,2025-12-18,2025-12-18,2025-12-20 13:00:00,61,Routine,Normal
LO116970,APP028581,PAT01808,DOC003,DEP001,FAC003,LAB008,Urine Culture,Microbiology,2025-08-16,2025-08-16,2025-08-16 09:00:00,9,Urgent,Normal
LO116971,APP028718,PAT07682,DOC024,DEP006,FAC004,LAB008,Urine Culture,Microbiology,2025-10-13,2025-10-13,2025-10-15 02:00:00,50,Routine,Abnormal
LO116972,APP038288,PAT03116,DOC020,DEP006,FAC005,LAB013,COVID PCR,Molecular Diagnostics,2025-09-16,2025-09-17,2025-09-18 20:00:00,44,Stat,Abnormal
LO116981,APP020159,PAT01403,DOC036,DEP002,FAC001,LAB010,Ultrasound Abdomen,Radiology,2025-11-30,2025-12-01,2025-12-03 08:00:00,56,Routine,Normal
LO116985,APP046430,PAT07650,DOC039,DEP002,FAC004,LAB012,HbA1c,Biochemistry,2025-08-26,2025-08-27,2025-08-31 18:00:00,114,Routine,Normal
LO116988,APP037069,PAT00869,DOC012,DEP005,FAC002,LAB004,Liver Function Test,Biochemistry,2025-03-22,2025-03-23,2025-03-26 18:00:00,90,Routine,Critical
LO116990,APP025732,PAT01685,DOC018,DEP007,FAC003,LAB013,COVID PCR,Molecular Diagnostics,2025-05-10,2025-05-12,2025-05-13 12:00:00,36,Routine,Normal
LO116996,APP028418,PAT02026,DOC031,DEP001,FAC001,LAB008,Urine Culture,Microbiology,2025-12-04,2025-12-06,2025-12-10 11:00:00,107,Routine,Normal
LO117001,APP034639,PAT07177,DOC001,DEP001,FAC001,LAB005,Kidney Function Test,Biochemistry,2025-11-21,2025-11-21,2025-11-25 21:00:00,117,Routine,Normal
LO117009,APP039827,PAT04095,DOC040,DEP003,FAC005,LAB007,Urine Routine,Microbiology,2025-10-29,2025-10-30,2025-11-02 09:00:00,81,Urgent,Normal
LO117011,APP021060,PAT04430,DOC002,DEP001,FAC002,LAB006,Thyroid Profile,Immunology,2025-05-17,2025-05-18,2025-05-19 04:00:00,28,Routine,Abnormal
LO117013,APP048329,PAT00104,DOC013,DEP005,FAC003,LAB014,Blood Culture,Microbiology,2025-04-09,2025-04-09,2025-04-09 11:00:00,11,Urgent,Normal
LO117014,APP031980,PAT07530,DOC026,DEP008,FAC001,LAB014,Blood Culture,Microbiology,2025-07-04,2025-07-04,2025-07-04 13:00:00,13,Routine,Normal
LO117016,APP023574,PAT04706,DOC016,DEP004,FAC001,LAB013,COVID PCR,Molecular Diagnostics,2025-06-08,2025-06-10,2025-06-10 07:00:00,7,Routine,Normal
LO117018,APP044354,PAT08830,DOC029,DEP007,FAC004,LAB003,Lipid Profile,Biochemistry,2025-05-19,2025-05-21,2025-05-21 15:00:00,15,Routine,Normal
LO117026,APP030520,PAT03329,DOC028,DEP001,FAC003,LAB008,Urine Culture,Microbiology,2025-02-14,2025-02-16,2025-02-18 09:00:00,57,Routine,Normal
LO117035,APP022928,PAT08035,DOC018,DEP007,FAC003,LAB004,Liver Function Test,Biochemistry,2025-06-13,2025-06-13,2025-06-16 17:00:00,89,Routine,Normal
LO117042,APP040624,PAT02020,DOC008,DEP003,FAC003,LAB002,Blood Glucose,Biochemistry,2025-03-18,2025-03-18,2025-03-18 03:00:00,3,Urgent,Normal
LO117046,APP041689,PAT09160,DOC024,DEP006,FAC004,LAB005,Kidney Function Test,Biochemistry,2025-01-18,2025-01-18,2025-01-22 03:00:00,99,Routine,Normal
LO117048,APP008638,PAT03234,DOC040,DEP003,FAC005,LAB008,Urine Culture,Microbiology,2025-07-18,2025-07-19,2025-07-22 23:00:00,95,Routine,Normal
LO117050,APP013591,PAT03707,DOC024,DEP006,FAC004,LAB009,Chest X-Ray,Radiology,2025-01-31,2025-02-01,2025-02-04 09:00:00,81,Routine,Normal
LO117055,APP006663,PAT07370,DOC001,DEP001,FAC001,LAB007,Urine Routine,Microbiology,2025-05-07,2025-05-07,2025-05-07 17:00:00,17,Urgent,Normal
LO117060,APP018069,PAT00004,DOC006,DEP002,FAC001,LAB001,Complete Blood Count,Hematology,2025-02-09,2025-02-10,2025-02-14 16:00:00,112,Routine,Normal
LO117061,APP037565,PAT07835,DOC007,DEP002,FAC002,LAB008,Urine Culture,Microbiology,2025-12-21,2025-12-23,2025-12-25 15:00:00,63,Routine,Normal
LO117063,APP036910,PAT00248,DOC039,DEP002,FAC004,LAB001,Complete Blood Count,Hematology,2025-03-22,2025-03-23,2025-03-23 21:00:00,21,Routine,Normal
LO117064,APP024841,PAT06691,DOC033,DEP003,FAC003,LAB006,Thyroid Profile,Immunology,2025-01-17,2025-01-17,2025-01-20 04:00:00,76,Routine,Normal
LO117069,APP003900,PAT09086,DOC021,DEP005,FAC001,LAB002,Blood Glucose,Biochemistry,2025-02-27,2025-03-01,2025-03-03 10:00:00,58,Routine,Normal
LO117090,APP031969,PAT09955,DOC040,DEP003,FAC005,LAB010,Ultrasound Abdomen,Radiology,2025-05-05,2025-05-06,2025-05-08 09:00:00,57,Routine,Abnormal
LO117094,APP022392,PAT02679,DOC023,DEP008,FAC003,LAB001,Complete Blood Count,Hematology,2025-04-22,2025-04-23,2025-04-24 05:00:00,29,Routine,Abnormal
LO117097,APP045076,PAT02035,DOC016,DEP004,FAC001,LAB004,Liver Function Test,Biochemistry,2025-08-28,2025-08-30,2025-09-01 13:00:00,61,Routine,Abnormal
LO117102,APP033713,PAT00715,DOC038,DEP005,FAC003,LAB003,Lipid Profile,Biochemistry,2025-06-03,2025-06-03,2025-06-07 05:00:00,101,Routine,Normal
LO117105,APP015506,PAT02609,DOC006,DEP002,FAC001,LAB010,Ultrasound Abdomen,Radiology,2025-02-04,2025-02-04,2025-02-04 21:00:00,21,Routine,Normal
LO117107,APP020917,PAT05035,DOC007,DEP002,FAC002,LAB002,Blood Glucose,Biochemistry,2025-10-29,2025-10-30,2025-10-30 20:00:00,20,Urgent,Normal
LO117114,APP037755,PAT00448,DOC004,DEP001,FAC004,LAB006,Thyroid Profile,Immunology,2025-10-18,2025-10-19,2025-10-23 01:00:00,97,Routine,Normal
LO117117,APP036817,PAT06988,DOC024,DEP006,FAC004,LAB003,Lipid Profile,Biochemistry,2025-08-17,2025-08-19,2025-08-22 18:00:00,90,Routine,Normal
LO117119,APP000904,PAT02125,DOC035,DEP001,FAC005,LAB011,ECG,Cardiology Diagnostics,2025-07-07,2025-07-07,2025-07-10 01:00:00,73,Routine,Normal
LO117123,APP023963,PAT08061,DOC004,DEP001,FAC004,LAB010,Ultrasound Abdomen,Radiology,2025-12-07,2025-12-07,2025-12-11 23:00:00,119,Routine,Normal
LO117124,APP004379,PAT04803,DOC040,DEP003,FAC005,LAB002,Blood Glucose,Biochemistry,2025-01-01,2025-01-02,2025-01-06 07:00:00,103,Routine,Normal
LO117125,APP028894,PAT05555,DOC001,DEP001,FAC001,LAB003,Lipid Profile,Biochemistry,2025-10-20,2025-10-22,2025-10-26 10:00:00,106,Routine,Normal
LO117131,APP037669,PAT04058,DOC028,DEP001,FAC003,LAB001,Complete Blood Count,Hematology,2025-04-13,2025-04-15,2025-04-15 15:00:00,15,Routine,Normal
LO117132,APP040932,PAT08529,DOC013,DEP005,FAC003,LAB013,COVID PCR,Molecular Diagnostics,2025-07-10,2025-07-11,2025-07-15 02:00:00,98,Routine,Normal
LO117135,APP009150,PAT03618,DOC001,DEP001,FAC001,LAB014,Blood Culture,Microbiology,2025-04-27,2025-04-29,2025-04-30 08:00:00,32,Routine,Normal
LO117139,APP035821,PAT06844,DOC002,DEP001,FAC002,LAB013,COVID PCR,Molecular Diagnostics,2025-06-12,2025-06-14,2025-06-18 11:00:00,107,Routine,Abnormal
LO117143,APP049847,PAT07454,DOC004,DEP001,FAC004,LAB008,Urine Culture,Microbiology,2025-06-25,2025-06-27,2025-06-28 04:00:00,28,Routine,Abnormal
LO117147,APP021173,PAT03223,DOC001,DEP001,FAC001,LAB010,Ultrasound Abdomen,Radiology,2025-12-09,2025-12-11,2025-12-15 19:00:00,115,Routine,Normal
LO117151,APP009043,PAT03551,DOC038,DEP005,FAC003,LAB008,Urine Culture,Microbiology,2025-06-02,2025-06-03,2025-06-04 12:00:00,36,Routine,Normal
LO117155,APP028798,PAT00654,DOC038,DEP005,FAC003,LAB006,Thyroid Profile,Immunology,2025-12-04,2025-12-04,2025-12-08 21:00:00,117,Routine,Abnormal
LO117157,APP016332,PAT04961,DOC007,DEP002,FAC002,LAB009,Chest X-Ray,Radiology,2025-06-10,2025-06-12,2025-06-15 06:00:00,78,Routine,Abnormal
LO117158,APP025530,PAT00169,DOC003,DEP001,FAC003,LAB003,Lipid Profile,Biochemistry,2025-11-25,2025-11-25,2025-11-25 06:00:00,6,Routine,Normal
LO117159,APP041566,PAT04342,DOC033,DEP003,FAC003,LAB001,Complete Blood Count,Hematology,2025-08-18,2025-08-20,2025-08-22 06:00:00,54,Routine,Normal
LO117162,APP025179,PAT06193,DOC030,DEP008,FAC005,LAB008,Urine Culture,Microbiology,2025-07-30,2025-07-30,2025-08-01 21:00:00,69,Routine,Normal
LO117168,APP042901,PAT05835,DOC020,DEP006,FAC005,LAB004,Liver Function Test,Biochemistry,2025-05-17,2025-05-19,2025-05-23 03:00:00,99,Routine,Normal
LO117170,APP006013,PAT09647,DOC016,DEP004,FAC001,LAB015,Electrolytes Panel,Biochemistry,2025-06-04,2025-06-05,2025-06-05 15:00:00,15,Routine,Abnormal
LO117177,APP002896,PAT04415,DOC036,DEP002,FAC001,LAB007,Urine Routine,Microbiology,2025-05-15,2025-05-16,2025-05-19 09:00:00,81,Routine,Normal
LO117178,APP037087,PAT03624,DOC035,DEP001,FAC005,LAB001,Complete Blood Count,Hematology,2025-02-25,2025-02-27,2025-02-28 22:00:00,46,Routine,Normal
LO117197,APP034038,PAT03887,DOC003,DEP001,FAC003,LAB009,Chest X-Ray,Radiology,2025-08-14,2025-08-14,2025-08-18 20:00:00,116,Routine,Normal
LO117200,APP026842,PAT03699,DOC038,DEP005,FAC003,LAB005,Kidney Function Test,Biochemistry,2025-08-18,2025-08-20,2025-08-20 10:00:00,10,Routine,Normal
LO117208,APP043050,PAT06927,DOC022,DEP007,FAC002,LAB013,COVID PCR,Molecular Diagnostics,2025-03-22,2025-03-22,2025-03-26 10:00:00,106,Routine,Normal
LO117225,APP026077,PAT07252,DOC024,DEP006,FAC004,LAB015,Electrolytes Panel,Biochemistry,2025-09-19,2025-09-20,2025-09-24 12:00:00,108,Routine,Normal
LO117227,APP033022,PAT01770,DOC015,DEP005,FAC005,LAB003,Lipid Profile,Biochemistry,2025-05-01,2025-05-01,2025-05-04 08:00:00,80,Routine,Critical
LO117233,APP018820,PAT07815,DOC011,DEP003,FAC001,LAB012,HbA1c,Biochemistry,2025-01-27,2025-01-29,2025-01-29 16:00:00,16,Routine,Normal
LO117235,APP011386,PAT09516,DOC013,DEP005,FAC003,LAB011,ECG,Cardiology Diagnostics,2025-10-12,2025-10-13,2025-10-16 18:00:00,90,Routine,Normal
LO117253,APP027815,PAT09074,DOC024,DEP006,FAC004,LAB012,HbA1c,Biochemistry,2025-07-02,2025-07-02,2025-07-05 06:00:00,78,Stat,Abnormal
LO117256,APP011325,PAT06850,DOC032,DEP002,FAC002,LAB003,Lipid Profile,Biochemistry,2025-07-22,2025-07-23,2025-07-25 13:00:00,61,Stat,Critical
LO117260,APP048284,PAT03657,DOC038,DEP005,FAC003,LAB012,HbA1c,Biochemistry,2025-12-27,2025-12-27,2025-12-29 11:00:00,59,Routine,Abnormal
LO117263,APP008045,PAT08962,DOC012,DEP005,FAC002,LAB005,Kidney Function Test,Biochemistry,2025-11-02,2025-11-02,2025-11-03 07:00:00,31,Routine,Normal
LO117265,APP016404,PAT01124,DOC014,DEP004,FAC004,LAB001,Complete Blood Count,Hematology,2025-10-20,2025-10-22,2025-10-25 04:00:00,76,Routine,Normal
LO117266,APP034476,PAT04004,DOC027,DEP001,FAC002,LAB011,ECG,Cardiology Diagnostics,2025-03-26,2025-03-28,2025-03-28 10:00:00,10,Routine,Normal
LO117267,APP006609,PAT01023,DOC014,DEP004,FAC004,LAB001,Complete Blood Count,Hematology,2025-01-09,2025-01-10,2025-01-13 20:00:00,92,Routine,Abnormal
LO117272,APP024750,PAT00048,DOC009,DEP002,FAC004,LAB004,Liver Function Test,Biochemistry,2025-01-21,2025-01-21,2025-01-21 11:00:00,11,Routine,Abnormal
LO117276,APP038686,PAT00876,DOC039,DEP002,FAC004,LAB009,Chest X-Ray,Radiology,2025-11-10,2025-11-12,2025-11-15 14:00:00,86,Routine,Normal
LO117287,APP020663,PAT00120,DOC004,DEP001,FAC004,LAB006,Thyroid Profile,Immunology,2025-04-16,2025-04-16,2025-04-17 19:00:00,43,Routine,Abnormal
LO117291,APP017870,PAT04392,DOC022,DEP007,FAC002,LAB007,Urine Routine,Microbiology,2025-08-10,2025-08-11,2025-08-16 00:00:00,120,Routine,Normal
LO117296,APP006741,PAT05184,DOC016,DEP004,FAC001,LAB010,Ultrasound Abdomen,Radiology,2025-12-16,2025-12-16,2025-12-17 20:00:00,44,Routine,Normal
LO117297,APP005950,PAT09689,DOC037,DEP005,FAC002,LAB001,Complete Blood Count,Hematology,2025-02-19,2025-02-21,2025-02-25 22:00:00,118,Routine,Abnormal
LO117306,APP015695,PAT01656,DOC007,DEP002,FAC002,LAB002,Blood Glucose,Biochemistry,2025-05-12,2025-05-14,2025-05-14 15:00:00,15,Routine,Normal
LO117311,APP018728,PAT01226,DOC011,DEP003,FAC001,LAB001,Complete Blood Count,Hematology,2025-05-17,2025-05-19,2025-05-20 04:00:00,28,Routine,Normal
LO117334,APP043737,PAT02381,DOC033,DEP003,FAC003,LAB011,ECG,Cardiology Diagnostics,2025-02-21,2025-02-21,2025-02-23 22:00:00,70,Urgent,Normal
LO117337,APP048835,PAT04070,DOC012,DEP005,FAC002,LAB002,Blood Glucose,Biochemistry,2025-01-28,2025-01-30,2025-02-03 20:00:00,116,Routine,Normal
LO117350,APP046927,PAT01922,DOC008,DEP003,FAC003,LAB002,Blood Glucose,Biochemistry,2025-11-27,2025-11-28,2025-11-29 04:00:00,28,Routine,Normal
LO117359,APP011827,PAT03680,DOC015,DEP005,FAC005,LAB010,Ultrasound Abdomen,Radiology,2025-09-29,2025-09-30,2025-09-30 07:00:00,7,Routine,Normal
LO117362,APP041253,PAT09249,DOC026,DEP008,FAC001,LAB011,ECG,Cardiology Diagnostics,2025-12-18,2025-12-18,2025-12-20 05:00:00,53,Urgent,Normal
LO117372,APP044228,PAT07920,DOC039,DEP002,FAC004,LAB011,ECG,Cardiology Diagnostics,2025-03-20,2025-03-21,2025-03-22 14:00:00,38,Routine,Normal
LO117380,APP042342,PAT02013,DOC003,DEP001,FAC003,LAB008,Urine Culture,Microbiology,2025-12-24,2025-12-24,2025-12-26 20:00:00,68,Routine,Normal
LO117388,APP018118,PAT08086,DOC004,DEP001,FAC004,LAB005,Kidney Function Test,Biochemistry,2025-01-02,2025-01-03,2025-01-07 09:00:00,105,Routine,Normal
LO117389,APP031310,PAT08628,DOC005,DEP001,FAC005,LAB003,Lipid Profile,Biochemistry,2025-05-18,2025-05-19,2025-05-19 13:00:00,13,Routine,Normal
LO117396,APP039275,PAT08731,DOC012,DEP005,FAC002,LAB003,Lipid Profile,Biochemistry,2025-06-08,2025-06-10,2025-06-12 05:00:00,53,Routine,Normal
LO117398,APP018671,PAT07182,DOC032,DEP002,FAC002,LAB004,Liver Function Test,Biochemistry,2025-12-25,2025-12-25,2025-12-28 01:00:00,73,Routine,Normal
LO117401,APP029687,PAT06460,DOC013,DEP005,FAC003,LAB009,Chest X-Ray,Radiology,2025-05-12,2025-05-13,2025-05-16 05:00:00,77,Routine,Abnormal
LO117407,APP011486,PAT01792,DOC019,DEP005,FAC004,LAB010,Ultrasound Abdomen,Radiology,2025-12-26,2025-12-27,2025-12-30 02:00:00,74,Routine,Normal
LO117410,APP040503,PAT02772,DOC032,DEP002,FAC002,LAB012,HbA1c,Biochemistry,2025-03-28,2025-03-29,2025-03-31 17:00:00,65,Routine,Normal
LO117411,APP025268,PAT09040,DOC001,DEP001,FAC001,LAB007,Urine Routine,Microbiology,2025-03-15,2025-03-15,2025-03-18 10:00:00,82,Routine,Normal
LO117424,APP039413,PAT05184,DOC007,DEP002,FAC002,LAB009,Chest X-Ray,Radiology,2025-02-16,2025-02-17,2025-02-21 01:00:00,97,Urgent,Normal
LO117428,APP035862,PAT03692,DOC002,DEP001,FAC002,LAB002,Blood Glucose,Biochemistry,2025-08-20,2025-08-22,2025-08-22 07:00:00,7,Stat,Normal
LO117429,APP036542,PAT09823,DOC030,DEP008,FAC005,LAB011,ECG,Cardiology Diagnostics,2025-08-09,2025-08-11,2025-08-13 08:00:00,56,Routine,Normal
LO117434,APP002854,PAT02532,DOC007,DEP002,FAC002,LAB003,Lipid Profile,Biochemistry,2025-10-17,2025-10-17,2025-10-18 00:00:00,24,Routine,Critical
LO117436,APP023152,PAT02563,DOC039,DEP002,FAC004,LAB005,Kidney Function Test,Biochemistry,2025-11-12,2025-11-12,2025-11-16 02:00:00,98,Routine,Normal
LO117443,APP005752,PAT01025,DOC014,DEP004,FAC004,LAB003,Lipid Profile,Biochemistry,2025-01-27,2025-01-29,2025-01-31 01:00:00,49,Urgent,Normal
LO117453,APP029421,PAT04035,DOC005,DEP001,FAC005,LAB010,Ultrasound Abdomen,Radiology,2025-05-04,2025-05-05,2025-05-05 04:00:00,4,Routine,Normal
LO117466,APP017965,PAT07802,DOC035,DEP001,FAC005,LAB009,Chest X-Ray,Radiology,2025-12-17,2025-12-18,2025-12-22 18:00:00,114,Routine,Normal
LO117467,APP013515,PAT05293,DOC019,DEP005,FAC004,LAB012,HbA1c,Biochemistry,2025-06-04,2025-06-04,2025-06-05 22:00:00,46,Urgent,Critical
LO117469,APP005552,PAT00291,DOC029,DEP007,FAC004,LAB009,Chest X-Ray,Radiology,2025-03-31,2025-04-02,2025-04-03 08:00:00,32,Routine,Normal
LO117475,APP014303,PAT08086,DOC019,DEP005,FAC004,LAB010,Ultrasound Abdomen,Radiology,2025-12-17,2025-12-18,2025-12-18 06:00:00,6,Routine,Normal
LO117484,APP026961,PAT08595,DOC018,DEP007,FAC003,LAB012,HbA1c,Biochemistry,2025-11-24,2025-11-25,2025-11-29 08:00:00,104,Routine,Normal
LO117488,APP025980,PAT05108,DOC009,DEP002,FAC004,LAB006,Thyroid Profile,Immunology,2025-12-30,2025-12-31,2026-01-01 20:00:00,44,Routine,Normal
LO117489,APP047516,PAT09213,DOC031,DEP001,FAC001,LAB012,HbA1c,Biochemistry,2025-07-01,2025-07-01,2025-07-02 13:00:00,37,Routine,Normal
LO117494,APP046768,PAT03703,DOC002,DEP001,FAC002,LAB001,Complete Blood Count,Hematology,2025-06-10,2025-06-12,2025-06-14 16:00:00,64,Routine,Normal
LO117501,APP000966,PAT06097,DOC025,DEP007,FAC005,LAB013,COVID PCR,Molecular Diagnostics,2025-01-17,2025-01-19,2025-01-22 16:00:00,88,Routine,Normal
LO117502,APP002769,PAT03016,DOC037,DEP005,FAC002,LAB006,Thyroid Profile,Immunology,2025-03-05,2025-03-06,2025-03-06 16:00:00,16,Urgent,Normal
LO117507,APP037074,PAT00697,DOC033,DEP003,FAC003,LAB015,Electrolytes Panel,Biochemistry,2025-01-31,2025-02-01,2025-02-01 03:00:00,3,Stat,Abnormal
LO117509,APP041593,PAT09626,DOC012,DEP005,FAC002,LAB015,Electrolytes Panel,Biochemistry,2025-05-09,2025-05-11,2025-05-15 10:00:00,106,Routine,Abnormal
LO117512,APP006549,PAT07202,DOC024,DEP006,FAC004,LAB008,Urine Culture,Microbiology,2025-06-10,2025-06-10,2025-06-12 06:00:00,54,Routine,Abnormal
LO117514,APP048771,PAT01804,DOC025,DEP007,FAC005,LAB009,Chest X-Ray,Radiology,2025-04-16,2025-04-16,2025-04-21 00:00:00,120,Stat,Abnormal
LO117516,APP024163,PAT09479,DOC012,DEP005,FAC002,LAB004,Liver Function Test,Biochemistry,2025-03-31,2025-04-02,2025-04-06 05:00:00,101,Routine,Normal
LO117545,APP016251,PAT09510,DOC040,DEP003,FAC005,LAB002,Blood Glucose,Biochemistry,2025-09-20,2025-09-21,2025-09-21 04:00:00,4,Urgent,Normal
LO117556,APP000996,PAT06880,DOC010,DEP003,FAC005,LAB015,Electrolytes Panel,Biochemistry,2025-08-25,2025-08-26,2025-08-27 16:00:00,40,Routine,Normal
LO117563,APP032331,PAT06934,DOC011,DEP003,FAC001,LAB003,Lipid Profile,Biochemistry,2025-05-08,2025-05-09,2025-05-11 03:00:00,51,Routine,Normal
LO117575,APP021920,PAT02076,DOC021,DEP005,FAC001,LAB009,Chest X-Ray,Radiology,2025-01-01,2025-01-01,2025-01-05 22:00:00,118,Urgent,Normal
LO117578,APP026215,PAT03078,DOC036,DEP002,FAC001,LAB003,Lipid Profile,Biochemistry,2025-01-29,2025-01-31,2025-02-03 09:00:00,81,Routine,Normal
LO117579,APP049917,PAT08028,DOC039,DEP002,FAC004,LAB015,Electrolytes Panel,Biochemistry,2025-12-17,2025-12-18,2025-12-19 18:00:00,42,Stat,Normal
LO117584,APP023580,PAT07174,DOC001,DEP001,FAC001,LAB004,Liver Function Test,Biochemistry,2025-09-27,2025-09-28,2025-10-01 16:00:00,88,Routine,Normal
LO117590,APP013832,PAT08875,DOC004,DEP001,FAC004,LAB010,Ultrasound Abdomen,Radiology,2025-12-15,2025-12-15,2025-12-17 08:00:00,56,Routine,Normal
LO117592,APP049688,PAT05401,DOC016,DEP004,FAC001,LAB005,Kidney Function Test,Biochemistry,2025-05-28,2025-05-28,2025-05-30 09:00:00,57,Routine,Normal
LO117593,APP030571,PAT01122,DOC004,DEP001,FAC004,LAB014,Blood Culture,Microbiology,2025-10-30,2025-11-01,2025-11-02 03:00:00,27,Urgent,Normal
LO117602,APP003490,PAT00980,DOC039,DEP002,FAC004,LAB012,HbA1c,Biochemistry,2025-11-09,2025-11-11,2025-11-15 11:00:00,107,Routine,Normal
LO117605,APP022827,PAT06825,DOC013,DEP005,FAC003,LAB013,COVID PCR,Molecular Diagnostics,2025-11-17,2025-11-17,2025-11-20 03:00:00,75,Routine,Normal
LO117613,APP008491,PAT09516,DOC028,DEP001,FAC003,LAB002,Blood Glucose,Biochemistry,2025-08-20,2025-08-20,2025-08-23 13:00:00,85,Routine,Normal
LO117624,APP028510,PAT03022,DOC003,DEP001,FAC003,LAB005,Kidney Function Test,Biochemistry,2025-10-29,2025-10-30,2025-11-01 15:00:00,63,Routine,Normal
LO117625,APP011079,PAT04124,DOC020,DEP006,FAC005,LAB001,Complete Blood Count,Hematology,2025-12-18,2025-12-19,2025-12-21 15:00:00,63,Routine,Normal
LO117630,APP002774,PAT03707,DOC024,DEP006,FAC004,LAB013,COVID PCR,Molecular Diagnostics,2025-08-25,2025-08-26,2025-08-26 01:00:00,1,Routine,Normal
LO117631,APP038718,PAT06313,DOC024,DEP006,FAC004,LAB005,Kidney Function Test,Biochemistry,2025-10-05,2025-10-05,2025-10-08 19:00:00,91,Routine,Normal
LO117632,APP008647,PAT08099,DOC014,DEP004,FAC004,LAB015,Electrolytes Panel,Biochemistry,2025-05-08,2025-05-08,2025-05-11 02:00:00,74,Routine,Normal
LO117634,APP041063,PAT09220,DOC030,DEP008,FAC005,LAB001,Complete Blood Count,Hematology,2025-08-05,2025-08-06,2025-08-08 13:00:00,61,Urgent,Normal
LO117635,APP026794,PAT08452,DOC039,DEP002,FAC004,LAB011,ECG,Cardiology Diagnostics,2025-11-22,2025-11-24,2025-11-25 16:00:00,40,Routine,Normal
LO117643,APP030063,PAT08325,DOC008,DEP003,FAC003,LAB015,Electrolytes Panel,Biochemistry,2025-01-11,2025-01-11,2025-01-12 08:00:00,32,Routine,Abnormal
LO117658,APP000071,PAT02059,DOC033,DEP003,FAC003,LAB008,Urine Culture,Microbiology,2025-09-15,2025-09-15,2025-09-16 06:00:00,30,Routine,Critical
LO117659,APP003963,PAT00750,DOC001,DEP001,FAC001,LAB001,Complete Blood Count,Hematology,2025-11-01,2025-11-02,2025-11-05 14:00:00,86,Urgent,Normal
LO117662,APP022571,PAT06481,DOC016,DEP004,FAC001,LAB002,Blood Glucose,Biochemistry,2025-11-19,2025-11-20,2025-11-21 18:00:00,42,Routine,Normal
LO117664,APP040535,PAT03372,DOC011,DEP003,FAC001,LAB011,ECG,Cardiology Diagnostics,2025-04-16,2025-04-18,2025-04-21 09:00:00,81,Routine,Normal
LO117671,APP047616,PAT03614,DOC003,DEP001,FAC003,LAB002,Blood Glucose,Biochemistry,2025-09-10,2025-09-12,2025-09-15 04:00:00,76,Urgent,Normal
LO117683,APP010032,PAT03117,DOC033,DEP003,FAC003,LAB014,Blood Culture,Microbiology,2025-03-06,2025-03-07,2025-03-09 12:00:00,60,Routine,Normal
LO117692,APP017831,PAT04963,DOC038,DEP005,FAC003,LAB014,Blood Culture,Microbiology,2025-10-28,2025-10-28,2025-10-31 17:00:00,89,Routine,Normal
LO117703,APP020747,PAT03208,DOC002,DEP001,FAC002,LAB008,Urine Culture,Microbiology,2025-08-13,2025-08-15,2025-08-19 22:00:00,118,Routine,Normal
LO117710,APP012493,PAT00715,DOC031,DEP001,FAC001,LAB015,Electrolytes Panel,Biochemistry,2025-07-04,2025-07-04,2025-07-07 03:00:00,75,Routine,Normal
LO117715,APP041497,PAT01087,DOC017,DEP006,FAC002,LAB004,Liver Function Test,Biochemistry,2025-12-11,2025-12-12,2025-12-13 01:00:00,25,Routine,Normal
LO117723,APP028532,PAT04070,DOC016,DEP004,FAC001,LAB012,HbA1c,Biochemistry,2025-08-30,2025-09-01,2025-09-03 21:00:00,69,Urgent,Normal
LO117727,APP033109,PAT03823,DOC033,DEP003,FAC003,LAB006,Thyroid Profile,Immunology,2025-07-09,2025-07-10,2025-07-14 06:00:00,102,Routine,Normal
LO117731,APP026223,PAT02544,DOC001,DEP001,FAC001,LAB008,Urine Culture,Microbiology,2025-04-07,2025-04-08,2025-04-10 22:00:00,70,Routine,Normal
LO117739,APP022193,PAT09040,DOC024,DEP006,FAC004,LAB006,Thyroid Profile,Immunology,2025-03-11,2025-03-13,2025-03-17 21:00:00,117,Routine,Normal
LO117741,APP043155,PAT09431,DOC027,DEP001,FAC002,LAB010,Ultrasound Abdomen,Radiology,2025-01-29,2025-01-30,2025-02-01 09:00:00,57,Routine,Normal
LO117743,APP023079,PAT07110,DOC001,DEP001,FAC001,LAB005,Kidney Function Test,Biochemistry,2025-10-18,2025-10-19,2025-10-22 16:00:00,88,Stat,Normal
LO117745,APP046557,PAT06595,DOC036,DEP002,FAC001,LAB003,Lipid Profile,Biochemistry,2025-11-07,2025-11-07,2025-11-11 06:00:00,102,Routine,Normal
LO117760,APP002707,PAT03590,DOC028,DEP001,FAC003,LAB010,Ultrasound Abdomen,Radiology,2025-10-13,2025-10-15,2025-10-16 19:00:00,43,Routine,Normal
LO117762,APP035118,PAT02920,DOC009,DEP002,FAC004,LAB003,Lipid Profile,Biochemistry,2025-03-25,2025-03-25,2025-03-29 04:00:00,100,Routine,Normal
LO117764,APP004813,PAT02859,DOC011,DEP003,FAC001,LAB005,Kidney Function Test,Biochemistry,2025-11-12,2025-11-12,2025-11-14 12:00:00,60,Routine,Normal
LO117769,APP036273,PAT05599,DOC021,DEP005,FAC001,LAB012,HbA1c,Biochemistry,2025-11-15,2025-11-17,2025-11-20 20:00:00,92,Routine,Normal
LO117772,APP029049,PAT08115,DOC004,DEP001,FAC004,LAB015,Electrolytes Panel,Biochemistry,2025-02-26,2025-02-26,2025-03-02 02:00:00,98,Routine,Normal
LO117789,APP034398,PAT08181,DOC015,DEP005,FAC005,LAB008,Urine Culture,Microbiology,2025-12-05,2025-12-07,2025-12-08 18:00:00,42,Routine,Normal
LO117800,APP019909,PAT08262,DOC013,DEP005,FAC003,LAB007,Urine Routine,Microbiology,2025-07-27,2025-07-27,2025-07-28 18:00:00,42,Routine,Normal
LO117805,APP002260,PAT02376,DOC019,DEP005,FAC004,LAB011,ECG,Cardiology Diagnostics,2025-10-05,2025-10-06,2025-10-07 20:00:00,44,Routine,Normal
LO117812,APP036738,PAT00386,DOC018,DEP007,FAC003,LAB015,Electrolytes Panel,Biochemistry,2025-12-21,2025-12-23,2025-12-24 14:00:00,38,Routine,Normal
LO117816,APP002058,PAT04815,DOC009,DEP002,FAC004,LAB011,ECG,Cardiology Diagnostics,2025-08-05,2025-08-05,2025-08-09 20:00:00,116,Urgent,Normal
LO117821,APP013967,PAT02958,DOC006,DEP002,FAC001,LAB013,COVID PCR,Molecular Diagnostics,2025-12-14,2025-12-16,2025-12-20 04:00:00,100,Routine,Normal
LO117832,APP031474,PAT01403,DOC008,DEP003,FAC003,LAB002,Blood Glucose,Biochemistry,2025-05-29,2025-05-30,2025-06-02 05:00:00,77,Routine,Abnormal
LO117839,APP045371,PAT06909,DOC034,DEP001,FAC004,LAB010,Ultrasound Abdomen,Radiology,2025-11-14,2025-11-14,2025-11-17 03:00:00,75,Routine,Abnormal
LO117841,APP037168,PAT05737,DOC004,DEP001,FAC004,LAB008,Urine Culture,Microbiology,2025-06-17,2025-06-19,2025-06-19 04:00:00,4,Routine,Normal
LO117842,APP029450,PAT02639,DOC008,DEP003,FAC003,LAB013,COVID PCR,Molecular Diagnostics,2025-07-08,2025-07-09,2025-07-09 04:00:00,4,Routine,Abnormal
LO117853,APP020772,PAT04059,DOC030,DEP008,FAC005,LAB005,Kidney Function Test,Biochemistry,2025-03-26,2025-03-26,2025-03-26 09:00:00,9,Urgent,Normal
LO117856,APP021665,PAT06182,DOC038,DEP005,FAC003,LAB002,Blood Glucose,Biochemistry,2025-09-14,2025-09-16,2025-09-17 19:00:00,43,Routine,Abnormal
LO117859,APP038639,PAT03903,DOC011,DEP003,FAC001,LAB006,Thyroid Profile,Immunology,2025-05-07,2025-05-09,2025-05-11 16:00:00,64,Routine,Abnormal
LO117869,APP034666,PAT07508,DOC003,DEP001,FAC003,LAB007,Urine Routine,Microbiology,2025-04-24,2025-04-24,2025-04-24 23:00:00,23,Routine,Normal
LO117875,APP013514,PAT02026,DOC035,DEP001,FAC005,LAB007,Urine Routine,Microbiology,2025-12-03,2025-12-04,2025-12-07 17:00:00,89,Routine,Normal
LO117887,APP022046,PAT01607,DOC034,DEP001,FAC004,LAB001,Complete Blood Count,Hematology,2025-12-01,2025-12-02,2025-12-03 12:00:00,36,Routine,Normal
LO117894,APP043660,PAT04744,DOC039,DEP002,FAC004,LAB014,Blood Culture,Microbiology,2025-05-01,2025-05-01,2025-05-04 13:00:00,85,Routine,Normal
LO117901,APP003695,PAT03853,DOC010,DEP003,FAC005,LAB007,Urine Routine,Microbiology,2025-08-04,2025-08-06,2025-08-09 00:00:00,72,Routine,Normal
LO117907,APP008383,PAT02255,DOC039,DEP002,FAC004,LAB005,Kidney Function Test,Biochemistry,2025-05-18,2025-05-18,2025-05-21 09:00:00,81,Routine,Normal
LO117908,APP038592,PAT00614,DOC019,DEP005,FAC004,LAB004,Liver Function Test,Biochemistry,2025-07-12,2025-07-14,2025-07-14 23:00:00,23,Routine,Normal
LO117914,APP017765,PAT06182,DOC033,DEP003,FAC003,LAB002,Blood Glucose,Biochemistry,2025-10-11,2025-10-12,2025-10-14 03:00:00,51,Routine,Normal
LO117915,APP013725,PAT03895,DOC029,DEP007,FAC004,LAB006,Thyroid Profile,Immunology,2025-06-15,2025-06-16,2025-06-20 00:00:00,96,Routine,Normal
LO117930,APP007402,PAT03692,DOC030,DEP008,FAC005,LAB004,Liver Function Test,Biochemistry,2025-05-07,2025-05-07,2025-05-09 06:00:00,54,Routine,Abnormal
LO117943,APP008784,PAT05804,DOC039,DEP002,FAC004,LAB014,Blood Culture,Microbiology,2025-12-13,2025-12-15,2025-12-17 12:00:00,60,Routine,Normal
LO117945,APP043456,PAT08618,DOC037,DEP005,FAC002,LAB006,Thyroid Profile,Immunology,2025-09-21,2025-09-21,2025-09-23 14:00:00,62,Routine,Normal
LO117952,APP017440,PAT01612,DOC008,DEP003,FAC003,LAB009,Chest X-Ray,Radiology,2025-06-24,2025-06-24,2025-06-24 08:00:00,8,Routine,Normal
LO117957,APP049625,PAT00388,DOC029,DEP007,FAC004,LAB006,Thyroid Profile,Immunology,2025-12-27,2025-12-29,2025-12-30 06:00:00,30,Urgent,Abnormal
LO117972,APP011665,PAT06106,DOC029,DEP007,FAC004,LAB008,Urine Culture,Microbiology,2025-05-13,2025-05-14,2025-05-18 15:00:00,111,Routine,Normal
LO117976,APP007139,PAT06046,DOC013,DEP005,FAC003,LAB007,Urine Routine,Microbiology,2025-07-28,2025-07-28,2025-07-28 16:00:00,16,Routine,Normal
LO117979,APP000897,PAT04827,DOC028,DEP001,FAC003,LAB006,Thyroid Profile,Immunology,2025-07-03,2025-07-04,2025-07-05 14:00:00,38,Routine,Normal
LO117982,APP029006,PAT04476,DOC021,DEP005,FAC001,LAB006,Thyroid Profile,Immunology,2025-11-29,2025-12-01,2025-12-03 23:00:00,71,Routine,Normal
LO117983,APP004940,PAT09821,DOC022,DEP007,FAC002,LAB009,Chest X-Ray,Radiology,2025-09-19,2025-09-19,2025-09-23 00:00:00,96,Routine,Abnormal
LO117985,APP019944,PAT09027,DOC031,DEP001,FAC001,LAB014,Blood Culture,Microbiology,2025-05-06,2025-05-08,2025-05-09 02:00:00,26,Urgent,Normal
LO117990,APP013757,PAT04305,DOC028,DEP001,FAC003,LAB006,Thyroid Profile,Immunology,2025-01-17,2025-01-17,2025-01-17 06:00:00,6,Urgent,Normal
LO117999,APP009925,PAT05108,DOC026,DEP008,FAC001,LAB013,COVID PCR,Molecular Diagnostics,2025-01-27,2025-01-29,2025-02-01 09:00:00,81,Urgent,Normal
LO118004,APP067466,PAT05381,DOC030,DEP008,FAC005,LAB009,Chest X-Ray,Radiology,2022-10-05,2022-10-06,2022-10-09 02:00:00,74,Routine,Normal
LO118012,APP071765,PAT12746,DOC007,DEP002,FAC002,LAB002,Blood Glucose,Biochemistry,2025-04-24,2025-04-24,2025-04-27 00:00:00,72,Routine,Normal
LO118018,APP059740,PAT08994,DOC035,DEP001,FAC005,LAB008,Urine Culture,Microbiology,2024-04-13,2024-04-13,2024-04-13 01:00:00,1,Routine,Normal
LO118034,APP058507,PAT14942,DOC042,DEP003,FAC003,LAB008,Urine Culture,Microbiology,2021-09-30,2021-09-30,2021-10-02 04:00:00,52,Routine,Normal
LO118035,APP070838,PAT05901,DOC045,DEP007,FAC004,LAB006,Thyroid Profile,Immunology,2022-05-10,2022-05-10,2022-05-13 03:00:00,75,Routine,Normal
LO118038,APP061792,PAT10391,DOC025,DEP007,FAC005,LAB006,Thyroid Profile,Immunology,2025-10-09,2025-10-09,2025-10-14 00:00:00,120,Routine,Normal
LO118039,APP068392,PAT02849,DOC023,DEP008,FAC003,LAB006,Thyroid Profile,Immunology,2022-05-02,2022-05-03,2022-05-04 19:00:00,43,Urgent,Normal
LO118042,APP057433,PAT09341,DOC028,DEP001,FAC003,LAB003,Lipid Profile,Biochemistry,2025-09-16,2025-09-16,2025-09-16 17:00:00,17,Routine,Normal
LO118047,APP055258,PAT14482,DOC003,DEP001,FAC003,LAB002,Blood Glucose,Biochemistry,2026-01-19,2026-01-19,2026-01-19 01:00:00,1,Routine,Normal
LO118049,APP071127,PAT10320,DOC024,DEP006,FAC004,LAB006,Thyroid Profile,Immunology,2022-07-16,2022-07-16,2022-07-18 05:00:00,53,Urgent,Normal
LO118053,APP059202,PAT03316,DOC054,DEP003,FAC003,LAB013,COVID PCR,Molecular Diagnostics,2025-06-16,2025-06-16,2025-06-16 20:00:00,20,Routine,Abnormal
LO118060,APP054108,PAT09467,DOC022,DEP007,FAC002,LAB010,Ultrasound Abdomen,Radiology,2022-10-01,2022-10-01,2022-10-02 18:00:00,42,Urgent,Normal
LO118070,APP053634,PAT09124,DOC009,DEP002,FAC004,LAB004,Liver Function Test,Biochemistry,2022-07-30,2022-07-31,2022-07-31 01:00:00,1,Stat,Normal
LO118077,APP050485,PAT12873,DOC018,DEP007,FAC003,LAB009,Chest X-Ray,Radiology,2021-09-06,2021-09-06,2021-09-08 05:00:00,53,Routine,Normal
LO118089,APP070289,PAT07744,DOC047,DEP006,FAC005,LAB006,Thyroid Profile,Immunology,2024-09-19,2024-09-20,2024-09-23 03:00:00,75,Routine,Normal
LO118093,APP070036,PAT09452,DOC033,DEP003,FAC003,LAB007,Urine Routine,Microbiology,2021-02-03,2021-02-03,2021-02-03 07:00:00,7,Routine,Normal
LO118096,APP074794,PAT12986,DOC036,DEP002,FAC001,LAB007,Urine Routine,Microbiology,2023-01-31,2023-02-01,2023-02-06 00:00:00,120,Routine,Normal
LO118099,APP073172,PAT00539,DOC010,DEP003,FAC005,LAB009,Chest X-Ray,Radiology,2026-10-31,2026-10-31,2026-11-04 03:00:00,99,Routine,Critical
LO118100,APP066552,PAT03853,DOC020,DEP006,FAC005,LAB006,Thyroid Profile,Immunology,2021-05-16,2021-05-16,2021-05-18 15:00:00,63,Urgent,Normal
LO118101,APP070069,PAT02272,DOC038,DEP005,FAC003,LAB007,Urine Routine,Microbiology,2025-03-04,2025-03-05,2025-03-07 08:00:00,56,Routine,Normal
LO118106,APP067676,PAT02865,DOC033,DEP003,FAC003,LAB011,ECG,Cardiology Diagnostics,2026-07-30,2026-07-30,2026-07-30 22:00:00,22,Routine,Normal
LO118108,APP064992,PAT13919,DOC029,DEP007,FAC004,LAB003,Lipid Profile,Biochemistry,2023-05-04,2023-05-05,2023-05-07 09:00:00,57,Routine,Normal
LO118112,APP069313,PAT07202,DOC010,DEP003,FAC005,LAB012,HbA1c,Biochemistry,2021-06-24,2021-06-24,2021-06-26 15:00:00,63,Stat,Normal
LO118117,APP057875,PAT00614,DOC037,DEP005,FAC002,LAB012,HbA1c,Biochemistry,2023-01-27,2023-01-27,2023-01-29 13:00:00,61,Urgent,Normal
LO118123,APP071133,PAT08603,DOC050,DEP005,FAC003,LAB008,Urine Culture,Microbiology,2021-09-24,2021-09-24,2021-09-26 06:00:00,54,Routine,Normal
LO118131,APP067640,PAT09786,DOC014,DEP004,FAC004,LAB001,Complete Blood Count,Hematology,2026-10-31,2026-10-31,2026-11-02 13:00:00,61,Routine,Critical
LO118136,APP064580,PAT12599,DOC014,DEP004,FAC004,LAB012,HbA1c,Biochemistry,2022-12-28,2022-12-28,2022-12-31 16:00:00,88,Urgent,Normal
LO118149,APP060169,PAT11815,DOC005,DEP001,FAC005,LAB009,Chest X-Ray,Radiology,2023-03-20,2023-03-22,2023-03-24 07:00:00,55,Routine,Normal
LO118154,APP066469,PAT14180,DOC050,DEP005,FAC003,LAB014,Blood Culture,Microbiology,2022-04-17,2022-04-19,2022-04-22 01:00:00,73,Routine,Normal
LO118161,APP063010,PAT05901,DOC056,DEP001,FAC003,LAB008,Urine Culture,Microbiology,2024-05-05,2024-05-05,2024-05-06 06:00:00,30,Routine,Abnormal
LO118166,APP074753,PAT02958,DOC001,DEP001,FAC001,LAB004,Liver Function Test,Biochemistry,2025-10-11,2025-10-11,2025-10-11 01:00:00,1,Routine,Normal
LO118180,APP064658,PAT05763,DOC022,DEP007,FAC002,LAB010,Ultrasound Abdomen,Radiology,2023-03-20,2023-03-21,2023-03-21 16:00:00,16,Routine,Normal
LO118182,APP069820,PAT09202,DOC028,DEP001,FAC003,LAB001,Complete Blood Count,Hematology,2022-04-05,2022-04-06,2022-04-08 07:00:00,55,Routine,Normal
LO118188,APP065833,PAT08296,DOC027,DEP001,FAC002,LAB009,Chest X-Ray,Radiology,2026-01-07,2026-01-08,2026-01-11 10:00:00,82,Routine,Abnormal
LO118197,APP050185,PAT11779,DOC041,DEP001,FAC005,LAB013,COVID PCR,Molecular Diagnostics,2026-07-10,2026-07-11,2026-07-14 22:00:00,94,Routine,Normal
LO118201,APP058626,PAT06791,DOC024,DEP006,FAC004,LAB009,Chest X-Ray,Radiology,2024-03-28,2024-03-29,2024-03-30 14:00:00,38,Routine,Normal
LO118210,APP062922,PAT03624,DOC042,DEP003,FAC003,LAB009,Chest X-Ray,Radiology,2022-12-16,2022-12-17,2022-12-20 21:00:00,93,Urgent,Normal
LO118224,APP074544,PAT03257,DOC023,DEP008,FAC003,LAB010,Ultrasound Abdomen,Radiology,2026-08-16,2026-08-16,2026-08-19 13:00:00,85,Routine,Abnormal
LO118246,APP072021,PAT14183,DOC023,DEP008,FAC003,LAB015,Electrolytes Panel,Biochemistry,2021-03-29,2021-03-31,2021-04-01 19:00:00,43,Routine,Abnormal
LO118247,APP053575,PAT05889,DOC012,DEP005,FAC002,LAB007,Urine Routine,Microbiology,2021-01-21,2021-01-22,2021-01-25 14:00:00,86,Routine,Normal
LO118266,APP060774,PAT11712,DOC039,DEP002,FAC004,LAB005,Kidney Function Test,Biochemistry,2023-01-18,2023-01-18,2023-01-18 23:00:00,23,Routine,Normal
LO118273,APP054793,PAT08974,DOC036,DEP002,FAC001,LAB008,Urine Culture,Microbiology,2026-03-12,2026-03-13,2026-03-13 20:00:00,20,Routine,Normal
LO118279,APP051706,PAT12381,DOC014,DEP004,FAC004,LAB003,Lipid Profile,Biochemistry,2022-02-08,2022-02-09,2022-02-11 23:00:00,71,Urgent,Normal
LO118280,APP072776,PAT00111,DOC016,DEP004,FAC001,LAB008,Urine Culture,Microbiology,2024-07-08,2024-07-08,2024-07-11 16:00:00,88,Routine,Normal
LO118284,APP064417,PAT04829,DOC042,DEP003,FAC003,LAB010,Ultrasound Abdomen,Radiology,2024-06-13,2024-06-14,2024-06-14 14:00:00,14,Routine,Abnormal
LO118295,APP064385,PAT14327,DOC015,DEP005,FAC005,LAB002,Blood Glucose,Biochemistry,2024-05-02,2024-05-02,2024-05-04 05:00:00,53,Routine,Normal
LO118296,APP055378,PAT13718,DOC049,DEP001,FAC003,LAB010,Ultrasound Abdomen,Radiology,2023-09-06,2023-09-08,2023-09-08 23:00:00,23,Routine,Abnormal
LO118298,APP072374,PAT04130,DOC054,DEP003,FAC003,LAB007,Urine Routine,Microbiology,2024-07-23,2024-07-23,2024-07-28 00:00:00,120,Routine,Normal
LO118302,APP050243,PAT13825,DOC007,DEP002,FAC002,LAB015,Electrolytes Panel,Biochemistry,2026-12-09,2026-12-10,2026-12-13 00:00:00,72,Routine,Abnormal
LO118307,APP069901,PAT13754,DOC017,DEP006,FAC002,LAB014,Blood Culture,Microbiology,2025-06-23,2025-06-23,2025-06-26 14:00:00,86,Urgent,Abnormal
LO118310,APP074608,PAT00186,DOC045,DEP007,FAC004,LAB010,Ultrasound Abdomen,Radiology,2026-03-12,2026-03-12,2026-03-15 06:00:00,78,Urgent,Normal
LO118312,APP062749,PAT11902,DOC027,DEP001,FAC002,LAB013,COVID PCR,Molecular Diagnostics,2022-02-15,2022-02-17,2022-02-20 12:00:00,84,Routine,Abnormal
LO118322,APP065882,PAT00252,DOC056,DEP001,FAC003,LAB001,Complete Blood Count,Hematology,2022-07-22,2022-07-22,2022-07-22 11:00:00,11,Routine,Normal
LO118327,APP060332,PAT14712,DOC036,DEP002,FAC001,LAB007,Urine Routine,Microbiology,2021-06-19,2021-06-19,2021-06-19 21:00:00,21,Routine,Normal
LO118330,APP069652,PAT05099,DOC050,DEP005,FAC003,LAB009,Chest X-Ray,Radiology,2025-01-07,2025-01-07,2025-01-10 18:00:00,90,Routine,Normal
LO118331,APP071300,PAT03882,DOC019,DEP005,FAC004,LAB006,Thyroid Profile,Immunology,2024-04-09,2024-04-11,2024-04-12 21:00:00,45,Routine,Normal
LO118349,APP059372,PAT11324,DOC038,DEP005,FAC003,LAB010,Ultrasound Abdomen,Radiology,2021-04-12,2021-04-13,2021-04-17 22:00:00,118,Routine,Abnormal
LO118351,APP073535,PAT13911,DOC050,DEP005,FAC003,LAB003,Lipid Profile,Biochemistry,2025-03-11,2025-03-12,2025-03-14 16:00:00,64,Routine,Normal
LO118365,APP060069,PAT08938,DOC005,DEP001,FAC005,LAB002,Blood Glucose,Biochemistry,2026-07-09,2026-07-09,2026-07-12 08:00:00,80,Routine,Normal
LO118371,APP051641,PAT06927,DOC036,DEP002,FAC001,LAB007,Urine Routine,Microbiology,2023-08-10,2023-08-11,2023-08-12 16:00:00,40,Routine,Normal
LO118373,APP062355,PAT05082,DOC059,DEP006,FAC005,LAB010,Ultrasound Abdomen,Radiology,2024-10-21,2024-10-21,2024-10-24 08:00:00,80,Routine,Normal
LO118374,APP071559,PAT06843,DOC051,DEP005,FAC002,LAB001,Complete Blood Count,Hematology,2021-10-14,2021-10-15,2021-10-18 09:00:00,81,Routine,Abnormal
LO118381,APP062129,PAT04953,DOC018,DEP007,FAC003,LAB001,Complete Blood Count,Hematology,2022-06-03,2022-06-03,2022-06-06 05:00:00,77,Routine,Normal
LO118382,APP069300,PAT11493,DOC026,DEP008,FAC001,LAB006,Thyroid Profile,Immunology,2026-12-10,2026-12-10,2026-12-12 19:00:00,67,Routine,Normal
LO118387,APP050825,PAT07347,DOC007,DEP002,FAC002,LAB002,Blood Glucose,Biochemistry,2026-09-05,2026-09-06,2026-09-09 17:00:00,89,Routine,Critical
LO118388,APP073885,PAT07656,DOC052,DEP002,FAC004,LAB010,Ultrasound Abdomen,Radiology,2023-07-09,2023-07-11,2023-07-11 01:00:00,1,Routine,Normal
LO118391,APP064269,PAT11067,DOC050,DEP005,FAC003,LAB010,Ultrasound Abdomen,Radiology,2021-02-16,2021-02-16,2021-02-16 19:00:00,19,Stat,Critical
LO118407,APP062844,PAT13821,DOC042,DEP003,FAC003,LAB006,Thyroid Profile,Immunology,2023-06-30,2023-06-30,2023-07-03 11:00:00,83,Routine,Normal
LO118414,APP067567,PAT13819,DOC046,DEP001,FAC001,LAB001,Complete Blood Count,Hematology,2024-07-28,2024-07-30,2024-08-01 12:00:00,60,Urgent,Normal
LO118424,APP065110,PAT13523,DOC021,DEP005,FAC001,LAB009,Chest X-Ray,Radiology,2024-09-27,2024-09-28,2024-09-29 23:00:00,47,Routine,Abnormal
LO118425,APP054745,PAT05351,DOC024,DEP006,FAC004,LAB008,Urine Culture,Microbiology,2021-10-11,2021-10-11,2021-10-13 15:00:00,63,Routine,Normal
LO118434,APP057805,PAT08758,DOC011,DEP003,FAC001,LAB003,Lipid Profile,Biochemistry,2024-01-06,2024-01-07,2024-01-08 08:00:00,32,Routine,Normal
LO118443,APP068598,PAT12587,DOC001,DEP001,FAC001,LAB010,Ultrasound Abdomen,Radiology,2022-02-18,2022-02-18,2022-02-19 05:00:00,29,Routine,Abnormal
LO118445,APP071792,PAT07252,DOC050,DEP005,FAC003,LAB006,Thyroid Profile,Immunology,2024-04-17,2024-04-18,2024-04-18 12:00:00,12,Routine,Normal
LO118454,APP062958,PAT13555,DOC038,DEP005,FAC003,LAB004,Liver Function Test,Biochemistry,2021-05-20,2021-05-20,2021-05-23 21:00:00,93,Routine,Normal
LO118459,APP072887,PAT02875,DOC034,DEP001,FAC004,LAB014,Blood Culture,Microbiology,2024-12-02,2024-12-03,2024-12-06 23:00:00,95,Urgent,Abnormal
LO118460,APP057313,PAT00851,DOC007,DEP002,FAC002,LAB003,Lipid Profile,Biochemistry,2024-10-20,2024-10-21,2024-10-21 20:00:00,20,Urgent,Critical
LO118464,APP064751,PAT00837,DOC037,DEP005,FAC002,LAB013,COVID PCR,Molecular Diagnostics,2022-06-01,2022-06-02,2022-06-07 00:00:00,120,Routine,Normal
LO118468,APP054924,PAT06652,DOC058,DEP001,FAC004,LAB009,Chest X-Ray,Radiology,2023-10-13,2023-10-13,2023-10-15 11:00:00,59,Routine,Normal
LO118480,APP054845,PAT03300,DOC060,DEP006,FAC005,LAB010,Ultrasound Abdomen,Radiology,2021-12-29,2021-12-31,2022-01-04 02:00:00,98,Routine,Normal
LO118484,APP063085,PAT08680,DOC052,DEP002,FAC004,LAB012,HbA1c,Biochemistry,2024-02-08,2024-02-09,2024-02-12 22:00:00,94,Routine,Normal
LO118487,APP053230,PAT07108,DOC051,DEP005,FAC002,LAB014,Blood Culture,Microbiology,2024-09-11,2024-09-11,2024-09-12 09:00:00,33,Urgent,Normal
LO118489,APP053271,PAT02358,DOC008,DEP003,FAC003,LAB006,Thyroid Profile,Immunology,2024-01-04,2024-01-06,2024-01-08 09:00:00,57,Urgent,Normal
LO118491,APP050433,PAT05082,DOC005,DEP001,FAC005,LAB002,Blood Glucose,Biochemistry,2022-11-21,2022-11-22,2022-11-25 04:00:00,76,Routine,Normal
LO118498,APP060710,PAT00220,DOC013,DEP005,FAC003,LAB011,ECG,Cardiology Diagnostics,2022-10-04,2022-10-04,2022-10-05 23:00:00,47,Routine,Abnormal
LO118507,APP064907,PAT09943,DOC042,DEP003,FAC003,LAB004,Liver Function Test,Biochemistry,2025-07-08,2025-07-08,2025-07-13 00:00:00,120,Routine,Abnormal
LO118514,APP067656,PAT08727,DOC012,DEP005,FAC002,LAB006,Thyroid Profile,Immunology,2025-09-27,2025-09-28,2025-09-29 04:00:00,28,Routine,Normal
LO118517,APP070315,PAT09220,DOC042,DEP003,FAC003,LAB012,HbA1c,Biochemistry,2022-02-24,2022-02-25,2022-02-26 05:00:00,29,Routine,Normal
LO118522,APP069577,PAT03547,DOC038,DEP005,FAC003,LAB003,Lipid Profile,Biochemistry,2021-12-16,2021-12-16,2021-12-16 01:00:00,1,Routine,Normal
LO118523,APP069043,PAT06505,DOC031,DEP001,FAC001,LAB007,Urine Routine,Microbiology,2025-11-07,2025-11-08,2025-11-11 18:00:00,90,Urgent,Normal
LO118530,APP055365,PAT10335,DOC003,DEP001,FAC003,LAB005,Kidney Function Test,Biochemistry,2024-03-17,2024-03-17,2024-03-18 05:00:00,29,Urgent,Normal
LO118535,APP057493,PAT01624,DOC010,DEP003,FAC005,LAB007,Urine Routine,Microbiology,2024-12-19,2024-12-19,2024-12-19 01:00:00,1,Routine,Normal
LO118542,APP057826,PAT00016,DOC048,DEP002,FAC001,LAB013,COVID PCR,Molecular Diagnostics,2024-10-29,2024-10-29,2024-11-01 19:00:00,91,Routine,Abnormal
LO118545,APP061252,PAT01979,DOC022,DEP007,FAC002,LAB008,Urine Culture,Microbiology,2026-11-23,2026-11-24,2026-11-24 17:00:00,17,Urgent,Normal
LO118546,APP072804,PAT14179,DOC057,DEP001,FAC002,LAB008,Urine Culture,Microbiology,2024-07-10,2024-07-11,2024-07-15 02:00:00,98,Routine,Abnormal
LO118554,APP068408,PAT12723,DOC048,DEP002,FAC001,LAB006,Thyroid Profile,Immunology,2022-07-28,2022-07-29,2022-07-31 12:00:00,60,Stat,Normal
LO118557,APP066953,PAT01226,DOC026,DEP008,FAC001,LAB004,Liver Function Test,Biochemistry,2023-08-17,2023-08-18,2023-08-19 08:00:00,32,Routine,Normal
LO118560,APP060549,PAT12133,DOC032,DEP002,FAC002,LAB005,Kidney Function Test,Biochemistry,2021-04-29,2021-05-01,2021-05-04 13:00:00,85,Routine,Normal
LO118570,APP058140,PAT13619,DOC034,DEP001,FAC004,LAB011,ECG,Cardiology Diagnostics,2026-06-03,2026-06-03,2026-06-04 22:00:00,46,Routine,Abnormal
LO118571,APP065786,PAT14645,DOC027,DEP001,FAC002,LAB004,Liver Function Test,Biochemistry,2022-07-22,2022-07-22,2022-07-22 06:00:00,6,Routine,Normal
LO118576,APP064395,PAT01328,DOC019,DEP005,FAC004,LAB012,HbA1c,Biochemistry,2021-08-04,2021-08-06,2021-08-09 03:00:00,75,Routine,Abnormal
LO118577,APP070666,PAT06648,DOC027,DEP001,FAC002,LAB013,COVID PCR,Molecular Diagnostics,2024-11-12,2024-11-13,2024-11-16 23:00:00,95,Routine,Normal
LO118578,APP058551,PAT08608,DOC031,DEP001,FAC001,LAB006,Thyroid Profile,Immunology,2022-12-15,2022-12-15,2022-12-17 20:00:00,68,Routine,Normal
LO118579,APP062180,PAT10320,DOC044,DEP005,FAC002,LAB015,Electrolytes Panel,Biochemistry,2022-05-19,2022-05-19,2022-05-19 01:00:00,1,Routine,Normal
LO118580,APP058962,PAT02819,DOC005,DEP001,FAC005,LAB010,Ultrasound Abdomen,Radiology,2026-09-10,2026-09-10,2026-09-15 00:00:00,120,Routine,Normal
LO118585,APP069306,PAT07586,DOC057,DEP001,FAC002,LAB014,Blood Culture,Microbiology,2023-12-07,2023-12-07,2023-12-10 16:00:00,88,Routine,Normal
LO118587,APP069118,PAT02271,DOC030,DEP008,FAC005,LAB013,COVID PCR,Molecular Diagnostics,2024-04-01,2024-04-02,2024-04-03 02:00:00,26,Routine,Normal
LO118597,APP050434,PAT02499,DOC006,DEP002,FAC001,LAB015,Electrolytes Panel,Biochemistry,2022-12-05,2022-12-06,2022-12-09 01:00:00,73,Routine,Normal
LO118609,APP064748,PAT07589,DOC005,DEP001,FAC005,LAB002,Blood Glucose,Biochemistry,2026-04-04,2026-04-04,2026-04-07 12:00:00,84,Routine,Normal
LO118613,APP054951,PAT00246,DOC030,DEP008,FAC005,LAB014,Blood Culture,Microbiology,2026-02-26,2026-02-26,2026-02-27 02:00:00,26,Routine,Normal
LO118617,APP060696,PAT08948,DOC023,DEP008,FAC003,LAB012,HbA1c,Biochemistry,2026-10-09,2026-10-09,2026-10-10 10:00:00,34,Routine,Normal
LO118621,APP074079,PAT12880,DOC059,DEP006,FAC005,LAB008,Urine Culture,Microbiology,2024-12-04,2024-12-05,2024-12-06 15:00:00,39,Urgent,Normal
LO118625,APP053228,PAT02289,DOC006,DEP002,FAC001,LAB001,Complete Blood Count,Hematology,2023-12-27,2023-12-29,2023-12-29 11:00:00,11,Urgent,Normal
LO118627,APP051702,PAT14662,DOC038,DEP005,FAC003,LAB006,Thyroid Profile,Immunology,2022-09-29,2022-09-29,2022-10-02 02:00:00,74,Routine,Normal
LO118630,APP070488,PAT04817,DOC001,DEP001,FAC001,LAB015,Electrolytes Panel,Biochemistry,2024-03-26,2024-03-26,2024-03-27 07:00:00,31,Routine,Normal
LO118640,APP062584,PAT00425,DOC025,DEP007,FAC005,LAB007,Urine Routine,Microbiology,2026-12-04,2026-12-04,2026-12-04 01:00:00,1,Routine,Normal
LO118647,APP066574,PAT11656,DOC035,DEP001,FAC005,LAB002,Blood Glucose,Biochemistry,2022-03-15,2022-03-16,2022-03-19 11:00:00,83,Routine,Normal
LO118655,APP053509,PAT06585,DOC008,DEP003,FAC003,LAB006,Thyroid Profile,Immunology,2021-02-25,2021-02-25,2021-02-26 20:00:00,44,Routine,Normal
LO118659,APP074860,PAT05599,DOC017,DEP006,FAC002,LAB013,COVID PCR,Molecular Diagnostics,2023-12-14,2023-12-14,2023-12-15 23:00:00,47,Routine,Abnormal
LO118662,APP070612,PAT04747,DOC016,DEP004,FAC001,LAB005,Kidney Function Test,Biochemistry,2025-01-10,2025-01-11,2025-01-13 07:00:00,55,Routine,Normal
LO118663,APP071117,PAT12189,DOC020,DEP006,FAC005,LAB004,Liver Function Test,Biochemistry,2021-07-09,2021-07-09,2021-07-12 12:00:00,84,Routine,Normal
LO118674,APP070830,PAT04116,DOC031,DEP001,FAC001,LAB015,Electrolytes Panel,Biochemistry,2026-03-11,2026-03-12,2026-03-14 19:00:00,67,Routine,Normal
LO118694,APP065713,PAT09782,DOC035,DEP001,FAC005,LAB004,Liver Function Test,Biochemistry,2025-02-07,2025-02-08,2025-02-09 21:00:00,45,Routine,Normal
LO118701,APP063402,PAT00124,DOC002,DEP001,FAC002,LAB015,Electrolytes Panel,Biochemistry,2022-01-04,2022-01-04,2022-01-06 22:00:00,70,Routine,Normal
LO118707,APP055487,PAT08671,DOC045,DEP007,FAC004,LAB012,HbA1c,Biochemistry,2023-05-19,2023-05-19,2023-05-21 06:00:00,54,Routine,Normal
LO118708,APP062150,PAT05565,DOC042,DEP003,FAC003,LAB004,Liver Function Test,Biochemistry,2026-06-10,2026-06-10,2026-06-12 22:00:00,70,Routine,Abnormal
LO118710,APP057989,PAT06823,DOC017,DEP006,FAC002,LAB006,Thyroid Profile,Immunology,2023-06-06,2023-06-07,2023-06-08 14:00:00,38,Urgent,Normal
LO118718,APP057672,PAT08889,DOC004,DEP001,FAC004,LAB008,Urine Culture,Microbiology,2021-06-23,2021-06-23,2021-06-23 16:00:00,16,Routine,Normal
LO118720,APP073046,PAT01011,DOC014,DEP004,FAC004,LAB007,Urine Routine,Microbiology,2026-09-19,2026-09-19,2026-09-23 00:00:00,96,Routine,Normal
LO118728,APP060114,PAT02936,DOC035,DEP001,FAC005,LAB008,Urine Culture,Microbiology,2022-07-21,2022-07-22,2022-07-25 11:00:00,83,Urgent,Normal
LO118730,APP053903,PAT10369,DOC009,DEP002,FAC004,LAB013,COVID PCR,Molecular Diagnostics,2023-02-17,2023-02-18,2023-02-18 17:00:00,17,Routine,Normal
LO118731,APP061529,PAT02349,DOC014,DEP004,FAC004,LAB009,Chest X-Ray,Radiology,2025-07-13,2025-07-13,2025-07-15 12:00:00,60,Routine,Abnormal
LO118736,APP053376,PAT07248,DOC013,DEP005,FAC003,LAB014,Blood Culture,Microbiology,2025-05-28,2025-05-29,2025-05-30 20:00:00,44,Routine,Normal
LO118739,APP069516,PAT00048,DOC007,DEP002,FAC002,LAB006,Thyroid Profile,Immunology,2021-07-05,2021-07-07,2021-07-10 03:00:00,75,Routine,Normal
LO118741,APP066537,PAT14835,DOC037,DEP005,FAC002,LAB013,COVID PCR,Molecular Diagnostics,2023-06-17,2023-06-17,2023-06-21 10:00:00,106,Routine,Normal
LO118749,APP060007,PAT09346,DOC038,DEP005,FAC003,LAB012,HbA1c,Biochemistry,2024-04-09,2024-04-10,2024-04-11 18:00:00,42,Routine,Normal
LO118764,APP054451,PAT06215,DOC001,DEP001,FAC001,LAB011,ECG,Cardiology Diagnostics,2021-04-09,2021-04-10,2021-04-11 19:00:00,43,Routine,Normal
LO118766,APP059484,PAT07518,DOC053,DEP007,FAC005,LAB011,ECG,Cardiology Diagnostics,2021-01-23,2021-01-25,2021-01-28 19:00:00,91,Routine,Abnormal
LO118767,APP052728,PAT09680,DOC054,DEP003,FAC003,LAB002,Blood Glucose,Biochemistry,2026-03-06,2026-03-06,2026-03-10 12:00:00,108,Urgent,Normal
LO118776,APP061721,PAT01808,DOC035,DEP001,FAC005,LAB001,Complete Blood Count,Hematology,2025-10-23,2025-10-24,2025-10-26 06:00:00,54,Routine,Normal
LO118777,APP074404,PAT01740,DOC042,DEP003,FAC003,LAB007,Urine Routine,Microbiology,2025-10-22,2025-10-22,2025-10-25 13:00:00,85,Routine,Abnormal
LO118782,APP056326,PAT01792,DOC008,DEP003,FAC003,LAB001,Complete Blood Count,Hematology,2023-07-27,2023-07-28,2023-07-30 12:00:00,60,Routine,Normal
LO118783,APP057749,PAT01352,DOC032,DEP002,FAC002,LAB010,Ultrasound Abdomen,Radiology,2022-08-14,2022-08-14,2022-08-17 03:00:00,75,Routine,Abnormal
LO118786,APP065363,PAT00933,DOC003,DEP001,FAC003,LAB008,Urine Culture,Microbiology,2022-05-09,2022-05-09,2022-05-12 06:00:00,78,Routine,Normal
LO118787,APP050058,PAT06487,DOC053,DEP007,FAC005,LAB010,Ultrasound Abdomen,Radiology,2023-12-13,2023-12-13,2023-12-15 16:00:00,64,Routine,Normal
LO118788,APP063569,PAT14287,DOC004,DEP001,FAC004,LAB012,HbA1c,Biochemistry,2025-05-29,2025-05-30,2025-05-31 07:00:00,31,Routine,Normal
LO118815,APP059722,PAT06689,DOC014,DEP004,FAC004,LAB012,HbA1c,Biochemistry,2022-02-07,2022-02-07,2022-02-10 03:00:00,75,Routine,Normal
LO118822,APP068286,PAT08331,DOC055,DEP006,FAC004,LAB001,Complete Blood Count,Hematology,2025-06-13,2025-06-13,2025-06-13 18:00:00,18,Routine,Normal
LO118826,APP069140,PAT13538,DOC001,DEP001,FAC001,LAB014,Blood Culture,Microbiology,2024-03-04,2024-03-05,2024-03-09 19:00:00,115,Routine,Normal
LO118833,APP057778,PAT07110,DOC029,DEP007,FAC004,LAB010,Ultrasound Abdomen,Radiology,2023-02-24,2023-02-24,2023-02-24 21:00:00,21,Routine,Normal
LO118834,APP056632,PAT02975,DOC010,DEP003,FAC005,LAB009,Chest X-Ray,Radiology,2026-02-13,2026-02-13,2026-02-16 02:00:00,74,Routine,Normal
LO118838,APP054446,PAT10157,DOC032,DEP002,FAC002,LAB002,Blood Glucose,Biochemistry,2023-05-17,2023-05-17,2023-05-17 01:00:00,1,Routine,Abnormal
LO118840,APP057563,PAT00638,DOC003,DEP001,FAC003,LAB006,Thyroid Profile,Immunology,2025-09-18,2025-09-19,2025-09-23 09:00:00,105,Routine,Normal
LO118844,APP052790,PAT14618,DOC055,DEP006,FAC004,LAB006,Thyroid Profile,Immunology,2025-02-05,2025-02-05,2025-02-06 21:00:00,45,Routine,Normal
LO118852,APP067209,PAT13911,DOC049,DEP001,FAC003,LAB007,Urine Routine,Microbiology,2022-12-27,2022-12-27,2022-12-31 03:00:00,99,Routine,Normal
LO118853,APP065375,PAT02454,DOC054,DEP003,FAC003,LAB004,Liver Function Test,Biochemistry,2025-06-19,2025-06-19,2025-06-22 16:00:00,88,Routine,Abnormal
LO118867,APP051469,PAT03205,DOC049,DEP001,FAC003,LAB010,Ultrasound Abdomen,Radiology,2026-05-21,2026-05-23,2026-05-25 12:00:00,60,Routine,Normal
LO118870,APP053680,PAT09941,DOC027,DEP001,FAC002,LAB013,COVID PCR,Molecular Diagnostics,2025-04-19,2025-04-19,2025-04-20 06:00:00,30,Routine,Normal
LO118872,APP074602,PAT09103,DOC012,DEP005,FAC002,LAB008,Urine Culture,Microbiology,2022-12-26,2022-12-26,2022-12-29 11:00:00,83,Routine,Normal
LO118873,APP055105,PAT13030,DOC034,DEP001,FAC004,LAB001,Complete Blood Count,Hematology,2021-12-24,2021-12-24,2021-12-25 11:00:00,35,Routine,Normal
LO118881,APP063801,PAT13579,DOC035,DEP001,FAC005,LAB015,Electrolytes Panel,Biochemistry,2022-11-16,2022-11-17,2022-11-21 19:00:00,115,Routine,Normal
LO118883,APP067205,PAT10448,DOC035,DEP001,FAC005,LAB014,Blood Culture,Microbiology,2025-06-28,2025-06-28,2025-06-30 06:00:00,54,Routine,Normal
LO118887,APP052235,PAT11606,DOC058,DEP001,FAC004,LAB008,Urine Culture,Microbiology,2023-12-20,2023-12-21,2023-12-24 01:00:00,73,Routine,Normal
LO118890,APP055444,PAT03911,DOC056,DEP001,FAC003,LAB013,COVID PCR,Molecular Diagnostics,2025-01-13,2025-01-13,2025-01-17 07:00:00,103,Routine,Normal
LO118893,APP074896,PAT12348,DOC054,DEP003,FAC003,LAB011,ECG,Cardiology Diagnostics,2024-07-13,2024-07-15,2024-07-18 10:00:00,82,Routine,Normal
LO118896,APP066047,PAT00863,DOC039,DEP002,FAC004,LAB007,Urine Routine,Microbiology,2023-08-19,2023-08-20,2023-08-22 11:00:00,59,Routine,Normal
LO118899,APP050862,PAT01327,DOC015,DEP005,FAC005,LAB011,ECG,Cardiology Diagnostics,2024-05-18,2024-05-18,2024-05-21 11:00:00,83,Routine,Abnormal
LO118903,APP057761,PAT10529,DOC032,DEP002,FAC002,LAB012,HbA1c,Biochemistry,2021-12-03,2021-12-04,2021-12-05 02:00:00,26,Routine,Normal
LO118904,APP061240,PAT10974,DOC027,DEP001,FAC002,LAB011,ECG,Cardiology Diagnostics,2024-08-30,2024-08-30,2024-08-30 01:00:00,1,Routine,Normal
LO118905,APP058951,PAT00500,DOC043,DEP008,FAC003,LAB001,Complete Blood Count,Hematology,2021-09-14,2021-09-14,2021-09-15 22:00:00,46,Routine,Normal
LO118906,APP056975,PAT06689,DOC025,DEP007,FAC005,LAB007,Urine Routine,Microbiology,2023-12-16,2023-12-17,2023-12-18 22:00:00,46,Routine,Abnormal
LO118916,APP063815,PAT13093,DOC007,DEP002,FAC002,LAB011,ECG,Cardiology Diagnostics,2025-06-04,2025-06-05,2025-06-07 03:00:00,51,Urgent,Normal
LO118919,APP053978,PAT03523,DOC045,DEP007,FAC004,LAB006,Thyroid Profile,Immunology,2024-03-21,2024-03-22,2024-03-27 00:00:00,120,Urgent,Normal
LO118927,APP059266,PAT11307,DOC060,DEP006,FAC005,LAB002,Blood Glucose,Biochemistry,2025-08-25,2025-08-25,2025-08-25 16:00:00,16,Routine,Normal
LO118928,APP065877,PAT09895,DOC031,DEP001,FAC001,LAB004,Liver Function Test,Biochemistry,2021-10-09,2021-10-09,2021-10-13 19:00:00,115,Routine,Normal
LO118929,APP063807,PAT07771,DOC005,DEP001,FAC005,LAB015,Electrolytes Panel,Biochemistry,2024-07-19,2024-07-19,2024-07-21 04:00:00,52,Routine,Normal
LO118933,APP063941,PAT07182,DOC055,DEP006,FAC004,LAB010,Ultrasound Abdomen,Radiology,2025-11-04,2025-11-04,2025-11-06 21:00:00,69,Routine,Abnormal
LO118934,APP067005,PAT11814,DOC023,DEP008,FAC003,LAB010,Ultrasound Abdomen,Radiology,2022-03-19,2022-03-19,2022-03-19 02:00:00,2,Routine,Abnormal
LO118937,APP071206,PAT11875,DOC058,DEP001,FAC004,LAB015,Electrolytes Panel,Biochemistry,2024-02-25,2024-02-25,2024-02-28 06:00:00,78,Routine,Normal
LO118940,APP063194,PAT02747,DOC027,DEP001,FAC002,LAB004,Liver Function Test,Biochemistry,2021-07-23,2021-07-24,2021-07-27 01:00:00,73,Routine,Normal
LO118941,APP068890,PAT11120,DOC040,DEP003,FAC005,LAB008,Urine Culture,Microbiology,2025-09-15,2025-09-15,2025-09-18 21:00:00,93,Routine,Normal
LO118942,APP050341,PAT11697,DOC060,DEP006,FAC005,LAB008,Urine Culture,Microbiology,2022-02-09,2022-02-09,2022-02-12 04:00:00,76,Routine,Normal
LO118945,APP052320,PAT02129,DOC060,DEP006,FAC005,LAB003,Lipid Profile,Biochemistry,2025-11-04,2025-11-04,2025-11-09 00:00:00,120,Routine,Normal
LO118957,APP060733,PAT12823,DOC056,DEP001,FAC003,LAB012,HbA1c,Biochemistry,2022-05-26,2022-05-26,2022-05-29 07:00:00,79,Urgent,Normal
LO118966,APP073894,PAT11980,DOC023,DEP008,FAC003,LAB008,Urine Culture,Microbiology,2025-03-10,2025-03-11,2025-03-13 00:00:00,48,Urgent,Normal
LO118972,APP061282,PAT00287,DOC015,DEP005,FAC005,LAB010,Ultrasound Abdomen,Radiology,2022-04-16,2022-04-16,2022-04-17 23:00:00,47,Routine,Normal
LO118974,APP061302,PAT13145,DOC038,DEP005,FAC003,LAB002,Blood Glucose,Biochemistry,2023-03-01,2023-03-02,2023-03-02 01:00:00,1,Routine,Abnormal
LO118979,APP069241,PAT02513,DOC057,DEP001,FAC002,LAB013,COVID PCR,Molecular Diagnostics,2022-09-20,2022-09-20,2022-09-22 16:00:00,64,Routine,Normal
LO118982,APP060926,PAT10159,DOC044,DEP005,FAC002,LAB010,Ultrasound Abdomen,Radiology,2023-02-17,2023-02-17,2023-02-17 13:00:00,13,Routine,Normal
LO118988,APP050820,PAT13323,DOC024,DEP006,FAC004,LAB014,Blood Culture,Microbiology,2025-10-22,2025-10-22,2025-10-23 06:00:00,30,Urgent,Normal
LO118990,APP055211,PAT12599,DOC030,DEP008,FAC005,LAB013,COVID PCR,Molecular Diagnostics,2026-07-28,2026-07-28,2026-07-30 14:00:00,62,Routine,Normal
LO119002,APP053071,PAT03523,DOC060,DEP006,FAC005,LAB002,Blood Glucose,Biochemistry,2022-11-25,2022-11-26,2022-11-26 15:00:00,15,Routine,Normal
LO119006,APP060033,PAT03979,DOC022,DEP007,FAC002,LAB015,Electrolytes Panel,Biochemistry,2024-11-25,2024-11-27,2024-11-29 23:00:00,71,Routine,Normal
LO119007,APP065854,PAT11022,DOC052,DEP002,FAC004,LAB002,Blood Glucose,Biochemistry,2023-04-30,2023-04-30,2023-04-30 15:00:00,15,Routine,Normal
LO119017,APP056205,PAT07158,DOC059,DEP006,FAC005,LAB015,Electrolytes Panel,Biochemistry,2021-03-25,2021-03-25,2021-03-27 02:00:00,50,Routine,Normal
LO119022,APP055161,PAT10370,DOC045,DEP007,FAC004,LAB014,Blood Culture,Microbiology,2025-03-19,2025-03-19,2025-03-20 16:00:00,40,Routine,Normal
LO119034,APP066415,PAT11378,DOC044,DEP005,FAC002,LAB015,Electrolytes Panel,Biochemistry,2026-07-20,2026-07-20,2026-07-21 10:00:00,34,Urgent,Normal
LO119036,APP067810,PAT09323,DOC038,DEP005,FAC003,LAB003,Lipid Profile,Biochemistry,2025-06-08,2025-06-10,2025-06-13 11:00:00,83,Urgent,Normal
LO119040,APP055215,PAT13164,DOC004,DEP001,FAC004,LAB010,Ultrasound Abdomen,Radiology,2022-04-18,2022-04-19,2022-04-21 23:00:00,71,Routine,Abnormal
LO119051,APP056457,PAT08331,DOC009,DEP002,FAC004,LAB002,Blood Glucose,Biochemistry,2025-09-13,2025-09-15,2025-09-20 00:00:00,120,Routine,Normal
LO119059,APP051518,PAT08626,DOC004,DEP001,FAC004,LAB015,Electrolytes Panel,Biochemistry,2024-03-02,2024-03-03,2024-03-04 14:00:00,38,Routine,Normal
LO119064,APP056356,PAT07915,DOC030,DEP008,FAC005,LAB003,Lipid Profile,Biochemistry,2026-01-31,2026-01-31,2026-02-03 20:00:00,92,Routine,Normal
LO119067,APP074396,PAT05590,DOC033,DEP003,FAC003,LAB008,Urine Culture,Microbiology,2024-09-30,2024-09-30,2024-10-01 14:00:00,38,Routine,Normal
LO119072,APP065140,PAT08359,DOC002,DEP001,FAC002,LAB004,Liver Function Test,Biochemistry,2025-08-15,2025-08-16,2025-08-20 09:00:00,105,Routine,Normal
LO119076,APP053625,PAT07093,DOC002,DEP001,FAC002,LAB004,Liver Function Test,Biochemistry,2023-05-27,2023-05-27,2023-05-28 02:00:00,26,Routine,Normal
LO119078,APP063462,PAT08493,DOC052,DEP002,FAC004,LAB011,ECG,Cardiology Diagnostics,2022-01-05,2022-01-06,2022-01-07 21:00:00,45,Routine,Abnormal
LO119083,APP074091,PAT09965,DOC050,DEP005,FAC003,LAB011,ECG,Cardiology Diagnostics,2025-04-21,2025-04-21,2025-04-25 19:00:00,115,Routine,Normal
LO119085,APP066130,PAT04879,DOC044,DEP005,FAC002,LAB002,Blood Glucose,Biochemistry,2024-11-01,2024-11-01,2024-11-06 00:00:00,120,Routine,Abnormal
LO119086,APP074397,PAT06886,DOC015,DEP005,FAC005,LAB005,Kidney Function Test,Biochemistry,2021-06-18,2021-06-19,2021-06-21 18:00:00,66,Routine,Normal
LO119087,APP052165,PAT03022,DOC046,DEP001,FAC001,LAB003,Lipid Profile,Biochemistry,2021-09-30,2021-10-01,2021-10-02 00:00:00,24,Routine,Normal
LO119091,APP054164,PAT04342,DOC041,DEP001,FAC005,LAB009,Chest X-Ray,Radiology,2026-04-13,2026-04-13,2026-04-13 09:00:00,9,Routine,Normal
LO119103,APP057954,PAT04281,DOC056,DEP001,FAC003,LAB010,Ultrasound Abdomen,Radiology,2026-06-19,2026-06-20,2026-06-25 00:00:00,120,Routine,Normal
LO119104,APP070820,PAT01489,DOC030,DEP008,FAC005,LAB015,Electrolytes Panel,Biochemistry,2026-03-03,2026-03-03,2026-03-05 15:00:00,63,Routine,Normal
LO119109,APP062895,PAT02129,DOC038,DEP005,FAC003,LAB007,Urine Routine,Microbiology,2022-03-03,2022-03-04,2022-03-06 10:00:00,58,Routine,Normal
LO119110,APP069653,PAT05170,DOC019,DEP005,FAC004,LAB005,Kidney Function Test,Biochemistry,2023-06-24,2023-06-24,2023-06-27 15:00:00,87,Routine,Normal
LO119111,APP065459,PAT14513,DOC009,DEP002,FAC004,LAB010,Ultrasound Abdomen,Radiology,2026-03-02,2026-03-02,2026-03-04 13:00:00,61,Routine,Normal
LO119114,APP054805,PAT08599,DOC033,DEP003,FAC003,LAB008,Urine Culture,Microbiology,2026-02-20,2026-02-21,2026-02-26 00:00:00,120,Urgent,Abnormal
LO119116,APP063589,PAT04047,DOC023,DEP008,FAC003,LAB006,Thyroid Profile,Immunology,2021-01-25,2021-01-26,2021-01-30 11:00:00,107,Routine,Normal
LO119125,APP067680,PAT05272,DOC040,DEP003,FAC005,LAB002,Blood Glucose,Biochemistry,2025-12-02,2025-12-03,2025-12-07 01:00:00,97,Routine,Normal
LO119126,APP069609,PAT06606,DOC015,DEP005,FAC005,LAB005,Kidney Function Test,Biochemistry,2024-12-12,2024-12-12,2024-12-13 18:00:00,42,Routine,Normal
LO119132,APP051526,PAT04591,DOC049,DEP001,FAC003,LAB003,Lipid Profile,Biochemistry,2025-09-11,2025-09-12,2025-09-14 02:00:00,50,Routine,Normal
LO119133,APP066749,PAT04505,DOC035,DEP001,FAC005,LAB010,Ultrasound Abdomen,Radiology,2026-04-16,2026-04-16,2026-04-20 16:00:00,112,Routine,Normal
LO119135,APP074744,PAT01548,DOC029,DEP007,FAC004,LAB010,Ultrasound Abdomen,Radiology,2026-10-27,2026-10-27,2026-10-28 17:00:00,41,Routine,Normal
LO119138,APP054503,PAT07448,DOC040,DEP003,FAC005,LAB002,Blood Glucose,Biochemistry,2021-06-02,2021-06-02,2021-06-03 19:00:00,43,Routine,Normal
LO119141,APP057941,PAT06914,DOC001,DEP001,FAC001,LAB002,Blood Glucose,Biochemistry,2026-08-20,2026-08-20,2026-08-20 01:00:00,1,Routine,Abnormal
LO119145,APP051500,PAT14615,DOC007,DEP002,FAC002,LAB007,Urine Routine,Microbiology,2026-09-14,2026-09-14,2026-09-14 22:00:00,22,Routine,Normal
LO119154,APP057291,PAT10472,DOC014,DEP004,FAC004,LAB002,Blood Glucose,Biochemistry,2022-01-06,2022-01-08,2022-01-13 00:00:00,120,Routine,Normal
LO119158,APP064138,PAT14398,DOC052,DEP002,FAC004,LAB015,Electrolytes Panel,Biochemistry,2026-02-10,2026-02-11,2026-02-12 20:00:00,44,Routine,Abnormal
LO119166,APP063539,PAT02040,DOC050,DEP005,FAC003,LAB002,Blood Glucose,Biochemistry,2026-06-15,2026-06-15,2026-06-17 18:00:00,66,Stat,Normal
LO119167,APP067510,PAT08814,DOC027,DEP001,FAC002,LAB005,Kidney Function Test,Biochemistry,2025-04-09,2025-04-09,2025-04-09 01:00:00,1,Routine,Normal
LO119182,APP053086,PAT02770,DOC004,DEP001,FAC004,LAB005,Kidney Function Test,Biochemistry,2022-09-11,2022-09-11,2022-09-13 01:00:00,49,Routine,Abnormal
LO119183,APP057220,PAT03955,DOC030,DEP008,FAC005,LAB002,Blood Glucose,Biochemistry,2023-05-27,2023-05-29,2023-05-30 06:00:00,30,Routine,Normal
LO119185,APP056391,PAT02440,DOC020,DEP006,FAC005,LAB011,ECG,Cardiology Diagnostics,2026-12-22,2026-12-23,2026-12-26 18:00:00,90,Routine,Normal
LO119191,APP072474,PAT02609,DOC052,DEP002,FAC004,LAB006,Thyroid Profile,Immunology,2023-02-11,2023-02-12,2023-02-15 19:00:00,91,Routine,Normal
LO119197,APP070503,PAT06685,DOC018,DEP007,FAC003,LAB004,Liver Function Test,Biochemistry,2024-01-22,2024-01-23,2024-01-24 04:00:00,28,Routine,Normal
LO119200,APP071794,PAT10505,DOC022,DEP007,FAC002,LAB012,HbA1c,Biochemistry,2022-09-30,2022-10-01,2022-10-01 19:00:00,19,Routine,Normal
LO119201,APP051211,PAT06336,DOC007,DEP002,FAC002,LAB004,Liver Function Test,Biochemistry,2023-11-20,2023-11-22,2023-11-24 17:00:00,65,Routine,Normal
LO119204,APP072954,PAT13754,DOC034,DEP001,FAC004,LAB009,Chest X-Ray,Radiology,2021-01-04,2021-01-04,2021-01-06 03:00:00,51,Routine,Normal
LO119205,APP056076,PAT08488,DOC053,DEP007,FAC005,LAB006,Thyroid Profile,Immunology,2023-11-15,2023-11-15,2023-11-17 07:00:00,55,Urgent,Critical
LO119206,APP074276,PAT03026,DOC048,DEP002,FAC001,LAB009,Chest X-Ray,Radiology,2023-06-15,2023-06-16,2023-06-18 19:00:00,67,Routine,Normal
LO119212,APP052826,PAT06878,DOC003,DEP001,FAC003,LAB006,Thyroid Profile,Immunology,2022-02-24,2022-02-25,2022-02-27 23:00:00,71,Routine,Normal
LO119218,APP062220,PAT05181,DOC048,DEP002,FAC001,LAB006,Thyroid Profile,Immunology,2026-05-13,2026-05-14,2026-05-18 05:00:00,101,Routine,Normal
LO119224,APP073169,PAT10658,DOC021,DEP005,FAC001,LAB003,Lipid Profile,Biochemistry,2026-07-15,2026-07-16,2026-07-17 10:00:00,34,Routine,Normal
LO119236,APP054799,PAT02488,DOC053,DEP007,FAC005,LAB008,Urine Culture,Microbiology,2022-08-18,2022-08-18,2022-08-18 23:00:00,23,Routine,Critical
LO119240,APP059210,PAT12850,DOC052,DEP002,FAC004,LAB013,COVID PCR,Molecular Diagnostics,2022-10-13,2022-10-14,2022-10-17 18:00:00,90,Urgent,Normal
LO119257,APP060618,PAT07717,DOC026,DEP008,FAC001,LAB002,Blood Glucose,Biochemistry,2026-04-03,2026-04-04,2026-04-04 01:00:00,1,Routine,Normal
LO119260,APP057529,PAT09508,DOC030,DEP008,FAC005,LAB001,Complete Blood Count,Hematology,2024-07-23,2024-07-24,2024-07-26 13:00:00,61,Routine,Normal
LO119264,APP072286,PAT00677,DOC060,DEP006,FAC005,LAB004,Liver Function Test,Biochemistry,2022-07-08,2022-07-08,2022-07-11 20:00:00,92,Routine,Normal
LO119271,APP051656,PAT10634,DOC011,DEP003,FAC001,LAB002,Blood Glucose,Biochemistry,2024-01-05,2024-01-06,2024-01-08 07:00:00,55,Routine,Normal
LO119274,APP066803,PAT13834,DOC003,DEP001,FAC003,LAB012,HbA1c,Biochemistry,2023-05-19,2023-05-19,2023-05-24 00:00:00,120,Routine,Normal
LO119282,APP058370,PAT13421,DOC055,DEP006,FAC004,LAB006,Thyroid Profile,Immunology,2025-01-30,2025-01-31,2025-02-04 22:00:00,118,Routine,Normal
LO119285,APP054550,PAT06922,DOC029,DEP007,FAC004,LAB015,Electrolytes Panel,Biochemistry,2023-11-27,2023-11-27,2023-11-30 18:00:00,90,Routine,Abnormal
LO119288,APP071874,PAT00300,DOC035,DEP001,FAC005,LAB014,Blood Culture,Microbiology,2026-06-22,2026-06-23,2026-06-24 19:00:00,43,Urgent,Normal
LO119291,APP074349,PAT07976,DOC010,DEP003,FAC005,LAB006,Thyroid Profile,Immunology,2022-11-19,2022-11-20,2022-11-20 22:00:00,22,Routine,Normal
LO119293,APP055807,PAT01248,DOC057,DEP001,FAC002,LAB011,ECG,Cardiology Diagnostics,2025-03-25,2025-03-25,2025-03-27 21:00:00,69,Routine,Abnormal
LO119296,APP058481,PAT05390,DOC031,DEP001,FAC001,LAB008,Urine Culture,Microbiology,2022-12-11,2022-12-12,2022-12-12 07:00:00,7,Routine,Normal
LO119299,APP059642,PAT03602,DOC022,DEP007,FAC002,LAB011,ECG,Cardiology Diagnostics,2025-10-17,2025-10-17,2025-10-21 14:00:00,110,Urgent,Normal
LO119300,APP074747,PAT04768,DOC056,DEP001,FAC003,LAB006,Thyroid Profile,Immunology,2026-09-22,2026-09-23,2026-09-26 21:00:00,93,Routine,Normal
LO119302,APP053373,PAT09058,DOC001,DEP001,FAC001,LAB002,Blood Glucose,Biochemistry,2021-02-10,2021-02-11,2021-02-14 05:00:00,77,Routine,Normal
LO119304,APP054239,PAT01112,DOC012,DEP005,FAC002,LAB015,Electrolytes Panel,Biochemistry,2021-02-11,2021-02-12,2021-02-13 17:00:00,41,Routine,Abnormal
LO119305,APP064787,PAT14092,DOC039,DEP002,FAC004,LAB012,HbA1c,Biochemistry,2025-09-03,2025-09-03,2025-09-05 06:00:00,54,Routine,Normal
LO119312,APP062670,PAT10389,DOC044,DEP005,FAC002,LAB003,Lipid Profile,Biochemistry,2021-05-22,2021-05-22,2021-05-23 12:00:00,36,Routine,Normal
LO119313,APP058501,PAT06028,DOC030,DEP008,FAC005,LAB006,Thyroid Profile,Immunology,2021-01-06,2021-01-07,2021-01-09 10:00:00,58,Routine,Critical
LO119315,APP072492,PAT11821,DOC027,DEP001,FAC002,LAB003,Lipid Profile,Biochemistry,2022-10-08,2022-10-09,2022-10-12 21:00:00,93,Routine,Normal
LO119318,APP061488,PAT08383,DOC013,DEP005,FAC003,LAB003,Lipid Profile,Biochemistry,2023-02-03,2023-02-03,2023-02-04 03:00:00,27,Urgent,Normal
LO119319,APP068109,PAT09515,DOC042,DEP003,FAC003,LAB008,Urine Culture,Microbiology,2021-09-04,2021-09-04,2021-09-05 10:00:00,34,Routine,Normal
LO119322,APP057693,PAT11468,DOC055,DEP006,FAC004,LAB001,Complete Blood Count,Hematology,2026-12-15,2026-12-15,2026-12-19 10:00:00,106,Routine,Normal
LO119334,APP054491,PAT05702,DOC036,DEP002,FAC001,LAB007,Urine Routine,Microbiology,2026-01-09,2026-01-10,2026-01-10 23:00:00,23,Routine,Normal
LO119335,APP066453,PAT03015,DOC024,DEP006,FAC004,LAB004,Liver Function Test,Biochemistry,2023-06-21,2023-06-22,2023-06-24 06:00:00,54,Routine,Abnormal
LO119336,APP061917,PAT13919,DOC001,DEP001,FAC001,LAB005,Kidney Function Test,Biochemistry,2024-11-23,2024-11-23,2024-11-28 00:00:00,120,Routine,Normal
LO119337,APP053084,PAT01966,DOC033,DEP003,FAC003,LAB014,Blood Culture,Microbiology,2024-08-08,2024-08-08,2024-08-09 21:00:00,45,Routine,Normal
LO119341,APP061787,PAT09941,DOC008,DEP003,FAC003,LAB015,Electrolytes Panel,Biochemistry,2026-05-06,2026-05-08,2026-05-09 11:00:00,35,Routine,Normal
LO119344,APP073013,PAT14230,DOC021,DEP005,FAC001,LAB002,Blood Glucose,Biochemistry,2021-07-04,2021-07-05,2021-07-05 21:00:00,21,Routine,Normal
LO119351,APP059112,PAT11307,DOC022,DEP007,FAC002,LAB015,Electrolytes Panel,Biochemistry,2021-08-12,2021-08-12,2021-08-15 03:00:00,75,Routine,Abnormal
LO119355,APP066568,PAT11417,DOC033,DEP003,FAC003,LAB013,COVID PCR,Molecular Diagnostics,2025-11-04,2025-11-04,2025-11-05 05:00:00,29,Routine,Normal
LO119379,APP072433,PAT13277,DOC016,DEP004,FAC001,LAB011,ECG,Cardiology Diagnostics,2025-04-15,2025-04-16,2025-04-17 14:00:00,38,Routine,Normal
LO119383,APP051375,PAT13780,DOC007,DEP002,FAC002,LAB012,HbA1c,Biochemistry,2023-10-05,2023-10-06,2023-10-09 15:00:00,87,Routine,Normal
LO119388,APP073802,PAT12133,DOC057,DEP001,FAC002,LAB001,Complete Blood Count,Hematology,2025-02-28,2025-02-28,2025-03-01 13:00:00,37,Routine,Normal
LO119395,APP061217,PAT05764,DOC008,DEP003,FAC003,LAB006,Thyroid Profile,Immunology,2025-11-06,2025-11-07,2025-11-10 22:00:00,94,Routine,Normal
LO119400,APP062578,PAT10876,DOC019,DEP005,FAC004,LAB006,Thyroid Profile,Immunology,2022-06-22,2022-06-24,2022-06-24 20:00:00,20,Routine,Normal
LO119404,APP057600,PAT10511,DOC018,DEP007,FAC003,LAB010,Ultrasound Abdomen,Radiology,2026-02-27,2026-02-28,2026-03-02 13:00:00,61,Routine,Normal
LO119405,APP063481,PAT05737,DOC057,DEP001,FAC002,LAB009,Chest X-Ray,Radiology,2024-12-05,2024-12-06,2024-12-10 05:00:00,101,Routine,Normal
LO119434,APP057341,PAT13672,DOC046,DEP001,FAC001,LAB009,Chest X-Ray,Radiology,2024-09-03,2024-09-03,2024-09-04 01:00:00,25,Routine,Normal
LO119438,APP063557,PAT13845,DOC041,DEP001,FAC005,LAB003,Lipid Profile,Biochemistry,2023-09-02,2023-09-02,2023-09-02 01:00:00,1,Routine,Normal
LO119440,APP062497,PAT02803,DOC036,DEP002,FAC001,LAB001,Complete Blood Count,Hematology,2025-05-29,2025-05-29,2025-05-30 20:00:00,44,Routine,Normal
LO119447,APP051084,PAT13790,DOC015,DEP005,FAC005,LAB002,Blood Glucose,Biochemistry,2023-10-21,2023-10-21,2023-10-24 22:00:00,94,Routine,Normal
LO119450,APP050802,PAT06320,DOC003,DEP001,FAC003,LAB013,COVID PCR,Molecular Diagnostics,2024-01-26,2024-01-27,2024-01-28 10:00:00,34,Routine,Abnormal
LO119452,APP058998,PAT00169,DOC004,DEP001,FAC004,LAB003,Lipid Profile,Biochemistry,2025-02-04,2025-02-06,2025-02-09 14:00:00,86,Routine,Normal
LO119454,APP052358,PAT08325,DOC007,DEP002,FAC002,LAB005,Kidney Function Test,Biochemistry,2022-05-06,2022-05-06,2022-05-08 22:00:00,70,Routine,Normal
LO119456,APP072300,PAT03121,DOC031,DEP001,FAC001,LAB014,Blood Culture,Microbiology,2026-08-10,2026-08-10,2026-08-13 01:00:00,73,Routine,Normal
LO119458,APP074597,PAT12450,DOC052,DEP002,FAC004,LAB007,Urine Routine,Microbiology,2021-07-23,2021-07-24,2021-07-24 07:00:00,7,Routine,Normal
LO119459,APP059370,PAT06909,DOC005,DEP001,FAC005,LAB011,ECG,Cardiology Diagnostics,2025-07-01,2025-07-03,2025-07-06 06:00:00,78,Routine,Normal
LO119465,APP069181,PAT04297,DOC025,DEP007,FAC005,LAB006,Thyroid Profile,Immunology,2021-01-26,2021-01-27,2021-01-27 19:00:00,19,Routine,Normal
LO119466,APP050896,PAT02358,DOC034,DEP001,FAC004,LAB015,Electrolytes Panel,Biochemistry,2022-09-10,2022-09-10,2022-09-14 00:00:00,96,Routine,Normal
LO119467,APP066407,PAT06189,DOC060,DEP006,FAC005,LAB013,COVID PCR,Molecular Diagnostics,2021-10-29,2021-10-29,2021-10-29 01:00:00,1,Routine,Normal
LO119470,APP072718,PAT09981,DOC022,DEP007,FAC002,LAB004,Liver Function Test,Biochemistry,2024-03-16,2024-03-17,2024-03-18 04:00:00,28,Routine,Normal
LO119471,APP062547,PAT14888,DOC012,DEP005,FAC002,LAB015,Electrolytes Panel,Biochemistry,2026-12-30,2026-12-31,2027-01-01 18:00:00,42,Routine,Normal
LO119477,APP050568,PAT07309,DOC025,DEP007,FAC005,LAB007,Urine Routine,Microbiology,2021-03-09,2021-03-10,2021-03-10 19:00:00,19,Routine,Normal
LO119481,APP052304,PAT07250,DOC047,DEP006,FAC005,LAB015,Electrolytes Panel,Biochemistry,2025-10-10,2025-10-11,2025-10-13 22:00:00,70,Routine,Normal
LO119490,APP068964,PAT09995,DOC034,DEP001,FAC004,LAB003,Lipid Profile,Biochemistry,2022-07-05,2022-07-05,2022-07-05 23:00:00,23,Routine,Normal
LO119493,APP053384,PAT12625,DOC013,DEP005,FAC003,LAB004,Liver Function Test,Biochemistry,2021-01-18,2021-01-18,2021-01-21 20:00:00,92,Routine,Critical
LO119498,APP066017,PAT07725,DOC006,DEP002,FAC001,LAB013,COVID PCR,Molecular Diagnostics,2023-07-22,2023-07-22,2023-07-24 09:00:00,57,Routine,Normal
LO119509,APP058059,PAT06339,DOC020,DEP006,FAC005,LAB015,Electrolytes Panel,Biochemistry,2026-08-11,2026-08-11,2026-08-12 01:00:00,25,Routine,Normal
LO119512,APP050550,PAT06271,DOC004,DEP001,FAC004,LAB003,Lipid Profile,Biochemistry,2024-12-07,2024-12-08,2024-12-09 17:00:00,41,Routine,Normal
LO119514,APP054791,PAT08188,DOC043,DEP008,FAC003,LAB003,Lipid Profile,Biochemistry,2025-10-22,2025-10-23,2025-10-26 19:00:00,91,Urgent,Normal
LO119517,APP070100,PAT04011,DOC005,DEP001,FAC005,LAB002,Blood Glucose,Biochemistry,2024-12-01,2024-12-02,2024-12-06 15:00:00,111,Routine,Normal
LO119519,APP064255,PAT02088,DOC040,DEP003,FAC005,LAB006,Thyroid Profile,Immunology,2023-05-08,2023-05-08,2023-05-09 02:00:00,26,Routine,Normal
LO119530,APP055308,PAT02010,DOC040,DEP003,FAC005,LAB009,Chest X-Ray,Radiology,2025-03-10,2025-03-12,2025-03-15 12:00:00,84,Routine,Normal
LO119533,APP051741,PAT06378,DOC051,DEP005,FAC002,LAB005,Kidney Function Test,Biochemistry,2022-05-30,2022-05-30,2022-06-02 07:00:00,79,Routine,Normal
LO119537,APP062433,PAT03572,DOC042,DEP003,FAC003,LAB011,ECG,Cardiology Diagnostics,2026-05-12,2026-05-12,2026-05-15 14:00:00,86,Routine,Normal
LO119541,APP073870,PAT04245,DOC039,DEP002,FAC004,LAB007,Urine Routine,Microbiology,2021-06-29,2021-07-01,2021-07-04 11:00:00,83,Routine,Normal
LO119548,APP060376,PAT13247,DOC054,DEP003,FAC003,LAB014,Blood Culture,Microbiology,2025-09-11,2025-09-11,2025-09-15 08:00:00,104,Routine,Normal
LO119550,APP074540,PAT05340,DOC016,DEP004,FAC001,LAB003,Lipid Profile,Biochemistry,2025-12-18,2025-12-18,2025-12-20 16:00:00,64,Routine,Abnormal
LO119559,APP057485,PAT04005,DOC009,DEP002,FAC004,LAB001,Complete Blood Count,Hematology,2026-12-30,2026-12-30,2026-12-30 02:00:00,2,Routine,Normal
LO119560,APP067486,PAT02956,DOC049,DEP001,FAC003,LAB009,Chest X-Ray,Radiology,2026-12-14,2026-12-14,2026-12-17 08:00:00,80,Routine,Normal
LO119571,APP071063,PAT09489,DOC041,DEP001,FAC005,LAB009,Chest X-Ray,Radiology,2024-05-18,2024-05-19,2024-05-21 17:00:00,65,Routine,Normal
LO119572,APP061615,PAT03080,DOC040,DEP003,FAC005,LAB010,Ultrasound Abdomen,Radiology,2024-02-05,2024-02-06,2024-02-06 22:00:00,22,Stat,Normal
LO119574,APP051490,PAT12396,DOC008,DEP003,FAC003,LAB008,Urine Culture,Microbiology,2025-11-05,2025-11-06,2025-11-11 00:00:00,120,Routine,Critical
LO119576,APP053458,PAT04014,DOC016,DEP004,FAC001,LAB014,Blood Culture,Microbiology,2023-01-13,2023-01-13,2023-01-14 10:00:00,34,Routine,Normal
LO119577,APP062661,PAT10307,DOC014,DEP004,FAC004,LAB015,Electrolytes Panel,Biochemistry,2025-05-05,2025-05-06,2025-05-06 01:00:00,1,Routine,Abnormal
LO119585,APP052721,PAT14822,DOC042,DEP003,FAC003,LAB002,Blood Glucose,Biochemistry,2024-05-16,2024-05-16,2024-05-16 01:00:00,1,Routine,Normal
LO119589,APP073920,PAT08603,DOC022,DEP007,FAC002,LAB014,Blood Culture,Microbiology,2022-01-06,2022-01-06,2022-01-11 00:00:00,120,Routine,Abnormal
LO119596,APP068643,PAT10741,DOC037,DEP005,FAC002,LAB015,Electrolytes Panel,Biochemistry,2023-06-28,2023-06-29,2023-07-01 05:00:00,53,Routine,Normal
LO119613,APP068951,PAT13144,DOC014,DEP004,FAC004,LAB004,Liver Function Test,Biochemistry,2025-09-27,2025-09-27,2025-09-29 20:00:00,68,Routine,Normal
LO119617,APP056791,PAT10624,DOC007,DEP002,FAC002,LAB015,Electrolytes Panel,Biochemistry,2025-08-13,2025-08-14,2025-08-15 17:00:00,41,Urgent,Abnormal
LO119625,APP071771,PAT00837,DOC036,DEP002,FAC001,LAB003,Lipid Profile,Biochemistry,2023-08-16,2023-08-16,2023-08-20 02:00:00,98,Routine,Normal
LO119631,APP073262,PAT10753,DOC036,DEP002,FAC001,LAB013,COVID PCR,Molecular Diagnostics,2026-09-03,2026-09-04,2026-09-09 00:00:00,120,Routine,Normal
LO119632,APP057910,PAT12556,DOC047,DEP006,FAC005,LAB008,Urine Culture,Microbiology,2025-11-14,2025-11-15,2025-11-17 09:00:00,57,Routine,Normal
LO119636,APP064286,PAT13957,DOC028,DEP001,FAC003,LAB003,Lipid Profile,Biochemistry,2026-04-17,2026-04-17,2026-04-19 12:00:00,60,Routine,Normal
LO119641,APP060512,PAT05181,DOC045,DEP007,FAC004,LAB010,Ultrasound Abdomen,Radiology,2025-04-23,2025-04-24,2025-04-28 15:00:00,111,Routine,Normal
LO119645,APP057695,PAT00111,DOC054,DEP003,FAC003,LAB015,Electrolytes Panel,Biochemistry,2026-10-05,2026-10-06,2026-10-10 12:00:00,108,Urgent,Normal
LO119647,APP074778,PAT01618,DOC046,DEP001,FAC001,LAB003,Lipid Profile,Biochemistry,2026-08-13,2026-08-14,2026-08-16 13:00:00,61,Routine,Normal
LO119651,APP058248,PAT11934,DOC060,DEP006,FAC005,LAB014,Blood Culture,Microbiology,2025-11-24,2025-11-24,2025-11-27 08:00:00,80,Routine,Abnormal
LO119655,APP054357,PAT10109,DOC013,DEP005,FAC003,LAB008,Urine Culture,Microbiology,2024-02-24,2024-02-25,2024-02-28 23:00:00,95,Routine,Normal
LO119663,APP058624,PAT05776,DOC057,DEP001,FAC002,LAB008,Urine Culture,Microbiology,2025-09-17,2025-09-18,2025-09-21 01:00:00,73,Urgent,Abnormal
LO119668,APP059713,PAT11000,DOC052,DEP002,FAC004,LAB005,Kidney Function Test,Biochemistry,2025-05-06,2025-05-06,2025-05-10 09:00:00,105,Urgent,Normal
LO119669,APP051010,PAT03992,DOC003,DEP001,FAC003,LAB003,Lipid Profile,Biochemistry,2023-03-09,2023-03-09,2023-03-10 05:00:00,29,Routine,Abnormal
LO119679,APP070524,PAT12552,DOC017,DEP006,FAC002,LAB005,Kidney Function Test,Biochemistry,2026-09-11,2026-09-11,2026-09-14 18:00:00,90,Routine,Normal
LO119686,APP060378,PAT14495,DOC055,DEP006,FAC004,LAB002,Blood Glucose,Biochemistry,2021-12-09,2021-12-11,2021-12-14 01:00:00,73,Routine,Abnormal
LO119695,APP058868,PAT04297,DOC017,DEP006,FAC002,LAB010,Ultrasound Abdomen,Radiology,2026-03-07,2026-03-08,2026-03-09 00:00:00,24,Routine,Normal
LO119702,APP073211,PAT13251,DOC001,DEP001,FAC001,LAB009,Chest X-Ray,Radiology,2026-02-14,2026-02-14,2026-02-16 05:00:00,53,Routine,Normal
LO119707,APP060898,PAT13370,DOC051,DEP005,FAC002,LAB006,Thyroid Profile,Immunology,2023-07-18,2023-07-19,2023-07-20 08:00:00,32,Routine,Normal
LO119712,APP069447,PAT13421,DOC006,DEP002,FAC001,LAB008,Urine Culture,Microbiology,2023-12-11,2023-12-11,2023-12-15 13:00:00,109,Routine,Normal
LO119713,APP067955,PAT07177,DOC015,DEP005,FAC005,LAB004,Liver Function Test,Biochemistry,2022-11-08,2022-11-08,2022-11-11 09:00:00,81,Stat,Normal
LO119715,APP071882,PAT14947,DOC014,DEP004,FAC004,LAB007,Urine Routine,Microbiology,2022-04-08,2022-04-08,2022-04-08 10:00:00,10,Stat,Normal
LO119717,APP071256,PAT07276,DOC058,DEP001,FAC004,LAB002,Blood Glucose,Biochemistry,2025-07-11,2025-07-12,2025-07-15 12:00:00,84,Routine,Normal
LO119719,APP053513,PAT09060,DOC060,DEP006,FAC005,LAB014,Blood Culture,Microbiology,2022-07-01,2022-07-01,2022-07-03 23:00:00,71,Routine,Normal
LO119721,APP068756,PAT12734,DOC012,DEP005,FAC002,LAB008,Urine Culture,Microbiology,2025-12-20,2025-12-20,2025-12-22 07:00:00,55,Routine,Normal
LO119725,APP056706,PAT06187,DOC022,DEP007,FAC002,LAB006,Thyroid Profile,Immunology,2021-06-21,2021-06-21,2021-06-23 13:00:00,61,Routine,Normal
LO119726,APP057677,PAT00971,DOC021,DEP005,FAC001,LAB005,Kidney Function Test,Biochemistry,2026-11-13,2026-11-15,2026-11-17 12:00:00,60,Routine,Normal
LO119730,APP050157,PAT09616,DOC021,DEP005,FAC001,LAB009,Chest X-Ray,Radiology,2024-07-12,2024-07-13,2024-07-13 20:00:00,20,Urgent,Normal
LO119732,APP072933,PAT00773,DOC012,DEP005,FAC002,LAB005,Kidney Function Test,Biochemistry,2021-11-03,2021-11-03,2021-11-03 18:00:00,18,Routine,Normal
LO119744,APP056291,PAT04221,DOC025,DEP007,FAC005,LAB001,Complete Blood Count,Hematology,2026-12-28,2026-12-28,2026-12-30 10:00:00,58,Routine,Normal
LO119746,APP059580,PAT05904,DOC043,DEP008,FAC003,LAB001,Complete Blood Count,Hematology,2021-04-30,2021-05-01,2021-05-04 19:00:00,91,Urgent,Normal
LO119753,APP058035,PAT04780,DOC039,DEP002,FAC004,LAB002,Blood Glucose,Biochemistry,2026-03-28,2026-03-29,2026-03-31 22:00:00,70,Urgent,Normal
LO119762,APP072931,PAT04953,DOC028,DEP001,FAC003,LAB001,Complete Blood Count,Hematology,2026-11-12,2026-11-13,2026-11-14 14:00:00,38,Routine,Normal
LO119763,APP069888,PAT01027,DOC041,DEP001,FAC005,LAB009,Chest X-Ray,Radiology,2021-11-05,2021-11-07,2021-11-09 09:00:00,57,Routine,Abnormal
LO119766,APP050792,PAT06128,DOC039,DEP002,FAC004,LAB010,Ultrasound Abdomen,Radiology,2023-08-23,2023-08-23,2023-08-23 23:00:00,23,Urgent,Normal
LO119779,APP061366,PAT04863,DOC030,DEP008,FAC005,LAB007,Urine Routine,Microbiology,2024-06-07,2024-06-08,2024-06-12 13:00:00,109,Routine,Normal
LO119780,APP054647,PAT04983,DOC004,DEP001,FAC004,LAB015,Electrolytes Panel,Biochemistry,2025-10-14,2025-10-14,2025-10-15 06:00:00,30,Routine,Normal
LO119785,APP074811,PAT12670,DOC033,DEP003,FAC003,LAB012,HbA1c,Biochemistry,2025-11-12,2025-11-12,2025-11-13 05:00:00,29,Routine,Normal
LO119786,APP055492,PAT01603,DOC045,DEP007,FAC004,LAB008,Urine Culture,Microbiology,2024-06-28,2024-06-28,2024-06-29 12:00:00,36,Routine,Normal
LO119789,APP061325,PAT04342,DOC008,DEP003,FAC003,LAB012,HbA1c,Biochemistry,2023-09-04,2023-09-05,2023-09-08 03:00:00,75,Routine,Normal
LO119793,APP072394,PAT02803,DOC059,DEP006,FAC005,LAB009,Chest X-Ray,Radiology,2022-10-28,2022-10-29,2022-10-31 12:00:00,60,Routine,Normal
LO119796,APP072654,PAT09479,DOC027,DEP001,FAC002,LAB001,Complete Blood Count,Hematology,2023-10-20,2023-10-21,2023-10-25 12:00:00,108,Routine,Normal
LO119798,APP055135,PAT12405,DOC059,DEP006,FAC005,LAB002,Blood Glucose,Biochemistry,2023-12-14,2023-12-14,2023-12-17 05:00:00,77,Urgent,Normal
LO119800,APP052460,PAT11255,DOC016,DEP004,FAC001,LAB015,Electrolytes Panel,Biochemistry,2023-06-06,2023-06-06,2023-06-09 11:00:00,83,Routine,Normal
LO119807,APP059791,PAT12550,DOC012,DEP005,FAC002,LAB001,Complete Blood Count,Hematology,2026-06-01,2026-06-02,2026-06-06 20:00:00,116,Routine,Critical
LO119815,APP058280,PAT04305,DOC048,DEP002,FAC001,LAB010,Ultrasound Abdomen,Radiology,2021-12-22,2021-12-22,2021-12-25 03:00:00,75,Routine,Abnormal
LO119819,APP056901,PAT09474,DOC055,DEP006,FAC004,LAB011,ECG,Cardiology Diagnostics,2026-01-27,2026-01-28,2026-01-28 16:00:00,16,Routine,Normal
LO119825,APP052932,PAT06349,DOC019,DEP005,FAC004,LAB004,Liver Function Test,Biochemistry,2026-01-05,2026-01-06,2026-01-09 05:00:00,77,Routine,Normal
LO119827,APP064700,PAT09090,DOC013,DEP005,FAC003,LAB010,Ultrasound Abdomen,Radiology,2026-05-27,2026-05-27,2026-05-29 23:00:00,71,Urgent,Normal
LO119829,APP074618,PAT05427,DOC006,DEP002,FAC001,LAB005,Kidney Function Test,Biochemistry,2024-03-07,2024-03-08,2024-03-09 22:00:00,46,Routine,Normal
LO119833,APP063290,PAT11990,DOC007,DEP002,FAC002,LAB009,Chest X-Ray,Radiology,2022-03-15,2022-03-17,2022-03-19 10:00:00,58,Routine,Abnormal
LO119837,APP073289,PAT13869,DOC016,DEP004,FAC001,LAB006,Thyroid Profile,Immunology,2025-06-03,2025-06-04,2025-06-06 18:00:00,66,Routine,Normal
LO119838,APP068315,PAT13998,DOC027,DEP001,FAC002,LAB012,HbA1c,Biochemistry,2023-10-05,2023-10-06,2023-10-07 06:00:00,30,Stat,Normal
LO119841,APP071884,PAT07650,DOC035,DEP001,FAC005,LAB001,Complete Blood Count,Hematology,2024-09-05,2024-09-06,2024-09-10 00:00:00,96,Urgent,Abnormal
LO119842,APP059402,PAT09027,DOC006,DEP002,FAC001,LAB015,Electrolytes Panel,Biochemistry,2024-07-15,2024-07-15,2024-07-18 19:00:00,91,Routine,Normal
LO119854,APP074385,PAT05221,DOC034,DEP001,FAC004,LAB001,Complete Blood Count,Hematology,2026-12-29,2026-12-30,2027-01-01 15:00:00,63,Routine,Normal
LO119856,APP056856,PAT13270,DOC003,DEP001,FAC003,LAB006,Thyroid Profile,Immunology,2021-07-26,2021-07-26,2021-07-28 05:00:00,53,Routine,Abnormal
LO119865,APP074494,PAT06157,DOC034,DEP001,FAC004,LAB009,Chest X-Ray,Radiology,2025-08-04,2025-08-04,2025-08-05 03:00:00,27,Routine,Normal
LO119870,APP061109,PAT12358,DOC059,DEP006,FAC005,LAB006,Thyroid Profile,Immunology,2026-08-21,2026-08-21,2026-08-24 01:00:00,73,Routine,Normal
LO119871,APP062274,PAT02311,DOC030,DEP008,FAC005,LAB004,Liver Function Test,Biochemistry,2025-10-21,2025-10-23,2025-10-23 10:00:00,10,Routine,Normal
LO119877,APP051077,PAT00170,DOC005,DEP001,FAC005,LAB005,Kidney Function Test,Biochemistry,2023-01-04,2023-01-04,2023-01-04 17:00:00,17,Routine,Normal
LO119881,APP067060,PAT11251,DOC059,DEP006,FAC005,LAB014,Blood Culture,Microbiology,2022-04-03,2022-04-04,2022-04-05 16:00:00,40,Routine,Normal
LO119882,APP056594,PAT08577,DOC044,DEP005,FAC002,LAB001,Complete Blood Count,Hematology,2025-06-24,2025-06-24,2025-06-26 12:00:00,60,Routine,Abnormal
LO119883,APP070768,PAT09469,DOC039,DEP002,FAC004,LAB015,Electrolytes Panel,Biochemistry,2023-03-07,2023-03-09,2023-03-14 00:00:00,120,Routine,Normal
LO119891,APP070963,PAT04554,DOC018,DEP007,FAC003,LAB004,Liver Function Test,Biochemistry,2023-05-25,2023-05-25,2023-05-27 18:00:00,66,Routine,Normal
LO119903,APP066855,PAT02088,DOC028,DEP001,FAC003,LAB002,Blood Glucose,Biochemistry,2023-10-25,2023-10-26,2023-10-29 10:00:00,82,Routine,Normal
LO119908,APP072232,PAT11409,DOC043,DEP008,FAC003,LAB010,Ultrasound Abdomen,Radiology,2024-12-19,2024-12-20,2024-12-21 09:00:00,33,Routine,Normal
LO119909,APP059191,PAT13466,DOC054,DEP003,FAC003,LAB010,Ultrasound Abdomen,Radiology,2021-07-29,2021-07-29,2021-08-01 05:00:00,77,Routine,Normal
LO119915,APP056298,PAT08271,DOC005,DEP001,FAC005,LAB009,Chest X-Ray,Radiology,2021-05-31,2021-05-31,2021-06-02 01:00:00,49,Urgent,Normal
LO119916,APP069695,PAT13325,DOC045,DEP007,FAC004,LAB012,HbA1c,Biochemistry,2025-10-05,2025-10-05,2025-10-07 22:00:00,70,Routine,Normal
LO119926,APP053117,PAT03939,DOC044,DEP005,FAC002,LAB003,Lipid Profile,Biochemistry,2023-04-20,2023-04-22,2023-04-22 18:00:00,18,Routine,Normal
LO119928,APP051594,PAT10052,DOC023,DEP008,FAC003,LAB008,Urine Culture,Microbiology,2026-07-02,2026-07-04,2026-07-07 02:00:00,74,Routine,Normal
LO119932,APP067854,PAT12479,DOC011,DEP003,FAC001,LAB001,Complete Blood Count,Hematology,2022-11-28,2022-11-28,2022-11-29 23:00:00,47,Routine,Normal
LO119938,APP059973,PAT04085,DOC005,DEP001,FAC005,LAB004,Liver Function Test,Biochemistry,2023-11-01,2023-11-02,2023-11-04 03:00:00,51,Urgent,Abnormal
LO119941,APP055367,PAT08603,DOC004,DEP001,FAC004,LAB013,COVID PCR,Molecular Diagnostics,2022-08-31,2022-08-31,2022-09-01 08:00:00,32,Routine,Normal
LO119942,APP061376,PAT13270,DOC048,DEP002,FAC001,LAB010,Ultrasound Abdomen,Radiology,2022-07-15,2022-07-15,2022-07-17 01:00:00,49,Routine,Normal
LO119945,APP050549,PAT00926,DOC009,DEP002,FAC004,LAB009,Chest X-Ray,Radiology,2025-06-09,2025-06-09,2025-06-12 20:00:00,92,Routine,Normal
LO119960,APP054435,PAT11274,DOC025,DEP007,FAC005,LAB001,Complete Blood Count,Hematology,2025-05-19,2025-05-19,2025-05-21 12:00:00,60,Routine,Normal
LO119961,APP062588,PAT10846,DOC009,DEP002,FAC004,LAB012,HbA1c,Biochemistry,2022-07-30,2022-08-01,2022-08-03 18:00:00,66,Routine,Normal
LO119972,APP054866,PAT04550,DOC028,DEP001,FAC003,LAB008,Urine Culture,Microbiology,2023-06-14,2023-06-14,2023-06-16 22:00:00,70,Routine,Normal
LO119974,APP073869,PAT01226,DOC002,DEP001,FAC002,LAB008,Urine Culture,Microbiology,2023-07-04,2023-07-04,2023-07-05 14:00:00,38,Routine,Normal
LO119975,APP056063,PAT06082,DOC015,DEP005,FAC005,LAB001,Complete Blood Count,Hematology,2023-06-22,2023-06-22,2023-06-23 05:00:00,29,Routine,Normal
LO119976,APP070498,PAT12120,DOC053,DEP007,FAC005,LAB003,Lipid Profile,Biochemistry,2024-05-04,2024-05-04,2024-05-05 18:00:00,42,Routine,Normal
LO119977,APP072896,PAT01434,DOC058,DEP001,FAC004,LAB008,Urine Culture,Microbiology,2025-04-09,2025-04-10,2025-04-12 13:00:00,61,Routine,Normal
LO119981,APP060038,PAT10256,DOC039,DEP002,FAC004,LAB011,ECG,Cardiology Diagnostics,2025-11-04,2025-11-04,2025-11-07 18:00:00,90,Routine,Abnormal
LO119983,APP050769,PAT14253,DOC040,DEP003,FAC005,LAB007,Urine Routine,Microbiology,2021-12-02,2021-12-03,2021-12-05 10:00:00,58,Routine,Normal
LO119986,APP053423,PAT13284,DOC036,DEP002,FAC001,LAB013,COVID PCR,Molecular Diagnostics,2021-11-21,2021-11-23,2021-11-27 05:00:00,101,Routine,Normal
LO119990,APP059794,PAT04329,DOC045,DEP007,FAC004,LAB008,Urine Culture,Microbiology,2026-06-02,2026-06-02,2026-06-04 07:00:00,55,Routine,Abnormal
LO119996,APP051074,PAT09391,DOC044,DEP005,FAC002,LAB012,HbA1c,Biochemistry,2021-08-23,2021-08-23,2021-08-25 02:00:00,50,Routine,Normal
LO119999,APP068205,PAT10476,DOC030,DEP008,FAC005,LAB005,Kidney Function Test,Biochemistry,2024-05-13,2024-05-14,2024-05-16 23:00:00,71,Routine,Normal
LO120002,APP069829,PAT02681,DOC052,DEP002,FAC004,LAB014,Blood Culture,Microbiology,2025-05-02,2025-05-03,2025-05-05 21:00:00,69,Routine,Normal
LO120015,APP073054,PAT04035,DOC023,DEP008,FAC003,LAB012,HbA1c,Biochemistry,2022-09-01,2022-09-02,2022-09-05 12:00:00,84,Routine,Normal
LO120021,APP069801,PAT05196,DOC043,DEP008,FAC003,LAB007,Urine Routine,Microbiology,2025-01-06,2025-01-06,2025-01-07 04:00:00,28,Routine,Normal
LO120025,APP066029,PAT09160,DOC027,DEP001,FAC002,LAB009,Chest X-Ray,Radiology,2023-06-04,2023-06-04,2023-06-05 12:00:00,36,Routine,Abnormal
LO120026,APP074217,PAT08803,DOC031,DEP001,FAC001,LAB012,HbA1c,Biochemistry,2024-05-23,2024-05-23,2024-05-23 03:00:00,3,Routine,Normal
LO120027,APP060470,PAT08285,DOC021,DEP005,FAC001,LAB005,Kidney Function Test,Biochemistry,2021-08-24,2021-08-24,2021-08-27 10:00:00,82,Routine,Normal
LO120039,APP070534,PAT04827,DOC056,DEP001,FAC003,LAB015,Electrolytes Panel,Biochemistry,2022-03-06,2022-03-07,2022-03-08 22:00:00,46,Urgent,Normal
LO120060,APP057574,PAT03959,DOC036,DEP002,FAC001,LAB013,COVID PCR,Molecular Diagnostics,2024-10-23,2024-10-23,2024-10-23 01:00:00,1,Routine,Normal
LO120074,APP073122,PAT11468,DOC005,DEP001,FAC005,LAB005,Kidney Function Test,Biochemistry,2024-11-22,2024-11-24,2024-11-25 22:00:00,46,Urgent,Normal
LO120081,APP067332,PAT08296,DOC059,DEP006,FAC005,LAB012,HbA1c,Biochemistry,2023-07-14,2023-07-14,2023-07-14 09:00:00,9,Routine,Normal
LO120082,APP058083,PAT04415,DOC049,DEP001,FAC003,LAB001,Complete Blood Count,Hematology,2026-07-30,2026-07-30,2026-08-02 17:00:00,89,Routine,Normal
LO120087,APP056367,PAT14942,DOC006,DEP002,FAC001,LAB002,Blood Glucose,Biochemistry,2022-07-29,2022-07-31,2022-08-05 00:00:00,120,Routine,Abnormal
LO120090,APP071944,PAT11493,DOC047,DEP006,FAC005,LAB006,Thyroid Profile,Immunology,2023-02-07,2023-02-07,2023-02-09 07:00:00,55,Routine,Normal
LO120103,APP062386,PAT06030,DOC016,DEP004,FAC001,LAB010,Ultrasound Abdomen,Radiology,2021-04-11,2021-04-12,2021-04-15 03:00:00,75,Routine,Abnormal
LO120110,APP074962,PAT07104,DOC023,DEP008,FAC003,LAB005,Kidney Function Test,Biochemistry,2024-11-30,2024-11-30,2024-12-02 12:00:00,60,Routine,Normal
LO120111,APP051872,PAT05021,DOC011,DEP003,FAC001,LAB009,Chest X-Ray,Radiology,2021-03-21,2021-03-21,2021-03-24 06:00:00,78,Routine,Normal
LO120124,APP062704,PAT04831,DOC022,DEP007,FAC002,LAB010,Ultrasound Abdomen,Radiology,2025-01-18,2025-01-18,2025-01-19 00:00:00,24,Routine,Abnormal
LO120133,APP055680,PAT11273,DOC047,DEP006,FAC005,LAB015,Electrolytes Panel,Biochemistry,2021-07-28,2021-07-28,2021-08-02 00:00:00,120,Routine,Normal
LO120143,APP058610,PAT09474,DOC030,DEP008,FAC005,LAB008,Urine Culture,Microbiology,2024-06-04,2024-06-04,2024-06-05 06:00:00,30,Routine,Normal
LO120148,APP073598,PAT09566,DOC044,DEP005,FAC002,LAB006,Thyroid Profile,Immunology,2025-09-30,2025-09-30,2025-10-02 05:00:00,53,Routine,Normal
LO120149,APP071180,PAT00648,DOC052,DEP002,FAC004,LAB013,COVID PCR,Molecular Diagnostics,2023-06-28,2023-06-30,2023-07-01 06:00:00,30,Routine,Normal
LO120150,APP069908,PAT00715,DOC026,DEP008,FAC001,LAB001,Complete Blood Count,Hematology,2021-11-03,2021-11-04,2021-11-07 05:00:00,77,Routine,Normal
LO120152,APP068015,PAT08243,DOC059,DEP006,FAC005,LAB012,HbA1c,Biochemistry,2025-05-15,2025-05-15,2025-05-19 01:00:00,97,Urgent,Normal
LO120153,APP068558,PAT04979,DOC028,DEP001,FAC003,LAB001,Complete Blood Count,Hematology,2026-12-12,2026-12-13,2026-12-15 13:00:00,61,Routine,Critical
LO120156,APP057537,PAT07744,DOC040,DEP003,FAC005,LAB013,COVID PCR,Molecular Diagnostics,2021-01-04,2021-01-04,2021-01-07 19:00:00,91,Routine,Normal
LO120162,APP064749,PAT12679,DOC055,DEP006,FAC004,LAB015,Electrolytes Panel,Biochemistry,2023-02-20,2023-02-20,2023-02-20 01:00:00,1,Routine,Normal
LO120164,APP059157,PAT03102,DOC056,DEP001,FAC003,LAB009,Chest X-Ray,Radiology,2021-07-27,2021-07-27,2021-07-29 14:00:00,62,Routine,Normal
LO120167,APP064142,PAT09779,DOC046,DEP001,FAC001,LAB015,Electrolytes Panel,Biochemistry,2024-09-19,2024-09-19,2024-09-20 04:00:00,28,Routine,Normal
LO120178,APP062972,PAT04817,DOC020,DEP006,FAC005,LAB011,ECG,Cardiology Diagnostics,2021-02-22,2021-02-23,2021-02-26 05:00:00,77,Routine,Normal
LO120182,APP065031,PAT11072,DOC021,DEP005,FAC001,LAB001,Complete Blood Count,Hematology,2026-11-18,2026-11-18,2026-11-22 00:00:00,96,Urgent,Normal
LO120197,APP073137,PAT05986,DOC020,DEP006,FAC005,LAB009,Chest X-Ray,Radiology,2024-02-22,2024-02-23,2024-02-27 07:00:00,103,Routine,Normal
LO120198,APP056003,PAT10516,DOC041,DEP001,FAC005,LAB007,Urine Routine,Microbiology,2025-01-16,2025-01-17,2025-01-18 05:00:00,29,Routine,Normal
LO120220,APP055949,PAT03571,DOC043,DEP008,FAC003,LAB009,Chest X-Ray,Radiology,2022-11-24,2022-11-24,2022-11-25 04:00:00,28,Routine,Normal
LO120226,APP058967,PAT08300,DOC014,DEP004,FAC004,LAB003,Lipid Profile,Biochemistry,2021-03-05,2021-03-06,2021-03-08 23:00:00,71,Routine,Normal
LO120231,APP065679,PAT13325,DOC030,DEP008,FAC005,LAB014,Blood Culture,Microbiology,2025-12-02,2025-12-03,2025-12-05 23:00:00,71,Routine,Normal
LO120233,APP054130,PAT13458,DOC033,DEP003,FAC003,LAB001,Complete Blood Count,Hematology,2025-06-05,2025-06-05,2025-06-06 12:00:00,36,Routine,Normal
LO120235,APP056062,PAT09689,DOC039,DEP002,FAC004,LAB007,Urine Routine,Microbiology,2026-12-02,2026-12-03,2026-12-04 21:00:00,45,Routine,Normal
LO120243,APP059710,PAT02819,DOC022,DEP007,FAC002,LAB010,Ultrasound Abdomen,Radiology,2026-08-02,2026-08-03,2026-08-06 23:00:00,95,Routine,Normal
LO120252,APP071538,PAT06877,DOC038,DEP005,FAC003,LAB013,COVID PCR,Molecular Diagnostics,2026-08-08,2026-08-09,2026-08-10 10:00:00,34,Routine,Normal
LO120266,APP063466,PAT09020,DOC003,DEP001,FAC003,LAB004,Liver Function Test,Biochemistry,2026-04-29,2026-05-01,2026-05-02 06:00:00,30,Routine,Normal
LO120275,APP068150,PAT09040,DOC028,DEP001,FAC003,LAB014,Blood Culture,Microbiology,2025-10-24,2025-10-24,2025-10-27 18:00:00,90,Routine,Normal
LO120279,APP059789,PAT03609,DOC012,DEP005,FAC002,LAB012,HbA1c,Biochemistry,2022-04-02,2022-04-02,2022-04-03 02:00:00,26,Routine,Normal
LO120282,APP071826,PAT09286,DOC017,DEP006,FAC002,LAB003,Lipid Profile,Biochemistry,2021-12-22,2021-12-22,2021-12-24 13:00:00,61,Routine,Normal
LO120285,APP069361,PAT04314,DOC027,DEP001,FAC002,LAB015,Electrolytes Panel,Biochemistry,2022-05-09,2022-05-11,2022-05-14 17:00:00,89,Routine,Normal
LO120295,APP073128,PAT11101,DOC013,DEP005,FAC003,LAB008,Urine Culture,Microbiology,2026-10-21,2026-10-22,2026-10-27 00:00:00,120,Routine,Normal
LO120300,APP068431,PAT12456,DOC002,DEP001,FAC002,LAB005,Kidney Function Test,Biochemistry,2025-08-18,2025-08-19,2025-08-22 09:00:00,81,Routine,Normal
LO120313,APP070992,PAT04722,DOC056,DEP001,FAC003,LAB010,Ultrasound Abdomen,Radiology,2025-04-17,2025-04-18,2025-04-22 04:00:00,100,Routine,Normal
LO120326,APP073734,PAT00201,DOC054,DEP003,FAC003,LAB014,Blood Culture,Microbiology,2022-10-07,2022-10-08,2022-10-10 16:00:00,64,Routine,Normal
LO120336,APP062660,PAT13573,DOC030,DEP008,FAC005,LAB012,HbA1c,Biochemistry,2025-02-03,2025-02-03,2025-02-06 02:00:00,74,Routine,Normal
LO120337,APP050582,PAT14717,DOC016,DEP004,FAC001,LAB002,Blood Glucose,Biochemistry,2026-05-04,2026-05-04,2026-05-06 03:00:00,51,Routine,Normal
LO120338,APP061580,PAT03775,DOC043,DEP008,FAC003,LAB011,ECG,Cardiology Diagnostics,2021-05-06,2021-05-06,2021-05-09 18:00:00,90,Routine,Normal
LO120339,APP053904,PAT01563,DOC006,DEP002,FAC001,LAB013,COVID PCR,Molecular Diagnostics,2024-02-01,2024-02-02,2024-02-02 04:00:00,4,Routine,Normal
LO120342,APP055245,PAT04266,DOC009,DEP002,FAC004,LAB008,Urine Culture,Microbiology,2023-12-19,2023-12-19,2023-12-22 18:00:00,90,Routine,Normal
LO120345,APP066240,PAT08650,DOC058,DEP001,FAC004,LAB003,Lipid Profile,Biochemistry,2023-11-02,2023-11-03,2023-11-03 01:00:00,1,Routine,Normal
LO120353,APP057980,PAT03356,DOC019,DEP005,FAC004,LAB007,Urine Routine,Microbiology,2024-11-01,2024-11-02,2024-11-04 10:00:00,58,Routine,Normal
LO120355,APP056277,PAT08939,DOC047,DEP006,FAC005,LAB009,Chest X-Ray,Radiology,2026-01-19,2026-01-20,2026-01-21 18:00:00,42,Routine,Normal
LO120356,APP068183,PAT04095,DOC034,DEP001,FAC004,LAB012,HbA1c,Biochemistry,2026-07-28,2026-07-28,2026-07-30 05:00:00,53,Urgent,Critical
LO120369,APP072627,PAT13835,DOC021,DEP005,FAC001,LAB005,Kidney Function Test,Biochemistry,2024-12-27,2024-12-28,2024-12-31 23:00:00,95,Routine,Normal
LO120377,APP065198,PAT09159,DOC042,DEP003,FAC003,LAB013,COVID PCR,Molecular Diagnostics,2023-03-19,2023-03-20,2023-03-25 00:00:00,120,Routine,Normal
LO120379,APP074336,PAT04756,DOC031,DEP001,FAC001,LAB010,Ultrasound Abdomen,Radiology,2025-07-08,2025-07-08,2025-07-09 23:00:00,47,Routine,Normal
LO120383,APP070812,PAT01373,DOC046,DEP001,FAC001,LAB011,ECG,Cardiology Diagnostics,2023-07-11,2023-07-12,2023-07-14 16:00:00,64,Routine,Normal
LO120388,APP062034,PAT03609,DOC024,DEP006,FAC004,LAB006,Thyroid Profile,Immunology,2022-02-01,2022-02-02,2022-02-05 02:00:00,74,Urgent,Normal
LO120390,APP055418,PAT11270,DOC039,DEP002,FAC004,LAB003,Lipid Profile,Biochemistry,2023-10-27,2023-10-28,2023-11-02 00:00:00,120,Routine,Normal
LO120396,APP058569,PAT05381,DOC035,DEP001,FAC005,LAB009,Chest X-Ray,Radiology,2026-12-30,2026-12-31,2027-01-02 07:00:00,55,Routine,Normal
LO120398,APP053382,PAT01660,DOC007,DEP002,FAC002,LAB001,Complete Blood Count,Hematology,2026-10-09,2026-10-09,2026-10-11 14:00:00,62,Routine,Normal
LO120399,APP054293,PAT14645,DOC028,DEP001,FAC003,LAB015,Electrolytes Panel,Biochemistry,2023-04-21,2023-04-22,2023-04-26 06:00:00,102,Routine,Normal
LO120404,APP051448,PAT13651,DOC055,DEP006,FAC004,LAB004,Liver Function Test,Biochemistry,2026-09-03,2026-09-04,2026-09-05 08:00:00,32,Routine,Normal
LO120406,APP056045,PAT07337,DOC060,DEP006,FAC005,LAB002,Blood Glucose,Biochemistry,2024-03-11,2024-03-12,2024-03-13 13:00:00,37,Urgent,Abnormal
LO120409,APP054250,PAT10169,DOC027,DEP001,FAC002,LAB013,COVID PCR,Molecular Diagnostics,2024-02-08,2024-02-09,2024-02-12 01:00:00,73,Routine,Abnormal
LO120411,APP070615,PAT02251,DOC016,DEP004,FAC001,LAB014,Blood Culture,Microbiology,2024-01-04,2024-01-04,2024-01-06 11:00:00,59,Routine,Normal
LO120430,APP062062,PAT04673,DOC045,DEP007,FAC004,LAB005,Kidney Function Test,Biochemistry,2026-05-08,2026-05-09,2026-05-11 08:00:00,56,Routine,Normal
LO120436,APP050457,PAT04986,DOC040,DEP003,FAC005,LAB010,Ultrasound Abdomen,Radiology,2021-06-27,2021-06-27,2021-06-29 18:00:00,66,Urgent,Normal
LO120438,APP059605,PAT07108,DOC056,DEP001,FAC003,LAB004,Liver Function Test,Biochemistry,2023-08-09,2023-08-09,2023-08-09 18:00:00,18,Routine,Normal
LO120445,APP059364,PAT06951,DOC043,DEP008,FAC003,LAB004,Liver Function Test,Biochemistry,2026-12-07,2026-12-09,2026-12-09 01:00:00,1,Routine,Normal
LO120449,APP060606,PAT04694,DOC036,DEP002,FAC001,LAB012,HbA1c,Biochemistry,2023-05-31,2023-06-01,2023-06-06 00:00:00,120,Routine,Normal
LO120451,APP068192,PAT13940,DOC008,DEP003,FAC003,LAB007,Urine Routine,Microbiology,2025-05-15,2025-05-16,2025-05-20 00:00:00,96,Routine,Normal
LO120452,APP062041,PAT03387,DOC060,DEP006,FAC005,LAB007,Urine Routine,Microbiology,2021-03-05,2021-03-06,2021-03-07 18:00:00,42,Urgent,Normal
LO120458,APP061586,PAT02413,DOC013,DEP005,FAC003,LAB011,ECG,Cardiology Diagnostics,2024-05-10,2024-05-12,2024-05-14 07:00:00,55,Routine,Normal
LO120463,APP063222,PAT09786,DOC003,DEP001,FAC003,LAB002,Blood Glucose,Biochemistry,2026-03-06,2026-03-07,2026-03-08 07:00:00,31,Routine,Abnormal
LO120465,APP072645,PAT07508,DOC004,DEP001,FAC004,LAB015,Electrolytes Panel,Biochemistry,2021-11-18,2021-11-18,2021-11-20 00:00:00,48,Routine,Abnormal
LO120468,APP064851,PAT05717,DOC052,DEP002,FAC004,LAB002,Blood Glucose,Biochemistry,2022-05-05,2022-05-06,2022-05-10 18:00:00,114,Routine,Normal
LO120472,APP054914,PAT14172,DOC048,DEP002,FAC001,LAB007,Urine Routine,Microbiology,2022-09-24,2022-09-24,2022-09-24 01:00:00,1,Routine,Abnormal
LO120474,APP055544,PAT13834,DOC012,DEP005,FAC002,LAB004,Liver Function Test,Biochemistry,2025-11-26,2025-11-26,2025-11-27 16:00:00,40,Routine,Normal
LO120479,APP070381,PAT10339,DOC049,DEP001,FAC003,LAB006,Thyroid Profile,Immunology,2025-12-30,2025-12-31,2026-01-05 00:00:00,120,Routine,Normal
LO120484,APP064067,PAT04085,DOC060,DEP006,FAC005,LAB003,Lipid Profile,Biochemistry,2023-01-23,2023-01-25,2023-01-26 09:00:00,33,Routine,Normal
LO120488,APP068406,PAT03039,DOC053,DEP007,FAC005,LAB012,HbA1c,Biochemistry,2025-01-22,2025-01-23,2025-01-24 18:00:00,42,Stat,Normal
LO120499,APP062712,PAT01012,DOC051,DEP005,FAC002,LAB012,HbA1c,Biochemistry,2025-11-11,2025-11-11,2025-11-13 12:00:00,60,Urgent,Abnormal
LO120501,APP051979,PAT12547,DOC007,DEP002,FAC002,LAB004,Liver Function Test,Biochemistry,2022-07-03,2022-07-04,2022-07-06 03:00:00,51,Routine,Normal
LO120509,APP073686,PAT09485,DOC005,DEP001,FAC005,LAB013,COVID PCR,Molecular Diagnostics,2024-07-03,2024-07-03,2024-07-05 18:00:00,66,Routine,Abnormal
LO120510,APP067451,PAT10784,DOC045,DEP007,FAC004,LAB005,Kidney Function Test,Biochemistry,2025-02-08,2025-02-09,2025-02-12 17:00:00,89,Routine,Normal
LO120516,APP069047,PAT02088,DOC011,DEP003,FAC001,LAB001,Complete Blood Count,Hematology,2025-03-02,2025-03-03,2025-03-06 17:00:00,89,Routine,Normal
LO120517,APP073111,PAT10669,DOC015,DEP005,FAC005,LAB004,Liver Function Test,Biochemistry,2024-02-06,2024-02-06,2024-02-08 15:00:00,63,Routine,Critical
LO120518,APP058953,PAT12826,DOC032,DEP002,FAC002,LAB004,Liver Function Test,Biochemistry,2021-05-21,2021-05-22,2021-05-25 02:00:00,74,Routine,Abnormal
LO120519,APP059579,PAT07529,DOC046,DEP001,FAC001,LAB004,Liver Function Test,Biochemistry,2023-12-27,2023-12-28,2024-01-01 08:00:00,104,Urgent,Normal
LO120527,APP068748,PAT06850,DOC035,DEP001,FAC005,LAB002,Blood Glucose,Biochemistry,2026-04-16,2026-04-17,2026-04-19 11:00:00,59,Routine,Normal
LO120529,APP064449,PAT14813,DOC027,DEP001,FAC002,LAB008,Urine Culture,Microbiology,2025-01-27,2025-01-29,2025-01-30 08:00:00,32,Routine,Normal
LO120530,APP050828,PAT02332,DOC030,DEP008,FAC005,LAB013,COVID PCR,Molecular Diagnostics,2024-07-22,2024-07-23,2024-07-24 14:00:00,38,Routine,Normal
LO120531,APP064696,PAT01214,DOC015,DEP005,FAC005,LAB015,Electrolytes Panel,Biochemistry,2024-03-12,2024-03-12,2024-03-14 08:00:00,56,Routine,Abnormal
LO120534,APP073689,PAT14327,DOC019,DEP005,FAC004,LAB012,HbA1c,Biochemistry,2024-04-30,2024-04-30,2024-05-03 20:00:00,92,Routine,Normal
LO120536,APP067172,PAT02754,DOC021,DEP005,FAC001,LAB012,HbA1c,Biochemistry,2025-03-22,2025-03-22,2025-03-24 14:00:00,62,Stat,Normal
LO120550,APP060177,PAT12465,DOC014,DEP004,FAC004,LAB012,HbA1c,Biochemistry,2023-09-13,2023-09-13,2023-09-17 03:00:00,99,Routine,Normal
LO120551,APP072181,PAT13593,DOC056,DEP001,FAC003,LAB015,Electrolytes Panel,Biochemistry,2024-01-02,2024-01-04,2024-01-08 20:00:00,116,Routine,Normal
LO120554,APP068480,PAT05909,DOC037,DEP005,FAC002,LAB005,Kidney Function Test,Biochemistry,2024-07-27,2024-07-28,2024-07-30 05:00:00,53,Urgent,Normal
LO120559,APP057182,PAT06804,DOC041,DEP001,FAC005,LAB004,Liver Function Test,Biochemistry,2025-12-10,2025-12-11,2025-12-13 02:00:00,50,Routine,Normal
LO120563,APP067409,PAT12215,DOC055,DEP006,FAC004,LAB009,Chest X-Ray,Radiology,2023-02-03,2023-02-03,2023-02-05 14:00:00,62,Routine,Normal
LO120564,APP061427,PAT04901,DOC041,DEP001,FAC005,LAB010,Ultrasound Abdomen,Radiology,2024-12-21,2024-12-22,2024-12-26 04:00:00,100,Urgent,Normal
LO120568,APP059969,PAT03976,DOC039,DEP002,FAC004,LAB011,ECG,Cardiology Diagnostics,2025-11-27,2025-11-27,2025-11-27 20:00:00,20,Routine,Normal
LO120570,APP074253,PAT10105,DOC047,DEP006,FAC005,LAB001,Complete Blood Count,Hematology,2022-12-10,2022-12-10,2022-12-14 09:00:00,105,Routine,Normal
LO120571,APP050974,PAT12756,DOC054,DEP003,FAC003,LAB007,Urine Routine,Microbiology,2021-03-23,2021-03-24,2021-03-26 21:00:00,69,Routine,Normal
LO120575,APP072827,PAT06770,DOC007,DEP002,FAC002,LAB014,Blood Culture,Microbiology,2021-05-09,2021-05-11,2021-05-16 00:00:00,120,Routine,Normal
LO120578,APP066849,PAT05655,DOC021,DEP005,FAC001,LAB007,Urine Routine,Microbiology,2022-12-20,2022-12-21,2022-12-24 08:00:00,80,Routine,Normal
LO120582,APP055016,PAT04297,DOC009,DEP002,FAC004,LAB007,Urine Routine,Microbiology,2021-09-03,2021-09-04,2021-09-06 01:00:00,49,Routine,Normal
LO120583,APP057787,PAT13782,DOC060,DEP006,FAC005,LAB015,Electrolytes Panel,Biochemistry,2023-04-12,2023-04-13,2023-04-15 23:00:00,71,Routine,Normal
LO120586,APP066965,PAT14796,DOC003,DEP001,FAC003,LAB005,Kidney Function Test,Biochemistry,2021-11-24,2021-11-24,2021-11-29 00:00:00,120,Routine,Normal
LO120588,APP063709,PAT03296,DOC037,DEP005,FAC002,LAB010,Ultrasound Abdomen,Radiology,2022-08-26,2022-08-26,2022-08-30 13:00:00,109,Routine,Normal
LO120594,APP058738,PAT08890,DOC046,DEP001,FAC001,LAB010,Ultrasound Abdomen,Radiology,2024-12-16,2024-12-18,2024-12-18 17:00:00,17,Routine,Normal
LO120598,APP072963,PAT00222,DOC053,DEP007,FAC005,LAB002,Blood Glucose,Biochemistry,2022-07-29,2022-07-31,2022-08-03 17:00:00,89,Stat,Normal
LO120601,APP067345,PAT01328,DOC053,DEP007,FAC005,LAB001,Complete Blood Count,Hematology,2022-04-28,2022-04-29,2022-05-03 03:00:00,99,Routine,Normal
LO120602,APP057121,PAT10837,DOC021,DEP005,FAC001,LAB011,ECG,Cardiology Diagnostics,2025-10-23,2025-10-23,2025-10-25 05:00:00,53,Routine,Normal
LO120603,APP066548,PAT01311,DOC053,DEP007,FAC005,LAB013,COVID PCR,Molecular Diagnostics,2025-04-05,2025-04-05,2025-04-06 21:00:00,45,Routine,Abnormal
LO120611,APP061034,PAT09508,DOC058,DEP001,FAC004,LAB001,Complete Blood Count,Hematology,2023-04-10,2023-04-10,2023-04-12 05:00:00,53,Routine,Normal
LO120619,APP053965,PAT01666,DOC017,DEP006,FAC002,LAB010,Ultrasound Abdomen,Radiology,2024-07-07,2024-07-08,2024-07-10 17:00:00,65,Urgent,Normal
LO120620,APP059143,PAT01454,DOC008,DEP003,FAC003,LAB013,COVID PCR,Molecular Diagnostics,2024-01-12,2024-01-14,2024-01-14 01:00:00,1,Routine,Normal
LO120624,APP070718,PAT03483,DOC020,DEP006,FAC005,LAB015,Electrolytes Panel,Biochemistry,2023-07-06,2023-07-07,2023-07-09 17:00:00,65,Routine,Normal
LO120627,APP073364,PAT06082,DOC053,DEP007,FAC005,LAB007,Urine Routine,Microbiology,2026-03-07,2026-03-08,2026-03-11 16:00:00,88,Routine,Normal
LO120628,APP066384,PAT00462,DOC040,DEP003,FAC005,LAB004,Liver Function Test,Biochemistry,2026-02-12,2026-02-12,2026-02-13 04:00:00,28,Urgent,Normal
LO120629,APP059845,PAT07529,DOC023,DEP008,FAC003,LAB004,Liver Function Test,Biochemistry,2023-07-26,2023-07-26,2023-07-27 04:00:00,28,Routine,Normal
LO120640,APP057894,PAT02311,DOC025,DEP007,FAC005,LAB011,ECG,Cardiology Diagnostics,2021-08-22,2021-08-22,2021-08-23 23:00:00,47,Routine,Normal
LO120641,APP068019,PAT12456,DOC051,DEP005,FAC002,LAB014,Blood Culture,Microbiology,2024-01-30,2024-01-30,2024-02-01 04:00:00,52,Routine,Normal
LO120642,APP055675,PAT11417,DOC060,DEP006,FAC005,LAB012,HbA1c,Biochemistry,2026-04-21,2026-04-21,2026-04-25 18:00:00,114,Routine,Normal
LO120644,APP061024,PAT09141,DOC033,DEP003,FAC003,LAB011,ECG,Cardiology Diagnostics,2021-06-09,2021-06-09,2021-06-13 16:00:00,112,Routine,Abnormal
LO120646,APP051201,PAT06378,DOC059,DEP006,FAC005,LAB002,Blood Glucose,Biochemistry,2021-05-03,2021-05-04,2021-05-08 05:00:00,101,Routine,Normal
LO120657,APP072618,PAT08789,DOC019,DEP005,FAC004,LAB001,Complete Blood Count,Hematology,2025-08-09,2025-08-09,2025-08-11 05:00:00,53,Routine,Normal
LO120658,APP051564,PAT09490,DOC030,DEP008,FAC005,LAB011,ECG,Cardiology Diagnostics,2026-01-12,2026-01-13,2026-01-14 04:00:00,28,Urgent,Normal
LO120661,APP071350,PAT04032,DOC057,DEP001,FAC002,LAB011,ECG,Cardiology Diagnostics,2021-01-06,2021-01-07,2021-01-08 15:00:00,39,Routine,Normal
LO120662,APP072468,PAT14594,DOC040,DEP003,FAC005,LAB014,Blood Culture,Microbiology,2026-06-12,2026-06-12,2026-06-15 09:00:00,81,Routine,Normal
LO120663,APP071253,PAT01767,DOC029,DEP007,FAC004,LAB003,Lipid Profile,Biochemistry,2023-09-26,2023-09-26,2023-09-28 08:00:00,56,Routine,Critical
LO120665,APP056383,PAT08073,DOC045,DEP007,FAC004,LAB003,Lipid Profile,Biochemistry,2022-01-24,2022-01-25,2022-01-25 01:00:00,1,Routine,Normal
LO120671,APP053398,PAT14158,DOC040,DEP003,FAC005,LAB001,Complete Blood Count,Hematology,2026-07-24,2026-07-24,2026-07-25 10:00:00,34,Routine,Abnormal
LO120672,APP060642,PAT12259,DOC027,DEP001,FAC002,LAB009,Chest X-Ray,Radiology,2026-07-20,2026-07-21,2026-07-21 06:00:00,6,Routine,Normal
LO120681,APP060835,PAT06349,DOC044,DEP005,FAC002,LAB009,Chest X-Ray,Radiology,2025-04-19,2025-04-20,2025-04-23 00:00:00,72,Routine,Abnormal
LO120687,APP067167,PAT03070,DOC046,DEP001,FAC001,LAB005,Kidney Function Test,Biochemistry,2026-06-23,2026-06-23,2026-06-25 16:00:00,64,Routine,Abnormal
LO120691,APP057655,PAT11020,DOC038,DEP005,FAC003,LAB002,Blood Glucose,Biochemistry,2022-09-22,2022-09-22,2022-09-23 18:00:00,42,Routine,Abnormal
LO120692,APP050707,PAT05752,DOC037,DEP005,FAC002,LAB001,Complete Blood Count,Hematology,2024-10-26,2024-10-27,2024-10-29 02:00:00,50,Urgent,Normal
LO120694,APP065851,PAT11629,DOC004,DEP001,FAC004,LAB014,Blood Culture,Microbiology,2026-07-02,2026-07-02,2026-07-05 17:00:00,89,Routine,Normal
LO120696,APP050042,PAT14682,DOC056,DEP001,FAC003,LAB008,Urine Culture,Microbiology,2023-12-06,2023-12-07,2023-12-07 01:00:00,1,Routine,Abnormal
LO120697,APP066760,PAT13843,DOC053,DEP007,FAC005,LAB013,COVID PCR,Molecular Diagnostics,2022-12-11,2022-12-12,2022-12-16 02:00:00,98,Routine,Abnormal
LO120699,APP066726,PAT02320,DOC003,DEP001,FAC003,LAB002,Blood Glucose,Biochemistry,2024-05-03,2024-05-03,2024-05-05 21:00:00,69,Routine,Abnormal
LO120700,APP062738,PAT07525,DOC001,DEP001,FAC001,LAB006,Thyroid Profile,Immunology,2025-02-24,2025-02-24,2025-02-28 00:00:00,96,Urgent,Normal
LO120701,APP066869,PAT07151,DOC036,DEP002,FAC001,LAB012,HbA1c,Biochemistry,2024-03-13,2024-03-13,2024-03-15 15:00:00,63,Routine,Abnormal
LO120704,APP057262,PAT00220,DOC057,DEP001,FAC002,LAB004,Liver Function Test,Biochemistry,2022-11-04,2022-11-05,2022-11-07 05:00:00,53,Routine,Normal
LO120709,APP060608,PAT03380,DOC030,DEP008,FAC005,LAB005,Kidney Function Test,Biochemistry,2026-07-16,2026-07-17,2026-07-17 01:00:00,1,Routine,Normal
LO120711,APP071925,PAT05958,DOC050,DEP005,FAC003,LAB005,Kidney Function Test,Biochemistry,2024-07-31,2024-07-31,2024-08-02 12:00:00,60,Urgent,Normal
LO120727,APP054613,PAT09149,DOC001,DEP001,FAC001,LAB003,Lipid Profile,Biochemistry,2023-09-08,2023-09-08,2023-09-10 22:00:00,70,Routine,Normal
LO120728,APP058136,PAT07637,DOC023,DEP008,FAC003,LAB010,Ultrasound Abdomen,Radiology,2025-01-28,2025-01-28,2025-01-29 18:00:00,42,Routine,Normal
LO120731,APP055595,PAT12595,DOC018,DEP007,FAC003,LAB003,Lipid Profile,Biochemistry,2026-08-28,2026-08-28,2026-08-29 21:00:00,45,Routine,Normal
LO120736,APP061147,PAT06435,DOC006,DEP002,FAC001,LAB015,Electrolytes Panel,Biochemistry,2021-04-26,2021-04-27,2021-04-27 17:00:00,17,Stat,Normal
LO120740,APP074039,PAT06331,DOC028,DEP001,FAC003,LAB015,Electrolytes Panel,Biochemistry,2024-09-10,2024-09-10,2024-09-12 02:00:00,50,Routine,Normal
LO120743,APP054103,PAT01984,DOC028,DEP001,FAC003,LAB005,Kidney Function Test,Biochemistry,2021-01-25,2021-01-26,2021-01-28 09:00:00,57,Routine,Normal
LO120749,APP063971,PAT09955,DOC005,DEP001,FAC005,LAB003,Lipid Profile,Biochemistry,2023-06-20,2023-06-20,2023-06-23 18:00:00,90,Routine,Abnormal
LO120750,APP064816,PAT01767,DOC020,DEP006,FAC005,LAB015,Electrolytes Panel,Biochemistry,2026-11-20,2026-11-20,2026-11-25 00:00:00,120,Urgent,Normal
LO120757,APP053164,PAT01035,DOC011,DEP003,FAC001,LAB004,Liver Function Test,Biochemistry,2022-11-01,2022-11-02,2022-11-04 20:00:00,68,Routine,Normal
LO120758,APP064033,PAT02391,DOC018,DEP007,FAC003,LAB011,ECG,Cardiology Diagnostics,2024-07-03,2024-07-03,2024-07-08 00:00:00,120,Routine,Normal
LO120765,APP065619,PAT06730,DOC043,DEP008,FAC003,LAB012,HbA1c,Biochemistry,2026-03-12,2026-03-14,2026-03-15 12:00:00,36,Routine,Normal
LO120767,APP063467,PAT03155,DOC009,DEP002,FAC004,LAB006,Thyroid Profile,Immunology,2023-05-22,2023-05-24,2023-05-25 21:00:00,45,Routine,Normal
LO120773,APP053866,PAT03479,DOC037,DEP005,FAC002,LAB011,ECG,Cardiology Diagnostics,2025-05-26,2025-05-26,2025-05-26 21:00:00,21,Routine,Normal
LO120778,APP059162,PAT09103,DOC001,DEP001,FAC001,LAB007,Urine Routine,Microbiology,2025-07-28,2025-07-29,2025-08-01 05:00:00,77,Routine,Normal
LO120786,APP051531,PAT03820,DOC028,DEP001,FAC003,LAB011,ECG,Cardiology Diagnostics,2025-07-31,2025-07-31,2025-08-01 12:00:00,36,Routine,Normal
LO120791,APP065804,PAT05422,DOC022,DEP007,FAC002,LAB011,ECG,Cardiology Diagnostics,2023-03-11,2023-03-12,2023-03-16 11:00:00,107,Routine,Normal
LO120799,APP057585,PAT01283,DOC046,DEP001,FAC001,LAB003,Lipid Profile,Biochemistry,2026-10-19,2026-10-19,2026-10-21 23:00:00,71,Routine,Normal
LO120800,APP067782,PAT14943,DOC029,DEP007,FAC004,LAB008,Urine Culture,Microbiology,2024-06-13,2024-06-14,2024-06-15 15:00:00,39,Routine,Abnormal
LO120803,APP066086,PAT04171,DOC021,DEP005,FAC001,LAB014,Blood Culture,Microbiology,2023-02-25,2023-02-26,2023-03-01 19:00:00,91,Routine,Normal
LO120805,APP052705,PAT04063,DOC036,DEP002,FAC001,LAB003,Lipid Profile,Biochemistry,2024-10-30,2024-10-31,2024-11-05 00:00:00,120,Urgent,Normal
LO120812,APP059378,PAT10660,DOC020,DEP006,FAC005,LAB007,Urine Routine,Microbiology,2026-05-07,2026-05-07,2026-05-11 11:00:00,107,Routine,Normal
LO120814,APP055017,PAT04124,DOC005,DEP001,FAC005,LAB010,Ultrasound Abdomen,Radiology,2022-10-27,2022-10-29,2022-11-02 03:00:00,99,Routine,Normal
LO120816,APP068564,PAT07014,DOC008,DEP003,FAC003,LAB012,HbA1c,Biochemistry,2022-01-14,2022-01-14,2022-01-15 20:00:00,44,Routine,Abnormal
LO120821,APP062872,PAT10328,DOC021,DEP005,FAC001,LAB001,Complete Blood Count,Hematology,2026-06-25,2026-06-26,2026-06-27 07:00:00,31,Routine,Normal
LO120828,APP062488,PAT10632,DOC048,DEP002,FAC001,LAB002,Blood Glucose,Biochemistry,2026-03-11,2026-03-12,2026-03-14 05:00:00,53,Routine,Normal
LO120833,APP060504,PAT01007,DOC046,DEP001,FAC001,LAB009,Chest X-Ray,Radiology,2021-08-08,2021-08-08,2021-08-08 20:00:00,20,Routine,Normal
LO120834,APP053655,PAT08009,DOC030,DEP008,FAC005,LAB010,Ultrasound Abdomen,Radiology,2025-12-08,2025-12-10,2025-12-10 21:00:00,21,Urgent,Normal
LO120835,APP067581,PAT07904,DOC049,DEP001,FAC003,LAB001,Complete Blood Count,Hematology,2025-01-11,2025-01-12,2025-01-14 08:00:00,56,Urgent,Normal
LO120837,APP053968,PAT13100,DOC041,DEP001,FAC005,LAB004,Liver Function Test,Biochemistry,2021-12-11,2021-12-11,2021-12-14 22:00:00,94,Routine,Abnormal
LO120839,APP054786,PAT01079,DOC023,DEP008,FAC003,LAB004,Liver Function Test,Biochemistry,2021-02-17,2021-02-17,2021-02-21 18:00:00,114,Routine,Abnormal
LO120846,APP056156,PAT12558,DOC003,DEP001,FAC003,LAB014,Blood Culture,Microbiology,2022-12-16,2022-12-18,2022-12-18 22:00:00,22,Stat,Normal
LO120851,APP074510,PAT09738,DOC020,DEP006,FAC005,LAB007,Urine Routine,Microbiology,2021-01-08,2021-01-09,2021-01-12 16:00:00,88,Routine,Normal
LO120853,APP074092,PAT00567,DOC006,DEP002,FAC001,LAB005,Kidney Function Test,Biochemistry,2023-08-04,2023-08-06,2023-08-08 01:00:00,49,Routine,Normal
LO120855,APP056957,PAT00648,DOC035,DEP001,FAC005,LAB008,Urine Culture,Microbiology,2024-09-24,2024-09-25,2024-09-29 05:00:00,101,Routine,Abnormal
LO120860,APP071678,PAT10006,DOC023,DEP008,FAC003,LAB005,Kidney Function Test,Biochemistry,2024-02-21,2024-02-22,2024-02-24 09:00:00,57,Routine,Normal
LO120867,APP071901,PAT06148,DOC038,DEP005,FAC003,LAB001,Complete Blood Count,Hematology,2026-03-04,2026-03-04,2026-03-04 01:00:00,1,Routine,Normal
LO120873,APP067194,PAT09717,DOC024,DEP006,FAC004,LAB003,Lipid Profile,Biochemistry,2025-06-13,2025-06-14,2025-06-16 14:00:00,62,Routine,Normal
LO120884,APP060241,PAT02999,DOC021,DEP005,FAC001,LAB002,Blood Glucose,Biochemistry,2026-03-08,2026-03-09,2026-03-11 16:00:00,64,Routine,Normal
LO120893,APP069890,PAT02992,DOC038,DEP005,FAC003,LAB008,Urine Culture,Microbiology,2025-12-29,2025-12-30,2026-01-02 21:00:00,93,Routine,Normal
LO120896,APP057106,PAT14645,DOC009,DEP002,FAC004,LAB001,Complete Blood Count,Hematology,2026-02-02,2026-02-02,2026-02-04 17:00:00,65,Routine,Normal
LO120908,APP065255,PAT08584,DOC010,DEP003,FAC005,LAB006,Thyroid Profile,Immunology,2024-11-29,2024-11-29,2024-11-30 23:00:00,47,Routine,Normal
LO120916,APP065515,PAT02681,DOC035,DEP001,FAC005,LAB005,Kidney Function Test,Biochemistry,2024-07-06,2024-07-06,2024-07-10 23:00:00,119,Routine,Abnormal
LO120917,APP060891,PAT01535,DOC011,DEP003,FAC001,LAB004,Liver Function Test,Biochemistry,2026-01-07,2026-01-08,2026-01-09 05:00:00,29,Routine,Normal
LO120919,APP054511,PAT06694,DOC032,DEP002,FAC002,LAB005,Kidney Function Test,Biochemistry,2022-07-11,2022-07-12,2022-07-17 00:00:00,120,Routine,Normal
LO120920,APP074583,PAT13678,DOC013,DEP005,FAC003,LAB008,Urine Culture,Microbiology,2026-09-28,2026-09-29,2026-10-01 14:00:00,62,Routine,Abnormal
LO120926,APP053809,PAT10087,DOC020,DEP006,FAC005,LAB003,Lipid Profile,Biochemistry,2021-03-25,2021-03-25,2021-03-28 17:00:00,89,Routine,Normal
LO120930,APP069471,PAT06730,DOC037,DEP005,FAC002,LAB014,Blood Culture,Microbiology,2024-07-26,2024-07-27,2024-07-30 13:00:00,85,Routine,Abnormal
LO120937,APP074194,PAT01209,DOC050,DEP005,FAC003,LAB015,Electrolytes Panel,Biochemistry,2026-09-21,2026-09-21,2026-09-21 06:00:00,6,Routine,Normal
LO120939,APP062871,PAT02349,DOC050,DEP005,FAC003,LAB002,Blood Glucose,Biochemistry,2024-01-23,2024-01-23,2024-01-27 19:00:00,115,Routine,Normal
LO120941,APP058799,PAT12632,DOC044,DEP005,FAC002,LAB008,Urine Culture,Microbiology,2024-06-28,2024-06-28,2024-06-29 22:00:00,46,Routine,Normal
LO120961,APP067388,PAT13619,DOC033,DEP003,FAC003,LAB009,Chest X-Ray,Radiology,2025-03-28,2025-03-29,2025-03-29 01:00:00,1,Routine,Normal
LO120962,APP073015,PAT01600,DOC033,DEP003,FAC003,LAB009,Chest X-Ray,Radiology,2023-11-11,2023-11-11,2023-11-13 23:00:00,71,Routine,Normal
LO120973,APP056241,PAT08373,DOC012,DEP005,FAC002,LAB012,HbA1c,Biochemistry,2026-08-08,2026-08-10,2026-08-11 13:00:00,37,Urgent,Normal
LO120978,APP065023,PAT02920,DOC040,DEP003,FAC005,LAB010,Ultrasound Abdomen,Radiology,2026-04-27,2026-04-27,2026-04-30 02:00:00,74,Routine,Normal
LO120980,APP057557,PAT01965,DOC030,DEP008,FAC005,LAB012,HbA1c,Biochemistry,2024-12-27,2024-12-27,2024-12-31 23:00:00,119,Routine,Critical
LO120994,APP064235,PAT09903,DOC047,DEP006,FAC005,LAB004,Liver Function Test,Biochemistry,2024-07-15,2024-07-15,2024-07-18 05:00:00,77,Urgent,Normal
LO121002,APP074728,PAT00609,DOC035,DEP001,FAC005,LAB007,Urine Routine,Microbiology,2025-10-29,2025-10-29,2025-11-03 00:00:00,120,Routine,Normal
LO121015,APP067671,PAT06028,DOC044,DEP005,FAC002,LAB003,Lipid Profile,Biochemistry,2021-03-03,2021-03-03,2021-03-04 12:00:00,36,Urgent,Normal
LO121018,APP066005,PAT01415,DOC042,DEP003,FAC003,LAB003,Lipid Profile,Biochemistry,2023-09-25,2023-09-26,2023-09-29 14:00:00,86,Routine,Normal
LO121022,APP063665,PAT13819,DOC059,DEP006,FAC005,LAB004,Liver Function Test,Biochemistry,2024-12-23,2024-12-23,2024-12-26 12:00:00,84,Routine,Normal
LO121026,APP060551,PAT07108,DOC033,DEP003,FAC003,LAB005,Kidney Function Test,Biochemistry,2025-07-26,2025-07-27,2025-07-29 06:00:00,54,Routine,Abnormal
LO121034,APP051035,PAT07991,DOC044,DEP005,FAC002,LAB001,Complete Blood Count,Hematology,2023-11-17,2023-11-17,2023-11-17 12:00:00,12,Routine,Normal
LO121035,APP067086,PAT10570,DOC051,DEP005,FAC002,LAB002,Blood Glucose,Biochemistry,2025-02-24,2025-02-25,2025-03-01 22:00:00,118,Routine,Abnormal
LO121039,APP059590,PAT08374,DOC047,DEP006,FAC005,LAB007,Urine Routine,Microbiology,2026-04-08,2026-04-08,2026-04-12 10:00:00,106,Urgent,Normal
LO121051,APP073931,PAT11913,DOC053,DEP007,FAC005,LAB007,Urine Routine,Microbiology,2022-10-10,2022-10-11,2022-10-12 07:00:00,31,Routine,Normal
LO121082,APP054741,PAT03036,DOC050,DEP005,FAC003,LAB011,ECG,Cardiology Diagnostics,2025-06-10,2025-06-10,2025-06-13 11:00:00,83,Routine,Normal
LO121090,APP050740,PAT04537,DOC007,DEP002,FAC002,LAB004,Liver Function Test,Biochemistry,2025-03-25,2025-03-25,2025-03-25 02:00:00,2,Routine,Normal
LO121099,APP069103,PAT02127,DOC036,DEP002,FAC001,LAB009,Chest X-Ray,Radiology,2023-03-27,2023-03-28,2023-03-31 01:00:00,73,Routine,Normal
LO121133,APP068550,PAT02287,DOC054,DEP003,FAC003,LAB006,Thyroid Profile,Immunology,2025-04-11,2025-04-12,2025-04-15 07:00:00,79,Routine,Normal
LO121141,APP055402,PAT04418,DOC045,DEP007,FAC004,LAB003,Lipid Profile,Biochemistry,2022-05-12,2022-05-13,2022-05-15 11:00:00,59,Routine,Normal
LO121146,APP063803,PAT04345,DOC008,DEP003,FAC003,LAB006,Thyroid Profile,Immunology,2024-05-20,2024-05-22,2024-05-27 00:00:00,120,Routine,Critical
LO121147,APP056473,PAT05217,DOC020,DEP006,FAC005,LAB007,Urine Routine,Microbiology,2022-03-01,2022-03-03,2022-03-07 19:00:00,115,Urgent,Abnormal
LO121152,APP058829,PAT02956,DOC045,DEP007,FAC004,LAB001,Complete Blood Count,Hematology,2021-11-08,2021-11-08,2021-11-11 01:00:00,73,Routine,Abnormal
LO121161,APP064042,PAT00115,DOC010,DEP003,FAC005,LAB010,Ultrasound Abdomen,Radiology,2026-06-22,2026-06-22,2026-06-25 21:00:00,93,Routine,Normal
LO121167,APP062043,PAT11491,DOC036,DEP002,FAC001,LAB015,Electrolytes Panel,Biochemistry,2023-12-01,2023-12-01,2023-12-03 16:00:00,64,Routine,Normal
LO121180,APP071834,PAT01784,DOC045,DEP007,FAC004,LAB011,ECG,Cardiology Diagnostics,2022-06-07,2022-06-07,2022-06-09 09:00:00,57,Routine,Normal
LO121183,APP072562,PAT09521,DOC035,DEP001,FAC005,LAB011,ECG,Cardiology Diagnostics,2021-07-01,2021-07-03,2021-07-04 17:00:00,41,Routine,Normal
LO121186,APP064238,PAT02022,DOC011,DEP003,FAC001,LAB012,HbA1c,Biochemistry,2021-04-16,2021-04-16,2021-04-20 08:00:00,104,Routine,Normal
LO121189,APP074321,PAT02928,DOC057,DEP001,FAC002,LAB009,Chest X-Ray,Radiology,2023-08-01,2023-08-01,2023-08-01 20:00:00,20,Routine,Normal
LO121191,APP070098,PAT09122,DOC014,DEP004,FAC004,LAB015,Electrolytes Panel,Biochemistry,2023-01-15,2023-01-15,2023-01-19 04:00:00,100,Stat,Normal
LO121193,APP059933,PAT01115,DOC008,DEP003,FAC003,LAB004,Liver Function Test,Biochemistry,2021-01-15,2021-01-17,2021-01-18 01:00:00,25,Urgent,Normal
LO121195,APP068752,PAT02920,DOC009,DEP002,FAC004,LAB014,Blood Culture,Microbiology,2022-01-14,2022-01-15,2022-01-15 01:00:00,1,Routine,Normal
LO121205,APP069891,PAT11022,DOC060,DEP006,FAC005,LAB015,Electrolytes Panel,Biochemistry,2025-05-16,2025-05-17,2025-05-17 20:00:00,20,Routine,Abnormal
LO121207,APP070043,PAT04302,DOC047,DEP006,FAC005,LAB005,Kidney Function Test,Biochemistry,2025-02-15,2025-02-16,2025-02-21 00:00:00,120,Routine,Normal
LO121212,APP053714,PAT06731,DOC047,DEP006,FAC005,LAB003,Lipid Profile,Biochemistry,2026-05-03,2026-05-03,2026-05-06 05:00:00,77,Urgent,Normal
LO121214,APP071422,PAT11931,DOC055,DEP006,FAC004,LAB015,Electrolytes Panel,Biochemistry,2025-04-06,2025-04-06,2025-04-06 17:00:00,17,Routine,Normal
LO121217,APP071654,PAT09346,DOC037,DEP005,FAC002,LAB002,Blood Glucose,Biochemistry,2024-08-14,2024-08-14,2024-08-17 18:00:00,90,Urgent,Normal
LO121224,APP061213,PAT09884,DOC002,DEP001,FAC002,LAB010,Ultrasound Abdomen,Radiology,2025-02-06,2025-02-08,2025-02-09 06:00:00,30,Urgent,Normal
LO121226,APP061190,PAT04194,DOC053,DEP007,FAC005,LAB005,Kidney Function Test,Biochemistry,2023-10-20,2023-10-20,2023-10-20 18:00:00,18,Urgent,Normal
LO121227,APP053416,PAT10629,DOC035,DEP001,FAC005,LAB011,ECG,Cardiology Diagnostics,2023-02-16,2023-02-16,2023-02-18 18:00:00,66,Routine,Normal
LO121239,APP061668,PAT13020,DOC032,DEP002,FAC002,LAB002,Blood Glucose,Biochemistry,2024-09-12,2024-09-12,2024-09-12 21:00:00,21,Routine,Normal
LO121244,APP061247,PAT05217,DOC004,DEP001,FAC004,LAB013,COVID PCR,Molecular Diagnostics,2023-07-13,2023-07-13,2023-07-16 16:00:00,88,Routine,Normal
LO121245,APP051224,PAT02228,DOC043,DEP008,FAC003,LAB010,Ultrasound Abdomen,Radiology,2023-06-01,2023-06-02,2023-06-06 13:00:00,109,Routine,Normal
LO121253,APP052248,PAT10363,DOC055,DEP006,FAC004,LAB011,ECG,Cardiology Diagnostics,2024-10-03,2024-10-04,2024-10-06 23:00:00,71,Urgent,Abnormal
LO121256,APP065281,PAT11145,DOC022,DEP007,FAC002,LAB011,ECG,Cardiology Diagnostics,2024-11-22,2024-11-22,2024-11-22 10:00:00,10,Routine,Normal
LO121257,APP050376,PAT04059,DOC034,DEP001,FAC004,LAB007,Urine Routine,Microbiology,2021-04-25,2021-04-25,2021-04-29 07:00:00,103,Routine,Normal
LO121265,APP059091,PAT14233,DOC013,DEP005,FAC003,LAB015,Electrolytes Panel,Biochemistry,2024-08-03,2024-08-03,2024-08-03 01:00:00,1,Routine,Normal
LO121268,APP073569,PAT09587,DOC022,DEP007,FAC002,LAB002,Blood Glucose,Biochemistry,2021-08-22,2021-08-22,2021-08-25 16:00:00,88,Urgent,Abnormal
LO121278,APP062965,PAT05091,DOC007,DEP002,FAC002,LAB006,Thyroid Profile,Immunology,2024-06-06,2024-06-08,2024-06-10 16:00:00,64,Urgent,Normal
LO121279,APP064244,PAT02596,DOC018,DEP007,FAC003,LAB003,Lipid Profile,Biochemistry,2021-09-30,2021-10-01,2021-10-03 04:00:00,52,Urgent,Normal
LO121285,APP055328,PAT14801,DOC039,DEP002,FAC004,LAB009,Chest X-Ray,Radiology,2025-06-06,2025-06-07,2025-06-07 19:00:00,19,Routine,Normal
LO121296,APP064671,PAT02316,DOC038,DEP005,FAC003,LAB010,Ultrasound Abdomen,Radiology,2025-08-02,2025-08-03,2025-08-04 20:00:00,44,Urgent,Normal
LO121299,APP068424,PAT08305,DOC054,DEP003,FAC003,LAB015,Electrolytes Panel,Biochemistry,2026-06-16,2026-06-17,2026-06-19 04:00:00,52,Routine,Normal
LO121302,APP054396,PAT11735,DOC051,DEP005,FAC002,LAB012,HbA1c,Biochemistry,2023-12-20,2023-12-20,2023-12-24 11:00:00,107,Routine,Normal
LO121306,APP074630,PAT05837,DOC025,DEP007,FAC005,LAB006,Thyroid Profile,Immunology,2023-12-31,2023-12-31,2024-01-03 15:00:00,87,Routine,Normal
LO121308,APP071252,PAT01414,DOC035,DEP001,FAC005,LAB003,Lipid Profile,Biochemistry,2022-02-12,2022-02-12,2022-02-12 01:00:00,1,Routine,Normal
LO121311,APP070284,PAT04354,DOC025,DEP007,FAC005,LAB007,Urine Routine,Microbiology,2022-10-24,2022-10-25,2022-10-25 09:00:00,9,Routine,Normal
LO121314,APP063860,PAT14813,DOC015,DEP005,FAC005,LAB005,Kidney Function Test,Biochemistry,2024-11-12,2024-11-13,2024-11-15 17:00:00,65,Routine,Abnormal
LO121319,APP063061,PAT00765,DOC054,DEP003,FAC003,LAB007,Urine Routine,Microbiology,2024-07-03,2024-07-03,2024-07-04 00:00:00,24,Routine,Abnormal
LO121325,APP052095,PAT04088,DOC007,DEP002,FAC002,LAB005,Kidney Function Test,Biochemistry,2025-08-28,2025-08-28,2025-08-29 12:00:00,36,Routine,Normal
LO121326,APP073215,PAT00945,DOC010,DEP003,FAC005,LAB014,Blood Culture,Microbiology,2022-01-09,2022-01-09,2022-01-11 21:00:00,69,Urgent,Abnormal
LO121333,APP060302,PAT00425,DOC011,DEP003,FAC001,LAB007,Urine Routine,Microbiology,2025-09-05,2025-09-06,2025-09-06 01:00:00,1,Routine,Normal
LO121361,APP073629,PAT04660,DOC010,DEP003,FAC005,LAB013,COVID PCR,Molecular Diagnostics,2024-05-30,2024-05-30,2024-06-02 22:00:00,94,Urgent,Normal
LO121362,APP066041,PAT02030,DOC043,DEP008,FAC003,LAB011,ECG,Cardiology Diagnostics,2021-11-26,2021-11-26,2021-11-28 23:00:00,71,Routine,Normal
LO121364,APP052252,PAT11754,DOC039,DEP002,FAC004,LAB014,Blood Culture,Microbiology,2026-08-02,2026-08-02,2026-08-04 07:00:00,55,Routine,Abnormal
LO121370,APP051080,PAT04039,DOC045,DEP007,FAC004,LAB010,Ultrasound Abdomen,Radiology,2021-06-16,2021-06-16,2021-06-19 15:00:00,87,Routine,Normal
LO121371,APP060377,PAT08992,DOC005,DEP001,FAC005,LAB006,Thyroid Profile,Immunology,2022-11-06,2022-11-06,2022-11-09 03:00:00,75,Urgent,Normal
LO121383,APP052105,PAT07976,DOC054,DEP003,FAC003,LAB008,Urine Culture,Microbiology,2025-05-31,2025-06-01,2025-06-03 02:00:00,50,Routine,Normal
LO121388,APP061806,PAT04112,DOC025,DEP007,FAC005,LAB012,HbA1c,Biochemistry,2023-05-20,2023-05-20,2023-05-20 01:00:00,1,Routine,Normal
LO121390,APP059482,PAT07252,DOC013,DEP005,FAC003,LAB011,ECG,Cardiology Diagnostics,2023-10-11,2023-10-11,2023-10-13 00:00:00,48,Routine,Normal
LO121394,APP060671,PAT14796,DOC029,DEP007,FAC004,LAB006,Thyroid Profile,Immunology,2026-10-19,2026-10-20,2026-10-25 00:00:00,120,Routine,Abnormal
LO121395,APP052212,PAT01489,DOC017,DEP006,FAC002,LAB004,Liver Function Test,Biochemistry,2024-11-18,2024-11-18,2024-11-22 09:00:00,105,Routine,Normal
LO121397,APP059788,PAT12015,DOC030,DEP008,FAC005,LAB004,Liver Function Test,Biochemistry,2026-04-27,2026-04-28,2026-05-01 00:00:00,72,Routine,Normal
LO121399,APP050521,PAT10491,DOC004,DEP001,FAC004,LAB010,Ultrasound Abdomen,Radiology,2026-07-06,2026-07-07,2026-07-08 19:00:00,43,Routine,Normal
LO121400,APP071184,PAT05837,DOC033,DEP003,FAC003,LAB006,Thyroid Profile,Immunology,2021-06-08,2021-06-08,2021-06-08 18:00:00,18,Routine,Normal
LO121401,APP058113,PAT08381,DOC025,DEP007,FAC005,LAB005,Kidney Function Test,Biochemistry,2021-01-12,2021-01-12,2021-01-13 05:00:00,29,Routine,Normal
LO121410,APP057193,PAT00186,DOC031,DEP001,FAC001,LAB013,COVID PCR,Molecular Diagnostics,2025-04-11,2025-04-11,2025-04-15 04:00:00,100,Stat,Abnormal
LO121413,APP063548,PAT09626,DOC040,DEP003,FAC005,LAB012,HbA1c,Biochemistry,2025-11-06,2025-11-06,2025-11-07 02:00:00,26,Urgent,Normal
LO121418,APP071490,PAT05862,DOC012,DEP005,FAC002,LAB014,Blood Culture,Microbiology,2025-05-23,2025-05-24,2025-05-26 17:00:00,65,Urgent,Normal
LO121421,APP067582,PAT02216,DOC026,DEP008,FAC001,LAB005,Kidney Function Test,Biochemistry,2026-06-24,2026-06-24,2026-06-24 08:00:00,8,Routine,Abnormal
LO121444,APP068735,PAT10067,DOC028,DEP001,FAC003,LAB007,Urine Routine,Microbiology,2021-07-29,2021-07-29,2021-08-03 00:00:00,120,Routine,Normal
LO121445,APP069804,PAT11697,DOC034,DEP001,FAC004,LAB011,ECG,Cardiology Diagnostics,2022-10-18,2022-10-18,2022-10-21 15:00:00,87,Urgent,Critical
LO121452,APP074797,PAT01859,DOC039,DEP002,FAC004,LAB011,ECG,Cardiology Diagnostics,2021-01-04,2021-01-04,2021-01-05 19:00:00,43,Routine,Normal
LO121456,APP056683,PAT11683,DOC024,DEP006,FAC004,LAB015,Electrolytes Panel,Biochemistry,2024-02-13,2024-02-13,2024-02-15 10:00:00,58,Routine,Normal
LO121471,APP061920,PAT11218,DOC014,DEP004,FAC004,LAB001,Complete Blood Count,Hematology,2026-01-25,2026-01-25,2026-01-25 22:00:00,22,Routine,Normal
LO121492,APP061998,PAT08268,DOC025,DEP007,FAC005,LAB012,HbA1c,Biochemistry,2021-09-12,2021-09-13,2021-09-17 03:00:00,99,Routine,Normal
LO121493,APP064877,PAT08185,DOC060,DEP006,FAC005,LAB015,Electrolytes Panel,Biochemistry,2022-10-01,2022-10-01,2022-10-02 11:00:00,35,Routine,Normal
LO121511,APP066815,PAT12407,DOC006,DEP002,FAC001,LAB011,ECG,Cardiology Diagnostics,2025-05-23,2025-05-24,2025-05-27 02:00:00,74,Routine,Normal
LO121521,APP065373,PAT03078,DOC002,DEP001,FAC002,LAB009,Chest X-Ray,Radiology,2026-04-23,2026-04-23,2026-04-24 19:00:00,43,Routine,Normal
LO121527,APP067382,PAT04297,DOC052,DEP002,FAC004,LAB014,Blood Culture,Microbiology,2022-04-23,2022-04-23,2022-04-25 07:00:00,55,Routine,Normal
LO121529,APP070866,PAT11888,DOC013,DEP005,FAC003,LAB001,Complete Blood Count,Hematology,2026-05-06,2026-05-07,2026-05-10 06:00:00,78,Routine,Normal
LO121535,APP070044,PAT10135,DOC017,DEP006,FAC002,LAB012,HbA1c,Biochemistry,2021-05-05,2021-05-05,2021-05-06 09:00:00,33,Routine,Abnormal
LO121536,APP074987,PAT06833,DOC033,DEP003,FAC003,LAB005,Kidney Function Test,Biochemistry,2025-03-19,2025-03-19,2025-03-21 18:00:00,66,Routine,Normal
LO121555,APP071228,PAT04830,DOC047,DEP006,FAC005,LAB012,HbA1c,Biochemistry,2023-03-29,2023-03-29,2023-03-31 12:00:00,60,Routine,Abnormal
LO121557,APP056199,PAT02496,DOC038,DEP005,FAC003,LAB007,Urine Routine,Microbiology,2026-01-22,2026-01-22,2026-01-25 17:00:00,89,Routine,Abnormal
LO121561,APP074967,PAT03729,DOC054,DEP003,FAC003,LAB002,Blood Glucose,Biochemistry,2025-03-24,2025-03-24,2025-03-25 07:00:00,31,Urgent,Critical
LO121566,APP058595,PAT11806,DOC025,DEP007,FAC005,LAB005,Kidney Function Test,Biochemistry,2021-03-11,2021-03-12,2021-03-15 01:00:00,73,Routine,Normal
LO121567,APP066290,PAT12265,DOC051,DEP005,FAC002,LAB007,Urine Routine,Microbiology,2022-08-26,2022-08-26,2022-08-30 02:00:00,98,Urgent,Normal
LO121572,APP071320,PAT09055,DOC008,DEP003,FAC003,LAB003,Lipid Profile,Biochemistry,2024-09-21,2024-09-22,2024-09-27 00:00:00,120,Routine,Normal
LO121573,APP053802,PAT08009,DOC035,DEP001,FAC005,LAB004,Liver Function Test,Biochemistry,2024-07-03,2024-07-05,2024-07-05 01:00:00,1,Routine,Normal
LO121594,APP061961,PAT02865,DOC011,DEP003,FAC001,LAB011,ECG,Cardiology Diagnostics,2026-03-07,2026-03-07,2026-03-07 14:00:00,14,Routine,Normal
LO121595,APP064981,PAT06492,DOC027,DEP001,FAC002,LAB006,Thyroid Profile,Immunology,2021-07-24,2021-07-24,2021-07-25 07:00:00,31,Routine,Critical
LO121597,APP067377,PAT11645,DOC017,DEP006,FAC002,LAB003,Lipid Profile,Biochemistry,2022-02-10,2022-02-10,2022-02-14 01:00:00,97,Routine,Abnormal
LO121602,APP054119,PAT04961,DOC031,DEP001,FAC001,LAB005,Kidney Function Test,Biochemistry,2023-02-10,2023-02-10,2023-02-14 01:00:00,97,Routine,Normal
LO121604,APP059807,PAT10376,DOC016,DEP004,FAC001,LAB011,ECG,Cardiology Diagnostics,2025-08-19,2025-08-19,2025-08-23 14:00:00,110,Routine,Normal
LO121605,APP059940,PAT05101,DOC059,DEP006,FAC005,LAB015,Electrolytes Panel,Biochemistry,2021-04-20,2021-04-21,2021-04-21 15:00:00,15,Routine,Abnormal
LO121608,APP056309,PAT08407,DOC024,DEP006,FAC004,LAB014,Blood Culture,Microbiology,2026-02-21,2026-02-22,2026-02-23 21:00:00,45,Routine,Normal
LO121616,APP070960,PAT12375,DOC038,DEP005,FAC003,LAB003,Lipid Profile,Biochemistry,2025-08-23,2025-08-23,2025-08-27 11:00:00,107,Routine,Normal
LO121617,APP069644,PAT03777,DOC043,DEP008,FAC003,LAB005,Kidney Function Test,Biochemistry,2022-09-27,2022-09-27,2022-09-28 13:00:00,37,Routine,Normal
LO121631,APP052645,PAT00322,DOC001,DEP001,FAC001,LAB006,Thyroid Profile,Immunology,2025-02-24,2025-02-24,2025-02-27 04:00:00,76,Routine,Abnormal
LO121633,APP073820,PAT01011,DOC027,DEP001,FAC002,LAB003,Lipid Profile,Biochemistry,2021-07-10,2021-07-10,2021-07-11 15:00:00,39,Routine,Normal
LO121636,APP062993,PAT05847,DOC002,DEP001,FAC002,LAB004,Liver Function Test,Biochemistry,2023-08-24,2023-08-24,2023-08-25 23:00:00,47,Routine,Normal
LO121641,APP073817,PAT04238,DOC021,DEP005,FAC001,LAB001,Complete Blood Count,Hematology,2024-12-07,2024-12-09,2024-12-11 02:00:00,50,Urgent,Normal
LO121642,APP064922,PAT09149,DOC032,DEP002,FAC002,LAB015,Electrolytes Panel,Biochemistry,2024-07-12,2024-07-12,2024-07-13 17:00:00,41,Routine,Normal
LO121653,APP072152,PAT05782,DOC060,DEP006,FAC005,LAB003,Lipid Profile,Biochemistry,2023-06-15,2023-06-16,2023-06-17 12:00:00,36,Routine,Abnormal
LO121654,APP072877,PAT06959,DOC007,DEP002,FAC002,LAB012,HbA1c,Biochemistry,2022-12-03,2022-12-03,2022-12-05 01:00:00,49,Routine,Abnormal
LO121655,APP053667,PAT11275,DOC017,DEP006,FAC002,LAB007,Urine Routine,Microbiology,2022-06-01,2022-06-01,2022-06-02 11:00:00,35,Routine,Normal
LO121656,APP054630,PAT01451,DOC002,DEP001,FAC002,LAB006,Thyroid Profile,Immunology,2025-01-03,2025-01-04,2025-01-06 23:00:00,71,Routine,Normal
LO121671,APP053801,PAT08881,DOC019,DEP005,FAC004,LAB002,Blood Glucose,Biochemistry,2021-08-20,2021-08-20,2021-08-20 22:00:00,22,Routine,Normal
LO121672,APP050258,PAT06706,DOC017,DEP006,FAC002,LAB009,Chest X-Ray,Radiology,2024-07-11,2024-07-12,2024-07-12 01:00:00,1,Routine,Normal
LO121677,APP053857,PAT02883,DOC010,DEP003,FAC005,LAB013,COVID PCR,Molecular Diagnostics,2023-12-21,2023-12-22,2023-12-25 01:00:00,73,Routine,Normal
LO121681,APP062287,PAT13477,DOC016,DEP004,FAC001,LAB013,COVID PCR,Molecular Diagnostics,2021-07-10,2021-07-12,2021-07-12 19:00:00,19,Routine,Normal
LO121687,APP050301,PAT05915,DOC032,DEP002,FAC002,LAB002,Blood Glucose,Biochemistry,2025-02-27,2025-02-28,2025-03-02 08:00:00,56,Urgent,Normal
LO121694,APP052558,PAT01576,DOC003,DEP001,FAC003,LAB011,ECG,Cardiology Diagnostics,2021-01-13,2021-01-13,2021-01-15 19:00:00,67,Routine,Normal
LO121701,APP058335,PAT12350,DOC023,DEP008,FAC003,LAB001,Complete Blood Count,Hematology,2023-10-06,2023-10-07,2023-10-08 08:00:00,32,Routine,Abnormal
LO121704,APP073881,PAT09955,DOC018,DEP007,FAC003,LAB009,Chest X-Ray,Radiology,2025-03-13,2025-03-13,2025-03-15 07:00:00,55,Routine,Normal
LO121711,APP056916,PAT03034,DOC050,DEP005,FAC003,LAB011,ECG,Cardiology Diagnostics,2023-11-08,2023-11-08,2023-11-10 04:00:00,52,Routine,Abnormal
LO121719,APP065940,PAT02474,DOC041,DEP001,FAC005,LAB009,Chest X-Ray,Radiology,2023-04-22,2023-04-22,2023-04-23 05:00:00,29,Urgent,Normal
LO121721,APP052695,PAT14043,DOC051,DEP005,FAC002,LAB003,Lipid Profile,Biochemistry,2021-09-17,2021-09-17,2021-09-19 15:00:00,63,Routine,Normal
LO121735,APP055078,PAT00587,DOC026,DEP008,FAC001,LAB004,Liver Function Test,Biochemistry,2024-09-18,2024-09-20,2024-09-22 22:00:00,70,Routine,Normal
LO121746,APP062500,PAT02332,DOC048,DEP002,FAC001,LAB003,Lipid Profile,Biochemistry,2023-08-11,2023-08-11,2023-08-13 20:00:00,68,Routine,Normal
LO121751,APP050856,PAT09195,DOC029,DEP007,FAC004,LAB002,Blood Glucose,Biochemistry,2024-04-02,2024-04-02,2024-04-05 17:00:00,89,Routine,Abnormal
LO121754,APP062681,PAT02134,DOC058,DEP001,FAC004,LAB013,COVID PCR,Molecular Diagnostics,2026-04-28,2026-04-28,2026-05-01 11:00:00,83,Routine,Normal
LO121755,APP054918,PAT06845,DOC018,DEP007,FAC003,LAB009,Chest X-Ray,Radiology,2024-12-09,2024-12-09,2024-12-10 05:00:00,29,Routine,Normal
LO121759,APP050948,PAT11070,DOC011,DEP003,FAC001,LAB006,Thyroid Profile,Immunology,2025-06-15,2025-06-15,2025-06-16 22:00:00,46,Routine,Normal
LO121761,APP053046,PAT08170,DOC036,DEP002,FAC001,LAB010,Ultrasound Abdomen,Radiology,2022-03-16,2022-03-18,2022-03-21 20:00:00,92,Routine,Abnormal
LO121771,APP071241,PAT13686,DOC004,DEP001,FAC004,LAB015,Electrolytes Panel,Biochemistry,2024-10-29,2024-10-29,2024-11-01 06:00:00,78,Routine,Abnormal
LO121772,APP073525,PAT10753,DOC020,DEP006,FAC005,LAB004,Liver Function Test,Biochemistry,2021-05-18,2021-05-18,2021-05-20 14:00:00,62,Routine,Normal
LO121773,APP060040,PAT04078,DOC048,DEP002,FAC001,LAB007,Urine Routine,Microbiology,2025-01-19,2025-01-19,2025-01-21 10:00:00,58,Routine,Abnormal
LO121779,APP054306,PAT04116,DOC020,DEP006,FAC005,LAB006,Thyroid Profile,Immunology,2022-09-14,2022-09-15,2022-09-18 14:00:00,86,Routine,Normal
LO121780,APP064070,PAT13164,DOC009,DEP002,FAC004,LAB008,Urine Culture,Microbiology,2024-08-10,2024-08-10,2024-08-10 22:00:00,22,Routine,Normal
LO121781,APP054546,PAT00170,DOC012,DEP005,FAC002,LAB006,Thyroid Profile,Immunology,2024-08-08,2024-08-09,2024-08-12 08:00:00,80,Stat,Normal
LO121793,APP065857,PAT09921,DOC014,DEP004,FAC004,LAB004,Liver Function Test,Biochemistry,2022-07-19,2022-07-20,2022-07-23 07:00:00,79,Urgent,Normal
LO121840,APP056866,PAT03685,DOC001,DEP001,FAC001,LAB014,Blood Culture,Microbiology,2024-09-11,2024-09-13,2024-09-16 15:00:00,87,Routine,Normal
LO121844,APP063519,PAT12795,DOC029,DEP007,FAC004,LAB006,Thyroid Profile,Immunology,2021-03-23,2021-03-23,2021-03-23 01:00:00,1,Urgent,Normal
LO121847,APP074821,PAT14666,DOC056,DEP001,FAC003,LAB012,HbA1c,Biochemistry,2026-03-31,2026-04-01,2026-04-03 02:00:00,50,Routine,Critical
LO121852,APP053237,PAT03017,DOC005,DEP001,FAC005,LAB014,Blood Culture,Microbiology,2023-03-15,2023-03-15,2023-03-15 01:00:00,1,Routine,Normal
LO121858,APP067539,PAT12157,DOC032,DEP002,FAC002,LAB001,Complete Blood Count,Hematology,2023-04-23,2023-04-23,2023-04-28 00:00:00,120,Routine,Normal
LO121862,APP061848,PAT04046,DOC023,DEP008,FAC003,LAB012,HbA1c,Biochemistry,2026-06-14,2026-06-15,2026-06-19 01:00:00,97,Routine,Normal
LO121863,APP057334,PAT14742,DOC037,DEP005,FAC002,LAB006,Thyroid Profile,Immunology,2023-01-18,2023-01-19,2023-01-22 14:00:00,86,Urgent,Normal
LO121871,APP069171,PAT01403,DOC002,DEP001,FAC002,LAB007,Urine Routine,Microbiology,2026-06-10,2026-06-10,2026-06-12 22:00:00,70,Routine,Normal
LO121874,APP053156,PAT08385,DOC022,DEP007,FAC002,LAB010,Ultrasound Abdomen,Radiology,2026-12-04,2026-12-04,2026-12-07 01:00:00,73,Routine,Normal
LO121882,APP067244,PAT09485,DOC023,DEP008,FAC003,LAB004,Liver Function Test,Biochemistry,2021-01-31,2021-01-31,2021-02-03 23:00:00,95,Routine,Abnormal
LO121885,APP074659,PAT01329,DOC034,DEP001,FAC004,LAB014,Blood Culture,Microbiology,2021-10-11,2021-10-11,2021-10-13 12:00:00,60,Routine,Critical
LO121893,APP053190,PAT08673,DOC005,DEP001,FAC005,LAB002,Blood Glucose,Biochemistry,2024-10-17,2024-10-18,2024-10-19 09:00:00,33,Routine,Abnormal
LO121896,APP050453,PAT13644,DOC033,DEP003,FAC003,LAB008,Urine Culture,Microbiology,2023-08-25,2023-08-25,2023-08-26 21:00:00,45,Stat,Normal
LO121900,APP051026,PAT00500,DOC047,DEP006,FAC005,LAB005,Kidney Function Test,Biochemistry,2024-04-23,2024-04-23,2024-04-24 05:00:00,29,Routine,Normal
LO121906,APP074897,PAT12265,DOC043,DEP008,FAC003,LAB003,Lipid Profile,Biochemistry,2021-12-10,2021-12-10,2021-12-11 06:00:00,30,Urgent,Normal
LO121907,APP052188,PAT08109,DOC003,DEP001,FAC003,LAB006,Thyroid Profile,Immunology,2022-08-22,2022-08-23,2022-08-23 16:00:00,16,Routine,Normal
LO121908,APP058325,PAT01112,DOC059,DEP006,FAC005,LAB004,Liver Function Test,Biochemistry,2024-04-19,2024-04-19,2024-04-22 21:00:00,93,Routine,Normal
LO121909,APP060155,PAT02118,DOC019,DEP005,FAC004,LAB001,Complete Blood Count,Hematology,2026-07-24,2026-07-25,2026-07-30 00:00:00,120,Routine,Normal
LO121911,APP069213,PAT14316,DOC028,DEP001,FAC003,LAB015,Electrolytes Panel,Biochemistry,2022-03-03,2022-03-04,2022-03-05 11:00:00,35,Urgent,Normal
LO121913,APP051378,PAT11721,DOC019,DEP005,FAC004,LAB008,Urine Culture,Microbiology,2024-07-13,2024-07-13,2024-07-16 15:00:00,87,Routine,Normal
LO121917,APP057022,PAT03195,DOC049,DEP001,FAC003,LAB001,Complete Blood Count,Hematology,2025-04-17,2025-04-19,2025-04-19 02:00:00,2,Routine,Normal
LO121919,APP057551,PAT11356,DOC047,DEP006,FAC005,LAB002,Blood Glucose,Biochemistry,2026-03-09,2026-03-10,2026-03-14 02:00:00,98,Routine,Critical
LO121929,APP073523,PAT11893,DOC014,DEP004,FAC004,LAB015,Electrolytes Panel,Biochemistry,2023-05-16,2023-05-17,2023-05-20 15:00:00,87,Routine,Normal
LO121939,APP062647,PAT11568,DOC026,DEP008,FAC001,LAB005,Kidney Function Test,Biochemistry,2025-12-24,2025-12-24,2025-12-25 15:00:00,39,Routine,Normal
LO121941,APP069402,PAT10298,DOC021,DEP005,FAC001,LAB012,HbA1c,Biochemistry,2025-11-03,2025-11-03,2025-11-08 00:00:00,120,Routine,Normal
LO121942,APP050048,PAT01154,DOC036,DEP002,FAC001,LAB015,Electrolytes Panel,Biochemistry,2023-05-19,2023-05-19,2023-05-22 20:00:00,92,Routine,Normal
LO121955,APP064262,PAT00796,DOC046,DEP001,FAC001,LAB014,Blood Culture,Microbiology,2021-02-13,2021-02-15,2021-02-17 08:00:00,56,Routine,Abnormal
LO121957,APP061347,PAT07832,DOC014,DEP004,FAC004,LAB004,Liver Function Test,Biochemistry,2025-12-16,2025-12-16,2025-12-19 16:00:00,88,Urgent,Normal
LO121959,APP060359,PAT03920,DOC014,DEP004,FAC004,LAB004,Liver Function Test,Biochemistry,2024-05-30,2024-05-30,2024-06-02 07:00:00,79,Routine,Normal
LO121962,APP068574,PAT02407,DOC017,DEP006,FAC002,LAB003,Lipid Profile,Biochemistry,2024-01-22,2024-01-23,2024-01-26 19:00:00,91,Routine,Normal
LO121966,APP050429,PAT13919,DOC030,DEP008,FAC005,LAB002,Blood Glucose,Biochemistry,2026-07-14,2026-07-15,2026-07-18 08:00:00,80,Routine,Normal
LO121971,APP053451,PAT02361,DOC058,DEP001,FAC004,LAB005,Kidney Function Test,Biochemistry,2021-01-23,2021-01-23,2021-01-23 22:00:00,22,Routine,Abnormal
LO121972,APP066465,PAT11194,DOC052,DEP002,FAC004,LAB007,Urine Routine,Microbiology,2024-02-07,2024-02-07,2024-02-07 04:00:00,4,Routine,Normal
LO121977,APP064270,PAT03992,DOC031,DEP001,FAC001,LAB013,COVID PCR,Molecular Diagnostics,2022-10-23,2022-10-23,2022-10-26 01:00:00,73,Routine,Normal
LO121982,APP074749,PAT09988,DOC053,DEP007,FAC005,LAB008,Urine Culture,Microbiology,2023-03-31,2023-03-31,2023-03-31 06:00:00,6,Routine,Critical
LO121987,APP053966,PAT07832,DOC054,DEP003,FAC003,LAB002,Blood Glucose,Biochemistry,2024-10-06,2024-10-06,2024-10-09 02:00:00,74,Routine,Normal
LO121991,APP071829,PAT08391,DOC037,DEP005,FAC002,LAB002,Blood Glucose,Biochemistry,2024-10-30,2024-10-30,2024-11-04 00:00:00,120,Routine,Normal
LO122003,APP051291,PAT11401,DOC053,DEP007,FAC005,LAB015,Electrolytes Panel,Biochemistry,2023-11-27,2023-11-28,2023-11-30 00:00:00,48,Routine,Normal
LO122008,APP073411,PAT14588,DOC036,DEP002,FAC001,LAB008,Urine Culture,Microbiology,2025-07-07,2025-07-08,2025-07-11 13:00:00,85,Urgent,Normal
LO122010,APP068630,PAT11994,DOC014,DEP004,FAC004,LAB015,Electrolytes Panel,Biochemistry,2025-02-04,2025-02-04,2025-02-08 13:00:00,109,Routine,Normal
LO122014,APP064462,PAT07272,DOC047,DEP006,FAC005,LAB013,COVID PCR,Molecular Diagnostics,2024-02-16,2024-02-16,2024-02-18 10:00:00,58,Routine,Normal
LO122015,APP051715,PAT00564,DOC027,DEP001,FAC002,LAB014,Blood Culture,Microbiology,2022-06-12,2022-06-12,2022-06-14 00:00:00,48,Urgent,Normal
LO122032,APP066671,PAT03234,DOC010,DEP003,FAC005,LAB003,Lipid Profile,Biochemistry,2024-03-28,2024-03-29,2024-03-31 09:00:00,57,Urgent,Normal
LO122041,APP059720,PAT02478,DOC012,DEP005,FAC002,LAB006,Thyroid Profile,Immunology,2021-06-06,2021-06-07,2021-06-09 21:00:00,69,Routine,Normal
LO122048,APP065043,PAT07638,DOC038,DEP005,FAC003,LAB002,Blood Glucose,Biochemistry,2026-12-01,2026-12-01,2026-12-04 17:00:00,89,Routine,Normal
LO122049,APP074342,PAT02349,DOC060,DEP006,FAC005,LAB008,Urine Culture,Microbiology,2026-06-04,2026-06-04,2026-06-06 20:00:00,68,Routine,Normal
LO122061,APP053899,PAT08831,DOC042,DEP003,FAC003,LAB014,Blood Culture,Microbiology,2021-01-22,2021-01-22,2021-01-23 22:00:00,46,Routine,Normal
LO122065,APP073634,PAT01689,DOC050,DEP005,FAC003,LAB008,Urine Culture,Microbiology,2025-12-10,2025-12-11,2025-12-12 20:00:00,44,Routine,Normal
LO122067,APP066450,PAT05095,DOC038,DEP005,FAC003,LAB007,Urine Routine,Microbiology,2025-06-10,2025-06-10,2025-06-11 22:00:00,46,Routine,Normal
LO122081,APP064593,PAT07768,DOC054,DEP003,FAC003,LAB001,Complete Blood Count,Hematology,2021-09-10,2021-09-11,2021-09-14 10:00:00,82,Routine,Normal
LO122092,APP061706,PAT09943,DOC057,DEP001,FAC002,LAB010,Ultrasound Abdomen,Radiology,2023-07-07,2023-07-07,2023-07-08 23:00:00,47,Urgent,Normal
LO122098,APP061589,PAT02010,DOC022,DEP007,FAC002,LAB007,Urine Routine,Microbiology,2024-01-18,2024-01-19,2024-01-19 13:00:00,13,Routine,Normal
LO122109,APP056519,PAT02992,DOC033,DEP003,FAC003,LAB008,Urine Culture,Microbiology,2024-03-13,2024-03-14,2024-03-17 20:00:00,92,Urgent,Normal
LO122115,APP064912,PAT03106,DOC051,DEP005,FAC002,LAB013,COVID PCR,Molecular Diagnostics,2024-01-23,2024-01-24,2024-01-25 18:00:00,42,Urgent,Normal
LO122117,APP062006,PAT00840,DOC058,DEP001,FAC004,LAB004,Liver Function Test,Biochemistry,2022-04-18,2022-04-18,2022-04-22 10:00:00,106,Routine,Abnormal
LO122127,APP070341,PAT05013,DOC009,DEP002,FAC004,LAB012,HbA1c,Biochemistry,2023-06-09,2023-06-10,2023-06-12 15:00:00,63,Routine,Normal
LO122131,APP069541,PAT08650,DOC044,DEP005,FAC002,LAB014,Blood Culture,Microbiology,2024-02-23,2024-02-23,2024-02-23 17:00:00,17,Routine,Normal
LO122134,APP073517,PAT03821,DOC019,DEP005,FAC004,LAB006,Thyroid Profile,Immunology,2026-01-21,2026-01-21,2026-01-23 20:00:00,68,Routine,Normal
LO122136,APP053023,PAT05717,DOC024,DEP006,FAC004,LAB002,Blood Glucose,Biochemistry,2023-07-20,2023-07-21,2023-07-21 01:00:00,1,Routine,Normal
LO122138,APP071750,PAT08723,DOC034,DEP001,FAC004,LAB010,Ultrasound Abdomen,Radiology,2025-09-24,2025-09-25,2025-09-27 15:00:00,63,Routine,Normal
LO122140,APP074141,PAT06159,DOC008,DEP003,FAC003,LAB006,Thyroid Profile,Immunology,2024-06-25,2024-06-26,2024-06-29 11:00:00,83,Routine,Normal
LO122141,APP053811,PAT03976,DOC041,DEP001,FAC005,LAB012,HbA1c,Biochemistry,2026-07-09,2026-07-10,2026-07-13 20:00:00,92,Routine,Normal
LO122152,APP057145,PAT14888,DOC014,DEP004,FAC004,LAB006,Thyroid Profile,Immunology,2026-09-04,2026-09-04,2026-09-05 00:00:00,24,Routine,Normal
LO122162,APP067679,PAT01025,DOC033,DEP003,FAC003,LAB003,Lipid Profile,Biochemistry,2023-08-30,2023-08-31,2023-09-02 07:00:00,55,Routine,Abnormal
LO122163,APP069575,PAT14246,DOC009,DEP002,FAC004,LAB004,Liver Function Test,Biochemistry,2023-10-03,2023-10-03,2023-10-05 04:00:00,52,Routine,Normal
LO122164,APP072738,PAT05035,DOC014,DEP004,FAC004,LAB001,Complete Blood Count,Hematology,2021-09-18,2021-09-18,2021-09-20 21:00:00,69,Routine,Critical
LO122167,APP073351,PAT06460,DOC040,DEP003,FAC005,LAB004,Liver Function Test,Biochemistry,2022-05-25,2022-05-25,2022-05-28 08:00:00,80,Routine,Normal
LO122168,APP057017,PAT14768,DOC035,DEP001,FAC005,LAB005,Kidney Function Test,Biochemistry,2024-11-25,2024-11-27,2024-11-30 05:00:00,77,Routine,Normal
LO122169,APP066582,PAT03964,DOC036,DEP002,FAC001,LAB005,Kidney Function Test,Biochemistry,2024-12-02,2024-12-02,2024-12-07 00:00:00,120,Routine,Normal
LO122170,APP068874,PAT10389,DOC009,DEP002,FAC004,LAB009,Chest X-Ray,Radiology,2024-05-25,2024-05-26,2024-05-27 07:00:00,31,Urgent,Normal
LO122172,APP069201,PAT05043,DOC056,DEP001,FAC003,LAB003,Lipid Profile,Biochemistry,2022-04-29,2022-05-01,2022-05-04 09:00:00,81,Routine,Abnormal
LO122173,APP050782,PAT10769,DOC040,DEP003,FAC005,LAB003,Lipid Profile,Biochemistry,2024-12-15,2024-12-17,2024-12-17 07:00:00,7,Urgent,Normal
LO122177,APP061732,PAT05577,DOC011,DEP003,FAC001,LAB009,Chest X-Ray,Radiology,2024-07-04,2024-07-04,2024-07-04 01:00:00,1,Routine,Normal
LO122183,APP068234,PAT06598,DOC020,DEP006,FAC005,LAB009,Chest X-Ray,Radiology,2023-08-16,2023-08-16,2023-08-20 22:00:00,118,Routine,Normal
LO122187,APP073501,PAT09249,DOC037,DEP005,FAC002,LAB014,Blood Culture,Microbiology,2021-01-09,2021-01-09,2021-01-10 22:00:00,46,Routine,Normal
LO122191,APP058523,PAT02040,DOC021,DEP005,FAC001,LAB007,Urine Routine,Microbiology,2022-09-02,2022-09-03,2022-09-05 00:00:00,48,Routine,Normal
LO122193,APP053943,PAT12528,DOC031,DEP001,FAC001,LAB004,Liver Function Test,Biochemistry,2024-07-19,2024-07-19,2024-07-19 17:00:00,17,Routine,Normal
LO122200,APP055750,PAT08197,DOC027,DEP001,FAC002,LAB003,Lipid Profile,Biochemistry,2025-01-10,2025-01-10,2025-01-11 12:00:00,36,Urgent,Normal
LO122209,APP066622,PAT07521,DOC048,DEP002,FAC001,LAB012,HbA1c,Biochemistry,2022-10-14,2022-10-15,2022-10-16 22:00:00,46,Routine,Normal
LO122214,APP060964,PAT03618,DOC028,DEP001,FAC003,LAB013,COVID PCR,Molecular Diagnostics,2026-02-27,2026-02-27,2026-03-02 08:00:00,80,Routine,Normal
LO122216,APP057045,PAT01724,DOC036,DEP002,FAC001,LAB008,Urine Culture,Microbiology,2023-08-24,2023-08-24,2023-08-26 14:00:00,62,Routine,Normal
LO122218,APP063510,PAT00559,DOC006,DEP002,FAC001,LAB008,Urine Culture,Microbiology,2022-05-23,2022-05-24,2022-05-28 07:00:00,103,Routine,Normal
LO122220,APP071030,PAT04402,DOC030,DEP008,FAC005,LAB004,Liver Function Test,Biochemistry,2021-01-11,2021-01-13,2021-01-15 21:00:00,69,Routine,Normal
LO122221,APP062454,PAT01548,DOC017,DEP006,FAC002,LAB002,Blood Glucose,Biochemistry,2026-05-10,2026-05-11,2026-05-16 00:00:00,120,Urgent,Normal
LO122223,APP073358,PAT12935,DOC007,DEP002,FAC002,LAB014,Blood Culture,Microbiology,2023-01-06,2023-01-06,2023-01-07 15:00:00,39,Routine,Normal
LO122230,APP064454,PAT12012,DOC010,DEP003,FAC005,LAB002,Blood Glucose,Biochemistry,2026-09-15,2026-09-15,2026-09-18 19:00:00,91,Routine,Normal
LO122232,APP050712,PAT06316,DOC019,DEP005,FAC004,LAB004,Liver Function Test,Biochemistry,2025-01-13,2025-01-15,2025-01-17 07:00:00,55,Routine,Normal
LO122236,APP064322,PAT13730,DOC044,DEP005,FAC002,LAB015,Electrolytes Panel,Biochemistry,2022-08-20,2022-08-21,2022-08-25 01:00:00,97,Routine,Normal
LO122255,APP054300,PAT06787,DOC045,DEP007,FAC004,LAB007,Urine Routine,Microbiology,2025-01-20,2025-01-21,2025-01-21 01:00:00,1,Routine,Normal
LO122258,APP069762,PAT07535,DOC029,DEP007,FAC004,LAB015,Electrolytes Panel,Biochemistry,2025-08-20,2025-08-20,2025-08-21 01:00:00,25,Routine,Normal
LO122260,APP061629,PAT02020,DOC013,DEP005,FAC003,LAB006,Thyroid Profile,Immunology,2023-04-25,2023-04-25,2023-04-28 07:00:00,79,Urgent,Normal
LO122268,APP071655,PAT00009,DOC041,DEP001,FAC005,LAB002,Blood Glucose,Biochemistry,2022-09-26,2022-09-26,2022-09-29 19:00:00,91,Routine,Normal
LO122276,APP052242,PAT05101,DOC034,DEP001,FAC004,LAB009,Chest X-Ray,Radiology,2023-01-14,2023-01-15,2023-01-20 00:00:00,120,Urgent,Normal
LO122284,APP072212,PAT03185,DOC007,DEP002,FAC002,LAB007,Urine Routine,Microbiology,2024-04-05,2024-04-06,2024-04-08 12:00:00,60,Routine,Normal
LO122286,APP073512,PAT03078,DOC059,DEP006,FAC005,LAB013,COVID PCR,Molecular Diagnostics,2025-10-31,2025-10-31,2025-11-04 15:00:00,111,Routine,Normal
LO122292,APP053281,PAT11994,DOC033,DEP003,FAC003,LAB006,Thyroid Profile,Immunology,2021-04-03,2021-04-03,2021-04-05 17:00:00,65,Urgent,Normal
LO122293,APP055545,PAT10916,DOC045,DEP007,FAC004,LAB015,Electrolytes Panel,Biochemistry,2024-04-19,2024-04-19,2024-04-20 01:00:00,25,Urgent,Normal
LO122296,APP056388,PAT00435,DOC050,DEP005,FAC003,LAB015,Electrolytes Panel,Biochemistry,2023-05-23,2023-05-23,2023-05-26 00:00:00,72,Routine,Normal
LO122301,APP063717,PAT08185,DOC048,DEP002,FAC001,LAB007,Urine Routine,Microbiology,2025-03-26,2025-03-26,2025-03-28 21:00:00,69,Routine,Normal
LO122308,APP072034,PAT03945,DOC036,DEP002,FAC001,LAB011,ECG,Cardiology Diagnostics,2022-07-16,2022-07-16,2022-07-17 03:00:00,27,Routine,Abnormal
LO122311,APP069387,PAT01535,DOC033,DEP003,FAC003,LAB011,ECG,Cardiology Diagnostics,2026-12-21,2026-12-21,2026-12-21 01:00:00,1,Routine,Normal
LO122320,APP072259,PAT10658,DOC033,DEP003,FAC003,LAB005,Kidney Function Test,Biochemistry,2023-08-28,2023-08-30,2023-09-01 23:00:00,71,Routine,Normal
LO122324,APP067347,PAT13333,DOC045,DEP007,FAC004,LAB001,Complete Blood Count,Hematology,2026-10-05,2026-10-06,2026-10-10 22:00:00,118,Routine,Abnormal
LO122325,APP050244,PAT02449,DOC029,DEP007,FAC004,LAB001,Complete Blood Count,Hematology,2026-04-14,2026-04-14,2026-04-15 13:00:00,37,Routine,Normal
LO122333,APP072643,PAT02936,DOC014,DEP004,FAC004,LAB011,ECG,Cardiology Diagnostics,2025-09-03,2025-09-03,2025-09-05 15:00:00,63,Urgent,Normal
LO122337,APP058948,PAT11375,DOC050,DEP005,FAC003,LAB002,Blood Glucose,Biochemistry,2022-10-18,2022-10-18,2022-10-21 14:00:00,86,Routine,Normal
LO122340,APP070076,PAT07169,DOC046,DEP001,FAC001,LAB008,Urine Culture,Microbiology,2026-09-10,2026-09-11,2026-09-14 17:00:00,89,Routine,Normal
LO122354,APP052959,PAT00654,DOC021,DEP005,FAC001,LAB012,HbA1c,Biochemistry,2022-01-18,2022-01-18,2022-01-20 13:00:00,61,Routine,Normal
LO122364,APP069335,PAT03376,DOC055,DEP006,FAC004,LAB006,Thyroid Profile,Immunology,2023-08-14,2023-08-14,2023-08-15 00:00:00,24,Routine,Normal
LO122370,APP060766,PAT08050,DOC033,DEP003,FAC003,LAB012,HbA1c,Biochemistry,2024-10-03,2024-10-03,2024-10-04 09:00:00,33,Routine,Normal
LO122371,APP065537,PAT00440,DOC049,DEP001,FAC003,LAB008,Urine Culture,Microbiology,2026-12-22,2026-12-22,2026-12-24 15:00:00,63,Routine,Normal
LO122378,APP057653,PAT08590,DOC031,DEP001,FAC001,LAB008,Urine Culture,Microbiology,2024-05-08,2024-05-08,2024-05-10 03:00:00,51,Routine,Normal
LO122379,APP066719,PAT00104,DOC040,DEP003,FAC005,LAB010,Ultrasound Abdomen,Radiology,2024-10-27,2024-10-28,2024-10-30 14:00:00,62,Routine,Normal
LO122383,APP060447,PAT00933,DOC024,DEP006,FAC004,LAB002,Blood Glucose,Biochemistry,2023-07-07,2023-07-07,2023-07-08 12:00:00,36,Urgent,Abnormal
LO122386,APP060576,PAT07992,DOC046,DEP001,FAC001,LAB001,Complete Blood Count,Hematology,2025-03-19,2025-03-21,2025-03-25 05:00:00,101,Routine,Normal
LO122387,APP072078,PAT02120,DOC025,DEP007,FAC005,LAB002,Blood Glucose,Biochemistry,2025-11-20,2025-11-22,2025-11-22 16:00:00,16,Routine,Normal
LO122392,APP066885,PAT03801,DOC042,DEP003,FAC003,LAB009,Chest X-Ray,Radiology,2025-10-01,2025-10-02,2025-10-04 15:00:00,63,Routine,Normal
LO122397,APP074501,PAT02391,DOC005,DEP001,FAC005,LAB005,Kidney Function Test,Biochemistry,2026-07-27,2026-07-28,2026-07-28 20:00:00,20,Routine,Normal
LO122404,APP053138,PAT11511,DOC045,DEP007,FAC004,LAB014,Blood Culture,Microbiology,2023-08-11,2023-08-11,2023-08-12 12:00:00,36,Routine,Normal
LO122410,APP065740,PAT11848,DOC024,DEP006,FAC004,LAB001,Complete Blood Count,Hematology,2026-09-29,2026-09-30,2026-10-01 16:00:00,40,Routine,Normal
LO122419,APP066143,PAT08723,DOC023,DEP008,FAC003,LAB015,Electrolytes Panel,Biochemistry,2023-08-31,2023-08-31,2023-09-03 03:00:00,75,Routine,Critical
LO122424,APP060936,PAT01563,DOC036,DEP002,FAC001,LAB006,Thyroid Profile,Immunology,2025-11-22,2025-11-23,2025-11-23 10:00:00,10,Routine,Normal
LO122425,APP062299,PAT03456,DOC053,DEP007,FAC005,LAB014,Blood Culture,Microbiology,2026-09-16,2026-09-18,2026-09-19 01:00:00,25,Routine,Normal
LO122430,APP052440,PAT10376,DOC026,DEP008,FAC001,LAB009,Chest X-Ray,Radiology,2026-03-04,2026-03-05,2026-03-07 05:00:00,53,Routine,Normal
LO122431,APP051940,PAT03847,DOC032,DEP002,FAC002,LAB014,Blood Culture,Microbiology,2026-04-23,2026-04-24,2026-04-27 20:00:00,92,Routine,Abnormal
LO122440,APP063550,PAT02068,DOC021,DEP005,FAC001,LAB015,Electrolytes Panel,Biochemistry,2024-12-31,2024-12-31,2024-12-31 04:00:00,4,Urgent,Normal
LO122446,APP073793,PAT13168,DOC005,DEP001,FAC005,LAB011,ECG,Cardiology Diagnostics,2026-01-30,2026-01-30,2026-01-31 18:00:00,42,Routine,Normal
LO122454,APP059867,PAT04275,DOC007,DEP002,FAC002,LAB011,ECG,Cardiology Diagnostics,2021-04-19,2021-04-19,2021-04-21 00:00:00,48,Routine,Normal
LO122459,APP073472,PAT14822,DOC060,DEP006,FAC005,LAB001,Complete Blood Count,Hematology,2022-10-14,2022-10-14,2022-10-17 03:00:00,75,Routine,Critical
LO122474,APP062912,PAT06662,DOC008,DEP003,FAC003,LAB004,Liver Function Test,Biochemistry,2024-01-05,2024-01-05,2024-01-06 07:00:00,31,Routine,Normal
LO122477,APP057644,PAT13779,DOC022,DEP007,FAC002,LAB002,Blood Glucose,Biochemistry,2023-11-20,2023-11-21,2023-11-25 04:00:00,100,Routine,Normal
LO122482,APP073420,PAT12456,DOC021,DEP005,FAC001,LAB006,Thyroid Profile,Immunology,2026-04-20,2026-04-22,2026-04-24 18:00:00,66,Routine,Normal
LO122483,APP070287,PAT07794,DOC016,DEP004,FAC001,LAB007,Urine Routine,Microbiology,2025-02-03,2025-02-03,2025-02-06 10:00:00,82,Routine,Abnormal
LO122499,APP063079,PAT02716,DOC036,DEP002,FAC001,LAB011,ECG,Cardiology Diagnostics,2021-04-21,2021-04-21,2021-04-23 15:00:00,63,Routine,Normal
LO122501,APP062511,PAT11159,DOC008,DEP003,FAC003,LAB010,Ultrasound Abdomen,Radiology,2026-03-03,2026-03-03,2026-03-04 04:00:00,28,Routine,Normal
LO122505,APP074935,PAT07294,DOC016,DEP004,FAC001,LAB008,Urine Culture,Microbiology,2023-09-15,2023-09-16,2023-09-19 17:00:00,89,Urgent,Normal
LO122510,APP070305,PAT00220,DOC022,DEP007,FAC002,LAB009,Chest X-Ray,Radiology,2024-05-08,2024-05-08,2024-05-11 19:00:00,91,Routine,Normal
LO122512,APP054768,PAT01316,DOC006,DEP002,FAC001,LAB012,HbA1c,Biochemistry,2026-01-22,2026-01-23,2026-01-24 17:00:00,41,Routine,Normal
LO122513,APP065850,PAT01218,DOC053,DEP007,FAC005,LAB007,Urine Routine,Microbiology,2022-11-02,2022-11-03,2022-11-04 18:00:00,42,Routine,Abnormal
LO122515,APP074287,PAT01003,DOC002,DEP001,FAC002,LAB012,HbA1c,Biochemistry,2026-08-05,2026-08-06,2026-08-06 03:00:00,3,Routine,Normal
LO122519,APP067156,PAT02639,DOC033,DEP003,FAC003,LAB007,Urine Routine,Microbiology,2025-08-26,2025-08-27,2025-08-29 23:00:00,71,Routine,Abnormal
LO122520,APP053303,PAT03117,DOC038,DEP005,FAC003,LAB004,Liver Function Test,Biochemistry,2024-11-25,2024-11-25,2024-11-29 08:00:00,104,Routine,Abnormal
LO122521,APP057586,PAT01414,DOC049,DEP001,FAC003,LAB008,Urine Culture,Microbiology,2025-11-03,2025-11-05,2025-11-05 13:00:00,13,Routine,Normal
LO122522,APP073331,PAT07641,DOC037,DEP005,FAC002,LAB004,Liver Function Test,Biochemistry,2022-02-07,2022-02-07,2022-02-10 05:00:00,77,Urgent,Normal
LO122524,APP066916,PAT03612,DOC023,DEP008,FAC003,LAB012,HbA1c,Biochemistry,2025-10-07,2025-10-07,2025-10-08 21:00:00,45,Stat,Normal
LO122526,APP073973,PAT08402,DOC055,DEP006,FAC004,LAB010,Ultrasound Abdomen,Radiology,2024-06-19,2024-06-20,2024-06-20 03:00:00,3,Routine,Abnormal
LO122534,APP051009,PAT00669,DOC052,DEP002,FAC004,LAB015,Electrolytes Panel,Biochemistry,2024-08-15,2024-08-15,2024-08-18 14:00:00,86,Routine,Normal
LO122536,APP051354,PAT09549,DOC002,DEP001,FAC002,LAB015,Electrolytes Panel,Biochemistry,2025-08-22,2025-08-23,2025-08-25 00:00:00,48,Routine,Normal
LO122538,APP056538,PAT14682,DOC047,DEP006,FAC005,LAB001,Complete Blood Count,Hematology,2026-01-09,2026-01-11,2026-01-12 03:00:00,27,Urgent,Normal
LO122543,APP063378,PAT01531,DOC021,DEP005,FAC001,LAB010,Ultrasound Abdomen,Radiology,2023-07-24,2023-07-25,2023-07-27 09:00:00,57,Stat,Normal
LO122548,APP058833,PAT02665,DOC056,DEP001,FAC003,LAB015,Electrolytes Panel,Biochemistry,2021-09-14,2021-09-16,2021-09-19 17:00:00,89,Routine,Critical
LO122555,APP065216,PAT14748,DOC058,DEP001,FAC004,LAB008,Urine Culture,Microbiology,2026-03-31,2026-04-01,2026-04-02 20:00:00,44,Routine,Normal
LO122556,APP065133,PAT05196,DOC023,DEP008,FAC003,LAB006,Thyroid Profile,Immunology,2022-02-28,2022-03-01,2022-03-05 22:00:00,118,Routine,Abnormal
LO122561,APP064239,PAT00009,DOC020,DEP006,FAC005,LAB015,Electrolytes Panel,Biochemistry,2026-03-17,2026-03-19,2026-03-22 08:00:00,80,Routine,Normal
LO122566,APP058369,PAT11387,DOC032,DEP002,FAC002,LAB002,Blood Glucose,Biochemistry,2024-01-03,2024-01-03,2024-01-04 21:00:00,45,Routine,Normal
LO122568,APP073387,PAT09051,DOC013,DEP005,FAC003,LAB004,Liver Function Test,Biochemistry,2023-01-03,2023-01-03,2023-01-06 03:00:00,75,Urgent,Normal
LO122574,APP069946,PAT05377,DOC038,DEP005,FAC003,LAB014,Blood Culture,Microbiology,2022-07-19,2022-07-19,2022-07-22 04:00:00,76,Urgent,Normal
LO122579,APP062976,PAT08604,DOC048,DEP002,FAC001,LAB012,HbA1c,Biochemistry,2026-08-29,2026-08-30,2026-08-30 09:00:00,9,Routine,Normal
LO122584,APP057101,PAT02450,DOC002,DEP001,FAC002,LAB007,Urine Routine,Microbiology,2026-06-08,2026-06-08,2026-06-09 12:00:00,36,Routine,Normal
LO122586,APP062208,PAT02772,DOC009,DEP002,FAC004,LAB007,Urine Routine,Microbiology,2022-07-14,2022-07-15,2022-07-18 07:00:00,79,Routine,Normal
LO122588,APP054005,PAT02289,DOC054,DEP003,FAC003,LAB001,Complete Blood Count,Hematology,2025-11-11,2025-11-11,2025-11-12 00:00:00,24,Urgent,Normal
LO122594,APP057518,PAT12460,DOC026,DEP008,FAC001,LAB006,Thyroid Profile,Immunology,2021-10-22,2021-10-22,2021-10-25 00:00:00,72,Routine,Normal
LO122595,APP057877,PAT00579,DOC003,DEP001,FAC003,LAB002,Blood Glucose,Biochemistry,2023-07-07,2023-07-07,2023-07-11 21:00:00,117,Routine,Normal
LO122601,APP056475,PAT11258,DOC007,DEP002,FAC002,LAB009,Chest X-Ray,Radiology,2025-10-21,2025-10-21,2025-10-24 14:00:00,86,Routine,Normal
LO122613,APP064591,PAT05583,DOC021,DEP005,FAC001,LAB001,Complete Blood Count,Hematology,2023-04-10,2023-04-10,2023-04-11 11:00:00,35,Routine,Normal
LO122615,APP069959,PAT11104,DOC042,DEP003,FAC003,LAB014,Blood Culture,Microbiology,2026-07-28,2026-07-28,2026-07-31 06:00:00,78,Routine,Normal
LO122620,APP055997,PAT05031,DOC006,DEP002,FAC001,LAB005,Kidney Function Test,Biochemistry,2026-12-01,2026-12-02,2026-12-03 03:00:00,27,Routine,Normal
LO122626,APP074346,PAT12418,DOC034,DEP001,FAC004,LAB003,Lipid Profile,Biochemistry,2021-07-05,2021-07-05,2021-07-06 02:00:00,26,Routine,Normal
LO122627,APP057966,PAT02895,DOC011,DEP003,FAC001,LAB010,Ultrasound Abdomen,Radiology,2026-11-05,2026-11-06,2026-11-10 08:00:00,104,Routine,Normal
LO122634,APP053270,PAT01384,DOC048,DEP002,FAC001,LAB005,Kidney Function Test,Biochemistry,2023-09-08,2023-09-08,2023-09-11 11:00:00,83,Routine,Normal
LO122640,APP051875,PAT05514,DOC060,DEP006,FAC005,LAB006,Thyroid Profile,Immunology,2021-02-25,2021-02-25,2021-02-27 18:00:00,66,Routine,Normal
LO122642,APP050220,PAT01238,DOC040,DEP003,FAC005,LAB014,Blood Culture,Microbiology,2025-11-08,2025-11-08,2025-11-13 00:00:00,120,Routine,Normal
LO122644,APP050696,PAT06182,DOC023,DEP008,FAC003,LAB002,Blood Glucose,Biochemistry,2021-01-04,2021-01-06,2021-01-09 22:00:00,94,Routine,Abnormal
LO122646,APP058235,PAT05958,DOC021,DEP005,FAC001,LAB014,Blood Culture,Microbiology,2026-04-10,2026-04-11,2026-04-14 05:00:00,77,Routine,Critical
LO122650,APP059201,PAT02999,DOC009,DEP002,FAC004,LAB008,Urine Culture,Microbiology,2023-07-17,2023-07-18,2023-07-20 07:00:00,55,Routine,Abnormal
LO122653,APP070911,PAT03801,DOC023,DEP008,FAC003,LAB009,Chest X-Ray,Radiology,2024-12-24,2024-12-24,2024-12-27 16:00:00,88,Routine,Normal
LO122657,APP051574,PAT07202,DOC058,DEP001,FAC004,LAB015,Electrolytes Panel,Biochemistry,2024-04-05,2024-04-06,2024-04-07 22:00:00,46,Routine,Normal
LO122684,APP068410,PAT12829,DOC007,DEP002,FAC002,LAB012,HbA1c,Biochemistry,2026-07-10,2026-07-12,2026-07-14 00:00:00,48,Routine,Normal
LO122688,APP060880,PAT05932,DOC040,DEP003,FAC005,LAB004,Liver Function Test,Biochemistry,2022-07-12,2022-07-13,2022-07-15 03:00:00,51,Routine,Normal
LO122690,APP058203,PAT08880,DOC020,DEP006,FAC005,LAB002,Blood Glucose,Biochemistry,2025-10-30,2025-10-31,2025-11-05 00:00:00,120,Routine,Normal
LO122693,APP054203,PAT07403,DOC053,DEP007,FAC005,LAB008,Urine Culture,Microbiology,2023-06-19,2023-06-19,2023-06-22 04:00:00,76,Stat,Normal
LO122702,APP060218,PAT06670,DOC024,DEP006,FAC004,LAB006,Thyroid Profile,Immunology,2026-07-03,2026-07-03,2026-07-08 00:00:00,120,Routine,Normal
LO122711,APP063055,PAT13445,DOC029,DEP007,FAC004,LAB012,HbA1c,Biochemistry,2025-12-26,2025-12-26,2025-12-27 23:00:00,47,Routine,Abnormal
LO122719,APP061121,PAT04827,DOC038,DEP005,FAC003,LAB002,Blood Glucose,Biochemistry,2021-11-04,2021-11-04,2021-11-07 03:00:00,75,Routine,Normal
LO122726,APP071581,PAT01158,DOC039,DEP002,FAC004,LAB008,Urine Culture,Microbiology,2026-02-09,2026-02-09,2026-02-12 17:00:00,89,Routine,Normal
LO122732,APP071773,PAT14818,DOC047,DEP006,FAC005,LAB008,Urine Culture,Microbiology,2021-09-08,2021-09-08,2021-09-08 01:00:00,1,Routine,Normal
LO122735,APP065689,PAT13107,DOC041,DEP001,FAC005,LAB002,Blood Glucose,Biochemistry,2024-05-17,2024-05-17,2024-05-19 23:00:00,71,Routine,Abnormal
LO122736,APP061590,PAT13287,DOC060,DEP006,FAC005,LAB001,Complete Blood Count,Hematology,2024-10-29,2024-10-31,2024-11-02 04:00:00,52,Routine,Abnormal
LO122740,APP067617,PAT09895,DOC046,DEP001,FAC001,LAB001,Complete Blood Count,Hematology,2022-03-15,2022-03-15,2022-03-19 00:00:00,96,Routine,Normal
LO122745,APP052807,PAT02883,DOC056,DEP001,FAC003,LAB009,Chest X-Ray,Radiology,2024-08-19,2024-08-20,2024-08-25 00:00:00,120,Urgent,Normal
LO122752,APP074188,PAT09724,DOC044,DEP005,FAC002,LAB010,Ultrasound Abdomen,Radiology,2026-08-17,2026-08-18,2026-08-19 06:00:00,30,Routine,Normal
LO122759,APP057059,PAT04035,DOC030,DEP008,FAC005,LAB014,Blood Culture,Microbiology,2024-03-19,2024-03-20,2024-03-21 07:00:00,31,Routine,Abnormal
LO122767,APP061093,PAT05293,DOC007,DEP002,FAC002,LAB001,Complete Blood Count,Hematology,2026-03-13,2026-03-13,2026-03-13 22:00:00,22,Urgent,Normal
LO122768,APP055015,PAT10884,DOC039,DEP002,FAC004,LAB005,Kidney Function Test,Biochemistry,2025-12-07,2025-12-07,2025-12-08 04:00:00,28,Routine,Normal
LO122781,APP074595,PAT02610,DOC013,DEP005,FAC003,LAB006,Thyroid Profile,Immunology,2022-12-20,2022-12-21,2022-12-22 23:00:00,47,Routine,Normal
LO122801,APP052605,PAT13919,DOC032,DEP002,FAC002,LAB005,Kidney Function Test,Biochemistry,2025-12-31,2025-12-31,2026-01-01 05:00:00,29,Routine,Critical
LO122802,APP052505,PAT02088,DOC016,DEP004,FAC001,LAB007,Urine Routine,Microbiology,2025-04-12,2025-04-13,2025-04-13 18:00:00,18,Urgent,Normal
LO122804,APP053089,PAT02639,DOC002,DEP001,FAC002,LAB007,Urine Routine,Microbiology,2023-08-08,2023-08-09,2023-08-13 05:00:00,101,Routine,Normal
LO122806,APP070397,PAT01684,DOC014,DEP004,FAC004,LAB014,Blood Culture,Microbiology,2025-04-24,2025-04-25,2025-04-27 00:00:00,48,Routine,Normal
LO122814,APP071667,PAT04581,DOC036,DEP002,FAC001,LAB007,Urine Routine,Microbiology,2023-03-22,2023-03-22,2023-03-23 10:00:00,34,Routine,Normal
LO122817,APP053875,PAT06030,DOC015,DEP005,FAC005,LAB005,Kidney Function Test,Biochemistry,2024-10-04,2024-10-04,2024-10-07 09:00:00,81,Routine,Normal
LO122820,APP072788,PAT05602,DOC055,DEP006,FAC004,LAB008,Urine Culture,Microbiology,2024-12-03,2024-12-03,2024-12-05 08:00:00,56,Routine,Normal
LO122822,APP059481,PAT08304,DOC022,DEP007,FAC002,LAB001,Complete Blood Count,Hematology,2024-11-25,2024-11-25,2024-11-27 10:00:00,58,Routine,Normal
LO122826,APP054727,PAT13049,DOC038,DEP005,FAC003,LAB003,Lipid Profile,Biochemistry,2023-12-20,2023-12-22,2023-12-22 16:00:00,16,Routine,Normal
LO122829,APP050386,PAT08371,DOC027,DEP001,FAC002,LAB003,Lipid Profile,Biochemistry,2024-10-03,2024-10-04,2024-10-04 20:00:00,20,Routine,Abnormal
LO122835,APP054313,PAT10171,DOC021,DEP005,FAC001,LAB011,ECG,Cardiology Diagnostics,2025-11-29,2025-11-29,2025-12-01 11:00:00,59,Routine,Normal
LO122849,APP057810,PAT04005,DOC009,DEP002,FAC004,LAB009,Chest X-Ray,Radiology,2021-01-11,2021-01-12,2021-01-15 22:00:00,94,Routine,Normal
LO122852,APP073151,PAT12558,DOC046,DEP001,FAC001,LAB009,Chest X-Ray,Radiology,2024-03-23,2024-03-23,2024-03-26 12:00:00,84,Routine,Normal
LO122864,APP066097,PAT09346,DOC027,DEP001,FAC002,LAB009,Chest X-Ray,Radiology,2023-07-26,2023-07-26,2023-07-27 20:00:00,44,Stat,Normal
LO122866,APP052187,PAT06422,DOC007,DEP002,FAC002,LAB009,Chest X-Ray,Radiology,2025-12-01,2025-12-01,2025-12-02 12:00:00,36,Routine,Normal
LO122872,APP051896,PAT06761,DOC024,DEP006,FAC004,LAB015,Electrolytes Panel,Biochemistry,2025-02-09,2025-02-09,2025-02-09 21:00:00,21,Routine,Normal
LO122884,APP061453,PAT05170,DOC036,DEP002,FAC001,LAB003,Lipid Profile,Biochemistry,2026-10-26,2026-10-26,2026-10-29 01:00:00,73,Routine,Normal
LO122885,APP058779,PAT01348,DOC042,DEP003,FAC003,LAB004,Liver Function Test,Biochemistry,2025-06-21,2025-06-21,2025-06-25 04:00:00,100,Routine,Normal
LO122887,APP073365,PAT13650,DOC017,DEP006,FAC002,LAB002,Blood Glucose,Biochemistry,2026-03-18,2026-03-19,2026-03-21 19:00:00,67,Routine,Normal
LO122889,APP073679,PAT01428,DOC017,DEP006,FAC002,LAB003,Lipid Profile,Biochemistry,2023-01-14,2023-01-14,2023-01-16 19:00:00,67,Routine,Abnormal
LO122891,APP060871,PAT08162,DOC056,DEP001,FAC003,LAB012,HbA1c,Biochemistry,2024-12-06,2024-12-06,2024-12-08 23:00:00,71,Routine,Normal
LO122892,APP061762,PAT05776,DOC021,DEP005,FAC001,LAB012,HbA1c,Biochemistry,2021-09-11,2021-09-13,2021-09-13 03:00:00,3,Routine,Normal
LO122901,APP055486,PAT11931,DOC002,DEP001,FAC002,LAB005,Kidney Function Test,Biochemistry,2021-05-06,2021-05-06,2021-05-10 01:00:00,97,Routine,Normal
LO122906,APP056423,PAT00574,DOC031,DEP001,FAC001,LAB001,Complete Blood Count,Hematology,2021-10-04,2021-10-06,2021-10-08 14:00:00,62,Urgent,Critical
LO122908,APP064411,PAT00120,DOC045,DEP007,FAC004,LAB009,Chest X-Ray,Radiology,2022-11-23,2022-11-23,2022-11-27 01:00:00,97,Routine,Normal
LO122909,APP064559,PAT09386,DOC009,DEP002,FAC004,LAB002,Blood Glucose,Biochemistry,2021-04-28,2021-04-28,2021-04-30 02:00:00,50,Stat,Normal
LO122922,APP053980,PAT01944,DOC056,DEP001,FAC003,LAB010,Ultrasound Abdomen,Radiology,2025-12-03,2025-12-04,2025-12-06 11:00:00,59,Routine,Abnormal
LO122924,APP065267,PAT08381,DOC048,DEP002,FAC001,LAB001,Complete Blood Count,Hematology,2022-01-09,2022-01-10,2022-01-13 07:00:00,79,Routine,Normal
LO122925,APP070144,PAT08185,DOC049,DEP001,FAC003,LAB002,Blood Glucose,Biochemistry,2026-04-23,2026-04-23,2026-04-25 02:00:00,50,Routine,Normal
LO122934,APP053413,PAT00796,DOC058,DEP001,FAC004,LAB006,Thyroid Profile,Immunology,2022-12-18,2022-12-19,2022-12-21 21:00:00,69,Urgent,Normal
LO122936,APP062536,PAT07145,DOC015,DEP005,FAC005,LAB010,Ultrasound Abdomen,Radiology,2021-06-22,2021-06-23,2021-06-23 10:00:00,10,Routine,Normal
LO122950,APP061269,PAT13325,DOC034,DEP001,FAC004,LAB007,Urine Routine,Microbiology,2023-01-29,2023-01-29,2023-02-02 09:00:00,105,Routine,Normal
LO122958,APP050381,PAT14868,DOC033,DEP003,FAC003,LAB005,Kidney Function Test,Biochemistry,2024-06-08,2024-06-09,2024-06-09 09:00:00,9,Routine,Normal
LO122962,APP072977,PAT08577,DOC056,DEP001,FAC003,LAB013,COVID PCR,Molecular Diagnostics,2024-10-15,2024-10-16,2024-10-16 09:00:00,9,Routine,Normal
LO122963,APP052704,PAT02272,DOC041,DEP001,FAC005,LAB003,Lipid Profile,Biochemistry,2023-04-13,2023-04-13,2023-04-14 05:00:00,29,Routine,Normal
LO122966,APP050796,PAT07276,DOC018,DEP007,FAC003,LAB001,Complete Blood Count,Hematology,2023-09-22,2023-09-22,2023-09-22 22:00:00,22,Routine,Normal
LO122974,APP054332,PAT03571,DOC009,DEP002,FAC004,LAB013,COVID PCR,Molecular Diagnostics,2022-08-24,2022-08-25,2022-08-28 10:00:00,82,Urgent,Normal
LO122977,APP074884,PAT11994,DOC060,DEP006,FAC005,LAB004,Liver Function Test,Biochemistry,2025-02-24,2025-02-24,2025-02-26 02:00:00,50,Routine,Normal
LO122980,APP056515,PAT13948,DOC002,DEP001,FAC002,LAB005,Kidney Function Test,Biochemistry,2024-02-08,2024-02-08,2024-02-12 21:00:00,117,Routine,Normal
LO122982,APP065061,PAT07493,DOC048,DEP002,FAC001,LAB001,Complete Blood Count,Hematology,2024-06-28,2024-06-28,2024-06-28 02:00:00,2,Routine,Normal
LO122989,APP053173,PAT00252,DOC010,DEP003,FAC005,LAB009,Chest X-Ray,Radiology,2025-07-23,2025-07-25,2025-07-27 08:00:00,56,Routine,Normal
LO122990,APP060626,PAT07250,DOC025,DEP007,FAC005,LAB011,ECG,Cardiology Diagnostics,2025-11-07,2025-11-08,2025-11-10 00:00:00,48,Routine,Normal
LO122994,APP074801,PAT01666,DOC030,DEP008,FAC005,LAB011,ECG,Cardiology Diagnostics,2024-06-26,2024-06-27,2024-06-29 07:00:00,55,Routine,Normal
LO122997,APP060410,PAT12556,DOC037,DEP005,FAC002,LAB005,Kidney Function Test,Biochemistry,2021-12-21,2021-12-22,2021-12-24 17:00:00,65,Routine,Normal
LO122999,APP067109,PAT13886,DOC033,DEP003,FAC003,LAB014,Blood Culture,Microbiology,2022-06-18,2022-06-18,2022-06-20 18:00:00,66,Stat,Critical
LO123000,APP071468,PAT04721,DOC039,DEP002,FAC004,LAB002,Blood Glucose,Biochemistry,2021-08-26,2021-08-26,2021-08-27 20:00:00,44,Routine,Abnormal
LO123003,APP051607,PAT09843,DOC022,DEP007,FAC002,LAB009,Chest X-Ray,Radiology,2022-08-30,2022-08-30,2022-09-01 13:00:00,61,Routine,Normal
LO123004,APP072102,PAT08969,DOC034,DEP001,FAC004,LAB007,Urine Routine,Microbiology,2023-12-15,2023-12-16,2023-12-17 16:00:00,40,Routine,Normal
LO123005,APP066587,PAT00488,DOC046,DEP001,FAC001,LAB011,ECG,Cardiology Diagnostics,2025-11-02,2025-11-03,2025-11-04 00:00:00,24,Routine,Normal
LO123007,APP060253,PAT09921,DOC050,DEP005,FAC003,LAB004,Liver Function Test,Biochemistry,2026-02-12,2026-02-14,2026-02-16 18:00:00,66,Routine,Normal
LO123012,APP050449,PAT12402,DOC058,DEP001,FAC004,LAB015,Electrolytes Panel,Biochemistry,2023-08-10,2023-08-11,2023-08-12 17:00:00,41,Urgent,Normal
LO123013,APP056127,PAT08049,DOC013,DEP005,FAC003,LAB013,COVID PCR,Molecular Diagnostics,2025-07-23,2025-07-24,2025-07-28 23:00:00,119,Routine,Normal
LO123014,APP061385,PAT00426,DOC042,DEP003,FAC003,LAB008,Urine Culture,Microbiology,2021-10-15,2021-10-16,2021-10-18 04:00:00,52,Routine,Abnormal
LO123020,APP066606,PAT02910,DOC050,DEP005,FAC003,LAB012,HbA1c,Biochemistry,2023-04-20,2023-04-22,2023-04-23 13:00:00,37,Routine,Abnormal
LO123023,APP073706,PAT01454,DOC023,DEP008,FAC003,LAB006,Thyroid Profile,Immunology,2023-03-10,2023-03-10,2023-03-10 20:00:00,20,Routine,Normal
LO123033,APP056098,PAT08992,DOC048,DEP002,FAC001,LAB012,HbA1c,Biochemistry,2026-09-03,2026-09-04,2026-09-08 08:00:00,104,Routine,Normal
LO123037,APP065274,PAT00178,DOC004,DEP001,FAC004,LAB010,Ultrasound Abdomen,Radiology,2024-11-20,2024-11-21,2024-11-22 22:00:00,46,Routine,Normal
LO123046,APP050212,PAT09001,DOC021,DEP005,FAC001,LAB014,Blood Culture,Microbiology,2023-07-06,2023-07-06,2023-07-07 07:00:00,31,Urgent,Normal
LO123048,APP065812,PAT08980,DOC006,DEP002,FAC001,LAB014,Blood Culture,Microbiology,2025-09-06,2025-09-06,2025-09-07 19:00:00,43,Routine,Normal
LO123057,APP054334,PAT09515,DOC050,DEP005,FAC003,LAB006,Thyroid Profile,Immunology,2021-10-07,2021-10-07,2021-10-12 00:00:00,120,Routine,Normal
LO123060,APP074951,PAT01359,DOC053,DEP007,FAC005,LAB015,Electrolytes Panel,Biochemistry,2025-07-21,2025-07-21,2025-07-21 15:00:00,15,Routine,Critical
LO123063,APP061773,PAT10473,DOC059,DEP006,FAC005,LAB012,HbA1c,Biochemistry,2022-11-04,2022-11-06,2022-11-09 11:00:00,83,Routine,Normal
LO123069,APP073189,PAT05196,DOC054,DEP003,FAC003,LAB007,Urine Routine,Microbiology,2022-08-26,2022-08-28,2022-08-28 01:00:00,1,Routine,Normal
LO123081,APP053758,PAT00336,DOC025,DEP007,FAC005,LAB013,COVID PCR,Molecular Diagnostics,2023-08-17,2023-08-17,2023-08-17 01:00:00,1,Routine,Abnormal
LO123082,APP064885,PAT08952,DOC045,DEP007,FAC004,LAB006,Thyroid Profile,Immunology,2022-03-10,2022-03-11,2022-03-16 00:00:00,120,Routine,Normal
LO123087,APP063658,PAT00500,DOC004,DEP001,FAC004,LAB010,Ultrasound Abdomen,Radiology,2026-08-31,2026-08-31,2026-08-31 12:00:00,12,Routine,Normal
LO123094,APP051973,PAT07250,DOC037,DEP005,FAC002,LAB012,HbA1c,Biochemistry,2023-10-21,2023-10-21,2023-10-21 22:00:00,22,Urgent,Normal
LO123098,APP052757,PAT02352,DOC057,DEP001,FAC002,LAB015,Electrolytes Panel,Biochemistry,2021-08-12,2021-08-12,2021-08-13 15:00:00,39,Routine,Abnormal
LO123109,APP072110,PAT01607,DOC014,DEP004,FAC004,LAB001,Complete Blood Count,Hematology,2026-05-25,2026-05-25,2026-05-28 19:00:00,91,Routine,Normal
LO123111,APP055489,PAT02496,DOC003,DEP001,FAC003,LAB004,Liver Function Test,Biochemistry,2026-06-29,2026-06-29,2026-07-02 21:00:00,93,Routine,Normal
LO123112,APP072586,PAT13888,DOC013,DEP005,FAC003,LAB013,COVID PCR,Molecular Diagnostics,2021-11-23,2021-11-23,2021-11-25 04:00:00,52,Routine,Normal
LO123113,APP060759,PAT01176,DOC026,DEP008,FAC001,LAB007,Urine Routine,Microbiology,2024-05-20,2024-05-21,2024-05-24 16:00:00,88,Routine,Normal
LO123114,APP056333,PAT02440,DOC048,DEP002,FAC001,LAB009,Chest X-Ray,Radiology,2026-06-17,2026-06-18,2026-06-20 00:00:00,48,Routine,Normal
LO123115,APP074775,PAT11441,DOC021,DEP005,FAC001,LAB013,COVID PCR,Molecular Diagnostics,2026-08-24,2026-08-24,2026-08-27 00:00:00,72,Routine,Normal
LO123117,APP061135,PAT06670,DOC060,DEP006,FAC005,LAB006,Thyroid Profile,Immunology,2025-04-08,2025-04-08,2025-04-09 22:00:00,46,Routine,Normal
LO123128,APP055203,PAT05099,DOC012,DEP005,FAC002,LAB008,Urine Culture,Microbiology,2025-04-17,2025-04-17,2025-04-18 20:00:00,44,Routine,Normal
LO123129,APP062288,PAT13302,DOC030,DEP008,FAC005,LAB003,Lipid Profile,Biochemistry,2025-09-09,2025-09-09,2025-09-10 18:00:00,42,Routine,Normal
LO123137,APP052840,PAT14287,DOC053,DEP007,FAC005,LAB010,Ultrasound Abdomen,Radiology,2025-04-23,2025-04-24,2025-04-25 14:00:00,38,Routine,Normal
LO123144,APP064420,PAT10516,DOC027,DEP001,FAC002,LAB011,ECG,Cardiology Diagnostics,2025-12-01,2025-12-01,2025-12-03 13:00:00,61,Routine,Normal
LO123147,APP050458,PAT14002,DOC059,DEP006,FAC005,LAB015,Electrolytes Panel,Biochemistry,2025-10-31,2025-10-31,2025-10-31 16:00:00,16,Urgent,Normal
LO123152,APP067304,PAT01112,DOC032,DEP002,FAC002,LAB011,ECG,Cardiology Diagnostics,2022-12-30,2022-12-30,2022-12-30 18:00:00,18,Urgent,Normal
LO123154,APP071566,PAT08918,DOC050,DEP005,FAC003,LAB006,Thyroid Profile,Immunology,2021-09-14,2021-09-14,2021-09-17 19:00:00,91,Routine,Normal
LO123159,APP063935,PAT07404,DOC032,DEP002,FAC002,LAB011,ECG,Cardiology Diagnostics,2024-04-22,2024-04-22,2024-04-24 00:00:00,48,Routine,Normal
LO123163,APP064579,PAT14134,DOC026,DEP008,FAC001,LAB002,Blood Glucose,Biochemistry,2025-06-09,2025-06-09,2025-06-09 14:00:00,14,Routine,Abnormal
LO123167,APP069550,PAT14963,DOC018,DEP007,FAC003,LAB010,Ultrasound Abdomen,Radiology,2021-07-16,2021-07-16,2021-07-21 00:00:00,120,Routine,Normal
LO123169,APP060939,PAT06335,DOC010,DEP003,FAC005,LAB013,COVID PCR,Molecular Diagnostics,2025-05-30,2025-05-31,2025-06-04 15:00:00,111,Routine,Normal
LO123177,APP051989,PAT11697,DOC035,DEP001,FAC005,LAB010,Ultrasound Abdomen,Radiology,2023-09-26,2023-09-27,2023-10-01 01:00:00,97,Routine,Abnormal
LO123180,APP067352,PAT06408,DOC009,DEP002,FAC004,LAB012,HbA1c,Biochemistry,2023-05-19,2023-05-19,2023-05-20 12:00:00,36,Routine,Normal
LO123185,APP068148,PAT10632,DOC006,DEP002,FAC001,LAB015,Electrolytes Panel,Biochemistry,2025-03-17,2025-03-19,2025-03-21 17:00:00,65,Routine,Normal
LO123188,APP051269,PAT07912,DOC015,DEP005,FAC005,LAB013,COVID PCR,Molecular Diagnostics,2026-03-29,2026-03-29,2026-03-29 01:00:00,1,Urgent,Abnormal
LO123189,APP069196,PAT14438,DOC025,DEP007,FAC005,LAB013,COVID PCR,Molecular Diagnostics,2025-06-03,2025-06-03,2025-06-06 00:00:00,72,Routine,Normal
LO123190,APP059322,PAT10339,DOC001,DEP001,FAC001,LAB008,Urine Culture,Microbiology,2023-05-07,2023-05-08,2023-05-08 10:00:00,10,Routine,Abnormal
LO123201,APP072211,PAT09056,DOC009,DEP002,FAC004,LAB003,Lipid Profile,Biochemistry,2022-02-21,2022-02-21,2022-02-21 13:00:00,13,Stat,Normal
LO123210,APP069124,PAT00374,DOC005,DEP001,FAC005,LAB009,Chest X-Ray,Radiology,2026-02-14,2026-02-15,2026-02-19 19:00:00,115,Routine,Abnormal
LO123213,APP062231,PAT13107,DOC039,DEP002,FAC004,LAB014,Blood Culture,Microbiology,2021-09-22,2021-09-22,2021-09-25 19:00:00,91,Routine,Normal
LO123216,APP066595,PAT11010,DOC015,DEP005,FAC005,LAB005,Kidney Function Test,Biochemistry,2024-01-04,2024-01-04,2024-01-04 16:00:00,16,Routine,Normal
LO123218,APP071345,PAT04047,DOC004,DEP001,FAC004,LAB003,Lipid Profile,Biochemistry,2024-01-23,2024-01-23,2024-01-25 00:00:00,48,Routine,Abnormal
LO123222,APP066646,PAT10060,DOC050,DEP005,FAC003,LAB004,Liver Function Test,Biochemistry,2021-11-06,2021-11-07,2021-11-07 22:00:00,22,Urgent,Normal
LO123224,APP053180,PAT11101,DOC019,DEP005,FAC004,LAB010,Ultrasound Abdomen,Radiology,2021-11-11,2021-11-11,2021-11-15 13:00:00,109,Routine,Normal
LO123233,APP071082,PAT04046,DOC022,DEP007,FAC002,LAB009,Chest X-Ray,Radiology,2025-10-19,2025-10-20,2025-10-21 01:00:00,25,Routine,Critical
LO123239,APP054583,PAT07182,DOC022,DEP007,FAC002,LAB007,Urine Routine,Microbiology,2021-04-23,2021-04-25,2021-04-25 05:00:00,5,Routine,Normal
LO123246,APP067152,PAT13672,DOC006,DEP002,FAC001,LAB004,Liver Function Test,Biochemistry,2022-09-20,2022-09-22,2022-09-22 01:00:00,1,Routine,Abnormal
LO123248,APP063282,PAT10000,DOC018,DEP007,FAC003,LAB013,COVID PCR,Molecular Diagnostics,2022-11-23,2022-11-23,2022-11-24 05:00:00,29,Routine,Critical
LO123278,APP062618,PAT00926,DOC025,DEP007,FAC005,LAB012,HbA1c,Biochemistry,2026-08-03,2026-08-03,2026-08-06 11:00:00,83,Routine,Normal
LO123280,APP068602,PAT14287,DOC029,DEP007,FAC004,LAB012,HbA1c,Biochemistry,2025-05-01,2025-05-01,2025-05-02 07:00:00,31,Routine,Normal
LO123287,APP059398,PAT03388,DOC034,DEP001,FAC004,LAB002,Blood Glucose,Biochemistry,2024-04-13,2024-04-14,2024-04-18 03:00:00,99,Routine,Normal
LO123294,APP066287,PAT09870,DOC008,DEP003,FAC003,LAB013,COVID PCR,Molecular Diagnostics,2024-11-11,2024-11-11,2024-11-14 16:00:00,88,Routine,Abnormal
LO123304,APP070964,PAT02391,DOC009,DEP002,FAC004,LAB014,Blood Culture,Microbiology,2021-02-10,2021-02-10,2021-02-14 03:00:00,99,Routine,Normal
LO123307,APP052992,PAT05814,DOC044,DEP005,FAC002,LAB011,ECG,Cardiology Diagnostics,2026-01-29,2026-01-30,2026-02-03 03:00:00,99,Routine,Normal
LO123313,APP068765,PAT00829,DOC059,DEP006,FAC005,LAB009,Chest X-Ray,Radiology,2023-02-10,2023-02-11,2023-02-12 02:00:00,26,Routine,Normal
LO123318,APP055726,PAT11889,DOC007,DEP002,FAC002,LAB007,Urine Routine,Microbiology,2022-05-11,2022-05-13,2022-05-14 14:00:00,38,Urgent,Normal
LO123319,APP061292,PAT01600,DOC036,DEP002,FAC001,LAB015,Electrolytes Panel,Biochemistry,2025-07-31,2025-07-31,2025-08-02 23:00:00,71,Routine,Normal
LO123322,APP071323,PAT13272,DOC016,DEP004,FAC001,LAB008,Urine Culture,Microbiology,2021-11-22,2021-11-23,2021-11-24 08:00:00,32,Urgent,Normal
LO123326,APP064573,PAT01521,DOC041,DEP001,FAC005,LAB002,Blood Glucose,Biochemistry,2026-02-25,2026-02-26,2026-02-26 08:00:00,8,Routine,Normal
LO123330,APP056343,PAT00377,DOC034,DEP001,FAC004,LAB006,Thyroid Profile,Immunology,2024-07-06,2024-07-07,2024-07-08 10:00:00,34,Routine,Normal
LO123334,APP059849,PAT06071,DOC012,DEP005,FAC002,LAB008,Urine Culture,Microbiology,2025-12-30,2025-12-31,2026-01-01 00:00:00,24,Routine,Normal
LO123336,APP056028,PAT07542,DOC046,DEP001,FAC001,LAB008,Urine Culture,Microbiology,2026-06-03,2026-06-03,2026-06-05 11:00:00,59,Routine,Normal
LO123337,APP062277,PAT10219,DOC018,DEP007,FAC003,LAB004,Liver Function Test,Biochemistry,2022-08-22,2022-08-23,2022-08-26 03:00:00,75,Routine,Normal
LO123347,APP064242,PAT00374,DOC057,DEP001,FAC002,LAB008,Urine Culture,Microbiology,2026-05-28,2026-05-28,2026-05-31 23:00:00,95,Routine,Normal
LO123349,APP053833,PAT12976,DOC057,DEP001,FAC002,LAB013,COVID PCR,Molecular Diagnostics,2026-10-08,2026-10-10,2026-10-12 11:00:00,59,Routine,Normal
LO123355,APP073077,PAT13821,DOC025,DEP007,FAC005,LAB010,Ultrasound Abdomen,Radiology,2022-04-18,2022-04-18,2022-04-18 01:00:00,1,Routine,Normal
LO123362,APP071713,PAT06522,DOC034,DEP001,FAC004,LAB004,Liver Function Test,Biochemistry,2022-04-21,2022-04-21,2022-04-23 07:00:00,55,Routine,Normal
LO123369,APP072431,PAT09856,DOC005,DEP001,FAC005,LAB003,Lipid Profile,Biochemistry,2025-08-12,2025-08-12,2025-08-16 13:00:00,109,Routine,Normal
LO123396,APP056067,PAT10287,DOC057,DEP001,FAC002,LAB006,Thyroid Profile,Immunology,2021-02-11,2021-02-11,2021-02-12 08:00:00,32,Routine,Normal
LO123397,APP071179,PAT10067,DOC049,DEP001,FAC003,LAB003,Lipid Profile,Biochemistry,2024-05-01,2024-05-02,2024-05-04 22:00:00,70,Routine,Normal
LO123414,APP064110,PAT11168,DOC044,DEP005,FAC002,LAB011,ECG,Cardiology Diagnostics,2023-08-09,2023-08-09,2023-08-10 11:00:00,35,Routine,Normal
LO123417,APP051992,PAT07665,DOC051,DEP005,FAC002,LAB005,Kidney Function Test,Biochemistry,2026-12-22,2026-12-22,2026-12-25 06:00:00,78,Routine,Normal
LO123419,APP059790,PAT00829,DOC008,DEP003,FAC003,LAB015,Electrolytes Panel,Biochemistry,2023-09-28,2023-09-30,2023-10-05 00:00:00,120,Routine,Normal
LO123427,APP059406,PAT14305,DOC034,DEP001,FAC004,LAB009,Chest X-Ray,Radiology,2025-01-27,2025-01-28,2025-02-01 12:00:00,108,Routine,Normal
LO123428,APP074552,PAT01112,DOC026,DEP008,FAC001,LAB015,Electrolytes Panel,Biochemistry,2023-02-26,2023-02-27,2023-02-27 01:00:00,1,Routine,Normal
LO123429,APP074044,PAT03496,DOC009,DEP002,FAC004,LAB003,Lipid Profile,Biochemistry,2022-05-13,2022-05-13,2022-05-14 23:00:00,47,Urgent,Normal
LO123431,APP053562,PAT13074,DOC008,DEP003,FAC003,LAB012,HbA1c,Biochemistry,2021-12-01,2021-12-01,2021-12-03 21:00:00,69,Routine,Normal
LO123439,APP050107,PAT07174,DOC011,DEP003,FAC001,LAB004,Liver Function Test,Biochemistry,2021-07-29,2021-07-29,2021-08-02 09:00:00,105,Routine,Normal
LO123444,APP066664,PAT00327,DOC057,DEP001,FAC002,LAB007,Urine Routine,Microbiology,2023-03-18,2023-03-18,2023-03-20 03:00:00,51,Routine,Normal
LO123449,APP051708,PAT06267,DOC009,DEP002,FAC004,LAB008,Urine Culture,Microbiology,2024-02-23,2024-02-24,2024-02-28 11:00:00,107,Routine,Normal
LO123450,APP064547,PAT03290,DOC041,DEP001,FAC005,LAB002,Blood Glucose,Biochemistry,2022-06-14,2022-06-14,2022-06-18 03:00:00,99,Routine,Abnormal
LO123451,APP071193,PAT09726,DOC050,DEP005,FAC003,LAB014,Blood Culture,Microbiology,2026-01-03,2026-01-04,2026-01-06 11:00:00,59,Routine,Normal
LO123457,APP065808,PAT02532,DOC051,DEP005,FAC002,LAB006,Thyroid Profile,Immunology,2022-01-21,2022-01-22,2022-01-25 11:00:00,83,Routine,Normal
LO123463,APP066285,PAT12680,DOC048,DEP002,FAC001,LAB003,Lipid Profile,Biochemistry,2026-07-01,2026-07-02,2026-07-04 01:00:00,49,Urgent,Normal
LO123475,APP052087,PAT11358,DOC018,DEP007,FAC003,LAB012,HbA1c,Biochemistry,2022-03-24,2022-03-24,2022-03-26 04:00:00,52,Routine,Normal
LO123481,APP058491,PAT00579,DOC012,DEP005,FAC002,LAB014,Blood Culture,Microbiology,2023-05-06,2023-05-07,2023-05-09 20:00:00,68,Urgent,Normal
LO123482,APP072418,PAT03078,DOC038,DEP005,FAC003,LAB002,Blood Glucose,Biochemistry,2025-01-12,2025-01-12,2025-01-15 01:00:00,73,Routine,Normal
LO123484,APP064706,PAT09469,DOC023,DEP008,FAC003,LAB008,Urine Culture,Microbiology,2025-04-09,2025-04-09,2025-04-12 07:00:00,79,Urgent,Normal
LO123485,APP059678,PAT03685,DOC019,DEP005,FAC004,LAB004,Liver Function Test,Biochemistry,2021-12-09,2021-12-09,2021-12-13 03:00:00,99,Routine,Normal
LO123492,APP068089,PAT11132,DOC040,DEP003,FAC005,LAB014,Blood Culture,Microbiology,2022-04-04,2022-04-05,2022-04-08 16:00:00,88,Routine,Normal
LO123501,APP074175,PAT06078,DOC016,DEP004,FAC001,LAB003,Lipid Profile,Biochemistry,2021-06-22,2021-06-22,2021-06-24 19:00:00,67,Routine,Normal
LO123503,APP057968,PAT11147,DOC057,DEP001,FAC002,LAB014,Blood Culture,Microbiology,2023-10-28,2023-10-28,2023-10-30 13:00:00,61,Routine,Normal
LO123507,APP062641,PAT03022,DOC018,DEP007,FAC003,LAB014,Blood Culture,Microbiology,2025-02-19,2025-02-20,2025-02-21 15:00:00,39,Routine,Normal
LO123511,APP050345,PAT07589,DOC015,DEP005,FAC005,LAB013,COVID PCR,Molecular Diagnostics,2025-02-21,2025-02-22,2025-02-27 00:00:00,120,Stat,Critical
LO123533,APP057904,PAT14478,DOC041,DEP001,FAC005,LAB002,Blood Glucose,Biochemistry,2021-07-21,2021-07-21,2021-07-22 14:00:00,38,Routine,Normal
LO123538,APP059421,PAT05959,DOC020,DEP006,FAC005,LAB005,Kidney Function Test,Biochemistry,2025-06-17,2025-06-17,2025-06-19 02:00:00,50,Routine,Abnormal
LO123541,APP068844,PAT04131,DOC038,DEP005,FAC003,LAB013,COVID PCR,Molecular Diagnostics,2026-12-29,2026-12-29,2027-01-01 17:00:00,89,Routine,Critical
LO123544,APP058243,PAT10110,DOC002,DEP001,FAC002,LAB005,Kidney Function Test,Biochemistry,2024-04-01,2024-04-01,2024-04-04 10:00:00,82,Routine,Normal
LO123550,APP067949,PAT06694,DOC057,DEP001,FAC002,LAB013,COVID PCR,Molecular Diagnostics,2022-08-26,2022-08-27,2022-08-30 10:00:00,82,Routine,Normal
LO123553,APP060289,PAT03945,DOC001,DEP001,FAC001,LAB011,ECG,Cardiology Diagnostics,2026-04-24,2026-04-25,2026-04-29 10:00:00,106,Urgent,Normal
LO123555,APP069910,PAT01749,DOC045,DEP007,FAC004,LAB010,Ultrasound Abdomen,Radiology,2023-09-22,2023-09-22,2023-09-24 11:00:00,59,Routine,Abnormal
LO123558,APP064011,PAT06951,DOC029,DEP007,FAC004,LAB008,Urine Culture,Microbiology,2026-06-03,2026-06-03,2026-06-05 07:00:00,55,Routine,Normal
LO123559,APP054813,PAT06352,DOC007,DEP002,FAC002,LAB010,Ultrasound Abdomen,Radiology,2021-08-20,2021-08-21,2021-08-22 06:00:00,30,Routine,Normal
LO123564,APP050655,PAT12597,DOC058,DEP001,FAC004,LAB012,HbA1c,Biochemistry,2024-01-12,2024-01-13,2024-01-13 19:00:00,19,Stat,Abnormal
LO123566,APP066904,PAT06877,DOC022,DEP007,FAC002,LAB012,HbA1c,Biochemistry,2021-12-31,2021-12-31,2022-01-02 08:00:00,56,Urgent,Normal
LO123567,APP068832,PAT08541,DOC052,DEP002,FAC004,LAB003,Lipid Profile,Biochemistry,2023-10-22,2023-10-23,2023-10-23 01:00:00,1,Routine,Normal
LO123570,APP062111,PAT06460,DOC005,DEP001,FAC005,LAB007,Urine Routine,Microbiology,2025-10-01,2025-10-02,2025-10-06 08:00:00,104,Routine,Abnormal
LO123573,APP065758,PAT12693,DOC034,DEP001,FAC004,LAB011,ECG,Cardiology Diagnostics,2022-03-01,2022-03-02,2022-03-04 19:00:00,67,Routine,Normal
LO123574,APP067686,PAT01523,DOC021,DEP005,FAC001,LAB014,Blood Culture,Microbiology,2023-07-24,2023-07-24,2023-07-27 16:00:00,88,Routine,Normal
LO123575,APP064553,PAT13775,DOC037,DEP005,FAC002,LAB004,Liver Function Test,Biochemistry,2026-12-21,2026-12-22,2026-12-25 13:00:00,85,Routine,Normal
LO123580,APP073640,PAT03078,DOC036,DEP002,FAC001,LAB014,Blood Culture,Microbiology,2023-06-21,2023-06-22,2023-06-24 13:00:00,61,Routine,Normal
LO123582,APP057297,PAT02617,DOC044,DEP005,FAC002,LAB002,Blood Glucose,Biochemistry,2026-06-22,2026-06-22,2026-06-25 06:00:00,78,Urgent,Normal
LO123584,APP055815,PAT10884,DOC003,DEP001,FAC003,LAB006,Thyroid Profile,Immunology,2021-05-27,2021-05-28,2021-05-30 22:00:00,70,Routine,Normal
LO123588,APP054406,PAT08072,DOC042,DEP003,FAC003,LAB012,HbA1c,Biochemistry,2025-01-16,2025-01-16,2025-01-16 22:00:00,22,Routine,Normal
LO123591,APP064555,PAT03888,DOC018,DEP007,FAC003,LAB002,Blood Glucose,Biochemistry,2023-03-07,2023-03-07,2023-03-11 16:00:00,112,Routine,Normal
LO123596,APP064745,PAT04895,DOC004,DEP001,FAC004,LAB015,Electrolytes Panel,Biochemistry,2025-12-21,2025-12-21,2025-12-23 01:00:00,49,Routine,Normal
LO123601,APP070420,PAT04082,DOC026,DEP008,FAC001,LAB009,Chest X-Ray,Radiology,2024-07-15,2024-07-16,2024-07-16 13:00:00,13,Stat,Abnormal
LO123604,APP050998,PAT09286,DOC027,DEP001,FAC002,LAB002,Blood Glucose,Biochemistry,2026-05-15,2026-05-16,2026-05-20 21:00:00,117,Routine,Abnormal
LO123605,APP054800,PAT08831,DOC046,DEP001,FAC001,LAB005,Kidney Function Test,Biochemistry,2025-08-31,2025-08-31,2025-09-02 10:00:00,58,Routine,Normal
LO123610,APP064267,PAT07496,DOC052,DEP002,FAC004,LAB010,Ultrasound Abdomen,Radiology,2022-02-18,2022-02-19,2022-02-21 21:00:00,69,Stat,Normal
LO123616,APP067440,PAT01238,DOC002,DEP001,FAC002,LAB009,Chest X-Ray,Radiology,2026-03-11,2026-03-12,2026-03-14 13:00:00,61,Urgent,Normal
LO123617,APP055086,PAT03618,DOC013,DEP005,FAC003,LAB001,Complete Blood Count,Hematology,2025-01-12,2025-01-13,2025-01-14 23:00:00,47,Routine,Abnormal
LO123620,APP074032,PAT14855,DOC005,DEP001,FAC005,LAB013,COVID PCR,Molecular Diagnostics,2024-09-22,2024-09-22,2024-09-25 14:00:00,86,Routine,Normal
LO123622,APP068611,PAT00028,DOC004,DEP001,FAC004,LAB013,COVID PCR,Molecular Diagnostics,2024-01-18,2024-01-18,2024-01-22 08:00:00,104,Stat,Abnormal
LO123625,APP072924,PAT02500,DOC013,DEP005,FAC003,LAB008,Urine Culture,Microbiology,2026-02-12,2026-02-13,2026-02-14 06:00:00,30,Routine,Normal
LO123626,APP065727,PAT09788,DOC032,DEP002,FAC002,LAB015,Electrolytes Panel,Biochemistry,2021-02-06,2021-02-07,2021-02-09 05:00:00,53,Routine,Normal
LO123630,APP053103,PAT13218,DOC040,DEP003,FAC005,LAB001,Complete Blood Count,Hematology,2021-04-30,2021-05-01,2021-05-04 20:00:00,92,Routine,Normal
LO123633,APP066373,PAT13318,DOC002,DEP001,FAC002,LAB012,HbA1c,Biochemistry,2022-10-26,2022-10-26,2022-10-31 00:00:00,120,Routine,Normal
LO123636,APP055682,PAT14396,DOC020,DEP006,FAC005,LAB013,COVID PCR,Molecular Diagnostics,2021-05-24,2021-05-25,2021-05-28 06:00:00,78,Routine,Normal
LO123640,APP058124,PAT02272,DOC039,DEP002,FAC004,LAB009,Chest X-Ray,Radiology,2024-05-24,2024-05-25,2024-05-28 01:00:00,73,Routine,Normal
LO123644,APP064130,PAT08998,DOC056,DEP001,FAC003,LAB015,Electrolytes Panel,Biochemistry,2023-11-02,2023-11-03,2023-11-03 13:00:00,13,Urgent,Normal
LO123648,APP051083,PAT14785,DOC042,DEP003,FAC003,LAB002,Blood Glucose,Biochemistry,2023-10-10,2023-10-11,2023-10-14 12:00:00,84,Stat,Normal
LO123653,APP050534,PAT08049,DOC021,DEP005,FAC001,LAB008,Urine Culture,Microbiology,2023-03-02,2023-03-03,2023-03-03 15:00:00,15,Routine,Normal
LO123656,APP067551,PAT06182,DOC010,DEP003,FAC005,LAB015,Electrolytes Panel,Biochemistry,2021-10-06,2021-10-06,2021-10-08 15:00:00,63,Routine,Normal
LO123658,APP064116,PAT09382,DOC041,DEP001,FAC005,LAB014,Blood Culture,Microbiology,2021-04-24,2021-04-24,2021-04-27 05:00:00,77,Routine,Critical
LO123664,APP072305,PAT03016,DOC055,DEP006,FAC004,LAB010,Ultrasound Abdomen,Radiology,2026-12-29,2026-12-29,2026-12-31 04:00:00,52,Routine,Normal
LO123668,APP050822,PAT04234,DOC038,DEP005,FAC003,LAB006,Thyroid Profile,Immunology,2024-08-06,2024-08-07,2024-08-12 00:00:00,120,Routine,Normal
LO123678,APP064940,PAT05816,DOC021,DEP005,FAC001,LAB008,Urine Culture,Microbiology,2021-07-14,2021-07-16,2021-07-18 22:00:00,70,Urgent,Normal
LO123679,APP072695,PAT10816,DOC050,DEP005,FAC003,LAB003,Lipid Profile,Biochemistry,2024-11-08,2024-11-09,2024-11-11 03:00:00,51,Routine,Normal
LO123680,APP073304,PAT12503,DOC030,DEP008,FAC005,LAB001,Complete Blood Count,Hematology,2026-09-27,2026-09-28,2026-10-01 13:00:00,85,Routine,Normal
LO123683,APP066027,PAT07062,DOC060,DEP006,FAC005,LAB011,ECG,Cardiology Diagnostics,2023-12-08,2023-12-08,2023-12-10 08:00:00,56,Urgent,Normal
LO123684,APP050752,PAT04130,DOC006,DEP002,FAC001,LAB006,Thyroid Profile,Immunology,2025-11-05,2025-11-06,2025-11-09 06:00:00,78,Routine,Normal
LO123685,APP050639,PAT13145,DOC001,DEP001,FAC001,LAB012,HbA1c,Biochemistry,2023-06-09,2023-06-09,2023-06-11 10:00:00,58,Routine,Normal
LO123695,APP073488,PAT04388,DOC052,DEP002,FAC004,LAB011,ECG,Cardiology Diagnostics,2023-12-27,2023-12-28,2023-12-30 23:00:00,71,Routine,Normal
LO123696,APP064693,PAT02020,DOC004,DEP001,FAC004,LAB005,Kidney Function Test,Biochemistry,2025-02-28,2025-02-28,2025-03-03 20:00:00,92,Routine,Normal
LO123697,APP071577,PAT12437,DOC047,DEP006,FAC005,LAB010,Ultrasound Abdomen,Radiology,2024-09-03,2024-09-03,2024-09-03 08:00:00,8,Routine,Normal
LO123699,APP056318,PAT07387,DOC001,DEP001,FAC001,LAB013,COVID PCR,Molecular Diagnostics,2025-12-11,2025-12-12,2025-12-14 02:00:00,50,Routine,Normal
LO123703,APP070946,PAT10977,DOC028,DEP001,FAC003,LAB015,Electrolytes Panel,Biochemistry,2026-10-03,2026-10-03,2026-10-05 18:00:00,66,Routine,Normal
LO123706,APP068879,PAT08133,DOC048,DEP002,FAC001,LAB002,Blood Glucose,Biochemistry,2025-05-30,2025-05-30,2025-05-31 09:00:00,33,Routine,Normal
LO123713,APP050863,PAT07979,DOC013,DEP005,FAC003,LAB014,Blood Culture,Microbiology,2021-04-30,2021-05-01,2021-05-01 19:00:00,19,Routine,Normal
LO123714,APP067909,PAT09995,DOC039,DEP002,FAC004,LAB001,Complete Blood Count,Hematology,2026-09-15,2026-09-15,2026-09-19 04:00:00,100,Routine,Normal
LO123718,APP073607,PAT00400,DOC051,DEP005,FAC002,LAB004,Liver Function Test,Biochemistry,2022-04-06,2022-04-06,2022-04-09 21:00:00,93,Routine,Normal
LO123730,APP063490,PAT06683,DOC042,DEP003,FAC003,LAB005,Kidney Function Test,Biochemistry,2026-07-14,2026-07-14,2026-07-15 05:00:00,29,Routine,Normal
LO123731,APP058383,PAT05829,DOC060,DEP006,FAC005,LAB002,Blood Glucose,Biochemistry,2024-08-11,2024-08-11,2024-08-13 20:00:00,68,Urgent,Normal
LO123733,APP056361,PAT14041,DOC001,DEP001,FAC001,LAB015,Electrolytes Panel,Biochemistry,2024-04-30,2024-05-01,2024-05-06 00:00:00,120,Routine,Normal
LO123737,APP055786,PAT12357,DOC037,DEP005,FAC002,LAB006,Thyroid Profile,Immunology,2025-04-24,2025-04-25,2025-04-28 10:00:00,82,Routine,Normal
LO123738,APP051509,PAT04462,DOC013,DEP005,FAC003,LAB013,COVID PCR,Molecular Diagnostics,2024-12-12,2024-12-12,2024-12-13 17:00:00,41,Routine,Normal
LO123740,APP056069,PAT05839,DOC017,DEP006,FAC002,LAB005,Kidney Function Test,Biochemistry,2022-01-17,2022-01-18,2022-01-18 23:00:00,23,Routine,Normal
LO123742,APP051604,PAT03435,DOC050,DEP005,FAC003,LAB006,Thyroid Profile,Immunology,2022-01-17,2022-01-17,2022-01-18 15:00:00,39,Routine,Normal
LO123750,APP067311,PAT07631,DOC008,DEP003,FAC003,LAB009,Chest X-Ray,Radiology,2023-07-29,2023-07-29,2023-07-31 07:00:00,55,Routine,Normal
LO123753,APP056493,PAT07041,DOC040,DEP003,FAC005,LAB007,Urine Routine,Microbiology,2025-10-03,2025-10-03,2025-10-06 18:00:00,90,Urgent,Normal
LO123754,APP065887,PAT04345,DOC018,DEP007,FAC003,LAB009,Chest X-Ray,Radiology,2026-03-31,2026-04-02,2026-04-06 05:00:00,101,Routine,Normal
LO123755,APP066879,PAT02560,DOC035,DEP001,FAC005,LAB014,Blood Culture,Microbiology,2024-09-03,2024-09-03,2024-09-04 04:00:00,28,Urgent,Normal
LO123756,APP052565,PAT05624,DOC003,DEP001,FAC003,LAB009,Chest X-Ray,Radiology,2023-01-17,2023-01-18,2023-01-20 06:00:00,54,Routine,Normal
LO123757,APP072884,PAT02215,DOC019,DEP005,FAC004,LAB013,COVID PCR,Molecular Diagnostics,2025-09-18,2025-09-18,2025-09-20 12:00:00,60,Routine,Normal
LO123768,APP053808,PAT07979,DOC006,DEP002,FAC001,LAB014,Blood Culture,Microbiology,2024-06-13,2024-06-14,2024-06-15 20:00:00,44,Routine,Normal
LO123769,APP065635,PAT14662,DOC044,DEP005,FAC002,LAB002,Blood Glucose,Biochemistry,2021-10-15,2021-10-16,2021-10-18 02:00:00,50,Routine,Normal
LO123773,APP050984,PAT00559,DOC011,DEP003,FAC001,LAB014,Blood Culture,Microbiology,2024-01-03,2024-01-03,2024-01-07 04:00:00,100,Urgent,Normal
LO123783,APP054467,PAT03602,DOC009,DEP002,FAC004,LAB012,HbA1c,Biochemistry,2026-10-25,2026-10-26,2026-10-29 23:00:00,95,Routine,Abnormal
LO123795,APP061395,PAT14199,DOC013,DEP005,FAC003,LAB012,HbA1c,Biochemistry,2026-12-21,2026-12-22,2026-12-23 02:00:00,26,Urgent,Normal
LO123801,APP056608,PAT05658,DOC001,DEP001,FAC001,LAB002,Blood Glucose,Biochemistry,2021-12-27,2021-12-27,2021-12-29 06:00:00,54,Routine,Normal
LO123803,APP072716,PAT11958,DOC032,DEP002,FAC002,LAB008,Urine Culture,Microbiology,2021-03-15,2021-03-16,2021-03-21 00:00:00,120,Routine,Normal
LO123805,APP052326,PAT14594,DOC005,DEP001,FAC005,LAB012,HbA1c,Biochemistry,2026-01-30,2026-01-31,2026-02-03 21:00:00,93,Routine,Critical
LO123806,APP066396,PAT07535,DOC011,DEP003,FAC001,LAB007,Urine Routine,Microbiology,2023-06-20,2023-06-21,2023-06-26 00:00:00,120,Routine,Normal
LO123807,APP069621,PAT14325,DOC005,DEP001,FAC005,LAB010,Ultrasound Abdomen,Radiology,2021-04-06,2021-04-07,2021-04-08 08:00:00,32,Routine,Normal
LO123817,APP068725,PAT02335,DOC045,DEP007,FAC004,LAB014,Blood Culture,Microbiology,2022-09-02,2022-09-02,2022-09-02 21:00:00,21,Routine,Abnormal
LO123822,APP072910,PAT05051,DOC015,DEP005,FAC005,LAB014,Blood Culture,Microbiology,2021-03-29,2021-03-30,2021-03-31 14:00:00,38,Routine,Normal
LO123826,APP068090,PAT08875,DOC001,DEP001,FAC001,LAB001,Complete Blood Count,Hematology,2021-12-15,2021-12-16,2021-12-18 11:00:00,59,Routine,Normal
LO123829,APP062566,PAT06215,DOC014,DEP004,FAC004,LAB010,Ultrasound Abdomen,Radiology,2023-05-20,2023-05-20,2023-05-21 10:00:00,34,Urgent,Normal
LO123832,APP051196,PAT08243,DOC040,DEP003,FAC005,LAB010,Ultrasound Abdomen,Radiology,2024-01-25,2024-01-25,2024-01-27 02:00:00,50,Routine,Normal
LO123846,APP059841,PAT03972,DOC052,DEP002,FAC004,LAB009,Chest X-Ray,Radiology,2021-11-03,2021-11-03,2021-11-06 06:00:00,78,Routine,Normal
LO123851,APP063810,PAT13188,DOC039,DEP002,FAC004,LAB001,Complete Blood Count,Hematology,2021-12-18,2021-12-20,2021-12-23 20:00:00,92,Routine,Abnormal
LO123852,APP064542,PAT14742,DOC004,DEP001,FAC004,LAB009,Chest X-Ray,Radiology,2026-03-30,2026-03-31,2026-04-01 23:00:00,47,Routine,Normal
LO123853,APP054796,PAT09469,DOC002,DEP001,FAC002,LAB012,HbA1c,Biochemistry,2024-11-11,2024-11-11,2024-11-12 17:00:00,41,Urgent,Normal
LO123861,APP069022,PAT08803,DOC008,DEP003,FAC003,LAB015,Electrolytes Panel,Biochemistry,2021-01-13,2021-01-15,2021-01-19 15:00:00,111,Routine,Critical
LO123865,APP066425,PAT02185,DOC023,DEP008,FAC003,LAB003,Lipid Profile,Biochemistry,2024-08-22,2024-08-23,2024-08-27 00:00:00,96,Routine,Normal
LO123867,APP054735,PAT02472,DOC026,DEP008,FAC001,LAB010,Ultrasound Abdomen,Radiology,2025-01-17,2025-01-17,2025-01-20 12:00:00,84,Routine,Abnormal
LO123869,APP051851,PAT12236,DOC033,DEP003,FAC003,LAB001,Complete Blood Count,Hematology,2022-08-23,2022-08-24,2022-08-28 20:00:00,116,Routine,Abnormal
LO123870,APP058036,PAT04686,DOC007,DEP002,FAC002,LAB010,Ultrasound Abdomen,Radiology,2023-06-20,2023-06-22,2023-06-25 15:00:00,87,Urgent,Normal
LO123871,APP052446,PAT14189,DOC014,DEP004,FAC004,LAB011,ECG,Cardiology Diagnostics,2025-12-11,2025-12-12,2025-12-13 18:00:00,42,Routine,Abnormal
LO123874,APP052911,PAT05749,DOC060,DEP006,FAC005,LAB004,Liver Function Test,Biochemistry,2025-11-12,2025-11-14,2025-11-14 04:00:00,4,Routine,Normal
LO123876,APP056917,PAT00388,DOC021,DEP005,FAC001,LAB012,HbA1c,Biochemistry,2025-02-14,2025-02-15,2025-02-19 10:00:00,106,Routine,Abnormal
LO123877,APP071722,PAT04437,DOC050,DEP005,FAC003,LAB013,COVID PCR,Molecular Diagnostics,2026-03-19,2026-03-20,2026-03-21 14:00:00,38,Routine,Normal
LO123879,APP052638,PAT13153,DOC034,DEP001,FAC004,LAB009,Chest X-Ray,Radiology,2023-12-14,2023-12-14,2023-12-17 09:00:00,81,Routine,Normal
LO123882,APP050190,PAT03435,DOC037,DEP005,FAC002,LAB010,Ultrasound Abdomen,Radiology,2025-12-22,2025-12-22,2025-12-23 03:00:00,27,Stat,Normal
LO123890,APP066324,PAT14979,DOC039,DEP002,FAC004,LAB003,Lipid Profile,Biochemistry,2023-08-10,2023-08-11,2023-08-12 01:00:00,25,Routine,Normal
LO123891,APP057277,PAT09870,DOC035,DEP001,FAC005,LAB010,Ultrasound Abdomen,Radiology,2022-03-28,2022-03-29,2022-04-01 21:00:00,93,Routine,Normal
LO123896,APP065385,PAT11980,DOC018,DEP007,FAC003,LAB011,ECG,Cardiology Diagnostics,2023-08-14,2023-08-14,2023-08-14 19:00:00,19,Urgent,Normal
LO123897,APP067840,PAT14983,DOC002,DEP001,FAC002,LAB005,Kidney Function Test,Biochemistry,2022-05-30,2022-05-30,2022-06-02 11:00:00,83,Routine,Normal
LO123903,APP073061,PAT10925,DOC058,DEP001,FAC004,LAB013,COVID PCR,Molecular Diagnostics,2021-11-02,2021-11-02,2021-11-03 15:00:00,39,Routine,Normal
LO123905,APP074853,PAT10391,DOC024,DEP006,FAC004,LAB003,Lipid Profile,Biochemistry,2022-03-21,2022-03-23,2022-03-26 14:00:00,86,Routine,Normal
LO123910,APP057815,PAT07226,DOC045,DEP007,FAC004,LAB015,Electrolytes Panel,Biochemistry,2025-09-16,2025-09-17,2025-09-20 07:00:00,79,Routine,Normal
LO123911,APP062657,PAT04442,DOC019,DEP005,FAC004,LAB015,Electrolytes Panel,Biochemistry,2022-01-05,2022-01-05,2022-01-09 03:00:00,99,Routine,Normal
LO123912,APP060819,PAT00252,DOC058,DEP001,FAC004,LAB002,Blood Glucose,Biochemistry,2024-03-01,2024-03-02,2024-03-02 20:00:00,20,Routine,Normal
LO123930,APP060627,PAT02862,DOC016,DEP004,FAC001,LAB015,Electrolytes Panel,Biochemistry,2026-03-20,2026-03-20,2026-03-20 22:00:00,22,Routine,Abnormal
LO123938,APP053419,PAT13184,DOC043,DEP008,FAC003,LAB008,Urine Culture,Microbiology,2025-07-30,2025-07-30,2025-08-03 10:00:00,106,Routine,Normal
LO123941,APP070374,PAT10320,DOC006,DEP002,FAC001,LAB014,Blood Culture,Microbiology,2024-06-15,2024-06-15,2024-06-15 08:00:00,8,Routine,Normal
LO123945,APP068382,PAT03316,DOC026,DEP008,FAC001,LAB006,Thyroid Profile,Immunology,2022-12-14,2022-12-14,2022-12-15 13:00:00,37,Routine,Normal
LO123957,APP057155,PAT06336,DOC019,DEP005,FAC004,LAB013,COVID PCR,Molecular Diagnostics,2021-03-02,2021-03-03,2021-03-06 01:00:00,73,Urgent,Normal
LO123959,APP060747,PAT10110,DOC004,DEP001,FAC004,LAB012,HbA1c,Biochemistry,2025-03-28,2025-03-28,2025-03-30 15:00:00,63,Routine,Abnormal
LO123962,APP064794,PAT09159,DOC033,DEP003,FAC003,LAB003,Lipid Profile,Biochemistry,2021-01-16,2021-01-18,2021-01-20 19:00:00,67,Routine,Normal
LO123969,APP051850,PAT05533,DOC059,DEP006,FAC005,LAB012,HbA1c,Biochemistry,2021-06-21,2021-06-21,2021-06-22 05:00:00,29,Routine,Normal
LO123977,APP061032,PAT09103,DOC008,DEP003,FAC003,LAB007,Urine Routine,Microbiology,2023-11-29,2023-11-29,2023-11-30 18:00:00,42,Routine,Normal
LO123987,APP070539,PAT05693,DOC015,DEP005,FAC005,LAB002,Blood Glucose,Biochemistry,2024-08-21,2024-08-22,2024-08-24 05:00:00,53,Routine,Normal
LO123988,APP052109,PAT08998,DOC025,DEP007,FAC005,LAB004,Liver Function Test,Biochemistry,2024-04-25,2024-04-25,2024-04-29 21:00:00,117,Routine,Normal
LO123990,APP070692,PAT05752,DOC056,DEP001,FAC003,LAB010,Ultrasound Abdomen,Radiology,2023-12-09,2023-12-10,2023-12-14 04:00:00,100,Routine,Normal
LO123991,APP054535,PAT00669,DOC021,DEP005,FAC001,LAB009,Chest X-Ray,Radiology,2026-04-28,2026-04-28,2026-04-30 03:00:00,51,Urgent,Normal
LO123994,APP073698,PAT01499,DOC045,DEP007,FAC004,LAB014,Blood Culture,Microbiology,2025-07-05,2025-07-05,2025-07-06 17:00:00,41,Routine,Normal
LO124001,APP050483,PAT14816,DOC052,DEP002,FAC004,LAB013,COVID PCR,Molecular Diagnostics,2022-07-16,2022-07-17,2022-07-20 06:00:00,78,Routine,Normal
LO124009,APP062550,PAT00231,DOC059,DEP006,FAC005,LAB014,Blood Culture,Microbiology,2024-04-26,2024-04-26,2024-04-26 13:00:00,13,Routine,Normal
LO124010,APP065960,PAT04190,DOC047,DEP006,FAC005,LAB004,Liver Function Test,Biochemistry,2026-09-09,2026-09-09,2026-09-12 13:00:00,85,Routine,Normal
LO124024,APP057866,PAT13944,DOC014,DEP004,FAC004,LAB011,ECG,Cardiology Diagnostics,2026-02-03,2026-02-04,2026-02-06 12:00:00,60,Routine,Normal
LO124027,APP073279,PAT04149,DOC054,DEP003,FAC003,LAB009,Chest X-Ray,Radiology,2025-11-13,2025-11-14,2025-11-17 09:00:00,81,Routine,Normal
LO124032,APP062248,PAT04063,DOC028,DEP001,FAC003,LAB004,Liver Function Test,Biochemistry,2021-04-08,2021-04-09,2021-04-11 22:00:00,70,Routine,Normal
LO124033,APP066808,PAT06339,DOC021,DEP005,FAC001,LAB015,Electrolytes Panel,Biochemistry,2021-07-02,2021-07-04,2021-07-04 01:00:00,1,Routine,Normal
LO124034,APP058159,PAT04683,DOC008,DEP003,FAC003,LAB011,ECG,Cardiology Diagnostics,2024-05-03,2024-05-04,2024-05-06 01:00:00,49,Routine,Normal
LO124036,APP053473,PAT13998,DOC053,DEP007,FAC005,LAB003,Lipid Profile,Biochemistry,2023-01-23,2023-01-23,2023-01-24 00:00:00,24,Routine,Abnormal
LO124042,APP052480,PAT05564,DOC001,DEP001,FAC001,LAB011,ECG,Cardiology Diagnostics,2021-09-24,2021-09-25,2021-09-29 03:00:00,99,Routine,Normal
LO124051,APP050316,PAT02472,DOC054,DEP003,FAC003,LAB013,COVID PCR,Molecular Diagnostics,2023-09-17,2023-09-18,2023-09-20 19:00:00,67,Routine,Normal
LO124053,APP072912,PAT07866,DOC056,DEP001,FAC003,LAB005,Kidney Function Test,Biochemistry,2022-12-01,2022-12-02,2022-12-02 01:00:00,1,Routine,Normal
LO124057,APP052117,PAT06348,DOC045,DEP007,FAC004,LAB012,HbA1c,Biochemistry,2024-02-27,2024-02-27,2024-03-02 15:00:00,111,Routine,Normal
LO124060,APP070244,PAT12388,DOC032,DEP002,FAC002,LAB004,Liver Function Test,Biochemistry,2021-12-10,2021-12-10,2021-12-10 11:00:00,11,Routine,Normal
LO124067,APP057917,PAT00246,DOC005,DEP001,FAC005,LAB008,Urine Culture,Microbiology,2025-08-19,2025-08-21,2025-08-23 11:00:00,59,Routine,Normal
LO124068,APP055424,PAT11621,DOC027,DEP001,FAC002,LAB001,Complete Blood Count,Hematology,2022-06-03,2022-06-03,2022-06-03 01:00:00,1,Stat,Abnormal
LO124077,APP065138,PAT09150,DOC027,DEP001,FAC002,LAB001,Complete Blood Count,Hematology,2023-05-07,2023-05-07,2023-05-08 17:00:00,41,Routine,Normal
LO124085,APP051803,PAT13930,DOC055,DEP006,FAC004,LAB011,ECG,Cardiology Diagnostics,2022-10-05,2022-10-06,2022-10-10 09:00:00,105,Routine,Normal
LO124087,APP064257,PAT09973,DOC029,DEP007,FAC004,LAB010,Ultrasound Abdomen,Radiology,2023-03-09,2023-03-09,2023-03-13 10:00:00,106,Routine,Normal
LO124091,APP060266,PAT04879,DOC019,DEP005,FAC004,LAB003,Lipid Profile,Biochemistry,2025-12-20,2025-12-22,2025-12-26 04:00:00,100,Urgent,Abnormal
LO124094,APP057001,PAT00069,DOC051,DEP005,FAC002,LAB002,Blood Glucose,Biochemistry,2025-09-18,2025-09-19,2025-09-20 04:00:00,28,Routine,Normal
LO124096,APP070581,PAT04418,DOC037,DEP005,FAC002,LAB010,Ultrasound Abdomen,Radiology,2022-05-02,2022-05-02,2022-05-02 10:00:00,10,Routine,Normal
LO124105,APP069980,PAT08604,DOC014,DEP004,FAC004,LAB005,Kidney Function Test,Biochemistry,2024-08-20,2024-08-20,2024-08-21 19:00:00,43,Routine,Normal
LO124109,APP058309,PAT10109,DOC060,DEP006,FAC005,LAB001,Complete Blood Count,Hematology,2024-03-22,2024-03-22,2024-03-24 22:00:00,70,Routine,Normal
LO124113,APP072167,PAT14788,DOC009,DEP002,FAC004,LAB002,Blood Glucose,Biochemistry,2024-02-27,2024-02-28,2024-02-29 16:00:00,40,Routine,Normal
LO124114,APP051238,PAT06463,DOC035,DEP001,FAC005,LAB003,Lipid Profile,Biochemistry,2026-07-27,2026-07-28,2026-07-30 03:00:00,51,Routine,Normal
LO124124,APP072076,PAT05021,DOC033,DEP003,FAC003,LAB009,Chest X-Ray,Radiology,2022-02-03,2022-02-04,2022-02-04 01:00:00,1,Routine,Normal
LO124128,APP069202,PAT12793,DOC037,DEP005,FAC002,LAB014,Blood Culture,Microbiology,2026-05-19,2026-05-19,2026-05-23 04:00:00,100,Routine,Normal
LO124135,APP067108,PAT03596,DOC027,DEP001,FAC002,LAB015,Electrolytes Panel,Biochemistry,2021-10-25,2021-10-25,2021-10-30 00:00:00,120,Routine,Abnormal
LO124137,APP073275,PAT14727,DOC050,DEP005,FAC003,LAB001,Complete Blood Count,Hematology,2021-10-02,2021-10-04,2021-10-06 23:00:00,71,Routine,Normal
LO124140,APP072715,PAT03064,DOC007,DEP002,FAC002,LAB012,HbA1c,Biochemistry,2021-11-13,2021-11-13,2021-11-13 18:00:00,18,Routine,Abnormal
LO124141,APP070720,PAT11298,DOC012,DEP005,FAC002,LAB013,COVID PCR,Molecular Diagnostics,2024-08-29,2024-08-29,2024-09-01 20:00:00,92,Routine,Normal
LO124145,APP063847,PAT09086,DOC043,DEP008,FAC003,LAB002,Blood Glucose,Biochemistry,2025-12-05,2025-12-06,2025-12-10 11:00:00,107,Routine,Normal
LO124150,APP061565,PAT08179,DOC002,DEP001,FAC002,LAB009,Chest X-Ray,Radiology,2024-06-17,2024-06-18,2024-06-22 08:00:00,104,Routine,Normal
LO124161,APP071442,PAT00171,DOC038,DEP005,FAC003,LAB004,Liver Function Test,Biochemistry,2023-01-24,2023-01-24,2023-01-25 19:00:00,43,Routine,Normal
LO124169,APP054061,PAT11764,DOC057,DEP001,FAC002,LAB010,Ultrasound Abdomen,Radiology,2025-05-05,2025-05-06,2025-05-08 12:00:00,60,Routine,Normal
LO124177,APP056759,PAT05385,DOC017,DEP006,FAC002,LAB001,Complete Blood Count,Hematology,2024-03-21,2024-03-21,2024-03-26 00:00:00,120,Routine,Abnormal
LO124179,APP069278,PAT00863,DOC051,DEP005,FAC002,LAB009,Chest X-Ray,Radiology,2024-09-17,2024-09-18,2024-09-22 08:00:00,104,Routine,Normal
LO124180,APP053952,PAT11374,DOC060,DEP006,FAC005,LAB003,Lipid Profile,Biochemistry,2026-03-19,2026-03-20,2026-03-21 15:00:00,39,Routine,Normal
LO124184,APP062407,PAT12880,DOC017,DEP006,FAC002,LAB009,Chest X-Ray,Radiology,2025-05-15,2025-05-16,2025-05-20 23:00:00,119,Routine,Normal
LO124187,APP072092,PAT03828,DOC027,DEP001,FAC002,LAB006,Thyroid Profile,Immunology,2024-01-11,2024-01-11,2024-01-14 02:00:00,74,Routine,Abnormal
LO124197,APP063865,PAT12114,DOC028,DEP001,FAC003,LAB002,Blood Glucose,Biochemistry,2024-07-05,2024-07-05,2024-07-06 11:00:00,35,Routine,Normal
LO124200,APP064217,PAT08727,DOC037,DEP005,FAC002,LAB015,Electrolytes Panel,Biochemistry,2026-01-05,2026-01-05,2026-01-08 16:00:00,88,Routine,Normal
LO124205,APP055157,PAT08974,DOC057,DEP001,FAC002,LAB001,Complete Blood Count,Hematology,2024-09-24,2024-09-24,2024-09-27 02:00:00,74,Routine,Normal
LO124206,APP069212,PAT07924,DOC041,DEP001,FAC005,LAB001,Complete Blood Count,Hematology,2021-10-22,2021-10-22,2021-10-26 21:00:00,117,Routine,Normal
LO124207,APP073320,PAT10044,DOC051,DEP005,FAC002,LAB014,Blood Culture,Microbiology,2023-03-22,2023-03-22,2023-03-25 23:00:00,95,Routine,Normal
LO124208,APP065820,PAT12405,DOC060,DEP006,FAC005,LAB015,Electrolytes Panel,Biochemistry,2025-06-09,2025-06-10,2025-06-12 12:00:00,60,Routine,Normal
LO124211,APP064397,PAT01086,DOC048,DEP002,FAC001,LAB007,Urine Routine,Microbiology,2023-06-14,2023-06-14,2023-06-16 12:00:00,60,Routine,Normal
LO124214,APP070699,PAT05528,DOC017,DEP006,FAC002,LAB002,Blood Glucose,Biochemistry,2026-10-29,2026-10-30,2026-10-30 18:00:00,18,Routine,Normal
LO124219,APP058655,PAT00579,DOC047,DEP006,FAC005,LAB015,Electrolytes Panel,Biochemistry,2024-10-29,2024-10-30,2024-11-01 21:00:00,69,Routine,Normal
LO124220,APP072391,PAT09786,DOC048,DEP002,FAC001,LAB010,Ultrasound Abdomen,Radiology,2022-02-03,2022-02-03,2022-02-05 05:00:00,53,Routine,Normal
LO124224,APP063443,PAT08529,DOC018,DEP007,FAC003,LAB005,Kidney Function Test,Biochemistry,2022-07-27,2022-07-27,2022-08-01 00:00:00,120,Routine,Normal
LO124225,APP062602,PAT06959,DOC052,DEP002,FAC004,LAB005,Kidney Function Test,Biochemistry,2026-07-10,2026-07-11,2026-07-12 22:00:00,46,Routine,Normal
LO124229,APP054837,PAT09884,DOC003,DEP001,FAC003,LAB015,Electrolytes Panel,Biochemistry,2021-12-06,2021-12-06,2021-12-06 21:00:00,21,Routine,Abnormal
LO124256,APP066012,PAT09268,DOC025,DEP007,FAC005,LAB002,Blood Glucose,Biochemistry,2026-01-07,2026-01-08,2026-01-12 07:00:00,103,Routine,Normal
LO124259,APP051570,PAT13370,DOC025,DEP007,FAC005,LAB002,Blood Glucose,Biochemistry,2023-01-05,2023-01-06,2023-01-06 01:00:00,1,Routine,Normal
LO124260,APP068454,PAT05235,DOC044,DEP005,FAC002,LAB010,Ultrasound Abdomen,Radiology,2022-09-25,2022-09-27,2022-10-01 08:00:00,104,Routine,Normal
LO124266,APP054522,PAT09341,DOC009,DEP002,FAC004,LAB008,Urine Culture,Microbiology,2023-12-22,2023-12-24,2023-12-26 23:00:00,71,Routine,Normal
LO124274,APP057301,PAT11810,DOC054,DEP003,FAC003,LAB011,ECG,Cardiology Diagnostics,2023-11-27,2023-11-27,2023-12-02 00:00:00,120,Routine,Normal
LO124276,APP059739,PAT00764,DOC012,DEP005,FAC002,LAB015,Electrolytes Panel,Biochemistry,2021-08-09,2021-08-09,2021-08-12 00:00:00,72,Routine,Normal
LO124279,APP064227,PAT06476,DOC017,DEP006,FAC002,LAB003,Lipid Profile,Biochemistry,2026-09-07,2026-09-08,2026-09-09 13:00:00,37,Routine,Normal
LO124286,APP066775,PAT07062,DOC038,DEP005,FAC003,LAB015,Electrolytes Panel,Biochemistry,2024-08-21,2024-08-21,2024-08-22 01:00:00,25,Routine,Normal
LO124289,APP052439,PAT09296,DOC058,DEP001,FAC004,LAB008,Urine Culture,Microbiology,2026-07-31,2026-08-01,2026-08-04 11:00:00,83,Routine,Abnormal
LO124293,APP055642,PAT04505,DOC011,DEP003,FAC001,LAB011,ECG,Cardiology Diagnostics,2026-12-01,2026-12-01,2026-12-04 00:00:00,72,Routine,Normal
LO124295,APP063192,PAT09973,DOC044,DEP005,FAC002,LAB013,COVID PCR,Molecular Diagnostics,2024-08-20,2024-08-20,2024-08-21 10:00:00,34,Urgent,Normal
LO124297,APP072269,PAT12808,DOC005,DEP001,FAC005,LAB005,Kidney Function Test,Biochemistry,2025-05-16,2025-05-16,2025-05-19 22:00:00,94,Routine,Normal
LO124306,APP065150,PAT13538,DOC011,DEP003,FAC001,LAB004,Liver Function Test,Biochemistry,2023-02-05,2023-02-07,2023-02-10 05:00:00,77,Routine,Normal
LO124309,APP074450,PAT10292,DOC030,DEP008,FAC005,LAB004,Liver Function Test,Biochemistry,2022-08-27,2022-08-28,2022-08-29 19:00:00,43,Routine,Normal
LO124311,APP072009,PAT09660,DOC003,DEP001,FAC003,LAB001,Complete Blood Count,Hematology,2024-05-10,2024-05-11,2024-05-13 11:00:00,59,Routine,Abnormal
LO124324,APP058880,PAT00115,DOC048,DEP002,FAC001,LAB003,Lipid Profile,Biochemistry,2022-11-03,2022-11-03,2022-11-03 01:00:00,1,Routine,Normal
LO124353,APP063392,PAT11806,DOC019,DEP005,FAC004,LAB015,Electrolytes Panel,Biochemistry,2022-02-01,2022-02-01,2022-02-03 00:00:00,48,Routine,Normal
LO124358,APP055754,PAT06622,DOC038,DEP005,FAC003,LAB001,Complete Blood Count,Hematology,2024-07-23,2024-07-25,2024-07-27 14:00:00,62,Urgent,Normal
LO124360,APP050745,PAT00185,DOC004,DEP001,FAC004,LAB002,Blood Glucose,Biochemistry,2023-11-24,2023-11-26,2023-11-28 10:00:00,58,Routine,Abnormal
LO124365,APP065291,PAT05713,DOC059,DEP006,FAC005,LAB014,Blood Culture,Microbiology,2025-01-15,2025-01-17,2025-01-17 02:00:00,2,Routine,Normal
LO124369,APP062506,PAT11147,DOC054,DEP003,FAC003,LAB015,Electrolytes Panel,Biochemistry,2022-12-24,2022-12-24,2022-12-26 10:00:00,58,Routine,Normal
LO124375,APP062544,PAT08975,DOC051,DEP005,FAC002,LAB009,Chest X-Ray,Radiology,2024-07-11,2024-07-11,2024-07-15 20:00:00,116,Routine,Normal
LO124378,APP058867,PAT07170,DOC052,DEP002,FAC004,LAB015,Electrolytes Panel,Biochemistry,2021-05-10,2021-05-11,2021-05-11 20:00:00,20,Routine,Normal
LO124383,APP067870,PAT05045,DOC019,DEP005,FAC004,LAB015,Electrolytes Panel,Biochemistry,2021-05-20,2021-05-20,2021-05-22 10:00:00,58,Urgent,Normal
LO124388,APP062935,PAT02627,DOC031,DEP001,FAC001,LAB009,Chest X-Ray,Radiology,2022-01-29,2022-01-31,2022-02-02 22:00:00,70,Routine,Normal
LO124393,APP069177,PAT06713,DOC054,DEP003,FAC003,LAB006,Thyroid Profile,Immunology,2026-07-31,2026-08-01,2026-08-02 20:00:00,44,Routine,Abnormal
LO124396,APP061507,PAT02232,DOC053,DEP007,FAC005,LAB001,Complete Blood Count,Hematology,2023-06-13,2023-06-14,2023-06-16 10:00:00,58,Routine,Normal
LO124403,APP061370,PAT08935,DOC024,DEP006,FAC004,LAB008,Urine Culture,Microbiology,2023-01-20,2023-01-21,2023-01-24 07:00:00,79,Routine,Normal
LO124404,APP053471,PAT00340,DOC052,DEP002,FAC004,LAB010,Ultrasound Abdomen,Radiology,2021-05-04,2021-05-04,2021-05-06 23:00:00,71,Routine,Normal
LO124406,APP063553,PAT05235,DOC021,DEP005,FAC001,LAB010,Ultrasound Abdomen,Radiology,2022-07-01,2022-07-02,2022-07-04 18:00:00,66,Stat,Normal
LO124428,APP060284,PAT13470,DOC009,DEP002,FAC004,LAB003,Lipid Profile,Biochemistry,2024-03-04,2024-03-04,2024-03-05 00:00:00,24,Urgent,Normal
LO124429,APP056571,PAT14454,DOC024,DEP006,FAC004,LAB009,Chest X-Ray,Radiology,2026-08-07,2026-08-07,2026-08-11 08:00:00,104,Routine,Normal
LO124430,APP064594,PAT03261,DOC040,DEP003,FAC005,LAB005,Kidney Function Test,Biochemistry,2022-07-22,2022-07-23,2022-07-23 09:00:00,9,Urgent,Normal
LO124432,APP065845,PAT01706,DOC060,DEP006,FAC005,LAB003,Lipid Profile,Biochemistry,2024-09-03,2024-09-03,2024-09-06 22:00:00,94,Routine,Normal
LO124436,APP071173,PAT01003,DOC027,DEP001,FAC002,LAB015,Electrolytes Panel,Biochemistry,2024-01-12,2024-01-12,2024-01-14 00:00:00,48,Routine,Normal
LO124444,APP058871,PAT13593,DOC001,DEP001,FAC001,LAB006,Thyroid Profile,Immunology,2024-07-04,2024-07-04,2024-07-06 12:00:00,60,Routine,Normal
LO124450,APP066177,PAT07922,DOC034,DEP001,FAC004,LAB011,ECG,Cardiology Diagnostics,2025-03-15,2025-03-15,2025-03-17 23:00:00,71,Routine,Normal
LO124458,APP058384,PAT00036,DOC033,DEP003,FAC003,LAB015,Electrolytes Panel,Biochemistry,2026-09-16,2026-09-18,2026-09-20 11:00:00,59,Routine,Normal
LO124461,APP066003,PAT05235,DOC026,DEP008,FAC001,LAB015,Electrolytes Panel,Biochemistry,2021-09-26,2021-09-26,2021-10-01 00:00:00,120,Routine,Normal
LO124465,APP053882,PAT02996,DOC031,DEP001,FAC001,LAB009,Chest X-Ray,Radiology,2024-12-11,2024-12-12,2024-12-13 17:00:00,41,Routine,Normal
LO124483,APP070791,PAT11022,DOC005,DEP001,FAC005,LAB014,Blood Culture,Microbiology,2024-06-10,2024-06-11,2024-06-14 17:00:00,89,Routine,Normal
LO124488,APP074843,PAT03861,DOC012,DEP005,FAC002,LAB006,Thyroid Profile,Immunology,2024-01-19,2024-01-19,2024-01-22 21:00:00,93,Urgent,Normal
LO124489,APP071085,PAT05837,DOC009,DEP002,FAC004,LAB003,Lipid Profile,Biochemistry,2022-10-03,2022-10-03,2022-10-06 01:00:00,73,Urgent,Normal
LO124491,APP065353,PAT12812,DOC008,DEP003,FAC003,LAB013,COVID PCR,Molecular Diagnostics,2025-12-12,2025-12-12,2025-12-13 23:00:00,47,Urgent,Normal
LO124493,APP066326,PAT14521,DOC057,DEP001,FAC002,LAB006,Thyroid Profile,Immunology,2024-02-11,2024-02-12,2024-02-13 17:00:00,41,Routine,Normal
LO124505,APP059159,PAT04803,DOC042,DEP003,FAC003,LAB005,Kidney Function Test,Biochemistry,2026-11-09,2026-11-09,2026-11-11 10:00:00,58,Urgent,Normal
LO124506,APP066866,PAT00430,DOC021,DEP005,FAC001,LAB008,Urine Culture,Microbiology,2024-09-18,2024-09-19,2024-09-20 05:00:00,29,Routine,Abnormal
LO124518,APP069435,PAT06114,DOC019,DEP005,FAC004,LAB009,Chest X-Ray,Radiology,2021-12-12,2021-12-13,2021-12-13 08:00:00,8,Urgent,Critical
LO124521,APP073446,PAT13421,DOC045,DEP007,FAC004,LAB012,HbA1c,Biochemistry,2023-02-24,2023-02-24,2023-02-27 08:00:00,80,Routine,Normal
LO124528,APP052997,PAT06437,DOC018,DEP007,FAC003,LAB007,Urine Routine,Microbiology,2025-09-29,2025-09-29,2025-10-02 21:00:00,93,Routine,Normal
LO124535,APP059571,PAT04871,DOC016,DEP004,FAC001,LAB015,Electrolytes Panel,Biochemistry,2023-09-19,2023-09-19,2023-09-21 08:00:00,56,Routine,Normal
LO124538,APP068942,PAT11728,DOC009,DEP002,FAC004,LAB001,Complete Blood Count,Hematology,2021-01-16,2021-01-17,2021-01-20 14:00:00,86,Routine,Normal
LO124541,APP059305,PAT09141,DOC030,DEP008,FAC005,LAB007,Urine Routine,Microbiology,2024-12-27,2024-12-27,2024-12-27 01:00:00,1,Routine,Abnormal
LO124542,APP053165,PAT05943,DOC048,DEP002,FAC001,LAB003,Lipid Profile,Biochemistry,2021-03-10,2021-03-11,2021-03-14 14:00:00,86,Routine,Normal
LO124552,APP061824,PAT13403,DOC009,DEP002,FAC004,LAB005,Kidney Function Test,Biochemistry,2022-10-04,2022-10-04,2022-10-06 22:00:00,70,Routine,Abnormal
LO124557,APP067991,PAT09627,DOC002,DEP001,FAC002,LAB005,Kidney Function Test,Biochemistry,2025-04-27,2025-04-27,2025-04-28 21:00:00,45,Routine,Abnormal
LO124560,APP055259,PAT06988,DOC026,DEP008,FAC001,LAB005,Kidney Function Test,Biochemistry,2023-02-24,2023-02-25,2023-02-27 05:00:00,53,Routine,Normal
LO124563,APP054170,PAT14820,DOC032,DEP002,FAC002,LAB006,Thyroid Profile,Immunology,2024-03-18,2024-03-18,2024-03-20 09:00:00,57,Urgent,Normal
LO124564,APP052785,PAT11288,DOC054,DEP003,FAC003,LAB001,Complete Blood Count,Hematology,2023-08-10,2023-08-10,2023-08-12 09:00:00,57,Routine,Normal
LO124565,APP060108,PAT02145,DOC020,DEP006,FAC005,LAB008,Urine Culture,Microbiology,2026-07-01,2026-07-02,2026-07-07 00:00:00,120,Routine,Normal
LO124569,APP050361,PAT07075,DOC018,DEP007,FAC003,LAB006,Thyroid Profile,Immunology,2026-10-18,2026-10-18,2026-10-20 00:00:00,48,Routine,Normal
LO124575,APP054661,PAT06551,DOC027,DEP001,FAC002,LAB002,Blood Glucose,Biochemistry,2025-02-15,2025-02-15,2025-02-17 18:00:00,66,Routine,Normal
LO124578,APP070708,PAT13538,DOC030,DEP008,FAC005,LAB005,Kidney Function Test,Biochemistry,2026-11-09,2026-11-10,2026-11-15 00:00:00,120,Routine,Normal
LO124579,APP064904,PAT07653,DOC001,DEP001,FAC001,LAB011,ECG,Cardiology Diagnostics,2024-11-05,2024-11-05,2024-11-08 20:00:00,92,Urgent,Normal
LO124580,APP063681,PAT13550,DOC009,DEP002,FAC004,LAB013,COVID PCR,Molecular Diagnostics,2021-12-29,2021-12-30,2022-01-02 20:00:00,92,Routine,Normal
LO124582,APP058128,PAT09692,DOC041,DEP001,FAC005,LAB010,Ultrasound Abdomen,Radiology,2022-09-23,2022-09-25,2022-09-25 23:00:00,23,Routine,Normal
LO124590,APP069739,PAT11159,DOC028,DEP001,FAC003,LAB003,Lipid Profile,Biochemistry,2025-06-12,2025-06-13,2025-06-14 05:00:00,29,Routine,Normal
LO124591,APP061727,PAT03947,DOC006,DEP002,FAC001,LAB010,Ultrasound Abdomen,Radiology,2024-10-29,2024-10-31,2024-11-01 15:00:00,39,Urgent,Normal
LO124593,APP064781,PAT10529,DOC043,DEP008,FAC003,LAB002,Blood Glucose,Biochemistry,2021-07-16,2021-07-17,2021-07-19 02:00:00,50,Routine,Normal
LO124594,APP054543,PAT08937,DOC027,DEP001,FAC002,LAB004,Liver Function Test,Biochemistry,2023-11-24,2023-11-24,2023-11-26 19:00:00,67,Routine,Normal
LO124609,APP060570,PAT12968,DOC038,DEP005,FAC003,LAB014,Blood Culture,Microbiology,2026-08-18,2026-08-18,2026-08-20 00:00:00,48,Routine,Abnormal
LO124613,APP061985,PAT08992,DOC041,DEP001,FAC005,LAB014,Blood Culture,Microbiology,2025-03-06,2025-03-07,2025-03-10 01:00:00,73,Routine,Normal
LO124615,APP070019,PAT03996,DOC058,DEP001,FAC004,LAB004,Liver Function Test,Biochemistry,2024-01-25,2024-01-25,2024-01-27 13:00:00,61,Routine,Normal
LO124618,APP063992,PAT03188,DOC032,DEP002,FAC002,LAB008,Urine Culture,Microbiology,2022-04-02,2022-04-02,2022-04-04 23:00:00,71,Routine,Normal
LO124619,APP058308,PAT10347,DOC050,DEP005,FAC003,LAB014,Blood Culture,Microbiology,2024-04-22,2024-04-23,2024-04-24 08:00:00,32,Routine,Normal
LO124623,APP068739,PAT08547,DOC038,DEP005,FAC003,LAB004,Liver Function Test,Biochemistry,2021-12-15,2021-12-15,2021-12-15 21:00:00,21,Routine,Abnormal
LO124625,APP060896,PAT13819,DOC035,DEP001,FAC005,LAB005,Kidney Function Test,Biochemistry,2021-12-31,2021-12-31,2022-01-03 19:00:00,91,Routine,Normal
LO124628,APP067192,PAT05398,DOC024,DEP006,FAC004,LAB006,Thyroid Profile,Immunology,2022-07-07,2022-07-08,2022-07-11 18:00:00,90,Routine,Normal
LO124630,APP073370,PAT04780,DOC009,DEP002,FAC004,LAB013,COVID PCR,Molecular Diagnostics,2021-04-22,2021-04-23,2021-04-25 20:00:00,68,Routine,Abnormal
LO124637,APP067484,PAT07062,DOC017,DEP006,FAC002,LAB011,ECG,Cardiology Diagnostics,2024-06-27,2024-06-29,2024-07-02 16:00:00,88,Routine,Normal
LO124638,APP056331,PAT01523,DOC048,DEP002,FAC001,LAB002,Blood Glucose,Biochemistry,2026-08-12,2026-08-12,2026-08-14 09:00:00,57,Routine,Normal
LO124639,APP074503,PAT14043,DOC048,DEP002,FAC001,LAB012,HbA1c,Biochemistry,2026-01-28,2026-01-28,2026-01-30 11:00:00,59,Routine,Normal
LO124642,APP061473,PAT12408,DOC055,DEP006,FAC004,LAB012,HbA1c,Biochemistry,2021-07-29,2021-07-30,2021-08-01 02:00:00,50,Routine,Abnormal
LO124647,APP059506,PAT09702,DOC043,DEP008,FAC003,LAB004,Liver Function Test,Biochemistry,2023-05-27,2023-05-28,2023-05-30 21:00:00,69,Routine,Normal
LO124648,APP051858,PAT04709,DOC052,DEP002,FAC004,LAB014,Blood Culture,Microbiology,2022-12-24,2022-12-25,2022-12-27 01:00:00,49,Routine,Normal
LO124650,APP074110,PAT00466,DOC032,DEP002,FAC002,LAB002,Blood Glucose,Biochemistry,2023-05-04,2023-05-05,2023-05-06 18:00:00,42,Urgent,Abnormal
LO124665,APP072852,PAT01374,DOC016,DEP004,FAC001,LAB015,Electrolytes Panel,Biochemistry,2025-07-04,2025-07-05,2025-07-05 18:00:00,18,Routine,Normal
LO124666,APP055548,PAT13821,DOC059,DEP006,FAC005,LAB002,Blood Glucose,Biochemistry,2024-01-02,2024-01-02,2024-01-04 17:00:00,65,Routine,Normal
LO124669,APP055676,PAT08529,DOC011,DEP003,FAC001,LAB003,Lipid Profile,Biochemistry,2026-02-28,2026-02-28,2026-03-03 06:00:00,78,Routine,Normal
LO124678,APP060921,PAT13905,DOC057,DEP001,FAC002,LAB009,Chest X-Ray,Radiology,2025-02-17,2025-02-17,2025-02-20 17:00:00,89,Routine,Abnormal
LO124693,APP059197,PAT12115,DOC032,DEP002,FAC002,LAB005,Kidney Function Test,Biochemistry,2026-09-25,2026-09-25,2026-09-29 11:00:00,107,Urgent,Normal
LO124703,APP056449,PAT07360,DOC014,DEP004,FAC004,LAB005,Kidney Function Test,Biochemistry,2022-01-15,2022-01-16,2022-01-17 00:00:00,24,Routine,Normal
LO124713,APP069062,PAT13323,DOC029,DEP007,FAC004,LAB010,Ultrasound Abdomen,Radiology,2022-08-09,2022-08-09,2022-08-11 03:00:00,51,Routine,Abnormal
LO124714,APP065360,PAT14701,DOC008,DEP003,FAC003,LAB013,COVID PCR,Molecular Diagnostics,2021-09-20,2021-09-21,2021-09-21 19:00:00,19,Routine,Normal
LO124725,APP068792,PAT01804,DOC048,DEP002,FAC001,LAB007,Urine Routine,Microbiology,2022-01-20,2022-01-20,2022-01-21 22:00:00,46,Routine,Normal
LO124731,APP056154,PAT13982,DOC031,DEP001,FAC001,LAB013,COVID PCR,Molecular Diagnostics,2023-02-13,2023-02-14,2023-02-17 07:00:00,79,Routine,Normal
LO124734,APP057452,PAT07111,DOC058,DEP001,FAC004,LAB012,HbA1c,Biochemistry,2024-10-03,2024-10-03,2024-10-05 20:00:00,68,Routine,Normal
LO124736,APP054228,PAT06891,DOC033,DEP003,FAC003,LAB001,Complete Blood Count,Hematology,2025-03-23,2025-03-23,2025-03-26 15:00:00,87,Routine,Normal
LO124738,APP070801,PAT03102,DOC043,DEP008,FAC003,LAB007,Urine Routine,Microbiology,2026-08-11,2026-08-12,2026-08-13 19:00:00,43,Routine,Abnormal
LO124741,APP056261,PAT11627,DOC032,DEP002,FAC002,LAB014,Blood Culture,Microbiology,2024-03-26,2024-03-28,2024-03-30 16:00:00,64,Routine,Critical
LO124744,APP063174,PAT14179,DOC049,DEP001,FAC003,LAB015,Electrolytes Panel,Biochemistry,2025-04-09,2025-04-10,2025-04-11 17:00:00,41,Routine,Normal
LO124746,APP064481,PAT07291,DOC052,DEP002,FAC004,LAB006,Thyroid Profile,Immunology,2025-10-24,2025-10-24,2025-10-26 03:00:00,51,Routine,Critical
LO124753,APP052868,PAT13997,DOC019,DEP005,FAC004,LAB012,HbA1c,Biochemistry,2025-04-02,2025-04-03,2025-04-04 16:00:00,40,Routine,Normal
LO124761,APP055460,PAT00908,DOC023,DEP008,FAC003,LAB005,Kidney Function Test,Biochemistry,2026-12-18,2026-12-18,2026-12-21 02:00:00,74,Routine,Normal
LO124762,APP055916,PAT09376,DOC059,DEP006,FAC005,LAB005,Kidney Function Test,Biochemistry,2021-06-07,2021-06-07,2021-06-08 23:00:00,47,Routine,Abnormal
LO124764,APP074255,PAT00829,DOC032,DEP002,FAC002,LAB005,Kidney Function Test,Biochemistry,2025-08-12,2025-08-13,2025-08-17 04:00:00,100,Routine,Abnormal
LO124769,APP056761,PAT14813,DOC005,DEP001,FAC005,LAB015,Electrolytes Panel,Biochemistry,2024-10-17,2024-10-18,2024-10-20 08:00:00,56,Routine,Normal
LO124782,APP054755,PAT13153,DOC016,DEP004,FAC001,LAB012,HbA1c,Biochemistry,2022-08-01,2022-08-01,2022-08-02 09:00:00,33,Routine,Normal
LO124789,APP055188,PAT09394,DOC026,DEP008,FAC001,LAB010,Ultrasound Abdomen,Radiology,2022-01-13,2022-01-14,2022-01-16 23:00:00,71,Routine,Normal
LO124791,APP060532,PAT00612,DOC038,DEP005,FAC003,LAB015,Electrolytes Panel,Biochemistry,2025-12-09,2025-12-10,2025-12-13 17:00:00,89,Routine,Normal
LO124795,APP057311,PAT14995,DOC038,DEP005,FAC003,LAB011,ECG,Cardiology Diagnostics,2021-07-12,2021-07-13,2021-07-14 13:00:00,37,Routine,Normal
LO124798,APP055515,PAT13164,DOC043,DEP008,FAC003,LAB003,Lipid Profile,Biochemistry,2026-12-28,2026-12-28,2027-01-02 00:00:00,120,Routine,Normal
LO124819,APP054196,PAT00304,DOC031,DEP001,FAC001,LAB015,Electrolytes Panel,Biochemistry,2026-03-14,2026-03-16,2026-03-17 13:00:00,37,Routine,Normal
LO124820,APP062891,PAT12265,DOC044,DEP005,FAC002,LAB013,COVID PCR,Molecular Diagnostics,2022-11-11,2022-11-13,2022-11-15 04:00:00,52,Routine,Abnormal
LO124826,APP068759,PAT08927,DOC018,DEP007,FAC003,LAB008,Urine Culture,Microbiology,2025-11-21,2025-11-21,2025-11-22 18:00:00,42,Routine,Normal
LO124831,APP073606,PAT10207,DOC033,DEP003,FAC003,LAB012,HbA1c,Biochemistry,2024-04-09,2024-04-10,2024-04-11 23:00:00,47,Routine,Abnormal
LO124835,APP056795,PAT08188,DOC047,DEP006,FAC005,LAB009,Chest X-Ray,Radiology,2024-09-08,2024-09-08,2024-09-12 14:00:00,110,Routine,Normal
LO124839,APP058718,PAT09508,DOC032,DEP002,FAC002,LAB005,Kidney Function Test,Biochemistry,2022-09-14,2022-09-14,2022-09-15 20:00:00,44,Routine,Normal
LO124844,APP070314,PAT11718,DOC001,DEP001,FAC001,LAB011,ECG,Cardiology Diagnostics,2022-05-28,2022-05-28,2022-05-31 14:00:00,86,Urgent,Normal
LO124852,APP060633,PAT06071,DOC043,DEP008,FAC003,LAB008,Urine Culture,Microbiology,2025-01-02,2025-01-04,2025-01-05 20:00:00,44,Stat,Normal
LO124853,APP070207,PAT00543,DOC019,DEP005,FAC004,LAB003,Lipid Profile,Biochemistry,2022-09-19,2022-09-19,2022-09-21 16:00:00,64,Routine,Normal
LO124860,APP067044,PAT07248,DOC010,DEP003,FAC005,LAB015,Electrolytes Panel,Biochemistry,2024-01-13,2024-01-13,2024-01-16 15:00:00,87,Routine,Normal
LO124865,APP060967,PAT05767,DOC055,DEP006,FAC004,LAB008,Urine Culture,Microbiology,2024-07-04,2024-07-04,2024-07-06 15:00:00,63,Routine,Normal
LO124871,APP057449,PAT11068,DOC030,DEP008,FAC005,LAB003,Lipid Profile,Biochemistry,2024-07-26,2024-07-26,2024-07-27 04:00:00,28,Routine,Normal
LO124872,APP065814,PAT02332,DOC011,DEP003,FAC001,LAB012,HbA1c,Biochemistry,2025-10-26,2025-10-26,2025-10-30 09:00:00,105,Routine,Normal
LO124880,APP064119,PAT11273,DOC048,DEP002,FAC001,LAB013,COVID PCR,Molecular Diagnostics,2022-04-28,2022-04-29,2022-04-30 22:00:00,46,Urgent,Normal
LO124887,APP054738,PAT00115,DOC019,DEP005,FAC004,LAB009,Chest X-Ray,Radiology,2026-05-10,2026-05-11,2026-05-12 14:00:00,38,Routine,Normal
LO124894,APP064117,PAT09021,DOC005,DEP001,FAC005,LAB014,Blood Culture,Microbiology,2022-09-19,2022-09-19,2022-09-21 07:00:00,55,Routine,Abnormal
LO124915,APP066064,PAT12357,DOC057,DEP001,FAC002,LAB002,Blood Glucose,Biochemistry,2023-08-03,2023-08-03,2023-08-06 09:00:00,81,Routine,Normal
LO124924,APP068968,PAT02910,DOC013,DEP005,FAC003,LAB003,Lipid Profile,Biochemistry,2026-12-31,2027-01-02,2027-01-04 03:00:00,51,Routine,Normal
LO124933,APP056745,PAT10932,DOC024,DEP006,FAC004,LAB012,HbA1c,Biochemistry,2021-04-09,2021-04-10,2021-04-10 01:00:00,1,Urgent,Normal
LO124956,APP060129,PAT13414,DOC044,DEP005,FAC002,LAB002,Blood Glucose,Biochemistry,2021-10-18,2021-10-18,2021-10-22 08:00:00,104,Routine,Normal
LO124958,APP073837,PAT07920,DOC044,DEP005,FAC002,LAB006,Thyroid Profile,Immunology,2026-06-30,2026-07-01,2026-07-04 12:00:00,84,Routine,Normal
LO124960,APP055918,PAT10122,DOC046,DEP001,FAC001,LAB009,Chest X-Ray,Radiology,2023-07-03,2023-07-04,2023-07-06 08:00:00,56,Routine,Normal
LO124964,APP057186,PAT01905,DOC027,DEP001,FAC002,LAB010,Ultrasound Abdomen,Radiology,2021-01-30,2021-02-01,2021-02-04 10:00:00,82,Routine,Normal
LO124968,APP072597,PAT01484,DOC033,DEP003,FAC003,LAB007,Urine Routine,Microbiology,2026-04-22,2026-04-23,2026-04-26 04:00:00,76,Routine,Normal
LO124970,APP068209,PAT04829,DOC006,DEP002,FAC001,LAB003,Lipid Profile,Biochemistry,2022-07-21,2022-07-21,2022-07-22 16:00:00,40,Routine,Normal
LO124972,APP060546,PAT13525,DOC053,DEP007,FAC005,LAB012,HbA1c,Biochemistry,2025-07-09,2025-07-10,2025-07-12 10:00:00,58,Routine,Normal
LO124983,APP055781,PAT05924,DOC024,DEP006,FAC004,LAB002,Blood Glucose,Biochemistry,2022-04-08,2022-04-08,2022-04-13 00:00:00,120,Routine,Normal
LO124986,APP057916,PAT12650,DOC047,DEP006,FAC005,LAB006,Thyroid Profile,Immunology,2021-06-09,2021-06-09,2021-06-10 22:00:00,46,Routine,Normal
LO124990,APP065718,PAT14683,DOC053,DEP007,FAC005,LAB006,Thyroid Profile,Immunology,2026-08-20,2026-08-21,2026-08-24 17:00:00,89,Urgent,Normal
LO125001,APP072036,PAT03614,DOC024,DEP006,FAC004,LAB014,Blood Culture,Microbiology,2025-06-03,2025-06-03,2025-06-07 07:00:00,103,Routine,Normal
LO125004,APP053869,PAT08407,DOC009,DEP002,FAC004,LAB010,Ultrasound Abdomen,Radiology,2024-06-11,2024-06-12,2024-06-14 22:00:00,70,Routine,Normal
LO125013,APP053670,PAT08028,DOC038,DEP005,FAC003,LAB014,Blood Culture,Microbiology,2024-03-16,2024-03-17,2024-03-19 22:00:00,70,Routine,Normal
LO125033,APP074660,PAT06683,DOC040,DEP003,FAC005,LAB011,ECG,Cardiology Diagnostics,2024-07-26,2024-07-27,2024-07-29 13:00:00,61,Routine,Normal
LO125034,APP070654,PAT01023,DOC060,DEP006,FAC005,LAB001,Complete Blood Count,Hematology,2022-09-19,2022-09-19,2022-09-20 18:00:00,42,Urgent,Abnormal
LO125039,APP071018,PAT08061,DOC037,DEP005,FAC002,LAB008,Urine Culture,Microbiology,2022-06-10,2022-06-11,2022-06-14 05:00:00,77,Routine,Normal
LO125043,APP052619,PAT06992,DOC013,DEP005,FAC003,LAB007,Urine Routine,Microbiology,2025-01-27,2025-01-28,2025-01-30 21:00:00,69,Routine,Abnormal
LO125044,APP062778,PAT00908,DOC049,DEP001,FAC003,LAB003,Lipid Profile,Biochemistry,2024-03-21,2024-03-21,2024-03-23 03:00:00,51,Routine,Normal
LO125059,APP058219,PAT13071,DOC020,DEP006,FAC005,LAB014,Blood Culture,Microbiology,2021-12-25,2021-12-26,2021-12-29 18:00:00,90,Routine,Normal
LO125068,APP067886,PAT01394,DOC015,DEP005,FAC005,LAB001,Complete Blood Count,Hematology,2023-08-14,2023-08-14,2023-08-14 15:00:00,15,Routine,Normal
LO125077,APP051415,PAT09056,DOC039,DEP002,FAC004,LAB014,Blood Culture,Microbiology,2023-12-18,2023-12-19,2023-12-21 09:00:00,57,Urgent,Abnormal
LO125079,APP069928,PAT08607,DOC057,DEP001,FAC002,LAB007,Urine Routine,Microbiology,2025-04-01,2025-04-01,2025-04-05 18:00:00,114,Routine,Normal
LO125086,APP055938,PAT04193,DOC032,DEP002,FAC002,LAB006,Thyroid Profile,Immunology,2024-08-09,2024-08-10,2024-08-10 17:00:00,17,Routine,Normal
LO125097,APP053399,PAT02358,DOC002,DEP001,FAC002,LAB015,Electrolytes Panel,Biochemistry,2026-03-24,2026-03-24,2026-03-28 04:00:00,100,Routine,Normal
LO125106,APP061637,PAT03959,DOC012,DEP005,FAC002,LAB009,Chest X-Ray,Radiology,2025-12-28,2025-12-28,2025-12-29 07:00:00,31,Routine,Normal
LO125109,APP066854,PAT00328,DOC040,DEP003,FAC005,LAB006,Thyroid Profile,Immunology,2023-06-26,2023-06-26,2023-07-01 00:00:00,120,Routine,Normal
LO125113,APP070290,PAT11931,DOC008,DEP003,FAC003,LAB013,COVID PCR,Molecular Diagnostics,2024-05-02,2024-05-02,2024-05-02 01:00:00,1,Routine,Normal
LO125117,APP054065,PAT03796,DOC028,DEP001,FAC003,LAB001,Complete Blood Count,Hematology,2021-07-12,2021-07-13,2021-07-15 23:00:00,71,Routine,Normal
LO125120,APP059602,PAT03690,DOC045,DEP007,FAC004,LAB004,Liver Function Test,Biochemistry,2024-11-07,2024-11-08,2024-11-09 21:00:00,45,Routine,Normal
LO125122,APP071607,PAT07008,DOC015,DEP005,FAC005,LAB013,COVID PCR,Molecular Diagnostics,2022-02-24,2022-02-24,2022-02-25 08:00:00,32,Routine,Normal
LO125131,APP054202,PAT02068,DOC034,DEP001,FAC004,LAB012,HbA1c,Biochemistry,2022-12-02,2022-12-02,2022-12-03 19:00:00,43,Routine,Normal
LO125133,APP068218,PAT13555,DOC029,DEP007,FAC004,LAB001,Complete Blood Count,Hematology,2026-03-06,2026-03-06,2026-03-08 19:00:00,67,Urgent,Normal
LO125138,APP067469,PAT10110,DOC021,DEP005,FAC001,LAB002,Blood Glucose,Biochemistry,2024-03-25,2024-03-27,2024-03-28 06:00:00,30,Routine,Normal
LO125146,APP067710,PAT13116,DOC008,DEP003,FAC003,LAB005,Kidney Function Test,Biochemistry,2024-06-18,2024-06-18,2024-06-20 01:00:00,49,Routine,Normal
LO125149,APP065910,PAT05206,DOC055,DEP006,FAC004,LAB006,Thyroid Profile,Immunology,2026-04-07,2026-04-08,2026-04-12 11:00:00,107,Routine,Normal
LO125154,APP058969,PAT06867,DOC031,DEP001,FAC001,LAB001,Complete Blood Count,Hematology,2022-05-18,2022-05-18,2022-05-21 08:00:00,80,Routine,Normal
LO125164,APP073459,PAT11976,DOC049,DEP001,FAC003,LAB001,Complete Blood Count,Hematology,2021-01-19,2021-01-19,2021-01-23 15:00:00,111,Urgent,Normal
LO125169,APP066433,PAT02488,DOC015,DEP005,FAC005,LAB006,Thyroid Profile,Immunology,2024-10-02,2024-10-03,2024-10-06 07:00:00,79,Routine,Normal
LO125174,APP074232,PAT01845,DOC054,DEP003,FAC003,LAB003,Lipid Profile,Biochemistry,2024-03-03,2024-03-03,2024-03-05 19:00:00,67,Routine,Normal
LO125177,APP061112,PAT05599,DOC037,DEP005,FAC002,LAB014,Blood Culture,Microbiology,2026-02-25,2026-02-25,2026-02-28 05:00:00,77,Routine,Normal
LO125178,APP064524,PAT12587,DOC042,DEP003,FAC003,LAB014,Blood Culture,Microbiology,2023-10-23,2023-10-24,2023-10-26 02:00:00,50,Routine,Normal
LO125179,APP060730,PAT01635,DOC052,DEP002,FAC004,LAB011,ECG,Cardiology Diagnostics,2025-01-22,2025-01-22,2025-01-25 03:00:00,75,Routine,Normal
LO125183,APP065593,PAT12405,DOC056,DEP001,FAC003,LAB014,Blood Culture,Microbiology,2022-01-28,2022-01-28,2022-01-31 12:00:00,84,Routine,Critical
LO125187,APP060075,PAT08109,DOC020,DEP006,FAC005,LAB003,Lipid Profile,Biochemistry,2026-11-07,2026-11-07,2026-11-08 20:00:00,44,Routine,Normal
LO125193,APP051636,PAT09394,DOC004,DEP001,FAC004,LAB012,HbA1c,Biochemistry,2024-05-13,2024-05-14,2024-05-14 18:00:00,18,Routine,Normal
LO125205,APP059521,PAT07786,DOC001,DEP001,FAC001,LAB002,Blood Glucose,Biochemistry,2023-09-24,2023-09-24,2023-09-27 00:00:00,72,Routine,Normal
LO125217,APP066163,PAT14643,DOC012,DEP005,FAC002,LAB014,Blood Culture,Microbiology,2021-07-11,2021-07-11,2021-07-11 10:00:00,10,Routine,Normal
LO125221,APP059129,PAT12120,DOC004,DEP001,FAC004,LAB005,Kidney Function Test,Biochemistry,2023-01-31,2023-02-01,2023-02-04 11:00:00,83,Routine,Normal
LO125223,APP058890,PAT11387,DOC027,DEP001,FAC002,LAB009,Chest X-Ray,Radiology,2021-05-20,2021-05-20,2021-05-20 01:00:00,1,Routine,Abnormal
LO125229,APP059908,PAT14618,DOC027,DEP001,FAC002,LAB014,Blood Culture,Microbiology,2024-04-07,2024-04-08,2024-04-10 18:00:00,66,Routine,Normal
LO125238,APP068337,PAT09053,DOC014,DEP004,FAC004,LAB015,Electrolytes Panel,Biochemistry,2026-07-08,2026-07-08,2026-07-10 15:00:00,63,Routine,Normal
LO125254,APP050944,PAT03483,DOC029,DEP007,FAC004,LAB012,HbA1c,Biochemistry,2025-10-10,2025-10-11,2025-10-14 07:00:00,79,Urgent,Critical
LO125257,APP056185,PAT09856,DOC020,DEP006,FAC005,LAB012,HbA1c,Biochemistry,2021-10-26,2021-10-26,2021-10-26 17:00:00,17,Routine,Normal
LO125262,APP069292,PAT07361,DOC032,DEP002,FAC002,LAB002,Blood Glucose,Biochemistry,2021-10-20,2021-10-21,2021-10-23 18:00:00,66,Routine,Normal
LO125265,APP058435,PAT00648,DOC009,DEP002,FAC004,LAB006,Thyroid Profile,Immunology,2021-10-20,2021-10-20,2021-10-20 18:00:00,18,Routine,Normal
LO125266,APP073764,PAT05767,DOC042,DEP003,FAC003,LAB014,Blood Culture,Microbiology,2025-10-15,2025-10-15,2025-10-16 16:00:00,40,Routine,Normal
LO125269,APP068972,PAT00334,DOC059,DEP006,FAC005,LAB011,ECG,Cardiology Diagnostics,2022-12-28,2022-12-28,2023-01-02 00:00:00,120,Routine,Normal
LO125276,APP054599,PAT13096,DOC025,DEP007,FAC005,LAB001,Complete Blood Count,Hematology,2025-10-28,2025-10-28,2025-11-02 00:00:00,120,Routine,Normal
LO125279,APP055411,PAT03614,DOC014,DEP004,FAC004,LAB003,Lipid Profile,Biochemistry,2023-02-10,2023-02-11,2023-02-11 19:00:00,19,Routine,Abnormal
LO125295,APP052899,PAT13790,DOC003,DEP001,FAC003,LAB011,ECG,Cardiology Diagnostics,2023-11-26,2023-11-27,2023-11-29 06:00:00,54,Routine,Normal
LO125296,APP065584,PAT11059,DOC035,DEP001,FAC005,LAB003,Lipid Profile,Biochemistry,2025-05-28,2025-05-28,2025-05-31 00:00:00,72,Routine,Normal
LO125307,APP068131,PAT05614,DOC014,DEP004,FAC004,LAB003,Lipid Profile,Biochemistry,2024-11-01,2024-11-01,2024-11-01 01:00:00,1,Urgent,Normal
LO125312,APP069395,PAT01167,DOC023,DEP008,FAC003,LAB013,COVID PCR,Molecular Diagnostics,2024-06-27,2024-06-29,2024-07-02 03:00:00,75,Urgent,Normal
LO125314,APP067153,PAT12535,DOC041,DEP001,FAC005,LAB007,Urine Routine,Microbiology,2026-08-14,2026-08-14,2026-08-18 00:00:00,96,Urgent,Normal
LO125318,APP055127,PAT03616,DOC028,DEP001,FAC003,LAB014,Blood Culture,Microbiology,2021-02-09,2021-02-09,2021-02-11 11:00:00,59,Routine,Normal
LO125321,APP058838,PAT11255,DOC004,DEP001,FAC004,LAB002,Blood Glucose,Biochemistry,2022-12-23,2022-12-25,2022-12-30 00:00:00,120,Routine,Abnormal
LO125324,APP061860,PAT08452,DOC011,DEP003,FAC001,LAB012,HbA1c,Biochemistry,2022-10-04,2022-10-06,2022-10-07 03:00:00,27,Routine,Normal
LO125326,APP069789,PAT06581,DOC009,DEP002,FAC004,LAB015,Electrolytes Panel,Biochemistry,2025-01-10,2025-01-11,2025-01-13 20:00:00,68,Routine,Normal
LO125337,APP058840,PAT05684,DOC060,DEP006,FAC005,LAB012,HbA1c,Biochemistry,2026-04-17,2026-04-17,2026-04-20 18:00:00,90,Urgent,Normal
LO125340,APP074667,PAT08391,DOC014,DEP004,FAC004,LAB006,Thyroid Profile,Immunology,2024-10-13,2024-10-14,2024-10-17 08:00:00,80,Urgent,Abnormal
LO125345,APP054212,PAT05815,DOC018,DEP007,FAC003,LAB008,Urine Culture,Microbiology,2026-04-13,2026-04-13,2026-04-14 19:00:00,43,Routine,Normal
LO125352,APP059205,PAT08485,DOC011,DEP003,FAC001,LAB013,COVID PCR,Molecular Diagnostics,2026-12-04,2026-12-06,2026-12-06 18:00:00,18,Routine,Abnormal
LO125364,APP070883,PAT09220,DOC018,DEP007,FAC003,LAB005,Kidney Function Test,Biochemistry,2023-01-05,2023-01-05,2023-01-05 08:00:00,8,Urgent,Normal
LO125392,APP056161,PAT09001,DOC042,DEP003,FAC003,LAB012,HbA1c,Biochemistry,2023-04-28,2023-04-29,2023-05-02 08:00:00,80,Routine,Normal
LO125393,APP060368,PAT08050,DOC016,DEP004,FAC001,LAB004,Liver Function Test,Biochemistry,2026-12-14,2026-12-16,2026-12-18 16:00:00,64,Urgent,Normal
LO125401,APP062270,PAT12129,DOC023,DEP008,FAC003,LAB011,ECG,Cardiology Diagnostics,2021-12-30,2021-12-31,2022-01-01 23:00:00,47,Routine,Normal
LO125407,APP073528,PAT00773,DOC028,DEP001,FAC003,LAB005,Kidney Function Test,Biochemistry,2023-03-29,2023-03-31,2023-04-02 14:00:00,62,Routine,Normal
LO125409,APP064962,PAT08635,DOC058,DEP001,FAC004,LAB010,Ultrasound Abdomen,Radiology,2021-08-16,2021-08-17,2021-08-19 05:00:00,53,Routine,Abnormal
LO125410,APP068593,PAT04765,DOC032,DEP002,FAC002,LAB012,HbA1c,Biochemistry,2023-07-17,2023-07-18,2023-07-21 12:00:00,84,Routine,Normal
LO125413,APP052688,PAT03782,DOC009,DEP002,FAC004,LAB009,Chest X-Ray,Radiology,2024-12-11,2024-12-11,2024-12-15 04:00:00,100,Urgent,Normal
LO125417,APP066829,PAT00773,DOC015,DEP005,FAC005,LAB003,Lipid Profile,Biochemistry,2025-03-27,2025-03-27,2025-03-30 14:00:00,86,Routine,Normal
LO125421,APP053855,PAT01732,DOC003,DEP001,FAC003,LAB010,Ultrasound Abdomen,Radiology,2023-03-03,2023-03-03,2023-03-04 22:00:00,46,Routine,Abnormal
LO125432,APP070473,PAT07223,DOC031,DEP001,FAC001,LAB014,Blood Culture,Microbiology,2026-08-06,2026-08-07,2026-08-10 08:00:00,80,Routine,Normal
LO125433,APP072019,PAT12296,DOC049,DEP001,FAC003,LAB008,Urine Culture,Microbiology,2025-06-09,2025-06-09,2025-06-09 08:00:00,8,Routine,Normal
LO125440,APP055221,PAT11545,DOC022,DEP007,FAC002,LAB002,Blood Glucose,Biochemistry,2025-03-25,2025-03-26,2025-03-28 01:00:00,49,Routine,Normal
LO125444,APP069299,PAT03456,DOC040,DEP003,FAC005,LAB008,Urine Culture,Microbiology,2024-07-04,2024-07-04,2024-07-08 07:00:00,103,Routine,Normal
LO125445,APP050303,PAT11855,DOC022,DEP007,FAC002,LAB010,Ultrasound Abdomen,Radiology,2022-05-27,2022-05-28,2022-06-01 20:00:00,116,Routine,Normal
LO125449,APP051551,PAT06335,DOC016,DEP004,FAC001,LAB007,Urine Routine,Microbiology,2026-08-01,2026-08-02,2026-08-06 03:00:00,99,Routine,Normal
LO125451,APP059080,PAT04149,DOC036,DEP002,FAC001,LAB008,Urine Culture,Microbiology,2022-01-27,2022-01-28,2022-01-30 23:00:00,71,Urgent,Normal
LO125462,APP058663,PAT01356,DOC001,DEP001,FAC001,LAB001,Complete Blood Count,Hematology,2021-02-09,2021-02-10,2021-02-11 09:00:00,33,Urgent,Abnormal
LO125463,APP074086,PAT06561,DOC052,DEP002,FAC004,LAB014,Blood Culture,Microbiology,2024-12-12,2024-12-12,2024-12-14 18:00:00,66,Routine,Normal
LO125477,APP053377,PAT14835,DOC024,DEP006,FAC004,LAB002,Blood Glucose,Biochemistry,2023-06-30,2023-07-01,2023-07-02 21:00:00,45,Routine,Normal
LO125478,APP065202,PAT07029,DOC056,DEP001,FAC003,LAB009,Chest X-Ray,Radiology,2022-06-07,2022-06-08,2022-06-13 00:00:00,120,Routine,Normal
LO125479,APP052587,PAT04112,DOC047,DEP006,FAC005,LAB002,Blood Glucose,Biochemistry,2026-01-14,2026-01-14,2026-01-18 18:00:00,114,Routine,Normal
LO125482,APP070587,PAT13783,DOC032,DEP002,FAC002,LAB010,Ultrasound Abdomen,Radiology,2021-08-23,2021-08-24,2021-08-25 19:00:00,43,Routine,Normal
LO125485,APP069323,PAT11002,DOC041,DEP001,FAC005,LAB008,Urine Culture,Microbiology,2024-08-08,2024-08-09,2024-08-10 16:00:00,40,Routine,Normal
LO125495,APP067589,PAT13674,DOC013,DEP005,FAC003,LAB011,ECG,Cardiology Diagnostics,2021-01-25,2021-01-26,2021-01-29 21:00:00,93,Routine,Abnormal
LO125500,APP063015,PAT09282,DOC001,DEP001,FAC001,LAB004,Liver Function Test,Biochemistry,2024-10-17,2024-10-17,2024-10-19 08:00:00,56,Routine,Abnormal
LO125505,APP060692,PAT13871,DOC006,DEP002,FAC001,LAB009,Chest X-Ray,Radiology,2024-01-31,2024-02-01,2024-02-01 02:00:00,2,Routine,Normal
LO125509,APP069247,PAT02233,DOC027,DEP001,FAC002,LAB013,COVID PCR,Molecular Diagnostics,2026-01-16,2026-01-17,2026-01-17 20:00:00,20,Routine,Normal
LO125514,APP066932,PAT14723,DOC058,DEP001,FAC004,LAB006,Thyroid Profile,Immunology,2022-07-15,2022-07-15,2022-07-16 09:00:00,33,Routine,Normal
LO125518,APP072371,PAT01044,DOC019,DEP005,FAC004,LAB001,Complete Blood Count,Hematology,2024-12-07,2024-12-09,2024-12-11 05:00:00,53,Urgent,Normal
LO125541,APP062906,PAT03214,DOC007,DEP002,FAC002,LAB009,Chest X-Ray,Radiology,2026-12-28,2026-12-29,2026-12-31 19:00:00,67,Routine,Normal
LO125549,APP061341,PAT10634,DOC001,DEP001,FAC001,LAB013,COVID PCR,Molecular Diagnostics,2021-01-25,2021-01-26,2021-01-26 09:00:00,9,Routine,Normal
LO125554,APP065660,PAT00863,DOC048,DEP002,FAC001,LAB014,Blood Culture,Microbiology,2023-06-30,2023-07-01,2023-07-02 13:00:00,37,Routine,Normal
LO125562,APP053630,PAT06126,DOC060,DEP006,FAC005,LAB003,Lipid Profile,Biochemistry,2024-04-29,2024-04-30,2024-05-02 07:00:00,55,Routine,Normal
LO125566,APP072791,PAT12802,DOC013,DEP005,FAC003,LAB011,ECG,Cardiology Diagnostics,2023-09-22,2023-09-23,2023-09-26 01:00:00,73,Urgent,Normal
LO125571,APP063870,PAT13325,DOC031,DEP001,FAC001,LAB005,Kidney Function Test,Biochemistry,2023-07-22,2023-07-23,2023-07-27 02:00:00,98,Urgent,Normal
LO125573,APP071188,PAT10658,DOC002,DEP001,FAC002,LAB008,Urine Culture,Microbiology,2026-05-27,2026-05-28,2026-05-30 08:00:00,56,Routine,Normal
LO125578,APP051879,PAT05381,DOC008,DEP003,FAC003,LAB008,Urine Culture,Microbiology,2021-08-04,2021-08-04,2021-08-09 00:00:00,120,Routine,Normal
LO125582,APP053397,PAT02271,DOC018,DEP007,FAC003,LAB007,Urine Routine,Microbiology,2024-02-05,2024-02-06,2024-02-08 13:00:00,61,Routine,Normal
LO125586,APP067534,PAT06456,DOC038,DEP005,FAC003,LAB011,ECG,Cardiology Diagnostics,2024-02-26,2024-02-26,2024-03-01 11:00:00,107,Routine,Normal
LO125588,APP063760,PAT02255,DOC027,DEP001,FAC002,LAB010,Ultrasound Abdomen,Radiology,2023-09-26,2023-09-27,2023-09-27 07:00:00,7,Routine,Normal
LO125594,APP061274,PAT04961,DOC052,DEP002,FAC004,LAB002,Blood Glucose,Biochemistry,2025-03-03,2025-03-03,2025-03-05 18:00:00,66,Routine,Normal
LO125600,APP051268,PAT07629,DOC015,DEP005,FAC005,LAB009,Chest X-Ray,Radiology,2024-04-17,2024-04-18,2024-04-20 23:00:00,71,Routine,Normal
LO125611,APP069524,PAT06606,DOC020,DEP006,FAC005,LAB012,HbA1c,Biochemistry,2023-08-25,2023-08-25,2023-08-26 21:00:00,45,Urgent,Abnormal
LO125614,APP072638,PAT08169,DOC039,DEP002,FAC004,LAB002,Blood Glucose,Biochemistry,2026-12-27,2026-12-27,2026-12-29 03:00:00,51,Routine,Normal
LO125615,APP066331,PAT00564,DOC008,DEP003,FAC003,LAB005,Kidney Function Test,Biochemistry,2026-12-11,2026-12-13,2026-12-13 05:00:00,5,Urgent,Normal
LO125617,APP069950,PAT05958,DOC027,DEP001,FAC002,LAB015,Electrolytes Panel,Biochemistry,2025-07-08,2025-07-09,2025-07-12 01:00:00,73,Routine,Normal
LO125618,APP063337,PAT00869,DOC015,DEP005,FAC005,LAB001,Complete Blood Count,Hematology,2026-07-22,2026-07-23,2026-07-24 08:00:00,32,Routine,Normal
LO125619,APP065053,PAT14299,DOC038,DEP005,FAC003,LAB011,ECG,Cardiology Diagnostics,2021-04-28,2021-04-29,2021-04-30 01:00:00,25,Routine,Normal
LO125621,APP070461,PAT03895,DOC029,DEP007,FAC004,LAB005,Kidney Function Test,Biochemistry,2024-04-25,2024-04-25,2024-04-26 05:00:00,29,Stat,Normal
LO125625,APP072299,PAT04192,DOC035,DEP001,FAC005,LAB010,Ultrasound Abdomen,Radiology,2021-04-24,2021-04-24,2021-04-29 00:00:00,120,Routine,Normal
LO125627,APP053707,PAT03022,DOC010,DEP003,FAC005,LAB004,Liver Function Test,Biochemistry,2026-06-20,2026-06-21,2026-06-23 22:00:00,70,Routine,Normal
LO125628,APP056998,PAT04709,DOC008,DEP003,FAC003,LAB010,Ultrasound Abdomen,Radiology,2023-09-13,2023-09-14,2023-09-18 08:00:00,104,Routine,Normal
LO125631,APP055239,PAT08331,DOC004,DEP001,FAC004,LAB002,Blood Glucose,Biochemistry,2025-03-18,2025-03-18,2025-03-22 08:00:00,104,Routine,Normal
LO125632,APP051652,PAT03188,DOC043,DEP008,FAC003,LAB009,Chest X-Ray,Radiology,2022-06-16,2022-06-16,2022-06-17 05:00:00,29,Stat,Normal
LO125638,APP061862,PAT00863,DOC038,DEP005,FAC003,LAB010,Ultrasound Abdomen,Radiology,2026-03-05,2026-03-05,2026-03-08 13:00:00,85,Routine,Normal
LO125643,APP057247,PAT09744,DOC033,DEP003,FAC003,LAB005,Kidney Function Test,Biochemistry,2023-06-12,2023-06-13,2023-06-15 14:00:00,62,Urgent,Normal
LO125645,APP070722,PAT03222,DOC016,DEP004,FAC001,LAB013,COVID PCR,Molecular Diagnostics,2025-05-27,2025-05-28,2025-05-29 06:00:00,30,Stat,Normal
LO125652,APP064211,PAT02326,DOC026,DEP008,FAC001,LAB009,Chest X-Ray,Radiology,2026-11-18,2026-11-20,2026-11-24 01:00:00,97,Routine,Normal
LO125654,APP060884,PAT10805,DOC053,DEP007,FAC005,LAB014,Blood Culture,Microbiology,2022-09-08,2022-09-09,2022-09-12 11:00:00,83,Urgent,Normal
LO125661,APP055038,PAT02808,DOC052,DEP002,FAC004,LAB014,Blood Culture,Microbiology,2022-11-28,2022-11-28,2022-11-29 05:00:00,29,Routine,Normal
LO125663,APP071164,PAT11360,DOC043,DEP008,FAC003,LAB001,Complete Blood Count,Hematology,2026-10-30,2026-10-30,2026-11-02 04:00:00,76,Routine,Normal
LO125664,APP052593,PAT14305,DOC060,DEP006,FAC005,LAB005,Kidney Function Test,Biochemistry,2025-05-01,2025-05-01,2025-05-01 04:00:00,4,Routine,Normal
LO125665,APP063833,PAT09297,DOC027,DEP001,FAC002,LAB003,Lipid Profile,Biochemistry,2023-09-26,2023-09-26,2023-09-28 01:00:00,49,Routine,Normal
LO125666,APP054777,PAT11806,DOC052,DEP002,FAC004,LAB012,HbA1c,Biochemistry,2025-04-21,2025-04-22,2025-04-23 03:00:00,27,Routine,Normal
LO125686,APP065423,PAT04238,DOC055,DEP006,FAC004,LAB011,ECG,Cardiology Diagnostics,2026-12-01,2026-12-01,2026-12-02 21:00:00,45,Routine,Normal
LO125697,APP069384,PAT04430,DOC026,DEP008,FAC001,LAB015,Electrolytes Panel,Biochemistry,2024-04-17,2024-04-17,2024-04-20 18:00:00,90,Stat,Normal
LO125698,APP059623,PAT00863,DOC056,DEP001,FAC003,LAB002,Blood Glucose,Biochemistry,2024-11-04,2024-11-04,2024-11-08 15:00:00,111,Routine,Normal
LO125699,APP067307,PAT06825,DOC044,DEP005,FAC002,LAB015,Electrolytes Panel,Biochemistry,2025-01-16,2025-01-16,2025-01-19 19:00:00,91,Routine,Normal
LO125700,APP069694,PAT03616,DOC053,DEP007,FAC005,LAB015,Electrolytes Panel,Biochemistry,2025-09-15,2025-09-16,2025-09-19 23:00:00,95,Routine,Normal
LO125702,APP052571,PAT10287,DOC036,DEP002,FAC001,LAB007,Urine Routine,Microbiology,2024-09-13,2024-09-13,2024-09-13 23:00:00,23,Routine,Abnormal
LO125703,APP058540,PAT09825,DOC014,DEP004,FAC004,LAB004,Liver Function Test,Biochemistry,2026-04-24,2026-04-25,2026-04-26 22:00:00,46,Routine,Normal
LO125704,APP068986,PAT03188,DOC036,DEP002,FAC001,LAB005,Kidney Function Test,Biochemistry,2026-12-16,2026-12-16,2026-12-19 08:00:00,80,Routine,Normal
LO125714,APP062489,PAT03706,DOC003,DEP001,FAC003,LAB006,Thyroid Profile,Immunology,2023-04-10,2023-04-11,2023-04-12 09:00:00,33,Urgent,Normal
LO125717,APP070982,PAT11914,DOC020,DEP006,FAC005,LAB007,Urine Routine,Microbiology,2025-09-17,2025-09-19,2025-09-19 23:00:00,23,Routine,Normal
LO125724,APP060210,PAT11958,DOC031,DEP001,FAC001,LAB011,ECG,Cardiology Diagnostics,2026-07-13,2026-07-14,2026-07-16 14:00:00,62,Routine,Abnormal
LO125728,APP060384,PAT05083,DOC005,DEP001,FAC005,LAB013,COVID PCR,Molecular Diagnostics,2026-09-01,2026-09-02,2026-09-04 09:00:00,57,Routine,Abnormal
LO125730,APP068893,PAT07665,DOC012,DEP005,FAC002,LAB009,Chest X-Ray,Radiology,2024-06-17,2024-06-18,2024-06-19 15:00:00,39,Urgent,Normal
LO125732,APP059485,PAT10191,DOC031,DEP001,FAC001,LAB007,Urine Routine,Microbiology,2026-10-31,2026-10-31,2026-11-02 11:00:00,59,Urgent,Normal
LO125736,APP061071,PAT13272,DOC008,DEP003,FAC003,LAB001,Complete Blood Count,Hematology,2022-07-17,2022-07-18,2022-07-20 10:00:00,58,Routine,Abnormal
LO125738,APP070401,PAT06265,DOC055,DEP006,FAC004,LAB014,Blood Culture,Microbiology,2022-12-08,2022-12-08,2022-12-09 17:00:00,41,Urgent,Normal
LO125739,APP069841,PAT00773,DOC003,DEP001,FAC003,LAB014,Blood Culture,Microbiology,2022-06-25,2022-06-25,2022-06-25 19:00:00,19,Routine,Abnormal
LO125754,APP071427,PAT04890,DOC038,DEP005,FAC003,LAB008,Urine Culture,Microbiology,2022-06-13,2022-06-14,2022-06-15 14:00:00,38,Routine,Normal
LO125756,APP067257,PAT03298,DOC010,DEP003,FAC005,LAB007,Urine Routine,Microbiology,2023-05-11,2023-05-12,2023-05-14 06:00:00,54,Routine,Normal
LO125760,APP072385,PAT00080,DOC016,DEP004,FAC001,LAB002,Blood Glucose,Biochemistry,2025-08-14,2025-08-14,2025-08-15 16:00:00,40,Routine,Normal
LO125768,APP052548,PAT04769,DOC050,DEP005,FAC003,LAB007,Urine Routine,Microbiology,2025-04-18,2025-04-19,2025-04-21 02:00:00,50,Urgent,Normal
LO125770,APP064094,PAT11848,DOC060,DEP006,FAC005,LAB006,Thyroid Profile,Immunology,2024-12-31,2024-12-31,2025-01-01 12:00:00,36,Routine,Normal
LO125774,APP055741,PAT02563,DOC013,DEP005,FAC003,LAB009,Chest X-Ray,Radiology,2023-02-13,2023-02-14,2023-02-15 13:00:00,37,Routine,Critical
LO125776,APP070137,PAT13121,DOC055,DEP006,FAC004,LAB011,ECG,Cardiology Diagnostics,2026-02-04,2026-02-05,2026-02-06 19:00:00,43,Routine,Normal
LO125777,APP068544,PAT04541,DOC030,DEP008,FAC005,LAB004,Liver Function Test,Biochemistry,2024-11-26,2024-11-27,2024-12-01 02:00:00,98,Routine,Normal
LO125780,APP060362,PAT02549,DOC031,DEP001,FAC001,LAB015,Electrolytes Panel,Biochemistry,2022-07-14,2022-07-14,2022-07-19 00:00:00,120,Routine,Normal
LO125783,APP059093,PAT06339,DOC002,DEP001,FAC002,LAB007,Urine Routine,Microbiology,2024-07-01,2024-07-02,2024-07-05 21:00:00,93,Stat,Normal
LO125788,APP062385,PAT05744,DOC029,DEP007,FAC004,LAB010,Ultrasound Abdomen,Radiology,2023-10-04,2023-10-04,2023-10-08 01:00:00,97,Routine,Normal
LO125791,APP064918,PAT14687,DOC007,DEP002,FAC002,LAB013,COVID PCR,Molecular Diagnostics,2023-11-23,2023-11-23,2023-11-25 13:00:00,61,Stat,Normal
LO125792,APP054862,PAT03972,DOC010,DEP003,FAC005,LAB004,Liver Function Test,Biochemistry,2024-01-23,2024-01-23,2024-01-24 13:00:00,37,Routine,Normal
LO125793,APP074573,PAT09863,DOC035,DEP001,FAC005,LAB002,Blood Glucose,Biochemistry,2026-03-04,2026-03-04,2026-03-05 15:00:00,39,Urgent,Normal
LO125796,APP069629,PAT08002,DOC011,DEP003,FAC001,LAB012,HbA1c,Biochemistry,2024-06-19,2024-06-19,2024-06-23 07:00:00,103,Routine,Normal
LO125799,APP059218,PAT03483,DOC004,DEP001,FAC004,LAB013,COVID PCR,Molecular Diagnostics,2026-06-16,2026-06-16,2026-06-16 01:00:00,1,Routine,Abnormal
LO125806,APP073462,PAT04004,DOC037,DEP005,FAC002,LAB004,Liver Function Test,Biochemistry,2025-05-11,2025-05-13,2025-05-13 05:00:00,5,Routine,Normal
LO125815,APP056747,PAT04230,DOC023,DEP008,FAC003,LAB005,Kidney Function Test,Biochemistry,2022-01-25,2022-01-25,2022-01-29 07:00:00,103,Routine,Abnormal
LO125817,APP063567,PAT09981,DOC015,DEP005,FAC005,LAB001,Complete Blood Count,Hematology,2025-11-12,2025-11-14,2025-11-16 07:00:00,55,Routine,Normal
LO125824,APP061857,PAT09017,DOC046,DEP001,FAC001,LAB010,Ultrasound Abdomen,Radiology,2024-04-16,2024-04-17,2024-04-18 03:00:00,27,Routine,Normal
LO125833,APP064461,PAT12359,DOC022,DEP007,FAC002,LAB008,Urine Culture,Microbiology,2022-04-04,2022-04-05,2022-04-09 12:00:00,108,Routine,Normal
LO125844,APP074121,PAT12488,DOC038,DEP005,FAC003,LAB009,Chest X-Ray,Radiology,2026-12-23,2026-12-23,2026-12-27 09:00:00,105,Urgent,Normal
LO125847,APP068341,PAT01112,DOC030,DEP008,FAC005,LAB002,Blood Glucose,Biochemistry,2022-03-18,2022-03-18,2022-03-19 14:00:00,38,Routine,Normal
LO125851,APP060917,PAT01084,DOC043,DEP008,FAC003,LAB003,Lipid Profile,Biochemistry,2023-09-04,2023-09-04,2023-09-07 04:00:00,76,Urgent,Normal
LO125860,APP061394,PAT00189,DOC012,DEP005,FAC002,LAB014,Blood Culture,Microbiology,2026-01-06,2026-01-07,2026-01-08 06:00:00,30,Routine,Abnormal
LO125861,APP051048,PAT13886,DOC047,DEP006,FAC005,LAB011,ECG,Cardiology Diagnostics,2023-08-16,2023-08-16,2023-08-17 19:00:00,43,Routine,Normal
LO125864,APP070639,PAT11433,DOC048,DEP002,FAC001,LAB011,ECG,Cardiology Diagnostics,2023-12-04,2023-12-05,2023-12-08 00:00:00,72,Routine,Normal
LO125867,APP070041,PAT01581,DOC047,DEP006,FAC005,LAB001,Complete Blood Count,Hematology,2022-11-09,2022-11-09,2022-11-09 13:00:00,13,Routine,Normal
LO125877,APP064074,PAT09141,DOC021,DEP005,FAC001,LAB011,ECG,Cardiology Diagnostics,2025-05-30,2025-05-30,2025-06-02 07:00:00,79,Routine,Abnormal
LO125880,APP052739,PAT13157,DOC008,DEP003,FAC003,LAB011,ECG,Cardiology Diagnostics,2021-09-14,2021-09-15,2021-09-16 18:00:00,42,Routine,Normal
LO125883,APP059673,PAT02997,DOC054,DEP003,FAC003,LAB015,Electrolytes Panel,Biochemistry,2022-09-28,2022-09-30,2022-10-01 03:00:00,27,Urgent,Normal
LO125885,APP062359,PAT04402,DOC008,DEP003,FAC003,LAB006,Thyroid Profile,Immunology,2023-12-26,2023-12-26,2023-12-28 00:00:00,48,Routine,Normal
LO125889,APP060154,PAT04058,DOC024,DEP006,FAC004,LAB007,Urine Routine,Microbiology,2022-12-02,2022-12-02,2022-12-03 21:00:00,45,Routine,Normal
LO125891,APP063925,PAT06622,DOC014,DEP004,FAC004,LAB006,Thyroid Profile,Immunology,2025-04-09,2025-04-09,2025-04-09 21:00:00,21,Routine,Normal
LO125913,APP066636,PAT06132,DOC017,DEP006,FAC002,LAB009,Chest X-Ray,Radiology,2022-12-14,2022-12-14,2022-12-16 16:00:00,64,Routine,Normal
LO125917,APP059321,PAT03475,DOC051,DEP005,FAC002,LAB011,ECG,Cardiology Diagnostics,2025-12-29,2025-12-29,2025-12-30 23:00:00,47,Routine,Normal
LO125924,APP072039,PAT06927,DOC039,DEP002,FAC004,LAB008,Urine Culture,Microbiology,2025-07-29,2025-07-29,2025-07-31 06:00:00,54,Urgent,Normal
LO125936,APP060765,PAT11703,DOC006,DEP002,FAC001,LAB001,Complete Blood Count,Hematology,2023-06-04,2023-06-05,2023-06-10 00:00:00,120,Routine,Normal
LO125939,APP056622,PAT03861,DOC020,DEP006,FAC005,LAB006,Thyroid Profile,Immunology,2026-07-30,2026-07-31,2026-08-01 11:00:00,35,Routine,Normal
LO125949,APP064833,PAT01770,DOC044,DEP005,FAC002,LAB014,Blood Culture,Microbiology,2022-02-15,2022-02-16,2022-02-19 18:00:00,90,Routine,Normal
LO125958,APP070685,PAT07637,DOC013,DEP005,FAC003,LAB008,Urine Culture,Microbiology,2026-09-16,2026-09-17,2026-09-20 00:00:00,72,Routine,Normal
LO125960,APP063159,PAT09555,DOC058,DEP001,FAC004,LAB011,ECG,Cardiology Diagnostics,2024-10-21,2024-10-22,2024-10-23 17:00:00,41,Urgent,Normal
LO125963,APP059085,PAT02496,DOC029,DEP007,FAC004,LAB014,Blood Culture,Microbiology,2022-05-20,2022-05-21,2022-05-22 20:00:00,44,Routine,Normal
LO125971,APP061301,PAT05621,DOC027,DEP001,FAC002,LAB011,ECG,Cardiology Diagnostics,2025-04-24,2025-04-25,2025-04-26 11:00:00,35,Routine,Normal
LO125976,APP061229,PAT06336,DOC047,DEP006,FAC005,LAB009,Chest X-Ray,Radiology,2025-12-05,2025-12-06,2025-12-08 09:00:00,57,Routine,Abnormal
LO125982,APP062555,PAT11138,DOC038,DEP005,FAC003,LAB003,Lipid Profile,Biochemistry,2021-10-12,2021-10-12,2021-10-12 01:00:00,1,Urgent,Normal
LO125983,APP052322,PAT03922,DOC047,DEP006,FAC005,LAB008,Urine Culture,Microbiology,2024-12-12,2024-12-13,2024-12-15 04:00:00,52,Routine,Abnormal
LO125984,APP055041,PAT03693,DOC010,DEP003,FAC005,LAB010,Ultrasound Abdomen,Radiology,2022-01-04,2022-01-05,2022-01-07 10:00:00,58,Routine,Abnormal
LO125992,APP053734,PAT12754,DOC005,DEP001,FAC005,LAB013,COVID PCR,Molecular Diagnostics,2024-12-13,2024-12-13,2024-12-16 04:00:00,76,Routine,Normal
LO125996,APP069932,PAT00876,DOC045,DEP007,FAC004,LAB007,Urine Routine,Microbiology,2024-11-18,2024-11-18,2024-11-22 16:00:00,112,Routine,Normal
LO125998,APP068360,PAT13093,DOC001,DEP001,FAC001,LAB005,Kidney Function Test,Biochemistry,2021-08-28,2021-08-28,2021-08-30 09:00:00,57,Routine,Normal
LO126002,APP057605,PAT14712,DOC043,DEP008,FAC003,LAB012,HbA1c,Biochemistry,2026-07-29,2026-07-29,2026-07-30 13:00:00,37,Routine,Critical
LO126003,APP060127,PAT12691,DOC008,DEP003,FAC003,LAB010,Ultrasound Abdomen,Radiology,2021-06-04,2021-06-05,2021-06-09 17:00:00,113,Routine,Normal
LO126007,APP072528,PAT09485,DOC018,DEP007,FAC003,LAB011,ECG,Cardiology Diagnostics,2026-07-22,2026-07-23,2026-07-27 21:00:00,117,Routine,Normal
LO126013,APP052300,PAT00389,DOC028,DEP001,FAC003,LAB014,Blood Culture,Microbiology,2025-02-05,2025-02-05,2025-02-06 05:00:00,29,Routine,Normal
LO126016,APP067849,PAT07751,DOC038,DEP005,FAC003,LAB015,Electrolytes Panel,Biochemistry,2023-10-16,2023-10-17,2023-10-18 12:00:00,36,Routine,Normal
LO126031,APP074579,PAT05146,DOC037,DEP005,FAC002,LAB012,HbA1c,Biochemistry,2025-06-25,2025-06-27,2025-06-27 09:00:00,9,Routine,Normal
LO126033,APP071488,PAT06505,DOC002,DEP001,FAC002,LAB003,Lipid Profile,Biochemistry,2021-05-28,2021-05-28,2021-05-31 19:00:00,91,Urgent,Critical
LO126039,APP054045,PAT14002,DOC004,DEP001,FAC004,LAB009,Chest X-Ray,Radiology,2024-09-20,2024-09-21,2024-09-26 00:00:00,120,Routine,Normal
LO126040,APP054679,PAT03951,DOC001,DEP001,FAC001,LAB008,Urine Culture,Microbiology,2026-06-12,2026-06-12,2026-06-14 10:00:00,58,Urgent,Normal
LO126049,APP070078,PAT08100,DOC008,DEP003,FAC003,LAB005,Kidney Function Test,Biochemistry,2026-10-29,2026-10-29,2026-11-01 23:00:00,95,Routine,Normal
LO126053,APP052665,PAT11716,DOC021,DEP005,FAC001,LAB007,Urine Routine,Microbiology,2021-03-05,2021-03-06,2021-03-09 06:00:00,78,Routine,Normal
LO126061,APP057751,PAT09405,DOC035,DEP001,FAC005,LAB006,Thyroid Profile,Immunology,2023-11-02,2023-11-03,2023-11-04 15:00:00,39,Routine,Normal
LO126062,APP057573,PAT06934,DOC004,DEP001,FAC004,LAB012,HbA1c,Biochemistry,2022-09-29,2022-09-30,2022-10-01 12:00:00,36,Routine,Abnormal
LO126066,APP063996,PAT07863,DOC054,DEP003,FAC003,LAB010,Ultrasound Abdomen,Radiology,2021-12-04,2021-12-04,2021-12-05 05:00:00,29,Routine,Normal
LO126067,APP069364,PAT06934,DOC044,DEP005,FAC002,LAB010,Ultrasound Abdomen,Radiology,2025-01-14,2025-01-15,2025-01-19 18:00:00,114,Routine,Normal
LO126071,APP065449,PAT07717,DOC034,DEP001,FAC004,LAB003,Lipid Profile,Biochemistry,2024-08-07,2024-08-07,2024-08-07 03:00:00,3,Routine,Normal
LO126076,APP055112,PAT04490,DOC052,DEP002,FAC004,LAB014,Blood Culture,Microbiology,2025-08-20,2025-08-20,2025-08-23 12:00:00,84,Routine,Abnormal
LO126083,APP066950,PAT06844,DOC054,DEP003,FAC003,LAB004,Liver Function Test,Biochemistry,2025-12-07,2025-12-08,2025-12-11 23:00:00,95,Routine,Normal
LO126091,APP068466,PAT02125,DOC022,DEP007,FAC002,LAB009,Chest X-Ray,Radiology,2025-02-15,2025-02-15,2025-02-17 10:00:00,58,Routine,Normal
LO126093,APP053379,PAT11889,DOC041,DEP001,FAC005,LAB006,Thyroid Profile,Immunology,2023-06-12,2023-06-13,2023-06-13 15:00:00,15,Routine,Normal
LO126101,APP061157,PAT03644,DOC024,DEP006,FAC004,LAB015,Electrolytes Panel,Biochemistry,2025-10-03,2025-10-03,2025-10-06 09:00:00,81,Routine,Normal
LO126105,APP068627,PAT09566,DOC050,DEP005,FAC003,LAB012,HbA1c,Biochemistry,2025-02-06,2025-02-06,2025-02-09 06:00:00,78,Routine,Normal
LO126113,APP070130,PAT06001,DOC034,DEP001,FAC004,LAB009,Chest X-Ray,Radiology,2023-11-07,2023-11-08,2023-11-11 11:00:00,83,Routine,Normal
LO126123,APP050163,PAT09807,DOC026,DEP008,FAC001,LAB008,Urine Culture,Microbiology,2022-12-28,2022-12-29,2023-01-01 16:00:00,88,Routine,Normal
LO126126,APP073181,PAT04792,DOC057,DEP001,FAC002,LAB010,Ultrasound Abdomen,Radiology,2026-11-13,2026-11-13,2026-11-16 20:00:00,92,Urgent,Normal
LO126131,APP069792,PAT08564,DOC006,DEP002,FAC001,LAB015,Electrolytes Panel,Biochemistry,2026-03-13,2026-03-14,2026-03-19 00:00:00,120,Routine,Normal
LO126132,APP055177,PAT01455,DOC059,DEP006,FAC005,LAB013,COVID PCR,Molecular Diagnostics,2024-05-25,2024-05-26,2024-05-30 15:00:00,111,Routine,Normal
LO126135,APP060074,PAT00736,DOC039,DEP002,FAC004,LAB009,Chest X-Ray,Radiology,2023-09-03,2023-09-04,2023-09-05 20:00:00,44,Stat,Normal
LO126137,APP063213,PAT12528,DOC056,DEP001,FAC003,LAB001,Complete Blood Count,Hematology,2026-12-08,2026-12-08,2026-12-11 03:00:00,75,Routine,Normal
LO126142,APP064445,PAT09282,DOC058,DEP001,FAC004,LAB014,Blood Culture,Microbiology,2025-10-10,2025-10-11,2025-10-13 16:00:00,64,Routine,Normal
LO126152,APP058455,PAT13080,DOC040,DEP003,FAC005,LAB010,Ultrasound Abdomen,Radiology,2025-06-26,2025-06-26,2025-06-30 11:00:00,107,Urgent,Normal
LO126153,APP072381,PAT02088,DOC025,DEP007,FAC005,LAB001,Complete Blood Count,Hematology,2026-11-23,2026-11-23,2026-11-25 20:00:00,68,Urgent,Normal
LO126165,APP071652,PAT11002,DOC019,DEP005,FAC004,LAB007,Urine Routine,Microbiology,2022-03-06,2022-03-07,2022-03-08 20:00:00,44,Routine,Normal
LO126168,APP070827,PAT12358,DOC047,DEP006,FAC005,LAB008,Urine Culture,Microbiology,2024-10-27,2024-10-29,2024-11-02 09:00:00,105,Routine,Normal
LO126178,APP063157,PAT13398,DOC047,DEP006,FAC005,LAB005,Kidney Function Test,Biochemistry,2021-07-12,2021-07-13,2021-07-17 02:00:00,98,Routine,Normal
LO126188,APP056506,PAT04817,DOC041,DEP001,FAC005,LAB014,Blood Culture,Microbiology,2022-08-24,2022-08-24,2022-08-29 00:00:00,120,Routine,Normal
LO126202,APP068029,PAT12822,DOC028,DEP001,FAC003,LAB014,Blood Culture,Microbiology,2026-05-11,2026-05-13,2026-05-15 12:00:00,60,Routine,Normal
LO126203,APP065218,PAT14942,DOC058,DEP001,FAC004,LAB001,Complete Blood Count,Hematology,2025-12-01,2025-12-03,2025-12-05 03:00:00,51,Routine,Abnormal
LO126206,APP063841,PAT04975,DOC003,DEP001,FAC003,LAB008,Urine Culture,Microbiology,2023-09-14,2023-09-15,2023-09-17 19:00:00,67,Routine,Normal
LO126208,APP050693,PAT10629,DOC006,DEP002,FAC001,LAB013,COVID PCR,Molecular Diagnostics,2026-12-01,2026-12-01,2026-12-05 18:00:00,114,Routine,Normal
LO126219,APP073673,PAT08383,DOC023,DEP008,FAC003,LAB014,Blood Culture,Microbiology,2021-09-20,2021-09-21,2021-09-25 06:00:00,102,Routine,Normal
LO126222,APP068726,PAT05938,DOC052,DEP002,FAC004,LAB005,Kidney Function Test,Biochemistry,2025-09-01,2025-09-01,2025-09-02 02:00:00,26,Routine,Normal
LO126225,APP070354,PAT01035,DOC053,DEP007,FAC005,LAB015,Electrolytes Panel,Biochemistry,2022-09-01,2022-09-02,2022-09-04 13:00:00,61,Routine,Normal
LO126227,APP073426,PAT12364,DOC036,DEP002,FAC001,LAB014,Blood Culture,Microbiology,2025-05-13,2025-05-13,2025-05-15 06:00:00,54,Routine,Normal
LO126228,APP074655,PAT13087,DOC011,DEP003,FAC001,LAB002,Blood Glucose,Biochemistry,2021-03-01,2021-03-01,2021-03-02 20:00:00,44,Routine,Normal
LO126230,APP057833,PAT14802,DOC002,DEP001,FAC002,LAB009,Chest X-Ray,Radiology,2024-08-20,2024-08-20,2024-08-24 20:00:00,116,Routine,Normal
LO126240,APP064398,PAT09503,DOC046,DEP001,FAC001,LAB002,Blood Glucose,Biochemistry,2021-02-15,2021-02-15,2021-02-15 12:00:00,12,Stat,Normal
LO126247,APP074679,PAT05598,DOC037,DEP005,FAC002,LAB008,Urine Culture,Microbiology,2025-10-17,2025-10-19,2025-10-19 01:00:00,1,Routine,Normal
LO126254,APP074543,PAT12267,DOC034,DEP001,FAC004,LAB003,Lipid Profile,Biochemistry,2024-12-30,2024-12-31,2024-12-31 04:00:00,4,Routine,Normal
LO126263,APP062821,PAT07972,DOC020,DEP006,FAC005,LAB002,Blood Glucose,Biochemistry,2025-11-30,2025-12-01,2025-12-01 16:00:00,16,Routine,Normal
LO126264,APP063474,PAT03614,DOC034,DEP001,FAC004,LAB001,Complete Blood Count,Hematology,2022-10-29,2022-10-30,2022-11-01 10:00:00,58,Urgent,Normal
LO126269,APP061255,PAT03438,DOC060,DEP006,FAC005,LAB006,Thyroid Profile,Immunology,2025-11-27,2025-11-27,2025-12-01 01:00:00,97,Stat,Normal
LO126271,APP064705,PAT10670,DOC037,DEP005,FAC002,LAB011,ECG,Cardiology Diagnostics,2025-07-11,2025-07-12,2025-07-12 04:00:00,4,Routine,Normal
LO126273,APP054690,PAT03144,DOC043,DEP008,FAC003,LAB011,ECG,Cardiology Diagnostics,2021-11-11,2021-11-11,2021-11-13 13:00:00,61,Routine,Normal
LO126278,APP050430,PAT00051,DOC020,DEP006,FAC005,LAB002,Blood Glucose,Biochemistry,2023-01-12,2023-01-14,2023-01-15 22:00:00,46,Routine,Normal
LO126280,APP060581,PAT03209,DOC029,DEP007,FAC004,LAB004,Liver Function Test,Biochemistry,2021-02-02,2021-02-03,2021-02-05 14:00:00,62,Routine,Normal
LO126288,APP068176,PAT13240,DOC027,DEP001,FAC002,LAB006,Thyroid Profile,Immunology,2022-08-20,2022-08-21,2022-08-23 20:00:00,68,Routine,Normal
LO126290,APP051463,PAT04059,DOC026,DEP008,FAC001,LAB004,Liver Function Test,Biochemistry,2025-09-11,2025-09-11,2025-09-14 22:00:00,94,Routine,Normal
LO126291,APP070373,PAT03270,DOC007,DEP002,FAC002,LAB006,Thyroid Profile,Immunology,2025-10-14,2025-10-14,2025-10-18 20:00:00,116,Routine,Normal
LO126296,APP058658,PAT07334,DOC058,DEP001,FAC004,LAB005,Kidney Function Test,Biochemistry,2023-10-28,2023-10-28,2023-10-28 02:00:00,2,Routine,Normal
LO126300,APP065606,PAT06463,DOC038,DEP005,FAC003,LAB003,Lipid Profile,Biochemistry,2022-01-16,2022-01-16,2022-01-18 01:00:00,49,Routine,Normal
LO126301,APP050840,PAT06135,DOC013,DEP005,FAC003,LAB002,Blood Glucose,Biochemistry,2026-05-05,2026-05-06,2026-05-07 11:00:00,35,Routine,Abnormal
LO126302,APP072617,PAT01732,DOC025,DEP007,FAC005,LAB009,Chest X-Ray,Radiology,2026-10-26,2026-10-26,2026-10-28 14:00:00,62,Routine,Normal
LO126310,APP060497,PAT00028,DOC043,DEP008,FAC003,LAB013,COVID PCR,Molecular Diagnostics,2026-08-18,2026-08-19,2026-08-21 07:00:00,55,Routine,Normal
LO126311,APP072822,PAT06581,DOC054,DEP003,FAC003,LAB003,Lipid Profile,Biochemistry,2025-10-20,2025-10-20,2025-10-21 03:00:00,27,Routine,Normal
LO126321,APP073940,PAT09606,DOC001,DEP001,FAC001,LAB002,Blood Glucose,Biochemistry,2025-01-15,2025-01-15,2025-01-17 15:00:00,63,Routine,Normal
LO126323,APP054897,PAT01329,DOC039,DEP002,FAC004,LAB012,HbA1c,Biochemistry,2023-09-04,2023-09-04,2023-09-06 08:00:00,56,Routine,Normal
LO126326,APP057598,PAT00903,DOC025,DEP007,FAC005,LAB001,Complete Blood Count,Hematology,2026-09-27,2026-09-28,2026-09-30 21:00:00,69,Routine,Normal
LO126327,APP054211,PAT12715,DOC046,DEP001,FAC001,LAB011,ECG,Cardiology Diagnostics,2026-03-01,2026-03-01,2026-03-02 05:00:00,29,Routine,Normal
LO126336,APP071711,PAT05837,DOC035,DEP001,FAC005,LAB008,Urine Culture,Microbiology,2023-04-23,2023-04-24,2023-04-26 00:00:00,48,Routine,Normal
LO126338,APP058836,PAT05407,DOC049,DEP001,FAC003,LAB009,Chest X-Ray,Radiology,2026-07-03,2026-07-05,2026-07-05 01:00:00,1,Routine,Abnormal
LO126345,APP073190,PAT14985,DOC054,DEP003,FAC003,LAB012,HbA1c,Biochemistry,2025-06-28,2025-06-29,2025-07-03 12:00:00,108,Routine,Normal
LO126349,APP055541,PAT13218,DOC033,DEP003,FAC003,LAB013,COVID PCR,Molecular Diagnostics,2023-11-13,2023-11-15,2023-11-17 19:00:00,67,Routine,Normal
LO126360,APP063654,PAT13049,DOC024,DEP006,FAC004,LAB011,ECG,Cardiology Diagnostics,2024-11-22,2024-11-22,2024-11-24 03:00:00,51,Routine,Normal
LO126362,APP050622,PAT13421,DOC049,DEP001,FAC003,LAB015,Electrolytes Panel,Biochemistry,2025-03-18,2025-03-18,2025-03-18 08:00:00,8,Routine,Normal
LO126371,APP058053,PAT06606,DOC024,DEP006,FAC004,LAB012,HbA1c,Biochemistry,2023-07-06,2023-07-06,2023-07-07 00:00:00,24,Routine,Normal
LO126375,APP072048,PAT14413,DOC001,DEP001,FAC001,LAB010,Ultrasound Abdomen,Radiology,2023-07-24,2023-07-24,2023-07-26 21:00:00,69,Routine,Normal
LO126376,APP058073,PAT08305,DOC008,DEP003,FAC003,LAB009,Chest X-Ray,Radiology,2024-05-29,2024-05-30,2024-06-04 00:00:00,120,Routine,Normal
LO126383,APP072066,PAT03290,DOC051,DEP005,FAC002,LAB014,Blood Culture,Microbiology,2025-02-19,2025-02-20,2025-02-24 09:00:00,105,Urgent,Normal
LO126386,APP067988,PAT09418,DOC052,DEP002,FAC004,LAB005,Kidney Function Test,Biochemistry,2025-05-27,2025-05-27,2025-05-29 09:00:00,57,Routine,Normal
LO126391,APP060813,PAT07922,DOC045,DEP007,FAC004,LAB008,Urine Culture,Microbiology,2026-05-06,2026-05-07,2026-05-09 10:00:00,58,Routine,Normal
LO126392,APP069843,PAT07146,DOC018,DEP007,FAC003,LAB004,Liver Function Test,Biochemistry,2022-05-01,2022-05-03,2022-05-04 04:00:00,28,Routine,Normal
LO126393,APP071623,PAT00938,DOC059,DEP006,FAC005,LAB005,Kidney Function Test,Biochemistry,2022-07-05,2022-07-05,2022-07-07 23:00:00,71,Routine,Normal
LO126397,APP064111,PAT11645,DOC038,DEP005,FAC003,LAB006,Thyroid Profile,Immunology,2025-08-04,2025-08-04,2025-08-08 13:00:00,109,Routine,Normal
LO126410,APP065246,PAT01311,DOC034,DEP001,FAC004,LAB013,COVID PCR,Molecular Diagnostics,2024-09-18,2024-09-18,2024-09-21 09:00:00,81,Routine,Normal
LO126413,APP055641,PAT08731,DOC004,DEP001,FAC004,LAB012,HbA1c,Biochemistry,2021-10-21,2021-10-21,2021-10-25 01:00:00,97,Routine,Normal
LO126419,APP055622,PAT02022,DOC004,DEP001,FAC004,LAB001,Complete Blood Count,Hematology,2024-07-26,2024-07-27,2024-07-28 13:00:00,37,Routine,Normal
LO126426,APP061308,PAT13827,DOC037,DEP005,FAC002,LAB002,Blood Glucose,Biochemistry,2026-06-19,2026-06-19,2026-06-22 06:00:00,78,Urgent,Abnormal
LO126433,APP073849,PAT10320,DOC016,DEP004,FAC001,LAB011,ECG,Cardiology Diagnostics,2026-08-04,2026-08-05,2026-08-05 22:00:00,22,Routine,Normal
LO126447,APP070245,PAT02992,DOC021,DEP005,FAC001,LAB011,ECG,Cardiology Diagnostics,2024-07-01,2024-07-02,2024-07-05 01:00:00,73,Stat,Normal
LO126449,APP059627,PAT12963,DOC050,DEP005,FAC003,LAB007,Urine Routine,Microbiology,2023-03-22,2023-03-23,2023-03-23 01:00:00,1,Routine,Normal
LO126452,APP062775,PAT07597,DOC018,DEP007,FAC003,LAB007,Urine Routine,Microbiology,2022-09-17,2022-09-17,2022-09-20 05:00:00,77,Routine,Normal
LO126453,APP058640,PAT03752,DOC011,DEP003,FAC001,LAB005,Kidney Function Test,Biochemistry,2025-08-15,2025-08-16,2025-08-20 07:00:00,103,Routine,Normal
LO126455,APP054251,PAT07364,DOC015,DEP005,FAC005,LAB001,Complete Blood Count,Hematology,2023-04-13,2023-04-14,2023-04-15 06:00:00,30,Routine,Abnormal
LO126460,APP053961,PAT08583,DOC033,DEP003,FAC003,LAB002,Blood Glucose,Biochemistry,2022-08-12,2022-08-14,2022-08-15 07:00:00,31,Urgent,Normal
LO126462,APP054681,PAT04740,DOC018,DEP007,FAC003,LAB008,Urine Culture,Microbiology,2023-08-17,2023-08-19,2023-08-21 13:00:00,61,Urgent,Normal
LO126465,APP074939,PAT06463,DOC022,DEP007,FAC002,LAB010,Ultrasound Abdomen,Radiology,2023-02-28,2023-02-28,2023-03-02 04:00:00,52,Routine,Normal
LO126466,APP056026,PAT00978,DOC038,DEP005,FAC003,LAB005,Kidney Function Test,Biochemistry,2022-03-07,2022-03-07,2022-03-12 00:00:00,120,Routine,Critical
LO126472,APP065881,PAT07742,DOC026,DEP008,FAC001,LAB009,Chest X-Ray,Radiology,2022-05-02,2022-05-03,2022-05-06 16:00:00,88,Routine,Normal
LO126479,APP072948,PAT10320,DOC053,DEP007,FAC005,LAB010,Ultrasound Abdomen,Radiology,2021-02-01,2021-02-02,2021-02-04 23:00:00,71,Routine,Normal
LO126489,APP074102,PAT08285,DOC015,DEP005,FAC005,LAB011,ECG,Cardiology Diagnostics,2026-10-30,2026-10-31,2026-11-02 16:00:00,64,Routine,Normal
LO126491,APP074319,PAT12369,DOC054,DEP003,FAC003,LAB011,ECG,Cardiology Diagnostics,2023-11-06,2023-11-06,2023-11-08 10:00:00,58,Routine,Normal
LO126494,APP062875,PAT02967,DOC058,DEP001,FAC004,LAB004,Liver Function Test,Biochemistry,2023-11-27,2023-11-27,2023-11-28 12:00:00,36,Routine,Normal
LO126503,APP066370,PAT13239,DOC002,DEP001,FAC002,LAB013,COVID PCR,Molecular Diagnostics,2025-02-05,2025-02-05,2025-02-08 15:00:00,87,Routine,Normal
LO126509,APP067839,PAT14469,DOC020,DEP006,FAC005,LAB006,Thyroid Profile,Immunology,2026-04-27,2026-04-27,2026-04-30 20:00:00,92,Routine,Normal
LO126511,APP068136,PAT05933,DOC006,DEP002,FAC001,LAB004,Liver Function Test,Biochemistry,2025-09-20,2025-09-22,2025-09-24 19:00:00,67,Routine,Normal
LO126512,APP069981,PAT11627,DOC020,DEP006,FAC005,LAB001,Complete Blood Count,Hematology,2025-08-08,2025-08-08,2025-08-08 01:00:00,1,Routine,Normal
LO126518,APP066958,PAT07223,DOC057,DEP001,FAC002,LAB009,Chest X-Ray,Radiology,2021-03-22,2021-03-23,2021-03-25 12:00:00,60,Routine,Normal
LO126523,APP067012,PAT05404,DOC005,DEP001,FAC005,LAB014,Blood Culture,Microbiology,2023-01-10,2023-01-11,2023-01-13 08:00:00,56,Routine,Normal
LO126524,APP067344,PAT13089,DOC053,DEP007,FAC005,LAB006,Thyroid Profile,Immunology,2021-12-01,2021-12-02,2021-12-02 19:00:00,19,Urgent,Normal
LO126528,APP068979,PAT12685,DOC057,DEP001,FAC002,LAB005,Kidney Function Test,Biochemistry,2021-07-22,2021-07-23,2021-07-25 02:00:00,50,Routine,Normal
LO126534,APP050232,PAT01248,DOC002,DEP001,FAC002,LAB013,COVID PCR,Molecular Diagnostics,2025-07-26,2025-07-26,2025-07-26 01:00:00,1,Routine,Normal
LO126536,APP067470,PAT13164,DOC002,DEP001,FAC002,LAB009,Chest X-Ray,Radiology,2025-05-14,2025-05-14,2025-05-14 01:00:00,1,Routine,Normal
LO126539,APP067584,PAT07827,DOC001,DEP001,FAC001,LAB001,Complete Blood Count,Hematology,2021-09-05,2021-09-05,2021-09-06 05:00:00,29,Routine,Abnormal
LO126543,APP057156,PAT05839,DOC054,DEP003,FAC003,LAB007,Urine Routine,Microbiology,2026-09-03,2026-09-03,2026-09-06 17:00:00,89,Routine,Abnormal
LO126549,APP060854,PAT04765,DOC048,DEP002,FAC001,LAB007,Urine Routine,Microbiology,2022-08-10,2022-08-10,2022-08-11 04:00:00,28,Urgent,Normal
LO126559,APP050119,PAT13187,DOC058,DEP001,FAC004,LAB004,Liver Function Test,Biochemistry,2021-06-08,2021-06-08,2021-06-11 01:00:00,73,Routine,Normal
LO126560,APP056637,PAT00469,DOC037,DEP005,FAC002,LAB009,Chest X-Ray,Radiology,2023-10-27,2023-10-27,2023-10-27 01:00:00,1,Routine,Critical
LO126562,APP053989,PAT04792,DOC016,DEP004,FAC001,LAB015,Electrolytes Panel,Biochemistry,2025-04-03,2025-04-03,2025-04-05 14:00:00,62,Routine,Normal
LO126564,APP070696,PAT12691,DOC057,DEP001,FAC002,LAB010,Ultrasound Abdomen,Radiology,2025-09-18,2025-09-18,2025-09-19 05:00:00,29,Routine,Normal
LO126567,APP068733,PAT07697,DOC003,DEP001,FAC003,LAB014,Blood Culture,Microbiology,2026-09-09,2026-09-09,2026-09-09 14:00:00,14,Routine,Normal
LO126572,APP074694,PAT10769,DOC054,DEP003,FAC003,LAB011,ECG,Cardiology Diagnostics,2024-08-28,2024-08-29,2024-09-01 22:00:00,94,Urgent,Normal
LO126578,APP063877,PAT02549,DOC027,DEP001,FAC002,LAB006,Thyroid Profile,Immunology,2021-03-29,2021-03-30,2021-03-30 18:00:00,18,Routine,Critical
LO126579,APP052595,PAT14020,DOC048,DEP002,FAC001,LAB009,Chest X-Ray,Radiology,2025-05-18,2025-05-19,2025-05-22 05:00:00,77,Urgent,Normal
LO126586,APP073372,PAT04245,DOC030,DEP008,FAC005,LAB002,Blood Glucose,Biochemistry,2026-12-24,2026-12-24,2026-12-26 11:00:00,59,Urgent,Normal
LO126590,APP052045,PAT08607,DOC003,DEP001,FAC003,LAB006,Thyroid Profile,Immunology,2024-11-20,2024-11-21,2024-11-24 05:00:00,77,Routine,Normal
LO126598,APP071107,PAT05835,DOC001,DEP001,FAC001,LAB001,Complete Blood Count,Hematology,2022-05-02,2022-05-02,2022-05-04 13:00:00,61,Routine,Normal
LO126601,APP051177,PAT04257,DOC011,DEP003,FAC001,LAB011,ECG,Cardiology Diagnostics,2026-08-06,2026-08-07,2026-08-09 06:00:00,54,Routine,Normal
LO126604,APP074291,PAT09382,DOC050,DEP005,FAC003,LAB012,HbA1c,Biochemistry,2025-04-18,2025-04-20,2025-04-22 03:00:00,51,Routine,Normal
LO126615,APP069709,PAT03756,DOC011,DEP003,FAC001,LAB003,Lipid Profile,Biochemistry,2021-10-09,2021-10-10,2021-10-13 00:00:00,72,Routine,Normal
LO126623,APP056056,PAT13766,DOC036,DEP002,FAC001,LAB008,Urine Culture,Microbiology,2023-05-04,2023-05-06,2023-05-09 00:00:00,72,Routine,Normal
LO126630,APP064407,PAT04756,DOC001,DEP001,FAC001,LAB015,Electrolytes Panel,Biochemistry,2021-03-19,2021-03-19,2021-03-19 23:00:00,23,Routine,Abnormal
LO126637,APP063427,PAT09282,DOC002,DEP001,FAC002,LAB005,Kidney Function Test,Biochemistry,2023-06-14,2023-06-14,2023-06-16 00:00:00,48,Routine,Normal
LO126642,APP054547,PAT08937,DOC033,DEP003,FAC003,LAB004,Liver Function Test,Biochemistry,2024-07-18,2024-07-19,2024-07-24 00:00:00,120,Routine,Abnormal
LO126644,APP066986,PAT06159,DOC004,DEP001,FAC004,LAB007,Urine Routine,Microbiology,2023-12-08,2023-12-09,2023-12-10 20:00:00,44,Urgent,Normal
LO126645,APP051226,PAT08283,DOC022,DEP007,FAC002,LAB006,Thyroid Profile,Immunology,2024-06-05,2024-06-06,2024-06-09 12:00:00,84,Routine,Normal
LO126648,APP063659,PAT03680,DOC008,DEP003,FAC003,LAB013,COVID PCR,Molecular Diagnostics,2026-03-19,2026-03-19,2026-03-19 01:00:00,1,Routine,Normal
LO126655,APP074195,PAT00813,DOC010,DEP003,FAC005,LAB010,Ultrasound Abdomen,Radiology,2023-08-29,2023-08-30,2023-09-02 14:00:00,86,Routine,Normal
LO126658,APP062673,PAT13510,DOC012,DEP005,FAC002,LAB006,Thyroid Profile,Immunology,2022-04-28,2022-04-30,2022-04-30 01:00:00,1,Routine,Normal
LO126670,APP068679,PAT07014,DOC042,DEP003,FAC003,LAB009,Chest X-Ray,Radiology,2024-05-22,2024-05-22,2024-05-23 07:00:00,31,Routine,Abnormal
LO126687,APP058827,PAT14717,DOC046,DEP001,FAC001,LAB015,Electrolytes Panel,Biochemistry,2024-11-04,2024-11-04,2024-11-06 21:00:00,69,Urgent,Normal
LO126698,APP068200,PAT05951,DOC041,DEP001,FAC005,LAB006,Thyroid Profile,Immunology,2026-07-28,2026-07-28,2026-07-29 14:00:00,38,Stat,Normal
LO126700,APP054843,PAT12357,DOC011,DEP003,FAC001,LAB010,Ultrasound Abdomen,Radiology,2025-07-03,2025-07-03,2025-07-05 07:00:00,55,Routine,Normal
LO126706,APP064334,PAT02141,DOC052,DEP002,FAC004,LAB013,COVID PCR,Molecular Diagnostics,2026-03-30,2026-03-30,2026-03-31 13:00:00,37,Routine,Normal
LO126710,APP067085,PAT11402,DOC018,DEP007,FAC003,LAB013,COVID PCR,Molecular Diagnostics,2024-12-27,2024-12-28,2024-12-28 01:00:00,1,Routine,Abnormal
LO126718,APP053721,PAT10578,DOC059,DEP006,FAC005,LAB004,Liver Function Test,Biochemistry,2025-01-12,2025-01-13,2025-01-14 23:00:00,47,Routine,Normal
LO126728,APP073273,PAT08325,DOC018,DEP007,FAC003,LAB006,Thyroid Profile,Immunology,2021-12-11,2021-12-11,2021-12-13 11:00:00,59,Routine,Abnormal
LO126748,APP056878,PAT04562,DOC019,DEP005,FAC004,LAB003,Lipid Profile,Biochemistry,2023-10-21,2023-10-21,2023-10-22 16:00:00,40,Routine,Normal
LO126750,APP062025,PAT06126,DOC020,DEP006,FAC005,LAB002,Blood Glucose,Biochemistry,2025-07-12,2025-07-13,2025-07-14 00:00:00,24,Routine,Normal
LO126754,APP064643,PAT10109,DOC002,DEP001,FAC002,LAB002,Blood Glucose,Biochemistry,2023-11-10,2023-11-10,2023-11-13 17:00:00,89,Routine,Normal
LO126762,APP068452,PAT05872,DOC027,DEP001,FAC002,LAB012,HbA1c,Biochemistry,2025-08-26,2025-08-26,2025-08-27 06:00:00,30,Routine,Abnormal
LO126773,APP074075,PAT05596,DOC004,DEP001,FAC004,LAB006,Thyroid Profile,Immunology,2022-05-07,2022-05-07,2022-05-10 09:00:00,81,Urgent,Normal
LO126783,APP054654,PAT09386,DOC053,DEP007,FAC005,LAB002,Blood Glucose,Biochemistry,2023-08-23,2023-08-23,2023-08-24 12:00:00,36,Routine,Normal
LO126788,APP069904,PAT02184,DOC009,DEP002,FAC004,LAB009,Chest X-Ray,Radiology,2025-04-06,2025-04-07,2025-04-12 00:00:00,120,Routine,Normal
LO126795,APP073547,PAT11286,DOC025,DEP007,FAC005,LAB012,HbA1c,Biochemistry,2025-07-14,2025-07-14,2025-07-16 04:00:00,52,Routine,Abnormal
LO126797,APP066943,PAT10169,DOC054,DEP003,FAC003,LAB004,Liver Function Test,Biochemistry,2024-12-16,2024-12-16,2024-12-16 07:00:00,7,Urgent,Normal
LO126801,APP061295,PAT11789,DOC033,DEP003,FAC003,LAB007,Urine Routine,Microbiology,2023-01-09,2023-01-09,2023-01-09 12:00:00,12,Routine,Normal
LO126809,APP063349,PAT09797,DOC045,DEP007,FAC004,LAB014,Blood Culture,Microbiology,2023-09-27,2023-09-27,2023-09-30 14:00:00,86,Routine,Normal
LO126811,APP071992,PAT09405,DOC032,DEP002,FAC002,LAB015,Electrolytes Panel,Biochemistry,2024-12-26,2024-12-26,2024-12-29 16:00:00,88,Routine,Normal
LO126814,APP067553,PAT07252,DOC033,DEP003,FAC003,LAB011,ECG,Cardiology Diagnostics,2022-12-05,2022-12-05,2022-12-07 04:00:00,52,Routine,Normal
LO126818,APP066031,PAT08730,DOC003,DEP001,FAC003,LAB010,Ultrasound Abdomen,Radiology,2024-10-21,2024-10-22,2024-10-26 18:00:00,114,Routine,Abnormal
LO126828,APP070433,PAT12949,DOC024,DEP006,FAC004,LAB002,Blood Glucose,Biochemistry,2026-10-30,2026-11-01,2026-11-04 15:00:00,87,Urgent,Normal
LO126830,APP061463,PAT03624,DOC060,DEP006,FAC005,LAB001,Complete Blood Count,Hematology,2025-11-04,2025-11-05,2025-11-05 13:00:00,13,Routine,Normal
LO126831,APP050831,PAT08724,DOC019,DEP005,FAC004,LAB007,Urine Routine,Microbiology,2024-12-29,2024-12-30,2024-12-30 16:00:00,16,Routine,Abnormal
LO126841,APP071072,PAT01769,DOC021,DEP005,FAC001,LAB005,Kidney Function Test,Biochemistry,2024-07-25,2024-07-25,2024-07-30 00:00:00,120,Routine,Normal
LO126848,APP053412,PAT14681,DOC035,DEP001,FAC005,LAB002,Blood Glucose,Biochemistry,2023-02-26,2023-02-26,2023-02-26 06:00:00,6,Urgent,Normal
LO126854,APP064311,PAT01399,DOC057,DEP001,FAC002,LAB009,Chest X-Ray,Radiology,2026-12-12,2026-12-12,2026-12-14 07:00:00,55,Urgent,Critical
LO126872,APP056437,PAT03300,DOC045,DEP007,FAC004,LAB001,Complete Blood Count,Hematology,2026-09-10,2026-09-11,2026-09-11 01:00:00,1,Urgent,Normal
LO126875,APP057566,PAT04696,DOC020,DEP006,FAC005,LAB005,Kidney Function Test,Biochemistry,2023-08-24,2023-08-25,2023-08-28 14:00:00,86,Routine,Normal
LO126878,APP058786,PAT10684,DOC053,DEP007,FAC005,LAB001,Complete Blood Count,Hematology,2026-01-23,2026-01-23,2026-01-25 16:00:00,64,Routine,Normal
LO126884,APP074735,PAT05707,DOC023,DEP008,FAC003,LAB009,Chest X-Ray,Radiology,2023-07-30,2023-07-30,2023-08-02 04:00:00,76,Routine,Normal
LO126885,APP056702,PAT06159,DOC053,DEP007,FAC005,LAB011,ECG,Cardiology Diagnostics,2021-12-11,2021-12-11,2021-12-13 14:00:00,62,Routine,Abnormal
LO126890,APP071464,PAT04827,DOC008,DEP003,FAC003,LAB001,Complete Blood Count,Hematology,2022-02-06,2022-02-06,2022-02-09 06:00:00,78,Routine,Normal
LO126898,APP050988,PAT04514,DOC055,DEP006,FAC004,LAB006,Thyroid Profile,Immunology,2024-05-30,2024-05-30,2024-05-30 01:00:00,1,Routine,Normal
LO126913,APP055343,PAT04820,DOC057,DEP001,FAC002,LAB010,Ultrasound Abdomen,Radiology,2026-12-01,2026-12-01,2026-12-03 06:00:00,54,Routine,Normal
LO126915,APP058639,PAT06648,DOC010,DEP003,FAC005,LAB011,ECG,Cardiology Diagnostics,2026-10-26,2026-10-26,2026-10-28 21:00:00,69,Routine,Normal
LO126918,APP072524,PAT04405,DOC008,DEP003,FAC003,LAB013,COVID PCR,Molecular Diagnostics,2025-03-29,2025-03-29,2025-03-30 19:00:00,43,Routine,Normal
LO126921,APP059862,PAT01660,DOC028,DEP001,FAC003,LAB015,Electrolytes Panel,Biochemistry,2026-03-13,2026-03-14,2026-03-17 02:00:00,74,Urgent,Normal
LO126928,APP068041,PAT11378,DOC001,DEP001,FAC001,LAB009,Chest X-Ray,Radiology,2025-11-21,2025-11-21,2025-11-24 07:00:00,79,Routine,Normal
LO126929,APP069048,PAT12069,DOC010,DEP003,FAC005,LAB007,Urine Routine,Microbiology,2023-05-11,2023-05-12,2023-05-13 16:00:00,40,Routine,Normal
LO126936,APP057227,PAT04128,DOC053,DEP007,FAC005,LAB015,Electrolytes Panel,Biochemistry,2025-08-26,2025-08-27,2025-08-29 22:00:00,70,Routine,Normal
LO126937,APP068053,PAT10666,DOC054,DEP003,FAC003,LAB005,Kidney Function Test,Biochemistry,2021-10-26,2021-10-28,2021-10-30 01:00:00,49,Routine,Abnormal
LO126939,APP057295,PAT08701,DOC058,DEP001,FAC004,LAB008,Urine Culture,Microbiology,2023-05-08,2023-05-08,2023-05-13 00:00:00,120,Urgent,Normal
LO126951,APP051051,PAT06770,DOC057,DEP001,FAC002,LAB013,COVID PCR,Molecular Diagnostics,2023-01-21,2023-01-22,2023-01-24 09:00:00,57,Routine,Normal
LO126952,APP064459,PAT03657,DOC044,DEP005,FAC002,LAB008,Urine Culture,Microbiology,2022-12-23,2022-12-23,2022-12-24 02:00:00,26,Routine,Abnormal
LO126958,APP056954,PAT13333,DOC039,DEP002,FAC004,LAB008,Urine Culture,Microbiology,2023-03-03,2023-03-04,2023-03-07 03:00:00,75,Routine,Normal
LO126969,APP060070,PAT13911,DOC003,DEP001,FAC003,LAB007,Urine Routine,Microbiology,2026-09-22,2026-09-23,2026-09-25 16:00:00,64,Routine,Abnormal
LO126971,APP059904,PAT11491,DOC022,DEP007,FAC002,LAB003,Lipid Profile,Biochemistry,2025-07-05,2025-07-06,2025-07-07 22:00:00,46,Routine,Normal
LO126975,APP068740,PAT00725,DOC043,DEP008,FAC003,LAB012,HbA1c,Biochemistry,2024-01-03,2024-01-04,2024-01-05 12:00:00,36,Routine,Normal
LO126976,APP072732,PAT03117,DOC049,DEP001,FAC003,LAB010,Ultrasound Abdomen,Radiology,2023-02-02,2023-02-02,2023-02-03 16:00:00,40,Stat,Normal
LO126978,APP058327,PAT03888,DOC026,DEP008,FAC001,LAB008,Urine Culture,Microbiology,2026-01-15,2026-01-15,2026-01-15 18:00:00,18,Urgent,Normal
LO126987,APP056942,PAT06157,DOC021,DEP005,FAC001,LAB014,Blood Culture,Microbiology,2026-11-04,2026-11-04,2026-11-05 17:00:00,41,Routine,Abnormal
LO126989,APP051008,PAT04673,DOC057,DEP001,FAC002,LAB001,Complete Blood Count,Hematology,2026-10-05,2026-10-07,2026-10-10 08:00:00,80,Routine,Normal
LO126990,APP071071,PAT04437,DOC028,DEP001,FAC003,LAB011,ECG,Cardiology Diagnostics,2026-11-12,2026-11-12,2026-11-12 12:00:00,12,Routine,Normal
LO126994,APP069912,PAT12426,DOC053,DEP007,FAC005,LAB013,COVID PCR,Molecular Diagnostics,2024-06-27,2024-06-27,2024-06-28 18:00:00,42,Routine,Normal
LO126996,APP056012,PAT08658,DOC043,DEP008,FAC003,LAB005,Kidney Function Test,Biochemistry,2022-04-12,2022-04-13,2022-04-14 21:00:00,45,Routine,Abnormal
LO127010,APP067558,PAT00909,DOC040,DEP003,FAC005,LAB001,Complete Blood Count,Hematology,2025-09-10,2025-09-10,2025-09-10 01:00:00,1,Routine,Normal
LO127012,APP055543,PAT13287,DOC047,DEP006,FAC005,LAB006,Thyroid Profile,Immunology,2021-10-06,2021-10-06,2021-10-06 01:00:00,1,Urgent,Normal
LO127017,APP054617,PAT01792,DOC036,DEP002,FAC001,LAB011,ECG,Cardiology Diagnostics,2022-01-30,2022-01-31,2022-02-01 23:00:00,47,Routine,Normal
LO127019,APP059696,PAT11070,DOC030,DEP008,FAC005,LAB003,Lipid Profile,Biochemistry,2023-03-13,2023-03-14,2023-03-17 04:00:00,76,Urgent,Normal
LO127029,APP073312,PAT06890,DOC022,DEP007,FAC002,LAB011,ECG,Cardiology Diagnostics,2024-12-21,2024-12-23,2024-12-24 16:00:00,40,Routine,Abnormal
LO127031,APP070067,PAT06877,DOC049,DEP001,FAC003,LAB013,COVID PCR,Molecular Diagnostics,2023-03-13,2023-03-14,2023-03-18 12:00:00,108,Routine,Normal
LO127034,APP067310,PAT13218,DOC060,DEP006,FAC005,LAB013,COVID PCR,Molecular Diagnostics,2026-01-02,2026-01-03,2026-01-04 07:00:00,31,Stat,Normal
LO127041,APP053964,PAT04541,DOC051,DEP005,FAC002,LAB007,Urine Routine,Microbiology,2021-04-06,2021-04-07,2021-04-08 22:00:00,46,Routine,Normal
LO127042,APP074609,PAT14748,DOC039,DEP002,FAC004,LAB014,Blood Culture,Microbiology,2024-04-04,2024-04-04,2024-04-05 01:00:00,25,Routine,Normal
LO127044,APP069688,PAT00812,DOC055,DEP006,FAC004,LAB006,Thyroid Profile,Immunology,2023-10-09,2023-10-10,2023-10-13 21:00:00,93,Routine,Abnormal
LO127048,APP074088,PAT06555,DOC005,DEP001,FAC005,LAB008,Urine Culture,Microbiology,2022-03-25,2022-03-25,2022-03-28 03:00:00,75,Routine,Normal
LO127065,APP054358,PAT13414,DOC021,DEP005,FAC001,LAB003,Lipid Profile,Biochemistry,2021-05-27,2021-05-27,2021-05-29 23:00:00,71,Routine,Normal
LO127076,APP065795,PAT07863,DOC035,DEP001,FAC005,LAB012,HbA1c,Biochemistry,2025-09-25,2025-09-25,2025-09-28 03:00:00,75,Routine,Abnormal
LO127079,APP058878,PAT03964,DOC011,DEP003,FAC001,LAB005,Kidney Function Test,Biochemistry,2026-12-02,2026-12-04,2026-12-05 13:00:00,37,Routine,Abnormal
LO127083,APP067578,PAT07325,DOC054,DEP003,FAC003,LAB001,Complete Blood Count,Hematology,2024-12-09,2024-12-09,2024-12-12 14:00:00,86,Routine,Normal
LO127090,APP052245,PAT04897,DOC017,DEP006,FAC002,LAB004,Liver Function Test,Biochemistry,2023-01-14,2023-01-14,2023-01-14 01:00:00,1,Routine,Abnormal
LO127091,APP059516,PAT03533,DOC016,DEP004,FAC001,LAB008,Urine Culture,Microbiology,2024-07-27,2024-07-28,2024-07-30 02:00:00,50,Routine,Normal
LO127095,APP062857,PAT10006,DOC048,DEP002,FAC001,LAB014,Blood Culture,Microbiology,2022-10-20,2022-10-20,2022-10-22 06:00:00,54,Routine,Normal
LO127102,APP052599,PAT11445,DOC035,DEP001,FAC005,LAB011,ECG,Cardiology Diagnostics,2024-09-02,2024-09-02,2024-09-04 12:00:00,60,Routine,Normal
LO127107,APP074444,PAT08178,DOC015,DEP005,FAC005,LAB003,Lipid Profile,Biochemistry,2021-04-05,2021-04-05,2021-04-07 17:00:00,65,Routine,Normal
LO127108,APP059854,PAT07624,DOC031,DEP001,FAC001,LAB007,Urine Routine,Microbiology,2026-12-14,2026-12-15,2026-12-18 16:00:00,88,Urgent,Normal
LO127112,APP074706,PAT03323,DOC058,DEP001,FAC004,LAB008,Urine Culture,Microbiology,2025-01-24,2025-01-24,2025-01-27 07:00:00,79,Routine,Normal
LO127115,APP052876,PAT06889,DOC047,DEP006,FAC005,LAB009,Chest X-Ray,Radiology,2026-03-10,2026-03-10,2026-03-11 08:00:00,32,Routine,Normal
LO127119,APP060720,PAT13606,DOC049,DEP001,FAC003,LAB010,Ultrasound Abdomen,Radiology,2022-04-05,2022-04-05,2022-04-08 06:00:00,78,Routine,Normal
LO127121,APP069570,PAT07641,DOC050,DEP005,FAC003,LAB014,Blood Culture,Microbiology,2025-03-26,2025-03-27,2025-03-29 01:00:00,49,Routine,Normal
LO127122,APP070634,PAT02168,DOC043,DEP008,FAC003,LAB011,ECG,Cardiology Diagnostics,2024-03-16,2024-03-17,2024-03-19 15:00:00,63,Routine,Normal
LO127125,APP051101,PAT09261,DOC047,DEP006,FAC005,LAB008,Urine Culture,Microbiology,2024-08-05,2024-08-05,2024-08-06 07:00:00,31,Routine,Normal
LO127126,APP061570,PAT00796,DOC007,DEP002,FAC002,LAB007,Urine Routine,Microbiology,2024-10-03,2024-10-04,2024-10-05 01:00:00,25,Routine,Normal
LO127127,APP062483,PAT06026,DOC056,DEP001,FAC003,LAB008,Urine Culture,Microbiology,2025-09-08,2025-09-08,2025-09-11 18:00:00,90,Routine,Normal
LO127134,APP073354,PAT04722,DOC032,DEP002,FAC002,LAB004,Liver Function Test,Biochemistry,2021-10-15,2021-10-16,2021-10-19 12:00:00,84,Routine,Normal
LO127135,APP073628,PAT07723,DOC009,DEP002,FAC004,LAB006,Thyroid Profile,Immunology,2024-12-09,2024-12-09,2024-12-10 17:00:00,41,Routine,Critical
LO127142,APP064826,PAT03018,DOC045,DEP007,FAC004,LAB001,Complete Blood Count,Hematology,2026-08-07,2026-08-07,2026-08-10 11:00:00,83,Routine,Normal
LO127150,APP050989,PAT14608,DOC006,DEP002,FAC001,LAB006,Thyroid Profile,Immunology,2026-03-06,2026-03-08,2026-03-10 13:00:00,61,Routine,Abnormal
LO127154,APP068790,PAT08374,DOC033,DEP003,FAC003,LAB011,ECG,Cardiology Diagnostics,2023-09-15,2023-09-17,2023-09-19 12:00:00,60,Routine,Normal
LO127163,APP070096,PAT01523,DOC002,DEP001,FAC002,LAB013,COVID PCR,Molecular Diagnostics,2022-01-04,2022-01-06,2022-01-07 19:00:00,43,Routine,Normal
LO127169,APP059172,PAT11949,DOC006,DEP002,FAC001,LAB006,Thyroid Profile,Immunology,2025-12-08,2025-12-08,2025-12-08 18:00:00,18,Routine,Normal
LO127171,APP069799,PAT13782,DOC029,DEP007,FAC004,LAB013,COVID PCR,Molecular Diagnostics,2021-04-01,2021-04-02,2021-04-02 03:00:00,3,Routine,Normal
LO127172,APP064216,PAT14314,DOC023,DEP008,FAC003,LAB006,Thyroid Profile,Immunology,2024-09-11,2024-09-11,2024-09-12 10:00:00,34,Urgent,Normal
LO127178,APP055100,PAT09314,DOC035,DEP001,FAC005,LAB010,Ultrasound Abdomen,Radiology,2024-05-23,2024-05-23,2024-05-25 05:00:00,53,Routine,Normal
LO127181,APP054471,PAT06905,DOC026,DEP008,FAC001,LAB008,Urine Culture,Microbiology,2023-12-11,2023-12-12,2023-12-15 09:00:00,81,Routine,Normal
LO127187,APP062970,PAT11673,DOC028,DEP001,FAC003,LAB011,ECG,Cardiology Diagnostics,2022-10-11,2022-10-11,2022-10-14 10:00:00,82,Routine,Normal
LO127191,APP053122,PAT05986,DOC047,DEP006,FAC005,LAB006,Thyroid Profile,Immunology,2024-09-25,2024-09-25,2024-09-26 03:00:00,27,Routine,Normal
LO127193,APP072207,PAT03572,DOC049,DEP001,FAC003,LAB003,Lipid Profile,Biochemistry,2022-03-14,2022-03-15,2022-03-16 10:00:00,34,Stat,Normal
LO127197,APP068649,PAT02320,DOC017,DEP006,FAC002,LAB004,Liver Function Test,Biochemistry,2026-09-18,2026-09-18,2026-09-20 04:00:00,52,Routine,Normal
LO127204,APP071637,PAT13555,DOC014,DEP004,FAC004,LAB010,Ultrasound Abdomen,Radiology,2022-04-06,2022-04-08,2022-04-09 06:00:00,30,Urgent,Normal
LO127210,APP050040,PAT11011,DOC001,DEP001,FAC001,LAB002,Blood Glucose,Biochemistry,2026-07-18,2026-07-19,2026-07-23 11:00:00,107,Routine,Normal
LO127212,APP055252,PAT09354,DOC030,DEP008,FAC005,LAB008,Urine Culture,Microbiology,2026-09-23,2026-09-23,2026-09-26 15:00:00,87,Routine,Normal
LO127214,APP062164,PAT14942,DOC020,DEP006,FAC005,LAB012,HbA1c,Biochemistry,2025-11-01,2025-11-02,2025-11-04 10:00:00,58,Routine,Normal
LO127217,APP060339,PAT02089,DOC060,DEP006,FAC005,LAB006,Thyroid Profile,Immunology,2026-10-27,2026-10-27,2026-10-29 06:00:00,54,Routine,Normal
LO127235,APP071966,PAT14936,DOC009,DEP002,FAC004,LAB014,Blood Culture,Microbiology,2025-03-28,2025-03-28,2025-03-31 03:00:00,75,Routine,Normal
LO127241,APP051812,PAT02865,DOC001,DEP001,FAC001,LAB011,ECG,Cardiology Diagnostics,2026-02-20,2026-02-21,2026-02-24 01:00:00,73,Routine,Critical
LO127243,APP059773,PAT08150,DOC044,DEP005,FAC002,LAB003,Lipid Profile,Biochemistry,2022-02-02,2022-02-02,2022-02-03 19:00:00,43,Routine,Normal
LO127252,APP062169,PAT00327,DOC032,DEP002,FAC002,LAB012,HbA1c,Biochemistry,2026-05-22,2026-05-23,2026-05-25 09:00:00,57,Routine,Normal
LO127254,APP052272,PAT03705,DOC010,DEP003,FAC005,LAB008,Urine Culture,Microbiology,2024-07-26,2024-07-26,2024-07-29 21:00:00,93,Routine,Normal
LO127255,APP055727,PAT07059,DOC008,DEP003,FAC003,LAB006,Thyroid Profile,Immunology,2021-12-24,2021-12-24,2021-12-25 14:00:00,38,Routine,Normal
LO127256,APP071006,PAT09955,DOC015,DEP005,FAC005,LAB009,Chest X-Ray,Radiology,2024-12-01,2024-12-01,2024-12-06 00:00:00,120,Urgent,Normal
LO127258,APP073096,PAT02752,DOC033,DEP003,FAC003,LAB009,Chest X-Ray,Radiology,2021-05-06,2021-05-07,2021-05-10 09:00:00,81,Routine,Normal
LO127260,APP064456,PAT08472,DOC006,DEP002,FAC001,LAB008,Urine Culture,Microbiology,2024-04-29,2024-04-29,2024-05-03 10:00:00,106,Routine,Normal
LO127263,APP059117,PAT00765,DOC059,DEP006,FAC005,LAB009,Chest X-Ray,Radiology,2025-07-25,2025-07-25,2025-07-25 01:00:00,1,Routine,Normal
LO127265,APP062747,PAT13888,DOC005,DEP001,FAC005,LAB005,Kidney Function Test,Biochemistry,2025-12-19,2025-12-20,2025-12-22 01:00:00,49,Routine,Normal
LO127270,APP052922,PAT14723,DOC042,DEP003,FAC003,LAB001,Complete Blood Count,Hematology,2022-05-19,2022-05-19,2022-05-21 15:00:00,63,Routine,Normal
LO127275,APP072254,PAT00399,DOC055,DEP006,FAC004,LAB011,ECG,Cardiology Diagnostics,2021-12-27,2021-12-29,2022-01-01 10:00:00,82,Routine,Normal
LO127277,APP068187,PAT03503,DOC002,DEP001,FAC002,LAB002,Blood Glucose,Biochemistry,2021-03-05,2021-03-05,2021-03-07 09:00:00,57,Routine,Normal
LO127279,APP074034,PAT13871,DOC034,DEP001,FAC004,LAB012,HbA1c,Biochemistry,2024-07-20,2024-07-21,2024-07-24 03:00:00,75,Routine,Normal
LO127282,APP050452,PAT04396,DOC045,DEP007,FAC004,LAB011,ECG,Cardiology Diagnostics,2026-06-19,2026-06-19,2026-06-21 09:00:00,57,Routine,Abnormal
LO127296,APP057306,PAT06127,DOC051,DEP005,FAC002,LAB012,HbA1c,Biochemistry,2024-01-09,2024-01-10,2024-01-12 04:00:00,52,Routine,Abnormal
LO127311,APP071032,PAT14039,DOC012,DEP005,FAC002,LAB005,Kidney Function Test,Biochemistry,2025-04-28,2025-04-28,2025-04-29 20:00:00,44,Routine,Normal
LO127312,APP051997,PAT08983,DOC025,DEP007,FAC005,LAB004,Liver Function Test,Biochemistry,2026-08-21,2026-08-21,2026-08-22 07:00:00,31,Urgent,Normal
LO127313,APP071665,PAT11958,DOC049,DEP001,FAC003,LAB015,Electrolytes Panel,Biochemistry,2021-06-09,2021-06-10,2021-06-12 01:00:00,49,Routine,Normal
LO127316,APP072077,PAT05385,DOC030,DEP008,FAC005,LAB015,Electrolytes Panel,Biochemistry,2023-08-29,2023-08-30,2023-09-01 06:00:00,54,Urgent,Normal
LO127324,APP068121,PAT12528,DOC009,DEP002,FAC004,LAB008,Urine Culture,Microbiology,2024-04-22,2024-04-24,2024-04-25 08:00:00,32,Routine,Normal
LO127328,APP062808,PAT12566,DOC012,DEP005,FAC002,LAB012,HbA1c,Biochemistry,2026-01-19,2026-01-20,2026-01-23 12:00:00,84,Stat,Normal
LO127329,APP056533,PAT05404,DOC022,DEP007,FAC002,LAB006,Thyroid Profile,Immunology,2023-11-16,2023-11-17,2023-11-17 08:00:00,8,Routine,Abnormal
LO127330,APP072870,PAT03367,DOC007,DEP002,FAC002,LAB013,COVID PCR,Molecular Diagnostics,2026-09-22,2026-09-22,2026-09-25 15:00:00,87,Routine,Normal
LO127333,APP050043,PAT09852,DOC010,DEP003,FAC005,LAB011,ECG,Cardiology Diagnostics,2026-04-22,2026-04-23,2026-04-26 15:00:00,87,Routine,Normal
LO127335,APP064273,PAT11779,DOC045,DEP007,FAC004,LAB015,Electrolytes Panel,Biochemistry,2022-04-25,2022-04-25,2022-04-28 23:00:00,95,Routine,Normal
LO127339,APP065047,PAT02615,DOC007,DEP002,FAC002,LAB001,Complete Blood Count,Hematology,2023-12-19,2023-12-19,2023-12-21 12:00:00,60,Routine,Normal
LO127341,APP064597,PAT10304,DOC016,DEP004,FAC001,LAB004,Liver Function Test,Biochemistry,2022-06-04,2022-06-06,2022-06-06 04:00:00,4,Routine,Normal
LO127353,APP056497,PAT11095,DOC026,DEP008,FAC001,LAB013,COVID PCR,Molecular Diagnostics,2021-09-28,2021-09-28,2021-09-30 07:00:00,55,Urgent,Abnormal
LO127356,APP051719,PAT08061,DOC030,DEP008,FAC005,LAB006,Thyroid Profile,Immunology,2024-10-04,2024-10-04,2024-10-08 19:00:00,115,Routine,Normal
LO127360,APP070542,PAT12124,DOC048,DEP002,FAC001,LAB001,Complete Blood Count,Hematology,2022-04-08,2022-04-09,2022-04-12 15:00:00,87,Stat,Normal
LO127367,APP063292,PAT00818,DOC020,DEP006,FAC005,LAB015,Electrolytes Panel,Biochemistry,2023-06-11,2023-06-11,2023-06-11 04:00:00,4,Routine,Normal
LO127377,APP069517,PAT07751,DOC043,DEP008,FAC003,LAB009,Chest X-Ray,Radiology,2021-04-20,2021-04-20,2021-04-23 04:00:00,76,Routine,Normal
LO127381,APP069818,PAT06114,DOC042,DEP003,FAC003,LAB008,Urine Culture,Microbiology,2024-07-01,2024-07-02,2024-07-05 12:00:00,84,Routine,Normal
LO127398,APP051569,PAT03945,DOC048,DEP002,FAC001,LAB011,ECG,Cardiology Diagnostics,2022-07-28,2022-07-28,2022-07-29 15:00:00,39,Routine,Normal
LO127405,APP052617,PAT07542,DOC010,DEP003,FAC005,LAB008,Urine Culture,Microbiology,2022-05-30,2022-05-31,2022-06-03 03:00:00,75,Routine,Normal
LO127413,APP057339,PAT10570,DOC052,DEP002,FAC004,LAB009,Chest X-Ray,Radiology,2022-07-28,2022-07-28,2022-08-01 00:00:00,96,Routine,Normal
LO127419,APP059060,PAT04191,DOC047,DEP006,FAC005,LAB008,Urine Culture,Microbiology,2021-07-13,2021-07-14,2021-07-15 19:00:00,43,Routine,Normal
LO127427,APP066798,PAT03209,DOC031,DEP001,FAC001,LAB011,ECG,Cardiology Diagnostics,2026-01-03,2026-01-03,2026-01-07 13:00:00,109,Routine,Normal
LO127431,APP058725,PAT02544,DOC031,DEP001,FAC001,LAB006,Thyroid Profile,Immunology,2021-06-08,2021-06-09,2021-06-11 20:00:00,68,Routine,Normal
LO127434,APP067815,PAT05763,DOC047,DEP006,FAC005,LAB007,Urine Routine,Microbiology,2026-03-22,2026-03-23,2026-03-25 07:00:00,55,Routine,Normal
LO127437,APP066960,PAT03951,DOC002,DEP001,FAC002,LAB005,Kidney Function Test,Biochemistry,2026-05-20,2026-05-20,2026-05-23 19:00:00,91,Routine,Normal
LO127444,APP064156,PAT00397,DOC050,DEP005,FAC003,LAB011,ECG,Cardiology Diagnostics,2026-01-22,2026-01-24,2026-01-25 02:00:00,26,Stat,Normal
LO127445,APP071343,PAT14750,DOC036,DEP002,FAC001,LAB013,COVID PCR,Molecular Diagnostics,2024-02-16,2024-02-16,2024-02-16 03:00:00,3,Routine,Normal
LO127448,APP050054,PAT12513,DOC040,DEP003,FAC005,LAB003,Lipid Profile,Biochemistry,2021-03-10,2021-03-10,2021-03-11 07:00:00,31,Routine,Abnormal
LO127450,APP066051,PAT02326,DOC041,DEP001,FAC005,LAB007,Urine Routine,Microbiology,2024-03-25,2024-03-25,2024-03-28 05:00:00,77,Routine,Normal
LO127452,APP060872,PAT03515,DOC026,DEP008,FAC001,LAB008,Urine Culture,Microbiology,2026-07-24,2026-07-24,2026-07-24 01:00:00,1,Routine,Normal
LO127453,APP070346,PAT05660,DOC042,DEP003,FAC003,LAB015,Electrolytes Panel,Biochemistry,2022-01-22,2022-01-24,2022-01-25 17:00:00,41,Routine,Normal
LO127456,APP074591,PAT01298,DOC025,DEP007,FAC005,LAB010,Ultrasound Abdomen,Radiology,2026-09-17,2026-09-18,2026-09-22 12:00:00,108,Routine,Normal
LO127457,APP055873,PAT04833,DOC049,DEP001,FAC003,LAB007,Urine Routine,Microbiology,2024-04-07,2024-04-07,2024-04-10 22:00:00,94,Routine,Normal
LO127463,APP058757,PAT13793,DOC050,DEP005,FAC003,LAB011,ECG,Cardiology Diagnostics,2022-07-22,2022-07-22,2022-07-24 15:00:00,63,Routine,Normal
LO127464,APP055538,PAT10217,DOC046,DEP001,FAC001,LAB009,Chest X-Ray,Radiology,2023-01-04,2023-01-05,2023-01-06 17:00:00,41,Urgent,Normal
LO127476,APP058406,PAT08577,DOC030,DEP008,FAC005,LAB003,Lipid Profile,Biochemistry,2022-07-19,2022-07-19,2022-07-19 01:00:00,1,Routine,Normal
LO127481,APP067901,PAT12167,DOC047,DEP006,FAC005,LAB014,Blood Culture,Microbiology,2026-07-30,2026-07-30,2026-07-31 14:00:00,38,Routine,Critical
LO127486,APP061950,PAT12319,DOC052,DEP002,FAC004,LAB006,Thyroid Profile,Immunology,2024-02-01,2024-02-01,2024-02-03 09:00:00,57,Routine,Abnormal
LO127488,APP068091,PAT08497,DOC043,DEP008,FAC003,LAB007,Urine Routine,Microbiology,2024-06-12,2024-06-14,2024-06-17 04:00:00,76,Urgent,Normal
LO127492,APP058582,PAT04890,DOC008,DEP003,FAC003,LAB009,Chest X-Ray,Radiology,2024-01-30,2024-01-30,2024-02-01 02:00:00,50,Routine,Normal
LO127504,APP054573,PAT11324,DOC030,DEP008,FAC005,LAB003,Lipid Profile,Biochemistry,2024-01-19,2024-01-21,2024-01-24 03:00:00,75,Routine,Normal
LO127508,APP064746,PAT10347,DOC014,DEP004,FAC004,LAB004,Liver Function Test,Biochemistry,2023-07-25,2023-07-27,2023-07-28 09:00:00,33,Routine,Normal
LO127513,APP067063,PAT11273,DOC024,DEP006,FAC004,LAB007,Urine Routine,Microbiology,2026-12-12,2026-12-13,2026-12-15 12:00:00,60,Routine,Normal
LO127514,APP062827,PAT12963,DOC040,DEP003,FAC005,LAB003,Lipid Profile,Biochemistry,2026-05-28,2026-05-28,2026-05-30 22:00:00,70,Routine,Normal
LO127516,APP059654,PAT13315,DOC041,DEP001,FAC005,LAB007,Urine Routine,Microbiology,2022-09-30,2022-10-01,2022-10-05 12:00:00,108,Routine,Abnormal
LO127526,APP062418,PAT00971,DOC058,DEP001,FAC004,LAB014,Blood Culture,Microbiology,2025-10-02,2025-10-02,2025-10-04 22:00:00,70,Urgent,Critical
LO127531,APP056562,PAT05788,DOC005,DEP001,FAC005,LAB001,Complete Blood Count,Hematology,2026-06-17,2026-06-17,2026-06-18 20:00:00,44,Urgent,Normal
LO127535,APP053635,PAT03657,DOC029,DEP007,FAC004,LAB013,COVID PCR,Molecular Diagnostics,2021-09-20,2021-09-20,2021-09-20 01:00:00,1,Routine,Normal
LO127542,APP070198,PAT07269,DOC029,DEP007,FAC004,LAB008,Urine Culture,Microbiology,2023-01-02,2023-01-02,2023-01-03 10:00:00,34,Urgent,Normal
LO127543,APP067413,PAT14299,DOC050,DEP005,FAC003,LAB009,Chest X-Ray,Radiology,2022-06-07,2022-06-09,2022-06-13 04:00:00,100,Routine,Normal
LO127552,APP051065,PAT13694,DOC034,DEP001,FAC004,LAB003,Lipid Profile,Biochemistry,2026-05-22,2026-05-22,2026-05-25 03:00:00,75,Routine,Normal
LO127553,APP064662,PAT00249,DOC051,DEP005,FAC002,LAB012,HbA1c,Biochemistry,2021-03-02,2021-03-02,2021-03-04 13:00:00,61,Routine,Normal
LO127557,APP059146,PAT09678,DOC059,DEP006,FAC005,LAB008,Urine Culture,Microbiology,2026-12-22,2026-12-22,2026-12-24 04:00:00,52,Stat,Normal
LO127561,APP063303,PAT09823,DOC001,DEP001,FAC001,LAB005,Kidney Function Test,Biochemistry,2026-11-23,2026-11-23,2026-11-25 22:00:00,70,Routine,Normal
LO127568,APP056271,PAT10969,DOC019,DEP005,FAC004,LAB015,Electrolytes Panel,Biochemistry,2022-11-04,2022-11-04,2022-11-05 10:00:00,34,Routine,Normal
LO127574,APP067985,PAT14413,DOC002,DEP001,FAC002,LAB007,Urine Routine,Microbiology,2023-09-07,2023-09-07,2023-09-08 19:00:00,43,Urgent,Critical
LO127578,APP063390,PAT13992,DOC045,DEP007,FAC004,LAB012,HbA1c,Biochemistry,2021-11-22,2021-11-23,2021-11-26 08:00:00,80,Routine,Normal
LO127579,APP053642,PAT05951,DOC028,DEP001,FAC003,LAB015,Electrolytes Panel,Biochemistry,2026-07-12,2026-07-12,2026-07-13 05:00:00,29,Routine,Normal
LO127580,APP055390,PAT10973,DOC048,DEP002,FAC001,LAB008,Urine Culture,Microbiology,2022-09-13,2022-09-13,2022-09-14 09:00:00,33,Routine,Critical
LO127581,APP059479,PAT04547,DOC049,DEP001,FAC003,LAB004,Liver Function Test,Biochemistry,2021-06-22,2021-06-22,2021-06-24 02:00:00,50,Routine,Normal
LO127585,APP071430,PAT02326,DOC054,DEP003,FAC003,LAB006,Thyroid Profile,Immunology,2022-03-15,2022-03-16,2022-03-21 00:00:00,120,Routine,Normal
LO127596,APP065223,PAT04044,DOC044,DEP005,FAC002,LAB012,HbA1c,Biochemistry,2024-01-24,2024-01-24,2024-01-28 18:00:00,114,Urgent,Abnormal
LO127614,APP058323,PAT11366,DOC055,DEP006,FAC004,LAB002,Blood Glucose,Biochemistry,2021-05-28,2021-05-29,2021-05-29 01:00:00,1,Routine,Normal
LO127617,APP070638,PAT01804,DOC051,DEP005,FAC002,LAB003,Lipid Profile,Biochemistry,2026-05-24,2026-05-25,2026-05-29 02:00:00,98,Routine,Normal
LO127623,APP066540,PAT10679,DOC026,DEP008,FAC001,LAB008,Urine Culture,Microbiology,2026-01-20,2026-01-21,2026-01-23 00:00:00,48,Routine,Normal
LO127624,APP066238,PAT05045,DOC040,DEP003,FAC005,LAB003,Lipid Profile,Biochemistry,2022-02-02,2022-02-04,2022-02-06 01:00:00,49,Routine,Normal
LO127629,APP063433,PAT08724,DOC043,DEP008,FAC003,LAB015,Electrolytes Panel,Biochemistry,2024-08-12,2024-08-12,2024-08-14 04:00:00,52,Routine,Normal
LO127637,APP072339,PAT12513,DOC019,DEP005,FAC004,LAB015,Electrolytes Panel,Biochemistry,2021-06-06,2021-06-07,2021-06-09 02:00:00,50,Routine,Normal
LO127642,APP051412,PAT00015,DOC039,DEP002,FAC004,LAB015,Electrolytes Panel,Biochemistry,2022-11-04,2022-11-05,2022-11-09 03:00:00,99,Urgent,Normal
LO127644,APP050505,PAT12844,DOC036,DEP002,FAC001,LAB012,HbA1c,Biochemistry,2023-08-30,2023-09-01,2023-09-04 11:00:00,83,Routine,Normal
LO127647,APP057025,PAT04830,DOC006,DEP002,FAC001,LAB001,Complete Blood Count,Hematology,2026-07-22,2026-07-22,2026-07-22 01:00:00,1,Routine,Normal
LO127648,APP057093,PAT00909,DOC057,DEP001,FAC002,LAB009,Chest X-Ray,Radiology,2025-04-16,2025-04-17,2025-04-18 07:00:00,31,Routine,Abnormal
LO127649,APP071375,PAT00020,DOC040,DEP003,FAC005,LAB006,Thyroid Profile,Immunology,2024-07-15,2024-07-16,2024-07-16 01:00:00,1,Stat,Normal
LO127679,APP066311,PAT14594,DOC053,DEP007,FAC005,LAB014,Blood Culture,Microbiology,2023-05-25,2023-05-27,2023-06-01 00:00:00,120,Routine,Normal
LO127680,APP070306,PAT10335,DOC046,DEP001,FAC001,LAB002,Blood Glucose,Biochemistry,2025-02-14,2025-02-15,2025-02-20 00:00:00,120,Routine,Normal
LO127681,APP059167,PAT01374,DOC059,DEP006,FAC005,LAB003,Lipid Profile,Biochemistry,2024-09-06,2024-09-07,2024-09-10 00:00:00,72,Routine,Normal
LO127685,APP055516,PAT13821,DOC017,DEP006,FAC002,LAB009,Chest X-Ray,Radiology,2025-08-05,2025-08-05,2025-08-07 12:00:00,60,Routine,Normal
LO127691,APP069026,PAT03685,DOC049,DEP001,FAC003,LAB010,Ultrasound Abdomen,Radiology,2021-09-02,2021-09-03,2021-09-06 21:00:00,93,Routine,Normal
LO127696,APP062822,PAT02118,DOC054,DEP003,FAC003,LAB004,Liver Function Test,Biochemistry,2022-12-30,2022-12-30,2022-12-31 01:00:00,25,Routine,Normal
LO127697,APP068712,PAT10906,DOC011,DEP003,FAC001,LAB010,Ultrasound Abdomen,Radiology,2024-08-26,2024-08-26,2024-08-30 13:00:00,109,Routine,Normal
LO127705,APP054026,PAT06770,DOC004,DEP001,FAC004,LAB010,Ultrasound Abdomen,Radiology,2024-04-27,2024-04-27,2024-04-27 08:00:00,8,Routine,Normal
LO127711,APP063328,PAT11420,DOC018,DEP007,FAC003,LAB003,Lipid Profile,Biochemistry,2023-05-05,2023-05-05,2023-05-08 05:00:00,77,Routine,Normal
LO127712,APP051584,PAT04851,DOC017,DEP006,FAC002,LAB002,Blood Glucose,Biochemistry,2024-04-23,2024-04-24,2024-04-25 09:00:00,33,Routine,Normal
LO127718,APP051481,PAT05548,DOC056,DEP001,FAC003,LAB007,Urine Routine,Microbiology,2025-01-09,2025-01-09,2025-01-10 02:00:00,26,Routine,Normal
LO127724,APP071472,PAT09268,DOC050,DEP005,FAC003,LAB005,Kidney Function Test,Biochemistry,2025-05-12,2025-05-14,2025-05-17 10:00:00,82,Urgent,Normal
LO127747,APP050918,PAT11995,DOC020,DEP006,FAC005,LAB012,HbA1c,Biochemistry,2024-11-22,2024-11-22,2024-11-25 08:00:00,80,Urgent,Normal
LO127748,APP059196,PAT11361,DOC053,DEP007,FAC005,LAB013,COVID PCR,Molecular Diagnostics,2023-03-02,2023-03-03,2023-03-05 14:00:00,62,Routine,Normal
LO127751,APP055333,PAT03446,DOC038,DEP005,FAC003,LAB009,Chest X-Ray,Radiology,2024-11-09,2024-11-09,2024-11-12 09:00:00,81,Routine,Critical
LO127757,APP070371,PAT02513,DOC028,DEP001,FAC003,LAB007,Urine Routine,Microbiology,2026-01-22,2026-01-23,2026-01-24 11:00:00,35,Routine,Normal
LO127759,APP051991,PAT14426,DOC052,DEP002,FAC004,LAB003,Lipid Profile,Biochemistry,2024-08-15,2024-08-17,2024-08-19 12:00:00,60,Routine,Normal
LO127762,APP060750,PAT13994,DOC025,DEP007,FAC005,LAB001,Complete Blood Count,Hematology,2024-02-20,2024-02-20,2024-02-22 13:00:00,61,Routine,Normal
LO127766,APP052872,PAT02520,DOC022,DEP007,FAC002,LAB007,Urine Routine,Microbiology,2026-04-09,2026-04-09,2026-04-10 11:00:00,35,Routine,Abnormal
LO127773,APP067385,PAT13421,DOC051,DEP005,FAC002,LAB014,Blood Culture,Microbiology,2022-04-27,2022-04-28,2022-04-30 10:00:00,58,Routine,Normal
LO127778,APP062001,PAT02663,DOC052,DEP002,FAC004,LAB006,Thyroid Profile,Immunology,2023-09-21,2023-09-23,2023-09-26 07:00:00,79,Routine,Normal
LO127780,APP051621,PAT09884,DOC017,DEP006,FAC002,LAB013,COVID PCR,Molecular Diagnostics,2022-12-20,2022-12-21,2022-12-21 11:00:00,11,Routine,Normal
LO127788,APP065182,PAT09843,DOC060,DEP006,FAC005,LAB012,HbA1c,Biochemistry,2021-04-01,2021-04-02,2021-04-05 09:00:00,81,Routine,Normal
LO127797,APP065991,PAT14869,DOC001,DEP001,FAC001,LAB010,Ultrasound Abdomen,Radiology,2026-03-12,2026-03-12,2026-03-14 16:00:00,64,Routine,Normal
LO127823,APP062341,PAT03705,DOC001,DEP001,FAC001,LAB007,Urine Routine,Microbiology,2022-08-05,2022-08-06,2022-08-08 23:00:00,71,Urgent,Normal
LO127840,APP073558,PAT10861,DOC043,DEP008,FAC003,LAB013,COVID PCR,Molecular Diagnostics,2022-03-08,2022-03-08,2022-03-08 13:00:00,13,Routine,Normal
LO127841,APP066112,PAT03990,DOC004,DEP001,FAC004,LAB008,Urine Culture,Microbiology,2026-11-01,2026-11-01,2026-11-02 11:00:00,35,Routine,Normal
LO127844,APP066875,PAT02287,DOC028,DEP001,FAC003,LAB014,Blood Culture,Microbiology,2024-07-13,2024-07-13,2024-07-13 05:00:00,5,Routine,Normal
LO127846,APP062610,PAT14142,DOC009,DEP002,FAC004,LAB004,Liver Function Test,Biochemistry,2023-04-25,2023-04-26,2023-04-26 01:00:00,1,Routine,Normal
LO127856,APP060330,PAT09469,DOC026,DEP008,FAC001,LAB005,Kidney Function Test,Biochemistry,2024-04-10,2024-04-10,2024-04-15 00:00:00,120,Urgent,Normal
LO127862,APP072819,PAT08958,DOC033,DEP003,FAC003,LAB005,Kidney Function Test,Biochemistry,2026-01-14,2026-01-14,2026-01-14 01:00:00,1,Routine,Abnormal
LO127866,APP064631,PAT11098,DOC032,DEP002,FAC002,LAB011,ECG,Cardiology Diagnostics,2025-02-05,2025-02-05,2025-02-09 00:00:00,96,Urgent,Normal
LO127876,APP051953,PAT01348,DOC005,DEP001,FAC005,LAB005,Kidney Function Test,Biochemistry,2022-04-19,2022-04-19,2022-04-21 14:00:00,62,Routine,Normal
LO127878,APP061460,PAT03323,DOC052,DEP002,FAC004,LAB005,Kidney Function Test,Biochemistry,2021-11-17,2021-11-18,2021-11-22 03:00:00,99,Routine,Normal
LO127890,APP050034,PAT13678,DOC020,DEP006,FAC005,LAB014,Blood Culture,Microbiology,2023-03-25,2023-03-26,2023-03-28 10:00:00,58,Routine,Normal
LO127893,APP071945,PAT04016,DOC017,DEP006,FAC002,LAB010,Ultrasound Abdomen,Radiology,2025-05-22,2025-05-22,2025-05-22 01:00:00,1,Routine,Normal
LO127895,APP058032,PAT09319,DOC022,DEP007,FAC002,LAB006,Thyroid Profile,Immunology,2024-09-18,2024-09-18,2024-09-20 22:00:00,70,Routine,Normal
LO127896,APP050956,PAT10183,DOC042,DEP003,FAC003,LAB002,Blood Glucose,Biochemistry,2026-12-13,2026-12-14,2026-12-16 20:00:00,68,Routine,Abnormal
LO127903,APP053008,PAT03066,DOC044,DEP005,FAC002,LAB010,Ultrasound Abdomen,Radiology,2025-05-14,2025-05-14,2025-05-15 16:00:00,40,Routine,Normal
LO127908,APP050598,PAT08521,DOC046,DEP001,FAC001,LAB010,Ultrasound Abdomen,Radiology,2022-09-18,2022-09-18,2022-09-21 15:00:00,87,Routine,Normal
LO127910,APP065004,PAT01084,DOC015,DEP005,FAC005,LAB011,ECG,Cardiology Diagnostics,2024-01-14,2024-01-16,2024-01-19 20:00:00,92,Urgent,Normal
LO127914,APP071915,PAT02865,DOC027,DEP001,FAC002,LAB001,Complete Blood Count,Hematology,2022-01-29,2022-01-30,2022-01-31 12:00:00,36,Routine,Abnormal
LO127916,APP072579,PAT04097,DOC029,DEP007,FAC004,LAB008,Urine Culture,Microbiology,2023-05-03,2023-05-03,2023-05-04 20:00:00,44,Routine,Normal
LO127924,APP056596,PAT12271,DOC018,DEP007,FAC003,LAB006,Thyroid Profile,Immunology,2023-06-21,2023-06-21,2023-06-24 14:00:00,86,Routine,Abnormal
LO127927,APP056870,PAT06804,DOC032,DEP002,FAC002,LAB015,Electrolytes Panel,Biochemistry,2025-08-01,2025-08-02,2025-08-06 13:00:00,109,Routine,Normal
LO127972,APP051138,PAT09555,DOC007,DEP002,FAC002,LAB005,Kidney Function Test,Biochemistry,2021-01-05,2021-01-06,2021-01-10 05:00:00,101,Routine,Abnormal
LO127975,APP056064,PAT14616,DOC058,DEP001,FAC004,LAB010,Ultrasound Abdomen,Radiology,2024-05-23,2024-05-23,2024-05-23 07:00:00,7,Routine,Normal
LO127979,APP070536,PAT10256,DOC018,DEP007,FAC003,LAB005,Kidney Function Test,Biochemistry,2024-02-19,2024-02-20,2024-02-20 13:00:00,13,Urgent,Normal
LO127980,APP051878,PAT13020,DOC021,DEP005,FAC001,LAB001,Complete Blood Count,Hematology,2025-12-18,2025-12-18,2025-12-22 03:00:00,99,Routine,Normal
LO127988,APP074297,PAT01769,DOC051,DEP005,FAC002,LAB005,Kidney Function Test,Biochemistry,2026-05-26,2026-05-27,2026-05-28 05:00:00,29,Routine,Normal
LO127989,APP072359,PAT01351,DOC060,DEP006,FAC005,LAB004,Liver Function Test,Biochemistry,2025-11-06,2025-11-06,2025-11-10 01:00:00,97,Routine,Normal
LO127990,APP064739,PAT11875,DOC045,DEP007,FAC004,LAB010,Ultrasound Abdomen,Radiology,2021-09-30,2021-10-01,2021-10-01 02:00:00,2,Routine,Abnormal
LO127994,APP064402,PAT04464,DOC046,DEP001,FAC001,LAB001,Complete Blood Count,Hematology,2026-03-27,2026-03-27,2026-03-28 00:00:00,24,Routine,Normal
LO127995,APP066890,PAT10400,DOC060,DEP006,FAC005,LAB008,Urine Culture,Microbiology,2021-12-03,2021-12-03,2021-12-06 10:00:00,82,Routine,Normal
LO128001,APP061729,PAT05939,DOC044,DEP005,FAC002,LAB010,Ultrasound Abdomen,Radiology,2023-02-24,2023-02-25,2023-02-28 10:00:00,82,Urgent,Normal
LO128013,APP069983,PAT09400,DOC043,DEP008,FAC003,LAB014,Blood Culture,Microbiology,2022-01-14,2022-01-14,2022-01-15 15:00:00,39,Routine,Normal
LO128018,APP068743,PAT08373,DOC060,DEP006,FAC005,LAB010,Ultrasound Abdomen,Radiology,2023-06-01,2023-06-02,2023-06-04 17:00:00,65,Routine,Normal
LO128019,APP055372,PAT10624,DOC047,DEP006,FAC005,LAB012,HbA1c,Biochemistry,2025-09-11,2025-09-11,2025-09-14 19:00:00,91,Routine,Normal
LO128051,APP055854,PAT05153,DOC027,DEP001,FAC002,LAB003,Lipid Profile,Biochemistry,2025-07-23,2025-07-24,2025-07-27 10:00:00,82,Routine,Normal
LO128052,APP062725,PAT04195,DOC026,DEP008,FAC001,LAB015,Electrolytes Panel,Biochemistry,2023-08-07,2023-08-08,2023-08-13 00:00:00,120,Routine,Normal
LO128056,APP074997,PAT02895,DOC026,DEP008,FAC001,LAB015,Electrolytes Panel,Biochemistry,2026-10-25,2026-10-26,2026-10-28 19:00:00,67,Routine,Normal
LO128061,APP070050,PAT05218,DOC060,DEP006,FAC005,LAB007,Urine Routine,Microbiology,2023-02-08,2023-02-09,2023-02-12 02:00:00,74,Routine,Normal
LO128066,APP068573,PAT12226,DOC038,DEP005,FAC003,LAB012,HbA1c,Biochemistry,2022-09-26,2022-09-26,2022-09-29 18:00:00,90,Routine,Normal
LO128069,APP069480,PAT13651,DOC012,DEP005,FAC002,LAB013,COVID PCR,Molecular Diagnostics,2025-01-06,2025-01-07,2025-01-08 14:00:00,38,Stat,Normal
LO128078,APP054109,PAT04230,DOC039,DEP002,FAC004,LAB005,Kidney Function Test,Biochemistry,2026-10-11,2026-10-11,2026-10-12 08:00:00,32,Routine,Normal
LO128081,APP072334,PAT10156,DOC051,DEP005,FAC002,LAB005,Kidney Function Test,Biochemistry,2022-12-16,2022-12-16,2022-12-16 08:00:00,8,Stat,Abnormal
LO128083,APP050014,PAT00519,DOC029,DEP007,FAC004,LAB006,Thyroid Profile,Immunology,2021-06-09,2021-06-11,2021-06-16 00:00:00,120,Routine,Normal
LO128085,APP064347,PAT12147,DOC054,DEP003,FAC003,LAB011,ECG,Cardiology Diagnostics,2024-11-15,2024-11-15,2024-11-18 07:00:00,79,Routine,Normal
LO128087,APP060062,PAT00124,DOC059,DEP006,FAC005,LAB012,HbA1c,Biochemistry,2025-05-14,2025-05-14,2025-05-18 19:00:00,115,Routine,Normal
LO128094,APP072333,PAT01347,DOC020,DEP006,FAC005,LAB007,Urine Routine,Microbiology,2023-09-18,2023-09-18,2023-09-21 21:00:00,93,Urgent,Normal
LO128104,APP072515,PAT04131,DOC013,DEP005,FAC003,LAB009,Chest X-Ray,Radiology,2022-01-17,2022-01-18,2022-01-19 02:00:00,26,Routine,Normal
LO128106,APP063044,PAT09485,DOC035,DEP001,FAC005,LAB005,Kidney Function Test,Biochemistry,2023-08-21,2023-08-22,2023-08-23 17:00:00,41,Routine,Normal
LO128111,APP059853,PAT00388,DOC025,DEP007,FAC005,LAB010,Ultrasound Abdomen,Radiology,2022-09-25,2022-09-26,2022-09-28 17:00:00,65,Routine,Normal
LO128118,APP054392,PAT02910,DOC047,DEP006,FAC005,LAB002,Blood Glucose,Biochemistry,2023-05-29,2023-05-29,2023-05-31 11:00:00,59,Routine,Abnormal
LO128125,APP074358,PAT00980,DOC020,DEP006,FAC005,LAB005,Kidney Function Test,Biochemistry,2022-04-29,2022-05-01,2022-05-03 12:00:00,60,Routine,Normal
LO128126,APP061263,PAT10008,DOC037,DEP005,FAC002,LAB001,Complete Blood Count,Hematology,2024-02-20,2024-02-22,2024-02-25 00:00:00,72,Routine,Normal
LO128143,APP051493,PAT14687,DOC056,DEP001,FAC003,LAB001,Complete Blood Count,Hematology,2022-10-23,2022-10-23,2022-10-24 10:00:00,34,Routine,Normal
LO128156,APP063622,PAT01458,DOC017,DEP006,FAC002,LAB005,Kidney Function Test,Biochemistry,2025-08-01,2025-08-01,2025-08-03 18:00:00,66,Routine,Normal
LO128157,APP070212,PAT11318,DOC029,DEP007,FAC004,LAB015,Electrolytes Panel,Biochemistry,2024-05-13,2024-05-13,2024-05-13 16:00:00,16,Routine,Normal
LO128177,APP061458,PAT01226,DOC052,DEP002,FAC004,LAB002,Blood Glucose,Biochemistry,2023-08-12,2023-08-12,2023-08-14 10:00:00,58,Routine,Normal
LO128178,APP053032,PAT07276,DOC043,DEP008,FAC003,LAB009,Chest X-Ray,Radiology,2026-09-23,2026-09-24,2026-09-27 13:00:00,85,Routine,Normal
LO128192,APP074294,PAT07483,DOC029,DEP007,FAC004,LAB014,Blood Culture,Microbiology,2022-03-24,2022-03-25,2022-03-27 12:00:00,60,Routine,Normal
LO128203,APP068281,PAT14396,DOC053,DEP007,FAC005,LAB005,Kidney Function Test,Biochemistry,2025-01-18,2025-01-18,2025-01-19 20:00:00,44,Routine,Normal
LO128215,APP060533,PAT06891,DOC007,DEP002,FAC002,LAB005,Kidney Function Test,Biochemistry,2026-11-20,2026-11-20,2026-11-22 11:00:00,59,Routine,Abnormal
LO128226,APP058817,PAT02907,DOC007,DEP002,FAC002,LAB006,Thyroid Profile,Immunology,2022-07-30,2022-07-31,2022-08-03 05:00:00,77,Routine,Normal
LO128229,APP071673,PAT09490,DOC044,DEP005,FAC002,LAB015,Electrolytes Panel,Biochemistry,2026-02-12,2026-02-12,2026-02-16 12:00:00,108,Urgent,Normal
LO128234,APP068535,PAT07145,DOC027,DEP001,FAC002,LAB005,Kidney Function Test,Biochemistry,2021-08-03,2021-08-04,2021-08-06 22:00:00,70,Routine,Normal
LO128235,APP063456,PAT12753,DOC031,DEP001,FAC001,LAB013,COVID PCR,Molecular Diagnostics,2023-10-17,2023-10-18,2023-10-22 05:00:00,101,Routine,Normal
LO128239,APP066078,PAT12322,DOC047,DEP006,FAC005,LAB012,HbA1c,Biochemistry,2021-02-09,2021-02-10,2021-02-15 00:00:00,120,Routine,Abnormal
LO128248,APP061879,PAT06349,DOC049,DEP001,FAC003,LAB009,Chest X-Ray,Radiology,2022-04-15,2022-04-16,2022-04-19 19:00:00,91,Routine,Normal
LO128254,APP059666,PAT05938,DOC022,DEP007,FAC002,LAB011,ECG,Cardiology Diagnostics,2023-10-31,2023-10-31,2023-11-02 21:00:00,69,Urgent,Normal
LO128259,APP051432,PAT02817,DOC050,DEP005,FAC003,LAB010,Ultrasound Abdomen,Radiology,2022-08-14,2022-08-16,2022-08-18 05:00:00,53,Routine,Normal
LO128266,APP068363,PAT11586,DOC014,DEP004,FAC004,LAB003,Lipid Profile,Biochemistry,2023-11-20,2023-11-20,2023-11-23 23:00:00,95,Routine,Normal
LO128277,APP064637,PAT02454,DOC013,DEP005,FAC003,LAB012,HbA1c,Biochemistry,2026-07-24,2026-07-24,2026-07-26 13:00:00,61,Routine,Normal
LO128282,APP063911,PAT10552,DOC051,DEP005,FAC002,LAB001,Complete Blood Count,Hematology,2021-10-11,2021-10-11,2021-10-12 12:00:00,36,Routine,Abnormal
LO128287,APP059725,PAT08122,DOC029,DEP007,FAC004,LAB003,Lipid Profile,Biochemistry,2025-12-10,2025-12-11,2025-12-12 14:00:00,38,Routine,Normal
LO128297,APP065554,PAT07530,DOC009,DEP002,FAC004,LAB010,Ultrasound Abdomen,Radiology,2021-04-12,2021-04-14,2021-04-15 05:00:00,29,Routine,Normal
LO128302,APP056113,PAT05475,DOC021,DEP005,FAC001,LAB010,Ultrasound Abdomen,Radiology,2021-02-16,2021-02-16,2021-02-17 17:00:00,41,Routine,Normal
LO128303,APP065968,PAT12823,DOC032,DEP002,FAC002,LAB005,Kidney Function Test,Biochemistry,2023-01-25,2023-01-25,2023-01-26 06:00:00,30,Routine,Normal
LO128311,APP057383,PAT00863,DOC039,DEP002,FAC004,LAB004,Liver Function Test,Biochemistry,2026-05-11,2026-05-11,2026-05-15 04:00:00,100,Urgent,Normal
LO128316,APP068033,PAT08927,DOC006,DEP002,FAC001,LAB007,Urine Routine,Microbiology,2021-09-24,2021-09-25,2021-09-29 12:00:00,108,Routine,Normal
LO128317,APP064848,PAT10561,DOC042,DEP003,FAC003,LAB005,Kidney Function Test,Biochemistry,2022-03-31,2022-04-01,2022-04-05 01:00:00,97,Routine,Abnormal
LO128320,APP060348,PAT14428,DOC019,DEP005,FAC004,LAB008,Urine Culture,Microbiology,2023-03-03,2023-03-04,2023-03-05 18:00:00,42,Stat,Normal
LO128321,APP060152,PAT10342,DOC021,DEP005,FAC001,LAB004,Liver Function Test,Biochemistry,2022-09-09,2022-09-09,2022-09-12 06:00:00,78,Urgent,Normal
LO128325,APP055386,PAT01327,DOC038,DEP005,FAC003,LAB014,Blood Culture,Microbiology,2025-06-26,2025-06-26,2025-06-26 12:00:00,12,Routine,Normal
LO128326,APP071010,PAT06835,DOC033,DEP003,FAC003,LAB009,Chest X-Ray,Radiology,2025-06-06,2025-06-06,2025-06-08 22:00:00,70,Routine,Normal
LO128327,APP066939,PAT04654,DOC018,DEP007,FAC003,LAB006,Thyroid Profile,Immunology,2024-07-31,2024-08-01,2024-08-03 23:00:00,71,Routine,Normal
LO128340,APP061742,PAT09195,DOC053,DEP007,FAC005,LAB013,COVID PCR,Molecular Diagnostics,2025-04-21,2025-04-21,2025-04-26 00:00:00,120,Routine,Normal
LO128347,APP059536,PAT09239,DOC051,DEP005,FAC002,LAB003,Lipid Profile,Biochemistry,2022-02-19,2022-02-19,2022-02-19 01:00:00,1,Routine,Normal
LO128348,APP064782,PAT04085,DOC029,DEP007,FAC004,LAB007,Urine Routine,Microbiology,2023-01-11,2023-01-11,2023-01-15 16:00:00,112,Routine,Critical
LO128349,APP060718,PAT00614,DOC023,DEP008,FAC003,LAB005,Kidney Function Test,Biochemistry,2022-09-19,2022-09-21,2022-09-23 18:00:00,66,Routine,Normal
LO128356,APP064468,PAT10910,DOC030,DEP008,FAC005,LAB006,Thyroid Profile,Immunology,2026-05-21,2026-05-21,2026-05-23 13:00:00,61,Routine,Normal
LO128362,APP056353,PAT12296,DOC024,DEP006,FAC004,LAB005,Kidney Function Test,Biochemistry,2022-07-13,2022-07-14,2022-07-14 19:00:00,19,Routine,Normal
LO128373,APP054035,PAT05370,DOC007,DEP002,FAC002,LAB012,HbA1c,Biochemistry,2025-12-26,2025-12-27,2025-12-28 14:00:00,38,Routine,Normal
LO128383,APP068074,PAT07360,DOC010,DEP003,FAC005,LAB003,Lipid Profile,Biochemistry,2022-03-17,2022-03-18,2022-03-21 07:00:00,79,Routine,Normal
LO128394,APP073669,PAT01329,DOC023,DEP008,FAC003,LAB001,Complete Blood Count,Hematology,2025-07-01,2025-07-01,2025-07-04 11:00:00,83,Routine,Normal
LO128397,APP059302,PAT12265,DOC014,DEP004,FAC004,LAB013,COVID PCR,Molecular Diagnostics,2025-12-18,2025-12-18,2025-12-20 08:00:00,56,Urgent,Normal
LO128404,APP055630,PAT09593,DOC046,DEP001,FAC001,LAB013,COVID PCR,Molecular Diagnostics,2026-09-11,2026-09-12,2026-09-13 22:00:00,46,Routine,Normal
LO128406,APP060888,PAT06670,DOC009,DEP002,FAC004,LAB002,Blood Glucose,Biochemistry,2025-06-07,2025-06-08,2025-06-08 14:00:00,14,Routine,Normal
LO128411,APP056269,PAT07177,DOC023,DEP008,FAC003,LAB008,Urine Culture,Microbiology,2023-09-14,2023-09-16,2023-09-18 04:00:00,52,Routine,Normal
LO128414,APP066518,PAT06960,DOC011,DEP003,FAC001,LAB009,Chest X-Ray,Radiology,2023-12-26,2023-12-26,2023-12-29 02:00:00,74,Routine,Normal
LO128416,APP071080,PAT01374,DOC028,DEP001,FAC003,LAB005,Kidney Function Test,Biochemistry,2021-09-06,2021-09-07,2021-09-10 08:00:00,80,Stat,Normal
LO128427,APP066294,PAT02456,DOC033,DEP003,FAC003,LAB014,Blood Culture,Microbiology,2021-10-29,2021-10-29,2021-10-29 17:00:00,17,Routine,Normal
LO128432,APP059935,PAT07972,DOC056,DEP001,FAC003,LAB011,ECG,Cardiology Diagnostics,2025-09-30,2025-09-30,2025-10-04 09:00:00,105,Urgent,Normal
LO128433,APP059318,PAT12172,DOC026,DEP008,FAC001,LAB010,Ultrasound Abdomen,Radiology,2023-08-09,2023-08-09,2023-08-11 03:00:00,51,Routine,Normal
LO128434,APP073892,PAT09734,DOC042,DEP003,FAC003,LAB012,HbA1c,Biochemistry,2022-01-22,2022-01-22,2022-01-24 00:00:00,48,Routine,Normal
LO128438,APP070617,PAT12930,DOC001,DEP001,FAC001,LAB006,Thyroid Profile,Immunology,2024-06-16,2024-06-17,2024-06-19 10:00:00,58,Routine,Normal
LO128441,APP056716,PAT00294,DOC031,DEP001,FAC001,LAB004,Liver Function Test,Biochemistry,2023-12-11,2023-12-11,2023-12-13 15:00:00,63,Routine,Normal
LO128447,APP072402,PAT13959,DOC047,DEP006,FAC005,LAB004,Liver Function Test,Biochemistry,2022-03-14,2022-03-15,2022-03-17 10:00:00,58,Routine,Normal
LO128450,APP072964,PAT06835,DOC026,DEP008,FAC001,LAB009,Chest X-Ray,Radiology,2022-05-04,2022-05-05,2022-05-06 11:00:00,35,Urgent,Normal
LO128464,APP069138,PAT09482,DOC032,DEP002,FAC002,LAB011,ECG,Cardiology Diagnostics,2026-02-06,2026-02-06,2026-02-06 23:00:00,23,Urgent,Normal
LO128468,APP058387,PAT05932,DOC051,DEP005,FAC002,LAB008,Urine Culture,Microbiology,2021-01-18,2021-01-19,2021-01-23 05:00:00,101,Routine,Normal
LO128475,APP066343,PAT06522,DOC016,DEP004,FAC001,LAB013,COVID PCR,Molecular Diagnostics,2023-01-07,2023-01-08,2023-01-10 10:00:00,58,Urgent,Normal
LO128478,APP074154,PAT14529,DOC018,DEP007,FAC003,LAB013,COVID PCR,Molecular Diagnostics,2021-11-13,2021-11-14,2021-11-14 01:00:00,1,Routine,Normal
LO128483,APP068049,PAT04203,DOC032,DEP002,FAC002,LAB014,Blood Culture,Microbiology,2023-03-21,2023-03-21,2023-03-24 07:00:00,79,Routine,Normal
LO128489,APP067203,PAT14888,DOC018,DEP007,FAC003,LAB003,Lipid Profile,Biochemistry,2022-06-26,2022-06-27,2022-06-29 01:00:00,49,Stat,Normal
LO128493,APP052791,PAT11159,DOC055,DEP006,FAC004,LAB005,Kidney Function Test,Biochemistry,2024-06-16,2024-06-17,2024-06-22 00:00:00,120,Routine,Normal
LO128499,APP070930,PAT06877,DOC035,DEP001,FAC005,LAB001,Complete Blood Count,Hematology,2021-07-12,2021-07-12,2021-07-13 21:00:00,45,Routine,Normal
LO128502,APP073386,PAT04375,DOC048,DEP002,FAC001,LAB010,Ultrasound Abdomen,Radiology,2024-05-23,2024-05-23,2024-05-25 09:00:00,57,Routine,Normal
LO128503,APP059222,PAT03509,DOC034,DEP001,FAC004,LAB011,ECG,Cardiology Diagnostics,2024-05-26,2024-05-27,2024-05-30 09:00:00,81,Urgent,Normal
LO128504,APP060480,PAT02803,DOC009,DEP002,FAC004,LAB012,HbA1c,Biochemistry,2021-10-19,2021-10-19,2021-10-21 15:00:00,63,Urgent,Normal
LO128517,APP074720,PAT04672,DOC036,DEP002,FAC001,LAB001,Complete Blood Count,Hematology,2026-11-23,2026-11-23,2026-11-27 18:00:00,114,Urgent,Normal
LO128528,APP053537,PAT07014,DOC020,DEP006,FAC005,LAB002,Blood Glucose,Biochemistry,2025-05-26,2025-05-27,2025-05-28 07:00:00,31,Routine,Normal
LO128530,APP070604,PAT05730,DOC046,DEP001,FAC001,LAB012,HbA1c,Biochemistry,2021-03-11,2021-03-12,2021-03-16 22:00:00,118,Routine,Normal
LO128532,APP063624,PAT09530,DOC044,DEP005,FAC002,LAB007,Urine Routine,Microbiology,2024-01-17,2024-01-17,2024-01-21 09:00:00,105,Routine,Normal
LO128534,APP072571,PAT13982,DOC035,DEP001,FAC005,LAB006,Thyroid Profile,Immunology,2023-09-22,2023-09-22,2023-09-26 08:00:00,104,Routine,Abnormal
LO128539,APP069443,PAT13992,DOC028,DEP001,FAC003,LAB011,ECG,Cardiology Diagnostics,2024-05-07,2024-05-07,2024-05-11 13:00:00,109,Routine,Normal
LO128544,APP064002,PAT13525,DOC006,DEP002,FAC001,LAB010,Ultrasound Abdomen,Radiology,2021-09-17,2021-09-17,2021-09-18 17:00:00,41,Routine,Normal
LO128553,APP060624,PAT05445,DOC001,DEP001,FAC001,LAB003,Lipid Profile,Biochemistry,2024-09-13,2024-09-13,2024-09-18 00:00:00,120,Routine,Normal
LO128554,APP052964,PAT00536,DOC059,DEP006,FAC005,LAB009,Chest X-Ray,Radiology,2024-09-28,2024-09-29,2024-10-02 05:00:00,77,Routine,Normal
LO128558,APP056534,PAT06561,DOC019,DEP005,FAC004,LAB003,Lipid Profile,Biochemistry,2023-12-13,2023-12-14,2023-12-16 11:00:00,59,Routine,Normal
LO128559,APP061537,PAT02883,DOC054,DEP003,FAC003,LAB013,COVID PCR,Molecular Diagnostics,2021-07-21,2021-07-21,2021-07-23 18:00:00,66,Routine,Normal
LO128561,APP051942,PAT06959,DOC007,DEP002,FAC002,LAB012,HbA1c,Biochemistry,2025-09-30,2025-10-02,2025-10-07 00:00:00,120,Routine,Normal
LO128575,APP074425,PAT02499,DOC023,DEP008,FAC003,LAB002,Blood Glucose,Biochemistry,2025-03-28,2025-03-28,2025-03-31 02:00:00,74,Routine,Normal
LO128576,APP053198,PAT03949,DOC033,DEP003,FAC003,LAB012,HbA1c,Biochemistry,2022-08-01,2022-08-02,2022-08-04 06:00:00,54,Routine,Abnormal
LO128581,APP053823,PAT12301,DOC021,DEP005,FAC001,LAB002,Blood Glucose,Biochemistry,2024-06-28,2024-06-28,2024-06-29 16:00:00,40,Routine,Normal
LO128593,APP060842,PAT00971,DOC002,DEP001,FAC002,LAB011,ECG,Cardiology Diagnostics,2025-04-02,2025-04-02,2025-04-02 01:00:00,1,Routine,Normal
LO128598,APP062131,PAT04270,DOC030,DEP008,FAC005,LAB006,Thyroid Profile,Immunology,2023-01-17,2023-01-19,2023-01-19 20:00:00,20,Routine,Normal
LO128602,APP068595,PAT01594,DOC059,DEP006,FAC005,LAB015,Electrolytes Panel,Biochemistry,2022-09-20,2022-09-21,2022-09-23 20:00:00,68,Routine,Normal
LO128604,APP069857,PAT11360,DOC025,DEP007,FAC005,LAB010,Ultrasound Abdomen,Radiology,2024-07-02,2024-07-02,2024-07-04 11:00:00,59,Urgent,Normal
LO128607,APP070187,PAT02486,DOC034,DEP001,FAC004,LAB001,Complete Blood Count,Hematology,2021-04-03,2021-04-03,2021-04-04 22:00:00,46,Routine,Normal
LO128610,APP057614,PAT06850,DOC051,DEP005,FAC002,LAB004,Liver Function Test,Biochemistry,2021-07-03,2021-07-04,2021-07-05 18:00:00,42,Routine,Normal
LO128613,APP064525,PAT09245,DOC013,DEP005,FAC003,LAB015,Electrolytes Panel,Biochemistry,2024-11-04,2024-11-04,2024-11-07 17:00:00,89,Urgent,Normal
LO128626,APP063783,PAT05466,DOC044,DEP005,FAC002,LAB003,Lipid Profile,Biochemistry,2024-11-02,2024-11-04,2024-11-05 23:00:00,47,Routine,Abnormal
LO128627,APP065164,PAT08257,DOC042,DEP003,FAC003,LAB012,HbA1c,Biochemistry,2024-04-28,2024-04-28,2024-04-29 15:00:00,39,Routine,Abnormal
LO128635,APP050996,PAT08787,DOC008,DEP003,FAC003,LAB007,Urine Routine,Microbiology,2024-03-18,2024-03-18,2024-03-22 08:00:00,104,Routine,Normal
LO128637,APP063191,PAT08391,DOC008,DEP003,FAC003,LAB004,Liver Function Test,Biochemistry,2021-11-22,2021-11-24,2021-11-24 22:00:00,22,Routine,Normal
LO128638,APP052445,PAT00305,DOC012,DEP005,FAC002,LAB013,COVID PCR,Molecular Diagnostics,2026-09-17,2026-09-17,2026-09-19 03:00:00,51,Routine,Normal
LO128646,APP051297,PAT05222,DOC024,DEP006,FAC004,LAB004,Liver Function Test,Biochemistry,2022-06-16,2022-06-17,2022-06-20 13:00:00,85,Stat,Normal
LO128647,APP064423,PAT13994,DOC008,DEP003,FAC003,LAB014,Blood Culture,Microbiology,2026-01-23,2026-01-23,2026-01-25 19:00:00,67,Routine,Normal
LO128650,APP061854,PAT07299,DOC035,DEP001,FAC005,LAB013,COVID PCR,Molecular Diagnostics,2025-09-18,2025-09-18,2025-09-19 14:00:00,38,Urgent,Normal
LO128665,APP061398,PAT00334,DOC055,DEP006,FAC004,LAB006,Thyroid Profile,Immunology,2021-05-15,2021-05-17,2021-05-20 15:00:00,87,Urgent,Normal
LO128673,APP071094,PAT14133,DOC003,DEP001,FAC003,LAB011,ECG,Cardiology Diagnostics,2022-06-11,2022-06-12,2022-06-13 04:00:00,28,Routine,Normal
LO128683,APP057430,PAT08747,DOC011,DEP003,FAC001,LAB013,COVID PCR,Molecular Diagnostics,2021-01-28,2021-01-29,2021-01-31 13:00:00,61,Routine,Normal
LO128685,APP055284,PAT10841,DOC056,DEP001,FAC003,LAB014,Blood Culture,Microbiology,2024-09-03,2024-09-05,2024-09-05 06:00:00,6,Routine,Normal
LO128699,APP060118,PAT00591,DOC045,DEP007,FAC004,LAB015,Electrolytes Panel,Biochemistry,2021-02-16,2021-02-17,2021-02-17 01:00:00,1,Routine,Normal
LO128700,APP072458,PAT01499,DOC032,DEP002,FAC002,LAB003,Lipid Profile,Biochemistry,2021-04-10,2021-04-10,2021-04-13 01:00:00,73,Routine,Normal
LO128710,APP061013,PAT14092,DOC022,DEP007,FAC002,LAB004,Liver Function Test,Biochemistry,2025-01-24,2025-01-25,2025-01-29 10:00:00,106,Routine,Normal
LO128717,APP065821,PAT09458,DOC057,DEP001,FAC002,LAB001,Complete Blood Count,Hematology,2023-09-17,2023-09-18,2023-09-22 11:00:00,107,Routine,Normal
LO128722,APP064592,PAT01890,DOC019,DEP005,FAC004,LAB002,Blood Glucose,Biochemistry,2025-07-15,2025-07-15,2025-07-19 07:00:00,103,Routine,Normal
LO128726,APP061391,PAT05156,DOC006,DEP002,FAC001,LAB015,Electrolytes Panel,Biochemistry,2023-09-07,2023-09-07,2023-09-09 01:00:00,49,Routine,Normal
LO128729,APP053268,PAT02037,DOC034,DEP001,FAC004,LAB008,Urine Culture,Microbiology,2024-11-11,2024-11-11,2024-11-11 18:00:00,18,Routine,Abnormal
LO128732,APP063708,PAT12130,DOC037,DEP005,FAC002,LAB005,Kidney Function Test,Biochemistry,2023-08-19,2023-08-19,2023-08-21 15:00:00,63,Routine,Normal
LO128736,APP067579,PAT10111,DOC045,DEP007,FAC004,LAB007,Urine Routine,Microbiology,2026-05-13,2026-05-14,2026-05-16 06:00:00,54,Routine,Abnormal
LO128740,APP059050,PAT14453,DOC001,DEP001,FAC001,LAB011,ECG,Cardiology Diagnostics,2021-06-04,2021-06-04,2021-06-07 05:00:00,77,Routine,Normal
LO128751,APP052123,PAT10899,DOC049,DEP001,FAC003,LAB004,Liver Function Test,Biochemistry,2021-10-18,2021-10-18,2021-10-23 00:00:00,120,Routine,Normal
LO128756,APP052559,PAT14598,DOC023,DEP008,FAC003,LAB008,Urine Culture,Microbiology,2021-05-11,2021-05-13,2021-05-15 11:00:00,59,Routine,Abnormal
LO128759,APP054867,PAT11148,DOC033,DEP003,FAC003,LAB001,Complete Blood Count,Hematology,2023-10-14,2023-10-15,2023-10-18 13:00:00,85,Routine,Normal
LO128761,APP062411,PAT10991,DOC004,DEP001,FAC004,LAB010,Ultrasound Abdomen,Radiology,2021-01-09,2021-01-10,2021-01-14 15:00:00,111,Urgent,Abnormal
LO128762,APP065517,PAT10313,DOC025,DEP007,FAC005,LAB012,HbA1c,Biochemistry,2023-02-08,2023-02-08,2023-02-09 19:00:00,43,Routine,Normal
LO128772,APP067911,PAT12599,DOC045,DEP007,FAC004,LAB010,Ultrasound Abdomen,Radiology,2023-12-21,2023-12-21,2023-12-22 02:00:00,26,Urgent,Normal
LO128774,APP069219,PAT00069,DOC012,DEP005,FAC002,LAB015,Electrolytes Panel,Biochemistry,2025-07-04,2025-07-05,2025-07-05 01:00:00,1,Routine,Abnormal
LO128777,APP070143,PAT05031,DOC047,DEP006,FAC005,LAB006,Thyroid Profile,Immunology,2026-10-24,2026-10-24,2026-10-26 14:00:00,62,Stat,Abnormal
LO128783,APP052839,PAT14820,DOC031,DEP001,FAC001,LAB004,Liver Function Test,Biochemistry,2026-07-06,2026-07-08,2026-07-11 12:00:00,84,Routine,Normal
LO128784,APP052284,PAT05923,DOC024,DEP006,FAC004,LAB007,Urine Routine,Microbiology,2023-10-06,2023-10-06,2023-10-10 19:00:00,115,Routine,Normal
LO128791,APP067312,PAT09160,DOC033,DEP003,FAC003,LAB006,Thyroid Profile,Immunology,2023-01-08,2023-01-08,2023-01-09 09:00:00,33,Routine,Normal
LO128792,APP069535,PAT00100,DOC048,DEP002,FAC001,LAB012,HbA1c,Biochemistry,2023-08-17,2023-08-17,2023-08-17 01:00:00,1,Routine,Normal
LO128797,APP050942,PAT07269,DOC028,DEP001,FAC003,LAB002,Blood Glucose,Biochemistry,2021-07-16,2021-07-17,2021-07-20 02:00:00,74,Routine,Normal
LO128814,APP066888,PAT05359,DOC012,DEP005,FAC002,LAB010,Ultrasound Abdomen,Radiology,2023-06-29,2023-06-30,2023-07-01 16:00:00,40,Routine,Normal
LO128816,APP061835,PAT04827,DOC011,DEP003,FAC001,LAB013,COVID PCR,Molecular Diagnostics,2025-08-17,2025-08-17,2025-08-20 04:00:00,76,Routine,Normal
LO128825,APP053508,PAT11949,DOC052,DEP002,FAC004,LAB006,Thyroid Profile,Immunology,2025-05-21,2025-05-21,2025-05-22 20:00:00,44,Routine,Normal
LO128828,APP063216,PAT03887,DOC008,DEP003,FAC003,LAB010,Ultrasound Abdomen,Radiology,2021-03-15,2021-03-15,2021-03-16 10:00:00,34,Routine,Normal
LO128830,APP055588,PAT06922,DOC041,DEP001,FAC005,LAB005,Kidney Function Test,Biochemistry,2023-10-12,2023-10-12,2023-10-14 05:00:00,53,Urgent,Normal
LO128835,APP070925,PAT08595,DOC001,DEP001,FAC001,LAB006,Thyroid Profile,Immunology,2026-01-12,2026-01-13,2026-01-17 00:00:00,96,Routine,Abnormal
LO128837,APP059263,PAT03044,DOC045,DEP007,FAC004,LAB012,HbA1c,Biochemistry,2026-02-06,2026-02-06,2026-02-07 10:00:00,34,Routine,Normal
LO128854,APP059228,PAT02068,DOC024,DEP006,FAC004,LAB010,Ultrasound Abdomen,Radiology,2021-05-13,2021-05-14,2021-05-18 07:00:00,103,Routine,Normal
LO128860,APP052497,PAT11275,DOC043,DEP008,FAC003,LAB004,Liver Function Test,Biochemistry,2022-03-20,2022-03-20,2022-03-21 11:00:00,35,Routine,Normal
LO128868,APP061417,PAT02665,DOC038,DEP005,FAC003,LAB004,Liver Function Test,Biochemistry,2023-04-10,2023-04-10,2023-04-13 18:00:00,90,Urgent,Abnormal
LO128869,APP065904,PAT14666,DOC021,DEP005,FAC001,LAB005,Kidney Function Test,Biochemistry,2026-03-08,2026-03-09,2026-03-11 00:00:00,48,Routine,Abnormal
LO128870,APP059369,PAT06265,DOC045,DEP007,FAC004,LAB008,Urine Culture,Microbiology,2023-06-16,2023-06-17,2023-06-19 10:00:00,58,Routine,Normal
LO128877,APP053191,PAT05590,DOC045,DEP007,FAC004,LAB010,Ultrasound Abdomen,Radiology,2022-05-16,2022-05-16,2022-05-17 10:00:00,34,Routine,Abnormal
LO128880,APP064500,PAT01122,DOC032,DEP002,FAC002,LAB012,HbA1c,Biochemistry,2025-12-12,2025-12-13,2025-12-15 04:00:00,52,Routine,Abnormal
LO128882,APP059749,PAT10634,DOC039,DEP002,FAC004,LAB013,COVID PCR,Molecular Diagnostics,2024-05-08,2024-05-08,2024-05-11 00:00:00,72,Routine,Normal
LO128895,APP073065,PAT05465,DOC003,DEP001,FAC003,LAB003,Lipid Profile,Biochemistry,2023-02-28,2023-02-28,2023-02-28 01:00:00,1,Routine,Abnormal
LO128896,APP057868,PAT12597,DOC005,DEP001,FAC005,LAB011,ECG,Cardiology Diagnostics,2026-09-16,2026-09-16,2026-09-19 06:00:00,78,Routine,Normal
LO128899,APP069664,PAT04078,DOC032,DEP002,FAC002,LAB004,Liver Function Test,Biochemistry,2026-05-01,2026-05-02,2026-05-04 01:00:00,49,Routine,Abnormal
LO128917,APP073359,PAT09319,DOC002,DEP001,FAC002,LAB001,Complete Blood Count,Hematology,2023-03-28,2023-03-29,2023-04-01 15:00:00,87,Routine,Abnormal
LO128923,APP065039,PAT12037,DOC018,DEP007,FAC003,LAB015,Electrolytes Panel,Biochemistry,2024-03-13,2024-03-13,2024-03-15 18:00:00,66,Urgent,Normal
LO128933,APP059738,PAT13941,DOC045,DEP007,FAC004,LAB004,Liver Function Test,Biochemistry,2025-12-29,2025-12-29,2025-12-30 04:00:00,28,Routine,Normal
LO128935,APP064680,PAT08571,DOC054,DEP003,FAC003,LAB005,Kidney Function Test,Biochemistry,2023-09-17,2023-09-18,2023-09-19 03:00:00,27,Routine,Normal
LO128946,APP074335,PAT11255,DOC038,DEP005,FAC003,LAB012,HbA1c,Biochemistry,2022-10-27,2022-10-27,2022-10-29 18:00:00,66,Routine,Normal
LO128948,APP065855,PAT07218,DOC003,DEP001,FAC003,LAB014,Blood Culture,Microbiology,2024-03-06,2024-03-06,2024-03-09 01:00:00,73,Urgent,Normal
LO128962,APP059937,PAT06694,DOC054,DEP003,FAC003,LAB002,Blood Glucose,Biochemistry,2021-12-16,2021-12-16,2021-12-20 23:00:00,119,Routine,Normal
LO128964,APP071574,PAT13672,DOC043,DEP008,FAC003,LAB014,Blood Culture,Microbiology,2025-10-27,2025-10-27,2025-10-28 17:00:00,41,Routine,Normal
LO128965,APP059325,PAT07448,DOC005,DEP001,FAC005,LAB004,Liver Function Test,Biochemistry,2022-04-01,2022-04-02,2022-04-02 06:00:00,6,Routine,Normal
LO128967,APP051435,PAT09261,DOC014,DEP004,FAC004,LAB014,Blood Culture,Microbiology,2021-03-01,2021-03-01,2021-03-04 01:00:00,73,Routine,Normal
LO128976,APP074085,PAT12472,DOC022,DEP007,FAC002,LAB010,Ultrasound Abdomen,Radiology,2023-08-24,2023-08-24,2023-08-26 22:00:00,70,Urgent,Normal
LO128991,APP074863,PAT12450,DOC021,DEP005,FAC001,LAB013,COVID PCR,Molecular Diagnostics,2026-03-11,2026-03-13,2026-03-14 16:00:00,40,Routine,Normal
LO128993,APP051417,PAT01399,DOC035,DEP001,FAC005,LAB001,Complete Blood Count,Hematology,2025-12-07,2025-12-07,2025-12-07 01:00:00,1,Routine,Normal
LO128998,APP074279,PAT04919,DOC024,DEP006,FAC004,LAB011,ECG,Cardiology Diagnostics,2026-05-28,2026-05-30,2026-06-01 11:00:00,59,Routine,Abnormal
LO129004,APP051882,PAT01327,DOC005,DEP001,FAC005,LAB006,Thyroid Profile,Immunology,2025-08-22,2025-08-23,2025-08-26 02:00:00,74,Routine,Normal
LO129006,APP067778,PAT11954,DOC004,DEP001,FAC004,LAB001,Complete Blood Count,Hematology,2021-03-23,2021-03-24,2021-03-26 18:00:00,66,Routine,Normal
LO129012,APP062394,PAT08994,DOC056,DEP001,FAC003,LAB012,HbA1c,Biochemistry,2024-10-15,2024-10-15,2024-10-20 00:00:00,120,Routine,Normal
LO129018,APP052315,PAT08740,DOC054,DEP003,FAC003,LAB006,Thyroid Profile,Immunology,2026-12-21,2026-12-21,2026-12-21 07:00:00,7,Routine,Normal
LO129025,APP056159,PAT14111,DOC007,DEP002,FAC002,LAB009,Chest X-Ray,Radiology,2026-08-18,2026-08-18,2026-08-22 08:00:00,104,Routine,Normal
LO129029,APP068929,PAT00034,DOC037,DEP005,FAC002,LAB003,Lipid Profile,Biochemistry,2024-03-16,2024-03-16,2024-03-18 16:00:00,64,Routine,Abnormal
LO129030,APP074205,PAT10981,DOC042,DEP003,FAC003,LAB008,Urine Culture,Microbiology,2026-10-21,2026-10-21,2026-10-21 22:00:00,22,Routine,Normal
LO129031,APP063854,PAT14243,DOC033,DEP003,FAC003,LAB008,Urine Culture,Microbiology,2021-07-20,2021-07-20,2021-07-23 09:00:00,81,Routine,Abnormal
LO129032,APP066363,PAT06821,DOC026,DEP008,FAC001,LAB007,Urine Routine,Microbiology,2022-09-08,2022-09-08,2022-09-09 23:00:00,47,Routine,Normal
LO129033,APP051096,PAT00304,DOC026,DEP008,FAC001,LAB014,Blood Culture,Microbiology,2023-04-07,2023-04-08,2023-04-13 00:00:00,120,Stat,Critical
LO129037,APP050652,PAT09051,DOC032,DEP002,FAC002,LAB003,Lipid Profile,Biochemistry,2023-04-17,2023-04-19,2023-04-22 09:00:00,81,Routine,Normal
LO129054,APP068569,PAT00185,DOC043,DEP008,FAC003,LAB001,Complete Blood Count,Hematology,2023-09-27,2023-09-27,2023-10-02 00:00:00,120,Routine,Normal
LO129061,APP072640,PAT02532,DOC037,DEP005,FAC002,LAB009,Chest X-Ray,Radiology,2023-09-27,2023-09-27,2023-09-29 21:00:00,69,Routine,Normal
LO129063,APP072116,PAT06907,DOC051,DEP005,FAC002,LAB015,Electrolytes Panel,Biochemistry,2024-08-22,2024-08-23,2024-08-28 00:00:00,120,Routine,Normal
LO129067,APP058824,PAT00201,DOC002,DEP001,FAC002,LAB006,Thyroid Profile,Immunology,2021-02-18,2021-02-18,2021-02-20 04:00:00,52,Routine,Abnormal
LO129070,APP058522,PAT07979,DOC034,DEP001,FAC004,LAB003,Lipid Profile,Biochemistry,2021-05-13,2021-05-14,2021-05-15 18:00:00,42,Routine,Normal
LO129075,APP050784,PAT05958,DOC041,DEP001,FAC005,LAB007,Urine Routine,Microbiology,2022-02-24,2022-02-24,2022-02-28 17:00:00,113,Routine,Normal
LO129079,APP069683,PAT12793,DOC050,DEP005,FAC003,LAB003,Lipid Profile,Biochemistry,2022-09-20,2022-09-21,2022-09-24 05:00:00,77,Routine,Normal
LO129090,APP072225,PAT08388,DOC060,DEP006,FAC005,LAB008,Urine Culture,Microbiology,2021-12-29,2021-12-29,2021-12-29 18:00:00,18,Routine,Abnormal
LO129096,APP074569,PAT07218,DOC053,DEP007,FAC005,LAB006,Thyroid Profile,Immunology,2024-02-17,2024-02-18,2024-02-21 14:00:00,86,Urgent,Normal
LO129103,APP073518,PAT03080,DOC047,DEP006,FAC005,LAB008,Urine Culture,Microbiology,2022-10-03,2022-10-03,2022-10-05 15:00:00,63,Routine,Normal
LO129104,APP051690,PAT04765,DOC058,DEP001,FAC004,LAB011,ECG,Cardiology Diagnostics,2023-03-11,2023-03-12,2023-03-14 09:00:00,57,Routine,Normal
LO129109,APP058622,PAT07294,DOC006,DEP002,FAC001,LAB009,Chest X-Ray,Radiology,2022-08-29,2022-08-31,2022-09-04 07:00:00,103,Routine,Normal
LO129120,APP056782,PAT11663,DOC058,DEP001,FAC004,LAB014,Blood Culture,Microbiology,2022-05-10,2022-05-10,2022-05-12 07:00:00,55,Routine,Abnormal
LO129123,APP060031,PAT05174,DOC049,DEP001,FAC003,LAB010,Ultrasound Abdomen,Radiology,2021-11-23,2021-11-24,2021-11-26 06:00:00,54,Routine,Abnormal
LO129126,APP066972,PAT05345,DOC031,DEP001,FAC001,LAB007,Urine Routine,Microbiology,2022-09-09,2022-09-09,2022-09-11 02:00:00,50,Routine,Normal
LO129138,APP061231,PAT07540,DOC003,DEP001,FAC003,LAB001,Complete Blood Count,Hematology,2025-08-29,2025-08-29,2025-08-31 08:00:00,56,Routine,Normal
LO129139,APP056601,PAT06844,DOC011,DEP003,FAC001,LAB012,HbA1c,Biochemistry,2021-06-22,2021-06-22,2021-06-23 17:00:00,41,Routine,Normal
LO129146,APP062112,PAT05362,DOC006,DEP002,FAC001,LAB009,Chest X-Ray,Radiology,2023-01-05,2023-01-06,2023-01-10 17:00:00,113,Routine,Normal
LO129157,APP071149,PAT05675,DOC019,DEP005,FAC004,LAB006,Thyroid Profile,Immunology,2024-10-16,2024-10-17,2024-10-20 11:00:00,83,Routine,Normal
LO129163,APP070476,PAT06078,DOC019,DEP005,FAC004,LAB015,Electrolytes Panel,Biochemistry,2025-02-04,2025-02-06,2025-02-08 07:00:00,55,Routine,Normal
LO129169,APP072833,PAT10906,DOC029,DEP007,FAC004,LAB001,Complete Blood Count,Hematology,2025-01-18,2025-01-19,2025-01-20 06:00:00,30,Stat,Normal
LO129175,APP072401,PAT11160,DOC023,DEP008,FAC003,LAB013,COVID PCR,Molecular Diagnostics,2024-10-18,2024-10-20,2024-10-22 23:00:00,71,Urgent,Normal
LO129178,APP050109,PAT06919,DOC031,DEP001,FAC001,LAB004,Liver Function Test,Biochemistry,2023-05-31,2023-06-01,2023-06-01 12:00:00,12,Routine,Critical
LO129181,APP071453,PAT04289,DOC035,DEP001,FAC005,LAB003,Lipid Profile,Biochemistry,2025-04-01,2025-04-02,2025-04-03 22:00:00,46,Routine,Normal
LO129186,APP067271,PAT00593,DOC049,DEP001,FAC003,LAB012,HbA1c,Biochemistry,2025-10-21,2025-10-22,2025-10-22 11:00:00,11,Routine,Normal
LO129188,APP052257,PAT02271,DOC051,DEP005,FAC002,LAB013,COVID PCR,Molecular Diagnostics,2025-03-12,2025-03-14,2025-03-17 23:00:00,95,Routine,Normal
LO129196,APP072400,PAT03194,DOC026,DEP008,FAC001,LAB008,Urine Culture,Microbiology,2024-07-05,2024-07-05,2024-07-07 02:00:00,50,Routine,Normal
LO129197,APP057526,PAT09852,DOC015,DEP005,FAC005,LAB007,Urine Routine,Microbiology,2025-09-19,2025-09-19,2025-09-22 06:00:00,78,Urgent,Normal
LO129205,APP060796,PAT05737,DOC034,DEP001,FAC004,LAB009,Chest X-Ray,Radiology,2021-07-06,2021-07-07,2021-07-10 03:00:00,75,Routine,Abnormal
LO129211,APP062195,PAT08073,DOC051,DEP005,FAC002,LAB008,Urine Culture,Microbiology,2025-08-25,2025-08-25,2025-08-26 07:00:00,31,Routine,Normal
LO129218,APP070233,PAT07542,DOC059,DEP006,FAC005,LAB005,Kidney Function Test,Biochemistry,2026-02-13,2026-02-13,2026-02-14 05:00:00,29,Routine,Abnormal
LO129227,APP056176,PAT09595,DOC035,DEP001,FAC005,LAB009,Chest X-Ray,Radiology,2026-04-03,2026-04-04,2026-04-07 22:00:00,94,Routine,Normal
LO129233,APP063059,PAT06919,DOC006,DEP002,FAC001,LAB006,Thyroid Profile,Immunology,2025-05-30,2025-05-30,2025-06-02 18:00:00,90,Urgent,Normal
LO129236,APP074978,PAT07525,DOC008,DEP003,FAC003,LAB001,Complete Blood Count,Hematology,2026-05-13,2026-05-13,2026-05-18 00:00:00,120,Routine,Abnormal
LO129237,APP053259,PAT12515,DOC043,DEP008,FAC003,LAB010,Ultrasound Abdomen,Radiology,2025-03-05,2025-03-06,2025-03-06 18:00:00,18,Routine,Normal
LO129241,APP064890,PAT00484,DOC047,DEP006,FAC005,LAB001,Complete Blood Count,Hematology,2024-07-26,2024-07-28,2024-07-31 14:00:00,86,Routine,Normal
LO129243,APP058106,PAT06432,DOC040,DEP003,FAC005,LAB010,Ultrasound Abdomen,Radiology,2021-04-23,2021-04-24,2021-04-25 17:00:00,41,Routine,Abnormal
LO129249,APP055646,PAT10511,DOC003,DEP001,FAC003,LAB003,Lipid Profile,Biochemistry,2026-06-28,2026-06-29,2026-07-03 16:00:00,112,Routine,Normal
LO129251,APP067174,PAT10505,DOC015,DEP005,FAC005,LAB014,Blood Culture,Microbiology,2023-03-13,2023-03-13,2023-03-14 09:00:00,33,Routine,Normal
LO129261,APP060094,PAT01990,DOC059,DEP006,FAC005,LAB002,Blood Glucose,Biochemistry,2022-10-04,2022-10-04,2022-10-04 10:00:00,10,Routine,Normal
LO129273,APP072061,PAT10550,DOC001,DEP001,FAC001,LAB007,Urine Routine,Microbiology,2022-03-23,2022-03-23,2022-03-26 02:00:00,74,Routine,Normal
LO129276,APP072160,PAT10714,DOC044,DEP005,FAC002,LAB011,ECG,Cardiology Diagnostics,2023-01-15,2023-01-15,2023-01-17 17:00:00,65,Routine,Normal
LO129278,APP051406,PAT00334,DOC019,DEP005,FAC004,LAB012,HbA1c,Biochemistry,2021-08-04,2021-08-06,2021-08-06 23:00:00,23,Urgent,Abnormal
LO129285,APP065366,PAT09310,DOC055,DEP006,FAC004,LAB013,COVID PCR,Molecular Diagnostics,2025-07-11,2025-07-12,2025-07-13 06:00:00,30,Routine,Normal
LO129291,APP062849,PAT13779,DOC053,DEP007,FAC005,LAB002,Blood Glucose,Biochemistry,2023-12-19,2023-12-21,2023-12-24 07:00:00,79,Routine,Normal
LO129293,APP073317,PAT08296,DOC039,DEP002,FAC004,LAB011,ECG,Cardiology Diagnostics,2026-07-18,2026-07-18,2026-07-22 02:00:00,98,Urgent,Normal
LO129295,APP060518,PAT11710,DOC011,DEP003,FAC001,LAB001,Complete Blood Count,Hematology,2025-06-06,2025-06-07,2025-06-10 02:00:00,74,Routine,Normal
LO129298,APP071059,PAT09539,DOC003,DEP001,FAC003,LAB009,Chest X-Ray,Radiology,2021-02-24,2021-02-24,2021-02-25 09:00:00,33,Urgent,Normal
LO129302,APP058118,PAT05713,DOC058,DEP001,FAC004,LAB011,ECG,Cardiology Diagnostics,2023-09-02,2023-09-02,2023-09-05 13:00:00,85,Stat,Abnormal
LO129309,APP056966,PAT02474,DOC047,DEP006,FAC005,LAB003,Lipid Profile,Biochemistry,2024-11-05,2024-11-05,2024-11-05 01:00:00,1,Urgent,Normal
LO129311,APP059972,PAT04016,DOC003,DEP001,FAC003,LAB011,ECG,Cardiology Diagnostics,2026-11-28,2026-11-28,2026-11-29 10:00:00,34,Routine,Normal
LO129323,APP074802,PAT02289,DOC039,DEP002,FAC004,LAB008,Urine Culture,Microbiology,2026-12-04,2026-12-04,2026-12-08 17:00:00,113,Routine,Normal
LO129324,APP056728,PAT08595,DOC030,DEP008,FAC005,LAB005,Kidney Function Test,Biochemistry,2024-03-25,2024-03-25,2024-03-25 18:00:00,18,Routine,Normal
LO129325,APP054574,PAT11160,DOC048,DEP002,FAC001,LAB012,HbA1c,Biochemistry,2025-12-15,2025-12-15,2025-12-19 00:00:00,96,Routine,Normal
LO129328,APP051698,PAT05082,DOC006,DEP002,FAC001,LAB002,Blood Glucose,Biochemistry,2026-07-24,2026-07-24,2026-07-26 07:00:00,55,Routine,Normal
LO129329,APP063577,PAT01633,DOC015,DEP005,FAC005,LAB006,Thyroid Profile,Immunology,2023-08-30,2023-08-31,2023-09-04 05:00:00,101,Routine,Normal
LO129330,APP071358,PAT01003,DOC041,DEP001,FAC005,LAB001,Complete Blood Count,Hematology,2024-07-10,2024-07-10,2024-07-10 01:00:00,1,Urgent,Normal
LO129332,APP057176,PAT12296,DOC034,DEP001,FAC004,LAB007,Urine Routine,Microbiology,2024-12-28,2024-12-28,2025-01-01 03:00:00,99,Routine,Normal
LO129336,APP060290,PAT09141,DOC048,DEP002,FAC001,LAB006,Thyroid Profile,Immunology,2021-07-23,2021-07-23,2021-07-27 00:00:00,96,Routine,Normal
LO129346,APP066250,PAT09244,DOC003,DEP001,FAC003,LAB005,Kidney Function Test,Biochemistry,2021-07-31,2021-08-01,2021-08-02 14:00:00,38,Routine,Abnormal
LO129350,APP052477,PAT03014,DOC026,DEP008,FAC001,LAB002,Blood Glucose,Biochemistry,2022-10-15,2022-10-17,2022-10-18 04:00:00,28,Routine,Abnormal
LO129358,APP054197,PAT05513,DOC031,DEP001,FAC001,LAB013,COVID PCR,Molecular Diagnostics,2024-08-20,2024-08-21,2024-08-22 05:00:00,29,Routine,Normal
LO129362,APP053891,PAT14855,DOC047,DEP006,FAC005,LAB011,ECG,Cardiology Diagnostics,2024-12-21,2024-12-22,2024-12-26 22:00:00,118,Routine,Normal
LO129368,APP072349,PAT07269,DOC025,DEP007,FAC005,LAB008,Urine Culture,Microbiology,2024-09-17,2024-09-17,2024-09-18 04:00:00,28,Routine,Normal
LO129371,APP073294,PAT07717,DOC054,DEP003,FAC003,LAB015,Electrolytes Panel,Biochemistry,2021-05-30,2021-05-31,2021-06-01 16:00:00,40,Routine,Normal
LO129381,APP073434,PAT04991,DOC014,DEP004,FAC004,LAB013,COVID PCR,Molecular Diagnostics,2023-09-17,2023-09-17,2023-09-22 00:00:00,120,Routine,Abnormal
LO129389,APP073367,PAT02237,DOC001,DEP001,FAC001,LAB004,Liver Function Test,Biochemistry,2022-05-03,2022-05-04,2022-05-05 18:00:00,42,Stat,Normal
LO129395,APP057451,PAT02100,DOC059,DEP006,FAC005,LAB013,COVID PCR,Molecular Diagnostics,2023-07-03,2023-07-04,2023-07-07 13:00:00,85,Routine,Normal
LO129397,APP062909,PAT01714,DOC013,DEP005,FAC003,LAB009,Chest X-Ray,Radiology,2024-05-08,2024-05-08,2024-05-08 01:00:00,1,Routine,Normal
LO129399,APP057995,PAT04342,DOC027,DEP001,FAC002,LAB005,Kidney Function Test,Biochemistry,2023-07-25,2023-07-26,2023-07-27 12:00:00,36,Routine,Normal
LO129400,APP052218,PAT01702,DOC003,DEP001,FAC003,LAB013,COVID PCR,Molecular Diagnostics,2024-03-25,2024-03-25,2024-03-29 05:00:00,101,Urgent,Normal
LO129401,APP073769,PAT04844,DOC028,DEP001,FAC003,LAB005,Kidney Function Test,Biochemistry,2026-01-12,2026-01-12,2026-01-14 23:00:00,71,Routine,Normal
LO129409,APP057589,PAT11362,DOC043,DEP008,FAC003,LAB014,Blood Culture,Microbiology,2022-11-23,2022-11-25,2022-11-26 20:00:00,44,Routine,Normal
LO129410,APP058783,PAT08803,DOC037,DEP005,FAC002,LAB011,ECG,Cardiology Diagnostics,2022-05-02,2022-05-02,2022-05-06 14:00:00,110,Routine,Normal
LO129412,APP074849,PAT11875,DOC051,DEP005,FAC002,LAB013,COVID PCR,Molecular Diagnostics,2021-07-11,2021-07-12,2021-07-14 02:00:00,50,Routine,Normal
LO129415,APP071311,PAT02985,DOC046,DEP001,FAC001,LAB011,ECG,Cardiology Diagnostics,2023-03-16,2023-03-17,2023-03-19 20:00:00,68,Urgent,Abnormal
LO129425,APP065516,PAT10881,DOC031,DEP001,FAC001,LAB006,Thyroid Profile,Immunology,2025-08-09,2025-08-09,2025-08-11 11:00:00,59,Routine,Normal
LO129428,APP066684,PAT00622,DOC008,DEP003,FAC003,LAB007,Urine Routine,Microbiology,2024-02-21,2024-02-21,2024-02-21 01:00:00,1,Urgent,Normal
LO129431,APP059975,PAT07029,DOC012,DEP005,FAC002,LAB008,Urine Culture,Microbiology,2026-10-07,2026-10-07,2026-10-10 11:00:00,83,Routine,Normal
LO129437,APP056169,PAT13621,DOC010,DEP003,FAC005,LAB013,COVID PCR,Molecular Diagnostics,2024-01-15,2024-01-15,2024-01-17 10:00:00,58,Routine,Abnormal
LO129440,APP050660,PAT11101,DOC018,DEP007,FAC003,LAB005,Kidney Function Test,Biochemistry,2025-02-06,2025-02-07,2025-02-07 01:00:00,1,Routine,Normal
LO129464,APP060222,PAT14954,DOC030,DEP008,FAC005,LAB006,Thyroid Profile,Immunology,2026-07-18,2026-07-19,2026-07-23 05:00:00,101,Routine,Normal
LO129466,APP060593,PAT13888,DOC028,DEP001,FAC003,LAB005,Kidney Function Test,Biochemistry,2023-02-23,2023-02-23,2023-02-24 14:00:00,38,Routine,Normal
LO129468,APP051479,PAT03462,DOC042,DEP003,FAC003,LAB009,Chest X-Ray,Radiology,2023-04-28,2023-04-29,2023-04-30 22:00:00,46,Routine,Normal
LO129469,APP071247,PAT13253,DOC012,DEP005,FAC002,LAB004,Liver Function Test,Biochemistry,2024-09-05,2024-09-05,2024-09-08 20:00:00,92,Routine,Abnormal
LO129470,APP056133,PAT13173,DOC047,DEP006,FAC005,LAB013,COVID PCR,Molecular Diagnostics,2023-09-20,2023-09-20,2023-09-22 22:00:00,70,Routine,Normal
LO129474,APP060721,PAT06652,DOC027,DEP001,FAC002,LAB002,Blood Glucose,Biochemistry,2022-10-22,2022-10-22,2022-10-24 18:00:00,66,Routine,Abnormal
LO129477,APP067096,PAT01706,DOC023,DEP008,FAC003,LAB015,Electrolytes Panel,Biochemistry,2025-04-21,2025-04-22,2025-04-24 21:00:00,69,Routine,Normal
LO129478,APP062323,PAT14855,DOC056,DEP001,FAC003,LAB005,Kidney Function Test,Biochemistry,2024-01-09,2024-01-10,2024-01-11 14:00:00,38,Urgent,Normal
LO129479,APP073847,PAT14498,DOC049,DEP001,FAC003,LAB015,Electrolytes Panel,Biochemistry,2022-12-15,2022-12-17,2022-12-22 00:00:00,120,Routine,Normal
LO129496,APP059507,PAT03044,DOC055,DEP006,FAC004,LAB001,Complete Blood Count,Hematology,2023-01-14,2023-01-16,2023-01-19 04:00:00,76,Routine,Abnormal
LO129502,APP055271,PAT03503,DOC043,DEP008,FAC003,LAB003,Lipid Profile,Biochemistry,2026-10-25,2026-10-26,2026-10-29 22:00:00,94,Routine,Normal
LO129507,APP060972,PAT05873,DOC013,DEP005,FAC003,LAB005,Kidney Function Test,Biochemistry,2025-01-14,2025-01-15,2025-01-16 05:00:00,29,Urgent,Normal
LO129508,APP058147,PAT09474,DOC038,DEP005,FAC003,LAB006,Thyroid Profile,Immunology,2022-07-20,2022-07-20,2022-07-20 01:00:00,1,Routine,Normal
LO129511,APP074538,PAT09490,DOC016,DEP004,FAC001,LAB008,Urine Culture,Microbiology,2021-08-20,2021-08-22,2021-08-26 22:00:00,118,Routine,Normal
LO129522,APP067868,PAT08603,DOC029,DEP007,FAC004,LAB003,Lipid Profile,Biochemistry,2024-04-11,2024-04-12,2024-04-15 16:00:00,88,Stat,Normal
LO129524,APP057321,PAT14748,DOC041,DEP001,FAC005,LAB015,Electrolytes Panel,Biochemistry,2023-07-07,2023-07-08,2023-07-11 13:00:00,85,Routine,Normal
LO129534,APP062592,PAT08529,DOC042,DEP003,FAC003,LAB015,Electrolytes Panel,Biochemistry,2026-02-26,2026-02-27,2026-02-28 23:00:00,47,Routine,Abnormal
LO129540,APP060772,PAT02520,DOC053,DEP007,FAC005,LAB006,Thyroid Profile,Immunology,2021-03-08,2021-03-09,2021-03-09 23:00:00,23,Routine,Normal
LO129542,APP066222,PAT14995,DOC011,DEP003,FAC001,LAB004,Liver Function Test,Biochemistry,2025-11-04,2025-11-04,2025-11-06 18:00:00,66,Routine,Normal
LO129549,APP071670,PAT14383,DOC011,DEP003,FAC001,LAB014,Blood Culture,Microbiology,2023-01-14,2023-01-14,2023-01-17 02:00:00,74,Routine,Normal
LO129563,APP060198,PAT07418,DOC027,DEP001,FAC002,LAB007,Urine Routine,Microbiology,2024-12-26,2024-12-27,2024-12-28 16:00:00,40,Routine,Normal
LO129565,APP058157,PAT00287,DOC014,DEP004,FAC004,LAB013,COVID PCR,Molecular Diagnostics,2024-04-17,2024-04-17,2024-04-19 15:00:00,63,Routine,Normal
LO129566,APP057069,PAT14396,DOC019,DEP005,FAC004,LAB012,HbA1c,Biochemistry,2026-03-19,2026-03-20,2026-03-21 20:00:00,44,Routine,Normal
LO129575,APP060076,PAT01612,DOC059,DEP006,FAC005,LAB015,Electrolytes Panel,Biochemistry,2022-01-19,2022-01-19,2022-01-21 16:00:00,64,Stat,Normal
LO129578,APP064206,PAT10924,DOC021,DEP005,FAC001,LAB010,Ultrasound Abdomen,Radiology,2025-06-22,2025-06-23,2025-06-25 10:00:00,58,Routine,Normal
LO129581,APP058700,PAT11497,DOC032,DEP002,FAC002,LAB010,Ultrasound Abdomen,Radiology,2025-07-23,2025-07-23,2025-07-25 05:00:00,53,Routine,Normal
LO129582,APP067833,PAT00064,DOC029,DEP007,FAC004,LAB014,Blood Culture,Microbiology,2026-12-08,2026-12-08,2026-12-10 14:00:00,62,Routine,Normal
LO129588,APP056345,PAT12465,DOC035,DEP001,FAC005,LAB014,Blood Culture,Microbiology,2025-04-28,2025-04-28,2025-04-30 21:00:00,69,Routine,Normal
LO129590,APP066924,PAT11387,DOC034,DEP001,FAC004,LAB011,ECG,Cardiology Diagnostics,2023-06-29,2023-06-29,2023-07-03 00:00:00,96,Routine,Normal
LO129595,APP074299,PAT02883,DOC039,DEP002,FAC004,LAB008,Urine Culture,Microbiology,2025-12-11,2025-12-12,2025-12-15 18:00:00,90,Routine,Normal
LO129599,APP072742,PAT02958,DOC060,DEP006,FAC005,LAB005,Kidney Function Test,Biochemistry,2023-10-03,2023-10-05,2023-10-05 03:00:00,3,Routine,Normal
LO129602,APP057616,PAT02030,DOC051,DEP005,FAC002,LAB008,Urine Culture,Microbiology,2023-07-31,2023-07-31,2023-08-01 18:00:00,42,Urgent,Normal
LO129605,APP050181,PAT08222,DOC051,DEP005,FAC002,LAB003,Lipid Profile,Biochemistry,2023-10-23,2023-10-25,2023-10-26 19:00:00,43,Routine,Normal
LO129607,APP054374,PAT04388,DOC037,DEP005,FAC002,LAB013,COVID PCR,Molecular Diagnostics,2022-01-27,2022-01-28,2022-01-29 17:00:00,41,Routine,Normal
LO129608,APP060741,PAT14702,DOC020,DEP006,FAC005,LAB014,Blood Culture,Microbiology,2026-04-21,2026-04-22,2026-04-24 09:00:00,57,Urgent,Normal
LO129611,APP067626,PAT03205,DOC031,DEP001,FAC001,LAB004,Liver Function Test,Biochemistry,2026-08-12,2026-08-13,2026-08-17 21:00:00,117,Routine,Normal
LO129619,APP061374,PAT02752,DOC026,DEP008,FAC001,LAB005,Kidney Function Test,Biochemistry,2022-05-10,2022-05-10,2022-05-13 10:00:00,82,Routine,Normal
LO129627,APP060923,PAT09244,DOC038,DEP005,FAC003,LAB012,HbA1c,Biochemistry,2025-08-12,2025-08-14,2025-08-14 22:00:00,22,Routine,Normal
LO129633,APP060938,PAT08288,DOC034,DEP001,FAC004,LAB003,Lipid Profile,Biochemistry,2025-11-10,2025-11-11,2025-11-13 12:00:00,60,Routine,Critical
LO129642,APP064005,PAT04041,DOC017,DEP006,FAC002,LAB002,Blood Glucose,Biochemistry,2021-06-04,2021-06-04,2021-06-06 11:00:00,59,Routine,Abnormal
LO129645,APP070146,PAT11263,DOC013,DEP005,FAC003,LAB009,Chest X-Ray,Radiology,2024-05-24,2024-05-24,2024-05-28 07:00:00,103,Routine,Normal
LO129653,APP073301,PAT04607,DOC036,DEP002,FAC001,LAB014,Blood Culture,Microbiology,2023-07-22,2023-07-24,2023-07-26 16:00:00,64,Urgent,Normal
LO129654,APP057469,PAT14835,DOC050,DEP005,FAC003,LAB002,Blood Glucose,Biochemistry,2026-05-07,2026-05-08,2026-05-12 00:00:00,96,Routine,Normal
LO129658,APP053005,PAT04124,DOC002,DEP001,FAC002,LAB014,Blood Culture,Microbiology,2026-06-05,2026-06-06,2026-06-06 21:00:00,21,Routine,Normal
LO129661,APP052444,PAT08410,DOC047,DEP006,FAC005,LAB008,Urine Culture,Microbiology,2026-12-21,2026-12-21,2026-12-24 07:00:00,79,Routine,Abnormal
LO129667,APP056251,PAT11511,DOC037,DEP005,FAC002,LAB008,Urine Culture,Microbiology,2025-11-26,2025-11-26,2025-11-26 12:00:00,12,Routine,Normal
LO129671,APP061461,PAT02118,DOC035,DEP001,FAC005,LAB004,Liver Function Test,Biochemistry,2021-10-28,2021-10-28,2021-10-28 07:00:00,7,Routine,Normal
LO129675,APP059056,PAT13089,DOC042,DEP003,FAC003,LAB014,Blood Culture,Microbiology,2026-10-28,2026-10-29,2026-10-31 19:00:00,67,Urgent,Normal
LO129682,APP058138,PAT01490,DOC031,DEP001,FAC001,LAB007,Urine Routine,Microbiology,2021-11-28,2021-11-29,2021-12-03 12:00:00,108,Routine,Normal
LO129687,APP074455,PAT11110,DOC010,DEP003,FAC005,LAB012,HbA1c,Biochemistry,2023-10-06,2023-10-06,2023-10-08 07:00:00,55,Urgent,Abnormal
LO129688,APP060363,PAT14243,DOC018,DEP007,FAC003,LAB008,Urine Culture,Microbiology,2022-03-13,2022-03-13,2022-03-17 04:00:00,100,Routine,Normal
LO129695,APP072123,PAT02716,DOC029,DEP007,FAC004,LAB010,Ultrasound Abdomen,Radiology,2024-12-15,2024-12-17,2024-12-19 14:00:00,62,Urgent,Normal
LO129697,APP064352,PAT06181,DOC050,DEP005,FAC003,LAB015,Electrolytes Panel,Biochemistry,2024-12-11,2024-12-12,2024-12-13 09:00:00,33,Routine,Normal
LO129700,APP054460,PAT04520,DOC025,DEP007,FAC005,LAB001,Complete Blood Count,Hematology,2022-02-28,2022-02-28,2022-03-02 19:00:00,67,Routine,Normal
LO129704,APP065148,PAT12706,DOC046,DEP001,FAC001,LAB004,Liver Function Test,Biochemistry,2023-02-13,2023-02-13,2023-02-16 11:00:00,83,Urgent,Normal
LO129708,APP071195,PAT13164,DOC010,DEP003,FAC005,LAB007,Urine Routine,Microbiology,2026-03-09,2026-03-09,2026-03-13 00:00:00,96,Routine,Normal
LO129724,APP050468,PAT00931,DOC049,DEP001,FAC003,LAB008,Urine Culture,Microbiology,2026-09-28,2026-09-28,2026-09-28 17:00:00,17,Urgent,Normal
LO129726,APP058082,PAT01499,DOC032,DEP002,FAC002,LAB003,Lipid Profile,Biochemistry,2025-04-03,2025-04-04,2025-04-05 22:00:00,46,Routine,Normal
LO129728,APP052787,PAT02772,DOC026,DEP008,FAC001,LAB013,COVID PCR,Molecular Diagnostics,2026-02-19,2026-02-19,2026-02-21 00:00:00,48,Routine,Normal
LO129735,APP071485,PAT10550,DOC006,DEP002,FAC001,LAB007,Urine Routine,Microbiology,2024-03-05,2024-03-05,2024-03-05 01:00:00,1,Routine,Normal
LO129760,APP070511,PAT09150,DOC049,DEP001,FAC003,LAB014,Blood Culture,Microbiology,2023-11-20,2023-11-21,2023-11-23 19:00:00,67,Routine,Normal
LO129762,APP068010,PAT13783,DOC004,DEP001,FAC004,LAB001,Complete Blood Count,Hematology,2023-08-16,2023-08-17,2023-08-17 18:00:00,18,Routine,Normal
LO129764,APP070235,PAT01535,DOC029,DEP007,FAC004,LAB003,Lipid Profile,Biochemistry,2026-12-16,2026-12-17,2026-12-21 00:00:00,96,Routine,Critical
LO129773,APP054141,PAT02681,DOC031,DEP001,FAC001,LAB003,Lipid Profile,Biochemistry,2023-11-15,2023-11-17,2023-11-18 10:00:00,34,Routine,Abnormal
LO129774,APP073554,PAT09717,DOC058,DEP001,FAC004,LAB001,Complete Blood Count,Hematology,2026-06-26,2026-06-27,2026-06-29 00:00:00,48,Routine,Normal
LO129780,APP053790,PAT01084,DOC018,DEP007,FAC003,LAB004,Liver Function Test,Biochemistry,2021-11-12,2021-11-13,2021-11-14 19:00:00,43,Routine,Normal
LO129787,APP062582,PAT11275,DOC010,DEP003,FAC005,LAB007,Urine Routine,Microbiology,2022-12-20,2022-12-20,2022-12-24 18:00:00,114,Routine,Normal
LO129792,APP073235,PAT14111,DOC037,DEP005,FAC002,LAB008,Urine Culture,Microbiology,2025-04-23,2025-04-23,2025-04-23 01:00:00,1,Routine,Normal
LO129801,APP050456,PAT03012,DOC034,DEP001,FAC004,LAB013,COVID PCR,Molecular Diagnostics,2021-12-01,2021-12-01,2021-12-03 04:00:00,52,Routine,Abnormal
LO129803,APP054894,PAT08635,DOC030,DEP008,FAC005,LAB002,Blood Glucose,Biochemistry,2021-04-25,2021-04-25,2021-04-25 23:00:00,23,Routine,Normal
LO129805,APP050052,PAT03464,DOC053,DEP007,FAC005,LAB003,Lipid Profile,Biochemistry,2021-08-05,2021-08-06,2021-08-07 08:00:00,32,Routine,Normal
LO129806,APP073807,PAT13525,DOC022,DEP007,FAC002,LAB003,Lipid Profile,Biochemistry,2024-02-29,2024-02-29,2024-03-03 09:00:00,81,Routine,Normal
LO129807,APP059254,PAT12680,DOC048,DEP002,FAC001,LAB007,Urine Routine,Microbiology,2025-04-08,2025-04-08,2025-04-09 23:00:00,47,Routine,Normal
LO129817,APP065656,PAT12358,DOC049,DEP001,FAC003,LAB004,Liver Function Test,Biochemistry,2022-01-12,2022-01-12,2022-01-15 11:00:00,83,Routine,Normal
LO129819,APP071502,PAT00885,DOC058,DEP001,FAC004,LAB006,Thyroid Profile,Immunology,2026-07-12,2026-07-12,2026-07-16 01:00:00,97,Routine,Normal
LO129826,APP074145,PAT11218,DOC044,DEP005,FAC002,LAB005,Kidney Function Test,Biochemistry,2022-02-11,2022-02-12,2022-02-13 21:00:00,45,Routine,Normal
LO129829,APP073108,PAT03781,DOC024,DEP006,FAC004,LAB015,Electrolytes Panel,Biochemistry,2022-09-22,2022-09-23,2022-09-24 12:00:00,36,Routine,Normal
LO129837,APP071613,PAT01327,DOC053,DEP007,FAC005,LAB012,HbA1c,Biochemistry,2022-04-01,2022-04-01,2022-04-04 22:00:00,94,Routine,Normal
LO129844,APP067568,PAT11740,DOC019,DEP005,FAC004,LAB009,Chest X-Ray,Radiology,2023-10-28,2023-10-28,2023-10-28 20:00:00,20,Stat,Normal
LO129849,APP069238,PAT03329,DOC007,DEP002,FAC002,LAB013,COVID PCR,Molecular Diagnostics,2024-09-22,2024-09-22,2024-09-25 14:00:00,86,Routine,Normal
LO129865,APP050473,PAT13843,DOC035,DEP001,FAC005,LAB005,Kidney Function Test,Biochemistry,2023-02-12,2023-02-13,2023-02-16 08:00:00,80,Stat,Normal
LO129869,APP056733,PAT04879,DOC043,DEP008,FAC003,LAB006,Thyroid Profile,Immunology,2022-10-15,2022-10-15,2022-10-16 10:00:00,34,Routine,Normal
LO129873,APP067848,PAT14788,DOC030,DEP008,FAC005,LAB009,Chest X-Ray,Radiology,2025-07-09,2025-07-10,2025-07-12 06:00:00,54,Routine,Normal
LO129881,APP056754,PAT08980,DOC052,DEP002,FAC004,LAB010,Ultrasound Abdomen,Radiology,2026-01-05,2026-01-05,2026-01-09 16:00:00,112,Routine,Normal
LO129884,APP056779,PAT01723,DOC007,DEP002,FAC002,LAB001,Complete Blood Count,Hematology,2022-08-12,2022-08-13,2022-08-16 06:00:00,78,Routine,Abnormal
LO129889,APP057315,PAT06843,DOC018,DEP007,FAC003,LAB002,Blood Glucose,Biochemistry,2023-12-12,2023-12-13,2023-12-16 13:00:00,85,Routine,Normal
LO129891,APP060622,PAT14768,DOC016,DEP004,FAC001,LAB008,Urine Culture,Microbiology,2022-03-23,2022-03-25,2022-03-25 01:00:00,1,Urgent,Normal
LO129893,APP056741,PAT14717,DOC048,DEP002,FAC001,LAB014,Blood Culture,Microbiology,2026-08-29,2026-08-30,2026-08-31 13:00:00,37,Routine,Normal
LO129898,APP068396,PAT09114,DOC033,DEP003,FAC003,LAB013,COVID PCR,Molecular Diagnostics,2024-01-10,2024-01-11,2024-01-11 20:00:00,20,Routine,Normal
LO129907,APP051885,PAT12472,DOC042,DEP003,FAC003,LAB001,Complete Blood Count,Hematology,2024-05-13,2024-05-14,2024-05-17 01:00:00,73,Urgent,Normal
LO129908,APP059021,PAT03372,DOC050,DEP005,FAC003,LAB011,ECG,Cardiology Diagnostics,2024-12-24,2024-12-25,2024-12-27 03:00:00,51,Routine,Normal
LO129910,APP060660,PAT01086,DOC025,DEP007,FAC005,LAB012,HbA1c,Biochemistry,2025-10-01,2025-10-02,2025-10-02 05:00:00,5,Routine,Abnormal
LO129917,APP066063,PAT04966,DOC046,DEP001,FAC001,LAB002,Blood Glucose,Biochemistry,2022-11-19,2022-11-19,2022-11-21 04:00:00,52,Routine,Normal
LO129919,APP065929,PAT01706,DOC012,DEP005,FAC002,LAB002,Blood Glucose,Biochemistry,2024-04-10,2024-04-10,2024-04-11 17:00:00,41,Routine,Normal
LO129924,APP057755,PAT06555,DOC008,DEP003,FAC003,LAB008,Urine Culture,Microbiology,2025-09-23,2025-09-24,2025-09-29 00:00:00,120,Routine,Normal
LO129931,APP055906,PAT05801,DOC021,DEP005,FAC001,LAB006,Thyroid Profile,Immunology,2021-10-06,2021-10-07,2021-10-12 00:00:00,120,Routine,Normal
LO129932,APP056900,PAT13869,DOC053,DEP007,FAC005,LAB003,Lipid Profile,Biochemistry,2023-12-02,2023-12-02,2023-12-05 13:00:00,85,Routine,Normal
LO129935,APP070595,PAT05915,DOC056,DEP001,FAC003,LAB013,COVID PCR,Molecular Diagnostics,2025-06-01,2025-06-01,2025-06-04 17:00:00,89,Routine,Normal
LO129938,APP056289,PAT08098,DOC011,DEP003,FAC001,LAB002,Blood Glucose,Biochemistry,2024-03-07,2024-03-08,2024-03-09 20:00:00,44,Routine,Normal
LO129940,APP074318,PAT01732,DOC041,DEP001,FAC005,LAB003,Lipid Profile,Biochemistry,2023-09-01,2023-09-03,2023-09-06 02:00:00,74,Routine,Normal
LO129956,APP058613,PAT07521,DOC003,DEP001,FAC003,LAB011,ECG,Cardiology Diagnostics,2025-07-16,2025-07-16,2025-07-17 15:00:00,39,Urgent,Normal
LO129979,APP073835,PAT00182,DOC029,DEP007,FAC004,LAB005,Kidney Function Test,Biochemistry,2023-09-22,2023-09-22,2023-09-24 01:00:00,49,Routine,Abnormal
LO129982,APP053327,PAT13477,DOC022,DEP007,FAC002,LAB011,ECG,Cardiology Diagnostics,2022-01-18,2022-01-18,2022-01-19 22:00:00,46,Routine,Normal
LO129984,APP052364,PAT13545,DOC025,DEP007,FAC005,LAB005,Kidney Function Test,Biochemistry,2026-07-06,2026-07-08,2026-07-10 21:00:00,69,Routine,Normal
LO129985,APP068291,PAT13493,DOC058,DEP001,FAC004,LAB013,COVID PCR,Molecular Diagnostics,2025-01-23,2025-01-24,2025-01-28 11:00:00,107,Routine,Normal
LO129988,APP065286,PAT11649,DOC002,DEP001,FAC002,LAB007,Urine Routine,Microbiology,2024-10-22,2024-10-23,2024-10-24 06:00:00,30,Routine,Abnormal
LO129995,APP069269,PAT11793,DOC027,DEP001,FAC002,LAB003,Lipid Profile,Biochemistry,2026-10-12,2026-10-12,2026-10-15 03:00:00,75,Routine,Abnormal
