shift_id,staff_id,facility_id,department_id,shift_date,shift_type,scheduled_hours,worked_hours,overtime_hours,patients_assigned,patient_nurse_ratio,absenteeism_flag,workload_score
NS001936,STF0083,FAC001,DEP004,2025-03-05,Evening,8.0,7.9,0.8,9,7.7,No,38.4
NS006495,STF0244,FAC004,DEP005,2023-06-02,Night,8.0,7.8,1.4,6,4.4,No,28.2
NS001721,STF0331,FAC005,DEP007,2023-03-15,Night,8.0,9.4,0.5,5,4.7,No,21.5
NS009121,STF0067,FAC001,DEP003,2021-09-22,Morning,8.0,9.9,0.8,5,3.9,No,22.4
NS000361,STF0330,FAC005,DEP007,2022-09-08,Night,8.0,7.4,0.9,5,4.7,No,22.7
NS009664,STF0487,FAC005,DEP006,2022-12-22,Morning,8.0,8.0,1.4,4,2.8,No,20.2
NS005278,STF0499,FAC002,DEP007,2024-11-29,Night,8.0,8.0,1.7,7,5.1,No,33.1
NS008547,STF0500,FAC002,DEP005,2026-06-24,Morning,8.0,9.3,0.1,8,6.8,No,32.3
NS002222,STF0418,FAC004,DEP005,2025-06-16,Evening,8.0,8.7,1.7,10,8.2,No,45.1
NS004618,STF0247,FAC004,DEP005,2023-01-12,Evening,8.0,7.8,2.1,2,1.7,No,14.3
NS003466,STF0146,FAC002,DEP006,2024-04-12,Night,8.0,8.4,0.3,5,3.5,No,20.9
NS001409,STF0307,FAC005,DEP005,2022-04-26,Morning,8.0,7.9,0.8,5,3.7,No,22.4
NS000469,STF0328,FAC005,DEP007,2026-11-16,Night,8.0,9.1,2.6,8,7.9,No,39.8
NS001176,STF0435,FAC005,DEP005,2024-06-03,Night,8.0,8.0,0.3,1,0.9,No,4.9
NS005225,STF0482,FAC004,DEP005,2025-05-15,Night,8.0,8.6,1.3,10,7.2,No,43.9
NS008129,STF0397,FAC005,DEP007,2026-07-07,Morning,8.0,8.2,2.0,8,5.8,No,38.0
NS000425,STF0493,FAC004,DEP002,2021-11-24,Evening,8.0,8.6,1.0,6,4.3,No,27.0
NS007048,STF0472,FAC003,DEP008,2022-03-07,Morning,8.0,8.3,0.7,6,4.5,No,26.1
NS002484,STF0061,FAC001,DEP002,2022-12-03,Evening,8.0,8.1,1.0,4,3.1,No,19.0
NS001826,STF0316,FAC005,DEP006,2022-09-28,Morning,8.0,8.4,1.6,6,5.1,No,28.8
NS010558,STF0156,FAC002,DEP007,2023-11-22,Night,8.0,6.9,1.8,4,3.9,No,21.4
NS001484,STF0369,FAC005,DEP007,2026-11-10,Morning,8.0,7.6,1.4,8,6.1,No,36.2
NS009291,STF0061,FAC001,DEP002,2024-07-16,Night,8.0,8.5,0.0,9,8.8,No,36.0
NS009710,STF0204,FAC003,DEP008,2023-01-30,Morning,8.0,8.0,0.5,4,3.5,No,17.5
NS001651,STF0388,FAC001,DEP008,2022-05-07,Morning,8.0,8.6,1.1,3,2.8,No,15.3
NS009787,STF0499,FAC002,DEP007,2022-10-26,Night,8.0,8.2,0.6,1,0.9,No,5.8
NS002814,STF0076,FAC001,DEP004,2024-05-13,Morning,8.0,7.4,1.0,7,5.4,No,31.0
NS003705,STF0215,FAC004,DEP001,2024-11-04,Evening,8.0,7.4,0.2,7,6.1,No,28.6
NS006119,STF0055,FAC001,DEP002,2026-12-01,Morning,8.0,8.3,0.9,7,4.8,No,30.7
NS005043,STF0146,FAC002,DEP006,2023-08-19,Morning,8.0,7.7,1.5,3,2.6,No,16.5
NS011209,STF0156,FAC002,DEP007,2025-07-23,Night,8.0,8.4,0.2,6,6.0,No,24.6
NS007239,STF0177,FAC003,DEP003,2026-02-03,Morning,8.0,7.6,0.8,8,7.0,No,34.4
NS011506,STF0219,FAC004,DEP002,2023-01-13,Morning,8.0,7.8,1.0,12,10.9,No,51.0
NS011075,STF0189,FAC003,DEP007,2022-01-06,Morning,8.0,8.2,1.3,5,3.4,No,23.9
NS010997,STF0296,FAC005,DEP003,2022-11-11,Evening,8.0,8.4,0.8,9,8.2,No,38.4
NS005000,STF0435,FAC005,DEP005,2025-10-14,Morning,8.0,7.3,0.0,5,4.1,No,20.0
NS008481,STF0411,FAC005,DEP007,2026-01-30,Morning,8.0,8.5,0.2,7,5.7,No,28.6
NS009268,STF0447,FAC002,DEP001,2025-01-11,Evening,8.0,9.5,0.3,4,2.8,No,16.9
NS008399,STF0149,FAC002,DEP006,2024-12-25,Evening,8.0,7.6,1.3,1,1.0,No,7.9
NS002632,STF0274,FAC004,DEP007,2026-01-28,Night,8.0,8.8,1.8,8,7.5,No,37.4
NS003132,STF0124,FAC002,DEP002,2023-12-29,Night,8.0,7.0,1.2,7,6.5,No,31.6
NS009584,STF0462,FAC001,DEP002,2026-02-04,Morning,8.0,7.7,1.7,8,6.0,No,37.1
NS008219,STF0200,FAC003,DEP008,2026-08-29,Evening,8.0,7.5,0.0,3,2.1,No,12.0
NS009277,STF0199,FAC003,DEP008,2024-10-12,Morning,8.0,7.4,0.4,3,2.1,No,13.2
NS003814,STF0373,FAC004,DEP001,2023-12-30,Morning,8.0,8.8,0.5,4,3.0,No,17.5
NS005887,STF0299,FAC005,DEP003,2022-07-02,Night,8.0,8.5,1.2,4,3.1,No,19.6
NS005083,STF0091,FAC001,DEP005,2022-07-04,Night,8.0,8.1,0.8,4,3.1,No,18.4
NS011816,STF0466,FAC001,DEP004,2021-06-01,Evening,8.0,7.9,0.3,5,3.5,No,20.9
NS008824,STF0464,FAC002,DEP006,2023-04-03,Morning,8.0,7.5,1.8,11,7.7,No,49.4
NS001218,STF0414,FAC003,DEP008,2021-02-02,Night,8.0,8.4,0.0,5,4.0,No,20.0
NS003992,STF0326,FAC005,DEP007,2026-10-21,Evening,8.0,7.9,2.4,11,9.2,No,51.2
NS011148,STF0478,FAC005,DEP008,2025-05-12,Night,8.0,7.6,2.2,10,8.4,No,46.6
NS007616,STF0433,FAC001,DEP005,2023-03-30,Morning,8.0,8.1,0.1,5,4.4,No,20.3
NS010692,STF0379,FAC001,DEP005,2024-07-09,Morning,8.0,8.0,1.6,8,7.4,No,36.8
NS010185,STF0371,FAC004,DEP004,2022-04-01,Morning,8.0,7.9,1.0,11,9.1,No,47.0
NS001684,STF0454,FAC004,DEP006,2022-10-16,Evening,8.0,8.5,0.0,1,0.8,No,4.0
NS004575,STF0491,FAC004,DEP004,2025-09-05,Evening,8.0,0.0,0.0,0,0.0,Yes,0.0
NS011541,STF0204,FAC003,DEP008,2026-05-07,Morning,8.0,8.2,1.0,9,8.9,No,39.0
NS010751,STF0313,FAC005,DEP006,2025-01-14,Morning,8.0,8.6,0.9,8,7.4,No,34.7
NS011284,STF0204,FAC003,DEP008,2023-01-14,Morning,8.0,9.0,0.1,6,5.6,No,24.3
NS007563,STF0313,FAC005,DEP006,2024-04-23,Evening,8.0,8.3,0.5,5,3.5,No,21.5
NS005904,STF0092,FAC001,DEP005,2026-10-05,Morning,8.0,7.8,1.3,8,5.5,No,35.9
NS002583,STF0044,FAC001,DEP001,2024-02-07,Evening,8.0,7.2,0.1,11,10.6,No,44.3
NS003003,STF0411,FAC005,DEP007,2022-06-21,Morning,8.0,8.6,2.0,8,6.5,No,38.0
NS010044,STF0464,FAC002,DEP006,2025-08-17,Morning,8.0,8.5,0.6,4,3.9,No,17.8
NS002088,STF0241,FAC004,DEP005,2025-05-17,Morning,8.0,8.0,0.5,3,2.3,No,13.5
NS008929,STF0114,FAC002,DEP001,2021-09-13,Morning,8.0,8.2,1.5,9,6.8,No,40.5
NS004149,STF0290,FAC005,DEP001,2026-08-22,Night,8.0,7.3,0.0,3,2.1,No,12.0
NS000136,STF0469,FAC001,DEP002,2022-11-12,Evening,8.0,7.6,0.6,3,2.6,No,13.8
NS009918,STF0081,FAC001,DEP004,2023-08-15,Night,8.0,0.0,0.0,0,0.0,Yes,0.0
NS001744,STF0183,FAC003,DEP005,2025-07-17,Evening,8.0,7.2,0.9,10,7.3,No,42.7
NS007342,STF0293,FAC005,DEP003,2024-08-05,Morning,8.0,7.4,1.0,8,5.6,No,35.0
NS010875,STF0153,FAC002,DEP007,2025-02-18,Morning,8.0,7.3,1.8,9,6.2,No,41.4
NS003708,STF0060,FAC001,DEP002,2022-10-26,Evening,8.0,7.4,0.0,5,4.3,No,20.0
NS005471,STF0159,FAC002,DEP007,2026-01-17,Morning,8.0,7.9,1.2,5,3.7,No,23.6
NS000701,STF0494,FAC001,DEP002,2022-08-24,Morning,8.0,8.0,0.6,5,4.6,No,21.8
NS008558,STF0151,FAC002,DEP007,2023-11-03,Morning,8.0,8.5,1.2,5,3.5,No,23.6
NS011716,STF0178,FAC003,DEP003,2022-05-25,Evening,8.0,7.3,1.3,7,5.1,No,31.9
NS001609,STF0149,FAC002,DEP006,2021-02-12,Morning,8.0,8.9,0.0,4,3.4,No,16.0
NS005864,STF0279,FAC005,DEP001,2023-07-22,Night,8.0,9.3,0.6,4,2.8,No,17.8
NS000430,STF0447,FAC002,DEP001,2023-03-07,Night,8.0,8.8,0.8,5,4.1,No,22.4
NS004024,STF0316,FAC005,DEP006,2024-06-27,Night,8.0,8.6,0.5,9,6.1,No,37.5
NS006689,STF0445,FAC002,DEP007,2023-05-04,Evening,8.0,7.5,1.1,4,4.0,No,19.3
NS004101,STF0119,FAC002,DEP002,2023-01-18,Morning,8.0,9.1,0.8,3,2.9,No,14.4
NS008876,STF0373,FAC004,DEP001,2023-01-03,Morning,8.0,8.3,1.6,10,8.4,No,44.8
NS008515,STF0161,FAC002,DEP007,2025-05-22,Night,8.0,8.7,0.5,8,7.3,No,33.5
NS009650,STF0470,FAC004,DEP001,2026-06-20,Morning,8.0,8.3,0.0,8,6.0,No,32.0
NS002271,STF0316,FAC005,DEP006,2022-05-27,Night,8.0,7.9,0.3,5,3.9,No,20.9
NS007693,STF0373,FAC004,DEP001,2026-11-11,Evening,8.0,9.4,1.8,10,7.7,No,45.4
NS000071,STF0300,FAC005,DEP005,2025-09-23,Evening,8.0,7.8,0.0,9,7.6,No,36.0
NS005721,STF0144,FAC002,DEP006,2024-07-08,Morning,8.0,0.0,0.0,0,0.0,Yes,0.0
NS010748,STF0163,FAC003,DEP001,2024-07-25,Morning,8.0,8.7,1.1,7,5.1,No,31.3
NS010153,STF0144,FAC002,DEP006,2026-08-03,Evening,8.0,7.4,1.6,8,6.6,No,36.8
NS011958,STF0247,FAC004,DEP005,2025-10-15,Morning,8.0,7.7,0.7,4,3.7,No,18.1
NS009138,STF0178,FAC003,DEP003,2025-03-05,Morning,8.0,8.1,1.4,8,7.7,No,36.2
NS002020,STF0308,FAC005,DEP005,2026-10-19,Evening,8.0,8.1,1.4,7,6.9,No,32.2
NS009837,STF0226,FAC004,DEP002,2023-05-10,Night,8.0,6.7,0.2,6,5.6,No,24.6
NS011352,STF0152,FAC002,DEP007,2021-05-26,Evening,8.0,8.0,0.5,3,2.6,No,13.5
NS006703,STF0059,FAC001,DEP002,2025-07-08,Night,8.0,7.7,0.6,6,5.8,No,25.8
NS004030,STF0272,FAC004,DEP007,2025-06-04,Morning,8.0,7.7,0.8,8,6.9,No,34.4
NS007760,STF0304,FAC005,DEP005,2024-02-21,Morning,8.0,8.7,1.3,10,9.7,No,43.9
NS011691,STF0487,FAC005,DEP006,2024-06-09,Morning,8.0,8.0,0.0,2,1.8,No,8.0
NS008484,STF0172,FAC003,DEP003,2024-05-15,Morning,8.0,8.3,0.6,9,6.6,No,37.8
NS003859,STF0093,FAC001,DEP005,2026-12-31,Night,8.0,7.8,0.9,10,6.9,No,42.7
NS000745,STF0471,FAC004,DEP006,2026-12-23,Night,8.0,7.6,0.0,9,6.4,No,36.0
NS001384,STF0212,FAC004,DEP001,2022-08-25,Morning,8.0,7.7,0.8,6,4.6,No,26.4
NS005644,STF0289,FAC005,DEP001,2023-02-08,Morning,8.0,8.1,1.3,5,4.9,No,23.9
NS008686,STF0462,FAC001,DEP002,2021-08-09,Morning,8.0,7.6,0.4,6,4.4,No,25.2
NS010614,STF0199,FAC003,DEP008,2025-07-04,Evening,8.0,7.3,1.6,6,5.3,No,28.8
NS000150,STF0471,FAC004,DEP006,2024-11-13,Evening,8.0,8.1,1.4,5,4.8,No,24.2
NS011880,STF0471,FAC004,DEP006,2021-04-05,Morning,8.0,8.4,0.0,5,3.9,No,20.0
NS000812,STF0367,FAC005,DEP001,2022-07-15,Morning,8.0,7.2,1.6,6,4.5,No,28.8
NS005901,STF0152,FAC002,DEP007,2023-02-26,Morning,8.0,0.0,0.0,0,0.0,Yes,0.0
NS004329,STF0074,FAC001,DEP003,2026-12-15,Evening,8.0,7.8,0.4,7,4.7,No,29.2
NS006374,STF0274,FAC004,DEP007,2026-11-19,Morning,8.0,8.3,0.5,6,4.9,No,25.5
NS003996,STF0284,FAC005,DEP001,2023-12-21,Morning,8.0,8.8,1.4,6,4.6,No,28.2
NS004383,STF0105,FAC001,DEP008,2025-12-25,Morning,8.0,9.5,1.0,5,4.7,No,23.0
NS001731,STF0140,FAC002,DEP006,2022-02-10,Morning,8.0,8.3,0.0,8,6.6,No,32.0
NS004360,STF0149,FAC002,DEP006,2025-08-18,Night,8.0,8.6,0.0,10,7.0,No,40.0
NS005028,STF0397,FAC005,DEP007,2023-05-30,Night,8.0,8.1,0.0,6,4.6,No,24.0
NS001794,STF0388,FAC001,DEP008,2026-08-31,Morning,8.0,8.3,0.1,9,8.1,No,36.3
NS009080,STF0140,FAC002,DEP006,2025-02-22,Evening,8.0,8.0,1.8,4,3.0,No,21.4
NS005467,STF0491,FAC004,DEP004,2022-03-28,Morning,8.0,7.6,0.6,5,4.7,No,21.8
NS011128,STF0268,FAC004,DEP007,2023-01-03,Morning,8.0,8.3,0.9,9,8.7,No,38.7
NS008487,STF0243,FAC004,DEP005,2026-02-28,Morning,8.0,7.7,1.3,4,3.0,No,19.9
NS001122,STF0491,FAC004,DEP004,2022-05-11,Evening,8.0,7.5,0.5,1,0.8,No,5.5
NS004619,STF0232,FAC004,DEP004,2023-02-16,Morning,8.0,7.4,0.4,9,7.4,No,37.2
NS005938,STF0076,FAC001,DEP004,2021-11-12,Evening,8.0,7.3,0.4,2,1.7,No,9.2
NS009528,STF0156,FAC002,DEP007,2025-03-14,Evening,8.0,7.6,1.5,4,3.6,No,20.5
NS002035,STF0373,FAC004,DEP001,2025-10-04,Evening,8.0,8.5,1.9,4,3.7,No,21.7
NS003127,STF0436,FAC002,DEP001,2021-05-15,Night,8.0,9.7,0.0,4,3.9,No,16.0
NS011065,STF0388,FAC001,DEP008,2026-08-22,Night,8.0,8.1,1.4,4,3.2,No,20.2
NS011823,STF0076,FAC001,DEP004,2021-07-27,Morning,8.0,8.2,1.4,9,6.9,No,40.2
NS003828,STF0151,FAC002,DEP007,2025-11-20,Night,8.0,7.2,0.8,7,6.8,No,30.4
NS004368,STF0282,FAC005,DEP001,2022-10-27,Morning,8.0,8.3,1.0,4,3.5,No,19.0
NS005298,STF0454,FAC004,DEP006,2024-12-09,Night,8.0,8.5,0.6,6,4.2,No,25.8
NS003211,STF0391,FAC005,DEP007,2021-11-25,Morning,8.0,8.4,1.6,3,2.5,No,16.8
NS009929,STF0211,FAC004,DEP001,2025-06-15,Morning,8.0,8.0,0.0,1,0.9,No,4.0
NS002699,STF0155,FAC002,DEP007,2026-05-19,Morning,8.0,8.0,1.8,6,4.1,No,29.4
NS008046,STF0389,FAC004,DEP007,2026-04-19,Night,8.0,8.1,0.4,3,3.0,No,13.2
NS004280,STF0290,FAC005,DEP001,2026-08-31,Morning,8.0,8.1,1.6,7,6.1,No,32.8
NS000374,STF0454,FAC004,DEP006,2021-05-08,Evening,8.0,7.8,0.0,1,0.8,No,4.0
NS000625,STF0387,FAC001,DEP001,2024-01-23,Evening,8.0,7.7,0.9,9,8.6,No,38.7
NS011618,STF0178,FAC003,DEP003,2023-07-05,Morning,8.0,8.0,1.0,5,3.9,No,23.0
NS006097,STF0454,FAC004,DEP006,2024-06-08,Evening,8.0,7.9,1.4,5,3.4,No,24.2
NS004984,STF0183,FAC003,DEP005,2025-05-02,Morning,8.0,8.7,1.3,7,7.0,No,31.9
NS003489,STF0199,FAC003,DEP008,2022-07-15,Morning,8.0,7.1,0.1,8,7.2,No,32.3
NS011980,STF0079,FAC001,DEP004,2024-06-19,Night,8.0,7.8,2.4,7,5.8,No,35.2
NS002037,STF0212,FAC004,DEP001,2024-03-05,Morning,8.0,7.9,2.2,3,2.2,No,18.6
NS008389,STF0298,FAC005,DEP003,2022-09-30,Morning,8.0,9.3,1.3,5,3.6,No,23.9
NS000748,STF0060,FAC001,DEP002,2023-01-25,Morning,8.0,8.3,1.0,7,6.3,No,31.0
NS009038,STF0472,FAC003,DEP008,2022-09-01,Evening,8.0,7.6,0.5,2,1.7,No,9.5
NS009146,STF0493,FAC004,DEP002,2022-10-24,Evening,8.0,8.9,0.4,9,7.3,No,37.2
NS004448,STF0408,FAC004,DEP006,2026-08-07,Morning,8.0,7.7,1.2,8,5.9,No,35.6
NS011020,STF0204,FAC003,DEP008,2026-05-28,Morning,8.0,8.0,1.0,11,10.8,No,47.0
NS006744,STF0074,FAC001,DEP003,2026-12-21,Evening,8.0,7.6,0.4,9,7.8,No,37.2
NS007503,STF0411,FAC005,DEP007,2023-01-02,Evening,8.0,8.1,1.5,9,6.1,No,40.5
NS003101,STF0464,FAC002,DEP006,2022-08-17,Evening,8.0,7.9,0.0,7,5.4,No,28.0
NS003300,STF0387,FAC001,DEP001,2025-12-17,Morning,8.0,7.4,0.1,7,6.2,No,28.3
NS006246,STF0367,FAC005,DEP001,2024-04-05,Morning,8.0,8.2,1.9,3,2.7,No,17.7
NS008293,STF0493,FAC004,DEP002,2023-03-13,Morning,8.0,8.1,0.8,4,2.8,No,18.4
NS007567,STF0268,FAC004,DEP007,2026-03-12,Night,8.0,8.0,1.4,7,5.0,No,32.2
NS003432,STF0363,FAC005,DEP008,2022-10-10,Morning,8.0,7.9,1.5,6,5.5,No,28.5
NS007119,STF0482,FAC004,DEP005,2021-04-19,Evening,8.0,0.0,0.0,0,0.0,Yes,0.0
NS006806,STF0365,FAC004,DEP006,2025-10-30,Morning,8.0,8.2,1.3,4,3.7,No,19.9
NS001262,STF0156,FAC002,DEP007,2021-11-17,Evening,8.0,8.5,0.8,2,1.8,No,10.4
NS000648,STF0384,FAC005,DEP007,2026-12-20,Morning,8.0,6.9,0.3,3,2.9,No,12.9
NS000020,STF0363,FAC005,DEP008,2021-04-06,Morning,8.0,7.9,1.1,4,2.8,No,19.3
NS005609,STF0408,FAC004,DEP006,2021-12-30,Morning,8.0,7.7,0.6,5,4.4,No,21.8
NS002146,STF0257,FAC004,DEP006,2025-03-13,Morning,8.0,8.0,0.4,4,3.4,No,17.2
NS006921,STF0247,FAC004,DEP005,2026-10-19,Evening,8.0,8.5,0.3,5,3.6,No,20.9
NS005923,STF0433,FAC001,DEP005,2025-03-25,Morning,8.0,8.5,1.7,6,5.9,No,29.1
NS009412,STF0162,FAC003,DEP001,2022-12-12,Evening,8.0,8.0,0.0,8,6.5,No,32.0
NS002792,STF0149,FAC002,DEP006,2023-08-14,Night,8.0,8.8,1.5,12,11.8,No,52.5
NS004955,STF0400,FAC002,DEP005,2023-02-02,Morning,8.0,8.9,0.7,7,6.1,No,30.1
NS006728,STF0142,FAC002,DEP006,2021-09-11,Morning,8.0,7.0,2.0,3,2.9,No,18.0
NS001906,STF0156,FAC002,DEP007,2023-04-12,Night,8.0,0.0,0.0,0,0.0,Yes,0.0
NS002022,STF0126,FAC002,DEP002,2026-07-24,Night,8.0,7.2,0.7,8,6.5,No,34.1
NS005358,STF0331,FAC005,DEP007,2021-12-22,Evening,8.0,8.4,0.8,4,2.9,No,18.4
NS003502,STF0177,FAC003,DEP003,2022-08-19,Morning,8.0,7.9,0.0,9,7.5,No,36.0
NS001370,STF0307,FAC005,DEP005,2023-08-10,Night,8.0,6.6,0.7,7,6.8,No,30.1
NS004768,STF0055,FAC001,DEP002,2023-11-06,Morning,8.0,8.2,0.8,6,5.2,No,26.4
NS001369,STF0247,FAC004,DEP005,2023-08-03,Night,8.0,0.0,0.0,0,0.0,Yes,0.0
NS009374,STF0219,FAC004,DEP002,2024-05-29,Night,8.0,7.6,0.4,7,6.2,No,29.2
NS009785,STF0494,FAC001,DEP002,2023-08-10,Night,8.0,8.3,0.9,6,4.1,No,26.7
NS001942,STF0391,FAC005,DEP007,2024-03-03,Morning,8.0,8.0,0.2,4,3.4,No,16.6
NS007589,STF0131,FAC002,DEP005,2025-07-21,Night,8.0,7.8,1.6,10,7.6,No,44.8
NS001979,STF0121,FAC002,DEP002,2021-09-21,Evening,8.0,7.9,1.4,6,5.1,No,28.2
NS008727,STF0227,FAC004,DEP002,2023-08-03,Morning,8.0,8.0,0.0,4,3.2,No,16.0
NS005365,STF0271,FAC004,DEP007,2023-12-31,Night,8.0,8.3,1.6,3,2.8,No,16.8
NS003367,STF0385,FAC002,DEP005,2025-01-22,Evening,8.0,7.2,0.7,11,11.0,No,46.1
NS006619,STF0242,FAC004,DEP005,2025-12-01,Evening,8.0,7.5,0.0,7,4.9,No,28.0
NS007114,STF0464,FAC002,DEP006,2024-11-23,Evening,8.0,7.2,0.4,2,1.8,No,9.2
NS005047,STF0200,FAC003,DEP008,2024-01-25,Evening,8.0,7.3,2.3,6,4.8,No,30.9
NS003890,STF0271,FAC004,DEP007,2025-07-07,Evening,8.0,8.0,0.2,7,4.9,No,28.6
NS003373,STF0384,FAC005,DEP007,2023-03-21,Morning,8.0,8.2,0.1,8,5.7,No,32.3
NS004554,STF0059,FAC001,DEP002,2026-12-07,Evening,8.0,7.3,1.0,13,12.1,No,55.0
NS011193,STF0476,FAC002,DEP007,2022-04-26,Morning,8.0,8.0,1.6,7,5.5,No,32.8
NS003046,STF0488,FAC001,DEP008,2024-11-12,Morning,8.0,0.0,0.0,0,0.0,Yes,0.0
NS004811,STF0290,FAC005,DEP001,2026-04-06,Morning,8.0,8.3,0.2,7,6.8,No,28.6
NS002334,STF0152,FAC002,DEP007,2025-12-01,Morning,8.0,7.6,0.0,8,7.0,No,32.0
NS000840,STF0153,FAC002,DEP007,2024-04-11,Evening,8.0,6.4,0.9,10,7.6,No,42.7
NS005263,STF0490,FAC001,DEP002,2024-01-23,Evening,8.0,7.4,0.0,8,7.6,No,32.0
NS008517,STF0306,FAC005,DEP005,2021-05-13,Evening,8.0,8.3,0.0,5,3.5,No,20.0
NS010905,STF0151,FAC002,DEP007,2024-02-13,Morning,8.0,8.3,1.4,3,2.8,No,16.2
NS001435,STF0083,FAC001,DEP004,2025-09-15,Morning,8.0,8.1,2.0,8,5.4,No,38.0
NS003858,STF0418,FAC004,DEP005,2026-05-08,Morning,8.0,7.1,1.7,7,5.8,No,33.1
NS004602,STF0229,FAC004,DEP004,2021-03-28,Evening,8.0,7.9,0.4,1,0.9,No,5.2
NS002674,STF0308,FAC005,DEP005,2023-06-27,Night,8.0,7.3,0.0,5,3.5,No,20.0
NS005181,STF0119,FAC002,DEP002,2025-08-01,Morning,8.0,8.8,2.4,9,6.8,No,43.2
NS000488,STF0308,FAC005,DEP005,2021-12-01,Morning,8.0,7.8,1.4,6,5.2,No,28.2
NS005518,STF0102,FAC001,DEP008,2026-05-03,Evening,8.0,8.1,0.2,2,1.7,No,8.6
NS000534,STF0131,FAC002,DEP005,2021-07-24,Night,8.0,6.8,1.5,4,3.3,No,20.5
NS007603,STF0271,FAC004,DEP007,2023-11-13,Morning,8.0,8.3,0.9,7,5.8,No,30.7
NS007607,STF0308,FAC005,DEP005,2021-08-11,Evening,8.0,7.3,0.1,5,4.8,No,20.3
NS006082,STF0380,FAC004,DEP002,2024-04-15,Night,8.0,8.2,0.4,5,4.9,No,21.2
NS002961,STF0259,FAC004,DEP006,2021-11-25,Night,8.0,8.3,0.2,3,2.4,No,12.6
NS002184,STF0070,FAC001,DEP003,2023-05-26,Morning,8.0,7.7,1.3,5,3.7,No,23.9
NS010965,STF0067,FAC001,DEP003,2023-01-02,Morning,8.0,9.2,1.6,3,2.3,No,16.8
NS004169,STF0105,FAC001,DEP008,2026-09-26,Morning,8.0,8.6,1.3,7,4.8,No,31.9
NS005720,STF0152,FAC002,DEP007,2026-12-03,Morning,8.0,9.3,1.2,9,7.3,No,39.6
NS011204,STF0433,FAC001,DEP005,2023-05-17,Morning,8.0,7.5,1.1,2,1.9,No,11.3
NS011556,STF0138,FAC002,DEP005,2024-09-06,Evening,8.0,8.2,0.0,5,3.5,No,20.0
NS007092,STF0443,FAC005,DEP003,2024-07-26,Morning,8.0,8.5,0.8,3,2.3,No,14.4
NS009327,STF0365,FAC004,DEP006,2024-08-17,Morning,8.0,9.2,1.2,5,3.6,No,23.6
NS006715,STF0330,FAC005,DEP007,2025-02-14,Evening,8.0,7.7,2.4,5,3.9,No,27.2
NS000201,STF0208,FAC004,DEP001,2025-10-21,Evening,8.0,7.5,0.6,9,7.1,No,37.8
NS011773,STF0482,FAC004,DEP005,2025-03-20,Evening,8.0,7.6,0.4,7,5.0,No,29.2
NS002211,STF0259,FAC004,DEP006,2026-06-17,Morning,8.0,7.1,1.3,7,6.7,No,31.9
NS008252,STF0290,FAC005,DEP001,2023-06-15,Evening,8.0,9.1,0.8,4,3.4,No,18.4
NS007839,STF0211,FAC004,DEP001,2025-07-21,Evening,8.0,7.0,1.5,8,5.6,No,36.5
NS009120,STF0189,FAC003,DEP007,2024-09-27,Morning,8.0,7.9,0.1,6,4.9,No,24.3
NS008762,STF0172,FAC003,DEP003,2022-09-25,Morning,8.0,8.2,0.0,2,1.6,No,8.0
NS009118,STF0379,FAC001,DEP005,2024-01-25,Evening,8.0,7.6,1.5,7,6.0,No,32.5
NS011719,STF0487,FAC005,DEP006,2024-04-19,Night,8.0,7.9,1.6,11,9.9,No,48.8
NS002445,STF0212,FAC004,DEP001,2021-01-19,Evening,8.0,8.5,0.0,7,5.3,No,28.0
NS003313,STF0400,FAC002,DEP005,2025-06-18,Night,8.0,7.8,0.8,8,7.6,No,34.4
NS000219,STF0219,FAC004,DEP002,2025-05-20,Night,8.0,8.1,2.2,5,4.1,No,26.6
NS002616,STF0219,FAC004,DEP002,2021-09-19,Evening,8.0,8.2,0.0,2,1.7,No,8.0
NS008030,STF0331,FAC005,DEP007,2026-01-13,Evening,8.0,7.8,2.3,10,8.8,No,46.9
NS003778,STF0300,FAC005,DEP005,2025-05-05,Evening,8.0,7.7,1.0,4,3.5,No,19.0
NS004630,STF0362,FAC005,DEP007,2026-02-10,Morning,8.0,8.5,1.4,7,5.1,No,32.2
NS010737,STF0408,FAC004,DEP006,2023-02-18,Night,8.0,9.3,0.8,5,4.1,No,22.4
NS009193,STF0388,FAC001,DEP008,2024-05-21,Night,8.0,8.9,2.0,10,9.9,No,46.0
NS011999,STF0215,FAC004,DEP001,2026-07-09,Morning,8.0,7.8,1.4,9,8.9,No,40.2
NS011752,STF0491,FAC004,DEP004,2026-08-09,Morning,8.0,7.4,0.6,4,3.8,No,17.8
NS007190,STF0102,FAC001,DEP008,2025-01-31,Morning,8.0,8.0,0.9,8,7.1,No,34.7
NS011591,STF0241,FAC004,DEP005,2026-06-19,Evening,8.0,8.1,0.4,8,5.4,No,33.2
NS001671,STF0199,FAC003,DEP008,2024-04-15,Morning,8.0,8.6,0.6,8,8.0,No,33.8
NS001189,STF0491,FAC004,DEP004,2026-10-03,Evening,8.0,8.0,0.8,2,1.8,No,10.4
NS001615,STF0105,FAC001,DEP008,2025-07-31,Evening,8.0,8.8,2.2,9,6.8,No,42.6
NS002341,STF0092,FAC001,DEP005,2023-08-20,Night,8.0,7.6,1.7,3,2.1,No,17.1
NS005668,STF0487,FAC005,DEP006,2021-05-06,Night,8.0,7.9,1.1,4,2.8,No,19.3
NS002874,STF0187,FAC003,DEP005,2021-01-26,Evening,8.0,7.2,0.0,1,1.0,No,4.0
NS005944,STF0204,FAC003,DEP008,2024-05-24,Morning,8.0,7.3,1.0,5,4.6,No,23.0
NS003018,STF0064,FAC001,DEP003,2026-11-11,Morning,8.0,9.0,0.3,5,3.7,No,20.9
NS004093,STF0287,FAC005,DEP001,2022-01-19,Night,8.0,9.1,0.4,6,5.2,No,25.2
NS003291,STF0257,FAC004,DEP006,2022-09-09,Morning,8.0,8.8,1.2,10,9.9,No,43.6
NS000096,STF0436,FAC002,DEP001,2024-07-08,Evening,8.0,8.2,1.6,7,6.7,No,32.8
NS003404,STF0199,FAC003,DEP008,2024-09-06,Morning,8.0,9.1,0.0,8,5.8,No,32.0
NS011578,STF0172,FAC003,DEP003,2026-09-26,Morning,8.0,8.1,0.4,1,0.7,No,5.2
NS007189,STF0388,FAC001,DEP008,2023-01-04,Morning,8.0,8.7,0.4,5,3.8,No,21.2
NS005803,STF0147,FAC002,DEP006,2023-05-12,Morning,8.0,8.2,0.4,7,6.2,No,29.2
NS003099,STF0152,FAC002,DEP007,2021-09-27,Night,8.0,8.2,1.3,7,6.0,No,31.9
NS003419,STF0085,FAC001,DEP004,2022-09-24,Evening,8.0,7.8,0.9,6,4.1,No,26.7
NS007635,STF0448,FAC002,DEP007,2024-09-23,Morning,8.0,7.1,0.6,5,4.8,No,21.8
NS011044,STF0411,FAC005,DEP007,2024-01-18,Night,8.0,8.8,1.2,9,6.5,No,39.6
NS009718,STF0399,FAC004,DEP006,2022-10-26,Morning,8.0,8.9,0.7,5,3.6,No,22.1
NS001414,STF0172,FAC003,DEP003,2025-07-22,Evening,8.0,8.6,1.0,8,5.5,No,35.0
NS011794,STF0124,FAC002,DEP002,2023-08-30,Morning,8.0,7.9,0.5,4,2.8,No,17.5
NS007316,STF0389,FAC004,DEP007,2024-11-09,Evening,8.0,6.7,1.5,6,4.6,No,28.5
NS001374,STF0214,FAC004,DEP001,2025-07-24,Evening,8.0,8.4,0.8,9,7.2,No,38.4
NS002361,STF0244,FAC004,DEP005,2024-02-29,Night,8.0,8.9,1.7,3,2.0,No,17.1
NS002058,STF0490,FAC001,DEP002,2024-01-10,Morning,8.0,7.6,1.6,6,4.6,No,28.8
NS003149,STF0385,FAC002,DEP005,2022-02-22,Evening,8.0,8.4,1.8,5,5.0,No,25.4
NS005014,STF0499,FAC002,DEP007,2023-03-11,Evening,8.0,7.4,1.4,1,0.8,No,8.2
NS004505,STF0061,FAC001,DEP002,2024-05-08,Morning,8.0,9.8,1.7,5,3.9,No,25.1
NS009404,STF0257,FAC004,DEP006,2026-05-04,Evening,8.0,8.4,1.0,8,5.6,No,35.0
NS009647,STF0340,FAC005,DEP008,2022-01-10,Night,8.0,7.6,1.7,5,3.8,No,25.1
NS004405,STF0162,FAC003,DEP001,2025-04-29,Night,8.0,8.3,0.2,5,4.5,No,20.6
NS000857,STF0149,FAC002,DEP006,2022-12-18,Evening,8.0,7.7,1.2,1,0.8,No,7.6
NS005177,STF0268,FAC004,DEP007,2026-09-08,Night,8.0,7.7,1.2,5,4.1,No,23.6
NS010550,STF0418,FAC004,DEP005,2025-09-29,Morning,8.0,8.8,1.2,2,1.6,No,11.6
NS010659,STF0434,FAC005,DEP001,2025-03-13,Evening,8.0,8.0,2.1,7,4.9,No,34.3
NS002320,STF0155,FAC002,DEP007,2023-06-02,Night,8.0,6.8,0.0,3,2.2,No,12.0
NS009762,STF0098,FAC001,DEP005,2024-09-07,Morning,8.0,8.1,0.9,1,0.9,No,6.7
NS008032,STF0079,FAC001,DEP004,2025-12-10,Evening,8.0,8.7,1.1,9,7.7,No,39.3
NS005063,STF0074,FAC001,DEP003,2021-09-02,Night,8.0,7.6,1.4,5,4.9,No,24.2
NS001209,STF0491,FAC004,DEP004,2026-11-23,Morning,8.0,7.1,1.1,6,5.3,No,27.3
NS010130,STF0340,FAC005,DEP008,2026-04-26,Morning,8.0,8.2,1.2,5,3.7,No,23.6
NS011812,STF0466,FAC001,DEP004,2024-01-22,Morning,8.0,7.7,1.7,4,3.2,No,21.1
NS008894,STF0092,FAC001,DEP005,2021-05-16,Morning,8.0,6.7,0.5,1,0.7,No,5.5
NS006499,STF0255,FAC004,DEP006,2021-02-28,Night,8.0,7.6,1.1,2,1.5,No,11.3
NS009518,STF0362,FAC005,DEP007,2021-09-04,Evening,8.0,8.0,2.3,3,2.5,No,18.9
NS001278,STF0201,FAC003,DEP008,2023-04-03,Morning,8.0,8.8,0.6,7,5.4,No,29.8
NS002472,STF0414,FAC003,DEP008,2022-03-28,Evening,8.0,6.9,1.0,3,2.7,No,15.0
NS003939,STF0290,FAC005,DEP001,2023-04-08,Morning,8.0,8.8,0.2,7,6.3,No,28.6
NS000102,STF0440,FAC001,DEP003,2025-08-22,Evening,8.0,7.4,0.8,11,8.7,No,46.4
NS006900,STF0414,FAC003,DEP008,2023-11-23,Morning,8.0,7.9,0.5,4,3.9,No,17.5
NS000725,STF0458,FAC005,DEP008,2022-11-16,Morning,8.0,6.9,1.0,4,3.7,No,19.0
NS004817,STF0119,FAC002,DEP002,2023-01-13,Evening,8.0,8.0,0.0,7,5.1,No,28.0
NS002378,STF0326,FAC005,DEP007,2021-11-08,Morning,8.0,8.6,1.0,2,1.8,No,11.0
NS000813,STF0060,FAC001,DEP002,2021-04-09,Night,8.0,6.7,1.2,6,4.1,No,27.6
NS000305,STF0388,FAC001,DEP008,2023-04-13,Evening,8.0,9.1,0.9,6,4.3,No,26.7
NS008938,STF0147,FAC002,DEP006,2025-10-29,Evening,8.0,7.8,1.6,7,5.3,No,32.8
NS005404,STF0298,FAC005,DEP003,2022-04-09,Morning,8.0,7.3,1.2,3,2.1,No,15.6
NS004641,STF0085,FAC001,DEP004,2022-09-02,Evening,8.0,7.9,1.4,6,6.0,No,28.2
NS008698,STF0340,FAC005,DEP008,2021-04-23,Morning,8.0,8.2,1.3,4,3.8,No,19.9
NS006366,STF0163,FAC003,DEP001,2021-04-27,Morning,8.0,8.6,1.4,5,3.8,No,24.2
NS000100,STF0163,FAC003,DEP001,2021-10-05,Evening,8.0,7.6,0.3,4,3.1,No,16.9
NS005100,STF0340,FAC005,DEP008,2021-11-08,Night,8.0,7.6,1.5,6,4.2,No,28.5
NS000851,STF0156,FAC002,DEP007,2021-12-20,Night,8.0,7.5,1.3,5,4.5,No,23.9
NS005703,STF0316,FAC005,DEP006,2026-02-18,Evening,8.0,8.1,0.7,9,6.9,No,38.1
NS000386,STF0165,FAC003,DEP001,2025-05-20,Morning,8.0,8.3,1.4,6,4.2,No,28.2
NS004786,STF0091,FAC001,DEP005,2025-07-24,Night,8.0,7.9,0.8,6,5.0,No,26.4
NS004044,STF0487,FAC005,DEP006,2023-05-29,Morning,8.0,9.0,1.3,5,4.7,No,23.9
NS009781,STF0329,FAC005,DEP007,2024-03-15,Night,8.0,9.1,0.8,7,6.2,No,30.4
NS007884,STF0491,FAC004,DEP004,2026-03-11,Morning,8.0,7.9,0.1,4,2.7,No,16.3
NS010787,STF0316,FAC005,DEP006,2025-12-18,Evening,8.0,7.8,0.7,7,5.8,No,30.1
NS009902,STF0159,FAC002,DEP007,2021-01-10,Evening,8.0,0.0,0.0,0,0.0,Yes,0.0
NS008254,STF0369,FAC005,DEP007,2025-05-22,Morning,8.0,8.1,0.2,8,6.9,No,32.6
NS006413,STF0301,FAC005,DEP005,2024-10-23,Evening,8.0,7.7,0.0,5,3.9,No,20.0
NS008302,STF0462,FAC001,DEP002,2022-03-23,Morning,8.0,8.4,0.1,5,3.5,No,20.3
NS005386,STF0279,FAC005,DEP001,2023-11-30,Night,8.0,7.7,0.4,4,2.7,No,17.2
NS010718,STF0059,FAC001,DEP002,2026-01-10,Evening,8.0,8.4,1.7,7,6.2,No,33.1
NS010332,STF0115,FAC002,DEP001,2025-04-21,Morning,8.0,8.1,1.0,5,3.4,No,23.0
NS008721,STF0074,FAC001,DEP003,2022-02-01,Evening,8.0,8.6,0.3,2,1.7,No,8.9
NS010939,STF0373,FAC004,DEP001,2025-02-13,Morning,8.0,8.6,1.7,4,4.0,No,21.1
NS010445,STF0332,FAC005,DEP007,2025-05-07,Morning,8.0,8.1,0.0,8,6.1,No,32.0
NS002733,STF0079,FAC001,DEP004,2021-06-10,Morning,8.0,7.7,0.8,6,4.4,No,26.4
NS009446,STF0094,FAC001,DEP005,2024-02-04,Morning,8.0,7.4,1.3,1,0.8,No,7.9
NS009599,STF0115,FAC002,DEP001,2024-03-17,Night,8.0,0.0,0.0,0,0.0,Yes,0.0
NS000462,STF0289,FAC005,DEP001,2025-01-13,Evening,8.0,7.4,0.0,7,5.7,No,28.0
NS010568,STF0201,FAC003,DEP008,2026-03-24,Evening,8.0,7.7,1.5,9,8.6,No,40.5
NS000120,STF0433,FAC001,DEP005,2026-03-05,Evening,8.0,8.0,1.1,9,8.7,No,39.3
NS001571,STF0367,FAC005,DEP001,2024-09-24,Evening,8.0,7.6,1.0,3,2.2,No,15.0
NS007736,STF0162,FAC003,DEP001,2023-07-19,Night,8.0,8.0,0.0,9,6.4,No,36.0
NS008619,STF0059,FAC001,DEP002,2023-04-04,Morning,8.0,7.3,2.0,4,2.9,No,22.0
NS000358,STF0362,FAC005,DEP007,2025-08-14,Night,8.0,8.9,1.7,8,5.7,No,37.1
NS004309,STF0400,FAC002,DEP005,2022-02-18,Evening,8.0,7.9,1.0,3,2.7,No,15.0
NS003910,STF0200,FAC003,DEP008,2024-11-03,Morning,8.0,9.4,0.3,4,2.9,No,16.9
NS002047,STF0093,FAC001,DEP005,2026-01-02,Evening,8.0,8.9,1.2,3,3.0,No,15.6
NS005366,STF0304,FAC005,DEP005,2026-04-23,Morning,8.0,8.3,0.0,8,7.2,No,32.0
NS002151,STF0274,FAC004,DEP007,2025-05-17,Evening,8.0,8.2,1.2,4,3.1,No,19.6
NS008123,STF0044,FAC001,DEP001,2026-11-21,Morning,8.0,7.6,0.0,4,3.1,No,16.0
NS004049,STF0328,FAC005,DEP007,2022-07-01,Evening,8.0,8.1,1.7,8,5.5,No,37.1
NS001982,STF0211,FAC004,DEP001,2021-09-09,Night,8.0,7.3,1.1,2,1.7,No,11.3
NS001403,STF0310,FAC005,DEP005,2024-03-05,Morning,8.0,7.8,1.5,7,5.8,No,32.5
NS010592,STF0131,FAC002,DEP005,2022-06-20,Evening,8.0,8.3,1.9,3,3.0,No,17.7
NS005584,STF0143,FAC002,DEP006,2023-01-11,Evening,8.0,8.3,0.3,6,5.1,No,24.9
NS000397,STF0476,FAC002,DEP007,2023-11-10,Evening,8.0,7.8,0.3,4,3.5,No,16.9
NS001040,STF0121,FAC002,DEP002,2023-07-13,Morning,8.0,7.4,0.8,5,3.6,No,22.4
NS010610,STF0114,FAC002,DEP001,2026-12-28,Evening,8.0,8.1,1.7,10,8.5,No,45.1
NS001587,STF0061,FAC001,DEP002,2025-08-07,Evening,8.0,9.3,1.8,9,6.1,No,41.4
NS003692,STF0145,FAC002,DEP006,2023-08-21,Evening,8.0,7.8,0.2,8,6.8,No,32.6
NS005426,STF0229,FAC004,DEP004,2024-02-10,Morning,8.0,7.9,0.7,6,4.7,No,26.1
NS000380,STF0201,FAC003,DEP008,2021-05-10,Morning,8.0,8.3,0.0,4,3.6,No,16.0
NS007803,STF0091,FAC001,DEP005,2025-09-28,Morning,8.0,7.3,0.4,3,2.1,No,13.2
NS002143,STF0049,FAC001,DEP002,2023-12-30,Night,8.0,7.9,0.4,1,0.9,No,5.2
NS004129,STF0385,FAC002,DEP005,2022-12-28,Night,8.0,7.6,1.3,5,5.0,No,23.9
NS002460,STF0304,FAC005,DEP005,2024-12-05,Morning,8.0,7.8,0.2,5,4.0,No,20.6
NS011279,STF0145,FAC002,DEP006,2022-07-12,Evening,8.0,7.1,1.5,7,5.4,No,32.5
NS001054,STF0396,FAC004,DEP004,2022-10-29,Night,8.0,8.1,0.7,3,2.2,No,14.1
NS001787,STF0204,FAC003,DEP008,2026-12-21,Night,8.0,7.4,1.6,8,6.5,No,36.8
NS008205,STF0340,FAC005,DEP008,2023-04-14,Evening,8.0,8.8,0.8,1,0.8,No,6.4
NS004843,STF0487,FAC005,DEP006,2022-09-17,Morning,8.0,8.0,0.0,6,4.5,No,24.0
NS010320,STF0306,FAC005,DEP005,2021-10-01,Morning,8.0,9.0,0.5,6,4.1,No,25.5
NS010288,STF0478,FAC005,DEP008,2025-06-25,Morning,8.0,9.1,1.1,6,5.1,No,27.3
NS002246,STF0316,FAC005,DEP006,2023-08-09,Night,8.0,8.6,1.0,5,4.3,No,23.0
NS008608,STF0085,FAC001,DEP004,2024-06-11,Night,8.0,8.0,1.0,3,2.1,No,15.0
NS007283,STF0494,FAC001,DEP002,2024-07-01,Night,8.0,0.0,0.0,0,0.0,Yes,0.0
NS007842,STF0102,FAC001,DEP008,2024-01-09,Evening,8.0,8.5,2.3,6,5.4,No,30.9
NS003820,STF0282,FAC005,DEP001,2024-01-27,Morning,8.0,8.5,0.4,2,1.4,No,9.2
NS003379,STF0089,FAC001,DEP005,2024-12-26,Evening,8.0,8.6,1.8,8,5.6,No,37.4
NS003922,STF0330,FAC005,DEP007,2026-01-16,Evening,8.0,8.3,0.7,8,6.4,No,34.1
NS009605,STF0144,FAC002,DEP006,2026-08-28,Night,8.0,7.8,0.5,8,5.6,No,33.5
NS002964,STF0115,FAC002,DEP001,2026-07-30,Night,8.0,8.0,1.6,9,8.0,No,40.8
NS009864,STF0159,FAC002,DEP007,2021-03-09,Morning,8.0,8.9,1.2,7,4.9,No,31.6
NS007621,STF0247,FAC004,DEP005,2025-02-17,Morning,8.0,6.9,1.2,6,6.0,No,27.6
NS001497,STF0067,FAC001,DEP003,2025-04-16,Evening,8.0,0.0,0.0,0,0.0,Yes,0.0
NS007467,STF0466,FAC001,DEP004,2026-08-19,Morning,8.0,8.6,0.0,11,7.5,No,44.0
NS005764,STF0367,FAC005,DEP001,2022-04-20,Evening,8.0,6.5,0.2,10,9.7,No,40.6
NS003703,STF0310,FAC005,DEP005,2026-10-19,Morning,8.0,7.8,1.1,6,5.3,No,27.3
NS003895,STF0145,FAC002,DEP006,2025-08-18,Evening,8.0,8.4,0.7,10,7.4,No,42.1
NS009319,STF0178,FAC003,DEP003,2024-08-07,Morning,8.0,8.9,2.1,6,4.8,No,30.3
NS006467,STF0083,FAC001,DEP004,2025-04-20,Night,8.0,7.7,0.2,1,0.7,No,4.6
NS003661,STF0330,FAC005,DEP007,2024-01-23,Morning,8.0,8.3,1.3,10,7.2,No,43.9
NS002086,STF0454,FAC004,DEP006,2026-02-02,Evening,8.0,7.1,1.8,6,4.5,No,29.4
NS009819,STF0162,FAC003,DEP001,2026-07-17,Morning,8.0,7.9,1.7,9,8.8,No,41.1
NS004254,STF0493,FAC004,DEP002,2026-03-14,Night,8.0,8.9,0.2,8,5.8,No,32.6
NS002352,STF0208,FAC004,DEP001,2022-11-24,Morning,8.0,8.4,0.0,5,3.7,No,20.0
NS004376,STF0151,FAC002,DEP007,2023-03-06,Morning,8.0,8.1,1.5,3,2.3,No,16.5
NS000555,STF0332,FAC005,DEP007,2022-06-27,Morning,8.0,8.6,1.0,4,3.5,No,19.0
NS007086,STF0126,FAC002,DEP002,2024-07-04,Morning,8.0,7.9,0.7,9,6.2,No,38.1
NS007458,STF0271,FAC004,DEP007,2021-04-17,Evening,8.0,7.0,0.0,1,0.8,No,4.0
NS009573,STF0219,FAC004,DEP002,2025-01-22,Evening,8.0,8.3,2.5,12,9.4,No,55.5
NS005021,STF0206,FAC003,DEP008,2025-03-21,Morning,8.0,8.0,1.3,8,7.2,No,35.9
NS000669,STF0289,FAC005,DEP001,2022-02-13,Evening,8.0,7.7,0.3,1,0.9,No,4.9
NS003743,STF0124,FAC002,DEP002,2021-07-19,Morning,8.0,7.7,0.8,6,5.0,No,26.4
NS000048,STF0445,FAC002,DEP007,2022-12-31,Evening,8.0,7.6,0.0,6,4.9,No,24.0
NS010061,STF0454,FAC004,DEP006,2024-01-11,Evening,8.0,8.6,0.6,6,4.0,No,25.8
NS010040,STF0244,FAC004,DEP005,2024-01-18,Morning,8.0,7.1,1.3,5,3.4,No,23.9
NS006840,STF0200,FAC003,DEP008,2023-12-27,Evening,8.0,7.6,1.6,5,3.6,No,24.8
NS011951,STF0435,FAC005,DEP005,2024-11-06,Morning,8.0,8.0,1.0,9,6.1,No,39.0
NS001179,STF0458,FAC005,DEP008,2021-08-17,Morning,8.0,7.5,0.8,5,4.5,No,22.4
NS007602,STF0115,FAC002,DEP001,2026-10-23,Morning,8.0,7.3,1.2,7,6.2,No,31.6
NS010962,STF0493,FAC004,DEP002,2026-04-28,Night,8.0,7.7,0.2,9,6.6,No,36.6
NS002992,STF0478,FAC005,DEP008,2021-08-21,Morning,8.0,7.8,0.6,3,2.9,No,13.8
NS001784,STF0362,FAC005,DEP007,2022-09-14,Night,8.0,7.5,0.4,2,1.4,No,9.2
NS004873,STF0282,FAC005,DEP001,2023-07-22,Morning,8.0,7.9,0.0,2,1.4,No,8.0
NS005848,STF0301,FAC005,DEP005,2026-08-06,Morning,8.0,8.9,1.7,9,7.5,No,41.1
NS002219,STF0303,FAC005,DEP005,2024-05-16,Night,8.0,7.2,0.1,10,6.9,No,40.3
NS010448,STF0131,FAC002,DEP005,2026-02-12,Evening,8.0,7.9,0.2,9,8.5,No,36.6
NS003915,STF0242,FAC004,DEP005,2025-05-03,Evening,8.0,8.0,0.0,7,6.4,No,28.0
NS003223,STF0147,FAC002,DEP006,2023-04-25,Morning,8.0,7.9,0.4,6,5.5,No,25.2
NS005139,STF0279,FAC005,DEP001,2022-12-02,Morning,8.0,7.7,2.0,10,7.0,No,46.0
NS005101,STF0200,FAC003,DEP008,2023-01-14,Evening,8.0,7.8,0.9,2,1.8,No,10.7
NS004421,STF0127,FAC002,DEP002,2026-06-04,Evening,8.0,7.1,1.2,11,7.4,No,47.6
NS004314,STF0201,FAC003,DEP008,2026-10-26,Night,8.0,9.2,1.1,8,6.9,No,35.3
NS003004,STF0059,FAC001,DEP002,2024-10-07,Morning,8.0,8.7,1.1,8,5.5,No,35.3
NS006683,STF0081,FAC001,DEP004,2026-05-14,Morning,8.0,7.5,1.0,7,6.0,No,31.0
NS000246,STF0289,FAC005,DEP001,2022-12-30,Morning,8.0,0.0,0.0,0,0.0,Yes,0.0
NS009363,STF0149,FAC002,DEP006,2022-10-03,Morning,8.0,8.0,0.6,8,5.6,No,33.8
NS003530,STF0219,FAC004,DEP002,2024-02-21,Morning,8.0,6.7,0.5,4,3.0,No,17.5
NS009534,STF0147,FAC002,DEP006,2021-08-12,Night,8.0,6.6,0.5,3,2.5,No,13.5
NS008142,STF0488,FAC001,DEP008,2022-08-18,Morning,8.0,8.3,1.7,6,4.8,No,29.1
NS009859,STF0284,FAC005,DEP001,2023-08-30,Night,8.0,7.2,1.2,8,5.3,No,35.6
NS007690,STF0232,FAC004,DEP004,2026-07-18,Evening,8.0,7.8,0.2,5,4.2,No,20.6
NS010865,STF0105,FAC001,DEP008,2023-10-23,Evening,8.0,8.7,1.7,5,4.0,No,25.1
NS002040,STF0145,FAC002,DEP006,2022-06-13,Morning,8.0,8.9,0.0,3,2.2,No,12.0
NS001023,STF0151,FAC002,DEP007,2026-06-28,Night,8.0,8.6,0.0,4,3.9,No,16.0
NS002689,STF0165,FAC003,DEP001,2026-05-12,Morning,8.0,8.7,1.8,9,7.9,No,41.4
NS008135,STF0214,FAC004,DEP001,2026-06-13,Night,8.0,7.7,0.0,7,5.2,No,28.0
NS011627,STF0477,FAC003,DEP001,2023-09-23,Morning,8.0,7.6,0.0,1,0.8,No,4.0
NS008117,STF0391,FAC005,DEP007,2025-10-17,Evening,8.0,8.3,0.7,9,8.5,No,38.1
NS010260,STF0114,FAC002,DEP001,2022-12-01,Evening,8.0,7.3,0.5,5,4.4,No,21.5
NS004694,STF0369,FAC005,DEP007,2022-12-08,Evening,8.0,7.7,0.9,6,4.7,No,26.7
NS002373,STF0332,FAC005,DEP007,2022-01-26,Evening,8.0,7.1,0.0,2,1.5,No,8.0
NS005839,STF0379,FAC001,DEP005,2023-04-03,Evening,8.0,8.3,1.4,6,4.4,No,28.2
NS010697,STF0304,FAC005,DEP005,2022-05-04,Morning,8.0,7.4,1.0,8,7.0,No,35.0
NS004868,STF0204,FAC003,DEP008,2025-08-12,Morning,8.0,9.1,0.0,12,9.4,No,48.0
NS011702,STF0340,FAC005,DEP008,2021-10-24,Evening,8.0,8.4,0.3,1,0.8,No,4.9
NS001693,STF0307,FAC005,DEP005,2021-03-30,Night,8.0,8.8,0.9,8,6.6,No,34.7
NS011595,STF0289,FAC005,DEP001,2026-04-09,Morning,8.0,6.8,0.0,4,3.2,No,16.0
NS010308,STF0400,FAC002,DEP005,2021-02-16,Morning,8.0,7.6,0.8,5,3.6,No,22.4
NS001492,STF0272,FAC004,DEP007,2022-05-12,Night,8.0,6.5,0.1,9,8.4,No,36.3
NS003786,STF0274,FAC004,DEP007,2024-07-10,Evening,8.0,7.3,0.6,9,6.1,No,37.8
NS003653,STF0244,FAC004,DEP005,2023-06-22,Evening,8.0,8.1,1.4,4,2.8,No,20.2
NS003672,STF0293,FAC005,DEP003,2022-03-22,Morning,8.0,8.1,2.0,6,5.5,No,30.0
NS010935,STF0205,FAC003,DEP008,2022-10-17,Morning,8.0,6.6,0.1,7,6.3,No,28.3
NS008566,STF0487,FAC005,DEP006,2025-10-01,Morning,8.0,8.9,2.4,5,4.5,No,27.2
NS008573,STF0116,FAC002,DEP001,2026-10-09,Morning,8.0,8.6,0.8,8,5.7,No,34.4
NS010615,STF0119,FAC002,DEP002,2026-06-21,Night,8.0,8.5,1.3,4,2.8,No,19.9
NS005266,STF0428,FAC001,DEP001,2026-01-26,Night,8.0,7.5,0.2,4,3.4,No,16.6
NS003449,STF0214,FAC004,DEP001,2026-06-17,Morning,8.0,8.5,0.1,9,6.2,No,36.3
NS003680,STF0162,FAC003,DEP001,2025-07-06,Night,8.0,0.0,0.0,0,0.0,Yes,0.0
NS006190,STF0313,FAC005,DEP006,2021-01-25,Night,8.0,7.6,0.3,8,6.1,No,32.9
NS007445,STF0229,FAC004,DEP004,2023-10-26,Morning,8.0,7.7,1.4,4,2.8,No,20.2
NS006878,STF0493,FAC004,DEP002,2023-07-06,Evening,8.0,7.6,1.2,9,7.6,No,39.6
NS004468,STF0284,FAC005,DEP001,2021-08-18,Evening,8.0,7.5,1.8,8,5.6,No,37.4
NS004098,STF0201,FAC003,DEP008,2022-04-07,Night,8.0,7.4,0.3,8,5.6,No,32.9
NS007338,STF0478,FAC005,DEP008,2022-06-06,Night,8.0,8.2,0.6,3,2.9,No,13.8
NS004157,STF0231,FAC004,DEP004,2026-03-24,Evening,8.0,7.3,2.0,7,5.2,No,34.0
NS007135,STF0070,FAC001,DEP003,2024-10-28,Evening,8.0,8.7,1.5,8,7.4,No,36.5
NS005212,STF0247,FAC004,DEP005,2026-07-26,Evening,8.0,0.0,0.0,0,0.0,Yes,0.0
NS004681,STF0301,FAC005,DEP005,2021-07-13,Morning,8.0,7.5,1.9,6,4.2,No,29.7
NS002630,STF0272,FAC004,DEP007,2023-02-26,Morning,8.0,8.0,0.4,1,0.9,No,5.2
NS006364,STF0115,FAC002,DEP001,2023-03-25,Evening,8.0,7.1,1.6,9,8.3,No,40.8
NS002532,STF0373,FAC004,DEP001,2026-07-21,Evening,8.0,7.5,1.4,5,3.9,No,24.2
NS001513,STF0447,FAC002,DEP001,2022-10-03,Morning,8.0,8.3,0.3,5,4.0,No,20.9
NS004005,STF0089,FAC001,DEP005,2021-11-12,Morning,8.0,7.5,1.5,4,3.1,No,20.5
NS004465,STF0164,FAC003,DEP001,2022-12-27,Evening,8.0,8.3,0.6,6,4.6,No,25.8
NS001011,STF0200,FAC003,DEP008,2025-07-28,Morning,8.0,6.7,1.5,5,3.5,No,24.5
NS006508,STF0399,FAC004,DEP006,2023-09-08,Morning,8.0,7.8,0.7,10,8.3,No,42.1
NS011106,STF0478,FAC005,DEP008,2024-09-09,Morning,8.0,8.7,1.7,6,4.8,No,29.1
NS002423,STF0330,FAC005,DEP007,2021-05-20,Evening,8.0,8.2,0.8,4,2.7,No,18.4
NS002055,STF0272,FAC004,DEP007,2021-10-28,Morning,8.0,8.0,0.0,6,4.7,No,24.0
NS010307,STF0329,FAC005,DEP007,2024-10-10,Night,8.0,6.6,0.0,6,4.5,No,24.0
NS007638,STF0268,FAC004,DEP007,2024-10-21,Night,8.0,7.4,0.0,7,5.3,No,28.0
NS006128,STF0212,FAC004,DEP001,2025-01-11,Morning,8.0,7.6,0.8,4,3.4,No,18.4
NS005573,STF0243,FAC004,DEP005,2022-01-17,Night,8.0,8.2,0.5,11,8.5,No,45.5
NS000909,STF0380,FAC004,DEP002,2024-11-17,Night,8.0,8.8,1.2,4,3.1,No,19.6
NS011098,STF0107,FAC001,DEP008,2025-09-24,Morning,8.0,8.1,1.0,8,7.6,No,35.0
NS007699,STF0153,FAC002,DEP007,2024-12-12,Morning,8.0,7.6,0.7,6,5.3,No,26.1
NS008080,STF0243,FAC004,DEP005,2021-12-09,Night,8.0,0.0,0.0,0,0.0,Yes,0.0
NS008983,STF0328,FAC005,DEP007,2022-05-23,Evening,8.0,7.6,0.8,6,4.4,No,26.4
NS006312,STF0183,FAC003,DEP005,2024-10-25,Evening,8.0,0.0,0.0,0,0.0,Yes,0.0
NS000215,STF0059,FAC001,DEP002,2026-03-19,Morning,8.0,7.5,1.5,8,7.8,No,36.5
NS002987,STF0316,FAC005,DEP006,2021-08-17,Night,8.0,7.4,1.0,2,1.6,No,11.0
NS009100,STF0074,FAC001,DEP003,2021-04-21,Evening,8.0,8.6,0.5,5,4.3,No,21.5
NS003116,STF0049,FAC001,DEP002,2021-01-29,Morning,8.0,8.1,1.2,8,7.5,No,35.6
NS007262,STF0411,FAC005,DEP007,2023-07-07,Morning,8.0,8.5,0.3,10,8.4,No,40.9
NS011102,STF0471,FAC004,DEP006,2023-09-06,Evening,8.0,8.5,0.3,6,5.2,No,24.9
NS006189,STF0362,FAC005,DEP007,2025-07-11,Morning,8.0,8.2,0.8,9,6.8,No,38.4
NS010549,STF0159,FAC002,DEP007,2022-09-06,Night,8.0,7.6,0.2,5,3.6,No,20.6
NS006456,STF0274,FAC004,DEP007,2021-01-11,Morning,8.0,7.3,1.2,5,3.4,No,23.6
NS000015,STF0085,FAC001,DEP004,2022-12-09,Morning,8.0,8.1,1.4,5,3.5,No,24.2
NS002803,STF0214,FAC004,DEP001,2022-04-05,Morning,8.0,8.3,0.4,2,1.7,No,9.2
NS011515,STF0162,FAC003,DEP001,2023-09-12,Morning,8.0,8.2,0.9,7,4.8,No,30.7
NS001702,STF0289,FAC005,DEP001,2022-01-22,Evening,8.0,7.5,0.5,2,1.7,No,9.5
NS002702,STF0252,FAC004,DEP006,2026-03-04,Morning,8.0,7.6,0.8,10,7.7,No,42.4
NS001321,STF0340,FAC005,DEP008,2023-03-30,Morning,8.0,8.4,0.5,3,2.4,No,13.5
NS010081,STF0469,FAC001,DEP002,2023-07-10,Morning,8.0,8.7,0.4,10,7.5,No,41.2
NS010141,STF0301,FAC005,DEP005,2025-11-15,Evening,8.0,8.9,0.0,2,1.9,No,8.0
NS008063,STF0155,FAC002,DEP007,2022-11-21,Morning,8.0,7.3,0.7,9,7.9,No,38.1
NS005029,STF0092,FAC001,DEP005,2021-11-04,Morning,8.0,8.5,0.8,3,2.1,No,14.4
NS000519,STF0085,FAC001,DEP004,2022-11-02,Morning,8.0,8.1,0.8,4,3.8,No,18.4
NS010444,STF0379,FAC001,DEP005,2026-03-25,Evening,8.0,6.9,1.1,11,10.3,No,47.3
NS003541,STF0092,FAC001,DEP005,2026-10-10,Night,8.0,8.5,0.1,6,4.4,No,24.3
NS011942,STF0172,FAC003,DEP003,2024-03-30,Night,8.0,7.6,0.4,1,0.8,No,5.2
NS011836,STF0089,FAC001,DEP005,2021-09-02,Morning,8.0,8.6,1.0,1,0.7,No,7.0
NS010459,STF0127,FAC002,DEP002,2022-06-11,Night,8.0,7.8,0.0,4,3.1,No,16.0
NS004411,STF0282,FAC005,DEP001,2022-02-10,Night,8.0,7.6,0.5,2,1.6,No,9.5
NS005701,STF0164,FAC003,DEP001,2023-04-21,Night,8.0,7.9,0.8,9,6.7,No,38.4
NS002381,STF0293,FAC005,DEP003,2023-09-13,Evening,8.0,8.2,1.9,5,3.7,No,25.7
NS002103,STF0396,FAC004,DEP004,2021-04-29,Night,8.0,0.0,0.0,0,0.0,Yes,0.0
NS006831,STF0107,FAC001,DEP008,2026-04-25,Morning,8.0,7.6,0.0,6,5.9,No,24.0
NS006907,STF0241,FAC004,DEP005,2026-03-07,Morning,8.0,7.9,0.5,7,6.2,No,29.5
NS007846,STF0307,FAC005,DEP005,2021-09-15,Morning,8.0,8.2,0.5,5,5.0,No,21.5
NS010096,STF0138,FAC002,DEP005,2026-06-16,Night,8.0,7.2,1.2,10,9.5,No,43.6
NS010821,STF0289,FAC005,DEP001,2026-05-05,Morning,8.0,8.4,1.0,6,4.3,No,27.0
NS001644,STF0454,FAC004,DEP006,2023-06-07,Morning,8.0,7.8,0.5,8,7.5,No,33.5
NS000032,STF0476,FAC002,DEP007,2026-10-07,Morning,8.0,8.4,2.4,7,4.9,No,35.2
NS002228,STF0152,FAC002,DEP007,2021-12-26,Evening,8.0,7.6,0.2,3,2.9,No,12.6
NS009292,STF0247,FAC004,DEP005,2022-12-10,Morning,8.0,8.5,0.3,4,3.6,No,16.9
NS010505,STF0454,FAC004,DEP006,2023-12-08,Morning,8.0,7.9,1.6,11,9.9,No,48.8
NS007172,STF0227,FAC004,DEP002,2022-12-28,Night,8.0,7.2,0.0,12,10.8,No,48.0
NS001792,STF0170,FAC003,DEP001,2026-07-07,Morning,8.0,6.8,0.2,10,8.6,No,40.6
NS005399,STF0199,FAC003,DEP008,2023-10-20,Night,8.0,7.5,1.2,5,4.1,No,23.6
NS007173,STF0081,FAC001,DEP004,2022-10-28,Morning,8.0,7.2,1.0,8,5.9,No,35.0
NS000674,STF0385,FAC002,DEP005,2022-02-05,Evening,8.0,8.3,0.8,3,2.7,No,14.4
NS000051,STF0478,FAC005,DEP008,2024-08-24,Night,8.0,7.4,0.9,8,6.4,No,34.7
NS000484,STF0411,FAC005,DEP007,2025-04-18,Evening,8.0,7.7,0.3,11,7.5,No,44.9
NS001924,STF0121,FAC002,DEP002,2024-08-16,Evening,8.0,7.8,1.3,10,8.2,No,43.9
NS011780,STF0172,FAC003,DEP003,2024-12-20,Night,8.0,7.7,1.5,6,5.5,No,28.5
NS009222,STF0114,FAC002,DEP001,2026-10-22,Evening,8.0,7.2,0.3,9,6.7,No,36.9
NS010516,STF0400,FAC002,DEP005,2026-03-23,Morning,8.0,7.9,2.1,6,4.7,No,30.3
NS000928,STF0447,FAC002,DEP001,2026-04-24,Night,8.0,6.8,0.5,4,3.8,No,17.5
NS005532,STF0293,FAC005,DEP003,2022-02-19,Morning,8.0,8.4,0.4,5,4.4,No,21.2
NS004920,STF0462,FAC001,DEP002,2023-01-23,Morning,8.0,8.6,1.5,5,4.5,No,24.5
NS008499,STF0155,FAC002,DEP007,2021-08-16,Night,8.0,7.5,0.2,6,5.3,No,24.6
NS001951,STF0127,FAC002,DEP002,2024-11-22,Night,8.0,8.3,1.5,7,5.2,No,32.5
NS008076,STF0164,FAC003,DEP001,2026-02-17,Morning,8.0,7.8,0.9,4,2.8,No,18.7
NS002168,STF0091,FAC001,DEP005,2023-12-04,Evening,8.0,0.0,0.0,0,0.0,Yes,0.0
NS007069,STF0306,FAC005,DEP005,2023-07-20,Night,8.0,9.0,1.0,8,6.9,No,35.0
NS004925,STF0487,FAC005,DEP006,2021-01-18,Morning,8.0,7.8,0.0,9,7.6,No,36.0
NS008385,STF0445,FAC002,DEP007,2023-02-09,Night,8.0,7.4,0.5,6,4.1,No,25.5
NS003035,STF0447,FAC002,DEP001,2024-12-31,Evening,8.0,7.8,1.8,6,5.8,No,29.4
NS011914,STF0391,FAC005,DEP007,2021-06-21,Evening,8.0,7.8,0.1,1,0.8,No,4.3
NS007061,STF0127,FAC002,DEP002,2024-09-16,Morning,8.0,8.7,0.0,5,4.8,No,20.0
NS009339,STF0365,FAC004,DEP006,2023-02-22,Morning,8.0,7.7,0.8,5,4.9,No,22.4
NS007906,STF0418,FAC004,DEP005,2023-02-01,Night,8.0,8.4,0.5,10,7.4,No,41.5
NS004607,STF0184,FAC003,DEP005,2024-10-24,Night,8.0,7.8,1.6,9,8.0,No,40.8
NS002349,STF0143,FAC002,DEP006,2025-12-11,Morning,8.0,7.2,0.3,7,5.8,No,28.9
NS001348,STF0200,FAC003,DEP008,2024-09-10,Morning,8.0,8.1,1.7,7,4.8,No,33.1
NS002767,STF0454,FAC004,DEP006,2021-11-06,Evening,8.0,9.1,0.6,3,2.1,No,13.8
NS004041,STF0282,FAC005,DEP001,2021-01-28,Morning,8.0,8.2,1.3,7,4.9,No,31.9
NS002237,STF0298,FAC005,DEP003,2021-05-14,Morning,8.0,7.2,0.0,6,4.3,No,24.0
NS005717,STF0316,FAC005,DEP006,2021-09-22,Night,8.0,7.6,0.9,2,1.7,No,10.7
NS010119,STF0433,FAC001,DEP005,2025-01-28,Morning,8.0,0.0,0.0,0,0.0,Yes,0.0
NS007404,STF0500,FAC002,DEP005,2022-08-10,Night,8.0,6.9,1.5,7,5.2,No,32.5
NS007986,STF0300,FAC005,DEP005,2023-09-21,Evening,8.0,8.2,0.5,7,5.1,No,29.5
NS011227,STF0067,FAC001,DEP003,2021-09-02,Evening,8.0,7.7,0.9,4,2.8,No,18.7
NS001431,STF0115,FAC002,DEP001,2024-02-14,Evening,8.0,8.5,0.4,7,5.3,No,29.2
NS001276,STF0282,FAC005,DEP001,2025-05-24,Night,8.0,8.0,1.0,5,3.8,No,23.0
NS007756,STF0206,FAC003,DEP008,2023-10-06,Morning,8.0,6.8,0.1,6,5.8,No,24.3
NS010182,STF0424,FAC001,DEP001,2026-02-20,Morning,8.0,7.4,0.9,8,6.3,No,34.7
NS006516,STF0124,FAC002,DEP002,2025-12-15,Morning,8.0,0.0,0.0,0,0.0,Yes,0.0
NS003155,STF0219,FAC004,DEP002,2022-08-19,Night,8.0,0.0,0.0,0,0.0,Yes,0.0
NS003370,STF0447,FAC002,DEP001,2022-10-03,Morning,8.0,8.8,0.0,7,6.0,No,28.0
NS010903,STF0418,FAC004,DEP005,2021-10-11,Morning,8.0,8.0,1.2,7,5.7,No,31.6
NS005636,STF0060,FAC001,DEP002,2023-08-23,Morning,8.0,8.6,1.2,7,4.9,No,31.6
NS004709,STF0362,FAC005,DEP007,2026-04-22,Morning,8.0,8.3,2.0,4,2.7,No,22.0
NS004839,STF0215,FAC004,DEP001,2026-01-20,Morning,8.0,8.2,1.9,3,2.5,No,17.7
NS003049,STF0107,FAC001,DEP008,2023-06-29,Evening,8.0,7.8,0.0,7,5.7,No,28.0
NS007811,STF0145,FAC002,DEP006,2024-01-11,Night,8.0,8.7,1.9,7,6.9,No,33.7
NS011176,STF0060,FAC001,DEP002,2026-12-21,Morning,8.0,7.3,0.7,7,5.1,No,30.1
NS009800,STF0290,FAC005,DEP001,2022-03-02,Morning,8.0,8.8,0.9,2,1.9,No,10.7
NS005581,STF0373,FAC004,DEP001,2023-02-26,Morning,8.0,9.0,0.9,5,4.5,No,22.7
NS007808,STF0380,FAC004,DEP002,2022-05-11,Evening,8.0,6.6,1.6,7,5.7,No,32.8
NS003289,STF0219,FAC004,DEP002,2025-08-23,Morning,8.0,7.3,0.9,1,0.7,No,6.7
NS002013,STF0241,FAC004,DEP005,2022-05-27,Night,8.0,7.9,0.0,10,8.1,No,40.0
NS007093,STF0164,FAC003,DEP001,2022-11-19,Morning,8.0,7.5,0.2,3,2.2,No,12.6
NS001454,STF0257,FAC004,DEP006,2023-11-18,Night,8.0,8.5,0.0,3,2.4,No,12.0
NS001079,STF0389,FAC004,DEP007,2022-09-20,Morning,8.0,8.1,1.0,5,4.8,No,23.0
NS006464,STF0289,FAC005,DEP001,2026-03-03,Night,8.0,7.6,0.0,6,4.4,No,24.0
NS010502,STF0308,FAC005,DEP005,2026-01-05,Morning,8.0,8.2,1.6,7,5.0,No,32.8
NS000435,STF0308,FAC005,DEP005,2025-10-03,Evening,8.0,6.7,1.8,7,5.3,No,33.4
NS007196,STF0411,FAC005,DEP007,2021-05-17,Night,8.0,7.5,0.0,5,4.4,No,20.0
NS000614,STF0499,FAC002,DEP007,2021-02-05,Evening,8.0,6.8,0.5,6,5.8,No,25.5
NS011926,STF0396,FAC004,DEP004,2022-03-04,Night,8.0,7.8,1.0,9,6.9,No,39.0
NS002994,STF0231,FAC004,DEP004,2021-02-04,Morning,8.0,8.0,0.9,3,2.9,No,14.7
NS011663,STF0433,FAC001,DEP005,2024-05-31,Morning,8.0,8.6,1.8,9,8.5,No,41.4
NS001112,STF0116,FAC002,DEP001,2026-11-17,Evening,8.0,8.3,1.8,8,6.3,No,37.4
NS007248,STF0388,FAC001,DEP008,2026-02-09,Morning,8.0,8.0,0.5,11,8.2,No,45.5
NS007710,STF0193,FAC003,DEP007,2024-01-24,Night,8.0,8.2,0.7,8,5.9,No,34.1
NS010791,STF0226,FAC004,DEP002,2025-12-18,Night,8.0,7.8,1.6,5,4.3,No,24.8
NS001283,STF0472,FAC003,DEP008,2026-05-02,Evening,8.0,8.1,1.1,5,3.8,No,23.3
NS002454,STF0362,FAC005,DEP007,2023-07-24,Morning,8.0,8.1,1.0,5,4.1,No,23.0
NS010513,STF0121,FAC002,DEP002,2023-02-01,Morning,8.0,8.0,0.3,8,7.9,No,32.9
NS007891,STF0365,FAC004,DEP006,2022-12-13,Night,8.0,7.9,1.8,5,3.5,No,25.4
NS011959,STF0102,FAC001,DEP008,2023-02-09,Night,8.0,8.8,0.0,8,6.1,No,32.0
NS006593,STF0448,FAC002,DEP007,2023-03-14,Night,8.0,8.3,0.7,8,7.7,No,34.1
NS008367,STF0199,FAC003,DEP008,2021-03-26,Evening,8.0,8.7,0.7,5,3.5,No,22.1
NS000915,STF0408,FAC004,DEP006,2026-01-21,Morning,8.0,7.6,0.3,11,10.6,No,44.9
NS005282,STF0227,FAC004,DEP002,2026-01-27,Evening,8.0,8.4,1.3,9,7.6,No,39.9
NS005837,STF0200,FAC003,DEP008,2022-07-28,Morning,8.0,7.8,0.7,6,4.3,No,26.1
NS009328,STF0462,FAC001,DEP002,2025-11-13,Morning,8.0,7.2,1.6,8,6.0,No,36.8
NS001198,STF0440,FAC001,DEP003,2025-01-30,Morning,8.0,8.0,1.0,6,4.1,No,27.0
NS006388,STF0434,FAC005,DEP001,2024-02-05,Morning,8.0,8.7,0.7,6,5.6,No,26.1
NS009567,STF0472,FAC003,DEP008,2023-04-20,Evening,8.0,7.6,1.6,6,4.7,No,28.8
NS007734,STF0055,FAC001,DEP002,2025-09-18,Evening,8.0,8.8,1.8,7,6.4,No,33.4
NS002877,STF0214,FAC004,DEP001,2026-06-18,Morning,8.0,10.0,1.7,7,6.9,No,33.1
NS008324,STF0189,FAC003,DEP007,2025-04-24,Evening,8.0,9.1,0.7,7,5.2,No,30.1
NS005909,STF0124,FAC002,DEP002,2023-12-23,Night,8.0,8.5,0.1,6,5.0,No,24.3
NS007999,STF0193,FAC003,DEP007,2025-04-04,Night,8.0,7.9,1.8,8,5.4,No,37.4
NS000108,STF0328,FAC005,DEP007,2025-08-29,Evening,8.0,8.4,0.5,8,8.0,No,33.5
NS003690,STF0145,FAC002,DEP006,2024-12-26,Evening,8.0,7.4,1.2,8,7.7,No,35.6
NS004608,STF0284,FAC005,DEP001,2024-05-23,Morning,8.0,8.8,0.0,9,7.5,No,36.0
NS009976,STF0476,FAC002,DEP007,2024-04-25,Evening,8.0,8.6,0.2,6,5.1,No,24.6
NS011335,STF0271,FAC004,DEP007,2025-01-24,Morning,8.0,9.1,2.3,7,5.4,No,34.9
NS008092,STF0428,FAC001,DEP001,2023-11-28,Morning,8.0,7.8,0.3,6,5.1,No,24.9
NS008217,STF0161,FAC002,DEP007,2024-07-31,Night,8.0,9.3,1.1,8,7.9,No,35.3
NS000968,STF0490,FAC001,DEP002,2023-10-16,Morning,8.0,6.9,1.5,6,4.8,No,28.5
NS006250,STF0380,FAC004,DEP002,2022-03-12,Evening,8.0,9.3,0.0,2,1.3,No,8.0
NS000218,STF0445,FAC002,DEP007,2024-06-05,Morning,8.0,10.0,1.4,5,3.5,No,24.2
NS002983,STF0156,FAC002,DEP007,2024-04-22,Morning,8.0,8.7,0.2,7,4.7,No,28.6
NS007444,STF0384,FAC005,DEP007,2025-11-17,Evening,8.0,8.7,1.2,3,2.6,No,15.6
NS005580,STF0293,FAC005,DEP003,2026-04-02,Morning,8.0,7.6,1.0,7,5.5,No,31.0
NS007700,STF0434,FAC005,DEP001,2025-03-06,Evening,8.0,7.6,1.6,9,8.1,No,40.8
NS008476,STF0064,FAC001,DEP003,2025-01-22,Evening,8.0,8.5,0.8,11,8.9,No,46.4
NS004951,STF0153,FAC002,DEP007,2023-08-04,Morning,8.0,7.4,1.3,9,7.5,No,39.9
NS000511,STF0162,FAC003,DEP001,2024-02-19,Morning,8.0,8.4,1.8,3,2.9,No,17.4
NS005235,STF0379,FAC001,DEP005,2022-01-22,Evening,8.0,7.2,0.1,3,2.7,No,12.3
NS006821,STF0283,FAC005,DEP001,2022-05-20,Night,8.0,8.0,1.6,3,2.9,No,16.8
NS004484,STF0482,FAC004,DEP005,2025-12-26,Evening,8.0,8.3,0.0,10,7.0,No,40.0
NS006063,STF0107,FAC001,DEP008,2026-11-09,Evening,8.0,7.7,1.3,7,6.9,No,31.9
NS000574,STF0500,FAC002,DEP005,2026-11-27,Morning,8.0,7.2,0.0,6,4.6,No,24.0
NS006576,STF0272,FAC004,DEP007,2024-03-13,Night,8.0,7.6,0.9,8,5.8,No,34.7
NS000040,STF0433,FAC001,DEP005,2022-04-20,Night,8.0,7.8,0.5,9,7.7,No,37.5
NS004218,STF0117,FAC002,DEP001,2026-07-14,Evening,8.0,6.9,1.7,9,7.6,No,41.1
NS003911,STF0363,FAC005,DEP008,2025-05-21,Morning,8.0,8.0,1.5,7,5.0,No,32.5
NS001624,STF0326,FAC005,DEP007,2023-06-18,Night,8.0,7.6,1.6,5,3.5,No,24.8
NS007282,STF0385,FAC002,DEP005,2023-04-06,Night,8.0,7.7,0.1,7,5.2,No,28.3
NS001415,STF0326,FAC005,DEP007,2022-10-18,Evening,8.0,8.1,1.1,8,6.9,No,35.3
NS002565,STF0363,FAC005,DEP008,2026-10-07,Night,8.0,9.4,0.6,9,8.3,No,37.8
NS006849,STF0303,FAC005,DEP005,2024-02-14,Morning,8.0,7.6,2.1,5,3.5,No,26.3
NS002407,STF0114,FAC002,DEP001,2022-09-21,Evening,8.0,7.1,1.3,3,2.0,No,15.9
NS008845,STF0211,FAC004,DEP001,2026-01-03,Night,8.0,7.7,0.2,5,4.0,No,20.6
NS008644,STF0131,FAC002,DEP005,2022-02-23,Morning,8.0,8.3,0.3,5,3.6,No,20.9
NS005227,STF0472,FAC003,DEP008,2026-12-13,Night,8.0,8.1,0.1,1,0.8,No,4.3
NS003285,STF0119,FAC002,DEP002,2023-07-10,Night,8.0,7.9,0.2,8,6.9,No,32.6
NS005479,STF0373,FAC004,DEP001,2024-09-06,Night,8.0,7.8,1.9,6,4.2,No,29.7
NS000347,STF0313,FAC005,DEP006,2021-05-19,Night,8.0,8.8,0.8,4,3.5,No,18.4
NS007223,STF0397,FAC005,DEP007,2021-06-15,Morning,8.0,8.2,1.9,4,3.4,No,21.7
NS007111,STF0083,FAC001,DEP004,2026-05-13,Evening,8.0,7.8,0.9,9,6.2,No,38.7
NS002629,STF0147,FAC002,DEP006,2026-07-28,Morning,8.0,7.8,2.0,6,5.6,No,30.0
NS009844,STF0316,FAC005,DEP006,2021-04-26,Morning,8.0,7.3,1.1,2,1.5,No,11.3
NS003315,STF0493,FAC004,DEP002,2021-12-10,Night,8.0,8.6,0.0,4,3.2,No,16.0
NS007633,STF0287,FAC005,DEP001,2026-12-08,Night,8.0,7.9,0.8,10,6.9,No,42.4
NS003044,STF0159,FAC002,DEP007,2023-12-20,Night,8.0,7.3,1.1,8,6.0,No,35.3
NS010671,STF0447,FAC002,DEP001,2023-04-27,Evening,8.0,8.7,1.1,7,6.4,No,31.3
NS004994,STF0493,FAC004,DEP002,2023-11-27,Morning,8.0,7.2,1.9,7,5.0,No,33.7
NS007423,STF0469,FAC001,DEP002,2025-07-12,Evening,8.0,7.8,1.5,7,5.3,No,32.5
NS004048,STF0428,FAC001,DEP001,2026-09-30,Night,8.0,7.3,2.3,7,5.9,No,34.9
NS009058,STF0061,FAC001,DEP002,2022-12-28,Morning,8.0,8.7,0.7,5,3.7,No,22.1
NS011996,STF0398,FAC003,DEP005,2025-04-11,Evening,8.0,9.0,1.4,9,8.5,No,40.2
NS005035,STF0081,FAC001,DEP004,2023-06-03,Morning,8.0,7.2,0.5,2,2.0,No,9.5
NS004611,STF0490,FAC001,DEP002,2023-10-17,Night,8.0,0.0,0.0,0,0.0,Yes,0.0
NS011957,STF0145,FAC002,DEP006,2021-08-28,Morning,8.0,8.3,1.2,4,3.3,No,19.6
NS005336,STF0310,FAC005,DEP005,2025-01-14,Evening,8.0,8.3,1.7,10,8.4,No,45.1
NS009592,STF0153,FAC002,DEP007,2023-01-13,Night,8.0,8.2,0.0,5,3.9,No,20.0
NS011792,STF0093,FAC001,DEP005,2023-06-01,Night,8.0,7.5,1.2,5,4.3,No,23.6
NS005012,STF0081,FAC001,DEP004,2022-06-09,Morning,8.0,8.0,0.7,4,3.4,No,18.1
NS009040,STF0296,FAC005,DEP003,2026-08-28,Morning,8.0,9.2,0.8,8,5.8,No,34.4
NS000938,STF0226,FAC004,DEP002,2025-03-31,Morning,8.0,8.0,1.1,6,4.1,No,27.3
NS004533,STF0483,FAC001,DEP003,2022-03-29,Morning,8.0,8.4,1.4,5,3.7,No,24.2
NS004845,STF0373,FAC004,DEP001,2025-09-09,Evening,8.0,8.2,0.4,9,7.1,No,37.2
NS003465,STF0454,FAC004,DEP006,2024-02-16,Night,8.0,7.3,0.8,6,5.9,No,26.4
NS008070,STF0399,FAC004,DEP006,2021-12-15,Night,8.0,7.7,1.1,2,1.4,No,11.3
NS000178,STF0336,FAC005,DEP008,2024-03-02,Night,8.0,8.5,0.0,5,3.9,No,20.0
NS007334,STF0274,FAC004,DEP007,2025-09-02,Morning,8.0,7.6,1.9,7,5.4,No,33.7
NS003603,STF0490,FAC001,DEP002,2025-04-22,Night,8.0,8.0,2.2,7,5.4,No,34.6
NS008303,STF0331,FAC005,DEP007,2023-11-06,Night,8.0,7.9,0.9,1,0.7,No,6.7
NS007502,STF0172,FAC003,DEP003,2023-10-14,Morning,8.0,7.3,2.2,3,2.8,No,18.6
NS010632,STF0092,FAC001,DEP005,2025-11-15,Morning,8.0,7.7,0.3,5,3.8,No,20.9
NS001220,STF0261,FAC004,DEP006,2026-01-09,Morning,8.0,6.8,1.4,7,5.0,No,32.2
NS008311,STF0493,FAC004,DEP002,2026-08-01,Morning,8.0,8.1,0.6,6,5.7,No,25.8
NS011354,STF0064,FAC001,DEP003,2026-05-29,Evening,8.0,6.9,1.1,9,8.1,No,39.3
NS007020,STF0165,FAC003,DEP001,2025-11-24,Morning,8.0,8.0,0.2,7,5.2,No,28.6
NS009843,STF0067,FAC001,DEP003,2026-11-05,Morning,8.0,8.6,1.1,2,1.6,No,11.3
NS000458,STF0365,FAC004,DEP006,2025-11-29,Night,8.0,7.4,0.3,8,5.4,No,32.9
NS005065,STF0383,FAC002,DEP005,2022-08-21,Evening,8.0,8.6,0.0,1,0.7,No,4.0
NS001158,STF0177,FAC003,DEP003,2022-12-28,Evening,8.0,8.2,1.5,6,5.5,No,28.5
NS009515,STF0373,FAC004,DEP001,2021-09-10,Morning,8.0,8.0,1.4,5,4.4,No,24.2
NS003239,STF0418,FAC004,DEP005,2021-12-27,Morning,8.0,8.5,0.5,6,5.0,No,25.5
NS009831,STF0152,FAC002,DEP007,2026-09-07,Night,8.0,9.1,2.0,7,6.6,No,34.0
NS001214,STF0271,FAC004,DEP007,2024-01-08,Morning,8.0,7.6,1.3,12,10.5,No,51.9
NS011132,STF0284,FAC005,DEP001,2026-09-09,Morning,8.0,7.8,1.2,6,5.5,No,27.6
NS011481,STF0272,FAC004,DEP007,2026-04-27,Evening,8.0,8.8,0.6,5,3.9,No,21.8
NS011849,STF0454,FAC004,DEP006,2025-11-29,Night,8.0,9.2,0.5,1,1.0,No,5.5
NS007837,STF0379,FAC001,DEP005,2026-08-19,Evening,8.0,7.4,1.3,7,5.3,No,31.9
NS010624,STF0116,FAC002,DEP001,2026-05-29,Morning,8.0,8.5,1.0,7,5.1,No,31.0
NS008944,STF0329,FAC005,DEP007,2025-02-24,Morning,8.0,7.9,2.1,5,3.9,No,26.3
NS000933,STF0074,FAC001,DEP003,2021-08-31,Morning,8.0,8.2,0.0,3,2.3,No,12.0
NS004723,STF0330,FAC005,DEP007,2022-12-07,Evening,8.0,7.5,1.3,9,6.3,No,39.9
NS004194,STF0448,FAC002,DEP007,2026-04-20,Night,8.0,7.6,0.0,8,6.0,No,32.0
NS002232,STF0491,FAC004,DEP004,2025-06-22,Night,8.0,8.1,0.0,3,2.5,No,12.0
NS002652,STF0242,FAC004,DEP005,2025-06-30,Evening,8.0,7.7,1.2,5,3.4,No,23.6
NS001985,STF0144,FAC002,DEP006,2024-12-10,Morning,8.0,7.8,0.6,6,5.9,No,25.8
NS008807,STF0070,FAC001,DEP003,2022-03-06,Evening,8.0,7.2,0.5,2,1.8,No,9.5
NS002474,STF0316,FAC005,DEP006,2022-11-08,Morning,8.0,7.5,1.2,7,6.2,No,31.6
NS001434,STF0483,FAC001,DEP003,2024-03-02,Morning,8.0,8.6,0.0,2,1.5,No,8.0
NS010884,STF0093,FAC001,DEP005,2026-03-14,Evening,8.0,7.5,0.0,4,3.2,No,16.0
NS005368,STF0388,FAC001,DEP008,2021-08-09,Evening,8.0,7.8,2.0,6,5.2,No,30.0
NS004032,STF0055,FAC001,DEP002,2024-06-21,Night,8.0,7.4,1.0,7,4.9,No,31.0
NS002215,STF0193,FAC003,DEP007,2024-08-13,Night,8.0,9.7,0.7,10,8.9,No,42.1
NS011258,STF0271,FAC004,DEP007,2021-12-09,Evening,8.0,7.5,1.3,7,5.9,No,31.9
NS000304,STF0316,FAC005,DEP006,2025-10-31,Evening,8.0,8.4,1.4,5,4.0,No,24.2
NS008945,STF0279,FAC005,DEP001,2021-09-21,Morning,8.0,8.4,0.6,7,5.5,No,29.8
NS010762,STF0477,FAC003,DEP001,2024-05-01,Evening,8.0,6.9,0.3,6,4.7,No,24.9
NS000971,STF0259,FAC004,DEP006,2024-09-04,Morning,8.0,9.0,0.9,8,5.7,No,34.7
NS010422,STF0124,FAC002,DEP002,2024-02-29,Morning,8.0,7.0,1.2,9,8.1,No,39.6
NS005415,STF0307,FAC005,DEP005,2021-05-14,Morning,8.0,9.2,0.0,6,4.2,No,24.0
NS000211,STF0436,FAC002,DEP001,2026-07-21,Morning,8.0,7.9,0.5,8,5.9,No,33.5
NS001935,STF0466,FAC001,DEP004,2023-03-11,Night,8.0,7.8,1.5,1,1.0,No,8.5
NS011696,STF0146,FAC002,DEP006,2026-08-17,Morning,8.0,9.1,0.0,6,5.6,No,24.0
NS000652,STF0162,FAC003,DEP001,2023-09-11,Morning,8.0,8.1,0.0,5,4.4,No,20.0
NS011206,STF0241,FAC004,DEP005,2024-10-18,Night,8.0,7.9,0.5,7,6.2,No,29.5
NS009310,STF0092,FAC001,DEP005,2024-03-21,Evening,8.0,9.0,0.8,3,2.0,No,14.4
NS010143,STF0156,FAC002,DEP007,2025-03-28,Night,8.0,6.3,1.0,5,4.3,No,23.0
NS008234,STF0187,FAC003,DEP005,2024-06-29,Night,8.0,7.7,1.8,7,5.1,No,33.4
NS003614,STF0226,FAC004,DEP002,2021-04-19,Night,8.0,7.9,1.0,3,2.6,No,15.0
NS006818,STF0140,FAC002,DEP006,2025-12-20,Evening,8.0,7.6,0.9,3,2.9,No,14.7
NS006023,STF0201,FAC003,DEP008,2026-11-16,Morning,8.0,7.4,0.1,7,5.2,No,28.3
NS003015,STF0282,FAC005,DEP001,2021-07-10,Morning,8.0,7.8,0.0,2,1.4,No,8.0
NS011923,STF0074,FAC001,DEP003,2025-05-03,Morning,8.0,8.3,0.0,5,3.6,No,20.0
NS002975,STF0466,FAC001,DEP004,2024-07-03,Evening,8.0,6.7,1.5,7,5.8,No,32.5
NS008107,STF0156,FAC002,DEP007,2026-05-25,Morning,8.0,7.9,1.0,6,4.1,No,27.0
NS002319,STF0205,FAC003,DEP008,2025-12-11,Morning,8.0,7.3,2.5,7,5.2,No,35.5
NS001422,STF0094,FAC001,DEP005,2024-06-11,Evening,8.0,9.1,0.4,6,4.3,No,25.2
NS003548,STF0331,FAC005,DEP007,2023-12-28,Evening,8.0,8.6,1.0,5,3.4,No,23.0
NS001140,STF0143,FAC002,DEP006,2026-08-05,Night,8.0,8.0,1.0,7,5.3,No,31.0
NS009756,STF0289,FAC005,DEP001,2023-12-16,Morning,8.0,7.9,1.2,5,3.9,No,23.6
NS006855,STF0079,FAC001,DEP004,2024-09-04,Evening,8.0,8.4,1.0,6,4.6,No,27.0
NS007794,STF0189,FAC003,DEP007,2024-09-11,Evening,8.0,7.7,0.4,6,5.9,No,25.2
NS007247,STF0061,FAC001,DEP002,2024-07-04,Morning,8.0,8.2,1.0,8,7.4,No,35.0
NS002880,STF0279,FAC005,DEP001,2021-09-20,Morning,8.0,7.8,1.5,7,6.4,No,32.5
NS000750,STF0296,FAC005,DEP003,2026-04-02,Evening,8.0,8.0,0.0,6,5.5,No,24.0
NS011353,STF0469,FAC001,DEP002,2026-04-14,Morning,8.0,7.8,0.8,1,0.9,No,6.4
NS008373,STF0067,FAC001,DEP003,2025-12-15,Evening,8.0,8.3,0.5,8,5.6,No,33.5
NS000399,STF0177,FAC003,DEP003,2021-08-17,Morning,8.0,7.9,2.0,8,7.0,No,38.0
NS006984,STF0124,FAC002,DEP002,2025-04-17,Evening,8.0,7.7,0.3,7,6.1,No,28.9
NS010450,STF0093,FAC001,DEP005,2026-07-02,Morning,8.0,7.8,0.7,7,5.0,No,30.1
NS000322,STF0329,FAC005,DEP007,2025-05-17,Evening,8.0,8.2,0.6,4,3.9,No,17.8
NS003618,STF0328,FAC005,DEP007,2021-01-11,Evening,8.0,7.7,0.6,5,4.6,No,21.8
NS007349,STF0124,FAC002,DEP002,2026-09-11,Morning,8.0,8.9,0.9,7,6.1,No,30.7
NS010443,STF0145,FAC002,DEP006,2025-08-20,Night,8.0,9.3,0.0,8,5.5,No,32.0
NS004603,STF0391,FAC005,DEP007,2026-08-05,Morning,8.0,8.3,1.0,8,7.7,No,35.0
NS006606,STF0271,FAC004,DEP007,2024-03-14,Morning,8.0,8.4,0.7,5,3.5,No,22.1
NS004095,STF0287,FAC005,DEP001,2022-10-03,Night,8.0,7.4,1.3,5,3.9,No,23.9
NS007590,STF0159,FAC002,DEP007,2024-03-01,Evening,8.0,7.7,1.4,6,4.6,No,28.2
NS010413,STF0116,FAC002,DEP001,2022-01-13,Morning,8.0,7.8,0.7,7,5.0,No,30.1
NS011479,STF0384,FAC005,DEP007,2025-07-28,Morning,8.0,8.2,2.0,7,4.8,No,34.0
NS003887,STF0161,FAC002,DEP007,2025-07-22,Morning,8.0,7.8,1.1,6,4.1,No,27.3
NS011178,STF0162,FAC003,DEP001,2021-01-05,Night,8.0,8.6,0.9,7,5.3,No,30.7
NS009165,STF0193,FAC003,DEP007,2021-04-02,Evening,8.0,8.1,1.5,4,3.2,No,20.5
NS000765,STF0165,FAC003,DEP001,2026-11-16,Night,8.0,7.2,2.1,8,5.4,No,38.3
NS006677,STF0049,FAC001,DEP002,2022-11-10,Night,8.0,7.5,0.6,7,6.4,No,29.8
NS006163,STF0076,FAC001,DEP004,2023-01-17,Morning,8.0,7.8,2.4,3,2.9,No,19.2
NS011834,STF0363,FAC005,DEP008,2024-09-17,Night,8.0,9.3,0.2,10,8.0,No,40.6
NS010924,STF0138,FAC002,DEP005,2026-08-13,Evening,8.0,8.0,1.1,7,6.6,No,31.3
NS009742,STF0329,FAC005,DEP007,2023-04-02,Evening,8.0,8.3,1.2,4,3.2,No,19.6
NS008329,STF0206,FAC003,DEP008,2024-10-07,Evening,8.0,8.6,0.6,8,6.1,No,33.8
NS003034,STF0434,FAC005,DEP001,2022-06-15,Morning,8.0,8.7,1.7,1,0.8,No,9.1
NS005096,STF0445,FAC002,DEP007,2025-06-04,Night,8.0,8.1,1.9,9,6.1,No,41.7
NS006358,STF0478,FAC005,DEP008,2026-12-24,Evening,8.0,8.8,1.5,12,8.5,No,52.5
NS010744,STF0310,FAC005,DEP005,2024-08-07,Morning,8.0,9.0,1.2,5,4.7,No,23.6
NS001666,STF0124,FAC002,DEP002,2024-02-10,Night,8.0,7.9,0.2,7,6.6,No,28.6
NS003133,STF0387,FAC001,DEP001,2022-01-03,Morning,8.0,7.7,1.5,4,3.0,No,20.5
NS008127,STF0155,FAC002,DEP007,2023-10-25,Morning,8.0,7.9,0.9,5,3.8,No,22.7
NS000474,STF0205,FAC003,DEP008,2026-09-24,Evening,8.0,8.1,2.0,9,6.2,No,42.0
NS003995,STF0140,FAC002,DEP006,2022-08-24,Evening,8.0,8.8,1.3,2,1.7,No,11.9
NS011514,STF0500,FAC002,DEP005,2025-04-04,Evening,8.0,8.3,0.0,9,6.1,No,36.0
NS003027,STF0268,FAC004,DEP007,2026-06-07,Morning,8.0,8.4,1.3,5,4.1,No,23.9
NS011714,STF0470,FAC004,DEP001,2022-05-27,Morning,8.0,8.4,1.7,5,4.6,No,25.1
NS004680,STF0398,FAC003,DEP005,2026-06-27,Evening,8.0,7.8,1.2,3,2.5,No,15.6
NS004650,STF0126,FAC002,DEP002,2026-08-08,Night,8.0,7.3,0.9,5,3.4,No,22.7
NS010102,STF0464,FAC002,DEP006,2025-07-08,Morning,8.0,6.3,1.2,6,4.0,No,27.6
NS007066,STF0219,FAC004,DEP002,2026-01-20,Night,8.0,8.3,0.0,10,7.7,No,40.0
NS006787,STF0231,FAC004,DEP004,2023-07-04,Morning,8.0,9.0,2.2,7,4.9,No,34.6
NS003835,STF0362,FAC005,DEP007,2025-11-03,Morning,8.0,7.0,0.5,4,2.7,No,17.5
NS002996,STF0408,FAC004,DEP006,2025-05-20,Morning,8.0,7.8,0.8,8,6.9,No,34.4
NS001400,STF0283,FAC005,DEP001,2026-10-05,Night,8.0,7.8,0.2,9,6.5,No,36.6
NS004732,STF0474,FAC004,DEP004,2021-04-23,Morning,8.0,8.0,0.5,4,3.6,No,17.5
NS001352,STF0493,FAC004,DEP002,2025-12-12,Morning,8.0,9.3,0.8,6,4.2,No,26.4
NS011257,STF0044,FAC001,DEP001,2024-03-03,Night,8.0,8.5,1.1,1,0.9,No,7.3
NS005355,STF0470,FAC004,DEP001,2026-06-29,Evening,8.0,7.8,1.2,6,5.5,No,27.6
NS005121,STF0142,FAC002,DEP006,2026-04-22,Morning,8.0,0.0,0.0,0,0.0,Yes,0.0
NS001698,STF0274,FAC004,DEP007,2023-07-25,Night,8.0,8.3,0.9,8,6.8,No,34.7
NS000252,STF0092,FAC001,DEP005,2024-04-01,Morning,8.0,9.1,1.6,5,3.9,No,24.8
NS005525,STF0102,FAC001,DEP008,2024-08-20,Night,8.0,8.8,1.1,7,4.9,No,31.3
NS001884,STF0399,FAC004,DEP006,2025-09-08,Night,8.0,7.7,1.5,7,5.4,No,32.5
NS010054,STF0241,FAC004,DEP005,2025-11-21,Morning,8.0,9.7,1.2,7,4.8,No,31.6
NS004784,STF0143,FAC002,DEP006,2026-04-19,Evening,8.0,8.9,0.3,5,3.6,No,20.9
NS005211,STF0091,FAC001,DEP005,2023-06-28,Morning,8.0,7.6,0.0,4,3.1,No,16.0
NS008682,STF0493,FAC004,DEP002,2021-03-03,Morning,8.0,6.8,0.9,6,4.9,No,26.7
NS005545,STF0152,FAC002,DEP007,2024-02-08,Morning,8.0,7.4,1.0,7,5.3,No,31.0
NS011361,STF0079,FAC001,DEP004,2021-09-07,Evening,8.0,8.5,0.6,3,2.9,No,13.8
NS007579,STF0379,FAC001,DEP005,2022-01-17,Morning,8.0,0.0,0.0,0,0.0,Yes,0.0
NS009804,STF0383,FAC002,DEP005,2023-06-26,Morning,8.0,8.0,1.6,7,6.4,No,32.8
NS011322,STF0435,FAC005,DEP005,2026-04-02,Morning,8.0,8.0,1.4,7,4.8,No,32.2
NS002981,STF0367,FAC005,DEP001,2022-08-11,Morning,8.0,7.7,1.1,7,5.0,No,31.3
NS005131,STF0443,FAC005,DEP003,2024-01-16,Night,8.0,8.8,1.3,6,4.6,No,27.9
NS010847,STF0330,FAC005,DEP007,2023-08-17,Morning,8.0,8.3,2.4,8,6.3,No,39.2
NS008147,STF0159,FAC002,DEP007,2021-02-02,Morning,8.0,8.9,0.0,4,3.6,No,16.0
NS010064,STF0433,FAC001,DEP005,2022-02-17,Evening,8.0,6.5,0.9,5,4.0,No,22.7
NS007413,STF0126,FAC002,DEP002,2026-07-22,Evening,8.0,8.1,0.8,9,7.3,No,38.4
NS002443,STF0102,FAC001,DEP008,2026-03-26,Night,8.0,9.0,0.0,9,7.5,No,36.0
NS008899,STF0301,FAC005,DEP005,2024-03-24,Morning,8.0,8.3,0.2,5,4.4,No,20.6
NS008664,STF0283,FAC005,DEP001,2021-08-01,Evening,8.0,7.1,0.0,3,2.7,No,12.0
NS006801,STF0289,FAC005,DEP001,2024-12-10,Morning,8.0,9.1,0.6,7,6.8,No,29.8
NS010689,STF0259,FAC004,DEP006,2026-05-08,Morning,8.0,8.5,0.5,5,3.6,No,21.5
NS009783,STF0055,FAC001,DEP002,2024-12-17,Morning,8.0,8.8,1.0,10,8.1,No,43.0
NS011294,STF0083,FAC001,DEP004,2024-12-02,Morning,8.0,7.8,1.3,9,8.0,No,39.9
NS009153,STF0363,FAC005,DEP008,2023-11-21,Morning,8.0,7.6,0.5,6,4.5,No,25.5
NS002496,STF0227,FAC004,DEP002,2025-09-22,Evening,8.0,9.9,0.9,7,4.7,No,30.7
NS009003,STF0433,FAC001,DEP005,2026-01-20,Morning,8.0,9.1,1.6,10,7.0,No,44.8
NS008829,STF0219,FAC004,DEP002,2021-10-28,Morning,8.0,7.4,1.8,5,4.1,No,25.4
NS010047,STF0328,FAC005,DEP007,2024-07-23,Evening,8.0,8.1,1.3,9,7.1,No,39.9
NS007823,STF0127,FAC002,DEP002,2022-08-11,Morning,8.0,7.1,1.4,9,6.9,No,40.2
NS004813,STF0205,FAC003,DEP008,2025-05-16,Evening,8.0,7.9,0.2,8,6.6,No,32.6
NS011639,STF0385,FAC002,DEP005,2025-01-28,Morning,8.0,8.2,2.0,8,5.4,No,38.0
NS004509,STF0162,FAC003,DEP001,2024-07-02,Evening,8.0,8.2,0.2,8,7.1,No,32.6
NS009397,STF0298,FAC005,DEP003,2025-12-28,Night,8.0,7.7,1.0,4,3.5,No,19.0
NS005980,STF0119,FAC002,DEP002,2022-01-08,Morning,8.0,8.2,0.7,1,1.0,No,6.1
NS002326,STF0367,FAC005,DEP001,2025-03-29,Evening,8.0,7.7,0.9,2,1.5,No,10.7
NS002389,STF0414,FAC003,DEP008,2026-08-03,Morning,8.0,8.4,0.5,8,6.0,No,33.5
NS008282,STF0408,FAC004,DEP006,2026-12-02,Evening,8.0,7.5,0.7,10,8.1,No,42.1
NS003652,STF0287,FAC005,DEP001,2023-10-29,Morning,8.0,0.0,0.0,0,0.0,Yes,0.0
NS002453,STF0092,FAC001,DEP005,2021-08-26,Morning,8.0,8.3,0.5,8,7.2,No,33.5
NS009140,STF0044,FAC001,DEP001,2022-05-16,Morning,8.0,7.4,0.3,4,3.5,No,16.9
NS007683,STF0332,FAC005,DEP007,2024-06-21,Morning,8.0,8.3,0.6,9,6.2,No,37.8
NS005578,STF0177,FAC003,DEP003,2026-08-12,Evening,8.0,8.1,1.1,5,4.3,No,23.3
NS009281,STF0121,FAC002,DEP002,2025-05-26,Night,8.0,0.0,0.0,0,0.0,Yes,0.0
NS007529,STF0145,FAC002,DEP006,2023-12-12,Morning,8.0,8.5,0.0,5,4.3,No,20.0
NS002847,STF0165,FAC003,DEP001,2024-07-09,Morning,8.0,8.2,1.0,5,3.7,No,23.0
NS003388,STF0159,FAC002,DEP007,2024-01-06,Morning,8.0,7.7,1.5,4,3.3,No,20.5
NS010118,STF0476,FAC002,DEP007,2025-10-27,Night,8.0,7.9,0.3,5,3.4,No,20.9
NS006562,STF0471,FAC004,DEP006,2024-05-29,Night,8.0,7.6,0.6,7,6.5,No,29.8
NS005567,STF0308,FAC005,DEP005,2024-03-13,Night,8.0,8.4,0.9,7,5.3,No,30.7
NS005338,STF0371,FAC004,DEP004,2023-04-30,Morning,8.0,8.7,0.0,2,1.7,No,8.0
NS000249,STF0326,FAC005,DEP007,2023-05-23,Night,8.0,7.9,0.5,7,6.9,No,29.5
NS004128,STF0079,FAC001,DEP004,2023-09-28,Evening,8.0,8.3,0.8,2,1.4,No,10.4
NS001796,STF0131,FAC002,DEP005,2024-08-07,Evening,8.0,7.8,0.0,9,7.6,No,36.0
NS001480,STF0102,FAC001,DEP008,2023-09-19,Morning,8.0,7.7,0.2,5,3.5,No,20.6
NS010136,STF0107,FAC001,DEP008,2021-11-04,Morning,8.0,7.8,0.7,3,2.2,No,14.1
NS011869,STF0469,FAC001,DEP002,2021-08-04,Night,8.0,7.6,1.1,8,5.6,No,35.3
NS004011,STF0271,FAC004,DEP007,2024-11-26,Morning,8.0,7.8,0.2,6,5.0,No,24.6
NS010166,STF0188,FAC003,DEP007,2021-11-19,Evening,8.0,7.8,1.2,6,4.3,No,27.6
NS000563,STF0332,FAC005,DEP007,2023-06-05,Morning,8.0,7.9,0.1,6,5.7,No,24.3
NS007489,STF0093,FAC001,DEP005,2025-09-16,Evening,8.0,7.9,1.5,8,5.8,No,36.5
NS011912,STF0445,FAC002,DEP007,2021-01-25,Evening,8.0,8.0,1.4,1,1.0,No,8.2
NS003245,STF0252,FAC004,DEP006,2021-09-02,Evening,8.0,7.6,1.0,5,4.9,No,23.0
NS008580,STF0093,FAC001,DEP005,2024-09-28,Morning,8.0,7.1,0.2,1,0.7,No,4.6
NS009323,STF0172,FAC003,DEP003,2024-08-02,Morning,8.0,0.0,0.0,0,0.0,Yes,0.0
NS008448,STF0152,FAC002,DEP007,2025-01-04,Morning,8.0,8.6,0.1,3,2.6,No,12.3
NS010057,STF0189,FAC003,DEP007,2022-09-15,Evening,8.0,8.6,0.0,5,3.7,No,20.0
NS008912,STF0219,FAC004,DEP002,2021-12-06,Morning,8.0,8.7,0.0,5,4.7,No,20.0
NS007769,STF0365,FAC004,DEP006,2021-02-13,Morning,8.0,7.0,0.0,1,0.8,No,4.0
NS004150,STF0059,FAC001,DEP002,2026-02-13,Evening,8.0,7.6,1.1,10,8.5,No,43.3
NS001003,STF0487,FAC005,DEP006,2026-10-12,Morning,8.0,8.2,0.0,3,2.1,No,12.0
NS006347,STF0151,FAC002,DEP007,2023-11-22,Evening,8.0,7.6,0.0,5,4.9,No,20.0
NS006106,STF0447,FAC002,DEP001,2025-10-31,Morning,8.0,8.6,1.0,6,5.8,No,27.0
NS010832,STF0418,FAC004,DEP005,2021-12-06,Morning,8.0,8.4,1.9,5,4.0,No,25.7
NS009148,STF0114,FAC002,DEP001,2023-02-18,Morning,8.0,7.7,0.1,3,2.6,No,12.3
NS005801,STF0127,FAC002,DEP002,2025-03-10,Night,8.0,8.1,1.3,6,5.7,No,27.9
NS000863,STF0226,FAC004,DEP002,2025-06-13,Morning,8.0,8.2,1.5,7,4.9,No,32.5
NS005614,STF0114,FAC002,DEP001,2025-10-05,Night,8.0,8.3,1.4,6,4.5,No,28.2
NS007755,STF0257,FAC004,DEP006,2024-03-22,Morning,8.0,8.1,1.3,8,5.9,No,35.9
NS003080,STF0205,FAC003,DEP008,2021-01-20,Morning,8.0,7.9,0.0,3,2.6,No,12.0
NS003852,STF0303,FAC005,DEP005,2025-05-21,Evening,8.0,0.0,0.0,0,0.0,Yes,0.0
NS002628,STF0385,FAC002,DEP005,2025-06-05,Morning,8.0,8.9,0.6,8,6.4,No,33.8
NS000593,STF0274,FAC004,DEP007,2023-08-28,Morning,8.0,8.2,1.5,5,3.8,No,24.5
NS008401,STF0229,FAC004,DEP004,2023-06-17,Morning,8.0,8.3,2.3,3,3.0,No,18.9
NS003283,STF0105,FAC001,DEP008,2025-07-07,Morning,8.0,6.8,1.0,7,5.8,No,31.0
NS001865,STF0140,FAC002,DEP006,2025-07-03,Morning,8.0,8.6,0.7,7,5.4,No,30.1
NS005392,STF0272,FAC004,DEP007,2024-06-04,Night,8.0,8.2,2.3,5,3.9,No,26.9
NS003470,STF0371,FAC004,DEP004,2024-07-26,Evening,8.0,7.8,0.0,7,6.2,No,28.0
NS005712,STF0471,FAC004,DEP006,2026-08-07,Morning,8.0,7.9,1.9,4,3.0,No,21.7
NS000181,STF0383,FAC002,DEP005,2025-02-28,Evening,8.0,8.7,0.9,7,6.0,No,30.7
NS007713,STF0411,FAC005,DEP007,2026-08-03,Night,8.0,8.1,1.5,8,5.6,No,36.5
NS008999,STF0147,FAC002,DEP006,2022-06-13,Night,8.0,9.1,1.3,5,4.9,No,23.9
NS006334,STF0149,FAC002,DEP006,2023-02-10,Evening,8.0,8.6,1.8,3,2.2,No,17.4
NS006331,STF0490,FAC001,DEP002,2025-03-05,Morning,8.0,7.6,1.4,6,4.1,No,28.2
NS002756,STF0064,FAC001,DEP003,2023-03-05,Night,8.0,9.6,0.1,5,3.4,No,20.3
NS000034,STF0284,FAC005,DEP001,2024-10-20,Evening,8.0,8.1,0.6,2,1.3,No,9.8
NS007564,STF0083,FAC001,DEP004,2026-09-18,Evening,8.0,8.1,0.5,10,9.1,No,41.5
NS003308,STF0172,FAC003,DEP003,2024-10-11,Night,8.0,7.9,0.0,7,6.9,No,28.0
NS008954,STF0092,FAC001,DEP005,2022-05-30,Evening,8.0,8.5,0.0,4,3.4,No,16.0
NS001767,STF0193,FAC003,DEP007,2026-02-19,Evening,8.0,8.3,1.5,6,5.9,No,28.5
NS005514,STF0289,FAC005,DEP001,2024-07-08,Night,8.0,8.4,0.3,8,6.2,No,32.9
NS004025,STF0488,FAC001,DEP008,2024-05-07,Morning,8.0,9.5,1.1,7,6.8,No,31.3
NS006828,STF0156,FAC002,DEP007,2026-08-21,Evening,8.0,8.3,1.4,11,10.4,No,48.2
NS007449,STF0408,FAC004,DEP006,2023-12-29,Night,8.0,7.0,1.7,6,5.3,No,29.1
NS006912,STF0330,FAC005,DEP007,2026-05-09,Morning,8.0,8.0,0.9,3,2.3,No,14.7
NS001905,STF0081,FAC001,DEP004,2025-07-10,Morning,8.0,8.3,1.2,9,8.4,No,39.6
NS007117,STF0466,FAC001,DEP004,2024-06-19,Morning,8.0,7.3,1.5,3,2.8,No,16.5
NS009368,STF0385,FAC002,DEP005,2021-06-25,Morning,8.0,7.1,0.7,4,3.3,No,18.1
NS006884,STF0172,FAC003,DEP003,2024-09-24,Morning,8.0,8.3,0.1,7,6.4,No,28.3
NS006962,STF0121,FAC002,DEP002,2023-02-26,Evening,8.0,8.7,0.5,1,0.7,No,5.5
NS009444,STF0204,FAC003,DEP008,2023-05-16,Night,8.0,7.7,1.3,8,6.0,No,35.9
NS002930,STF0055,FAC001,DEP002,2025-09-10,Night,8.0,7.1,1.1,9,8.4,No,39.3
NS009670,STF0500,FAC002,DEP005,2026-10-11,Evening,8.0,7.5,1.1,3,2.7,No,15.3
NS002175,STF0491,FAC004,DEP004,2024-06-17,Evening,8.0,8.1,0.0,5,3.9,No,20.0
NS007827,STF0156,FAC002,DEP007,2026-07-29,Morning,8.0,7.8,2.4,9,8.2,No,43.2
NS003998,STF0121,FAC002,DEP002,2024-07-14,Evening,8.0,8.0,0.7,3,2.3,No,14.1
NS005077,STF0055,FAC001,DEP002,2022-02-11,Morning,8.0,7.1,0.4,6,4.3,No,25.2
NS000901,STF0172,FAC003,DEP003,2022-11-01,Evening,8.0,8.3,1.2,9,8.2,No,39.6
NS008306,STF0163,FAC003,DEP001,2024-11-20,Evening,8.0,8.7,1.5,6,4.3,No,28.5
NS006875,STF0242,FAC004,DEP005,2023-08-16,Morning,8.0,8.0,1.2,7,5.1,No,31.6
NS010641,STF0055,FAC001,DEP002,2021-08-17,Evening,8.0,9.1,1.1,5,3.5,No,23.3
NS009189,STF0471,FAC004,DEP006,2021-08-11,Evening,8.0,7.9,0.7,6,4.1,No,26.1
NS009454,STF0434,FAC005,DEP001,2026-09-11,Night,8.0,8.1,2.1,8,6.9,No,38.3
NS003471,STF0067,FAC001,DEP003,2022-08-06,Evening,8.0,7.9,0.3,3,2.3,No,12.9
NS004880,STF0205,FAC003,DEP008,2025-07-23,Morning,8.0,7.8,1.1,12,10.6,No,51.3
NS001007,STF0329,FAC005,DEP007,2026-05-27,Night,8.0,8.4,0.6,9,8.0,No,37.8
NS007055,STF0243,FAC004,DEP005,2026-11-17,Morning,8.0,8.5,1.2,8,6.6,No,35.6
NS005806,STF0059,FAC001,DEP002,2024-01-08,Evening,8.0,8.3,1.2,9,7.3,No,39.6
NS004499,STF0308,FAC005,DEP005,2025-01-13,Night,8.0,7.5,0.9,6,5.0,No,26.7
NS003884,STF0098,FAC001,DEP005,2023-01-02,Morning,8.0,7.5,1.2,9,8.0,No,39.6
NS000093,STF0124,FAC002,DEP002,2025-01-09,Morning,8.0,7.7,0.5,6,4.1,No,25.5
NS005524,STF0462,FAC001,DEP002,2026-11-02,Morning,8.0,8.1,0.6,8,5.7,No,33.8
NS010994,STF0153,FAC002,DEP007,2021-12-29,Night,8.0,7.9,0.3,4,4.0,No,16.9
NS002158,STF0199,FAC003,DEP008,2024-12-23,Night,8.0,0.0,0.0,0,0.0,Yes,0.0
NS006233,STF0085,FAC001,DEP004,2025-07-22,Morning,8.0,8.3,0.8,7,4.9,No,30.4
NS008250,STF0414,FAC003,DEP008,2021-09-16,Evening,8.0,7.0,0.8,5,4.1,No,22.4
NS009435,STF0121,FAC002,DEP002,2023-06-10,Morning,8.0,7.2,1.6,3,2.5,No,16.8
NS006076,STF0061,FAC001,DEP002,2023-11-27,Morning,8.0,7.9,0.8,8,6.5,No,34.4
NS001419,STF0187,FAC003,DEP005,2025-01-15,Night,8.0,6.9,0.9,9,6.1,No,38.7
NS003234,STF0279,FAC005,DEP001,2026-12-10,Night,8.0,8.0,1.1,12,8.6,No,51.3
NS010673,STF0094,FAC001,DEP005,2025-08-09,Night,8.0,8.1,0.6,6,6.0,No,25.8
NS003007,STF0147,FAC002,DEP006,2026-10-07,Night,8.0,9.2,0.0,8,7.3,No,32.0
NS007214,STF0336,FAC005,DEP008,2024-04-15,Morning,8.0,8.2,1.1,9,7.5,No,39.3
NS001656,STF0187,FAC003,DEP005,2024-04-03,Night,8.0,8.5,1.6,6,4.2,No,28.8
NS007933,STF0384,FAC005,DEP007,2022-04-08,Evening,8.0,6.8,0.5,4,3.0,No,17.5
NS009613,STF0143,FAC002,DEP006,2026-11-16,Morning,8.0,8.1,0.4,9,8.2,No,37.2
NS010537,STF0433,FAC001,DEP005,2025-12-18,Evening,8.0,7.8,0.1,4,2.7,No,16.3
NS006965,STF0379,FAC001,DEP005,2026-08-07,Evening,8.0,7.7,1.0,12,10.2,No,51.0
NS002929,STF0293,FAC005,DEP003,2022-03-30,Evening,8.0,7.6,0.0,6,5.6,No,24.0
NS001502,STF0388,FAC001,DEP008,2026-06-09,Morning,8.0,7.3,1.0,8,6.9,No,35.0
NS007304,STF0330,FAC005,DEP007,2021-03-20,Morning,8.0,7.3,0.7,4,3.9,No,18.1
NS007841,STF0226,FAC004,DEP002,2026-06-15,Morning,8.0,7.2,1.6,7,6.5,No,32.8
NS007721,STF0443,FAC005,DEP003,2026-01-12,Evening,8.0,7.9,2.0,8,5.8,No,38.0
NS009648,STF0061,FAC001,DEP002,2026-03-24,Evening,8.0,7.5,1.7,9,8.7,No,41.1
NS001428,STF0487,FAC005,DEP006,2026-01-22,Night,8.0,8.3,1.6,5,3.4,No,24.8
NS006597,STF0208,FAC004,DEP001,2024-10-11,Morning,8.0,8.2,0.4,8,5.7,No,33.2
NS007741,STF0162,FAC003,DEP001,2021-01-24,Morning,8.0,7.5,1.2,5,3.9,No,23.6
NS008511,STF0380,FAC004,DEP002,2023-12-07,Morning,8.0,6.9,0.4,7,6.1,No,29.2
NS007585,STF0163,FAC003,DEP001,2024-04-28,Morning,8.0,7.3,0.1,1,0.8,No,4.3
NS002778,STF0329,FAC005,DEP007,2022-09-08,Evening,8.0,8.0,0.4,4,3.7,No,17.2
NS010842,STF0458,FAC005,DEP008,2021-04-09,Evening,8.0,8.0,1.0,5,4.2,No,23.0
NS009309,STF0162,FAC003,DEP001,2021-10-03,Morning,8.0,0.0,0.0,0,0.0,Yes,0.0
NS010069,STF0205,FAC003,DEP008,2021-04-06,Morning,8.0,7.8,1.0,4,2.7,No,19.0
NS007511,STF0044,FAC001,DEP001,2023-03-25,Night,8.0,8.6,0.0,1,0.7,No,4.0
NS000409,STF0067,FAC001,DEP003,2021-02-06,Morning,8.0,8.3,0.0,1,0.7,No,4.0
NS001471,STF0424,FAC001,DEP001,2021-03-23,Morning,8.0,7.3,0.8,7,4.7,No,30.4
NS007348,STF0272,FAC004,DEP007,2023-02-12,Evening,8.0,7.8,0.6,5,4.7,No,21.8
NS010032,STF0242,FAC004,DEP005,2022-07-01,Evening,8.0,7.8,0.1,6,4.5,No,24.3
NS010810,STF0193,FAC003,DEP007,2022-08-20,Night,8.0,8.6,0.8,1,0.9,No,6.4
NS001741,STF0143,FAC002,DEP006,2023-06-19,Morning,8.0,8.9,1.0,6,5.2,No,27.0
NS005122,STF0076,FAC001,DEP004,2026-02-06,Evening,8.0,7.7,0.3,8,6.4,No,32.9
NS004084,STF0211,FAC004,DEP001,2023-05-02,Morning,8.0,8.4,0.3,7,5.6,No,28.9
NS006735,STF0165,FAC003,DEP001,2026-07-29,Night,8.0,8.3,0.0,8,5.7,No,32.0
NS007554,STF0307,FAC005,DEP005,2025-06-15,Night,8.0,7.3,0.5,2,1.5,No,9.5
NS008249,STF0201,FAC003,DEP008,2025-12-08,Evening,8.0,7.9,1.4,9,8.5,No,40.2
NS006621,STF0482,FAC004,DEP005,2025-06-03,Morning,8.0,7.9,2.1,8,7.5,No,38.3
NS003036,STF0153,FAC002,DEP007,2022-06-11,Night,8.0,7.7,0.0,3,2.2,No,12.0
NS010816,STF0418,FAC004,DEP005,2025-10-12,Night,8.0,7.7,0.3,1,1.0,No,4.9
NS003974,STF0211,FAC004,DEP001,2022-01-03,Evening,8.0,8.7,0.1,6,4.3,No,24.3
NS001603,STF0365,FAC004,DEP006,2021-08-09,Evening,8.0,8.5,0.5,6,5.2,No,25.5
NS010117,STF0093,FAC001,DEP005,2024-07-24,Morning,8.0,6.7,1.4,9,7.7,No,40.2
NS003693,STF0300,FAC005,DEP005,2023-06-20,Evening,8.0,8.1,1.7,7,5.0,No,33.1
NS007497,STF0159,FAC002,DEP007,2024-12-31,Morning,8.0,8.7,0.3,6,5.8,No,24.9
NS002465,STF0469,FAC001,DEP002,2024-08-13,Morning,8.0,8.8,0.4,10,6.7,No,41.2
NS011437,STF0083,FAC001,DEP004,2024-12-17,Morning,8.0,9.6,0.7,6,4.8,No,26.1
NS002418,STF0206,FAC003,DEP008,2026-12-13,Evening,8.0,0.0,0.0,0,0.0,Yes,0.0
NS004216,STF0436,FAC002,DEP001,2024-06-03,Morning,8.0,7.0,1.3,7,5.9,No,31.9
NS003414,STF0329,FAC005,DEP007,2023-08-02,Morning,8.0,7.9,1.2,7,4.8,No,31.6
NS009385,STF0471,FAC004,DEP006,2026-04-09,Evening,8.0,7.8,1.7,8,6.1,No,37.1
NS011061,STF0165,FAC003,DEP001,2021-03-11,Night,8.0,0.0,0.0,0,0.0,Yes,0.0
NS008549,STF0172,FAC003,DEP003,2021-03-21,Morning,8.0,8.5,0.6,1,0.7,No,5.8
NS008338,STF0214,FAC004,DEP001,2022-08-20,Morning,8.0,7.2,1.3,6,4.5,No,27.9
NS006572,STF0083,FAC001,DEP004,2025-10-29,Night,8.0,8.7,0.4,4,2.8,No,17.2
NS003380,STF0396,FAC004,DEP004,2021-10-16,Evening,8.0,8.1,0.6,5,4.1,No,21.8
NS005772,STF0261,FAC004,DEP006,2022-02-02,Evening,8.0,8.3,0.9,3,2.4,No,14.7
NS009907,STF0301,FAC005,DEP005,2026-10-23,Morning,8.0,7.5,0.9,5,3.5,No,22.7
NS003955,STF0136,FAC002,DEP005,2025-06-25,Night,8.0,9.0,1.0,8,7.2,No,35.0
NS002752,STF0229,FAC004,DEP004,2022-12-03,Night,8.0,7.5,0.5,4,2.8,No,17.5
NS001433,STF0388,FAC001,DEP008,2022-08-22,Evening,8.0,7.8,0.4,6,4.7,No,25.2
NS003106,STF0464,FAC002,DEP006,2025-11-17,Morning,8.0,8.3,0.7,6,5.0,No,26.1
NS007468,STF0098,FAC001,DEP005,2025-11-28,Evening,8.0,7.4,1.1,6,5.5,No,27.3
NS010783,STF0156,FAC002,DEP007,2023-10-12,Night,8.0,8.2,0.6,5,4.2,No,21.8
NS001069,STF0079,FAC001,DEP004,2025-10-28,Evening,8.0,7.5,1.8,9,6.3,No,41.4
NS004318,STF0161,FAC002,DEP007,2024-08-09,Morning,8.0,9.7,0.3,7,4.8,No,28.9
NS003956,STF0418,FAC004,DEP005,2023-10-07,Evening,8.0,8.5,0.8,6,4.3,No,26.4
NS001845,STF0102,FAC001,DEP008,2023-01-10,Morning,8.0,8.9,0.0,10,8.3,No,40.0
NS011596,STF0127,FAC002,DEP002,2026-01-08,Evening,8.0,8.7,0.8,8,5.5,No,34.4
NS005026,STF0493,FAC004,DEP002,2025-12-12,Morning,8.0,8.2,1.3,6,5.1,No,27.9
NS009001,STF0414,FAC003,DEP008,2025-02-15,Night,8.0,8.3,1.7,5,5.0,No,25.1
NS005504,STF0146,FAC002,DEP006,2022-05-30,Night,8.0,7.8,1.5,6,4.7,No,28.5
NS007253,STF0085,FAC001,DEP004,2025-06-26,Night,8.0,8.0,1.4,8,7.9,No,36.2
NS000331,STF0434,FAC005,DEP001,2026-02-27,Night,8.0,7.9,2.0,9,7.1,No,42.0
NS003083,STF0205,FAC003,DEP008,2026-05-25,Morning,8.0,8.7,0.0,8,6.1,No,32.0
NS005509,STF0200,FAC003,DEP008,2021-02-13,Morning,8.0,7.8,1.1,4,3.0,No,19.3
NS002676,STF0107,FAC001,DEP008,2023-12-28,Morning,8.0,7.7,1.0,6,4.4,No,27.0
NS002911,STF0092,FAC001,DEP005,2022-10-12,Night,8.0,8.3,1.8,5,4.0,No,25.4
NS008496,STF0303,FAC005,DEP005,2021-10-16,Morning,8.0,7.7,0.8,1,0.8,No,6.4
NS003117,STF0259,FAC004,DEP006,2024-01-30,Night,8.0,8.3,0.5,8,6.8,No,33.5
NS007024,STF0391,FAC005,DEP007,2023-01-10,Evening,8.0,7.5,1.0,8,6.1,No,35.0
NS006833,STF0385,FAC002,DEP005,2025-12-03,Morning,8.0,7.0,1.1,8,6.5,No,35.3
NS011678,STF0424,FAC001,DEP001,2026-11-21,Night,8.0,6.8,0.8,4,2.8,No,18.4
NS010038,STF0212,FAC004,DEP001,2024-05-08,Night,8.0,8.4,0.5,9,7.2,No,37.5
NS006272,STF0155,FAC002,DEP007,2024-02-01,Morning,8.0,8.3,0.5,10,9.8,No,41.5
NS009925,STF0229,FAC004,DEP004,2026-11-10,Evening,8.0,8.0,1.0,6,4.3,No,27.0
NS001670,STF0156,FAC002,DEP007,2025-02-21,Evening,8.0,7.8,0.3,5,4.7,No,20.9
NS010468,STF0147,FAC002,DEP006,2022-10-16,Morning,8.0,8.0,1.0,1,0.8,No,7.0
NS008139,STF0140,FAC002,DEP006,2025-06-13,Morning,8.0,7.9,1.2,6,4.4,No,27.6
NS010128,STF0388,FAC001,DEP008,2024-12-19,Morning,8.0,8.5,1.8,7,5.4,No,33.4
NS000042,STF0076,FAC001,DEP004,2023-03-06,Night,8.0,8.2,0.5,6,5.3,No,25.5
NS003205,STF0259,FAC004,DEP006,2026-04-29,Night,8.0,8.1,1.2,8,6.4,No,35.6
NS010987,STF0369,FAC005,DEP007,2026-03-20,Morning,8.0,8.6,2.4,7,5.2,No,35.2
NS005071,STF0227,FAC004,DEP002,2022-03-31,Evening,8.0,8.5,0.0,4,3.6,No,16.0
NS000319,STF0177,FAC003,DEP003,2025-03-13,Evening,8.0,9.2,0.0,9,6.3,No,36.0
NS002253,STF0241,FAC004,DEP005,2026-09-17,Evening,8.0,7.6,0.7,8,7.9,No,34.1
NS007285,STF0243,FAC004,DEP005,2022-06-21,Night,8.0,8.4,0.0,8,7.3,No,32.0
NS006862,STF0214,FAC004,DEP001,2026-06-01,Evening,8.0,8.0,0.6,11,8.8,No,45.8
NS011829,STF0138,FAC002,DEP005,2021-09-03,Evening,8.0,7.8,0.3,4,2.9,No,16.9
NS010072,STF0274,FAC004,DEP007,2023-04-24,Morning,8.0,7.6,1.4,5,4.2,No,24.2
NS002475,STF0184,FAC003,DEP005,2024-12-11,Night,8.0,8.1,0.2,11,10.0,No,44.6
NS006146,STF0469,FAC001,DEP002,2022-02-08,Morning,8.0,8.2,0.6,7,6.1,No,29.8
NS006108,STF0308,FAC005,DEP005,2026-07-26,Night,8.0,7.3,0.2,4,2.8,No,16.6
NS007310,STF0117,FAC002,DEP001,2021-01-07,Morning,8.0,8.2,0.0,7,6.4,No,28.0
NS008359,STF0448,FAC002,DEP007,2025-08-08,Morning,8.0,8.8,1.5,8,5.8,No,36.5
NS006537,STF0428,FAC001,DEP001,2021-07-04,Morning,8.0,6.9,0.1,1,0.9,No,4.3
NS000086,STF0131,FAC002,DEP005,2025-07-08,Evening,8.0,0.0,0.0,0,0.0,Yes,0.0
NS006441,STF0384,FAC005,DEP007,2023-08-30,Night,8.0,9.1,0.9,7,5.3,No,30.7
NS001211,STF0161,FAC002,DEP007,2021-11-24,Night,8.0,9.4,0.1,5,3.9,No,20.3
NS001036,STF0326,FAC005,DEP007,2022-12-06,Morning,8.0,7.8,0.5,6,5.1,No,25.5
NS005822,STF0331,FAC005,DEP007,2024-09-18,Morning,8.0,7.6,2.5,8,5.6,No,39.5
NS005025,STF0332,FAC005,DEP007,2021-12-06,Morning,8.0,6.5,2.2,6,5.7,No,30.6
NS002808,STF0140,FAC002,DEP006,2021-12-13,Night,8.0,7.4,0.6,6,5.3,No,25.8
NS011082,STF0379,FAC001,DEP005,2021-09-23,Evening,8.0,8.9,0.6,4,3.1,No,17.8
NS003413,STF0244,FAC004,DEP005,2025-08-07,Evening,8.0,8.4,0.0,9,6.7,No,36.0
NS007712,STF0183,FAC003,DEP005,2024-10-31,Morning,8.0,7.8,1.8,5,4.2,No,25.4
NS010019,STF0131,FAC002,DEP005,2022-06-04,Evening,8.0,7.7,0.5,3,2.3,No,13.5
NS003959,STF0205,FAC003,DEP008,2021-03-29,Evening,8.0,9.5,2.1,6,4.3,No,30.3
NS008574,STF0380,FAC004,DEP002,2025-03-03,Morning,8.0,8.2,1.5,7,5.3,No,32.5
NS003066,STF0184,FAC003,DEP005,2025-10-22,Night,8.0,6.6,0.7,6,5.8,No,26.1
NS011537,STF0299,FAC005,DEP003,2024-08-08,Morning,8.0,7.3,1.8,10,8.3,No,45.4
NS005345,STF0204,FAC003,DEP008,2021-06-14,Night,8.0,9.3,0.0,4,3.8,No,16.0
NS011806,STF0147,FAC002,DEP006,2023-04-01,Evening,8.0,7.0,0.3,1,0.7,No,4.9
NS010037,STF0411,FAC005,DEP007,2026-08-20,Night,8.0,9.8,1.6,9,7.7,No,40.8
NS009053,STF0435,FAC005,DEP005,2026-05-23,Morning,8.0,7.7,1.0,7,5.8,No,31.0
NS004623,STF0424,FAC001,DEP001,2023-08-29,Night,8.0,0.0,0.0,0,0.0,Yes,0.0
NS004056,STF0301,FAC005,DEP005,2024-04-18,Evening,8.0,7.8,0.0,4,2.9,No,16.0
NS001167,STF0138,FAC002,DEP005,2026-08-29,Morning,8.0,8.5,0.6,10,9.7,No,41.8
NS011431,STF0247,FAC004,DEP005,2022-10-19,Morning,8.0,8.5,0.7,3,2.3,No,14.1
NS000959,STF0330,FAC005,DEP007,2024-04-11,Morning,8.0,7.0,0.3,10,7.3,No,40.9
NS010360,STF0296,FAC005,DEP003,2022-06-17,Evening,8.0,7.3,1.5,4,3.4,No,20.5
NS002865,STF0408,FAC004,DEP006,2023-01-09,Night,8.0,8.2,2.1,5,4.1,No,26.3
NS000466,STF0371,FAC004,DEP004,2025-04-11,Evening,8.0,7.9,1.5,5,3.4,No,24.5
NS009456,STF0299,FAC005,DEP003,2026-02-28,Evening,8.0,7.6,0.8,4,3.4,No,18.4
NS005383,STF0500,FAC002,DEP005,2023-12-27,Morning,8.0,7.4,0.5,5,3.8,No,21.5
NS007646,STF0454,FAC004,DEP006,2024-12-18,Night,8.0,8.0,1.1,5,4.9,No,23.3
NS008433,STF0107,FAC001,DEP008,2025-07-01,Night,8.0,8.4,1.2,8,5.8,No,35.6
NS000869,STF0226,FAC004,DEP002,2022-07-28,Night,8.0,8.1,2.1,7,4.8,No,34.3
NS006819,STF0214,FAC004,DEP001,2023-08-28,Night,8.0,8.2,1.3,4,3.2,No,19.9
NS011943,STF0105,FAC001,DEP008,2021-01-08,Evening,8.0,8.1,0.4,6,5.1,No,25.2
NS010975,STF0272,FAC004,DEP007,2022-03-10,Evening,8.0,7.7,1.6,1,0.8,No,8.8
NS003108,STF0092,FAC001,DEP005,2022-08-02,Morning,8.0,8.3,0.5,9,7.9,No,37.5
NS004692,STF0205,FAC003,DEP008,2021-01-04,Night,8.0,7.6,0.0,5,3.6,No,20.0
NS011668,STF0116,FAC002,DEP001,2022-06-27,Night,8.0,8.9,1.8,6,4.2,No,29.4
NS006473,STF0488,FAC001,DEP008,2026-11-06,Evening,8.0,7.6,1.1,6,5.5,No,27.3
NS010850,STF0424,FAC001,DEP001,2024-12-14,Night,8.0,7.3,0.6,6,4.4,No,25.8
NS005023,STF0147,FAC002,DEP006,2026-02-06,Evening,8.0,8.0,1.6,7,5.9,No,32.8
NS008978,STF0313,FAC005,DEP006,2026-06-26,Morning,8.0,8.9,1.9,6,4.6,No,29.7
NS010521,STF0499,FAC002,DEP007,2022-11-18,Evening,8.0,7.4,0.0,3,2.3,No,12.0
NS007851,STF0117,FAC002,DEP001,2025-09-19,Night,8.0,8.1,1.2,5,3.4,No,23.6
NS004610,STF0332,FAC005,DEP007,2026-03-13,Morning,8.0,7.9,1.5,4,2.8,No,20.5
NS007604,STF0165,FAC003,DEP001,2022-01-17,Morning,8.0,7.4,0.0,2,1.5,No,8.0
NS007200,STF0371,FAC004,DEP004,2023-05-15,Morning,8.0,7.3,1.7,4,4.0,No,21.1
NS004673,STF0193,FAC003,DEP007,2024-07-04,Morning,8.0,8.8,0.5,5,3.4,No,21.5
NS005329,STF0145,FAC002,DEP006,2025-07-22,Morning,8.0,8.8,1.7,6,5.2,No,29.1
NS010442,STF0379,FAC001,DEP005,2026-10-29,Morning,8.0,8.4,0.9,6,4.2,No,26.7
NS011057,STF0365,FAC004,DEP006,2023-10-19,Morning,8.0,7.5,1.7,8,8.0,No,37.1
NS011908,STF0268,FAC004,DEP007,2026-01-19,Night,8.0,7.6,1.3,11,10.7,No,47.9
NS005114,STF0414,FAC003,DEP008,2022-06-17,Evening,8.0,8.5,1.0,3,2.1,No,15.0
NS006832,STF0490,FAC001,DEP002,2025-07-25,Evening,8.0,8.4,2.0,6,4.3,No,30.0
NS002956,STF0156,FAC002,DEP007,2026-08-28,Evening,8.0,7.7,1.6,7,6.6,No,32.8
NS004848,STF0316,FAC005,DEP006,2021-05-13,Morning,8.0,7.7,0.8,4,4.0,No,18.4
NS007235,STF0387,FAC001,DEP001,2026-10-26,Morning,8.0,0.0,0.0,0,0.0,Yes,0.0
NS009627,STF0076,FAC001,DEP004,2025-01-23,Morning,8.0,6.7,1.3,4,3.6,No,19.9
NS011179,STF0448,FAC002,DEP007,2021-04-25,Morning,8.0,8.0,0.0,1,0.9,No,4.0
NS001663,STF0399,FAC004,DEP006,2023-05-10,Night,8.0,7.8,0.0,8,7.9,No,32.0
NS009630,STF0124,FAC002,DEP002,2023-05-25,Morning,8.0,7.4,0.0,9,7.7,No,36.0
NS001143,STF0079,FAC001,DEP004,2026-07-02,Morning,8.0,7.5,0.4,9,6.1,No,37.2
NS006033,STF0116,FAC002,DEP001,2026-06-06,Evening,8.0,8.3,1.0,5,4.4,No,23.0
NS004585,STF0389,FAC004,DEP007,2025-07-21,Evening,8.0,7.7,0.0,7,5.9,No,28.0
NS011278,STF0477,FAC003,DEP001,2025-05-05,Night,8.0,7.6,1.8,7,6.0,No,33.4
NS011781,STF0232,FAC004,DEP004,2021-04-12,Evening,8.0,7.0,1.2,5,4.9,No,23.6
NS004744,STF0328,FAC005,DEP007,2025-01-15,Morning,8.0,8.3,0.7,10,9.5,No,42.1
NS005031,STF0204,FAC003,DEP008,2022-05-09,Morning,8.0,9.6,2.4,8,7.9,No,39.2
NS006720,STF0060,FAC001,DEP002,2021-06-08,Morning,8.0,8.0,1.8,3,2.2,No,17.4
NS002743,STF0477,FAC003,DEP001,2022-08-25,Night,8.0,8.6,1.5,8,6.3,No,36.5
NS010400,STF0363,FAC005,DEP008,2022-07-11,Morning,8.0,7.3,0.3,7,6.4,No,28.9
NS004140,STF0414,FAC003,DEP008,2025-07-03,Morning,8.0,7.8,1.6,8,5.4,No,36.8
NS009235,STF0330,FAC005,DEP007,2021-12-01,Night,8.0,9.3,0.2,3,2.4,No,12.6
NS006835,STF0107,FAC001,DEP008,2026-01-15,Morning,8.0,8.1,0.8,9,8.0,No,38.4
NS010834,STF0170,FAC003,DEP001,2022-10-13,Night,8.0,7.3,1.3,8,7.8,No,35.9
NS002488,STF0316,FAC005,DEP006,2023-06-20,Evening,8.0,8.2,1.2,6,4.5,No,27.6
NS006873,STF0201,FAC003,DEP008,2024-02-28,Morning,8.0,8.1,1.9,9,6.9,No,41.7
NS002390,STF0219,FAC004,DEP002,2025-08-21,Morning,8.0,7.0,0.5,7,6.2,No,29.5
NS008848,STF0414,FAC003,DEP008,2024-01-02,Morning,8.0,8.4,0.5,7,5.5,No,29.5
NS000544,STF0443,FAC005,DEP003,2022-08-10,Evening,8.0,0.0,0.0,0,0.0,Yes,0.0
NS009289,STF0105,FAC001,DEP008,2024-04-10,Evening,8.0,7.5,1.1,8,7.9,No,35.3
NS003329,STF0214,FAC004,DEP001,2025-06-03,Morning,8.0,8.3,0.8,10,7.9,No,42.4
NS010083,STF0428,FAC001,DEP001,2026-10-12,Evening,8.0,7.3,1.6,7,6.1,No,32.8
NS002993,STF0469,FAC001,DEP002,2025-09-02,Evening,8.0,7.4,1.1,7,4.8,No,31.3
NS005637,STF0146,FAC002,DEP006,2026-03-21,Morning,8.0,8.9,0.0,4,3.0,No,16.0
NS006885,STF0227,FAC004,DEP002,2026-01-20,Night,8.0,8.5,0.5,6,4.6,No,25.5
NS002345,STF0279,FAC005,DEP001,2025-05-17,Night,8.0,7.7,0.4,3,2.9,No,13.2
NS001840,STF0299,FAC005,DEP003,2026-06-10,Morning,8.0,7.3,0.0,8,6.5,No,32.0
NS007845,STF0226,FAC004,DEP002,2025-09-23,Evening,8.0,7.5,1.4,8,5.8,No,36.2
NS002617,STF0059,FAC001,DEP002,2023-07-17,Evening,8.0,8.2,1.4,4,3.8,No,20.2
NS008696,STF0208,FAC004,DEP001,2026-02-06,Morning,8.0,0.0,0.0,0,0.0,Yes,0.0
NS006999,STF0119,FAC002,DEP002,2024-06-08,Morning,8.0,7.4,0.2,4,3.7,No,16.6
NS001499,STF0081,FAC001,DEP004,2023-10-03,Morning,8.0,8.5,0.2,6,4.9,No,24.6
NS008344,STF0189,FAC003,DEP007,2024-05-24,Morning,8.0,8.0,2.3,7,6.2,No,34.9
NS000734,STF0483,FAC001,DEP003,2021-09-11,Morning,8.0,7.9,0.3,3,2.3,No,12.9
NS004097,STF0482,FAC004,DEP005,2025-12-13,Evening,8.0,8.1,0.4,5,5.0,No,21.2
NS005562,STF0162,FAC003,DEP001,2024-11-06,Morning,8.0,8.0,0.3,6,4.5,No,24.9
NS010300,STF0379,FAC001,DEP005,2024-01-04,Morning,8.0,7.6,2.4,5,3.6,No,27.2
NS002302,STF0219,FAC004,DEP002,2023-12-08,Morning,8.0,7.7,1.3,11,10.7,No,47.9
NS011103,STF0296,FAC005,DEP003,2026-10-17,Evening,8.0,9.0,1.0,6,5.9,No,27.0
NS002614,STF0178,FAC003,DEP003,2026-10-22,Evening,8.0,9.1,0.4,7,5.0,No,29.2
NS010304,STF0164,FAC003,DEP001,2025-05-10,Evening,8.0,7.2,0.5,4,3.5,No,17.5
NS005066,STF0365,FAC004,DEP006,2025-07-21,Morning,8.0,9.8,0.6,7,5.8,No,29.8
NS006559,STF0336,FAC005,DEP008,2024-04-24,Evening,8.0,7.1,2.0,9,7.2,No,42.0
NS011964,STF0308,FAC005,DEP005,2025-05-14,Morning,8.0,7.7,0.5,7,5.2,No,29.5
NS006463,STF0083,FAC001,DEP004,2024-11-07,Evening,8.0,7.6,1.6,5,3.4,No,24.8
NS004234,STF0083,FAC001,DEP004,2026-03-07,Evening,8.0,8.8,0.8,6,5.0,No,26.4
NS005734,STF0131,FAC002,DEP005,2024-09-02,Evening,8.0,9.4,0.5,7,6.8,No,29.5
NS010432,STF0424,FAC001,DEP001,2025-05-08,Night,8.0,8.0,1.4,9,6.5,No,40.2
NS010171,STF0329,FAC005,DEP007,2026-08-05,Night,8.0,7.9,0.7,9,8.8,No,38.1
NS011809,STF0464,FAC002,DEP006,2024-11-08,Evening,8.0,8.2,1.7,5,4.1,No,25.1
NS006857,STF0436,FAC002,DEP001,2025-08-21,Evening,8.0,7.7,0.6,10,9.5,No,41.8
NS004960,STF0494,FAC001,DEP002,2021-11-20,Night,8.0,7.0,0.7,4,2.9,No,18.1
NS006073,STF0299,FAC005,DEP003,2024-07-13,Evening,8.0,7.9,0.0,5,4.0,No,20.0
NS009396,STF0436,FAC002,DEP001,2023-11-04,Night,8.0,8.1,0.4,3,2.4,No,13.2
NS004185,STF0226,FAC004,DEP002,2024-04-15,Evening,8.0,7.4,0.0,8,5.8,No,32.0
NS011496,STF0447,FAC002,DEP001,2024-04-06,Night,8.0,7.6,1.5,6,4.4,No,28.5
NS000903,STF0083,FAC001,DEP004,2022-12-15,Morning,8.0,8.0,1.3,7,5.9,No,31.9
NS007880,STF0330,FAC005,DEP007,2024-12-12,Morning,8.0,8.1,1.4,7,5.6,No,32.2
NS005834,STF0487,FAC005,DEP006,2024-05-23,Morning,8.0,7.7,1.7,6,5.9,No,29.1
NS010545,STF0363,FAC005,DEP008,2025-09-10,Morning,8.0,8.5,1.3,5,4.1,No,23.9
NS011439,STF0079,FAC001,DEP004,2023-09-27,Night,8.0,8.1,1.8,7,5.3,No,33.4
NS007947,STF0464,FAC002,DEP006,2026-06-29,Evening,8.0,8.7,0.4,8,7.6,No,33.2
NS003188,STF0074,FAC001,DEP003,2023-08-02,Morning,8.0,8.2,1.9,9,7.6,No,41.7
NS010793,STF0089,FAC001,DEP005,2026-07-15,Morning,8.0,8.4,0.5,9,7.2,No,37.5
NS004210,STF0091,FAC001,DEP005,2023-10-30,Morning,8.0,7.8,1.8,7,5.3,No,33.4
NS008913,STF0138,FAC002,DEP005,2025-05-05,Morning,8.0,8.4,0.9,8,6.3,No,34.7
NS005502,STF0271,FAC004,DEP007,2026-06-15,Night,8.0,0.0,0.0,0,0.0,Yes,0.0
NS009968,STF0458,FAC005,DEP008,2023-08-23,Morning,8.0,8.5,1.8,3,2.2,No,17.4
NS009431,STF0107,FAC001,DEP008,2022-11-25,Morning,8.0,6.6,2.3,8,6.7,No,38.9
NS000151,STF0159,FAC002,DEP007,2026-04-09,Evening,8.0,8.5,1.6,6,5.6,No,28.8
NS003686,STF0257,FAC004,DEP006,2026-03-20,Night,8.0,8.0,1.3,6,4.0,No,27.9
NS006670,STF0383,FAC002,DEP005,2024-05-24,Evening,8.0,7.0,0.8,5,5.0,No,22.4
NS003459,STF0316,FAC005,DEP006,2024-08-27,Morning,8.0,7.7,1.8,7,6.0,No,33.4
NS003095,STF0187,FAC003,DEP005,2024-03-15,Morning,8.0,9.1,1.3,8,7.8,No,35.9
NS005200,STF0127,FAC002,DEP002,2021-07-07,Evening,8.0,7.9,1.0,5,4.6,No,23.0
NS010116,STF0272,FAC004,DEP007,2022-11-29,Night,8.0,8.0,0.9,4,3.6,No,18.7
NS010940,STF0445,FAC002,DEP007,2021-05-22,Morning,8.0,8.7,0.0,4,3.6,No,16.0
NS003722,STF0146,FAC002,DEP006,2023-11-25,Morning,8.0,8.1,0.0,4,3.4,No,16.0
NS003953,STF0279,FAC005,DEP001,2024-02-02,Evening,8.0,8.1,0.2,5,3.5,No,20.6
NS010767,STF0483,FAC001,DEP003,2026-07-16,Night,8.0,7.7,1.3,8,5.6,No,35.9
NS008103,STF0380,FAC004,DEP002,2021-02-09,Evening,8.0,8.3,0.0,5,3.8,No,20.0
NS000709,STF0474,FAC004,DEP004,2021-04-05,Morning,8.0,7.2,0.0,6,5.3,No,24.0
NS004065,STF0304,FAC005,DEP005,2023-11-27,Evening,8.0,8.4,0.5,6,5.5,No,25.5
NS002997,STF0313,FAC005,DEP006,2022-05-13,Morning,8.0,9.3,0.6,7,5.3,No,29.8
NS010262,STF0243,FAC004,DEP005,2023-02-01,Morning,8.0,6.9,0.9,7,5.6,No,30.7
NS004195,STF0215,FAC004,DEP001,2022-04-29,Evening,8.0,7.1,0.6,5,4.3,No,21.8
NS001635,STF0189,FAC003,DEP007,2021-12-24,Morning,8.0,7.6,1.8,6,4.3,No,29.4
NS005647,STF0232,FAC004,DEP004,2022-01-28,Morning,8.0,7.7,1.3,6,5.2,No,27.9
NS007300,STF0482,FAC004,DEP005,2025-07-08,Night,8.0,8.2,0.0,9,8.6,No,36.0
NS007376,STF0163,FAC003,DEP001,2026-05-08,Evening,8.0,8.3,1.2,6,5.0,No,27.6
NS000036,STF0414,FAC003,DEP008,2024-06-19,Morning,8.0,8.3,2.0,5,4.0,No,26.0
NS002056,STF0414,FAC003,DEP008,2024-02-27,Night,8.0,7.1,0.1,8,6.7,No,32.3
NS005007,STF0178,FAC003,DEP003,2024-10-15,Night,8.0,7.6,0.2,4,2.9,No,16.6
NS003772,STF0201,FAC003,DEP008,2024-05-24,Morning,8.0,8.4,0.7,5,3.9,No,22.1
NS001745,STF0074,FAC001,DEP003,2024-05-08,Morning,8.0,8.0,2.3,8,5.9,No,38.9
NS004078,STF0124,FAC002,DEP002,2024-10-03,Morning,8.0,8.4,2.0,4,3.1,No,22.0
NS004516,STF0397,FAC005,DEP007,2026-08-28,Evening,8.0,7.4,1.5,6,4.5,No,28.5
NS006979,STF0257,FAC004,DEP006,2021-02-15,Morning,8.0,0.0,0.0,0,0.0,Yes,0.0
NS000429,STF0064,FAC001,DEP003,2023-09-21,Evening,8.0,7.9,1.3,6,4.3,No,27.9
NS011593,STF0127,FAC002,DEP002,2022-10-24,Evening,8.0,7.4,0.4,5,4.2,No,21.2
NS003017,STF0074,FAC001,DEP003,2025-09-17,Morning,8.0,7.2,1.2,3,2.4,No,15.6
NS005546,STF0329,FAC005,DEP007,2022-01-25,Morning,8.0,8.6,0.9,6,5.4,No,26.7
NS007637,STF0144,FAC002,DEP006,2021-05-17,Evening,8.0,8.3,1.2,9,6.4,No,39.6
NS010005,STF0201,FAC003,DEP008,2024-05-29,Morning,8.0,7.0,2.0,10,7.8,No,46.0
NS004130,STF0226,FAC004,DEP002,2023-02-01,Morning,8.0,8.5,0.2,6,4.5,No,24.6
NS004120,STF0165,FAC003,DEP001,2024-02-15,Evening,8.0,8.6,0.2,6,4.5,No,24.6
NS002612,STF0143,FAC002,DEP006,2021-07-03,Evening,8.0,7.8,0.2,4,3.5,No,16.6
NS004029,STF0300,FAC005,DEP005,2025-12-02,Morning,8.0,7.9,1.1,9,8.5,No,39.3
NS001627,STF0306,FAC005,DEP005,2023-10-13,Morning,8.0,8.2,1.2,1,0.9,No,7.6
NS008502,STF0241,FAC004,DEP005,2025-06-05,Morning,8.0,8.1,1.2,7,6.8,No,31.6
NS001394,STF0379,FAC001,DEP005,2024-10-28,Morning,8.0,8.1,0.3,11,10.7,No,44.9
NS004464,STF0310,FAC005,DEP005,2026-07-21,Evening,8.0,7.8,1.6,11,8.0,No,48.8
NS010755,STF0391,FAC005,DEP007,2023-01-12,Morning,8.0,0.0,0.0,0,0.0,Yes,0.0
NS002202,STF0307,FAC005,DEP005,2026-12-30,Morning,8.0,8.8,0.7,7,4.8,No,30.1
NS004148,STF0183,FAC003,DEP005,2023-01-19,Morning,8.0,8.0,0.0,9,6.9,No,36.0
NS000705,STF0408,FAC004,DEP006,2025-02-07,Evening,8.0,8.7,0.9,7,5.3,No,30.7
NS009011,STF0214,FAC004,DEP001,2023-09-17,Morning,8.0,8.4,2.1,1,0.9,No,10.3
NS007679,STF0083,FAC001,DEP004,2026-10-21,Evening,8.0,8.3,0.9,6,5.9,No,26.7
NS001356,STF0206,FAC003,DEP008,2023-05-12,Morning,8.0,8.5,0.8,6,4.4,No,26.4
NS002686,STF0159,FAC002,DEP007,2024-03-04,Morning,8.0,8.4,1.0,6,4.4,No,27.0
NS009898,STF0127,FAC002,DEP002,2026-09-10,Evening,8.0,8.2,1.0,8,6.4,No,35.0
NS000609,STF0397,FAC005,DEP007,2024-02-29,Morning,8.0,7.7,1.5,5,4.2,No,24.5
NS011527,STF0177,FAC003,DEP003,2026-06-16,Morning,8.0,7.3,1.8,8,7.4,No,37.4
NS010820,STF0499,FAC002,DEP007,2025-11-25,Morning,8.0,8.6,1.4,7,5.0,No,32.2
NS010518,STF0329,FAC005,DEP007,2021-10-09,Evening,8.0,8.3,0.0,1,0.7,No,4.0
NS010196,STF0389,FAC004,DEP007,2022-10-24,Morning,8.0,8.6,0.3,5,4.1,No,20.9
NS007795,STF0055,FAC001,DEP002,2026-12-01,Evening,8.0,7.6,0.0,7,5.9,No,28.0
NS001324,STF0435,FAC005,DEP005,2022-12-08,Morning,8.0,8.5,0.7,9,6.4,No,38.1
NS009490,STF0142,FAC002,DEP006,2025-03-05,Morning,8.0,8.6,0.0,6,5.7,No,24.0
NS001596,STF0114,FAC002,DEP001,2022-03-22,Morning,8.0,7.9,0.0,7,4.7,No,28.0
NS001517,STF0272,FAC004,DEP007,2023-10-25,Night,8.0,8.2,0.6,7,5.9,No,29.8
NS000759,STF0371,FAC004,DEP004,2025-08-07,Evening,8.0,8.0,1.7,7,4.8,No,33.1
NS010645,STF0117,FAC002,DEP001,2026-08-10,Evening,8.0,7.8,0.4,4,3.2,No,17.2
NS003903,STF0205,FAC003,DEP008,2021-11-12,Morning,8.0,0.0,0.0,0,0.0,Yes,0.0
NS008797,STF0131,FAC002,DEP005,2025-01-19,Evening,8.0,8.9,0.8,1,0.7,No,6.4
NS011904,STF0462,FAC001,DEP002,2024-06-22,Night,8.0,9.3,1.7,2,1.5,No,13.1
NS006019,STF0193,FAC003,DEP007,2026-03-26,Morning,8.0,7.9,1.5,6,4.7,No,28.5
NS004739,STF0105,FAC001,DEP008,2023-02-01,Morning,8.0,9.1,1.6,3,2.4,No,16.8
NS004861,STF0466,FAC001,DEP004,2024-02-12,Morning,8.0,9.0,1.0,7,6.3,No,31.0
NS000400,STF0092,FAC001,DEP005,2022-02-24,Morning,8.0,9.0,0.8,5,3.4,No,22.4
NS000931,STF0471,FAC004,DEP006,2025-08-23,Morning,8.0,7.7,0.8,3,2.2,No,14.4
NS004004,STF0385,FAC002,DEP005,2022-10-06,Night,8.0,7.0,0.8,7,6.3,No,30.4
NS000543,STF0363,FAC005,DEP008,2025-12-26,Morning,8.0,7.1,0.6,9,7.6,No,37.8
NS011337,STF0424,FAC001,DEP001,2026-04-09,Morning,8.0,0.0,0.0,0,0.0,Yes,0.0
NS008638,STF0476,FAC002,DEP007,2022-11-08,Morning,8.0,7.9,0.6,6,4.6,No,25.8
NS011712,STF0299,FAC005,DEP003,2025-12-10,Evening,8.0,8.4,2.2,8,5.9,No,38.6
NS006132,STF0478,FAC005,DEP008,2025-07-22,Morning,8.0,8.7,0.2,6,4.8,No,24.6
NS004036,STF0261,FAC004,DEP006,2025-11-20,Morning,8.0,7.3,1.0,10,9.4,No,43.0
NS001689,STF0094,FAC001,DEP005,2023-02-28,Morning,8.0,8.7,1.9,4,2.8,No,21.7
NS002129,STF0155,FAC002,DEP007,2023-07-31,Morning,8.0,8.5,1.9,7,6.9,No,33.7
NS002289,STF0215,FAC004,DEP001,2021-09-09,Evening,8.0,6.5,0.7,2,1.7,No,10.1
NS004689,STF0060,FAC001,DEP002,2021-03-05,Evening,8.0,7.9,1.2,3,2.7,No,15.6
NS001748,STF0145,FAC002,DEP006,2024-03-18,Night,8.0,7.7,0.1,4,3.3,No,16.3
NS000368,STF0470,FAC004,DEP001,2025-12-31,Morning,8.0,8.3,2.4,4,2.9,No,23.2
NS009434,STF0049,FAC001,DEP002,2026-09-29,Morning,8.0,7.2,0.7,5,4.6,No,22.1
NS011467,STF0483,FAC001,DEP003,2026-01-01,Morning,8.0,8.8,0.1,4,2.9,No,16.3
NS008482,STF0117,FAC002,DEP001,2023-02-17,Morning,8.0,7.8,0.6,8,7.1,No,33.8
NS003265,STF0369,FAC005,DEP007,2026-01-30,Night,8.0,8.2,1.0,7,6.1,No,31.0
NS005951,STF0116,FAC002,DEP001,2025-07-08,Night,8.0,7.8,2.3,9,6.5,No,42.9
NS002710,STF0241,FAC004,DEP005,2026-10-20,Morning,8.0,7.5,0.8,9,6.1,No,38.4
NS009682,STF0153,FAC002,DEP007,2025-02-14,Evening,8.0,7.6,0.3,6,4.2,No,24.9
NS000064,STF0373,FAC004,DEP001,2025-09-30,Morning,8.0,8.8,0.6,9,6.9,No,37.8
NS002190,STF0493,FAC004,DEP002,2021-06-24,Night,8.0,8.2,1.8,5,3.5,No,25.4
NS010451,STF0127,FAC002,DEP002,2023-07-06,Night,8.0,8.7,1.5,4,3.2,No,20.5
NS004773,STF0232,FAC004,DEP004,2025-03-20,Night,8.0,8.3,1.1,12,10.0,No,51.3
NS004881,STF0241,FAC004,DEP005,2026-11-16,Evening,8.0,7.1,0.4,9,7.0,No,37.2
NS010093,STF0433,FAC001,DEP005,2025-01-31,Morning,8.0,7.8,1.8,8,7.1,No,37.4
NS008060,STF0229,FAC004,DEP004,2021-06-25,Morning,8.0,6.4,1.3,11,10.4,No,47.9
NS010237,STF0177,FAC003,DEP003,2026-07-04,Evening,8.0,0.0,0.0,0,0.0,Yes,0.0
NS007733,STF0163,FAC003,DEP001,2024-03-02,Morning,8.0,8.0,0.7,4,2.8,No,18.1
NS007665,STF0177,FAC003,DEP003,2021-03-04,Morning,8.0,6.7,2.1,3,2.6,No,18.3
NS006249,STF0201,FAC003,DEP008,2023-12-15,Night,8.0,7.2,0.4,5,4.8,No,21.2
NS002819,STF0296,FAC005,DEP003,2023-03-27,Morning,8.0,6.8,0.3,8,5.8,No,32.9
NS003976,STF0232,FAC004,DEP004,2026-04-28,Night,8.0,8.4,1.0,5,3.7,No,23.0
NS000428,STF0308,FAC005,DEP005,2022-06-27,Evening,8.0,8.6,1.9,2,1.5,No,13.7
NS009247,STF0282,FAC005,DEP001,2023-04-21,Morning,8.0,8.8,0.4,8,6.1,No,33.2
NS009336,STF0067,FAC001,DEP003,2024-05-02,Evening,8.0,8.4,0.2,6,5.9,No,24.6
NS006352,STF0242,FAC004,DEP005,2022-01-10,Evening,8.0,9.0,0.3,7,6.8,No,28.9
NS009732,STF0303,FAC005,DEP005,2025-05-14,Morning,8.0,8.0,0.3,7,5.2,No,28.9
NS004708,STF0272,FAC004,DEP007,2026-12-14,Evening,8.0,8.3,0.6,8,6.1,No,33.8
NS005771,STF0483,FAC001,DEP003,2026-03-16,Morning,8.0,7.8,1.3,5,3.5,No,23.9
NS004338,STF0418,FAC004,DEP005,2021-08-12,Morning,8.0,8.4,0.1,3,2.5,No,12.3
NS011610,STF0433,FAC001,DEP005,2021-10-01,Morning,8.0,8.2,1.0,8,6.1,No,35.0
NS007678,STF0500,FAC002,DEP005,2023-11-10,Night,8.0,7.6,1.0,8,6.6,No,35.0
NS000677,STF0362,FAC005,DEP007,2023-11-14,Morning,8.0,8.4,0.9,1,1.0,No,6.7
NS011885,STF0483,FAC001,DEP003,2026-11-21,Morning,8.0,8.4,0.7,4,2.7,No,18.1
NS006867,STF0369,FAC005,DEP007,2025-09-16,Evening,8.0,7.7,0.3,7,4.7,No,28.9
NS011150,STF0131,FAC002,DEP005,2023-02-28,Morning,8.0,7.6,2.1,6,5.5,No,30.3
NS007076,STF0362,FAC005,DEP007,2022-07-28,Morning,8.0,8.1,2.1,4,3.5,No,22.3
NS010478,STF0268,FAC004,DEP007,2025-03-03,Evening,8.0,8.0,0.7,8,6.4,No,34.1
NS010860,STF0469,FAC001,DEP002,2025-11-16,Evening,8.0,8.4,0.0,1,0.7,No,4.0
NS006176,STF0055,FAC001,DEP002,2024-05-02,Night,8.0,7.8,0.6,9,6.5,No,37.8
NS002003,STF0049,FAC001,DEP002,2026-12-23,Night,8.0,7.4,2.0,9,8.0,No,42.0
NS007128,STF0328,FAC005,DEP007,2023-05-11,Evening,8.0,10.0,0.7,11,9.9,No,46.1
NS006837,STF0149,FAC002,DEP006,2023-03-01,Morning,8.0,8.6,1.6,5,4.8,No,24.8
NS005569,STF0059,FAC001,DEP002,2024-04-24,Morning,8.0,7.1,1.5,5,3.9,No,24.5
NS009098,STF0140,FAC002,DEP006,2021-05-10,Evening,8.0,6.7,0.6,3,2.2,No,13.8
NS008982,STF0296,FAC005,DEP003,2022-11-21,Night,8.0,8.7,0.0,9,7.1,No,36.0
NS008884,STF0340,FAC005,DEP008,2025-09-08,Night,8.0,7.4,0.1,9,8.3,No,36.3
NS002291,STF0363,FAC005,DEP008,2026-01-14,Evening,8.0,7.5,0.0,10,9.4,No,40.0
NS008445,STF0151,FAC002,DEP007,2024-08-01,Morning,8.0,9.3,1.3,6,4.4,No,27.9
NS003014,STF0114,FAC002,DEP001,2022-06-03,Evening,8.0,7.5,1.8,6,4.5,No,29.4
NS000741,STF0226,FAC004,DEP002,2021-03-01,Morning,8.0,8.3,0.2,1,0.9,No,4.6
NS000001,STF0064,FAC001,DEP003,2024-11-25,Morning,8.0,8.8,1.5,6,4.9,No,28.5
NS004615,STF0474,FAC004,DEP004,2026-01-28,Night,8.0,7.4,0.9,9,7.2,No,38.7
NS002518,STF0379,FAC001,DEP005,2021-01-22,Morning,8.0,7.0,2.1,6,4.5,No,30.3
NS004330,STF0447,FAC002,DEP001,2021-09-21,Morning,8.0,7.9,1.5,7,6.4,No,32.5
NS010482,STF0098,FAC001,DEP005,2025-02-18,Morning,8.0,8.5,1.0,7,5.5,No,31.0
NS005762,STF0462,FAC001,DEP002,2026-10-29,Evening,8.0,6.7,1.1,6,5.4,No,27.3
NS005381,STF0471,FAC004,DEP006,2024-02-20,Evening,8.0,8.2,0.3,5,4.1,No,20.9
NS004686,STF0477,FAC003,DEP001,2026-04-08,Morning,8.0,8.4,0.3,4,3.0,No,16.9
NS006533,STF0161,FAC002,DEP007,2022-11-06,Evening,8.0,8.8,0.0,3,2.9,No,12.0
NS008731,STF0435,FAC005,DEP005,2023-09-19,Evening,8.0,7.2,0.7,9,7.6,No,38.1
NS005059,STF0298,FAC005,DEP003,2023-02-26,Morning,8.0,7.8,0.1,1,0.7,No,4.3
NS005126,STF0161,FAC002,DEP007,2023-02-09,Morning,8.0,9.2,0.4,3,2.4,No,13.2
NS006102,STF0408,FAC004,DEP006,2025-12-10,Night,8.0,8.3,1.0,3,2.2,No,15.0
NS008669,STF0061,FAC001,DEP002,2023-08-23,Morning,8.0,8.6,0.3,6,5.9,No,24.9
NS004336,STF0448,FAC002,DEP007,2026-09-15,Evening,8.0,7.3,0.8,9,7.7,No,38.4
NS005217,STF0328,FAC005,DEP007,2022-09-12,Morning,8.0,8.4,2.1,7,4.7,No,34.3
NS006356,STF0448,FAC002,DEP007,2024-08-12,Morning,8.0,8.1,1.9,5,4.5,No,25.7
NS005400,STF0089,FAC001,DEP005,2021-10-31,Morning,8.0,7.0,0.0,3,2.7,No,12.0
NS003474,STF0044,FAC001,DEP001,2023-06-02,Morning,8.0,8.4,0.1,6,4.6,No,24.3
NS009424,STF0147,FAC002,DEP006,2022-07-01,Evening,8.0,6.4,0.7,6,4.1,No,26.1
NS009585,STF0142,FAC002,DEP006,2023-06-15,Night,8.0,8.6,0.2,6,4.8,No,24.6
NS002448,STF0164,FAC003,DEP001,2022-09-12,Night,8.0,7.5,1.6,7,4.7,No,32.8
NS004606,STF0391,FAC005,DEP007,2024-09-07,Morning,8.0,6.9,0.5,5,3.6,No,21.5
NS010347,STF0261,FAC004,DEP006,2026-01-08,Night,8.0,8.2,0.7,8,6.6,No,34.1
NS011238,STF0336,FAC005,DEP008,2025-04-29,Morning,8.0,7.9,0.4,5,3.6,No,21.2
NS003207,STF0306,FAC005,DEP005,2021-06-22,Morning,8.0,8.5,1.5,9,8.1,No,40.5
NS001531,STF0092,FAC001,DEP005,2026-12-11,Evening,8.0,8.4,2.1,9,8.4,No,42.3
NS006376,STF0131,FAC002,DEP005,2022-09-20,Evening,8.0,8.5,0.0,5,3.6,No,20.0
NS004027,STF0170,FAC003,DEP001,2024-12-11,Morning,8.0,6.7,0.6,6,4.1,No,25.8
NS000217,STF0477,FAC003,DEP001,2021-08-05,Night,8.0,7.7,2.0,7,6.4,No,34.0
NS003621,STF0105,FAC001,DEP008,2022-08-23,Evening,8.0,8.6,0.1,7,6.7,No,28.3
NS006424,STF0482,FAC004,DEP005,2021-08-25,Morning,8.0,8.4,0.8,5,4.0,No,22.4
NS000922,STF0428,FAC001,DEP001,2026-01-22,Morning,8.0,8.2,1.3,9,8.2,No,39.9
NS000867,STF0271,FAC004,DEP007,2025-06-20,Morning,8.0,7.6,0.0,5,3.8,No,20.0
NS006144,STF0329,FAC005,DEP007,2021-02-11,Morning,8.0,8.0,1.5,4,2.9,No,20.5
NS009563,STF0464,FAC002,DEP006,2026-04-29,Morning,8.0,8.4,0.9,6,5.4,No,26.7
NS000018,STF0399,FAC004,DEP006,2025-10-12,Evening,8.0,8.2,0.0,2,1.8,No,8.0
NS004227,STF0208,FAC004,DEP001,2022-09-28,Morning,8.0,0.0,0.0,0,0.0,Yes,0.0
NS011758,STF0163,FAC003,DEP001,2023-04-22,Morning,8.0,8.9,0.0,5,3.7,No,20.0
NS011229,STF0363,FAC005,DEP008,2024-03-22,Evening,8.0,7.8,1.0,5,3.8,No,23.0
NS006465,STF0089,FAC001,DEP005,2025-11-19,Morning,8.0,0.0,0.0,0,0.0,Yes,0.0
NS002508,STF0379,FAC001,DEP005,2021-10-20,Morning,8.0,7.4,0.6,7,4.7,No,29.8
NS011480,STF0165,FAC003,DEP001,2022-12-14,Morning,8.0,8.1,1.1,4,3.6,No,19.3
NS004809,STF0362,FAC005,DEP007,2024-09-12,Morning,8.0,0.0,0.0,0,0.0,Yes,0.0
NS009055,STF0371,FAC004,DEP004,2025-04-08,Night,8.0,8.9,1.9,6,5.8,No,29.7
NS010804,STF0092,FAC001,DEP005,2023-01-25,Morning,8.0,7.9,0.6,6,5.0,No,25.8
NS006686,STF0471,FAC004,DEP006,2026-05-01,Morning,8.0,7.5,1.2,1,1.0,No,7.6
NS002169,STF0116,FAC002,DEP001,2025-08-19,Morning,8.0,8.3,0.4,12,9.9,No,49.2
NS000796,STF0204,FAC003,DEP008,2026-09-02,Night,8.0,8.4,2.2,5,4.1,No,26.6
NS011291,STF0061,FAC001,DEP002,2024-05-07,Night,8.0,8.3,0.2,8,5.6,No,32.6
NS011154,STF0074,FAC001,DEP003,2025-07-22,Morning,8.0,8.8,0.8,10,9.5,No,42.4
NS002317,STF0396,FAC004,DEP004,2026-03-25,Morning,8.0,8.0,1.9,6,5.6,No,29.7
NS001563,STF0287,FAC005,DEP001,2021-06-15,Morning,8.0,7.6,1.8,10,9.5,No,45.4
NS006762,STF0385,FAC002,DEP005,2026-12-14,Night,8.0,8.5,1.8,7,5.5,No,33.4
NS010306,STF0060,FAC001,DEP002,2026-03-26,Morning,8.0,6.9,1.4,9,6.8,No,40.2
NS002343,STF0274,FAC004,DEP007,2025-12-30,Evening,8.0,8.4,2.7,11,9.8,No,52.1
NS007250,STF0414,FAC003,DEP008,2025-11-11,Night,8.0,8.1,0.3,7,6.5,No,28.9
NS010088,STF0116,FAC002,DEP001,2025-03-11,Morning,8.0,8.3,0.0,5,4.5,No,20.0
NS002914,STF0199,FAC003,DEP008,2025-12-19,Morning,8.0,8.8,1.4,5,4.9,No,24.2
NS007771,STF0303,FAC005,DEP005,2023-02-13,Night,8.0,6.7,1.8,7,6.4,No,33.4
NS003782,STF0365,FAC004,DEP006,2026-10-14,Morning,8.0,8.6,0.9,8,7.3,No,34.7
NS011002,STF0434,FAC005,DEP001,2024-07-09,Evening,8.0,7.8,1.3,4,3.5,No,19.9
NS010963,STF0229,FAC004,DEP004,2023-03-14,Morning,8.0,8.0,1.1,7,6.6,No,31.3
NS003483,STF0313,FAC005,DEP006,2023-05-11,Night,8.0,8.2,1.2,5,3.4,No,23.6
NS000684,STF0215,FAC004,DEP001,2023-01-09,Night,8.0,9.5,0.0,6,4.6,No,24.0
NS007008,STF0464,FAC002,DEP006,2026-12-04,Night,8.0,8.1,0.6,11,7.9,No,45.8
NS006487,STF0055,FAC001,DEP002,2025-08-20,Morning,8.0,7.2,1.5,8,5.6,No,36.5
NS010866,STF0178,FAC003,DEP003,2026-01-23,Morning,8.0,7.9,1.6,4,3.8,No,20.8
NS000578,STF0178,FAC003,DEP003,2026-03-28,Morning,8.0,7.8,0.5,2,1.5,No,9.5
NS011141,STF0098,FAC001,DEP005,2025-12-18,Evening,8.0,8.8,0.5,11,9.7,No,45.5
NS002969,STF0153,FAC002,DEP007,2024-04-05,Night,8.0,8.2,0.7,12,12.0,No,50.1
NS011473,STF0200,FAC003,DEP008,2022-02-25,Evening,8.0,8.0,1.3,8,6.9,No,35.9
NS007664,STF0303,FAC005,DEP005,2024-11-28,Night,8.0,7.9,2.0,6,4.6,No,30.0
NS006754,STF0170,FAC003,DEP001,2023-07-09,Morning,8.0,8.0,0.1,3,2.1,No,12.3
NS006521,STF0308,FAC005,DEP005,2023-06-12,Evening,8.0,0.0,0.0,0,0.0,Yes,0.0
NS000762,STF0070,FAC001,DEP003,2025-12-17,Evening,8.0,8.2,1.2,5,3.9,No,23.6
NS005268,STF0379,FAC001,DEP005,2021-09-02,Morning,8.0,8.9,0.0,4,4.0,No,16.0
NS008991,STF0383,FAC002,DEP005,2022-10-12,Night,8.0,9.2,0.0,7,4.8,No,28.0
NS010794,STF0304,FAC005,DEP005,2021-01-25,Night,8.0,0.0,0.0,0,0.0,Yes,0.0
NS001458,STF0272,FAC004,DEP007,2025-04-10,Morning,8.0,0.0,0.0,0,0.0,Yes,0.0
NS001618,STF0470,FAC004,DEP001,2022-02-28,Morning,8.0,7.8,1.4,6,4.4,No,28.2
NS004450,STF0187,FAC003,DEP005,2022-11-04,Morning,8.0,8.2,0.8,4,2.7,No,18.4
NS006570,STF0212,FAC004,DEP001,2025-07-23,Night,8.0,8.7,2.2,8,6.3,No,38.6
NS002251,STF0201,FAC003,DEP008,2022-02-14,Evening,8.0,7.4,0.7,6,4.7,No,26.1
NS010011,STF0149,FAC002,DEP006,2021-11-28,Morning,8.0,7.6,0.8,2,1.7,No,10.4
NS002577,STF0144,FAC002,DEP006,2024-03-29,Morning,8.0,7.6,2.3,10,9.5,No,46.9
NS006522,STF0274,FAC004,DEP007,2021-06-17,Evening,8.0,7.4,0.7,3,2.2,No,14.1
NS002615,STF0282,FAC005,DEP001,2022-07-14,Morning,8.0,7.5,2.2,5,3.7,No,26.6
NS005590,STF0189,FAC003,DEP007,2024-08-11,Night,8.0,7.9,0.4,1,0.7,No,5.2
NS004399,STF0499,FAC002,DEP007,2022-05-19,Morning,8.0,0.0,0.0,0,0.0,Yes,0.0
NS006591,STF0229,FAC004,DEP004,2023-01-19,Evening,8.0,0.0,0.0,0,0.0,Yes,0.0
NS008772,STF0290,FAC005,DEP001,2026-06-16,Night,8.0,8.6,1.2,5,3.6,No,23.6
NS009776,STF0271,FAC004,DEP007,2022-07-06,Morning,8.0,7.9,0.6,5,5.0,No,21.8
NS008116,STF0490,FAC001,DEP002,2026-10-07,Morning,8.0,8.8,2.2,6,4.2,No,30.6
NS001808,STF0293,FAC005,DEP003,2025-03-05,Evening,8.0,7.2,1.7,7,5.7,No,33.1
NS006585,STF0151,FAC002,DEP007,2025-10-22,Night,8.0,8.7,0.0,10,7.7,No,40.0
NS010904,STF0145,FAC002,DEP006,2022-07-13,Night,8.0,8.0,0.9,7,5.1,No,30.7
NS010280,STF0389,FAC004,DEP007,2026-02-22,Morning,8.0,8.1,1.7,1,0.7,No,9.1
NS005715,STF0388,FAC001,DEP008,2024-09-08,Evening,8.0,7.5,1.1,3,2.1,No,15.3
NS003533,STF0373,FAC004,DEP001,2025-06-04,Morning,8.0,8.3,0.6,11,10.4,No,45.8
NS001042,STF0116,FAC002,DEP001,2026-05-03,Night,8.0,8.4,0.3,1,0.7,No,4.9
NS003854,STF0388,FAC001,DEP008,2022-06-23,Night,8.0,8.3,0.0,4,2.7,No,16.0
NS004975,STF0161,FAC002,DEP007,2026-05-24,Morning,8.0,6.8,1.1,3,2.8,No,15.3
NS005008,STF0389,FAC004,DEP007,2022-08-05,Night,8.0,7.7,1.0,9,7.7,No,39.0
NS000174,STF0331,FAC005,DEP007,2026-04-09,Morning,8.0,9.1,0.3,8,7.5,No,32.9
NS007021,STF0470,FAC004,DEP001,2026-11-10,Night,8.0,8.9,0.6,8,5.7,No,33.8
NS000170,STF0389,FAC004,DEP007,2021-12-03,Evening,8.0,8.8,0.2,8,7.7,No,32.6
NS008862,STF0411,FAC005,DEP007,2021-04-23,Night,8.0,8.1,1.3,5,4.5,No,23.9
NS007901,STF0255,FAC004,DEP006,2025-04-03,Morning,8.0,8.5,1.0,7,6.6,No,31.0
NS008551,STF0079,FAC001,DEP004,2023-03-13,Morning,8.0,8.9,1.1,9,7.4,No,39.3
NS003942,STF0064,FAC001,DEP003,2023-03-16,Night,8.0,8.3,0.7,9,6.6,No,38.1
NS001273,STF0289,FAC005,DEP001,2023-05-26,Morning,8.0,7.7,0.5,6,5.5,No,25.5
NS007154,STF0487,FAC005,DEP006,2022-03-02,Evening,8.0,7.6,0.0,7,5.4,No,28.0
NS000961,STF0131,FAC002,DEP005,2025-09-09,Morning,8.0,7.4,1.6,4,3.1,No,20.8
NS002544,STF0183,FAC003,DEP005,2024-05-24,Night,8.0,7.5,1.4,8,7.9,No,36.2
NS004719,STF0243,FAC004,DEP005,2021-07-15,Morning,8.0,8.5,0.8,8,7.2,No,34.4
NS007945,STF0145,FAC002,DEP006,2025-07-21,Morning,8.0,8.0,1.5,4,2.7,No,20.5
NS000884,STF0241,FAC004,DEP005,2023-02-01,Morning,8.0,8.8,0.5,8,5.4,No,33.5
NS010438,STF0274,FAC004,DEP007,2023-04-11,Morning,8.0,7.7,0.0,8,7.8,No,32.0
NS002523,STF0188,FAC003,DEP007,2022-08-05,Morning,8.0,7.5,0.8,8,6.0,No,34.4
NS000800,STF0149,FAC002,DEP006,2026-05-26,Night,8.0,6.7,1.3,6,4.7,No,27.9
NS011846,STF0241,FAC004,DEP005,2026-06-29,Evening,8.0,7.5,1.9,4,3.6,No,21.7
NS008331,STF0299,FAC005,DEP003,2026-11-04,Evening,8.0,7.2,1.3,10,8.1,No,43.9
NS004031,STF0447,FAC002,DEP001,2022-07-20,Evening,8.0,7.2,0.6,5,4.8,No,21.8
NS001594,STF0227,FAC004,DEP002,2024-11-17,Morning,8.0,8.6,0.6,2,1.5,No,9.8
NS002537,STF0329,FAC005,DEP007,2021-11-26,Morning,8.0,8.5,2.2,7,5.8,No,34.6
NS002883,STF0144,FAC002,DEP006,2024-04-12,Evening,8.0,7.5,2.0,4,3.8,No,22.0
NS006497,STF0340,FAC005,DEP008,2022-10-28,Night,8.0,7.7,1.5,6,5.7,No,28.5
NS006766,STF0142,FAC002,DEP006,2024-12-08,Morning,8.0,8.7,1.5,7,6.0,No,32.5
NS003602,STF0092,FAC001,DEP005,2023-10-06,Evening,8.0,7.8,1.8,4,2.8,No,21.4
NS004419,STF0204,FAC003,DEP008,2023-09-01,Night,8.0,8.8,1.6,5,3.9,No,24.8
NS004783,STF0212,FAC004,DEP001,2021-07-23,Morning,8.0,7.6,0.7,5,4.1,No,22.1
NS004221,STF0089,FAC001,DEP005,2025-03-26,Morning,8.0,8.5,0.8,7,6.8,No,30.4
NS006552,STF0255,FAC004,DEP006,2026-04-02,Morning,8.0,7.3,0.0,4,3.9,No,16.0
NS003679,STF0289,FAC005,DEP001,2024-08-09,Evening,8.0,8.8,0.3,7,4.8,No,28.9
NS001161,STF0418,FAC004,DEP005,2022-05-11,Evening,8.0,8.1,0.9,6,4.4,No,26.7
NS003885,STF0199,FAC003,DEP008,2026-09-30,Morning,8.0,7.7,1.8,7,6.4,No,33.4
NS009625,STF0371,FAC004,DEP004,2026-07-31,Morning,8.0,7.7,1.5,12,9.9,No,52.5
NS004481,STF0244,FAC004,DEP005,2021-09-05,Morning,8.0,8.4,0.1,2,2.0,No,8.3
NS010372,STF0388,FAC001,DEP008,2026-04-09,Evening,8.0,8.5,0.6,11,10.5,No,45.8
NS008453,STF0140,FAC002,DEP006,2023-11-28,Night,8.0,8.4,0.6,8,6.1,No,33.8
NS007996,STF0464,FAC002,DEP006,2025-08-11,Night,8.0,9.1,0.8,8,6.6,No,34.4
NS000587,STF0287,FAC005,DEP001,2021-04-07,Morning,8.0,7.8,1.3,6,5.7,No,27.9
NS001580,STF0365,FAC004,DEP006,2026-03-27,Morning,8.0,7.6,0.4,5,4.9,No,21.2
NS005397,STF0049,FAC001,DEP002,2025-08-17,Evening,8.0,8.0,0.8,4,2.8,No,18.4
NS006998,STF0268,FAC004,DEP007,2024-11-25,Evening,8.0,7.9,1.4,4,4.0,No,20.2
NS010668,STF0055,FAC001,DEP002,2024-07-30,Morning,8.0,8.3,1.9,8,7.4,No,37.7
NS011049,STF0163,FAC003,DEP001,2024-07-16,Morning,8.0,8.3,1.9,11,7.4,No,49.7
NS002958,STF0136,FAC002,DEP005,2026-09-04,Night,8.0,7.7,0.8,9,6.7,No,38.4
NS007517,STF0482,FAC004,DEP005,2021-06-30,Evening,8.0,7.5,0.0,5,3.6,No,20.0
NS008683,STF0284,FAC005,DEP001,2026-12-02,Night,8.0,7.3,2.1,10,6.8,No,46.3
NS002586,STF0145,FAC002,DEP006,2021-01-08,Morning,8.0,6.6,2.0,1,0.8,No,10.0
NS001148,STF0243,FAC004,DEP005,2021-10-22,Morning,8.0,8.1,0.7,6,5.5,No,26.1
NS008716,STF0287,FAC005,DEP001,2024-05-25,Morning,8.0,8.6,1.5,5,3.9,No,24.5
NS009620,STF0170,FAC003,DEP001,2022-02-11,Morning,8.0,8.8,0.7,8,6.8,No,34.1
NS009503,STF0471,FAC004,DEP006,2026-07-11,Evening,8.0,8.1,0.2,6,4.6,No,24.6
NS004563,STF0252,FAC004,DEP006,2023-02-06,Morning,8.0,8.3,1.6,4,3.6,No,20.8
NS011489,STF0476,FAC002,DEP007,2026-07-24,Night,8.0,9.0,1.4,6,5.8,No,28.2
NS005020,STF0189,FAC003,DEP007,2023-08-16,Morning,8.0,7.5,0.9,3,2.3,No,14.7
NS011109,STF0388,FAC001,DEP008,2023-11-18,Night,8.0,8.7,0.8,1,0.7,No,6.4
NS002535,STF0389,FAC004,DEP007,2021-09-07,Evening,8.0,7.9,1.3,3,2.2,No,15.9
NS009303,STF0397,FAC005,DEP007,2022-05-10,Evening,8.0,7.5,0.4,7,5.6,No,29.2
NS008349,STF0140,FAC002,DEP006,2024-02-27,Evening,8.0,8.7,0.9,8,6.2,No,34.7
NS003266,STF0098,FAC001,DEP005,2026-04-23,Evening,8.0,7.6,1.1,8,7.7,No,35.3
NS008986,STF0454,FAC004,DEP006,2021-10-27,Evening,8.0,6.9,0.5,2,1.8,No,9.5
NS005107,STF0121,FAC002,DEP002,2024-11-12,Evening,8.0,6.6,1.0,8,6.8,No,35.0
NS009728,STF0119,FAC002,DEP002,2021-11-13,Morning,8.0,9.1,1.0,3,2.6,No,15.0
NS007872,STF0187,FAC003,DEP005,2026-07-25,Evening,8.0,7.2,2.0,6,5.4,No,30.0
NS002677,STF0159,FAC002,DEP007,2021-09-16,Night,8.0,8.2,0.9,4,3.3,No,18.7
NS011181,STF0398,FAC003,DEP005,2023-08-27,Evening,8.0,6.9,0.0,4,2.9,No,16.0
NS010265,STF0138,FAC002,DEP005,2024-09-26,Evening,8.0,8.7,0.5,6,5.5,No,25.5
NS011393,STF0466,FAC001,DEP004,2024-09-06,Evening,8.0,7.5,2.6,10,8.4,No,47.8
NS010472,STF0282,FAC005,DEP001,2026-06-12,Night,8.0,7.8,2.2,8,7.8,No,38.6
NS000104,STF0383,FAC002,DEP005,2026-09-25,Night,8.0,7.3,1.0,10,9.1,No,43.0
NS011211,STF0330,FAC005,DEP007,2022-02-24,Evening,8.0,9.1,0.0,4,3.2,No,16.0
NS009239,STF0140,FAC002,DEP006,2024-01-25,Morning,8.0,7.8,1.6,8,7.7,No,36.8
NS009529,STF0140,FAC002,DEP006,2021-04-08,Night,8.0,8.0,0.6,6,4.8,No,25.8
NS005419,STF0119,FAC002,DEP002,2023-01-26,Morning,8.0,7.7,0.0,3,2.3,No,12.0
NS003232,STF0307,FAC005,DEP005,2025-05-17,Evening,8.0,7.9,0.3,3,2.6,No,12.9
NS005710,STF0177,FAC003,DEP003,2026-11-20,Evening,8.0,7.6,2.4,8,5.4,No,39.2
NS005269,STF0201,FAC003,DEP008,2021-05-12,Evening,8.0,7.3,0.9,4,2.9,No,18.7
NS010992,STF0476,FAC002,DEP007,2021-05-24,Evening,8.0,7.5,0.0,6,4.2,No,24.0
NS006046,STF0488,FAC001,DEP008,2025-08-25,Morning,8.0,8.6,1.6,11,8.5,No,48.8
NS003353,STF0044,FAC001,DEP001,2025-04-11,Morning,8.0,8.0,1.1,7,5.1,No,31.3
NS009996,STF0227,FAC004,DEP002,2025-07-25,Morning,8.0,8.4,1.8,11,7.9,No,49.4
NS006307,STF0211,FAC004,DEP001,2023-12-27,Morning,8.0,8.4,1.5,5,3.4,No,24.5
NS008224,STF0398,FAC003,DEP005,2022-03-23,Night,8.0,7.6,1.4,4,2.7,No,20.2
NS008512,STF0289,FAC005,DEP001,2024-04-11,Morning,8.0,6.9,0.8,5,4.0,No,22.4
NS000292,STF0387,FAC001,DEP001,2025-02-13,Evening,8.0,8.0,0.7,4,3.5,No,18.1
NS008164,STF0400,FAC002,DEP005,2024-10-18,Evening,8.0,7.1,1.7,6,4.0,No,29.1
NS009241,STF0147,FAC002,DEP006,2025-04-24,Evening,8.0,7.5,1.6,5,3.4,No,24.8
NS010649,STF0464,FAC002,DEP006,2026-06-30,Evening,8.0,7.6,0.9,6,5.0,No,26.7
NS005147,STF0229,FAC004,DEP004,2023-08-25,Morning,8.0,8.6,1.6,4,3.8,No,20.8
NS002610,STF0308,FAC005,DEP005,2026-05-04,Evening,8.0,8.8,1.3,8,5.9,No,35.9
NS003725,STF0487,FAC005,DEP006,2023-10-19,Morning,8.0,7.9,0.0,2,1.5,No,8.0
NS008277,STF0313,FAC005,DEP006,2025-08-18,Evening,8.0,7.0,1.7,8,7.4,No,37.1
NS007676,STF0107,FAC001,DEP008,2024-03-12,Evening,8.0,8.1,2.7,5,3.6,No,28.1
NS008450,STF0060,FAC001,DEP002,2024-06-18,Evening,8.0,7.2,1.0,9,7.6,No,39.0
NS003791,STF0383,FAC002,DEP005,2023-12-11,Night,8.0,7.5,1.5,8,5.5,No,36.5
NS003648,STF0170,FAC003,DEP001,2023-08-25,Night,8.0,8.1,1.7,6,4.0,No,29.1
NS005770,STF0268,FAC004,DEP007,2026-03-19,Evening,8.0,0.0,0.0,0,0.0,Yes,0.0
NS003746,STF0329,FAC005,DEP007,2025-09-06,Night,8.0,9.2,0.6,5,3.9,No,21.8
NS002240,STF0208,FAC004,DEP001,2024-10-18,Evening,8.0,10.0,0.0,7,6.3,No,28.0
NS002517,STF0299,FAC005,DEP003,2023-04-22,Evening,8.0,7.9,0.0,7,5.4,No,28.0
NS006897,STF0499,FAC002,DEP007,2021-06-30,Evening,8.0,8.0,0.4,6,5.5,No,25.2
NS011910,STF0408,FAC004,DEP006,2021-08-13,Evening,8.0,8.6,0.9,5,4.5,No,22.7
NS009765,STF0331,FAC005,DEP007,2021-01-22,Morning,8.0,7.6,0.5,6,5.5,No,25.5
NS006955,STF0387,FAC001,DEP001,2026-07-13,Night,8.0,8.2,1.3,8,5.6,No,35.9
NS001714,STF0440,FAC001,DEP003,2024-08-15,Evening,8.0,8.4,0.8,1,0.8,No,6.4
NS004707,STF0079,FAC001,DEP004,2025-11-18,Morning,8.0,8.0,0.4,8,5.8,No,33.2
NS000579,STF0206,FAC003,DEP008,2023-11-01,Morning,8.0,7.9,0.8,7,6.7,No,30.4
NS010186,STF0371,FAC004,DEP004,2026-10-30,Morning,8.0,7.5,1.4,5,3.6,No,24.2
NS001512,STF0105,FAC001,DEP008,2026-10-12,Morning,8.0,8.0,1.2,7,5.8,No,31.6
NS006138,STF0189,FAC003,DEP007,2024-04-23,Morning,8.0,7.8,0.9,8,7.5,No,34.7
NS011407,STF0328,FAC005,DEP007,2025-09-26,Morning,8.0,7.8,1.2,6,5.5,No,27.6
NS006160,STF0330,FAC005,DEP007,2026-07-01,Morning,8.0,7.9,1.3,7,5.6,No,31.9
NS002233,STF0201,FAC003,DEP008,2023-10-06,Evening,8.0,8.3,2.1,5,4.3,No,26.3
NS005652,STF0268,FAC004,DEP007,2024-06-29,Morning,8.0,0.0,0.0,0,0.0,Yes,0.0
NS009532,STF0205,FAC003,DEP008,2024-07-04,Morning,8.0,7.6,0.0,7,5.4,No,28.0
NS003752,STF0435,FAC005,DEP005,2022-12-12,Morning,8.0,7.6,1.5,8,7.5,No,36.5
NS009822,STF0126,FAC002,DEP002,2021-03-10,Evening,8.0,7.7,0.0,2,1.5,No,8.0
NS010684,STF0127,FAC002,DEP002,2023-06-11,Night,8.0,7.7,0.0,7,5.4,No,28.0
NS004455,STF0107,FAC001,DEP008,2025-12-17,Morning,8.0,8.3,0.2,11,8.6,No,44.6
NS006419,STF0193,FAC003,DEP007,2021-10-20,Night,8.0,6.8,0.2,4,2.7,No,16.6
NS001769,STF0145,FAC002,DEP006,2023-06-14,Morning,8.0,7.9,0.0,5,3.7,No,20.0
NS004863,STF0329,FAC005,DEP007,2026-03-23,Night,8.0,7.9,1.8,5,4.1,No,25.4
NS000622,STF0229,FAC004,DEP004,2021-09-10,Evening,8.0,8.3,0.0,6,4.3,No,24.0
NS008488,STF0363,FAC005,DEP008,2025-08-28,Evening,8.0,8.5,1.2,6,5.1,No,27.6
NS007653,STF0226,FAC004,DEP002,2025-07-27,Morning,8.0,8.5,0.7,4,2.8,No,18.1
NS003834,STF0076,FAC001,DEP004,2024-12-09,Evening,8.0,7.2,0.8,8,7.2,No,34.4
NS011210,STF0115,FAC002,DEP001,2026-11-28,Evening,8.0,6.8,0.7,3,2.5,No,14.1
NS005613,STF0472,FAC003,DEP008,2026-06-18,Morning,8.0,8.6,0.9,7,6.2,No,30.7
NS004537,STF0261,FAC004,DEP006,2026-09-11,Night,8.0,7.4,0.0,10,7.0,No,40.0
NS007364,STF0304,FAC005,DEP005,2022-12-16,Evening,8.0,7.7,0.4,4,3.0,No,17.2
NS005226,STF0476,FAC002,DEP007,2022-12-20,Evening,8.0,7.8,0.9,5,3.6,No,22.7
NS000266,STF0127,FAC002,DEP002,2025-09-29,Morning,8.0,7.0,2.5,11,9.3,No,51.5
NS000834,STF0115,FAC002,DEP001,2021-01-29,Evening,8.0,7.2,0.0,8,7.0,No,32.0
NS008286,STF0140,FAC002,DEP006,2022-02-02,Morning,8.0,7.7,0.4,3,2.6,No,13.2
NS002920,STF0242,FAC004,DEP005,2022-04-02,Morning,8.0,7.1,1.5,3,2.6,No,16.5
NS011320,STF0279,FAC005,DEP001,2021-11-03,Evening,8.0,8.7,0.0,4,2.8,No,16.0
NS001286,STF0155,FAC002,DEP007,2021-05-14,Night,8.0,8.2,1.8,5,5.0,No,25.4
NS010008,STF0476,FAC002,DEP007,2026-11-23,Morning,8.0,7.4,0.0,10,7.9,No,40.0
NS011498,STF0470,FAC004,DEP001,2026-07-28,Night,8.0,7.5,1.7,9,7.4,No,41.1
NS004191,STF0215,FAC004,DEP001,2025-02-12,Night,8.0,8.5,2.2,5,4.1,No,26.6
NS006342,STF0290,FAC005,DEP001,2023-08-15,Evening,8.0,8.8,0.0,1,0.9,No,4.0
NS010329,STF0298,FAC005,DEP003,2025-03-30,Evening,8.0,8.3,0.4,3,2.7,No,13.2
NS011960,STF0146,FAC002,DEP006,2023-08-11,Night,8.0,0.0,0.0,0,0.0,Yes,0.0
NS009472,STF0284,FAC005,DEP001,2024-10-10,Evening,8.0,7.6,2.3,6,4.5,No,30.9
NS009900,STF0102,FAC001,DEP008,2026-06-01,Morning,8.0,7.5,0.0,10,7.3,No,40.0
NS005435,STF0282,FAC005,DEP001,2026-09-03,Evening,8.0,7.2,0.5,8,6.6,No,33.5
NS011566,STF0272,FAC004,DEP007,2023-07-24,Evening,8.0,9.0,2.0,9,7.1,No,42.0
NS010858,STF0373,FAC004,DEP001,2024-12-14,Morning,8.0,7.8,0.1,6,5.8,No,24.3
NS001397,STF0241,FAC004,DEP005,2026-01-27,Morning,8.0,8.1,1.4,8,6.7,No,36.2
NS000260,STF0226,FAC004,DEP002,2026-11-09,Night,8.0,7.3,0.4,7,4.7,No,29.2
NS010324,STF0332,FAC005,DEP007,2025-11-19,Night,8.0,8.0,0.0,10,7.2,No,40.0
NS001672,STF0400,FAC002,DEP005,2024-12-11,Morning,8.0,7.2,1.7,6,4.5,No,29.1
NS007924,STF0316,FAC005,DEP006,2023-11-24,Morning,8.0,7.8,0.0,8,6.1,No,32.0
NS006974,STF0146,FAC002,DEP006,2026-06-03,Evening,8.0,7.7,0.0,8,7.0,No,32.0
NS008264,STF0117,FAC002,DEP001,2021-11-29,Morning,8.0,8.5,0.5,5,4.2,No,21.5
NS000757,STF0143,FAC002,DEP006,2026-10-30,Night,8.0,8.1,0.4,6,4.1,No,25.2
NS004755,STF0119,FAC002,DEP002,2021-12-17,Evening,8.0,6.8,0.3,4,3.0,No,16.9
NS008242,STF0365,FAC004,DEP006,2025-05-14,Morning,8.0,8.2,0.8,4,3.3,No,18.4
NS011538,STF0147,FAC002,DEP006,2022-11-19,Evening,8.0,7.4,0.2,2,1.5,No,8.6
NS008383,STF0172,FAC003,DEP003,2025-05-20,Morning,8.0,7.5,1.3,9,8.0,No,39.9
NS009508,STF0389,FAC004,DEP007,2024-07-11,Night,8.0,8.4,1.2,3,2.4,No,15.6
NS004220,STF0326,FAC005,DEP007,2022-03-14,Morning,8.0,8.8,1.8,4,3.0,No,21.4
NS004891,STF0330,FAC005,DEP007,2026-07-08,Morning,8.0,8.2,0.7,9,6.4,No,38.1
NS010236,STF0119,FAC002,DEP002,2021-03-26,Evening,8.0,8.2,0.8,4,3.4,No,18.4
NS010453,STF0391,FAC005,DEP007,2026-09-11,Morning,8.0,8.4,1.4,10,7.4,No,44.2
NS008672,STF0308,FAC005,DEP005,2025-08-05,Evening,8.0,8.9,1.1,8,5.3,No,35.3
NS000695,STF0299,FAC005,DEP003,2021-03-24,Evening,8.0,7.6,0.4,5,3.7,No,21.2
NS010188,STF0126,FAC002,DEP002,2025-03-23,Evening,8.0,7.3,0.3,1,0.7,No,4.9
NS008072,STF0329,FAC005,DEP007,2022-08-27,Night,8.0,7.3,0.0,5,3.6,No,20.0
NS008177,STF0162,FAC003,DEP001,2022-07-04,Morning,8.0,8.3,0.8,4,3.2,No,18.4
NS009879,STF0131,FAC002,DEP005,2021-12-22,Morning,8.0,0.0,0.0,0,0.0,Yes,0.0
NS003577,STF0163,FAC003,DEP001,2025-08-04,Evening,8.0,8.4,1.5,6,4.8,No,28.5
NS006099,STF0244,FAC004,DEP005,2024-03-13,Morning,8.0,7.7,0.2,5,4.1,No,20.6
NS009074,STF0241,FAC004,DEP005,2021-02-16,Night,8.0,8.5,1.1,8,7.8,No,35.3
NS008883,STF0161,FAC002,DEP007,2022-12-29,Morning,8.0,0.0,0.0,0,0.0,Yes,0.0
NS007703,STF0044,FAC001,DEP001,2023-11-22,Night,8.0,9.3,0.7,6,4.0,No,26.1
NS005732,STF0303,FAC005,DEP005,2022-12-12,Night,8.0,7.9,1.0,10,8.1,No,43.0
NS002010,STF0365,FAC004,DEP006,2022-11-16,Morning,8.0,8.6,1.5,8,5.7,No,36.5
NS006320,STF0290,FAC005,DEP001,2022-05-09,Evening,8.0,8.8,0.1,5,3.5,No,20.3
NS011543,STF0483,FAC001,DEP003,2021-07-31,Morning,8.0,7.9,0.0,2,1.8,No,8.0
NS005378,STF0494,FAC001,DEP002,2024-12-14,Evening,8.0,9.0,0.4,2,1.5,No,9.2
NS011722,STF0268,FAC004,DEP007,2026-01-02,Morning,8.0,9.4,1.2,8,5.7,No,35.6
NS004116,STF0093,FAC001,DEP005,2026-06-18,Evening,8.0,7.5,0.4,5,3.4,No,21.2
NS006367,STF0142,FAC002,DEP006,2025-06-16,Morning,8.0,7.6,1.6,6,4.2,No,28.8
NS010467,STF0247,FAC004,DEP005,2022-05-26,Morning,8.0,7.6,0.0,9,7.0,No,36.0
NS011521,STF0102,FAC001,DEP008,2022-01-04,Evening,8.0,8.8,1.3,7,5.6,No,31.9
NS007204,STF0178,FAC003,DEP003,2023-09-16,Morning,8.0,8.3,0.5,3,2.2,No,13.5
NS003170,STF0433,FAC001,DEP005,2026-05-26,Morning,8.0,6.3,0.2,6,4.4,No,24.6
NS004827,STF0105,FAC001,DEP008,2025-10-29,Morning,8.0,0.0,0.0,0,0.0,Yes,0.0
NS006115,STF0380,FAC004,DEP002,2025-10-13,Morning,8.0,8.7,0.2,8,5.9,No,32.6
NS003888,STF0470,FAC004,DEP001,2026-02-23,Evening,8.0,7.9,0.9,8,6.0,No,34.7
NS003947,STF0367,FAC005,DEP001,2025-11-07,Morning,8.0,0.0,0.0,0,0.0,Yes,0.0
NS001238,STF0476,FAC002,DEP007,2025-07-30,Morning,8.0,8.4,2.2,9,7.7,No,42.6
NS002999,STF0064,FAC001,DEP003,2021-09-28,Night,8.0,7.9,0.4,7,6.6,No,29.2
NS007677,STF0049,FAC001,DEP002,2025-12-05,Morning,8.0,7.1,2.2,9,6.9,No,42.6
NS002755,STF0081,FAC001,DEP004,2026-09-24,Evening,8.0,8.8,0.0,8,6.1,No,32.0
NS010838,STF0464,FAC002,DEP006,2025-12-24,Morning,8.0,7.1,0.1,5,4.0,No,20.3
NS008803,STF0149,FAC002,DEP006,2025-06-22,Morning,8.0,8.7,0.1,4,3.3,No,16.3
NS007140,STF0447,FAC002,DEP001,2023-01-24,Evening,8.0,8.3,1.5,12,10.0,No,52.5
NS011250,STF0187,FAC003,DEP005,2024-11-07,Morning,8.0,8.8,0.7,7,6.1,No,30.1
NS011385,STF0155,FAC002,DEP007,2024-12-05,Morning,8.0,8.7,1.7,8,6.5,No,37.1
NS001965,STF0184,FAC003,DEP005,2025-04-24,Morning,8.0,7.9,0.6,4,3.6,No,17.8
NS008508,STF0188,FAC003,DEP007,2026-12-01,Evening,8.0,8.1,0.6,5,3.5,No,21.8
NS010828,STF0373,FAC004,DEP001,2024-05-21,Evening,8.0,8.8,1.5,8,7.3,No,36.5
NS010722,STF0177,FAC003,DEP003,2022-07-30,Night,8.0,7.9,0.7,3,2.5,No,14.1
NS000820,STF0304,FAC005,DEP005,2026-01-21,Evening,8.0,8.9,1.9,10,6.8,No,45.7
NS011366,STF0326,FAC005,DEP007,2024-05-25,Morning,8.0,8.8,1.4,7,4.8,No,32.2
NS011447,STF0418,FAC004,DEP005,2024-12-30,Morning,8.0,7.3,1.7,8,6.1,No,37.1
NS007749,STF0434,FAC005,DEP001,2024-10-23,Night,8.0,6.2,0.4,10,9.4,No,41.2
NS002541,STF0212,FAC004,DEP001,2026-10-15,Morning,8.0,8.0,0.7,9,8.6,No,38.1
NS005722,STF0282,FAC005,DEP001,2021-06-07,Morning,8.0,8.5,1.1,6,5.4,No,27.3
NS006086,STF0143,FAC002,DEP006,2022-02-15,Night,8.0,8.4,1.9,1,0.7,No,9.7
NS007550,STF0282,FAC005,DEP001,2024-07-03,Morning,8.0,8.9,1.1,9,6.8,No,39.3
NS001062,STF0371,FAC004,DEP004,2021-05-06,Morning,8.0,7.3,0.5,6,4.8,No,25.5
NS005925,STF0226,FAC004,DEP002,2023-08-07,Evening,8.0,7.2,0.7,8,7.1,No,34.1
NS008284,STF0428,FAC001,DEP001,2026-09-14,Night,8.0,7.4,1.4,6,4.9,No,28.2
NS001255,STF0178,FAC003,DEP003,2024-02-05,Morning,8.0,8.1,0.8,7,5.9,No,30.4
NS000953,STF0474,FAC004,DEP004,2022-09-22,Morning,8.0,8.3,1.6,8,6.7,No,36.8
NS009134,STF0201,FAC003,DEP008,2022-01-23,Evening,8.0,8.8,0.9,1,0.9,No,6.7
NS010100,STF0241,FAC004,DEP005,2022-03-10,Evening,8.0,8.0,0.7,5,3.9,No,22.1
NS004793,STF0219,FAC004,DEP002,2022-05-28,Evening,8.0,7.6,0.5,3,2.5,No,13.5
NS007857,STF0458,FAC005,DEP008,2021-11-13,Morning,8.0,7.1,0.0,8,6.3,No,32.0
NS001119,STF0060,FAC001,DEP002,2024-01-02,Morning,8.0,7.4,0.9,12,8.3,No,50.7
NS007453,STF0464,FAC002,DEP006,2021-08-11,Night,8.0,8.6,0.1,3,2.8,No,12.3
NS009576,STF0490,FAC001,DEP002,2025-09-02,Night,8.0,7.8,0.5,5,3.3,No,21.5
NS001955,STF0307,FAC005,DEP005,2021-07-05,Morning,8.0,7.6,0.6,5,4.4,No,21.8
NS004059,STF0428,FAC001,DEP001,2024-12-25,Night,8.0,7.3,0.0,1,0.8,No,4.0
NS010429,STF0331,FAC005,DEP007,2023-06-06,Morning,8.0,6.3,1.1,5,4.6,No,23.3
NS004090,STF0287,FAC005,DEP001,2022-01-24,Morning,8.0,7.9,0.9,9,7.2,No,38.7
NS006682,STF0081,FAC001,DEP004,2022-03-03,Evening,8.0,0.0,0.0,0,0.0,Yes,0.0
NS001719,STF0142,FAC002,DEP006,2024-09-04,Morning,8.0,8.5,0.8,5,3.5,No,22.4
NS004402,STF0274,FAC004,DEP007,2024-02-29,Morning,8.0,8.7,0.8,2,1.8,No,10.4
NS004239,STF0159,FAC002,DEP007,2023-02-11,Morning,8.0,7.7,2.2,4,3.4,No,22.6
NS008646,STF0093,FAC001,DEP005,2023-11-13,Morning,8.0,8.2,0.6,6,4.4,No,25.8
NS010563,STF0060,FAC001,DEP002,2026-10-05,Night,8.0,7.2,0.4,4,3.2,No,17.2
NS002338,STF0170,FAC003,DEP001,2022-05-04,Night,8.0,9.1,1.5,3,2.6,No,16.5
NS003028,STF0363,FAC005,DEP008,2026-02-06,Evening,8.0,0.0,0.0,0,0.0,Yes,0.0
NS008909,STF0478,FAC005,DEP008,2024-09-13,Morning,8.0,8.4,0.1,6,5.0,No,24.3
NS003644,STF0229,FAC004,DEP004,2026-07-20,Morning,8.0,7.5,0.7,9,8.2,No,38.1
NS002413,STF0247,FAC004,DEP005,2024-01-30,Night,8.0,7.9,2.1,5,4.3,No,26.3
NS009565,STF0232,FAC004,DEP004,2025-03-13,Night,8.0,8.4,0.4,5,3.4,No,21.2
NS004443,STF0200,FAC003,DEP008,2024-11-28,Morning,8.0,7.3,0.2,6,5.2,No,24.6
NS011774,STF0204,FAC003,DEP008,2023-06-17,Morning,8.0,8.3,0.3,7,5.8,No,28.9
NS002715,STF0126,FAC002,DEP002,2023-02-01,Morning,8.0,6.7,0.3,6,4.5,No,24.9
NS001057,STF0289,FAC005,DEP001,2021-03-27,Evening,8.0,7.5,0.0,4,2.7,No,16.0
NS001147,STF0127,FAC002,DEP002,2026-10-05,Morning,8.0,9.0,0.4,8,6.1,No,33.2
NS004454,STF0074,FAC001,DEP003,2023-07-09,Morning,8.0,8.9,0.1,3,2.2,No,12.3
NS003448,STF0247,FAC004,DEP005,2024-01-06,Morning,8.0,7.2,0.4,11,8.4,No,45.2
NS003659,STF0131,FAC002,DEP005,2024-08-09,Morning,8.0,8.0,0.9,6,5.4,No,26.7
NS006245,STF0499,FAC002,DEP007,2024-06-03,Morning,8.0,7.8,0.6,5,3.8,No,21.8
NS003899,STF0146,FAC002,DEP006,2024-09-18,Night,8.0,8.2,1.0,4,3.6,No,19.0
NS000009,STF0247,FAC004,DEP005,2024-04-15,Morning,8.0,8.0,1.8,8,6.3,No,37.4
NS007160,STF0304,FAC005,DEP005,2024-11-06,Morning,8.0,7.9,0.8,8,7.0,No,34.4
NS003450,STF0282,FAC005,DEP001,2022-06-05,Evening,8.0,8.0,0.0,1,0.9,No,4.0
NS003681,STF0385,FAC002,DEP005,2021-01-13,Morning,8.0,9.2,1.0,6,4.1,No,27.0
NS006381,STF0049,FAC001,DEP002,2022-01-13,Morning,8.0,7.7,0.8,3,2.6,No,14.4
NS000097,STF0482,FAC004,DEP005,2024-04-21,Night,8.0,8.8,1.1,2,1.8,No,11.3
NS001460,STF0298,FAC005,DEP003,2024-12-24,Evening,8.0,7.9,3.3,7,5.6,No,37.9
NS001972,STF0085,FAC001,DEP004,2022-12-05,Morning,8.0,7.9,1.0,5,4.4,No,23.0
NS000427,STF0303,FAC005,DEP005,2026-01-28,Morning,8.0,7.0,1.8,6,5.3,No,29.4
NS002955,STF0156,FAC002,DEP007,2022-01-01,Evening,8.0,7.9,0.3,1,0.7,No,4.9
NS003897,STF0434,FAC005,DEP001,2022-10-20,Evening,8.0,8.2,0.0,2,1.5,No,8.0
NS010672,STF0293,FAC005,DEP003,2025-09-19,Night,8.0,8.5,2.6,7,6.7,No,35.8
NS003774,STF0143,FAC002,DEP006,2021-03-25,Morning,8.0,8.3,0.8,6,4.3,No,26.4
NS010581,STF0200,FAC003,DEP008,2025-06-20,Evening,8.0,8.5,0.6,9,6.9,No,37.8
NS010742,STF0149,FAC002,DEP006,2026-08-12,Morning,8.0,8.1,0.3,5,4.2,No,20.9
NS005385,STF0308,FAC005,DEP005,2022-04-06,Morning,8.0,7.9,0.6,5,4.3,No,21.8
NS010710,STF0400,FAC002,DEP005,2025-06-30,Evening,8.0,9.2,1.0,5,3.8,No,23.0
NS005639,STF0396,FAC004,DEP004,2026-09-24,Evening,8.0,8.2,0.0,7,5.3,No,28.0
NS000980,STF0206,FAC003,DEP008,2026-01-18,Night,8.0,7.2,1.0,3,3.0,No,15.0
NS005854,STF0177,FAC003,DEP003,2024-12-27,Night,8.0,6.5,0.6,3,2.9,No,13.8
NS001043,STF0383,FAC002,DEP005,2025-12-31,Morning,8.0,7.8,1.4,9,6.9,No,40.2
NS007218,STF0131,FAC002,DEP005,2026-07-27,Evening,8.0,8.7,1.5,7,6.8,No,32.5
NS010643,STF0144,FAC002,DEP006,2023-03-22,Night,8.0,7.2,0.7,8,7.7,No,34.1
NS010397,STF0115,FAC002,DEP001,2024-07-15,Evening,8.0,7.9,0.5,8,7.0,No,33.5
NS003273,STF0482,FAC004,DEP005,2026-09-01,Night,8.0,7.6,0.7,6,4.0,No,26.1
NS001966,STF0252,FAC004,DEP006,2023-01-05,Evening,8.0,7.3,2.1,10,7.4,No,46.3
NS002679,STF0440,FAC001,DEP003,2023-04-19,Evening,8.0,7.5,0.4,5,3.6,No,21.2
NS003711,STF0206,FAC003,DEP008,2025-07-17,Night,8.0,8.4,0.7,9,8.8,No,38.1
NS002895,STF0188,FAC003,DEP007,2021-04-12,Morning,8.0,7.4,0.3,1,0.7,No,4.9
NS006706,STF0206,FAC003,DEP008,2024-02-20,Morning,8.0,7.9,1.8,9,6.5,No,41.4
NS005744,STF0151,FAC002,DEP007,2026-08-20,Evening,8.0,8.0,0.7,8,5.8,No,34.1
NS011682,STF0232,FAC004,DEP004,2026-07-01,Morning,8.0,9.0,1.1,7,5.5,No,31.3
NS000583,STF0435,FAC005,DEP005,2026-04-15,Evening,8.0,8.1,2.0,6,4.1,No,30.0
NS011800,STF0464,FAC002,DEP006,2021-10-15,Evening,8.0,7.7,0.0,4,2.8,No,16.0
NS010230,STF0313,FAC005,DEP006,2021-07-22,Evening,8.0,7.8,1.7,11,9.4,No,49.1
NS003317,STF0142,FAC002,DEP006,2022-12-04,Evening,8.0,6.5,0.7,1,0.7,No,6.1
NS006859,STF0219,FAC004,DEP002,2023-01-14,Morning,8.0,7.8,0.5,7,4.7,No,29.5
NS011821,STF0397,FAC005,DEP007,2024-03-22,Evening,8.0,7.1,0.9,6,5.1,No,26.7
NS007064,STF0300,FAC005,DEP005,2021-03-26,Morning,8.0,8.9,0.5,5,4.2,No,21.5
NS000004,STF0115,FAC002,DEP001,2025-04-08,Night,8.0,8.2,1.7,10,7.1,No,45.1
NS005791,STF0471,FAC004,DEP006,2026-10-06,Morning,8.0,7.9,0.8,4,3.8,No,18.4
NS000411,STF0079,FAC001,DEP004,2026-08-21,Morning,8.0,9.2,1.0,8,6.9,No,35.0
NS001733,STF0483,FAC001,DEP003,2023-07-30,Night,8.0,8.3,0.0,4,2.8,No,16.0
NS009808,STF0200,FAC003,DEP008,2025-12-06,Night,8.0,8.5,0.9,6,5.2,No,26.7
NS008261,STF0301,FAC005,DEP005,2026-07-07,Evening,8.0,7.4,1.9,8,6.6,No,37.7
NS010342,STF0091,FAC001,DEP005,2023-12-20,Morning,8.0,8.2,2.6,7,5.2,No,35.8
NS010845,STF0146,FAC002,DEP006,2025-06-02,Night,8.0,8.4,0.8,6,4.1,No,26.4
NS006026,STF0499,FAC002,DEP007,2022-05-02,Evening,8.0,7.7,0.3,7,5.9,No,28.9
NS000264,STF0272,FAC004,DEP007,2026-07-14,Morning,8.0,7.7,1.2,8,6.1,No,35.6
NS005099,STF0379,FAC001,DEP005,2023-03-02,Evening,8.0,7.7,0.6,6,5.0,No,25.8
NS000440,STF0328,FAC005,DEP007,2026-11-25,Night,8.0,7.9,0.0,7,6.2,No,28.0
NS011705,STF0470,FAC004,DEP001,2025-03-14,Night,8.0,8.3,0.0,10,9.1,No,40.0
NS011728,STF0200,FAC003,DEP008,2026-09-29,Morning,8.0,7.9,1.7,6,4.7,No,29.1
NS004542,STF0242,FAC004,DEP005,2022-03-20,Night,8.0,8.3,0.0,1,0.9,No,4.0
NS005788,STF0140,FAC002,DEP006,2023-02-16,Morning,8.0,7.5,0.6,5,3.9,No,21.8
NS001108,STF0212,FAC004,DEP001,2021-08-17,Morning,8.0,8.6,1.0,8,6.8,No,35.0
NS011404,STF0384,FAC005,DEP007,2023-02-07,Evening,8.0,7.6,0.7,6,4.3,No,26.1
NS005889,STF0362,FAC005,DEP007,2024-07-07,Night,8.0,8.1,0.3,3,2.1,No,12.9
NS006785,STF0300,FAC005,DEP005,2026-01-04,Evening,8.0,0.0,0.0,0,0.0,Yes,0.0
NS000089,STF0389,FAC004,DEP007,2021-11-18,Evening,8.0,9.2,1.9,4,2.9,No,21.7
NS002974,STF0445,FAC002,DEP007,2024-04-23,Evening,8.0,9.3,0.8,7,4.9,No,30.4
NS005130,STF0490,FAC001,DEP002,2022-03-07,Morning,8.0,8.5,2.3,5,3.6,No,26.9
NS007961,STF0466,FAC001,DEP004,2026-12-30,Night,8.0,9.1,0.7,10,7.3,No,42.1
NS002125,STF0391,FAC005,DEP007,2023-03-14,Night,8.0,7.9,1.7,8,5.5,No,37.1
NS003575,STF0435,FAC005,DEP005,2025-02-22,Evening,8.0,9.3,0.0,5,4.4,No,20.0
NS007878,STF0462,FAC001,DEP002,2023-11-21,Morning,8.0,8.4,1.4,3,2.5,No,16.2
NS000275,STF0252,FAC004,DEP006,2022-12-20,Morning,8.0,8.2,0.9,6,4.9,No,26.7
NS001282,STF0081,FAC001,DEP004,2026-12-16,Morning,8.0,7.6,0.7,10,7.5,No,42.1
NS003753,STF0326,FAC005,DEP007,2023-10-24,Night,8.0,8.4,0.2,6,5.7,No,24.6
NS002076,STF0257,FAC004,DEP006,2025-11-24,Evening,8.0,8.3,1.4,8,5.4,No,36.2
NS011739,STF0493,FAC004,DEP002,2025-03-25,Evening,8.0,7.2,2.1,7,5.7,No,34.3
NS007825,STF0487,FAC005,DEP006,2024-08-14,Evening,8.0,0.0,0.0,0,0.0,Yes,0.0
NS010925,STF0208,FAC004,DEP001,2026-05-28,Morning,8.0,8.1,0.2,7,4.9,No,28.6
NS006436,STF0299,FAC005,DEP003,2025-06-11,Night,8.0,7.0,1.3,9,7.8,No,39.9
NS003316,STF0102,FAC001,DEP008,2026-02-09,Night,8.0,7.3,0.0,6,5.0,No,24.0
NS006110,STF0083,FAC001,DEP004,2024-08-08,Morning,8.0,7.8,1.5,7,4.8,No,32.5
NS008375,STF0259,FAC004,DEP006,2025-12-24,Morning,8.0,7.3,0.4,10,9.4,No,41.2
NS006194,STF0076,FAC001,DEP004,2025-08-07,Morning,8.0,8.2,2.1,7,5.4,No,34.3
NS010988,STF0435,FAC005,DEP005,2023-11-15,Night,8.0,7.9,0.9,6,4.4,No,26.7
NS004439,STF0091,FAC001,DEP005,2025-01-24,Morning,8.0,8.0,1.0,7,6.0,No,31.0
NS000416,STF0299,FAC005,DEP003,2026-05-28,Evening,8.0,7.2,1.1,7,4.7,No,31.3
NS007412,STF0329,FAC005,DEP007,2023-11-08,Morning,8.0,8.0,0.5,4,3.0,No,17.5
NS002217,STF0293,FAC005,DEP003,2023-03-01,Night,8.0,7.5,1.1,7,6.0,No,31.3
NS011429,STF0440,FAC001,DEP003,2024-05-03,Evening,8.0,8.7,0.0,2,1.7,No,8.0
NS010848,STF0428,FAC001,DEP001,2021-11-10,Morning,8.0,7.8,1.1,7,5.5,No,31.3
NS002128,STF0500,FAC002,DEP005,2023-03-23,Evening,8.0,6.6,1.4,6,4.7,No,28.2
NS006348,STF0163,FAC003,DEP001,2024-01-04,Evening,8.0,7.3,1.7,7,6.8,No,33.1
NS004316,STF0136,FAC002,DEP005,2025-12-03,Night,8.0,7.3,1.5,9,9.0,No,40.5
NS011077,STF0340,FAC005,DEP008,2026-02-03,Night,8.0,8.3,1.7,4,3.7,No,21.1
NS007188,STF0414,FAC003,DEP008,2025-08-12,Night,8.0,7.9,0.4,3,2.3,No,13.2
NS000711,STF0328,FAC005,DEP007,2024-05-23,Morning,8.0,8.3,0.6,8,6.6,No,33.8
NS007403,STF0418,FAC004,DEP005,2025-05-03,Night,8.0,8.8,0.0,8,5.7,No,32.0
NS003412,STF0336,FAC005,DEP008,2021-08-21,Morning,8.0,7.3,2.1,1,0.8,No,10.3
NS005468,STF0117,FAC002,DEP001,2022-06-25,Morning,8.0,7.4,0.1,2,1.4,No,8.3
NS000408,STF0433,FAC001,DEP005,2023-03-29,Morning,8.0,8.7,0.9,7,5.1,No,30.7
NS003060,STF0149,FAC002,DEP006,2025-06-03,Evening,8.0,7.6,0.3,8,6.0,No,32.9
NS009871,STF0440,FAC001,DEP003,2023-04-11,Evening,8.0,8.4,0.0,8,6.0,No,32.0
NS008937,STF0330,FAC005,DEP007,2026-06-17,Evening,8.0,8.9,1.2,9,6.6,No,39.6
NS006761,STF0156,FAC002,DEP007,2024-10-08,Morning,8.0,9.0,0.6,8,7.2,No,33.8
NS004598,STF0443,FAC005,DEP003,2025-02-18,Night,8.0,7.6,1.5,9,6.2,No,40.5
NS004413,STF0384,FAC005,DEP007,2025-09-30,Night,8.0,8.2,0.0,5,3.5,No,20.0
NS003853,STF0289,FAC005,DEP001,2024-08-10,Morning,8.0,8.3,0.4,3,2.5,No,13.2
NS008162,STF0055,FAC001,DEP002,2022-03-29,Morning,8.0,8.1,0.0,4,3.0,No,16.0
NS011769,STF0448,FAC002,DEP007,2021-09-18,Night,8.0,7.9,0.0,3,3.0,No,12.0
NS005881,STF0085,FAC001,DEP004,2026-01-06,Morning,8.0,8.2,0.9,8,6.7,No,34.7
NS003208,STF0293,FAC005,DEP003,2023-02-21,Night,8.0,8.1,0.0,6,4.9,No,24.0
NS002656,STF0284,FAC005,DEP001,2025-07-17,Morning,8.0,7.3,1.6,8,5.4,No,36.8
NS005240,STF0387,FAC001,DEP001,2023-10-11,Morning,8.0,7.7,0.8,7,5.2,No,30.4
NS001984,STF0268,FAC004,DEP007,2024-11-20,Evening,8.0,7.8,0.1,10,8.6,No,40.3
NS007840,STF0399,FAC004,DEP006,2025-08-25,Evening,8.0,7.6,0.9,12,11.4,No,50.7
NS003871,STF0241,FAC004,DEP005,2026-07-17,Night,8.0,6.9,2.3,6,4.4,No,30.9
NS008274,STF0102,FAC001,DEP008,2021-03-06,Morning,8.0,9.2,0.0,1,0.9,No,4.0
NS007402,STF0149,FAC002,DEP006,2025-07-10,Morning,8.0,8.5,0.0,5,3.4,No,20.0
NS001524,STF0369,FAC005,DEP007,2025-01-15,Morning,8.0,8.5,1.0,9,7.2,No,39.0
NS011555,STF0293,FAC005,DEP003,2023-01-02,Morning,8.0,8.1,0.0,9,6.5,No,36.0
NS009081,STF0373,FAC004,DEP001,2022-08-19,Morning,8.0,7.8,1.0,5,4.4,No,23.0
NS005677,STF0396,FAC004,DEP004,2024-06-25,Evening,8.0,8.2,0.0,6,4.7,No,24.0
NS001111,STF0153,FAC002,DEP007,2023-06-15,Evening,8.0,8.0,0.5,4,3.9,No,17.5
NS010071,STF0379,FAC001,DEP005,2025-03-14,Morning,8.0,8.2,0.5,5,4.9,No,21.5
NS001407,STF0067,FAC001,DEP003,2025-10-29,Evening,8.0,7.4,1.6,5,4.0,No,24.8
NS008236,STF0257,FAC004,DEP006,2024-03-11,Evening,8.0,7.6,0.0,7,4.8,No,28.0
NS003039,STF0172,FAC003,DEP003,2025-06-17,Evening,8.0,8.4,1.6,10,8.3,No,44.8
NS009408,STF0499,FAC002,DEP007,2021-09-29,Night,8.0,7.4,1.4,7,5.3,No,32.2
NS011889,STF0433,FAC001,DEP005,2021-01-13,Morning,8.0,7.0,0.7,3,2.0,No,14.1
NS003913,STF0183,FAC003,DEP005,2021-12-07,Night,8.0,8.0,1.6,3,2.5,No,16.8
NS008269,STF0414,FAC003,DEP008,2021-06-16,Night,8.0,8.0,1.1,7,5.9,No,31.3
NS004561,STF0089,FAC001,DEP005,2022-07-30,Night,8.0,8.0,0.0,4,3.5,No,16.0
NS006087,STF0081,FAC001,DEP004,2025-07-29,Evening,8.0,8.3,2.8,9,6.7,No,44.4
NS010654,STF0268,FAC004,DEP007,2024-06-13,Night,8.0,8.2,0.8,6,5.4,No,26.4
NS010839,STF0161,FAC002,DEP007,2021-12-12,Evening,8.0,7.6,0.8,1,0.9,No,6.4
NS011580,STF0472,FAC003,DEP008,2023-05-17,Morning,8.0,7.9,0.0,9,6.4,No,36.0
NS011050,STF0244,FAC004,DEP005,2022-08-24,Night,8.0,8.8,0.9,10,9.2,No,42.7
NS004899,STF0371,FAC004,DEP004,2021-01-06,Morning,8.0,8.4,1.1,4,2.8,No,19.3
NS011745,STF0436,FAC002,DEP001,2023-05-21,Night,8.0,7.5,0.0,6,5.6,No,24.0
NS000634,STF0470,FAC004,DEP001,2024-08-09,Evening,8.0,6.6,0.7,7,5.5,No,30.1
NS011136,STF0300,FAC005,DEP005,2024-11-26,Evening,8.0,7.5,0.2,9,9.0,No,36.6
NS008934,STF0362,FAC005,DEP007,2022-12-23,Morning,8.0,8.1,0.0,7,5.2,No,28.0
NS004123,STF0462,FAC001,DEP002,2021-06-02,Evening,8.0,7.3,0.0,3,2.1,No,12.0
NS004808,STF0165,FAC003,DEP001,2023-03-31,Evening,8.0,0.0,0.0,0,0.0,Yes,0.0
NS006212,STF0482,FAC004,DEP005,2022-02-07,Night,8.0,8.0,0.0,4,2.8,No,16.0
NS007929,STF0184,FAC003,DEP005,2025-05-13,Evening,8.0,9.6,0.0,8,5.5,No,32.0
NS000132,STF0440,FAC001,DEP003,2026-08-17,Morning,8.0,6.7,1.3,7,5.4,No,31.9
NS010696,STF0307,FAC005,DEP005,2025-05-27,Night,8.0,7.9,0.9,7,6.2,No,30.7
NS000456,STF0332,FAC005,DEP007,2024-09-24,Night,8.0,8.5,0.0,4,3.4,No,16.0
NS007526,STF0201,FAC003,DEP008,2026-07-16,Morning,8.0,7.0,1.3,12,11.2,No,51.9
NS009442,STF0476,FAC002,DEP007,2024-07-30,Night,8.0,8.2,0.6,8,5.8,No,33.8
NS009389,STF0279,FAC005,DEP001,2024-12-18,Night,8.0,0.0,0.0,0,0.0,Yes,0.0
NS010878,STF0124,FAC002,DEP002,2022-09-22,Evening,8.0,8.4,0.6,3,2.8,No,13.8
NS000775,STF0272,FAC004,DEP007,2026-02-26,Night,8.0,7.4,1.5,5,4.5,No,24.5
NS005036,STF0298,FAC005,DEP003,2026-05-08,Night,8.0,8.1,2.1,9,7.7,No,42.3
NS000312,STF0127,FAC002,DEP002,2023-02-16,Evening,8.0,7.8,0.9,6,4.2,No,26.7
NS005166,STF0193,FAC003,DEP007,2024-06-25,Morning,8.0,8.0,0.2,8,7.8,No,32.6
NS003596,STF0219,FAC004,DEP002,2023-12-07,Night,8.0,7.4,0.9,6,4.2,No,26.7
NS003839,STF0231,FAC004,DEP004,2022-10-26,Evening,8.0,8.1,0.6,5,3.6,No,21.8
NS003694,STF0371,FAC004,DEP004,2023-03-31,Morning,8.0,7.4,1.6,5,4.9,No,24.8
NS002070,STF0289,FAC005,DEP001,2026-03-25,Morning,8.0,8.8,1.6,11,10.5,No,48.8
NS000470,STF0272,FAC004,DEP007,2024-08-25,Evening,8.0,7.5,0.0,5,3.6,No,20.0
NS003847,STF0143,FAC002,DEP006,2022-05-18,Evening,8.0,9.0,0.5,3,2.5,No,13.5
NS001351,STF0067,FAC001,DEP003,2023-07-19,Evening,8.0,7.7,0.3,8,5.6,No,32.9
NS008656,STF0494,FAC001,DEP002,2025-12-29,Night,8.0,8.4,0.8,6,4.3,No,26.4
NS004396,STF0472,FAC003,DEP008,2025-04-22,Night,8.0,8.7,1.8,5,3.5,No,25.4
NS006957,STF0472,FAC003,DEP008,2023-04-01,Morning,8.0,8.0,0.8,4,3.9,No,18.4
NS010947,STF0083,FAC001,DEP004,2023-12-12,Night,8.0,8.8,0.3,8,6.6,No,32.9
NS000248,STF0316,FAC005,DEP006,2021-12-18,Evening,8.0,7.3,0.3,1,0.9,No,4.9
NS000994,STF0170,FAC003,DEP001,2025-10-06,Evening,8.0,8.2,1.8,5,3.5,No,25.4
NS000737,STF0189,FAC003,DEP007,2021-05-12,Morning,8.0,8.0,1.1,5,3.7,No,23.3
NS010528,STF0462,FAC001,DEP002,2025-12-07,Night,8.0,8.0,1.0,3,2.4,No,15.0
NS002953,STF0061,FAC001,DEP002,2025-11-14,Night,8.0,8.7,0.0,1,0.7,No,4.0
NS003350,STF0443,FAC005,DEP003,2024-10-15,Evening,8.0,7.7,1.2,6,4.2,No,27.6
NS004990,STF0289,FAC005,DEP001,2022-08-26,Morning,8.0,8.5,1.4,7,4.8,No,32.2
NS003706,STF0107,FAC001,DEP008,2025-07-01,Evening,8.0,7.8,1.9,6,4.5,No,29.7
NS009583,STF0083,FAC001,DEP004,2026-05-08,Morning,8.0,8.5,2.0,8,5.7,No,38.0
NS000564,STF0091,FAC001,DEP005,2025-09-11,Evening,8.0,7.9,1.1,5,4.0,No,23.3
NS001723,STF0243,FAC004,DEP005,2025-10-16,Night,8.0,7.6,1.7,5,3.7,No,25.1
NS004780,STF0283,FAC005,DEP001,2024-08-02,Evening,8.0,7.9,0.4,7,5.0,No,29.2
NS003001,STF0074,FAC001,DEP003,2025-05-26,Night,8.0,7.5,1.6,6,5.8,No,28.8
NS005254,STF0055,FAC001,DEP002,2021-07-12,Night,8.0,8.0,1.3,2,1.4,No,11.9
NS001577,STF0102,FAC001,DEP008,2025-06-18,Night,8.0,7.5,0.9,3,3.0,No,14.7
NS000074,STF0411,FAC005,DEP007,2024-04-18,Evening,8.0,8.5,1.3,10,6.7,No,43.9
NS010908,STF0102,FAC001,DEP008,2025-10-10,Evening,8.0,6.8,1.0,6,4.3,No,27.0
NS002239,STF0049,FAC001,DEP002,2022-08-02,Morning,8.0,8.2,1.0,5,3.4,No,23.0
NS003524,STF0149,FAC002,DEP006,2026-08-28,Evening,8.0,8.5,1.0,5,4.9,No,23.0
NS005665,STF0149,FAC002,DEP006,2025-10-13,Morning,8.0,7.7,0.4,7,4.8,No,29.2
NS002885,STF0308,FAC005,DEP005,2023-12-26,Evening,8.0,7.2,1.0,6,5.2,No,27.0
NS006852,STF0488,FAC001,DEP008,2022-06-03,Morning,8.0,7.2,0.8,4,3.8,No,18.4
NS006502,STF0241,FAC004,DEP005,2026-11-03,Evening,8.0,8.4,0.8,6,4.5,No,26.4
NS005891,STF0155,FAC002,DEP007,2023-12-11,Morning,8.0,7.8,1.0,6,4.9,No,27.0
NS008447,STF0064,FAC001,DEP003,2021-01-09,Night,8.0,7.9,1.3,3,2.1,No,15.9
NS000080,STF0287,FAC005,DEP001,2025-09-03,Morning,8.0,7.8,1.3,7,6.5,No,31.9
NS006428,STF0272,FAC004,DEP007,2023-09-07,Night,8.0,9.1,1.0,5,4.7,No,23.0
NS010435,STF0049,FAC001,DEP002,2026-10-27,Night,8.0,8.3,0.0,7,5.1,No,28.0
NS002155,STF0081,FAC001,DEP004,2024-08-09,Evening,8.0,8.2,0.3,9,6.9,No,36.9
NS000797,STF0242,FAC004,DEP005,2025-06-14,Morning,8.0,8.5,2.0,7,6.5,No,34.0
NS008553,STF0070,FAC001,DEP003,2022-05-07,Evening,8.0,8.0,0.0,4,3.1,No,16.0
NS007081,STF0469,FAC001,DEP002,2026-03-31,Morning,8.0,9.1,0.9,9,8.1,No,38.7
NS003091,STF0229,FAC004,DEP004,2022-12-10,Morning,8.0,7.9,0.0,2,1.3,No,8.0
NS010606,STF0433,FAC001,DEP005,2026-04-11,Evening,8.0,7.9,1.3,5,4.2,No,23.9
NS002520,STF0144,FAC002,DEP006,2023-09-13,Night,8.0,8.1,1.6,4,3.5,No,20.8
NS011604,STF0144,FAC002,DEP006,2024-03-05,Night,8.0,8.0,0.0,4,3.7,No,16.0
NS005693,STF0159,FAC002,DEP007,2023-01-25,Morning,8.0,8.7,1.5,5,4.3,No,24.5
NS007212,STF0085,FAC001,DEP004,2023-12-26,Evening,8.0,8.4,2.2,8,5.8,No,38.6
NS009857,STF0153,FAC002,DEP007,2022-08-04,Evening,8.0,8.7,1.0,7,5.1,No,31.0
NS002716,STF0336,FAC005,DEP008,2026-04-17,Morning,8.0,9.1,1.0,7,5.1,No,31.0
NS005228,STF0282,FAC005,DEP001,2026-04-26,Evening,8.0,7.3,0.0,3,2.9,No,12.0
NS007786,STF0494,FAC001,DEP002,2026-11-17,Morning,8.0,9.4,0.2,4,3.7,No,16.6
NS010481,STF0476,FAC002,DEP007,2023-11-08,Evening,8.0,8.0,1.9,4,2.8,No,21.7
NS006068,STF0469,FAC001,DEP002,2025-11-26,Evening,8.0,8.3,0.3,8,5.6,No,32.9
NS000334,STF0396,FAC004,DEP004,2023-03-28,Evening,8.0,8.5,0.5,6,4.6,No,25.5
NS004412,STF0287,FAC005,DEP001,2022-08-11,Evening,8.0,8.5,1.5,5,3.4,No,24.5
NS010203,STF0287,FAC005,DEP001,2026-06-25,Morning,8.0,0.0,0.0,0,0.0,Yes,0.0
NS008418,STF0494,FAC001,DEP002,2023-12-05,Evening,8.0,7.0,1.6,8,6.9,No,36.8
NS010111,STF0124,FAC002,DEP002,2023-07-05,Morning,8.0,7.8,0.4,7,5.8,No,29.2
NS001085,STF0241,FAC004,DEP005,2022-06-01,Morning,8.0,7.0,0.9,4,3.3,No,18.7
NS005981,STF0091,FAC001,DEP005,2023-11-24,Night,8.0,8.6,0.0,7,4.7,No,28.0
NS001473,STF0296,FAC005,DEP003,2023-03-23,Morning,8.0,8.3,0.7,4,2.9,No,18.1
NS000451,STF0283,FAC005,DEP001,2025-09-25,Morning,8.0,7.6,0.5,5,4.5,No,21.5
NS001852,STF0331,FAC005,DEP007,2023-09-21,Morning,8.0,9.1,0.9,7,5.8,No,30.7
NS010187,STF0274,FAC004,DEP007,2025-04-25,Night,8.0,7.5,0.4,5,3.6,No,21.2
NS003747,STF0391,FAC005,DEP007,2022-06-28,Evening,8.0,6.9,0.0,6,4.4,No,24.0
NS010420,STF0443,FAC005,DEP003,2024-08-21,Morning,8.0,8.0,1.2,7,6.0,No,31.6
NS003324,STF0487,FAC005,DEP006,2025-12-20,Night,8.0,7.9,0.0,6,5.6,No,24.0
NS000294,STF0414,FAC003,DEP008,2024-03-23,Evening,8.0,8.3,1.3,4,3.3,No,19.9
NS001251,STF0304,FAC005,DEP005,2022-05-26,Morning,8.0,7.9,0.4,7,5.0,No,29.2
NS001146,STF0231,FAC004,DEP004,2023-03-26,Morning,8.0,7.6,0.5,1,0.7,No,5.5
NS002456,STF0244,FAC004,DEP005,2023-10-14,Evening,8.0,7.5,0.6,3,2.1,No,13.8
NS006179,STF0143,FAC002,DEP006,2025-02-24,Night,8.0,8.6,1.9,5,3.8,No,25.7
NS003520,STF0242,FAC004,DEP005,2024-04-19,Morning,8.0,8.3,0.2,7,5.8,No,28.6
NS007018,STF0070,FAC001,DEP003,2022-01-16,Morning,8.0,9.1,0.4,4,2.7,No,17.2
NS001954,STF0391,FAC005,DEP007,2024-06-11,Night,8.0,7.8,0.0,10,7.6,No,40.0
NS010401,STF0204,FAC003,DEP008,2025-02-05,Evening,8.0,8.0,0.4,5,5.0,No,21.2
NS011509,STF0208,FAC004,DEP001,2025-07-11,Night,8.0,8.7,1.4,5,3.4,No,24.2
NS008318,STF0491,FAC004,DEP004,2025-09-11,Night,8.0,8.8,0.4,6,5.3,No,25.2
NS006392,STF0151,FAC002,DEP007,2024-10-22,Evening,8.0,0.0,0.0,0,0.0,Yes,0.0
NS010557,STF0193,FAC003,DEP007,2025-05-20,Night,8.0,8.2,1.6,8,6.1,No,36.8
NS000853,STF0454,FAC004,DEP006,2023-02-06,Evening,8.0,8.2,0.8,4,3.6,No,18.4
NS001495,STF0131,FAC002,DEP005,2024-12-15,Evening,8.0,7.5,1.0,5,3.7,No,23.0
NS002860,STF0443,FAC005,DEP003,2023-08-08,Evening,8.0,8.7,1.4,7,6.6,No,32.2
NS004346,STF0060,FAC001,DEP002,2024-03-11,Morning,8.0,8.0,0.4,9,7.4,No,37.2
NS007415,STF0398,FAC003,DEP005,2023-07-30,Evening,8.0,7.5,0.0,6,5.3,No,24.0
NS010520,STF0458,FAC005,DEP008,2022-11-04,Morning,8.0,8.2,1.3,6,4.2,No,27.9
NS001806,STF0332,FAC005,DEP007,2024-03-16,Night,8.0,8.2,0.0,4,3.6,No,16.0
NS008531,STF0301,FAC005,DEP005,2026-01-05,Morning,8.0,7.8,0.5,9,7.7,No,37.5
NS006740,STF0471,FAC004,DEP006,2022-09-18,Morning,8.0,7.0,0.0,1,1.0,No,4.0
NS010380,STF0070,FAC001,DEP003,2025-07-03,Morning,8.0,8.8,1.6,7,5.2,No,32.8
NS007088,STF0187,FAC003,DEP005,2025-05-30,Morning,8.0,8.1,0.5,7,5.4,No,29.5
NS010835,STF0474,FAC004,DEP004,2026-10-20,Morning,8.0,8.1,0.7,5,3.5,No,22.1
NS000189,STF0282,FAC005,DEP001,2023-09-22,Evening,8.0,8.0,0.8,6,4.4,No,26.4
NS001124,STF0458,FAC005,DEP008,2026-08-05,Night,8.0,7.1,1.0,8,6.6,No,35.0
NS011363,STF0306,FAC005,DEP005,2024-06-08,Night,8.0,7.0,0.5,5,4.8,No,21.5
NS011929,STF0306,FAC005,DEP005,2024-03-01,Morning,8.0,8.6,1.0,6,4.0,No,27.0
NS006587,STF0126,FAC002,DEP002,2023-04-19,Night,8.0,7.0,1.5,7,5.5,No,32.5
NS011992,STF0371,FAC004,DEP004,2021-05-11,Night,8.0,8.1,0.7,4,2.7,No,18.1
NS009406,STF0161,FAC002,DEP007,2022-08-02,Night,8.0,9.1,2.2,6,4.3,No,30.6
NS006758,STF0283,FAC005,DEP001,2021-04-30,Night,8.0,7.7,0.0,6,4.0,No,24.0
NS003707,STF0303,FAC005,DEP005,2026-10-17,Evening,8.0,7.9,1.5,2,1.8,No,12.5
NS006770,STF0151,FAC002,DEP007,2022-10-16,Evening,8.0,8.2,1.9,5,4.0,No,25.7
NS005293,STF0482,FAC004,DEP005,2023-12-23,Evening,8.0,0.0,0.0,0,0.0,Yes,0.0
NS001595,STF0247,FAC004,DEP005,2024-12-06,Evening,8.0,7.4,1.6,6,4.6,No,28.8
NS011732,STF0178,FAC003,DEP003,2022-08-05,Morning,8.0,8.2,0.4,9,6.6,No,37.2
NS002590,STF0447,FAC002,DEP001,2026-11-07,Night,8.0,9.1,0.3,4,3.7,No,16.9
NS000501,STF0105,FAC001,DEP008,2026-05-14,Night,8.0,8.1,0.7,6,5.8,No,26.1
NS003600,STF0471,FAC004,DEP006,2021-03-10,Morning,8.0,8.9,0.4,3,2.1,No,13.2
NS000291,STF0290,FAC005,DEP001,2023-12-21,Morning,8.0,7.5,0.3,3,2.9,No,12.9
NS005377,STF0380,FAC004,DEP002,2026-07-17,Evening,8.0,7.5,1.3,8,7.1,No,35.9
NS011711,STF0193,FAC003,DEP007,2026-11-27,Evening,8.0,7.5,0.2,9,7.0,No,36.6
NS010792,STF0124,FAC002,DEP002,2021-02-19,Morning,8.0,7.7,0.1,4,2.7,No,16.3
NS002933,STF0400,FAC002,DEP005,2023-02-10,Night,8.0,8.8,1.2,6,4.0,No,27.6
NS003563,STF0477,FAC003,DEP001,2023-10-19,Morning,8.0,8.0,0.8,2,1.5,No,10.4
NS004973,STF0283,FAC005,DEP001,2026-07-18,Morning,8.0,8.0,0.0,6,4.2,No,24.0
NS005273,STF0093,FAC001,DEP005,2021-07-07,Evening,8.0,8.0,0.9,6,4.4,No,26.7
NS008527,STF0298,FAC005,DEP003,2026-07-14,Morning,8.0,7.9,1.2,9,6.3,No,39.6
NS003469,STF0105,FAC001,DEP008,2025-12-30,Evening,8.0,7.8,0.8,9,8.6,No,38.4
NS000591,STF0049,FAC001,DEP002,2026-01-28,Morning,8.0,8.5,1.1,7,4.7,No,31.3
NS003689,STF0488,FAC001,DEP008,2021-05-25,Morning,8.0,7.1,0.0,6,5.4,No,24.0
NS008601,STF0397,FAC005,DEP007,2022-03-25,Morning,8.0,7.3,2.7,10,9.1,No,48.1
NS002272,STF0462,FAC001,DEP002,2021-10-07,Evening,8.0,9.1,0.0,9,7.2,No,36.0
NS007443,STF0283,FAC005,DEP001,2022-03-31,Evening,8.0,7.1,0.4,6,5.1,No,25.2
NS005823,STF0284,FAC005,DEP001,2025-05-20,Evening,8.0,8.8,0.8,8,6.7,No,34.4
NS002770,STF0389,FAC004,DEP007,2023-05-03,Night,8.0,7.5,1.9,7,6.4,No,33.7
NS001092,STF0373,FAC004,DEP001,2022-10-21,Morning,8.0,8.0,0.9,5,3.9,No,22.7
NS002772,STF0328,FAC005,DEP007,2021-01-28,Morning,8.0,8.4,0.6,11,7.6,No,45.8
NS003255,STF0411,FAC005,DEP007,2021-04-21,Morning,8.0,8.6,1.0,5,3.6,No,23.0
NS005054,STF0298,FAC005,DEP003,2026-08-03,Night,8.0,7.3,0.6,11,9.5,No,45.8
NS008006,STF0483,FAC001,DEP003,2026-01-11,Morning,8.0,8.1,0.8,3,2.3,No,14.4
NS000778,STF0482,FAC004,DEP005,2025-04-16,Morning,8.0,8.3,0.7,7,6.3,No,30.1
NS009432,STF0400,FAC002,DEP005,2025-06-27,Morning,8.0,9.1,1.2,6,4.4,No,27.6
NS000300,STF0472,FAC003,DEP008,2021-03-05,Morning,8.0,7.2,1.6,5,4.3,No,24.8
NS009884,STF0059,FAC001,DEP002,2025-10-10,Evening,8.0,10.0,1.7,7,5.5,No,33.1
NS001091,STF0380,FAC004,DEP002,2022-07-15,Evening,8.0,7.5,0.6,6,5.7,No,25.8
NS001195,STF0299,FAC005,DEP003,2021-07-30,Evening,8.0,7.3,0.0,8,5.4,No,32.0
NS008181,STF0304,FAC005,DEP005,2024-04-03,Night,8.0,9.1,1.2,8,5.7,No,35.6
NS005466,STF0301,FAC005,DEP005,2024-12-22,Morning,8.0,7.5,1.2,3,2.0,No,15.6
NS008742,STF0435,FAC005,DEP005,2022-12-30,Morning,8.0,9.0,1.5,7,6.7,No,32.5
NS000533,STF0380,FAC004,DEP002,2024-11-08,Morning,8.0,8.0,0.0,6,4.5,No,24.0
NS003264,STF0149,FAC002,DEP006,2023-11-30,Evening,8.0,8.2,0.0,9,6.2,No,36.0
NS000972,STF0436,FAC002,DEP001,2021-07-17,Evening,8.0,8.0,1.5,5,4.6,No,24.5
NS011381,STF0151,FAC002,DEP007,2026-12-03,Morning,8.0,7.9,1.1,11,10.1,No,47.3
NS004085,STF0187,FAC003,DEP005,2024-03-09,Morning,8.0,9.3,0.0,6,5.7,No,24.0
NS001114,STF0241,FAC004,DEP005,2026-01-20,Night,8.0,8.0,1.4,10,8.1,No,44.2
NS003709,STF0301,FAC005,DEP005,2022-12-26,Night,8.0,8.1,1.9,7,6.7,No,33.7
NS006713,STF0117,FAC002,DEP001,2026-01-15,Night,8.0,0.0,0.0,0,0.0,Yes,0.0
NS001593,STF0440,FAC001,DEP003,2021-07-10,Evening,8.0,8.2,0.3,3,2.5,No,12.9
NS002392,STF0232,FAC004,DEP004,2023-08-28,Evening,8.0,8.4,1.8,6,5.2,No,29.4
NS007925,STF0332,FAC005,DEP007,2021-12-28,Morning,8.0,8.8,0.7,2,1.8,No,10.1
NS005886,STF0241,FAC004,DEP005,2023-12-03,Morning,8.0,7.8,0.2,3,2.3,No,12.6
NS007308,STF0397,FAC005,DEP007,2022-07-08,Morning,8.0,8.0,0.0,6,5.9,No,24.0
NS005728,STF0131,FAC002,DEP005,2024-08-31,Morning,8.0,8.2,0.9,2,2.0,No,10.7
NS001083,STF0145,FAC002,DEP006,2024-03-26,Morning,8.0,8.0,1.2,7,6.6,No,31.6
NS005642,STF0499,FAC002,DEP007,2021-11-15,Morning,8.0,8.0,1.1,6,4.4,No,27.3
NS003446,STF0188,FAC003,DEP007,2021-05-03,Morning,8.0,7.3,0.7,2,1.4,No,10.1
NS011689,STF0059,FAC001,DEP002,2021-03-17,Evening,8.0,0.0,0.0,0,0.0,Yes,0.0
NS008178,STF0308,FAC005,DEP005,2025-07-29,Evening,8.0,7.9,0.3,10,8.7,No,40.9
NS008864,STF0163,FAC003,DEP001,2026-01-17,Night,8.0,0.0,0.0,0,0.0,Yes,0.0
NS002021,STF0306,FAC005,DEP005,2022-08-20,Evening,8.0,6.8,1.2,4,2.7,No,19.6
NS009737,STF0282,FAC005,DEP001,2026-08-16,Night,8.0,7.2,0.0,1,0.9,No,4.0
NS001804,STF0064,FAC001,DEP003,2023-04-16,Morning,8.0,7.5,0.0,4,3.6,No,16.0
NS011634,STF0131,FAC002,DEP005,2022-12-10,Evening,8.0,8.5,0.8,4,2.8,No,18.4
NS004099,STF0388,FAC001,DEP008,2024-07-12,Evening,8.0,8.0,0.7,8,7.6,No,34.1
NS004890,STF0049,FAC001,DEP002,2021-09-18,Morning,8.0,8.0,1.2,4,3.1,No,19.6
NS008564,STF0252,FAC004,DEP006,2023-12-29,Evening,8.0,7.7,1.3,5,4.1,No,23.9
NS002760,STF0200,FAC003,DEP008,2021-09-07,Evening,8.0,7.8,0.9,2,1.8,No,10.7
NS001643,STF0102,FAC001,DEP008,2026-08-24,Morning,8.0,8.3,0.5,11,10.8,No,45.5
NS010364,STF0388,FAC001,DEP008,2026-03-28,Morning,8.0,8.9,0.3,6,4.1,No,24.9
NS008758,STF0044,FAC001,DEP001,2024-09-13,Morning,8.0,7.4,0.5,4,3.2,No,17.5
NS008662,STF0388,FAC001,DEP008,2022-07-26,Night,8.0,7.1,1.5,9,8.0,No,40.5
NS007482,STF0458,FAC005,DEP008,2023-04-21,Morning,8.0,8.1,1.7,7,5.6,No,33.1
NS004644,STF0226,FAC004,DEP002,2024-07-02,Evening,8.0,8.8,1.6,9,6.7,No,40.8
NS008262,STF0384,FAC005,DEP007,2026-11-25,Night,8.0,7.0,1.8,11,8.9,No,49.4
NS005387,STF0098,FAC001,DEP005,2026-08-07,Morning,8.0,8.9,0.8,7,5.4,No,30.4
NS009361,STF0296,FAC005,DEP003,2025-02-20,Morning,8.0,7.3,0.0,8,6.0,No,32.0
NS002089,STF0414,FAC003,DEP008,2021-07-05,Night,8.0,8.0,0.2,5,4.6,No,20.6
NS004008,STF0142,FAC002,DEP006,2024-07-11,Night,8.0,8.1,1.8,8,6.2,No,37.4
NS000047,STF0310,FAC005,DEP005,2021-08-30,Morning,8.0,7.4,0.1,2,1.8,No,8.3
NS010782,STF0469,FAC001,DEP002,2026-05-09,Morning,8.0,8.1,0.0,1,0.7,No,4.0
NS001150,STF0060,FAC001,DEP002,2024-07-15,Morning,8.0,6.8,3.2,6,4.1,No,33.6
NS009187,STF0147,FAC002,DEP006,2021-05-18,Evening,8.0,6.8,0.1,6,4.6,No,24.3
NS009335,STF0369,FAC005,DEP007,2025-04-15,Morning,8.0,8.7,0.4,7,5.5,No,29.2
NS000896,STF0107,FAC001,DEP008,2025-03-21,Morning,8.0,8.4,1.0,6,4.8,No,27.0
NS011265,STF0247,FAC004,DEP005,2023-09-11,Evening,8.0,7.7,1.4,8,5.5,No,36.2
NS007725,STF0362,FAC005,DEP007,2024-01-31,Night,8.0,9.0,2.3,7,6.3,No,34.9
NS000766,STF0044,FAC001,DEP001,2023-07-28,Night,8.0,0.0,0.0,0,0.0,Yes,0.0
NS009403,STF0116,FAC002,DEP001,2021-01-11,Morning,8.0,7.9,0.1,5,3.8,No,20.3
NS011145,STF0329,FAC005,DEP007,2026-11-17,Night,8.0,8.0,0.7,5,4.2,No,22.1
NS007956,STF0094,FAC001,DEP005,2026-03-23,Morning,8.0,8.6,0.1,8,7.3,No,32.3
NS003579,STF0371,FAC004,DEP004,2025-03-29,Evening,8.0,8.0,1.2,2,1.6,No,11.6
NS002936,STF0147,FAC002,DEP006,2022-01-06,Night,8.0,8.6,2.3,5,3.9,No,26.9
NS001567,STF0476,FAC002,DEP007,2025-06-18,Night,8.0,8.0,0.6,11,9.1,No,45.8
NS011857,STF0098,FAC001,DEP005,2026-06-05,Evening,8.0,0.0,0.0,0,0.0,Yes,0.0
NS009519,STF0200,FAC003,DEP008,2023-08-17,Morning,8.0,0.0,0.0,0,0.0,Yes,0.0
NS001202,STF0494,FAC001,DEP002,2024-07-02,Night,8.0,8.2,2.4,9,8.5,No,43.2
NS005262,STF0329,FAC005,DEP007,2026-04-16,Night,8.0,7.3,0.8,8,5.9,No,34.4
NS003756,STF0074,FAC001,DEP003,2026-12-22,Morning,8.0,8.5,1.7,7,6.3,No,33.1
NS005334,STF0470,FAC004,DEP001,2022-12-16,Morning,8.0,7.9,1.1,5,4.1,No,23.3
NS011029,STF0313,FAC005,DEP006,2021-07-11,Morning,8.0,8.2,0.1,3,2.1,No,12.3
NS003038,STF0229,FAC004,DEP004,2021-05-26,Night,8.0,8.9,0.5,3,2.1,No,13.5
NS010582,STF0474,FAC004,DEP004,2022-03-28,Evening,8.0,7.5,0.0,4,2.8,No,16.0
NS000566,STF0466,FAC001,DEP004,2025-05-14,Night,8.0,8.0,0.8,5,3.5,No,22.4
NS008392,STF0304,FAC005,DEP005,2024-08-06,Evening,8.0,7.6,0.6,3,2.0,No,13.8
NS002620,STF0227,FAC004,DEP002,2021-03-22,Evening,8.0,8.4,0.1,8,5.3,No,32.3
NS008956,STF0490,FAC001,DEP002,2022-03-16,Morning,8.0,7.0,1.4,4,3.7,No,20.2
NS004192,STF0493,FAC004,DEP002,2025-04-20,Morning,8.0,7.7,0.6,2,1.8,No,9.8
NS004924,STF0301,FAC005,DEP005,2022-11-30,Morning,8.0,7.2,0.5,6,4.6,No,25.5
NS001012,STF0146,FAC002,DEP006,2026-10-17,Morning,8.0,7.8,1.6,4,3.7,No,20.8
NS011540,STF0081,FAC001,DEP004,2024-11-04,Night,8.0,7.6,1.2,5,3.4,No,23.6
NS006393,STF0085,FAC001,DEP004,2026-04-24,Night,8.0,7.5,1.4,9,7.8,No,40.2
NS011799,STF0476,FAC002,DEP007,2023-07-03,Night,8.0,8.1,2.1,9,6.8,No,42.3
NS003425,STF0472,FAC003,DEP008,2026-07-26,Evening,8.0,7.8,1.7,5,4.1,No,25.1
NS007541,STF0155,FAC002,DEP007,2022-01-14,Night,8.0,8.0,0.8,9,6.7,No,38.4
NS008733,STF0474,FAC004,DEP004,2025-06-17,Night,8.0,8.0,1.9,6,4.4,No,29.7
NS010607,STF0093,FAC001,DEP005,2024-08-06,Evening,8.0,8.5,0.2,7,5.9,No,28.6
NS002109,STF0177,FAC003,DEP003,2025-01-15,Evening,8.0,8.1,0.9,6,5.5,No,26.7
NS002817,STF0199,FAC003,DEP008,2023-05-15,Morning,8.0,7.7,0.5,7,6.8,No,29.5
NS009206,STF0365,FAC004,DEP006,2025-07-05,Morning,8.0,8.2,0.0,7,5.5,No,28.0
NS002391,STF0121,FAC002,DEP002,2025-04-09,Morning,8.0,7.8,1.4,6,5.4,No,28.2
NS011855,STF0143,FAC002,DEP006,2026-08-17,Evening,8.0,8.0,1.8,6,5.0,No,29.4
NS005588,STF0255,FAC004,DEP006,2024-11-06,Evening,8.0,7.8,0.2,5,4.1,No,20.6
NS002120,STF0061,FAC001,DEP002,2026-07-14,Night,8.0,7.8,0.9,10,8.2,No,42.7
NS009945,STF0307,FAC005,DEP005,2021-12-25,Morning,8.0,8.5,0.0,1,1.0,No,4.0
NS006378,STF0289,FAC005,DEP001,2024-07-17,Night,8.0,7.1,1.3,9,6.9,No,39.9
NS005838,STF0229,FAC004,DEP004,2026-06-12,Night,8.0,7.4,0.9,10,7.1,No,42.7
NS008630,STF0206,FAC003,DEP008,2026-03-07,Morning,8.0,8.0,1.7,4,3.0,No,21.1
NS010179,STF0229,FAC004,DEP004,2024-12-09,Night,8.0,8.1,0.3,9,7.5,No,36.9
NS010379,STF0093,FAC001,DEP005,2026-11-27,Evening,8.0,8.2,0.9,6,5.9,No,26.7
NS006006,STF0326,FAC005,DEP007,2025-11-17,Evening,8.0,7.8,0.9,5,4.8,No,22.7
NS010652,STF0201,FAC003,DEP008,2025-10-24,Evening,8.0,8.5,0.0,7,5.0,No,28.0
NS004914,STF0049,FAC001,DEP002,2021-06-17,Morning,8.0,6.8,0.9,7,5.4,No,30.7
NS007821,STF0396,FAC004,DEP004,2024-11-30,Evening,8.0,7.8,0.5,6,5.2,No,25.5
NS001346,STF0365,FAC004,DEP006,2023-12-04,Morning,8.0,0.0,0.0,0,0.0,Yes,0.0
NS001445,STF0293,FAC005,DEP003,2021-12-17,Evening,8.0,8.3,1.7,1,0.8,No,9.1
NS002626,STF0083,FAC001,DEP004,2026-10-17,Night,8.0,7.8,1.6,5,4.3,No,24.8
NS008856,STF0399,FAC004,DEP006,2023-02-13,Night,8.0,7.5,1.8,7,5.1,No,33.4
NS000081,STF0200,FAC003,DEP008,2022-12-15,Night,8.0,8.0,0.7,1,1.0,No,6.1
NS005428,STF0329,FAC005,DEP007,2021-07-10,Morning,8.0,7.4,1.0,7,4.9,No,31.0
NS002408,STF0085,FAC001,DEP004,2021-01-07,Night,8.0,7.8,1.1,3,2.0,No,15.3
NS000336,STF0316,FAC005,DEP006,2024-08-14,Morning,8.0,8.5,1.0,7,5.2,No,31.0
NS002875,STF0369,FAC005,DEP007,2021-07-06,Morning,8.0,7.3,0.0,4,3.0,No,16.0
NS006158,STF0164,FAC003,DEP001,2025-02-01,Morning,8.0,8.1,0.1,4,2.8,No,16.3
NS003892,STF0105,FAC001,DEP008,2024-01-04,Night,8.0,8.9,0.2,3,2.5,No,12.6
NS001573,STF0301,FAC005,DEP005,2025-09-11,Morning,8.0,7.4,0.9,4,3.2,No,18.7
NS008218,STF0204,FAC003,DEP008,2021-02-15,Evening,8.0,8.3,1.7,3,2.2,No,17.1
NS003945,STF0212,FAC004,DEP001,2022-08-22,Morning,8.0,8.9,1.3,8,5.6,No,35.9
NS002110,STF0126,FAC002,DEP002,2024-04-20,Morning,8.0,7.7,2.2,6,5.5,No,30.6
NS010243,STF0214,FAC004,DEP001,2021-06-01,Morning,8.0,8.8,0.9,4,2.7,No,18.7
NS001510,STF0284,FAC005,DEP001,2024-01-26,Evening,8.0,8.1,0.5,1,0.7,No,5.5
NS001897,STF0070,FAC001,DEP003,2024-01-14,Evening,8.0,8.2,1.6,4,3.1,No,20.8
NS009659,STF0478,FAC005,DEP008,2026-12-30,Evening,8.0,8.8,0.5,7,5.8,No,29.5
NS007822,STF0092,FAC001,DEP005,2021-05-28,Evening,8.0,8.0,1.0,5,4.8,No,23.0
NS009920,STF0472,FAC003,DEP008,2024-05-21,Morning,8.0,8.0,0.7,6,4.2,No,26.1
NS006045,STF0055,FAC001,DEP002,2021-11-08,Evening,8.0,7.7,0.0,4,3.5,No,16.0
NS001846,STF0487,FAC005,DEP006,2023-03-20,Night,8.0,7.5,0.9,6,4.7,No,26.7
NS000112,STF0136,FAC002,DEP005,2024-04-08,Night,8.0,7.1,1.2,5,5.0,No,23.6
NS000473,STF0152,FAC002,DEP007,2024-05-12,Night,8.0,9.4,1.4,3,2.4,No,16.2
NS009546,STF0153,FAC002,DEP007,2025-09-17,Morning,8.0,7.3,2.2,7,6.3,No,34.6
NS007326,STF0469,FAC001,DEP002,2026-01-23,Night,8.0,7.5,1.7,12,8.6,No,53.1
NS006776,STF0243,FAC004,DEP005,2024-03-18,Morning,8.0,8.8,1.3,3,2.9,No,15.9
NS008799,STF0092,FAC001,DEP005,2023-05-04,Morning,8.0,7.7,0.3,7,5.1,No,28.9
NS009015,STF0252,FAC004,DEP006,2026-06-04,Evening,8.0,7.5,0.2,9,7.7,No,36.6
NS009982,STF0200,FAC003,DEP008,2025-04-15,Evening,8.0,0.0,0.0,0,0.0,Yes,0.0
NS001184,STF0293,FAC005,DEP003,2026-03-02,Night,8.0,8.8,1.0,8,7.5,No,35.0
NS006598,STF0178,FAC003,DEP003,2023-01-18,Morning,8.0,7.0,2.9,4,3.9,No,24.7
NS007079,STF0316,FAC005,DEP006,2023-02-05,Morning,8.0,7.2,1.9,2,1.9,No,13.7
NS003438,STF0206,FAC003,DEP008,2026-03-30,Morning,8.0,7.6,1.1,8,7.8,No,35.3
NS002311,STF0385,FAC002,DEP005,2022-07-25,Night,8.0,8.2,0.5,5,4.7,No,21.5
NS009062,STF0163,FAC003,DEP001,2023-12-05,Morning,8.0,0.0,0.0,0,0.0,Yes,0.0
NS011043,STF0172,FAC003,DEP003,2022-08-16,Evening,8.0,7.2,1.5,11,8.8,No,48.5
NS007320,STF0127,FAC002,DEP002,2022-10-04,Evening,8.0,8.0,0.9,5,3.6,No,22.7
NS004342,STF0380,FAC004,DEP002,2024-09-13,Night,8.0,7.9,1.9,5,4.5,No,25.7
NS002693,STF0119,FAC002,DEP002,2025-08-06,Morning,8.0,8.6,0.6,5,3.7,No,21.8
NS008806,STF0384,FAC005,DEP007,2026-07-20,Night,8.0,8.1,1.7,12,8.3,No,53.1
NS008597,STF0332,FAC005,DEP007,2022-03-20,Morning,8.0,8.1,1.3,1,0.8,No,7.9
NS005529,STF0316,FAC005,DEP006,2025-04-10,Evening,8.0,7.6,1.7,6,4.3,No,29.1
NS002890,STF0200,FAC003,DEP008,2025-07-16,Morning,8.0,7.7,1.0,10,9.1,No,43.0
NS002185,STF0379,FAC001,DEP005,2023-05-12,Morning,8.0,6.8,0.8,6,5.3,No,26.4
NS005779,STF0491,FAC004,DEP004,2026-10-29,Morning,8.0,7.7,1.5,8,5.4,No,36.5
NS004395,STF0242,FAC004,DEP005,2023-07-12,Night,8.0,7.8,1.1,4,2.9,No,19.3
NS010278,STF0440,FAC001,DEP003,2024-06-02,Night,8.0,8.4,1.6,3,2.6,No,16.8
NS010388,STF0229,FAC004,DEP004,2021-11-16,Night,8.0,8.7,0.0,4,3.1,No,16.0
NS006024,STF0414,FAC003,DEP008,2025-01-10,Morning,8.0,0.0,0.0,0,0.0,Yes,0.0
NS009036,STF0067,FAC001,DEP003,2024-04-06,Morning,8.0,7.3,0.8,4,2.7,No,18.4
NS009422,STF0440,FAC001,DEP003,2026-07-23,Morning,8.0,8.5,1.5,8,5.8,No,36.5
NS001194,STF0146,FAC002,DEP006,2026-10-24,Evening,8.0,7.8,1.7,2,1.6,No,13.1
NS000046,STF0138,FAC002,DEP005,2026-01-14,Evening,8.0,8.0,0.7,11,8.0,No,46.1
NS003650,STF0188,FAC003,DEP007,2026-08-06,Morning,8.0,7.6,1.5,10,9.0,No,44.5
NS009731,STF0074,FAC001,DEP003,2023-07-22,Morning,8.0,7.7,0.4,6,6.0,No,25.2
NS009476,STF0070,FAC001,DEP003,2025-12-19,Night,8.0,9.0,0.4,10,8.0,No,41.2
NS001579,STF0227,FAC004,DEP002,2021-04-15,Morning,8.0,8.3,1.6,8,5.6,No,36.8
NS003140,STF0219,FAC004,DEP002,2022-05-26,Evening,8.0,7.5,0.6,4,3.3,No,17.8
NS008289,STF0313,FAC005,DEP006,2026-09-29,Morning,8.0,7.4,1.6,7,5.6,No,32.8
NS003430,STF0428,FAC001,DEP001,2025-01-10,Evening,8.0,8.1,1.2,7,5.7,No,31.6
NS001585,STF0493,FAC004,DEP002,2026-07-27,Evening,8.0,7.5,1.1,8,8.0,No,35.3
NS004190,STF0242,FAC004,DEP005,2022-08-01,Evening,8.0,7.2,0.7,9,8.7,No,38.1
NS005973,STF0144,FAC002,DEP006,2026-02-25,Morning,8.0,8.9,3.0,5,3.4,No,29.0
NS010465,STF0397,FAC005,DEP007,2024-12-31,Evening,8.0,8.7,2.0,6,4.2,No,30.0
NS003335,STF0226,FAC004,DEP002,2025-11-17,Morning,8.0,6.4,0.6,4,3.4,No,17.8
NS006763,STF0161,FAC002,DEP007,2024-11-17,Morning,8.0,7.2,1.0,2,1.8,No,11.0
NS011228,STF0247,FAC004,DEP005,2025-08-07,Evening,8.0,6.7,0.2,6,5.8,No,24.6
NS010122,STF0436,FAC002,DEP001,2024-03-18,Morning,8.0,7.9,0.7,5,4.1,No,22.1
NS000316,STF0326,FAC005,DEP007,2026-06-27,Evening,8.0,7.3,1.3,3,2.9,No,15.9
NS010287,STF0478,FAC005,DEP008,2023-08-01,Morning,8.0,6.9,0.5,7,5.2,No,29.5
NS006622,STF0215,FAC004,DEP001,2022-11-25,Night,8.0,8.1,0.0,6,4.2,No,24.0
NS006534,STF0464,FAC002,DEP006,2023-12-27,Night,8.0,8.0,0.0,10,7.7,No,40.0
NS009370,STF0244,FAC004,DEP005,2024-06-08,Morning,8.0,8.9,0.0,3,2.3,No,12.0
NS002145,STF0142,FAC002,DEP006,2026-07-03,Night,8.0,7.7,0.4,9,6.0,No,37.2
NS006501,STF0400,FAC002,DEP005,2023-10-05,Morning,8.0,8.6,0.7,6,4.0,No,26.1
NS010043,STF0146,FAC002,DEP006,2025-10-21,Night,8.0,7.5,0.0,4,2.7,No,16.0
NS005863,STF0482,FAC004,DEP005,2023-10-21,Night,8.0,6.7,0.1,7,5.3,No,28.3
NS005197,STF0247,FAC004,DEP005,2021-03-30,Morning,8.0,7.7,0.4,2,1.6,No,9.2
NS006663,STF0059,FAC001,DEP002,2023-02-13,Night,8.0,7.6,1.9,4,3.4,No,21.7
NS005171,STF0472,FAC003,DEP008,2026-12-08,Evening,8.0,7.4,1.3,8,5.6,No,35.9
NS009027,STF0212,FAC004,DEP001,2021-01-11,Morning,8.0,7.7,0.5,4,2.8,No,17.5
NS001072,STF0215,FAC004,DEP001,2024-11-13,Morning,8.0,8.0,0.2,7,5.4,No,28.6
NS009213,STF0114,FAC002,DEP001,2026-11-04,Night,8.0,7.2,1.4,8,6.7,No,36.2
NS007629,STF0445,FAC002,DEP007,2025-09-25,Night,8.0,7.7,1.0,7,4.8,No,31.0
NS005606,STF0411,FAC005,DEP007,2025-12-26,Evening,8.0,7.8,1.3,8,6.9,No,35.9
NS009964,STF0083,FAC001,DEP004,2023-08-02,Morning,8.0,7.3,0.8,6,4.8,No,26.4
NS010436,STF0310,FAC005,DEP005,2026-06-14,Night,8.0,7.3,0.5,4,3.6,No,17.5
NS000410,STF0159,FAC002,DEP007,2026-03-10,Morning,8.0,7.6,1.4,9,8.6,No,40.2
NS003785,STF0261,FAC004,DEP006,2024-01-12,Evening,8.0,8.7,1.3,9,7.1,No,39.9
NS003442,STF0085,FAC001,DEP004,2025-04-28,Morning,8.0,8.5,0.5,8,7.3,No,33.5
NS000577,STF0204,FAC003,DEP008,2021-01-05,Morning,8.0,8.5,1.3,9,6.6,No,39.9
NS008609,STF0142,FAC002,DEP006,2023-06-21,Morning,8.0,8.1,1.5,8,5.7,No,36.5
NS005577,STF0379,FAC001,DEP005,2022-04-07,Morning,8.0,7.7,0.1,5,3.6,No,20.3
NS007198,STF0193,FAC003,DEP007,2023-12-24,Night,8.0,7.9,1.1,1,0.7,No,7.3
NS000714,STF0399,FAC004,DEP006,2021-08-28,Night,8.0,8.0,0.1,1,0.7,No,4.3
NS009467,STF0384,FAC005,DEP007,2023-02-02,Morning,8.0,8.2,0.1,8,6.2,No,32.3
NS005872,STF0153,FAC002,DEP007,2023-04-13,Evening,8.0,7.2,0.8,7,7.0,No,30.4
NS001088,STF0094,FAC001,DEP005,2023-04-07,Night,8.0,7.0,1.2,7,5.8,No,31.6
NS003248,STF0193,FAC003,DEP007,2023-11-21,Morning,8.0,8.7,1.2,11,9.6,No,47.6
NS008474,STF0067,FAC001,DEP003,2024-06-13,Morning,8.0,8.1,1.1,8,6.7,No,35.3
NS008761,STF0211,FAC004,DEP001,2022-06-28,Morning,8.0,8.2,0.0,4,3.2,No,16.0
NS002216,STF0163,FAC003,DEP001,2021-04-11,Morning,8.0,8.4,0.5,1,0.7,No,5.5
NS001455,STF0298,FAC005,DEP003,2022-04-12,Morning,8.0,8.0,0.0,5,4.4,No,20.0
NS004588,STF0140,FAC002,DEP006,2021-04-18,Night,8.0,8.0,0.3,1,0.8,No,4.9
NS002421,STF0462,FAC001,DEP002,2025-06-16,Evening,8.0,8.2,0.9,6,4.5,No,26.7
NS002859,STF0149,FAC002,DEP006,2025-01-17,Evening,8.0,7.4,1.1,9,6.7,No,39.3
NS000882,STF0268,FAC004,DEP007,2022-05-30,Night,8.0,6.7,0.0,5,4.5,No,20.0
NS001711,STF0227,FAC004,DEP002,2024-11-30,Evening,8.0,9.4,0.8,6,4.0,No,26.4
NS003990,STF0279,FAC005,DEP001,2022-06-09,Night,8.0,7.9,2.1,5,4.5,No,26.3
NS011917,STF0163,FAC003,DEP001,2026-09-18,Morning,8.0,7.5,0.2,8,7.2,No,32.6
NS009104,STF0114,FAC002,DEP001,2022-12-24,Night,8.0,0.0,0.0,0,0.0,Yes,0.0
NS004717,STF0107,FAC001,DEP008,2024-03-23,Morning,8.0,7.2,0.9,6,4.5,No,26.7
NS011694,STF0259,FAC004,DEP006,2025-09-27,Evening,8.0,7.6,0.4,8,6.1,No,33.2
NS002406,STF0474,FAC004,DEP004,2024-07-19,Morning,8.0,8.6,1.0,10,8.1,No,43.0
NS003882,STF0494,FAC001,DEP002,2024-06-28,Night,8.0,0.0,0.0,0,0.0,Yes,0.0
NS011835,STF0491,FAC004,DEP004,2025-04-04,Evening,8.0,8.6,0.9,9,6.7,No,38.7
NS003061,STF0448,FAC002,DEP007,2023-12-27,Morning,8.0,8.1,0.5,6,4.5,No,25.5
NS011620,STF0214,FAC004,DEP001,2026-04-10,Morning,8.0,7.9,2.1,7,5.9,No,34.3
NS003354,STF0424,FAC001,DEP001,2025-05-08,Evening,8.0,7.5,0.1,7,6.3,No,28.3
NS009129,STF0272,FAC004,DEP007,2026-03-29,Morning,8.0,8.1,0.0,4,3.7,No,16.0
NS010996,STF0172,FAC003,DEP003,2026-04-10,Evening,8.0,6.3,0.8,9,7.3,No,38.4
NS001598,STF0303,FAC005,DEP005,2024-09-06,Evening,8.0,7.2,0.8,7,7.0,No,30.4
NS006651,STF0188,FAC003,DEP007,2023-04-20,Evening,8.0,8.3,0.0,7,6.5,No,28.0
NS003527,STF0093,FAC001,DEP005,2026-06-26,Evening,8.0,8.7,2.7,5,3.4,No,28.1
NS007385,STF0458,FAC005,DEP008,2023-07-14,Evening,8.0,7.5,0.6,6,5.3,No,25.8
NS009660,STF0477,FAC003,DEP001,2025-05-20,Evening,8.0,7.6,0.0,8,6.4,No,32.0
NS004654,STF0200,FAC003,DEP008,2025-07-30,Evening,8.0,8.0,1.6,7,4.7,No,32.8
NS010822,STF0482,FAC004,DEP005,2026-04-03,Morning,8.0,8.1,0.2,9,7.1,No,36.6
NS001181,STF0308,FAC005,DEP005,2023-08-21,Morning,8.0,7.5,1.7,7,5.8,No,33.1
NS008510,STF0462,FAC001,DEP002,2023-07-22,Morning,8.0,0.0,0.0,0,0.0,Yes,0.0
NS008166,STF0124,FAC002,DEP002,2021-11-03,Morning,8.0,8.5,1.2,7,6.0,No,31.6
NS005628,STF0408,FAC004,DEP006,2025-02-27,Evening,8.0,7.9,1.7,6,4.8,No,29.1
NS007519,STF0165,FAC003,DEP001,2024-06-14,Evening,8.0,7.6,1.0,4,2.7,No,19.0
NS008822,STF0212,FAC004,DEP001,2026-05-27,Morning,8.0,8.4,1.3,10,10.0,No,43.9
NS004772,STF0204,FAC003,DEP008,2021-12-16,Night,8.0,8.0,0.4,6,5.9,No,25.2
NS007149,STF0445,FAC002,DEP007,2021-03-17,Morning,8.0,7.5,1.2,7,5.4,No,31.6
NS004722,STF0373,FAC004,DEP001,2022-05-13,Morning,8.0,8.7,0.9,7,5.8,No,30.7
NS002639,STF0114,FAC002,DEP001,2023-05-08,Evening,8.0,8.9,2.2,8,7.1,No,38.6
NS008818,STF0363,FAC005,DEP008,2026-05-20,Morning,8.0,8.8,1.1,7,6.1,No,31.3
NS008472,STF0493,FAC004,DEP002,2021-03-18,Morning,8.0,9.0,0.6,8,6.0,No,33.8
NS004388,STF0414,FAC003,DEP008,2023-08-22,Morning,8.0,8.0,0.2,8,5.6,No,32.6
NS002910,STF0061,FAC001,DEP002,2022-06-23,Evening,8.0,7.6,1.8,7,4.8,No,33.4
NS010589,STF0159,FAC002,DEP007,2025-05-04,Night,8.0,8.4,1.0,4,3.3,No,19.0
NS002329,STF0424,FAC001,DEP001,2022-07-19,Morning,8.0,8.1,0.7,6,5.5,No,26.1
NS002761,STF0219,FAC004,DEP002,2024-12-03,Evening,8.0,7.9,0.4,6,5.4,No,25.2
NS001692,STF0219,FAC004,DEP002,2025-04-25,Morning,8.0,7.9,0.8,3,2.2,No,14.4
NS004193,STF0488,FAC001,DEP008,2024-10-09,Evening,8.0,8.6,1.4,6,4.2,No,28.2
NS000124,STF0434,FAC005,DEP001,2026-04-01,Evening,8.0,0.0,0.0,0,0.0,Yes,0.0
NS010554,STF0365,FAC004,DEP006,2024-02-18,Morning,8.0,0.0,0.0,0,0.0,Yes,0.0
NS001953,STF0064,FAC001,DEP003,2021-12-10,Evening,8.0,8.9,0.0,3,2.4,No,12.0
NS008641,STF0116,FAC002,DEP001,2023-04-12,Morning,8.0,0.0,0.0,0,0.0,Yes,0.0
NS005490,STF0188,FAC003,DEP007,2025-08-21,Night,8.0,9.0,1.9,12,9.3,No,53.7
NS006109,STF0177,FAC003,DEP003,2026-04-25,Morning,8.0,7.4,1.7,4,3.6,No,21.1
NS008823,STF0313,FAC005,DEP006,2026-06-03,Morning,8.0,9.0,1.3,6,5.2,No,27.9
NS002393,STF0424,FAC001,DEP001,2024-07-30,Morning,8.0,8.4,0.9,7,5.7,No,30.7
NS007810,STF0462,FAC001,DEP002,2021-04-25,Night,8.0,8.3,0.4,1,0.8,No,5.2
NS006698,STF0284,FAC005,DEP001,2025-01-25,Morning,8.0,0.0,0.0,0,0.0,Yes,0.0
NS003401,STF0268,FAC004,DEP007,2026-09-28,Night,8.0,8.4,0.0,14,13.3,No,56.0
NS008310,STF0076,FAC001,DEP004,2023-04-24,Night,8.0,7.7,1.6,10,7.4,No,44.8
NS004075,STF0156,FAC002,DEP007,2021-10-11,Morning,8.0,8.4,1.3,3,2.2,No,15.9
NS010010,STF0414,FAC003,DEP008,2021-01-06,Morning,8.0,8.0,0.3,7,5.0,No,28.9
NS007090,STF0226,FAC004,DEP002,2022-08-29,Evening,8.0,9.0,1.6,9,6.0,No,40.8
NS004642,STF0397,FAC005,DEP007,2021-11-23,Night,8.0,7.7,0.5,6,4.7,No,25.5
NS004830,STF0326,FAC005,DEP007,2021-08-26,Evening,8.0,8.6,1.4,3,2.7,No,16.2
NS011744,STF0241,FAC004,DEP005,2023-09-17,Evening,8.0,8.0,1.1,5,3.9,No,23.3
NS001892,STF0310,FAC005,DEP005,2023-06-01,Morning,8.0,7.9,0.8,5,4.2,No,22.4
NS005050,STF0172,FAC003,DEP003,2024-05-18,Morning,8.0,0.0,0.0,0,0.0,Yes,0.0
NS006757,STF0478,FAC005,DEP008,2022-03-09,Evening,8.0,8.1,2.0,3,2.7,No,18.0
NS000296,STF0466,FAC001,DEP004,2026-03-06,Morning,8.0,6.9,2.2,8,6.4,No,38.6
NS011457,STF0115,FAC002,DEP001,2026-04-07,Night,8.0,9.3,0.1,13,11.5,No,52.3
NS002255,STF0247,FAC004,DEP005,2022-03-14,Night,8.0,8.7,1.7,8,7.6,No,37.1
NS010281,STF0163,FAC003,DEP001,2024-03-19,Night,8.0,7.4,0.4,5,3.6,No,21.2
NS002358,STF0284,FAC005,DEP001,2024-09-23,Night,8.0,0.0,0.0,0,0.0,Yes,0.0
NS001786,STF0083,FAC001,DEP004,2023-12-15,Evening,8.0,7.5,1.7,7,6.1,No,33.1
NS009957,STF0206,FAC003,DEP008,2025-08-17,Morning,8.0,8.8,0.0,2,1.8,No,8.0
NS000287,STF0214,FAC004,DEP001,2025-05-04,Morning,8.0,8.8,1.2,1,0.8,No,7.6
NS005740,STF0383,FAC002,DEP005,2025-12-12,Morning,8.0,8.7,1.8,7,4.9,No,33.4
NS001759,STF0138,FAC002,DEP005,2023-10-18,Evening,8.0,0.0,0.0,0,0.0,Yes,0.0
NS004263,STF0433,FAC001,DEP005,2023-10-23,Night,8.0,8.6,0.2,4,2.8,No,16.6
NS001285,STF0146,FAC002,DEP006,2026-08-02,Night,8.0,7.9,0.0,4,2.7,No,16.0
NS011850,STF0241,FAC004,DEP005,2022-02-01,Evening,8.0,6.5,0.3,8,5.7,No,32.9
NS005009,STF0483,FAC001,DEP003,2025-01-09,Evening,8.0,7.2,0.0,8,5.6,No,32.0
NS010134,STF0482,FAC004,DEP005,2025-02-17,Night,8.0,8.0,0.4,5,4.4,No,21.2
NS007365,STF0328,FAC005,DEP007,2026-12-29,Morning,8.0,7.3,2.5,9,7.1,No,43.5
NS005994,STF0289,FAC005,DEP001,2026-02-22,Morning,8.0,8.0,0.0,3,2.1,No,12.0
NS011544,STF0329,FAC005,DEP007,2026-02-23,Morning,8.0,8.6,1.0,6,4.7,No,27.0
NS008361,STF0136,FAC002,DEP005,2022-05-31,Night,8.0,8.3,1.1,5,3.7,No,23.3
NS006561,STF0242,FAC004,DEP005,2025-04-27,Morning,8.0,8.0,1.8,2,1.4,No,13.4
NS008817,STF0279,FAC005,DEP001,2025-01-28,Morning,8.0,7.4,1.2,8,6.2,No,35.6
NS000550,STF0232,FAC004,DEP004,2026-03-02,Morning,8.0,8.2,1.3,10,7.0,No,43.9
NS002609,STF0316,FAC005,DEP006,2025-10-08,Morning,8.0,7.1,0.0,4,3.0,No,16.0
NS002621,STF0247,FAC004,DEP005,2021-05-31,Morning,8.0,7.4,0.9,4,3.5,No,18.7
NS004238,STF0156,FAC002,DEP007,2021-11-22,Morning,8.0,8.4,0.9,7,4.7,No,30.7
NS005796,STF0156,FAC002,DEP007,2022-03-13,Morning,8.0,9.2,0.5,3,2.3,No,13.5
NS008204,STF0287,FAC005,DEP001,2025-02-25,Evening,8.0,8.1,0.7,5,4.8,No,22.1
NS005231,STF0142,FAC002,DEP006,2026-01-14,Morning,8.0,8.4,1.1,7,5.6,No,31.3
NS006323,STF0476,FAC002,DEP007,2025-07-21,Morning,8.0,7.7,2.0,6,4.1,No,30.0
NS010512,STF0272,FAC004,DEP007,2021-10-11,Morning,8.0,8.0,0.4,4,2.7,No,17.2
NS003488,STF0499,FAC002,DEP007,2026-11-06,Night,8.0,8.1,0.5,7,6.1,No,29.5
NS010854,STF0094,FAC001,DEP005,2022-08-09,Evening,8.0,8.5,0.1,9,6.8,No,36.3
NS008144,STF0472,FAC003,DEP008,2026-05-19,Night,8.0,9.2,1.9,5,4.1,No,25.7
NS004334,STF0435,FAC005,DEP005,2025-04-10,Morning,8.0,7.7,1.2,5,4.0,No,23.6
NS005633,STF0131,FAC002,DEP005,2023-09-23,Morning,8.0,7.7,0.0,4,3.0,No,16.0
NS011601,STF0363,FAC005,DEP008,2026-09-09,Morning,8.0,8.3,0.4,10,8.0,No,41.2
NS009672,STF0299,FAC005,DEP003,2023-11-20,Morning,8.0,7.5,1.1,8,5.7,No,35.3
NS003071,STF0136,FAC002,DEP005,2024-07-24,Morning,8.0,8.9,1.3,8,6.9,No,35.9
NS009854,STF0289,FAC005,DEP001,2022-08-24,Morning,8.0,7.3,1.1,5,3.5,No,23.3
NS009963,STF0307,FAC005,DEP005,2026-02-12,Evening,8.0,7.5,0.9,4,3.3,No,18.7
NS005956,STF0212,FAC004,DEP001,2023-03-03,Night,8.0,7.7,0.0,5,4.1,No,20.0
NS005654,STF0156,FAC002,DEP007,2024-01-15,Morning,8.0,6.8,0.7,4,3.1,No,18.1
NS006799,STF0205,FAC003,DEP008,2022-09-23,Evening,8.0,7.7,1.0,7,5.5,No,31.0
NS006741,STF0373,FAC004,DEP001,2022-11-07,Morning,8.0,0.0,0.0,0,0.0,Yes,0.0
NS003089,STF0212,FAC004,DEP001,2025-08-25,Morning,8.0,7.7,0.7,10,6.7,No,42.1
NS001304,STF0331,FAC005,DEP007,2025-02-12,Morning,8.0,0.0,0.0,0,0.0,Yes,0.0
NS003571,STF0165,FAC003,DEP001,2021-12-13,Night,8.0,8.0,0.6,4,3.5,No,17.8
NS005617,STF0306,FAC005,DEP005,2026-08-18,Night,8.0,8.4,0.7,7,6.9,No,30.1
NS003022,STF0332,FAC005,DEP007,2021-12-09,Morning,8.0,7.0,0.3,4,3.3,No,16.9
NS006780,STF0307,FAC005,DEP005,2021-03-30,Evening,8.0,9.0,0.4,5,3.8,No,21.2
NS007826,STF0076,FAC001,DEP004,2026-12-29,Morning,8.0,8.0,0.5,8,5.4,No,33.5
NS009223,STF0308,FAC005,DEP005,2025-04-15,Evening,8.0,6.8,0.0,10,7.2,No,40.0
NS009626,STF0076,FAC001,DEP004,2025-09-11,Night,8.0,8.7,0.9,9,6.4,No,38.7
NS011952,STF0138,FAC002,DEP005,2025-06-12,Morning,8.0,8.2,2.6,7,6.6,No,35.8
NS007388,STF0462,FAC001,DEP002,2025-02-01,Morning,8.0,8.1,1.1,6,5.4,No,27.3
NS008207,STF0365,FAC004,DEP006,2023-12-28,Morning,8.0,7.5,1.7,9,6.6,No,41.1
NS011779,STF0184,FAC003,DEP005,2026-09-28,Morning,8.0,7.6,0.0,7,4.8,No,28.0
NS009433,STF0490,FAC001,DEP002,2026-01-31,Morning,8.0,7.8,1.0,8,5.9,No,35.0
NS003209,STF0212,FAC004,DEP001,2023-06-07,Morning,8.0,8.0,1.7,5,4.9,No,25.1
NS010669,STF0371,FAC004,DEP004,2023-04-04,Morning,8.0,9.0,0.0,3,2.9,No,12.0
NS007723,STF0274,FAC004,DEP007,2023-10-09,Night,8.0,8.9,0.3,7,5.3,No,28.9
NS002528,STF0212,FAC004,DEP001,2021-07-20,Morning,8.0,8.6,0.1,6,5.4,No,24.3
NS007707,STF0229,FAC004,DEP004,2025-06-04,Morning,8.0,7.3,1.1,8,5.9,No,35.3
NS002589,STF0398,FAC003,DEP005,2022-02-07,Night,8.0,7.3,0.9,6,4.5,No,26.7
NS002634,STF0290,FAC005,DEP001,2024-09-13,Night,8.0,7.8,0.5,5,4.9,No,21.5
NS007074,STF0147,FAC002,DEP006,2025-12-02,Morning,8.0,7.9,0.2,9,8.8,No,36.6
NS000468,STF0477,FAC003,DEP001,2026-03-29,Night,8.0,8.8,0.8,5,4.8,No,22.4
NS006183,STF0384,FAC005,DEP007,2023-08-22,Morning,8.0,8.0,1.5,9,6.5,No,40.5
NS007311,STF0284,FAC005,DEP001,2025-05-02,Night,8.0,7.1,0.6,5,4.8,No,21.8
NS009013,STF0379,FAC001,DEP005,2024-06-22,Night,8.0,8.6,1.1,3,2.4,No,15.3
NS000107,STF0049,FAC001,DEP002,2025-12-02,Night,8.0,7.1,0.5,9,6.8,No,37.5
NS007205,STF0163,FAC003,DEP001,2025-05-23,Night,8.0,8.5,0.9,8,5.8,No,34.7
NS010597,STF0165,FAC003,DEP001,2025-07-17,Morning,8.0,7.8,1.6,9,6.4,No,40.8
NS006779,STF0478,FAC005,DEP008,2026-10-05,Morning,8.0,8.4,0.5,8,7.0,No,33.5
NS005260,STF0183,FAC003,DEP005,2023-11-10,Evening,8.0,7.7,0.5,5,4.1,No,21.5
NS000412,STF0187,FAC003,DEP005,2022-05-07,Evening,8.0,9.9,0.3,4,2.7,No,16.9
NS005805,STF0138,FAC002,DEP005,2024-09-27,Morning,8.0,7.8,0.7,8,7.5,No,34.1
NS010309,STF0089,FAC001,DEP005,2021-07-15,Evening,8.0,7.8,1.0,3,2.1,No,15.0
NS010146,STF0494,FAC001,DEP002,2021-01-19,Morning,8.0,7.4,0.7,4,3.3,No,18.1
NS003468,STF0472,FAC003,DEP008,2021-11-25,Morning,8.0,8.0,2.1,5,3.9,No,26.3
NS009194,STF0091,FAC001,DEP005,2022-10-28,Night,8.0,8.7,0.9,8,7.1,No,34.7
NS005667,STF0140,FAC002,DEP006,2023-07-25,Evening,8.0,8.2,0.6,4,3.4,No,17.8
NS010170,STF0067,FAC001,DEP003,2025-01-24,Evening,8.0,8.1,0.7,10,9.9,No,42.1
NS009961,STF0384,FAC005,DEP007,2026-04-27,Evening,8.0,8.2,0.5,9,8.5,No,37.5
NS004094,STF0188,FAC003,DEP007,2025-07-14,Morning,8.0,0.0,0.0,0,0.0,Yes,0.0
NS006734,STF0304,FAC005,DEP005,2022-10-11,Night,8.0,8.3,0.7,7,5.5,No,30.1
NS005145,STF0458,FAC005,DEP008,2025-12-18,Evening,8.0,7.3,1.7,8,5.9,No,37.1
NS005713,STF0241,FAC004,DEP005,2026-05-02,Morning,8.0,7.9,0.0,8,7.8,No,32.0
NS006649,STF0163,FAC003,DEP001,2024-01-22,Morning,8.0,7.3,2.0,10,8.0,No,46.0
NS009483,STF0127,FAC002,DEP002,2023-09-14,Morning,8.0,6.9,0.0,3,2.1,No,12.0
NS009775,STF0119,FAC002,DEP002,2021-07-16,Evening,8.0,8.1,0.4,6,5.3,No,25.2
NS001863,STF0500,FAC002,DEP005,2025-02-20,Night,8.0,7.8,1.9,8,7.3,No,37.7
NS011135,STF0388,FAC001,DEP008,2024-04-25,Morning,8.0,8.1,0.6,4,3.9,No,17.8
NS009057,STF0163,FAC003,DEP001,2025-12-05,Evening,8.0,8.1,1.2,8,6.5,No,35.6
NS004834,STF0162,FAC003,DEP001,2024-01-28,Evening,8.0,7.7,0.7,4,2.7,No,18.1
NS009628,STF0208,FAC004,DEP001,2024-07-16,Night,8.0,8.9,0.3,6,5.4,No,24.9
NS009022,STF0153,FAC002,DEP007,2022-06-19,Morning,8.0,7.7,0.7,2,1.6,No,10.1
NS008505,STF0241,FAC004,DEP005,2023-04-05,Night,8.0,8.5,1.3,3,2.3,No,15.9
NS000030,STF0428,FAC001,DEP001,2021-08-12,Evening,8.0,7.5,0.4,5,3.8,No,21.2
NS010155,STF0363,FAC005,DEP008,2025-08-18,Morning,8.0,8.6,0.3,9,7.7,No,36.9
NS011330,STF0232,FAC004,DEP004,2024-08-22,Evening,8.0,8.5,1.3,7,5.4,No,31.9
NS003932,STF0303,FAC005,DEP005,2025-11-22,Morning,8.0,8.1,1.0,8,6.2,No,35.0
NS000569,STF0308,FAC005,DEP005,2026-01-29,Night,8.0,6.8,0.9,8,7.6,No,34.7
NS005172,STF0369,FAC005,DEP007,2021-02-13,Morning,8.0,0.0,0.0,0,0.0,Yes,0.0
NS005408,STF0244,FAC004,DEP005,2023-11-08,Morning,8.0,8.3,0.8,4,3.6,No,18.4
NS001246,STF0290,FAC005,DEP001,2026-10-23,Morning,8.0,6.6,2.1,9,6.3,No,42.3
NS005681,STF0340,FAC005,DEP008,2022-10-21,Night,8.0,7.3,0.4,5,4.1,No,21.2
NS011458,STF0131,FAC002,DEP005,2021-06-17,Night,8.0,8.2,1.4,4,3.5,No,20.2
NS001459,STF0079,FAC001,DEP004,2024-09-29,Morning,8.0,7.8,0.0,6,4.7,No,24.0
NS007371,STF0310,FAC005,DEP005,2025-09-13,Morning,8.0,7.8,0.9,4,3.6,No,18.7
NS001836,STF0433,FAC001,DEP005,2024-02-10,Morning,8.0,8.5,0.0,4,3.9,No,16.0
NS000317,STF0117,FAC002,DEP001,2024-04-19,Morning,8.0,8.8,0.9,10,8.6,No,42.7
NS000109,STF0474,FAC004,DEP004,2024-09-11,Morning,8.0,0.0,0.0,0,0.0,Yes,0.0
NS003119,STF0215,FAC004,DEP001,2023-12-16,Morning,8.0,7.6,0.9,4,3.5,No,18.7
NS009265,STF0454,FAC004,DEP006,2025-03-09,Night,8.0,8.9,0.0,4,3.5,No,16.0
NS006881,STF0117,FAC002,DEP001,2025-02-07,Evening,8.0,7.7,0.7,8,5.8,No,34.1
NS009017,STF0313,FAC005,DEP006,2025-07-02,Evening,8.0,7.3,1.6,7,6.1,No,32.8
NS011679,STF0274,FAC004,DEP007,2022-09-02,Night,8.0,7.8,1.6,8,5.6,No,36.8
NS011736,STF0232,FAC004,DEP004,2025-11-22,Morning,8.0,0.0,0.0,0,0.0,Yes,0.0
NS007714,STF0397,FAC005,DEP007,2023-12-30,Morning,8.0,8.1,0.8,1,0.7,No,6.4
NS002665,STF0331,FAC005,DEP007,2022-09-10,Night,8.0,9.0,0.3,1,0.9,No,4.9
NS002681,STF0140,FAC002,DEP006,2023-03-10,Morning,8.0,7.9,1.9,7,4.9,No,33.7
NS008188,STF0102,FAC001,DEP008,2025-02-25,Morning,8.0,7.8,0.0,9,7.7,No,36.0
NS003651,STF0299,FAC005,DEP003,2022-08-25,Morning,8.0,6.9,1.2,5,3.6,No,23.6
NS009955,STF0115,FAC002,DEP001,2024-05-08,Evening,8.0,8.0,1.2,7,6.1,No,31.6
NS002587,STF0093,FAC001,DEP005,2021-02-01,Night,8.0,6.9,0.8,6,4.9,No,26.4
NS008094,STF0155,FAC002,DEP007,2024-10-30,Morning,8.0,7.8,2.0,4,3.1,No,22.0
NS008841,STF0300,FAC005,DEP005,2025-07-30,Night,8.0,8.5,0.8,8,7.8,No,34.4
