patient_id,gender,age,city,registration_date,patient_type
PAT11500,Female,44,Bengaluru,2026-03-19,Returning
PAT06476,Male,32,Secunderabad,2025-03-08,Returning
PAT13168,Male,34,Hyderabad,2024-10-17,New
PAT00863,Female,68,Chennai,2025-06-05,Returning
PAT05971,Male,90,Chennai,2025-01-01,Returning
PAT06707,Male,26,Hyderabad,2025-06-18,New
PAT03018,Male,72,Bengaluru,2025-03-06,Returning
PAT03782,Male,50,Hyderabad,2025-01-18,Returning
PAT03899,Male,66,Hyderabad,2025-03-19,Returning
PAT02251,Female,15,Hyderabad,2025-09-06,New
PAT00543,Male,47,Secunderabad,2025-11-11,New
PAT04352,Female,14,Secunderabad,2025-02-16,Returning
PAT12808,Male,42,Chennai,2025-12-12,Returning
PAT06632,Male,26,Warangal,2025-08-06,Returning
PAT06706,Female,42,Hyderabad,2025-07-11,Returning
PAT06979,Male,46,Secunderabad,2025-02-20,New
PAT07400,Female,44,Secunderabad,2025-10-18,Returning
PAT11120,Male,22,Secunderabad,2026-03-28,New
PAT12666,Female,41,Hyderabad,2025-05-27,Returning
PAT05305,Female,61,Hyderabad,2025-09-30,Returning
PAT02313,Male,73,Bengaluru,2025-09-22,Returning
PAT07041,Female,47,Chennai,2025-03-29,Returning
PAT01890,Male,71,Hyderabad,2025-04-04,Returning
PAT08992,Male,63,Hyderabad,2025-11-09,Returning
PAT00170,Female,51,Hyderabad,2025-04-25,New
PAT01796,Female,66,Secunderabad,2025-09-25,New
PAT03976,Female,67,Hyderabad,2025-11-02,Returning
PAT06821,Female,78,Hyderabad,2025-10-14,New
PAT07827,Female,47,Hyderabad,2025-11-13,Returning
PAT11810,Male,83,Hyderabad,2024-02-15,Returning
PAT01040,Male,40,Chennai,2025-07-08,New
PAT02849,Male,23,Warangal,2025-06-20,Returning
PAT03372,Female,49,Hyderabad,2025-07-28,New
PAT08830,Female,32,Hyderabad,2025-09-20,Returning
PAT10350,Male,52,Hyderabad,2023-10-09,Returning
PAT08798,Male,73,Secunderabad,2025-10-15,New
PAT00765,Male,47,Secunderabad,2025-10-29,Returning
PAT01594,Male,66,Bengaluru,2025-11-07,Returning
PAT14233,Male,54,Warangal,2025-08-02,Returning
PAT05873,Female,68,Hyderabad,2025-05-15,Returning
PAT09941,Male,10,Warangal,2025-01-04,New
PAT05170,Male,30,Chennai,2025-07-05,New
PAT10910,Male,52,Chennai,2025-06-18,New
PAT04123,Female,54,Hyderabad,2025-10-08,Returning
PAT12949,Female,18,Hyderabad,2024-04-17,Returning
PAT14483,Male,68,Hyderabad,2023-08-18,New
PAT00150,Male,42,Bengaluru,2025-04-13,Returning
PAT11737,Female,59,Hyderabad,2024-10-29,Returning
PAT00388,Female,50,Bengaluru,2025-07-27,Returning
PAT03947,Male,27,Hyderabad,2025-10-05,Returning
PAT13403,Female,35,Secunderabad,2026-07-03,Returning
PAT01374,Female,52,Hyderabad,2025-12-17,New
PAT02885,Female,1,Warangal,2025-11-29,New
PAT14043,Male,32,Bengaluru,2024-07-06,New
PAT11361,Male,22,Bengaluru,2025-03-13,Returning
PAT02992,Male,13,Bengaluru,2025-04-13,Returning
PAT11596,Male,38,Chennai,2023-01-17,New
PAT10582,Male,48,Hyderabad,2026-05-26,New
PAT14868,Other,27,Hyderabad,2023-10-03,Returning
PAT14425,Female,25,Secunderabad,2026-02-13,Returning
PAT03025,Other,43,Chennai,2025-07-03,New
PAT00252,Female,47,Hyderabad,2025-01-16,Returning
PAT12147,Female,42,Bengaluru,2023-02-11,Returning
PAT11439,Female,35,Warangal,2022-01-03,New
PAT07093,Female,48,Chennai,2025-01-29,Returning
PAT00933,Female,28,Vijayawada,2025-05-11,New
PAT07218,Male,46,Secunderabad,2025-12-06,New
PAT03685,Female,33,Secunderabad,2025-04-06,New
PAT08369,Other,18,Chennai,2025-06-09,Returning
PAT09479,Female,1,Secunderabad,2025-05-27,Returning
PAT11725,Female,56,Hyderabad,2022-11-02,New
PAT07418,Female,47,Hyderabad,2025-06-18,New
PAT10505,Female,60,Hyderabad,2025-10-11,Returning
PAT10516,Male,33,Chennai,2025-10-25,Returning
PAT13510,Male,20,Chennai,2023-09-02,Returning
PAT07173,Female,27,Secunderabad,2025-04-06,Returning
PAT03329,Male,34,Hyderabad,2025-05-07,Returning
PAT05024,Female,16,Chennai,2025-07-17,Returning
PAT02215,Female,75,Hyderabad,2025-05-16,New
PAT02217,Male,42,Warangal,2025-10-26,Returning
PAT14796,Male,55,Hyderabad,2022-02-11,Returning
PAT02860,Female,43,Hyderabad,2025-04-11,Returning
PAT04025,Female,23,Bengaluru,2025-01-18,New
PAT02761,Male,57,Hyderabad,2025-03-17,Returning
PAT03291,Female,31,Chennai,2025-02-09,Returning
PAT10044,Female,63,Bengaluru,2025-06-12,New
PAT02627,Male,75,Chennai,2025-01-08,New
PAT04610,Male,16,Bengaluru,2025-12-18,Returning
PAT13284,Male,38,Chennai,2022-09-08,New
PAT12473,Male,71,Secunderabad,2022-12-22,New
PAT11740,Female,45,Hyderabad,2025-10-21,Returning
PAT06662,Male,71,Warangal,2025-05-26,Returning
PAT13940,Male,83,Chennai,2021-05-31,Returning
PAT07360,Male,47,Chennai,2025-10-07,Returning
PAT03205,Male,37,Chennai,2025-08-19,Returning
PAT11753,Other,51,Secunderabad,2025-04-11,Returning
PAT06127,Female,60,Chennai,2025-04-06,New
PAT14630,Female,16,Hyderabad,2021-10-30,New
PAT02679,Male,23,Hyderabad,2025-06-14,New
PAT03709,Female,9,Hyderabad,2025-06-10,Returning
PAT09988,Female,57,Hyderabad,2025-05-08,Returning
PAT02806,Male,67,Hyderabad,2025-02-02,Returning
PAT01454,Male,52,Bengaluru,2025-03-29,Returning
PAT14422,Female,12,Warangal,2021-02-26,Returning
PAT10000,Female,44,Hyderabad,2025-11-03,Returning
PAT02320,Male,56,Chennai,2025-01-31,New
PAT13883,Female,95,Chennai,2026-08-27,Returning
PAT12609,Female,39,Warangal,2026-12-02,New
PAT07334,Female,46,Chennai,2025-07-01,New
PAT03652,Male,60,Bengaluru,2025-10-28,Returning
PAT02289,Female,65,Hyderabad,2025-01-01,New
PAT03624,Female,25,Hyderabad,2025-02-21,New
PAT13619,Male,1,Hyderabad,2024-01-09,New
PAT04879,Female,37,Secunderabad,2025-10-03,New
PAT01714,Male,73,Vijayawada,2025-12-28,Returning
PAT14506,Female,22,Hyderabad,2023-12-07,Returning
PAT03590,Male,52,Secunderabad,2025-02-18,Returning
PAT09467,Male,32,Secunderabad,2025-09-15,Returning
PAT05156,Male,50,Hyderabad,2025-07-05,New
PAT12595,Female,14,Hyderabad,2024-11-22,New
PAT13674,Other,22,Chennai,2024-04-02,New
PAT03670,Male,50,Hyderabad,2025-06-15,Returning
PAT14325,Female,64,Secunderabad,2026-01-27,New
PAT13525,Male,5,Hyderabad,2024-12-19,New
PAT08385,Female,33,Bengaluru,2025-10-16,New
PAT14211,Male,47,Hyderabad,2023-02-23,Returning
PAT04388,Male,46,Bengaluru,2025-12-06,Returning
PAT09124,Male,8,Bengaluru,2025-11-27,New
PAT07895,Female,57,Bengaluru,2025-10-25,Returning
PAT01490,Female,73,Vijayawada,2025-04-16,New
PAT01607,Male,38,Hyderabad,2025-10-03,New
PAT08595,Male,34,Warangal,2025-12-24,Returning
PAT08529,Other,57,Chennai,2025-04-13,Returning
PAT01403,Female,48,Hyderabad,2025-04-24,Returning
PAT09388,Female,23,Hyderabad,2025-03-24,Returning
PAT03520,Female,23,Hyderabad,2025-11-05,Returning
PAT03298,Male,37,Secunderabad,2025-03-28,Returning
PAT01007,Male,80,Hyderabad,2025-06-06,New
PAT02792,Female,45,Hyderabad,2025-02-13,Returning
PAT02705,Female,86,Warangal,2025-01-15,Returning
PAT05614,Male,25,Secunderabad,2025-11-04,Returning
PAT14031,Female,42,Warangal,2022-01-05,New
PAT05684,Female,31,Hyderabad,2025-09-22,New
PAT12288,Male,6,Hyderabad,2024-04-12,Returning
PAT05401,Female,74,Hyderabad,2025-01-27,Returning
PAT02358,Female,52,Bengaluru,2025-11-20,Returning
PAT14681,Male,58,Chennai,2023-02-02,Returning
PAT00291,Female,35,Hyderabad,2025-10-22,New
PAT12535,Female,56,Hyderabad,2025-03-21,New
PAT05909,Female,37,Warangal,2025-09-02,New
PAT13819,Female,49,Chennai,2025-09-28,New
PAT06595,Female,16,Warangal,2025-12-24,Returning
PAT00089,Male,44,Hyderabad,2025-05-12,New
PAT12999,Male,56,Bengaluru,2026-02-19,Returning
PAT02233,Female,69,Chennai,2025-10-27,New
PAT08274,Female,26,Secunderabad,2025-01-08,Returning
PAT09323,Male,59,Vijayawada,2025-08-08,Returning
PAT07965,Female,58,Hyderabad,2025-04-30,New
PAT09038,Female,3,Bengaluru,2025-02-10,Returning
PAT11409,Female,77,Hyderabad,2023-10-06,New
PAT08392,Male,8,Vijayawada,2025-04-04,Returning
PAT11750,Female,47,Chennai,2021-10-24,New
PAT01057,Male,60,Secunderabad,2025-01-19,Returning
PAT00904,Female,61,Secunderabad,2025-07-13,Returning
PAT14221,Male,44,Chennai,2024-08-29,Returning
PAT13627,Male,74,Chennai,2024-07-10,Returning
PAT02040,Female,43,Secunderabad,2025-06-13,Returning
PAT01612,Female,90,Vijayawada,2025-11-22,Returning
PAT14520,Female,32,Chennai,2021-12-14,New
PAT00737,Female,67,Chennai,2025-08-24,New
PAT05964,Female,40,Secunderabad,2025-06-05,Returning
PAT11876,Female,61,Chennai,2023-09-13,Returning
PAT07309,Male,42,Vijayawada,2025-09-25,Returning
PAT09053,Male,74,Vijayawada,2025-07-09,Returning
PAT06178,Male,46,Hyderabad,2025-10-23,Returning
PAT13556,Other,9,Bengaluru,2025-08-12,Returning
PAT02865,Male,54,Secunderabad,2025-12-20,New
PAT10057,Male,24,Secunderabad,2023-09-23,Returning
PAT01419,Male,35,Chennai,2025-06-02,Returning
PAT05915,Male,20,Chennai,2025-04-25,New
PAT04149,Male,49,Hyderabad,2025-01-19,Returning
PAT13110,Female,77,Chennai,2025-04-08,New
PAT13686,Female,71,Hyderabad,2026-01-19,Returning
PAT01011,Male,50,Secunderabad,2025-02-26,Returning
PAT08635,Male,31,Warangal,2025-02-23,Returning
PAT07589,Female,90,Secunderabad,2025-12-27,Returning
PAT04190,Female,71,Warangal,2025-11-15,New
PAT14954,Female,46,Hyderabad,2025-05-14,New
PAT10529,Female,19,Bengaluru,2025-07-21,Returning
PAT09825,Male,12,Vijayawada,2025-10-01,Returning
PAT05146,Male,63,Bengaluru,2025-12-18,Returning
PAT08938,Male,81,Chennai,2025-11-30,New
PAT09616,Male,63,Hyderabad,2025-10-12,New
PAT08701,Female,18,Chennai,2025-06-11,Returning
PAT03801,Female,29,Vijayawada,2025-09-11,Returning
PAT10382,Male,27,Hyderabad,2024-05-17,New
PAT03746,Female,31,Hyderabad,2025-09-19,New
PAT09074,Female,50,Hyderabad,2025-01-24,New
PAT11362,Male,14,Hyderabad,2022-08-31,Returning
PAT08049,Female,56,Hyderabad,2025-09-18,New
PAT01386,Male,24,Hyderabad,2025-08-17,New
PAT10183,Male,27,Chennai,2024-12-16,New
PAT04873,Female,47,Bengaluru,2025-06-13,New
PAT00736,Male,50,Warangal,2025-09-20,New
PAT05713,Female,35,Chennai,2025-05-31,New
PAT05423,Male,9,Hyderabad,2025-06-16,New
PAT04013,Male,38,Hyderabad,2025-05-30,Returning
PAT02859,Male,17,Secunderabad,2025-05-08,New
PAT09897,Female,22,Bengaluru,2025-06-13,Returning
PAT04537,Male,63,Vijayawada,2025-03-20,Returning
PAT04581,Female,50,Hyderabad,2025-03-15,Returning
PAT07656,Male,30,Chennai,2025-04-15,New
PAT05999,Male,47,Warangal,2025-10-29,Returning
PAT00885,Male,40,Secunderabad,2025-02-11,New
PAT09027,Male,15,Secunderabad,2025-07-11,New
PAT03234,Female,38,Bengaluru,2025-02-13,New
PAT05602,Female,52,Hyderabad,2025-10-07,Returning
PAT02418,Female,90,Chennai,2025-05-14,New
PAT05359,Female,51,Chennai,2025-08-05,New
PAT11010,Female,49,Bengaluru,2024-03-06,New
PAT04949,Female,51,Hyderabad,2025-02-23,New
PAT05934,Female,62,Vijayawada,2025-11-28,Returning
PAT02920,Male,43,Hyderabad,2025-10-19,New
PAT10839,Male,49,Chennai,2024-08-24,Returning
PAT05599,Male,26,Hyderabad,2025-12-08,New
PAT03699,Female,71,Hyderabad,2025-05-04,Returning
PAT12168,Female,14,Hyderabad,2021-12-28,Returning
PAT09956,Male,78,Hyderabad,2025-03-15,Returning
PAT14085,Male,60,Secunderabad,2025-07-09,New
PAT06881,Female,44,Hyderabad,2025-11-13,Returning
PAT09159,Male,67,Hyderabad,2025-06-13,Returning
PAT10217,Female,21,Vijayawada,2021-04-19,New
PAT04402,Male,49,Hyderabad,2025-12-13,Returning
PAT10805,Female,46,Chennai,2021-06-07,Returning
PAT05932,Female,64,Bengaluru,2025-02-13,New
PAT01523,Male,51,Hyderabad,2025-02-02,New
PAT11307,Male,38,Bengaluru,2024-10-08,New
PAT02563,Male,79,Bengaluru,2025-08-08,New
PAT02129,Male,4,Hyderabad,2025-12-11,New
PAT01087,Female,27,Hyderabad,2025-02-14,Returning
PAT01963,Male,49,Warangal,2025-03-10,New
PAT05621,Male,39,Hyderabad,2025-12-27,Returning
PAT14991,Male,0,Chennai,2021-03-03,Returning
PAT12838,Male,50,Hyderabad,2024-08-26,Returning
PAT03066,Female,26,Chennai,2025-03-18,New
PAT12723,Female,0,Warangal,2022-11-14,Returning
PAT13287,Male,52,Chennai,2021-03-03,Returning
PAT03616,Male,33,Hyderabad,2025-01-11,Returning
PAT11374,Male,36,Hyderabad,2025-10-13,Returning
PAT12364,Male,19,Vijayawada,2023-12-17,Returning
PAT08291,Female,82,Hyderabad,2025-09-09,Returning
PAT09069,Female,39,Secunderabad,2025-05-20,New
PAT01347,Female,53,Bengaluru,2025-11-18,New
PAT08770,Female,64,Chennai,2025-11-23,Returning
PAT11194,Male,85,Warangal,2025-05-26,New
PAT03571,Male,77,Bengaluru,2025-11-07,Returning
PAT01122,Male,70,Chennai,2025-07-14,Returning
PAT01534,Female,32,Chennai,2025-09-28,Returning
PAT02944,Male,9,Chennai,2025-12-09,New
PAT11829,Male,41,Secunderabad,2023-02-28,Returning
PAT09361,Male,28,Hyderabad,2025-10-29,Returning
PAT07013,Male,26,Bengaluru,2025-01-06,Returning
PAT06889,Female,40,Chennai,2025-01-25,Returning
PAT11337,Female,47,Hyderabad,2025-07-31,Returning
PAT12465,Male,14,Secunderabad,2026-06-09,New
PAT14943,Female,55,Hyderabad,2026-07-07,Returning
PAT04246,Female,56,Bengaluru,2025-07-19,Returning
PAT01633,Male,48,Warangal,2025-10-11,Returning
PAT04063,Female,32,Bengaluru,2025-06-18,Returning
PAT09376,Male,36,Hyderabad,2025-03-25,New
PAT13010,Male,12,Hyderabad,2022-03-14,Returning
PAT11888,Female,50,Secunderabad,2023-05-15,New
PAT12460,Female,43,Hyderabad,2026-04-27,Returning
PAT05768,Male,41,Chennai,2025-09-05,Returning
PAT03015,Male,62,Bengaluru,2025-11-23,New
PAT10472,Female,49,Chennai,2024-05-08,Returning
PAT03729,Male,22,Chennai,2025-07-30,Returning
PAT13318,Female,63,Chennai,2021-08-09,Returning
PAT03853,Male,3,Vijayawada,2025-08-17,Returning
PAT06162,Female,12,Hyderabad,2025-05-19,Returning
PAT00100,Male,79,Hyderabad,2025-11-22,Returning
PAT12062,Female,84,Bengaluru,2026-06-26,Returning
PAT08123,Male,22,Chennai,2025-05-30,Returning
PAT14316,Male,45,Bengaluru,2022-10-27,New
PAT11821,Male,20,Chennai,2023-10-23,Returning
PAT08374,Male,43,Secunderabad,2025-03-31,Returning
PAT01036,Female,29,Chennai,2025-03-23,Returning
PAT14618,Male,36,Chennai,2024-05-22,New
PAT01745,Female,32,Bengaluru,2025-08-21,New
PAT04897,Female,4,Secunderabad,2025-04-01,Returning
PAT10476,Female,36,Hyderabad,2026-02-05,Returning
PAT04011,Female,6,Chennai,2025-01-18,Returning
PAT03920,Female,38,Vijayawada,2025-11-01,Returning
PAT01587,Male,63,Hyderabad,2025-10-15,Returning
PAT08901,Female,68,Warangal,2025-09-22,Returning
PAT04666,Male,42,Hyderabad,2025-03-07,New
PAT09605,Male,37,Hyderabad,2025-01-01,Returning
PAT06551,Other,49,Bengaluru,2025-02-13,Returning
PAT00287,Female,49,Chennai,2025-02-18,New
PAT13776,Female,37,Hyderabad,2026-05-28,Returning
PAT13464,Female,50,Bengaluru,2023-09-28,Returning
PAT14750,Male,23,Hyderabad,2024-12-27,Returning
PAT10950,Female,37,Hyderabad,2021-10-10,New
PAT13325,Male,62,Warangal,2024-12-13,Returning
PAT14439,Female,53,Secunderabad,2021-04-15,Returning
PAT01624,Male,32,Bengaluru,2025-12-21,Returning
PAT13414,Male,52,Hyderabad,2022-07-24,Returning
PAT00352,Female,90,Bengaluru,2025-04-13,New
PAT14354,Male,27,Hyderabad,2023-01-22,Returning
PAT03617,Male,40,Bengaluru,2025-04-04,Returning
PAT00567,Male,32,Bengaluru,2025-12-16,Returning
PAT00915,Male,45,Hyderabad,2025-03-15,Returning
PAT04550,Male,71,Vijayawada,2025-12-13,New
PAT05782,Female,1,Hyderabad,2025-10-15,New
PAT02958,Male,21,Chennai,2025-01-26,Returning
PAT09225,Male,49,Bengaluru,2025-02-23,Returning
PAT07835,Female,70,Hyderabad,2025-01-03,New
PAT11002,Female,60,Bengaluru,2022-07-13,New
PAT13959,Female,34,Hyderabad,2024-02-22,Returning
PAT07744,Female,43,Chennai,2025-09-01,New
PAT01580,Male,56,Hyderabad,2025-04-28,Returning
PAT13888,Female,43,Bengaluru,2025-07-04,New
PAT01399,Female,2,Bengaluru,2025-09-03,Returning
PAT01531,Female,25,Secunderabad,2025-09-21,Returning
PAT13881,Male,54,Hyderabad,2025-06-01,New
PAT07794,Female,23,Hyderabad,2025-08-02,New
PAT05351,Female,23,Chennai,2025-04-10,Returning
PAT01625,Male,30,Hyderabad,2025-05-03,New
PAT02526,Female,54,Chennai,2025-12-03,Returning
PAT02228,Female,2,Bengaluru,2025-12-25,Returning
PAT00488,Female,55,Hyderabad,2025-09-12,New
PAT03290,Female,1,Hyderabad,2025-03-28,Returning
PAT12693,Male,22,Chennai,2026-08-24,New
PAT00380,Female,75,Hyderabad,2025-11-20,Returning
PAT11276,Male,53,Secunderabad,2025-06-12,New
PAT02969,Female,32,Chennai,2025-10-03,Returning
PAT05041,Male,1,Vijayawada,2025-07-29,New
PAT14594,Female,0,Hyderabad,2021-05-05,Returning
PAT07306,Female,55,Hyderabad,2025-02-14,Returning
PAT00358,Female,56,Hyderabad,2025-08-03,Returning
PAT10158,Male,14,Hyderabad,2025-01-20,Returning
PAT08300,Male,80,Chennai,2025-09-15,Returning
PAT10876,Male,66,Secunderabad,2022-02-25,Returning
PAT00048,Male,38,Warangal,2025-02-04,New
PAT06313,Female,47,Vijayawada,2025-12-11,New
PAT11657,Female,74,Bengaluru,2025-01-22,New
PAT13568,Female,36,Hyderabad,2026-03-11,New
PAT00709,Male,36,Bengaluru,2025-01-24,New
PAT06299,Male,39,Secunderabad,2025-06-19,New
PAT03955,Male,63,Warangal,2025-06-18,Returning
PAT00837,Male,50,Hyderabad,2025-08-05,Returning
PAT11545,Female,45,Chennai,2022-11-27,Returning
PAT02343,Female,21,Secunderabad,2025-07-10,Returning
PAT05730,Female,49,Hyderabad,2025-11-03,New
PAT12131,Male,15,Secunderabad,2021-01-28,Returning
PAT12437,Male,38,Hyderabad,2024-12-31,Returning
PAT07542,Male,15,Hyderabad,2025-04-10,New
PAT07404,Female,68,Secunderabad,2025-07-20,Returning
PAT06339,Female,1,Secunderabad,2025-01-16,Returning
PAT04961,Female,20,Secunderabad,2025-09-01,Returning
PAT12361,Female,35,Hyderabad,2026-07-01,New
PAT13620,Female,46,Hyderabad,2021-02-17,New
PAT14571,Female,24,Bengaluru,2023-04-24,Returning
PAT10369,Female,63,Hyderabad,2023-02-10,Returning
PAT12588,Male,67,Bengaluru,2025-09-22,Returning
PAT04392,Female,63,Secunderabad,2025-03-10,Returning
PAT08133,Male,34,Hyderabad,2025-04-13,Returning
PAT13437,Other,9,Hyderabad,2022-08-04,Returning
PAT04901,Male,14,Secunderabad,2025-07-10,Returning
PAT08608,Female,59,Chennai,2025-04-18,Returning
PAT06082,Male,62,Chennai,2025-01-23,New
PAT07014,Male,61,Hyderabad,2025-07-27,New
PAT04059,Female,90,Hyderabad,2025-04-01,Returning
PAT06770,Male,51,Bengaluru,2025-12-03,Returning
PAT04922,Female,40,Bengaluru,2025-04-28,Returning
PAT10991,Male,32,Bengaluru,2024-07-31,New
PAT11493,Female,4,Hyderabad,2021-07-22,Returning
PAT08684,Female,38,Secunderabad,2025-02-27,Returning
PAT04316,Female,69,Vijayawada,2025-09-26,Returning
PAT04744,Male,23,Hyderabad,2025-09-26,Returning
PAT13930,Male,94,Hyderabad,2023-06-27,Returning
PAT03839,Male,19,Warangal,2025-01-06,New
PAT01255,Male,52,Secunderabad,2025-07-04,Returning
PAT04756,Male,30,Bengaluru,2025-05-31,New
PAT01476,Female,22,Hyderabad,2025-07-24,Returning
PAT14383,Male,22,Chennai,2022-07-12,New
PAT12315,Female,46,Secunderabad,2022-04-29,Returning
PAT13925,Female,41,Chennai,2023-12-20,Returning
PAT04867,Female,25,Hyderabad,2025-02-16,New
PAT11157,Female,55,Hyderabad,2022-03-11,Returning
PAT14343,Female,54,Chennai,2023-03-10,New
PAT11095,Female,42,Bengaluru,2024-09-27,New
PAT03939,Female,74,Warangal,2025-02-26,Returning
PAT10664,Other,29,Warangal,2024-04-30,Returning
PAT00305,Female,41,Bengaluru,2025-01-03,Returning
PAT02324,Female,36,Secunderabad,2025-06-17,New
PAT08994,Male,46,Hyderabad,2025-08-30,New
PAT10916,Male,15,Chennai,2026-03-27,New
PAT14413,Female,55,Warangal,2022-07-13,Returning
PAT06487,Male,57,Bengaluru,2025-04-22,New
PAT14473,Female,45,Hyderabad,2023-02-02,New
PAT13218,Male,52,Hyderabad,2021-02-16,Returning
PAT11793,Female,29,Hyderabad,2024-01-26,New
PAT06260,Female,22,Bengaluru,2025-08-25,Returning
PAT01740,Male,10,Vijayawada,2025-12-28,New
PAT13157,Male,33,Hyderabad,2022-10-15,Returning
PAT12670,Female,35,Hyderabad,2026-05-07,New
PAT06581,Male,30,Bengaluru,2025-07-10,Returning
PAT13994,Male,34,Secunderabad,2024-02-24,Returning
PAT03275,Male,2,Secunderabad,2025-01-11,Returning
PAT10846,Male,75,Hyderabad,2025-06-08,New
PAT02168,Female,78,Hyderabad,2025-03-16,Returning
PAT01394,Male,28,Hyderabad,2025-04-15,Returning
PAT05525,Female,88,Vijayawada,2025-03-03,New
PAT02544,Female,39,Warangal,2025-12-30,Returning
PAT12802,Other,34,Hyderabad,2026-09-26,Returning
PAT07521,Male,53,Bengaluru,2025-02-24,Returning
PAT06007,Male,27,Vijayawada,2025-07-05,Returning
PAT01271,Female,29,Hyderabad,2025-04-11,Returning
PAT02141,Female,16,Hyderabad,2025-08-22,Returning
PAT13550,Female,58,Bengaluru,2026-08-19,Returning
PAT06804,Female,70,Chennai,2025-05-14,Returning
PAT13562,Female,64,Hyderabad,2022-03-27,Returning
PAT06265,Other,76,Hyderabad,2025-07-12,Returning
PAT14712,Female,31,Secunderabad,2026-03-05,Returning
PAT06787,Other,37,Chennai,2025-07-27,Returning
PAT09943,Male,39,Bengaluru,2025-08-09,Returning
PAT06905,Female,63,Chennai,2025-11-06,Returning
PAT11710,Male,66,Hyderabad,2023-11-09,New
PAT11275,Female,30,Warangal,2022-01-28,Returning
PAT08935,Female,14,Chennai,2025-04-14,Returning
PAT14785,Male,23,Hyderabad,2022-08-02,Returning
PAT08599,Male,61,Hyderabad,2025-06-30,Returning
PAT14469,Male,17,Secunderabad,2024-03-31,Returning
PAT07945,Male,33,Bengaluru,2025-11-12,New
PAT02391,Female,90,Secunderabad,2025-07-24,Returning
PAT09484,Female,43,Secunderabad,2025-06-26,Returning
PAT07064,Male,20,Vijayawada,2025-12-22,Returning
PAT09560,Female,43,Hyderabad,2025-04-26,Returning
PAT13919,Female,48,Secunderabad,2022-11-26,Returning
PAT09932,Male,49,Bengaluru,2025-10-18,New
PAT07043,Male,46,Hyderabad,2025-11-14,Returning
PAT12521,Female,26,Secunderabad,2023-02-27,Returning
PAT12405,Male,48,Chennai,2023-09-15,Returning
PAT08216,Female,17,Chennai,2025-01-12,Returning
PAT06052,Female,66,Bengaluru,2025-09-29,New
PAT06978,Female,19,Hyderabad,2025-12-26,New
PAT13302,Male,61,Chennai,2024-08-17,Returning
PAT06271,Female,64,Secunderabad,2025-11-21,Returning
PAT07454,Male,73,Hyderabad,2025-06-08,Returning
PAT07272,Female,36,Hyderabad,2025-01-01,Returning
PAT12369,Male,24,Warangal,2025-04-15,New
PAT04124,Male,64,Hyderabad,2025-07-19,Returning
PAT01140,Male,81,Chennai,2025-08-20,Returning
PAT05293,Male,50,Hyderabad,2025-08-19,New
PAT07748,Male,35,Chennai,2025-04-17,Returning
PAT12715,Male,22,Hyderabad,2024-05-20,New
PAT10264,Male,23,Hyderabad,2021-06-23,New
PAT11274,Male,53,Chennai,2026-06-23,New
PAT05529,Male,80,Secunderabad,2025-08-25,Returning
PAT00829,Other,71,Hyderabad,2025-04-30,Returning
PAT14683,Male,44,Hyderabad,2023-11-07,New
PAT03754,Female,48,Secunderabad,2025-04-01,Returning
PAT07641,Female,6,Hyderabad,2025-06-25,New
PAT12037,Male,56,Secunderabad,2022-07-08,Returning
PAT12215,Male,22,Hyderabad,2025-06-09,Returning
PAT01262,Male,1,Hyderabad,2025-12-31,Returning
PAT04442,Male,14,Bengaluru,2025-02-22,New
PAT08582,Female,10,Hyderabad,2025-07-24,Returning
PAT07248,Male,43,Chennai,2025-05-12,Returning
PAT11624,Female,77,Warangal,2023-08-18,Returning
PAT09821,Female,30,Secunderabad,2025-11-01,Returning
PAT11514,Male,65,Hyderabad,2022-12-15,New
PAT14428,Female,20,Hyderabad,2026-07-15,New
PAT02590,Male,84,Hyderabad,2025-03-21,Returning
PAT14005,Female,16,Bengaluru,2025-11-05,Returning
PAT07325,Female,45,Bengaluru,2025-01-14,Returning
PAT09404,Male,31,Bengaluru,2025-10-27,Returning
PAT11844,Male,57,Secunderabad,2024-02-21,New
PAT05407,Male,46,Bengaluru,2025-11-28,Returning
PAT02803,Female,26,Bengaluru,2025-06-17,Returning
PAT06424,Male,28,Chennai,2025-02-16,Returning
PAT05795,Male,46,Hyderabad,2025-03-22,Returning
PAT02685,Male,34,Hyderabad,2025-05-17,Returning
PAT09903,Male,27,Bengaluru,2025-09-07,New
PAT08818,Female,25,Chennai,2025-09-06,Returning
PAT03308,Female,1,Hyderabad,2025-03-06,New
PAT13899,Other,53,Secunderabad,2025-06-22,New
PAT04863,Male,90,Hyderabad,2025-11-20,New
PAT09738,Other,21,Secunderabad,2025-09-23,Returning
PAT00477,Male,46,Chennai,2025-12-08,Returning
PAT11397,Male,54,Vijayawada,2021-08-11,Returning
PAT04562,Female,37,Bengaluru,2025-09-13,New
PAT08197,Male,72,Secunderabad,2025-07-08,Returning
PAT02010,Male,35,Chennai,2025-11-19,Returning
PAT04116,Female,60,Secunderabad,2025-03-05,Returning
PAT09595,Female,79,Chennai,2025-05-09,Returning
PAT08789,Female,30,Secunderabad,2025-01-16,Returning
PAT04707,Female,78,Secunderabad,2025-07-11,Returning
PAT00340,Female,32,Hyderabad,2025-11-17,Returning
PAT03805,Female,37,Hyderabad,2025-05-16,Returning
PAT07515,Male,35,Hyderabad,2025-11-13,Returning
PAT01684,Male,46,Hyderabad,2025-09-06,New
PAT04985,Female,27,Secunderabad,2025-03-12,Returning
PAT00795,Female,37,Bengaluru,2025-01-03,Returning
PAT10042,Female,0,Chennai,2021-05-19,Returning
PAT14443,Male,42,Hyderabad,2024-08-22,Returning
PAT10310,Male,60,Bengaluru,2021-08-12,New
PAT01035,Female,43,Chennai,2025-05-09,Returning
PAT01455,Male,13,Bengaluru,2025-06-17,New
PAT11147,Female,40,Secunderabad,2026-05-05,Returning
PAT01535,Female,2,Hyderabad,2025-12-31,New
PAT08930,Female,58,Bengaluru,2025-09-30,Returning
PAT09354,Male,32,Hyderabad,2025-11-16,Returning
PAT07485,Female,71,Hyderabad,2025-03-18,New
PAT10328,Female,48,Chennai,2024-08-27,Returning
PAT05050,Male,70,Hyderabad,2025-04-20,Returning
PAT03099,Male,47,Hyderabad,2025-11-24,New
PAT00169,Female,79,Secunderabad,2025-11-10,New
PAT09842,Female,25,Bengaluru,2025-07-01,New
PAT01494,Male,77,Bengaluru,2025-10-29,Returning
PAT07059,Female,56,Chennai,2025-11-16,Returning
PAT09090,Male,20,Chennai,2025-06-21,New
PAT02967,Male,45,Hyderabad,2025-02-14,New
PAT00435,Female,50,Bengaluru,2025-01-19,New
PAT13845,Female,54,Bengaluru,2026-07-11,New
PAT13998,Male,42,Bengaluru,2024-11-04,Returning
PAT10841,Female,60,Bengaluru,2023-10-31,Returning
PAT04314,Female,84,Vijayawada,2025-01-09,Returning
PAT11815,Female,19,Hyderabad,2025-06-11,Returning
PAT13442,Male,38,Hyderabad,2022-01-27,New
PAT04078,Male,32,Hyderabad,2025-12-11,Returning
PAT14563,Female,51,Secunderabad,2026-03-23,New
PAT13394,Male,30,Hyderabad,2021-02-16,New
PAT03781,Male,25,Hyderabad,2025-09-11,New
PAT05387,Female,14,Secunderabad,2025-05-17,New
PAT07535,Female,51,Chennai,2025-10-09,New
PAT00926,Male,50,Secunderabad,2025-11-23,Returning
PAT09103,Female,30,Secunderabad,2025-11-06,Returning
PAT07337,Female,41,Hyderabad,2025-04-15,Returning
PAT13573,Female,38,Secunderabad,2026-05-11,New
PAT11098,Female,40,Bengaluru,2022-07-23,Returning
PAT09101,Male,56,Hyderabad,2025-03-14,Returning
PAT01108,Female,66,Bengaluru,2025-03-18,Returning
PAT01054,Male,89,Hyderabad,2025-12-23,Returning
PAT08607,Female,42,Hyderabad,2025-08-10,New
PAT04216,Male,65,Hyderabad,2025-12-28,Returning
PAT13830,Female,74,Hyderabad,2026-09-25,Returning
PAT10897,Female,64,Hyderabad,2021-07-05,New
PAT01023,Male,61,Chennai,2025-01-14,Returning
PAT14702,Female,35,Bengaluru,2024-04-19,Returning
PAT10674,Female,40,Hyderabad,2021-03-10,Returning
PAT06670,Female,33,Hyderabad,2025-12-08,Returning
PAT05026,Male,43,Hyderabad,2025-04-05,Returning
PAT08604,Female,50,Chennai,2025-08-29,Returning
PAT06078,Male,42,Hyderabad,2025-05-12,Returning
PAT02513,Male,19,Hyderabad,2025-05-19,Returning
PAT04245,Male,59,Warangal,2025-06-18,Returning
PAT06422,Male,46,Vijayawada,2025-03-05,Returning
PAT02202,Male,65,Chennai,2025-04-08,Returning
PAT07822,Male,64,Secunderabad,2025-04-15,Returning
PAT14007,Male,19,Chennai,2022-03-05,Returning
PAT07979,Female,44,Vijayawada,2025-06-06,New
PAT04514,Female,41,Bengaluru,2025-11-02,New
PAT04673,Male,26,Hyderabad,2025-02-22,Returning
PAT12528,Female,71,Vijayawada,2021-08-25,Returning
PAT09751,Male,37,Vijayawada,2025-10-15,Returning
PAT00469,Female,38,Chennai,2025-02-08,New
PAT03370,Female,86,Hyderabad,2025-01-18,New
PAT13153,Female,18,Secunderabad,2024-10-28,Returning
PAT11104,Male,32,Bengaluru,2025-11-09,Returning
PAT13779,Male,38,Vijayawada,2022-11-24,Returning
PAT13409,Male,22,Chennai,2021-08-11,Returning
PAT04979,Female,55,Hyderabad,2025-12-13,New
PAT13138,Male,70,Bengaluru,2021-06-21,New
PAT06283,Male,73,Hyderabad,2025-09-30,Returning
PAT06598,Female,46,Chennai,2025-08-06,Returning
PAT03480,Female,47,Hyderabad,2025-03-27,Returning
PAT12880,Female,42,Bengaluru,2026-02-12,Returning
PAT05793,Male,58,Bengaluru,2025-04-20,Returning
PAT14075,Female,13,Chennai,2023-09-19,Returning
PAT13216,Male,51,Hyderabad,2022-06-15,New
PAT06726,Female,48,Warangal,2025-07-10,Returning
PAT05196,Female,59,Bengaluru,2025-03-14,Returning
PAT00519,Male,31,Hyderabad,2025-08-02,Returning
PAT00440,Female,57,Bengaluru,2025-07-23,Returning
PAT02862,Female,57,Hyderabad,2025-08-03,Returning
PAT11145,Male,61,Vijayawada,2022-03-04,Returning
PAT11286,Female,38,Hyderabad,2022-10-11,Returning
PAT12573,Female,15,Warangal,2023-01-11,Returning
PAT14382,Male,78,Hyderabad,2025-12-13,Returning
PAT09939,Male,87,Bengaluru,2025-10-10,Returning
PAT14482,Male,47,Hyderabad,2021-09-01,Returning
PAT08383,Female,50,Hyderabad,2025-07-27,Returning
PAT10110,Male,13,Chennai,2024-07-25,New
PAT02381,Female,45,Chennai,2025-02-21,Returning
PAT00028,Female,30,Hyderabad,2025-06-30,Returning
PAT11627,Male,23,Hyderabad,2022-05-12,Returning
PAT06956,Female,77,Hyderabad,2025-08-22,New
PAT00903,Female,31,Bengaluru,2025-07-17,Returning
PAT05036,Female,4,Hyderabad,2025-12-06,Returning
PAT04852,Female,1,Bengaluru,2025-04-11,New
PAT13790,Female,52,Chennai,2024-08-01,New
PAT02609,Female,63,Hyderabad,2025-03-20,New
PAT11966,Male,72,Hyderabad,2023-01-19,Returning
PAT09233,Male,52,Secunderabad,2025-03-01,New
PAT12194,Other,47,Secunderabad,2024-05-06,Returning
PAT02532,Female,29,Hyderabad,2025-12-15,New
PAT03703,Female,26,Chennai,2025-12-20,Returning
PAT12849,Male,59,Chennai,2025-03-25,New
PAT02110,Female,25,Hyderabad,2025-03-05,New
PAT11414,Female,0,Chennai,2023-07-22,Returning
PAT06221,Male,40,Hyderabad,2025-11-16,Returning
PAT02345,Male,58,Chennai,2025-05-02,Returning
PAT14666,Female,8,Hyderabad,2022-12-01,Returning
PAT07884,Male,34,Hyderabad,2025-08-31,Returning
PAT11319,Male,47,Vijayawada,2025-08-31,New
PAT08086,Female,43,Hyderabad,2025-10-09,Returning
PAT02413,Female,26,Hyderabad,2025-11-12,Returning
PAT12927,Female,72,Secunderabad,2026-07-07,Returning
PAT01062,Male,26,Vijayawada,2025-09-19,Returning
PAT06587,Male,37,Warangal,2025-04-17,Returning
PAT02716,Male,49,Chennai,2025-09-10,Returning
PAT14875,Female,0,Chennai,2021-02-03,New
PAT07096,Male,75,Bengaluru,2025-07-04,Returning
PAT05385,Male,55,Hyderabad,2025-05-10,Returning
PAT12133,Male,34,Hyderabad,2022-07-14,Returning
PAT03509,Female,3,Vijayawada,2025-07-28,Returning
PAT11989,Male,42,Hyderabad,2021-05-06,Returning
PAT05338,Female,21,Hyderabad,2025-04-01,Returning
PAT09296,Male,54,Hyderabad,2025-04-12,Returning
PAT05222,Male,34,Warangal,2025-08-08,New
PAT07991,Male,51,Hyderabad,2025-09-22,Returning
PAT06791,Female,82,Bengaluru,2025-06-02,Returning
PAT03144,Female,73,Chennai,2025-09-13,New
PAT14720,Female,13,Hyderabad,2025-11-24,New
PAT05466,Male,22,Bengaluru,2025-01-31,Returning
PAT03861,Female,53,Warangal,2025-03-11,Returning
PAT05454,Female,22,Bengaluru,2025-03-31,New
PAT08958,Male,42,Chennai,2025-11-24,Returning
PAT14158,Male,17,Warangal,2026-07-06,New
PAT02013,Male,32,Hyderabad,2025-11-28,New
PAT05864,Female,17,Chennai,2025-04-12,Returning
PAT06843,Male,29,Chennai,2025-06-19,Returning
PAT00124,Male,46,Vijayawada,2025-02-19,New
PAT11563,Male,57,Hyderabad,2022-06-08,Returning
PAT10658,Female,60,Secunderabad,2022-10-22,Returning
PAT02933,Male,37,Hyderabad,2025-08-01,Returning
PAT12407,Male,38,Hyderabad,2025-04-15,Returning
PAT11263,Female,31,Hyderabad,2025-08-07,Returning
PAT08125,Male,37,Secunderabad,2025-03-15,Returning
PAT00274,Male,35,Bengaluru,2025-11-08,Returning
PAT03563,Male,70,Hyderabad,2025-02-07,New
PAT03039,Female,27,Bengaluru,2025-08-25,New
PAT03648,Male,55,Hyderabad,2025-01-27,Returning
PAT02630,Male,70,Hyderabad,2025-04-04,Returning
PAT09293,Female,65,Chennai,2025-01-08,New
PAT05981,Male,50,Warangal,2025-05-28,Returning
PAT04818,Female,17,Bengaluru,2025-07-11,Returning
PAT02610,Female,26,Hyderabad,2025-09-08,New
PAT11958,Male,72,Hyderabad,2024-12-18,Returning
PAT04851,Male,59,Hyderabad,2025-01-20,New
PAT03647,Female,67,Bengaluru,2025-01-08,Returning
PAT14699,Female,56,Chennai,2021-02-16,New
PAT04631,Male,45,Hyderabad,2025-11-25,Returning
PAT08226,Male,41,Hyderabad,2025-03-21,New
PAT14041,Male,0,Chennai,2024-03-03,New
PAT10307,Female,75,Bengaluru,2025-02-13,Returning
PAT10729,Female,15,Secunderabad,2026-03-18,Returning
PAT10735,Male,29,Hyderabad,2021-11-17,New
PAT05577,Male,40,Hyderabad,2025-06-15,Returning
PAT11258,Male,45,Hyderabad,2024-08-19,Returning
PAT06128,Male,22,Secunderabad,2025-05-03,Returning
PAT02754,Female,76,Hyderabad,2025-06-16,New
PAT00020,Male,41,Warangal,2025-07-20,Returning
PAT09675,Female,47,Hyderabad,2025-03-16,Returning
PAT13918,Male,56,Chennai,2023-02-13,Returning
PAT08680,Male,17,Hyderabad,2025-09-20,New
PAT13867,Male,62,Hyderabad,2022-02-19,Returning
PAT02361,Female,35,Hyderabad,2025-11-19,Returning
PAT06144,Male,35,Hyderabad,2025-07-29,Returning
PAT07912,Female,24,Vijayawada,2025-09-05,Returning
PAT11980,Male,46,Chennai,2022-02-03,Returning
PAT14999,Female,48,Hyderabad,2023-04-04,Returning
PAT01804,Female,53,Secunderabad,2025-12-18,Returning
PAT08288,Female,53,Bengaluru,2025-07-12,New
PAT00908,Female,1,Hyderabad,2025-09-12,Returning
PAT09239,Female,5,Secunderabad,2025-05-14,Returning
PAT12792,Female,48,Bengaluru,2022-06-28,New
PAT10550,Male,38,Chennai,2025-12-01,Returning
PAT11299,Male,52,Hyderabad,2023-11-15,New
PAT02086,Male,70,Bengaluru,2025-07-20,Returning
PAT11645,Male,32,Hyderabad,2026-01-27,Returning
PAT09268,Male,53,Warangal,2025-05-28,New
PAT02216,Female,32,Secunderabad,2025-05-26,New
PAT01576,Male,79,Hyderabad,2025-08-29,Returning
PAT09318,Male,52,Bengaluru,2025-04-15,New
PAT11290,Male,43,Warangal,2026-06-01,New
PAT10304,Female,44,Hyderabad,2022-12-11,Returning
PAT08410,Male,51,Hyderabad,2025-07-01,New
PAT05533,Female,68,Hyderabad,2025-02-11,Returning
PAT01248,Male,43,Hyderabad,2025-04-21,Returning
PAT02520,Male,34,Hyderabad,2025-12-16,Returning
PAT07299,Male,26,Hyderabad,2025-01-20,Returning
PAT07582,Female,50,Hyderabad,2025-09-17,Returning
PAT05624,Female,49,Chennai,2025-04-16,New
PAT03289,Female,14,Vijayawada,2025-03-16,Returning
PAT03323,Male,56,Secunderabad,2025-11-29,Returning
PAT13579,Male,22,Hyderabad,2024-06-20,Returning
PAT11283,Female,43,Vijayawada,2026-05-27,Returning
PAT12850,Male,16,Bengaluru,2021-04-12,Returning
PAT09863,Male,48,Hyderabad,2025-12-21,Returning
PAT06833,Male,26,Chennai,2025-05-30,Returning
PAT05091,Male,87,Bengaluru,2025-02-20,Returning
PAT09188,Male,47,Vijayawada,2025-03-04,Returning
PAT12388,Female,25,Bengaluru,2022-12-08,New
PAT11387,Female,39,Hyderabad,2023-07-17,Returning
PAT00609,Male,28,Bengaluru,2025-03-31,Returning
PAT06349,Male,38,Hyderabad,2025-11-29,Returning
PAT13982,Female,64,Hyderabad,2025-06-02,Returning
PAT12472,Female,46,Chennai,2022-02-18,New
PAT12826,Male,16,Hyderabad,2024-01-03,Returning
PAT03479,Male,24,Bengaluru,2025-08-31,New
PAT12513,Female,28,Bengaluru,2024-06-17,Returning
PAT00219,Female,65,Chennai,2025-10-06,New
PAT05490,Male,48,Bengaluru,2025-05-01,New
PAT10634,Male,26,Hyderabad,2025-09-11,Returning
PAT10977,Male,20,Secunderabad,2026-02-19,New
PAT08371,Male,75,Hyderabad,2025-06-04,New
PAT13277,Female,23,Hyderabad,2025-09-08,New
PAT00328,Female,90,Hyderabad,2025-09-29,Returning
PAT11455,Female,35,Hyderabad,2026-05-27,New
PAT12348,Male,31,Hyderabad,2022-07-11,New
PAT07637,Female,11,Bengaluru,2025-09-19,Returning
PAT03949,Male,49,Hyderabad,2025-09-09,New
PAT05636,Male,1,Hyderabad,2025-12-09,New
PAT08673,Female,20,Hyderabad,2025-09-14,Returning
PAT02158,Female,64,Hyderabad,2025-07-03,New
PAT06293,Female,62,Bengaluru,2025-07-20,New
PAT08512,Male,41,Hyderabad,2025-11-07,Returning
PAT14555,Female,77,Warangal,2021-06-25,Returning
PAT12754,Other,0,Secunderabad,2026-06-06,New
PAT05951,Female,28,Secunderabad,2025-11-25,New
PAT01770,Female,61,Secunderabad,2025-08-06,New
PAT12318,Female,52,Vijayawada,2023-12-05,Returning
PAT09662,Male,45,Bengaluru,2025-07-14,Returning
PAT03964,Female,18,Vijayawada,2025-04-04,Returning
PAT13204,Male,45,Hyderabad,2023-04-22,New
PAT09020,Female,14,Chennai,2025-09-17,Returning
PAT02272,Male,1,Hyderabad,2025-03-19,Returning
PAT05764,Female,28,Hyderabad,2025-03-19,Returning
PAT06890,Male,38,Hyderabad,2025-05-12,New
PAT13121,Female,35,Bengaluru,2026-12-24,Returning
PAT09680,Male,47,Secunderabad,2025-03-23,New
PAT09213,Female,35,Hyderabad,2025-03-24,Returning
PAT03711,Male,90,Hyderabad,2025-10-07,Returning
PAT04541,Male,40,Chennai,2025-02-25,Returning
PAT05810,Female,32,Hyderabad,2025-06-05,Returning
PAT01124,Female,31,Hyderabad,2025-10-04,New
PAT12581,Male,54,Hyderabad,2021-04-26,Returning
PAT01324,Male,33,Warangal,2025-01-08,Returning
PAT08890,Female,1,Hyderabad,2025-05-30,Returning
PAT13606,Female,47,Hyderabad,2024-10-28,New
PAT12358,Female,2,Bengaluru,2023-05-29,New
PAT06148,Female,18,Warangal,2025-08-28,Returning
PAT07904,Female,61,Bengaluru,2025-02-08,Returning
PAT10890,Male,54,Bengaluru,2023-12-15,New
PAT03121,Female,40,Bengaluru,2025-05-17,New
PAT00189,Male,47,Bengaluru,2025-01-25,New
PAT14922,Male,30,Secunderabad,2024-10-11,Returning
PAT07498,Male,38,Secunderabad,2025-06-06,Returning
PAT14360,Female,14,Bengaluru,2024-12-01,New
PAT05475,Female,34,Hyderabad,2025-01-23,Returning
PAT06649,Female,44,Hyderabad,2025-03-23,Returning
PAT04203,Female,9,Vijayawada,2025-07-15,New
PAT04234,Other,52,Bengaluru,2025-12-28,New
PAT12205,Female,61,Bengaluru,2025-09-14,New
PAT13436,Male,62,Chennai,2025-02-28,Returning
PAT03215,Male,31,Hyderabad,2025-08-29,Returning
PAT08185,Other,77,Hyderabad,2025-11-05,New
PAT02677,Male,2,Hyderabad,2025-09-23,Returning
PAT10491,Male,57,Hyderabad,2024-03-20,New
PAT04041,Female,18,Chennai,2025-05-12,Returning
PAT13030,Male,42,Bengaluru,2025-06-28,New
PAT06897,Female,19,Bengaluru,2025-09-30,Returning
PAT10753,Female,66,Chennai,2024-05-28,New
PAT02326,Male,11,Chennai,2025-12-21,Returning
PAT00374,Male,30,Hyderabad,2025-07-29,Returning
PAT04830,Female,79,Hyderabad,2025-05-06,Returning
PAT02316,Female,15,Bengaluru,2025-04-20,New
PAT03356,Male,32,Chennai,2025-07-09,Returning
PAT09319,Female,38,Hyderabad,2025-02-03,New
PAT02502,Female,77,Secunderabad,2025-05-03,Returning
PAT10156,Female,65,Secunderabad,2023-11-12,Returning
PAT12983,Female,39,Hyderabad,2024-06-12,New
PAT07804,Female,7,Hyderabad,2025-06-14,Returning
PAT03257,Male,52,Secunderabad,2025-04-17,New
PAT11218,Female,4,Warangal,2024-02-06,Returning
PAT07361,Female,47,Hyderabad,2025-08-05,Returning
PAT08564,Male,29,Hyderabad,2025-08-13,Returning
PAT02770,Male,18,Bengaluru,2025-07-05,Returning
PAT04831,Male,35,Bengaluru,2025-05-23,New
PAT03166,Male,35,Bengaluru,2025-01-22,New
PAT05345,Male,66,Bengaluru,2025-07-17,Returning
PAT05404,Male,36,Secunderabad,2025-11-18,Returning
PAT07786,Female,41,Secunderabad,2025-11-27,Returning
PAT06988,Female,34,Chennai,2025-08-26,Returning
PAT03858,Female,17,Warangal,2025-01-11,Returning
PAT14495,Female,49,Hyderabad,2023-08-05,New
PAT05660,Male,51,Hyderabad,2025-05-03,Returning
PAT04047,Female,57,Hyderabad,2025-04-03,Returning
PAT01088,Male,35,Chennai,2025-08-14,Returning
PAT09744,Female,45,Bengaluru,2025-06-09,Returning
PAT04217,Male,77,Hyderabad,2025-04-06,New
PAT09567,Other,1,Hyderabad,2025-04-20,New
PAT13077,Male,71,Bengaluru,2025-07-17,Returning
PAT07727,Male,46,Bengaluru,2025-08-03,Returning
PAT14223,Female,61,Chennai,2025-06-06,Returning
PAT04004,Female,52,Hyderabad,2025-03-26,Returning
PAT01548,Male,49,Bengaluru,2025-04-13,New
PAT05082,Male,69,Secunderabad,2025-09-30,Returning
PAT06492,Male,40,Vijayawada,2025-08-14,Returning
PAT07634,Male,54,Chennai,2025-08-31,Returning
PAT01226,Male,58,Chennai,2025-07-03,Returning
PAT01359,Male,46,Hyderabad,2025-06-09,Returning
PAT03209,Female,30,Chennai,2025-02-09,New
PAT01721,Female,56,Hyderabad,2025-01-22,New
PAT08301,Male,55,Bengaluru,2025-12-06,Returning
PAT11008,Male,6,Hyderabad,2021-10-07,Returning
PAT10708,Male,39,Secunderabad,2026-11-15,New
PAT09606,Male,65,Vijayawada,2025-12-21,New
PAT09249,Male,1,Secunderabad,2025-09-13,Returning
PAT04991,Female,49,Hyderabad,2025-11-24,New
PAT10857,Female,77,Chennai,2023-07-26,Returning
PAT08355,Male,9,Secunderabad,2025-01-20,Returning
PAT00386,Male,24,Secunderabad,2025-11-12,New
PAT14952,Male,45,Bengaluru,2025-10-30,Returning
PAT05693,Male,72,Bengaluru,2025-09-09,Returning
PAT09823,Male,24,Hyderabad,2025-02-22,Returning
PAT08461,Female,41,Hyderabad,2025-05-18,New
PAT02022,Male,41,Bengaluru,2025-01-20,New
PAT10363,Other,42,Warangal,2023-12-24,Returning
PAT00312,Female,57,Hyderabad,2025-07-02,New
PAT05901,Female,54,Chennai,2025-09-01,Returning
PAT08884,Female,70,Bengaluru,2025-07-08,New
PAT11000,Other,37,Vijayawada,2023-05-26,Returning
PAT11251,Female,42,Hyderabad,2021-11-18,Returning
PAT13538,Male,26,Hyderabad,2022-01-12,Returning
PAT10135,Male,60,Hyderabad,2023-01-05,Returning
PAT13523,Female,44,Chennai,2026-07-13,New
PAT07525,Female,60,Chennai,2025-02-27,New
PAT03847,Female,65,Bengaluru,2025-12-19,Returning
PAT11913,Female,48,Warangal,2025-10-06,Returning
PAT00931,Male,67,Hyderabad,2025-10-07,Returning
PAT08002,Male,51,Hyderabad,2025-07-05,New
PAT07146,Male,43,Bengaluru,2025-01-13,New
PAT10570,Female,62,Hyderabad,2021-01-15,Returning
PAT02821,Male,48,Chennai,2025-03-10,Returning
PAT02232,Male,18,Hyderabad,2025-01-29,Returning
PAT14527,Male,64,Bengaluru,2021-04-13,Returning
PAT13621,Male,82,Chennai,2026-12-09,Returning
PAT11298,Female,21,Chennai,2023-03-09,New
PAT00151,Female,66,Hyderabad,2025-05-02,Returning
PAT11671,Female,6,Vijayawada,2022-09-02,Returning
PAT13421,Female,61,Secunderabad,2025-09-02,New
PAT08115,Male,47,Chennai,2025-12-11,Returning
PAT09913,Male,14,Secunderabad,2025-01-27,Returning
PAT01351,Male,4,Hyderabad,2025-02-07,New
PAT14272,Female,33,Hyderabad,2025-05-30,New
PAT03106,Male,31,Secunderabad,2025-03-12,Returning
PAT03222,Female,23,Hyderabad,2025-02-02,Returning
PAT01954,Female,16,Hyderabad,2025-08-13,Returning
PAT05220,Female,1,Chennai,2025-09-20,Returning
PAT00354,Male,57,Hyderabad,2025-04-09,New
PAT02681,Female,47,Hyderabad,2025-06-23,Returning
PAT12190,Male,41,Hyderabad,2022-01-24,Returning
PAT13164,Male,77,Hyderabad,2023-07-14,Returning
PAT06181,Female,23,Warangal,2025-01-24,New
PAT08099,Female,77,Hyderabad,2025-02-13,Returning
PAT01715,Female,39,Vijayawada,2025-08-10,Returning
PAT14039,Female,49,Secunderabad,2023-06-20,Returning
PAT10444,Female,17,Hyderabad,2026-10-18,Returning
PAT09921,Male,29,Hyderabad,2025-11-21,Returning
PAT13445,Male,40,Vijayawada,2025-11-04,Returning
PAT07088,Male,28,Hyderabad,2025-09-03,New
PAT12630,Female,57,Chennai,2025-06-26,Returning
PAT14811,Female,34,Bengaluru,2021-03-03,Returning
PAT10288,Female,46,Vijayawada,2026-09-15,Returning
PAT00015,Male,90,Warangal,2025-08-17,Returning
PAT13468,Female,54,Bengaluru,2024-04-09,Returning
PAT11875,Male,0,Hyderabad,2023-09-07,New
PAT12389,Female,43,Hyderabad,2025-04-08,New
PAT00534,Male,43,Hyderabad,2025-07-26,New
PAT07529,Male,33,Hyderabad,2025-12-01,New
PAT02454,Female,1,Secunderabad,2025-10-22,Returning
PAT03208,Male,83,Secunderabad,2025-01-20,New
PAT08048,Female,10,Hyderabad,2025-08-04,Returning
PAT04334,Female,41,Hyderabad,2025-07-29,Returning
PAT06460,Male,39,Bengaluru,2025-10-06,Returning
PAT03680,Male,10,Bengaluru,2025-09-30,Returning
PAT01744,Female,48,Chennai,2025-03-30,Returning
PAT04672,Female,72,Hyderabad,2025-04-15,Returning
PAT08296,Female,39,Secunderabad,2025-09-05,New
PAT03367,Female,48,Secunderabad,2025-07-05,Returning
PAT05364,Female,73,Hyderabad,2025-07-12,Returning
PAT04951,Female,12,Hyderabad,2025-06-17,Returning
PAT13071,Female,35,Bengaluru,2025-08-07,Returning
PAT09555,Male,56,Chennai,2025-11-11,Returning
PAT00569,Male,33,Hyderabad,2025-09-09,Returning
PAT10541,Female,73,Chennai,2025-12-09,Returning
PAT00032,Female,42,Bengaluru,2025-09-04,Returning
PAT12468,Male,42,Vijayawada,2022-08-19,Returning
PAT00122,Male,37,Hyderabad,2025-10-25,Returning
PAT02817,Male,43,Secunderabad,2025-02-28,New
PAT12426,Male,35,Hyderabad,2025-04-26,New
PAT01471,Female,1,Hyderabad,2025-06-14,New
PAT14172,Male,64,Chennai,2021-06-23,Returning
PAT06211,Male,72,Vijayawada,2025-04-08,New
PAT13667,Female,26,Hyderabad,2024-06-13,New
PAT12059,Female,24,Vijayawada,2026-05-30,Returning
PAT12515,Male,33,Secunderabad,2026-02-24,Returning
PAT00928,Male,54,Chennai,2025-04-22,Returning
PAT00361,Male,47,Hyderabad,2025-02-22,New
PAT14002,Female,35,Vijayawada,2022-10-24,Returning
PAT14608,Male,34,Vijayawada,2024-09-12,Returning
PAT10552,Female,38,Secunderabad,2022-10-07,Returning
PAT00733,Male,48,Hyderabad,2025-03-29,Returning
PAT02814,Female,54,Chennai,2025-12-24,Returning
PAT02985,Male,37,Hyderabad,2025-01-16,Returning
PAT09245,Female,64,Warangal,2025-02-01,New
PAT00080,Male,20,Bengaluru,2025-04-19,Returning
PAT03821,Female,47,Hyderabad,2025-06-25,Returning
PAT02335,Female,78,Hyderabad,2025-11-20,Returning
PAT00411,Male,30,Hyderabad,2025-05-11,Returning
PAT08122,Male,40,Chennai,2025-01-15,Returning
PAT04266,Male,67,Bengaluru,2025-03-30,New
PAT12015,Male,38,Hyderabad,2026-05-12,Returning
PAT03523,Male,72,Hyderabad,2025-09-17,New
PAT05889,Female,37,Chennai,2025-08-10,Returning
PAT03997,Female,24,Chennai,2025-06-16,Returning
PAT02499,Female,53,Chennai,2025-05-17,New
PAT04194,Male,42,Warangal,2025-07-21,New
PAT01748,Male,25,Hyderabad,2025-05-23,Returning
PAT07551,Female,40,Bengaluru,2025-11-05,Returning
PAT10165,Male,82,Bengaluru,2022-12-11,Returning
PAT03059,Male,60,Bengaluru,2025-08-06,Returning
PAT09218,Male,53,Vijayawada,2025-05-06,New
PAT06157,Male,40,Hyderabad,2025-03-04,Returning
PAT09150,Male,46,Warangal,2025-02-02,Returning
PAT11195,Male,19,Secunderabad,2022-03-17,New
PAT04128,Female,46,Chennai,2025-11-20,Returning
PAT13797,Male,43,Bengaluru,2025-06-15,New
PAT09286,Male,58,Warangal,2025-04-29,Returning
PAT09490,Female,26,Hyderabad,2025-07-09,New
PAT00102,Female,41,Vijayawada,2025-12-02,Returning
PAT02120,Male,74,Hyderabad,2025-01-21,Returning
PAT11060,Male,73,Bengaluru,2023-09-04,Returning
PAT13675,Male,54,Secunderabad,2025-06-23,Returning
PAT08359,Male,1,Hyderabad,2025-12-21,New
PAT07820,Female,8,Hyderabad,2025-10-18,Returning
PAT03380,Male,23,Chennai,2025-08-25,New
PAT04102,Male,40,Bengaluru,2025-12-11,Returning
PAT04468,Male,38,Bengaluru,2025-02-09,New
PAT05829,Female,51,Secunderabad,2025-01-07,New
PAT13145,Female,6,Warangal,2022-07-14,New
PAT00281,Female,37,Bengaluru,2025-06-23,Returning
PAT09734,Male,8,Hyderabad,2025-07-18,Returning
PAT12353,Male,5,Hyderabad,2025-12-13,Returning
PAT02100,Male,32,Hyderabad,2025-10-04,Returning
PAT03612,Male,26,Bengaluru,2025-10-20,New
PAT11391,Male,43,Bengaluru,2026-09-19,Returning
PAT11777,Male,39,Warangal,2024-08-19,Returning
PAT02302,Male,1,Hyderabad,2025-05-16,New
PAT03116,Male,52,Hyderabad,2025-02-09,Returning
PAT11375,Female,24,Secunderabad,2026-07-30,New
PAT04337,Female,28,Secunderabad,2025-02-17,Returning
PAT09086,Female,67,Hyderabad,2025-12-12,Returning
PAT01227,Female,20,Vijayawada,2025-10-29,Returning
PAT01723,Female,35,Hyderabad,2025-08-04,New
PAT05788,Male,36,Warangal,2025-05-03,Returning
PAT08285,Male,55,Secunderabad,2025-09-22,New
PAT03078,Female,43,Bengaluru,2025-04-28,Returning
PAT11074,Female,30,Chennai,2021-04-01,Returning
PAT09482,Female,26,Secunderabad,2025-11-30,Returning
PAT09515,Male,43,Hyderabad,2025-04-13,New
PAT01870,Male,33,Warangal,2025-07-20,Returning
PAT00103,Female,47,Hyderabad,2025-03-04,New
PAT01731,Male,1,Secunderabad,2025-02-04,Returning
PAT08745,Male,8,Hyderabad,2025-09-03,Returning
PAT05099,Female,19,Bengaluru,2025-08-12,Returning
PAT07773,Female,16,Bengaluru,2025-12-25,Returning
PAT08823,Female,55,Bengaluru,2025-09-05,Returning
PAT06713,Female,29,Hyderabad,2025-05-11,Returning
PAT04890,Female,62,Secunderabad,2025-04-12,Returning
PAT03036,Female,68,Bengaluru,2025-04-02,Returning
PAT10695,Male,29,Secunderabad,2026-09-18,Returning
PAT13793,Male,12,Warangal,2022-01-06,Returning
PAT13863,Male,36,Hyderabad,2022-03-08,New
PAT00456,Female,1,Hyderabad,2025-01-07,Returning
PAT09141,Female,41,Hyderabad,2025-09-09,Returning
PAT13144,Male,38,Chennai,2021-12-06,New
PAT05235,Female,47,Bengaluru,2025-07-25,New
PAT11148,Female,59,Secunderabad,2021-12-09,Returning
PAT12793,Female,18,Bengaluru,2021-06-09,Returning
PAT03593,Other,59,Hyderabad,2025-06-11,New
PAT13944,Male,88,Bengaluru,2026-04-24,Returning
PAT09238,Male,1,Vijayawada,2025-08-24,Returning
PAT09902,Male,79,Warangal,2025-10-02,New
PAT06909,Male,84,Hyderabad,2025-11-19,Returning
PAT05613,Female,25,Warangal,2025-02-05,New
PAT07920,Female,55,Secunderabad,2025-01-15,New
PAT02752,Male,37,Hyderabad,2025-03-11,New
PAT05505,Male,46,Secunderabad,2025-03-02,Returning
PAT04032,Male,72,Hyderabad,2025-02-24,Returning
PAT12226,Female,92,Hyderabad,2025-02-05,New
PAT12625,Male,35,Warangal,2022-05-18,Returning
PAT04561,Female,40,Chennai,2025-03-13,New
PAT10623,Male,36,Warangal,2023-04-24,Returning
PAT06378,Male,40,Warangal,2025-04-08,Returning
PAT12311,Male,15,Bengaluru,2022-08-09,New
PAT12319,Female,18,Hyderabad,2023-05-05,New
PAT11324,Male,43,Chennai,2022-02-03,Returning
PAT03992,Female,1,Secunderabad,2025-05-13,New
PAT01581,Female,20,Hyderabad,2025-05-26,New
PAT01214,Female,81,Vijayawada,2025-12-04,Returning
PAT04070,Female,48,Secunderabad,2025-11-14,Returning
PAT00174,Male,34,Hyderabad,2025-08-31,New
PAT00051,Female,64,Hyderabad,2025-06-11,Returning
PAT04193,Female,64,Secunderabad,2025-03-27,Returning
PAT04465,Female,26,Bengaluru,2025-08-09,New
PAT10595,Female,46,Chennai,2023-03-10,Returning
PAT00400,Male,20,Vijayawada,2025-06-08,Returning
PAT00750,Female,12,Chennai,2025-05-24,New
PAT10653,Male,45,Hyderabad,2024-05-09,Returning
PAT05959,Female,60,Hyderabad,2025-03-29,Returning
PAT10392,Male,74,Chennai,2022-02-24,Returning
PAT05894,Male,31,Bengaluru,2025-05-29,Returning
PAT08344,Male,60,Warangal,2025-02-20,New
PAT03475,Male,79,Bengaluru,2025-10-14,Returning
PAT05307,Male,57,Hyderabad,2025-07-21,Returning
PAT03533,Male,35,Hyderabad,2025-11-05,Returning
PAT14226,Female,53,Hyderabad,2021-04-20,Returning
PAT08541,Male,44,Bengaluru,2025-05-18,Returning
PAT12685,Male,32,Vijayawada,2021-06-02,Returning
PAT12498,Male,43,Bengaluru,2026-04-22,Returning
PAT10058,Male,74,Chennai,2024-03-22,Returning
PAT12277,Male,34,Hyderabad,2026-03-28,Returning
PAT06254,Male,58,Warangal,2025-07-31,Returning
PAT07697,Male,32,Hyderabad,2025-10-31,Returning
PAT04112,Male,60,Bengaluru,2025-12-26,Returning
PAT01767,Male,26,Chennai,2025-12-19,Returning
PAT07624,Male,72,Hyderabad,2025-02-19,New
PAT05350,Male,39,Bengaluru,2025-10-24,Returning
PAT04953,Female,42,Chennai,2025-06-16,New
PAT05717,Male,35,Secunderabad,2025-12-14,Returning
PAT03602,Female,7,Bengaluru,2025-05-24,Returning
PAT06316,Female,33,Hyderabad,2025-03-22,Returning
PAT14243,Female,54,Chennai,2023-01-19,Returning
PAT13708,Other,38,Chennai,2026-12-16,New
PAT10878,Female,55,Hyderabad,2025-09-13,Returning
PAT05839,Female,41,Chennai,2025-04-19,New
PAT02922,Female,69,Hyderabad,2025-03-25,Returning
PAT05567,Male,44,Vijayawada,2025-07-20,Returning
PAT10171,Female,45,Hyderabad,2021-06-30,New
PAT03828,Male,72,Hyderabad,2025-07-21,Returning
PAT09566,Male,17,Bengaluru,2025-10-31,Returning
PAT03071,Male,31,Bengaluru,2025-09-17,Returning
PAT03775,Male,73,Chennai,2025-11-26,New
PAT08105,Male,39,Chennai,2025-08-22,Returning
PAT03345,Female,1,Secunderabad,2025-07-16,Returning
PAT07866,Male,74,Bengaluru,2025-08-30,Returning
PAT13811,Female,59,Bengaluru,2025-09-10,New
PAT02496,Male,1,Secunderabad,2025-04-05,New
PAT08109,Male,42,Warangal,2025-09-10,Returning
PAT05872,Female,62,Hyderabad,2025-09-07,Returning
PAT03207,Female,54,Chennai,2025-06-23,New
PAT05043,Female,46,Chennai,2025-04-22,New
PAT08162,Male,38,Hyderabad,2025-12-13,Returning
PAT02082,Male,81,Secunderabad,2025-12-23,Returning
PAT03064,Female,36,Hyderabad,2025-11-26,Returning
PAT14748,Male,35,Hyderabad,2021-11-18,New
PAT05101,Male,41,Bengaluru,2025-11-16,New
PAT14438,Female,46,Vijayawada,2022-04-04,New
PAT14622,Male,64,Secunderabad,2023-08-11,New
PAT07781,Male,52,Hyderabad,2025-01-20,New
PAT14936,Male,51,Hyderabad,2023-11-06,New
PAT01651,Male,52,Secunderabad,2025-05-17,New
PAT10562,Female,76,Secunderabad,2026-11-18,Returning
PAT04871,Female,61,Hyderabad,2025-10-30,Returning
PAT14985,Female,37,Vijayawada,2026-08-27,New
PAT00625,Female,11,Secunderabad,2025-02-24,Returning
PAT14540,Male,39,Secunderabad,2023-09-29,Returning
PAT12756,Male,4,Hyderabad,2021-11-15,Returning
PAT03446,Male,70,Hyderabad,2025-11-08,New
PAT09995,Male,42,Chennai,2025-02-27,Returning
PAT05031,Female,30,Secunderabad,2025-06-11,New
PAT09021,Female,70,Hyderabad,2025-07-30,New
PAT02678,Male,45,Bengaluru,2025-04-15,New
PAT08841,Female,90,Hyderabad,2025-07-16,New
PAT09489,Female,60,Bengaluru,2025-08-14,Returning
PAT08188,Female,72,Chennai,2025-07-13,New
PAT03911,Female,6,Chennai,2025-02-11,Returning
PAT03112,Male,17,Vijayawada,2025-09-01,Returning
PAT07376,Female,29,Hyderabad,2025-10-12,New
PAT00009,Female,54,Bengaluru,2025-06-06,Returning
PAT02797,Male,46,Vijayawada,2025-12-26,Returning
PAT02190,Male,62,Chennai,2025-12-25,Returning
PAT08388,Male,38,Hyderabad,2025-08-25,Returning
PAT02500,Other,29,Chennai,2025-03-27,Returning
PAT00451,Male,4,Chennai,2025-10-23,Returning
PAT10147,Female,11,Secunderabad,2026-07-28,Returning
PAT06867,Female,29,Bengaluru,2025-01-28,Returning
PAT04029,Male,55,Warangal,2025-01-11,Returning
PAT03403,Female,58,Hyderabad,2025-05-11,New
PAT14460,Male,49,Warangal,2024-03-01,Returning
PAT04348,Male,35,Bengaluru,2025-02-21,Returning
PAT02299,Female,16,Bengaluru,2025-05-23,Returning
PAT00182,Female,19,Warangal,2025-12-16,Returning
PAT14092,Female,24,Bengaluru,2021-03-30,Returning
PAT03316,Male,57,Secunderabad,2025-07-14,Returning
PAT14230,Female,8,Bengaluru,2021-05-19,New
PAT12550,Female,49,Bengaluru,2025-01-16,New
PAT05702,Male,70,Hyderabad,2025-07-19,New
PAT08619,Female,22,Hyderabad,2025-09-25,New
PAT14194,Female,66,Bengaluru,2025-02-06,New
PAT10885,Male,55,Bengaluru,2025-02-14,Returning
PAT01321,Female,65,Secunderabad,2025-04-17,New
PAT11674,Female,59,Warangal,2025-01-07,Returning
PAT10816,Female,41,Chennai,2023-11-09,Returning
PAT04591,Male,31,Bengaluru,2025-06-12,New
PAT11246,Female,19,Bengaluru,2025-07-27,Returning
PAT04722,Male,3,Bengaluru,2025-07-23,Returning
PAT13089,Male,46,Warangal,2025-01-07,Returning
PAT04130,Male,61,Hyderabad,2025-03-30,Returning
PAT00773,Male,36,Bengaluru,2025-07-30,Returning
PAT10339,Female,42,Hyderabad,2022-09-27,New
PAT13633,Other,54,Warangal,2023-08-06,New
PAT00285,Female,41,Bengaluru,2025-03-24,Returning
PAT10442,Male,48,Hyderabad,2022-08-23,New
PAT14652,Male,49,Hyderabad,2024-07-25,New
PAT06648,Male,39,Bengaluru,2025-11-16,New
PAT00327,Male,22,Bengaluru,2025-11-15,Returning
PAT08271,Other,59,Vijayawada,2025-11-09,Returning
PAT13941,Male,40,Warangal,2024-03-16,Returning
PAT10342,Male,0,Hyderabad,2024-06-28,Returning
PAT01492,Female,28,Hyderabad,2025-10-17,New
PAT05707,Male,17,Warangal,2025-01-04,Returning
PAT04099,Female,58,Chennai,2025-07-23,New
PAT05647,Female,43,Warangal,2025-08-21,New
PAT05514,Male,47,Chennai,2025-10-22,New
PAT06730,Male,85,Hyderabad,2025-02-21,New
PAT12429,Male,47,Vijayawada,2022-04-08,New
PAT11914,Female,62,Secunderabad,2024-08-26,New
PAT08061,Male,40,Bengaluru,2025-08-28,Returning
PAT14246,Female,48,Secunderabad,2022-09-19,Returning
PAT03044,Male,47,Hyderabad,2025-08-20,Returning
PAT04895,Male,87,Bengaluru,2025-10-05,Returning
PAT06792,Female,36,Warangal,2025-04-10,New
PAT08411,Female,49,Chennai,2025-11-08,Returning
PAT04547,Male,39,Hyderabad,2025-08-03,Returning
PAT02484,Other,34,Hyderabad,2025-08-23,Returning
PAT04963,Female,48,Hyderabad,2025-05-11,Returning
PAT14314,Male,33,Secunderabad,2021-05-19,Returning
PAT03548,Female,31,Hyderabad,2025-09-12,Returning
PAT04554,Female,42,Hyderabad,2025-07-02,Returning
PAT03014,Female,22,Vijayawada,2025-10-30,New
PAT08723,Male,49,Warangal,2025-02-18,Returning
PAT06126,Male,39,Secunderabad,2025-11-03,Returning
PAT01912,Male,61,Bengaluru,2025-08-11,Returning
PAT08911,Male,50,Secunderabad,2025-04-05,New
PAT11051,Male,32,Warangal,2023-04-26,Returning
PAT01936,Male,48,Bengaluru,2025-02-26,Returning
PAT04376,Male,3,Hyderabad,2025-06-08,Returning
PAT08787,Female,32,Chennai,2025-09-07,Returning
PAT03195,Male,63,Secunderabad,2025-09-06,New
PAT08350,Female,45,Hyderabad,2025-06-18,Returning
PAT04630,Female,60,Hyderabad,2025-09-25,Returning
PAT06844,Female,7,Hyderabad,2025-03-04,Returning
PAT00978,Female,13,Chennai,2025-04-14,Returning
PAT06683,Male,56,Secunderabad,2025-10-02,Returning
PAT14818,Female,39,Secunderabad,2026-12-11,Returning
PAT12964,Male,19,Bengaluru,2022-03-17,New
PAT10639,Male,71,Hyderabad,2024-05-19,Returning
PAT13107,Male,70,Hyderabad,2022-05-30,Returning
PAT09614,Female,69,Vijayawada,2025-11-24,Returning
PAT09202,Female,19,Secunderabad,2025-08-29,Returning
PAT09442,Female,51,Hyderabad,2025-04-19,Returning
PAT03456,Female,40,Hyderabad,2025-01-02,New
PAT08318,Male,63,Warangal,2025-08-26,New
PAT11472,Male,50,Hyderabad,2025-03-26,New
PAT09028,Female,42,Hyderabad,2025-10-21,New
PAT13100,Male,2,Bengaluru,2025-07-11,Returning
PAT03483,Female,64,Bengaluru,2025-10-28,New
PAT03326,Female,29,Hyderabad,2025-06-09,Returning
PAT10629,Male,51,Vijayawada,2025-10-03,Returning
PAT12824,Male,51,Bengaluru,2021-07-19,New
PAT03488,Female,70,Secunderabad,2025-03-19,Returning
PAT13821,Male,16,Chennai,2022-02-16,New
PAT11712,Female,69,Bengaluru,2022-12-18,New
PAT05206,Male,32,Warangal,2025-07-19,Returning
PAT14802,Male,2,Hyderabad,2026-08-29,New
PAT14855,Female,73,Hyderabad,2026-12-26,New
PAT09244,Male,33,Secunderabad,2025-02-08,Returning
PAT08969,Female,69,Chennai,2025-08-26,Returning
PAT05923,Male,48,Warangal,2025-02-20,Returning
PAT06046,Male,19,Hyderabad,2025-09-24,Returning
PAT06877,Female,40,Hyderabad,2025-12-01,New
PAT08257,Female,20,Hyderabad,2025-07-22,Returning
PAT03823,Female,36,Secunderabad,2025-07-12,New
PAT01434,Male,56,Hyderabad,2025-10-14,New
PAT12558,Male,18,Hyderabad,2025-10-03,New
PAT14146,Male,71,Secunderabad,2021-08-17,New
PAT03510,Male,73,Warangal,2025-12-21,Returning
PAT08531,Female,62,Hyderabad,2025-03-29,Returning
PAT11949,Female,68,Secunderabad,2026-11-16,New
PAT09645,Male,1,Vijayawada,2025-05-23,Returning
PAT09508,Male,77,Warangal,2025-03-13,Returning
PAT04342,Female,60,Chennai,2025-10-29,Returning
PAT05501,Male,63,Secunderabad,2025-08-24,Returning
PAT14396,Female,9,Chennai,2026-05-13,Returning
PAT12749,Female,44,Hyderabad,2025-05-28,Returning
PAT11733,Male,74,Hyderabad,2024-09-13,Returning
PAT01218,Female,26,Hyderabad,2025-10-16,New
PAT01311,Female,2,Warangal,2025-06-29,Returning
PAT09333,Female,74,Bengaluru,2025-03-06,New
PAT07291,Male,54,Secunderabad,2025-09-30,Returning
PAT04650,Male,42,Secunderabad,2025-03-10,Returning
PAT05415,Female,49,Chennai,2025-01-27,Returning
PAT11728,Male,44,Hyderabad,2021-07-07,New
PAT03486,Female,70,Bengaluru,2025-06-25,Returning
PAT00178,Female,57,Secunderabad,2025-06-22,New
PAT02352,Female,41,Bengaluru,2025-04-10,Returning
PAT07496,Male,24,Hyderabad,2025-06-03,Returning
PAT00458,Female,9,Vijayawada,2025-11-16,New
PAT05095,Male,30,Vijayawada,2025-04-11,Returning
PAT10826,Male,62,Hyderabad,2021-11-23,Returning
PAT01698,Female,50,Hyderabad,2025-09-20,Returning
PAT00064,Male,60,Chennai,2025-06-02,Returning
PAT11068,Female,35,Hyderabad,2024-04-01,Returning
PAT12272,Female,19,Secunderabad,2025-07-12,Returning
PAT06196,Male,60,Chennai,2025-01-29,New
PAT11101,Male,18,Secunderabad,2022-08-26,Returning
PAT12994,Female,76,Vijayawada,2023-01-05,New
PAT06680,Female,45,Hyderabad,2025-06-26,Returning
PAT08948,Male,90,Bengaluru,2025-02-01,Returning
PAT04982,Male,42,Secunderabad,2025-03-07,New
PAT06001,Male,30,Secunderabad,2025-01-24,Returning
PAT06138,Male,56,Hyderabad,2025-05-05,Returning
PAT10069,Female,0,Chennai,2026-01-07,New
PAT10298,Male,16,Secunderabad,2025-07-06,New
PAT04849,Male,23,Hyderabad,2025-07-03,Returning
PAT09544,Female,59,Warangal,2025-09-07,Returning
PAT06685,Male,35,Secunderabad,2025-12-08,New
PAT05291,Female,31,Bengaluru,2025-04-08,Returning
PAT08795,Female,23,Secunderabad,2025-12-22,Returning
PAT03493,Female,62,Secunderabad,2025-08-11,New
PAT11640,Male,49,Secunderabad,2021-04-12,Returning
PAT01685,Male,53,Secunderabad,2025-09-24,Returning
PAT12166,Female,65,Hyderabad,2024-04-12,Returning
PAT00796,Male,44,Vijayawada,2025-04-21,Returning
PAT07342,Other,90,Hyderabad,2025-12-30,Returning
PAT10784,Female,52,Secunderabad,2024-07-12,Returning
PAT06689,Male,52,Chennai,2025-02-17,New
PAT03388,Male,90,Hyderabad,2025-09-27,Returning
PAT07303,Female,19,Bengaluru,2025-09-21,Returning
PAT00634,Female,43,Vijayawada,2025-04-17,Returning
PAT00564,Female,51,Bengaluru,2025-10-29,New
PAT11889,Male,44,Warangal,2026-12-06,New
PAT04415,Male,61,Chennai,2025-01-17,Returning
PAT03107,Female,30,Chennai,2025-05-30,Returning
PAT08269,Female,40,Bengaluru,2025-11-16,Returning
PAT14398,Male,55,Chennai,2026-06-18,Returning
PAT01412,Female,35,Hyderabad,2025-07-10,Returning
PAT05021,Female,67,Secunderabad,2025-02-17,Returning
PAT08009,Male,69,Chennai,2025-04-23,Returning
PAT06097,Female,55,Warangal,2025-10-09,Returning
PAT04862,Male,43,Hyderabad,2025-04-11,Returning
PAT04360,Female,28,Chennai,2025-03-07,Returning
PAT13650,Male,38,Hyderabad,2023-08-05,Returning
PAT11697,Female,19,Bengaluru,2021-10-09,New
PAT14967,Female,17,Hyderabad,2025-10-30,New
PAT09626,Female,49,Warangal,2025-07-06,Returning
PAT07235,Female,34,Vijayawada,2025-07-09,Returning
PAT06106,Female,28,Hyderabad,2025-04-30,Returning
PAT06139,Female,46,Bengaluru,2025-05-01,Returning
PAT11663,Female,3,Hyderabad,2021-06-02,Returning
PAT12023,Male,60,Bengaluru,2023-02-05,Returning
PAT12651,Male,45,Secunderabad,2023-05-26,New
PAT11132,Male,95,Chennai,2024-09-02,Returning
PAT02956,Male,11,Hyderabad,2025-05-09,New
PAT06282,Female,36,Hyderabad,2025-07-28,Returning
PAT04607,Female,66,Bengaluru,2025-06-20,New
PAT06537,Female,31,Chennai,2025-01-07,Returning
PAT00408,Female,50,Hyderabad,2025-06-26,Returning
PAT09001,Female,1,Hyderabad,2025-09-11,Returning
PAT13827,Female,40,Vijayawada,2022-05-30,New
PAT03046,Male,14,Hyderabad,2025-02-01,Returning
PAT06809,Female,68,Warangal,2025-02-05,New
PAT07650,Male,70,Chennai,2025-11-04,Returning
PAT13694,Male,67,Chennai,2022-01-31,New
PAT12844,Male,15,Secunderabad,2021-09-09,Returning
PAT05921,Male,36,Bengaluru,2025-06-05,New
PAT04654,Female,19,Bengaluru,2025-03-01,Returning
PAT02406,Male,35,Bengaluru,2025-11-21,Returning
PAT09535,Male,26,Hyderabad,2025-08-20,Returning
PAT02877,Female,42,Secunderabad,2025-04-27,Returning
PAT09297,Male,38,Bengaluru,2025-06-12,New
PAT07815,Male,27,Hyderabad,2025-04-04,Returning
PAT05703,Male,33,Vijayawada,2025-01-30,Returning
PAT10714,Female,69,Warangal,2021-07-05,Returning
PAT00684,Female,28,Warangal,2025-07-11,Returning
PAT04748,Female,52,Chennai,2025-03-17,Returning
PAT01079,Female,3,Bengaluru,2025-07-21,Returning
PAT14199,Female,52,Hyderabad,2026-05-27,Returning
PAT09346,Female,24,Warangal,2025-02-19,Returning
PAT13905,Male,28,Hyderabad,2024-11-21,Returning
PAT03707,Male,1,Hyderabad,2025-09-04,Returning
PAT13992,Female,31,Bengaluru,2024-09-13,New
PAT12167,Female,36,Secunderabad,2025-08-13,Returning
PAT13080,Female,30,Warangal,2025-09-20,Returning
PAT00748,Male,42,Hyderabad,2025-09-09,Returning
PAT04408,Female,55,Bengaluru,2025-12-22,New
PAT07682,Female,47,Hyderabad,2025-06-13,New
PAT12692,Male,56,Hyderabad,2024-07-08,New
PAT07714,Male,48,Chennai,2025-11-27,Returning
PAT04820,Male,32,Chennai,2025-03-28,Returning
PAT00591,Male,13,Secunderabad,2025-10-30,New
PAT06827,Female,61,Hyderabad,2025-05-02,New
PAT02021,Other,40,Warangal,2025-07-22,New
PAT06182,Female,47,Chennai,2025-09-17,Returning
PAT11080,Male,17,Bengaluru,2022-04-13,Returning
PAT06851,Female,48,Hyderabad,2025-09-23,New
PAT08904,Female,54,Secunderabad,2025-09-24,Returning
PAT07108,Male,43,Bengaluru,2025-02-18,New
PAT06432,Female,73,Chennai,2025-07-26,New
PAT11981,Male,60,Chennai,2025-07-07,Returning
PAT02450,Male,51,Bengaluru,2025-02-10,Returning
PAT01945,Female,46,Bengaluru,2025-02-26,Returning
PAT11357,Female,55,Chennai,2024-04-08,Returning
PAT05986,Female,11,Bengaluru,2025-04-28,Returning
PAT09469,Female,21,Secunderabad,2025-01-17,Returning
PAT13087,Male,26,Hyderabad,2021-12-25,Returning
PAT00474,Female,72,Hyderabad,2025-01-04,Returning
PAT02596,Female,1,Bengaluru,2025-07-05,New
PAT11718,Male,13,Vijayawada,2026-01-09,New
PAT03903,Female,51,Bengaluru,2025-10-25,Returning
PAT06215,Female,37,Warangal,2025-06-24,Returning
PAT08998,Male,30,Secunderabad,2025-02-10,Returning
PAT09394,Male,24,Hyderabad,2025-01-10,Returning
PAT12642,Male,48,Secunderabad,2026-01-27,Returning
PAT13871,Male,22,Hyderabad,2021-01-04,Returning
PAT11062,Female,42,Hyderabad,2024-10-04,Returning
PAT08178,Female,64,Secunderabad,2025-02-25,Returning
PAT11020,Male,68,Secunderabad,2025-04-07,Returning
PAT09055,Male,46,Hyderabad,2025-12-12,Returning
PAT02096,Female,59,Chennai,2025-04-19,New
PAT05100,Male,51,Hyderabad,2025-03-13,Returning
PAT02928,Female,38,Hyderabad,2025-10-29,Returning
PAT00587,Female,47,Warangal,2025-07-21,Returning
PAT05386,Female,43,Hyderabad,2025-10-27,Returning
PAT11656,Male,27,Hyderabad,2021-11-19,Returning
PAT01845,Male,51,Secunderabad,2025-11-25,New
PAT11606,Male,61,Bengaluru,2023-08-06,Returning
PAT14723,Male,56,Hyderabad,2026-07-22,New
PAT12695,Female,2,Hyderabad,2025-07-17,New
PAT14701,Female,28,Vijayawada,2023-10-29,Returning
PAT04639,Female,31,Warangal,2025-07-16,New
PAT02237,Male,32,Hyderabad,2025-12-26,New
PAT10364,Female,79,Chennai,2021-08-04,Returning
PAT07223,Male,28,Chennai,2025-03-03,Returning
PAT05108,Male,81,Bengaluru,2025-03-09,Returning
PAT10495,Male,50,Hyderabad,2021-01-04,Returning
PAT08299,Female,17,Bengaluru,2025-08-20,Returning
PAT11814,Male,42,Hyderabad,2023-07-19,Returning
PAT14170,Male,47,Hyderabad,2022-04-21,Returning
PAT14942,Female,41,Chennai,2021-05-12,New
PAT10237,Female,31,Secunderabad,2026-08-03,New
PAT09954,Female,75,Hyderabad,2025-01-31,Returning
PAT04829,Female,44,Vijayawada,2025-05-14,Returning
PAT05816,Female,17,Bengaluru,2025-05-08,New
PAT11318,Male,17,Hyderabad,2025-03-29,New
PAT04792,Male,67,Hyderabad,2025-08-21,Returning
PAT09989,Male,67,Secunderabad,2025-06-15,New
PAT06919,Male,13,Bengaluru,2025-03-22,Returning
PAT00994,Male,28,Bengaluru,2025-07-17,Returning
PAT03996,Male,58,Chennai,2025-09-03,Returning
PAT04960,Male,85,Chennai,2025-08-28,Returning
PAT03188,Female,65,Bengaluru,2025-03-21,Returning
PAT01922,Male,44,Secunderabad,2025-10-21,New
PAT06348,Female,51,Hyderabad,2025-04-08,Returning
PAT06135,Female,14,Chennai,2025-07-18,New
PAT12271,Female,84,Hyderabad,2023-08-26,New
PAT04827,Female,36,Hyderabad,2025-03-02,Returning
PAT00812,Male,30,Bengaluru,2025-03-13,Returning
PAT10585,Male,33,Bengaluru,2024-03-07,Returning
PAT07029,Male,10,Chennai,2025-11-05,Returning
PAT06073,Female,62,Warangal,2025-04-10,New
PAT08331,Female,46,Hyderabad,2025-01-27,Returning
PAT14822,Male,45,Hyderabad,2022-07-14,New
PAT07530,Female,12,Hyderabad,2025-08-19,Returning
PAT14084,Female,42,Bengaluru,2026-04-27,Returning
PAT06960,Male,1,Hyderabad,2025-05-30,Returning
PAT07924,Female,47,Vijayawada,2025-04-30,New
PAT07540,Male,13,Hyderabad,2025-11-10,Returning
PAT09951,Male,70,Hyderabad,2025-08-23,New
PAT13824,Other,38,Hyderabad,2026-11-23,Returning
PAT04058,Male,57,Bengaluru,2025-03-27,New
PAT01663,Male,30,Chennai,2025-10-23,Returning
PAT14814,Male,19,Hyderabad,2022-08-18,Returning
PAT05853,Female,46,Hyderabad,2025-11-25,Returning
PAT05059,Male,29,Hyderabad,2025-06-04,Returning
PAT11931,Male,25,Secunderabad,2022-06-15,New
PAT08952,Female,57,Hyderabad,2025-04-04,Returning
PAT08939,Male,56,Hyderabad,2025-09-13,Returning
PAT13766,Female,40,Secunderabad,2025-06-03,Returning
PAT03496,Male,52,Bengaluru,2025-09-23,Returning
PAT11902,Male,60,Secunderabad,2024-02-05,Returning
PAT09773,Male,40,Bengaluru,2025-12-25,New
PAT12018,Female,33,Hyderabad,2021-10-28,Returning
PAT02309,Female,73,Hyderabad,2025-08-15,New
PAT07517,Female,49,Secunderabad,2025-08-20,New
PAT06352,Male,84,Bengaluru,2025-10-14,New
PAT01656,Female,40,Bengaluru,2025-02-24,Returning
PAT05847,Female,20,Hyderabad,2025-11-22,Returning
PAT13398,Female,68,Hyderabad,2024-08-05,Returning
PAT08695,Female,59,Bengaluru,2025-02-01,Returning
PAT08571,Female,54,Hyderabad,2025-08-22,New
PAT05334,Female,76,Secunderabad,2025-10-31,Returning
PAT06959,Female,81,Warangal,2025-09-27,New
PAT13911,Male,9,Vijayawada,2022-02-01,Returning
PAT14019,Male,58,Hyderabad,2024-11-12,New
PAT02955,Male,37,Vijayawada,2025-03-24,New
PAT07976,Female,38,Chennai,2025-12-24,New
PAT14588,Male,39,Bengaluru,2023-12-10,Returning
PAT11692,Male,45,Bengaluru,2023-05-19,Returning
PAT12375,Female,56,Bengaluru,2026-03-30,New
PAT04097,Female,77,Hyderabad,2025-08-15,New
PAT02127,Male,32,Secunderabad,2025-04-27,Returning
PAT09051,Female,33,Bengaluru,2025-09-15,New
PAT13751,Other,8,Secunderabad,2026-05-23,New
PAT08671,Male,62,Bengaluru,2025-01-12,Returning
PAT10592,Male,72,Secunderabad,2025-12-19,New
PAT05555,Male,23,Bengaluru,2025-03-10,New
PAT03843,Female,65,Hyderabad,2025-06-26,Returning
PAT08179,Male,49,Bengaluru,2025-04-10,New
PAT09791,Male,20,Bengaluru,2025-04-26,New
PAT07631,Male,81,Hyderabad,2025-06-27,New
PAT04515,Male,46,Hyderabad,2025-04-01,Returning
PAT09549,Male,30,Vijayawada,2025-03-25,Returning
PAT00004,Male,34,Chennai,2025-04-25,Returning
PAT14183,Female,78,Hyderabad,2021-07-08,New
PAT07483,Female,71,Hyderabad,2025-12-24,New
PAT09782,Female,62,Bengaluru,2025-02-24,Returning
PAT06028,Male,59,Secunderabad,2025-11-11,New
PAT02184,Male,59,Bengaluru,2025-12-13,Returning
PAT14869,Male,72,Chennai,2026-09-11,New
PAT14523,Female,45,Hyderabad,2021-10-06,New
PAT11270,Male,3,Warangal,2024-01-15,New
PAT02035,Female,61,Hyderabad,2025-07-10,Returning
PAT08279,Male,34,Chennai,2025-02-24,Returning
PAT06344,Female,38,Chennai,2025-12-29,Returning
PAT09587,Male,30,Hyderabad,2025-08-13,Returning
PAT06585,Female,76,Chennai,2025-06-27,Returning
PAT12026,Female,78,Hyderabad,2024-02-05,Returning
PAT14397,Female,14,Hyderabad,2025-07-25,New
PAT11401,Male,38,Bengaluru,2022-08-05,Returning
PAT13105,Male,48,Chennai,2024-02-08,Returning
PAT05145,Male,71,Hyderabad,2025-02-23,New
PAT02255,Male,60,Secunderabad,2025-11-19,New
PAT04221,Male,77,Secunderabad,2025-01-23,Returning
PAT12129,Female,0,Vijayawada,2024-01-20,New
PAT05218,Female,31,Secunderabad,2025-06-27,Returning
PAT09870,Female,25,Secunderabad,2025-10-14,Returning
PAT09023,Male,77,Secunderabad,2025-09-07,Returning
PAT05377,Male,40,Secunderabad,2025-05-14,New
PAT10669,Male,93,Chennai,2023-11-21,Returning
PAT07825,Male,1,Hyderabad,2025-03-27,Returning
PAT06799,Male,70,Chennai,2025-01-07,New
PAT02857,Female,25,Secunderabad,2025-10-05,New
PAT08222,Female,26,Vijayawada,2025-06-27,Returning
PAT14299,Male,26,Chennai,2021-04-29,Returning
PAT04148,Male,33,Secunderabad,2025-02-03,Returning
PAT08962,Female,39,Hyderabad,2025-06-10,New
PAT03609,Male,28,Warangal,2025-09-08,New
PAT10122,Male,9,Secunderabad,2021-01-19,Returning
PAT05181,Male,31,Hyderabad,2025-07-09,New
PAT05643,Female,27,Chennai,2025-02-18,Returning
PAT06435,Female,38,Hyderabad,2025-02-19,Returning
PAT03435,Male,47,Bengaluru,2025-06-02,Returning
PAT13460,Male,19,Chennai,2021-01-25,New
PAT05749,Male,17,Hyderabad,2025-10-10,New
PAT09122,Male,38,Vijayawada,2025-10-02,New
PAT05081,Female,25,Chennai,2025-11-01,Returning
PAT02070,Female,47,Chennai,2025-05-10,New
PAT10899,Male,58,Hyderabad,2024-12-01,New
PAT02656,Male,29,Secunderabad,2025-02-12,Returning
PAT11673,Female,32,Warangal,2024-06-26,New
PAT08991,Female,9,Hyderabad,2025-04-19,Returning
PAT08518,Male,35,Vijayawada,2025-08-15,New
PAT13493,Male,30,Secunderabad,2022-05-10,Returning
PAT11811,Female,26,Chennai,2026-10-17,Returning
PAT00971,Female,62,Bengaluru,2025-12-12,Returning
PAT01599,Female,40,Hyderabad,2025-08-01,Returning
PAT11806,Male,23,Bengaluru,2023-07-21,Returning
PAT02583,Male,41,Hyderabad,2025-05-29,Returning
PAT01985,Male,74,Secunderabad,2025-10-03,New
PAT11076,Other,44,Hyderabad,2024-06-04,New
PAT09593,Male,60,Chennai,2025-01-18,New
PAT00389,Female,65,Hyderabad,2025-08-25,Returning
PAT04769,Other,71,Hyderabad,2025-09-06,Returning
PAT07692,Female,56,Bengaluru,2025-10-17,Returning
PAT05023,Male,75,Hyderabad,2025-06-26,Returning
PAT09682,Female,77,Chennai,2025-11-22,Returning
PAT00316,Female,49,Chennai,2025-03-06,Returning
PAT06071,Male,72,Hyderabad,2025-03-24,New
PAT13555,Male,32,Warangal,2024-09-21,Returning
PAT12012,Female,45,Chennai,2023-05-25,Returning
PAT01329,Female,61,Bengaluru,2025-09-08,Returning
PAT13997,Female,21,Secunderabad,2025-05-06,Returning
PAT05136,Other,55,Warangal,2025-07-24,Returning
PAT08488,Female,36,Hyderabad,2025-06-10,Returning
PAT14134,Female,66,Bengaluru,2021-01-15,Returning
PAT12211,Male,30,Chennai,2023-10-23,New
PAT03705,Male,64,Bengaluru,2025-03-08,Returning
PAT00606,Male,36,Bengaluru,2025-02-23,New
PAT13411,Male,21,Hyderabad,2024-06-12,Returning
PAT11754,Female,46,Bengaluru,2021-12-29,Returning
PAT03468,Male,8,Hyderabad,2025-02-19,Returning
PAT04505,Female,22,Secunderabad,2025-12-23,Returning
PAT05763,Other,32,Hyderabad,2025-10-09,Returning
PAT13439,Female,58,Hyderabad,2024-04-02,Returning
PAT11325,Female,28,Bengaluru,2021-05-11,Returning
PAT07174,Other,47,Chennai,2025-01-14,Returning
PAT01369,Male,20,Hyderabad,2025-02-26,New
PAT09160,Male,43,Secunderabad,2025-08-24,Returning
PAT01254,Male,62,Hyderabad,2025-04-02,Returning
PAT13212,Other,29,Secunderabad,2026-04-20,Returning
PAT04456,Female,12,Bengaluru,2025-05-04,New
PAT10679,Female,35,Bengaluru,2026-02-06,New
PAT08137,Male,67,Hyderabad,2025-12-18,Returning
PAT06652,Female,70,Hyderabad,2025-04-27,Returning
PAT10624,Male,49,Hyderabad,2025-01-24,Returning
PAT09510,Male,47,Hyderabad,2025-01-29,New
PAT02113,Female,7,Vijayawada,2025-05-26,New
PAT10924,Female,82,Hyderabad,2026-07-12,New
PAT08050,Female,54,Hyderabad,2025-09-15,Returning
PAT00426,Female,1,Hyderabad,2025-02-10,Returning
PAT05933,Female,26,Vijayawada,2025-12-11,New
PAT06751,Female,50,Hyderabad,2025-11-11,Returning
PAT11456,Female,63,Hyderabad,2023-05-03,New
PAT01112,Male,64,Warangal,2025-02-23,Returning
PAT05221,Female,40,Hyderabad,2025-04-04,Returning
PAT13872,Male,23,Hyderabad,2021-03-28,Returning
PAT00638,Female,47,Hyderabad,2025-04-15,Returning
PAT00249,Female,73,Chennai,2025-04-05,Returning
PAT05217,Female,55,Warangal,2025-01-11,New
PAT01808,Male,27,Secunderabad,2025-01-06,Returning
PAT12650,Female,14,Vijayawada,2025-05-01,New
PAT10303,Female,29,Secunderabad,2021-01-06,Returning
PAT00697,Female,45,Chennai,2025-07-14,New
PAT06189,Male,20,Secunderabad,2025-04-27,Returning
PAT06374,Female,61,Secunderabad,2025-04-22,Returning
PAT01237,Male,49,Hyderabad,2025-01-07,New
PAT05862,Female,61,Hyderabad,2025-12-23,Returning
PAT01517,Male,1,Hyderabad,2025-04-24,Returning
PAT13508,Male,47,Hyderabad,2022-07-25,New
PAT08780,Female,67,Bengaluru,2025-12-05,Returning
PAT14616,Male,32,Bengaluru,2022-12-08,New
PAT01012,Male,48,Chennai,2025-07-17,New
PAT00071,Male,56,Hyderabad,2025-12-17,Returning
PAT04937,Male,25,Hyderabad,2025-10-16,Returning
PAT04106,Female,39,Hyderabad,2025-10-11,Returning
PAT01179,Female,52,Hyderabad,2025-10-16,Returning
PAT10656,Male,35,Hyderabad,2022-02-11,New
PAT06949,Male,21,Hyderabad,2025-03-03,Returning
PAT09431,Male,30,Hyderabad,2025-11-01,Returning
PAT05381,Male,40,Bengaluru,2025-04-24,Returning
PAT03249,Female,32,Hyderabad,2025-03-25,Returning
PAT01800,Female,29,Warangal,2025-05-10,Returning
PAT10670,Male,35,Secunderabad,2021-06-12,Returning
PAT14079,Female,61,Bengaluru,2022-04-12,New
PAT11511,Female,53,Hyderabad,2024-06-09,Returning
PAT04405,Female,52,Hyderabad,2025-02-05,New
PAT12679,Male,50,Hyderabad,2025-06-06,New
PAT10795,Male,42,Chennai,2024-12-28,Returning
PAT00042,Female,31,Secunderabad,2025-07-09,New
PAT05051,Female,29,Secunderabad,2025-01-23,New
PAT07086,Male,86,Bengaluru,2025-06-14,Returning
PAT04794,Male,26,Hyderabad,2025-12-03,Returning
PAT06437,Male,70,Bengaluru,2025-10-01,Returning
PAT06825,Female,71,Hyderabad,2025-05-07,Returning
PAT09862,Female,52,Secunderabad,2025-01-06,Returning
PAT09080,Female,8,Warangal,2025-03-23,New
PAT09813,Male,65,Hyderabad,2025-10-01,Returning
PAT04005,Male,40,Hyderabad,2025-06-23,Returning
PAT09692,Female,40,Secunderabad,2025-07-16,New
PAT02003,Male,63,Hyderabad,2025-01-11,New
PAT07075,Male,70,Hyderabad,2025-01-09,New
PAT08918,Female,29,Hyderabad,2025-07-17,New
PAT00806,Male,75,Hyderabad,2025-10-24,New
PAT03887,Male,22,Hyderabad,2025-09-12,Returning
PAT13166,Female,21,Chennai,2021-03-13,Returning
PAT12259,Male,50,Secunderabad,2025-02-10,Returning
PAT11366,Female,42,Chennai,2021-01-27,New
PAT02453,Male,21,Bengaluru,2025-12-12,Returning
PAT04076,Female,54,Hyderabad,2025-07-09,Returning
PAT05804,Male,60,Warangal,2025-10-30,New
PAT12745,Male,77,Secunderabad,2023-01-18,Returning
PAT02338,Male,24,Chennai,2025-04-25,Returning
PAT02472,Male,26,Chennai,2025-09-17,Returning
PAT08621,Female,33,Hyderabad,2025-11-23,New
PAT03669,Female,10,Bengaluru,2025-10-27,New
PAT04030,Female,78,Hyderabad,2025-04-11,New
PAT08490,Male,51,Warangal,2025-02-08,Returning
PAT02026,Male,68,Hyderabad,2025-11-22,Returning
PAT13549,Male,9,Hyderabad,2022-07-21,New
PAT12330,Male,12,Hyderabad,2024-06-05,New
PAT04833,Female,52,Hyderabad,2025-10-26,Returning
PAT03012,Female,52,Hyderabad,2025-08-04,New
PAT12930,Other,62,Secunderabad,2022-05-31,New
PAT10377,Female,41,Bengaluru,2021-08-13,New
PAT05465,Female,9,Bengaluru,2025-06-27,Returning
PAT07665,Male,22,Chennai,2025-03-18,Returning
PAT14287,Female,68,Secunderabad,2026-03-09,Returning
PAT06836,Female,19,Hyderabad,2025-01-22,New
PAT11621,Female,14,Chennai,2022-01-31,New
PAT14619,Female,60,Hyderabad,2024-03-05,New
PAT14365,Female,38,Chennai,2022-12-06,New
PAT00171,Female,61,Hyderabad,2025-01-29,Returning
PAT08262,Male,28,Secunderabad,2025-09-04,New
PAT00218,Male,30,Bengaluru,2025-02-06,New
PAT13161,Female,61,Hyderabad,2026-10-23,Returning
PAT08497,Male,53,Warangal,2025-05-06,Returning
PAT12490,Female,52,Hyderabad,2026-08-03,Returning
PAT08875,Other,62,Hyderabad,2025-12-16,Returning
PAT10881,Female,36,Hyderabad,2026-09-25,New
PAT07045,Male,63,Hyderabad,2025-04-28,Returning
PAT08880,Female,29,Hyderabad,2025-10-16,New
PAT09114,Male,55,Hyderabad,2025-06-17,Returning
PAT10111,Female,78,Bengaluru,2023-08-04,Returning
PAT10169,Female,32,Warangal,2022-10-06,Returning
PAT05565,Male,56,Warangal,2025-05-15,New
PAT04338,Female,60,Hyderabad,2025-04-20,Returning
PAT14880,Male,66,Vijayawada,2022-09-09,Returning
PAT13031,Female,34,Hyderabad,2024-12-02,New
PAT13957,Female,0,Chennai,2025-07-16,New
PAT00901,Female,26,Hyderabad,2025-01-09,New
PAT00185,Male,49,Warangal,2025-07-13,Returning
PAT13835,Male,46,Chennai,2021-01-11,New
PAT02914,Male,63,Bengaluru,2025-01-14,Returning
PAT07250,Male,50,Secunderabad,2025-07-01,Returning
PAT02146,Female,48,Bengaluru,2025-06-30,Returning
PAT12867,Male,29,Chennai,2021-02-17,New
PAT02089,Male,61,Secunderabad,2025-02-27,Returning
PAT07051,Male,52,Hyderabad,2025-09-18,New
PAT09648,Female,65,Hyderabad,2025-03-15,Returning
PAT04694,Male,8,Chennai,2025-04-01,Returning
PAT01689,Male,76,Warangal,2025-10-28,Returning
PAT07751,Male,70,Bengaluru,2025-04-21,Returning
PAT12734,Male,27,Secunderabad,2022-07-04,New
PAT01769,Male,63,Bengaluru,2025-01-20,Returning
PAT00593,Female,89,Bengaluru,2025-11-05,New
PAT01924,Male,43,Vijayawada,2025-02-05,New
PAT14746,Male,48,Secunderabad,2023-04-10,New
PAT01618,Male,25,Hyderabad,2025-11-01,Returning
PAT14831,Female,45,Hyderabad,2022-06-22,Returning
PAT13984,Female,21,Hyderabad,2025-03-24,Returning
PAT01115,Female,71,Hyderabad,2025-08-27,Returning
PAT03405,Male,36,Hyderabad,2025-08-02,New
PAT00539,Female,47,Warangal,2025-01-27,New
PAT12418,Female,48,Hyderabad,2026-05-12,New
PAT11976,Male,0,Hyderabad,2025-03-14,New
PAT09050,Female,31,Chennai,2025-03-14,Returning
PAT10070,Male,34,Hyderabad,2026-04-04,New
PAT04790,Male,70,Hyderabad,2025-09-19,Returning
PAT10376,Male,28,Bengaluru,2022-04-06,New
PAT08304,Female,59,Secunderabad,2025-01-23,New
PAT12408,Male,54,Secunderabad,2026-01-09,Returning
PAT04039,Male,57,Vijayawada,2025-04-26,Returning
PAT10898,Female,28,Bengaluru,2023-07-06,Returning
PAT08399,Male,51,Bengaluru,2025-07-19,Returning
PAT00395,Male,41,Hyderabad,2025-09-30,New
PAT04343,Female,53,Chennai,2025-04-17,New
PAT00294,Female,47,Bengaluru,2025-09-27,Returning
PAT06436,Female,16,Vijayawada,2025-07-16,New
PAT03080,Male,56,Hyderabad,2025-04-18,Returning
PAT14995,Male,31,Hyderabad,2026-02-03,Returning
PAT05175,Male,41,Bengaluru,2025-05-20,Returning
PAT14426,Female,54,Secunderabad,2021-02-17,Returning
PAT08066,Male,48,Hyderabad,2025-07-26,Returning
PAT06691,Female,51,Hyderabad,2025-03-15,New
PAT11586,Male,20,Chennai,2024-12-10,Returning
PAT06614,Male,25,Chennai,2025-07-15,Returning
PAT06320,Male,79,Bengaluru,2025-01-27,Returning
PAT09255,Male,26,Hyderabad,2025-09-29,Returning
PAT09369,Female,89,Hyderabad,2025-01-23,Returning
PAT08241,Female,40,Bengaluru,2025-12-31,New
PAT09195,Male,40,Warangal,2025-12-06,New
PAT13834,Female,34,Secunderabad,2025-06-25,Returning
PAT04717,Female,70,Bengaluru,2025-09-08,Returning
PAT12968,Male,46,Chennai,2025-10-04,Returning
PAT14515,Male,45,Vijayawada,2023-05-23,Returning
PAT12559,Male,42,Warangal,2021-03-05,Returning
PAT14278,Female,46,Secunderabad,2021-09-16,Returning
PAT10190,Female,16,Bengaluru,2022-07-17,Returning
PAT09553,Female,47,Warangal,2025-05-27,Returning
PAT03448,Female,48,Chennai,2025-02-15,Returning
PAT01741,Male,29,Hyderabad,2025-06-02,Returning
PAT11460,Female,33,Hyderabad,2026-05-11,Returning
PAT08142,Female,46,Hyderabad,2025-06-14,Returning
PAT10861,Male,52,Bengaluru,2026-04-06,Returning
PAT13333,Female,41,Chennai,2021-02-23,Returning
PAT02185,Female,1,Hyderabad,2025-11-12,New
PAT05445,Female,37,Vijayawada,2025-04-14,New
PAT13637,Male,35,Hyderabad,2022-11-07,Returning
PAT06951,Male,5,Hyderabad,2025-07-29,New
PAT14030,Male,43,Hyderabad,2022-02-25,Returning
PAT10466,Male,53,Secunderabad,2021-06-25,New
PAT11400,Male,16,Bengaluru,2021-07-18,Returning
PAT00466,Male,67,Hyderabad,2025-12-31,Returning
PAT14135,Female,0,Hyderabad,2021-05-20,New
PAT09040,Female,1,Bengaluru,2025-06-07,New
PAT07460,Male,41,Hyderabad,2025-08-04,Returning
PAT00114,Male,1,Secunderabad,2025-07-19,Returning
PAT09220,Female,59,Vijayawada,2025-09-16,Returning
PAT02088,Female,62,Hyderabad,2025-01-21,New
PAT12115,Female,28,Chennai,2026-07-27,New
PAT01749,Male,68,Hyderabad,2025-08-11,New
PAT12244,Female,25,Bengaluru,2023-09-09,Returning
PAT07276,Male,48,Chennai,2025-02-07,New
PAT11882,Male,13,Chennai,2026-02-05,Returning
PAT03214,Female,11,Hyderabad,2025-04-23,New
PAT00036,Male,48,Hyderabad,2025-06-01,New
PAT14645,Male,49,Bengaluru,2025-08-04,Returning
PAT08601,Female,54,Warangal,2025-07-10,Returning
PAT13611,Female,8,Chennai,2026-07-16,New
PAT02880,Female,39,Bengaluru,2025-01-25,Returning
PAT08485,Male,30,Vijayawada,2025-05-02,Returning
PAT10797,Female,79,Chennai,2021-08-20,New
PAT06331,Female,47,Hyderabad,2025-02-07,Returning
PAT09955,Male,51,Bengaluru,2025-01-10,Returning
PAT01373,Female,54,Warangal,2025-04-09,New
PAT08974,Female,47,Hyderabad,2025-06-19,New
PAT13074,Male,36,Hyderabad,2026-07-18,Returning
PAT10793,Male,18,Chennai,2021-06-17,Returning
PAT02271,Male,33,Hyderabad,2025-04-18,Returning
PAT03387,Male,15,Hyderabad,2025-09-03,Returning
PAT13032,Male,38,Hyderabad,2023-06-02,Returning
PAT14180,Female,60,Hyderabad,2024-01-12,New
PAT00869,Male,65,Hyderabad,2025-11-21,New
PAT06030,Male,65,Secunderabad,2025-07-20,New
PAT06761,Male,31,Warangal,2025-02-01,Returning
PAT00016,Female,34,Hyderabad,2025-03-10,Returning
PAT09852,Male,32,Chennai,2025-06-21,New
PAT06886,Female,1,Hyderabad,2025-09-09,Returning
PAT02772,Male,48,Bengaluru,2025-12-19,Returning
PAT04082,Male,55,Secunderabad,2025-05-27,New
PAT08662,Female,32,Hyderabad,2025-08-24,New
PAT13901,Male,41,Bengaluru,2025-08-13,Returning
PAT13270,Other,0,Hyderabad,2022-11-15,New
PAT12307,Female,57,Hyderabad,2025-12-19,Returning
PAT04154,Female,11,Bengaluru,2025-01-19,Returning
PAT11990,Male,48,Chennai,2025-01-11,Returning
PAT05835,Male,36,Warangal,2025-06-20,Returning
PAT07111,Female,21,Chennai,2025-06-18,Returning
PAT11491,Male,57,Warangal,2026-06-28,New
PAT07573,Female,10,Vijayawada,2025-03-01,Returning
PAT08577,Female,31,Hyderabad,2025-07-07,New
PAT04035,Female,26,Bengaluru,2025-10-10,New
PAT12350,Female,66,Secunderabad,2021-04-12,Returning
PAT04339,Male,63,Hyderabad,2025-12-07,New
PAT09750,Female,32,Hyderabad,2025-09-04,Returning
PAT07938,Male,66,Secunderabad,2025-08-13,New
PAT07169,Female,90,Vijayawada,2025-07-28,Returning
PAT14689,Male,63,Vijayawada,2021-02-02,New
PAT12621,Female,47,Hyderabad,2026-12-28,New
PAT07913,Female,35,Bengaluru,2025-08-17,Returning
PAT12052,Male,56,Chennai,2025-08-02,New
PAT08145,Male,1,Secunderabad,2025-03-13,Returning
PAT11168,Female,61,Chennai,2023-11-28,Returning
PAT06731,Male,48,Warangal,2025-05-31,Returning
PAT01563,Male,49,Warangal,2025-02-12,New
PAT09503,Male,68,Chennai,2025-07-04,Returning
PAT04085,Male,62,Bengaluru,2025-02-02,New
PAT08980,Male,49,Hyderabad,2025-12-07,Returning
PAT09820,Female,53,Hyderabad,2025-06-18,Returning
PAT02460,Male,29,Hyderabad,2025-04-25,New
PAT11378,Female,0,Hyderabad,2021-06-15,Returning
PAT14931,Female,38,Chennai,2026-10-29,New
PAT07229,Male,41,Bengaluru,2025-04-01,Returning
PAT10877,Male,84,Hyderabad,2025-12-30,Returning
PAT12680,Male,38,Secunderabad,2024-11-24,Returning
PAT12976,Male,30,Hyderabad,2022-07-05,Returning
PAT01660,Female,33,Chennai,2025-07-23,New
PAT07158,Male,63,Hyderabad,2025-03-15,New
PAT01371,Male,43,Hyderabad,2025-10-02,Returning
PAT04919,Male,35,Secunderabad,2025-04-05,New
PAT12085,Male,19,Secunderabad,2026-10-13,New
PAT06878,Male,18,Hyderabad,2025-10-12,New
PAT03796,Male,8,Hyderabad,2025-06-21,Returning
PAT02883,Female,34,Warangal,2025-07-08,Returning
PAT12675,Female,32,Secunderabad,2026-10-17,New
PAT12684,Female,67,Chennai,2024-09-06,Returning
PAT00658,Female,68,Vijayawada,2025-12-29,Returning
PAT11764,Female,39,Hyderabad,2023-09-17,New
PAT09717,Female,26,Warangal,2025-05-14,Returning
PAT12381,Male,23,Bengaluru,2022-01-14,New
PAT06089,Female,40,Chennai,2025-09-23,Returning
PAT10921,Male,48,Hyderabad,2022-07-18,Returning
PAT05528,Male,33,Bengaluru,2025-03-04,Returning
PAT14615,Female,58,Hyderabad,2025-05-30,Returning
PAT02478,Female,59,Chennai,2025-01-17,New
PAT12056,Male,57,Hyderabad,2026-10-03,Returning
PAT10060,Male,22,Secunderabad,2022-04-06,New
PAT03547,Female,34,Secunderabad,2025-05-27,Returning
PAT10974,Male,50,Hyderabad,2021-05-25,Returning
PAT08243,Male,52,Hyderabad,2025-03-20,Returning
PAT13292,Male,35,Secunderabad,2021-03-09,New
PAT02407,Male,16,Hyderabad,2025-02-26,New
PAT02479,Male,47,Hyderabad,2025-01-27,Returning
PAT02663,Female,10,Bengaluru,2025-02-16,Returning
PAT03034,Female,33,Hyderabad,2025-03-15,Returning
PAT08373,Male,56,Vijayawada,2025-04-09,Returning
PAT06811,Male,64,Hyderabad,2025-09-15,New
PAT03269,Female,43,Hyderabad,2025-11-26,New
PAT14741,Female,72,Hyderabad,2024-02-10,Returning
PAT10087,Female,9,Secunderabad,2026-07-27,New
PAT07364,Male,72,Vijayawada,2025-08-18,New
PAT13096,Male,69,Bengaluru,2024-04-23,Returning
PAT00084,Male,11,Hyderabad,2025-09-03,New
PAT01027,Female,69,Warangal,2025-12-24,Returning
PAT06132,Male,66,Hyderabad,2025-06-06,New
PAT10660,Female,25,Chennai,2026-06-28,New
PAT03373,Female,23,Bengaluru,2025-06-25,Returning
PAT07559,Male,75,Hyderabad,2025-06-05,Returning
PAT02151,Male,36,Vijayawada,2025-12-10,Returning
PAT10448,Female,72,Warangal,2022-12-12,Returning
PAT09485,Female,62,Hyderabad,2025-06-11,New
PAT08547,Male,44,Bengaluru,2025-01-04,Returning
PAT12456,Female,30,Chennai,2024-07-24,New
PAT05774,Male,47,Vijayawada,2025-11-30,Returning
PAT10510,Female,30,Hyderabad,2023-04-15,New
PAT03659,Female,30,Hyderabad,2025-04-08,Returning
PAT01003,Male,1,Bengaluru,2025-05-01,New
PAT11721,Female,43,Secunderabad,2023-11-29,New
PAT10548,Female,43,Chennai,2025-09-26,New
PAT12071,Male,56,Hyderabad,2024-04-04,Returning
PAT14717,Male,47,Chennai,2023-12-11,Returning
PAT04251,Male,57,Hyderabad,2025-09-18,Returning
PAT12124,Male,73,Chennai,2022-09-06,Returning
PAT12963,Male,51,Hyderabad,2023-07-15,New
PAT14947,Male,43,Hyderabad,2025-03-20,Returning
PAT11432,Female,95,Bengaluru,2021-08-11,New
PAT03820,Male,13,Hyderabad,2025-08-27,Returning
PAT02055,Female,56,Chennai,2025-07-25,New
PAT04131,Male,32,Vijayawada,2025-07-11,Returning
PAT00168,Male,36,Bengaluru,2025-04-27,Returning
PAT08758,Female,33,Secunderabad,2025-02-28,Returning
PAT00851,Male,35,Hyderabad,2025-11-12,Returning
PAT06267,Male,42,Vijayawada,2025-05-31,Returning
PAT00536,Male,55,Chennai,2025-05-24,Returning
PAT02367,Male,39,Chennai,2025-08-11,New
PAT02123,Male,22,Secunderabad,2025-01-11,Returning
PAT01483,Female,44,Chennai,2025-12-08,New
PAT09146,Male,63,Bengaluru,2025-03-24,Returning
PAT07574,Female,77,Hyderabad,2025-08-02,Returning
PAT12130,Female,18,Hyderabad,2023-05-05,New
PAT00896,Male,32,Hyderabad,2025-07-01,Returning
PAT02178,Male,59,Hyderabad,2025-08-30,New
PAT05174,Male,90,Hyderabad,2025-05-31,Returning
PAT01984,Female,53,Chennai,2025-08-09,New
PAT13691,Male,63,Hyderabad,2021-09-12,New
PAT09664,Other,45,Chennai,2025-01-11,Returning
PAT01484,Female,33,Secunderabad,2025-09-16,Returning
PAT02519,Female,1,Hyderabad,2025-10-23,New
PAT09732,Male,30,Secunderabad,2025-09-09,New
PAT03296,Male,10,Bengaluru,2025-10-18,New
PAT04966,Female,1,Hyderabad,2025-03-01,New
PAT11466,Male,31,Warangal,2025-04-01,Returning
PAT09797,Male,83,Chennai,2025-09-09,Returning
PAT07802,Female,1,Vijayawada,2025-01-17,Returning
PAT07638,Male,24,Hyderabad,2025-12-17,Returning
PAT08726,Male,50,Warangal,2025-09-06,Returning
PAT03653,Male,32,Hyderabad,2025-12-15,Returning
PAT05958,Female,57,Secunderabad,2025-09-30,Returning
PAT04904,Male,39,Hyderabad,2025-03-05,Returning
PAT10666,Female,55,Bengaluru,2022-06-02,New
PAT08072,Male,38,Secunderabad,2025-03-19,Returning
PAT12305,Male,36,Chennai,2025-05-20,Returning
PAT13782,Male,34,Hyderabad,2022-03-25,Returning
PAT07008,Female,56,Hyderabad,2025-08-01,Returning
PAT09058,Female,90,Hyderabad,2025-04-22,Returning
PAT11716,Male,24,Chennai,2025-12-09,Returning
PAT01859,Male,31,Hyderabad,2025-05-18,New
PAT01200,Female,36,Chennai,2025-05-05,Returning
PAT04986,Male,63,Hyderabad,2025-08-24,Returning
PAT07110,Female,52,Hyderabad,2025-04-30,New
PAT04709,Female,40,Secunderabad,2025-11-05,Returning
PAT00248,Female,57,Warangal,2025-10-13,Returning
PAT11855,Male,47,Hyderabad,2022-07-12,Returning
PAT07783,Female,15,Chennai,2025-09-22,Returning
PAT14467,Female,36,Hyderabad,2025-08-21,Returning
PAT11402,Male,0,Bengaluru,2022-02-04,Returning
PAT11703,Male,40,Vijayawada,2023-11-16,Returning
PAT02620,Male,50,Bengaluru,2025-04-27,Returning
PAT08452,Male,13,Bengaluru,2025-01-25,Returning
PAT10803,Male,84,Warangal,2026-07-28,New
PAT03551,Female,21,Secunderabad,2025-08-19,New
PAT00047,Male,41,Secunderabad,2025-04-21,New
PAT00512,Female,45,Bengaluru,2025-07-01,Returning
PAT02617,Male,17,Vijayawada,2025-08-04,Returning
PAT03959,Male,15,Chennai,2025-07-01,New
PAT14521,Male,65,Hyderabad,2025-05-10,New
PAT13702,Male,58,Hyderabad,2025-08-12,Returning
PAT06922,Male,70,Hyderabad,2025-04-10,Returning
PAT09149,Female,53,Hyderabad,2025-02-25,Returning
PAT13869,Female,43,Secunderabad,2024-08-21,Returning
PAT14017,Male,5,Chennai,2023-06-20,Returning
PAT09017,Female,50,Hyderabad,2025-07-14,Returning
PAT10561,Female,50,Hyderabad,2025-12-05,New
PAT13466,Male,52,Hyderabad,2026-03-16,Returning
PAT08521,Male,21,Hyderabad,2025-08-02,New
PAT03657,Female,45,Hyderabad,2025-03-01,Returning
PAT08730,Male,54,Secunderabad,2025-12-15,Returning
PAT01990,Male,18,Secunderabad,2025-11-04,Returning
PAT09973,Male,49,Hyderabad,2025-03-29,Returning
PAT03376,Female,83,Warangal,2025-01-17,Returning
PAT06312,Male,82,Hyderabad,2025-04-27,Returning
PAT11859,Female,44,Hyderabad,2025-12-19,Returning
PAT00136,Female,64,Secunderabad,2025-11-09,New
PAT00432,Male,13,Secunderabad,2025-09-28,New
PAT02936,Male,1,Warangal,2025-02-24,Returning
PAT09591,Female,64,Hyderabad,2025-07-26,New
PAT04296,Male,55,Hyderabad,2025-12-07,Returning
PAT14131,Male,12,Hyderabad,2024-10-23,Returning
PAT10981,Female,38,Chennai,2025-05-30,Returning
PAT01044,Male,32,Bengaluru,2025-05-10,Returning
PAT13953,Male,39,Hyderabad,2022-05-20,Returning
PAT01958,Male,42,Hyderabad,2025-09-10,Returning
PAT12986,Female,33,Hyderabad,2024-08-23,Returning
PAT01086,Male,77,Hyderabad,2025-03-01,New
PAT09452,Female,29,Hyderabad,2025-05-18,Returning
PAT02989,Female,51,Hyderabad,2025-01-08,Returning
PAT06606,Male,46,Bengaluru,2025-07-11,New
PAT09458,Female,58,Bengaluru,2025-09-26,New
PAT14327,Male,43,Bengaluru,2023-01-16,Returning
PAT08696,Male,63,Chennai,2025-04-18,Returning
PAT10435,Male,71,Hyderabad,2026-07-08,Returning
PAT05801,Male,41,Warangal,2025-07-27,Returning
PAT01352,Female,31,Hyderabad,2025-07-04,Returning
PAT10586,Female,89,Hyderabad,2024-07-20,New
PAT07922,Male,27,Hyderabad,2025-11-09,Returning
PAT01489,Male,52,Hyderabad,2025-11-04,Returning
PAT06845,Female,86,Hyderabad,2025-08-25,Returning
PAT04238,Female,59,Warangal,2025-05-22,New
PAT03922,Female,27,Secunderabad,2025-08-25,New
PAT02020,Female,49,Secunderabad,2025-11-23,Returning
PAT03022,Female,87,Hyderabad,2025-04-10,Returning
PAT09887,Female,90,Bengaluru,2025-11-28,Returning
PAT10741,Female,59,Hyderabad,2022-01-19,Returning
PAT00275,Male,53,Chennai,2025-04-16,New
PAT07202,Female,48,Secunderabad,2025-03-18,New
PAT05413,Female,22,Chennai,2025-09-10,Returning
PAT12189,Female,25,Bengaluru,2026-04-10,New
PAT00201,Female,48,Chennai,2025-08-09,Returning
PAT11735,Female,75,Hyderabad,2022-03-01,Returning
PAT05380,Female,1,Bengaluru,2025-05-31,Returning
PAT04095,Male,29,Secunderabad,2025-11-15,Returning
PAT05340,Female,34,Hyderabad,2025-07-11,Returning
PAT07832,Female,55,Secunderabad,2025-06-14,Returning
PAT02405,Male,49,Bengaluru,2025-11-28,Returning
PAT02440,Female,34,Bengaluru,2025-07-17,New
PAT06077,Female,70,Vijayawada,2025-05-15,New
PAT03335,Female,82,Hyderabad,2025-09-07,Returning
PAT12906,Female,25,Secunderabad,2024-02-01,New
PAT10191,Female,43,Warangal,2025-02-26,Returning
PAT03422,Male,38,Chennai,2025-02-02,New
PAT02819,Male,56,Chennai,2025-03-23,New
PAT08586,Female,31,Secunderabad,2025-11-21,Returning
PAT02999,Female,44,Secunderabad,2025-02-08,Returning
PAT08887,Male,37,Hyderabad,2025-03-08,New
PAT07448,Female,59,Hyderabad,2025-03-01,Returning
PAT00938,Other,55,Hyderabad,2025-06-06,New
PAT01905,Male,75,Secunderabad,2025-11-05,Returning
PAT05741,Female,1,Chennai,2025-09-22,New
PAT00834,Male,11,Hyderabad,2025-11-23,Returning
PAT12070,Male,60,Bengaluru,2024-10-01,New
PAT08381,Other,30,Chennai,2025-11-06,Returning
PAT09660,Female,53,Vijayawada,2025-07-16,Returning
PAT00873,Male,15,Hyderabad,2025-02-25,Returning
PAT10347,Male,47,Vijayawada,2025-08-18,Returning
PAT10219,Female,61,Vijayawada,2026-04-06,Returning
PAT03155,Female,14,Hyderabad,2025-11-23,New
PAT13730,Male,42,Hyderabad,2021-12-06,Returning
PAT01176,Female,36,Bengaluru,2025-10-07,Returning
PAT08391,Male,65,Warangal,2025-02-20,New
PAT10250,Female,42,Hyderabad,2026-05-11,Returning
PAT12822,Male,61,Bengaluru,2026-05-28,New
PAT09474,Male,38,Hyderabad,2025-08-14,New
PAT14824,Female,29,Hyderabad,2026-12-01,New
PAT07052,Female,60,Hyderabad,2025-05-09,Returning
PAT11382,Male,41,Warangal,2021-05-05,Returning
PAT01084,Male,57,Vijayawada,2025-01-11,New
PAT06134,Female,50,Bengaluru,2025-04-23,Returning
PAT12547,Female,27,Secunderabad,2024-08-21,New
PAT04270,Female,62,Secunderabad,2025-04-17,Returning
PAT02268,Female,57,Warangal,2025-05-23,New
PAT13783,Female,57,Hyderabad,2021-09-14,New
PAT08837,Male,22,Chennai,2025-05-23,Returning
PAT05744,Male,26,Hyderabad,2025-10-01,New
PAT04195,Female,33,Vijayawada,2025-12-08,Returning
PAT14990,Female,56,Warangal,2024-08-30,Returning
PAT07732,Female,80,Secunderabad,2025-12-13,New
PAT00412,Male,41,Hyderabad,2025-01-10,New
PAT01198,Male,31,Chennai,2025-03-06,Returning
PAT08658,Female,84,Secunderabad,2025-09-04,New
PAT09786,Female,50,Secunderabad,2025-03-23,Returning
PAT00430,Female,2,Chennai,2025-08-16,New
PAT12479,Female,81,Hyderabad,2025-05-09,New
PAT06923,Female,53,Chennai,2025-03-19,Returning
PAT05708,Female,70,Chennai,2025-12-27,Returning
PAT08100,Male,56,Hyderabad,2025-04-01,New
PAT04191,Female,43,Hyderabad,2025-05-29,Returning
PAT00721,Female,55,Hyderabad,2025-11-19,New
PAT05130,Female,41,Hyderabad,2025-09-30,New
PAT06635,Male,49,Vijayawada,2025-06-29,New
PAT10422,Female,45,Hyderabad,2023-11-30,Returning
PAT04437,Male,46,Warangal,2025-03-18,Returning
PAT08937,Male,33,Warangal,2025-03-02,New
PAT03834,Female,85,Bengaluru,2025-05-04,Returning
PAT08370,Male,55,Bengaluru,2025-04-23,Returning
PAT13033,Male,48,Bengaluru,2025-09-10,Returning
PAT10067,Female,43,Hyderabad,2026-01-16,Returning
PAT04706,Female,60,Secunderabad,2025-12-13,Returning
PAT07403,Male,25,Bengaluru,2025-11-13,New
PAT03882,Male,48,Chennai,2025-12-31,Returning
PAT01965,Male,47,Bengaluru,2025-02-13,Returning
PAT07269,Female,20,Secunderabad,2025-01-23,Returning
PAT06463,Male,7,Hyderabad,2025-07-15,Returning
PAT14610,Male,37,Vijayawada,2022-07-23,Returning
PAT03419,Female,63,Hyderabad,2025-05-23,New
PAT03026,Male,69,Hyderabad,2025-04-13,New
PAT14727,Male,25,Secunderabad,2023-03-13,New
PAT01327,Male,40,Hyderabad,2025-11-03,New
PAT04955,Male,16,Hyderabad,2025-03-31,Returning
PAT08831,Male,19,Hyderabad,2025-01-31,New
PAT08618,Female,17,Warangal,2025-08-11,Returning
PAT07182,Female,35,Hyderabad,2025-06-23,New
PAT06891,Female,38,Secunderabad,2025-03-09,Returning
PAT00300,Male,68,Bengaluru,2025-04-28,New
PAT08098,Male,29,Hyderabad,2025-12-03,New
PAT06159,Female,41,Secunderabad,2025-01-19,Returning
PAT08181,Male,58,Chennai,2025-11-19,Returning
PAT03017,Male,49,Hyderabad,2025-05-01,Returning
PAT04861,Male,45,Chennai,2025-08-27,New
PAT08740,Female,67,Chennai,2025-07-13,Returning
PAT10105,Female,56,Bengaluru,2024-02-06,Returning
PAT02537,Male,59,Hyderabad,2025-09-03,New
PAT10973,Male,0,Chennai,2025-12-15,New
PAT10906,Female,39,Secunderabad,2021-08-27,New
PAT01191,Male,58,Bengaluru,2025-05-31,Returning
PAT12322,Female,54,Secunderabad,2021-09-15,Returning
PAT12527,Male,45,Hyderabad,2022-12-26,New
PAT00120,Female,50,Vijayawada,2025-08-07,New
PAT13239,Female,71,Secunderabad,2021-03-15,Returning
PAT12888,Female,88,Chennai,2023-11-08,New
PAT14963,Male,5,Hyderabad,2022-02-28,Returning
PAT02715,Female,59,Bengaluru,2025-07-23,Returning
PAT01724,Male,50,Bengaluru,2025-12-15,Returning
PAT13045,Male,63,Hyderabad,2022-08-16,New
PAT06558,Male,49,Bengaluru,2025-12-06,New
PAT03315,Other,66,Bengaluru,2025-05-21,Returning
PAT08584,Female,24,Secunderabad,2025-05-27,Returning
PAT12532,Female,49,Vijayawada,2023-08-23,Returning
PAT09391,Female,58,Hyderabad,2025-07-05,Returning
PAT11973,Female,24,Bengaluru,2021-05-30,Returning
PAT03956,Female,48,Warangal,2025-09-19,Returning
PAT08094,Male,1,Hyderabad,2025-10-28,Returning
PAT07710,Male,36,Hyderabad,2025-10-16,Returning
PAT00377,Male,15,Hyderabad,2025-02-25,Returning
PAT13323,Female,67,Bengaluru,2024-07-31,New
PAT06823,Female,13,Hyderabad,2025-10-15,New
PAT00705,Female,39,Secunderabad,2025-04-12,Returning
PAT14016,Male,31,Vijayawada,2022-03-17,Returning
PAT11935,Other,60,Secunderabad,2025-04-22,Returning
PAT02349,Male,49,Hyderabad,2025-04-05,New
PAT07717,Male,44,Hyderabad,2025-07-08,New
PAT07502,Male,28,Bengaluru,2025-07-01,New
PAT10287,Female,95,Vijayawada,2025-03-07,New
PAT07771,Male,84,Secunderabad,2025-06-23,New
PAT10492,Female,0,Chennai,2025-07-18,New
PAT01451,Female,35,Hyderabad,2025-08-08,Returning
PAT05548,Female,42,Chennai,2025-01-31,New
PAT07338,Female,44,Hyderabad,2025-06-02,Returning
PAT04751,Female,73,Bengaluru,2025-12-12,Returning
PAT13458,Male,22,Warangal,2025-02-25,Returning
PAT10620,Male,28,Hyderabad,2022-02-18,Returning
PAT03979,Female,49,Hyderabad,2025-01-28,Returning
PAT14767,Female,25,Warangal,2024-03-27,New
PAT11064,Female,44,Chennai,2023-11-16,Returning
PAT07104,Female,71,Chennai,2025-10-12,Returning
PAT11445,Male,42,Chennai,2024-12-04,New
PAT04683,Male,46,Hyderabad,2025-09-22,Returning
PAT06177,Female,45,Chennai,2025-01-19,New
PAT03753,Male,88,Secunderabad,2025-08-05,Returning
PAT13112,Female,69,Hyderabad,2021-05-04,Returning
PAT01635,Female,6,Bengaluru,2025-02-26,New
PAT04354,Male,43,Vijayawada,2025-10-15,Returning
PAT03170,Female,64,Hyderabad,2025-12-18,Returning
PAT01431,Female,43,Hyderabad,2025-12-14,Returning
PAT04992,Male,42,Hyderabad,2025-08-12,Returning
PAT02311,Male,31,Secunderabad,2025-03-01,Returning
PAT03706,Female,15,Hyderabad,2025-10-13,New
PAT11995,Female,47,Bengaluru,2023-05-29,New
PAT13240,Female,4,Warangal,2023-08-01,Returning
PAT10235,Male,12,Hyderabad,2022-11-01,Returning
PAT11604,Female,29,Bengaluru,2021-07-06,New
PAT13188,Male,45,Warangal,2022-11-29,Returning
PAT04297,Female,75,Secunderabad,2025-05-05,Returning
PAT00034,Male,38,Vijayawada,2025-07-30,New
PAT02125,Female,4,Hyderabad,2025-02-23,Returning
PAT11038,Female,83,Bengaluru,2026-04-13,Returning
PAT03892,Male,36,Hyderabad,2025-04-24,Returning
PAT11360,Male,5,Hyderabad,2021-05-21,New
PAT03785,Female,63,Hyderabad,2025-11-01,Returning
PAT05479,Female,50,Hyderabad,2025-03-18,Returning
PAT03342,Female,37,Chennai,2025-03-07,Returning
PAT02808,Male,49,Hyderabad,2025-11-25,Returning
PAT08493,Female,74,Chennai,2025-06-16,Returning
PAT01298,Female,9,Hyderabad,2025-08-10,New
PAT06694,Male,52,Chennai,2025-11-22,New
PAT07230,Male,54,Hyderabad,2025-02-04,Returning
PAT11201,Male,46,Hyderabad,2025-08-13,New
PAT04747,Male,65,Hyderabad,2025-11-07,Returning
PAT00909,Female,90,Secunderabad,2025-12-26,Returning
PAT12172,Male,35,Hyderabad,2026-11-11,Returning
PAT10400,Female,41,Hyderabad,2024-07-30,Returning
PAT14498,Female,51,Warangal,2021-12-21,Returning
PAT10366,Female,33,Bengaluru,2022-11-17,Returning
PAT04192,Female,33,Chennai,2025-06-01,New
PAT14429,Male,43,Secunderabad,2021-01-07,New
PAT02555,Female,50,Hyderabad,2025-03-12,New
PAT07725,Female,65,Vijayawada,2025-06-26,New
PAT10925,Female,38,Chennai,2021-09-29,Returning
PAT04302,Female,40,Bengaluru,2025-08-18,New
PAT00112,Male,16,Vijayawada,2025-08-29,Returning
PAT03502,Female,26,Chennai,2025-08-10,Returning
PAT01702,Male,59,Hyderabad,2025-06-14,Returning
PAT01784,Male,32,Vijayawada,2025-09-14,Returning
PAT05398,Male,25,Bengaluru,2025-04-30,Returning
PAT02907,Male,49,Hyderabad,2025-12-12,Returning
PAT00979,Male,63,Hyderabad,2025-08-23,Returning
PAT03972,Female,90,Vijayawada,2025-01-07,Returning
PAT05272,Male,23,Hyderabad,2025-12-13,Returning
PAT03469,Female,62,Warangal,2025-08-22,Returning
PAT05370,Female,28,Hyderabad,2025-06-16,Returning
PAT09726,Female,7,Warangal,2025-03-27,New
PAT05332,Female,28,Hyderabad,2025-05-18,Returning
PAT10052,Male,35,Hyderabad,2023-10-24,Returning
PAT14598,Male,51,Hyderabad,2021-04-26,Returning
PAT02895,Male,8,Hyderabad,2025-08-11,Returning
PAT06456,Male,37,Chennai,2025-05-23,Returning
PAT09382,Male,15,Chennai,2025-07-07,Returning
PAT01409,Female,58,Chennai,2025-08-02,Returning
PAT02702,Female,42,Bengaluru,2025-02-12,New
PAT09261,Male,80,Hyderabad,2025-08-05,New
PAT10157,Male,56,Warangal,2022-02-04,Returning
PAT03102,Male,23,Chennai,2025-07-13,Returning
PAT08956,Male,11,Bengaluru,2025-11-11,Returning
PAT05373,Female,68,Hyderabad,2025-07-16,Returning
PAT12753,Male,44,Hyderabad,2026-12-24,Returning
PAT07742,Male,42,Warangal,2025-02-07,Returning
PAT03600,Female,22,Secunderabad,2025-05-08,Returning
PAT03690,Female,19,Hyderabad,2025-02-20,Returning
PAT07252,Female,64,Hyderabad,2025-06-05,Returning
PAT13488,Male,51,Chennai,2025-11-06,New
PAT08590,Female,82,Hyderabad,2025-10-01,New
PAT00397,Male,24,Vijayawada,2025-09-19,Returning
PAT14742,Male,59,Chennai,2024-08-26,Returning
PAT08030,Male,63,Hyderabad,2025-11-23,Returning
PAT02639,Male,13,Chennai,2025-05-09,Returning
PAT11568,Female,35,Hyderabad,2025-01-29,Returning
PAT05283,Male,9,Hyderabad,2025-11-30,Returning
PAT05035,Male,31,Warangal,2025-05-17,Returning
PAT10313,Female,53,Bengaluru,2022-11-30,New
PAT01600,Female,43,Hyderabad,2025-08-11,New
PAT08724,Male,20,Secunderabad,2025-11-09,Returning
PAT13843,Female,23,Hyderabad,2021-01-25,Returning
PAT00818,Male,60,Chennai,2025-08-11,New
PAT07206,Male,35,Bengaluru,2025-06-10,Returning
PAT06481,Male,1,Chennai,2025-08-26,Returning
PAT12275,Male,61,Hyderabad,2024-11-29,Returning
PAT04464,Male,42,Warangal,2025-12-27,Returning
PAT07493,Male,58,Secunderabad,2025-11-11,New
PAT04014,Female,74,Hyderabad,2025-09-08,New
PAT12935,Male,28,Secunderabad,2023-12-10,Returning
PAT05390,Female,36,Hyderabad,2025-11-05,Returning
PAT07766,Female,55,Bengaluru,2025-02-08,New
PAT14632,Female,87,Secunderabad,2021-12-07,Returning
PAT10789,Male,29,Hyderabad,2026-02-07,Returning
PAT00612,Male,16,Bengaluru,2025-07-12,Returning
PAT01513,Female,25,Hyderabad,2025-01-23,New
PAT11273,Female,55,Hyderabad,2021-01-05,Returning
PAT02560,Male,21,Chennai,2025-12-03,Returning
PAT09187,Female,48,Secunderabad,2025-03-17,Returning
PAT09282,Male,43,Vijayawada,2025-02-27,Returning
PAT13644,Female,8,Hyderabad,2022-02-20,Returning
PAT14537,Male,61,Bengaluru,2021-08-03,Returning
PAT02586,Male,46,Hyderabad,2025-12-09,New
PAT09856,Male,90,Chennai,2025-07-22,New
PAT07837,Female,40,Hyderabad,2025-07-31,Returning
PAT04448,Female,1,Hyderabad,2025-11-14,Returning
PAT04275,Male,37,Chennai,2025-06-21,Returning
PAT00764,Male,33,Chennai,2025-06-14,New
PAT02474,Male,41,Secunderabad,2025-03-22,Returning
PAT10154,Male,1,Hyderabad,2022-05-19,Returning
PAT05422,Male,44,Hyderabad,2025-11-16,Returning
PAT07321,Male,86,Hyderabad,2025-03-25,New
PAT09970,Female,67,Warangal,2025-01-13,New
PAT07586,Male,51,Hyderabad,2025-09-28,New
PAT03777,Male,52,Bengaluru,2025-01-08,Returning
PAT07723,Female,47,Vijayawada,2025-06-03,Returning
PAT08014,Male,12,Hyderabad,2025-10-02,Returning
PAT01622,Female,18,Secunderabad,2025-08-07,Returning
PAT13635,Male,53,Chennai,2023-10-12,Returning
PAT03945,Male,43,Bengaluru,2025-08-25,Returning
PAT06163,Male,37,Secunderabad,2025-12-09,Returning
PAT03070,Female,30,Hyderabad,2025-09-20,Returning
PAT12873,Female,20,Hyderabad,2024-05-10,Returning
PAT06509,Female,68,Vijayawada,2025-09-27,Returning
PAT04975,Female,63,Bengaluru,2025-03-24,Returning
PAT14321,Male,66,Hyderabad,2024-07-26,Returning
PAT13247,Male,38,Chennai,2024-03-04,Returning
PAT07518,Female,48,Hyderabad,2025-10-10,Returning
PAT06992,Male,29,Hyderabad,2025-01-30,Returning
PAT05045,Female,16,Hyderabad,2025-02-25,Returning
PAT04527,Male,3,Secunderabad,2025-05-21,Returning
PAT02535,Male,47,Hyderabad,2025-03-04,Returning
PAT11433,Female,46,Hyderabad,2026-10-29,New
PAT06914,Male,25,Hyderabad,2025-12-09,Returning
PAT07170,Female,88,Warangal,2025-09-14,Returning
PAT14420,Male,42,Hyderabad,2023-05-27,Returning
PAT03276,Female,40,Secunderabad,2025-07-29,Returning
PAT00654,Female,1,Hyderabad,2025-11-15,Returning
PAT04305,Male,51,Bengaluru,2025-06-24,New
PAT12396,Female,57,Secunderabad,2022-07-08,Returning
PAT06880,Female,69,Hyderabad,2025-04-25,Returning
PAT14951,Female,33,Secunderabad,2022-05-12,Returning
PAT13791,Female,65,Hyderabad,2023-12-11,New
PAT11468,Female,20,Chennai,2022-07-23,New
PAT03252,Female,49,Bengaluru,2025-08-19,New
PAT14513,Male,21,Bengaluru,2025-11-21,Returning
PAT13718,Female,27,Secunderabad,2024-12-14,Returning
PAT00480,Female,59,Warangal,2025-05-31,New
PAT09190,Female,36,Hyderabad,2025-02-11,New
PAT05903,Other,28,Hyderabad,2025-07-11,New
PAT05658,Female,2,Hyderabad,2025-01-09,New
PAT00104,Female,21,Warangal,2025-03-10,Returning
PAT01158,Male,38,Warangal,2025-04-14,Returning
PAT01384,Female,90,Secunderabad,2025-08-22,New
PAT11846,Male,70,Bengaluru,2021-05-11,Returning
PAT04289,Male,40,Hyderabad,2025-11-25,Returning
PAT10130,Female,38,Hyderabad,2021-05-17,Returning
PAT07413,Male,40,Secunderabad,2025-11-02,Returning
PAT02997,Female,48,Bengaluru,2025-06-27,New
PAT03088,Male,77,Secunderabad,2025-11-17,Returning
PAT00648,Female,57,Chennai,2025-10-13,Returning
PAT07294,Male,60,Hyderabad,2025-08-27,Returning
PAT08052,Male,45,Warangal,2025-12-18,New
PAT08427,Male,26,Secunderabad,2025-02-26,Returning
PAT08120,Male,33,Secunderabad,2025-11-09,Returning
PAT01458,Male,48,Hyderabad,2025-01-19,Returning
PAT11711,Female,47,Chennai,2021-08-25,New
PAT13545,Female,50,Hyderabad,2024-03-11,Returning
PAT10292,Female,47,Vijayawada,2023-02-06,New
PAT13319,Male,26,Hyderabad,2023-08-12,New
PAT13780,Female,33,Secunderabad,2026-04-16,Returning
PAT13272,Female,66,Warangal,2026-04-20,Returning
PAT13628,Male,17,Bengaluru,2021-01-31,Returning
PAT02615,Female,63,Chennai,2025-07-20,Returning
PAT00544,Female,75,Bengaluru,2025-11-04,Returning
PAT13200,Female,12,Bengaluru,2025-01-18,Returning
PAT10429,Female,54,Hyderabad,2024-02-16,Returning
PAT03406,Male,41,Hyderabad,2025-09-10,Returning
PAT11083,Male,49,Hyderabad,2026-06-25,Returning
PAT03261,Male,26,Bengaluru,2025-12-24,New
PAT11953,Female,43,Warangal,2024-08-30,Returning
PAT03185,Female,45,Bengaluru,2025-04-23,New
PAT00742,Male,44,Chennai,2025-03-20,Returning
PAT11356,Male,65,Hyderabad,2025-11-10,New
PAT05362,Female,77,Chennai,2025-08-07,New
PAT07457,Male,29,Vijayawada,2025-09-04,New
PAT08650,Male,46,Hyderabad,2025-11-20,New
PAT02145,Female,25,Warangal,2025-10-18,Returning
PAT01881,Female,1,Hyderabad,2025-09-25,Returning
PAT11072,Male,32,Hyderabad,2026-05-14,New
PAT03692,Male,48,Warangal,2025-09-08,Returning
PAT12141,Male,38,Bengaluru,2026-07-24,Returning
PAT00334,Female,52,Bengaluru,2025-01-29,Returning
PAT13672,Male,33,Hyderabad,2025-12-21,Returning
PAT02287,Female,35,Secunderabad,2025-02-22,Returning
PAT09843,Male,56,Hyderabad,2025-03-19,Returning
PAT00715,Male,1,Vijayawada,2025-05-22,Returning
PAT02993,Male,82,Hyderabad,2025-09-08,Returning
PAT13857,Female,62,Hyderabad,2024-04-04,New
PAT05904,Male,90,Hyderabad,2025-01-11,New
PAT14133,Female,63,Hyderabad,2025-09-29,Returning
PAT11108,Female,27,Warangal,2026-09-18,New
PAT04817,Other,34,Hyderabad,2025-12-06,New
PAT10632,Female,46,Vijayawada,2021-09-26,New
PAT04230,Female,12,Bengaluru,2025-07-06,Returning
PAT08983,Male,53,Secunderabad,2025-09-29,Returning
PAT13187,Male,29,Chennai,2026-10-09,Returning
PAT09530,Male,36,Secunderabad,2025-10-02,Returning
PAT11773,Male,37,Secunderabad,2023-12-08,Returning
PAT00840,Female,20,Warangal,2025-02-04,Returning
PAT12645,Female,29,Hyderabad,2026-07-23,New
PAT10676,Female,47,Chennai,2025-06-17,Returning
PAT13652,Male,32,Hyderabad,2026-09-05,New
PAT06546,Male,38,Bengaluru,2025-11-05,Returning
PAT12450,Male,0,Chennai,2026-05-22,Returning
PAT05728,Male,76,Warangal,2025-01-25,Returning
PAT11031,Male,62,Chennai,2022-12-08,Returning
PAT08603,Male,20,Secunderabad,2025-08-25,Returning
PAT07730,Male,58,Vijayawada,2025-02-28,New
PAT14454,Female,38,Secunderabad,2021-06-02,New
PAT00745,Female,71,Secunderabad,2025-02-15,Returning
PAT01966,Female,49,Vijayawada,2025-03-25,Returning
PAT05427,Female,18,Chennai,2025-07-08,New
PAT06193,Female,73,Vijayawada,2025-12-30,New
PAT01143,Female,35,Chennai,2025-12-08,Returning
PAT11734,Female,51,Chennai,2022-05-16,Returning
PAT08661,Female,19,Chennai,2025-09-07,New
PAT11496,Male,51,Hyderabad,2024-09-26,Returning
PAT14478,Male,66,Warangal,2022-06-23,New
PAT14189,Male,44,Vijayawada,2025-01-13,Returning
PAT14549,Female,0,Hyderabad,2023-09-01,Returning
PAT09400,Female,44,Secunderabad,2025-09-03,Returning
PAT05943,Female,53,Chennai,2025-12-30,Returning
PAT07320,Male,42,Chennai,2025-12-17,New
PAT04768,Male,50,Hyderabad,2025-10-22,Returning
PAT00531,Male,47,Hyderabad,2025-04-14,New
PAT04101,Female,53,Warangal,2025-04-01,New
PAT04098,Female,67,Hyderabad,2025-02-23,Returning
PAT12890,Female,25,Hyderabad,2024-03-28,New
PAT06502,Male,69,Chennai,2025-02-12,New
PAT06026,Female,21,Chennai,2025-06-03,New
PAT09270,Male,8,Hyderabad,2025-07-06,New
PAT10578,Male,51,Hyderabad,2024-05-18,Returning
PAT05184,Female,57,Vijayawada,2025-12-23,Returning
PAT13617,Male,70,Chennai,2026-07-10,New
PAT05083,Female,44,Hyderabad,2025-12-08,New
PAT05767,Female,47,Bengaluru,2025-06-15,New
PAT04171,Female,47,Warangal,2025-10-19,Returning
PAT11573,Female,49,Secunderabad,2023-03-15,Returning
PAT12833,Male,52,Chennai,2025-02-22,New
PAT09314,Male,35,Secunderabad,2025-10-09,New
PAT07829,Male,47,Warangal,2025-01-01,New
PAT07629,Male,72,Chennai,2025-09-21,Returning
PAT12279,Male,36,Secunderabad,2022-04-19,Returning
PAT12552,Female,49,Bengaluru,2026-03-10,Returning
PAT12181,Male,47,Bengaluru,2024-01-26,Returning
PAT05590,Male,63,Hyderabad,2025-08-17,Returning
PAT06249,Female,15,Bengaluru,2025-12-19,Returning
PAT10391,Male,61,Bengaluru,2021-08-08,New
PAT02449,Female,33,Hyderabad,2025-07-31,Returning
PAT07757,Female,56,Hyderabad,2025-07-30,Returning
PAT09456,Male,65,Bengaluru,2025-08-16,New
PAT02118,Male,43,Chennai,2025-10-27,New
PAT11070,Male,95,Hyderabad,2021-09-24,New
PAT03636,Male,77,Hyderabad,2025-10-21,New
PAT02457,Male,35,Bengaluru,2025-02-18,New
PAT08626,Female,30,Warangal,2025-08-13,Returning
PAT01184,Female,51,Chennai,2025-08-02,Returning
PAT11159,Male,37,Hyderabad,2024-10-15,New
PAT06206,Female,27,Secunderabad,2025-08-07,Returning
PAT12503,Male,57,Hyderabad,2023-04-20,New
PAT04330,Female,66,Hyderabad,2025-10-18,Returning
PAT08150,Female,58,Vijayawada,2025-08-21,New
PAT04696,Male,42,Hyderabad,2025-06-04,New
PAT14115,Male,43,Bengaluru,2022-08-07,New
PAT13267,Male,95,Hyderabad,2022-11-08,Returning
PAT11792,Male,39,Chennai,2026-01-05,Returning
PAT04046,Male,44,Bengaluru,2025-11-06,New
PAT07062,Female,63,Secunderabad,2025-09-18,Returning
PAT04740,Male,73,Bengaluru,2025-05-21,Returning
PAT03546,Male,68,Hyderabad,2025-12-26,New
PAT12683,Male,41,Hyderabad,2024-12-21,New
PAT00622,Female,36,Hyderabad,2025-02-24,Returning
PAT08642,Female,48,Hyderabad,2025-09-23,Returning
PAT09800,Female,57,Secunderabad,2025-04-30,Returning
PAT05938,Male,69,Bengaluru,2025-01-28,New
PAT13194,Female,38,Hyderabad,2023-01-06,Returning
PAT04815,Male,42,Secunderabad,2025-02-27,Returning
PAT02445,Male,11,Bengaluru,2025-06-03,Returning
PAT10511,Male,45,Hyderabad,2021-03-21,Returning
PAT09310,Female,38,Hyderabad,2025-06-27,Returning
PAT07992,Female,14,Hyderabad,2025-01-30,New
PAT13370,Male,19,Bengaluru,2021-04-10,Returning
PAT05655,Female,16,Hyderabad,2025-03-29,Returning
PAT14378,Female,3,Chennai,2023-11-01,New
PAT10711,Male,46,Secunderabad,2022-01-29,Returning
PAT07221,Male,84,Hyderabad,2025-05-03,New
PAT08803,Female,58,Hyderabad,2025-11-28,Returning
PAT13723,Female,47,Chennai,2024-07-21,Returning
PAT00186,Female,60,Chennai,2025-09-29,Returning
PAT14816,Female,37,Hyderabad,2026-07-22,New
PAT12706,Female,36,Hyderabad,2024-02-20,New
PAT14627,Male,55,Secunderabad,2026-08-15,Returning
PAT08927,Male,75,Chennai,2025-09-01,Returning
PAT09779,Male,32,Hyderabad,2025-08-19,Returning
PAT02910,Male,33,Hyderabad,2025-01-09,Returning
PAT03450,Female,16,Secunderabad,2025-05-07,New
PAT08725,Female,75,Warangal,2025-03-17,New
PAT11067,Male,69,Hyderabad,2023-01-19,Returning
PAT08305,Female,49,Bengaluru,2025-11-03,New
PAT12273,Male,40,Hyderabad,2023-11-03,New
PAT13116,Male,33,Hyderabad,2021-08-17,Returning
PAT14142,Male,23,Warangal,2021-07-19,Returning
PAT08170,Female,60,Bengaluru,2025-01-23,New
PAT09433,Male,36,Bengaluru,2025-01-19,Returning
PAT12368,Female,28,Hyderabad,2025-02-27,New
PAT13825,Male,30,Hyderabad,2022-06-03,Returning
PAT12633,Male,89,Chennai,2026-06-10,Returning
PAT03895,Female,39,Hyderabad,2025-04-16,Returning
PAT14662,Female,54,Bengaluru,2023-04-24,New
PAT06696,Female,38,Secunderabad,2025-05-14,Returning
PAT12267,Male,15,Bengaluru,2024-11-19,New
PAT00677,Female,53,Warangal,2025-10-23,Returning
PAT10314,Female,27,Hyderabad,2023-04-26,Returning
PAT13049,Female,33,Chennai,2022-12-07,New
PAT09405,Male,37,Chennai,2025-10-17,Returning
PAT00922,Male,46,Chennai,2025-11-14,Returning
PAT07999,Male,65,Hyderabad,2025-08-27,Returning
PAT01183,Male,20,Secunderabad,2025-02-11,Returning
PAT07504,Male,18,Hyderabad,2025-04-13,New
PAT07277,Female,39,Chennai,2025-01-21,Returning
PAT03752,Male,65,Hyderabad,2025-11-21,Returning
PAT00222,Male,74,Hyderabad,2025-11-30,New
PAT00559,Female,49,Bengaluru,2025-02-16,New
PAT11420,Female,70,Secunderabad,2024-08-02,Returning
PAT01328,Female,33,Hyderabad,2025-06-20,Returning
PAT07177,Female,50,Hyderabad,2025-07-10,Returning
PAT09341,Male,90,Vijayawada,2025-06-14,New
PAT11022,Male,14,Chennai,2025-03-13,New
PAT04983,Female,10,Hyderabad,2025-09-30,New
PAT11244,Male,28,Hyderabad,2022-11-24,New
PAT10372,Male,65,Bengaluru,2026-11-13,New
PAT13991,Other,40,Hyderabad,2022-07-22,Returning
PAT03060,Female,44,Secunderabad,2025-01-02,New
PAT02332,Female,14,Chennai,2025-09-07,New
PAT04375,Male,20,Chennai,2025-03-23,New
PAT08268,Male,34,Hyderabad,2025-11-23,Returning
PAT11994,Male,57,Chennai,2023-11-15,Returning
PAT00579,Male,70,Hyderabad,2025-05-25,New
PAT10320,Female,48,Warangal,2021-09-08,Returning
PAT14165,Female,54,Bengaluru,2025-12-03,Returning
PAT13469,Male,63,Warangal,2025-06-02,New
PAT11441,Female,59,Hyderabad,2024-04-24,New
PAT13262,Female,81,Secunderabad,2024-04-11,Returning
PAT01666,Male,53,Hyderabad,2025-08-10,New
PAT04016,Male,39,Vijayawada,2025-07-17,New
PAT06322,Male,26,Secunderabad,2025-02-17,New
PAT04520,Other,14,Vijayawada,2025-01-02,New
PAT14029,Female,91,Vijayawada,2024-04-26,Returning
PAT00725,Male,42,Hyderabad,2025-07-23,New
PAT08035,Male,42,Chennai,2025-10-08,Returning
PAT04915,Female,42,Chennai,2025-10-01,New
PAT11639,Female,49,Secunderabad,2024-12-29,Returning
PAT01154,Female,82,Bengaluru,2025-06-15,New
PAT09390,Female,20,Chennai,2025-01-05,New
PAT12382,Male,63,Chennai,2022-09-29,Returning
PAT04329,Female,55,Hyderabad,2025-02-13,Returning
PAT00448,Female,53,Chennai,2025-10-14,Returning
PAT01792,Male,30,Hyderabad,2025-09-20,New
PAT13593,Male,50,Hyderabad,2023-10-20,Returning
PAT10200,Female,42,Hyderabad,2021-04-05,Returning
PAT11862,Male,0,Hyderabad,2026-07-15,Returning
PAT08511,Female,60,Bengaluru,2025-11-06,New
PAT00945,Male,46,Chennai,2025-02-18,Returning
PAT02169,Female,44,Secunderabad,2025-11-05,New
PAT05164,Female,53,Hyderabad,2025-02-14,New
PAT02334,Male,90,Warangal,2025-01-05,Returning
PAT13251,Female,25,Chennai,2026-01-13,Returning
PAT00876,Male,57,Secunderabad,2025-11-19,Returning
PAT13470,Female,75,Hyderabad,2022-07-03,Returning
PAT05752,Male,26,Warangal,2025-06-21,New
PAT06096,Male,49,Bengaluru,2025-12-02,Returning
PAT14179,Male,41,Bengaluru,2026-11-19,New
PAT01316,Female,33,Bengaluru,2025-07-15,Returning
PAT10521,Female,27,Hyderabad,2025-08-30,New
PAT08138,Male,79,Chennai,2025-03-04,New
PAT09071,Male,53,Vijayawada,2025-12-18,New
PAT04844,Female,51,Hyderabad,2025-01-10,Returning
PAT12038,Female,32,Warangal,2024-10-15,New
PAT13939,Female,71,Hyderabad,2023-10-13,New
PAT06561,Male,21,Hyderabad,2025-01-19,Returning
PAT12812,Male,0,Hyderabad,2023-09-04,Returning
PAT03990,Male,67,Hyderabad,2025-03-11,Returning
PAT03860,Other,67,Hyderabad,2025-08-22,Returning
PAT10605,Female,0,Bengaluru,2026-10-27,Returning
PAT05737,Female,50,Hyderabad,2025-01-26,Returning
PAT13817,Female,55,Hyderabad,2024-04-11,Returning
PAT02901,Female,39,Vijayawada,2025-06-08,Returning
PAT02134,Female,22,Bengaluru,2025-05-12,Returning
PAT10006,Male,46,Chennai,2026-11-28,Returning
PAT06408,Male,63,Hyderabad,2025-01-27,Returning
PAT01627,Male,51,Chennai,2025-11-10,New
PAT14335,Female,8,Hyderabad,2021-10-18,New
PAT10932,Other,45,Hyderabad,2022-02-25,Returning
PAT01238,Male,42,Secunderabad,2025-12-16,Returning
PAT11497,Female,29,Secunderabad,2024-07-10,Returning
PAT05776,Female,36,Secunderabad,2025-05-31,Returning
PAT09884,Male,53,Hyderabad,2025-11-20,New
PAT09516,Female,44,Hyderabad,2025-10-10,New
PAT11138,Female,19,Secunderabad,2026-01-23,Returning
PAT10964,Male,28,Hyderabad,2025-09-07,New
PAT07151,Male,67,Chennai,2025-11-20,Returning
PAT08986,Male,47,Hyderabad,2025-08-14,Returning
PAT01356,Male,36,Bengaluru,2025-08-31,Returning
PAT00980,Female,22,Hyderabad,2025-12-08,Returning
PAT07253,Male,58,Bengaluru,2025-09-07,Returning
PAT01098,Female,43,Chennai,2025-04-05,New
PAT04685,Other,37,Hyderabad,2025-06-27,Returning
PAT01019,Female,53,Bengaluru,2025-06-02,Returning
PAT05861,Male,14,Hyderabad,2025-07-16,Returning
PAT13253,Female,4,Hyderabad,2024-08-09,Returning
PAT01706,Female,54,Hyderabad,2025-05-20,New
PAT03108,Female,27,Hyderabad,2025-09-28,New
PAT09301,Male,27,Chennai,2025-07-26,Returning
PAT07863,Male,34,Bengaluru,2025-05-22,Returning
PAT13350,Male,49,Hyderabad,2022-02-09,Returning
PAT10769,Male,59,Secunderabad,2022-04-17,Returning
PAT02076,Female,49,Vijayawada,2025-01-04,New
PAT09895,Male,34,Hyderabad,2025-10-22,Returning
PAT05628,Male,53,Bengaluru,2025-03-01,Returning
PAT03211,Male,44,Warangal,2025-07-01,Returning
PAT13020,Female,6,Bengaluru,2024-12-10,Returning
PAT06088,Male,48,Bengaluru,2025-04-03,New
PAT10837,Male,66,Bengaluru,2024-06-08,New
PAT10568,Female,69,Warangal,2023-08-01,Returning
PAT02068,Female,87,Hyderabad,2025-10-26,New
PAT01509,Male,90,Chennai,2025-10-03,New
PAT10884,Female,80,Warangal,2022-05-31,Returning
PAT09996,Female,55,Warangal,2025-11-07,New
PAT09262,Female,17,Secunderabad,2025-04-02,Returning
PAT01567,Male,36,Hyderabad,2025-08-13,Returning
PAT08169,Female,24,Warangal,2025-02-26,Returning
PAT06693,Female,20,Bengaluru,2025-03-31,Returning
PAT01603,Male,40,Bengaluru,2025-10-05,New
PAT00322,Female,31,Secunderabad,2025-10-10,New
PAT09459,Female,72,Warangal,2025-01-30,Returning
PAT10473,Female,21,Bengaluru,2023-04-10,Returning
PAT03464,Male,42,Bengaluru,2025-03-05,Returning
PAT14983,Male,52,Chennai,2026-10-10,Returning
PAT06336,Female,34,Hyderabad,2025-02-20,Returning
PAT10256,Female,39,Chennai,2026-06-21,New
PAT04150,Male,47,Chennai,2025-11-17,New
PAT08012,Male,55,Chennai,2025-04-28,Returning
PAT03438,Female,25,Secunderabad,2025-03-07,New
PAT05285,Female,48,Hyderabad,2025-10-09,Returning
PAT11934,Female,35,Hyderabad,2023-08-24,Returning
PAT11848,Female,14,Warangal,2026-06-05,Returning
PAT00264,Male,54,Hyderabad,2025-05-03,Returning
PAT13260,Male,20,Secunderabad,2025-03-13,New
PAT03284,Female,53,Hyderabad,2025-06-09,Returning
PAT08731,Female,49,Chennai,2025-08-23,Returning
PAT14979,Male,30,Chennai,2024-08-23,New
PAT09965,Male,32,Hyderabad,2025-11-25,Returning
PAT03489,Other,23,Bengaluru,2025-04-02,New
PAT12296,Male,33,Hyderabad,2025-12-31,New
PAT06108,Male,46,Hyderabad,2025-01-25,Returning
PAT07145,Male,33,Hyderabad,2025-02-10,Returning
PAT08325,Male,73,Secunderabad,2025-10-27,Returning
PAT12566,Male,63,Warangal,2022-04-23,New
PAT00132,Female,43,Chennai,2025-01-25,Returning
PAT05013,Female,55,Bengaluru,2025-02-23,New
PAT14529,Female,55,Hyderabad,2023-06-12,New
PAT12425,Female,47,Hyderabad,2021-08-25,New
PAT05598,Male,51,Chennai,2025-05-17,Returning
PAT10335,Male,4,Hyderabad,2023-03-06,Returning
PAT13651,Female,32,Chennai,2024-08-07,Returning
PAT02092,Female,57,Hyderabad,2025-08-08,New
PAT13477,Female,50,Vijayawada,2025-03-05,Returning
PAT07972,Male,25,Bengaluru,2025-01-30,Returning
PAT11683,Male,65,Hyderabad,2025-12-16,Returning
PAT01025,Female,6,Chennai,2025-01-13,Returning
PAT09724,Male,32,Bengaluru,2025-02-04,New
PAT05153,Female,36,Hyderabad,2025-10-27,Returning
PAT13158,Female,50,Chennai,2023-03-02,Returning
PAT12236,Male,55,Secunderabad,2021-04-26,New
PAT11629,Female,41,Warangal,2026-06-09,Returning
PAT12488,Female,10,Secunderabad,2022-01-10,Returning
PAT09418,Male,50,Chennai,2025-06-26,Returning
PAT10026,Female,77,Vijayawada,2026-09-04,New
PAT10665,Male,34,Vijayawada,2024-11-18,Returning
PAT13335,Female,17,Chennai,2023-05-31,New
PAT14453,Female,87,Hyderabad,2025-11-18,Returning
PAT06835,Female,17,Secunderabad,2025-12-23,New
PAT05748,Female,38,Bengaluru,2025-02-03,New
PAT00111,Female,36,Warangal,2025-01-29,Returning
PAT02443,Male,19,Warangal,2025-07-11,Returning
PAT09689,Male,35,Chennai,2025-06-26,New
PAT02523,Male,35,Vijayawada,2025-07-31,Returning
PAT08747,Female,41,Chennai,2025-10-06,New
PAT12120,Female,72,Warangal,2026-07-27,New
PAT11649,Male,67,Warangal,2021-08-12,Returning
PAT09702,Female,40,Bengaluru,2025-04-11,Returning
PAT04396,Female,49,Vijayawada,2025-01-14,New
PAT10848,Female,56,Vijayawada,2024-10-10,New
PAT12402,Male,50,Chennai,2021-11-04,Returning
PAT12746,Male,21,Bengaluru,2026-08-20,Returning
PAT05072,Male,54,Hyderabad,2025-04-01,Returning
PAT00968,Male,1,Secunderabad,2025-08-03,New
PAT12632,Female,52,Chennai,2023-02-06,Returning
PAT01946,Female,43,Hyderabad,2025-05-19,Returning
PAT12829,Other,7,Bengaluru,2025-06-19,Returning
PAT04088,Female,26,Hyderabad,2025-01-09,New
PAT00096,Male,58,Hyderabad,2025-08-08,Returning
PAT03644,Female,42,Bengaluru,2025-06-28,Returning
PAT07774,Female,50,Bengaluru,2025-01-11,Returning
PAT02612,Female,36,Hyderabad,2025-07-09,Returning
PAT12517,Female,53,Hyderabad,2021-03-23,Returning
PAT08889,Female,19,Secunderabad,2025-07-17,Returning
PAT00220,Male,61,Hyderabad,2025-04-08,Returning
PAT03904,Male,1,Secunderabad,2025-01-27,Returning
PAT00060,Male,78,Hyderabad,2025-04-25,Returning
PAT14033,Female,62,Hyderabad,2022-01-14,Returning
PAT02549,Female,62,Chennai,2025-01-25,New
PAT03194,Male,38,Hyderabad,2025-10-14,New
PAT13315,Female,45,Chennai,2024-06-25,Returning
PAT07387,Female,58,Hyderabad,2025-03-02,New
PAT06441,Female,42,Bengaluru,2025-01-22,New
PAT07915,Female,20,Bengaluru,2025-10-31,Returning
PAT06934,Other,16,Hyderabad,2025-09-08,Returning
PAT00462,Female,89,Chennai,2025-01-17,New
PAT12691,Male,67,Hyderabad,2023-07-23,New
PAT03661,Female,47,Hyderabad,2025-07-10,Returning
PAT09386,Male,34,Hyderabad,2025-05-29,New
PAT14820,Male,41,Hyderabad,2022-09-01,Returning
PAT12359,Female,46,Hyderabad,2022-09-15,Returning
PAT07811,Female,47,Secunderabad,2025-07-11,Returning
PAT10969,Male,3,Secunderabad,2022-11-03,New
PAT04765,Male,30,Bengaluru,2025-07-13,Returning
PAT03117,Female,16,Secunderabad,2025-04-26,Returning
PAT00399,Male,27,Warangal,2025-05-25,Returning
PAT03596,Male,1,Warangal,2025-06-17,New
PAT13250,Male,72,Hyderabad,2026-08-10,Returning
PAT13173,Female,81,Hyderabad,2022-11-14,Returning
PAT02376,Male,15,Warangal,2025-02-18,Returning
PAT05550,Male,36,Bengaluru,2025-04-24,Returning
PAT09539,Female,48,Hyderabad,2025-08-06,Returning
PAT12587,Male,49,Hyderabad,2023-01-04,Returning
PAT10293,Male,19,Hyderabad,2026-03-13,Returning
PAT02875,Male,52,Hyderabad,2025-11-04,New
PAT05815,Male,67,Hyderabad,2025-07-27,Returning
PAT06423,Male,9,Chennai,2025-02-26,New
PAT12862,Male,32,Hyderabad,2022-03-03,Returning
PAT08472,Female,81,Bengaluru,2025-08-29,New
PAT00331,Male,66,Hyderabad,2025-08-28,New
PAT01787,Male,45,Hyderabad,2025-09-29,New
PAT00813,Female,61,Hyderabad,2025-01-13,Returning
PAT01979,Female,46,Hyderabad,2025-09-30,New
PAT14888,Female,95,Hyderabad,2022-02-11,Returning
PAT00614,Female,60,Hyderabad,2025-07-13,New
PAT01283,Female,40,Bengaluru,2025-10-19,Returning
PAT07347,Female,62,Hyderabad,2025-09-18,New
PAT13184,Male,14,Hyderabad,2022-01-03,Returning
PAT05675,Male,24,Bengaluru,2025-07-07,New
PAT08766,Male,13,Chennai,2025-09-16,Returning
PAT04418,Female,33,Hyderabad,2025-03-06,New
PAT06006,Female,51,Chennai,2025-12-05,New
PAT08628,Female,20,Hyderabad,2025-04-14,New
PAT12072,Male,49,Hyderabad,2025-02-26,New
PAT03614,Male,53,Chennai,2025-05-14,New
PAT14253,Male,60,Hyderabad,2022-09-30,Returning
PAT08210,Male,54,Hyderabad,2025-03-06,Returning
PAT08407,Male,38,Bengaluru,2025-03-05,Returning
PAT12265,Male,31,Hyderabad,2023-11-11,New
PAT11234,Female,59,Bengaluru,2023-02-08,New
PAT04490,Male,48,Secunderabad,2025-09-10,New
PAT03572,Female,14,Bengaluru,2025-08-03,Returning
PAT10939,Female,56,Chennai,2026-06-15,New
PAT03129,Female,64,Secunderabad,2025-07-27,Returning
PAT11853,Female,26,Hyderabad,2023-09-22,Returning
PAT04257,Female,83,Vijayawada,2025-03-19,Returning
PAT14891,Male,92,Chennai,2024-03-03,Returning
PAT02030,Other,24,Bengaluru,2025-04-27,New
PAT07121,Male,44,Secunderabad,2025-04-24,New
PAT05014,Female,56,Hyderabad,2025-01-23,New
PAT12510,Male,76,Bengaluru,2023-05-04,New
PAT03485,Female,90,Hyderabad,2025-01-04,Returning
PAT12301,Female,13,Vijayawada,2024-07-31,New
PAT00336,Female,20,Hyderabad,2025-03-19,Returning
PAT12801,Female,29,Chennai,2026-12-14,Returning
PAT04281,Male,72,Bengaluru,2025-05-06,Returning
PAT02693,Male,1,Secunderabad,2025-01-04,Returning
PAT07959,Female,45,Chennai,2025-02-26,Returning
PAT07768,Female,42,Warangal,2025-08-18,New
PAT07349,Male,31,Secunderabad,2025-02-16,Returning
PAT12461,Female,53,Bengaluru,2022-01-26,Returning
PAT10680,Male,49,Chennai,2025-12-24,New
PAT02996,Male,23,Hyderabad,2025-07-01,New
PAT14020,Male,35,Secunderabad,2026-04-17,New
PAT03223,Female,24,Bengaluru,2025-11-24,New
PAT09056,Male,81,Bengaluru,2025-06-08,Returning
PAT11059,Female,54,Vijayawada,2024-11-22,Returning
PAT02665,Female,54,Secunderabad,2025-12-10,New
PAT06803,Female,1,Hyderabad,2025-03-26,Returning
PAT03693,Female,23,Vijayawada,2025-09-08,Returning
PAT08283,Male,21,Hyderabad,2025-12-17,Returning
PAT01732,Female,81,Vijayawada,2025-12-11,Returning
PAT02623,Female,42,Bengaluru,2025-01-06,New
PAT03835,Male,28,Warangal,2025-08-18,Returning
PAT04140,Male,1,Secunderabad,2025-10-12,Returning
PAT08583,Male,61,Secunderabad,2025-09-19,Returning
PAT02799,Male,48,Hyderabad,2025-11-22,Returning
PAT12980,Female,24,Chennai,2023-04-27,Returning
PAT06907,Male,90,Bengaluru,2025-12-25,New
PAT01167,Female,67,Hyderabad,2025-04-28,Returning
PAT01452,Male,43,Bengaluru,2025-07-07,Returning
PAT07370,Female,30,Hyderabad,2025-07-21,Returning
PAT04780,Female,52,Hyderabad,2025-10-29,New
PAT11190,Female,67,Bengaluru,2021-11-12,New
PAT08741,Female,68,Chennai,2025-04-19,Returning
PAT11301,Female,72,Chennai,2022-03-04,Returning
PAT03679,Female,31,Hyderabad,2025-07-25,New
PAT08814,Female,62,Hyderabad,2025-10-14,New
PAT01944,Female,9,Hyderabad,2025-04-22,Returning
PAT11160,Male,38,Chennai,2022-11-28,Returning
PAT06188,Male,62,Chennai,2025-06-21,Returning
PAT06187,Male,49,Secunderabad,2025-09-05,Returning
PAT10900,Female,7,Secunderabad,2022-03-17,Returning
PAT01348,Male,47,Hyderabad,2025-12-02,Returning
PAT02975,Male,58,Hyderabad,2025-10-25,Returning
PAT03888,Female,45,Hyderabad,2025-12-10,Returning
PAT10371,Male,29,Chennai,2021-03-25,Returning
PAT05166,Male,26,Hyderabad,2025-06-06,New
PAT14682,Male,31,Secunderabad,2025-10-04,Returning
PAT01209,Male,55,Secunderabad,2025-07-07,New
PAT12069,Male,37,Hyderabad,2022-08-17,Returning
PAT00425,Female,44,Chennai,2025-05-02,Returning
PAT00555,Male,20,Chennai,2025-10-15,Returning
PAT01955,Female,36,Hyderabad,2025-08-26,Returning
PAT07653,Male,46,Hyderabad,2025-12-09,Returning
PAT11779,Male,0,Vijayawada,2022-11-24,Returning
PAT01512,Female,66,Bengaluru,2025-09-29,Returning
PAT05310,Female,13,Hyderabad,2025-10-03,Returning
PAT09627,Female,62,Hyderabad,2025-06-23,Returning
PAT08881,Female,53,Hyderabad,2025-09-13,Returning
PAT11757,Male,24,Chennai,2023-09-01,Returning
PAT03430,Male,37,Bengaluru,2025-06-23,New
PAT12795,Female,69,Vijayawada,2023-11-17,New
PAT08736,Female,70,Chennai,2025-05-12,Returning
PAT03515,Male,23,Hyderabad,2025-12-28,Returning
PAT10159,Other,13,Hyderabad,2023-12-30,Returning
PAT05513,Female,17,Hyderabad,2025-10-16,New
PAT14111,Male,40,Bengaluru,2022-09-10,New
PAT02597,Male,82,Secunderabad,2025-04-27,Returning
PAT07226,Female,53,Warangal,2025-03-14,Returning
PAT00574,Female,8,Warangal,2025-04-26,Returning
PAT12663,Other,43,Warangal,2022-05-10,Returning
PAT07002,Female,56,Bengaluru,2025-07-22,New
PAT11653,Female,31,Chennai,2021-05-16,New
PAT03951,Male,1,Hyderabad,2025-08-01,New
PAT03708,Male,38,Hyderabad,2025-05-21,Returning
PAT11542,Female,46,Chennai,2026-09-26,New
PAT12357,Male,28,Vijayawada,2022-03-06,Returning
PAT05569,Male,61,Bengaluru,2025-12-10,Returning
PAT05596,Female,71,Hyderabad,2025-04-04,Returning
PAT01584,Male,65,Hyderabad,2025-06-14,Returning
PAT00069,Female,47,Hyderabad,2025-12-12,New
PAT08402,Male,28,Warangal,2025-12-14,Returning
PAT11954,Male,38,Hyderabad,2025-12-02,Returning
PAT10207,Male,61,Chennai,2023-12-14,New
PAT03270,Male,64,Vijayawada,2025-10-17,Returning
PAT09839,Other,41,Hyderabad,2025-01-18,Returning
PAT02456,Female,32,Chennai,2025-05-28,Returning
PAT01596,Female,11,Hyderabad,2025-01-03,New
PAT10370,Male,50,Hyderabad,2021-05-07,Returning
PAT04680,Male,38,Secunderabad,2025-09-13,New
PAT08028,Female,90,Warangal,2025-09-02,Returning
PAT04609,Male,65,Chennai,2025-12-22,Returning
PAT11011,Male,14,Chennai,2024-10-24,New
PAT05814,Male,64,Hyderabad,2025-03-22,Returning
PAT00246,Female,21,Hyderabad,2025-03-29,Returning
PAT03426,Male,81,Chennai,2025-05-30,Returning
PAT04721,Female,5,Hyderabad,2025-07-20,New
PAT03618,Male,16,Vijayawada,2025-09-14,Returning
PAT04129,Female,1,Hyderabad,2025-10-08,New
PAT04803,Male,57,Vijayawada,2025-06-18,Returning
PAT10109,Female,37,Bengaluru,2022-11-11,Returning
PAT10684,Female,28,Hyderabad,2021-04-05,Returning
PAT06714,Female,35,Chennai,2025-12-14,Returning
PAT00674,Male,45,Bengaluru,2025-11-22,Returning
PAT05939,Female,40,Hyderabad,2025-04-22,Returning
PAT12823,Female,52,Hyderabad,2022-04-18,Returning
PAT10452,Male,43,Hyderabad,2023-06-15,Returning
PAT07579,Male,40,Bengaluru,2025-09-05,Returning
PAT13093,Female,39,Hyderabad,2024-05-04,New
PAT11659,Female,40,Bengaluru,2025-12-08,New
PAT12114,Male,25,Warangal,2023-08-27,Returning
PAT02426,Other,18,Warangal,2025-11-11,Returning
PAT04462,Female,41,Chennai,2025-08-07,Returning
PAT13449,Male,25,Chennai,2024-11-12,Returning
PAT10261,Female,32,Secunderabad,2023-11-19,Returning
PAT14305,Male,12,Secunderabad,2024-02-06,Returning
PAT09919,Male,27,Hyderabad,2025-09-09,New
PAT11320,Female,82,Hyderabad,2024-07-12,Returning
PAT13989,Female,82,Hyderabad,2026-03-22,Returning
PAT03462,Female,25,Secunderabad,2025-06-25,Returning
PAT09678,Male,24,Hyderabad,2025-12-06,Returning
PAT14813,Male,12,Hyderabad,2024-03-13,Returning
PAT14687,Female,46,Warangal,2026-02-03,Returning
PAT04924,Male,87,Bengaluru,2025-03-17,New
PAT14801,Male,39,Hyderabad,2024-04-20,Returning
PAT05564,Female,45,Vijayawada,2025-04-13,Returning
PAT02037,Female,7,Hyderabad,2025-10-26,Returning
PAT11879,Male,2,Hyderabad,2023-08-21,New
PAT05837,Female,38,Bengaluru,2025-08-14,Returning
PAT03016,Male,56,Chennai,2025-12-05,Returning
PAT13775,Female,28,Bengaluru,2021-06-11,New
PAT12599,Female,46,Hyderabad,2025-08-18,New
PAT01428,Female,47,Hyderabad,2025-03-26,New
PAT03503,Male,79,Hyderabad,2025-08-11,Returning
PAT07536,Female,54,Hyderabad,2025-05-25,Returning
PAT09981,Female,90,Bengaluru,2025-05-06,Returning
PAT13754,Male,62,Secunderabad,2026-07-02,Returning
PAT13012,Female,0,Chennai,2022-02-23,Returning
PAT01414,Female,5,Chennai,2025-10-30,New
PAT00115,Male,55,Hyderabad,2025-10-15,Returning
PAT08006,Female,54,Chennai,2025-09-04,New
PAT10389,Female,69,Secunderabad,2024-09-17,Returning
PAT00231,Female,66,Hyderabad,2025-02-23,New
PAT09060,Female,28,Hyderabad,2025-01-25,New
PAT04111,Male,33,Chennai,2025-12-22,New
PAT10421,Male,34,Hyderabad,2023-05-07,Returning
PAT02747,Male,24,Warangal,2025-06-02,New
PAT11288,Male,71,Vijayawada,2025-07-14,New
PAT04668,Male,54,Hyderabad,2025-11-09,New
PAT01521,Male,90,Hyderabad,2025-03-18,Returning
PAT08975,Female,35,Hyderabad,2025-01-20,Returning
PAT14707,Male,39,Hyderabad,2025-06-03,New
PAT00215,Male,29,Bengaluru,2025-08-29,Returning
PAT14110,Female,57,Chennai,2025-11-18,Returning
PAT07597,Male,61,Bengaluru,2025-06-03,Returning
PAT13607,Female,51,Hyderabad,2025-12-19,Returning
PAT14788,Female,57,Bengaluru,2022-12-08,New
PAT13886,Female,42,Hyderabad,2023-07-22,Returning
PAT02488,Male,53,Bengaluru,2025-05-19,Returning
PAT08073,Female,1,Hyderabad,2025-12-28,New
PAT12480,Male,90,Hyderabad,2025-02-01,New
PAT02183,Female,40,Bengaluru,2025-01-09,Returning
PAT05997,Male,29,Secunderabad,2025-09-17,Returning
PAT12556,Male,26,Warangal,2024-02-06,New
PAT06335,Male,85,Vijayawada,2025-01-10,Returning
PAT11498,Other,65,Bengaluru,2022-10-27,Returning
PAT03300,Male,63,Chennai,2025-03-13,Returning
PAT05441,Male,90,Vijayawada,2025-01-25,Returning
PAT06152,Male,53,Chennai,2025-07-12,New
PAT06522,Female,55,Bengaluru,2025-04-07,New
PAT13678,Female,57,Hyderabad,2024-06-20,Returning
PAT04345,Female,73,Secunderabad,2025-03-03,Returning
PAT06602,Female,50,Hyderabad,2025-02-22,Returning
PAT04044,Male,50,Hyderabad,2025-03-02,Returning
PAT11417,Female,95,Secunderabad,2026-07-22,Returning
PAT10008,Male,32,Hyderabad,2026-11-09,Returning
PAT04065,Male,37,Secunderabad,2025-02-14,Returning
PAT14643,Female,16,Chennai,2024-12-26,New
PAT09807,Male,54,Secunderabad,2025-10-01,New
PAT01499,Female,56,Hyderabad,2025-05-13,New
PAT06555,Male,36,Secunderabad,2025-07-27,New
PAT10063,Male,50,Hyderabad,2024-02-27,Returning
PAT09521,Female,41,Hyderabad,2025-07-21,New
PAT12597,Male,89,Hyderabad,2025-10-23,Returning
PAT13581,Female,27,Hyderabad,2022-09-07,Returning
PAT06622,Female,54,Secunderabad,2025-10-30,Returning
PAT07880,Female,17,Bengaluru,2025-04-30,New
PAT11789,Male,27,Hyderabad,2024-02-09,Returning
PAT02056,Male,34,Chennai,2025-01-26,Returning
PAT14361,Female,29,Hyderabad,2024-09-06,Returning
PAT02059,Male,24,Warangal,2025-08-21,Returning
PAT12379,Female,39,Chennai,2026-05-24,New
PAT09647,Male,57,Chennai,2025-07-23,Returning
PAT04430,Female,60,Chennai,2025-02-17,Returning
PAT06927,Female,59,Bengaluru,2025-08-08,Returning
PAT09736,Other,48,Secunderabad,2025-04-24,New
PAT14763,Male,35,Warangal,2025-06-09,Returning
PAT03324,Male,52,Hyderabad,2025-06-01,Returning
PAT06114,Male,49,Secunderabad,2025-05-24,Returning
PAT13762,Male,16,Hyderabad,2024-10-16,Returning
PAT00484,Male,60,Bengaluru,2025-03-04,New
PAT05383,Male,43,Chennai,2025-11-04,Returning
PAT11255,Female,52,Chennai,2021-09-22,Returning
PAT02994,Female,70,Bengaluru,2025-03-18,Returning
PAT06505,Female,1,Bengaluru,2025-02-09,Returning
PAT12738,Female,43,Chennai,2023-09-07,Returning
PAT14835,Female,57,Hyderabad,2023-07-25,Returning
PAT09280,Male,54,Hyderabad,2025-08-23,Returning
PAT04731,Female,54,Secunderabad,2025-09-18,New
PAT11682,Male,54,Hyderabad,2024-04-23,New
PAT06129,Female,53,Secunderabad,2025-11-16,Returning
PAT02047,Male,31,Hyderabad,2025-09-06,Returning
PAT05460,Female,37,Hyderabad,2025-06-11,Returning
PAT11840,Male,72,Secunderabad,2021-01-06,Returning
PAT14768,Female,57,Secunderabad,2023-08-19,Returning
PAT13948,Male,49,Secunderabad,2023-06-10,Returning
PAT06850,Male,66,Bengaluru,2025-03-02,Returning
PAT04661,Male,59,Chennai,2025-03-13,Returning
PAT13580,Male,39,Hyderabad,2026-08-06,Returning
PAT02348,Male,41,Bengaluru,2025-01-26,Returning
PAT11110,Male,38,Hyderabad,2026-01-19,Returning
PAT07696,Male,14,Hyderabad,2025-11-03,Returning
PAT08727,Female,46,Hyderabad,2025-10-03,New
PAT05583,Female,59,Hyderabad,2025-05-28,Returning
PAT10408,Male,50,Bengaluru,2021-06-11,Returning
PAT14934,Female,56,Vijayawada,2024-01-20,Returning
PAT09788,Female,62,Bengaluru,2025-10-17,Returning
PAT01415,Female,74,Chennai,2025-12-24,Returning
PAT00500,Male,31,Secunderabad,2025-10-10,New
PAT00669,Female,5,Hyderabad,2025-04-03,Returning
PAT12594,Male,33,Bengaluru,2024-07-02,Returning
PAT12157,Male,78,Hyderabad,2023-11-16,Returning
PAT04686,Male,72,Hyderabad,2025-08-07,Returning
PAT07293,Male,25,Warangal,2025-03-10,New
PAT04476,Female,70,Chennai,2025-12-10,Returning
PAT02486,Female,46,Bengaluru,2025-10-03,Returning
PAT06351,Female,35,Hyderabad,2025-01-18,Returning
PAT11358,Female,55,Vijayawada,2025-12-29,Returning
PAT00304,Female,46,Chennai,2025-07-20,Returning
PAT04660,Male,50,Vijayawada,2025-04-29,Returning
PAT01704,Male,90,Hyderabad,2025-08-09,New
PAT03756,Female,48,Hyderabad,2025-01-10,Returning
PAT11893,Female,19,Warangal,2022-08-27,New
PAT07508,Female,77,Chennai,2025-02-19,New
PAT10451,Female,37,Hyderabad,2022-05-02,Returning
PAT05924,Male,72,Secunderabad,2025-06-27,Returning
