staff_id,attendance_date,shift,attendance_status,hours_worked,overtime_hours
STF0232,2026-08-25,Morning,Work From Home,7.0,0.0
STF0054,2026-07-28,Morning,Present,7.9,0.0
STF0155,2026-07-29,Evening,Present,7.9,1.8
STF0135,2026-08-06,Morning,Present,7.4,0.0
STF0004,2026-08-11,Morning,Present,8.0,0.4
STF0309,2026-08-25,Evening,Present,9.3,0.0
STF0104,2026-07-07,Morning,Leave,0.0,0.0
STF0225,2026-07-29,Evening,Present,7.2,1.6
STF0060,2026-08-13,Morning,Present,7.9,1.9
STF0115,2026-07-31,Morning,Present,7.8,0.4
STF0058,2026-08-19,Evening,Present,7.9,0.0
STF0286,2026-08-19,Morning,Present,8.6,0.0
STF0475,2025-11-22,Morning,Present,9.0,0.0
STF0324,2026-08-13,Evening,Present,7.9,2.8
STF0336,2026-07-30,Morning,Leave,0.0,0.0
STF0205,2026-07-24,Night,Present,9.0,2.3
STF0071,2026-07-31,Morning,Work From Home,7.8,0.6
STF0086,2026-07-17,Night,Present,7.5,1.2
STF0495,2024-08-28,Evening,Present,9.0,2.1
STF0251,2026-08-15,Morning,Present,8.5,0.0
STF0302,2026-07-10,Morning,Present,8.9,0.0
STF0327,2026-08-10,Morning,Present,8.6,0.1
STF0283,2026-08-15,Morning,Present,7.9,1.7
STF0294,2026-07-31,Morning,Present,7.5,0.6
STF0386,2021-11-03,Night,Present,8.2,1.3
STF0025,2026-08-19,Morning,Leave,0.0,0.0
STF0213,2026-08-06,Morning,Present,7.7,0.0
STF0170,2026-07-14,Evening,Present,8.2,0.0
STF0024,2026-07-19,Morning,Present,8.4,1.6
STF0247,2026-07-30,Night,Present,8.1,0.7
STF0222,2026-07-04,Morning,Present,8.7,0.0
STF0289,2026-08-26,Morning,Present,8.5,0.0
STF0154,2026-08-12,Morning,Present,7.6,0.0
STF0018,2026-08-06,Night,Present,8.2,0.9
STF0264,2026-07-06,Morning,Absent,0.0,0.0
STF0016,2026-08-15,Evening,Present,9.0,0.5
STF0211,2026-07-17,Morning,Present,7.7,1.9
STF0049,2026-07-03,Evening,Present,7.7,0.0
STF0103,2026-08-20,Morning,Leave,0.0,0.0
STF0007,2026-07-24,Night,Present,8.0,1.3
STF0111,2026-07-24,Morning,Present,7.7,2.8
STF0455,2026-04-23,Morning,Present,7.4,1.0
STF0058,2026-07-24,Evening,Present,8.1,1.0
STF0285,2026-08-20,Night,Present,7.5,1.1
STF0415,2021-11-23,Night,Present,7.6,0.5
STF0053,2026-07-27,Night,Present,8.2,0.4
STF0138,2026-08-18,Evening,Present,9.3,3.1
STF0100,2026-07-03,Evening,Present,8.1,1.3
STF0043,2026-08-04,Evening,Absent,0.0,0.0
STF0076,2026-08-14,Morning,Present,8.1,0.3
STF0008,2026-07-04,Morning,Present,8.0,0.1
STF0313,2026-07-24,Morning,Present,8.1,0.0
STF0299,2026-07-31,Evening,Present,8.0,0.8
STF0299,2026-07-23,Morning,Present,7.0,1.2
STF0117,2026-07-26,Evening,Present,7.7,2.0
STF0158,2026-07-31,Morning,Leave,0.0,0.0
STF0156,2026-08-02,Night,Leave,0.0,0.0
STF0227,2026-07-06,Evening,Present,8.8,0.0
STF0225,2026-08-28,Morning,Leave,0.0,0.0
STF0251,2026-08-14,Evening,Present,7.7,0.0
STF0489,2022-08-12,Morning,Present,7.3,1.3
STF0041,2026-08-28,Morning,Present,8.6,2.2
STF0195,2026-08-28,Evening,Present,7.9,0.0
STF0130,2026-07-14,Evening,Present,9.1,1.5
STF0337,2026-08-24,Night,Present,7.1,0.2
STF0212,2026-07-22,Night,Absent,0.0,0.0
STF0334,2026-08-06,Night,Present,7.8,0.0
STF0153,2026-07-27,Night,Present,7.9,0.0
STF0013,2026-07-16,Evening,Present,8.3,1.4
STF0427,2025-07-25,Morning,Present,8.1,0.6
STF0161,2026-07-11,Morning,Present,7.0,0.0
STF0061,2026-08-01,Morning,Present,9.2,1.2
STF0209,2026-07-17,Morning,Present,7.8,1.1
STF0119,2026-07-09,Evening,Present,9.0,2.8
STF0124,2026-08-21,Morning,Present,7.2,1.7
STF0176,2026-07-21,Evening,Present,8.1,0.0
STF0324,2026-08-26,Night,Present,9.2,0.0
STF0171,2026-07-17,Night,Present,7.8,0.8
STF0170,2026-08-08,Morning,Present,7.7,0.8
STF0149,2026-07-21,Evening,Leave,0.0,0.0
STF0235,2026-08-06,Evening,Present,9.4,1.1
STF0246,2026-08-17,Evening,Present,7.8,0.2
STF0464,2021-01-22,Evening,Present,7.9,0.0
STF0109,2026-08-29,Evening,Present,8.0,0.0
STF0260,2026-07-17,Night,Present,8.5,1.2
STF0113,2026-07-06,Night,Present,7.7,0.0
STF0061,2026-08-23,Morning,Present,8.1,1.6
STF0426,2026-07-14,Morning,Present,6.9,0.2
STF0282,2026-08-01,Morning,Present,7.9,0.0
STF0133,2026-08-05,Night,Present,8.1,2.8
STF0135,2026-07-18,Night,Present,7.8,1.7
STF0476,2026-07-02,Morning,Present,9.2,1.8
STF0190,2026-07-22,Night,Present,7.4,2.0
STF0115,2026-07-08,Morning,Present,7.9,0.7
STF0005,2026-07-08,Evening,Present,9.1,2.1
STF0111,2026-07-03,Night,Present,7.6,2.7
STF0047,2026-07-17,Morning,Leave,0.0,0.0
STF0057,2026-07-11,Morning,Present,7.2,1.7
STF0357,2026-01-20,Morning,Present,9.0,1.1
STF0113,2026-08-05,Night,Present,7.4,0.4
STF0024,2026-08-02,Morning,Present,8.4,1.6
STF0258,2026-08-10,Evening,Present,7.9,1.1
STF0290,2026-08-21,Night,Present,9.0,1.7
STF0255,2026-08-19,Morning,Present,8.4,0.5
STF0130,2026-07-16,Morning,Present,7.7,0.0
STF0130,2026-07-15,Morning,Present,8.2,0.7
STF0259,2026-08-25,Morning,Present,7.5,0.0
STF0246,2026-07-25,Night,Leave,0.0,0.0
STF0180,2026-07-10,Evening,Present,9.0,0.3
STF0060,2026-08-29,Evening,Present,7.9,2.9
STF0224,2026-07-27,Morning,Present,8.5,0.1
STF0035,2026-07-02,Evening,Present,8.3,0.8
STF0391,2023-01-05,Night,Present,7.8,0.4
STF0039,2026-07-11,Evening,Present,7.0,1.6
STF0401,2025-06-05,Morning,Present,8.4,1.4
STF0206,2026-07-25,Morning,Present,7.3,0.0
STF0087,2026-08-20,Morning,Present,9.2,0.3
STF0331,2026-07-25,Morning,Present,8.3,3.9
STF0078,2026-07-31,Night,Absent,0.0,0.0
STF0221,2026-07-28,Morning,Present,7.9,0.2
STF0055,2026-08-10,Morning,Present,8.6,0.1
STF0137,2026-07-18,Evening,Present,6.9,0.9
STF0358,2024-11-27,Evening,Present,7.9,0.0
STF0044,2026-07-09,Evening,Work From Home,8.1,1.6
STF0208,2026-08-19,Morning,Work From Home,7.4,0.5
STF0098,2026-07-09,Morning,Present,8.6,0.0
STF0193,2026-08-16,Morning,Present,7.0,0.0
STF0252,2026-08-03,Morning,Present,7.4,2.8
STF0088,2026-07-22,Morning,Present,8.5,0.0
STF0095,2026-07-24,Morning,Present,7.4,0.0
STF0039,2026-08-15,Night,Present,7.4,0.0
STF0232,2026-07-04,Morning,Present,8.5,1.8
STF0111,2026-08-26,Morning,Present,7.5,0.4
STF0050,2026-07-01,Evening,Present,8.8,5.7
STF0210,2026-08-19,Night,Present,8.5,3.1
STF0210,2026-07-15,Evening,Leave,0.0,0.0
STF0220,2026-07-29,Morning,Work From Home,8.0,0.0
STF0145,2026-07-31,Morning,Present,7.7,0.0
STF0332,2026-08-14,Evening,Present,8.7,0.6
STF0003,2026-07-15,Morning,Present,8.0,0.2
STF0248,2026-07-27,Morning,Present,7.6,1.2
STF0056,2026-07-22,Morning,Present,8.0,0.0
STF0127,2026-07-11,Evening,Present,7.4,0.0
STF0158,2026-08-18,Evening,Present,8.1,0.7
STF0118,2026-08-18,Evening,Present,8.0,1.0
STF0326,2026-08-10,Evening,Leave,0.0,0.0
STF0280,2026-07-13,Evening,Present,6.9,0.0
STF0474,2024-03-23,Evening,Present,7.6,1.5
STF0311,2026-08-20,Evening,Work From Home,8.2,1.2
STF0308,2026-08-24,Evening,Present,8.1,0.0
STF0247,2026-07-13,Evening,Leave,0.0,0.0
STF0146,2026-08-07,Morning,Present,6.8,0.9
STF0011,2026-08-10,Morning,Present,8.2,1.7
STF0294,2026-07-06,Night,Absent,0.0,0.0
STF0389,2026-06-25,Evening,Leave,0.0,0.0
STF0192,2026-07-21,Morning,Present,8.0,0.8
STF0174,2026-08-10,Night,Present,8.3,1.3
STF0027,2026-08-05,Morning,Leave,0.0,0.0
STF0486,2022-05-18,Morning,Present,8.4,3.1
STF0359,2025-02-26,Evening,Present,8.2,0.1
STF0108,2026-08-04,Evening,Present,8.3,0.0
STF0475,2025-10-19,Evening,Present,9.2,0.0
STF0247,2026-07-19,Morning,Present,7.6,3.3
STF0038,2026-08-05,Morning,Present,6.7,1.3
STF0007,2026-07-10,Evening,Present,8.1,3.3
STF0248,2026-07-14,Morning,Present,8.3,1.6
STF0316,2026-07-19,Evening,Present,8.0,0.0
STF0069,2026-08-21,Morning,Present,8.5,0.6
STF0473,2022-09-16,Morning,Present,8.6,1.4
STF0161,2026-07-20,Night,Present,6.8,1.3
STF0012,2026-07-29,Evening,Present,8.5,1.8
STF0263,2026-08-29,Night,Present,7.9,0.1
STF0060,2026-07-15,Morning,Present,6.8,2.7
STF0407,2023-04-27,Night,Present,8.7,1.0
STF0336,2026-08-20,Morning,Present,8.0,0.0
STF0169,2026-07-16,Evening,Present,7.7,0.0
STF0004,2026-07-20,Morning,Present,7.6,0.7
STF0288,2026-08-25,Evening,Present,9.1,0.0
STF0052,2026-07-31,Night,Work From Home,7.5,2.6
STF0354,2021-08-19,Morning,Present,7.1,0.3
STF0008,2026-08-24,Morning,Present,7.7,2.1
STF0172,2026-07-07,Night,Present,7.7,0.8
STF0124,2026-08-01,Evening,Present,8.1,1.1
STF0060,2026-08-23,Evening,Present,7.7,0.5
STF0127,2026-07-12,Morning,Work From Home,7.8,0.0
STF0316,2026-07-16,Evening,Present,8.3,1.2
STF0305,2026-08-08,Evening,Present,8.4,1.9
STF0156,2026-07-31,Evening,Leave,0.0,0.0
STF0092,2026-08-08,Morning,Present,8.0,0.3
STF0178,2026-08-11,Morning,Present,6.5,3.1
STF0094,2026-08-12,Evening,Present,7.9,0.2
STF0299,2026-08-13,Morning,Present,7.8,1.8
STF0336,2026-08-14,Morning,Present,8.0,0.6
STF0224,2026-08-10,Night,Present,7.6,0.7
STF0481,2026-08-07,Morning,Present,7.4,0.0
STF0027,2026-07-13,Night,Work From Home,8.3,0.0
STF0143,2026-08-18,Night,Leave,0.0,0.0
STF0307,2026-07-25,Morning,Present,8.3,0.0
STF0138,2026-07-24,Night,Present,7.8,2.0
STF0076,2026-07-29,Night,Present,7.5,0.0
STF0356,2026-08-10,Evening,Present,8.0,0.4
STF0290,2026-07-03,Morning,Present,7.6,3.1
STF0156,2026-07-03,Night,Present,9.1,1.6
STF0466,2022-04-18,Morning,Leave,0.0,0.0
STF0479,2023-02-06,Morning,Absent,0.0,0.0
STF0132,2026-08-25,Night,Present,8.4,1.0
STF0380,2021-05-31,Evening,Present,7.1,1.5
STF0423,2024-09-06,Night,Present,7.3,0.0
STF0296,2026-07-14,Evening,Work From Home,7.2,0.3
STF0136,2026-08-25,Morning,Present,8.5,0.0
STF0252,2026-07-24,Night,Present,7.6,0.3
STF0139,2026-08-01,Night,Present,7.6,0.5
STF0215,2026-08-08,Morning,Present,8.0,0.0
STF0227,2026-08-26,Morning,Present,8.9,0.2
STF0075,2026-07-06,Evening,Present,7.2,3.7
STF0393,2026-01-16,Morning,Present,7.7,0.0
STF0259,2026-07-09,Night,Present,8.8,1.7
STF0239,2026-08-08,Morning,Present,7.6,0.6
STF0070,2026-08-01,Evening,Leave,0.0,0.0
STF0183,2026-08-25,Evening,Present,8.1,1.9
STF0263,2026-08-13,Night,Present,7.2,0.9
STF0303,2026-08-01,Morning,Absent,0.0,0.0
STF0244,2026-07-08,Night,Present,8.9,1.8
STF0172,2026-07-13,Morning,Present,7.2,1.1
STF0026,2026-07-11,Morning,Present,8.1,0.5
STF0187,2026-08-03,Morning,Present,7.0,1.0
STF0292,2026-07-09,Morning,Present,8.2,2.4
STF0484,2023-08-21,Morning,Present,7.3,2.3
STF0494,2025-09-06,Morning,Present,9.4,0.0
STF0159,2026-07-24,Morning,Present,8.3,1.5
STF0282,2026-08-06,Morning,Leave,0.0,0.0
STF0494,2022-02-26,Morning,Present,9.3,1.0
STF0182,2026-08-14,Morning,Present,7.3,0.0
STF0436,2021-08-23,Morning,Present,8.3,0.6
STF0100,2026-08-29,Morning,Absent,0.0,0.0
STF0318,2026-07-04,Evening,Present,6.7,1.8
STF0354,2026-02-02,Evening,Present,9.7,0.9
STF0197,2026-08-12,Morning,Present,8.6,0.4
STF0133,2026-07-22,Evening,Present,8.7,1.1
STF0206,2026-07-31,Evening,Present,8.4,1.9
STF0009,2026-07-12,Evening,Present,7.5,3.3
STF0025,2026-07-18,Evening,Present,7.9,0.5
STF0372,2026-04-10,Evening,Present,7.5,0.0
STF0336,2026-08-29,Evening,Present,8.0,3.6
STF0311,2026-08-26,Night,Present,7.4,0.0
STF0499,2021-11-05,Morning,Present,9.0,0.4
STF0042,2026-08-24,Morning,Present,8.3,0.0
STF0012,2026-08-28,Evening,Present,9.2,3.1
STF0067,2026-07-10,Morning,Present,8.1,0.0
STF0157,2026-07-08,Night,Present,7.0,0.0
STF0036,2026-08-22,Morning,Work From Home,8.9,2.2
STF0124,2026-07-04,Morning,Leave,0.0,0.0
STF0141,2026-07-06,Morning,Present,7.7,0.8
STF0198,2026-07-23,Morning,Present,7.5,1.7
STF0289,2026-08-01,Morning,Absent,0.0,0.0
STF0010,2026-07-08,Evening,Present,7.5,0.8
STF0467,2025-10-09,Evening,Leave,0.0,0.0
STF0122,2026-08-12,Morning,Present,7.4,0.3
STF0260,2026-07-11,Evening,Work From Home,8.2,0.7
STF0214,2026-07-18,Night,Present,8.0,0.0
STF0140,2026-08-07,Night,Present,7.2,1.2
STF0123,2026-07-21,Morning,Present,8.4,0.7
STF0201,2026-07-14,Morning,Present,6.9,0.0
STF0075,2026-08-22,Evening,Leave,0.0,0.0
STF0275,2026-07-01,Morning,Present,9.2,0.8
STF0192,2026-08-29,Evening,Present,8.0,0.0
STF0071,2026-07-07,Evening,Present,8.4,0.0
STF0036,2026-08-11,Evening,Present,8.3,0.1
STF0181,2026-07-09,Morning,Absent,0.0,0.0
STF0127,2026-08-09,Morning,Present,7.4,0.0
STF0243,2026-08-25,Morning,Present,8.7,1.1
STF0018,2026-07-08,Morning,Present,7.9,0.9
STF0245,2026-08-14,Morning,Present,8.4,0.6
STF0009,2026-07-24,Night,Work From Home,8.4,2.1
STF0116,2026-07-22,Evening,Present,8.7,3.0
STF0149,2026-08-23,Evening,Absent,0.0,0.0
STF0146,2026-08-13,Evening,Present,8.1,0.0
STF0488,2023-01-17,Morning,Present,7.7,1.5
STF0046,2026-08-19,Morning,Present,7.5,1.9
STF0355,2022-03-16,Night,Present,9.1,1.8
STF0131,2026-07-05,Evening,Present,8.0,2.0
STF0339,2026-07-07,Morning,Present,7.4,0.6
STF0499,2023-02-27,Morning,Present,6.9,2.1
STF0198,2026-07-25,Night,Present,7.3,0.0
STF0050,2026-07-17,Night,Present,7.5,0.0
STF0098,2026-08-16,Morning,Present,6.7,0.0
STF0092,2026-07-12,Night,Present,8.1,0.0
STF0469,2024-02-02,Morning,Present,8.3,0.5
STF0466,2025-09-08,Morning,Present,7.3,1.2
STF0182,2026-08-28,Night,Present,8.4,1.9
STF0403,2026-11-04,Evening,Present,7.6,0.0
STF0038,2026-07-13,Evening,Present,8.1,0.8
STF0348,2022-09-06,Morning,Present,8.0,0.7
STF0445,2024-10-19,Night,Present,8.4,0.0
STF0144,2026-07-15,Night,Present,8.1,0.0
STF0038,2026-08-15,Evening,Present,7.9,0.0
STF0206,2026-07-23,Morning,Present,8.6,0.7
STF0179,2026-07-16,Evening,Present,7.5,0.7
STF0136,2026-08-14,Evening,Present,7.6,0.1
STF0001,2026-08-14,Night,Present,7.2,0.8
STF0390,2026-03-14,Evening,Present,7.9,1.7
STF0040,2026-08-18,Morning,Present,8.7,0.0
STF0199,2026-07-30,Night,Present,8.4,1.8
STF0073,2026-07-16,Morning,Present,7.8,2.0
STF0354,2026-04-19,Night,Present,8.2,1.2
STF0395,2022-05-31,Morning,Present,9.1,1.2
STF0115,2026-07-01,Evening,Present,7.7,0.0
STF0158,2026-07-02,Evening,Present,7.5,1.5
STF0334,2026-07-06,Morning,Present,7.2,0.0
STF0378,2021-09-28,Night,Present,7.3,0.5
STF0152,2026-08-13,Night,Present,8.6,0.6
STF0079,2026-08-16,Night,Present,7.4,3.2
STF0062,2026-08-14,Evening,Present,8.0,1.2
STF0026,2026-08-04,Morning,Present,8.4,1.0
STF0110,2026-08-12,Morning,Present,8.8,0.0
STF0086,2026-07-21,Evening,Work From Home,9.4,1.8
STF0327,2026-08-22,Morning,Present,7.5,2.5
STF0303,2026-07-13,Evening,Present,7.5,0.5
STF0307,2026-08-22,Morning,Present,8.4,1.1
STF0330,2026-07-22,Night,Present,8.3,0.9
STF0053,2026-07-13,Evening,Present,8.0,0.1
STF0194,2026-07-10,Evening,Present,7.1,0.6
STF0069,2026-07-31,Night,Present,9.0,1.6
STF0119,2026-07-19,Morning,Present,7.9,0.2
STF0049,2026-08-10,Morning,Leave,0.0,0.0
STF0241,2026-08-06,Morning,Present,8.2,2.5
STF0177,2026-08-08,Morning,Present,8.0,1.9
STF0284,2026-07-31,Night,Present,8.1,0.0
STF0328,2026-07-29,Morning,Present,7.4,1.4
STF0187,2026-07-01,Morning,Present,8.4,0.2
STF0209,2026-08-27,Night,Present,9.2,2.0
STF0491,2022-01-28,Night,Present,7.3,1.3
STF0247,2026-08-28,Morning,Present,8.2,1.0
STF0209,2026-07-27,Evening,Present,8.3,1.5
STF0086,2026-08-27,Evening,Present,8.1,0.0
STF0109,2026-07-21,Night,Leave,0.0,0.0
STF0231,2026-08-14,Night,Present,7.6,0.7
STF0161,2026-08-15,Evening,Absent,0.0,0.0
STF0103,2026-07-18,Morning,Present,9.6,2.2
STF0040,2026-07-12,Night,Present,7.7,0.0
STF0301,2026-07-31,Evening,Present,8.3,1.2
STF0106,2026-08-19,Morning,Present,8.5,1.0
STF0145,2026-07-18,Morning,Present,8.5,2.8
STF0319,2026-07-18,Night,Present,8.1,0.6
STF0466,2025-01-03,Morning,Absent,0.0,0.0
STF0179,2026-07-25,Morning,Present,8.9,0.3
STF0150,2026-07-08,Evening,Present,8.5,0.0
STF0303,2026-08-21,Morning,Present,9.3,1.0
STF0033,2026-08-28,Morning,Present,7.9,0.0
STF0410,2026-11-06,Morning,Leave,0.0,0.0
STF0261,2026-08-14,Night,Absent,0.0,0.0
STF0168,2026-08-14,Morning,Present,8.8,0.0
STF0054,2026-07-23,Evening,Present,7.5,0.5
STF0300,2026-07-03,Evening,Present,8.3,3.6
STF0129,2026-08-13,Morning,Present,7.6,0.0
STF0045,2026-07-23,Morning,Present,6.6,1.7
STF0306,2026-08-04,Evening,Present,7.6,0.7
STF0144,2026-08-01,Morning,Present,7.5,3.9
STF0185,2026-08-20,Evening,Present,7.8,0.0
STF0271,2026-08-05,Evening,Present,8.0,0.7
STF0273,2026-07-10,Night,Present,8.2,0.0
STF0209,2026-08-24,Morning,Present,7.4,1.0
STF0023,2026-07-09,Morning,Present,8.7,1.4
STF0145,2026-07-09,Night,Leave,0.0,0.0
STF0247,2026-07-05,Evening,Present,8.6,1.2
STF0264,2026-08-11,Night,Present,7.6,0.0
STF0364,2025-07-15,Morning,Present,8.4,0.5
STF0296,2026-08-13,Night,Present,7.8,0.0
STF0020,2026-08-22,Night,Absent,0.0,0.0
STF0116,2026-08-19,Evening,Present,7.6,0.0
STF0062,2026-08-26,Morning,Present,7.5,0.3
STF0210,2026-08-14,Morning,Present,8.2,0.0
STF0129,2026-08-27,Morning,Present,8.7,0.0
STF0183,2026-07-25,Morning,Present,7.7,0.9
STF0039,2026-08-22,Morning,Present,7.7,0.9
STF0340,2026-08-21,Morning,Present,8.2,0.7
STF0358,2025-09-06,Morning,Present,7.9,0.9
STF0035,2026-07-04,Evening,Present,7.9,1.1
STF0365,2025-09-21,Morning,Present,8.6,0.0
STF0110,2026-08-26,Night,Present,7.9,0.1
STF0283,2026-07-17,Morning,Present,8.7,0.2
STF0090,2026-07-28,Morning,Absent,0.0,0.0
STF0093,2026-08-27,Morning,Present,8.3,2.7
STF0280,2026-08-08,Evening,Absent,0.0,0.0
STF0238,2026-08-20,Morning,Present,7.0,0.9
STF0136,2026-08-18,Morning,Present,8.3,0.0
STF0308,2026-07-04,Morning,Present,9.1,0.0
STF0092,2026-07-14,Night,Present,9.3,1.7
STF0123,2026-07-01,Night,Present,7.0,0.0
STF0241,2026-07-28,Evening,Present,8.0,0.0
STF0442,2025-01-24,Night,Present,8.4,1.3
STF0067,2026-08-06,Morning,Work From Home,7.4,2.3
STF0481,2026-06-14,Morning,Present,7.4,0.0
STF0167,2026-07-31,Night,Present,7.9,0.3
STF0142,2026-07-27,Night,Present,7.4,1.6
STF0220,2026-08-19,Evening,Present,7.6,0.3
STF0128,2026-08-08,Evening,Present,9.5,0.1
STF0074,2026-07-07,Morning,Present,7.7,2.3
STF0033,2026-07-24,Evening,Present,8.8,2.5
STF0272,2026-07-28,Night,Present,9.0,0.1
STF0332,2026-07-05,Morning,Present,8.1,1.3
STF0334,2026-08-05,Evening,Present,7.4,2.4
STF0077,2026-08-21,Night,Present,8.3,0.6
STF0395,2025-08-18,Morning,Present,7.6,1.8
STF0219,2026-07-27,Night,Work From Home,8.5,2.1
STF0342,2024-04-02,Morning,Present,8.4,2.5
STF0252,2026-08-25,Morning,Present,7.4,0.0
STF0256,2026-07-03,Morning,Present,8.2,0.4
STF0334,2026-08-07,Evening,Present,7.5,0.0
STF0194,2026-07-07,Morning,Present,7.8,1.5
STF0328,2026-08-17,Morning,Present,8.2,0.8
STF0287,2026-07-15,Evening,Present,7.4,3.1
STF0263,2026-08-24,Evening,Present,7.7,1.2
STF0342,2022-05-20,Night,Present,7.9,2.3
STF0218,2026-07-10,Morning,Present,8.1,0.3
STF0105,2026-07-30,Evening,Present,9.0,1.3
STF0180,2026-07-07,Evening,Present,8.3,1.9
STF0348,2024-09-02,Night,Present,8.1,2.5
STF0099,2026-08-29,Morning,Present,8.6,0.0
STF0274,2026-07-10,Evening,Present,7.4,1.3
STF0439,2023-12-28,Morning,Present,7.2,2.0
STF0460,2021-12-02,Evening,Present,7.9,0.3
STF0172,2026-07-06,Evening,Present,7.4,2.7
STF0060,2026-08-11,Evening,Leave,0.0,0.0
STF0314,2026-08-04,Night,Present,8.4,4.4
STF0321,2026-07-24,Morning,Present,7.8,0.0
STF0281,2026-08-03,Night,Present,8.2,3.8
STF0027,2026-08-21,Morning,Present,7.7,0.6
STF0186,2026-07-08,Evening,Present,6.8,2.7
STF0277,2026-08-04,Morning,Present,7.2,0.6
STF0327,2026-08-04,Morning,Present,8.7,1.0
STF0400,2024-07-29,Night,Present,8.5,1.7
STF0177,2026-07-04,Morning,Present,8.6,1.3
STF0390,2022-01-21,Night,Present,8.1,1.6
STF0311,2026-08-21,Morning,Present,8.6,0.0
STF0056,2026-07-08,Evening,Present,8.5,0.0
STF0492,2025-11-03,Morning,Present,7.3,1.3
STF0083,2026-07-20,Morning,Present,7.3,0.0
STF0309,2026-08-12,Night,Present,8.5,0.0
STF0017,2026-07-12,Evening,Present,7.2,0.6
STF0341,2026-07-07,Morning,Present,7.1,1.8
STF0032,2026-07-03,Evening,Absent,0.0,0.0
STF0240,2026-08-06,Evening,Present,7.5,0.0
STF0140,2026-07-23,Morning,Present,7.0,1.2
STF0070,2026-08-29,Evening,Present,7.5,0.7
STF0247,2026-07-12,Evening,Present,6.9,0.0
STF0369,2022-10-05,Evening,Present,7.0,1.7
STF0226,2026-07-10,Morning,Leave,0.0,0.0
STF0071,2026-07-21,Morning,Leave,0.0,0.0
STF0318,2026-07-21,Evening,Present,7.0,0.7
STF0038,2026-07-10,Evening,Present,7.9,0.0
STF0340,2026-07-24,Morning,Present,8.4,0.1
STF0010,2026-08-15,Morning,Present,8.4,2.1
STF0148,2026-07-11,Evening,Present,7.1,1.2
STF0404,2026-11-18,Night,Present,8.5,1.9
STF0038,2026-08-16,Morning,Absent,0.0,0.0
STF0246,2026-08-04,Night,Present,8.3,1.0
STF0056,2026-08-28,Morning,Present,8.1,0.3
STF0069,2026-08-08,Night,Present,7.7,0.0
STF0450,2023-08-01,Night,Present,8.6,0.5
STF0135,2026-08-19,Night,Present,8.0,0.0
STF0322,2026-08-19,Morning,Present,7.5,0.0
STF0117,2026-08-15,Evening,Present,7.9,0.0
STF0180,2026-08-07,Morning,Present,7.2,0.3
STF0134,2026-07-20,Evening,Present,8.6,0.7
STF0226,2026-08-15,Night,Absent,0.0,0.0
STF0375,2024-12-07,Night,Present,7.7,0.7
STF0271,2026-07-31,Night,Present,6.9,1.4
STF0176,2026-07-25,Morning,Present,7.5,1.2
STF0488,2026-03-10,Night,Present,8.3,0.5
STF0276,2026-07-16,Night,Present,7.9,3.3
STF0324,2026-07-29,Evening,Present,7.5,1.2
STF0297,2026-07-09,Morning,Work From Home,8.9,1.4
STF0309,2026-08-17,Morning,Present,8.0,0.7
STF0397,2024-12-25,Evening,Present,7.2,1.0
STF0322,2026-08-14,Night,Present,8.6,0.0
STF0126,2026-08-19,Night,Present,7.3,0.6
STF0117,2026-08-28,Evening,Present,8.6,0.8
STF0237,2026-08-15,Morning,Present,8.1,1.3
STF0026,2026-07-13,Night,Present,8.9,1.4
STF0279,2026-08-17,Evening,Present,8.0,0.0
STF0184,2026-07-07,Night,Present,7.4,0.0
STF0105,2026-08-11,Morning,Present,7.6,2.2
STF0257,2026-08-07,Morning,Present,8.5,0.0
STF0010,2026-07-24,Morning,Present,7.3,0.0
STF0498,2021-04-10,Evening,Present,8.4,2.5
STF0427,2025-03-11,Night,Present,7.6,0.0
STF0421,2024-11-09,Night,Present,8.4,1.0
STF0130,2026-07-13,Morning,Present,8.2,1.1
STF0457,2021-11-12,Morning,Present,8.5,1.1
STF0341,2026-07-10,Evening,Present,7.6,0.2
STF0031,2026-07-16,Evening,Present,8.0,2.3
STF0391,2023-06-16,Morning,Present,8.7,1.0
STF0135,2026-07-04,Night,Present,7.0,2.1
STF0201,2026-07-22,Night,Present,7.2,0.3
STF0215,2026-08-05,Morning,Present,8.4,3.9
STF0205,2026-08-14,Evening,Present,8.7,0.2
STF0110,2026-08-22,Morning,Leave,0.0,0.0
STF0188,2026-08-10,Morning,Present,6.7,0.0
STF0442,2026-02-28,Night,Present,8.0,1.3
STF0288,2026-08-03,Morning,Present,7.9,2.5
STF0226,2026-08-01,Night,Present,6.8,0.6
STF0214,2026-08-07,Evening,Present,7.7,0.0
STF0222,2026-07-18,Morning,Present,7.0,0.7
STF0412,2026-07-29,Evening,Present,8.6,1.0
STF0410,2022-04-02,Evening,Present,8.2,0.0
STF0021,2026-07-28,Evening,Present,7.8,1.1
STF0221,2026-07-23,Evening,Present,7.7,0.0
STF0409,2021-04-29,Evening,Present,6.9,0.0
STF0018,2026-08-13,Evening,Present,8.5,0.0
STF0235,2026-08-07,Evening,Present,8.4,0.0
STF0232,2026-07-29,Night,Present,8.3,0.0
STF0200,2026-07-28,Morning,Present,7.7,2.4
STF0207,2026-07-27,Morning,Present,7.7,2.7
STF0097,2026-08-07,Morning,Present,8.4,0.3
STF0116,2026-08-12,Morning,Present,8.9,0.0
STF0358,2022-02-17,Morning,Leave,0.0,0.0
STF0130,2026-08-10,Night,Present,8.9,0.0
STF0290,2026-08-25,Evening,Present,7.5,0.6
STF0232,2026-08-10,Evening,Leave,0.0,0.0
STF0079,2026-08-24,Morning,Present,7.0,2.0
STF0157,2026-08-18,Morning,Present,8.0,0.3
STF0015,2026-07-27,Evening,Present,7.6,0.0
STF0022,2026-08-21,Morning,Present,7.7,0.0
STF0139,2026-07-27,Evening,Present,8.6,0.2
STF0100,2026-07-21,Evening,Present,7.7,1.4
STF0147,2026-07-27,Morning,Leave,0.0,0.0
STF0147,2026-08-06,Morning,Present,8.0,0.7
STF0239,2026-07-07,Morning,Present,7.1,0.0
STF0113,2026-07-15,Evening,Present,8.3,1.3
STF0080,2026-08-15,Evening,Present,7.5,1.8
STF0006,2026-08-15,Morning,Present,7.7,2.3
STF0109,2026-07-28,Evening,Present,8.2,0.0
STF0218,2026-08-03,Evening,Present,8.1,0.0
STF0229,2026-07-30,Evening,Present,7.8,1.1
STF0066,2026-08-03,Morning,Present,8.2,0.0
STF0222,2026-07-01,Morning,Present,7.7,2.0
STF0157,2026-07-25,Morning,Present,7.4,0.0
STF0220,2026-08-17,Morning,Present,8.8,0.0
STF0253,2026-08-27,Evening,Present,8.4,2.3
STF0171,2026-08-29,Morning,Present,7.9,2.2
STF0052,2026-08-11,Evening,Present,7.7,1.0
STF0242,2026-07-18,Morning,Present,8.4,0.6
STF0302,2026-08-19,Evening,Present,7.9,0.8
STF0111,2026-07-07,Morning,Present,8.3,0.0
STF0183,2026-08-19,Evening,Present,8.0,0.2
STF0486,2021-03-04,Night,Present,8.5,0.0
STF0235,2026-07-22,Morning,Present,8.2,1.0
STF0106,2026-08-07,Night,Present,8.2,2.9
STF0485,2023-11-08,Night,Present,9.1,0.6
STF0216,2026-08-14,Morning,Present,7.7,0.0
STF0081,2026-08-03,Evening,Present,8.2,1.9
STF0181,2026-07-20,Evening,Present,8.3,1.2
STF0166,2026-08-19,Morning,Present,8.0,2.4
STF0014,2026-08-02,Night,Present,8.0,0.3
STF0026,2026-07-04,Evening,Present,7.3,0.0
STF0285,2026-08-06,Evening,Present,7.8,1.5
STF0043,2026-07-17,Evening,Present,8.0,0.0
STF0284,2026-08-22,Evening,Present,8.0,0.0
STF0158,2026-07-27,Morning,Present,8.2,0.8
STF0295,2026-07-06,Morning,Present,7.8,2.3
STF0172,2026-08-19,Night,Present,8.4,1.1
STF0029,2026-07-05,Evening,Present,7.4,0.0
STF0221,2026-08-25,Morning,Present,7.6,3.0
STF0248,2026-08-15,Night,Present,8.7,0.3
STF0272,2026-08-26,Morning,Present,8.1,3.1
STF0034,2026-07-02,Evening,Present,8.1,0.0
STF0006,2026-08-11,Morning,Present,8.1,0.7
STF0310,2026-07-27,Night,Present,8.8,1.9
STF0183,2026-07-20,Evening,Present,8.2,1.4
STF0054,2026-08-12,Night,Leave,0.0,0.0
STF0082,2026-07-11,Morning,Present,7.5,1.9
STF0133,2026-07-25,Evening,Present,8.8,0.5
STF0153,2026-07-12,Evening,Present,8.3,1.2
STF0208,2026-08-16,Night,Present,7.3,1.7
STF0058,2026-08-22,Morning,Present,8.8,0.0
STF0199,2026-08-14,Evening,Present,7.8,0.0
STF0238,2026-08-14,Evening,Present,7.5,0.0
STF0248,2026-08-26,Night,Present,8.6,0.0
STF0081,2026-07-05,Night,Present,7.6,0.0
STF0080,2026-07-20,Evening,Present,7.4,0.0
STF0200,2026-07-27,Night,Present,8.8,0.0
STF0102,2026-07-12,Evening,Present,8.5,1.4
STF0176,2026-07-15,Morning,Present,7.9,0.0
STF0372,2024-09-19,Morning,Present,7.6,0.9
STF0177,2026-07-11,Morning,Present,8.0,1.2
STF0129,2026-07-29,Evening,Present,6.8,0.0
STF0447,2024-03-08,Evening,Present,7.6,0.7
STF0364,2021-12-06,Morning,Present,8.5,1.8
STF0147,2026-08-21,Morning,Present,8.4,0.0
STF0118,2026-08-15,Evening,Present,7.0,2.7
STF0210,2026-07-22,Night,Work From Home,8.2,0.7
STF0447,2024-08-06,Morning,Present,8.3,0.5
STF0052,2026-08-05,Morning,Present,8.2,2.4
STF0137,2026-07-14,Morning,Present,8.3,0.2
STF0412,2021-10-22,Morning,Present,7.5,0.0
STF0256,2026-07-09,Evening,Present,8.4,0.8
STF0055,2026-07-28,Morning,Present,7.9,0.4
STF0250,2026-08-17,Morning,Leave,0.0,0.0
STF0118,2026-08-21,Morning,Present,8.4,0.0
STF0292,2026-08-17,Morning,Present,7.9,2.3
STF0425,2025-10-22,Morning,Present,7.8,2.0
STF0184,2026-07-13,Evening,Present,8.8,0.8
STF0311,2026-07-23,Morning,Present,8.3,1.4
STF0224,2026-07-28,Night,Present,7.2,1.8
STF0019,2026-07-13,Night,Absent,0.0,0.0
STF0069,2026-07-02,Evening,Present,7.7,0.3
STF0275,2026-08-04,Morning,Present,7.6,0.0
STF0166,2026-07-27,Evening,Present,8.4,0.7
STF0115,2026-07-19,Evening,Leave,0.0,0.0
STF0178,2026-07-10,Evening,Present,8.1,0.0
STF0323,2026-07-06,Evening,Absent,0.0,0.0
STF0170,2026-08-07,Evening,Present,7.2,0.5
STF0253,2026-07-24,Night,Present,6.9,0.0
STF0391,2025-05-19,Morning,Present,7.7,0.5
STF0228,2026-08-08,Night,Present,9.0,1.2
STF0187,2026-08-12,Morning,Present,7.6,1.4
STF0145,2026-07-20,Morning,Absent,0.0,0.0
STF0331,2026-08-04,Evening,Absent,0.0,0.0
STF0336,2026-07-23,Morning,Present,8.9,1.1
STF0363,2022-11-10,Morning,Present,8.6,1.8
STF0105,2026-08-19,Morning,Present,9.1,0.1
STF0341,2026-07-02,Evening,Present,7.8,0.2
STF0088,2026-07-11,Night,Present,7.5,1.6
STF0340,2026-07-01,Evening,Present,8.4,3.5
STF0268,2026-07-23,Morning,Present,7.7,0.0
STF0145,2026-07-30,Night,Present,8.5,0.8
STF0416,2022-08-22,Night,Work From Home,8.4,1.7
STF0001,2026-08-04,Morning,Present,7.8,0.0
STF0215,2026-07-18,Morning,Present,8.0,1.3
STF0270,2026-08-15,Morning,Present,8.1,0.3
STF0307,2026-07-12,Morning,Present,7.4,0.0
STF0340,2026-08-03,Morning,Present,7.8,1.5
STF0339,2026-08-27,Morning,Work From Home,8.1,0.6
STF0296,2026-08-14,Evening,Present,7.7,2.8
STF0219,2026-07-28,Morning,Present,9.0,0.0
STF0267,2026-07-18,Evening,Present,7.5,0.0
STF0242,2026-07-17,Evening,Present,7.8,0.0
STF0059,2026-07-29,Morning,Present,7.9,2.7
STF0234,2026-08-25,Morning,Present,8.0,0.4
STF0054,2026-07-25,Morning,Absent,0.0,0.0
STF0156,2026-07-02,Morning,Present,8.3,0.0
STF0393,2024-09-18,Morning,Present,7.5,0.0
STF0091,2026-08-07,Morning,Present,8.6,1.4
STF0235,2026-07-28,Morning,Present,7.0,0.0
STF0287,2026-08-09,Night,Present,7.0,1.7
STF0326,2026-08-22,Night,Present,9.0,0.6
STF0072,2026-07-31,Morning,Present,8.8,0.6
STF0228,2026-07-07,Morning,Present,7.5,3.1
STF0030,2026-07-26,Morning,Leave,0.0,0.0
STF0110,2026-08-21,Morning,Present,7.7,1.1
STF0062,2026-08-07,Evening,Leave,0.0,0.0
STF0071,2026-07-14,Morning,Present,7.8,0.7
STF0193,2026-07-27,Evening,Present,7.7,0.8
STF0113,2026-07-25,Morning,Present,8.1,3.5
STF0004,2026-07-29,Night,Absent,0.0,0.0
STF0337,2026-07-13,Morning,Absent,0.0,0.0
STF0283,2026-08-08,Night,Present,7.7,0.0
STF0392,2026-05-14,Night,Present,7.8,2.0
STF0209,2026-07-25,Morning,Present,8.2,0.4
STF0190,2026-07-23,Morning,Work From Home,7.4,1.0
STF0170,2026-07-23,Morning,Present,7.6,0.0
STF0175,2026-07-09,Morning,Present,6.8,0.0
STF0188,2026-08-09,Morning,Present,8.5,1.0
STF0061,2026-07-03,Morning,Present,7.2,0.0
STF0069,2026-08-14,Morning,Present,7.4,0.0
STF0103,2026-08-18,Evening,Present,7.6,1.9
STF0309,2026-08-15,Evening,Present,8.2,2.0
STF0045,2026-08-06,Night,Leave,0.0,0.0
STF0162,2026-07-18,Night,Present,8.7,2.0
STF0130,2026-07-18,Morning,Present,9.2,1.9
STF0039,2026-08-13,Evening,Present,8.0,0.0
STF0251,2026-07-20,Night,Present,7.2,0.0
STF0044,2026-08-09,Morning,Present,8.8,1.7
STF0312,2026-07-13,Evening,Present,8.0,0.3
STF0004,2026-07-31,Morning,Present,8.3,1.1
STF0460,2025-06-13,Evening,Present,8.0,0.3
STF0112,2026-07-11,Evening,Present,8.8,1.6
STF0302,2026-07-21,Evening,Present,8.9,0.0
STF0205,2026-07-09,Morning,Present,8.9,1.5
STF0275,2026-07-28,Evening,Absent,0.0,0.0
STF0487,2024-11-04,Evening,Leave,0.0,0.0
STF0073,2026-08-28,Night,Present,7.6,2.0
STF0016,2026-08-06,Evening,Work From Home,7.5,1.7
STF0141,2026-08-14,Evening,Present,7.4,0.0
STF0144,2026-07-05,Evening,Present,8.1,0.4
STF0165,2026-07-19,Evening,Present,8.8,1.0
STF0371,2022-06-07,Morning,Present,8.0,2.3
STF0025,2026-08-05,Night,Present,9.3,0.0
STF0326,2026-07-19,Morning,Leave,0.0,0.0
STF0041,2026-07-10,Morning,Present,7.8,0.0
STF0210,2026-08-05,Night,Present,8.0,1.0
STF0287,2026-07-21,Morning,Present,6.8,0.2
STF0364,2021-03-27,Night,Absent,0.0,0.0
STF0490,2025-06-30,Night,Present,7.3,0.1
STF0106,2026-07-09,Morning,Present,7.9,1.0
STF0267,2026-07-17,Morning,Present,8.0,0.7
STF0157,2026-08-10,Morning,Present,8.2,0.3
STF0025,2026-08-04,Evening,Present,7.6,0.4
STF0254,2026-08-19,Morning,Present,7.6,0.0
STF0118,2026-08-27,Night,Present,7.9,0.0
STF0104,2026-07-13,Evening,Leave,0.0,0.0
STF0093,2026-07-07,Morning,Present,8.2,0.0
STF0453,2026-01-19,Evening,Present,7.6,0.0
STF0289,2026-07-20,Morning,Present,8.5,0.8
STF0107,2026-07-08,Morning,Present,7.3,2.3
STF0414,2023-10-09,Night,Present,8.0,0.7
STF0058,2026-08-21,Evening,Present,7.4,0.8
STF0201,2026-07-11,Night,Leave,0.0,0.0
STF0319,2026-07-13,Night,Present,8.0,0.0
STF0391,2022-11-28,Evening,Present,7.6,0.6
STF0211,2026-07-29,Evening,Present,9.1,0.0
STF0335,2026-08-22,Morning,Present,7.4,0.0
STF0018,2026-07-15,Morning,Present,6.9,0.0
STF0136,2026-08-16,Evening,Present,7.3,2.4
STF0039,2026-07-21,Morning,Present,8.4,0.0
STF0189,2026-07-06,Morning,Present,7.7,0.1
STF0103,2026-07-31,Night,Present,8.2,0.8
STF0107,2026-07-14,Morning,Present,8.2,1.4
STF0205,2026-08-16,Evening,Present,8.2,1.4
STF0223,2026-08-01,Evening,Present,8.9,1.5
STF0135,2026-07-29,Night,Present,7.1,0.0
STF0185,2026-08-05,Night,Present,7.8,0.0
STF0294,2026-07-20,Evening,Leave,0.0,0.0
STF0198,2026-07-15,Morning,Present,8.3,0.6
STF0162,2026-08-20,Morning,Present,7.7,0.2
STF0153,2026-08-06,Evening,Present,7.9,1.4
STF0111,2026-07-25,Morning,Present,8.2,2.9
STF0357,2024-09-15,Morning,Present,9.0,0.6
STF0270,2026-07-01,Night,Absent,0.0,0.0
STF0287,2026-08-27,Morning,Present,7.7,0.4
STF0274,2026-07-31,Morning,Work From Home,6.6,0.0
STF0069,2026-07-25,Evening,Present,7.4,0.0
STF0186,2026-07-20,Night,Present,7.8,1.0
STF0117,2026-08-09,Morning,Leave,0.0,0.0
STF0078,2026-07-02,Morning,Present,8.4,0.8
STF0009,2026-08-02,Morning,Present,8.4,2.4
STF0066,2026-07-27,Morning,Present,8.5,0.5
STF0060,2026-07-02,Night,Absent,0.0,0.0
STF0165,2026-08-10,Morning,Present,7.9,0.8
STF0044,2026-07-28,Evening,Work From Home,8.3,0.1
STF0255,2026-07-14,Night,Present,8.5,2.1
STF0437,2025-06-19,Morning,Present,7.2,0.8
STF0491,2024-06-30,Morning,Present,8.0,0.1
STF0007,2026-07-26,Morning,Present,7.4,0.0
STF0332,2026-08-04,Night,Work From Home,8.0,1.9
STF0292,2026-08-06,Evening,Present,8.6,0.4
STF0015,2026-07-17,Morning,Present,8.8,2.3
STF0200,2026-07-11,Morning,Present,8.1,0.1
STF0062,2026-07-23,Evening,Present,8.3,1.4
STF0069,2026-08-05,Night,Present,7.9,2.0
STF0027,2026-07-21,Morning,Present,9.0,0.0
STF0135,2026-07-28,Morning,Present,8.2,1.7
STF0094,2026-07-18,Night,Present,7.7,0.0
STF0104,2026-07-16,Evening,Present,7.9,0.0
STF0061,2026-07-24,Night,Present,8.8,0.6
STF0149,2026-07-03,Night,Present,7.8,0.0
STF0036,2026-07-20,Morning,Present,7.8,1.8
STF0064,2026-07-25,Night,Present,7.7,0.0
STF0081,2026-07-02,Evening,Present,9.8,3.0
STF0167,2026-08-14,Evening,Present,8.6,0.6
STF0025,2026-07-09,Morning,Present,7.5,0.9
STF0182,2026-08-22,Evening,Present,7.1,0.8
STF0407,2023-07-15,Morning,Present,7.8,2.2
STF0155,2026-07-22,Morning,Present,7.7,1.9
STF0418,2024-02-02,Morning,Present,8.3,0.0
STF0470,2023-12-24,Evening,Present,7.5,2.2
STF0114,2026-08-04,Morning,Present,7.8,0.0
STF0162,2026-08-04,Night,Present,6.9,2.7
STF0240,2026-07-15,Evening,Present,8.8,1.5
STF0256,2026-07-25,Night,Leave,0.0,0.0
STF0333,2026-07-01,Evening,Present,8.6,2.4
STF0486,2023-12-30,Morning,Present,8.0,1.0
STF0227,2026-07-16,Night,Present,8.2,2.2
STF0043,2026-07-29,Morning,Present,7.6,0.0
STF0225,2026-07-23,Morning,Present,7.7,0.0
STF0500,2024-05-23,Morning,Present,7.9,1.7
STF0077,2026-08-18,Morning,Present,7.4,1.0
STF0356,2022-12-15,Evening,Present,8.1,1.3
STF0304,2026-08-18,Morning,Present,7.0,1.0
STF0152,2026-07-13,Morning,Present,7.9,0.2
STF0261,2026-07-16,Evening,Present,7.9,0.0
STF0080,2026-08-26,Night,Present,7.5,2.7
STF0065,2026-07-13,Evening,Present,8.0,0.0
STF0007,2026-08-18,Morning,Present,8.5,0.9
STF0333,2026-08-24,Evening,Present,8.0,0.0
STF0235,2026-08-18,Morning,Present,8.7,2.4
STF0328,2026-07-31,Morning,Present,8.7,2.1
STF0183,2026-07-27,Night,Present,8.3,0.5
STF0435,2026-04-17,Evening,Present,9.8,1.1
STF0183,2026-07-01,Evening,Present,8.2,0.3
STF0194,2026-07-09,Evening,Present,7.7,1.8
STF0118,2026-07-25,Evening,Present,8.1,0.4
STF0107,2026-08-29,Morning,Present,9.3,1.1
STF0095,2026-07-31,Morning,Present,9.0,0.0
STF0175,2026-07-18,Night,Present,8.3,0.0
STF0126,2026-08-17,Evening,Present,8.4,0.0
STF0198,2026-08-25,Morning,Present,8.0,1.5
STF0475,2026-01-28,Morning,Present,7.4,1.0
STF0233,2026-07-11,Morning,Present,7.8,2.0
STF0049,2026-07-19,Morning,Present,7.5,1.5
STF0147,2026-07-04,Evening,Present,8.2,1.3
STF0010,2026-07-15,Night,Present,7.5,1.9
STF0183,2026-07-24,Morning,Present,8.8,1.2
STF0018,2026-08-02,Evening,Present,6.9,1.0
STF0478,2023-06-23,Evening,Present,8.2,2.4
STF0058,2026-08-08,Morning,Present,7.8,3.0
STF0023,2026-07-19,Evening,Present,7.1,0.0
STF0261,2026-07-14,Morning,Present,8.3,0.6
STF0299,2026-08-16,Night,Present,8.1,1.1
STF0307,2026-07-03,Morning,Present,8.0,2.9
STF0184,2026-08-17,Night,Present,7.5,0.4
STF0189,2026-07-29,Morning,Present,8.6,0.8
STF0140,2026-08-11,Evening,Leave,0.0,0.0
STF0095,2026-08-24,Evening,Present,7.6,2.4
STF0494,2021-07-29,Evening,Present,7.9,1.6
STF0300,2026-07-23,Morning,Work From Home,8.5,0.0
STF0245,2026-07-20,Evening,Present,8.7,0.0
STF0134,2026-08-28,Evening,Present,7.9,1.5
STF0018,2026-07-26,Morning,Present,8.2,2.3
STF0448,2023-07-10,Night,Present,8.5,0.0
STF0022,2026-08-07,Evening,Present,8.1,1.5
STF0091,2026-08-24,Night,Present,7.9,3.1
STF0249,2026-07-20,Morning,Present,9.2,0.0
STF0324,2026-08-29,Evening,Present,7.1,0.2
STF0271,2026-08-25,Morning,Present,8.1,0.5
STF0140,2026-07-06,Evening,Present,7.8,2.2
STF0104,2026-08-11,Morning,Present,7.3,0.0
STF0137,2026-08-28,Morning,Present,7.5,0.0
STF0274,2026-08-19,Night,Present,7.3,0.3
STF0342,2025-12-31,Morning,Present,8.8,0.0
STF0325,2026-07-25,Evening,Present,7.4,2.2
STF0040,2026-07-22,Night,Present,7.3,1.3
STF0259,2026-07-16,Morning,Present,7.5,2.8
STF0272,2026-08-17,Morning,Absent,0.0,0.0
STF0105,2026-07-07,Evening,Present,7.6,0.0
STF0169,2026-07-08,Morning,Present,7.7,0.4
STF0036,2026-08-15,Morning,Absent,0.0,0.0
STF0008,2026-07-28,Morning,Present,7.7,0.8
STF0375,2025-07-03,Morning,Present,8.8,1.2
STF0374,2026-08-13,Morning,Present,8.7,0.0
STF0305,2026-08-22,Morning,Present,7.8,0.0
STF0073,2026-07-28,Evening,Present,8.3,1.7
STF0161,2026-08-21,Evening,Present,7.5,0.0
STF0078,2026-08-10,Morning,Present,8.7,0.0
STF0308,2026-08-26,Morning,Present,8.5,0.3
STF0097,2026-07-08,Morning,Present,8.7,2.9
STF0052,2026-07-01,Morning,Present,7.2,0.0
STF0203,2026-08-28,Night,Present,7.4,2.4
STF0021,2026-07-02,Morning,Present,7.6,0.0
STF0398,2021-04-05,Night,Present,8.7,1.1
STF0178,2026-08-19,Morning,Present,9.0,0.0
STF0375,2025-10-23,Evening,Work From Home,8.3,0.0
STF0056,2026-08-19,Morning,Present,7.6,0.1
STF0083,2026-08-06,Morning,Present,6.8,0.2
STF0159,2026-07-21,Morning,Present,7.9,1.3
STF0451,2024-05-31,Morning,Work From Home,8.1,1.8
STF0063,2026-07-28,Night,Present,8.1,2.4
STF0422,2023-09-10,Morning,Present,7.9,2.4
STF0114,2026-07-05,Night,Present,8.1,0.0
STF0006,2026-07-23,Evening,Present,7.2,0.8
STF0116,2026-08-23,Morning,Present,8.2,1.8
STF0244,2026-07-02,Morning,Present,8.0,0.5
STF0242,2026-07-10,Morning,Present,8.0,0.9
STF0207,2026-07-17,Night,Present,7.8,1.3
STF0149,2026-07-02,Morning,Work From Home,6.6,0.2
STF0326,2026-08-23,Evening,Present,7.8,2.4
STF0005,2026-08-21,Night,Work From Home,8.4,0.8
STF0310,2026-07-15,Morning,Present,7.9,0.0
STF0148,2026-08-29,Evening,Present,7.2,3.2
STF0174,2026-07-16,Evening,Present,8.0,0.6
STF0293,2026-07-03,Evening,Present,8.9,2.4
STF0156,2026-08-28,Evening,Present,7.9,2.8
STF0243,2026-08-03,Morning,Present,8.3,1.0
STF0124,2026-07-23,Morning,Present,7.2,2.9
STF0336,2026-08-06,Night,Present,7.5,1.2
STF0098,2026-08-22,Night,Present,7.1,1.0
STF0225,2026-07-07,Morning,Present,7.3,0.0
STF0281,2026-08-27,Morning,Present,7.9,0.7
STF0409,2023-07-07,Night,Present,7.6,1.3
STF0339,2026-07-22,Morning,Present,7.7,1.1
STF0057,2026-07-09,Morning,Present,9.4,0.6
STF0162,2026-08-17,Night,Present,7.6,0.0
STF0404,2024-02-03,Evening,Present,8.0,1.7
STF0243,2026-07-27,Night,Present,7.3,0.7
STF0334,2026-07-28,Morning,Present,7.1,2.5
STF0185,2026-08-27,Morning,Leave,0.0,0.0
STF0130,2026-08-07,Morning,Present,8.3,1.0
STF0241,2026-08-20,Evening,Present,8.3,0.0
STF0227,2026-07-29,Morning,Absent,0.0,0.0
STF0306,2026-08-25,Morning,Present,8.4,0.5
STF0179,2026-08-24,Night,Present,8.0,0.0
STF0096,2026-07-20,Evening,Present,8.4,0.5
STF0084,2026-07-28,Morning,Present,7.3,2.1
STF0143,2026-07-01,Morning,Present,8.2,1.6
STF0019,2026-07-08,Morning,Present,8.1,0.0
STF0136,2026-07-17,Evening,Present,8.2,0.2
STF0313,2026-07-20,Evening,Leave,0.0,0.0
STF0223,2026-08-17,Morning,Leave,0.0,0.0
STF0110,2026-07-10,Morning,Present,8.3,0.0
STF0011,2026-07-07,Morning,Leave,0.0,0.0
STF0132,2026-08-01,Evening,Leave,0.0,0.0
STF0245,2026-08-08,Night,Present,8.2,2.0
STF0339,2026-08-17,Evening,Present,8.0,0.0
STF0128,2026-07-18,Morning,Present,7.9,1.4
STF0133,2026-07-24,Morning,Present,7.8,1.0
STF0254,2026-08-22,Night,Present,7.9,0.4
STF0367,2025-05-01,Evening,Present,8.2,1.3
STF0183,2026-07-19,Evening,Present,7.9,1.6
STF0093,2026-08-08,Morning,Present,7.8,0.2
STF0439,2026-06-06,Evening,Leave,0.0,0.0
STF0285,2026-08-29,Night,Present,8.7,0.0
STF0218,2026-07-11,Morning,Present,8.0,0.0
STF0196,2026-08-08,Morning,Present,7.7,0.7
STF0252,2026-08-06,Night,Present,7.6,0.6
STF0327,2026-08-28,Morning,Present,8.9,0.9
STF0069,2026-07-03,Night,Absent,0.0,0.0
STF0017,2026-07-21,Morning,Present,9.1,1.7
STF0284,2026-07-26,Morning,Present,6.3,0.0
STF0154,2026-08-08,Morning,Present,8.4,3.0
STF0318,2026-08-03,Morning,Present,8.4,0.0
STF0470,2022-04-13,Evening,Present,7.8,0.6
STF0266,2026-07-24,Evening,Present,7.5,2.0
STF0294,2026-07-27,Morning,Present,8.6,0.0
STF0233,2026-08-06,Morning,Present,8.2,2.9
STF0115,2026-07-06,Morning,Present,7.9,1.4
STF0286,2026-08-13,Evening,Present,7.2,0.1
STF0306,2026-08-27,Evening,Present,7.8,0.7
STF0093,2026-07-30,Morning,Present,7.8,0.2
STF0061,2026-08-19,Morning,Present,8.6,1.7
STF0213,2026-07-02,Morning,Present,8.1,1.1
STF0139,2026-08-05,Morning,Present,9.0,0.0
STF0374,2024-12-19,Morning,Present,8.3,2.1
STF0111,2026-07-09,Night,Present,8.2,1.1
STF0269,2026-07-18,Night,Present,7.2,1.7
STF0394,2025-02-27,Night,Present,7.7,1.3
STF0008,2026-07-05,Night,Present,8.5,2.0
STF0087,2026-07-04,Night,Absent,0.0,0.0
STF0079,2026-08-25,Morning,Present,8.2,0.6
STF0089,2026-07-28,Evening,Work From Home,8.9,0.0
STF0408,2024-03-04,Night,Present,8.3,1.3
STF0343,2025-03-03,Morning,Leave,0.0,0.0
STF0239,2026-07-08,Evening,Present,7.9,0.0
STF0286,2026-08-04,Night,Present,8.4,0.0
STF0278,2026-07-29,Morning,Present,7.7,1.2
STF0139,2026-07-11,Evening,Present,8.5,0.9
STF0047,2026-08-25,Night,Present,8.2,0.3
STF0262,2026-07-10,Morning,Present,7.5,0.1
STF0204,2026-07-01,Night,Present,7.5,0.5
STF0250,2026-08-06,Morning,Present,8.1,0.0
STF0108,2026-08-20,Evening,Present,8.7,1.0
STF0167,2026-08-15,Night,Present,8.8,2.2
STF0366,2024-04-11,Night,Present,10.0,1.7
STF0373,2024-06-22,Night,Present,8.1,0.0
STF0266,2026-08-25,Evening,Present,7.2,1.8
STF0098,2026-08-13,Morning,Present,8.4,0.9
STF0100,2026-07-22,Night,Present,7.3,3.0
STF0118,2026-08-11,Morning,Present,7.6,2.1
STF0252,2026-07-03,Evening,Present,8.4,2.7
STF0068,2026-08-29,Morning,Present,9.2,1.6
STF0020,2026-08-12,Night,Present,7.3,0.0
STF0221,2026-08-14,Night,Present,8.3,1.0
STF0438,2025-01-08,Night,Present,8.1,0.8
STF0457,2021-06-30,Morning,Present,7.3,2.3
STF0295,2026-08-01,Evening,Present,7.4,0.0
STF0038,2026-08-02,Morning,Present,8.0,1.0
STF0106,2026-07-18,Morning,Present,8.5,0.0
STF0152,2026-08-14,Morning,Present,8.3,1.4
STF0297,2026-07-21,Morning,Absent,0.0,0.0
STF0276,2026-07-25,Night,Present,7.1,2.5
STF0272,2026-07-21,Morning,Present,9.1,0.2
STF0075,2026-08-10,Morning,Present,7.6,0.0
STF0384,2021-01-28,Evening,Present,6.6,1.5
STF0313,2026-07-12,Morning,Present,6.7,2.5
STF0022,2026-07-02,Morning,Present,7.8,0.0
STF0403,2026-05-17,Evening,Present,8.1,1.4
STF0403,2023-05-18,Evening,Present,7.5,2.1
STF0322,2026-08-10,Evening,Present,8.2,2.8
STF0006,2026-08-14,Night,Present,7.1,1.4
STF0134,2026-07-07,Night,Present,8.0,0.0
STF0295,2026-08-25,Evening,Present,8.3,1.1
STF0264,2026-08-28,Morning,Present,8.3,1.0
STF0437,2021-05-31,Morning,Present,7.9,2.3
STF0166,2026-07-20,Morning,Present,7.5,0.0
STF0371,2023-05-26,Morning,Present,8.7,0.9
STF0195,2026-08-18,Evening,Present,7.6,0.0
STF0274,2026-07-16,Night,Present,7.7,2.3
STF0252,2026-08-20,Evening,Leave,0.0,0.0
STF0438,2024-01-30,Night,Present,7.6,0.5
STF0045,2026-07-02,Morning,Present,8.8,1.5
STF0118,2026-08-07,Evening,Present,8.5,0.0
STF0092,2026-07-11,Morning,Present,7.2,0.0
STF0400,2022-09-06,Evening,Present,8.3,0.5
STF0226,2026-08-18,Evening,Present,8.0,0.4
STF0260,2026-07-03,Morning,Leave,0.0,0.0
STF0319,2026-08-28,Evening,Present,7.6,0.8
STF0207,2026-08-20,Evening,Present,8.9,0.8
STF0322,2026-07-10,Evening,Present,8.1,1.4
STF0337,2026-08-28,Morning,Present,8.1,0.4
STF0112,2026-07-02,Night,Present,7.2,0.8
STF0296,2026-07-13,Night,Present,8.1,0.0
STF0337,2026-07-01,Morning,Absent,0.0,0.0
STF0080,2026-07-02,Morning,Present,7.3,0.0
STF0291,2026-08-25,Night,Present,7.6,0.0
STF0295,2026-07-02,Morning,Leave,0.0,0.0
STF0146,2026-08-20,Morning,Present,7.9,1.5
STF0058,2026-07-09,Morning,Absent,0.0,0.0
STF0067,2026-08-09,Evening,Present,7.6,0.7
STF0134,2026-08-29,Evening,Absent,0.0,0.0
STF0171,2026-07-14,Evening,Present,8.2,2.7
STF0300,2026-08-09,Morning,Present,7.5,1.7
STF0054,2026-08-28,Evening,Present,8.5,2.0
STF0206,2026-08-06,Evening,Present,8.7,1.2
STF0168,2026-07-06,Morning,Present,8.6,1.7
STF0281,2026-07-03,Evening,Absent,0.0,0.0
STF0456,2021-07-12,Night,Present,8.1,0.0
STF0305,2026-07-18,Morning,Present,8.1,1.8
STF0241,2026-08-12,Morning,Leave,0.0,0.0
STF0257,2026-07-27,Evening,Present,8.5,2.1
STF0499,2022-03-14,Morning,Present,8.0,1.1
STF0111,2026-07-15,Night,Present,7.5,1.8
STF0106,2026-08-11,Evening,Present,7.8,0.6
STF0192,2026-07-02,Morning,Present,7.7,2.6
STF0197,2026-07-18,Evening,Present,7.7,1.7
STF0429,2025-07-02,Morning,Present,6.8,2.2
STF0214,2026-08-26,Night,Present,7.1,1.5
STF0101,2026-08-15,Morning,Present,8.4,0.0
STF0080,2026-08-12,Morning,Present,7.3,0.0
STF0223,2026-07-13,Night,Present,8.3,0.0
STF0105,2026-08-09,Morning,Present,8.8,0.0
STF0168,2026-08-26,Night,Present,8.0,0.0
STF0159,2026-07-17,Evening,Present,8.1,1.8
STF0116,2026-07-10,Night,Leave,0.0,0.0
STF0318,2026-07-16,Night,Present,8.1,0.0
STF0335,2026-08-21,Morning,Absent,0.0,0.0
STF0069,2026-08-29,Evening,Present,8.4,0.7
STF0315,2026-08-18,Morning,Present,7.8,1.1
STF0089,2026-07-04,Evening,Leave,0.0,0.0
STF0153,2026-07-17,Evening,Present,8.4,0.0
STF0175,2026-08-25,Morning,Present,8.5,0.9
STF0307,2026-07-29,Evening,Present,7.3,0.0
STF0356,2022-11-12,Night,Present,7.6,1.6
STF0305,2026-07-30,Morning,Present,7.7,3.2
STF0072,2026-07-21,Night,Present,8.3,0.2
STF0097,2026-08-17,Evening,Present,8.9,1.5
STF0130,2026-07-28,Morning,Present,8.0,0.1
STF0152,2026-08-03,Evening,Work From Home,7.8,2.7
STF0065,2026-08-04,Morning,Leave,0.0,0.0
STF0139,2026-07-21,Evening,Present,9.5,0.0
STF0058,2026-08-20,Morning,Present,9.3,0.0
STF0174,2026-07-23,Night,Present,9.0,0.0
STF0094,2026-07-25,Night,Leave,0.0,0.0
STF0083,2026-07-19,Evening,Present,8.0,0.3
STF0292,2026-08-27,Night,Present,9.1,0.2
STF0452,2026-10-26,Night,Present,8.5,0.7
STF0157,2026-07-23,Morning,Present,7.9,0.6
STF0325,2026-07-17,Morning,Present,8.5,0.0
STF0271,2026-07-01,Night,Present,6.3,1.6
STF0035,2026-08-15,Morning,Present,8.3,0.9
STF0368,2025-03-17,Evening,Present,7.1,0.1
STF0072,2026-07-16,Morning,Present,7.4,1.8
STF0333,2026-07-27,Morning,Work From Home,7.8,1.3
STF0428,2026-04-04,Morning,Present,8.8,1.4
STF0348,2021-07-17,Evening,Present,8.6,2.0
STF0247,2026-07-28,Morning,Present,8.1,1.2
STF0144,2026-08-02,Night,Present,8.9,0.0
STF0446,2023-09-13,Night,Present,7.9,0.0
STF0159,2026-08-21,Evening,Present,7.0,0.2
STF0282,2026-08-12,Evening,Present,8.0,2.0
STF0185,2026-08-24,Morning,Present,7.6,1.3
STF0195,2026-08-08,Evening,Present,8.5,0.2
STF0429,2026-04-29,Morning,Present,7.9,1.6
STF0291,2026-07-18,Morning,Leave,0.0,0.0
STF0467,2022-04-05,Morning,Present,8.2,1.6
STF0242,2026-07-07,Morning,Present,8.0,0.9
STF0009,2026-07-05,Evening,Leave,0.0,0.0
STF0260,2026-07-07,Night,Present,7.4,0.0
STF0038,2026-07-31,Evening,Present,8.7,0.0
STF0015,2026-07-04,Morning,Present,6.7,0.4
STF0303,2026-07-07,Morning,Present,7.6,0.9
STF0198,2026-07-08,Evening,Present,8.3,0.7
STF0131,2026-08-29,Evening,Present,7.1,0.0
STF0139,2026-08-25,Morning,Present,8.4,0.1
STF0485,2021-03-10,Night,Present,8.7,0.0
STF0217,2026-08-19,Evening,Work From Home,8.3,0.1
STF0260,2026-08-21,Morning,Present,7.6,0.9
STF0488,2022-06-14,Morning,Present,7.0,0.3
STF0189,2026-08-01,Morning,Present,8.2,0.0
STF0041,2026-07-15,Morning,Leave,0.0,0.0
STF0314,2026-07-08,Morning,Present,8.6,0.0
STF0335,2026-07-20,Evening,Present,8.5,1.6
STF0184,2026-08-01,Morning,Present,7.5,1.9
STF0126,2026-07-10,Night,Present,8.1,0.2
STF0013,2026-07-19,Morning,Present,8.0,0.7
STF0072,2026-07-24,Morning,Present,8.4,0.0
STF0191,2026-08-20,Morning,Present,8.6,1.4
STF0203,2026-07-03,Morning,Present,8.8,1.5
STF0284,2026-08-07,Morning,Present,7.4,0.2
STF0168,2026-08-22,Morning,Present,8.5,3.1
STF0163,2026-08-12,Evening,Present,7.2,0.0
STF0412,2023-10-24,Evening,Present,8.3,0.3
STF0076,2026-08-13,Morning,Leave,0.0,0.0
STF0128,2026-07-29,Morning,Present,7.7,0.9
STF0407,2023-12-04,Evening,Present,7.5,0.8
STF0284,2026-07-13,Evening,Present,8.4,0.0
STF0352,2021-05-23,Evening,Present,9.3,1.7
STF0114,2026-08-05,Morning,Present,7.2,0.0
STF0190,2026-07-16,Morning,Present,8.6,0.0
STF0182,2026-07-29,Morning,Present,8.0,2.2
STF0254,2026-07-03,Morning,Present,7.6,0.0
STF0145,2026-07-11,Night,Work From Home,7.4,0.9
STF0030,2026-07-08,Evening,Present,6.5,0.0
STF0239,2026-07-09,Night,Present,7.6,0.0
STF0276,2026-07-18,Evening,Leave,0.0,0.0
STF0251,2026-07-17,Morning,Present,8.7,0.7
STF0040,2026-08-23,Morning,Present,6.2,0.5
STF0059,2026-08-04,Morning,Present,8.3,0.1
STF0245,2026-07-07,Morning,Present,7.8,1.7
STF0149,2026-07-31,Night,Leave,0.0,0.0
STF0208,2026-07-15,Evening,Present,7.5,0.8
STF0059,2026-07-27,Morning,Absent,0.0,0.0
STF0150,2026-07-28,Night,Present,8.3,0.0
STF0008,2026-08-01,Morning,Present,7.9,0.8
STF0228,2026-08-20,Evening,Present,8.2,0.0
STF0096,2026-08-15,Morning,Present,7.7,0.0
STF0319,2026-07-16,Evening,Present,7.9,2.3
STF0463,2022-05-23,Morning,Present,8.1,0.0
STF0173,2026-07-16,Morning,Present,8.6,1.8
STF0016,2026-07-12,Evening,Present,8.0,0.0
STF0220,2026-08-14,Night,Present,7.4,0.0
STF0284,2026-08-02,Morning,Present,8.5,2.2
STF0098,2026-07-24,Morning,Absent,0.0,0.0
STF0259,2026-07-10,Morning,Present,8.2,1.7
STF0228,2026-08-14,Morning,Present,6.8,0.4
STF0181,2026-07-28,Evening,Work From Home,8.6,0.0
STF0097,2026-07-16,Morning,Absent,0.0,0.0
STF0229,2026-07-24,Evening,Present,8.1,0.3
STF0063,2026-07-01,Night,Present,7.5,0.0
STF0310,2026-07-08,Evening,Present,7.7,1.6
STF0236,2026-07-25,Morning,Present,8.3,2.8
STF0081,2026-07-25,Morning,Leave,0.0,0.0
STF0086,2026-08-10,Night,Present,8.9,2.2
STF0003,2026-07-14,Night,Present,7.4,2.7
STF0230,2026-07-11,Evening,Present,7.5,3.1
STF0202,2026-07-28,Morning,Present,8.9,1.6
STF0050,2026-08-22,Morning,Present,8.6,0.0
STF0057,2026-07-01,Morning,Present,8.7,0.0
STF0237,2026-08-22,Morning,Present,7.7,0.0
STF0203,2026-08-07,Evening,Present,7.5,0.8
STF0196,2026-07-02,Evening,Present,8.1,1.8
STF0092,2026-07-29,Morning,Present,7.8,2.3
STF0323,2026-08-17,Night,Present,8.7,1.2
STF0287,2026-07-02,Evening,Present,8.6,1.3
STF0105,2026-07-12,Morning,Present,7.4,1.3
STF0045,2026-08-04,Night,Present,7.7,1.5
STF0037,2026-07-12,Morning,Present,7.9,0.0
STF0312,2026-07-03,Night,Present,7.5,1.5
STF0240,2026-07-20,Evening,Present,7.9,0.3
STF0149,2026-07-06,Evening,Leave,0.0,0.0
STF0294,2026-08-13,Night,Present,8.0,0.8
STF0032,2026-08-21,Morning,Present,8.3,1.6
STF0497,2022-04-23,Night,Present,9.1,1.3
STF0392,2026-11-24,Morning,Present,7.7,1.2
STF0104,2026-07-01,Evening,Leave,0.0,0.0
STF0320,2026-08-03,Morning,Present,8.9,0.5
STF0486,2026-04-08,Morning,Present,8.9,0.2
STF0314,2026-07-18,Evening,Leave,0.0,0.0
STF0248,2026-07-25,Morning,Present,7.2,0.3
STF0477,2022-10-31,Morning,Present,7.7,1.7
STF0130,2026-08-22,Evening,Leave,0.0,0.0
STF0148,2026-08-24,Morning,Present,7.9,0.0
STF0246,2026-07-08,Morning,Present,8.5,0.7
STF0281,2026-08-14,Evening,Present,7.9,0.0
STF0204,2026-07-17,Morning,Present,9.4,0.0
STF0325,2026-08-14,Morning,Present,7.3,3.3
STF0191,2026-07-01,Morning,Present,9.1,1.9
STF0216,2026-07-30,Morning,Present,7.1,0.4
STF0152,2026-08-12,Morning,Present,8.5,2.0
STF0180,2026-08-05,Night,Present,8.1,1.9
STF0094,2026-08-19,Morning,Leave,0.0,0.0
STF0088,2026-07-16,Morning,Leave,0.0,0.0
STF0257,2026-08-12,Morning,Present,8.5,1.5
STF0224,2026-07-16,Morning,Present,7.3,2.0
STF0032,2026-08-01,Evening,Present,7.8,0.0
STF0322,2026-07-23,Morning,Present,7.8,0.6
STF0156,2026-08-16,Evening,Present,8.0,0.0
STF0198,2026-07-03,Evening,Present,8.2,1.6
STF0151,2026-07-25,Morning,Present,7.7,0.6
STF0459,2022-12-01,Morning,Present,7.6,0.7
STF0131,2026-07-26,Morning,Present,8.1,1.2
STF0277,2026-07-20,Morning,Present,7.8,1.6
STF0339,2026-08-24,Night,Present,6.7,0.5
STF0101,2026-07-25,Morning,Present,8.1,3.0
STF0405,2024-07-21,Night,Present,8.7,1.0
STF0370,2022-11-04,Night,Present,8.2,1.2
STF0282,2026-08-17,Morning,Present,7.9,1.0
STF0434,2026-04-29,Evening,Present,9.0,1.0
STF0294,2026-07-10,Evening,Present,9.1,0.0
STF0229,2026-07-31,Evening,Present,7.4,0.0
STF0284,2026-08-04,Evening,Present,8.0,0.6
STF0086,2026-07-14,Night,Present,7.4,0.3
STF0475,2026-02-03,Night,Present,7.8,0.0
STF0172,2026-07-29,Night,Present,7.7,1.1
STF0259,2026-08-24,Morning,Present,8.7,1.6
STF0089,2026-08-01,Evening,Present,7.0,2.4
STF0154,2026-07-07,Morning,Present,8.6,0.9
STF0031,2026-07-06,Morning,Present,7.9,0.0
STF0237,2026-07-17,Morning,Leave,0.0,0.0
STF0369,2024-06-03,Evening,Present,7.6,1.8
STF0175,2026-08-01,Night,Present,7.6,0.3
STF0286,2026-07-29,Evening,Present,8.3,0.9
STF0076,2026-07-23,Morning,Present,7.9,0.9
STF0185,2026-08-07,Evening,Present,7.9,1.1
STF0059,2026-08-06,Night,Present,7.7,1.9
STF0090,2026-07-17,Morning,Leave,0.0,0.0
STF0214,2026-08-02,Night,Leave,0.0,0.0
STF0028,2026-07-16,Night,Present,8.3,0.0
STF0117,2026-07-23,Night,Present,9.3,0.0
STF0408,2024-02-29,Morning,Absent,0.0,0.0
STF0321,2026-07-28,Evening,Present,7.8,1.8
STF0381,2021-03-06,Evening,Absent,0.0,0.0
STF0253,2026-07-23,Morning,Present,8.1,0.0
STF0326,2026-07-27,Night,Present,7.8,0.0
STF0234,2026-08-27,Morning,Present,9.4,1.2
STF0370,2024-05-05,Evening,Present,7.5,2.5
STF0413,2024-08-07,Morning,Leave,0.0,0.0
STF0215,2026-07-13,Morning,Present,7.8,0.1
STF0205,2026-07-19,Evening,Present,8.0,0.9
STF0171,2026-07-03,Night,Present,9.0,1.2
STF0029,2026-08-09,Morning,Present,8.4,0.6
STF0067,2026-08-22,Morning,Present,7.7,0.0
STF0229,2026-08-21,Morning,Present,8.2,0.9
STF0444,2022-07-14,Evening,Leave,0.0,0.0
STF0036,2026-07-28,Morning,Present,7.7,0.8
STF0028,2026-08-12,Morning,Present,8.4,0.0
STF0405,2026-06-25,Evening,Present,7.8,2.8
STF0324,2026-07-09,Morning,Present,7.6,0.0
STF0188,2026-07-30,Morning,Present,7.7,0.0
STF0144,2026-08-23,Evening,Present,7.2,2.1
STF0271,2026-07-04,Night,Present,7.9,0.1
STF0389,2021-07-22,Morning,Present,8.2,1.9
STF0128,2026-07-14,Evening,Present,8.2,0.8
STF0009,2026-07-03,Night,Present,8.2,0.8
STF0058,2026-07-10,Morning,Work From Home,7.8,2.3
STF0249,2026-08-17,Night,Present,7.7,0.1
STF0372,2021-07-09,Evening,Present,8.1,0.4
STF0286,2026-08-17,Morning,Leave,0.0,0.0
STF0261,2026-07-17,Morning,Present,8.6,3.3
STF0025,2026-08-23,Morning,Present,7.7,0.9
STF0274,2026-08-24,Night,Present,7.8,1.5
STF0090,2026-08-12,Morning,Present,8.0,1.3
STF0251,2026-08-05,Morning,Present,6.7,1.9
STF0003,2026-07-20,Morning,Present,7.7,0.6
STF0177,2026-07-26,Night,Absent,0.0,0.0
STF0144,2026-07-16,Evening,Present,8.5,2.4
STF0115,2026-08-12,Evening,Present,8.4,1.1
STF0222,2026-07-23,Evening,Present,9.1,1.2
STF0333,2026-08-25,Evening,Present,7.6,0.0
STF0488,2022-09-15,Morning,Present,8.1,0.6
STF0319,2026-08-27,Morning,Present,8.1,0.0
STF0145,2026-08-22,Morning,Present,9.3,1.4
STF0299,2026-07-29,Night,Present,6.6,1.8
STF0005,2026-07-26,Evening,Present,8.0,0.7
STF0341,2026-08-14,Morning,Absent,0.0,0.0
STF0117,2026-07-10,Evening,Present,7.7,1.3
STF0169,2026-08-19,Evening,Present,9.3,0.1
STF0139,2026-07-20,Night,Present,7.8,0.3
STF0272,2026-08-11,Night,Present,8.2,0.0
STF0251,2026-08-29,Morning,Present,7.8,2.3
STF0261,2026-08-26,Evening,Present,8.0,0.6
STF0138,2026-08-01,Morning,Present,8.2,0.0
STF0043,2026-08-28,Morning,Present,7.0,0.1
STF0206,2026-08-22,Night,Present,7.4,1.4
STF0326,2026-08-11,Evening,Present,9.8,0.3
STF0339,2026-07-11,Night,Present,7.9,1.1
STF0187,2026-07-22,Evening,Present,8.9,0.2
STF0271,2026-07-19,Morning,Present,8.3,0.8
STF0394,2026-03-02,Morning,Present,8.9,2.8
STF0082,2026-07-21,Morning,Present,7.7,0.0
STF0204,2026-08-08,Morning,Present,7.1,1.8
STF0034,2026-07-25,Evening,Present,7.4,1.6
STF0247,2026-08-01,Morning,Absent,0.0,0.0
STF0188,2026-07-21,Morning,Present,7.5,0.6
STF0032,2026-08-11,Morning,Work From Home,8.5,2.0
STF0161,2026-07-04,Morning,Absent,0.0,0.0
STF0270,2026-07-03,Morning,Present,8.2,0.0
STF0278,2026-07-13,Evening,Present,7.5,0.1
STF0178,2026-07-07,Night,Present,7.7,2.2
STF0311,2026-08-07,Night,Present,7.2,2.8
STF0045,2026-07-30,Morning,Present,7.2,1.5
STF0206,2026-07-11,Evening,Present,7.7,1.8
STF0192,2026-07-31,Morning,Present,7.2,1.5
STF0022,2026-07-31,Night,Present,7.6,1.0
STF0106,2026-07-20,Evening,Present,8.2,2.0
STF0218,2026-07-03,Evening,Work From Home,8.0,0.0
STF0265,2026-07-20,Morning,Present,8.2,0.0
STF0061,2026-08-12,Morning,Present,7.7,1.5
STF0085,2026-07-25,Night,Present,8.6,1.0
STF0108,2026-08-28,Morning,Present,8.0,1.7
STF0291,2026-08-19,Morning,Leave,0.0,0.0
STF0308,2026-08-19,Morning,Present,7.7,0.0
STF0121,2026-07-21,Evening,Present,7.3,0.0
STF0337,2026-08-01,Evening,Present,7.5,0.4
STF0129,2026-08-03,Morning,Present,7.7,1.0
STF0005,2026-08-04,Evening,Present,7.6,0.0
STF0021,2026-08-13,Morning,Present,7.9,0.7
STF0181,2026-08-27,Morning,Present,8.8,0.5
STF0087,2026-07-29,Evening,Present,8.7,0.3
STF0014,2026-07-24,Morning,Present,8.0,2.1
STF0247,2026-07-25,Evening,Absent,0.0,0.0
STF0077,2026-08-28,Morning,Leave,0.0,0.0
STF0146,2026-07-10,Morning,Present,7.2,0.9
STF0163,2026-08-05,Morning,Leave,0.0,0.0
STF0426,2022-07-14,Night,Present,7.9,1.4
STF0173,2026-07-24,Morning,Present,7.4,0.7
STF0133,2026-08-20,Evening,Work From Home,7.5,2.5
STF0159,2026-08-23,Evening,Present,7.9,0.6
STF0266,2026-07-11,Morning,Present,8.6,0.8
STF0234,2026-08-28,Night,Present,7.5,1.5
STF0079,2026-07-09,Night,Present,9.1,0.0
STF0482,2024-11-16,Evening,Present,7.8,3.8
STF0422,2023-01-17,Morning,Present,7.5,0.6
STF0232,2026-07-24,Morning,Present,7.6,0.0
STF0466,2025-06-19,Night,Present,8.3,0.1
STF0123,2026-07-17,Morning,Present,8.2,0.4
STF0342,2024-03-17,Morning,Present,9.0,2.9
STF0119,2026-07-08,Evening,Present,6.9,1.7
STF0006,2026-07-24,Night,Present,7.8,0.0
STF0136,2026-07-28,Morning,Present,8.2,0.0
STF0054,2026-08-08,Morning,Present,8.3,0.6
STF0053,2026-08-05,Morning,Present,8.5,0.8
STF0037,2026-07-30,Morning,Present,7.6,0.0
STF0247,2026-08-07,Morning,Present,7.1,2.5
STF0134,2026-07-03,Evening,Present,7.7,0.8
STF0303,2026-08-16,Morning,Present,7.9,0.0
STF0229,2026-08-22,Morning,Present,8.3,1.5
STF0243,2026-08-13,Evening,Leave,0.0,0.0
STF0119,2026-07-10,Evening,Present,7.3,1.6
STF0060,2026-08-18,Night,Present,7.4,0.0
STF0156,2026-08-03,Morning,Present,8.2,0.0
STF0087,2026-08-13,Evening,Present,9.2,0.5
STF0213,2026-08-13,Morning,Leave,0.0,0.0
STF0091,2026-07-08,Morning,Present,8.3,1.4
STF0174,2026-07-18,Morning,Present,9.1,3.8
STF0167,2026-07-01,Evening,Present,7.2,0.2
STF0258,2026-08-24,Morning,Present,8.5,1.6
STF0184,2026-07-04,Morning,Present,8.4,0.1
STF0357,2026-06-23,Night,Present,6.7,0.2
STF0202,2026-08-05,Evening,Present,8.2,0.0
STF0367,2026-08-02,Evening,Present,8.8,0.4
STF0291,2026-07-23,Morning,Present,8.4,0.4
STF0164,2026-08-26,Morning,Present,7.4,1.8
STF0215,2026-07-11,Morning,Present,7.2,0.0
STF0199,2026-08-12,Evening,Present,7.9,0.3
STF0019,2026-08-04,Evening,Present,8.8,1.1
STF0202,2026-07-08,Night,Present,8.4,0.0
STF0151,2026-08-28,Morning,Present,8.4,0.3
STF0207,2026-08-17,Evening,Present,8.0,0.4
STF0185,2026-07-11,Evening,Present,8.4,2.3
STF0287,2026-08-05,Night,Present,7.8,0.0
STF0133,2026-08-21,Evening,Present,8.9,0.0
STF0055,2026-07-04,Evening,Present,8.5,0.5
STF0100,2026-08-11,Evening,Present,7.0,2.8
STF0162,2026-08-06,Evening,Present,8.2,0.6
STF0210,2026-08-11,Morning,Present,8.6,1.2
STF0285,2026-08-21,Morning,Present,9.0,0.6
STF0181,2026-07-14,Morning,Present,8.9,3.0
STF0212,2026-08-06,Morning,Present,7.7,0.9
STF0169,2026-08-27,Morning,Present,7.2,0.4
STF0018,2026-08-27,Morning,Present,8.2,1.4
STF0344,2025-07-31,Morning,Present,7.9,1.5
STF0043,2026-08-05,Morning,Present,7.8,0.0
STF0289,2026-08-04,Night,Present,7.5,0.8
STF0034,2026-08-10,Evening,Present,7.6,0.0
STF0212,2026-07-01,Night,Present,8.4,0.1
STF0349,2026-12-04,Evening,Present,7.8,1.6
STF0130,2026-07-08,Morning,Present,8.0,1.1
STF0039,2026-07-29,Morning,Present,7.4,1.5
STF0297,2026-07-23,Evening,Present,7.7,1.2
STF0222,2026-08-04,Evening,Present,8.0,0.5
STF0263,2026-08-14,Morning,Present,7.4,0.0
STF0134,2026-08-24,Night,Present,8.8,0.0
STF0210,2026-08-26,Morning,Present,7.3,0.7
STF0063,2026-08-20,Night,Present,8.1,0.0
STF0059,2026-07-24,Evening,Present,8.2,0.5
STF0163,2026-07-03,Morning,Present,8.3,0.1
STF0037,2026-07-09,Evening,Present,7.7,0.0
STF0284,2026-08-15,Morning,Present,8.2,1.4
STF0240,2026-08-08,Morning,Present,8.3,0.4
STF0464,2024-11-07,Morning,Absent,0.0,0.0
STF0064,2026-08-25,Morning,Present,6.7,2.4
STF0268,2026-07-01,Night,Present,7.5,1.4
STF0171,2026-08-06,Evening,Present,8.3,0.1
STF0237,2026-07-14,Evening,Present,7.4,1.3
STF0302,2026-07-09,Morning,Present,8.3,1.5
STF0052,2026-07-15,Morning,Present,7.3,0.1
STF0047,2026-08-07,Morning,Present,8.4,0.2
STF0074,2026-07-15,Morning,Present,8.3,1.3
STF0263,2026-08-04,Morning,Present,7.4,0.7
STF0015,2026-08-05,Morning,Work From Home,8.4,1.4
STF0053,2026-08-08,Evening,Present,8.1,2.2
STF0073,2026-07-29,Evening,Present,6.9,2.0
STF0359,2023-01-09,Morning,Present,7.4,0.3
STF0038,2026-08-17,Night,Leave,0.0,0.0
STF0409,2023-05-09,Night,Present,8.1,0.6
STF0300,2026-07-14,Evening,Present,8.1,1.5
STF0204,2026-08-16,Morning,Present,7.8,0.0
STF0032,2026-07-21,Evening,Present,8.8,0.7
STF0097,2026-07-14,Morning,Present,6.8,0.5
STF0083,2026-08-02,Morning,Present,8.1,0.0
STF0151,2026-07-28,Evening,Present,9.7,1.5
STF0087,2026-07-28,Night,Present,8.1,2.4
STF0197,2026-08-06,Morning,Present,7.8,2.1
STF0279,2026-07-03,Morning,Present,8.0,0.5
STF0059,2026-08-03,Morning,Present,7.7,0.0
STF0316,2026-07-24,Night,Present,8.0,0.0
STF0490,2024-03-14,Morning,Present,8.0,0.3
STF0106,2026-07-22,Evening,Present,7.2,2.1
STF0299,2026-07-05,Evening,Present,8.9,0.4
STF0165,2026-07-07,Evening,Present,7.9,1.9
STF0114,2026-08-03,Evening,Present,7.7,0.0
STF0109,2026-07-18,Evening,Present,7.4,2.9
STF0312,2026-08-08,Morning,Present,7.8,3.5
STF0212,2026-08-18,Evening,Present,9.2,0.0
STF0006,2026-08-16,Morning,Present,7.8,0.8
STF0106,2026-07-31,Morning,Present,7.5,0.6
STF0331,2026-07-12,Morning,Present,7.4,1.5
STF0200,2026-07-14,Night,Present,8.0,0.0
STF0146,2026-08-19,Night,Present,9.0,0.0
STF0029,2026-08-03,Morning,Present,7.4,1.7
STF0145,2026-07-14,Evening,Present,8.3,0.0
STF0079,2026-07-12,Morning,Present,8.7,0.0
STF0169,2026-08-12,Morning,Present,8.5,2.4
STF0253,2026-07-20,Morning,Leave,0.0,0.0
STF0083,2026-08-25,Morning,Present,8.6,0.3
STF0085,2026-08-21,Evening,Present,7.6,1.9
STF0303,2026-07-16,Night,Present,7.9,0.0
STF0009,2026-07-30,Evening,Present,7.9,1.2
STF0284,2026-08-16,Night,Present,8.7,0.0
STF0168,2026-07-23,Night,Present,7.7,0.4
STF0297,2026-08-25,Morning,Work From Home,7.8,0.0
STF0273,2026-07-15,Morning,Present,7.5,0.0
STF0186,2026-07-18,Night,Present,7.9,0.0
STF0261,2026-08-21,Morning,Present,7.7,1.0
STF0043,2026-08-19,Morning,Present,8.0,0.3
STF0213,2026-07-07,Evening,Present,8.3,0.2
STF0013,2026-07-25,Morning,Present,7.5,0.9
STF0137,2026-07-28,Morning,Present,8.3,1.0
STF0247,2026-08-22,Evening,Present,7.7,0.3
STF0214,2026-08-11,Morning,Absent,0.0,0.0
STF0445,2025-06-15,Evening,Present,8.2,0.6
STF0146,2026-08-15,Evening,Present,7.1,0.0
STF0295,2026-08-11,Morning,Present,8.7,0.0
STF0011,2026-08-19,Morning,Present,8.2,0.0
STF0008,2026-07-19,Morning,Present,8.0,0.0
STF0477,2024-12-07,Morning,Present,7.6,0.2
STF0309,2026-07-03,Morning,Present,7.7,0.0
STF0254,2026-08-15,Morning,Present,8.2,0.0
STF0266,2026-07-09,Morning,Present,8.1,0.0
STF0279,2026-07-25,Night,Present,8.3,0.1
STF0157,2026-08-14,Morning,Present,7.7,0.0
STF0442,2023-02-24,Morning,Present,7.7,0.6
STF0086,2026-08-20,Night,Present,7.6,0.0
STF0416,2021-11-05,Morning,Present,8.0,0.5
STF0235,2026-08-21,Evening,Present,7.4,1.9
STF0199,2026-07-14,Night,Present,8.3,0.6
STF0231,2026-08-11,Evening,Present,8.5,1.7
STF0116,2026-07-28,Night,Present,7.6,0.5
STF0210,2026-07-23,Night,Present,7.2,0.0
STF0158,2026-07-16,Morning,Present,7.9,2.7
STF0405,2024-07-25,Evening,Present,8.5,2.3
STF0073,2026-08-04,Evening,Present,8.7,0.4
STF0333,2026-08-08,Morning,Present,7.5,2.9
STF0068,2026-07-31,Evening,Present,8.6,1.9
STF0263,2026-07-23,Morning,Present,8.4,0.0
STF0290,2026-07-25,Morning,Absent,0.0,0.0
STF0123,2026-08-04,Morning,Present,7.9,0.0
STF0049,2026-08-24,Night,Present,7.8,1.4
STF0312,2026-08-07,Morning,Present,8.7,2.2
STF0021,2026-07-16,Morning,Present,7.6,0.0
STF0491,2024-04-19,Morning,Present,7.6,2.0
STF0132,2026-07-28,Morning,Leave,0.0,0.0
STF0265,2026-07-01,Morning,Present,8.3,1.2
STF0289,2026-08-09,Morning,Present,8.9,0.0
STF0150,2026-07-23,Morning,Present,6.9,1.2
STF0335,2026-08-25,Night,Absent,0.0,0.0
STF0330,2026-08-21,Evening,Present,7.3,1.4
STF0025,2026-07-14,Morning,Present,7.6,2.5
STF0343,2025-07-11,Evening,Present,9.5,1.0
STF0005,2026-07-12,Night,Present,7.8,0.0
STF0242,2026-08-08,Night,Present,7.4,0.0
STF0036,2026-07-16,Morning,Present,8.3,0.1
STF0145,2026-08-29,Morning,Present,6.9,0.5
STF0112,2026-07-27,Morning,Present,6.8,0.0
STF0025,2026-07-11,Morning,Present,7.6,0.0
STF0024,2026-08-17,Morning,Present,8.6,0.4
STF0467,2023-12-16,Morning,Present,7.7,0.7
STF0057,2026-07-31,Morning,Present,7.3,0.0
STF0349,2023-04-19,Evening,Present,8.6,2.0
STF0452,2024-08-22,Morning,Present,7.7,3.0
STF0104,2026-08-18,Night,Present,7.5,0.8
STF0188,2026-07-01,Evening,Present,8.3,1.3
STF0269,2026-07-01,Night,Present,7.5,0.0
STF0270,2026-08-28,Morning,Work From Home,7.8,1.4
STF0106,2026-08-14,Morning,Present,7.6,0.0
STF0053,2026-08-03,Morning,Work From Home,9.1,0.0
STF0259,2026-07-28,Evening,Present,8.5,3.9
STF0304,2026-08-26,Morning,Present,8.7,0.0
STF0256,2026-07-22,Morning,Present,7.5,0.0
STF0275,2026-07-23,Morning,Present,7.5,0.4
STF0102,2026-07-31,Morning,Present,7.8,0.0
STF0141,2026-07-29,Morning,Present,7.9,2.1
STF0358,2025-04-17,Morning,Present,7.8,1.9
STF0041,2026-07-24,Night,Present,8.0,1.3
STF0019,2026-07-18,Morning,Present,8.3,0.0
STF0271,2026-08-14,Evening,Present,8.6,0.1
STF0170,2026-08-15,Evening,Present,6.6,1.2
STF0096,2026-08-21,Morning,Present,8.5,2.2
STF0149,2026-08-19,Morning,Present,8.6,0.0
STF0022,2026-07-29,Night,Present,8.1,1.8
STF0245,2026-07-14,Evening,Present,8.1,0.6
STF0095,2026-08-13,Evening,Present,8.7,1.8
STF0166,2026-08-29,Morning,Present,8.6,0.2
STF0013,2026-07-14,Evening,Present,8.4,0.4
STF0018,2026-08-15,Morning,Present,9.1,0.0
STF0431,2021-02-16,Night,Present,8.2,0.2
STF0160,2026-07-17,Morning,Leave,0.0,0.0
STF0170,2026-07-19,Night,Leave,0.0,0.0
STF0050,2026-08-20,Evening,Present,8.1,0.0
STF0353,2022-12-18,Night,Present,7.3,0.0
STF0221,2026-07-21,Evening,Present,9.2,2.5
STF0288,2026-07-21,Morning,Present,8.0,0.7
STF0086,2026-08-19,Evening,Present,8.3,0.8
STF0175,2026-08-17,Morning,Absent,0.0,0.0
STF0127,2026-07-22,Evening,Present,7.6,0.5
STF0200,2026-07-13,Morning,Present,8.2,0.0
STF0170,2026-07-08,Night,Present,9.2,0.0
STF0258,2026-07-11,Evening,Present,8.4,0.2
STF0264,2026-08-13,Morning,Present,8.0,0.0
STF0478,2023-01-13,Night,Present,8.6,0.9
STF0009,2026-08-28,Morning,Present,8.5,1.9
STF0098,2026-08-03,Evening,Present,8.4,0.0
STF0389,2024-09-05,Morning,Leave,0.0,0.0
STF0065,2026-07-01,Night,Present,8.2,0.9
STF0029,2026-07-31,Morning,Present,7.5,0.0
STF0055,2026-08-23,Night,Present,8.7,0.5
STF0144,2026-08-28,Night,Present,7.7,0.9
STF0426,2026-09-08,Morning,Present,7.7,0.6
STF0025,2026-07-04,Morning,Present,7.8,1.9
STF0035,2026-08-20,Morning,Absent,0.0,0.0
STF0444,2021-05-23,Evening,Present,7.7,0.9
STF0025,2026-07-17,Evening,Present,8.5,0.6
STF0409,2025-09-21,Evening,Present,8.6,0.0
STF0361,2022-09-13,Morning,Present,7.5,1.3
STF0099,2026-07-11,Morning,Present,8.5,0.0
STF0289,2026-07-04,Night,Present,7.8,0.0
STF0222,2026-07-03,Evening,Present,8.4,0.0
STF0056,2026-07-04,Night,Present,7.8,1.6
STF0120,2026-08-04,Evening,Present,9.3,0.0
STF0099,2026-07-01,Night,Present,7.5,1.7
STF0063,2026-08-06,Morning,Present,8.0,0.0
STF0356,2025-05-18,Morning,Present,7.5,0.7
STF0096,2026-07-21,Night,Present,8.6,1.0
STF0260,2026-07-21,Morning,Present,7.0,0.0
STF0173,2026-08-13,Evening,Present,8.3,2.3
STF0472,2023-01-13,Evening,Present,8.1,0.6
STF0045,2026-07-07,Morning,Present,8.7,0.0
STF0081,2026-07-16,Night,Present,7.9,1.0
STF0110,2026-08-05,Night,Present,8.2,1.0
STF0478,2021-09-02,Morning,Present,8.7,0.5
STF0146,2026-07-27,Night,Present,7.8,0.0
STF0036,2026-08-23,Morning,Leave,0.0,0.0
STF0270,2026-07-06,Evening,Present,7.5,0.6
STF0054,2026-07-10,Evening,Present,7.9,2.1
STF0005,2026-08-20,Morning,Present,8.5,2.6
STF0226,2026-08-25,Evening,Present,8.0,0.0
STF0091,2026-07-02,Evening,Present,7.1,0.0
STF0099,2026-07-17,Evening,Present,8.2,1.3
STF0319,2026-08-24,Morning,Present,7.9,1.9
STF0166,2026-08-21,Morning,Present,8.1,0.4
STF0284,2026-07-24,Morning,Present,7.9,0.0
STF0212,2026-08-17,Evening,Present,7.8,0.0
STF0326,2026-07-05,Morning,Present,7.5,0.0
STF0337,2026-08-07,Morning,Absent,0.0,0.0
STF0153,2026-08-01,Morning,Present,8.1,0.0
STF0245,2026-08-22,Morning,Present,7.5,0.7
STF0259,2026-08-02,Evening,Present,8.0,0.0
STF0174,2026-08-15,Morning,Present,8.3,0.4
STF0090,2026-08-17,Night,Present,8.6,1.6
STF0153,2026-07-20,Evening,Work From Home,7.8,1.8
STF0323,2026-07-25,Morning,Leave,0.0,0.0
STF0174,2026-07-24,Evening,Present,7.7,1.5
STF0372,2023-03-10,Morning,Present,8.7,0.6
STF0026,2026-07-05,Morning,Present,8.0,0.0
STF0094,2026-08-14,Evening,Work From Home,7.7,0.7
STF0017,2026-07-11,Night,Present,8.2,0.8
STF0173,2026-08-14,Morning,Present,9.3,1.1
STF0033,2026-08-18,Evening,Present,7.9,1.2
STF0070,2026-07-22,Morning,Present,7.6,0.0
STF0049,2026-08-04,Night,Present,7.3,1.1
STF0122,2026-07-29,Morning,Present,8.1,0.0
STF0268,2026-08-06,Morning,Present,8.0,2.2
STF0457,2024-06-27,Evening,Present,8.0,1.9
STF0268,2026-07-05,Morning,Present,7.9,0.9
STF0030,2026-07-29,Evening,Present,7.5,0.7
STF0051,2026-07-02,Evening,Present,7.6,0.0
STF0426,2024-08-21,Evening,Present,8.4,0.5
STF0137,2026-08-18,Evening,Leave,0.0,0.0
STF0318,2026-07-30,Morning,Present,8.3,1.1
STF0105,2026-08-03,Morning,Present,8.1,2.6
STF0236,2026-07-21,Night,Present,7.2,0.1
STF0313,2026-08-03,Morning,Present,9.3,0.0
STF0320,2026-08-29,Morning,Leave,0.0,0.0
STF0054,2026-07-06,Morning,Present,7.8,0.0
STF0028,2026-07-23,Evening,Present,8.5,0.8
STF0194,2026-08-26,Morning,Present,8.6,1.9
STF0257,2026-07-21,Evening,Present,8.2,1.2
STF0234,2026-08-01,Evening,Present,9.9,0.0
STF0201,2026-07-10,Morning,Present,7.8,0.0
STF0188,2026-07-23,Evening,Present,8.6,0.8
STF0284,2026-08-26,Evening,Present,9.3,0.6
STF0279,2026-07-27,Evening,Present,7.9,1.3
STF0115,2026-08-16,Night,Present,8.3,0.9
STF0078,2026-08-28,Morning,Absent,0.0,0.0
STF0225,2026-08-29,Night,Present,8.2,1.5
STF0125,2026-07-16,Evening,Present,8.9,1.8
STF0063,2026-08-29,Evening,Present,8.8,1.3
STF0116,2026-08-13,Morning,Present,8.1,1.4
STF0037,2026-08-12,Morning,Present,7.4,0.0
STF0222,2026-07-16,Night,Present,8.1,1.3
STF0045,2026-07-27,Night,Leave,0.0,0.0
STF0191,2026-08-27,Evening,Leave,0.0,0.0
STF0047,2026-07-09,Morning,Present,9.1,2.9
STF0290,2026-07-28,Morning,Present,8.5,0.0
STF0065,2026-07-08,Morning,Present,7.2,1.4
STF0008,2026-07-14,Morning,Present,8.5,0.0
STF0243,2026-07-16,Evening,Present,8.7,0.0
STF0038,2026-07-19,Morning,Leave,0.0,0.0
STF0333,2026-08-28,Morning,Present,9.2,1.4
STF0242,2026-08-15,Evening,Present,9.0,0.0
STF0108,2026-07-23,Night,Present,7.8,0.3
STF0070,2026-08-26,Morning,Present,8.1,0.0
STF0060,2026-07-10,Night,Leave,0.0,0.0
STF0329,2026-07-12,Evening,Present,7.5,0.0
STF0083,2026-07-15,Morning,Present,7.5,0.0
STF0036,2026-08-20,Night,Present,8.5,2.3
STF0026,2026-08-05,Morning,Present,8.2,2.2
STF0197,2026-07-15,Evening,Present,7.4,0.0
STF0031,2026-07-28,Evening,Present,8.0,1.1
STF0180,2026-07-23,Evening,Present,8.4,1.8
STF0172,2026-07-28,Night,Present,8.7,0.4
STF0022,2026-07-13,Morning,Present,7.6,1.4
STF0273,2026-07-22,Morning,Present,7.6,0.5
STF0239,2026-07-01,Evening,Work From Home,8.2,0.0
STF0421,2025-05-24,Evening,Present,8.1,0.8
STF0345,2026-06-30,Night,Present,8.1,0.0
STF0391,2022-11-21,Morning,Present,8.0,0.8
STF0307,2026-08-10,Morning,Present,8.5,1.5
STF0119,2026-07-21,Evening,Work From Home,8.2,0.2
STF0178,2026-07-26,Morning,Present,7.8,2.0
STF0042,2026-07-08,Evening,Present,8.5,0.0
STF0049,2026-08-05,Morning,Present,8.5,1.1
STF0105,2026-07-25,Night,Absent,0.0,0.0
STF0251,2026-08-25,Morning,Present,8.3,1.0
STF0029,2026-07-19,Morning,Present,7.9,0.2
STF0265,2026-07-07,Morning,Present,9.1,0.0
STF0441,2023-10-13,Night,Leave,0.0,0.0
STF0135,2026-08-15,Morning,Present,7.7,0.0
STF0192,2026-07-24,Morning,Present,7.0,0.0
STF0322,2026-08-07,Night,Present,7.7,0.6
STF0134,2026-08-04,Morning,Present,7.8,0.8
STF0277,2026-08-20,Morning,Present,7.8,0.3
STF0244,2026-08-18,Morning,Present,7.9,0.0
STF0471,2022-05-04,Evening,Present,8.9,0.1
STF0197,2026-07-31,Evening,Leave,0.0,0.0
STF0078,2026-07-10,Evening,Present,8.4,1.0
STF0158,2026-07-14,Evening,Present,8.0,1.4
STF0322,2026-08-06,Morning,Present,8.0,0.7
STF0222,2026-07-13,Morning,Present,8.3,1.7
STF0273,2026-07-01,Morning,Present,8.1,0.0
STF0084,2026-07-27,Morning,Present,8.2,1.5
STF0077,2026-08-06,Night,Present,8.6,2.4
STF0310,2026-07-06,Night,Present,8.2,2.2
STF0334,2026-07-31,Night,Present,8.2,2.4
STF0115,2026-07-16,Night,Leave,0.0,0.0
STF0035,2026-07-14,Evening,Present,7.7,1.1
STF0231,2026-08-28,Morning,Present,6.6,0.9
STF0158,2026-07-03,Morning,Present,7.0,2.8
STF0108,2026-07-14,Evening,Present,8.1,1.5
STF0139,2026-07-07,Morning,Leave,0.0,0.0
STF0054,2026-07-17,Night,Present,7.3,1.4
STF0422,2021-11-05,Morning,Present,7.6,1.3
STF0328,2026-08-21,Morning,Present,7.7,1.9
STF0280,2026-08-26,Morning,Present,8.0,0.5
STF0300,2026-07-05,Evening,Present,8.0,0.5
STF0035,2026-08-14,Morning,Present,7.9,0.5
STF0236,2026-08-04,Morning,Present,8.2,0.5
STF0430,2023-05-05,Morning,Present,8.5,2.4
STF0085,2026-07-22,Morning,Present,6.9,0.5
STF0198,2026-07-09,Morning,Present,7.9,0.0
STF0189,2026-07-09,Morning,Present,8.4,2.4
STF0189,2026-07-22,Evening,Present,8.2,0.8
STF0337,2026-07-06,Morning,Present,7.7,2.5
STF0218,2026-07-20,Morning,Present,7.5,0.2
STF0073,2026-08-10,Night,Present,7.2,3.3
STF0118,2026-07-23,Night,Present,7.9,2.6
STF0104,2026-07-14,Night,Present,8.3,1.3
STF0116,2026-07-27,Evening,Present,7.6,1.3
STF0211,2026-07-07,Morning,Leave,0.0,0.0
STF0326,2026-07-22,Evening,Present,8.5,0.0
STF0265,2026-08-04,Morning,Present,6.9,0.7
STF0328,2026-07-06,Morning,Leave,0.0,0.0
STF0144,2026-08-24,Evening,Present,8.0,0.1
STF0327,2026-07-03,Night,Present,9.1,0.7
STF0129,2026-07-13,Evening,Present,7.7,0.1
STF0109,2026-08-22,Morning,Work From Home,7.8,0.0
STF0006,2026-07-27,Night,Present,8.5,0.0
STF0263,2026-08-08,Morning,Present,7.7,0.2
STF0250,2026-08-15,Night,Leave,0.0,0.0
STF0270,2026-07-13,Night,Present,8.5,0.0
STF0032,2026-07-11,Night,Leave,0.0,0.0
STF0321,2026-08-06,Morning,Present,7.4,1.7
STF0282,2026-08-24,Morning,Present,7.4,0.0
STF0193,2026-08-11,Morning,Present,7.1,0.0
STF0192,2026-07-13,Evening,Present,8.4,0.8
STF0084,2026-08-11,Night,Present,8.1,0.0
STF0235,2026-07-13,Evening,Absent,0.0,0.0
STF0320,2026-08-20,Night,Present,8.5,0.9
STF0113,2026-07-23,Evening,Leave,0.0,0.0
STF0165,2026-07-20,Evening,Present,8.2,2.2
STF0123,2026-08-12,Night,Present,9.4,0.4
STF0313,2026-08-07,Morning,Present,7.9,0.3
STF0270,2026-07-09,Evening,Present,8.3,1.6
STF0093,2026-07-12,Evening,Present,8.1,0.0
STF0493,2023-10-13,Evening,Present,6.7,0.6
STF0098,2026-07-05,Morning,Present,8.6,1.0
STF0378,2023-04-27,Morning,Present,7.9,1.8
STF0165,2026-08-05,Morning,Present,7.3,1.7
STF0114,2026-08-20,Morning,Present,7.5,1.8
STF0467,2024-05-20,Evening,Present,8.3,0.0
STF0171,2026-08-15,Morning,Present,7.5,2.6
STF0130,2026-07-03,Morning,Present,8.0,0.9
STF0078,2026-08-27,Evening,Present,8.3,0.4
STF0074,2026-07-16,Evening,Leave,0.0,0.0
STF0269,2026-07-07,Evening,Present,8.6,0.3
STF0265,2026-08-25,Morning,Leave,0.0,0.0
STF0066,2026-08-14,Evening,Present,7.4,2.0
STF0006,2026-08-21,Morning,Present,9.7,1.1
STF0045,2026-08-03,Morning,Present,7.8,3.1
STF0080,2026-07-18,Morning,Present,8.5,1.3
STF0226,2026-07-04,Morning,Present,7.7,0.0
STF0268,2026-08-10,Morning,Present,7.9,4.4
STF0097,2026-07-07,Night,Present,7.3,0.3
STF0013,2026-08-26,Morning,Present,8.0,1.2
STF0362,2021-11-16,Evening,Present,7.8,0.0
STF0153,2026-08-17,Morning,Present,8.1,2.0
STF0207,2026-08-25,Morning,Present,8.9,2.2
STF0037,2026-08-05,Morning,Work From Home,8.9,0.0
STF0177,2026-07-12,Morning,Present,8.4,0.0
STF0051,2026-08-22,Morning,Present,8.1,0.0
STF0500,2022-01-16,Night,Present,7.8,2.9
STF0471,2025-11-28,Night,Present,7.9,1.8
STF0242,2026-08-06,Morning,Present,9.0,0.0
STF0026,2026-07-28,Morning,Present,8.5,1.2
STF0020,2026-07-27,Morning,Present,7.9,0.0
STF0066,2026-07-16,Evening,Present,8.2,2.1
STF0056,2026-07-11,Night,Present,7.6,0.6
STF0169,2026-07-10,Evening,Present,7.6,1.0
STF0269,2026-07-06,Morning,Present,9.0,0.2
STF0063,2026-08-24,Night,Present,8.0,0.0
STF0239,2026-08-12,Evening,Present,8.5,1.1
STF0185,2026-07-03,Night,Present,8.4,0.5
STF0002,2026-08-29,Morning,Present,7.9,2.5
STF0078,2026-07-15,Morning,Present,8.3,0.0
STF0363,2021-09-07,Evening,Work From Home,7.2,1.8
STF0290,2026-07-22,Evening,Present,7.8,0.1
STF0312,2026-08-04,Morning,Present,8.1,0.7
STF0310,2026-08-21,Morning,Present,8.5,0.0
STF0299,2026-07-02,Morning,Present,8.5,1.0
STF0243,2026-08-07,Night,Present,7.2,0.0
STF0259,2026-07-30,Morning,Present,8.5,1.3
STF0168,2026-07-29,Night,Present,7.9,2.0
STF0251,2026-07-15,Evening,Present,8.9,3.7
STF0033,2026-08-12,Night,Leave,0.0,0.0
STF0197,2026-07-28,Morning,Leave,0.0,0.0
STF0138,2026-07-22,Morning,Present,7.9,0.3
STF0135,2026-08-24,Morning,Present,7.8,0.6
STF0013,2026-07-01,Night,Present,8.6,0.1
STF0188,2026-08-27,Morning,Present,7.1,0.5
STF0001,2026-08-24,Night,Present,8.5,1.3
STF0407,2024-10-24,Morning,Present,7.6,1.3
STF0259,2026-08-13,Evening,Present,8.5,0.9
STF0092,2026-07-28,Morning,Present,8.8,1.8
STF0094,2026-07-26,Evening,Absent,0.0,0.0
STF0133,2026-07-04,Night,Present,7.4,2.5
STF0160,2026-07-22,Evening,Present,8.1,0.8
STF0387,2024-11-04,Night,Present,8.2,0.4
STF0215,2026-07-04,Evening,Present,8.3,2.0
STF0425,2024-04-06,Night,Present,8.3,0.0
STF0309,2026-07-24,Evening,Present,7.6,1.3
STF0229,2026-07-11,Morning,Present,8.7,2.0
STF0137,2026-08-17,Morning,Present,9.3,0.0
STF0152,2026-08-08,Morning,Present,7.6,0.0
STF0327,2026-08-06,Evening,Present,8.7,1.3
STF0012,2026-07-15,Evening,Present,7.5,2.0
STF0223,2026-07-04,Morning,Present,7.7,0.9
STF0008,2026-08-28,Morning,Present,8.0,0.1
STF0340,2026-07-09,Night,Present,8.6,1.0
STF0260,2026-07-29,Night,Present,8.5,1.3
STF0004,2026-08-20,Morning,Present,8.3,0.9
STF0241,2026-07-06,Morning,Present,8.3,1.7
STF0050,2026-07-02,Evening,Present,8.3,0.0
STF0009,2026-08-06,Morning,Present,6.9,0.4
STF0059,2026-07-07,Evening,Present,8.0,0.0
STF0189,2026-08-15,Evening,Present,7.6,2.2
STF0248,2026-08-03,Night,Present,9.1,1.0
STF0251,2026-08-26,Evening,Present,7.9,0.1
STF0192,2026-07-29,Morning,Absent,0.0,0.0
STF0180,2026-07-24,Night,Leave,0.0,0.0
STF0300,2026-08-17,Night,Present,7.9,0.7
STF0068,2026-07-23,Evening,Present,7.5,1.5
STF0199,2026-07-12,Morning,Work From Home,8.2,1.8
STF0103,2026-08-08,Morning,Present,8.5,0.0
STF0061,2026-07-30,Morning,Absent,0.0,0.0
STF0035,2026-07-22,Morning,Present,7.1,0.0
STF0200,2026-08-25,Evening,Present,7.9,1.5
STF0462,2023-11-13,Morning,Leave,0.0,0.0
STF0411,2023-03-07,Morning,Present,7.3,1.3
STF0221,2026-08-27,Morning,Present,8.6,0.0
STF0153,2026-08-15,Evening,Present,9.0,1.0
STF0307,2026-07-20,Evening,Present,7.9,0.1
STF0156,2026-07-27,Morning,Present,7.0,0.0
STF0153,2026-07-25,Morning,Present,8.3,2.3
STF0097,2026-07-29,Morning,Present,8.3,1.9
STF0017,2026-08-03,Morning,Absent,0.0,0.0
STF0214,2026-07-07,Evening,Present,8.5,0.0
STF0056,2026-07-27,Evening,Present,8.3,0.0
STF0116,2026-08-07,Morning,Present,6.8,1.3
STF0183,2026-08-26,Morning,Present,7.2,1.9
STF0386,2025-02-01,Night,Present,7.3,1.4
STF0095,2026-08-21,Morning,Present,7.8,1.9
STF0242,2026-07-26,Night,Present,7.5,1.1
STF0233,2026-08-21,Night,Present,7.2,2.6
STF0251,2026-07-10,Morning,Present,9.2,2.4
STF0179,2026-07-28,Evening,Present,8.4,0.1
STF0049,2026-07-07,Night,Present,8.6,1.2
STF0004,2026-07-15,Morning,Present,8.0,0.0
STF0289,2026-08-16,Evening,Present,8.9,1.0
STF0424,2021-12-29,Morning,Present,8.2,0.8
STF0280,2026-08-29,Morning,Present,8.8,1.1
STF0195,2026-07-29,Morning,Present,8.8,0.0
STF0159,2026-08-12,Evening,Present,7.3,0.6
STF0261,2026-08-23,Morning,Present,7.2,1.9
STF0311,2026-08-10,Morning,Present,7.9,0.3
STF0276,2026-07-03,Evening,Present,7.8,2.0
STF0251,2026-07-23,Morning,Present,7.5,0.2
STF0213,2026-07-09,Night,Leave,0.0,0.0
STF0273,2026-07-25,Evening,Present,8.6,0.0
STF0284,2026-08-08,Evening,Present,7.7,0.8
STF0101,2026-08-21,Evening,Leave,0.0,0.0
STF0006,2026-08-23,Night,Present,9.0,1.0
STF0130,2026-07-10,Morning,Present,7.6,0.2
STF0063,2026-08-18,Night,Present,8.3,1.5
STF0493,2022-09-07,Morning,Present,8.5,2.0
STF0165,2026-08-03,Night,Leave,0.0,0.0
STF0070,2026-07-03,Morning,Present,7.5,1.2
STF0180,2026-07-30,Evening,Present,6.7,1.6
STF0257,2026-07-20,Night,Present,9.4,0.2
STF0006,2026-07-12,Morning,Leave,0.0,0.0
STF0475,2024-10-21,Night,Present,7.7,2.6
STF0236,2026-08-07,Morning,Present,8.5,0.0
STF0207,2026-08-21,Evening,Present,8.1,0.0
STF0069,2026-07-08,Morning,Leave,0.0,0.0
STF0061,2026-07-19,Morning,Present,7.0,0.0
STF0406,2022-04-25,Evening,Present,7.8,0.6
STF0180,2026-08-04,Evening,Present,8.2,0.8
STF0233,2026-08-24,Morning,Present,8.4,1.6
STF0334,2026-08-18,Morning,Present,7.6,0.9
STF0023,2026-08-21,Morning,Present,8.0,0.0
STF0065,2026-07-25,Morning,Present,7.5,0.0
STF0272,2026-08-16,Evening,Present,6.5,1.1
STF0341,2026-08-03,Morning,Present,8.7,2.7
STF0144,2026-08-18,Night,Leave,0.0,0.0
STF0031,2026-07-08,Night,Present,7.9,1.6
STF0055,2026-07-22,Evening,Present,8.0,0.0
STF0133,2026-07-02,Evening,Present,7.9,0.0
STF0099,2026-08-13,Morning,Present,7.7,0.6
STF0330,2026-07-24,Morning,Present,7.9,0.0
STF0415,2026-05-10,Evening,Present,8.1,1.5
STF0136,2026-08-13,Morning,Leave,0.0,0.0
STF0433,2024-02-16,Morning,Present,8.6,0.0
STF0177,2026-08-18,Morning,Present,7.3,0.1
STF0304,2026-08-01,Night,Present,7.3,0.0
STF0103,2026-08-27,Evening,Present,8.0,1.4
STF0462,2025-01-07,Morning,Present,8.9,1.8
STF0102,2026-07-09,Evening,Present,8.4,1.0
STF0220,2026-07-09,Evening,Present,8.4,0.0
STF0307,2026-07-30,Morning,Present,7.5,0.0
STF0253,2026-08-12,Night,Present,8.2,2.2
STF0300,2026-07-11,Night,Present,8.9,4.5
STF0155,2026-07-06,Morning,Present,7.6,1.0
STF0123,2026-08-28,Morning,Present,8.0,0.0
STF0135,2026-07-22,Night,Present,7.8,1.7
STF0046,2026-07-23,Morning,Present,8.4,1.6
STF0062,2026-08-05,Morning,Present,8.7,0.0
STF0242,2026-08-24,Morning,Present,7.4,0.7
STF0062,2026-08-12,Night,Present,7.6,0.4
STF0450,2022-09-16,Evening,Present,8.2,1.7
STF0154,2026-07-03,Morning,Present,8.0,1.5
STF0475,2025-07-11,Night,Present,7.7,0.6
STF0014,2026-08-16,Morning,Present,8.4,0.0
STF0017,2026-07-01,Morning,Present,7.5,1.7
STF0182,2026-07-23,Evening,Present,7.4,0.7
STF0188,2026-07-06,Night,Present,7.8,2.8
STF0466,2022-06-29,Morning,Work From Home,8.1,1.0
STF0263,2026-07-28,Evening,Present,8.7,0.0
STF0372,2024-01-03,Evening,Present,8.1,1.8
STF0124,2026-07-28,Night,Present,7.1,0.8
STF0121,2026-08-14,Morning,Present,9.4,2.9
STF0288,2026-07-04,Morning,Present,7.7,0.0
STF0154,2026-08-21,Evening,Present,7.5,0.0
STF0388,2022-05-28,Night,Present,8.2,1.8
STF0004,2026-07-21,Evening,Present,7.8,0.0
STF0112,2026-07-29,Evening,Present,7.9,1.2
STF0378,2024-12-10,Night,Leave,0.0,0.0
STF0238,2026-07-17,Night,Present,8.2,3.3
STF0067,2026-07-19,Morning,Work From Home,8.2,0.2
STF0144,2026-07-14,Morning,Present,7.8,2.1
STF0221,2026-07-10,Evening,Leave,0.0,0.0
STF0366,2022-12-08,Morning,Present,7.7,0.0
STF0145,2026-08-24,Morning,Present,7.4,0.4
STF0128,2026-08-07,Evening,Present,7.2,0.1
STF0142,2026-08-20,Morning,Present,8.8,0.0
STF0073,2026-07-24,Morning,Present,8.8,1.6
STF0330,2026-07-05,Morning,Present,8.3,0.0
STF0224,2026-07-22,Morning,Present,7.7,1.7
STF0153,2026-07-13,Morning,Present,8.0,3.4
STF0233,2026-07-18,Morning,Present,8.2,0.0
STF0156,2026-07-23,Morning,Present,8.3,0.4
STF0187,2026-07-10,Evening,Present,8.5,0.0
STF0050,2026-07-31,Evening,Present,7.7,1.0
STF0151,2026-08-08,Evening,Present,8.8,1.7
STF0364,2022-07-31,Night,Present,8.6,0.9
STF0463,2023-07-20,Evening,Present,7.4,0.7
STF0227,2026-08-25,Night,Present,6.5,2.0
STF0060,2026-08-20,Night,Present,8.9,1.9
STF0279,2026-07-16,Night,Absent,0.0,0.0
STF0398,2025-08-14,Morning,Present,7.5,0.3
STF0138,2026-07-15,Night,Present,8.6,0.3
STF0028,2026-07-21,Morning,Present,8.6,0.7
STF0049,2026-07-28,Night,Present,8.0,0.0
STF0193,2026-08-07,Evening,Present,6.9,1.6
STF0231,2026-07-31,Night,Present,8.6,1.9
STF0015,2026-08-28,Morning,Present,7.6,1.6
STF0409,2023-09-05,Night,Work From Home,7.7,0.1
STF0047,2026-07-06,Morning,Work From Home,8.9,2.7
STF0115,2026-08-19,Morning,Present,8.1,0.9
STF0331,2026-07-28,Night,Present,8.1,0.0
STF0197,2026-08-27,Evening,Present,9.0,1.6
STF0207,2026-08-08,Evening,Present,8.7,0.8
STF0127,2026-08-01,Morning,Present,8.2,4.4
STF0063,2026-07-21,Night,Present,7.0,3.9
STF0183,2026-07-11,Morning,Present,8.0,0.0
STF0211,2026-08-08,Evening,Present,8.0,0.0
STF0038,2026-07-26,Morning,Present,9.0,3.3
STF0377,2026-04-20,Evening,Present,7.4,1.5
STF0061,2026-07-26,Morning,Work From Home,8.5,1.9
STF0041,2026-07-30,Morning,Present,7.5,2.5
STF0465,2023-01-03,Morning,Present,8.2,0.2
STF0466,2023-09-16,Evening,Present,7.8,1.6
STF0308,2026-08-12,Night,Present,8.0,0.5
STF0380,2022-04-29,Evening,Present,9.0,0.0
STF0375,2026-03-14,Morning,Present,9.1,2.5
STF0237,2026-07-22,Morning,Present,6.9,0.0
STF0248,2026-07-17,Evening,Present,7.2,0.0
STF0029,2026-08-19,Morning,Present,8.8,0.0
STF0427,2025-02-20,Morning,Present,7.4,0.1
STF0459,2022-02-05,Night,Present,7.3,1.2
STF0234,2026-07-22,Morning,Present,7.6,0.9
STF0264,2026-07-13,Evening,Present,9.5,1.1
STF0293,2026-07-27,Morning,Present,8.6,2.5
STF0186,2026-07-31,Evening,Present,8.2,1.4
STF0083,2026-07-12,Evening,Present,8.5,0.0
STF0123,2026-07-07,Morning,Present,8.5,0.0
STF0184,2026-08-27,Evening,Present,7.0,3.7
STF0247,2026-07-27,Morning,Present,8.4,0.0
STF0004,2026-08-08,Morning,Present,7.8,0.9
STF0335,2026-08-13,Morning,Present,8.2,0.3
STF0042,2026-08-27,Night,Present,8.5,0.0
STF0209,2026-08-14,Evening,Present,7.9,0.8
STF0057,2026-08-24,Morning,Work From Home,8.2,0.0
STF0042,2026-07-18,Evening,Present,9.3,0.0
STF0366,2022-10-27,Night,Present,8.2,1.1
STF0173,2026-08-11,Evening,Present,7.6,0.9
STF0150,2026-07-27,Night,Present,9.1,1.4
STF0151,2026-07-16,Morning,Present,8.3,0.7
STF0167,2026-07-29,Evening,Present,7.4,0.8
STF0171,2026-07-31,Morning,Present,8.4,0.8
STF0014,2026-08-18,Night,Present,7.8,1.2
STF0092,2026-08-07,Morning,Present,7.3,0.6
STF0266,2026-08-06,Morning,Present,8.5,0.0
STF0205,2026-07-10,Night,Present,8.1,0.1
STF0332,2026-07-26,Night,Present,7.5,0.0
STF0049,2026-08-08,Morning,Present,7.9,0.0
STF0170,2026-07-24,Morning,Present,8.0,0.2
STF0291,2026-07-06,Morning,Present,8.7,1.2
STF0034,2026-08-02,Night,Present,7.6,1.2
STF0080,2026-08-28,Night,Present,9.0,0.0
STF0232,2026-08-23,Morning,Present,8.0,0.7
STF0344,2021-04-11,Evening,Present,8.5,0.6
STF0091,2026-08-22,Morning,Present,7.7,0.0
STF0079,2026-08-26,Evening,Present,7.8,2.5
STF0073,2026-07-04,Morning,Present,8.2,0.3
STF0311,2026-08-28,Morning,Present,7.6,0.0
STF0027,2026-08-09,Morning,Present,7.8,0.0
STF0196,2026-08-24,Morning,Present,8.7,1.0
STF0417,2023-01-13,Morning,Work From Home,7.8,2.1
STF0091,2026-08-02,Morning,Present,8.3,2.2
STF0279,2026-07-22,Evening,Present,7.9,3.5
STF0077,2026-08-13,Morning,Present,7.4,0.0
STF0067,2026-07-22,Evening,Present,7.3,0.7
STF0191,2026-07-25,Evening,Present,7.9,0.6
STF0288,2026-07-09,Morning,Present,7.4,0.0
STF0062,2026-08-22,Morning,Present,6.8,3.6
STF0370,2026-03-30,Morning,Present,7.9,2.1
STF0465,2021-04-04,Evening,Present,8.6,0.0
STF0233,2026-08-27,Morning,Present,8.5,0.8
STF0155,2026-08-12,Night,Present,7.8,0.0
STF0047,2026-08-06,Morning,Present,8.1,1.1
STF0262,2026-08-29,Evening,Present,7.0,2.6
STF0128,2026-07-04,Evening,Present,8.8,1.4
STF0132,2026-07-07,Morning,Present,7.7,0.9
STF0281,2026-07-08,Evening,Present,8.4,0.0
STF0111,2026-07-16,Morning,Present,8.6,1.7
STF0428,2022-11-03,Night,Present,9.0,0.2
STF0074,2026-08-08,Morning,Present,8.4,0.0
STF0295,2026-08-07,Morning,Present,7.5,2.7
STF0290,2026-08-16,Evening,Present,8.1,2.7
STF0073,2026-08-19,Morning,Present,7.9,0.0
STF0216,2026-07-08,Morning,Present,8.6,0.1
STF0160,2026-08-03,Evening,Present,7.9,1.2
STF0200,2026-08-11,Evening,Leave,0.0,0.0
STF0142,2026-08-07,Night,Present,9.2,1.0
STF0012,2026-08-06,Evening,Present,6.4,0.0
STF0262,2026-08-01,Night,Present,7.8,0.0
STF0009,2026-08-10,Night,Present,8.5,0.0
STF0139,2026-08-20,Morning,Present,7.8,0.0
STF0145,2026-07-29,Evening,Present,8.3,1.6
STF0228,2026-08-17,Evening,Present,9.2,1.9
STF0187,2026-08-17,Morning,Leave,0.0,0.0
STF0024,2026-07-14,Morning,Present,8.6,1.0
STF0308,2026-07-10,Morning,Present,8.1,1.0
STF0017,2026-07-03,Morning,Present,7.6,0.0
STF0012,2026-07-05,Morning,Present,8.9,0.0
STF0080,2026-08-07,Morning,Present,7.9,1.3
STF0284,2026-07-05,Morning,Present,7.3,0.0
STF0006,2026-07-28,Morning,Present,8.1,0.0
STF0163,2026-07-26,Morning,Present,8.2,0.0
STF0194,2026-08-05,Night,Present,8.3,0.8
STF0314,2026-08-12,Evening,Present,8.1,0.0
STF0091,2026-08-12,Evening,Present,8.3,0.0
STF0187,2026-07-26,Morning,Present,7.5,0.0
STF0212,2026-07-29,Morning,Present,7.0,0.0
STF0331,2026-07-09,Evening,Present,6.7,1.6
STF0361,2024-12-20,Evening,Present,7.6,1.1
STF0161,2026-07-29,Morning,Absent,0.0,0.0
STF0083,2026-07-01,Night,Present,7.6,0.0
STF0275,2026-07-21,Morning,Leave,0.0,0.0
STF0070,2026-08-13,Morning,Present,8.5,0.8
STF0385,2021-12-08,Night,Work From Home,8.8,0.8
STF0254,2026-07-11,Morning,Present,7.8,0.4
STF0161,2026-08-14,Evening,Present,8.6,1.6
STF0284,2026-08-20,Evening,Present,8.6,0.0
STF0108,2026-07-01,Night,Present,7.8,0.0
STF0475,2026-04-29,Morning,Present,7.9,0.1
STF0324,2026-07-27,Morning,Leave,0.0,0.0
STF0155,2026-08-29,Night,Present,8.0,0.6
STF0271,2026-07-07,Night,Present,7.8,2.2
STF0002,2026-08-11,Morning,Present,7.8,1.1
STF0136,2026-07-02,Evening,Present,8.5,0.0
STF0412,2022-04-18,Night,Leave,0.0,0.0
STF0148,2026-07-02,Morning,Present,7.9,0.7
STF0169,2026-08-10,Morning,Present,7.1,1.1
STF0150,2026-08-28,Evening,Present,7.7,1.5
STF0057,2026-07-25,Night,Present,7.8,2.4
STF0098,2026-07-04,Evening,Present,7.0,0.7
STF0314,2026-07-25,Morning,Present,8.8,0.0
STF0178,2026-07-31,Morning,Present,8.4,0.4
STF0340,2026-08-09,Morning,Present,7.7,0.0
STF0337,2026-07-17,Night,Present,7.0,2.6
STF0052,2026-07-06,Morning,Leave,0.0,0.0
STF0401,2026-07-19,Morning,Present,7.4,1.2
STF0079,2026-08-15,Night,Present,8.6,0.0
STF0007,2026-08-20,Evening,Present,8.0,2.0
STF0203,2026-08-29,Evening,Leave,0.0,0.0
STF0445,2024-04-15,Morning,Present,6.6,1.0
STF0060,2026-08-08,Morning,Present,7.9,2.4
STF0473,2025-11-05,Evening,Present,8.3,1.1
STF0118,2026-07-24,Evening,Leave,0.0,0.0
STF0056,2026-07-31,Night,Present,7.8,0.2
STF0426,2022-09-13,Evening,Present,7.3,0.6
STF0092,2026-08-09,Evening,Present,7.0,2.1
STF0075,2026-08-26,Morning,Present,9.2,0.5
STF0064,2026-08-12,Evening,Present,8.2,0.1
STF0006,2026-07-14,Evening,Present,7.7,1.2
STF0246,2026-08-03,Evening,Present,6.9,2.4
STF0053,2026-07-07,Night,Present,7.1,0.7
STF0237,2026-07-15,Morning,Present,9.7,0.0
STF0410,2026-04-30,Morning,Present,8.2,1.5
STF0030,2026-08-18,Evening,Present,7.6,2.2
STF0202,2026-07-21,Morning,Present,6.7,1.1
STF0265,2026-07-21,Night,Work From Home,7.8,0.3
STF0183,2026-07-07,Morning,Present,8.6,1.1
STF0092,2026-08-12,Morning,Present,8.8,2.2
STF0038,2026-07-03,Morning,Present,8.3,1.7
STF0276,2026-08-05,Morning,Leave,0.0,0.0
STF0040,2026-07-11,Morning,Present,7.8,0.6
STF0090,2026-08-15,Morning,Present,8.5,0.6
STF0343,2021-10-07,Morning,Present,8.7,0.1
STF0057,2026-08-05,Morning,Leave,0.0,0.0
STF0328,2026-07-05,Morning,Present,9.4,0.0
STF0278,2026-07-16,Morning,Present,8.4,1.2
STF0455,2025-02-13,Night,Present,8.8,0.7
STF0191,2026-07-28,Morning,Present,7.9,2.2
STF0048,2026-08-17,Evening,Present,7.2,0.5
STF0305,2026-07-07,Morning,Present,7.1,0.2
STF0085,2026-07-14,Morning,Leave,0.0,0.0
STF0110,2026-08-20,Morning,Present,6.9,0.6
STF0156,2026-08-21,Morning,Present,7.8,1.2
STF0270,2026-08-08,Morning,Present,8.0,0.0
STF0088,2026-07-25,Evening,Present,8.2,0.0
STF0017,2026-08-16,Morning,Present,9.1,0.0
STF0252,2026-08-07,Night,Present,7.5,1.7
STF0331,2026-07-22,Evening,Present,7.8,0.3
STF0038,2026-08-20,Evening,Present,7.4,1.6
STF0075,2026-07-25,Evening,Present,7.9,1.3
STF0228,2026-07-17,Evening,Present,8.7,1.3
STF0428,2021-04-17,Morning,Present,7.6,2.3
STF0493,2025-05-27,Evening,Present,7.7,0.0
STF0070,2026-08-11,Morning,Present,8.0,1.4
STF0462,2026-04-01,Morning,Present,8.6,0.3
STF0258,2026-07-14,Morning,Present,6.3,1.1
STF0414,2023-04-30,Evening,Leave,0.0,0.0
STF0263,2026-07-27,Night,Absent,0.0,0.0
STF0167,2026-07-08,Morning,Present,6.7,0.4
STF0093,2026-08-04,Night,Present,8.6,0.0
STF0330,2026-08-27,Morning,Present,8.3,1.4
STF0003,2026-07-08,Evening,Present,8.8,1.2
STF0023,2026-08-05,Morning,Present,8.3,0.7
STF0198,2026-07-17,Morning,Present,8.7,0.0
STF0186,2026-07-06,Evening,Leave,0.0,0.0
STF0219,2026-08-10,Evening,Present,8.7,0.1
STF0198,2026-07-18,Night,Present,7.4,1.7
STF0228,2026-08-19,Morning,Present,7.8,0.0
STF0278,2026-08-28,Morning,Present,8.5,3.1
STF0201,2026-08-21,Evening,Absent,0.0,0.0
STF0040,2026-07-07,Evening,Present,7.4,0.0
STF0474,2026-08-06,Night,Present,8.5,0.9
STF0224,2026-07-21,Morning,Present,6.8,1.1
STF0429,2025-01-18,Night,Present,8.0,1.6
STF0169,2026-08-05,Morning,Present,7.9,0.1
STF0255,2026-08-01,Evening,Present,7.8,0.0
STF0108,2026-08-07,Night,Present,8.4,0.8
STF0001,2026-08-29,Morning,Present,8.1,0.0
STF0286,2026-08-21,Morning,Present,7.3,0.0
STF0171,2026-07-13,Evening,Present,8.5,0.0
STF0125,2026-08-08,Morning,Present,8.2,0.0
STF0039,2026-08-24,Evening,Present,7.9,2.6
STF0319,2026-07-09,Morning,Present,7.6,2.8
STF0020,2026-07-24,Morning,Present,8.2,0.8
STF0328,2026-07-08,Night,Present,9.6,0.8
STF0301,2026-08-07,Evening,Leave,0.0,0.0
STF0357,2022-12-09,Morning,Present,8.6,1.4
STF0091,2026-07-13,Evening,Present,9.8,1.3
STF0486,2024-07-29,Night,Present,8.8,1.4
STF0328,2026-07-11,Morning,Leave,0.0,0.0
STF0271,2026-07-25,Morning,Present,7.1,3.4
STF0304,2026-07-01,Night,Present,8.5,0.9
STF0225,2026-08-24,Morning,Present,7.6,0.0
STF0043,2026-07-15,Morning,Present,7.7,0.7
STF0072,2026-07-27,Night,Present,7.8,0.0
STF0234,2026-07-14,Evening,Present,7.3,0.0
STF0307,2026-07-09,Morning,Present,8.3,0.0
STF0148,2026-08-19,Evening,Present,7.6,0.1
STF0038,2026-07-28,Morning,Present,7.4,0.3
STF0384,2024-09-24,Evening,Present,6.4,1.4
STF0474,2024-09-30,Morning,Present,8.4,0.8
STF0262,2026-07-20,Morning,Present,9.3,2.7
STF0236,2026-08-25,Evening,Present,8.5,0.0
STF0321,2026-08-29,Evening,Present,8.8,1.0
STF0036,2026-08-10,Night,Present,9.0,0.0
STF0113,2026-08-18,Night,Present,7.0,2.3
STF0098,2026-07-25,Morning,Present,8.2,1.9
STF0221,2026-08-01,Morning,Present,7.4,0.0
STF0295,2026-07-31,Night,Present,7.8,0.8
STF0263,2026-07-14,Night,Present,7.8,0.0
STF0447,2025-06-27,Night,Present,7.8,2.1
STF0176,2026-07-27,Morning,Present,7.7,0.9
STF0282,2026-08-03,Morning,Present,7.0,0.0
STF0011,2026-08-13,Morning,Present,7.8,0.0
STF0079,2026-07-16,Evening,Present,8.3,1.0
STF0046,2026-07-10,Morning,Present,8.0,2.9
STF0063,2026-07-30,Night,Present,7.3,1.1
STF0050,2026-08-24,Morning,Present,7.6,0.0
STF0096,2026-08-24,Evening,Work From Home,7.9,0.0
STF0241,2026-08-09,Morning,Present,8.4,2.2
STF0105,2026-07-20,Night,Present,8.7,0.4
STF0193,2026-07-26,Night,Present,8.3,0.1
STF0396,2026-03-11,Night,Present,7.9,0.9
STF0073,2026-07-06,Evening,Present,9.2,2.2
STF0147,2026-08-10,Morning,Present,8.1,0.6
STF0498,2022-07-13,Morning,Present,7.3,0.7
STF0288,2026-08-13,Morning,Present,8.3,0.0
STF0293,2026-07-05,Morning,Absent,0.0,0.0
STF0363,2026-09-24,Morning,Leave,0.0,0.0
STF0037,2026-07-15,Morning,Present,8.5,0.0
STF0196,2026-07-06,Night,Present,8.2,1.8
STF0458,2022-06-12,Morning,Present,7.9,0.2
STF0097,2026-08-06,Morning,Present,8.3,0.0
STF0331,2026-08-28,Night,Present,8.9,0.0
STF0169,2026-07-20,Morning,Present,8.2,1.3
STF0380,2025-09-09,Evening,Present,6.7,0.5
STF0168,2026-08-15,Morning,Present,8.2,0.0
STF0212,2026-08-19,Evening,Absent,0.0,0.0
STF0261,2026-07-08,Morning,Present,8.9,1.2
STF0027,2026-08-16,Evening,Present,7.1,2.5
STF0061,2026-08-22,Morning,Present,7.6,3.7
STF0188,2026-08-28,Night,Present,8.7,0.9
STF0281,2026-07-11,Evening,Present,7.7,0.0
STF0071,2026-08-01,Evening,Present,8.2,0.2
STF0083,2026-08-22,Morning,Present,7.7,0.1
STF0046,2026-08-24,Evening,Present,7.1,0.8
STF0037,2026-08-09,Evening,Present,8.3,0.0
STF0495,2025-08-22,Morning,Present,8.5,1.1
STF0282,2026-08-29,Evening,Present,8.8,0.0
STF0147,2026-07-13,Morning,Present,7.5,1.5
STF0052,2026-08-01,Morning,Present,7.7,0.0
STF0074,2026-08-01,Evening,Present,8.9,1.3
STF0008,2026-08-09,Morning,Present,8.0,0.1
STF0083,2026-08-13,Night,Present,8.8,0.4
STF0116,2026-07-25,Morning,Present,8.5,0.7
STF0302,2026-07-22,Evening,Present,7.7,0.2
STF0319,2026-08-01,Night,Present,8.8,2.1
STF0284,2026-07-15,Morning,Present,8.0,0.3
STF0192,2026-08-07,Morning,Present,8.0,0.1
STF0303,2026-08-23,Morning,Present,7.3,1.9
STF0026,2026-07-23,Evening,Present,6.7,0.0
STF0190,2026-08-28,Morning,Present,8.5,1.4
STF0194,2026-07-02,Morning,Present,8.3,0.2
STF0420,2023-02-15,Morning,Absent,0.0,0.0
STF0480,2023-05-29,Evening,Work From Home,7.6,1.9
STF0166,2026-07-22,Night,Present,8.3,1.0
STF0056,2026-07-06,Evening,Present,8.2,1.2
STF0154,2026-08-13,Night,Present,7.9,3.3
STF0335,2026-08-18,Night,Present,8.3,1.2
STF0079,2026-07-26,Evening,Present,8.7,1.5
STF0425,2026-07-17,Night,Present,7.9,1.5
STF0233,2026-07-27,Morning,Present,8.0,0.1
STF0076,2026-08-06,Morning,Present,8.2,0.0
STF0025,2026-07-02,Evening,Present,8.1,0.0
STF0136,2026-08-29,Evening,Leave,0.0,0.0
STF0175,2026-08-11,Night,Present,8.0,0.0
STF0061,2026-08-09,Evening,Present,6.9,0.2
STF0308,2026-07-26,Morning,Present,7.4,0.7
STF0194,2026-07-11,Evening,Work From Home,7.4,2.0
STF0324,2026-08-17,Evening,Leave,0.0,0.0
STF0040,2026-07-03,Morning,Present,7.2,0.4
STF0306,2026-08-17,Evening,Present,8.5,0.3
STF0161,2026-08-29,Evening,Present,7.4,0.6
STF0451,2021-03-31,Evening,Present,8.2,0.0
STF0388,2022-06-28,Night,Present,7.7,1.4
STF0099,2026-08-20,Night,Present,8.2,1.5
STF0230,2026-07-18,Morning,Present,8.3,2.5
STF0251,2026-08-10,Morning,Leave,0.0,0.0
STF0004,2026-07-01,Morning,Present,8.6,0.7
STF0386,2021-01-13,Morning,Present,7.5,2.1
STF0268,2026-07-26,Night,Present,8.4,0.4
STF0421,2024-07-29,Night,Absent,0.0,0.0
STF0257,2026-08-24,Evening,Present,7.4,0.0
STF0197,2026-08-26,Morning,Absent,0.0,0.0
STF0023,2026-07-27,Evening,Present,8.3,1.8
STF0182,2026-07-01,Evening,Leave,0.0,0.0
STF0399,2025-06-16,Morning,Present,7.9,2.4
STF0319,2026-07-25,Morning,Present,7.9,1.0
STF0290,2026-08-19,Night,Present,8.7,0.0
STF0118,2026-07-04,Morning,Present,9.4,0.0
STF0461,2024-06-24,Morning,Present,8.6,0.0
STF0241,2026-07-29,Morning,Present,7.6,0.0
STF0151,2026-08-20,Evening,Absent,0.0,0.0
STF0443,2021-08-23,Morning,Present,8.7,1.4
STF0174,2026-08-20,Night,Present,8.3,0.2
STF0183,2026-07-30,Morning,Present,8.9,1.8
STF0342,2021-04-06,Morning,Present,8.7,0.0
STF0067,2026-08-05,Evening,Present,8.0,1.2
STF0260,2026-07-13,Evening,Work From Home,7.4,3.1
STF0011,2026-08-25,Evening,Present,7.7,0.0
STF0266,2026-07-22,Evening,Present,8.2,2.2
STF0076,2026-07-10,Morning,Present,8.3,0.0
STF0199,2026-08-25,Morning,Present,7.3,0.0
STF0007,2026-08-19,Morning,Work From Home,9.1,0.0
STF0122,2026-08-08,Night,Present,6.9,2.5
STF0172,2026-08-03,Morning,Present,7.9,2.2
STF0478,2022-03-07,Evening,Present,7.3,2.8
STF0241,2026-08-15,Morning,Present,8.0,0.5
STF0196,2026-08-21,Evening,Present,8.0,0.0
STF0271,2026-07-08,Night,Present,7.6,1.5
STF0038,2026-07-16,Evening,Leave,0.0,0.0
STF0324,2026-07-16,Morning,Present,7.8,0.0
STF0094,2026-08-07,Morning,Present,8.3,0.0
STF0044,2026-07-06,Morning,Present,8.2,0.0
STF0289,2026-08-17,Night,Present,8.1,0.0
STF0283,2026-08-05,Morning,Present,7.4,0.0
STF0219,2026-08-15,Evening,Present,9.0,1.5
STF0469,2022-05-14,Morning,Present,8.0,0.0
STF0253,2026-07-29,Evening,Present,7.2,1.5
STF0214,2026-08-08,Morning,Present,8.2,1.4
STF0122,2026-08-25,Evening,Present,7.4,1.0
STF0071,2026-08-17,Evening,Present,7.3,0.2
STF0300,2026-08-27,Night,Present,7.7,0.0
STF0294,2026-07-18,Evening,Present,8.1,0.0
STF0109,2026-08-10,Morning,Present,8.6,0.0
STF0335,2026-07-03,Night,Present,7.7,0.0
STF0042,2026-07-07,Evening,Present,8.1,2.0
STF0148,2026-07-28,Evening,Present,7.7,0.0
STF0188,2026-08-11,Morning,Leave,0.0,0.0
STF0090,2026-07-22,Morning,Present,8.2,1.6
STF0071,2026-07-20,Evening,Present,7.3,0.6
STF0475,2025-11-26,Evening,Present,7.4,1.4
STF0135,2026-08-20,Night,Present,8.4,1.3
STF0224,2026-07-18,Morning,Present,7.8,1.5
STF0144,2026-08-05,Morning,Present,7.9,1.3
STF0335,2026-08-26,Evening,Leave,0.0,0.0
STF0078,2026-08-11,Morning,Present,8.0,1.0
STF0293,2026-08-25,Evening,Present,7.8,0.2
STF0085,2026-08-17,Night,Present,7.9,0.4
STF0212,2026-07-13,Evening,Present,8.4,1.5
STF0152,2026-07-15,Evening,Present,7.1,0.0
STF0135,2026-08-26,Night,Present,7.8,1.7
STF0185,2026-08-06,Morning,Present,8.4,0.0
STF0276,2026-08-17,Morning,Work From Home,8.1,0.0
STF0341,2026-08-18,Morning,Present,8.1,2.2
STF0107,2026-08-26,Morning,Present,8.0,1.2
STF0039,2026-08-05,Morning,Leave,0.0,0.0
STF0184,2026-07-31,Morning,Present,7.0,0.0
STF0143,2026-08-11,Evening,Present,7.1,0.0
STF0315,2026-08-14,Night,Present,7.5,0.6
STF0163,2026-08-11,Morning,Leave,0.0,0.0
STF0062,2026-08-06,Morning,Present,7.4,1.3
STF0012,2026-08-05,Night,Present,8.3,1.7
STF0138,2026-07-16,Night,Present,8.5,0.0
STF0244,2026-08-12,Evening,Present,8.5,1.1
STF0119,2026-07-03,Morning,Present,8.3,0.0
STF0018,2026-07-01,Evening,Present,8.5,0.3
STF0308,2026-08-22,Night,Present,8.3,1.3
STF0371,2026-02-11,Morning,Present,7.8,0.0
STF0154,2026-08-26,Morning,Present,7.9,0.0
STF0222,2026-07-10,Morning,Present,7.9,2.0
STF0283,2026-08-21,Morning,Present,8.7,0.0
STF0216,2026-08-07,Night,Present,9.3,0.0
STF0317,2026-08-28,Morning,Present,7.8,0.8
STF0089,2026-07-08,Morning,Present,8.7,3.1
STF0179,2026-07-08,Evening,Present,9.1,0.0
STF0061,2026-07-07,Morning,Present,7.2,1.4
STF0292,2026-08-13,Morning,Present,8.4,0.0
STF0084,2026-07-31,Morning,Absent,0.0,0.0
STF0167,2026-07-21,Evening,Present,7.6,0.0
STF0060,2026-08-22,Evening,Present,8.0,1.5
STF0363,2025-09-13,Evening,Present,8.3,0.0
STF0261,2026-07-10,Morning,Present,6.9,1.0
STF0397,2021-01-18,Evening,Present,8.3,2.0
STF0072,2026-08-06,Evening,Present,7.2,0.1
STF0164,2026-07-26,Evening,Present,7.6,0.0
STF0439,2021-12-07,Evening,Absent,0.0,0.0
STF0259,2026-07-14,Morning,Present,8.7,3.3
STF0198,2026-08-17,Evening,Present,8.1,0.0
STF0019,2026-07-05,Evening,Present,8.8,0.0
STF0257,2026-08-05,Morning,Present,8.2,1.9
STF0048,2026-07-11,Morning,Present,7.3,2.1
STF0301,2026-07-04,Night,Present,8.9,0.0
STF0339,2026-07-29,Morning,Present,8.4,2.8
STF0028,2026-07-05,Evening,Leave,0.0,0.0
STF0267,2026-08-26,Night,Present,8.0,2.0
STF0046,2026-07-18,Evening,Present,9.2,0.7
STF0188,2026-07-05,Night,Present,7.3,1.6
STF0252,2026-07-27,Morning,Present,8.2,0.0
STF0169,2026-08-17,Morning,Present,7.3,0.8
STF0014,2026-07-11,Morning,Present,7.5,0.0
STF0233,2026-07-17,Morning,Present,8.3,3.2
STF0009,2026-07-20,Evening,Present,7.6,0.0
STF0297,2026-07-11,Evening,Present,9.6,1.6
STF0484,2026-05-04,Morning,Present,8.7,1.1
STF0006,2026-08-05,Night,Present,8.1,1.9
STF0262,2026-08-08,Morning,Present,7.4,2.0
STF0035,2026-08-05,Morning,Present,7.7,1.9
STF0036,2026-08-06,Night,Present,7.8,0.0
STF0335,2026-08-27,Morning,Present,8.7,0.0
STF0257,2026-07-29,Morning,Present,8.9,0.4
STF0205,2026-07-21,Morning,Present,7.8,1.3
STF0094,2026-07-05,Morning,Present,8.4,0.0
STF0407,2023-09-02,Evening,Present,7.9,1.3
STF0173,2026-07-21,Morning,Present,8.4,1.0
STF0125,2026-07-13,Night,Present,8.3,1.3
STF0043,2026-07-28,Evening,Present,8.2,0.5
STF0060,2026-07-18,Evening,Leave,0.0,0.0
STF0440,2024-04-10,Night,Present,8.9,1.5
STF0477,2025-11-08,Morning,Present,8.6,2.1
STF0450,2022-09-01,Morning,Leave,0.0,0.0
STF0381,2023-09-02,Morning,Present,8.3,1.5
STF0083,2026-08-21,Night,Present,7.3,1.0
STF0133,2026-07-21,Evening,Work From Home,8.1,0.0
STF0165,2026-08-16,Morning,Present,8.2,0.0
STF0034,2026-07-24,Evening,Present,7.8,0.5
STF0194,2026-07-15,Night,Present,7.8,1.7
STF0047,2026-07-24,Evening,Present,9.6,0.0
STF0152,2026-07-14,Morning,Present,8.7,0.2
STF0244,2026-08-04,Night,Present,8.8,1.9
STF0131,2026-08-21,Morning,Leave,0.0,0.0
STF0258,2026-07-07,Morning,Present,7.9,0.2
STF0303,2026-08-13,Evening,Present,8.2,0.4
STF0324,2026-08-05,Morning,Present,7.9,0.0
STF0161,2026-07-13,Evening,Present,7.8,0.5
STF0210,2026-07-08,Evening,Present,7.6,1.3
STF0500,2026-09-07,Evening,Present,8.2,1.7
STF0128,2026-08-04,Evening,Present,7.3,0.1
STF0029,2026-07-24,Morning,Present,8.0,1.6
STF0284,2026-07-01,Evening,Present,7.7,1.0
STF0080,2026-07-29,Night,Present,7.8,0.5
STF0049,2026-08-22,Morning,Present,8.7,0.2
STF0136,2026-08-04,Morning,Present,8.2,2.1
STF0191,2026-07-13,Morning,Present,7.5,1.5
STF0335,2026-08-01,Morning,Present,8.5,0.7
STF0417,2025-01-16,Night,Present,7.9,0.8
STF0021,2026-07-03,Morning,Present,7.7,3.1
STF0189,2026-08-23,Morning,Present,9.3,0.4
STF0001,2026-08-01,Morning,Present,8.0,1.1
STF0012,2026-08-07,Morning,Present,8.1,0.6
STF0233,2026-07-04,Morning,Present,8.4,0.0
STF0050,2026-07-11,Morning,Present,7.2,2.2
STF0011,2026-08-01,Night,Present,8.2,1.6
STF0064,2026-08-20,Morning,Present,9.1,1.1
STF0293,2026-08-09,Morning,Present,7.8,0.0
STF0141,2026-08-27,Morning,Present,8.8,0.8
STF0225,2026-08-17,Night,Present,8.3,0.9
STF0219,2026-08-14,Evening,Present,7.8,0.2
STF0098,2026-07-27,Morning,Present,8.0,0.0
STF0011,2026-08-05,Evening,Leave,0.0,0.0
STF0074,2026-07-18,Morning,Present,7.9,0.5
STF0199,2026-07-06,Morning,Present,6.7,1.0
STF0337,2026-07-24,Morning,Present,7.9,2.1
STF0360,2025-08-04,Morning,Present,7.5,1.6
STF0264,2026-07-29,Morning,Present,8.1,0.1
STF0175,2026-08-24,Morning,Work From Home,7.8,0.8
STF0104,2026-07-02,Morning,Present,8.7,0.0
STF0043,2026-07-18,Morning,Present,8.3,0.7
STF0286,2026-07-23,Evening,Present,8.3,1.0
STF0227,2026-07-19,Night,Present,9.4,0.0
STF0216,2026-08-21,Morning,Present,8.0,0.0
STF0148,2026-08-20,Morning,Work From Home,8.4,0.3
STF0260,2026-08-25,Evening,Present,8.3,1.8
STF0258,2026-08-01,Morning,Present,8.8,0.0
STF0454,2022-02-01,Morning,Present,8.5,0.0
STF0247,2026-07-06,Morning,Present,9.3,1.0
STF0199,2026-07-18,Night,Present,7.7,0.7
STF0040,2026-08-16,Night,Present,8.0,0.5
STF0151,2026-08-02,Morning,Leave,0.0,0.0
STF0304,2026-07-28,Night,Present,8.7,0.0
STF0296,2026-07-03,Night,Present,8.7,1.7
STF0203,2026-07-22,Evening,Present,8.0,0.0
STF0071,2026-08-12,Evening,Present,8.3,0.0
STF0081,2026-07-21,Evening,Present,6.3,0.6
STF0091,2026-08-05,Evening,Present,8.1,1.0
STF0406,2026-08-26,Night,Present,7.8,0.8
STF0425,2024-08-19,Night,Present,8.5,2.5
STF0236,2026-08-06,Night,Present,7.5,0.6
STF0330,2026-07-03,Evening,Present,6.7,0.0
STF0344,2023-08-07,Night,Present,8.2,0.9
STF0323,2026-08-08,Morning,Work From Home,8.6,2.8
STF0472,2024-02-02,Evening,Present,7.9,0.7
STF0231,2026-08-15,Evening,Leave,0.0,0.0
STF0484,2021-09-20,Morning,Present,8.0,1.5
STF0190,2026-07-07,Evening,Present,7.8,3.3
STF0331,2026-08-15,Evening,Present,9.3,0.0
STF0338,2026-08-25,Night,Present,7.8,0.0
STF0328,2026-07-28,Morning,Present,8.2,0.0
STF0168,2026-07-09,Evening,Present,8.4,3.8
STF0054,2026-07-20,Night,Present,8.3,2.8
STF0002,2026-08-25,Morning,Present,7.4,0.6
STF0016,2026-07-29,Night,Present,8.4,0.9
STF0207,2026-07-18,Evening,Present,8.0,2.2
STF0056,2026-08-04,Evening,Present,8.4,0.0
STF0473,2023-02-09,Night,Absent,0.0,0.0
STF0389,2023-02-04,Morning,Present,7.4,0.5
STF0322,2026-07-25,Night,Present,8.2,2.4
STF0489,2026-02-15,Evening,Present,8.0,0.0
STF0225,2026-07-13,Morning,Present,8.4,0.7
STF0088,2026-07-13,Morning,Present,8.4,0.0
STF0119,2026-07-24,Evening,Present,8.1,0.2
STF0085,2026-07-20,Morning,Present,8.4,1.8
STF0492,2024-06-09,Night,Present,8.7,1.4
STF0061,2026-07-10,Evening,Present,7.8,0.2
STF0208,2026-07-03,Evening,Present,7.8,0.1
STF0486,2022-05-23,Evening,Present,7.8,1.2
STF0133,2026-08-26,Night,Present,9.1,0.0
STF0361,2023-04-12,Night,Present,7.9,0.4
STF0029,2026-07-13,Evening,Absent,0.0,0.0
STF0458,2022-04-11,Morning,Present,8.4,0.4
STF0234,2026-07-11,Morning,Leave,0.0,0.0
STF0141,2026-07-07,Morning,Present,8.7,1.0
STF0095,2026-07-11,Evening,Present,7.1,0.0
STF0153,2026-07-24,Morning,Present,8.8,0.9
STF0098,2026-08-21,Night,Present,8.1,0.0
STF0158,2026-07-13,Night,Present,9.2,0.4
STF0026,2026-08-24,Night,Present,7.8,1.5
STF0089,2026-08-02,Night,Present,8.6,1.2
STF0167,2026-07-17,Night,Present,8.6,3.3
STF0215,2026-08-16,Evening,Present,7.8,0.3
STF0061,2026-07-15,Evening,Present,5.9,1.7
STF0139,2026-08-19,Evening,Present,8.5,2.4
STF0243,2026-08-04,Evening,Present,8.5,0.5
STF0483,2023-01-13,Morning,Present,8.0,1.2
STF0251,2026-08-13,Morning,Leave,0.0,0.0
STF0247,2026-07-14,Morning,Present,9.1,0.0
STF0148,2026-08-08,Evening,Present,8.7,0.1
STF0436,2025-07-04,Morning,Present,7.4,0.3
STF0023,2026-07-18,Morning,Present,8.1,2.3
STF0042,2026-08-03,Night,Present,8.1,0.0
STF0027,2026-08-14,Evening,Present,7.8,1.1
STF0036,2026-07-13,Morning,Leave,0.0,0.0
STF0047,2026-08-24,Evening,Present,9.0,0.0
STF0182,2026-08-13,Night,Present,8.4,0.0
STF0147,2026-08-15,Evening,Present,7.6,3.5
STF0340,2026-07-21,Morning,Present,8.3,0.0
STF0209,2026-08-10,Night,Present,8.4,1.0
STF0024,2026-08-23,Evening,Present,7.7,0.1
STF0037,2026-08-24,Morning,Present,7.8,2.9
STF0455,2023-11-17,Morning,Present,7.8,1.9
STF0278,2026-07-04,Morning,Present,7.7,0.9
STF0188,2026-07-25,Night,Present,7.7,0.0
STF0203,2026-07-13,Morning,Present,9.1,1.6
STF0325,2026-08-20,Night,Present,7.7,0.0
STF0050,2026-07-24,Morning,Present,7.2,0.2
STF0099,2026-08-08,Evening,Present,7.7,0.0
STF0043,2026-07-10,Morning,Present,7.5,0.0
STF0187,2026-07-05,Morning,Present,7.9,0.1
STF0317,2026-07-28,Morning,Present,8.9,0.0
STF0215,2026-08-14,Evening,Present,7.0,0.9
STF0362,2024-11-09,Morning,Work From Home,7.8,1.0
STF0303,2026-07-31,Evening,Present,7.2,0.2
STF0162,2026-08-02,Morning,Present,8.5,0.6
STF0065,2026-07-29,Morning,Present,8.6,0.1
STF0252,2026-07-14,Morning,Present,7.4,0.0
STF0151,2026-07-12,Night,Leave,0.0,0.0
STF0323,2026-07-01,Evening,Present,7.4,0.0
STF0044,2026-07-16,Morning,Present,7.9,0.0
STF0272,2026-07-10,Night,Present,8.8,0.5
STF0473,2021-10-29,Morning,Present,7.2,1.7
STF0483,2022-07-09,Evening,Present,8.2,0.0
STF0314,2026-07-15,Night,Present,7.4,0.4
STF0333,2026-08-19,Morning,Present,7.5,0.9
STF0358,2023-06-23,Morning,Present,7.7,1.6
STF0081,2026-08-24,Evening,Leave,0.0,0.0
STF0220,2026-08-04,Night,Present,8.3,1.1
STF0041,2026-08-21,Night,Present,7.8,2.1
STF0283,2026-08-13,Evening,Present,7.1,0.0
STF0020,2026-07-08,Morning,Present,7.7,0.6
STF0493,2024-06-18,Night,Present,7.5,0.5
STF0279,2026-08-19,Evening,Present,7.9,0.0
STF0129,2026-08-28,Evening,Present,8.2,0.1
STF0208,2026-07-28,Morning,Present,8.1,0.4
STF0256,2026-08-01,Night,Present,8.4,0.0
STF0034,2026-08-16,Evening,Present,8.0,0.0
STF0145,2026-07-05,Evening,Present,8.5,0.0
STF0044,2026-07-24,Night,Present,7.5,1.6
STF0163,2026-08-01,Morning,Present,8.4,0.7
STF0103,2026-07-03,Morning,Present,8.0,1.6
STF0472,2022-09-07,Evening,Present,8.0,1.7
STF0073,2026-07-15,Evening,Leave,0.0,0.0
STF0095,2026-07-17,Night,Present,7.9,2.5
STF0004,2026-08-29,Night,Present,6.9,1.9
STF0207,2026-08-29,Evening,Present,8.2,0.9
STF0129,2026-07-02,Morning,Present,8.2,0.0
STF0092,2026-07-30,Morning,Present,6.8,1.4
STF0162,2026-08-29,Morning,Present,7.6,0.6
STF0286,2026-07-16,Evening,Present,7.6,1.4
STF0052,2026-08-25,Evening,Present,8.5,0.0
STF0255,2026-07-08,Evening,Absent,0.0,0.0
STF0307,2026-07-13,Morning,Present,8.8,1.1
STF0291,2026-08-18,Evening,Present,8.6,1.4
STF0349,2021-06-01,Evening,Present,8.3,1.3
STF0012,2026-08-25,Night,Present,8.5,0.0
STF0134,2026-07-13,Morning,Present,7.8,0.2
STF0286,2026-08-08,Morning,Present,7.8,0.0
STF0315,2026-07-03,Morning,Present,7.5,0.9
STF0085,2026-07-29,Night,Present,8.3,0.0
STF0237,2026-07-18,Morning,Present,8.6,1.4
STF0471,2021-08-31,Evening,Present,8.3,1.6
STF0117,2026-08-04,Evening,Present,7.3,1.6
STF0023,2026-07-31,Morning,Present,7.8,0.1
STF0182,2026-08-17,Night,Present,7.7,0.8
STF0415,2022-09-27,Morning,Absent,0.0,0.0
STF0074,2026-07-02,Evening,Present,7.4,2.9
STF0189,2026-08-19,Morning,Present,8.1,0.3
STF0179,2026-07-14,Morning,Leave,0.0,0.0
STF0323,2026-08-18,Night,Present,7.5,0.0
STF0183,2026-07-22,Evening,Present,6.4,0.2
STF0050,2026-08-06,Morning,Present,7.5,0.0
STF0281,2026-08-13,Morning,Present,8.0,0.0
STF0495,2021-10-29,Morning,Present,7.8,1.8
STF0237,2026-08-13,Evening,Present,8.5,0.7
STF0230,2026-08-14,Morning,Present,7.8,3.3
STF0149,2026-07-24,Night,Present,6.7,0.0
STF0317,2026-08-06,Evening,Work From Home,8.5,0.0
STF0068,2026-08-06,Morning,Leave,0.0,0.0
STF0309,2026-07-14,Morning,Present,8.6,0.1
STF0380,2024-06-30,Morning,Present,8.3,0.0
STF0196,2026-07-15,Morning,Leave,0.0,0.0
STF0023,2026-08-12,Evening,Present,7.2,2.0
STF0394,2025-01-10,Evening,Leave,0.0,0.0
STF0193,2026-08-09,Evening,Absent,0.0,0.0
STF0203,2026-07-10,Morning,Present,7.9,0.7
STF0052,2026-07-17,Morning,Present,7.9,2.2
STF0038,2026-08-27,Evening,Present,8.1,0.1
STF0439,2021-01-29,Morning,Present,8.8,0.8
STF0113,2026-08-22,Evening,Present,7.6,0.9
STF0106,2026-08-06,Night,Present,7.4,0.0
STF0029,2026-08-20,Night,Absent,0.0,0.0
STF0051,2026-07-13,Evening,Present,8.8,0.1
STF0258,2026-08-12,Morning,Present,7.7,1.5
STF0284,2026-08-19,Evening,Present,8.9,0.0
STF0289,2026-07-12,Evening,Present,7.7,1.2
STF0214,2026-07-23,Night,Present,8.3,0.6
STF0149,2026-07-15,Evening,Present,8.5,0.6
STF0267,2026-08-14,Evening,Present,8.8,0.6
STF0270,2026-08-20,Night,Present,8.0,0.0
STF0226,2026-08-28,Night,Present,7.2,0.5
STF0342,2023-10-18,Night,Present,8.7,0.0
STF0338,2026-07-27,Morning,Present,8.2,1.0
STF0126,2026-07-26,Morning,Present,7.3,1.5
STF0498,2023-05-11,Morning,Present,7.5,1.9
STF0226,2026-08-06,Evening,Leave,0.0,0.0
STF0041,2026-07-07,Evening,Present,8.5,1.0
STF0395,2025-09-22,Night,Present,6.9,0.9
STF0319,2026-07-06,Morning,Present,7.7,3.0
STF0262,2026-08-10,Morning,Present,7.0,0.4
STF0225,2026-07-15,Evening,Leave,0.0,0.0
STF0264,2026-08-22,Evening,Present,7.1,0.0
STF0422,2025-10-11,Evening,Present,8.0,3.3
STF0415,2021-05-10,Morning,Present,8.0,0.6
STF0258,2026-08-18,Morning,Present,8.6,0.0
STF0486,2022-03-24,Evening,Present,8.0,2.5
STF0215,2026-08-29,Morning,Present,7.5,2.5
STF0210,2026-08-12,Night,Present,7.9,1.1
STF0139,2026-08-21,Morning,Leave,0.0,0.0
STF0026,2026-07-31,Morning,Present,8.2,0.0
STF0198,2026-07-28,Evening,Present,7.7,1.0
STF0260,2026-08-26,Morning,Present,8.2,1.2
STF0259,2026-08-23,Evening,Present,7.8,2.7
STF0324,2026-07-14,Morning,Present,7.9,0.8
STF0205,2026-07-28,Morning,Present,8.2,0.0
STF0047,2026-08-03,Morning,Present,8.2,0.1
STF0326,2026-07-10,Morning,Present,7.6,1.7
STF0475,2024-09-16,Morning,Absent,0.0,0.0
STF0319,2026-07-23,Night,Present,8.4,0.9
STF0109,2026-07-07,Evening,Present,8.5,2.0
STF0116,2026-07-11,Night,Present,8.6,0.3
STF0108,2026-07-18,Evening,Present,7.7,1.5
STF0243,2026-07-13,Evening,Present,6.7,1.2
STF0225,2026-08-11,Morning,Present,7.4,0.2
STF0331,2026-08-27,Evening,Present,7.5,0.6
STF0145,2026-07-24,Night,Present,7.9,0.4
STF0087,2026-07-24,Morning,Present,8.8,1.1
STF0162,2026-08-10,Morning,Present,8.5,0.6
STF0105,2026-07-13,Morning,Present,9.4,1.7
STF0029,2026-08-02,Night,Present,7.6,2.2
STF0250,2026-07-20,Morning,Leave,0.0,0.0
STF0090,2026-07-01,Night,Present,8.9,0.0
STF0299,2026-07-03,Evening,Present,7.4,0.0
STF0188,2026-08-24,Morning,Leave,0.0,0.0
STF0324,2026-07-02,Evening,Present,8.8,0.6
STF0333,2026-07-11,Night,Leave,0.0,0.0
STF0046,2026-08-05,Night,Leave,0.0,0.0
STF0179,2026-07-31,Night,Present,8.3,2.0
STF0086,2026-07-29,Morning,Present,7.8,0.0
STF0284,2026-07-12,Morning,Present,7.7,1.1
STF0233,2026-07-31,Evening,Present,8.8,1.4
STF0124,2026-07-19,Night,Present,8.3,2.7
STF0057,2026-07-07,Evening,Present,7.7,0.7
STF0141,2026-07-23,Morning,Present,6.9,2.3
STF0236,2026-08-24,Night,Present,6.8,0.7
STF0299,2026-07-16,Morning,Present,7.9,1.1
STF0034,2026-07-29,Morning,Present,7.7,0.2
STF0298,2026-07-31,Evening,Present,8.2,1.8
STF0067,2026-07-13,Morning,Present,7.5,0.0
STF0184,2026-08-22,Evening,Present,9.1,3.3
STF0268,2026-08-13,Morning,Leave,0.0,0.0
STF0200,2026-08-24,Morning,Present,7.3,1.7
STF0222,2026-08-06,Morning,Present,7.4,0.3
STF0333,2026-07-10,Morning,Present,8.2,1.9
STF0114,2026-08-16,Night,Present,8.0,0.0
STF0075,2026-07-21,Night,Present,8.4,1.2
STF0192,2026-08-01,Morning,Present,9.6,0.4
STF0147,2026-08-26,Evening,Present,8.2,0.4
STF0329,2026-07-08,Morning,Present,8.7,1.9
STF0272,2026-07-25,Morning,Present,8.1,1.0
STF0187,2026-07-14,Night,Present,8.5,1.4
STF0390,2023-03-04,Morning,Present,9.6,2.3
STF0331,2026-08-16,Morning,Present,8.8,2.4
STF0399,2026-09-14,Morning,Present,8.0,0.6
STF0372,2022-06-14,Evening,Present,8.9,1.8
STF0169,2026-07-29,Evening,Present,7.8,0.5
STF0391,2025-05-30,Evening,Absent,0.0,0.0
STF0129,2026-07-09,Evening,Leave,0.0,0.0
STF0201,2026-08-07,Night,Present,7.4,2.2
STF0150,2026-07-04,Morning,Present,7.2,2.0
STF0123,2026-07-25,Night,Present,8.0,0.0
STF0337,2026-07-11,Evening,Present,8.7,0.0
STF0141,2026-07-14,Night,Present,8.0,0.0
STF0182,2026-08-24,Evening,Leave,0.0,0.0
STF0135,2026-08-27,Morning,Present,8.2,0.0
STF0107,2026-08-07,Night,Leave,0.0,0.0
STF0185,2026-08-03,Morning,Present,7.2,0.0
STF0435,2024-07-15,Morning,Present,8.6,2.6
STF0153,2026-08-23,Morning,Present,8.5,0.0
STF0274,2026-07-24,Morning,Present,7.8,0.6
STF0246,2026-07-03,Morning,Present,7.9,0.0
STF0169,2026-08-14,Evening,Present,8.6,0.0
STF0286,2026-07-01,Morning,Present,7.2,1.1
STF0208,2026-07-26,Night,Present,8.2,0.8
STF0163,2026-08-04,Evening,Absent,0.0,0.0
STF0115,2026-08-02,Morning,Present,7.3,0.0
STF0096,2026-07-31,Evening,Present,8.2,0.3
STF0052,2026-08-15,Night,Present,8.1,0.8
STF0223,2026-08-27,Evening,Present,8.0,0.7
STF0325,2026-08-15,Night,Work From Home,9.0,0.0
STF0077,2026-08-08,Morning,Leave,0.0,0.0
STF0399,2022-09-21,Morning,Present,8.8,1.1
STF0326,2026-07-31,Morning,Present,7.7,0.9
STF0500,2023-08-02,Night,Present,7.7,1.2
STF0256,2026-07-29,Evening,Present,8.3,0.0
STF0018,2026-08-11,Night,Present,8.5,0.6
STF0142,2026-07-01,Evening,Present,8.3,0.0
STF0341,2026-07-16,Evening,Present,8.7,0.1
STF0205,2026-07-03,Morning,Present,8.2,1.0
STF0108,2026-07-29,Morning,Work From Home,8.7,1.0
STF0386,2021-10-06,Night,Present,8.1,2.5
STF0040,2026-08-05,Night,Present,8.7,1.4
STF0306,2026-08-22,Morning,Present,7.8,0.8
STF0314,2026-08-28,Morning,Present,8.6,2.3
STF0107,2026-07-09,Evening,Leave,0.0,0.0
STF0209,2026-07-24,Evening,Present,7.5,0.9
STF0363,2023-02-13,Night,Present,8.0,0.9
STF0190,2026-07-13,Morning,Present,8.4,1.5
STF0148,2026-08-18,Evening,Present,7.3,0.0
STF0123,2026-08-03,Morning,Present,8.7,1.5
STF0002,2026-07-29,Morning,Present,8.3,2.4
STF0128,2026-07-13,Morning,Present,9.0,0.0
STF0063,2026-07-29,Morning,Present,7.9,1.2
STF0222,2026-08-10,Night,Present,7.4,0.3
STF0057,2026-07-22,Evening,Present,7.9,2.9
STF0201,2026-07-09,Morning,Present,8.4,0.8
STF0233,2026-08-08,Evening,Present,7.3,4.1
STF0255,2026-08-06,Night,Leave,0.0,0.0
STF0066,2026-08-19,Morning,Present,7.6,0.0
STF0133,2026-07-15,Evening,Leave,0.0,0.0
STF0320,2026-08-01,Morning,Present,9.2,1.5
STF0168,2026-08-08,Evening,Present,8.3,0.0
STF0423,2024-02-09,Night,Present,7.0,0.0
STF0333,2026-08-12,Night,Present,7.2,1.1
STF0202,2026-07-14,Night,Leave,0.0,0.0
STF0280,2026-07-29,Morning,Present,6.7,0.0
STF0437,2024-11-06,Morning,Leave,0.0,0.0
STF0320,2026-08-28,Morning,Present,9.0,2.0
STF0021,2026-07-06,Morning,Present,8.3,0.0
STF0247,2026-08-16,Morning,Absent,0.0,0.0
STF0318,2026-08-04,Morning,Present,7.8,3.8
STF0383,2022-12-28,Night,Present,8.2,0.0
STF0060,2026-08-05,Evening,Present,8.4,0.9
STF0319,2026-08-12,Evening,Present,9.1,0.7
STF0114,2026-07-31,Morning,Present,9.4,0.0
STF0298,2026-07-12,Evening,Present,7.4,3.1
STF0078,2026-08-05,Morning,Present,7.7,1.4
STF0023,2026-08-16,Morning,Leave,0.0,0.0
STF0313,2026-08-18,Morning,Present,8.1,1.2
STF0119,2026-07-20,Morning,Present,8.3,3.0
STF0245,2026-08-29,Morning,Present,8.4,1.8
STF0039,2026-07-26,Evening,Present,7.8,0.4
STF0220,2026-08-05,Morning,Present,7.6,0.2
STF0229,2026-07-07,Morning,Absent,0.0,0.0
STF0496,2025-09-24,Morning,Present,7.3,1.7
STF0063,2026-08-19,Evening,Present,8.2,3.2
STF0121,2026-08-24,Morning,Present,7.1,0.6
STF0007,2026-07-08,Night,Present,8.1,1.0
STF0102,2026-07-15,Evening,Present,7.0,1.2
STF0129,2026-08-21,Morning,Present,8.1,2.2
STF0338,2026-08-27,Night,Work From Home,8.1,3.8
STF0298,2026-08-07,Morning,Present,8.1,2.4
STF0044,2026-07-04,Morning,Present,8.2,0.0
STF0374,2026-03-23,Evening,Present,8.6,0.5
STF0217,2026-07-25,Morning,Present,8.1,1.7
STF0078,2026-08-29,Night,Present,8.3,1.1
STF0231,2026-08-06,Evening,Present,7.8,2.0
STF0170,2026-08-06,Morning,Present,8.0,0.0
STF0285,2026-07-25,Evening,Present,7.9,0.6
STF0287,2026-08-16,Evening,Present,7.9,3.5
STF0222,2026-07-17,Morning,Absent,0.0,0.0
STF0102,2026-08-14,Evening,Present,8.5,1.3
STF0170,2026-08-01,Night,Present,8.9,0.0
STF0010,2026-08-06,Evening,Present,8.2,3.0
STF0120,2026-08-18,Morning,Present,8.3,1.8
STF0156,2026-08-27,Evening,Present,8.2,1.4
STF0221,2026-07-08,Evening,Present,8.7,0.0
STF0300,2026-07-12,Evening,Present,8.9,0.7
STF0250,2026-08-13,Morning,Leave,0.0,0.0
STF0304,2026-08-17,Evening,Present,8.5,1.6
STF0169,2026-08-08,Morning,Present,7.5,0.0
STF0164,2026-08-12,Night,Present,8.4,2.3
STF0163,2026-07-10,Evening,Present,7.1,0.1
STF0222,2026-07-28,Morning,Leave,0.0,0.0
STF0126,2026-08-09,Morning,Present,7.0,0.3
STF0037,2026-07-18,Evening,Present,8.7,2.6
STF0108,2026-07-27,Morning,Present,8.0,2.0
STF0340,2026-08-22,Morning,Present,9.3,3.0
STF0051,2026-07-17,Morning,Present,8.6,0.0
STF0214,2026-08-29,Morning,Present,10.5,0.0
STF0329,2026-08-05,Evening,Present,8.8,0.3
STF0094,2026-08-26,Night,Leave,0.0,0.0
STF0110,2026-07-31,Evening,Present,8.9,0.0
STF0291,2026-08-11,Evening,Present,8.8,0.0
STF0184,2026-08-20,Evening,Present,7.9,0.0
STF0043,2026-08-18,Night,Present,8.8,0.8
STF0180,2026-07-16,Morning,Present,8.5,0.1
STF0266,2026-07-15,Evening,Present,7.4,0.0
STF0290,2026-07-14,Evening,Present,8.1,2.3
STF0450,2021-11-05,Morning,Present,8.1,1.1
STF0008,2026-08-16,Evening,Present,6.7,0.0
STF0325,2026-07-13,Morning,Present,7.4,0.0
STF0182,2026-07-18,Evening,Present,7.6,0.3
STF0014,2026-08-07,Evening,Absent,0.0,0.0
STF0113,2026-08-08,Night,Present,8.8,2.2
STF0165,2026-08-21,Night,Present,8.9,0.8
STF0176,2026-07-31,Evening,Present,8.0,0.0
STF0203,2026-07-08,Evening,Leave,0.0,0.0
STF0101,2026-07-31,Morning,Present,7.8,2.6
STF0205,2026-08-03,Night,Absent,0.0,0.0
STF0236,2026-07-13,Morning,Present,7.3,0.4
STF0158,2026-07-11,Morning,Present,9.0,2.2
STF0217,2026-07-11,Night,Present,7.7,0.3
STF0410,2024-11-30,Morning,Present,7.5,0.8
STF0283,2026-07-11,Morning,Present,8.4,0.4
STF0258,2026-07-01,Night,Present,8.4,0.0
STF0366,2025-07-29,Morning,Present,6.7,2.0
STF0028,2026-07-13,Morning,Leave,0.0,0.0
STF0371,2024-02-02,Evening,Present,8.6,0.6
STF0177,2026-07-07,Morning,Present,7.7,1.6
STF0015,2026-08-08,Night,Present,7.4,0.5
STF0133,2026-08-18,Morning,Present,8.0,0.0
STF0058,2026-07-31,Night,Present,8.0,2.0
STF0060,2026-07-14,Morning,Present,8.1,1.9
STF0110,2026-07-22,Morning,Present,7.6,1.8
STF0172,2026-08-27,Morning,Present,7.2,1.4
STF0048,2026-07-29,Night,Present,8.7,1.3
STF0339,2026-07-27,Morning,Present,7.6,1.9
STF0114,2026-07-03,Evening,Present,8.1,0.2
STF0172,2026-07-26,Evening,Present,8.3,0.5
STF0002,2026-07-13,Evening,Present,7.8,1.6
STF0024,2026-07-23,Morning,Work From Home,8.1,0.0
STF0364,2021-03-11,Morning,Present,7.6,0.8
STF0076,2026-07-26,Morning,Present,8.5,1.6
STF0210,2026-08-25,Morning,Leave,0.0,0.0
STF0261,2026-07-12,Evening,Present,8.0,2.6
STF0310,2026-08-09,Evening,Present,8.2,0.0
STF0183,2026-07-17,Evening,Present,9.1,0.0
STF0291,2026-07-27,Morning,Present,7.8,0.8
STF0329,2026-07-15,Morning,Present,8.3,0.7
STF0255,2026-07-13,Night,Present,8.3,1.9
STF0395,2025-08-02,Evening,Present,7.9,0.4
STF0295,2026-07-17,Morning,Present,8.4,2.0
STF0433,2023-11-08,Morning,Present,8.1,1.3
STF0060,2026-07-06,Morning,Present,7.7,3.0
STF0208,2026-08-15,Evening,Leave,0.0,0.0
STF0141,2026-08-11,Night,Present,8.0,4.1
STF0119,2026-08-07,Morning,Present,7.4,0.4
STF0115,2026-08-14,Night,Present,7.5,4.5
STF0074,2026-07-12,Morning,Absent,0.0,0.0
STF0284,2026-07-16,Morning,Present,8.9,0.0
STF0298,2026-07-02,Morning,Present,7.1,2.5
STF0118,2026-07-30,Morning,Present,8.0,1.9
STF0311,2026-07-09,Night,Present,8.5,1.9
STF0111,2026-07-01,Evening,Present,8.1,1.9
STF0283,2026-07-18,Evening,Present,7.8,0.3
STF0332,2026-08-23,Morning,Present,8.4,0.0
STF0088,2026-07-03,Morning,Leave,0.0,0.0
STF0341,2026-07-11,Morning,Leave,0.0,0.0
STF0363,2021-12-07,Morning,Present,7.8,0.7
STF0283,2026-08-26,Night,Present,7.4,0.5
STF0358,2023-05-31,Night,Present,7.6,0.0
STF0180,2026-07-13,Morning,Present,7.4,1.1
STF0082,2026-08-20,Morning,Work From Home,7.0,1.2
STF0122,2026-07-27,Morning,Present,7.7,0.0
STF0270,2026-07-28,Evening,Present,7.9,0.5
STF0069,2026-07-14,Morning,Present,8.0,1.9
STF0405,2025-04-28,Night,Present,7.8,2.0
STF0476,2025-11-28,Night,Leave,0.0,0.0
STF0323,2026-07-10,Evening,Present,8.5,0.0
STF0164,2026-07-29,Morning,Present,6.5,0.2
STF0207,2026-07-30,Morning,Present,7.8,1.1
STF0241,2026-07-11,Evening,Present,8.3,2.9
STF0122,2026-08-17,Night,Absent,0.0,0.0
STF0047,2026-07-07,Morning,Present,8.0,0.0
STF0241,2026-08-26,Morning,Present,8.2,1.9
STF0150,2026-08-24,Night,Present,8.7,1.5
STF0259,2026-08-22,Night,Present,8.3,0.0
STF0258,2026-08-14,Night,Present,8.7,1.7
STF0055,2026-08-26,Morning,Present,9.5,0.3
STF0132,2026-08-18,Morning,Work From Home,7.8,1.0
STF0156,2026-08-05,Morning,Present,7.9,0.8
STF0199,2026-07-15,Morning,Present,6.7,0.1
STF0166,2026-07-31,Morning,Present,7.1,1.5
STF0069,2026-08-01,Morning,Present,7.8,0.0
STF0409,2026-12-14,Evening,Absent,0.0,0.0
STF0101,2026-08-26,Morning,Present,7.4,1.1
STF0465,2025-01-04,Morning,Present,8.7,0.0
STF0258,2026-08-28,Night,Present,7.9,0.3
STF0155,2026-08-05,Night,Present,7.8,1.0
STF0143,2026-07-22,Morning,Present,8.6,0.5
STF0227,2026-08-04,Morning,Present,8.2,0.4
STF0071,2026-07-30,Night,Present,7.8,0.0
STF0138,2026-07-08,Evening,Leave,0.0,0.0
STF0172,2026-08-14,Evening,Present,7.9,0.3
STF0049,2026-08-25,Morning,Present,8.1,1.6
STF0143,2026-08-07,Morning,Present,8.0,0.0
STF0263,2026-07-06,Morning,Present,7.8,0.0
STF0047,2026-08-10,Night,Present,7.7,0.2
STF0386,2026-11-07,Morning,Leave,0.0,0.0
STF0398,2026-10-27,Evening,Present,8.3,2.2
STF0442,2023-02-10,Evening,Present,7.6,1.5
STF0496,2023-01-04,Morning,Present,7.3,0.0
STF0410,2023-10-23,Evening,Present,7.8,2.6
STF0277,2026-08-01,Morning,Present,8.5,0.5
STF0022,2026-07-23,Evening,Present,8.1,1.7
STF0495,2021-04-30,Morning,Absent,0.0,0.0
STF0058,2026-07-03,Evening,Present,7.8,0.5
STF0311,2026-07-08,Evening,Present,8.0,1.0
STF0186,2026-07-03,Night,Present,7.1,1.5
STF0248,2026-07-18,Evening,Present,7.8,0.0
STF0081,2026-07-04,Morning,Present,8.5,0.1
STF0019,2026-07-27,Evening,Present,8.7,0.8
STF0020,2026-07-19,Morning,Leave,0.0,0.0
STF0122,2026-07-20,Morning,Work From Home,7.2,1.8
STF0153,2026-07-16,Evening,Present,8.2,0.6
STF0290,2026-07-16,Morning,Present,7.5,4.0
STF0331,2026-08-22,Night,Present,7.0,2.7
STF0148,2026-08-03,Evening,Present,8.2,0.0
STF0243,2026-07-03,Evening,Present,6.9,0.0
STF0296,2026-07-15,Evening,Present,8.6,1.5
STF0442,2026-02-10,Evening,Present,8.0,1.4
STF0151,2026-07-07,Evening,Leave,0.0,0.0
STF0243,2026-07-26,Evening,Present,7.5,0.0
STF0125,2026-08-11,Morning,Present,8.0,1.8
STF0081,2026-08-04,Morning,Absent,0.0,0.0
STF0239,2026-07-22,Evening,Present,8.7,0.7
STF0161,2026-08-28,Night,Present,7.3,0.0
STF0322,2026-08-28,Morning,Present,7.9,0.0
STF0098,2026-07-30,Night,Present,9.0,1.8
STF0082,2026-08-06,Night,Present,7.8,0.0
STF0444,2023-12-16,Evening,Present,8.1,1.0
STF0193,2026-07-06,Evening,Present,9.0,0.0
STF0057,2026-07-15,Evening,Present,8.8,0.0
STF0017,2026-07-04,Night,Present,7.9,0.5
STF0025,2026-07-31,Morning,Present,7.2,2.2
STF0232,2026-07-01,Morning,Present,7.8,0.0
STF0186,2026-07-24,Evening,Present,8.1,0.6
STF0376,2025-05-30,Morning,Present,7.8,0.0
STF0304,2026-08-27,Morning,Present,7.7,0.8
STF0345,2021-08-04,Morning,Present,8.4,0.4
STF0186,2026-08-14,Morning,Present,8.4,0.8
STF0095,2026-08-15,Morning,Present,7.8,0.5
STF0092,2026-07-07,Morning,Present,7.5,0.0
STF0029,2026-08-21,Morning,Present,8.3,1.2
STF0171,2026-07-21,Evening,Present,8.2,0.0
STF0092,2026-08-26,Morning,Present,8.9,0.6
STF0230,2026-08-04,Night,Present,7.6,0.0
STF0238,2026-08-29,Morning,Present,9.0,0.0
STF0080,2026-08-17,Morning,Present,6.9,0.0
STF0283,2026-08-07,Morning,Present,7.1,0.2
STF0046,2026-08-21,Morning,Present,8.2,0.2
STF0089,2026-08-04,Morning,Present,7.4,1.0
STF0225,2026-07-02,Morning,Present,8.0,2.0
STF0159,2026-07-23,Morning,Leave,0.0,0.0
STF0231,2026-08-08,Evening,Present,8.0,1.2
STF0136,2026-08-20,Evening,Present,6.5,0.3
STF0148,2026-08-10,Morning,Present,7.5,0.9
STF0290,2026-08-09,Night,Present,6.9,1.7
STF0093,2026-08-15,Morning,Present,8.0,0.0
STF0091,2026-08-29,Morning,Present,8.6,0.0
STF0420,2025-01-17,Evening,Present,7.5,0.0
STF0471,2025-12-10,Morning,Present,8.2,2.2
STF0301,2026-07-12,Morning,Present,8.3,1.2
STF0489,2026-03-27,Evening,Present,7.0,2.4
STF0484,2022-12-29,Night,Present,9.3,1.1
STF0439,2024-06-17,Night,Present,8.3,1.0
STF0097,2026-08-18,Morning,Present,8.8,1.1
STF0296,2026-07-01,Morning,Present,8.0,2.5
STF0021,2026-08-28,Evening,Present,8.5,0.0
STF0159,2026-07-02,Morning,Present,8.1,2.3
STF0136,2026-08-07,Morning,Present,8.2,0.0
STF0274,2026-07-22,Evening,Present,8.1,0.4
STF0326,2026-08-29,Morning,Present,8.7,3.4
STF0325,2026-08-05,Morning,Present,7.1,0.0
STF0155,2026-08-22,Morning,Present,8.2,1.8
STF0005,2026-08-03,Evening,Present,7.4,0.8
STF0227,2026-08-27,Morning,Present,7.3,0.3
STF0482,2024-01-17,Evening,Present,7.3,0.0
STF0059,2026-07-16,Morning,Present,7.7,1.4
STF0195,2026-07-08,Morning,Present,7.0,2.0
STF0172,2026-07-01,Evening,Present,8.7,0.3
STF0193,2026-07-03,Night,Present,9.1,0.5
STF0096,2026-08-08,Evening,Present,7.4,1.3
STF0338,2026-08-24,Morning,Present,8.2,1.7
STF0263,2026-08-10,Night,Present,7.6,0.0
STF0228,2026-07-16,Night,Present,7.2,0.0
STF0064,2026-08-29,Morning,Present,7.4,2.5
STF0291,2026-07-17,Morning,Present,8.1,0.0
STF0158,2026-07-24,Evening,Present,9.3,0.0
STF0287,2026-07-24,Morning,Present,8.5,0.0
STF0215,2026-07-22,Night,Leave,0.0,0.0
STF0473,2024-12-27,Evening,Present,8.5,0.0
STF0225,2026-07-30,Morning,Present,7.4,0.8
STF0169,2026-07-03,Evening,Present,8.8,1.0
STF0398,2024-02-11,Morning,Present,8.4,1.4
STF0340,2026-07-20,Morning,Present,7.2,2.1
STF0366,2026-04-02,Morning,Present,7.6,1.2
STF0202,2026-07-31,Evening,Absent,0.0,0.0
STF0163,2026-08-19,Morning,Present,7.4,0.3
STF0091,2026-07-24,Morning,Leave,0.0,0.0
STF0240,2026-07-02,Night,Present,8.2,1.2
STF0303,2026-08-03,Night,Present,6.9,1.9
STF0313,2026-08-29,Morning,Present,8.3,0.0
STF0166,2026-08-12,Evening,Present,7.8,0.7
STF0173,2026-08-17,Morning,Present,8.0,0.0
STF0230,2026-08-12,Night,Present,7.0,0.0
STF0125,2026-07-06,Evening,Absent,0.0,0.0
STF0155,2026-08-09,Morning,Present,7.7,0.5
STF0483,2021-09-22,Evening,Leave,0.0,0.0
STF0098,2026-08-07,Night,Present,8.9,1.0
STF0337,2026-08-27,Morning,Present,8.8,2.2
STF0362,2024-04-06,Morning,Present,8.1,2.6
STF0243,2026-08-22,Morning,Present,9.3,0.4
STF0151,2026-07-03,Morning,Present,7.8,4.2
STF0191,2026-07-08,Evening,Present,7.7,2.3
STF0207,2026-07-20,Night,Present,7.4,2.7
STF0216,2026-07-31,Morning,Present,8.2,0.8
STF0317,2026-07-15,Morning,Present,8.4,0.8
STF0335,2026-07-28,Morning,Present,8.1,0.3
STF0189,2026-08-18,Evening,Present,8.2,0.6
STF0381,2025-04-17,Evening,Present,7.4,0.8
STF0169,2026-07-23,Evening,Present,8.0,0.0
STF0232,2026-07-06,Night,Present,7.9,0.0
STF0297,2026-08-12,Morning,Present,7.0,2.1
STF0229,2026-08-04,Evening,Present,7.0,0.0
STF0423,2022-06-14,Morning,Leave,0.0,0.0
STF0044,2026-08-22,Morning,Present,7.2,1.4
STF0081,2026-07-30,Night,Present,7.0,0.6
STF0048,2026-08-10,Night,Present,9.1,0.0
STF0324,2026-07-18,Morning,Present,7.4,2.3
STF0076,2026-08-17,Evening,Present,8.0,0.2
STF0038,2026-07-18,Morning,Present,7.8,2.1
STF0159,2026-08-27,Evening,Present,8.5,0.0
STF0145,2026-07-17,Evening,Present,7.2,2.3
STF0153,2026-08-07,Night,Present,8.0,0.7
STF0281,2026-07-24,Evening,Present,8.9,0.0
STF0480,2026-09-10,Evening,Present,9.2,0.6
STF0005,2026-07-18,Morning,Present,7.3,0.1
STF0157,2026-07-07,Evening,Present,9.3,0.0
STF0285,2026-07-09,Morning,Present,8.9,0.0
STF0329,2026-08-21,Morning,Present,7.4,0.0
STF0109,2026-07-24,Morning,Present,7.4,0.0
STF0443,2025-04-11,Morning,Present,8.7,1.2
STF0138,2026-07-01,Evening,Absent,0.0,0.0
STF0186,2026-08-10,Evening,Present,7.1,2.3
STF0070,2026-08-05,Evening,Present,8.6,0.6
STF0283,2026-08-19,Morning,Present,7.0,3.3
STF0144,2026-07-21,Night,Present,8.2,0.0
STF0317,2026-08-05,Evening,Present,9.2,1.3
STF0016,2026-07-14,Morning,Present,8.7,0.8
STF0310,2026-08-27,Morning,Present,8.2,1.2
STF0071,2026-08-19,Morning,Absent,0.0,0.0
STF0199,2026-08-17,Morning,Present,8.0,1.8
STF0102,2026-07-03,Morning,Present,8.5,0.8
STF0275,2026-07-10,Morning,Present,8.1,1.2
STF0030,2026-07-04,Morning,Present,8.2,0.0
STF0241,2026-07-07,Morning,Present,8.6,2.4
STF0151,2026-08-11,Night,Present,7.4,1.0
STF0175,2026-08-21,Evening,Present,7.6,0.0
STF0102,2026-07-23,Evening,Present,8.2,0.8
STF0084,2026-08-06,Night,Present,8.5,2.0
STF0397,2026-12-13,Night,Present,8.7,1.8
STF0277,2026-08-06,Evening,Present,8.1,0.4
STF0213,2026-07-11,Morning,Present,7.6,2.3
STF0184,2026-08-29,Evening,Present,7.2,0.0
STF0306,2026-07-11,Night,Present,8.0,0.5
STF0039,2026-08-02,Night,Present,7.5,1.3
STF0233,2026-07-24,Morning,Present,8.3,1.2
STF0194,2026-08-29,Morning,Present,7.8,1.2
STF0089,2026-07-30,Night,Present,7.8,0.1
STF0294,2026-08-27,Morning,Present,8.3,1.7
STF0443,2024-10-24,Night,Present,7.7,0.3
STF0313,2026-08-09,Evening,Leave,0.0,0.0
STF0266,2026-07-23,Morning,Present,8.8,1.6
STF0299,2026-07-24,Morning,Present,8.2,1.8
STF0111,2026-07-04,Morning,Present,9.8,0.1
STF0149,2026-08-04,Morning,Present,8.8,0.0
STF0363,2022-02-11,Morning,Present,7.5,0.9
STF0344,2025-11-29,Evening,Present,7.5,1.1
STF0259,2026-08-27,Morning,Present,7.7,1.6
STF0289,2026-07-08,Morning,Present,7.7,1.4
STF0290,2026-07-13,Evening,Present,8.0,0.4
STF0137,2026-07-13,Morning,Present,7.1,1.3
STF0228,2026-08-04,Night,Present,8.2,2.0
STF0411,2025-12-23,Evening,Present,8.2,0.9
STF0152,2026-07-07,Evening,Present,7.0,0.6
STF0028,2026-07-25,Evening,Present,7.7,0.5
STF0127,2026-07-07,Morning,Leave,0.0,0.0
STF0275,2026-07-08,Morning,Leave,0.0,0.0
STF0238,2026-07-03,Evening,Present,9.0,1.4
STF0362,2023-02-10,Morning,Present,8.3,1.1
STF0071,2026-07-01,Morning,Present,8.1,0.6
STF0002,2026-08-13,Morning,Present,7.8,2.8
STF0441,2023-02-28,Evening,Present,9.3,0.0
STF0140,2026-07-04,Evening,Present,8.0,0.2
STF0141,2026-08-17,Evening,Present,8.1,1.0
STF0074,2026-07-04,Morning,Present,8.0,0.0
STF0164,2026-07-20,Evening,Present,8.7,0.0
STF0141,2026-07-22,Morning,Present,8.7,0.0
STF0071,2026-07-03,Morning,Present,8.7,2.2
STF0307,2026-07-06,Morning,Present,7.7,1.4
STF0160,2026-07-07,Night,Present,9.1,2.0
STF0199,2026-07-05,Morning,Present,8.9,0.7
STF0097,2026-08-03,Morning,Present,7.7,1.2
STF0308,2026-07-01,Night,Present,7.7,0.6
STF0467,2024-11-16,Night,Present,8.2,2.5
STF0278,2026-07-25,Morning,Present,8.1,1.7
STF0231,2026-08-02,Evening,Present,7.7,1.5
STF0242,2026-08-17,Evening,Present,8.4,0.9
STF0127,2026-07-25,Morning,Present,8.3,0.0
STF0053,2026-07-04,Night,Present,8.3,0.0
STF0458,2025-04-10,Evening,Present,7.5,1.9
STF0244,2026-08-19,Night,Present,7.6,3.1
STF0195,2026-07-28,Morning,Present,7.8,0.0
STF0260,2026-08-03,Morning,Present,8.9,2.3
STF0049,2026-07-25,Evening,Present,9.2,0.0
STF0106,2026-07-14,Morning,Present,8.4,0.7
STF0386,2026-02-04,Morning,Leave,0.0,0.0
STF0246,2026-07-24,Evening,Present,8.3,0.7
STF0325,2026-07-30,Evening,Present,7.3,1.1
STF0304,2026-08-09,Morning,Present,8.4,0.7
STF0463,2021-11-02,Evening,Present,7.4,0.7
STF0334,2026-08-22,Night,Present,8.9,2.7
STF0059,2026-07-03,Morning,Present,7.8,0.0
STF0411,2022-05-04,Morning,Present,8.2,2.4
STF0256,2026-07-18,Morning,Present,7.6,0.0
STF0158,2026-08-24,Evening,Leave,0.0,0.0
STF0100,2026-07-31,Evening,Present,8.0,0.6
STF0450,2025-08-26,Morning,Present,8.4,0.8
STF0418,2021-11-12,Night,Present,9.0,0.5
STF0252,2026-07-07,Evening,Present,8.9,0.1
STF0001,2026-08-27,Night,Present,7.3,0.0
STF0087,2026-07-11,Morning,Present,7.7,3.2
STF0051,2026-07-09,Morning,Present,8.1,0.6
STF0309,2026-08-13,Night,Present,7.9,1.4
STF0336,2026-08-09,Morning,Present,7.6,0.0
STF0339,2026-07-04,Evening,Present,7.7,1.7
STF0242,2026-08-03,Morning,Present,7.0,0.3
STF0220,2026-07-27,Morning,Leave,0.0,0.0
STF0144,2026-08-19,Morning,Present,7.6,0.1
STF0326,2026-07-28,Night,Leave,0.0,0.0
STF0107,2026-08-05,Morning,Present,7.9,0.3
STF0087,2026-08-19,Morning,Present,7.1,0.4
STF0277,2026-07-30,Morning,Present,7.8,0.0
STF0283,2026-07-06,Morning,Present,8.4,2.5
STF0140,2026-08-27,Morning,Present,8.1,0.7
STF0242,2026-07-25,Night,Present,7.4,1.1
STF0082,2026-07-04,Evening,Present,8.2,0.0
STF0268,2026-08-15,Night,Present,7.9,0.0
STF0475,2026-07-22,Evening,Present,6.6,0.4
STF0159,2026-08-04,Morning,Present,8.0,0.0
STF0304,2026-08-21,Morning,Present,7.9,0.3
STF0116,2026-07-01,Evening,Present,7.9,0.0
STF0246,2026-07-27,Morning,Present,8.4,0.4
STF0039,2026-07-22,Evening,Present,7.1,2.5
STF0256,2026-08-06,Morning,Present,7.5,0.0
STF0052,2026-07-13,Evening,Present,8.0,1.6
STF0427,2024-04-13,Morning,Present,8.3,1.9
STF0062,2026-08-27,Morning,Present,7.7,2.5
STF0246,2026-07-10,Morning,Present,7.9,0.7
STF0435,2022-06-09,Morning,Present,8.9,1.5
STF0347,2024-11-01,Morning,Present,9.1,0.0
STF0007,2026-07-20,Morning,Present,7.4,2.3
STF0075,2026-08-13,Night,Present,8.6,0.0
STF0065,2026-07-09,Evening,Present,7.9,0.0
STF0176,2026-08-04,Morning,Present,7.5,3.3
STF0160,2026-07-27,Evening,Present,7.9,0.0
STF0085,2026-08-13,Morning,Present,7.5,1.0
STF0204,2026-08-14,Night,Present,7.2,2.1
STF0087,2026-07-03,Morning,Present,8.1,0.0
STF0208,2026-07-23,Evening,Present,9.0,1.2
STF0057,2026-08-15,Evening,Present,7.8,0.0
STF0016,2026-07-28,Morning,Leave,0.0,0.0
STF0170,2026-08-28,Morning,Present,8.8,0.0
STF0084,2026-08-24,Morning,Present,7.7,0.8
STF0163,2026-07-02,Morning,Present,8.5,1.8
STF0161,2026-07-12,Morning,Present,8.5,0.6
STF0310,2026-07-16,Night,Present,7.7,0.0
STF0304,2026-07-24,Morning,Present,8.9,0.0
STF0156,2026-08-19,Evening,Present,8.0,0.0
STF0082,2026-08-27,Evening,Present,7.6,1.0
STF0293,2026-07-31,Morning,Present,9.0,1.3
STF0007,2026-08-09,Morning,Present,7.8,2.2
STF0096,2026-08-12,Morning,Present,8.5,3.1
STF0101,2026-07-28,Morning,Absent,0.0,0.0
STF0189,2026-07-15,Morning,Present,7.6,0.0
STF0224,2026-08-14,Evening,Leave,0.0,0.0
STF0259,2026-08-29,Night,Present,8.6,1.2
STF0261,2026-07-24,Morning,Absent,0.0,0.0
STF0042,2026-08-29,Evening,Present,7.4,0.1
STF0215,2026-07-21,Evening,Present,8.4,0.0
STF0061,2026-07-13,Night,Present,8.3,0.3
STF0265,2026-08-01,Evening,Present,7.9,0.0
STF0312,2026-08-20,Evening,Present,7.6,2.0
STF0162,2026-07-30,Evening,Present,7.9,0.0
STF0348,2022-08-29,Evening,Present,8.3,0.7
STF0141,2026-07-30,Morning,Present,7.9,0.0
STF0037,2026-07-14,Morning,Present,8.0,0.1
STF0290,2026-07-27,Evening,Present,9.1,0.2
STF0172,2026-07-23,Morning,Present,7.2,0.7
STF0314,2026-07-07,Morning,Work From Home,7.4,2.0
STF0135,2026-08-03,Evening,Work From Home,8.9,1.6
STF0121,2026-08-25,Evening,Present,7.2,0.8
STF0203,2026-07-30,Morning,Present,8.5,0.0
STF0229,2026-08-03,Morning,Work From Home,7.3,0.0
STF0042,2026-08-22,Evening,Present,7.6,0.5
STF0159,2026-08-22,Night,Present,8.0,0.6
STF0143,2026-07-23,Morning,Present,8.4,0.6
STF0336,2026-08-22,Morning,Present,7.5,3.3
STF0299,2026-07-11,Morning,Present,8.1,1.1
STF0261,2026-07-07,Night,Present,7.9,1.7
STF0306,2026-08-06,Night,Present,8.0,0.7
STF0126,2026-08-14,Evening,Present,8.1,0.0
STF0187,2026-07-25,Night,Present,7.7,0.2
STF0371,2025-06-04,Morning,Present,7.9,0.0
STF0110,2026-08-11,Morning,Present,9.7,0.8
STF0045,2026-07-01,Morning,Present,8.3,1.6
STF0008,2026-08-17,Morning,Present,8.1,1.9
STF0313,2026-07-29,Evening,Present,7.3,2.1
STF0061,2026-07-23,Morning,Present,7.7,0.0
STF0257,2026-08-27,Night,Present,7.9,1.3
STF0325,2026-08-07,Morning,Present,7.6,0.0
STF0212,2026-07-23,Evening,Leave,0.0,0.0
STF0423,2023-05-13,Morning,Present,8.5,1.0
STF0195,2026-07-10,Morning,Present,7.5,1.7
STF0477,2022-08-29,Morning,Present,7.8,2.1
STF0219,2026-07-13,Morning,Present,7.7,0.0
STF0122,2026-08-15,Evening,Present,9.2,0.0
STF0206,2026-07-12,Morning,Present,8.1,1.5
STF0127,2026-07-09,Morning,Present,8.8,0.6
STF0061,2026-08-15,Night,Present,8.6,3.4
STF0177,2026-07-21,Morning,Present,7.7,0.0
STF0431,2025-01-07,Evening,Present,8.3,0.2
STF0269,2026-07-02,Morning,Present,6.9,0.0
STF0140,2026-08-25,Night,Present,7.8,1.3
STF0302,2026-07-15,Night,Present,8.7,1.0
STF0117,2026-08-21,Evening,Present,8.8,0.0
STF0122,2026-08-29,Night,Absent,0.0,0.0
STF0440,2021-01-14,Morning,Present,7.4,0.7
STF0249,2026-07-13,Night,Present,8.1,0.8
STF0409,2022-07-02,Evening,Present,7.9,2.3
STF0333,2026-07-02,Evening,Present,8.0,0.0
STF0191,2026-08-01,Evening,Present,8.0,0.2
STF0231,2026-08-19,Night,Present,8.6,3.1
STF0121,2026-08-13,Evening,Present,8.8,0.0
STF0070,2026-07-08,Evening,Present,8.3,0.7
STF0097,2026-08-08,Evening,Present,7.1,2.4
STF0031,2026-07-19,Morning,Present,9.2,0.0
STF0319,2026-07-15,Morning,Leave,0.0,0.0
STF0067,2026-07-14,Morning,Present,8.4,2.2
STF0186,2026-08-26,Evening,Present,8.9,0.0
STF0201,2026-08-25,Evening,Leave,0.0,0.0
STF0219,2026-07-11,Night,Absent,0.0,0.0
STF0001,2026-07-04,Morning,Present,7.8,0.0
STF0281,2026-08-01,Evening,Present,8.2,0.0
STF0299,2026-07-25,Morning,Present,9.3,0.7
STF0034,2026-08-18,Morning,Present,8.8,0.5
STF0037,2026-07-23,Evening,Present,7.9,1.1
STF0459,2026-08-20,Night,Present,8.2,1.3
STF0303,2026-07-29,Morning,Work From Home,8.1,0.5
STF0102,2026-08-17,Evening,Present,8.7,0.0
STF0218,2026-08-07,Evening,Present,8.0,1.2
STF0029,2026-08-22,Morning,Present,7.6,1.4
STF0280,2026-07-24,Morning,Present,7.9,0.3
STF0242,2026-08-09,Evening,Present,8.8,0.6
STF0085,2026-08-12,Evening,Present,8.9,0.0
STF0040,2026-08-22,Night,Present,9.0,3.1
STF0285,2026-08-28,Morning,Present,8.3,0.4
STF0073,2026-08-05,Morning,Present,7.7,0.4
STF0200,2026-07-21,Night,Present,8.8,0.7
STF0265,2026-07-29,Morning,Present,8.3,0.0
STF0333,2026-08-15,Morning,Present,8.0,0.0
STF0363,2023-11-13,Evening,Work From Home,8.8,1.3
STF0354,2026-01-14,Morning,Present,7.5,1.2
STF0140,2026-08-17,Night,Present,8.2,1.4
STF0422,2025-11-13,Morning,Present,8.0,0.0
STF0213,2026-08-17,Evening,Present,8.4,0.0
STF0378,2022-07-27,Night,Present,8.3,1.2
STF0100,2026-08-13,Morning,Present,7.3,0.7
STF0307,2026-07-01,Evening,Leave,0.0,0.0
STF0298,2026-07-26,Evening,Present,8.7,0.8
STF0214,2026-07-22,Morning,Present,7.9,0.0
STF0001,2026-08-12,Morning,Present,7.1,1.2
STF0243,2026-07-04,Morning,Present,8.0,0.9
STF0331,2026-07-30,Evening,Present,7.8,0.0
STF0179,2026-08-18,Evening,Absent,0.0,0.0
STF0131,2026-07-20,Evening,Present,7.8,0.2
STF0296,2026-08-28,Night,Present,8.7,1.2
STF0014,2026-07-16,Evening,Present,8.0,0.2
STF0293,2026-07-07,Evening,Present,8.0,0.2
STF0007,2026-08-06,Evening,Present,8.3,3.3
STF0201,2026-08-23,Night,Present,7.6,0.0
STF0104,2026-08-06,Evening,Present,8.4,0.3
STF0037,2026-08-23,Morning,Present,7.7,0.0
STF0296,2026-07-25,Evening,Leave,0.0,0.0
STF0383,2022-09-27,Morning,Present,7.7,0.0
STF0479,2024-05-22,Morning,Present,8.3,0.3
STF0413,2023-04-06,Evening,Present,8.6,0.9
STF0382,2025-08-16,Evening,Leave,0.0,0.0
STF0168,2026-07-17,Evening,Present,8.8,1.1
STF0447,2023-04-20,Night,Present,7.8,1.8
STF0315,2026-08-17,Evening,Present,7.3,0.0
STF0079,2026-07-24,Morning,Present,8.6,1.3
STF0250,2026-07-25,Evening,Present,8.5,0.5
STF0098,2026-07-02,Night,Present,7.5,3.1
STF0007,2026-08-17,Morning,Leave,0.0,0.0
STF0059,2026-08-08,Night,Present,7.0,1.5
STF0001,2026-08-16,Evening,Present,8.7,2.4
STF0347,2024-02-25,Evening,Present,7.3,0.5
STF0159,2026-08-02,Evening,Present,7.3,0.2
STF0136,2026-07-27,Morning,Present,8.4,2.8
STF0126,2026-08-12,Morning,Present,8.0,2.9
STF0235,2026-07-01,Morning,Present,7.3,1.3
STF0171,2026-08-20,Evening,Leave,0.0,0.0
STF0174,2026-07-31,Night,Work From Home,8.0,0.9
STF0285,2026-08-19,Morning,Present,8.2,0.3
STF0097,2026-08-05,Morning,Present,8.4,0.4
STF0300,2026-08-23,Evening,Present,8.5,0.9
STF0426,2026-06-17,Night,Present,7.2,2.2
STF0321,2026-07-09,Morning,Present,9.2,1.9
STF0282,2026-08-22,Evening,Present,7.8,0.8
STF0274,2026-07-04,Night,Leave,0.0,0.0
STF0325,2026-07-07,Morning,Present,8.3,1.8
STF0146,2026-08-24,Night,Present,7.8,0.2
STF0196,2026-08-14,Morning,Present,8.1,1.3
STF0109,2026-07-25,Evening,Present,7.5,1.2
STF0307,2026-07-02,Morning,Present,8.1,0.6
STF0301,2026-08-03,Night,Present,8.8,0.2
STF0200,2026-08-17,Morning,Present,7.9,0.0
STF0270,2026-07-20,Night,Present,8.2,1.3
STF0260,2026-07-20,Morning,Present,7.7,0.0
STF0275,2026-07-11,Night,Present,7.8,1.1
STF0259,2026-08-07,Morning,Present,8.5,0.2
STF0299,2026-08-29,Evening,Present,7.9,2.6
STF0042,2026-08-08,Morning,Leave,0.0,0.0
STF0121,2026-08-02,Morning,Present,7.4,1.2
STF0189,2026-08-28,Evening,Present,7.1,0.4
STF0249,2026-07-25,Night,Present,8.0,0.2
STF0249,2026-08-06,Morning,Present,9.0,0.0
STF0300,2026-08-22,Morning,Absent,0.0,0.0
STF0261,2026-07-31,Morning,Present,8.1,2.6
STF0071,2026-07-15,Evening,Present,8.7,1.8
STF0376,2024-08-30,Evening,Present,7.9,0.0
STF0042,2026-08-06,Evening,Present,8.0,2.0
STF0234,2026-08-07,Night,Present,8.2,2.5
STF0395,2025-06-04,Morning,Present,8.4,0.0
STF0226,2026-07-07,Night,Present,7.8,0.5
STF0186,2026-08-27,Evening,Present,8.5,2.6
STF0449,2023-10-17,Evening,Leave,0.0,0.0
STF0451,2023-11-21,Morning,Leave,0.0,0.0
STF0245,2026-08-27,Evening,Present,7.5,3.2
STF0076,2026-08-15,Evening,Present,8.7,0.0
STF0207,2026-08-03,Evening,Present,8.4,0.5
STF0077,2026-07-18,Evening,Present,7.6,0.0
STF0310,2026-08-12,Morning,Present,7.4,0.5
STF0353,2024-12-25,Morning,Present,7.6,1.2
STF0039,2026-08-09,Morning,Present,7.8,0.0
STF0184,2026-07-10,Night,Present,7.8,1.0
STF0190,2026-07-10,Morning,Present,9.3,0.0
STF0211,2026-08-14,Evening,Present,8.9,2.3
STF0010,2026-08-14,Evening,Absent,0.0,0.0
STF0146,2026-08-21,Morning,Present,8.8,0.3
STF0079,2026-08-10,Evening,Present,9.4,0.6
STF0247,2026-07-20,Morning,Present,7.2,1.5
STF0330,2026-08-15,Morning,Present,8.3,1.2
STF0045,2026-07-08,Morning,Absent,0.0,0.0
STF0307,2026-08-24,Morning,Present,7.4,0.1
STF0340,2026-08-11,Evening,Present,9.0,0.0
STF0044,2026-08-16,Morning,Present,9.0,0.0
STF0240,2026-07-08,Morning,Leave,0.0,0.0
STF0057,2026-08-17,Morning,Present,9.4,0.0
STF0384,2024-04-11,Morning,Present,8.2,0.0
STF0012,2026-08-18,Morning,Present,8.6,0.0
STF0014,2026-08-09,Morning,Present,7.8,0.4
STF0046,2026-08-10,Morning,Present,7.8,0.6
STF0069,2026-08-03,Evening,Present,7.4,2.0
STF0419,2025-12-19,Night,Present,8.0,0.0
STF0031,2026-07-23,Morning,Present,8.4,0.5
STF0172,2026-07-24,Night,Present,8.5,1.2
STF0107,2026-07-12,Night,Present,7.9,2.9
STF0083,2026-08-12,Morning,Present,8.2,1.7
STF0143,2026-08-01,Morning,Present,7.2,0.8
STF0134,2026-07-10,Evening,Leave,0.0,0.0
STF0029,2026-08-12,Morning,Present,7.8,2.0
STF0286,2026-07-04,Evening,Present,7.7,0.9
STF0260,2026-07-27,Morning,Present,8.0,0.0
STF0146,2026-08-11,Night,Present,7.3,2.0
STF0065,2026-07-04,Evening,Present,8.7,2.4
STF0130,2026-07-30,Night,Present,7.6,0.3
STF0267,2026-08-21,Morning,Present,8.0,0.0
STF0422,2025-04-03,Evening,Present,7.3,0.1
STF0094,2026-08-13,Night,Present,7.9,0.0
STF0355,2026-07-08,Morning,Present,8.2,1.2
STF0242,2026-07-16,Evening,Present,8.0,1.0
STF0133,2026-08-03,Morning,Present,8.0,1.5
STF0129,2026-08-14,Evening,Present,7.8,2.1
STF0291,2026-08-06,Evening,Present,7.7,1.7
STF0198,2026-08-26,Morning,Present,8.3,0.8
STF0304,2026-07-06,Evening,Present,7.7,1.1
STF0011,2026-08-14,Morning,Present,8.3,1.4
STF0198,2026-08-29,Morning,Present,7.8,1.0
STF0327,2026-08-26,Morning,Present,8.2,0.1
STF0337,2026-07-15,Evening,Present,7.1,0.0
STF0072,2026-07-01,Morning,Present,8.6,0.9
STF0061,2026-07-28,Evening,Present,7.9,1.2
STF0439,2023-01-11,Evening,Present,8.3,0.6
STF0119,2026-07-27,Night,Present,8.9,0.0
STF0244,2026-07-07,Evening,Present,7.9,0.0
STF0241,2026-07-31,Morning,Present,8.5,1.0
STF0471,2023-01-21,Evening,Present,8.1,1.3
STF0143,2026-08-25,Night,Present,7.8,0.0
STF0339,2026-07-13,Evening,Present,6.3,0.0
STF0235,2026-08-03,Evening,Present,8.2,1.8
STF0165,2026-08-07,Night,Present,7.9,0.0
STF0044,2026-08-19,Night,Leave,0.0,0.0
STF0036,2026-08-03,Morning,Work From Home,8.1,0.6
STF0124,2026-07-14,Evening,Present,8.5,0.0
STF0068,2026-08-08,Night,Present,8.9,0.0
STF0320,2026-08-24,Morning,Present,8.0,0.0
STF0032,2026-07-10,Evening,Present,7.9,0.0
STF0485,2022-08-03,Night,Present,7.7,0.6
STF0111,2026-08-27,Morning,Present,7.5,3.1
STF0281,2026-07-09,Morning,Present,8.6,2.6
STF0072,2026-07-02,Morning,Work From Home,9.0,1.3
STF0330,2026-08-06,Night,Present,7.6,0.0
STF0261,2026-07-01,Night,Present,8.2,0.3
STF0120,2026-08-15,Night,Present,9.1,2.5
STF0203,2026-07-02,Night,Present,8.1,2.2
STF0082,2026-07-07,Evening,Present,8.4,0.0
STF0024,2026-08-20,Morning,Present,7.1,1.6
STF0016,2026-07-22,Evening,Present,8.3,0.5
STF0198,2026-08-13,Night,Present,7.2,1.4
STF0152,2026-08-20,Night,Present,8.2,1.5
STF0218,2026-07-07,Morning,Present,7.8,2.7
STF0043,2026-07-02,Morning,Present,7.5,2.0
STF0315,2026-07-01,Morning,Work From Home,8.3,0.0
STF0230,2026-08-03,Night,Present,7.6,0.0
STF0372,2025-08-10,Morning,Present,7.9,0.0
STF0099,2026-07-07,Night,Present,7.9,0.0
STF0221,2026-07-02,Morning,Present,7.5,0.6
STF0295,2026-08-22,Morning,Work From Home,7.4,2.5
STF0325,2026-08-21,Morning,Present,7.0,0.8
STF0365,2024-07-19,Morning,Present,7.1,0.9
STF0306,2026-08-26,Night,Leave,0.0,0.0
STF0064,2026-07-19,Evening,Present,7.4,0.0
STF0039,2026-08-16,Night,Present,9.1,0.7
STF0387,2025-09-26,Night,Present,7.9,1.7
STF0430,2023-03-07,Night,Present,7.5,1.9
STF0197,2026-08-15,Evening,Present,8.0,0.4
STF0329,2026-08-01,Morning,Present,7.9,1.1
STF0112,2026-08-29,Morning,Present,7.9,1.1
STF0178,2026-07-20,Morning,Present,9.0,0.8
STF0279,2026-07-08,Night,Present,8.7,0.8
STF0088,2026-07-30,Morning,Work From Home,7.0,3.1
STF0020,2026-08-29,Morning,Present,7.1,0.0
STF0353,2023-05-22,Night,Absent,0.0,0.0
STF0008,2026-08-07,Morning,Present,7.2,0.5
STF0340,2026-07-28,Evening,Present,8.5,1.1
STF0225,2026-07-09,Morning,Present,8.6,0.0
STF0151,2026-08-21,Morning,Leave,0.0,0.0
STF0193,2026-08-13,Evening,Present,7.6,0.0
STF0287,2026-08-15,Evening,Present,7.7,0.7
STF0155,2026-07-26,Evening,Present,8.7,1.8
STF0211,2026-07-13,Morning,Present,8.1,1.1
STF0254,2026-07-16,Morning,Present,6.4,0.0
STF0210,2026-07-09,Evening,Present,7.7,1.4
STF0219,2026-08-09,Morning,Present,8.4,3.1
STF0440,2026-12-10,Evening,Present,8.9,2.4
STF0145,2026-08-06,Morning,Present,7.9,0.1
STF0269,2026-08-29,Morning,Present,8.6,1.1
STF0058,2026-07-18,Morning,Present,8.7,1.8
STF0065,2026-08-18,Evening,Present,8.0,0.0
STF0297,2026-08-29,Night,Leave,0.0,0.0
STF0341,2026-08-26,Night,Present,8.5,1.7
STF0394,2021-05-21,Morning,Present,8.0,0.2
STF0334,2026-07-16,Morning,Leave,0.0,0.0
STF0484,2022-09-10,Morning,Present,7.8,1.6
STF0036,2026-07-18,Morning,Present,8.7,0.0
STF0419,2026-05-14,Morning,Present,7.4,0.7
STF0012,2026-07-09,Morning,Present,8.2,0.0
STF0020,2026-07-23,Evening,Present,7.7,2.5
STF0115,2026-08-25,Morning,Present,8.0,2.0
STF0090,2026-07-27,Morning,Present,8.3,0.7
STF0224,2026-07-14,Morning,Present,8.9,0.0
STF0367,2024-08-28,Morning,Present,8.1,1.2
STF0102,2026-07-25,Morning,Present,7.5,0.6
STF0118,2026-07-27,Morning,Present,7.7,0.7
STF0435,2022-02-08,Morning,Present,7.0,0.7
STF0128,2026-07-20,Night,Present,8.1,2.3
STF0021,2026-07-20,Morning,Present,8.5,1.8
STF0008,2026-07-12,Morning,Leave,0.0,0.0
STF0112,2026-08-01,Evening,Present,8.0,3.6
STF0444,2025-01-13,Night,Present,8.1,0.2
STF0476,2024-03-18,Morning,Present,8.0,2.6
STF0417,2024-02-09,Morning,Present,7.4,1.7
STF0239,2026-07-03,Night,Leave,0.0,0.0
STF0140,2026-08-19,Morning,Present,8.3,0.0
STF0219,2026-07-16,Night,Present,8.0,0.0
STF0256,2026-07-02,Night,Present,7.5,0.6
STF0190,2026-08-05,Morning,Present,8.5,0.2
STF0066,2026-08-28,Night,Leave,0.0,0.0
STF0075,2026-08-20,Morning,Absent,0.0,0.0
STF0209,2026-08-06,Evening,Present,8.1,2.2
STF0237,2026-07-08,Morning,Present,7.7,1.4
STF0080,2026-07-06,Night,Present,8.3,0.8
STF0046,2026-07-31,Evening,Present,9.2,0.0
STF0287,2026-08-25,Morning,Present,7.3,1.3
STF0409,2026-11-07,Morning,Leave,0.0,0.0
STF0262,2026-08-22,Morning,Present,7.3,2.5
STF0260,2026-08-14,Night,Present,8.3,0.1
STF0327,2026-07-23,Evening,Leave,0.0,0.0
STF0497,2023-01-16,Morning,Present,9.2,0.0
STF0347,2021-12-30,Evening,Present,8.1,0.0
STF0382,2024-03-12,Evening,Present,8.6,0.3
STF0201,2026-07-07,Night,Present,7.6,3.3
STF0261,2026-08-10,Night,Present,8.1,0.6
STF0006,2026-07-16,Night,Present,8.7,0.0
STF0410,2026-04-01,Morning,Leave,0.0,0.0
STF0262,2026-07-01,Morning,Present,9.3,0.3
STF0492,2024-01-12,Morning,Present,7.3,0.0
STF0409,2023-10-09,Night,Present,7.6,1.5
STF0024,2026-08-09,Morning,Present,7.8,0.1
STF0320,2026-07-04,Morning,Present,8.9,1.9
STF0404,2022-04-21,Night,Present,8.0,0.0
STF0328,2026-08-26,Morning,Present,7.1,1.3
STF0266,2026-08-05,Morning,Present,7.9,2.5
STF0173,2026-07-23,Night,Present,7.7,2.4
STF0124,2026-07-03,Morning,Absent,0.0,0.0
STF0120,2026-07-20,Night,Present,8.2,1.2
STF0191,2026-08-18,Morning,Present,7.7,0.0
STF0245,2026-08-26,Morning,Present,7.6,0.0
STF0070,2026-07-07,Evening,Present,7.6,0.3
STF0119,2026-07-13,Night,Present,7.6,2.1
STF0213,2026-07-08,Evening,Present,8.6,0.0
STF0155,2026-07-20,Evening,Present,7.7,1.2
STF0144,2026-07-24,Evening,Present,7.7,0.4
STF0254,2026-07-09,Morning,Present,8.9,1.3
STF0276,2026-08-15,Night,Present,8.0,1.5
STF0005,2026-08-16,Night,Present,6.8,0.0
STF0307,2026-08-27,Night,Present,7.0,1.0
STF0313,2026-07-28,Morning,Present,8.5,0.0
STF0061,2026-07-09,Evening,Present,7.3,1.7
STF0311,2026-07-28,Morning,Present,7.6,0.1
STF0372,2026-01-29,Evening,Present,7.2,1.9
STF0187,2026-08-23,Evening,Present,7.6,0.7
STF0160,2026-07-31,Morning,Present,8.1,0.7
STF0177,2026-07-02,Morning,Present,7.5,2.1
STF0005,2026-08-23,Morning,Present,8.9,0.0
STF0479,2023-11-10,Evening,Present,8.2,0.0
STF0196,2026-08-03,Morning,Present,7.7,0.0
STF0419,2025-03-28,Morning,Present,7.3,1.4
STF0338,2026-07-20,Morning,Present,8.0,0.0
STF0078,2026-07-07,Morning,Present,8.5,0.0
STF0053,2026-08-13,Evening,Present,8.9,0.7
STF0055,2026-08-15,Evening,Present,9.0,0.3
STF0133,2026-08-24,Morning,Present,7.4,1.0
STF0293,2026-08-02,Night,Present,7.2,0.9
STF0235,2026-07-09,Evening,Present,8.8,0.4
STF0369,2024-05-30,Evening,Present,8.9,2.5
STF0152,2026-07-26,Morning,Present,7.7,0.0
STF0078,2026-08-13,Night,Present,8.4,1.2
STF0016,2026-07-08,Morning,Present,8.2,2.3
STF0225,2026-07-01,Morning,Present,7.5,0.6
STF0328,2026-08-20,Night,Present,6.8,0.0
STF0138,2026-07-28,Night,Present,8.5,0.9
STF0302,2026-08-03,Night,Present,8.2,3.5
STF0147,2026-08-16,Night,Leave,0.0,0.0
STF0129,2026-08-22,Evening,Work From Home,7.7,0.0
STF0034,2026-07-15,Morning,Present,8.1,0.0
STF0130,2026-08-18,Morning,Present,8.1,0.0
STF0029,2026-07-25,Evening,Present,7.2,2.8
STF0413,2021-06-24,Morning,Present,7.5,0.0
STF0311,2026-08-05,Morning,Present,7.3,1.3
STF0140,2026-08-18,Night,Present,7.6,0.0
STF0262,2026-07-29,Morning,Present,8.7,0.0
STF0017,2026-07-18,Evening,Present,7.6,0.0
STF0202,2026-08-26,Evening,Present,8.5,2.0
STF0032,2026-07-14,Night,Present,7.3,0.0
STF0208,2026-07-31,Morning,Present,8.3,1.3
STF0306,2026-08-20,Morning,Present,7.3,0.0
STF0011,2026-07-22,Morning,Present,8.0,0.0
STF0328,2026-08-05,Morning,Present,8.1,1.5
STF0088,2026-08-01,Morning,Present,8.8,2.2
STF0134,2026-08-20,Night,Present,7.7,2.0
STF0161,2026-07-03,Morning,Leave,0.0,0.0
STF0108,2026-08-21,Evening,Leave,0.0,0.0
STF0325,2026-07-14,Evening,Present,7.2,1.5
STF0020,2026-07-14,Morning,Absent,0.0,0.0
STF0119,2026-07-06,Morning,Present,7.7,3.5
STF0499,2024-05-20,Evening,Present,8.5,1.1
STF0409,2024-04-10,Evening,Present,9.1,1.2
STF0188,2026-08-01,Evening,Present,8.9,0.0
STF0231,2026-07-13,Evening,Present,7.8,0.0
STF0276,2026-08-19,Night,Work From Home,7.7,0.4
STF0046,2026-08-11,Morning,Present,8.0,2.0
STF0010,2026-08-16,Morning,Present,7.8,0.0
STF0194,2026-08-06,Morning,Present,8.2,0.0
STF0178,2026-07-23,Morning,Present,8.0,1.2
STF0198,2026-07-16,Night,Present,8.0,1.1
STF0337,2026-08-19,Morning,Present,7.0,0.2
STF0146,2026-07-16,Morning,Present,7.1,0.9
STF0264,2026-07-18,Night,Present,7.9,0.5
STF0346,2024-07-22,Morning,Present,8.1,0.0
STF0250,2026-07-10,Evening,Present,8.5,1.3
STF0286,2026-08-25,Night,Work From Home,7.7,0.0
STF0212,2026-07-21,Morning,Present,8.9,1.2
STF0097,2026-07-03,Morning,Present,7.9,1.4
STF0187,2026-08-05,Evening,Present,8.1,2.3
STF0229,2026-08-20,Morning,Present,8.9,1.6
STF0138,2026-08-11,Morning,Present,9.1,1.2
STF0450,2021-11-02,Night,Present,7.6,0.8
STF0319,2026-07-03,Night,Present,7.0,3.2
STF0199,2026-07-25,Evening,Leave,0.0,0.0
STF0143,2026-07-11,Morning,Present,8.0,0.2
STF0209,2026-08-05,Morning,Present,8.4,1.2
STF0449,2024-02-15,Morning,Present,7.7,0.0
STF0015,2026-07-13,Night,Present,6.8,0.6
STF0162,2026-07-20,Night,Present,8.7,0.5
STF0249,2026-08-19,Evening,Present,7.6,2.6
STF0050,2026-08-29,Morning,Present,7.7,1.1
STF0337,2026-08-18,Morning,Present,7.9,0.7
STF0209,2026-08-17,Evening,Present,8.1,0.0
STF0420,2023-12-11,Evening,Present,9.4,0.3
STF0023,2026-07-20,Morning,Present,9.1,1.3
STF0147,2026-07-20,Morning,Present,6.0,1.3
STF0290,2026-08-28,Morning,Leave,0.0,0.0
STF0183,2026-07-08,Evening,Present,7.2,2.0
STF0327,2026-07-20,Morning,Present,7.9,0.0
STF0306,2026-07-01,Evening,Present,8.6,0.9
STF0319,2026-08-14,Evening,Present,8.3,2.6
STF0013,2026-07-17,Night,Present,7.2,0.0
STF0351,2025-09-09,Morning,Present,7.0,1.4
STF0308,2026-07-17,Evening,Present,8.2,1.6
STF0164,2026-07-07,Night,Present,8.9,1.2
STF0204,2026-08-24,Evening,Present,8.1,1.1
STF0287,2026-08-11,Night,Present,8.1,3.0
STF0008,2026-07-31,Evening,Present,7.4,0.0
STF0319,2026-07-10,Evening,Present,8.1,0.0
STF0035,2026-07-27,Morning,Present,7.7,2.6
STF0081,2026-08-28,Morning,Present,8.9,0.3
STF0206,2026-08-28,Night,Work From Home,7.0,1.8
STF0018,2026-08-21,Morning,Present,8.0,0.7
STF0089,2026-07-16,Morning,Present,7.5,0.1
STF0286,2026-07-22,Night,Leave,0.0,0.0
STF0249,2026-07-29,Night,Present,8.1,2.1
STF0225,2026-08-10,Morning,Present,8.0,2.0
STF0112,2026-08-07,Morning,Present,8.3,2.9
STF0094,2026-08-10,Morning,Present,8.7,0.0
STF0240,2026-07-10,Morning,Present,7.5,1.9
STF0261,2026-08-04,Morning,Present,7.4,1.4
STF0064,2026-08-15,Night,Present,7.6,0.3
STF0163,2026-07-29,Night,Present,8.2,0.5
STF0020,2026-07-05,Evening,Present,8.0,0.7
STF0080,2026-07-25,Night,Present,8.0,0.1
STF0074,2026-07-05,Evening,Present,7.4,2.2
STF0116,2026-07-20,Morning,Present,7.5,0.0
STF0021,2026-08-07,Night,Present,7.8,1.6
STF0294,2026-08-01,Night,Absent,0.0,0.0
STF0326,2026-07-13,Morning,Present,8.1,2.0
STF0112,2026-08-18,Morning,Present,8.1,0.0
STF0089,2026-08-25,Evening,Present,8.3,1.7
STF0233,2026-07-20,Evening,Present,7.8,0.1
STF0482,2025-05-02,Evening,Present,7.9,1.2
STF0288,2026-07-18,Evening,Present,7.7,0.1
STF0252,2026-08-09,Morning,Present,8.7,0.8
STF0001,2026-08-11,Morning,Present,8.6,0.0
STF0312,2026-07-29,Evening,Present,9.6,0.6
STF0145,2026-07-22,Morning,Present,6.9,1.2
STF0184,2026-08-23,Evening,Present,7.9,1.4
STF0291,2026-07-07,Night,Work From Home,8.1,0.0
STF0101,2026-08-03,Night,Present,7.7,0.3
STF0223,2026-08-18,Morning,Present,8.8,1.9
STF0173,2026-07-11,Evening,Present,8.2,0.0
STF0156,2026-08-09,Evening,Present,8.5,1.0
STF0044,2026-07-23,Evening,Present,8.4,2.8
STF0103,2026-07-06,Evening,Present,7.5,1.8
STF0141,2026-07-15,Night,Present,8.9,2.1
STF0060,2026-08-24,Night,Present,7.8,1.4
STF0034,2026-08-24,Morning,Present,8.3,0.0
STF0019,2026-08-13,Morning,Present,7.0,3.0
STF0326,2026-08-08,Evening,Present,7.1,2.2
STF0187,2026-08-27,Evening,Present,7.2,1.4
STF0299,2026-08-01,Morning,Present,9.0,0.0
STF0079,2026-07-06,Morning,Present,8.6,0.0
STF0292,2026-07-17,Morning,Present,8.2,0.7
STF0267,2026-07-11,Morning,Leave,0.0,0.0
STF0329,2026-07-31,Morning,Present,6.8,0.6
STF0091,2026-08-28,Morning,Present,9.2,1.4
STF0378,2023-03-18,Evening,Present,7.5,0.4
STF0471,2023-03-17,Evening,Present,7.8,0.6
STF0023,2026-07-28,Morning,Present,8.2,0.4
STF0149,2026-08-20,Morning,Leave,0.0,0.0
STF0149,2026-08-17,Evening,Present,7.7,0.7
STF0044,2026-07-30,Morning,Present,7.9,0.4
STF0186,2026-07-01,Evening,Present,8.3,0.4
STF0065,2026-08-11,Morning,Present,7.8,0.6
STF0282,2026-07-02,Morning,Present,8.5,0.3
STF0244,2026-07-01,Morning,Present,7.6,0.0
STF0271,2026-07-30,Morning,Present,7.1,0.0
STF0335,2026-07-09,Morning,Present,7.2,0.5
STF0150,2026-08-26,Morning,Present,8.3,0.8
STF0033,2026-07-21,Night,Leave,0.0,0.0
STF0123,2026-08-24,Evening,Present,7.9,0.0
STF0002,2026-07-31,Morning,Work From Home,8.1,2.3
STF0126,2026-07-04,Evening,Present,8.8,1.8
STF0001,2026-08-05,Morning,Present,7.4,1.6
STF0328,2026-07-16,Evening,Present,6.9,0.0
STF0091,2026-08-10,Morning,Present,8.5,1.8
STF0377,2022-02-15,Morning,Present,8.7,0.2
STF0225,2026-08-07,Morning,Present,8.8,0.9
STF0409,2024-08-17,Night,Present,9.1,0.0
STF0273,2026-08-17,Morning,Present,9.2,1.0
STF0116,2026-08-05,Morning,Present,8.2,0.6
STF0306,2026-07-25,Morning,Leave,0.0,0.0
STF0487,2021-03-09,Morning,Present,6.9,0.5
STF0192,2026-08-17,Morning,Present,8.4,2.6
STF0151,2026-08-07,Evening,Present,7.1,0.8
STF0012,2026-08-15,Morning,Present,7.0,0.0
STF0037,2026-08-17,Night,Present,9.2,0.0
STF0131,2026-07-13,Morning,Present,8.0,4.0
STF0233,2026-07-06,Night,Leave,0.0,0.0
STF0294,2026-08-08,Evening,Present,9.0,0.3
STF0145,2026-07-16,Evening,Present,8.1,0.0
STF0232,2026-08-24,Evening,Present,8.5,0.0
STF0277,2026-07-13,Evening,Present,7.6,0.8
STF0316,2026-08-04,Night,Present,8.4,3.0
STF0051,2026-07-27,Evening,Present,9.2,1.7
STF0249,2026-08-12,Night,Present,6.9,0.7
STF0189,2026-08-26,Night,Present,8.3,0.7
STF0160,2026-08-10,Morning,Present,7.8,0.0
STF0202,2026-07-06,Evening,Present,8.3,1.3
STF0056,2026-08-21,Night,Present,8.2,0.0
STF0230,2026-07-24,Night,Present,7.8,0.0
STF0171,2026-08-07,Morning,Present,8.9,0.0
STF0127,2026-07-17,Evening,Present,7.5,2.6
STF0212,2026-08-07,Evening,Present,7.7,1.1
STF0138,2026-08-28,Morning,Present,8.8,1.2
STF0445,2024-01-19,Morning,Present,7.9,0.0
STF0019,2026-07-07,Night,Present,6.8,0.0
STF0409,2024-09-28,Morning,Present,6.6,0.3
STF0289,2026-07-02,Evening,Present,8.6,1.9
STF0213,2026-07-01,Evening,Present,8.1,1.7
STF0315,2026-08-13,Morning,Present,8.6,0.0
STF0297,2026-08-27,Evening,Present,8.3,2.7
STF0034,2026-07-23,Morning,Present,8.4,1.2
STF0078,2026-08-04,Morning,Present,7.6,0.7
STF0231,2026-08-03,Morning,Present,8.3,2.1
STF0456,2023-05-06,Night,Present,7.8,0.0
STF0351,2022-12-26,Morning,Present,8.4,0.8
STF0169,2026-08-29,Morning,Present,8.2,0.8
STF0142,2026-08-05,Morning,Present,9.1,2.9
STF0254,2026-08-26,Evening,Present,8.7,0.0
STF0070,2026-08-08,Morning,Leave,0.0,0.0
STF0329,2026-07-01,Morning,Present,7.5,0.0
STF0192,2026-08-19,Morning,Leave,0.0,0.0
STF0196,2026-07-24,Evening,Present,8.6,0.0
STF0191,2026-07-27,Evening,Present,8.8,0.6
STF0154,2026-08-24,Evening,Present,8.3,0.0
STF0081,2026-08-23,Evening,Present,8.5,0.0
STF0083,2026-08-24,Morning,Present,7.3,0.0
STF0156,2026-07-01,Night,Absent,0.0,0.0
STF0287,2026-08-03,Evening,Present,7.9,0.0
STF0185,2026-08-25,Morning,Leave,0.0,0.0
STF0248,2026-08-18,Evening,Present,8.2,0.7
STF0112,2026-07-30,Morning,Present,9.0,0.0
STF0435,2023-07-18,Morning,Present,7.3,3.8
STF0217,2026-08-03,Morning,Present,9.2,0.5
STF0159,2026-07-10,Evening,Leave,0.0,0.0
STF0455,2026-09-15,Evening,Work From Home,6.9,1.6
STF0082,2026-08-19,Evening,Leave,0.0,0.0
STF0171,2026-08-22,Evening,Present,7.1,1.4
STF0073,2026-07-09,Morning,Present,8.3,1.1
STF0084,2026-07-23,Night,Present,8.6,1.3
STF0314,2026-07-21,Night,Present,7.6,0.9
STF0110,2026-07-08,Morning,Present,8.3,4.1
STF0086,2026-08-21,Evening,Present,8.7,1.8
STF0308,2026-08-18,Evening,Present,7.5,0.0
STF0324,2026-08-10,Morning,Present,8.6,3.1
STF0032,2026-07-07,Evening,Present,7.7,0.4
STF0038,2026-07-02,Evening,Present,8.3,0.0
STF0273,2026-07-13,Morning,Present,7.4,1.4
STF0195,2026-08-04,Morning,Leave,0.0,0.0
STF0286,2026-07-30,Morning,Present,8.5,0.1
STF0263,2026-08-07,Morning,Leave,0.0,0.0
STF0005,2026-07-20,Evening,Present,8.6,0.5
STF0231,2026-08-20,Evening,Present,7.2,0.0
STF0011,2026-08-21,Evening,Present,7.6,0.3
STF0300,2026-07-24,Evening,Leave,0.0,0.0
STF0358,2022-10-08,Morning,Present,7.2,0.0
STF0115,2026-07-15,Morning,Present,8.9,0.5
STF0137,2026-08-03,Morning,Present,7.6,0.4
STF0437,2021-05-22,Morning,Present,8.5,1.9
STF0183,2026-08-03,Morning,Present,8.6,1.8
STF0059,2026-08-15,Morning,Absent,0.0,0.0
STF0106,2026-08-03,Morning,Work From Home,8.1,0.0
STF0104,2026-07-23,Morning,Present,7.9,3.2
STF0014,2026-08-26,Morning,Present,7.4,0.2
STF0093,2026-08-28,Morning,Present,7.3,0.0
STF0455,2022-07-14,Evening,Work From Home,7.5,0.8
STF0301,2026-08-01,Night,Present,7.5,0.0
STF0234,2026-08-24,Morning,Present,8.1,0.1
STF0177,2026-08-23,Night,Present,7.9,1.5
STF0077,2026-08-29,Morning,Present,7.7,0.0
STF0496,2025-01-13,Night,Present,8.0,0.9
STF0137,2026-08-06,Evening,Present,8.8,1.7
STF0064,2026-08-28,Evening,Present,8.7,0.9
STF0261,2026-08-22,Morning,Present,8.9,0.0
STF0226,2026-07-02,Morning,Present,8.2,0.7
STF0001,2026-07-18,Evening,Present,8.7,0.5
STF0100,2026-08-04,Evening,Present,7.3,0.0
STF0217,2026-08-29,Morning,Present,8.6,0.2
STF0337,2026-07-18,Morning,Present,8.5,2.4
STF0478,2025-03-15,Morning,Present,8.3,1.2
STF0416,2023-11-23,Morning,Present,8.8,0.4
STF0187,2026-07-18,Morning,Present,8.0,0.0
STF0135,2026-08-04,Morning,Present,8.6,0.0
STF0434,2026-09-08,Night,Present,8.0,0.8
STF0115,2026-08-05,Morning,Present,8.5,1.2
STF0229,2026-07-23,Evening,Present,8.5,1.0
STF0327,2026-08-14,Morning,Present,8.3,1.9
STF0061,2026-07-02,Evening,Present,7.7,2.5
STF0103,2026-07-17,Morning,Present,8.3,0.4
STF0423,2021-10-26,Evening,Present,9.1,1.2
STF0425,2025-07-08,Morning,Present,7.5,0.9
STF0138,2026-08-21,Morning,Present,8.5,0.0
STF0270,2026-08-14,Morning,Present,8.5,0.0
STF0153,2026-07-23,Evening,Absent,0.0,0.0
STF0294,2026-07-15,Night,Present,8.7,0.0
STF0011,2026-08-17,Evening,Present,8.4,1.9
STF0197,2026-07-24,Evening,Present,7.6,0.2
STF0362,2026-11-13,Night,Present,8.4,1.9
STF0195,2026-08-27,Night,Present,8.7,2.6
STF0239,2026-07-28,Morning,Present,8.1,1.2
STF0058,2026-08-24,Morning,Present,8.5,1.3
STF0139,2026-07-29,Evening,Work From Home,8.1,0.6
STF0023,2026-07-02,Evening,Present,9.5,0.0
STF0221,2026-07-29,Evening,Present,8.3,1.0
STF0264,2026-08-18,Evening,Present,6.8,0.6
STF0393,2022-10-06,Morning,Present,8.2,2.2
STF0291,2026-07-22,Evening,Present,8.0,1.5
STF0183,2026-07-04,Evening,Present,8.4,0.0
STF0061,2026-07-06,Evening,Present,7.8,1.2
STF0032,2026-08-15,Morning,Present,8.1,1.4
STF0300,2026-08-26,Morning,Leave,0.0,0.0
STF0076,2026-08-07,Evening,Present,9.4,1.4
STF0218,2026-08-06,Morning,Present,7.4,3.1
STF0019,2026-08-23,Morning,Present,7.7,0.0
STF0320,2026-07-06,Evening,Present,7.9,1.5
STF0069,2026-07-11,Morning,Present,7.9,0.0
STF0104,2026-07-15,Morning,Present,8.7,0.0
STF0265,2026-08-26,Morning,Present,8.7,0.0
STF0405,2026-08-21,Night,Present,8.4,0.1
STF0075,2026-08-19,Evening,Present,8.7,0.8
STF0292,2026-07-31,Morning,Present,7.7,0.0
STF0091,2026-07-01,Morning,Present,8.9,0.2
STF0024,2026-08-19,Morning,Present,7.9,0.5
STF0065,2026-07-21,Evening,Present,8.2,0.0
STF0089,2026-08-13,Evening,Present,7.5,1.4
STF0084,2026-08-17,Morning,Present,7.4,0.0
STF0396,2022-07-25,Morning,Present,7.4,1.2
STF0004,2026-08-07,Evening,Present,7.6,1.6
STF0219,2026-08-08,Morning,Present,8.9,0.0
STF0245,2026-08-20,Night,Present,7.4,2.1
STF0335,2026-07-06,Morning,Present,8.1,0.9
STF0302,2026-07-20,Morning,Present,7.2,0.0
STF0024,2026-07-17,Morning,Present,8.4,0.0
STF0158,2026-08-13,Evening,Present,7.8,1.2
STF0397,2025-10-22,Morning,Present,6.8,1.8
STF0431,2023-01-18,Morning,Present,8.2,2.1
STF0321,2026-07-29,Morning,Leave,0.0,0.0
STF0118,2026-08-06,Evening,Present,8.2,1.9
STF0119,2026-08-19,Night,Present,8.1,1.9
STF0173,2026-07-04,Night,Present,8.4,0.2
STF0029,2026-08-29,Night,Present,9.1,0.0
STF0240,2026-07-25,Morning,Present,7.9,2.2
STF0148,2026-07-23,Morning,Present,7.7,1.1
STF0256,2026-08-07,Morning,Present,8.0,0.0
STF0065,2026-08-26,Evening,Present,8.0,1.0
STF0152,2026-07-10,Evening,Present,8.6,0.0
STF0169,2026-08-24,Night,Present,8.1,0.0
STF0180,2026-08-17,Morning,Present,7.7,0.0
STF0319,2026-08-15,Morning,Present,7.8,0.1
STF0189,2026-07-12,Morning,Present,8.8,1.1
STF0226,2026-08-05,Night,Present,7.2,0.0
STF0184,2026-07-16,Morning,Present,8.1,3.0
STF0187,2026-08-24,Morning,Present,8.9,0.0
STF0277,2026-08-21,Morning,Present,8.8,1.1
STF0180,2026-08-08,Evening,Absent,0.0,0.0
STF0370,2024-09-26,Morning,Present,7.8,1.6
STF0208,2026-08-27,Morning,Present,8.4,0.0
STF0136,2026-08-19,Evening,Present,6.9,1.5
STF0020,2026-08-17,Evening,Present,8.2,1.9
STF0048,2026-07-30,Morning,Present,8.2,0.0
STF0112,2026-08-26,Morning,Present,8.1,1.6
STF0381,2025-07-14,Morning,Present,7.7,1.3
STF0015,2026-08-21,Morning,Present,7.5,0.0
STF0445,2024-11-05,Morning,Present,7.9,3.0
STF0269,2026-07-03,Night,Present,7.9,3.1
STF0023,2026-07-04,Evening,Present,8.5,0.7
STF0374,2021-02-19,Morning,Present,7.7,1.0
STF0400,2023-09-14,Evening,Present,8.6,1.7
STF0223,2026-08-28,Morning,Present,7.5,3.1
STF0031,2026-08-08,Morning,Present,9.3,1.0
STF0496,2026-09-17,Evening,Present,6.9,0.0
STF0110,2026-07-16,Morning,Present,7.8,0.7
STF0358,2022-10-22,Night,Present,7.6,0.5
STF0274,2026-07-18,Morning,Present,8.7,0.0
STF0236,2026-07-08,Morning,Present,8.4,3.1
STF0460,2021-02-06,Night,Present,7.7,0.6
STF0007,2026-07-28,Morning,Present,7.4,0.0
STF0137,2026-08-22,Morning,Present,6.9,1.8
STF0262,2026-08-05,Evening,Work From Home,8.7,0.0
STF0112,2026-07-17,Evening,Present,6.7,2.5
STF0023,2026-08-08,Morning,Present,8.7,2.3
STF0018,2026-07-16,Morning,Present,8.2,0.0
STF0142,2026-08-03,Evening,Present,7.4,1.1
STF0116,2026-07-29,Night,Present,8.0,2.3
STF0349,2021-09-16,Morning,Present,7.5,0.4
STF0307,2026-08-19,Morning,Present,8.2,0.8
STF0452,2022-08-11,Night,Present,7.1,0.4
STF0041,2026-08-26,Morning,Leave,0.0,0.0
STF0015,2026-07-02,Morning,Present,7.0,0.0
STF0255,2026-07-22,Evening,Present,8.6,1.0
STF0238,2026-07-13,Night,Present,7.4,3.4
STF0434,2026-01-08,Morning,Present,7.5,1.2
STF0354,2024-06-24,Morning,Present,8.8,0.9
STF0056,2026-07-09,Evening,Present,6.9,0.4
STF0112,2026-07-08,Morning,Present,8.3,0.0
STF0209,2026-08-15,Night,Present,8.9,0.0
STF0155,2026-07-23,Night,Present,8.1,3.2
STF0117,2026-08-01,Evening,Present,8.8,1.4
STF0115,2026-07-26,Evening,Present,7.8,2.0
STF0269,2026-07-13,Evening,Present,7.6,1.3
STF0121,2026-07-06,Morning,Present,7.9,0.3
STF0223,2026-07-14,Evening,Present,8.0,1.3
STF0381,2024-09-22,Evening,Present,6.6,1.6
STF0092,2026-07-27,Night,Absent,0.0,0.0
STF0123,2026-07-11,Morning,Present,7.5,0.0
STF0398,2024-02-28,Night,Present,8.1,1.0
STF0187,2026-07-28,Morning,Present,7.0,2.1
STF0098,2026-07-12,Night,Present,8.5,0.0
STF0177,2026-07-19,Morning,Present,8.7,0.0
STF0003,2026-07-21,Night,Present,8.4,1.5
STF0308,2026-07-07,Evening,Present,8.3,1.2
STF0201,2026-07-30,Evening,Leave,0.0,0.0
STF0131,2026-08-01,Evening,Present,8.5,0.6
STF0298,2026-07-19,Morning,Present,8.9,1.0
STF0273,2026-08-15,Morning,Present,8.2,2.7
STF0203,2026-08-26,Night,Leave,0.0,0.0
STF0271,2026-07-14,Morning,Present,9.1,2.4
STF0162,2026-07-26,Morning,Present,7.8,0.0
STF0035,2026-07-26,Evening,Present,8.2,0.1
STF0155,2026-08-19,Evening,Present,8.2,0.0
STF0036,2026-07-12,Night,Present,7.7,1.7
STF0059,2026-07-17,Night,Present,8.9,2.0
STF0025,2026-07-05,Night,Present,8.0,2.8
STF0257,2026-08-29,Evening,Present,8.0,0.0
STF0023,2026-08-22,Night,Present,9.0,0.9
STF0191,2026-08-11,Morning,Present,8.6,0.9
STF0047,2026-08-08,Evening,Present,8.9,0.0
STF0005,2026-08-08,Evening,Present,7.3,2.5
STF0226,2026-07-09,Evening,Present,8.0,0.0
STF0325,2026-07-23,Morning,Present,7.9,0.3
STF0143,2026-07-30,Evening,Present,8.5,1.0
STF0058,2026-08-01,Morning,Work From Home,7.6,0.0
STF0079,2026-08-11,Morning,Present,7.9,1.1
STF0248,2026-07-10,Evening,Present,8.6,0.4
STF0007,2026-07-01,Morning,Present,8.3,0.9
STF0322,2026-08-22,Morning,Present,7.9,0.4
STF0009,2026-08-03,Morning,Present,7.9,1.1
STF0215,2026-08-21,Evening,Present,7.8,0.0
STF0295,2026-08-03,Morning,Present,8.6,0.6
STF0223,2026-07-02,Evening,Present,7.2,0.0
STF0154,2026-07-22,Evening,Present,7.3,1.5
STF0070,2026-08-22,Night,Present,7.3,0.1
STF0128,2026-07-16,Night,Present,8.7,0.0
STF0053,2026-07-09,Morning,Leave,0.0,0.0
STF0137,2026-07-16,Morning,Present,8.7,0.7
STF0048,2026-07-21,Morning,Present,9.3,1.1
STF0182,2026-07-08,Morning,Present,7.8,0.0
STF0067,2026-07-29,Morning,Present,8.4,3.1
STF0018,2026-07-28,Evening,Present,7.6,0.0
STF0040,2026-08-10,Evening,Present,7.8,0.0
STF0272,2026-08-23,Night,Present,8.1,1.0
STF0097,2026-07-02,Evening,Present,7.5,0.0
STF0201,2026-07-20,Morning,Work From Home,8.9,1.8
STF0150,2026-08-07,Morning,Present,8.5,0.0
STF0334,2026-07-15,Morning,Present,8.7,3.6
STF0184,2026-08-14,Evening,Absent,0.0,0.0
STF0341,2026-08-28,Morning,Leave,0.0,0.0
STF0294,2026-08-29,Evening,Present,9.3,0.0
STF0128,2026-08-17,Night,Present,8.2,0.0
STF0121,2026-07-12,Morning,Present,8.2,0.0
STF0228,2026-08-18,Night,Present,8.0,0.4
STF0114,2026-08-07,Morning,Present,8.4,0.0
STF0099,2026-07-21,Night,Present,7.1,0.0
STF0133,2026-07-08,Evening,Present,7.9,0.2
STF0264,2026-08-26,Morning,Present,7.5,0.7
STF0172,2026-07-09,Evening,Present,8.1,1.5
STF0281,2026-08-25,Evening,Present,9.4,2.1
STF0115,2026-08-23,Evening,Work From Home,7.7,0.8
STF0316,2026-08-08,Evening,Present,7.8,0.5
STF0232,2026-07-09,Evening,Present,8.1,0.4
STF0186,2026-07-22,Morning,Present,8.9,0.0
STF0105,2026-07-26,Evening,Present,8.1,0.6
STF0167,2026-07-10,Morning,Present,8.6,1.0
STF0188,2026-07-08,Morning,Present,7.2,0.9
STF0114,2026-08-06,Evening,Present,8.2,0.5
STF0317,2026-08-13,Morning,Present,8.9,1.4
STF0050,2026-07-27,Night,Present,9.1,2.4
STF0268,2026-08-17,Morning,Present,8.8,0.0
STF0299,2026-08-02,Morning,Present,7.7,0.4
STF0315,2026-07-29,Evening,Present,7.9,0.3
STF0161,2026-07-22,Evening,Leave,0.0,0.0
STF0136,2026-07-14,Morning,Present,9.2,1.2
STF0041,2026-07-04,Evening,Present,7.3,0.7
STF0297,2026-08-19,Morning,Present,9.2,1.7
STF0083,2026-07-09,Evening,Present,7.8,1.7
STF0201,2026-07-19,Evening,Present,7.7,0.0
STF0251,2026-08-20,Morning,Present,8.7,0.0
STF0360,2026-06-25,Evening,Present,8.5,1.7
STF0073,2026-07-21,Evening,Present,8.3,1.1
STF0266,2026-08-04,Evening,Present,8.8,0.7
STF0024,2026-07-04,Night,Present,6.9,1.2
STF0178,2026-07-29,Morning,Present,8.0,1.1
STF0211,2026-08-20,Night,Present,7.9,2.4
STF0204,2026-07-13,Night,Present,7.5,0.0
STF0067,2026-08-10,Morning,Present,7.9,0.3
STF0191,2026-07-17,Evening,Present,7.6,2.4
STF0203,2026-08-14,Evening,Present,8.8,0.0
STF0138,2026-07-25,Evening,Present,8.3,0.0
STF0068,2026-08-21,Evening,Present,8.3,0.0
STF0305,2026-08-14,Morning,Present,7.0,1.7
STF0055,2026-07-26,Evening,Present,8.1,0.4
STF0275,2026-07-02,Morning,Present,8.4,1.2
STF0148,2026-07-13,Evening,Present,8.5,0.0
STF0029,2026-07-26,Morning,Present,7.8,0.1
STF0049,2026-08-02,Morning,Present,8.1,4.0
STF0112,2026-07-28,Night,Present,7.9,1.9
STF0089,2026-07-27,Night,Present,8.0,1.6
STF0205,2026-07-26,Evening,Present,8.2,0.3
STF0196,2026-07-17,Morning,Leave,0.0,0.0
STF0130,2026-07-29,Morning,Present,8.4,0.0
STF0008,2026-08-26,Morning,Present,7.5,0.0
STF0170,2026-08-20,Morning,Present,7.9,2.4
STF0066,2026-07-24,Evening,Present,7.7,0.0
STF0273,2026-08-11,Morning,Leave,0.0,0.0
STF0124,2026-08-29,Morning,Present,8.7,0.1
STF0333,2026-08-13,Morning,Present,8.4,0.0
STF0390,2025-08-06,Morning,Present,8.4,0.0
STF0081,2026-08-12,Morning,Present,7.9,2.1
STF0289,2026-08-14,Morning,Present,9.2,0.8
STF0302,2026-08-10,Morning,Present,8.7,0.9
STF0129,2026-08-24,Night,Present,8.3,0.0
STF0150,2026-08-10,Night,Leave,0.0,0.0
STF0088,2026-08-13,Morning,Present,7.8,0.0
STF0161,2026-07-15,Morning,Absent,0.0,0.0
STF0169,2026-07-14,Evening,Present,7.3,2.5
STF0359,2023-06-09,Evening,Present,7.7,0.9
STF0303,2026-08-09,Morning,Present,8.0,3.0
STF0114,2026-07-18,Night,Present,7.9,1.9
STF0061,2026-07-14,Morning,Leave,0.0,0.0
STF0120,2026-07-16,Morning,Present,8.1,1.5
STF0449,2022-09-09,Morning,Present,8.0,1.9
STF0048,2026-07-07,Morning,Present,8.0,1.5
STF0093,2026-08-06,Morning,Present,7.0,3.2
STF0010,2026-07-14,Morning,Present,9.1,3.0
STF0162,2026-07-29,Evening,Present,7.8,0.0
STF0077,2026-08-03,Evening,Present,8.1,1.7
STF0338,2026-07-01,Morning,Present,7.9,1.0
STF0075,2026-08-06,Morning,Present,7.1,2.6
STF0325,2026-07-10,Evening,Present,7.9,0.0
STF0446,2025-02-14,Night,Present,7.9,0.1
STF0473,2022-07-25,Night,Present,8.1,0.7
STF0200,2026-08-03,Morning,Present,8.3,0.0
STF0143,2026-07-03,Evening,Present,8.8,0.0
STF0402,2026-08-17,Morning,Present,7.6,0.6
STF0310,2026-08-23,Morning,Present,7.6,0.0
STF0399,2022-11-28,Evening,Present,8.5,0.0
STF0055,2026-07-13,Morning,Present,7.9,1.8
STF0325,2026-07-31,Morning,Present,7.8,0.2
STF0427,2022-02-24,Evening,Work From Home,7.8,0.0
STF0083,2026-08-20,Night,Present,8.2,0.6
STF0425,2024-08-16,Morning,Leave,0.0,0.0
STF0056,2026-08-14,Morning,Present,7.6,0.0
STF0376,2021-11-16,Night,Present,7.3,1.9
STF0342,2024-05-08,Morning,Present,8.0,1.6
STF0221,2026-07-11,Evening,Present,7.5,0.0
STF0075,2026-07-13,Evening,Present,8.2,0.0
STF0205,2026-07-25,Evening,Present,8.4,0.0
STF0150,2026-08-17,Morning,Present,9.1,0.0
STF0023,2026-07-16,Night,Present,8.1,2.1
STF0291,2026-07-15,Night,Absent,0.0,0.0
STF0049,2026-08-18,Night,Present,9.1,1.9
STF0307,2026-08-08,Evening,Present,7.5,1.6
STF0106,2026-08-15,Night,Absent,0.0,0.0
STF0156,2026-07-18,Morning,Present,7.9,1.1
STF0101,2026-08-06,Morning,Present,7.8,2.0
STF0034,2026-07-12,Evening,Present,7.9,0.3
STF0043,2026-08-07,Evening,Present,8.8,1.3
STF0274,2026-07-29,Night,Present,8.5,2.2
STF0164,2026-07-27,Morning,Present,7.3,0.0
STF0373,2021-11-23,Morning,Present,8.3,0.0
STF0240,2026-07-23,Morning,Present,7.5,0.2
STF0146,2026-07-24,Evening,Present,8.8,0.2
STF0261,2026-07-09,Morning,Present,7.6,2.4
STF0143,2026-07-27,Evening,Present,8.9,0.0
STF0157,2026-08-21,Morning,Present,8.1,0.0
STF0270,2026-07-02,Night,Leave,0.0,0.0
STF0241,2026-08-01,Morning,Leave,0.0,0.0
STF0369,2023-12-29,Morning,Present,7.2,1.1
STF0419,2022-10-07,Morning,Present,7.9,0.8
STF0126,2026-08-27,Morning,Present,8.2,0.2
STF0132,2026-08-22,Morning,Present,8.8,0.8
STF0183,2026-07-26,Morning,Work From Home,8.3,0.6
STF0245,2026-08-05,Night,Present,7.9,1.3
STF0033,2026-08-07,Evening,Present,8.6,0.0
STF0329,2026-08-11,Morning,Present,9.3,1.6
STF0301,2026-08-17,Morning,Present,7.6,0.6
STF0494,2022-03-02,Night,Present,7.8,0.0
STF0080,2026-07-27,Morning,Present,7.3,1.0
STF0061,2026-08-18,Night,Present,8.0,0.0
STF0052,2026-08-13,Morning,Present,8.2,1.2
STF0496,2026-02-08,Morning,Present,8.1,0.3
STF0046,2026-08-06,Morning,Absent,0.0,0.0
STF0058,2026-08-04,Evening,Present,7.4,1.0
STF0259,2026-08-21,Night,Present,7.9,1.5
STF0138,2026-07-02,Evening,Present,8.4,1.6
STF0297,2026-08-05,Morning,Leave,0.0,0.0
STF0116,2026-08-06,Night,Present,8.1,0.4
STF0052,2026-07-28,Morning,Present,7.7,3.3
STF0201,2026-08-11,Morning,Present,7.6,1.8
STF0304,2026-08-11,Night,Present,8.1,2.5
STF0326,2026-07-03,Morning,Present,7.9,0.0
STF0228,2026-07-29,Morning,Absent,0.0,0.0
STF0212,2026-08-29,Evening,Present,7.8,1.8
STF0184,2026-08-25,Evening,Present,7.5,2.9
STF0329,2026-07-11,Evening,Present,8.3,0.0
STF0100,2026-08-25,Morning,Present,8.1,1.0
STF0158,2026-07-08,Morning,Present,7.4,0.0
STF0151,2026-07-26,Morning,Present,7.6,0.1
STF0293,2026-07-10,Evening,Present,7.5,0.0
STF0244,2026-08-24,Night,Present,8.5,0.0
STF0154,2026-07-08,Morning,Present,8.5,0.0
STF0036,2026-07-30,Night,Present,7.6,2.4
STF0041,2026-07-17,Evening,Present,8.0,1.4
STF0048,2026-07-27,Night,Present,8.3,0.1
STF0324,2026-07-17,Night,Present,8.5,1.4
STF0236,2026-07-20,Evening,Leave,0.0,0.0
STF0010,2026-08-22,Morning,Present,7.5,0.5
STF0105,2026-07-18,Morning,Present,7.4,0.0
STF0046,2026-07-20,Evening,Present,7.6,2.0
STF0389,2022-12-05,Night,Present,8.6,0.6
STF0433,2026-12-26,Morning,Present,8.2,1.4
STF0069,2026-08-22,Morning,Present,8.5,0.4
STF0214,2026-08-01,Morning,Present,7.6,0.0
STF0296,2026-07-19,Morning,Present,8.6,1.2
STF0252,2026-07-09,Evening,Leave,0.0,0.0
STF0146,2026-08-02,Evening,Present,8.0,0.8
STF0428,2025-01-23,Morning,Present,8.3,0.0
STF0159,2026-08-28,Morning,Present,6.8,0.1
STF0059,2026-08-25,Evening,Present,8.3,1.9
STF0302,2026-08-29,Morning,Present,8.3,2.0
STF0154,2026-08-01,Morning,Present,8.1,1.9
STF0003,2026-08-19,Night,Present,8.0,1.1
STF0261,2026-08-19,Morning,Leave,0.0,0.0
STF0283,2026-07-30,Morning,Present,7.1,0.4
STF0231,2026-08-23,Evening,Present,7.7,1.4
STF0227,2026-07-17,Evening,Work From Home,8.2,1.7
STF0188,2026-08-07,Evening,Present,8.2,0.9
STF0243,2026-07-01,Evening,Present,8.5,0.2
STF0278,2026-08-27,Morning,Present,6.8,2.0
STF0111,2026-07-31,Night,Present,7.8,0.1
STF0042,2026-07-04,Evening,Present,8.8,1.2
STF0291,2026-07-28,Evening,Present,7.6,2.5
STF0316,2026-08-01,Evening,Present,8.4,0.4
STF0003,2026-07-18,Evening,Present,7.6,1.6
STF0346,2023-09-26,Night,Present,8.5,0.6
STF0288,2026-08-20,Evening,Present,8.9,0.0
STF0161,2026-07-09,Evening,Present,8.4,2.2
STF0303,2026-08-19,Morning,Present,7.7,1.0
STF0219,2026-08-16,Night,Present,8.4,0.0
STF0277,2026-08-18,Morning,Present,8.0,1.6
STF0018,2026-07-10,Evening,Present,7.7,0.0
STF0114,2026-07-30,Morning,Present,8.1,0.3
STF0328,2026-08-19,Morning,Present,7.7,0.5
STF0115,2026-07-20,Evening,Present,8.5,0.1
STF0088,2026-07-10,Morning,Work From Home,8.5,0.0
STF0285,2026-07-04,Morning,Present,8.5,0.6
STF0165,2026-07-21,Night,Present,7.0,0.0
STF0094,2026-08-21,Night,Present,7.0,0.6
STF0024,2026-07-18,Evening,Present,7.1,0.5
STF0366,2023-02-24,Morning,Present,7.5,1.7
STF0068,2026-08-19,Evening,Present,7.9,0.7
STF0161,2026-07-08,Evening,Present,7.4,0.0
STF0115,2026-08-28,Morning,Present,7.9,0.0
STF0463,2023-03-22,Night,Present,7.7,2.5
STF0280,2026-07-03,Morning,Present,8.0,0.8
STF0240,2026-08-14,Evening,Present,7.3,4.9
STF0210,2026-08-18,Evening,Leave,0.0,0.0
STF0164,2026-07-19,Morning,Present,8.2,2.4
STF0402,2024-03-05,Evening,Present,8.3,1.4
STF0304,2026-08-23,Morning,Present,7.2,0.9
STF0163,2026-07-06,Morning,Present,7.6,0.0
STF0042,2026-08-20,Evening,Present,8.0,0.8
STF0314,2026-07-09,Evening,Work From Home,8.1,0.0
STF0013,2026-07-27,Morning,Present,8.6,0.0
STF0364,2021-10-03,Morning,Present,8.4,1.6
STF0253,2026-08-13,Evening,Present,7.2,0.0
STF0046,2026-08-08,Morning,Present,7.7,0.0
STF0246,2026-07-14,Evening,Present,8.0,1.3
STF0325,2026-08-25,Morning,Present,7.8,3.3
STF0064,2026-07-26,Evening,Present,8.3,0.4
STF0079,2026-07-21,Night,Present,8.5,1.5
STF0080,2026-07-28,Morning,Present,7.0,0.4
STF0207,2026-07-28,Night,Present,8.4,1.8
STF0151,2026-07-18,Morning,Work From Home,8.9,1.4
STF0334,2026-08-21,Evening,Present,8.9,1.4
STF0171,2026-07-18,Evening,Present,8.1,1.0
STF0147,2026-07-21,Night,Present,7.9,0.8
STF0184,2026-08-19,Morning,Present,8.1,0.1
STF0316,2026-07-09,Morning,Present,7.8,0.0
STF0380,2026-12-07,Evening,Work From Home,6.9,1.6
STF0282,2026-07-13,Evening,Present,7.9,0.0
STF0147,2026-08-17,Night,Present,8.5,0.0
STF0313,2026-07-02,Morning,Present,7.5,0.0
STF0111,2026-08-15,Evening,Present,8.3,0.0
STF0215,2026-07-19,Evening,Present,7.0,1.9
STF0028,2026-08-26,Evening,Present,8.6,0.0
STF0012,2026-08-24,Morning,Present,8.2,1.2
STF0046,2026-07-13,Morning,Present,7.7,0.1
STF0104,2026-08-12,Night,Present,7.3,1.9
STF0271,2026-08-09,Morning,Leave,0.0,0.0
STF0448,2024-02-23,Evening,Present,7.5,2.5
STF0187,2026-07-27,Evening,Present,8.0,0.0
STF0175,2026-07-14,Morning,Present,7.2,1.7
STF0060,2026-07-19,Morning,Absent,0.0,0.0
STF0420,2026-05-14,Evening,Present,7.6,0.9
STF0321,2026-08-27,Night,Present,7.8,0.6
STF0202,2026-08-19,Morning,Present,6.7,0.8
STF0383,2025-04-15,Night,Present,8.3,1.9
STF0027,2026-07-27,Night,Present,7.9,2.9
STF0001,2026-07-07,Morning,Present,8.4,1.1
STF0047,2026-07-28,Evening,Present,7.9,0.7
STF0477,2023-03-09,Evening,Present,7.7,0.2
STF0246,2026-07-20,Morning,Present,8.0,2.7
STF0289,2026-08-28,Night,Present,8.9,0.6
STF0334,2026-07-04,Morning,Present,8.4,0.0
STF0333,2026-08-17,Night,Present,8.0,1.1
STF0283,2026-08-09,Night,Leave,0.0,0.0
STF0119,2026-08-05,Night,Leave,0.0,0.0
STF0187,2026-08-19,Morning,Present,8.1,1.6
STF0095,2026-07-28,Morning,Leave,0.0,0.0
STF0175,2026-07-07,Morning,Present,7.8,3.5
STF0121,2026-07-24,Evening,Present,8.5,0.0
STF0463,2025-07-02,Morning,Present,9.0,1.3
STF0305,2026-07-11,Morning,Present,9.1,0.0
STF0018,2026-07-04,Morning,Present,8.5,2.6
STF0307,2026-07-05,Morning,Present,7.3,1.7
STF0314,2026-07-01,Morning,Present,7.9,1.6
STF0121,2026-07-19,Evening,Present,9.1,1.1
STF0140,2026-08-15,Morning,Present,8.5,2.2
STF0322,2026-08-03,Evening,Present,7.6,0.0
STF0195,2026-07-24,Evening,Present,8.5,1.3
STF0076,2026-08-08,Morning,Present,6.6,0.0
STF0304,2026-07-19,Morning,Present,8.5,0.3
STF0174,2026-07-29,Morning,Work From Home,8.6,0.8
STF0141,2026-08-28,Morning,Present,8.4,0.0
STF0117,2026-08-27,Morning,Present,8.8,0.1
STF0098,2026-07-26,Night,Present,7.5,0.0
STF0181,2026-08-10,Morning,Present,7.2,1.0
STF0139,2026-07-31,Evening,Present,8.3,1.5
